pelvis_x,pelvis_y,pelvis_z,left_hip_roll_link_x,left_hip_roll_link_y,left_hip_roll_link_z,left_knee_link_x,left_knee_link_y,left_knee_link_z,left_ankle_roll_link_x,left_ankle_roll_link_y,left_ankle_roll_link_z,right_hip_roll_link_x,right_hip_roll_link_y,right_hip_roll_link_z,right_knee_link_x,right_knee_link_y,right_knee_link_z,right_ankle_roll_link_x,right_ankle_roll_link_y,right_ankle_roll_link_z,torso_link_x,torso_link_y,torso_link_z,left_shoulder_roll_link_x,left_shoulder_roll_link_y,left_shoulder_roll_link_z,left_elbow_link_x,left_elbow_link_y,left_elbow_link_z,left_wrist_yaw_link_x,left_wrist_yaw_link_y,left_wrist_yaw_link_z,right_shoulder_roll_link_x,right_shoulder_roll_link_y,right_shoulder_roll_link_z,right_elbow_link_x,right_elbow_link_y,right_elbow_link_z,right_wrist_yaw_link_x,right_wrist_yaw_link_y,right_wrist_yaw_link_z
-0.041676,-0.074186,0.110935,0.148748,0.199889,0.082369,0.185707,-0.149249,-0.017180,-0.113425,-0.024527,-0.036809,0.160779,-0.020279,0.081732,0.152673,-0.006455,0.017896,0.000175,0.018067,0.016537,-0.039192,-0.099964,-0.031427,-0.018279,-0.044549,-0.046185,0.033423,0.023339,-0.037802,-0.000406,0.037821,-0.094485,0.018553,-0.074238,-0.025784,0.089491,-0.141578,-0.161519,0.082752,-0.149100,-0.124688
-0.047014,-0.062940,0.133170,0.157859,0.231577,0.101441,0.202402,-0.187921,-0.012991,-0.112298,-0.017343,-0.036408,0.176350,-0.029114,0.101763,0.162184,-0.022235,0.016505,0.004683,0.011935,0.016402,-0.046395,-0.099497,-0.010649,-0.013088,-0.034082,-0.027068,0.029462,0.022262,-0.019078,-0.000424,0.038810,-0.058175,0.036854,-0.096096,-0.011312,0.095767,-0.144613,-0.167856,0.102800,-0.152638,-0.129049
-0.057692,-0.045810,0.160544,0.173963,0.246136,0.124479,0.220767,-0.212757,-0.010307,-0.109945,-0.008018,-0.036437,0.198041,-0.039301,0.125687,0.174782,-0.046435,0.013517,0.008673,0.003628,0.015532,-0.054944,-0.095837,0.014301,-0.008363,-0.021264,-0.003421,0.023599,0.019764,-0.000345,-0.003380,0.037948,-0.026541,0.059032,-0.121495,0.005595,0.104327,-0.147911,-0.177278,0.128708,-0.153702,-0.135906
-0.075582,-0.023309,0.188852,0.197908,0.226732,0.147586,0.237295,-0.207329,-0.010910,-0.103464,0.003768,-0.037288,0.225433,-0.046245,0.148949,0.188712,-0.081971,0.008166,0.011161,-0.006957,0.013716,-0.062925,-0.086978,0.039950,-0.006317,-0.008417,0.022143,0.016030,0.016001,0.014622,-0.009146,0.033345,-0.010098,0.081212,-0.146254,0.022206,0.114206,-0.150510,-0.193786,0.156266,-0.148809,-0.148649
-0.101863,0.001968,0.213063,0.228153,0.168365,0.166212,0.249770,-0.166709,-0.015138,-0.089899,0.018242,-0.038934,0.258294,-0.040418,0.165819,0.200564,-0.134526,-0.000399,0.012338,-0.020641,0.011180,-0.068250,-0.072591,0.062990,-0.008840,0.001600,0.046849,0.007046,0.011416,0.024398,-0.015291,0.024055,-0.008908,0.099449,-0.167493,0.036013,0.123373,-0.150763,-0.224870,0.180972,-0.135442,-0.173759
-0.137197,0.025417,0.228237,0.260841,0.080522,0.175903,0.257904,-0.099593,-0.021472,-0.068758,0.034411,-0.040629,0.297168,-0.005551,0.169840,0.204954,-0.214227,-0.013362,0.013833,-0.039662,0.008599,-0.069318,-0.055341,0.080879,-0.016768,0.006005,0.067905,-0.003304,0.005912,0.029793,-0.018371,0.010947,-0.010494,0.111297,-0.185060,0.045232,0.128825,-0.145997,-0.279830,0.201031,-0.113544,-0.220941
-0.182031,0.041664,0.229770,0.291043,-0.019631,0.172457,0.262373,-0.021409,-0.027447,-0.042242,0.049838,-0.041162,0.343090,0.081273,0.153707,0.194527,-0.336033,-0.032373,0.018421,-0.068828,0.006910,-0.064955,-0.040556,0.091628,-0.029839,0.002283,0.082321,-0.015121,-0.001323,0.032639,-0.015997,-0.004343,0.000766,0.116042,-0.200908,0.048657,0.127224,-0.132708,-0.367242,0.216883,-0.084620,-0.302880
-0.235887,0.047038,0.213470,0.314159,-0.115748,0.152067,0.263707,0.052880,-0.031119,-0.013161,0.061932,-0.039656,0.396002,0.244805,0.109707,0.161158,-0.516562,-0.058979,0.029728,-0.117334,0.007014,-0.054104,-0.034175,0.093456,-0.047304,-0.011787,0.087076,-0.028319,-0.011103,0.034841,-0.007838,-0.021956,0.031135,0.113763,-0.217481,0.045241,0.115832,-0.107598,-0.493489,0.226341,-0.048358,-0.433217
-0.295075,0.042192,0.175828,0.326499,-0.195718,0.111808,0.262037,0.109938,-0.031836,0.016110,0.069395,-0.036182,0.451847,0.500100,0.031719,0.099178,-0.764502,-0.093052,0.052716,-0.199917,0.009338,-0.036125,-0.040304,0.084433,-0.068663,-0.037825,0.079369,-0.042701,-0.023830,0.037021,0.004290,-0.044861,0.073360,0.104233,-0.236229,0.033517,0.093200,-0.068871,-0.661507,0.221323,-0.000535,-0.620938
-0.350233,0.032650,0.114693,0.325201,-0.251031,0.050498,0.257355,0.136450,-0.029909,0.042515,0.072468,-0.031579,0.499854,0.837794,-0.081199,0.009754,-1.066698,-0.131312,0.095297,-0.334357,0.013132,-0.011731,-0.059761,0.062216,-0.093875,-0.076168,0.056690,-0.058576,-0.040311,0.036392,0.015623,-0.076210,0.112575,0.086539,-0.256536,0.011269,0.059467,-0.017214,-0.867504,0.193052,0.064058,-0.862768
-0.387022,0.025688,0.030611,0.308597,-0.277570,-0.030130,0.249389,0.122086,-0.026003,0.061722,0.072090,-0.026812,0.523674,1.218347,-0.221447,-0.097183,-1.381772,-0.168149,0.168734,-0.532982,0.015934,0.016498,-0.090031,0.024447,-0.122810,-0.125165,0.017161,-0.077428,-0.063114,0.026035,0.017644,-0.115578,0.134843,0.059652,-0.275368,-0.023950,0.016568,0.043612,-1.097090,0.141970,0.146156,-1.138933
-0.391695,0.025058,-0.071508,0.277301,-0.279172,-0.124353,0.237066,0.067397,-0.021018,0.069916,0.068853,-0.022598,0.508126,1.584453,-0.372204,-0.206420,-1.651293,-0.198864,0.281359,-0.789483,0.014216,0.044938,-0.126161,-0.030117,-0.154484,-0.181035,-0.039645,-0.102186,-0.096911,-0.002420,-0.000040,-0.159531,0.130946,0.023519,-0.288151,-0.073636,-0.031723,0.106906,-1.325739,0.080075,0.240507,-1.416544
-0.358012,0.028188,-0.181263,0.234793,-0.268367,-0.221943,0.218523,-0.012612,-0.015951,0.066389,0.062707,-0.019194,0.446932,1.881918,-0.509644,-0.303621,-1.819555,-0.220810,0.423451,-1.067339,0.006025,0.070597,-0.161923,-0.100395,-0.186710,-0.238435,-0.111803,-0.136640,-0.146895,-0.053818,-0.045011,-0.207172,0.094150,-0.019883,-0.290596,-0.137245,-0.080329,0.164616,-1.524755,0.022396,0.339086,-1.659122
-0.289705,0.028821,-0.283319,0.186319,-0.259828,-0.308832,0.192238,-0.096096,-0.011198,0.054364,0.053725,-0.016090,0.344307,2.071130,-0.606582,-0.378468,-1.844061,-0.228058,0.552153,-1.299647,-0.004850,0.092441,-0.191173,-0.182216,-0.216255,-0.291447,-0.194543,-0.183630,-0.215678,-0.125695,-0.118178,-0.263809,0.017316,-0.065905,-0.280530,-0.211512,-0.123980,0.210367,-1.668328,-0.021447,0.433563,-1.836354
-0.197380,0.022357,-0.360672,0.136864,-0.261462,-0.369941,0.158398,-0.166787,-0.006315,0.039310,0.042890,-0.012286,0.210287,2.128485,-0.638042,-0.423895,-1.695992,-0.204808,0.595165,-1.406799,-0.006714,0.111601,-0.209724,-0.268253,-0.239333,-0.334705,-0.280494,-0.242427,-0.300345,-0.208388,-0.213234,-0.336496,-0.103165,-0.107280,-0.259125,-0.290206,-0.158197,0.242151,-1.738094,-0.046687,0.515039,-1.929057
-0.093941,0.008567,-0.400464,0.089923,-0.271968,-0.394376,0.119213,-0.219558,-0.000941,0.025802,0.031819,-0.007387,0.056901,2.049947,-0.590276,-0.435376,-1.364241,-0.130435,0.485326,-1.327549,0.014873,0.130430,-0.217140,-0.349179,-0.252516,-0.364574,-0.361051,-0.307134,-0.391646,-0.288873,-0.318383,-0.424919,-0.257878,-0.135379,-0.231116,-0.364907,-0.179549,0.262292,-1.725712,-0.048753,0.574553,-1.929271
0.008105,-0.009913,-0.399925,0.047491,-0.285868,-0.380928,0.078055,-0.257168,0.004463,0.014997,0.021845,-0.002127,-0.100234,1.857471,-0.470637,-0.412105,-0.865080,-0.000177,0.211450,-1.047425,0.063650,0.150847,-0.216915,-0.416441,-0.254084,-0.380158,-0.428887,-0.367800,-0.476253,-0.355960,-0.418492,-0.517379,-0.420651,-0.142706,-0.203423,-0.427444,-0.185366,0.274341,-1.634618,-0.024585,0.606380,-1.840183
0.097608,-0.030452,-0.368469,0.010447,-0.299520,-0.339944,0.038280,-0.284945,0.009222,0.005089,0.013659,0.002500,-0.238932,1.596739,-0.310631,-0.357735,-0.245128,0.155605,-0.155128,-0.606810,0.120881,0.172911,-0.214463,-0.465357,-0.245075,-0.383582,-0.480325,-0.413686,-0.540814,-0.403971,-0.497400,-0.595933,-0.558035,-0.125568,-0.182754,-0.473005,-0.173694,0.279449,-1.480706,0.019733,0.611514,-1.679804
0.165524,-0.051708,-0.323718,-0.021163,-0.313065,-0.289321,0.002398,-0.307982,0.013286,-0.005402,0.007575,0.006219,-0.333980,1.321499,-0.156045,-0.278704,0.430154,0.277720,-0.489329,-0.082567,0.149741,0.194640,-0.214363,-0.496151,-0.229119,-0.378994,-0.515806,-0.436488,-0.575587,-0.433422,-0.541099,-0.645482,-0.646077,-0.085488,-0.173917,-0.501588,-0.144062,0.275374,-1.291010,0.065476,0.597494,-1.484116
0.206249,-0.073046,-0.283668,-0.047903,-0.328829,-0.246751,-0.028363,-0.330305,0.016894,-0.015197,0.003545,0.009156,-0.369087,1.073921,-0.047229,-0.181705,1.095971,0.312487,-0.680495,0.444970,0.118054,0.213099,-0.218718,-0.512247,-0.211035,-0.370538,-0.538283,-0.432226,-0.576428,-0.449412,-0.541720,-0.659538,-0.681898,-0.029062,-0.179482,-0.516784,-0.098791,0.258403,-1.099515,0.090063,0.572838,-1.299928
0.218887,-0.093473,-0.259730,-0.070702,-0.349014,-0.222891,-0.054123,-0.354516,0.019759,-0.021500,0.000767,0.011002,-0.348389,0.873504,-0.001615,-0.072783,1.703712,0.246909,-0.688116,0.918792,0.021996,0.225861,-0.227190,-0.517548,-0.195085,-0.360420,-0.551055,-0.401905,-0.545184,-0.459071,-0.500491,-0.639576,-0.680991,0.033528,-0.199634,-0.523047,-0.043412,0.225416,-0.939289,0.082802,0.538998,-1.165915
0.207158,-0.111032,-0.253393,-0.090631,-0.374383,-0.218217,-0.076016,-0.381643,0.021294,-0.022805,-0.002238,0.011203,-0.296018,0.717549,-0.009268,0.042360,2.227398,0.114723,-0.549371,1.313475,-0.110266,0.231988,-0.237825,-0.514509,-0.183626,-0.348104,-0.556277,-0.351052,-0.488559,-0.468666,-0.427363,-0.589756,-0.660899,0.091396,-0.231465,-0.523242,0.015070,0.173701,-0.831739,0.053906,0.486118,-1.094016
0.177487,-0.122715,-0.256694,-0.108625,-0.404131,-0.223714,-0.095514,-0.411397,0.021654,-0.019941,-0.007013,0.009961,-0.242882,0.588385,-0.042179,0.158556,2.662002,-0.028467,-0.346380,1.627484,-0.236922,0.232096,-0.247791,-0.503567,-0.176594,-0.330840,-0.554355,-0.288090,-0.415673,-0.480896,-0.337292,-0.512864,-0.625715,0.136341,-0.268881,-0.517603,0.070935,0.099930,-0.778731,0.028846,0.397297,-1.066115
0.136369,-0.124763,-0.255938,-0.125173,-0.436449,-0.224763,-0.113662,-0.442740,0.021989,-0.015376,-0.014899,0.008494,-0.211493,0.462547,-0.069385,0.272089,3.015685,-0.136823,-0.162730,1.870199,-0.325118,0.227551,-0.254031,-0.483684,-0.172033,-0.305205,-0.544136,-0.221986,-0.335277,-0.493761,-0.245562,-0.412417,-0.569279,0.164611,-0.304642,-0.504436,0.120889,0.001359,-0.764984,0.032297,0.259715,-1.048864
0.088641,-0.113759,-0.237449,-0.140266,-0.469147,-0.207005,-0.130690,-0.474384,0.023552,-0.012436,-0.027263,0.008140,-0.208708,0.321550,-0.069360,0.380546,3.297653,-0.190385,-0.050176,2.053502,-0.361094,0.219406,-0.254141,-0.453518,-0.167352,-0.268928,-0.523830,-0.160036,-0.253868,-0.501857,-0.164209,-0.297955,-0.494603,0.176082,-0.333790,-0.481966,0.162927,-0.120658,-0.770354,0.072189,0.075090,-1.015863
0.037554,-0.088668,-0.192805,-0.153892,-0.500053,-0.161671,-0.146373,-0.504975,0.026914,-0.014352,-0.045152,0.009580,-0.227176,0.163891,-0.035492,0.479929,3.505102,-0.192915,-0.014652,2.190123,-0.347105,0.207943,-0.247200,-0.412627,-0.160448,-0.221977,-0.492272,-0.106565,-0.175217,-0.499284,-0.100093,-0.184939,-0.423205,0.172410,-0.355568,-0.449900,0.194990,-0.258256,-0.781568,0.133683,-0.138865,-0.961803
-0.013711,-0.052849,-0.121061,-0.166832,-0.527303,-0.087907,-0.160918,-0.533212,0.032169,-0.022132,-0.068042,0.013008,-0.249973,0.015606,0.024765,0.559022,3.612103,-0.162150,-0.025088,2.292959,-0.294964,0.192894,-0.233829,-0.361977,-0.150163,-0.166248,-0.449693,-0.062832,-0.100630,-0.481974,-0.054270,-0.086491,-0.376851,0.156051,-0.372097,-0.409548,0.215141,-0.398462,-0.793946,0.187443,-0.357968,-0.899725
-0.060236,-0.014470,-0.027649,-0.181050,-0.549722,0.008224,-0.175598,-0.558188,0.039522,-0.032464,-0.093150,0.018701,-0.255150,-0.070034,0.094736,0.595346,3.568339,-0.122375,-0.039290,2.369888,-0.223611,0.173702,-0.215480,-0.303586,-0.136387,-0.104547,-0.397555,-0.027927,-0.029407,-0.448037,-0.022657,-0.005466,-0.352558,0.130184,-0.385608,-0.362810,0.222581,-0.527374,-0.805037,0.207220,-0.563683,-0.844880
-0.094891,0.015497,0.078235,-0.199126,-0.567138,0.116360,-0.192481,-0.579762,0.049382,-0.038942,-0.116857,0.027129,-0.222662,-0.038314,0.156259,0.561012,3.323187,-0.100688,-0.031465,2.416734,-0.159460,0.149453,-0.193790,-0.239788,-0.120330,-0.040166,-0.337818,-0.000041,0.040313,-0.396953,0.001589,0.064023,-0.325117,0.098295,-0.397291,-0.311321,0.217873,-0.633839,-0.809918,0.184311,-0.747014,-0.798812
-0.110106,0.026962,0.185946,-0.223035,-0.580319,0.224335,-0.213424,-0.598523,0.062025,-0.037296,-0.137679,0.038659,-0.145616,0.117699,0.199133,0.440744,2.874766,-0.122456,-0.006248,2.414883,-0.133733,0.118877,-0.170510,-0.172847,-0.104866,0.022871,-0.272542,0.022603,0.110233,-0.329617,0.024351,0.128588,-0.274884,0.063011,-0.408064,-0.256477,0.202101,-0.710672,-0.803102,0.128871,-0.903062,-0.747402
-0.100862,0.014359,0.285070,-0.253144,-0.590604,0.320233,-0.239153,-0.615362,0.077180,-0.029645,-0.158266,0.053231,-0.038170,0.326716,0.227032,0.248007,2.300304,-0.202782,0.007960,2.335305,-0.172799,0.080685,-0.147576,-0.105172,-0.094017,0.079922,-0.204112,0.041458,0.180852,-0.249178,0.047723,0.191338,-0.204320,0.025312,-0.418912,-0.199910,0.176044,-0.754045,-0.782231,0.059417,-1.024590,-0.674098
-0.066058,-0.021371,0.366625,-0.288135,-0.599652,0.393952,-0.269105,-0.631177,0.093493,-0.022338,-0.185205,0.069970,0.070212,0.473068,0.254085,0.021550,1.719271,-0.334724,-0.017646,2.142407,-0.282341,0.033840,-0.126710,-0.039697,-0.091067,0.126713,-0.135445,0.057591,0.251275,-0.160221,0.070392,0.254363,-0.124810,-0.014936,-0.429646,-0.143569,0.140193,-0.762636,-0.747428,-0.009266,-1.101407,-0.575322
-0.007165,-0.073096,0.423158,-0.325734,-0.609535,0.437497,-0.302003,-0.647244,0.107959,-0.019757,-0.228131,0.086833,0.150445,0.473352,0.294293,-0.193678,1.215203,-0.480377,-0.089674,1.794916,-0.433258,-0.022362,-0.108771,0.020193,-0.096302,0.160484,-0.069586,0.071460,0.319629,-0.065784,0.090466,0.321110,-0.036177,-0.057468,-0.437678,-0.089271,0.095479,-0.737449,-0.697440,-0.071047,-1.124984,-0.463504
0.073349,-0.129403,0.448072,-0.363637,-0.622719,0.444331,-0.336518,-0.666027,0.115973,-0.021433,-0.299422,0.100753,0.184864,0.322817,0.352859,-0.361478,0.798091,-0.576098,-0.192530,1.254364,-0.562192,-0.087917,-0.093291,0.070995,-0.106165,0.180418,-0.009222,0.082491,0.383121,0.034479,0.107286,0.393738,0.073682,-0.100448,-0.438331,-0.038560,0.043969,-0.682091,-0.628187,-0.125718,-1.093423,-0.356398
0.170612,-0.176646,0.436613,-0.400144,-0.640408,0.410426,-0.371160,-0.692473,0.112552,-0.024631,-0.413278,0.108548,0.168476,0.078980,0.424255,-0.459215,0.437207,-0.560200,-0.312588,0.515458,-0.595464,-0.161136,-0.078046,0.108746,-0.114541,0.187008,0.042909,0.088618,0.437346,0.142607,0.120174,0.469136,0.213349,-0.140592,-0.425655,0.006248,-0.011274,-0.602930,-0.535219,-0.173711,-1.013068,-0.263288
0.273984,-0.201104,0.388926,-0.434392,-0.658246,0.337435,-0.403207,-0.736281,0.094699,-0.027925,-0.582880,0.108316,0.106914,-0.184067,0.494530,-0.481728,0.112484,-0.411581,-0.457804,-0.353636,-0.488769,-0.237620,-0.058907,0.128200,-0.115341,0.180401,0.083112,0.086464,0.475967,0.259435,0.125811,0.538893,0.378885,-0.174490,-0.392581,0.040528,-0.067218,-0.508263,-0.417395,-0.212781,-0.896371,-0.178443
0.367304,-0.192856,0.310652,-0.466486,-0.660231,0.233034,-0.427451,-0.815628,0.063874,-0.032549,-0.817652,0.100479,0.014465,-0.410740,0.544753,-0.446048,-0.169439,-0.170550,-0.642507,-1.202571,-0.259398,-0.310363,-0.031176,0.122917,-0.104893,0.158223,0.106754,0.073106,0.492300,0.384331,0.117682,0.592250,0.557457,-0.200196,-0.331647,0.057206,-0.121823,-0.405344,-0.280015,-0.237981,-0.757392,-0.084351
0.435622,-0.150951,0.208212,-0.497602,-0.616120,0.105503,-0.436472,-0.958364,0.026829,-0.042487,-1.123047,0.087638,-0.090804,-0.577083,0.555823,-0.387911,-0.393304,0.078205,-0.847810,-1.849735,0.013920,-0.371608,0.007479,0.087135,-0.082824,0.115014,0.109721,0.049096,0.482587,0.516403,0.089713,0.618390,0.732842,-0.217950,-0.237949,0.048858,-0.173945,-0.296036,-0.136818,-0.244478,-0.606539,0.036828
0.473126,-0.085730,0.083794,-0.529308,-0.490872,-0.041569,-0.423803,-1.191710,-0.006260,-0.064239,-1.501417,0.073694,-0.195122,-0.685531,0.515055,-0.346066,-0.555185,0.252638,-1.003800,-2.168569,0.231895,-0.415742,0.054857,0.018805,-0.051272,0.045869,0.090343,0.020321,0.448654,0.652262,0.043239,0.608098,0.887314,-0.229719,-0.113386,0.011040,-0.222470,-0.174516,-0.009023,-0.232078,-0.445871,0.187010
0.483600,-0.014872,-0.062416,-0.561592,-0.266720,-0.206174,-0.388874,-1.518708,-0.024994,-0.106027,-1.950537,0.063600,-0.294451,-0.749555,0.422346,-0.342772,-0.665173,0.319363,-1.023044,-2.149324,0.333574,-0.441348,0.105296,-0.077432,-0.013978,-0.046455,0.050793,-0.003525,0.398120,0.779119,-0.006882,0.557010,1.003906,-0.238254,0.030825,-0.054785,-0.265890,-0.030223,0.080265,-0.209545,-0.267076,0.339119
0.472727,0.044889,-0.223620,-0.591258,0.039932,-0.378282,-0.339301,-1.900699,-0.021104,-0.176641,-2.459337,0.062793,-0.391535,-0.780704,0.291632,-0.374778,-0.738180,0.304335,-0.862228,-1.892253,0.327291,-0.450914,0.153168,-0.189295,0.023388,-0.146888,-0.002945,-0.013266,0.342136,0.869806,-0.033645,0.469386,1.068774,-0.246187,0.176333,-0.140221,-0.302723,0.144720,0.114926,-0.195518,-0.055254,0.438537
0.441234,0.084868,-0.380933,-0.613277,0.387322,-0.535148,-0.287169,-2.269786,0.010576,-0.283917,-3.003527,0.073746,-0.486484,-0.786913,0.145791,-0.421615,-0.785823,0.259933,-0.559168,-1.540844,0.267059,-0.448685,0.195344,-0.299731,0.052513,-0.231515,-0.063189,-0.004315,0.291988,0.887306,-0.010133,0.358685,1.067372,-0.254974,0.304630,-0.231707,-0.331958,0.348548,0.093772,-0.213124,0.201045,0.424940
0.386736,0.106536,-0.507612,-0.624084,0.735711,-0.648032,-0.242015,-2.564530,0.070787,-0.430038,-3.541116,0.090743,-0.570241,-0.777644,0.008885,-0.462673,-0.815435,0.221234,-0.213717,-1.207511,0.202227,-0.438800,0.230490,-0.392289,0.063434,-0.277492,-0.123452,0.021948,0.256449,0.799279,0.073540,0.244493,0.978273,-0.263939,0.404223,-0.314083,-0.352910,0.568300,0.033058,-0.278932,0.498788,0.266917
0.311864,0.118757,-0.579925,-0.622233,1.064562,-0.694813,-0.206265,-2.755949,0.152362,-0.602976,-4.008155,0.097521,-0.628107,-0.765592,-0.098837,-0.487840,-0.832678,0.192329,0.070715,-0.940126,0.151077,-0.425025,0.256686,-0.455500,0.047949,-0.272422,-0.179728,0.059503,0.240887,0.595402,0.200694,0.148866,0.778594,-0.270269,0.472728,-0.374165,-0.364846,0.784385,-0.038961,-0.392030,0.816607,-0.011419
0.229788,0.132487,-0.587118,-0.603160,1.366554,-0.669486,-0.173958,-2.845713,0.233867,-0.768546,-4.320005,0.069954,-0.649586,-0.761723,-0.163104,-0.496806,-0.842976,0.164290,0.238572,-0.735221,0.111151,-0.411293,0.270432,-0.484724,0.004234,-0.218509,-0.229548,0.099945,0.247129,0.299117,0.332286,0.093467,0.465269,-0.269994,0.514100,-0.403518,-0.366652,0.977048,-0.092970,-0.530279,1.120958,-0.332639
0.160937,0.155294,-0.535386,-0.551491,1.632214,-0.584466,-0.130701,-2.846664,0.274464,-0.869821,-4.385475,-0.016530,-0.634831,-0.769835,-0.178229,-0.493518,-0.850634,0.134075,0.293099,-0.570287,0.078403,-0.401496,0.268426,-0.481703,-0.060066,-0.130646,-0.270132,0.134286,0.272834,-0.033083,0.421622,0.095488,0.075868,-0.259010,0.535164,-0.399833,-0.356530,1.129959,-0.108359,-0.656729,1.377134,-0.599983
0.121930,0.187604,-0.444910,-0.439051,1.842464,-0.466674,-0.055765,-2.762764,0.218703,-0.838304,-4.133753,-0.176132,-0.593364,-0.785995,-0.150464,-0.482002,-0.857297,0.106231,0.272188,-0.427857,0.053179,-0.398147,0.250634,-0.451817,-0.128727,-0.029051,-0.297058,0.154049,0.311060,-0.327764,0.432433,0.160906,-0.311626,-0.233829,0.543438,-0.365818,-0.332018,1.230121,-0.076772,-0.733212,1.557634,-0.741908
0.114343,0.222481,-0.342822,-0.236717,1.974250,-0.350278,0.069533,-2.580684,0.019062,-0.620572,-3.546543,-0.402265,-0.538798,-0.802139,-0.098796,-0.464624,-0.861607,0.085468,0.217837,-0.302879,0.036490,-0.400968,0.221995,-0.400609,-0.182259,0.069772,-0.304656,0.152221,0.351526,-0.519954,0.353247,0.277942,-0.604046,-0.192694,0.545709,-0.306652,-0.291016,1.267280,-0.000627,-0.734501,1.645087,-0.737433
0.122202,0.249718,-0.255936,0.059623,2.014044,-0.267937,0.246569,-2.278975,-0.327340,-0.216387,-2.682716,-0.661847,-0.484361,-0.810258,-0.050556,-0.442161,-0.860455,0.072374,0.158889,-0.198090,0.027104,-0.406736,0.191137,-0.332734,-0.205452,0.157631,-0.288788,0.124829,0.383904,-0.575093,0.201748,0.416416,-0.730249,-0.137092,0.547317,-0.228798,-0.233602,1.235376,0.109294,-0.655963,1.632083,-0.609468
0.121250,0.262183,-0.205213,0.404180,1.968681,-0.241209,0.445878,-1.847894,-0.750420,0.294763,-1.677110,-0.896909,-0.440399,-0.805288,-0.032467,-0.415079,-0.851140,0.064410,0.108115,-0.116509,0.022187,-0.410825,0.166833,-0.254016,-0.193922,0.232546,-0.250570,0.073423,0.401941,-0.498688,0.017247,0.536370,-0.672237,-0.072499,0.552628,-0.140851,-0.163275,1.135567,0.235831,-0.511763,1.521169,-0.400939
0.094067,0.260169,-0.202034,0.704690,1.864309,-0.273091,0.611605,-1.303086,-1.120769,0.771495,-0.696799,-1.039971,-0.412940,-0.786345,-0.060960,-0.384984,-0.833040,0.058383,0.067582,-0.057564,0.018861,-0.409583,0.154482,-0.173722,-0.156489,0.293600,-0.198104,0.006717,0.406011,-0.331885,-0.154406,0.603393,-0.473404,-0.007261,0.566072,-0.054235,-0.086480,0.978785,0.358496,-0.327299,1.325022,-0.157101
0.040772,0.250622,-0.246412,0.865973,1.733605,-0.347733,0.690276,-0.681819,-1.314471,1.077960,0.135213,-1.046348,-0.403073,-0.756272,-0.136474,-0.355007,-0.807810,0.052025,0.037432,-0.019177,0.015033,-0.401975,0.154529,-0.104216,-0.112002,0.337643,-0.144597,-0.061608,0.401964,-0.135526,-0.276297,0.603342,-0.216972,0.050066,0.592145,0.018073,-0.010689,0.785795,0.458140,-0.132074,1.064929,0.079816
-0.021713,0.241991,-0.327783,0.844568,1.601804,-0.438506,0.663797,-0.027460,-1.285332,1.155698,0.795101,-0.923346,-0.407542,-0.719922,-0.244553,-0.328964,-0.778304,0.044361,0.022991,-0.002037,0.009425,-0.389393,0.163120,-0.057767,-0.082034,0.359623,-0.103888,-0.118891,0.396530,0.030697,-0.330800,0.548130,0.011723,0.093280,0.633366,0.064534,0.057485,0.583869,0.521539,0.045573,0.768321,0.274813
-0.070673,0.238621,-0.428336,0.668609,1.481559,-0.519167,0.557080,0.623682,-1.083605,1.042403,1.340700,-0.726598,-0.420493,-0.682252,-0.362641,-0.309869,-0.747373,0.035623,0.034729,-0.010505,0.001646,-0.373941,0.174205,-0.042068,-0.082838,0.355416,-0.085468,-0.159110,0.392505,0.125749,-0.322297,0.468395,0.154986,0.119689,0.687176,0.078516,0.113141,0.400678,0.543895,0.184329,0.467093,0.409144
-0.090682,0.238527,-0.527689,0.412284,1.377048,-0.571781,0.417060,1.245433,-0.812356,0.829522,1.838900,-0.525899,-0.435491,-0.647262,-0.468429,-0.298682,-0.717428,0.027220,0.080767,-0.047972,-0.007354,-0.356581,0.181981,-0.056680,-0.119528,0.324793,-0.090942,-0.184415,0.386973,0.137202,-0.272924,0.396960,0.194166,0.129960,0.744330,0.060898,0.153188,0.258026,0.528825,0.275292,0.195202,0.485346
-0.080212,0.235657,-0.607312,0.154595,1.290109,-0.589069,0.286278,1.818556,-0.567918,0.602614,2.308413,-0.373268,-0.446886,-0.617980,-0.545638,-0.293912,-0.690708,0.021343,0.158092,-0.110421,-0.015234,-0.336556,0.182752,-0.092637,-0.184560,0.272616,-0.113624,-0.202544,0.373167,0.081987,-0.213333,0.352955,0.147276,0.127350,0.790723,0.020273,0.176323,0.168291,0.486465,0.321983,-0.016583,0.519720
-0.049349,0.224489,-0.653899,-0.048052,1.222214,-0.572812,0.189848,2.328830,-0.407127,0.407987,2.719602,-0.293687,-0.450371,-0.596826,-0.586080,-0.292343,-0.669536,0.019550,0.249941,-0.183882,-0.019643,-0.312343,0.175606,-0.136221,-0.261285,0.207523,-0.142028,-0.222601,0.343953,-0.003197,-0.171501,0.334727,0.057521,0.116433,0.812196,-0.030319,0.182851,0.134028,0.430234,0.334341,-0.146752,0.528888
-0.012484,0.203420,-0.661284,-0.168354,1.172378,-0.531064,0.136182,2.768081,-0.348035,0.255702,3.030672,-0.292233,-0.443294,-0.585678,-0.588976,-0.290494,-0.656093,0.021216,0.331726,-0.248382,-0.020161,-0.283176,0.162077,-0.175044,-0.330875,0.139058,-0.165502,-0.251409,0.294717,-0.078786,-0.163991,0.323344,-0.025916,0.101447,0.799824,-0.078822,0.174237,0.149241,0.372897,0.321809,-0.186048,0.522196
0.018776,0.174874,-0.630503,-0.200686,1.134969,-0.475714,0.123580,3.134227,-0.388765,0.143133,3.218904,-0.365248,-0.425107,-0.585483,-0.558810,-0.286053,-0.651813,0.023795,0.381823,-0.286375,-0.018571,-0.249873,0.145258,-0.202500,-0.378774,0.075107,-0.178377,-0.291422,0.224930,-0.117694,-0.193608,0.293365,-0.069255,0.085117,0.752993,-0.118277,0.152769,0.201466,0.323096,0.289421,-0.137146,0.501413
0.039320,0.143099,-0.568386,-0.151102,1.100196,-0.420148,0.146067,3.428983,-0.524693,0.076082,3.289339,-0.508056,-0.397698,-0.595728,-0.503013,-0.278550,-0.656769,0.024978,0.390800,-0.290621,-0.017020,-0.214501,0.128659,-0.217946,-0.397955,0.020961,-0.180399,-0.340175,0.138616,-0.111997,-0.252717,0.225171,-0.067723,0.068717,0.679025,-0.147084,0.121709,0.274839,0.283960,0.236614,-0.014466,0.462071
0.050229,0.112057,-0.485713,-0.033507,1.056831,-0.376124,0.195882,3.656273,-0.750313,0.072538,3.268015,-0.714360,-0.364992,-0.614172,-0.430632,-0.269014,-0.669362,0.024470,0.363905,-0.266600,-0.016146,-0.179414,0.114903,-0.223790,-0.388811,-0.020438,-0.174411,-0.391271,0.043565,-0.070419,-0.328173,0.113360,-0.042802,0.053029,0.590057,-0.166398,0.085532,0.353533,0.254652,0.159242,0.154607,0.396681
0.055596,0.084622,-0.395208,0.128074,0.995807,-0.350101,0.263653,3.822214,-1.047212,0.147950,3.189651,-0.968053,-0.331596,-0.637195,-0.351785,-0.258895,-0.686593,0.023823,0.315967,-0.227984,-0.014919,-0.146550,0.104666,-0.222913,-0.357223,-0.048494,-0.164016,-0.436708,-0.051034,-0.010927,-0.405047,-0.031366,-0.023680,0.038991,0.498914,-0.177868,0.049459,0.424273,0.233671,0.056257,0.331619,0.303791
0.058948,0.062557,-0.309387,0.299392,0.913511,-0.341212,0.339220,3.934353,-1.374295,0.294747,3.085852,-1.237369,-0.301149,-0.660735,-0.276944,-0.248999,-0.704891,0.024962,0.262900,-0.188760,-0.011792,-0.117350,0.096526,-0.218076,-0.312048,-0.065359,-0.152556,-0.469598,-0.137580,0.046977,-0.469241,-0.186069,-0.026194,0.027421,0.415707,-0.183294,0.018208,0.477067,0.220903,-0.062516,0.476366,0.197715
0.061501,0.046498,-0.238718,0.443507,0.813265,-0.342959,0.414089,3.999087,-1.673983,0.474919,2.977106,-1.479987,-0.275471,-0.681438,-0.215691,-0.239213,-0.721192,0.028834,0.215595,-0.157590,-0.005963,-0.092984,0.088051,-0.212085,-0.262568,-0.075356,-0.142772,-0.485805,-0.211598,0.087669,-0.510182,-0.323901,-0.047133,0.018337,0.346016,-0.184991,-0.005319,0.504870,0.216369,-0.175347,0.560647,0.106058
0.062750,0.035944,-0.190575,0.532233,0.703167,-0.347609,0.484251,4.020217,-1.890942,0.637263,2.870493,-1.654919,-0.254909,-0.697528,-0.175407,-0.229147,-0.733791,0.034670,0.178831,-0.137045,0.001801,-0.074256,0.077498,-0.207267,-0.216287,-0.082914,-0.136306,-0.484004,-0.270963,0.102230,-0.523518,-0.425023,-0.077213,0.010643,0.290595,-0.185366,-0.020762,0.503626,0.216881,-0.256988,0.577134,0.052810
0.062187,0.029531,-0.168771,0.553402,0.591415,-0.349854,0.551180,4.000203,-1.988028,0.747480,2.763135,-1.731148,-0.239208,-0.708995,-0.160191,-0.218969,-0.742555,0.040114,0.153456,-0.125986,0.009146,-0.061105,0.064915,-0.204721,-0.177724,-0.090545,-0.133396,-0.464938,-0.314109,0.089178,-0.511420,-0.484259,-0.115393,0.002465,0.246397,-0.186099,-0.030097,0.472841,0.214319,-0.290884,0.536948,0.041863
0.060450,0.025557,-0.173157,0.511432,0.483743,-0.347847,0.619985,3.940064,-1.950789,0.804547,2.649052,-1.691225,-0.227997,-0.717074,-0.170075,-0.209549,-0.748465,0.042546,0.138233,-0.121781,0.013416,-0.052235,0.051943,-0.204287,-0.148357,-0.098365,-0.133239,-0.430677,-0.339149,0.053419,-0.478999,-0.509050,-0.166910,-0.008029,0.208631,-0.187840,-0.036428,0.415407,0.198104,-0.277080,0.458734,0.056408
0.059070,0.022600,-0.199495,0.424630,0.386831,-0.342718,0.694860,3.834114,-1.784808,0.831483,2.525022,-1.534845,-0.220679,-0.723555,-0.200913,-0.201841,-0.753001,0.040935,0.130046,-0.120977,0.013535,-0.045387,0.040704,-0.205106,-0.127242,-0.104871,-0.134791,-0.384173,-0.344614,0.003570,-0.430160,-0.509972,-0.230780,-0.021786,0.172961,-0.190452,-0.042407,0.336385,0.160515,-0.230627,0.358183,0.072821
0.059224,0.020221,-0.240306,0.321945,0.316042,-0.338056,0.773412,3.662412,-1.512707,0.854276,2.391506,-1.282878,-0.216186,-0.730379,-0.245412,-0.196224,-0.757866,0.036614,0.124531,-0.119747,0.010835,-0.038252,0.032731,-0.206161,-0.111953,-0.107870,-0.137394,-0.329118,-0.330954,-0.051598,-0.367619,-0.493207,-0.295613,-0.038566,0.136713,-0.193380,-0.049363,0.241792,0.100643,-0.171538,0.244964,0.074585
0.060642,0.019243,-0.286827,0.237009,0.297354,-0.339087,0.843570,3.392271,-1.172378,0.886922,2.249333,-0.977036,-0.212973,-0.739359,-0.295169,-0.192317,-0.764841,0.032318,0.118881,-0.115662,0.008068,-0.029477,0.028433,-0.206788,-0.099698,-0.105310,-0.141146,-0.269982,-0.301434,-0.105807,-0.295968,-0.460087,-0.347624,-0.057289,0.098827,-0.196183,-0.057461,0.137834,0.024220,-0.114352,0.126352,0.056373
0.061493,0.020776,-0.331502,0.196492,0.351901,-0.350887,0.887548,2.999339,-0.814585,0.927502,2.095610,-0.671908,-0.209211,-0.751641,-0.342987,-0.189149,-0.775265,0.030334,0.114087,-0.109722,0.007536,-0.019016,0.027036,-0.207117,-0.088144,-0.096208,-0.146908,-0.211842,-0.261504,-0.155147,-0.222573,-0.411003,-0.378536,-0.076381,0.059057,-0.199090,-0.066075,0.030312,-0.059328,-0.065071,0.010777,0.020883
0.059070,0.024250,-0.370267,0.206574,0.468805,-0.376634,0.891551,2.498863,-0.497707,0.960916,1.921622,-0.421634,-0.203047,-0.767110,-0.384890,-0.185377,-0.789232,0.031144,0.112631,-0.106119,0.009791,-0.007493,0.026813,-0.208090,-0.075420,-0.081302,-0.155909,-0.159411,-0.216896,-0.195920,-0.155044,-0.349105,-0.387169,-0.093612,0.017151,-0.203123,-0.073727,-0.075648,-0.139568,-0.024293,-0.094223,-0.023890
0.050750,0.026421,-0.403639,0.249332,0.595640,-0.417371,0.851922,1.954766,-0.277847,0.964100,1.715213,-0.267599,-0.192959,-0.784281,-0.421079,-0.179606,-0.805241,0.033617,0.113214,-0.109530,0.013873,0.004866,0.025499,-0.211325,-0.059687,-0.063120,-0.169405,-0.115488,-0.172052,-0.223921,-0.098975,-0.281122,-0.378667,-0.105935,-0.027392,-0.209979,-0.078025,-0.175283,-0.206775,0.009862,-0.186615,-0.065036
0.035077,0.022865,-0.435652,0.295776,0.666457,-0.472994,0.771510,1.447465,-0.195065,0.913192,1.468971,-0.232146,-0.178242,-0.800909,-0.454994,-0.170971,-0.820813,0.036542,0.108900,-0.122718,0.018798,0.018797,0.020939,-0.219385,-0.039196,-0.045531,-0.188899,-0.080012,-0.130098,-0.236875,-0.057765,-0.214678,-0.362380,-0.110226,-0.074582,-0.222183,-0.076351,-0.264069,-0.254082,0.040959,-0.269782,-0.087878
0.013022,0.010798,-0.471400,0.324846,0.643867,-0.542786,0.652987,1.027683,-0.261061,0.793366,1.189592,-0.317516,-0.159304,-0.814934,-0.491159,-0.159753,-0.833783,0.039908,0.091077,-0.146719,0.024655,0.035861,0.011896,-0.235982,-0.012960,-0.032951,-0.216399,-0.050521,-0.093682,-0.237163,-0.032137,-0.154870,-0.346204,-0.104627,-0.122852,-0.243173,-0.066973,-0.338609,-0.280105,0.072512,-0.346936,-0.084692
-0.011440,-0.009211,-0.515211,0.331234,0.534071,-0.625019,0.498973,0.699456,-0.455786,0.608032,0.898851,-0.507115,-0.137336,-0.824992,-0.533607,-0.147511,-0.843530,0.044756,0.054951,-0.183115,0.032329,0.057895,-0.001419,-0.265323,0.018761,-0.029403,-0.253990,-0.023681,-0.065343,-0.231259,-0.018567,-0.104257,-0.332444,-0.089193,-0.169048,-0.276714,-0.049602,-0.397727,-0.289927,0.104966,-0.416593,-0.062164
-0.033069,-0.033367,-0.570143,0.318967,0.367468,-0.717103,0.317367,0.437823,-0.736110,0.379630,0.621015,-0.769306,-0.113193,-0.829958,-0.585385,-0.136559,-0.851952,0.052267,0.001417,-0.236404,0.042588,0.086269,-0.017578,-0.311063,0.054675,-0.037813,-0.303205,0.003118,-0.047507,-0.226902,-0.009859,-0.066084,-0.322261,-0.065285,-0.209990,-0.326099,-0.025104,-0.442296,-0.293334,0.135552,-0.473493,-0.038695
-0.050029,-0.055487,-0.637283,0.291786,0.172245,-0.817006,0.123393,0.213479,-1.051547,0.137933,0.362991,-1.064172,-0.085717,-0.827096,-0.647492,-0.129385,-0.865251,0.062969,-0.065322,-0.314886,0.055414,0.121216,-0.034841,-0.375696,0.093127,-0.059616,-0.365006,0.030971,-0.042801,-0.231662,0.001050,-0.045449,-0.322098,-0.034712,-0.244203,-0.393762,0.004937,-0.474104,-0.301762,0.162341,-0.512860,-0.033849
-0.069443,-0.067759,-0.713729,0.249494,-0.036031,-0.924633,-0.064508,0.005681,-1.358898,-0.098614,0.100677,-1.351049,-0.050056,-0.808616,-0.716298,-0.128993,-0.897370,0.075955,-0.140890,-0.429214,0.069424,0.161764,-0.052110,-0.460027,0.132925,-0.094133,-0.440026,0.059579,-0.054268,-0.253489,0.017844,-0.045522,-0.339212,0.000454,-0.272230,-0.480701,0.038351,-0.495107,-0.325708,0.187472,-0.533532,-0.061265
-0.108364,-0.062219,-0.791204,0.189715,-0.248838,-1.040630,-0.230327,-0.194278,-1.628069,-0.332941,-0.215637,-1.593078,0.002871,-0.757614,-0.782104,-0.140542,-0.973153,0.088436,-0.221250,-0.589537,0.081737,0.206414,-0.069210,-0.561873,0.174079,-0.137313,-0.528087,0.087475,-0.084619,-0.300528,0.040651,-0.063336,-0.370473,0.037500,-0.295823,-0.585030,0.072308,-0.507439,-0.373302,0.215124,-0.537969,-0.129084
-0.184360,-0.034126,-0.858328,0.110210,-0.455060,-1.161014,-0.362417,-0.383483,-1.834200,-0.574635,-0.630995,-1.756595,0.083773,-0.648056,-0.832810,-0.172716,-1.125105,0.096423,-0.300961,-0.803888,0.089108,0.253947,-0.085980,-0.674502,0.217891,-0.180662,-0.626755,0.111739,-0.134683,-0.378873,0.066547,-0.091287,-0.402586,0.072525,-0.317348,-0.700491,0.103101,-0.513893,-0.450710,0.246941,-0.530360,-0.240879
-0.298699,0.013785,-0.905013,0.009865,-0.637453,-1.269748,-0.451387,-0.552365,-1.941453,-0.805559,-1.140458,-1.807587,0.198123,-0.455359,-0.860733,-0.235411,-1.377869,0.095673,-0.372797,-1.080186,0.089325,0.303631,-0.100674,-0.786061,0.265937,-0.211703,-0.729689,0.127756,-0.202190,-0.490274,0.088282,-0.123997,-0.429479,0.099543,-0.339982,-0.816212,0.125556,-0.518708,-0.564459,0.281255,-0.515391,-0.392609
-0.427539,0.070324,-0.923630,-0.109193,-0.778230,-1.337386,-0.489260,-0.693974,-1.900294,-0.963531,-1.662265,-1.714772,0.338672,-0.176071,-0.864723,-0.332219,-1.725463,0.080511,-0.430158,-1.429917,0.080283,0.354610,-0.109821,-0.880694,0.318508,-0.216765,-0.826185,0.130651,-0.281074,-0.631344,0.093823,-0.163836,-0.469948,0.109956,-0.368213,-0.918015,0.132599,-0.527217,-0.722534,0.316171,-0.498743,-0.571528
-0.532877,0.121782,-0.907100,-0.236897,-0.868450,-1.333480,-0.474949,-0.810837,-1.677301,-0.977087,-2.065977,-1.468998,0.485531,0.159949,-0.845563,-0.453160,-2.121202,0.040665,-0.469436,-1.868092,0.056881,0.404753,-0.110551,-0.942507,0.373296,-0.186213,-0.903607,0.119145,-0.360516,-0.793438,0.071225,-0.219189,-0.564771,0.094606,-0.406990,-0.991893,0.116932,-0.542225,-0.930119,0.349033,-0.487338,-0.762676
-0.584745,0.161771,-0.852187,-0.352800,-0.912340,-1.248834,-0.422379,-0.913187,-1.300032,-0.829999,-2.247177,-1.109774,0.618633,0.502806,-0.804788,-0.576255,-2.496942,-0.039661,-0.490411,-2.406430,0.009656,0.449607,-0.102971,-0.963336,0.424528,-0.120834,-0.953169,0.100396,-0.424041,-0.962840,0.018689,-0.294980,-0.750184,0.049498,-0.457850,-1.030518,0.076028,-0.558705,-1.180920,0.368306,-0.486538,-0.957971
-0.576483,0.195796,-0.769675,-0.433080,-0.923210,-1.110053,-0.359588,-1.011280,-0.866492,-0.592977,-2.185022,-0.726550,0.734497,0.814659,-0.752959,-0.678326,-2.799912,-0.176585,-0.497648,-3.041800,-0.072268,0.482409,-0.089943,-0.949972,0.463342,-0.034968,-0.975625,0.091800,-0.451577,-1.122999,-0.047065,-0.381593,-1.026215,-0.018240,-0.514169,-1.039152,0.017493,-0.562997,-1.450996,0.347610,-0.495176,-1.158919
-0.525907,0.234724,-0.688729,-0.466252,-0.916768,-0.970849,-0.313088,-1.109046,-0.493361,-0.385124,-1.931513,-0.415483,0.851218,1.090793,-0.716584,-0.745012,-3.013712,-0.376696,-0.505800,-3.744519,-0.196959,0.495805,-0.075218,-0.922708,0.480680,0.048485,-0.981546,0.115878,-0.426437,-1.259383,-0.091036,-0.451517,-1.343561,-0.090097,-0.561367,-1.033889,-0.040911,-0.540257,-1.701641,0.256023,-0.502730,-1.372269
-0.465400,0.282804,-0.644809,-0.464932,-0.908915,-0.883358,-0.289830,-1.200662,-0.246267,-0.293325,-1.560657,-0.224328,0.994966,1.349925,-0.730073,-0.772085,-3.146524,-0.629482,-0.542595,-4.450285,-0.369051,0.484850,-0.062423,-0.903837,0.471733,0.109594,-0.985137,0.188898,-0.343875,-1.363644,-0.070220,-0.469020,-1.618708,-0.143602,-0.584455,-1.031512,-0.078678,-0.485179,-1.891111,0.083160,-0.491938,-1.602323
-0.425218,0.332409,-0.657974,-0.459999,-0.915754,-0.869439,-0.275619,-1.269375,-0.117837,-0.317147,-1.140604,-0.137860,1.179122,1.605293,-0.815384,-0.760664,-3.204626,-0.909825,-0.637797,-5.061482,-0.593264,0.449843,-0.055209,-0.904897,0.438615,0.141397,-0.996368,0.309773,-0.214734,-1.434153,0.048848,-0.407764,-1.768875,-0.162989,-0.577612,-1.039240,-0.082821,-0.406769,-1.988742,-0.141013,-0.446234,-1.840564
-0.417500,0.370315,-0.718001,-0.478371,-0.948037,-0.910268,-0.252028,-1.293861,-0.061226,-0.384247,-0.737022,-0.109080,1.393530,1.842795,-0.964558,-0.712895,-3.178825,-1.191590,-0.796019,-5.461782,-0.876200,0.397478,-0.057242,-0.921709,0.389488,0.151924,-1.016665,0.457015,-0.061664,-1.474402,0.270000,-0.264158,-1.749761,-0.146500,-0.548179,-1.051998,-0.054170,-0.323628,-1.984641,-0.349729,-0.359428,-2.054735
-0.431249,0.387784,-0.787509,-0.522780,-1.001732,-0.958663,-0.214345,-1.263341,-0.032530,-0.416425,-0.409421,-0.096413,1.610321,2.022165,-1.138540,-0.630754,-3.050519,-1.461554,-0.971961,-5.540068,-1.218862,0.339067,-0.071232,-0.939191,0.335120,0.157973,-1.039991,0.596545,0.089195,-1.491191,0.555530,-0.058498,-1.577436,-0.106379,-0.512056,-1.057694,-0.006051,-0.254011,-1.892058,-0.467178,-0.243290,-2.189289
-0.440864,0.383947,-0.821870,-0.571225,-1.056636,-0.964955,-0.174618,-1.188744,-0.008632,-0.383867,-0.189829,-0.079206,1.796560,2.099856,-1.283244,-0.517663,-2.802928,-1.716975,-1.073605,-5.214007,-1.596609,0.285899,-0.097107,-0.941915,0.284785,0.174898,-1.057754,0.695796,0.216913,-1.491098,0.834746,0.173624,-1.321414,-0.062076,-0.483777,-1.046060,0.043095,-0.207342,-1.742969,-0.445446,-0.126950,-2.188267
-0.420418,0.361603,-0.793021,-0.595225,-1.088217,-0.900693,-0.150870,-1.097781,0.015805,-0.308167,-0.070896,-0.054964,1.920345,2.059395,-1.350945,-0.381837,-2.425016,-1.943411,-1.002370,-4.452476,-1.938852,0.244444,-0.130452,-0.923342,0.243872,0.208715,-1.063986,0.735379,0.311065,-1.475738,1.031578,0.392470,-1.071758,-0.031045,-0.468381,-1.015242,0.077977,-0.182315,-1.578374,-0.289157,-0.044876,-2.031524
-0.354991,0.323119,-0.701641,-0.579994,-1.082922,-0.767941,-0.154422,-1.018421,0.037559,-0.229453,-0.019366,-0.030132,1.950760,1.928554,-1.314002,-0.237104,-1.911566,-2.094951,-0.711923,-3.300712,-2.138998,0.214861,-0.162934,-0.887574,0.214790,0.255308,-1.057357,0.712531,0.371276,-1.440783,1.094193,0.564308,-0.898303,-0.022210,-0.460537,-0.971787,0.091000,-0.172164,-1.435106,-0.053116,-0.019148,-1.757503
-0.246221,0.271373,-0.572431,-0.531868,-1.044813,-0.593285,-0.184283,-0.965139,0.052450,-0.175654,-0.000438,-0.011446,1.864947,1.768444,-1.169767,-0.095330,-1.269194,-2.106649,-0.247817,-1.895786,-2.112586,0.193236,-0.185419,-0.843849,0.199489,0.305605,-1.039639,0.637605,0.402721,-1.380747,1.011423,0.669199,-0.823944,-0.034336,-0.450229,-0.924870,0.082468,-0.171609,-1.333432,0.182876,-0.048412,-1.453203
-0.111759,0.212454,-0.439282,-0.471415,-0.990601,-0.413767,-0.229801,-0.936605,0.059167,-0.152612,0.007481,-0.001345,1.665600,1.639654,-0.941744,0.046218,-0.527082,-1.939307,0.268965,-0.441899,-1.865057,0.174939,-0.192032,-0.799833,0.200072,0.351280,-1.013230,0.528331,0.412064,-1.294587,0.812330,0.703233,-0.826484,-0.058708,-0.429746,-0.880373,0.058407,-0.179004,-1.272187,0.345086,-0.111533,-1.214523
0.021524,0.154517,-0.330449,-0.420220,-0.938379,-0.262448,-0.278101,-0.922890,0.059413,-0.150248,0.012253,0.001867,1.392418,1.568913,-0.676525,0.209809,0.260825,-1.620126,0.716795,0.863666,-1.499797,0.156864,-0.182500,-0.758964,0.216450,0.387066,-0.980115,0.404715,0.406040,-1.186982,0.552241,0.674426,-0.866228,-0.084404,-0.397648,-0.839488,0.027549,-0.193149,-1.234630,0.389735,-0.181347,-1.097655
0.127772,0.102807,-0.260310,-0.390885,-0.898273,-0.158793,-0.320792,-0.914364,0.056633,-0.153224,0.014696,0.001897,1.112569,1.538860,-0.433324,0.427036,1.028549,-1.244351,1.051696,1.905916,-1.155057,0.138003,-0.161660,-0.721821,0.243605,0.410030,-0.942192,0.285549,0.391081,-1.066812,0.292020,0.598396,-0.915550,-0.103598,-0.358872,-0.801292,-0.001652,-0.209675,-1.200638,0.315176,-0.236504,-1.090930
0.190424,0.056310,-0.229236,-0.385006,-0.870599,-0.106499,-0.355822,-0.905818,0.054491,-0.149382,0.014625,0.002456,0.895030,1.504000,-0.268032,0.720563,1.716697,-0.937724,1.320311,2.666707,-0.934131,0.118692,-0.137037,-0.688455,0.271478,0.418151,-0.901675,0.186658,0.372192,-0.946507,0.079942,0.498674,-0.964563,-0.114093,-0.321846,-0.765556,-0.023222,-0.221249,-1.156795,0.159691,-0.264856,-1.128921
0.205734,0.009949,-0.228270,-0.397105,-0.850408,-0.096980,-0.384994,-0.895530,0.055335,-0.133508,0.012779,0.005777,0.784139,1.418086,-0.216312,1.090661,2.285290,-0.804295,1.601440,3.179711,-0.881555,0.099349,-0.116002,-0.659408,0.288121,0.410032,-0.860864,0.119423,0.351719,-0.841165,-0.056817,0.405748,-1.003982,-0.118263,-0.294108,-0.733320,-0.034873,-0.221625,-1.099631,-0.015314,-0.262360,-1.140657
0.182033,-0.039775,-0.244490,-0.419587,-0.832941,-0.114868,-0.410851,-0.883163,0.059155,-0.107174,0.009673,0.011805,0.783721,1.256642,-0.280479,1.513690,2.717849,-0.884173,1.937979,3.483809,-0.992532,0.079854,-0.103425,-0.635309,0.284161,0.385805,-0.821511,0.088415,0.329659,-0.763947,-0.111033,0.346875,-1.012490,-0.120192,-0.278543,-0.705724,-0.038221,-0.209776,-1.033486,-0.150527,-0.233285,-1.094704
0.135580,-0.091012,-0.265333,-0.445974,-0.816216,-0.143474,-0.435359,-0.869152,0.064066,-0.076711,0.004642,0.018719,0.856569,1.026922,-0.425917,1.951847,3.019804,-1.136632,2.314893,3.613185,-1.221415,0.060021,-0.100309,-0.615842,0.255914,0.348013,-0.784010,0.089397,0.305253,-0.719527,-0.090912,0.330800,-0.968436,-0.123645,-0.272475,-0.682804,-0.037883,-0.190289,-0.967393,-0.211018,-0.190677,-1.008595
0.084021,-0.137535,-0.281558,-0.472441,-0.800883,-0.169311,-0.459957,-0.854887,0.068074,-0.050236,-0.003149,0.024570,0.940165,0.763596,-0.592045,2.367943,3.212872,-1.457100,2.680669,3.609824,-1.488438,0.040434,-0.103784,-0.598996,0.205827,0.301509,-0.746866,0.109991,0.278072,-0.702161,-0.017225,0.341560,-0.873111,-0.131890,-0.269947,-0.663220,-0.039752,-0.170165,-0.913139,-0.195685,-0.152338,-0.924554
0.039978,-0.172853,-0.288217,-0.497924,-0.788738,-0.184378,-0.485773,-0.842248,0.070336,-0.033887,-0.013393,0.028439,0.973519,0.511546,-0.716137,2.737183,3.325509,-1.725095,2.976532,3.527707,-1.704438,0.022656,-0.108671,-0.581378,0.140896,0.252475,-0.707273,0.133399,0.247754,-0.701166,0.078996,0.348864,-0.757233,-0.148207,-0.265208,-0.644949,-0.049302,-0.155292,-0.883021,-0.131172,-0.132540,-0.878192
0.007749,-0.193933,-0.283927,-0.523143,-0.781134,-0.186036,-0.513460,-0.832364,0.070918,-0.029065,-0.024909,0.030259,0.921890,0.304339,-0.758624,3.051138,3.382684,-1.859234,3.153793,3.420119,-1.809059,0.008660,-0.109938,-0.559630,0.070541,0.207119,-0.662888,0.143452,0.213554,-0.708314,0.162370,0.326973,-0.662253,-0.175289,-0.254874,-0.626313,-0.070184,-0.148607,-0.885309,-0.056903,-0.135486,-0.882011
-0.015332,-0.201898,-0.269555,-0.549273,-0.778124,-0.175368,-0.542951,-0.824859,0.070031,-0.032849,-0.037122,0.030168,0.785016,0.151676,-0.714448,3.314206,3.400395,-1.844631,3.185274,3.323781,-1.791406,0.000099,-0.104755,-0.531771,0.004608,0.170345,-0.613268,0.128859,0.174845,-0.719889,0.202758,0.267282,-0.616041,-0.213533,-0.238115,-0.606395,-0.103165,-0.149840,-0.918996,-0.010370,-0.155247,-0.927045
-0.034374,-0.199617,-0.246788,-0.577142,-0.778710,-0.154806,-0.573574,-0.818313,0.068064,-0.040756,-0.051047,0.028618,0.586110,0.042323,-0.604597,3.536070,3.386067,-1.718086,3.076889,3.252478,-1.676756,-0.002121,-0.093065,-0.497260,-0.048924,0.144592,-0.559459,0.085413,0.132036,-0.733428,0.183979,0.178062,-0.623591,-0.259971,-0.215832,-0.584456,-0.146065,-0.156554,-0.972004,-0.016808,-0.180714,-0.995019
-0.053179,-0.188963,-0.216445,-0.606972,-0.781436,-0.125651,-0.604480,-0.811325,0.066290,-0.049372,-0.068727,0.027044,0.353921,-0.043683,-0.457864,3.723668,3.341674,-1.531980,2.872536,3.202294,-1.498505,0.001948,-0.076733,-0.456296,-0.086145,0.129290,-0.502545,0.015969,0.086767,-0.744861,0.106781,0.076360,-0.673140,-0.309053,-0.189724,-0.559310,-0.195043,-0.165800,-1.024695,-0.083358,-0.201239,-1.069873
-0.073962,-0.170514,-0.176849,-0.638160,-0.784380,-0.086377,-0.634893,-0.803097,0.067035,-0.057543,-0.091595,0.027938,0.112815,-0.124149,-0.298017,3.874515,3.266440,-1.329941,2.641076,3.161890,-1.284721,0.011253,-0.058250,-0.409594,-0.107808,0.121355,-0.443079,-0.071309,0.041255,-0.749153,-0.014416,-0.020092,-0.744870,-0.354595,-0.161553,-0.529633,-0.246021,-0.174900,-1.056253,-0.198767,-0.210160,-1.140588
-0.098788,-0.145410,-0.122920,-0.669015,-0.784618,-0.032143,-0.663951,-0.793229,0.072649,-0.066205,-0.119700,0.033821,-0.114670,-0.209084,-0.141596,3.970522,3.157669,-1.145118,2.446559,3.120257,-1.064112,0.023953,-0.040045,-0.358455,-0.117738,0.116420,-0.381493,-0.165510,-0.002418,-0.741819,-0.157617,-0.097870,-0.815259,-0.391638,-0.133089,-0.494659,-0.294971,-0.180911,-1.050415,-0.338949,-0.205346,-1.195547
-0.129618,-0.116925,-0.047255,-0.697104,-0.778259,0.043873,-0.690497,-0.781147,0.083902,-0.077794,-0.153178,0.045767,-0.300278,-0.297359,-0.001109,3.973625,3.009011,-1.005577,2.318628,3.068087,-0.872173,0.037870,-0.024525,-0.304237,-0.120534,0.109972,-0.318183,-0.255502,-0.042645,-0.718554,-0.299201,-0.150408,-0.860716,-0.417682,-0.106663,-0.454228,-0.337734,-0.180532,-0.999279,-0.475378,-0.187375,-1.216397
-0.166565,-0.090449,0.055711,-0.720703,-0.761671,0.146365,-0.713427,-0.765699,0.098841,-0.096220,-0.195209,0.062510,-0.408729,-0.373997,0.112752,3.828945,2.806871,-0.928362,2.240913,2.993988,-0.740182,0.050854,-0.014151,-0.247624,-0.120326,0.097903,-0.253083,-0.332224,-0.078523,-0.674100,-0.419419,-0.178357,-0.863594,-0.433268,-0.085094,-0.408412,-0.370953,-0.171542,-0.905242,-0.582071,-0.158198,-1.179358
-0.205755,-0.072694,0.183314,-0.740663,-0.733173,0.271559,-0.732923,-0.745414,0.112774,-0.126780,-0.253891,0.080610,-0.410046,-0.413844,0.192583,3.483719,2.530634,-0.903401,2.160784,2.878746,-0.672193,0.060824,-0.011051,-0.188800,-0.120773,0.076645,-0.185758,-0.390531,-0.110112,-0.602609,-0.506701,-0.187539,-0.816446,-0.441538,-0.070246,-0.357580,-0.393566,-0.154009,-0.780214,-0.640335,-0.122509,-1.065472
-0.237884,-0.071035,0.320074,-0.761059,-0.694084,0.402472,-0.751883,-0.719657,0.119508,-0.174937,-0.340385,0.095576,-0.303538,-0.398025,0.239571,2.921916,2.163440,-0.886486,2.011491,2.691356,-0.632829,0.065710,-0.016257,-0.128595,-0.125182,0.043423,-0.116385,-0.429783,-0.138368,-0.499784,-0.558737,-0.185426,-0.719945,-0.446418,-0.061469,-0.302920,-0.406839,-0.129615,-0.641354,-0.643158,-0.089032,-0.873927
-0.248395,-0.093220,0.438812,-0.787541,-0.648721,0.509732,-0.776288,-0.690327,0.113489,-0.245360,-0.463540,0.103515,-0.137708,-0.335592,0.269037,2.195329,1.710642,-0.816116,1.735771,2.391218,-0.562620,0.063643,-0.028768,-0.069676,-0.136049,-0.003163,-0.046853,-0.452652,-0.164527,-0.365362,-0.580462,-0.178604,-0.578266,-0.449910,-0.055454,-0.246818,-0.412871,-0.100633,-0.505246,-0.599055,-0.066737,-0.628753
-0.220417,-0.146694,0.507838,-0.823747,-0.602908,0.558646,-0.814066,-0.663413,0.091992,-0.342700,-0.625514,0.102765,-0.001239,-0.267544,0.307761,1.418489,1.209533,-0.646539,1.302321,1.939664,-0.413298,0.053217,-0.044907,-0.017020,-0.154665,-0.062902,0.018910,-0.462672,-0.189199,-0.203538,-0.580685,-0.172783,-0.398268,-0.449990,-0.047375,-0.192734,-0.413214,-0.070110,-0.383520,-0.530767,-0.058040,-0.372213
-0.140654,-0.235420,0.501398,-0.866835,-0.559753,0.520251,-0.873906,-0.650849,0.056503,-0.473437,-0.823541,0.094774,0.023370,-0.240390,0.377695,0.716834,0.717236,-0.374337,0.713415,1.322115,-0.177320,0.033653,-0.058604,0.022558,-0.181387,-0.134926,0.075768,-0.461904,-0.211520,-0.018954,-0.567789,-0.173542,-0.189518,-0.440438,-0.032096,-0.144700,-0.408236,-0.041646,-0.280665,-0.465508,-0.057402,-0.146399
-0.006912,-0.353005,0.409650,-0.903301,-0.512717,0.383164,-0.965386,-0.673224,0.012960,-0.648071,-1.056414,0.083495,-0.088556,-0.270690,0.476011,0.166853,0.286270,-0.042607,0.011652,0.577268,0.108382,0.005325,-0.062736,0.041761,-0.215861,-0.219396,0.119050,-0.450242,-0.228904,0.189718,-0.545320,-0.184496,0.042542,-0.412759,-0.004956,-0.106815,-0.396824,-0.017447,-0.193876,-0.421510,-0.057875,0.026456
0.166356,-0.477405,0.243801,-0.907491,-0.440010,0.161123,-1.099264,-0.760533,-0.028953,-0.883205,-1.327971,0.073238,-0.293989,-0.337019,0.570795,-0.222063,-0.051416,0.275643,-0.713472,-0.186888,0.381303,-0.029310,-0.051323,0.034541,-0.256482,-0.318385,0.146081,-0.426941,-0.237988,0.432076,-0.510596,-0.203221,0.306856,-0.359147,0.037200,-0.082980,-0.376405,0.003170,-0.115798,-0.400597,-0.057936,0.152350
0.349219,-0.576271,0.032298,-0.847245,-0.308293,-0.109774,-1.283996,-0.943436,-0.057463,-1.200086,-1.643588,0.066492,-0.521124,-0.404897,0.618781,-0.483079,-0.286504,0.505598,-1.338181,-0.821135,0.578579,-0.065765,-0.022143,-0.002399,-0.299798,-0.434767,0.156547,-0.392819,-0.236626,0.719253,-0.458198,-0.220337,0.625615,-0.275396,0.094428,-0.076602,-0.343027,0.023288,-0.040244,-0.390328,-0.061457,0.257262
0.505976,-0.622588,-0.191155,-0.699032,-0.090663,-0.384616,-1.516322,-1.231900,-0.061736,-1.614942,-2.004076,0.063893,-0.717069,-0.453319,0.590520,-0.659863,-0.428963,0.602367,-1.748431,-1.207529,0.659960,-0.099205,0.021823,-0.068391,-0.340476,-0.568621,0.151821,-0.350492,-0.225423,1.050200,-0.385687,-0.225501,1.015799,-0.163201,0.162582,-0.089757,-0.291067,0.047897,0.031845,-0.370786,-0.071652,0.367695
0.608682,-0.607499,-0.399829,-0.465102,0.210496,-0.625479,-1.771876,-1.594242,-0.036444,-2.122680,-2.402979,0.066332,-0.866001,-0.477424,0.484281,-0.786645,-0.502729,0.574374,-1.891609,-1.325962,0.626592,-0.126009,0.074044,-0.157420,-0.371102,-0.711828,0.134409,-0.301754,-0.207129,1.398939,-0.296182,-0.217118,1.466961,-0.031326,0.233877,-0.121667,-0.212877,0.085249,0.090361,-0.320613,-0.083391,0.489992
0.646227,-0.540276,-0.577246,-0.176754,0.558050,-0.808764,-2.007793,-1.960050,0.013689,-2.683263,-2.825419,0.075507,-0.976290,-0.477104,0.323558,-0.880341,-0.536342,0.478886,-1.796621,-1.258100,0.522834,-0.143707,0.127968,-0.256938,-0.382174,-0.844063,0.108027,-0.245080,-0.184392,1.711569,-0.195410,-0.208178,1.931011,0.105520,0.298562,-0.166903,-0.099965,0.147296,0.120916,-0.222563,-0.077233,0.597300
0.624550,-0.439647,-0.711011,0.123760,0.902577,-0.921808,-2.181510,-2.254008,0.072982,-3.222449,-3.243145,0.089728,-1.059323,-0.454203,0.145351,-0.944827,-0.552479,0.383637,-1.549814,-1.125453,0.408519,-0.150627,0.178707,-0.349030,-0.364950,-0.935138,0.077027,-0.177216,-0.158422,1.917130,-0.086353,-0.222390,2.327290,0.230997,0.346647,-0.214778,0.053069,0.244909,0.115020,-0.070540,-0.019314,0.632403
0.561480,-0.326324,-0.787407,0.408490,1.212075,-0.957302,-2.271710,-2.435013,0.119419,-3.650662,-3.607316,0.097092,-1.118584,-0.419328,-0.012444,-0.982678,-0.562865,0.323590,-1.249374,-1.015919,0.320359,-0.147360,0.221773,-0.415636,-0.317716,-0.955182,0.044226,-0.098383,-0.130041,1.948730,0.032198,-0.279694,2.559007,0.333455,0.370088,-0.251532,0.242997,0.378755,0.078883,0.125054,0.127995,0.531990
0.481701,-0.219866,-0.795974,0.673945,1.478709,-0.914689,-2.281859,-2.506713,0.131765,-3.890081,-3.849466,0.073108,-1.151458,-0.391458,-0.121253,-1.001876,-0.570343,0.291671,-0.967757,-0.955879,0.258899,-0.138810,0.251773,-0.445593,-0.250149,-0.887555,0.008817,-0.015518,-0.101448,1.766671,0.160353,-0.378125,2.539080,0.410778,0.365716,-0.264970,0.454709,0.532946,0.033858,0.340367,0.385670,0.264991
0.412250,-0.136520,-0.740884,0.930974,1.697910,-0.807850,-2.222405,-2.495198,0.091566,-3.887474,-3.897044,-0.010785,-1.156602,-0.385161,-0.169362,-1.011884,-0.573812,0.265634,-0.735121,-0.934016,0.208431,-0.133234,0.263768,-0.438707,-0.179607,-0.736727,-0.032845,0.061071,-0.075807,1.375847,0.289299,-0.484738,2.219517,0.470925,0.337369,-0.249061,0.663891,0.677694,0.007925,0.550502,0.737865,-0.138246
0.375514,-0.085490,-0.646737,1.187983,1.844440,-0.669367,-2.088791,-2.420143,-0.021838,-3.603190,-3.697497,-0.169489,-1.138883,-0.399167,-0.165581,-1.017396,-0.571944,0.236250,-0.544738,-0.936058,0.161289,-0.137423,0.256495,-0.404539,-0.121214,-0.527543,-0.083479,0.125103,-0.054588,0.831831,0.398806,-0.544846,1.612332,0.528121,0.295455,-0.206104,0.844589,0.779938,0.024293,0.741718,1.124510,-0.587177
0.379655,-0.065180,-0.550950,1.441630,1.874208,-0.543505,-1.857985,-2.283520,-0.230837,-3.004802,-3.239662,-0.390908,-1.108641,-0.418910,-0.136486,-1.017640,-0.564638,0.209801,-0.375498,-0.954007,0.121713,-0.151672,0.234280,-0.357464,-0.080157,-0.297399,-0.141203,0.178610,-0.035781,0.230300,0.464468,-0.506553,0.793624,0.596567,0.253926,-0.145703,0.976859,0.815326,0.093375,0.912327,1.453703,-0.963116
0.411881,-0.062474,-0.487512,1.676891,1.759341,-0.469794,-1.510401,-2.075642,-0.538330,-2.104324,-2.565602,-0.640584,-1.077008,-0.429005,-0.116871,-1.010200,-0.553367,0.192718,-0.216893,-0.973582,0.094273,-0.168814,0.205459,-0.310840,-0.051181,-0.084789,-0.198964,0.229482,-0.015252,-0.320542,0.471972,-0.347575,-0.105720,0.684015,0.225991,-0.081014,1.051130,0.775894,0.209737,1.062571,1.631149,-1.162466
0.442451,-0.057387,-0.473710,1.870339,1.528211,-0.466772,-1.057638,-1.784276,-0.897706,-1.013498,-1.765036,-0.878730,-1.051426,-0.422911,-0.136398,-0.994115,-0.540877,0.181725,-0.078524,-0.967468,0.075949,-0.178213,0.178312,-0.272836,-0.023603,0.081772,-0.247578,0.285262,0.010296,-0.734046,0.429297,-0.090055,-0.921803,0.788007,0.220505,-0.023914,1.068862,0.671311,0.353133,1.184890,1.594389,-1.129756
0.441481,-0.032252,-0.506767,1.993225,1.267344,-0.524655,-0.546414,-1.398949,-1.211766,0.067030,-0.942787,-1.070544,-1.034010,-0.403812,-0.207514,-0.970478,-0.530170,0.168118,0.020476,-0.907845,0.059322,-0.171932,0.157460,-0.245659,0.012095,0.190472,-0.280521,0.348523,0.041950,-0.969477,0.367416,0.203812,-1.499143,0.897037,0.240689,0.018449,1.040184,0.524246,0.493765,1.263940,1.336352,-0.871427
0.398111,0.019733,-0.569327,2.018460,1.075953,-0.610681,-0.033202,-0.915339,-1.377069,0.948215,-0.171744,-1.185986,-1.022715,-0.379897,-0.320589,-0.941934,-0.523197,0.146963,0.069080,-0.786601,0.039803,-0.148932,0.142865,-0.227904,0.059325,0.245974,-0.297351,0.416650,0.079396,-1.036199,0.327532,0.453520,-1.743523,0.995800,0.284877,0.044199,0.979930,0.362924,0.601703,1.285186,0.909087,-0.451422
0.325852,0.092166,-0.638910,1.934206,1.011206,-0.684861,0.445664,-0.344316,-1.341893,1.555952,0.531669,-1.203864,-1.013838,-0.359157,-0.449872,-0.912061,-0.520128,0.120636,0.073230,-0.623548,0.018462,-0.114803,0.131326,-0.217531,0.114254,0.263030,-0.303330,0.485032,0.121655,-0.979380,0.342130,0.591574,-1.655865,1.070750,0.347418,0.054928,0.903912,0.214600,0.657166,1.244131,0.407624,0.029059
0.249583,0.169408,-0.696537,1.756245,1.066222,-0.717975,0.883928,0.281039,-1.132469,1.945079,1.188091,-1.125132,-1.004107,-0.346277,-0.566678,-0.884386,-0.519530,0.095303,0.051165,-0.455277,-0.000649,-0.078021,0.118998,-0.213114,0.168268,0.258189,-0.305625,0.550337,0.166448,-0.857945,0.420758,0.592765,-1.326676,1.112855,0.418718,0.053530,0.826444,0.101581,0.656452,1.150403,-0.058637,0.462675
0.187090,0.233039,-0.731243,1.526662,1.187833,-0.701638,1.294336,0.910891,-0.832996,2.227300,1.813551,-0.980241,-0.991493,-0.342140,-0.650985,-0.861210,-0.519263,0.075565,0.022439,-0.314943,-0.014673,-0.045863,0.103443,-0.213241,0.212079,0.244211,-0.309093,0.611076,0.209529,-0.725290,0.547920,0.485880,-0.897347,1.117608,0.485641,0.043062,0.758816,0.038910,0.610405,1.025687,-0.396257,0.767307
0.141059,0.268252,-0.739953,1.296910,1.311452,-0.646386,1.691810,1.495856,-0.540799,2.487523,2.394172,-0.818637,-0.975107,-0.345391,-0.695462,-0.843132,-0.517730,0.061868,0.000038,-0.218574,-0.023989,-0.022205,0.084337,-0.215626,0.239576,0.228482,-0.314428,0.665463,0.245499,-0.616907,0.692213,0.337958,-0.507329,1.084216,0.533904,0.026561,0.707981,0.032560,0.537411,0.896794,-0.550309,0.906198
0.104332,0.268820,-0.724861,1.107488,1.387689,-0.572669,2.083620,2.003182,-0.329083,2.749072,2.890690,-0.687704,-0.955106,-0.354402,-0.702951,-0.829597,-0.514838,0.051720,-0.011020,-0.164056,-0.031196,-0.007435,0.062930,-0.217357,0.250033,0.213860,-0.319281,0.709108,0.269565,-0.546103,0.819111,0.219574,-0.248493,1.015310,0.552249,0.006872,0.675539,0.078442,0.456198,0.786821,-0.513373,0.890131
0.069257,0.238483,-0.690794,0.977262,1.391048,-0.501981,2.467914,2.420868,-0.233958,2.990992,3.257841,-0.616441,-0.932802,-0.368125,-0.681702,-0.819854,-0.511951,0.042888,-0.011670,-0.138098,-0.038295,0.000300,0.041026,-0.216238,0.247625,0.200219,-0.320877,0.734781,0.278683,-0.508260,0.900566,0.173388,-0.145225,0.916942,0.536197,-0.013891,0.657785,0.163415,0.381884,0.707969,-0.319724,0.762439
0.032833,0.188135,-0.643594,0.904716,1.316397,-0.451352,2.835633,2.751182,-0.260741,3.183423,3.462116,-0.612544,-0.910525,-0.385723,-0.641477,-0.813468,-0.510896,0.035958,-0.006708,-0.125087,-0.044295,0.003598,0.020238,-0.211910,0.238927,0.185924,-0.318039,0.734369,0.271660,-0.489865,0.920480,0.201606,-0.164256,0.798087,0.489393,-0.034723,0.647152,0.268431,0.324542,0.658148,-0.029455,0.576529
-0.003165,0.131019,-0.589157,0.875680,1.171679,-0.431206,3.173016,3.002418,-0.397924,3.311125,3.493347,-0.672747,-0.890966,-0.406071,-0.591236,-0.810282,-0.512956,0.034368,-0.002449,-0.114466,-0.045239,0.004973,0.001751,-0.205726,0.230460,0.169027,-0.311482,0.701651,0.248993,-0.476160,0.876946,0.273048,-0.243262,0.669454,0.422007,-0.055396,0.634494,0.372540,0.288725,0.622238,0.289984,0.378883
-0.034460,0.078588,-0.532724,0.871661,0.970625,-0.445724,3.465468,3.184672,-0.631662,3.377461,3.368458,-0.798325,-0.876222,-0.427965,-0.538112,-0.810233,-0.518563,0.041500,-0.003488,-0.103406,-0.037303,0.006808,-0.013584,-0.199677,0.227476,0.148038,-0.302828,0.634545,0.212672,-0.455026,0.780061,0.341751,-0.322617,0.541633,0.347074,-0.075804,0.611398,0.456809,0.273992,0.578444,0.579289,0.203524
-0.056964,0.038013,-0.478971,0.874071,0.728110,-0.493633,3.702902,3.309417,-0.952282,3.397303,3.126336,-1.000224,-0.867078,-0.450583,-0.487734,-0.813174,-0.527429,0.056879,-0.010642,-0.093548,-0.020797,0.011312,-0.025257,-0.195580,0.233243,0.122208,-0.293740,0.536082,0.165664,-0.419260,0.645644,0.367825,-0.367405,0.423135,0.276540,-0.095807,0.571949,0.507649,0.276520,0.508148,0.796093,0.074642
-0.068559,0.011141,-0.433343,0.862855,0.461244,-0.567180,3.883610,3.389373,-1.344730,3.387958,2.816758,-1.284116,-0.862934,-0.473320,-0.445851,-0.818588,-0.538508,0.074928,-0.022020,-0.086114,-0.001364,0.019704,-0.033411,-0.195187,0.247885,0.091396,-0.285964,0.413962,0.111136,-0.368632,0.489002,0.332208,-0.371637,0.319133,0.218610,-0.115751,0.513700,0.518833,0.290492,0.404610,0.916448,0.009690
-0.068913,-0.005352,-0.403481,0.815337,0.194205,-0.650469,4.013365,3.434895,-1.769674,3.363689,2.489938,-1.626188,-0.862427,-0.495052,-0.419913,-0.825409,-0.549812,0.088000,-0.035314,-0.081161,0.013271,0.031121,-0.039114,-0.200750,0.267125,0.055856,-0.281799,0.279097,0.052024,-0.310521,0.322463,0.240385,-0.347827,0.231265,0.176765,-0.137139,0.437743,0.491516,0.308213,0.275413,0.933790,0.016565
-0.058010,-0.018335,-0.398597,0.713352,-0.039910,-0.721687,4.098093,3.446518,-2.155716,3.334098,2.188840,-1.963697,-0.864293,-0.513887,-0.418667,-0.832228,-0.558665,0.091349,-0.049109,-0.079824,0.018406,0.042687,-0.043972,-0.214999,0.282666,0.016197,-0.283920,0.143516,-0.008832,-0.257231,0.156283,0.115076,-0.313200,0.158259,0.150141,-0.162668,0.347956,0.432574,0.319665,0.136750,0.858813,0.086231
-0.035488,-0.035056,-0.426329,0.559985,-0.203881,-0.761658,4.130173,3.406478,-2.415264,3.303447,1.941109,-2.212195,-0.867722,-0.528011,-0.449469,-0.837792,-0.562656,0.085668,-0.063976,-0.084051,0.014895,0.051207,-0.049146,-0.240278,0.285029,-0.026563,-0.294341,0.017576,-0.068568,-0.220546,-0.000156,-0.016572,-0.282308,0.096924,0.134932,-0.195425,0.249635,0.352122,0.312987,0.003165,0.716655,0.189474
-0.001678,-0.059710,-0.488883,0.393757,-0.265620,-0.763974,4.076719,3.276333,-2.474705,3.268803,1.750864,-2.297837,-0.871919,-0.537095,-0.514867,-0.841291,-0.560890,0.075250,-0.083378,-0.094027,0.007281,0.054861,-0.054740,-0.277673,0.267253,-0.071135,-0.313641,-0.092651,-0.124710,-0.207112,-0.138801,-0.133513,-0.266194,0.043230,0.126370,-0.237828,0.147932,0.260990,0.276682,-0.119377,0.538474,0.284464
0.040783,-0.091874,-0.580687,0.279895,-0.209928,-0.738076,3.887583,3.009832,-2.300514,3.219417,1.595380,-2.184737,-0.875395,-0.543023,-0.610207,-0.842312,-0.554709,0.064231,-0.112473,-0.108340,-0.000050,0.053220,-0.060277,-0.326802,0.227104,-0.116202,-0.341279,-0.186081,-0.175783,-0.217893,-0.254429,-0.224370,-0.272218,-0.006699,0.120275,-0.290914,0.046714,0.168456,0.203245,-0.231321,0.351941,0.332198
0.086064,-0.127565,-0.688357,0.270485,-0.052306,-0.702012,3.530694,2.583093,-1.913626,3.139004,1.431162,-1.888042,-0.875885,-0.549301,-0.722979,-0.840654,-0.547332,0.054621,-0.155686,-0.126693,-0.004946,0.046332,-0.065657,-0.385759,0.167377,-0.160496,-0.376168,-0.265217,-0.221565,-0.250442,-0.345730,-0.285877,-0.301206,-0.055785,0.113346,-0.353878,-0.051763,0.080309,0.092764,-0.331682,0.176027,0.310685
0.125492,-0.161717,-0.793189,0.360146,0.154139,-0.671387,3.028279,2.023830,-1.391895,3.006724,1.212480,-1.472491,-0.871163,-0.559542,-0.834568,-0.836323,-0.542614,0.047017,-0.216209,-0.150580,-0.006811,0.034783,-0.071432,-0.450787,0.095153,-0.202735,-0.416357,-0.334191,-0.262801,-0.300369,-0.415645,-0.320372,-0.346250,-0.105520,0.102350,-0.423845,-0.146360,-0.002117,-0.045958,-0.413964,0.020288,0.219880
0.149074,-0.189790,-0.876195,0.480876,0.332884,-0.654375,2.451874,1.411877,-0.857094,2.791208,0.922298,-1.035735,-0.860039,-0.576070,-0.924873,-0.829832,-0.543859,0.041797,-0.297484,-0.181917,-0.005357,0.020978,-0.078199,-0.516579,0.020213,-0.241793,-0.458526,-0.397552,-0.300694,-0.361173,-0.471330,-0.334313,-0.398474,-0.155899,0.083543,-0.496542,-0.236301,-0.081354,-0.198412,-0.470293,-0.114379,0.076522
0.147488,-0.206962,-0.924196,0.545464,0.416774,-0.655903,1.874672,0.845880,-0.444378,2.445531,0.597253,-0.679494,-0.841969,-0.599089,-0.978394,-0.823324,-0.553918,0.039077,-0.403677,-0.223294,-0.000634,0.010025,-0.085943,-0.577983,-0.047122,-0.277183,-0.498692,-0.459544,-0.336590,-0.424892,-0.523107,-0.337082,-0.455847,-0.205677,0.053515,-0.568074,-0.320813,-0.161769,-0.349768,-0.498070,-0.234407,-0.094434
0.114387,-0.206108,-0.934501,0.500182,0.376310,-0.684434,1.329759,0.400690,-0.261130,1.923024,0.314514,-0.480706,-0.814249,-0.625846,-0.989258,-0.823322,-0.576929,0.038109,-0.537726,-0.280227,0.006249,0.008989,-0.093940,-0.632112,-0.097922,-0.309349,-0.533943,-0.522959,-0.371863,-0.484736,-0.581126,-0.338958,-0.524424,-0.252693,0.011096,-0.636590,-0.399079,-0.246963,-0.488918,-0.501393,-0.350778,-0.265340
0.049125,-0.177378,-0.916887,0.344706,0.225615,-0.753099,0.813189,0.103308,-0.350459,1.214197,0.134709,-0.475625,-0.766652,-0.648667,-0.963744,-0.845573,-0.621176,0.037433,-0.699184,-0.362151,0.013085,0.024499,-0.101257,-0.679286,-0.126475,-0.339532,-0.563711,-0.587202,-0.407636,-0.537676,-0.650507,-0.348092,-0.609533,-0.294250,-0.041770,-0.702717,-0.469765,-0.337514,-0.609689,-0.487415,-0.474574,-0.409460
-0.042473,-0.110069,-0.891337,0.115325,0.008979,-0.873756,0.317600,-0.062928,-0.678776,0.368138,0.047514,-0.658878,-0.676501,-0.652883,-0.918705,-0.918544,-0.701141,0.035604,-0.885086,-0.479981,0.017299,0.059539,-0.107868,-0.722462,-0.132613,-0.369422,-0.589890,-0.646736,-0.444165,-0.584655,-0.728047,-0.368097,-0.707498,-0.327787,-0.101686,-0.768822,-0.530179,-0.430168,-0.710450,-0.463415,-0.612009,-0.507252
-0.151378,0.003586,-0.880290,-0.143895,-0.218194,-1.047745,-0.143502,-0.136171,-1.152404,-0.530456,-0.028058,-0.986087,-0.511665,-0.618781,-0.875143,-1.077543,-0.834521,0.031306,-1.094586,-0.642668,0.016923,0.111304,-0.115843,-0.765975,-0.123154,-0.400623,-0.616319,-0.692048,-0.480314,-0.628918,-0.802339,-0.398419,-0.806319,-0.351794,-0.166417,-0.837924,-0.576307,-0.519073,-0.793736,-0.436288,-0.760453,-0.554321
-0.268248,0.161244,-0.897788,-0.399818,-0.404273,-1.256084,-0.537810,-0.156693,-1.642205,-1.396752,-0.192138,-1.370093,-0.247834,-0.530772,-0.850047,-1.344495,-1.030783,0.021719,-1.333708,-0.857528,0.011070,0.172368,-0.128958,-0.813836,-0.109367,-0.433436,-0.647629,-0.714132,-0.513610,-0.674801,-0.856782,-0.436982,-0.890647,-0.366597,-0.234993,-0.912379,-0.604795,-0.598018,-0.866575,-0.411398,-0.907666,-0.564544
-0.381240,0.342462,-0.940288,-0.633909,-0.511838,-1.453610,-0.830969,-0.162382,-2.000551,-2.145189,-0.505114,-1.682077,0.108060,-0.389402,-0.849554,-1.704074,-1.277029,-0.000853,-1.615844,-1.133918,-0.001478,0.234561,-0.150451,-0.866849,-0.100053,-0.464876,-0.686829,-0.710330,-0.540786,-0.728269,-0.875268,-0.481389,-0.945728,-0.375280,-0.305028,-0.991588,-0.615990,-0.661633,-0.941078,-0.390008,-1.035830,-0.564901
-0.473527,0.511304,-0.982864,-0.836600,-0.528636,-1.578215,-1.004383,-0.189435,-2.094149,-2.672656,-0.946585,-1.786844,0.511381,-0.215981,-0.863205,-2.098767,-1.536251,-0.051749,-1.958201,-1.482185,-0.026346,0.291308,-0.181211,-0.919259,-0.095125,-0.487221,-0.732599,-0.686833,-0.558208,-0.797941,-0.851043,-0.526869,-0.966646,-0.384901,-0.371352,-1.069201,-0.615418,-0.705147,-1.033101,-0.369606,-1.128208,-0.585477
-0.526958,0.635255,-0.986845,-0.999707,-0.476110,-1.580608,-1.067413,-0.263103,-1.870214,-2.885065,-1.401886,-1.615753,0.903097,-0.044467,-0.864654,-2.453306,-1.764763,-0.151567,-2.376081,-1.902539,-0.077097,0.336414,-0.219566,-0.959022,-0.086027,-0.489075,-0.779181,-0.654391,-0.561618,-0.893519,-0.794116,-0.564789,-0.973087,-0.405349,-0.428197,-1.133283,-0.611268,-0.724387,-1.156234,-0.349890,-1.173433,-0.649322
-0.529141,0.705841,-0.923517,-1.114101,-0.402691,-1.458279,-1.056671,-0.382946,-1.408436,-2.762034,-1.698760,-1.224890,1.245802,0.093629,-0.829203,-2.710607,-1.934888,-0.316174,-2.873638,-2.369996,-0.173111,0.362899,-0.260571,-0.974583,-0.063044,-0.459408,-0.820183,-0.619024,-0.545648,-1.020275,-0.727713,-0.586066,-1.009439,-0.442766,-0.471765,-1.171984,-0.608345,-0.717440,-1.311468,-0.339734,-1.165023,-0.764931
-0.478740,0.739162,-0.801273,-1.176033,-0.356969,-1.263801,-1.019979,-0.522528,-0.887058,-2.385089,-1.697929,-0.771130,1.540765,0.180633,-0.761237,-2.849554,-2.042223,-0.544859,-3.429044,-2.826853,-0.332224,0.365019,-0.294599,-0.963835,-0.022595,-0.392601,-0.853383,-0.575277,-0.504754,-1.173307,-0.671404,-0.586070,-1.116598,-0.491142,-0.500403,-1.181092,-0.603252,-0.687124,-1.478586,-0.356328,-1.099493,-0.924397
-0.388084,0.754509,-0.669493,-1.195620,-0.358228,-1.075115,-0.994626,-0.648451,-0.470972,-1.889936,-1.383620,-0.409643,1.812938,0.214611,-0.703478,-2.874566,-2.093815,-0.818345,-3.980360,-3.190902,-0.565377,0.341271,-0.309192,-0.937016,0.031215,-0.291634,-0.882400,-0.508921,-0.436362,-1.337011,-0.623215,-0.563543,-1.297716,-0.531082,-0.514027,-1.166499,-0.585891,-0.641874,-1.617365,-0.413190,-0.978063,-1.107464
-0.281103,0.753331,-0.588987,-1.194686,-0.389249,-0.949851,-0.994644,-0.739635,-0.220645,-1.393188,-0.881496,-0.202406,2.080458,0.202868,-0.711581,-2.794263,-2.092903,-1.111776,-4.423069,-3.380401,-0.876136,0.295082,-0.295891,-0.911197,0.089288,-0.167912,-0.914370,-0.407570,-0.344063,-1.489791,-0.557129,-0.514072,-1.514216,-0.539254,-0.514759,-1.140040,-0.546532,-0.593340,-1.681646,-0.504323,-0.812273,-1.284481
-0.183758,0.719907,-0.591402,-1.192447,-0.416634,-0.898835,-1.013254,-0.789925,-0.097973,-0.960454,-0.385067,-0.115324,2.335194,0.152489,-0.813043,-2.610978,-2.035150,-1.411469,-4.625926,-3.345559,-1.257319,0.233342,-0.256852,-0.901076,0.140805,-0.037736,-0.955498,-0.270004,-0.237406,-1.609214,-0.439761,-0.427782,-1.714973,-0.502159,-0.507592,-1.113075,-0.482119,-0.551260,-1.640817,-0.598050,-0.627255,-1.415727
-0.111716,0.640592,-0.659621,-1.193019,-0.418511,-0.892120,-1.034759,-0.800494,-0.036812,-0.617341,-0.044860,-0.082524,2.546448,0.066827,-0.984322,-2.325095,-1.913950,-1.715460,-4.461381,-3.088218,-1.672808,0.164597,-0.204618,-0.911264,0.176715,0.083472,-1.006263,-0.106953,-0.127542,-1.674682,-0.253469,-0.296551,-1.862882,-0.424837,-0.499153,-1.091573,-0.396780,-0.518259,-1.497425,-0.648537,-0.456183,-1.457692
-0.065542,0.520027,-0.740585,-1.186800,-0.396713,-0.883689,-1.045886,-0.776021,0.003202,-0.367349,0.099197,-0.061421,2.679667,-0.045360,-1.161106,-1.944191,-1.723303,-2.011748,-3.846255,-2.657937,-2.034166,0.097749,-0.154977,-0.933466,0.193493,0.186240,-1.058564,0.065049,-0.022119,-1.669189,-0.008635,-0.123876,-1.931411,-0.329341,-0.494869,-1.074072,-0.297957,-0.488483,-1.289650,-0.618959,-0.327403,-1.384365
-0.036258,0.379921,-0.777204,-1.161985,-0.368936,-0.835589,-1.040709,-0.725777,0.031626,-0.201864,0.103871,-0.041647,2.713926,-0.156267,-1.270549,-1.486497,-1.456737,-2.255853,-2.789937,-2.127450,-2.215082,0.040874,-0.118997,-0.950433,0.194909,0.268246,-1.097640,0.230395,0.076419,-1.582878,0.262498,0.072813,-1.885438,-0.243925,-0.496472,-1.053189,-0.193343,-0.452352,-1.074839,-0.500356,-0.252633,-1.211412
-0.013392,0.246379,-0.737703,-1.114851,-0.352935,-0.732430,-1.020307,-0.663056,0.046388,-0.107199,0.058428,-0.027040,2.648306,-0.221388,-1.264567,-0.974664,-1.112125,-2.378322,-1.431254,-1.561193,-2.131079,-0.000346,-0.099505,-0.944733,0.190636,0.331665,-1.108738,0.378158,0.168491,-1.418726,0.523148,0.268125,-1.682791,-0.189481,-0.501361,-1.019893,-0.091149,-0.404683,-0.903736,-0.314360,-0.223376,-1.000831
0.011425,0.139253,-0.627041,-1.052239,-0.355805,-0.584324,-0.990418,-0.601181,0.048262,-0.068744,0.028406,-0.019854,2.498780,-0.203743,-1.137870,-0.425812,-0.704397,-2.324500,-0.017700,-0.994975,-1.824540,-0.024249,-0.092496,-0.906845,0.192541,0.379821,-1.084292,0.502640,0.253965,-1.196559,0.745527,0.436152,-1.309494,-0.171686,-0.503778,-0.968069,-0.001163,-0.349241,-0.802656,-0.100913,-0.217899,-0.835689
0.043213,0.067994,-0.477398,-0.986798,-0.372999,-0.418489,-0.958361,-0.549115,0.043242,-0.070423,0.036722,-0.017001,2.292250,-0.098844,-0.924435,0.152111,-0.272219,-2.093224,1.199342,-0.439462,-1.451735,-0.033747,-0.090913,-0.838278,0.209686,0.415668,-1.027024,0.601524,0.330744,-0.950303,0.912354,0.555598,-0.818950,-0.182647,-0.496647,-0.897248,0.066990,-0.295319,-0.772683,0.098328,-0.215657,-0.777352
0.080714,0.031384,-0.327483,-0.929758,-0.393914,-0.264632,-0.929792,-0.509439,0.038481,-0.094050,0.074066,-0.013540,2.061577,0.061669,-0.678826,0.754524,0.131598,-1.743282,2.090712,0.096382,-1.170297,-0.034937,-0.088269,-0.749546,0.244245,0.441935,-0.948087,0.673900,0.395678,-0.718459,1.012438,0.614216,-0.329150,-0.208407,-0.473307,-0.812877,0.107738,-0.249906,-0.799710,0.251155,-0.209194,-0.833975
0.114290,0.020110,-0.205289,-0.886456,-0.408589,-0.143289,-0.906930,-0.479578,0.038209,-0.122746,0.119903,-0.006571,1.839871,0.225646,-0.456179,1.371713,0.458404,-1.369674,2.688395,0.582863,-1.045135,-0.034391,-0.080777,-0.655197,0.291268,0.461490,-0.862232,0.720256,0.446127,-0.533076,1.041054,0.613257,0.032803,-0.236181,-0.429235,-0.724297,0.121519,-0.213100,-0.864189,0.339046,-0.203263,-0.963095
0.129804,0.021969,-0.122918,-0.856820,-0.411596,-0.062829,-0.889366,-0.455115,0.042816,-0.146029,0.159300,0.003801,1.652295,0.340160,-0.299954,1.984975,0.676990,-1.071055,3.111904,0.967550,-1.053668,-0.036832,-0.067667,-0.568528,0.341737,0.476998,-0.782590,0.743131,0.480918,-0.412047,1.005864,0.569274,0.195896,-0.258205,-0.363694,-0.641423,0.112977,-0.179823,-0.946427,0.358730,-0.203096,-1.103099
0.117681,0.026890,-0.081206,-0.838688,-0.402378,-0.023034,-0.876357,-0.432694,0.050208,-0.161334,0.188718,0.015559,1.508558,0.368133,-0.235696,2.569332,0.777648,-0.920707,3.465444,1.194975,-1.146705,-0.044487,-0.050140,-0.498348,0.385564,0.490143,-0.717328,0.746108,0.500514,-0.356923,0.928850,0.510144,0.168167,-0.272057,-0.280373,-0.571893,0.087791,-0.144469,-1.029222,0.321868,-0.205150,-1.206150
0.079848,0.028801,-0.076074,-0.830454,-0.383405,-0.019274,-0.868389,-0.410779,0.057355,-0.170260,0.211295,0.025961,1.400993,0.302018,-0.265237,3.101488,0.771001,-0.942306,3.791013,1.234309,-1.284562,-0.057841,-0.030151,-0.448392,0.413511,0.501056,-0.669117,0.732032,0.506473,-0.356184,0.838069,0.464861,0.011370,-0.278537,-0.186279,-0.519627,0.050787,-0.104199,-1.099043,0.249156,-0.199178,-1.251479
0.028605,0.024723,-0.100902,-0.831333,-0.358067,-0.043839,-0.866881,-0.388698,0.060966,-0.173308,0.228554,0.031949,1.309487,0.169201,-0.362968,3.568874,0.683631,-1.098609,4.083621,1.099392,-1.432895,-0.076429,-0.009922,-0.417768,0.419537,0.508333,-0.636115,0.702910,0.500715,-0.391009,0.754899,0.450652,-0.198485,-0.279258,-0.089702,-0.484305,0.005782,-0.059515,-1.145415,0.159966,-0.176427,-1.240432
-0.021430,0.013592,-0.145540,-0.840143,-0.329359,-0.085545,-0.872641,-0.365531,0.058213,-0.168575,0.236174,0.030853,1.210465,0.020751,-0.481996,3.972827,0.549117,-1.306777,4.322823,0.850494,-1.554256,-0.098782,0.008003,-0.401346,0.403141,0.509584,-0.613014,0.661217,0.485165,-0.439959,0.687223,0.464573,-0.395983,-0.275845,0.001413,-0.461580,-0.043758,-0.013026,-1.159691,0.065833,-0.134291,-1.186095
-0.061564,-0.003796,-0.196052,-0.854459,-0.299345,-0.130585,-0.884627,-0.340021,0.048618,-0.154963,0.227416,0.022370,1.086036,-0.092711,-0.571734,4.322654,0.396592,-1.476765,4.488138,0.574570,-1.615578,-0.121905,0.021103,-0.391333,0.369255,0.502302,-0.592585,0.610485,0.461764,-0.482637,0.631853,0.486021,-0.534585,-0.270205,0.080512,-0.444965,-0.093900,0.032386,-1.135448,-0.027426,-0.075552,-1.104721
-0.091410,-0.024545,-0.237562,-0.871017,-0.269081,-0.165551,-0.900083,-0.311281,0.035812,-0.134938,0.199927,0.010349,0.929446,-0.142023,-0.597146,4.625459,0.243593,-1.548700,4.563078,0.351724,-1.599466,-0.141475,0.027788,-0.380638,0.325130,0.484833,-0.568408,0.554402,0.432376,-0.504126,0.580901,0.489733,-0.589851,-0.264365,0.143379,-0.429137,-0.139804,0.075007,-1.070978,-0.113813,-0.006458,-1.008196
-0.115027,-0.044233,-0.258901,-0.886952,-0.238928,-0.181127,-0.915937,-0.279437,0.026296,-0.113176,0.158550,0.001426,0.744489,-0.125322,-0.548384,4.879578,0.096938,-1.508053,4.542481,0.225270,-1.506260,-0.153298,0.028101,-0.365743,0.276813,0.457135,-0.537310,0.495210,0.398568,-0.499377,0.526276,0.460641,-0.564099,-0.260011,0.188950,-0.412236,-0.176240,0.114761,-0.972063,-0.185498,0.064976,-0.898780
-0.135424,-0.057844,-0.255569,-0.900831,-0.209312,-0.173935,-0.930345,-0.245828,0.024929,-0.093906,0.112973,0.000443,0.540351,-0.060106,-0.437816,5.075197,-0.041420,-1.376980,4.442226,0.192852,-1.348630,-0.155079,0.023648,-0.346774,0.227694,0.421185,-0.499625,0.432650,0.361784,-0.474388,0.461530,0.400659,-0.487061,-0.258532,0.219411,-0.395428,-0.198757,0.152762,-0.852999,-0.236348,0.131801,-0.772493
-0.151852,-0.060326,-0.228937,-0.912836,-0.181520,-0.145348,-0.943300,-0.212850,0.031226,-0.080833,0.074039,0.006778,0.325882,0.029176,-0.289449,5.199904,-0.169148,-1.194920,4.296642,0.223103,-1.146486,-0.146995,0.017114,-0.325620,0.179109,0.380829,-0.457677,0.364405,0.323864,-0.442598,0.382731,0.324454,-0.404199,-0.261107,0.239243,-0.380865,-0.204843,0.190249,-0.734382,-0.264977,0.191204,-0.632163
-0.160783,-0.047711,-0.182784,-0.924134,-0.157566,-0.098306,-0.955996,-0.183312,0.040436,-0.077613,0.049699,0.015561,0.107406,0.119420,-0.128272,5.243374,-0.281386,-1.002778,4.139905,0.283477,-0.924930,-0.130857,0.011795,-0.304238,0.131547,0.340867,-0.414122,0.288142,0.287260,-0.418200,0.288800,0.249827,-0.355250,-0.268070,0.253449,-0.369970,-0.195016,0.227285,-0.637042,-0.273622,0.245013,-0.497946
-0.158701,-0.019448,-0.120308,-0.935953,-0.138882,-0.034817,-0.969600,-0.159246,0.048341,-0.085966,0.040913,0.022579,-0.106891,0.190972,0.025179,5.195176,-0.370986,-0.835016,3.985581,0.356377,-0.712685,-0.109087,0.011098,-0.283858,0.085468,0.305554,-0.370962,0.203602,0.254455,-0.410207,0.181543,0.190455,-0.357036,-0.278194,0.265852,-0.362642,-0.173677,0.261975,-0.574499,-0.265664,0.296674,-0.401823
-0.144799,0.019355,-0.043672,-0.948864,-0.124894,0.043925,-0.984402,-0.140769,0.054776,-0.104207,0.041795,0.027791,-0.294739,0.227636,0.154091,5.032008,-0.429367,-0.712993,3.820263,0.432507,-0.536225,-0.084379,0.017842,-0.264598,0.041423,0.277135,-0.328995,0.112847,0.226987,-0.419978,0.066128,0.153670,-0.401478,-0.288929,0.278285,-0.357017,-0.148615,0.290958,-0.548355,-0.245565,0.346900,-0.368663
-0.122446,0.057533,0.043892,-0.962707,-0.112747,0.134777,-0.999940,-0.125808,0.062773,-0.129647,0.045180,0.034445,-0.410400,0.218740,0.242687,4.706064,-0.447897,-0.635913,3.613158,0.493450,-0.409883,-0.059700,0.033634,-0.245256,-0.000231,0.255123,-0.287515,0.018858,0.204846,-0.441819,-0.049346,0.140613,-0.467537,-0.297457,0.290757,-0.349639,-0.128738,0.310869,-0.548945,-0.220090,0.391338,-0.400243
-0.098777,0.079933,0.135192,-0.977205,-0.098377,0.229299,-1.015850,-0.110840,0.075089,-0.162661,0.047109,0.045630,-0.401973,0.163068,0.279047,4.162546,-0.422498,-0.578350,3.331027,0.506054,-0.329260,-0.037992,0.058809,-0.223809,-0.039508,0.236765,-0.244740,-0.075622,0.186737,-0.465389,-0.156963,0.146639,-0.535536,-0.301689,0.302174,-0.336442,-0.121398,0.319748,-0.560105,-0.197304,0.421821,-0.473598
-0.082232,0.071772,0.218098,-0.992714,-0.078224,0.312881,-1.032574,-0.092225,0.091550,-0.208853,0.045172,0.061765,-0.261752,0.071535,0.266168,3.394639,-0.361282,-0.504484,2.946839,0.439421,-0.274706,-0.021548,0.092984,-0.198743,-0.076733,0.218471,-0.199093,-0.168276,0.170928,-0.479445,-0.252608,0.163016,-0.592567,-0.300831,0.311480,-0.314562,-0.130570,0.317969,-0.565800,-0.183783,0.429796,-0.551316
-0.078795,0.023974,0.278228,-1.010192,-0.050643,0.368150,-1.051360,-0.067540,0.108466,-0.278913,0.034439,0.080216,-0.064199,-0.035192,0.229719,2.486279,-0.286060,-0.393539,2.439415,0.292212,-0.224218,-0.011489,0.135604,-0.170456,-0.112592,0.197155,-0.150522,-0.257235,0.155969,-0.475499,-0.336364,0.180668,-0.629388,-0.295524,0.318825,-0.284088,-0.155907,0.308638,-0.556209,-0.183128,0.409766,-0.597325
-0.088522,-0.063941,0.304153,-1.030082,-0.016183,0.381071,-1.073982,-0.036331,0.119321,-0.387243,0.007246,0.096100,0.065609,-0.135490,0.207371,1.580853,-0.218359,-0.258136,1.790426,0.108530,-0.168552,-0.007685,0.185952,-0.141698,-0.148515,0.170401,-0.100794,-0.341353,0.140687,-0.448690,-0.410142,0.193694,-0.638668,-0.287291,0.325708,-0.248415,-0.192584,0.296743,-0.530704,-0.196240,0.362470,-0.594061
-0.104471,-0.185360,0.291393,-1.049996,0.023509,0.345552,-1.103656,-0.000305,0.116402,-0.549453,-0.042745,0.103670,0.036640,-0.216109,0.224740,0.797265,-0.160098,-0.140569,0.991521,-0.032240,-0.117403,-0.009316,0.242693,-0.117017,-0.187200,0.135737,-0.052869,-0.420223,0.123574,-0.396027,-0.475557,0.200264,-0.617512,-0.277334,0.333622,-0.213043,-0.232619,0.286783,-0.496433,-0.221482,0.297603,-0.552158
-0.115441,-0.329062,0.242478,-1.061148,0.067346,0.263899,-1.148411,0.036222,0.093872,-0.779033,-0.116292,0.098574,-0.151523,-0.272788,0.280342,0.181042,-0.093445,-0.085292,0.069244,-0.053915,-0.088314,-0.015377,0.303286,-0.101810,-0.232769,0.090562,-0.010046,-0.493274,0.102360,-0.315047,-0.533159,0.200978,-0.566918,-0.265390,0.342273,-0.183960,-0.267953,0.280309,-0.463295,-0.254393,0.232594,-0.502444
-0.111506,-0.478077,0.163826,-1.043642,0.115901,0.144317,-1.226300,0.064898,0.051819,-1.085386,-0.206533,0.080373,-0.424344,-0.301947,0.350163,-0.275600,-0.005053,-0.102588,-0.884979,0.064782,-0.084666,-0.024216,0.363580,-0.101456,-0.290383,0.033230,0.024813,-0.558274,0.074456,-0.203579,-0.582847,0.195896,-0.485645,-0.249078,0.349090,-0.166736,-0.293711,0.275374,-0.438079,-0.288306,0.183787,-0.473777
-0.088937,-0.608192,0.062102,-0.964151,0.171458,-0.002109,-1.367064,0.072782,-0.001046,-1.474619,-0.299174,0.053580,-0.689371,-0.294655,0.402491,-0.594482,0.092878,-0.153879,-1.716253,0.264491,-0.085563,-0.033111,0.418060,-0.120804,-0.365490,-0.036069,0.049625,-0.610914,0.038141,-0.059259,-0.624992,0.181656,-0.366310,-0.223943,0.350621,-0.166391,-0.309058,0.268322,-0.421995,-0.316307,0.154699,-0.473312
-0.051459,-0.693616,-0.058251,-0.783843,0.236780,-0.164179,-1.601406,0.046402,-0.048312,-1.951974,-0.375073,0.026401,-0.885215,-0.241236,0.411129,-0.798614,0.170915,-0.178800,-2.264525,0.438577,-0.062506,-0.039644,0.461249,-0.163735,-0.462114,-0.115783,0.062760,-0.646083,-0.006502,0.120202,-0.661079,0.149840,-0.198948,-0.184756,0.344767,-0.187079,-0.314289,0.256481,-0.414212,-0.333089,0.132929,-0.482678
-0.007540,-0.717644,-0.194691,-0.480091,0.312460,-0.331758,-1.936352,-0.019226,-0.070531,-2.521103,-0.415809,0.008415,-0.998130,-0.141051,0.362914,-0.917069,0.209247,-0.141178,-2.449157,0.503328,-0.005528,-0.043191,0.489565,-0.231194,-0.578534,-0.203453,0.063188,-0.658549,-0.057517,0.332824,-0.693094,0.087123,0.021600,-0.128605,0.331945,-0.230319,-0.305781,0.239989,-0.417413,-0.334763,0.101276,-0.472909
0.034036,-0.678150,-0.342169,-0.068611,0.394903,-0.493583,-2.334366,-0.113227,-0.051838,-3.175338,-0.411764,0.008761,-1.047750,-0.006718,0.260100,-0.982442,0.211561,-0.049225,-2.311037,0.443115,0.070439,-0.043470,0.501933,-0.317280,-0.701578,-0.294292,0.052213,-0.641722,-0.111441,0.565055,-0.722223,-0.022138,0.290075,-0.058459,0.314049,-0.291956,-0.273277,0.221805,-0.437432,-0.316541,0.054817,-0.430457
0.067772,-0.585872,-0.486883,0.397062,0.478326,-0.633516,-2.721227,-0.211302,0.013109,-3.880667,-0.369806,0.033981,-1.061848,0.139132,0.120130,-1.020380,0.196221,0.060965,-1.980352,0.301246,0.140624,-0.038088,0.498651,-0.406880,-0.805515,-0.378843,0.034768,-0.588239,-0.163334,0.787003,-0.747050,-0.189283,0.587477,0.015865,0.292033,-0.360295,-0.203601,0.205832,-0.475020,-0.270628,0.010299,-0.375896
0.092959,-0.461547,-0.604962,0.853032,0.559230,-0.730682,-3.023041,-0.288152,0.113612,-4.560215,-0.314116,0.083685,-1.061018,0.269931,-0.026882,-1.045312,0.181331,0.151890,-1.603736,0.141222,0.185488,-0.023881,0.480162,-0.479352,-0.860344,-0.442929,0.017111,-0.495408,-0.206849,0.955758,-0.761248,-0.411575,0.879086,0.081487,0.264390,-0.418363,-0.089562,0.194108,-0.518052,-0.187006,0.000102,-0.356591
0.113313,-0.333221,-0.670955,1.255611,0.636396,-0.766384,-3.201109,-0.330879,0.221816,-5.095111,-0.274026,0.144500,-1.056668,0.362726,-0.145994,-1.064334,0.177428,0.200937,-1.283732,0.011547,0.196198,-0.001726,0.447339,-0.517374,-0.845424,-0.471431,0.001860,-0.370949,-0.235476,1.027158,-0.752278,-0.664749,1.115782,0.129209,0.227760,-0.450012,0.062631,0.184853,-0.542981,-0.057556,0.053099,-0.413422
0.135321,-0.230462,-0.671838,1.590193,0.704152,-0.734120,-3.255607,-0.343552,0.299231,-5.348695,-0.264208,0.188182,-1.052903,0.406702,-0.210437,-1.081170,0.187008,0.206733,-1.057641,-0.072588,0.176343,0.020805,0.402860,-0.514282,-0.758389,-0.454163,-0.014534,-0.232068,-0.244877,0.971622,-0.703777,-0.903413,1.241750,0.158331,0.178913,-0.445803,0.232943,0.172650,-0.524626,0.117958,0.173025,-0.545973
0.165411,-0.175597,-0.615805,1.858152,0.746384,-0.645557,-3.200940,-0.340923,0.309933,-5.206470,-0.275824,0.182018,-1.048492,0.407605,-0.212807,-1.095920,0.206353,0.186833,-0.911548,-0.127343,0.141134,0.032687,0.351845,-0.474917,-0.613926,-0.390658,-0.038843,-0.097682,-0.234636,0.787533,-0.601982,-1.070770,1.208949,0.176218,0.116627,-0.405244,0.393560,0.150710,-0.446993,0.326913,0.328400,-0.705412
0.206058,-0.174978,-0.529505,2.060002,0.740078,-0.528480,-3.038789,-0.337165,0.234385,-4.619713,-0.289907,0.110080,-1.040687,0.383671,-0.168217,-1.104262,0.228326,0.165157,-0.809369,-0.179347,0.109484,0.026387,0.300733,-0.411871,-0.436200,-0.291673,-0.075642,0.019609,-0.208204,0.506036,-0.442514,-1.114790,0.995427,0.194201,0.043085,-0.336141,0.516997,0.113903,-0.310695,0.542824,0.461772,-0.821065
0.252579,-0.214031,-0.446605,2.190833,0.669114,-0.418101,-2.752212,-0.337169,0.077837,-3.640200,-0.297503,-0.012681,-1.029446,0.355757,-0.108662,-1.099754,0.245685,0.155875,-0.717762,-0.239976,0.092071,0.003113,0.255015,-0.341135,-0.251025,-0.176502,-0.124329,0.115754,-0.171266,0.183098,-0.232825,-1.004946,0.620376,0.223518,-0.035343,-0.252741,0.582731,0.061018,-0.135108,0.729784,0.513115,-0.837441
0.293589,-0.260511,-0.394924,2.248946,0.539355,-0.345756,-2.322882,-0.334560,-0.129407,-2.423915,-0.301002,-0.151416,-1.017310,0.338311,-0.071097,-1.078743,0.253608,0.156803,-0.618152,-0.296370,0.085981,-0.027269,0.217203,-0.277837,-0.079426,-0.066554,-0.180017,0.192149,-0.129415,-0.119717,0.010397,-0.743107,0.147350,0.272852,-0.108763,-0.171915,0.581471,-0.004666,0.047346,0.850660,0.443363,-0.733213
0.316651,-0.277872,-0.388234,2.244263,0.381795,-0.329605,-1.752619,-0.316584,-0.341953,-1.181104,-0.297958,-0.278904,-1.005313,0.335714,-0.083453,-1.044276,0.250745,0.156464,-0.508071,-0.325218,0.080438,-0.051258,0.186396,-0.232094,0.066660,0.021872,-0.236264,0.252505,-0.086416,-0.355406,0.264813,-0.366304,-0.327982,0.346679,-0.166249,-0.107655,0.517614,-0.076208,0.203496,0.876080,0.247634,-0.517031
0.316371,-0.243059,-0.425281,2.194532,0.237861,-0.370991,-1.069432,-0.272917,-0.518877,-0.085345,-0.273655,-0.391493,-0.990755,0.344327,-0.154608,-1.005340,0.238951,0.145907,-0.396367,-0.313327,0.066907,-0.058465,0.159825,-0.207282,0.183964,0.081713,-0.287649,0.302840,-0.044205,-0.501215,0.504406,0.057832,-0.703149,0.443926,-0.199231,-0.067257,0.409853,-0.144441,0.310866,0.792878,-0.043321,-0.216915
0.298746,-0.157894,-0.494450,2.113996,0.137209,-0.457032,-0.317272,-0.202761,-0.642780,0.798019,-0.214340,-0.500625,-0.970045,0.357446,-0.273048,-0.971587,0.222248,0.124331,-0.296078,-0.266071,0.044251,-0.046402,0.135233,-0.201870,0.272993,0.114818,-0.331427,0.352065,-0.004446,-0.557218,0.702957,0.443008,-0.900771,0.557254,-0.204474,-0.051507,0.289097,-0.199668,0.362363,0.612258,-0.370053,0.123194
0.277065,-0.046567,-0.580190,2.008410,0.085856,-0.566872,0.457340,-0.115421,-0.723775,1.509167,-0.123915,-0.614306,-0.942969,0.369524,-0.414245,-0.947810,0.205230,0.096669,-0.217686,-0.201214,0.016798,-0.020807,0.112300,-0.212509,0.333610,0.128867,-0.367847,0.409660,0.029982,-0.540836,0.841870,0.705125,-0.894315,0.673767,-0.185479,-0.057299,0.192292,-0.233664,0.364763,0.374120,-0.658478,0.444830
0.261554,0.058449,-0.668109,1.879588,0.071503,-0.678424,1.214694,-0.024491,-0.785543,2.129727,-0.024158,-0.727972,-0.913488,0.377604,-0.552107,-0.932235,0.191154,0.068590,-0.165336,-0.137870,-0.010160,0.008557,0.092480,-0.235555,0.365008,0.133713,-0.398858,0.481228,0.055166,-0.480839,0.918511,0.789638,-0.714667,0.777583,-0.151432,-0.079931,0.151966,-0.241730,0.334239,0.141064,-0.840397,0.686178
0.251548,0.132096,-0.747547,1.731645,0.076955,-0.773559,1.926931,0.059001,-0.846646,2.717564,0.061064,-0.829949,-0.887079,0.380601,-0.668049,-0.918965,0.180622,0.043770,-0.136369,-0.088791,-0.033062,0.033528,0.077817,-0.266812,0.368518,0.138183,-0.425943,0.565245,0.067953,-0.409568,0.947725,0.693925,-0.436226,0.853676,-0.113985,-0.114097,0.185244,-0.224080,0.290804,-0.018796,-0.874216,0.802502
0.237153,0.164753,-0.811451,1.573076,0.088885,-0.840814,2.577527,0.129161,-0.912568,3.280002,0.121419,-0.913447,-0.868045,0.378214,-0.753430,-0.902156,0.171968,0.023955,-0.123196,-0.057602,-0.050251,0.050658,0.069585,-0.301248,0.349107,0.147662,-0.448748,0.652635,0.067832,-0.353667,0.953735,0.469611,-0.151565,0.891678,-0.083474,-0.154333,0.288402,-0.185905,0.252572,-0.053047,-0.755818,0.781873
0.208123,0.160691,-0.854593,1.415152,0.097351,-0.875972,3.156023,0.182973,-0.982142,3.780448,0.161054,-0.983790,-0.858380,0.370382,-0.806272,-0.879684,0.163108,0.010247,-0.116662,-0.040253,-0.060902,0.060544,0.067384,-0.334058,0.313940,0.162784,-0.465650,0.728938,0.057419,-0.327046,0.956993,0.201090,0.057660,0.888915,-0.066108,-0.195830,0.439473,-0.136000,0.231370,0.057426,-0.516056,0.646086
0.161656,0.131487,-0.872248,1.268234,0.091326,-0.881503,3.653793,0.217110,-1.059324,4.160760,0.184594,-1.055376,-0.857504,0.357037,-0.826916,-0.854830,0.153262,0.003889,-0.109781,-0.029354,-0.064293,0.065313,0.069155,-0.362384,0.270013,0.179916,-0.475672,0.778445,0.041403,-0.329955,0.964256,-0.027877,0.146191,0.851744,-0.062903,-0.235390,0.606603,-0.084414,0.231350,0.290145,-0.209007,0.439522
0.103880,0.089805,-0.861115,1.136998,0.057704,-0.865613,4.064922,0.227680,-1.159379,4.370849,0.183137,-1.143976,-0.862789,0.338031,-0.816640,-0.834943,0.143216,0.005433,-0.099653,-0.018529,-0.060490,0.066770,0.072134,-0.385958,0.223010,0.193487,-0.479748,0.789124,0.024818,-0.353975,0.967067,-0.163093,0.116617,0.793836,-0.070518,-0.271596,0.758097,-0.039979,0.250894,0.586385,0.103728,0.215233
0.046038,0.045760,-0.821906,1.017572,-0.014185,-0.840495,4.389201,0.212663,-1.305597,4.397394,0.136648,-1.264506,-0.871287,0.313499,-0.779230,-0.827448,0.134281,0.013226,-0.086803,-0.004703,-0.051609,0.066016,0.074022,-0.405914,0.177595,0.198838,-0.480227,0.756244,0.011700,-0.388641,0.947800,-0.193781,0.010716,0.731740,-0.083610,-0.303856,0.870156,-0.008950,0.286486,0.869838,0.367783,0.024836
-0.001060,0.005345,-0.761428,0.899523,-0.125840,-0.818980,4.632063,0.173789,-1.518359,4.274999,0.031016,-1.432997,-0.881534,0.284643,-0.722851,-0.835530,0.127219,0.023404,-0.073664,0.011302,-0.041546,0.063828,0.073655,-0.423098,0.137807,0.193808,-0.479354,0.682977,0.004496,-0.425395,0.888337,-0.149089,-0.113526,0.680043,-0.097559,-0.331317,0.929883,0.004798,0.335899,1.071570,0.545258,-0.087743
-0.031367,-0.029866,-0.692806,0.770936,-0.264041,-0.809886,4.801764,0.115811,-1.799904,4.070637,-0.128807,-1.660056,-0.893498,0.254294,-0.660489,-0.856233,0.122072,0.031973,-0.063555,0.025113,-0.033818,0.060825,0.071015,-0.437561,0.106547,0.178762,-0.478442,0.578578,0.003958,-0.458635,0.777112,-0.082073,-0.206404,0.647847,-0.110009,-0.352926,0.934756,-0.000719,0.397966,1.151446,0.617514,-0.093113
-0.044948,-0.061646,-0.633434,0.623133,-0.400106,-0.814543,4.906970,0.044045,-2.122602,3.851808,-0.321028,-1.934460,-0.906862,0.226481,-0.608508,-0.882016,0.118699,0.036921,-0.059689,0.031002,-0.029639,0.057213,0.066939,-0.449496,0.084418,0.156046,-0.478284,0.455986,0.009209,-0.485786,0.613156,-0.048125,-0.241673,0.637122,-0.120467,-0.368661,0.890731,-0.025119,0.468932,1.107227,0.584149,0.014415
-0.046016,-0.093148,-0.600295,0.455603,-0.497986,-0.826886,4.953306,-0.037821,-2.430571,3.659295,-0.517087,-2.214046,-0.920014,0.204927,-0.582823,-0.904704,0.117221,0.038489,-0.063792,0.025762,-0.028048,0.052554,0.062674,-0.460145,0.069104,0.129470,-0.479833,0.329485,0.018037,-0.507392,0.407437,-0.083423,-0.219945,0.643090,-0.128720,-0.380383,0.809161,-0.064833,0.539087,0.968082,0.460627,0.210294
-0.039420,-0.126975,-0.603877,0.283471,-0.529873,-0.837165,4.935166,-0.127958,-2.654575,3.498798,-0.690101,-2.435232,-0.931127,0.191331,-0.593485,-0.919362,0.117885,0.037875,-0.075336,0.011286,-0.027520,0.046058,0.059245,-0.471357,0.056349,0.103546,-0.484015,0.211957,0.027538,-0.526714,0.181640,-0.189645,-0.164702,0.656183,-0.133636,-0.391120,0.702888,-0.113142,0.593099,0.778118,0.275005,0.443554
-0.028283,-0.163706,-0.643922,0.144661,-0.491043,-0.837230,4.824786,-0.223878,-2.730481,3.351879,-0.822219,-2.533732,-0.939890,0.184640,-0.640583,-0.925867,0.120641,0.036075,-0.092340,-0.006936,-0.027186,0.037312,0.056835,-0.484145,0.042214,0.082212,-0.490865,0.112227,0.034963,-0.548184,-0.036209,-0.333171,-0.114289,0.664579,-0.133366,-0.403335,0.583748,-0.161288,0.614151,0.580157,0.063037,0.652979
-0.014068,-0.200480,-0.709507,0.094709,-0.404397,-0.824945,4.572534,-0.319641,-2.615810,3.195468,-0.910918,-2.465516,-0.947892,0.181591,-0.713938,-0.927844,0.124795,0.033992,-0.113146,-0.023718,-0.026528,0.026768,0.054603,-0.497931,0.024968,0.067474,-0.499236,0.033929,0.038458,-0.574740,-0.218579,-0.461173,-0.108230,0.656834,-0.126624,-0.417910,0.462431,-0.200224,0.589331,0.405664,-0.138735,0.788027
0.001858,-0.230362,-0.783403,0.177261,-0.309029,-0.805057,4.134583,-0.407553,-2.304775,3.015762,-0.968348,-2.222343,-0.957409,0.177849,-0.796860,-0.930205,0.128858,0.033282,-0.137638,-0.036061,-0.024281,0.015424,0.051224,-0.511510,0.005110,0.058889,-0.507774,-0.023659,0.037441,-0.605714,-0.344980,-0.526548,-0.169131,0.624669,-0.113692,-0.434760,0.348910,-0.222538,0.513276,0.270847,-0.300196,0.822315
0.017026,-0.244314,-0.848914,0.381291,-0.236530,-0.785421,3.518228,-0.484172,-1.837584,2.807457,-1.011220,-1.836675,-0.969798,0.169095,-0.872427,-0.936795,0.130621,0.036269,-0.167465,-0.041657,-0.018332,0.003946,0.045824,-0.524790,-0.016267,0.054317,-0.516318,-0.064167,0.032627,-0.637308,-0.405612,-0.508045,-0.290317,0.565247,-0.096139,-0.454230,0.251233,-0.224011,0.388335,0.177025,-0.402793,0.753682
0.027899,-0.235836,-0.895992,0.625896,-0.192724,-0.772077,2.801177,-0.551364,-1.296859,2.562679,-1.045555,-1.374456,-0.984613,0.151916,-0.929346,-0.949067,0.127615,0.044282,-0.206225,-0.037148,-0.007310,-0.007773,0.038452,-0.539453,-0.039012,0.051137,-0.526200,-0.093276,0.025733,-0.664961,-0.402284,-0.415880,-0.439462,0.481609,-0.075827,-0.477645,0.173148,-0.204541,0.222939,0.114682,-0.441295,0.595565
0.030766,-0.204523,-0.923086,0.800747,-0.162062,-0.768345,2.094265,-0.605898,-0.790305,2.264871,-1.052368,-0.920716,-0.999737,0.124574,-0.964016,-0.966232,0.118024,0.056147,-0.259861,-0.018757,0.007846,-0.020133,0.029542,-0.557822,-0.063921,0.046690,-0.539058,-0.117991,0.018913,-0.684605,-0.348179,-0.282240,-0.575919,0.380794,-0.054504,-0.506493,0.112832,-0.168295,0.030796,0.070443,-0.422378,0.368977
0.023033,-0.154798,-0.934149,0.831663,-0.128586,-0.778034,1.478650,-0.627593,-0.424981,1.898642,-0.984014,-0.562132,-1.011607,0.087290,-0.978126,-0.987649,0.101868,0.068942,-0.336274,0.015920,0.024412,-0.032842,0.018764,-0.581258,-0.091385,0.037705,-0.555504,-0.145141,0.013953,-0.692084,-0.266649,-0.144668,-0.668488,0.270904,-0.034160,-0.541317,0.064075,-0.122872,-0.169621,0.033965,-0.361091,0.100097
0.005022,-0.091448,-0.934269,0.712374,-0.090190,-0.807396,0.975923,-0.584306,-0.277934,1.466733,-0.784939,-0.366353,-1.013832,0.041509,-0.974928,-1.017968,0.082186,0.080317,-0.443892,0.066791,0.039842,-0.044090,0.004277,-0.609851,-0.120104,0.019791,-0.575054,-0.179674,0.011401,-0.683433,-0.186825,-0.032051,-0.703288,0.159135,-0.017104,-0.581698,0.019096,-0.077311,-0.358146,0.000463,-0.276969,-0.179209
-0.018172,-0.016440,-0.927951,0.484690,-0.054235,-0.862997,0.565328,-0.455525,-0.369120,0.991147,-0.434631,-0.361304,-0.992810,-0.012246,-0.957793,-1.074332,0.065883,0.089627,-0.590608,0.130680,0.052648,-0.050348,-0.017015,-0.643707,-0.147169,-0.011866,-0.597331,-0.223959,0.010127,-0.657674,-0.135242,0.042080,-0.682933,0.051461,-0.005335,-0.627542,-0.028738,-0.039640,-0.518721,-0.032016,-0.190892,-0.434278
-0.036567,0.072402,-0.920182,0.200250,-0.024467,-0.948674,0.216089,-0.253532,-0.651296,0.489446,0.022055,-0.525205,-0.923550,-0.076889,-0.931184,-1.190024,0.063141,0.097016,-0.783918,0.201372,0.061565,-0.047465,-0.048391,-0.684337,-0.169539,-0.060499,-0.623376,-0.278403,0.007957,-0.619988,-0.127928,0.079324,-0.622891,-0.047082,0.000126,-0.680302,-0.083339,-0.015070,-0.644259,-0.066724,-0.122225,-0.635944
-0.038390,0.182793,-0.917119,-0.101082,0.005667,-1.064957,-0.092653,-0.021593,-1.029604,-0.052289,0.495036,-0.794742,-0.774912,-0.158761,-0.901506,-1.404355,0.083618,0.101886,-1.031309,0.271073,0.064839,-0.033223,-0.091985,-0.734388,-0.185633,-0.125559,-0.655945,-0.342299,0.003255,-0.581987,-0.168207,0.090725,-0.546352,-0.132646,-0.000526,-0.742493,-0.145661,-0.005271,-0.737707,-0.108989,-0.085290,-0.770094
-0.015390,0.325887,-0.923792,-0.390961,0.048981,-1.207712,-0.366974,0.187468,-1.397992,-0.672859,0.905695,-1.083461,-0.528780,-0.262990,-0.876068,-1.736374,0.130056,0.101300,-1.341360,0.332093,0.060276,-0.009645,-0.147718,-0.795262,-0.195373,-0.201677,-0.698200,-0.414164,-0.003451,-0.559128,-0.249351,0.088279,-0.476314,-0.203637,-0.005262,-0.815221,-0.214555,-0.007822,-0.811038,-0.162753,-0.086184,-0.843469
0.032601,0.505216,-0.939751,-0.645293,0.115847,-1.361701,-0.602677,0.332817,-1.663974,-1.383297,1.221001,-1.298812,-0.199105,-0.387129,-0.860603,-2.161016,0.194617,0.088047,-1.726401,0.377476,0.044940,0.017327,-0.212864,-0.864116,-0.198273,-0.279589,-0.751237,-0.491835,-0.008762,-0.567418,-0.358163,0.078837,-0.428100,-0.262025,-0.008851,-0.895419,-0.288080,-0.015349,-0.884438,-0.226262,-0.122172,-0.882380
0.097164,0.702070,-0.955581,-0.842983,0.206781,-1.494260,-0.795640,0.396314,-1.757107,-2.108090,1.432979,-1.362316,0.171477,-0.519890,-0.855924,-2.613519,0.262933,0.049530,-2.204833,0.402934,0.013754,0.040783,-0.282415,-0.932470,-0.191068,-0.348744,-0.812044,-0.572494,-0.006961,-0.620273,-0.479050,0.065152,-0.409928,-0.314134,-0.002194,-0.975018,-0.364043,-0.015611,-0.983962,-0.291424,-0.183592,-0.923190
0.166489,0.873767,-0.954010,-0.971533,0.308626,-1.562059,-0.951747,0.385465,-1.642822,-2.687060,1.521689,-1.240617,0.537649,-0.647739,-0.855676,-3.021247,0.322596,-0.029931,-2.795984,0.412489,-0.041752,0.055563,-0.349841,-0.987989,-0.167696,-0.400217,-0.873651,-0.651412,0.007476,-0.725062,-0.598728,0.052359,-0.434570,-0.369375,0.025427,-1.043009,-0.438880,0.005429,-1.133954,-0.349023,-0.254708,-0.997941
0.233317,0.973732,-0.918577,-1.031664,0.396822,-1.534706,-1.088273,0.330717,-1.345504,-2.955892,1.458151,-0.970378,0.875360,-0.763892,-0.849801,-3.334011,0.367875,-0.161529,-3.502229,0.423803,-0.131723,0.058763,-0.407780,-1.019785,-0.123183,-0.428360,-0.928226,-0.718799,0.035016,-0.880150,-0.707971,0.051913,-0.532415,-0.434948,0.080772,-1.089963,-0.505780,0.056998,-1.344428,-0.396964,-0.311377,-1.122027
0.297697,0.979862,-0.848038,-1.036735,0.447659,-1.418971,-1.223776,0.272446,-0.950429,-2.842693,1.245466,-0.645219,1.185060,-0.871610,-0.836013,-3.531113,0.397901,-0.341579,-4.283350,0.465029,-0.262901,0.049344,-0.448726,-1.025329,-0.059247,-0.430954,-0.971749,-0.757825,0.066267,-1.074482,-0.797298,0.076356,-0.747663,-0.507874,0.160320,-1.113245,-0.554896,0.136063,-1.598971,-0.444048,-0.320144,-1.289294
0.360106,0.906384,-0.765462,-1.010592,0.456417,-1.260162,-1.361585,0.239248,-0.565233,-2.404535,0.942334,-0.363449,1.478155,-0.979180,-0.830502,-3.609551,0.412397,-0.547639,-5.040771,0.559883,-0.435510,0.028531,-0.466413,-1.013651,0.013843,-0.408836,-1.006590,-0.748749,0.082671,-1.290462,-0.850346,0.127321,-1.109585,-0.571805,0.247961,-1.119099,-0.577449,0.224850,-1.852171,-0.503237,-0.247255,-1.476471
0.411832,0.789415,-0.709551,-0.984956,0.445499,-1.115425,-1.479191,0.232975,-0.267709,-1.790973,0.634772,-0.177493,1.759737,-1.092198,-0.863400,-3.568891,0.407951,-0.751274,-5.628679,0.706784,-0.648745,0.000098,-0.457967,-1.000390,0.082318,-0.365634,-1.039258,-0.679203,0.065536,-1.508224,-0.842425,0.186885,-1.595166,-0.605125,0.320025,-1.118645,-0.571741,0.297571,-2.042304,-0.577521,-0.079496,-1.653211
0.434867,0.661411,-0.710157,-0.989699,0.450127,-1.019888,-1.538266,0.234998,-0.080971,-1.172898,0.385613,-0.083104,2.016734,-1.210941,-0.956992,-3.403474,0.375643,-0.941601,-5.891374,0.863901,-0.907669,-0.030851,-0.425774,-0.997994,0.136584,-0.307157,-1.075069,-0.553171,0.008111,-1.707732,-0.748125,0.221766,-2.114660,-0.595536,0.355699,-1.120612,-0.545949,0.333187,-2.115316,-0.650963,0.155724,-1.788603
0.413856,0.536345,-0.766050,-1.035036,0.490193,-0.971232,-1.514491,0.228374,0.014552,-0.676234,0.212165,-0.045286,2.217373,-1.332972,-1.103010,-3.104977,0.303385,-1.135309,-5.708052,0.951510,-1.211156,-0.059776,-0.377588,-1.009295,0.174358,-0.240244,-1.114081,-0.390414,-0.079298,-1.867407,-0.555191,0.200538,-2.540275,-0.548409,0.346561,-1.127135,-0.513879,0.325323,-2.047608,-0.695561,0.390477,-1.849553
0.349109,0.412204,-0.841514,-1.101344,0.552957,-0.938107,-1.421486,0.214157,0.053724,-0.348084,0.102015,-0.030098,2.324895,-1.452480,-1.256910,-2.671488,0.186044,-1.354920,-5.028283,0.878773,-1.519144,-0.083520,-0.324577,-1.027535,0.198117,-0.172108,-1.150030,-0.216611,-0.175549,-1.962602,-0.277338,0.112965,-2.764293,-0.483350,0.299994,-1.134404,-0.485668,0.283399,-1.856726,-0.690115,0.544036,-1.801908
0.258606,0.282126,-0.883535,-1.151332,0.602157,-0.880260,-1.303984,0.207615,0.065999,-0.167458,0.037923,-0.019636,2.319257,-1.553339,-1.353601,-2.115037,0.036298,-1.590728,-3.894068,0.590850,-1.739722,-0.099823,-0.278191,-1.039799,0.211757,-0.110739,-1.171583,-0.052256,-0.260686,-1.968880,0.043376,-0.023209,-2.744970,-0.424299,0.235240,-1.135119,-0.461027,0.225953,-1.595644,-0.634487,0.563635,-1.627126
0.168611,0.143990,-0.848794,-1.156037,0.604370,-0.768353,-1.207417,0.221986,0.068236,-0.083968,0.008181,-0.009857,2.210889,-1.606524,-1.336344,-1.461058,-0.118404,-1.785960,-2.443956,0.113638,-1.778693,-0.106816,-0.246794,-1.031454,0.219614,-0.064903,-1.165785,0.092670,-0.324788,-1.870856,0.349708,-0.173506,-2.508658,-0.390033,0.174296,-1.120728,-0.431289,0.170959,-1.332641,-0.546817,0.453151,-1.348263
0.101825,0.004378,-0.725270,-1.112008,0.550236,-0.597320,-1.153136,0.257359,0.066849,-0.051841,0.003941,-0.002466,2.035271,-1.582582,-1.184461,-0.742495,-0.255521,-1.866223,-0.886034,-0.440620,-1.622293,-0.103492,-0.233101,-0.991431,0.226566,-0.042281,-1.123536,0.217121,-0.369060,-1.671950,0.590722,-0.306248,-2.118432,-0.388172,0.132506,-1.084047,-0.388333,0.128471,-1.125481,-0.448699,0.272055,-1.040988
0.069813,-0.122782,-0.536658,-1.038161,0.456740,-0.388690,-1.136166,0.302577,0.063092,-0.042274,0.015193,0.000914,1.834080,-1.472266,-0.924946,0.004397,-0.376155,-1.789918,0.565500,-0.927211,-1.362681,-0.090782,-0.233684,-0.916894,0.237296,-0.046596,-1.044507,0.323573,-0.400720,-1.398335,0.737600,-0.405717,-1.643416,-0.414121,0.114038,-1.022214,-0.332204,0.099110,-1.002627,-0.353495,0.104579,-0.810135
0.069993,-0.220846,-0.328635,-0.959835,0.354006,-0.180528,-1.138452,0.344475,0.057291,-0.040746,0.030922,0.000701,1.639103,-1.297370,-0.621427,0.741006,-0.504577,-1.577666,1.763662,-1.252522,-1.128764,-0.072104,-0.240967,-0.814613,0.254817,-0.075731,-0.938223,0.413091,-0.426455,-1.093500,0.787770,-0.473253,-1.147079,-0.455081,0.113826,-0.938340,-0.271833,0.077967,-0.959472,-0.265725,0.016380,-0.738025
0.086907,-0.276283,-0.147135,-0.894706,0.269252,-0.010456,-1.142249,0.375009,0.051025,-0.040828,0.041596,-0.000647,1.466502,-1.102814,-0.347863,1.428860,-0.670840,-1.302626,2.665047,-1.421174,-0.996991,-0.052543,-0.246622,-0.698112,0.279216,-0.121832,-0.820388,0.483782,-0.448641,-0.805089,0.761119,-0.519866,-0.687801,-0.496650,0.123097,-0.840642,-0.220196,0.060128,-0.968256,-0.186901,0.024345,-0.838192
0.099470,-0.283714,-0.021551,-0.849128,0.217771,0.098599,-1.135981,0.392321,0.047165,-0.040113,0.041608,0.000412,1.316333,-0.936951,-0.162470,2.036592,-0.894233,-1.056576,3.308008,-1.509932,-0.973404,-0.036885,-0.244591,-0.582392,0.307003,-0.173247,-0.706577,0.532503,-0.465662,-0.569504,0.691868,-0.555556,-0.318248,-0.528050,0.134249,-0.739476,-0.188683,0.044097,-0.993723,-0.120750,0.096098,-1.048300
0.092159,-0.248413,0.040442,-0.822769,0.202540,0.143447,-1.114228,0.398128,0.048145,-0.038378,0.030569,0.006582,1.174962,-0.832197,-0.092496,2.547598,-1.177855,-0.914144,3.757300,-1.601476,-1.036916,-0.027709,-0.232473,-0.479127,0.331675,-0.217673,-0.606960,0.557424,-0.474515,-0.401976,0.616761,-0.581125,-0.076345,-0.543723,0.142993,-0.643901,-0.183873,0.032057,-1.006426,-0.075929,0.174831,-1.264635
0.062637,-0.184878,0.048224,-0.813592,0.218165,0.136631,-1.076602,0.395550,0.053783,-0.036848,0.013194,0.017648,1.024222,-0.793889,-0.131056,2.961680,-1.510192,-0.907320,4.058949,-1.739561,-1.167406,-0.024818,-0.211087,-0.394435,0.345991,-0.245687,-0.524816,0.559241,-0.472918,-0.297191,0.562347,-0.588225,0.029042,-0.541979,0.148152,-0.559526,-0.206949,0.028097,-0.989634,-0.066035,0.210937,-1.390666
0.020535,-0.112125,0.020579,-0.818157,0.254489,0.098943,-1.027741,0.388863,0.060947,-0.037077,-0.002746,0.030218,0.853928,-0.800882,-0.242634,3.289005,-1.868338,-1.016923,4.229326,-1.926177,-1.335451,-0.026164,-0.183101,-0.329156,0.345271,-0.253492,-0.458473,0.540604,-0.459489,-0.238346,0.536824,-0.567223,0.024618,-0.523089,0.150548,-0.488108,-0.254375,0.035886,-0.940386,-0.104718,0.183863,-1.372603
-0.020439,-0.047822,-0.020394,-0.830057,0.299182,0.053142,-0.976329,0.383293,0.065628,-0.039444,-0.009999,0.039864,0.667146,-0.817333,-0.375465,3.541613,-2.223587,-1.185424,4.271038,-2.136565,-1.494959,-0.029196,-0.151922,-0.280175,0.329812,-0.243603,-0.404038,0.504824,-0.432757,-0.207709,0.530620,-0.515116,-0.039712,-0.488516,0.151827,-0.428229,-0.318658,0.056713,-0.866323,-0.196533,0.107036,-1.212127
-0.050553,-0.003011,-0.054040,-0.841673,0.341210,0.019208,-0.930740,0.383046,0.065320,-0.042472,-0.005182,0.043685,0.475631,-0.809026,-0.478637,3.728417,-2.549975,-1.344364,4.192425,-2.331441,-1.600055,-0.031670,-0.121346,-0.241729,0.304919,-0.222938,-0.356879,0.454890,-0.390636,-0.193548,0.524404,-0.436676,-0.116545,-0.441225,0.153549,-0.376306,-0.388976,0.088465,-0.779744,-0.330668,0.017002,-0.956931
-0.067444,0.020984,-0.065854,-0.848972,0.374847,0.010151,-0.893481,0.388724,0.059785,-0.043883,0.009921,0.041284,0.293172,-0.754921,-0.517761,3.855070,-2.831598,-1.438926,4.017891,-2.470448,-1.623484,-0.031977,-0.095368,-0.207008,0.278327,-0.199214,-0.312273,0.393324,-0.331389,-0.191746,0.499336,-0.340364,-0.180516,-0.385984,0.156610,-0.327971,-0.452186,0.125870,-0.691131,-0.483130,-0.046039,-0.674040
-0.074297,0.031684,-0.050682,-0.853920,0.401049,0.029487,-0.859863,0.396911,0.050522,-0.042516,0.029764,0.034309,0.132684,-0.649845,-0.482247,3.925263,-3.063669,-1.437848,3.789285,-2.532375,-1.556899,-0.029408,-0.077326,-0.170656,0.256237,-0.177404,-0.266538,0.322901,-0.255774,-0.202745,0.444373,-0.234733,-0.229223,-0.328876,0.161122,-0.280118,-0.494684,0.161953,-0.605697,-0.624460,-0.056353,-0.418634
-0.075737,0.040540,-0.012562,-0.862008,0.424932,0.071979,-0.822408,0.402707,0.040016,-0.039470,0.048147,0.025578,0.005169,-0.501841,-0.383155,3.940754,-3.247720,-1.332382,3.557806,-2.530409,-1.402037,-0.024111,-0.068538,-0.131342,0.240331,-0.157825,-0.218656,0.247666,-0.168775,-0.226986,0.358918,-0.127366,-0.271778,-0.276006,0.166690,-0.232897,-0.505231,0.190070,-0.524614,-0.726293,-0.011858,-0.216850
-0.074930,0.056765,0.038812,-0.877680,0.451688,0.127474,-0.776789,0.403069,0.031013,-0.037530,0.061185,0.018143,-0.082650,-0.328359,-0.245249,3.901175,-3.385517,-1.132700,3.364787,-2.504514,-1.167477,-0.016521,-0.067636,-0.092237,0.227666,-0.136762,-0.170689,0.172931,-0.078945,-0.262323,0.251863,-0.024207,-0.318256,-0.231921,0.172766,-0.189865,-0.477968,0.205683,-0.448707,-0.765295,0.068289,-0.071005
-0.073075,0.083314,0.093436,-0.901219,0.483802,0.186171,-0.724682,0.398617,0.025700,-0.039455,0.068582,0.014335,-0.131027,-0.152101,-0.096799,3.804945,-3.474734,-0.863819,3.220873,-2.491347,-0.871095,-0.006868,-0.071362,-0.058508,0.212973,-0.109254,-0.126058,0.103375,0.005046,-0.304018,0.138469,0.071533,-0.375002,-0.198390,0.178783,-0.155566,-0.414250,0.207235,-0.380472,-0.727601,0.155066,0.023638
-0.069920,0.116585,0.145996,-0.927995,0.520288,0.243223,-0.672802,0.393336,0.025134,-0.046744,0.072832,0.015188,-0.146197,0.002821,0.039369,3.649610,-3.505722,-0.559692,3.101755,-2.495287,-0.540645,0.004576,-0.076166,-0.033558,0.191342,-0.072393,-0.086842,0.040814,0.078034,-0.345163,0.035148,0.158909,-0.442262,-0.174149,0.184140,-0.132086,-0.322345,0.196079,-0.323007,-0.614033,0.223023,0.067335
-0.063853,0.149458,0.197970,-0.949618,0.557348,0.300322,-0.630179,0.392903,0.029124,-0.059876,0.077223,0.020399,-0.133282,0.112386,0.149413,3.428905,-3.458833,-0.255964,2.967914,-2.485269,-0.208231,0.016933,-0.079362,-0.016844,0.160018,-0.027193,-0.052349,-0.015895,0.139149,-0.376962,-0.047255,0.236484,-0.511842,-0.155938,0.188365,-0.117334,-0.215157,0.175752,-0.278037,-0.441781,0.258547,0.056172
-0.051991,0.175796,0.255222,-0.956747,0.589995,0.363010,-0.605273,0.402539,0.036342,-0.079392,0.084218,0.028540,-0.088113,0.154145,0.226413,3.130307,-3.306586,0.017424,2.794245,-2.416630,0.099661,0.028701,-0.079633,-0.004393,0.119360,0.021709,-0.019783,-0.068753,0.190028,-0.390443,-0.108320,0.300430,-0.566911,-0.140231,0.191528,-0.106130,-0.106975,0.151032,-0.245350,-0.240258,0.260673,-0.008991
-0.031841,0.193432,0.322173,-0.942984,0.614472,0.434918,-0.603071,0.425163,0.044628,-0.106763,0.095253,0.037450,0.000247,0.114822,0.267750,2.742125,-3.026531,0.241171,2.584896,-2.255817,0.369625,0.038223,-0.077113,0.009042,0.072805,0.068019,0.013995,-0.118728,0.233026,-0.379861,-0.156686,0.346682,-0.587456,-0.124495,0.194507,-0.092795,-0.010263,0.126975,-0.223507,-0.043345,0.237147,-0.112547
-0.004811,0.203336,0.396313,-0.908120,0.630700,0.512474,-0.622481,0.460605,0.051749,-0.145032,0.111844,0.045113,0.131100,0.004016,0.276473,2.271096,-2.620681,0.405394,2.360840,-1.990357,0.597933,0.044006,-0.072834,0.027785,0.025308,0.106406,0.051063,-0.165622,0.270555,-0.344961,-0.202790,0.375635,-0.560956,-0.107370,0.198736,-0.073223,0.066946,0.107919,-0.210331,0.119201,0.199751,-0.223201
0.020435,0.205809,0.466599,-0.858118,0.642748,0.583139,-0.656189,0.506485,0.056316,-0.199213,0.136998,0.050637,0.272718,-0.138589,0.264283,1.755302,-2.124877,0.502948,2.130782,-1.625150,0.776236,0.044790,-0.067360,0.053889,-0.019197,0.134464,0.091881,-0.209076,0.304874,-0.289886,-0.251722,0.394304,-0.491446,-0.088039,0.205260,-0.045485,0.122033,0.096637,-0.202126,0.229021,0.160934,-0.306371
0.027857,0.196715,0.516551,-0.800597,0.655872,0.627806,-0.695229,0.560786,0.057994,-0.275562,0.175552,0.054374,0.365896,-0.255819,0.250140,1.254597,-1.595270,0.525418,1.868094,-1.174099,0.880011,0.039815,-0.059504,0.086709,-0.059403,0.152826,0.135281,-0.249267,0.337680,-0.220209,-0.301832,0.413041,-0.398040,-0.065526,0.213541,-0.009434,0.156386,0.094021,-0.192475,0.282213,0.131521,-0.340650
-0.000912,0.166009,0.530054,-0.737639,0.671434,0.626128,-0.737348,0.625383,0.056942,-0.379836,0.232913,0.057096,0.354408,-0.301047,0.253281,0.821867,-1.081826,0.468677,1.511048,-0.651333,0.875751,0.029422,-0.046361,0.123219,-0.096296,0.163605,0.178698,-0.286706,0.369544,-0.140746,-0.348162,0.439444,-0.302322,-0.038428,0.220882,0.033747,0.172700,0.099350,-0.172504,0.286594,0.118263,-0.323240
-0.077324,0.100049,0.497394,-0.660654,0.683374,0.563532,-0.793755,0.708301,0.053414,-0.516474,0.313375,0.059343,0.218521,-0.260351,0.285646,0.479843,-0.612471,0.343409,0.992171,-0.065259,0.746333,0.015665,-0.024876,0.158691,-0.131856,0.168596,0.218666,-0.321773,0.399854,-0.054637,-0.385604,0.475021,-0.215642,-0.005126,0.223011,0.081497,0.173388,0.110750,-0.133444,0.255670,0.121361,-0.261908
-0.196765,-0.011564,0.419595,-0.552036,0.679382,0.438419,-0.887629,0.821726,0.047990,-0.690495,0.420258,0.061693,-0.014419,-0.152798,0.348193,0.221626,-0.198276,0.179030,0.289366,0.574578,0.514954,0.002545,0.006111,0.187213,-0.168589,0.168418,0.251408,-0.354921,0.427693,0.037661,-0.409423,0.517065,-0.136684,0.035976,0.215171,0.129340,0.160727,0.125480,-0.069546,0.203478,0.133613,-0.164884
-0.335709,-0.167518,0.308820,-0.394894,0.646764,0.265971,-1.041799,0.974446,0.041470,-0.910807,0.557975,0.065224,-0.285866,-0.012884,0.431268,0.027434,0.152233,0.016849,-0.530019,1.232535,0.246659,-0.004745,0.044724,0.201703,-0.210319,0.162877,0.273035,-0.387435,0.452735,0.139229,-0.415887,0.562544,-0.057336,0.086630,0.192663,0.170466,0.137668,0.139928,0.020795,0.141751,0.142553,-0.036615
-0.459600,-0.351584,0.182644,-0.185720,0.579264,0.073518,-1.261906,1.162500,0.033411,-1.190835,0.733084,0.070940,-0.533348,0.129228,0.517310,-0.121389,0.427612,-0.103385,-1.313742,1.823741,0.021283,-0.002213,0.086836,0.193910,-0.263158,0.152719,0.279194,-0.421377,0.474473,0.255325,-0.405153,0.609381,0.031276,0.148804,0.151024,0.196169,0.108847,0.149284,0.135043,0.077954,0.135001,0.123293
-0.538513,-0.537899,0.054249,0.059865,0.479391,-0.112266,-1.527790,1.365464,0.019886,-1.544460,0.951682,0.078278,-0.713043,0.258637,0.585033,-0.238473,0.621572,-0.157667,-1.892683,2.227880,-0.106957,0.009939,0.128403,0.155949,-0.334551,0.141973,0.265393,-0.457585,0.489630,0.389099,-0.384169,0.653997,0.134438,0.223303,0.087557,0.197857,0.082754,0.147206,0.264917,0.015072,0.101747,0.318320
-0.559799,-0.699437,-0.073230,0.314268,0.354003,-0.276429,-1.800943,1.552471,-0.007463,-1.979434,1.213906,0.084441,-0.808692,0.375781,0.614880,-0.333374,0.742052,-0.144456,-2.170127,2.345679,-0.132340,0.026703,0.167066,0.084616,-0.428664,0.137650,0.229463,-0.492641,0.490179,0.536464,-0.366392,0.687562,0.249843,0.306836,0.004617,0.170615,0.074071,0.126428,0.393379,-0.042699,0.040146,0.544635
-0.528798,-0.812728,-0.201375,0.552941,0.206778,-0.414487,-2.042514,1.693905,-0.060429,-2.491900,1.507986,0.085495,-0.826965,0.488213,0.595026,-0.412319,0.808197,-0.078948,-2.163593,2.157459,-0.085506,0.041651,0.201017,-0.013497,-0.539406,0.144639,0.174993,-0.517499,0.464811,0.682672,-0.368460,0.693188,0.368512,0.390003,-0.088241,0.116797,0.102332,0.080858,0.495203,-0.078776,-0.045344,0.773500
-0.460442,-0.859853,-0.324739,0.764780,0.034090,-0.521560,-2.228114,1.770752,-0.152603,-3.061803,1.806138,0.077612,-0.788157,0.599297,0.526026,-0.478351,0.839370,0.015796,-1.971889,1.737996,-0.005945,0.051300,0.226957,-0.121176,-0.646913,0.160335,0.111742,-0.520102,0.404323,0.801849,-0.404771,0.646435,0.482966,0.459248,-0.176845,0.046903,0.184583,0.008329,0.545146,-0.058414,-0.142872,0.942336
-0.371395,-0.833181,-0.425694,0.950270,-0.172394,-0.585997,-2.351035,1.777756,-0.297237,-3.647603,2.067107,0.055977,-0.719787,0.701476,0.421701,-0.531755,0.849364,0.110829,-1.704677,1.219416,0.071702,0.055934,0.241063,-0.216752,-0.722885,0.176021,0.051045,-0.491341,0.308083,0.860744,-0.479695,0.522941,0.592315,0.502613,-0.249000,-0.023595,0.325180,-0.087745,0.530055,0.060108,-0.233355,0.970737
-0.276792,-0.741963,-0.482904,1.111606,-0.418513,-0.596114,-2.416205,1.722228,-0.501673,-4.184032,2.250968,0.011970,-0.650545,0.779578,0.304848,-0.571656,0.847589,0.175514,-1.432851,0.730692,0.119947,0.056780,0.243239,-0.283200,-0.742621,0.184175,-0.000099,-0.430441,0.187016,0.828335,-0.579187,0.314215,0.691595,0.515310,-0.299943,-0.079535,0.509524,-0.198662,0.456022,0.300818,-0.295025,0.799443
-0.188615,-0.612812,-0.486729,1.245081,-0.700077,-0.553502,-2.431095,1.620725,-0.757778,-4.590866,2.340453,-0.066966,-0.600585,0.821257,0.198307,-0.598454,0.839765,0.192590,-1.183658,0.351563,0.125907,0.053739,0.239866,-0.313692,-0.695582,0.183594,-0.041062,-0.345554,0.060014,0.689568,-0.668785,0.042350,0.753011,0.501220,-0.332717,-0.110589,0.707023,-0.312582,0.345469,0.649339,-0.314061,0.429325
-0.113707,-0.479624,-0.448896,1.340969,-0.997250,-0.479876,-2.396911,1.493002,-1.034229,-4.792023,2.347354,-0.190274,-0.573364,0.825020,0.114244,-0.614918,0.826911,0.169220,-0.961203,0.101927,0.097922,0.046276,0.241104,-0.311800,-0.588764,0.177724,-0.075290,-0.248892,-0.054983,0.456602,-0.703345,-0.240833,0.724127,0.470217,-0.354893,-0.114004,0.882305,-0.417995,0.227442,1.050878,-0.295590,-0.066779
-0.053286,-0.368625,-0.399444,1.388450,-1.272071,-0.410959,-2.303199,1.354306,-1.278736,-4.730852,2.289285,-0.352000,-0.556912,0.799943,0.047650,-0.624684,0.806795,0.128451,-0.764314,-0.038771,0.057428,0.035762,0.254530,-0.288423,-0.443248,0.169403,-0.106729,-0.150487,-0.149316,0.170309,-0.644386,-0.473451,0.555905,0.434150,-0.375246,-0.095166,1.006995,-0.506912,0.128006,1.426999,-0.265430,-0.569138
-0.005442,-0.288886,-0.373129,1.381556,-1.473480,-0.380911,-2.130931,1.210525,-1.433830,-4.371870,2.153549,-0.524897,-0.533839,0.759846,-0.019900,-0.629539,0.777195,0.090878,-0.593106,-0.103992,0.022826,0.026043,0.280523,-0.257013,-0.286700,0.157418,-0.137237,-0.055468,-0.225307,-0.111015,-0.475309,-0.609541,0.242801,0.403667,-0.401528,-0.064929,1.065024,-0.575842,0.064364,1.700513,-0.258629,-0.958094
0.031341,-0.233625,-0.393000,1.325218,-1.554620,-0.406175,-1.864350,1.059159,-1.461382,-3.700424,1.886643,-0.671626,-0.492991,0.718068,-0.106925,-0.627469,0.737256,0.064802,-0.449675,-0.122762,0.001054,0.021303,0.312535,-0.228454,-0.144543,0.137133,-0.165857,0.034281,-0.291058,-0.332256,-0.209236,-0.636838,-0.156193,0.386097,-0.438447,-0.034493,1.052240,-0.624546,0.042252,1.816870,-0.301411,-1.155374
0.056980,-0.189560,-0.459967,1.239880,-1.496613,-0.477702,-1.502803,0.894088,-1.361180,-2.735884,1.428675,-0.765844,-0.436040,0.685236,-0.218253,-0.612800,0.686696,0.048560,-0.337109,-0.115879,-0.010005,0.022987,0.341119,-0.208039,-0.032892,0.103975,-0.190285,0.117287,-0.353662,-0.461485,0.111927,-0.579635,-0.533276,0.384328,-0.485959,-0.011113,0.974751,-0.654237,0.055991,1.755745,-0.398741,-1.141182
0.071752,-0.146860,-0.553675,1.159552,-1.321105,-0.565748,-1.061548,0.709260,-1.167875,-1.552359,0.770772,-0.801992,-0.375688,0.667861,-0.340822,-0.579572,0.625898,0.037232,-0.257205,-0.098268,-0.015391,0.028198,0.358569,-0.196058,0.043913,0.057247,-0.209555,0.191681,-0.415886,-0.498687,0.428761,-0.486975,-0.778189,0.397043,-0.538995,0.002851,0.846586,-0.666176,0.091355,1.532351,-0.534114,-0.948111
0.078661,-0.103413,-0.643183,1.120328,-1.079493,-0.633684,-0.562026,0.499172,-0.927496,-0.283493,-0.008239,-0.787045,-0.326952,0.665835,-0.451109,-0.527519,0.558176,0.027387,-0.208018,-0.080390,-0.018879,0.030925,0.361635,-0.190670,0.090733,0.002173,-0.225612,0.256323,-0.476824,-0.469693,0.683482,-0.411621,-0.829994,0.420234,-0.589030,0.008085,0.685805,-0.660801,0.130299,1.191139,-0.678146,-0.642982
0.082830,-0.062557,-0.700598,1.143771,-0.826395,-0.652628,-0.023433,0.258694,-0.673882,0.909723,-0.760901,-0.731032,-0.298037,0.670867,-0.527546,-0.466127,0.491715,0.018088,-0.183415,-0.067715,-0.022153,0.025589,0.351400,-0.190358,0.116568,-0.050980,-0.242236,0.311535,-0.533731,-0.411308,0.838543,-0.389455,-0.704718,0.448882,-0.626671,0.005950,0.510953,-0.637838,0.155751,0.794039,-0.799187,-0.304931
0.088006,-0.028778,-0.710756,1.224579,-0.597550,-0.610419,0.535582,-0.014745,-0.423754,1.902685,-1.345489,-0.649570,-0.287615,0.669654,-0.559222,-0.411631,0.437511,0.009497,-0.174799,-0.060659,-0.025937,0.010645,0.331247,-0.194396,0.130593,-0.090666,-0.262343,0.358261,-0.582811,-0.357268,0.887512,-0.427957,-0.484568,0.477660,-0.644227,-0.002660,0.339984,-0.597652,0.155573,0.405691,-0.872955,-0.005100
0.093805,-0.005525,-0.673631,1.331080,-0.405661,-0.512916,1.090200,-0.317654,-0.188679,2.656090,-1.703062,-0.567467,-0.289279,0.651504,-0.547090,-0.377825,0.403478,0.001539,-0.173598,-0.056532,-0.030854,-0.010593,0.304667,-0.201955,0.140667,-0.109048,-0.286200,0.396684,-0.619383,-0.330516,0.854905,-0.506857,-0.278174,0.500621,-0.637443,-0.017081,0.190454,-0.542874,0.125010,0.079512,-0.889517,0.207634
0.096496,0.005007,-0.600589,1.419678,-0.250176,-0.379160,1.609601,-0.639516,0.013116,3.201637,-1.871148,-0.507763,-0.297481,0.614675,-0.500090,-0.368117,0.389658,-0.005972,-0.173515,-0.052751,-0.036999,-0.032665,0.274112,-0.211464,0.152850,-0.105406,-0.311929,0.425546,-0.638379,-0.340983,0.784074,-0.588247,-0.174881,0.510918,-0.605934,-0.036320,0.078049,-0.478738,0.066829,-0.151807,-0.854115,0.313410
0.092249,0.002531,-0.508363,1.454025,-0.127638,-0.233994,2.066016,-0.965487,0.157303,3.580401,-1.930648,-0.474611,-0.309482,0.566253,-0.430989,-0.375297,0.388802,-0.012520,-0.171728,-0.049068,-0.043269,-0.051641,0.241018,-0.221010,0.170635,-0.086036,-0.337286,0.442300,-0.634895,-0.386392,0.716883,-0.631910,-0.213284,0.501654,-0.552576,-0.059054,0.012974,-0.411794,-0.010241,-0.278540,-0.780838,0.319601
0.079673,-0.010126,-0.414037,1.416851,-0.034330,-0.101210,2.443196,-1.279660,0.224556,3.802784,-1.947398,-0.451824,-0.323532,0.516480,-0.353956,-0.388136,0.391438,-0.016891,-0.167992,-0.046968,-0.047754,-0.066396,0.206353,-0.229236,0.194344,-0.061049,-0.360834,0.443651,-0.604228,-0.455152,0.674906,-0.611072,-0.373623,0.468062,-0.482694,-0.084107,-0.003770,-0.348100,-0.093196,-0.308580,-0.683933,0.250645
0.060155,-0.027138,-0.331627,1.310730,0.036168,0.001727,2.737179,-1.566300,0.211795,3.863620,-1.953897,-0.420240,-0.337278,0.472859,-0.282609,-0.398497,0.390813,-0.018263,-0.162117,-0.046937,-0.049129,-0.077140,0.170953,-0.235958,0.221220,-0.040224,-0.381781,0.426634,-0.542527,-0.530119,0.651733,-0.523433,-0.591743,0.410087,-0.403423,-0.110850,0.017854,-0.291813,-0.166583,-0.259592,-0.573182,0.136135
0.036792,-0.041805,-0.269681,1.151799,0.092876,0.066425,2.951133,-1.810248,0.133166,3.776438,-1.959680,-0.376234,-0.348363,0.437946,-0.227305,-0.403915,0.384391,-0.017014,-0.152399,-0.046623,-0.047499,-0.083685,0.135546,-0.242082,0.245936,-0.030056,-0.399156,0.390164,-0.449233,-0.591960,0.620153,-0.392946,-0.785185,0.333447,-0.322685,-0.139143,0.058676,-0.244363,-0.215835,-0.155190,-0.455226,0.005440
0.013165,-0.049217,-0.230244,0.960979,0.141961,0.092576,3.088991,-1.998664,0.008329,3.579890,-1.961622,-0.336828,-0.355687,0.410566,-0.192727,-0.405710,0.372414,-0.014230,-0.136838,-0.042274,-0.043833,-0.085391,0.100849,-0.248955,0.261436,-0.032596,-0.411370,0.336188,-0.330257,-0.622824,0.550022,-0.259656,-0.881708,0.247694,-0.247169,-0.168913,0.096415,-0.204261,-0.232012,-0.025352,-0.337142,-0.112583
-0.007484,-0.047813,-0.210090,0.756945,0.182086,0.084608,3.151608,-2.123414,-0.149745,3.316955,-1.948353,-0.329498,-0.359440,0.388064,-0.177773,-0.405923,0.356000,-0.010626,-0.115742,-0.032129,-0.038839,-0.082208,0.067749,-0.257776,0.260706,-0.045685,-0.416788,0.269781,-0.199479,-0.611730,0.427107,-0.158523,-0.845030,0.162472,-0.180301,-0.199952,0.113602,-0.167777,-0.215349,0.094446,-0.227488,-0.192212
-0.022736,-0.039514,-0.203746,0.554557,0.207359,0.049561,3.137414,-2.181574,-0.332803,3.019342,-1.907089,-0.373363,-0.360233,0.368045,-0.177836,-0.405603,0.336361,-0.006241,-0.092620,-0.018190,-0.032667,-0.075170,0.037120,-0.269563,0.239551,-0.064423,-0.415102,0.198037,-0.076252,-0.560101,0.262650,-0.098280,-0.691041,0.085002,-0.122084,-0.232140,0.102365,-0.130519,-0.174823,0.169925,-0.133635,-0.217698
-0.031476,-0.028806,-0.206215,0.367326,0.215121,-0.002752,3.046574,-2.174111,-0.524651,2.711773,-1.832754,-0.464502,-0.358535,0.349157,-0.187498,-0.404728,0.314859,-0.001092,-0.072315,-0.004675,-0.025524,-0.065731,0.009303,-0.285197,0.199351,-0.083740,-0.408338,0.127889,0.021647,-0.483710,0.089144,-0.058950,-0.483846,0.019994,-0.070917,-0.265539,0.063717,-0.089201,-0.123776,0.179149,-0.058201,-0.189226
-0.034254,-0.020962,-0.213732,0.208227,0.209548,-0.060120,2.885007,-2.105070,-0.696819,2.419358,-1.730750,-0.577172,-0.354826,0.330960,-0.201843,-0.402861,0.292989,0.004243,-0.058294,0.004949,-0.018166,-0.054823,-0.016071,-0.304936,0.147654,-0.100725,-0.400321,0.063712,0.085868,-0.408267,-0.055077,-0.012989,-0.307036,-0.029669,-0.025395,-0.299935,0.003606,-0.042500,-0.074757,0.120828,0.002052,-0.122604
-0.032791,-0.019763,-0.223330,0.086026,0.197808,-0.111412,2.664688,-1.981606,-0.821587,2.160426,-1.610291,-0.680091,-0.349902,0.313268,-0.216925,-0.399827,0.271898,0.008780,-0.051295,0.009484,-0.011690,-0.042637,-0.039624,-0.327660,0.095312,-0.115008,-0.394647,0.006491,0.119894,-0.359604,-0.144603,0.050173,-0.223783,-0.063442,0.015583,-0.334288,-0.070748,0.009365,-0.036883,0.012841,0.054100,-0.042141
-0.028622,-0.025729,-0.232910,0.001048,0.184317,-0.151300,2.400473,-1.813464,-0.889505,1.932895,-1.475130,-0.754029,-0.344772,0.295650,-0.230569,-0.396021,0.251899,0.011602,-0.049661,0.009351,-0.007058,-0.029127,-0.061651,-0.350670,0.051799,-0.127301,-0.392625,-0.044751,0.134275,-0.353414,-0.178733,0.118675,-0.250345,-0.084308,0.053801,-0.366729,-0.152409,0.065556,-0.016273,-0.118033,0.105024,0.028722
-0.022143,-0.036108,-0.241934,-0.054404,0.168860,-0.181875,2.106292,-1.611365,-0.913409,1.714269,-1.320542,-0.797847,-0.340215,0.277522,-0.243072,-0.392210,0.232499,0.012159,-0.050387,0.005426,-0.004829,-0.014508,-0.082068,-0.370468,0.021922,-0.137980,-0.392831,-0.090744,0.139478,-0.390204,-0.178625,0.171805,-0.357997,-0.098407,0.091986,-0.395212,-0.234480,0.124930,-0.017338,-0.247281,0.159058,0.073503
-0.013209,-0.046827,-0.251361,-0.091159,0.148530,-0.209481,1.793444,-1.385552,-0.917138,1.476786,-1.138270,-0.822230,-0.336547,0.258549,-0.256420,-0.389134,0.212961,0.010486,-0.050278,-0.001024,-0.004943,0.000685,-0.100820,-0.384410,0.005177,-0.146911,-0.392532,-0.130934,0.141559,-0.456800,-0.171615,0.196214,-0.496556,-0.112203,0.132566,-0.418523,-0.309789,0.185651,-0.042713,-0.358652,0.216847,0.083819
-0.002710,-0.055060,-0.262331,-0.118714,0.120358,-0.239641,1.471569,-1.145805,-0.922027,1.201008,-0.924076,-0.839766,-0.333795,0.238866,-0.272133,-0.387216,0.192863,0.007392,-0.047244,-0.007763,-0.006517,0.015751,-0.118143,-0.392166,-0.003101,-0.153933,-0.389659,-0.164013,0.141824,-0.531898,-0.173701,0.192669,-0.620402,-0.129395,0.176108,-0.437060,-0.371883,0.244940,-0.091965,-0.444626,0.276950,0.057447
0.006675,-0.060529,-0.274929,-0.144348,0.083442,-0.274124,1.150822,-0.902444,-0.941171,0.876869,-0.681678,-0.858778,-0.331881,0.218899,-0.289759,-0.386411,0.172299,0.004133,-0.041411,-0.012100,-0.008185,0.029921,-0.134300,-0.395648,-0.009456,-0.159116,-0.383730,-0.188829,0.138797,-0.592861,-0.181730,0.172118,-0.702148,-0.150284,0.220919,-0.452606,-0.417067,0.299553,-0.160791,-0.504127,0.337752,-0.003565
0.011584,-0.064800,-0.288277,-0.174483,0.041239,-0.311334,0.843280,-0.667343,-0.979032,0.498489,-0.423540,-0.880813,-0.330563,0.199032,-0.307410,-0.386199,0.151709,0.001509,-0.035008,-0.012732,-0.009070,0.042416,-0.149198,-0.397451,-0.019412,-0.162726,-0.375465,-0.204717,0.130523,-0.622073,-0.179220,0.146342,-0.731509,-0.173585,0.263986,-0.467157,-0.445793,0.346686,-0.241523,-0.539994,0.397588,-0.092327
0.009949,-0.069627,-0.301321,-0.214908,0.003538,-0.347779,0.562542,-0.454220,-1.028887,0.066535,-0.173644,-0.898352,-0.329463,0.179465,-0.323291,-0.385870,0.131602,-0.000639,-0.030447,-0.010748,-0.009355,0.052659,-0.162470,-0.399330,-0.035153,-0.165093,-0.366062,-0.211248,0.115925,-0.611441,-0.150882,0.120138,-0.706951,-0.198165,0.302215,-0.481853,-0.462039,0.384563,-0.324641,-0.557428,0.453065,-0.195208
0.001972,-0.075893,-0.312906,-0.268050,-0.014554,-0.378328,0.321156,-0.276968,-1.067148,-0.394187,0.029005,-0.893269,-0.328438,0.160256,-0.336168,-0.385069,0.112351,-0.002813,-0.027930,-0.008273,-0.009627,0.060547,-0.173938,-0.401796,-0.054895,-0.166467,-0.356801,-0.208094,0.095101,-0.564095,-0.096095,0.090833,-0.631538,-0.223224,0.333265,-0.496738,-0.470869,0.412500,-0.401175,-0.563171,0.498317,-0.293855
-0.010433,-0.083339,-0.321171,-0.328948,0.000962,-0.396221,0.126142,-0.144995,-1.053488,-0.813924,0.137874,-0.841342,-0.327913,0.141335,-0.344699,-0.384103,0.094074,-0.004932,-0.025094,-0.006360,-0.009881,0.066426,-0.183866,-0.404463,-0.074025,-0.167016,-0.348895,-0.195397,0.069332,-0.492872,-0.032461,0.054991,-0.517016,-0.247739,0.356019,-0.511066,-0.475929,0.430722,-0.465530,-0.564292,0.527349,-0.373069
-0.024289,-0.089877,-0.323699,-0.384978,0.053343,-0.395885,-0.024482,-0.058671,-0.947557,-1.086474,0.124714,-0.725672,-0.328673,0.122316,-0.347421,-0.383720,0.076500,-0.006358,-0.019560,-0.004752,-0.009498,0.070458,-0.192713,-0.406389,-0.087127,-0.167297,-0.343374,-0.174515,0.041567,-0.416025,0.013069,0.015474,-0.388621,-0.270466,0.370758,-0.523562,-0.478509,0.440163,-0.517040,-0.565940,0.537797,-0.428399
-0.035112,-0.090345,-0.318888,-0.423419,0.130107,-0.378323,-0.139499,-0.010986,-0.739359,-1.126438,0.007627,-0.552492,-0.331195,0.102245,-0.344171,-0.384637,0.058748,-0.006599,-0.011881,-0.003243,-0.007967,0.071776,-0.200665,-0.406218,-0.089876,-0.168827,-0.340971,-0.148542,0.017117,-0.352004,0.019238,-0.017963,-0.280542,-0.290535,0.378997,-0.532534,-0.478472,0.442368,-0.558855,-0.569406,0.532109,-0.465810
-0.036786,-0.076852,-0.307247,-0.442338,0.209096,-0.353626,-0.226634,0.004506,-0.468943,-0.937732,-0.148938,-0.355392,-0.335189,0.079718,-0.337250,-0.387217,0.039349,-0.005571,-0.005657,-0.002196,-0.005197,0.068397,-0.207324,-0.402453,-0.080060,-0.173652,-0.342030,-0.121940,0.003304,-0.315609,-0.018567,-0.034147,-0.222273,-0.307601,0.383049,-0.536161,-0.475922,0.439607,-0.595149,-0.572764,0.514906,-0.494208
-0.024040,-0.042571,-0.291484,-0.453343,0.271787,-0.336108,-0.286986,-0.011051,-0.210320,-0.622291,-0.270675,-0.180152,-0.339655,0.053553,-0.330654,-0.391352,0.016934,-0.003479,-0.004660,-0.001732,-0.001412,0.058464,-0.211705,-0.394222,-0.057834,-0.182475,-0.346434,-0.099090,0.007063,-0.315916,-0.087508,-0.025899,-0.226552,-0.321079,0.385492,-0.533308,-0.471911,0.434919,-0.629091,-0.574096,0.489855,-0.518730
0.003471,0.013157,-0.275596,-0.471835,0.312523,-0.335398,-0.317818,-0.057161,-0.027405,-0.312276,-0.317119,-0.060056,-0.343112,0.023551,-0.328017,-0.396404,-0.008712,-0.000875,-0.010009,-0.001330,0.002794,0.041832,-0.212552,-0.382163,-0.025633,-0.192889,-0.353638,-0.082569,0.031486,-0.354940,-0.165259,0.008735,-0.288571,-0.329335,0.388475,-0.524466,-0.467301,0.431345,-0.662509,-0.573998,0.459507,-0.540096
0.039579,0.083189,-0.263728,-0.504648,0.336985,-0.351580,-0.319144,-0.127063,0.059575,-0.092286,-0.295905,-0.001332,-0.343549,-0.009494,-0.331227,-0.401297,-0.036136,0.001415,-0.019939,-0.000651,0.006537,0.020263,-0.208877,-0.368638,0.012061,-0.199767,-0.362912,-0.072447,0.073791,-0.426766,-0.230425,0.067789,-0.394797,-0.330009,0.392765,-0.511924,-0.460697,0.430119,-0.695937,-0.574290,0.427390,-0.557687
0.074445,0.156105,-0.259207,-0.546714,0.353809,-0.377854,-0.296572,-0.207650,0.071780,0.022500,-0.242376,0.012200,-0.338318,-0.044569,-0.340519,-0.404927,-0.062638,0.002737,-0.031631,-0.000429,0.009123,-0.004039,-0.200472,-0.356904,0.049346,-0.197800,-0.373637,-0.067091,0.126053,-0.518443,-0.268940,0.145536,-0.530567,-0.321332,0.396951,-0.498792,-0.447900,0.429210,-0.727918,-0.574148,0.399434,-0.571501
0.099497,0.221571,-0.263951,-0.587113,0.367776,-0.406687,-0.259388,-0.285064,0.045802,0.058358,-0.189874,0.003656,-0.324719,-0.081045,-0.355385,-0.406699,-0.085279,0.002861,-0.042717,-0.002031,0.010338,-0.029850,-0.188063,-0.349715,0.080148,-0.184025,-0.385307,-0.064590,0.177903,-0.613414,-0.274910,0.231075,-0.679489,-0.303196,0.397581,-0.487515,-0.424109,0.423939,-0.754028,-0.567891,0.383038,-0.581534
0.111104,0.273286,-0.278459,-0.616827,0.378838,-0.434035,-0.217584,-0.349348,0.011004,0.050110,-0.154339,-0.009662,-0.301485,-0.118330,-0.375464,-0.406659,-0.102096,0.001767,-0.051302,-0.005830,0.010231,-0.056848,-0.172965,-0.348218,0.099898,-0.158574,-0.397203,-0.063608,0.219700,-0.696227,-0.249788,0.308372,-0.819347,-0.277267,0.390413,-0.478895,-0.387037,0.409376,-0.766929,-0.546639,0.383611,-0.586572
0.111214,0.308600,-0.302195,-0.632270,0.384728,-0.459774,-0.180079,-0.395235,-0.017656,0.025862,-0.136040,-0.020064,-0.270146,-0.154941,-0.400829,-0.404918,-0.113144,-0.000549,-0.055715,-0.010284,0.008852,-0.084508,-0.156433,-0.351936,0.106727,-0.123668,-0.408338,-0.063406,0.245135,-0.756140,-0.202192,0.360286,-0.923671,-0.246262,0.372045,-0.472281,-0.337978,0.382491,-0.758589,-0.502293,0.399951,-0.584669
0.104810,0.326892,-0.333686,-0.633791,0.382852,-0.485435,-0.153931,-0.420429,-0.035918,0.003810,-0.128555,-0.026575,-0.234826,-0.188171,-0.431277,-0.400813,-0.120588,-0.004009,-0.055396,-0.013198,0.006226,-0.111531,-0.139226,-0.359820,0.101345,-0.082191,-0.418057,-0.063719,0.252677,-0.788570,-0.145696,0.375619,-0.971358,-0.212758,0.340902,-0.466673,-0.280548,0.342865,-0.724092,-0.431359,0.421714,-0.574471
0.096041,0.328985,-0.370048,-0.622342,0.370348,-0.511361,-0.143703,-0.423943,-0.044403,-0.007836,-0.125749,-0.030556,-0.200370,-0.214944,-0.464994,-0.392778,-0.127478,-0.008311,-0.052070,-0.013751,0.002451,-0.136448,-0.121811,-0.371120,0.085960,-0.037202,-0.426563,-0.064880,0.245786,-0.794639,-0.093573,0.354915,-0.957472,-0.178285,0.297236,-0.461513,-0.219257,0.292322,-0.664184,-0.337337,0.432157,-0.554385
0.086126,0.317799,-0.406570,-0.598299,0.344804,-0.535255,-0.150223,-0.406583,-0.045194,-0.009131,-0.123921,-0.033104,-0.170371,-0.233256,-0.497848,-0.379353,-0.136011,-0.012851,-0.049063,-0.012613,-0.002143,-0.158543,-0.105016,-0.384919,0.063398,0.007463,-0.434377,-0.067738,0.231868,-0.779281,-0.054802,0.310677,-0.895566,-0.143453,0.242773,-0.456280,-0.158918,0.234213,-0.584612,-0.230511,0.415551,-0.520643
0.074344,0.298615,-0.437408,-0.563486,0.306991,-0.552959,-0.169203,-0.373234,-0.040897,-0.004753,-0.121050,-0.034480,-0.146531,-0.243012,-0.524373,-0.360466,-0.146648,-0.016878,-0.048726,-0.010308,-0.006991,-0.177983,-0.090344,-0.399163,0.036850,0.046945,-0.441256,-0.073004,0.219962,-0.748800,-0.034151,0.261794,-0.808771,-0.108706,0.180833,-0.449778,-0.103486,0.172516,-0.494438,-0.124343,0.364323,-0.469919
0.060221,0.277691,-0.457743,-0.523035,0.262733,-0.560890,-0.191925,-0.333393,-0.034309,0.000231,-0.116002,-0.034449,-0.129140,-0.245727,-0.540248,-0.337631,-0.158603,-0.019950,-0.050619,-0.006347,-0.011637,-0.195087,-0.079449,-0.410960,0.009739,0.076607,-0.446082,-0.080475,0.217609,-0.709375,-0.033438,0.226192,-0.718323,-0.074466,0.116433,-0.440513,-0.054028,0.110803,-0.405443,-0.030312,0.281089,-0.405991
0.044299,0.259779,-0.466450,-0.483544,0.220418,-0.558633,-0.209454,-0.297124,-0.027851,0.003111,-0.108470,-0.032941,-0.117405,-0.243564,-0.544828,-0.312802,-0.170924,-0.022319,-0.052407,-0.000122,-0.016181,-0.209652,-0.073237,-0.418282,-0.014824,0.093938,-0.448003,-0.088924,0.228162,-0.666890,-0.050793,0.215601,-0.639715,-0.040485,0.055140,-0.427927,-0.008044,0.051447,-0.330645,0.045189,0.175327,-0.340910
0.027371,0.246529,-0.467210,-0.448833,0.185674,-0.549912,-0.217796,-0.269187,-0.023069,0.004072,-0.098744,-0.030622,-0.109229,-0.238598,-0.541905,-0.287112,-0.183039,-0.024827,-0.052343,0.007747,-0.021293,-0.221125,-0.071283,-0.421154,-0.034771,0.099494,-0.447425,-0.096692,0.249803,-0.626734,-0.079691,0.232996,-0.584728,-0.005706,0.001075,-0.412915,0.038556,-0.004517,-0.280121,0.101147,0.058830,-0.287492
0.009967,0.236983,-0.466665,-0.417911,0.158473,-0.540978,-0.219370,-0.247158,-0.020540,0.004857,-0.087187,-0.028807,-0.101397,-0.232575,-0.537823,-0.260749,-0.194564,-0.028206,-0.050646,0.015254,-0.027571,-0.229347,-0.071830,-0.420992,-0.049407,0.096280,-0.445620,-0.102368,0.276644,-0.592669,-0.110823,0.272080,-0.560270,0.030597,-0.044036,-0.396931,0.088529,-0.056812,-0.256559,0.141975,-0.056116,-0.252865
-0.007012,0.229461,-0.470679,-0.387113,0.135000,-0.537394,-0.219777,-0.225171,-0.020077,0.006766,-0.074132,-0.028638,-0.090918,-0.226845,-0.538148,-0.233808,-0.205163,-0.032194,-0.048475,0.020429,-0.034641,-0.235012,-0.072349,-0.418995,-0.059130,0.088306,-0.443526,-0.105144,0.301168,-0.565740,-0.135682,0.319431,-0.563846,0.067448,-0.080399,-0.380664,0.141676,-0.105164,-0.253361,0.177740,-0.156265,-0.239364
-0.021402,0.223062,-0.481490,-0.353885,0.111669,-0.541534,-0.223314,-0.199250,-0.021008,0.009610,-0.060350,-0.030319,-0.076810,-0.222215,-0.545278,-0.207032,-0.214904,-0.035284,-0.045763,0.023158,-0.040870,-0.239288,-0.070531,-0.415396,-0.064928,0.079309,-0.441119,-0.104894,0.316669,-0.544459,-0.148551,0.359574,-0.583599,0.102162,-0.109623,-0.363678,0.194968,-0.149028,-0.255773,0.220901,-0.229128,-0.245852
-0.029887,0.217738,-0.497386,-0.318930,0.087720,-0.552158,-0.230694,-0.169911,-0.022481,0.012335,-0.047215,-0.033088,-0.060797,-0.218811,-0.558172,-0.181835,-0.224454,-0.035718,-0.040263,0.025410,-0.044333,-0.242935,-0.065354,-0.410045,-0.068061,0.072068,-0.437784,-0.102093,0.318760,-0.525869,-0.146793,0.380441,-0.604128,0.131610,-0.134596,-0.345248,0.243790,-0.187893,-0.244794,0.278289,-0.269190,-0.262348
-0.029507,0.213405,-0.514310,-0.285545,0.065118,-0.565594,-0.239601,-0.141036,-0.023683,0.014158,-0.036243,-0.035703,-0.046199,-0.216174,-0.573530,-0.159795,-0.234435,-0.033016,-0.029046,0.029303,-0.044299,-0.245673,-0.057562,-0.403166,-0.069803,0.068069,-0.432944,-0.097518,0.305849,-0.506649,-0.131403,0.376085,-0.611335,0.153293,-0.158823,-0.325382,0.283665,-0.221802,-0.203574,0.344969,-0.283287,-0.265197
-0.019639,0.209173,-0.527862,-0.257202,0.046644,-0.577323,-0.246766,-0.116757,-0.023900,0.014777,-0.028623,-0.036961,-0.035802,-0.213560,-0.587210,-0.142089,-0.244383,-0.028454,-0.011330,0.034801,-0.041720,-0.246305,-0.049158,-0.395255,-0.071025,0.067266,-0.426212,-0.091827,0.279022,-0.484033,-0.107419,0.346320,-0.593629,0.165460,-0.184825,-0.305000,0.311727,-0.251483,-0.124423,0.407583,-0.287171,-0.225787
-0.002811,0.203428,-0.534675,-0.235385,0.033925,-0.583294,-0.249871,-0.098883,-0.022627,0.013907,-0.025017,-0.036099,-0.030349,-0.210234,-0.595338,-0.129121,-0.252438,-0.023973,0.010095,0.039442,-0.038254,-0.243453,-0.042274,-0.386342,-0.071861,0.068061,-0.417131,-0.085238,0.241629,-0.456386,-0.082170,0.295588,-0.544274,0.167002,-0.212618,-0.285229,0.327236,-0.277795,-0.013264,0.454601,-0.294197,-0.131323
0.016476,0.194705,-0.532917,-0.219212,0.026735,-0.580764,-0.248273,-0.086476,-0.019776,0.011321,-0.025235,-0.033052,-0.028766,-0.205455,-0.595081,-0.120359,-0.256266,-0.020810,0.030510,0.040452,-0.035034,-0.236285,-0.038266,-0.375639,-0.071820,0.067856,-0.405025,-0.077565,0.198528,-0.423235,-0.061803,0.232271,-0.466612,0.157920,-0.239548,-0.266679,0.331073,-0.300832,0.111278,0.483076,-0.306614,0.001218
0.033973,0.182628,-0.522182,-0.206631,0.023622,-0.568654,-0.242628,-0.077235,-0.015712,0.007379,-0.027918,-0.028368,-0.029735,-0.198249,-0.585105,-0.114408,-0.254537,-0.019140,0.046724,0.037264,-0.032395,-0.224720,-0.037435,-0.361991,-0.070254,0.064093,-0.389246,-0.068522,0.154895,-0.385128,-0.048841,0.167254,-0.375832,0.139903,-0.261551,-0.249355,0.324748,-0.319344,0.224386,0.496236,-0.317078,0.132664
0.047302,0.168071,-0.503329,-0.195824,0.022940,-0.547624,-0.234177,-0.069095,-0.011039,0.003051,-0.030899,-0.022844,-0.032899,-0.187463,-0.565820,-0.109367,-0.247766,-0.018577,0.059178,0.032095,-0.030292,-0.209177,-0.039137,-0.344709,-0.066793,0.055329,-0.369631,-0.058064,0.114935,-0.343504,-0.042178,0.110694,-0.292025,0.116289,-0.274830,-0.233062,0.309574,-0.330834,0.303792,0.496317,-0.317106,0.224134
0.056221,0.152411,-0.478534,-0.185802,0.023550,-0.520017,-0.224176,-0.060924,-0.006413,-0.000756,-0.032283,-0.017274,-0.038597,-0.172383,-0.539441,-0.103472,-0.237946,-0.018615,0.070980,0.028268,-0.028590,-0.190357,-0.042015,-0.324153,-0.061629,0.041787,-0.346835,-0.046566,0.081086,-0.300301,-0.038587,0.068367,-0.228758,0.091266,-0.277107,-0.217818,0.286297,-0.332368,0.336170,0.480207,-0.303699,0.256077
0.061852,0.136644,-0.451073,-0.176205,0.025006,-0.489376,-0.213575,-0.052354,-0.002441,-0.003763,-0.031316,-0.012347,-0.046686,-0.153407,-0.509517,-0.095661,-0.227360,-0.018734,0.085163,0.028005,-0.027035,-0.169297,-0.044597,-0.301778,-0.055607,0.025076,-0.322337,-0.034865,0.053882,-0.257456,-0.034745,0.040092,-0.186546,0.068697,-0.268417,-0.203985,0.255118,-0.321913,0.319703,0.441341,-0.279644,0.233618
0.065551,0.121123,-0.424290,-0.166830,0.027379,-0.459212,-0.202834,-0.043331,0.000563,-0.006239,-0.028395,-0.008421,-0.055800,-0.132058,-0.479623,-0.085824,-0.217302,-0.018379,0.102408,0.031346,-0.025171,-0.147449,-0.046139,-0.279573,-0.049971,0.007315,-0.297989,-0.024126,0.032264,-0.216680,-0.029051,0.021380,-0.156158,0.051011,-0.251361,-0.192041,0.215857,-0.299504,0.263803,0.375922,-0.249870,0.178679
0.068058,0.105800,-0.400139,-0.157335,0.030878,-0.431502,-0.191901,-0.033846,0.002795,-0.008509,-0.024434,-0.005325,-0.063518,-0.110400,-0.451773,-0.074804,-0.207289,-0.016933,0.120233,0.036264,-0.022311,-0.126493,-0.046960,-0.259032,-0.045795,-0.009696,-0.275155,-0.015463,0.014131,-0.179271,-0.022109,0.006930,-0.127965,0.038623,-0.230232,-0.182025,0.168177,-0.267210,0.186074,0.288054,-0.218304,0.114872
0.069306,0.090597,-0.378564,-0.147270,0.035463,-0.406144,-0.180399,-0.023925,0.004658,-0.010486,-0.020108,-0.002671,-0.067155,-0.090457,-0.425838,-0.064126,-0.195319,-0.013938,0.133813,0.039596,-0.017823,-0.107924,-0.047810,-0.240389,-0.043511,-0.024823,-0.254103,-0.009525,-0.002917,-0.145832,-0.015496,-0.006834,-0.098916,0.030145,-0.209051,-0.173205,0.112289,-0.228057,0.106162,0.188685,-0.187333,0.056412
0.068850,0.075733,-0.358267,-0.136323,0.040694,-0.381856,-0.167967,-0.013769,0.006187,-0.011569,-0.015392,-0.000423,-0.064785,-0.073839,-0.400505,-0.055323,-0.179279,-0.009640,0.138279,0.038731,-0.011847,-0.092694,-0.049029,-0.223026,-0.042928,-0.037486,-0.234392,-0.006408,-0.020718,-0.116556,-0.010476,-0.021677,-0.071922,0.023310,-0.189980,-0.164614,0.050070,-0.185157,0.038823,0.089261,-0.158600,0.009043
0.066392,0.061780,-0.337819,-0.124474,0.045872,-0.357348,-0.154496,-0.003802,0.007079,-0.011190,-0.009882,0.001127,-0.056167,-0.061377,-0.374533,-0.049125,-0.158517,-0.005272,0.131311,0.033366,-0.005759,-0.080985,-0.050445,-0.206728,-0.043574,-0.047413,-0.215975,-0.005926,-0.039854,-0.092230,-0.008243,-0.038612,-0.050181,0.016214,-0.173376,-0.156123,-0.014462,-0.141589,-0.009659,-0.002856,-0.133102,-0.023785
0.061994,0.049286,-0.315944,-0.111916,0.050301,-0.331529,-0.140090,0.005431,0.007273,-0.009578,-0.003725,0.001941,-0.043046,-0.052785,-0.346979,-0.045182,-0.134271,-0.002483,0.114235,0.025862,-0.001580,-0.072189,-0.051872,-0.192268,-0.044872,-0.054574,-0.199636,-0.007803,-0.059485,-0.074867,-0.010632,-0.058080,-0.033332,0.008000,-0.158664,-0.148813,-0.075898,-0.100336,-0.040406,-0.083361,-0.110479,-0.040379
0.055993,0.038347,-0.291205,-0.098889,0.053408,-0.303106,-0.124888,0.013438,0.007065,-0.007707,0.002023,0.002336,-0.028575,-0.046688,-0.316729,-0.042475,-0.108809,-0.002373,0.091111,0.019669,-0.000761,-0.065178,-0.053327,-0.180440,-0.046019,-0.059423,-0.186140,-0.011578,-0.077846,-0.066906,-0.019065,-0.079097,-0.019560,-0.001548,-0.144488,-0.144062,-0.128622,-0.063803,-0.059123,-0.148832,-0.089062,-0.044260
0.048884,0.028632,-0.262195,-0.085623,0.054785,-0.270746,-0.109017,0.019924,0.006629,-0.006322,0.006168,0.002493,-0.016125,-0.041124,-0.282579,-0.039859,-0.084359,-0.004970,0.067077,0.017252,-0.003415,-0.058747,-0.054797,-0.170758,-0.045998,-0.063117,-0.175101,-0.016458,-0.093153,-0.069461,-0.032111,-0.098883,-0.010756,-0.012842,-0.128483,-0.142308,-0.167793,-0.033381,-0.073761,-0.197410,-0.067001,-0.043686
0.041206,0.019817,-0.228466,-0.072398,0.054341,-0.234043,-0.092748,0.024871,0.005930,-0.005314,0.008299,0.002361,-0.008067,-0.034265,-0.244164,-0.036349,-0.062545,-0.009318,0.046886,0.019139,-0.008358,-0.051897,-0.056131,-0.161475,-0.043958,-0.067176,-0.164952,-0.021448,-0.104428,-0.081115,-0.044873,-0.114014,-0.013902,-0.026595,-0.108167,-0.142755,-0.190569,-0.009478,-0.092132,-0.229411,-0.042955,-0.047775
0.033303,0.011912,-0.191420,-0.059538,0.052531,-0.194391,-0.076566,0.028585,0.005108,-0.004260,0.008725,0.002055,-0.004879,-0.025120,-0.202851,-0.031359,-0.044079,-0.013905,0.033618,0.024103,-0.013669,-0.043858,-0.057203,-0.150767,-0.039748,-0.072718,-0.153880,-0.025716,-0.111843,-0.098065,-0.051912,-0.122624,-0.035080,-0.043076,-0.082582,-0.143997,-0.197488,0.008366,-0.119234,-0.245660,-0.015884,-0.063978
0.025160,0.005226,-0.154240,-0.047303,0.050317,-0.154906,-0.061026,0.031650,0.004430,-0.003246,0.007823,0.001830,-0.005017,-0.013919,-0.161688,-0.024968,-0.028630,-0.017276,0.027975,0.029897,-0.017441,-0.034167,-0.057959,-0.137660,-0.034135,-0.079895,-0.140638,-0.028893,-0.116570,-0.115049,-0.051142,-0.125824,-0.071117,-0.061425,-0.052989,-0.144615,-0.192754,0.021564,-0.155517,-0.247170,0.014427,-0.096291
0.016729,0.000150,-0.120824,-0.035805,0.048759,-0.119397,-0.046541,0.034701,0.003818,-0.002736,0.005890,0.001609,-0.005813,-0.001918,-0.124451,-0.017810,-0.015250,-0.018606,0.029080,0.034452,-0.018484,-0.022948,-0.058256,-0.122216,-0.028634,-0.087850,-0.124860,-0.031086,-0.120340,-0.126281,-0.044793,-0.126915,-0.108101,-0.079567,-0.022334,-0.143378,-0.182680,0.032228,-0.196618,-0.237986,0.045677,-0.141752
0.008571,-0.003051,-0.094439,-0.025050,0.048561,-0.091112,-0.033338,0.038136,0.002834,-0.002784,0.003627,0.000961,-0.004890,0.009295,-0.094447,-0.010577,-0.003267,-0.017874,0.035974,0.037175,-0.016639,-0.011005,-0.057831,-0.105498,-0.025115,-0.094991,-0.107180,-0.032728,-0.124922,-0.126536,-0.036933,-0.129171,-0.129374,-0.094774,0.005614,-0.139518,-0.173192,0.042242,-0.234500,-0.225903,0.072851,-0.189049
0.001944,-0.004501,-0.076817,-0.015030,0.049925,-0.071832,-0.021533,0.042006,0.001310,-0.002843,0.002214,-0.000276,-0.001067,0.018480,-0.073609,-0.003636,0.007282,-0.015560,0.047780,0.039014,-0.012573,0.000567,-0.056433,-0.089374,-0.025201,-0.099507,-0.089138,-0.034433,-0.131574,-0.112939,-0.030816,-0.134404,-0.125312,-0.104701,0.027173,-0.133111,-0.168107,0.052399,-0.260122,-0.217691,0.091108,-0.223965
-0.002081,-0.004998,-0.067783,-0.005714,0.052664,-0.061385,-0.011123,0.046135,-0.000252,-0.002428,0.002474,-0.001588,0.005599,0.025124,-0.061885,0.002999,0.016019,-0.012315,0.062431,0.040926,-0.007380,0.011014,-0.053831,-0.075772,-0.029513,-0.100175,-0.072566,-0.036845,-0.140455,-0.086908,-0.028604,-0.142991,-0.096588,-0.108359,0.039891,-0.124971,-0.168897,0.062487,-0.267018,-0.215039,0.098848,-0.237654
-0.003614,-0.005931,-0.065417,0.003029,0.056353,-0.057715,-0.001889,0.050302,-0.001102,-0.001550,0.004213,-0.002216,0.014250,0.029502,-0.057202,0.009574,0.022805,-0.008918,0.076176,0.042494,-0.002351,0.020142,-0.049728,-0.065722,-0.037188,-0.097007,-0.058784,-0.040409,-0.150238,-0.054630,-0.032134,-0.154114,-0.051376,-0.106263,0.043452,-0.116006,-0.175180,0.072011,-0.253929,-0.217053,0.097599,-0.229397
-0.003887,-0.008496,-0.066922,0.011398,0.060427,-0.057835,0.006564,0.054320,-0.001020,-0.000349,0.006703,-0.001931,0.023789,0.032394,-0.056429,0.016465,0.027915,-0.006263,0.085088,0.042401,0.001232,0.028087,-0.043923,-0.059203,-0.046223,-0.091091,-0.048373,-0.045205,-0.158299,-0.025062,-0.042178,-0.165409,-0.002144,-0.099723,0.039685,-0.106927,-0.184853,0.080524,-0.225195,-0.224039,0.090124,-0.203207
-0.004284,-0.012765,-0.069761,0.019526,0.064305,-0.059146,0.014604,0.057991,-0.000513,0.001219,0.009500,-0.001228,0.033354,0.034612,-0.056808,0.023942,0.031828,-0.004949,0.087169,0.039939,0.002606,0.035086,-0.036669,-0.055842,-0.054443,-0.083767,-0.041550,-0.050961,-0.161567,-0.006435,-0.056869,-0.173000,0.036683,-0.090078,0.031755,-0.098635,-0.194016,0.087336,-0.188984,-0.235441,0.079716,-0.164565
-0.005589,-0.017609,-0.072144,0.027378,0.067475,-0.059985,0.022399,0.061055,-0.000251,0.003028,0.012322,-0.000768,0.042459,0.036668,-0.056599,0.031918,0.035017,-0.004736,0.082993,0.035484,0.002108,0.041465,-0.028722,-0.055404,-0.060323,-0.075981,-0.038372,-0.057144,-0.157725,-0.003357,-0.072016,-0.172859,0.052888,-0.078498,0.023100,-0.092371,-0.197637,0.091314,-0.153937,-0.245636,0.070223,-0.120134
-0.007919,-0.021725,-0.072739,0.034801,0.069541,-0.059215,0.029930,0.063240,-0.000457,0.004539,0.014617,-0.000757,0.050775,0.038805,-0.054672,0.039917,0.037879,-0.004536,0.074688,0.029750,0.001136,0.047473,-0.020938,-0.057471,-0.063200,-0.068137,-0.038446,-0.063088,-0.146152,-0.015807,-0.083508,-0.162698,0.041498,-0.066130,0.016524,-0.089028,-0.191114,0.091161,-0.125656,-0.245755,0.064631,-0.077630
-0.010895,-0.024679,-0.070367,0.041612,0.070236,-0.055774,0.037087,0.064359,-0.000890,0.005350,0.015926,-0.000950,0.057830,0.041137,-0.050020,0.047264,0.040708,-0.003240,0.064689,0.023285,0.001184,0.052956,-0.013820,-0.060978,-0.063107,-0.060198,-0.040651,-0.068177,-0.128151,-0.040001,-0.089464,-0.142957,0.006432,-0.054075,0.013586,-0.088311,-0.171953,0.085977,-0.105271,-0.230062,0.062893,-0.044149
-0.013772,-0.026874,-0.064150,0.047654,0.069394,-0.048820,0.043731,0.064333,-0.001274,0.005681,0.016442,-0.001073,0.062961,0.043676,-0.041912,0.053356,0.043608,-0.000756,0.055315,0.016773,0.002675,0.057445,-0.007407,-0.064364,-0.060575,-0.051927,-0.043370,-0.072040,-0.106327,-0.070278,-0.090747,-0.116554,-0.042017,-0.043094,0.014400,-0.088765,-0.140955,0.075868,-0.091055,-0.198415,0.062017,-0.025091
-0.015779,-0.028722,-0.053864,0.052824,0.066964,-0.038142,0.049751,0.063152,-0.001575,0.005902,0.016666,-0.001096,0.065555,0.046310,-0.030283,0.057880,0.046452,0.001759,0.048681,0.011282,0.004635,0.060772,-0.001480,-0.066182,-0.056429,-0.043285,-0.045023,-0.074569,-0.083529,-0.100828,-0.090009,-0.087790,-0.091301,-0.033327,0.017887,-0.088570,-0.102410,0.062343,-0.080978,-0.153452,0.058993,-0.024340
-0.016640,-0.030186,-0.040061,0.057140,0.063105,-0.024290,0.055130,0.060925,-0.001884,0.005839,0.016697,-0.001097,0.065430,0.048884,-0.015783,0.060907,0.049033,0.002833,0.046092,0.007880,0.005612,0.063431,0.004182,-0.065502,-0.051508,-0.034711,-0.044468,-0.075697,-0.061952,-0.126647,-0.089697,-0.060772,-0.130837,-0.024390,0.022479,-0.086309,-0.062653,0.048071,-0.073420,-0.099139,0.053362,-0.042168
-0.016802,-0.031112,-0.023959,0.060794,0.058286,-0.008392,0.059980,0.057978,-0.002149,0.005001,0.016210,-0.001022,0.063109,0.051324,0.000474,0.062807,0.051274,0.002022,0.047085,0.006952,0.004995,0.066213,0.009709,-0.061952,-0.046375,-0.026989,-0.041152,-0.075199,-0.042837,-0.144115,-0.090241,-0.037943,-0.155707,-0.015828,0.027044,-0.081310,-0.027350,0.035940,-0.066385,-0.042616,0.046604,-0.070311
-0.017100,-0.031620,-0.007203,0.064064,0.053195,0.008083,0.064453,0.054801,-0.002110,0.003406,0.015041,-0.000624,0.059718,0.053611,0.017146,0.064044,0.053259,0.000346,0.049232,0.007792,0.003516,0.069593,0.015156,-0.055674,-0.041201,-0.020750,-0.035170,-0.072766,-0.026723,-0.151528,-0.090018,-0.019657,-0.167405,-0.007405,0.031429,-0.073699,0.000443,0.028144,-0.057802,0.005956,0.039832,-0.092009
-0.018207,-0.031947,0.008553,0.067120,0.048435,0.023636,0.068581,0.051811,-0.001517,0.001750,0.013504,0.000313,0.056524,0.055677,0.032894,0.065000,0.055102,-0.000550,0.049273,0.008735,0.002544,0.073506,0.020433,-0.047273,-0.035874,-0.016064,-0.027170,-0.068214,-0.013853,-0.149150,-0.087123,-0.005021,-0.170344,0.001124,0.036023,-0.064163,0.019998,0.025864,-0.047092,0.038014,0.033444,-0.092924
-0.020354,-0.032036,0.022239,0.069921,0.044253,0.037235,0.072244,0.049165,-0.000459,0.000700,0.012121,0.001673,0.054389,0.057442,0.046793,0.065912,0.056869,0.000439,0.044866,0.007894,0.003066,0.077523,0.025168,-0.037402,-0.030133,-0.012603,-0.017868,-0.061532,-0.004367,-0.138406,-0.080926,0.006766,-0.167447,0.010271,0.040801,-0.053295,0.031564,0.029235,-0.035181,0.051066,0.029036,-0.073153
-0.023348,-0.031517,0.033748,0.072315,0.040526,0.048692,0.075304,0.046794,0.000536,0.000336,0.011283,0.002935,0.053484,0.058927,0.058680,0.066860,0.058612,0.003409,0.035721,0.004271,0.005249,0.081114,0.028801,-0.026160,-0.023645,-0.010184,-0.007462,-0.052798,0.001742,-0.120925,-0.071925,0.015532,-0.159006,0.020381,0.045103,-0.041015,0.035919,0.037295,-0.022447,0.048602,0.030068,-0.044986
-0.026646,-0.030140,0.043732,0.074172,0.036966,0.058549,0.077706,0.044557,0.000864,0.000387,0.011211,0.003514,0.053327,0.060227,0.069036,0.067723,0.060348,0.007626,0.023513,-0.001547,0.008537,0.083865,0.031018,-0.013119,-0.016134,-0.008934,0.004332,-0.042206,0.004668,-0.098254,-0.060614,0.020194,-0.144295,0.030968,0.048473,-0.026866,0.034756,0.048245,-0.008007,0.036937,0.039387,-0.018759
-0.029496,-0.028144,0.053108,0.075396,0.033302,0.067655,0.079433,0.042299,0.000364,0.000675,0.011962,0.003264,0.053025,0.061342,0.078573,0.068180,0.061964,0.011876,0.010819,-0.007814,0.011890,0.085664,0.032079,0.001843,-0.007649,-0.008935,0.017563,-0.030239,0.004714,-0.072053,-0.046938,0.019631,-0.123005,0.040830,0.051292,-0.010940,0.030608,0.060106,0.008362,0.022621,0.056258,0.005368
-0.031255,-0.026203,0.062835,0.075934,0.029342,0.076964,0.080481,0.039876,-0.000525,0.001072,0.013148,0.002617,0.051646,0.062187,0.088107,0.067851,0.063295,0.014953,-0.000194,-0.012938,0.014243,0.086720,0.032529,0.018000,0.001320,-0.010087,0.031595,-0.017685,0.002202,-0.044128,-0.030802,0.013741,-0.095678,0.048927,0.054122,0.005824,0.026059,0.071066,0.025434,0.010815,0.075951,0.032184
-0.031685,-0.025149,0.073909,0.075834,0.025001,0.087532,0.080940,0.037239,-0.001141,0.001287,0.013843,0.002218,0.048582,0.062834,0.098639,0.066523,0.064403,0.016242,-0.008560,-0.016510,0.015086,0.087330,0.032572,0.034242,0.010183,-0.012312,0.045506,-0.005340,-0.002490,-0.016268,-0.012871,0.003910,-0.063651,0.054931,0.056545,0.022384,0.022981,0.079349,0.042650,0.003716,0.091656,0.063409
-0.030916,-0.025703,0.087029,0.075276,0.020365,0.100165,0.081006,0.034542,-0.001081,0.001089,0.013215,0.002446,0.043761,0.063630,0.111036,0.064246,0.065669,0.015923,-0.014433,-0.019179,0.014676,0.087576,0.031948,0.049776,0.018751,-0.015389,0.058641,0.006348,-0.008752,0.009745,0.005141,-0.007443,-0.028454,0.058953,0.057268,0.038239,0.022196,0.083399,0.061165,0.000647,0.097291,0.096525
-0.029212,-0.028201,0.102074,0.074465,0.015681,0.114833,0.080870,0.032059,-0.000410,0.000631,0.011266,0.003225,0.037617,0.064945,0.125379,0.061262,0.067500,0.014722,-0.018497,-0.021715,0.013734,0.087290,0.030476,0.064197,0.027310,-0.018517,0.070648,0.017330,-0.015552,0.032210,0.021206,-0.017777,0.008332,0.061050,0.055594,0.053169,0.023664,0.082649,0.081202,0.001230,0.090950,0.126819
-0.026875,-0.032335,0.118177,0.073533,0.011153,0.130689,0.080635,0.029935,0.000487,0.000253,0.008760,0.004181,0.030804,0.066866,0.140909,0.057855,0.069970,0.013460,-0.021401,-0.024224,0.012979,0.086258,0.028398,0.077240,0.036190,-0.020581,0.081273,0.027727,-0.021473,0.049984,0.034529,-0.025177,0.043610,0.061254,0.052328,0.066798,0.027065,0.077839,0.099667,0.007926,0.076990,0.147623
-0.024207,-0.037194,0.134473,0.072517,0.006766,0.146797,0.080334,0.028055,0.001207,0.000068,0.006524,0.004945,0.023791,0.069185,0.156712,0.054219,0.072810,0.012632,-0.023362,-0.026084,0.012764,0.084411,0.025969,0.088950,0.045407,-0.021219,0.090565,0.037603,-0.025187,0.062923,0.046327,-0.028721,0.071814,0.059934,0.048799,0.078954,0.031996,0.070358,0.112475,0.022926,0.063047,0.152923
-0.021403,-0.041757,0.150437,0.071360,0.002405,0.162523,0.079907,0.026211,0.001554,0.000000,0.005069,0.005356,0.016713,0.071607,0.172126,0.050392,0.075657,0.012230,-0.024100,-0.026463,0.012992,0.081891,0.022985,0.100045,0.054748,-0.021422,0.099203,0.046922,-0.026135,0.071775,0.058093,-0.028664,0.087736,0.057906,0.045216,0.090344,0.037397,0.061472,0.119163,0.042514,0.053481,0.144163
-0.018508,-0.045459,0.165309,0.069889,-0.001833,0.177047,0.079135,0.024382,0.001546,0.000099,0.004627,0.005425,0.009667,0.073831,0.186289,0.046350,0.078185,0.012011,-0.023292,-0.025032,0.013397,0.079101,0.019050,0.111556,0.063916,-0.022725,0.108204,0.055559,-0.024824,0.077811,0.068788,-0.026306,0.091352,0.056110,0.040480,0.102268,0.041246,0.052244,0.123738,0.057565,0.046478,0.132740
-0.015552,-0.048346,0.177700,0.067886,-0.005523,0.189011,0.077690,0.022798,0.001316,0.000492,0.005032,0.005236,0.003040,0.075553,0.197839,0.042139,0.080129,0.011885,-0.021248,-0.022445,0.013886,0.076666,0.014168,0.123806,0.072487,-0.025673,0.118059,0.063314,-0.022422,0.082604,0.075121,-0.023323,0.088601,0.055127,0.033514,0.115325,0.041762,0.043529,0.130845,0.061315,0.037944,0.131952
-0.012647,-0.050765,0.186255,0.065237,-0.008150,0.197146,0.075364,0.021760,0.001067,0.001054,0.005590,0.004937,-0.002638,0.076595,0.205539,0.037911,0.081381,0.011947,-0.018951,-0.020016,0.014534,0.075131,0.008736,0.135906,0.079860,-0.029149,0.128286,0.069953,-0.020019,0.087881,0.075493,-0.020913,0.086623,0.054915,0.024322,0.128637,0.039099,0.035497,0.142177,0.055287,0.026884,0.145846
-0.009848,-0.053000,0.190495,0.062011,-0.009412,0.201040,0.072197,0.021451,0.001047,0.001469,0.005599,0.004752,-0.007102,0.077023,0.209009,0.033798,0.082057,0.012199,-0.017193,-0.018593,0.015326,0.074573,0.003084,0.146426,0.085482,-0.031176,0.137896,0.075315,-0.018127,0.095046,0.072647,-0.019502,0.089233,0.054982,0.013748,0.140546,0.035302,0.027455,0.156511,0.046416,0.016018,0.167211
-0.006961,-0.055132,0.190722,0.058364,-0.009296,0.201001,0.068367,0.021880,0.001394,0.001608,0.005079,0.004837,-0.010500,0.077007,0.208541,0.029802,0.082334,0.012310,-0.015765,-0.017758,0.015933,0.074593,-0.002661,0.154390,0.089165,-0.030149,0.146120,0.079399,-0.016632,0.104550,0.071467,-0.019095,0.097224,0.054884,0.002687,0.149865,0.032448,0.018615,0.171687,0.039478,0.008015,0.186219
-0.003632,-0.057091,0.187407,0.054407,-0.008006,0.197447,0.064017,0.022903,0.001971,0.001582,0.004655,0.005093,-0.013150,0.076550,0.204506,0.025792,0.082266,0.011661,-0.013772,-0.016397,0.015762,0.074716,-0.008299,0.159586,0.091141,-0.025304,0.152677,0.082332,-0.015008,0.115753,0.074782,-0.019531,0.110957,0.054519,-0.008191,0.156317,0.031271,0.008953,0.185888,0.033955,0.002659,0.199426
0.000325,-0.058773,0.181094,0.050161,-0.005890,0.190861,0.059220,0.024282,0.002434,0.001455,0.004782,0.005214,-0.015240,0.075443,0.197351,0.021557,0.081886,0.009800,-0.010798,-0.013982,0.014389,0.074705,-0.013436,0.162379,0.091745,-0.016648,0.157728,0.084201,-0.012574,0.127578,0.081555,-0.020210,0.130697,0.053878,-0.018246,0.160238,0.031456,-0.000830,0.198257,0.027985,-0.001903,0.209793
0.004734,-0.060202,0.172728,0.045625,-0.003335,0.182166,0.054050,0.025784,0.002557,0.001166,0.005358,0.004987,-0.016717,0.073473,0.188030,0.016844,0.081465,0.006966,-0.007540,-0.011022,0.012071,0.074505,-0.017732,0.163458,0.091053,-0.004885,0.161748,0.084877,-0.008668,0.139224,0.088292,-0.019824,0.154524,0.052711,-0.026917,0.162230,0.032454,-0.009961,0.209483,0.023295,-0.006093,0.219664
0.009166,-0.061647,0.163503,0.040858,-0.000604,0.172598,0.048624,0.027317,0.002467,0.000694,0.005899,0.004528,-0.017406,0.070616,0.177848,0.011433,0.081493,0.003979,-0.005230,-0.008432,0.009636,0.074159,-0.021134,0.163370,0.088867,0.008778,0.165121,0.084035,-0.002702,0.149999,0.091523,-0.016681,0.177209,0.050806,-0.034079,0.162784,0.033704,-0.017986,0.221211,0.024370,-0.008440,0.226649
0.013187,-0.063493,0.154131,0.035997,0.002279,0.162959,0.043083,0.028947,0.002528,0.000026,0.005769,0.004169,-0.017220,0.067036,0.167661,0.005337,0.082268,0.001484,-0.004635,-0.006846,0.007723,0.073906,-0.023842,0.162106,0.085070,0.022988,0.167721,0.081422,0.005827,0.158718,0.089385,-0.009424,0.192516,0.048585,-0.040086,0.161962,0.034592,-0.024612,0.233956,0.032673,-0.008466,0.227765
0.016558,-0.065897,0.144497,0.031204,0.005452,0.153200,0.037553,0.030790,0.003011,-0.000955,0.004490,0.004167,-0.016310,0.063024,0.157424,-0.001080,0.083560,-0.000524,-0.005628,-0.006435,0.006299,0.074148,-0.026175,0.159380,0.079879,0.036377,0.169119,0.077093,0.017217,0.163937,0.081960,0.002415,0.197320,0.047030,-0.045212,0.159566,0.034744,-0.029502,0.245781,0.043125,-0.009050,0.225646
0.019446,-0.068700,0.134203,0.026577,0.008996,0.142909,0.032111,0.032860,0.003927,-0.002290,0.002217,0.004548,-0.015053,0.058968,0.146693,-0.007277,0.084815,-0.002363,-0.007445,-0.006963,0.005002,0.075051,-0.028432,0.155292,0.073637,0.047636,0.169194,0.071350,0.031328,0.165190,0.071060,0.018275,0.193305,0.046891,-0.049169,0.155661,0.034446,-0.032420,0.253534,0.047643,-0.014642,0.227288
0.022455,-0.071789,0.123377,0.022148,0.012765,0.132135,0.026815,0.035030,0.005121,-0.003661,-0.000164,0.005198,-0.013867,0.055276,0.135499,-0.012862,0.085656,-0.004122,-0.009190,-0.007870,0.003723,0.076171,-0.030678,0.150413,0.066432,0.055980,0.168261,0.064495,0.047450,0.163683,0.059540,0.036785,0.184332,0.048113,-0.051356,0.150727,0.034538,-0.033525,0.255117,0.042535,-0.026636,0.235903
0.026167,-0.075397,0.112796,0.018015,0.016410,0.121604,0.021808,0.037109,0.006376,-0.004550,-0.001688,0.005942,-0.012932,0.052203,0.124584,-0.017687,0.086123,-0.005585,-0.010401,-0.008554,0.002666,0.076555,-0.032623,0.145284,0.058107,0.061581,0.166645,0.056705,0.064442,0.161433,0.049502,0.056215,0.173092,0.050014,-0.051503,0.145363,0.035699,-0.033375,0.250469,0.032222,-0.040737,0.246192
0.030470,-0.079778,0.103296,0.014439,0.019549,0.112172,0.017381,0.038937,0.007393,-0.004699,-0.001993,0.006518,-0.012040,0.049714,0.114849,-0.021651,0.086435,-0.006520,-0.011377,-0.008779,0.002025,0.075262,-0.033890,0.140082,0.048606,0.065293,0.164388,0.048123,0.081089,0.159801,0.040401,0.074804,0.161366,0.051754,-0.050093,0.139977,0.037706,-0.032666,0.241344,0.025617,-0.049410,0.249010
0.034476,-0.084501,0.095264,0.011735,0.021896,0.104256,0.013859,0.040388,0.007819,-0.004230,-0.001228,0.006604,-0.010802,0.047556,0.106750,-0.024557,0.086610,-0.006840,-0.012796,-0.008706,0.001809,0.071847,-0.034546,0.134682,0.038176,0.067870,0.161333,0.038950,0.096521,0.158882,0.029648,0.091005,0.152066,0.052597,-0.048206,0.134643,0.039497,-0.031995,0.230917,0.028757,-0.047558,0.239797
0.037076,-0.088195,0.088783,0.010058,0.023271,0.097895,0.011428,0.041294,0.007486,-0.003408,0.000363,0.006067,-0.009157,0.045585,0.100322,-0.026147,0.086321,-0.006582,-0.014811,-0.008482,0.001928,0.066533,-0.035274,0.128872,0.027355,0.069425,0.157327,0.029475,0.110434,0.157742,0.015871,0.104159,0.147567,0.051969,-0.046765,0.129080,0.040169,-0.031728,0.222578,0.040412,-0.036461,0.222052
0.037470,-0.089148,0.084069,0.009354,0.023580,0.093185,0.010096,0.041461,0.006609,-0.002444,0.002445,0.005130,-0.007654,0.044023,0.095618,-0.026201,0.085056,-0.005910,-0.016624,-0.007989,0.002232,0.060068,-0.036907,0.122589,0.016965,0.069493,0.152343,0.020126,0.122850,0.154805,0.001085,0.115187,0.145286,0.049593,-0.045685,0.122839,0.040026,-0.031892,0.217601,0.054101,-0.022379,0.203543
0.035321,-0.086312,0.081445,0.009449,0.022870,0.090362,0.009764,0.040810,0.005613,-0.001443,0.004453,0.004190,-0.007058,0.043268,0.092824,-0.024681,0.082517,-0.005142,-0.017234,-0.007092,0.002471,0.053321,-0.039858,0.116078,0.007955,0.067562,0.146577,0.011399,0.133431,0.148540,-0.011085,0.125788,0.138010,0.045645,-0.043827,0.115692,0.040437,-0.032125,0.213850,0.063860,-0.011281,0.189736
0.030798,-0.079870,0.080808,0.010112,0.021393,0.089339,0.010240,0.039461,0.004778,-0.000490,0.005786,0.003478,-0.007601,0.043360,0.091816,-0.021950,0.078918,-0.004627,-0.016598,-0.006031,0.002373,0.046843,-0.043922,0.109876,0.000880,0.063725,0.140540,0.003599,0.140984,0.138677,-0.018672,0.136257,0.120683,0.040713,-0.039912,0.107935,0.042469,-0.031778,0.207302,0.067995,-0.005133,0.180579
0.024639,-0.070957,0.081371,0.011010,0.019516,0.089389,0.011200,0.037617,0.004110,0.000148,0.006103,0.002962,-0.008779,0.043734,0.091853,-0.018803,0.074867,-0.004531,-0.015817,-0.005343,0.001831,0.040718,-0.048462,0.104616,-0.004573,0.058939,0.135018,-0.003382,0.143761,0.127065,-0.021950,0.144256,0.095688,0.035501,-0.033487,0.100352,0.045655,-0.030131,0.195012,0.068042,-0.002631,0.172728
0.018010,-0.060940,0.082152,0.011753,0.017508,0.089566,0.012234,0.035392,0.003472,0.000129,0.005450,0.002495,-0.009933,0.043650,0.091975,-0.016078,0.070896,-0.004765,-0.015963,-0.005358,0.000973,0.034764,-0.052714,0.100761,-0.009396,0.054453,0.130770,-0.009902,0.140311,0.117035,-0.021802,0.146002,0.071051,0.030526,-0.025239,0.093854,0.048079,-0.026711,0.176950,0.065601,-0.001436,0.163583
0.012075,-0.050930,0.082657,0.012060,0.015417,0.089369,0.013013,0.032823,0.002690,-0.000457,0.004287,0.001901,-0.010897,0.042838,0.091677,-0.014132,0.067101,-0.005104,-0.016837,-0.005820,0.000069,0.028832,-0.055998,0.098423,-0.014443,0.050824,0.128070,-0.016111,0.130162,0.111442,-0.019413,0.138737,0.055281,0.026024,-0.016596,0.089091,0.047535,-0.021533,0.155864,0.060927,0.001068,0.152841
0.007573,-0.041708,0.082961,0.011885,0.013162,0.088875,0.013396,0.029983,0.001647,-0.000949,0.003316,0.001039,-0.011985,0.041614,0.091046,-0.012756,0.063230,-0.005265,-0.017123,-0.006043,-0.000559,0.022888,-0.057710,0.097376,-0.019750,0.047545,0.126512,-0.021694,0.113972,0.110898,-0.017323,0.122474,0.053893,0.021921,-0.008858,0.086255,0.042737,-0.014973,0.135781,0.053683,0.007053,0.141568
0.004622,-0.033766,0.083282,0.011370,0.010690,0.088347,0.013400,0.027001,0.000454,-0.000751,0.003003,-0.000002,-0.013482,0.040394,0.090366,-0.011590,0.059053,-0.004970,-0.015797,-0.005478,-0.000624,0.016941,-0.057287,0.097269,-0.024597,0.043661,0.125304,-0.026087,0.093347,0.113645,-0.018569,0.100038,0.067139,0.017774,-0.002428,0.085125,0.033887,-0.007464,0.120114,0.043842,0.016388,0.131130
0.002759,-0.027252,0.083680,0.010723,0.008033,0.087921,0.013134,0.023973,-0.000489,0.000036,0.003184,-0.000822,-0.015293,0.039256,0.089793,-0.010475,0.054593,-0.004115,-0.013165,-0.004184,-0.000065,0.011003,-0.054406,0.097798,-0.028173,0.038572,0.123786,-0.028950,0.070491,0.116969,-0.023647,0.075569,0.088412,0.012890,0.003107,0.085246,0.022351,0.000532,0.110427,0.031782,0.026227,0.122901
0.001236,-0.021963,0.084043,0.010145,0.005253,0.087552,0.012765,0.020917,-0.000828,0.000802,0.003261,-0.001047,-0.017056,0.037979,0.089294,-0.009401,0.050030,-0.002932,-0.010405,-0.002745,0.000825,0.005092,-0.049289,0.098680,-0.030150,0.032229,0.121634,-0.030407,0.047735,0.118649,-0.029432,0.052530,0.106987,0.006833,0.008026,0.086139,0.009581,0.008364,0.106584,0.017870,0.033478,0.118333
-0.000491,-0.017575,0.084175,0.009786,0.002393,0.087073,0.012464,0.017828,-0.000626,0.001121,0.002858,-0.000718,-0.018442,0.036357,0.088709,-0.008332,0.045500,-0.001815,-0.008385,-0.001679,0.001612,-0.000818,-0.042692,0.099560,-0.030724,0.024800,0.118703,-0.030895,0.027021,0.117535,-0.032107,0.032518,0.115512,-0.000087,0.011721,0.087478,-0.003840,0.015228,0.107810,0.002073,0.037399,0.118755
-0.002388,-0.013921,0.083988,0.009672,-0.000523,0.086380,0.012304,0.014728,-0.000236,0.001093,0.002179,-0.000181,-0.019347,0.034358,0.087931,-0.007277,0.041103,-0.000929,-0.007196,-0.000995,0.002130,-0.006823,-0.035539,0.100128,-0.030305,0.016390,0.114945,-0.030796,0.009469,0.113628,-0.030720,0.015418,0.114941,-0.006942,0.013052,0.089190,-0.017981,0.020405,0.113343,-0.016006,0.039446,0.124655
-0.003957,-0.010990,0.083640,0.009656,-0.003464,0.085578,0.012186,0.011669,0.000077,0.001070,0.001679,0.000294,-0.019861,0.032038,0.087055,-0.006477,0.037040,-0.000148,-0.006652,-0.000504,0.002546,-0.012918,-0.028559,0.100287,-0.029240,0.007120,0.110502,-0.030216,-0.004808,0.107971,-0.027637,0.000372,0.111592,-0.012852,0.011348,0.091329,-0.032604,0.023438,0.122137,-0.036329,0.041089,0.135118
-0.004792,-0.008643,0.083312,0.009494,-0.006348,0.084783,0.011921,0.008718,0.000198,0.001196,0.001462,0.000566,-0.020126,0.029416,0.086182,-0.006281,0.033550,0.000584,-0.006723,-0.000421,0.002986,-0.018796,-0.022152,0.100050,-0.027731,-0.002652,0.105645,-0.029058,-0.016465,0.102024,-0.026177,-0.013419,0.110514,-0.017494,0.006944,0.093748,-0.046870,0.024266,0.132385,-0.057369,0.042053,0.148270
-0.005069,-0.006456,0.082819,0.009047,-0.009018,0.083786,0.011410,0.005953,0.000046,0.001336,0.001163,0.000527,-0.020254,0.026542,0.085089,-0.006710,0.030591,0.001059,-0.007336,-0.001174,0.003277,-0.023908,-0.016429,0.099227,-0.025943,-0.012278,0.100498,-0.027288,-0.026440,0.096771,-0.027850,-0.026461,0.112180,-0.021096,0.000871,0.095857,-0.059871,0.023222,0.141785,-0.075980,0.040401,0.161918
-0.005476,-0.003947,0.081636,0.008383,-0.011278,0.082100,0.010725,0.003440,-0.000273,0.001366,0.000460,0.000273,-0.020314,0.023602,0.083284,-0.007291,0.027737,0.001091,-0.008162,-0.002562,0.003174,-0.027782,-0.011326,0.097385,-0.024153,-0.021056,0.094926,-0.025157,-0.035548,0.092307,-0.031215,-0.039011,0.114017,-0.024164,-0.005772,0.096812,-0.070832,0.020704,0.148347,-0.088652,0.034225,0.173325
-0.006579,-0.000922,0.079322,0.007666,-0.012987,0.079342,0.009997,0.001191,-0.000366,0.001359,-0.000428,0.000213,-0.020297,0.020792,0.080392,-0.007489,0.024557,0.000779,-0.008921,-0.003667,0.002658,-0.030281,-0.006715,0.094185,-0.022723,-0.028577,0.088767,-0.023181,-0.044349,0.088010,-0.033201,-0.050975,0.113349,-0.027177,-0.012279,0.096028,-0.078659,0.016657,0.151001,-0.093298,0.023617,0.179125
-0.008320,0.002461,0.075818,0.006940,-0.014137,0.075466,0.009247,-0.000829,0.000042,0.001398,-0.000984,0.000658,-0.020107,0.018138,0.076379,-0.007210,0.021027,0.000333,-0.009641,-0.003797,0.001873,-0.031576,-0.002515,0.089731,-0.021901,-0.034862,0.082119,-0.021907,-0.053162,0.082942,-0.031679,-0.061779,0.108604,-0.030377,-0.018422,0.093557,-0.081857,0.010508,0.149499,-0.090444,0.011062,0.176642
-0.010184,0.005910,0.071319,0.006086,-0.014816,0.070635,0.008367,-0.002633,0.000713,0.001365,-0.001077,0.001377,-0.019702,0.015589,0.071416,-0.006715,0.017423,-0.000179,-0.010319,-0.003093,0.000941,-0.031959,0.001247,0.084507,-0.021654,-0.040126,0.075346,-0.021624,-0.062064,0.076323,-0.026838,-0.070693,0.099095,-0.033592,-0.024233,0.089971,-0.079437,0.001832,0.143950,-0.083080,-0.000447,0.165648
-0.011702,0.009156,0.065979,0.004964,-0.015079,0.064969,0.007217,-0.004149,0.001140,0.001082,-0.001113,0.001835,-0.019162,0.013198,0.065632,-0.006226,0.013967,-0.000740,-0.010614,-0.002109,-0.000011,-0.031632,0.004423,0.078940,-0.021665,-0.044440,0.068734,-0.022157,-0.070800,0.067913,-0.020647,-0.077558,0.085694,-0.036103,-0.029847,0.085863,-0.072001,-0.008890,0.134769,-0.074933,-0.009682,0.148617
-0.012685,0.011938,0.059767,0.003536,-0.014873,0.058452,0.005723,-0.005241,0.001132,0.000594,-0.001446,0.001798,-0.018517,0.011042,0.059012,-0.005840,0.010760,-0.001161,-0.010258,-0.001236,-0.000724,-0.030638,0.006813,0.073029,-0.021438,-0.047689,0.062184,-0.022882,-0.078675,0.058035,-0.015670,-0.083001,0.071979,-0.036751,-0.035557,0.081478,-0.061761,-0.020300,0.123263,-0.068133,-0.017369,0.129180
-0.013162,0.014059,0.052628,0.001888,-0.014101,0.051069,0.003925,-0.005807,0.000902,0.000150,-0.001982,0.001462,-0.017605,0.009041,0.051536,-0.005657,0.007927,-0.001174,-0.009550,-0.000645,-0.000931,-0.028975,0.008290,0.066433,-0.020563,-0.049786,0.055272,-0.023055,-0.084539,0.047418,-0.013887,-0.087637,0.062377,-0.034622,-0.041723,0.076700,-0.051209,-0.030976,0.111777,-0.062173,-0.024590,0.110359
-0.013304,0.015569,0.044743,0.000177,-0.012767,0.043024,0.001990,-0.005869,0.000670,-0.000105,-0.002440,0.001069,-0.016296,0.007064,0.043396,-0.005719,0.005551,-0.000790,-0.008994,-0.000430,-0.000672,-0.026787,0.008928,0.058801,-0.019040,-0.050755,0.047588,-0.022245,-0.087065,0.037167,-0.015409,-0.091081,0.057401,-0.029930,-0.048245,0.071156,-0.041477,-0.040170,0.102466,-0.054864,-0.031736,0.094075
-0.013285,0.016753,0.036588,-0.001440,-0.011045,0.034777,0.000132,-0.005577,0.000469,-0.000246,-0.002669,0.000695,-0.014794,0.005169,0.035039,-0.005889,0.003517,-0.000380,-0.008566,-0.000533,-0.000343,-0.024378,0.009031,0.049992,-0.017323,-0.050534,0.038994,-0.020519,-0.085340,0.028513,-0.017892,-0.092015,0.051942,-0.024061,-0.054183,0.064357,-0.031837,-0.047815,0.095706,-0.044186,-0.038781,0.081531
-0.013076,0.017812,0.028703,-0.002894,-0.009175,0.026825,-0.001548,-0.005108,0.000336,-0.000378,-0.002610,0.000412,-0.013501,0.003566,0.026957,-0.005986,0.001618,-0.000290,-0.007743,-0.000719,-0.000289,-0.022033,0.008978,0.040234,-0.015869,-0.048931,0.029735,-0.018266,-0.079494,0.021966,-0.017996,-0.089197,0.040180,-0.018466,-0.058208,0.056098,-0.020796,-0.054011,0.090176,-0.029623,-0.045465,0.072924
-0.012437,0.018589,0.021320,-0.004246,-0.007290,0.019378,-0.003142,-0.004546,0.000413,-0.000484,-0.002247,0.000358,-0.012562,0.002336,0.019369,-0.006012,-0.000182,-0.000416,-0.006264,-0.000761,-0.000399,-0.019897,0.008999,0.030242,-0.014628,-0.045970,0.020435,-0.015879,-0.070761,0.016590,-0.014249,-0.082292,0.022079,-0.013527,-0.059606,0.046944,-0.007798,-0.058640,0.084702,-0.012328,-0.050972,0.066735
-0.011217,0.018751,0.014204,-0.005611,-0.005353,0.012215,-0.004805,-0.003851,0.000710,-0.000516,-0.001706,0.000514,-0.011705,0.001337,0.012075,-0.006097,-0.001747,-0.000369,-0.004480,-0.000566,-0.000302,-0.017995,0.009036,0.020957,-0.013116,-0.042148,0.011836,-0.013577,-0.060770,0.010632,-0.008455,-0.071918,0.003682,-0.008665,-0.058716,0.038022,0.006053,-0.061381,0.079492,0.005639,-0.054474,0.060635
-0.009637,0.018204,0.006887,-0.007042,-0.003254,0.004903,-0.006587,-0.002954,0.000971,-0.000508,-0.001195,0.000608,-0.010564,0.000392,0.004663,-0.006225,-0.002997,-0.000083,-0.002918,-0.000069,0.000017,-0.016271,0.008792,0.012968,-0.010951,-0.038224,0.004368,-0.011373,-0.050716,0.003104,-0.003872,-0.059241,-0.008937,-0.003393,-0.056349,0.030120,0.018838,-0.061978,0.075385,0.022034,-0.056337,0.053957
-0.008161,0.017174,-0.000826,-0.008486,-0.000955,-0.002725,-0.008397,-0.001848,0.000961,-0.000504,-0.000766,0.000410,-0.009031,-0.000539,-0.003032,-0.006243,-0.003955,-0.000035,-0.001904,0.000799,0.000030,-0.014573,0.007892,0.006232,-0.008203,-0.034792,-0.001982,-0.009172,-0.041224,-0.005399,-0.001955,-0.045574,-0.014592,0.001993,-0.052989,0.023136,0.029305,-0.060473,0.072510,0.034665,-0.057956,0.048546
-0.007123,0.015855,-0.008531,-0.009854,0.001462,-0.010256,-0.010109,-0.000594,0.000788,-0.000452,-0.000321,0.000044,-0.007267,-0.001442,-0.010608,-0.006168,-0.004575,-0.000701,-0.001724,0.001926,-0.000752,-0.012710,0.006080,0.000373,-0.005285,-0.032076,-0.007429,-0.006883,-0.032783,-0.013284,-0.001217,-0.032257,-0.015796,0.006718,-0.048642,0.016448,0.037557,-0.057273,0.070042,0.042095,-0.059925,0.046340
-0.006509,0.014229,-0.015440,-0.011088,0.003819,-0.016916,-0.011644,0.000707,0.000758,-0.000233,0.000120,-0.000181,-0.005553,-0.002375,-0.017315,-0.006332,-0.004720,-0.002013,-0.002662,0.002866,-0.002215,-0.010609,0.003352,-0.004934,-0.002656,-0.030018,-0.012144,-0.004503,-0.025977,-0.019021,0.000798,-0.020745,-0.014603,0.010194,-0.043235,0.009588,0.044541,-0.053040,0.066862,0.045032,-0.060768,0.046469
-0.006009,0.012379,-0.020929,-0.012179,0.005887,-0.022140,-0.012982,0.001921,0.000934,0.000202,0.000362,-0.000209,-0.004209,-0.003404,-0.022615,-0.007061,-0.004427,-0.003578,-0.004517,0.003084,-0.003881,-0.008391,-0.000053,-0.009822,-0.000541,-0.028461,-0.016245,-0.002026,-0.021135,-0.021875,0.004796,-0.012550,-0.011352,0.012367,-0.036884,0.002513,0.051108,-0.048369,0.062033,0.046641,-0.057801,0.045418
-0.005265,0.010747,-0.024852,-0.013140,0.007453,-0.025880,-0.014122,0.002890,0.001029,0.000698,0.000361,-0.000306,-0.003474,-0.004469,-0.026471,-0.008269,-0.003997,-0.005176,-0.006403,0.002467,-0.005468,-0.006203,-0.003745,-0.014265,0.001310,-0.027294,-0.019854,0.000719,-0.017907,-0.022264,0.009009,-0.008765,-0.007050,0.013651,-0.029717,-0.004526,0.057578,-0.043428,0.054944,0.050842,-0.049348,0.039797
-0.004133,0.009768,-0.027389,-0.013965,0.008415,-0.028386,-0.015050,0.003500,0.000795,0.000882,0.000443,-0.000661,-0.003282,-0.005372,-0.029101,-0.009495,-0.003697,-0.006694,-0.007486,0.001590,-0.006888,-0.004033,-0.007279,-0.018121,0.003553,-0.026501,-0.023062,0.004028,-0.015403,-0.021623,0.010730,-0.009435,-0.004864,0.014650,-0.021736,-0.011171,0.063858,-0.037945,0.045605,0.060015,-0.036399,0.028623
-0.002785,0.009389,-0.028778,-0.014618,0.008848,-0.029863,-0.015736,0.003761,0.000349,0.000395,0.001014,-0.001101,-0.003248,-0.005944,-0.030656,-0.010315,-0.003497,-0.007813,-0.007758,0.001287,-0.007921,-0.001781,-0.010248,-0.021194,0.006690,-0.026082,-0.025844,0.007969,-0.012863,-0.021528,0.008528,-0.013327,-0.007913,0.015813,-0.013154,-0.017024,0.069639,-0.031757,0.035034,0.073748,-0.022243,0.013592
-0.001554,0.009208,-0.029282,-0.015068,0.008949,-0.030484,-0.016172,0.003794,-0.000001,-0.000756,0.002108,-0.001323,-0.003018,-0.006176,-0.031276,-0.010636,-0.003219,-0.008208,-0.007805,0.001912,-0.008316,0.000471,-0.012404,-0.023370,0.010478,-0.025974,-0.028070,0.012087,-0.010184,-0.022634,0.003318,-0.018434,-0.016061,0.017187,-0.004840,-0.021695,0.074497,-0.025401,0.025055,0.089115,-0.010360,-0.001971
-0.000679,0.008956,-0.029252,-0.015327,0.008915,-0.030529,-0.016398,0.003739,-0.000105,-0.002140,0.003354,-0.001249,-0.002566,-0.006194,-0.031264,-0.010639,-0.002827,-0.007951,-0.008029,0.003096,-0.008139,0.002409,-0.013733,-0.024701,0.014044,-0.026039,-0.029629,0.015607,-0.007802,-0.024450,-0.002526,-0.022926,-0.025894,0.018496,0.001956,-0.024953,0.078060,-0.019962,0.017346,0.102434,-0.002479,-0.014786
