pelvis_x,pelvis_y,pelvis_z,left_hip_roll_link_x,left_hip_roll_link_y,left_hip_roll_link_z,left_knee_link_x,left_knee_link_y,left_knee_link_z,left_ankle_roll_link_x,left_ankle_roll_link_y,left_ankle_roll_link_z,right_hip_roll_link_x,right_hip_roll_link_y,right_hip_roll_link_z,right_knee_link_x,right_knee_link_y,right_knee_link_z,right_ankle_roll_link_x,right_ankle_roll_link_y,right_ankle_roll_link_z,torso_link_x,torso_link_y,torso_link_z,left_shoulder_roll_link_x,left_shoulder_roll_link_y,left_shoulder_roll_link_z,left_elbow_link_x,left_elbow_link_y,left_elbow_link_z,left_wrist_yaw_link_x,left_wrist_yaw_link_y,left_wrist_yaw_link_z,right_shoulder_roll_link_x,right_shoulder_roll_link_y,right_shoulder_roll_link_z,right_elbow_link_x,right_elbow_link_y,right_elbow_link_z,right_wrist_yaw_link_x,right_wrist_yaw_link_y,right_wrist_yaw_link_z
0.106932,-0.165874,0.362774,0.095110,0.505896,0.390916,0.170505,0.237742,0.041379,0.000759,0.125763,0.047072,0.416714,0.083148,0.564720,-0.416272,-0.800300,2.032158,-0.296649,-0.334602,1.940188,-0.028246,-0.121384,0.534976,-0.329380,1.107196,0.987747,-0.168779,1.057979,1.926441,-0.019047,0.733386,2.395458,-0.277293,-0.567858,0.679224,-0.259376,-0.305369,0.756769,-0.291991,-0.271574,0.719681
0.096985,-0.151696,0.372051,0.115292,0.500276,0.407394,0.189734,0.219592,0.050747,0.000579,0.140719,0.055711,0.414574,0.077898,0.578000,-0.346791,-0.553711,1.905730,-0.100916,-0.048499,1.804682,-0.036368,-0.119250,0.541371,-0.329069,1.027685,0.968515,-0.173199,0.999381,1.835443,-0.020104,0.774296,2.262186,-0.249281,-0.511377,0.666634,-0.233847,-0.298266,0.742355,-0.209552,-0.298846,0.681389
0.089074,-0.129954,0.381435,0.145672,0.488914,0.425030,0.218113,0.200349,0.064336,0.000045,0.161204,0.068785,0.400618,0.063036,0.581893,-0.257410,-0.243011,1.692456,0.153067,0.252868,1.591602,-0.042353,-0.113421,0.545871,-0.318250,0.928150,0.938210,-0.173832,0.927337,1.697450,-0.008011,0.818813,2.049640,-0.207735,-0.425489,0.644444,-0.195041,-0.283966,0.713432,-0.103914,-0.328591,0.625369
0.086439,-0.100371,0.388202,0.185086,0.471575,0.439656,0.254087,0.183579,0.081699,-0.001499,0.185996,0.086234,0.368477,0.038602,0.567693,-0.154716,0.085444,1.384019,0.418295,0.492175,1.298915,-0.043300,-0.102674,0.544624,-0.295560,0.818958,0.895872,-0.168817,0.845638,1.523501,0.019579,0.847443,1.773736,-0.154627,-0.313856,0.610855,-0.144061,-0.259919,0.669517,0.008175,-0.349467,0.556164
0.089164,-0.064215,0.391019,0.229315,0.451713,0.448943,0.293404,0.169057,0.101432,-0.004794,0.213071,0.106934,0.316927,0.012865,0.533826,-0.046295,0.376386,1.003161,0.628101,0.616400,0.949339,-0.038867,-0.087422,0.534799,-0.266119,0.708816,0.842610,-0.158976,0.753036,1.340179,0.056601,0.834865,1.479734,-0.095022,-0.188740,0.566755,-0.085111,-0.225012,0.616580,0.106596,-0.348064,0.483789
0.093536,-0.024323,0.390904,0.272275,0.435824,0.453812,0.330434,0.151921,0.121310,-0.010122,0.240117,0.128749,0.252028,0.000876,0.488505,0.059931,0.586314,0.604575,0.728273,0.620511,0.590560,-0.031683,-0.069983,0.516113,-0.238087,0.601053,0.781210,-0.146768,0.645260,1.176150,0.093030,0.762051,1.218099,-0.034816,-0.066852,0.515809,-0.023792,-0.179910,0.563854,0.178231,-0.313475,0.419141
0.094598,0.015371,0.389977,0.308600,0.429638,0.456873,0.360586,0.126864,0.138650,-0.016855,0.265153,0.148961,0.185042,0.016617,0.445116,0.155838,0.697210,0.254369,0.707789,0.537003,0.279063,-0.025260,-0.053719,0.490506,-0.216390,0.493763,0.714488,-0.133865,0.521330,1.046050,0.122862,0.630001,1.015764,0.021663,0.036899,0.462817,0.034993,-0.126617,0.517689,0.223108,-0.240075,0.367677
0.089571,0.050836,0.388901,0.336030,0.433805,0.459230,0.382331,0.093872,0.150802,-0.023404,0.287206,0.164841,0.127899,0.064237,0.414069,0.234834,0.719088,0.000193,0.603517,0.409005,0.055637,-0.021371,-0.041550,0.460177,-0.199850,0.381951,0.643355,-0.119778,0.385748,0.945417,0.147849,0.462183,0.868471,0.072623,0.113559,0.411345,0.088217,-0.068200,0.477653,0.251949,-0.128917,0.325805
0.079117,0.079116,0.385373,0.355739,0.442768,0.458574,0.397227,0.060003,0.155581,-0.027670,0.306581,0.174081,0.089292,0.135521,0.397711,0.294181,0.680608,-0.145638,0.473272,0.270069,-0.069290,-0.019206,-0.034697,0.425738,-0.184130,0.260824,0.566533,-0.102362,0.243021,0.860990,0.174763,0.287014,0.758515,0.118067,0.160145,0.362434,0.134571,-0.009190,0.437966,0.277024,0.010423,0.283338
0.065912,0.099052,0.375020,0.370573,0.447418,0.450128,0.408121,0.036052,0.151565,-0.027723,0.324296,0.174985,0.072811,0.214883,0.391073,0.335719,0.613509,-0.201708,0.360554,0.138234,-0.112564,-0.016609,-0.032301,0.386037,-0.166858,0.129685,0.482485,-0.079179,0.090944,0.785812,0.209999,0.111847,0.676889,0.158223,0.177332,0.315167,0.173469,0.044570,0.392712,0.303060,0.159084,0.231148
0.052460,0.111026,0.353830,0.382947,0.439016,0.429386,0.417262,0.031741,0.138326,-0.022340,0.340852,0.166612,0.077076,0.286737,0.386220,0.364459,0.541351,-0.201381,0.279428,0.019579,-0.104665,-0.011889,-0.032083,0.339451,-0.149572,-0.006042,0.391558,-0.048836,-0.078201,0.723615,0.255963,-0.084314,0.626794,0.192305,0.167858,0.268133,0.204078,0.088011,0.340499,0.324565,0.293284,0.168664
0.039788,0.115792,0.320031,0.393973,0.411986,0.394330,0.425657,0.052866,0.116646,-0.011260,0.354906,0.148975,0.097713,0.339843,0.376608,0.386028,0.477721,-0.176693,0.223511,-0.085211,-0.075260,-0.004867,-0.031750,0.285064,-0.135163,-0.136969,0.295839,-0.011969,-0.268508,0.678667,0.310689,-0.327821,0.608155,0.218487,0.136360,0.220121,0.225126,0.119942,0.285059,0.330471,0.393878,0.105233
0.027423,0.113385,0.274184,0.403881,0.365001,0.345771,0.433520,0.100846,0.088637,0.004748,0.363172,0.123297,0.130277,0.367284,0.359219,0.404434,0.430272,-0.148403,0.181908,-0.174839,-0.043859,0.003216,-0.030216,0.222680,-0.124438,-0.254521,0.197095,0.028617,-0.473573,0.643998,0.369026,-0.620696,0.604476,0.235006,0.089148,0.169720,0.235569,0.144118,0.231704,0.311711,0.454362,0.053975
0.014254,0.103206,0.218130,0.412886,0.300590,0.286234,0.441050,0.173757,0.057610,0.023856,0.362924,0.092172,0.172148,0.364415,0.334109,0.421304,0.404528,-0.124375,0.148038,-0.243751,-0.018201,0.010613,-0.027712,0.152400,-0.115567,-0.354196,0.095575,0.069020,-0.679501,0.601958,0.423187,-0.935742,0.588319,0.241426,0.032903,0.115134,0.235461,0.166534,0.182940,0.266535,0.480583,0.022869
-0.000145,0.085332,0.154112,0.421735,0.223870,0.218772,0.448927,0.267742,0.027403,0.043333,0.356578,0.059356,0.222269,0.328090,0.302618,0.436621,0.404555,-0.104460,0.120291,-0.282523,0.001222,0.016371,-0.024893,0.074903,-0.105770,-0.435479,-0.008951,0.106011,-0.872945,0.534938,0.462894,-1.236252,0.536898,0.239054,-0.027023,0.055216,0.226247,0.190956,0.136886,0.201279,0.483404,0.009862
-0.014413,0.061728,0.084609,0.431627,0.141482,0.146437,0.458263,0.377353,0.001283,0.060137,0.354329,0.029055,0.279459,0.258620,0.265818,0.449943,0.431084,-0.086837,0.099450,-0.282941,0.015504,0.021330,-0.022008,-0.007775,-0.092223,-0.500378,-0.115574,0.138341,-1.045084,0.433434,0.477685,-1.495139,0.439226,0.230390,-0.087362,-0.009174,0.210394,0.216527,0.089248,0.127248,0.471339,0.005061
-0.025499,0.036154,0.012419,0.443565,0.061101,0.072246,0.469916,0.493601,-0.019000,0.071862,0.370146,0.004991,0.340871,0.163053,0.224138,0.461140,0.478797,-0.071444,0.086234,-0.245104,0.024564,0.027976,-0.018889,-0.092086,-0.071611,-0.552932,-0.222105,0.166957,-1.190634,0.295818,0.462017,-1.699650,0.291683,0.218250,-0.146407,-0.075057,0.190784,0.239106,0.036479,0.055704,0.448118,-0.002996
-0.030416,0.012946,-0.059129,0.457463,-0.009660,-0.000529,0.483493,0.601378,-0.033326,0.077552,0.412517,-0.010231,0.401381,0.056938,0.178345,0.470467,0.534570,-0.059862,0.079977,-0.181618,0.027480,0.038708,-0.015343,-0.173504,-0.040278,-0.599495,-0.326053,0.194094,-1.306742,0.125089,0.419489,-1.847762,0.093373,0.205266,-0.202496,-0.138439,0.170352,0.254683,-0.022631,-0.006394,0.415043,-0.022869
-0.028817,-0.004237,-0.125570,0.471563,-0.065744,-0.067612,0.496855,0.681007,-0.042499,0.077988,0.478662,-0.015197,0.453968,-0.037462,0.131390,0.478284,0.578480,-0.053258,0.078499,-0.114661,0.024126,0.053445,-0.011200,-0.246740,0.004033,-0.647931,-0.424769,0.221788,-1.393510,-0.071513,0.362211,-1.944658,-0.151234,0.193875,-0.252042,-0.195212,0.152034,0.261967,-0.087435,-0.057461,0.374391,-0.059919
-0.024194,-0.013189,-0.180861,0.482605,-0.106913,-0.123198,0.506670,0.716406,-0.047549,0.075856,0.559445,-0.009585,0.491077,-0.096700,0.089425,0.484737,0.588732,-0.050747,0.078955,-0.066369,0.016178,0.068705,-0.006090,-0.305669,0.060440,-0.704994,-0.514404,0.250895,-1.454276,-0.280996,0.306293,-2.000243,-0.427153,0.186435,-0.288151,-0.241405,0.138857,0.262502,-0.156599,-0.098695,0.329167,-0.117174
-0.022043,-0.013598,-0.218399,0.486626,-0.137542,-0.161009,0.509539,0.704142,-0.049738,0.076005,0.650423,0.005624,0.506829,-0.103423,0.060138,0.489469,0.548987,-0.049500,0.079108,-0.048458,0.006692,0.079590,0.000490,-0.344327,0.125048,-0.773319,-0.589542,0.281263,-1.494142,-0.486310,0.267120,-2.024886,-0.710390,0.185173,-0.301366,-0.273803,0.133850,0.258930,-0.228583,-0.129929,0.278986,-0.193978
-0.025841,-0.006954,-0.233664,0.479849,-0.164231,-0.177131,0.502716,0.654376,-0.050980,0.085267,0.757350,0.027805,0.499219,-0.052101,0.048676,0.491466,0.454151,-0.046495,0.078127,-0.058026,-0.001384,0.083526,0.008864,-0.359408,0.192581,-0.850089,-0.644916,0.312147,-1.517385,-0.672988,0.255477,-2.023089,-0.978083,0.191928,-0.283157,-0.291356,0.139641,0.253223,-0.300927,-0.146732,0.218216,-0.283761
-0.034043,0.004339,-0.226616,0.459477,-0.193642,-0.172614,0.484362,0.583370,-0.053738,0.111079,0.891331,0.052901,0.471052,0.049543,0.054273,0.489314,0.311586,-0.040435,0.076456,-0.081571,-0.006626,0.082528,0.019209,-0.352516,0.257421,-0.928043,-0.678067,0.341775,-1.526518,-0.834739,0.273579,-1.991271,-1.217242,0.207675,-0.230410,-0.296168,0.157676,0.246073,-0.368919,-0.140307,0.141792,-0.374845
-0.040941,0.018299,-0.201731,0.424551,-0.231866,-0.153350,0.454033,0.506001,-0.059913,0.158786,1.059519,0.076528,0.428860,0.183894,0.070730,0.481935,0.137804,-0.032414,0.075014,-0.103229,-0.009504,0.081827,0.031942,-0.329883,0.313398,-0.997441,-0.690367,0.366808,-1.524923,-0.970329,0.311404,-1.926620,-1.420871,0.231617,-0.147582,-0.292707,0.187015,0.237106,-0.425334,-0.100713,0.054525,-0.455320
-0.040712,0.034169,-0.165655,0.376681,-0.284457,-0.127171,0.413423,0.433753,-0.069140,0.228264,1.258177,0.095732,0.380326,0.329255,0.090341,0.469255,-0.046810,-0.025015,0.074409,-0.111780,-0.011621,0.086053,0.047849,-0.299546,0.354089,-1.047342,-0.685450,0.383206,-1.520328,-1.074300,0.346149,-1.842073,-1.575739,0.259926,-0.044692,-0.285689,0.223056,0.225500,-0.462749,-0.022811,-0.026609,-0.517996
-0.031029,0.052263,-0.124507,0.320120,-0.355710,-0.100550,0.366434,0.375533,-0.077379,0.311752,1.470568,0.110849,0.331733,0.464922,0.107706,0.452064,-0.222721,-0.020755,0.074646,-0.103577,-0.014546,0.096525,0.067639,-0.268170,0.374661,-1.066695,-0.666827,0.387964,-1.523838,-1.133904,0.349024,-1.770232,-1.659337,0.285408,0.067233,-0.278257,0.257457,0.211286,-0.476814,0.088355,-0.081480,-0.560032
-0.013470,0.073425,-0.082506,0.261306,-0.446853,-0.076968,0.318157,0.337007,-0.075749,0.395191,1.670082,0.127639,0.286642,0.574376,0.120707,0.431141,-0.374497,-0.020950,0.075404,-0.081685,-0.019065,0.111682,0.091588,-0.239443,0.373848,-1.047039,-0.636873,0.379890,-1.543278,-1.139028,0.299907,-1.745943,-1.654641,0.299323,0.179708,-0.271352,0.280436,0.197267,-0.466529,0.216890,-0.098973,-0.576670
0.008451,0.098646,-0.042193,0.208703,-0.554220,-0.057068,0.273625,0.318573,-0.049339,0.463161,1.827012,0.159470,0.246093,0.647142,0.129158,0.406630,-0.492524,-0.025484,0.076470,-0.053120,-0.025127,0.129261,0.119657,-0.214380,0.354818,-0.986278,-0.597621,0.359655,-1.576262,-1.095830,0.201178,-1.780775,-1.569401,0.294663,0.287192,-0.264076,0.284479,0.189817,-0.431342,0.340087,-0.080873,-0.556337
0.031072,0.128554,-0.005534,0.172772,-0.668950,-0.039690,0.237142,0.315016,0.021767,0.504405,1.915782,0.226640,0.209899,0.679672,0.133184,0.378437,-0.573045,-0.033248,0.077876,-0.025775,-0.032213,0.147681,0.151538,-0.192749,0.324879,-0.890349,-0.552012,0.330505,-1.609857,-1.028823,0.079056,-1.854314,-1.439078,0.268835,0.385087,-0.254733,0.267113,0.196429,-0.370176,0.434089,-0.035919,-0.485875
0.051180,0.162318,0.025036,0.164399,-0.778767,-0.023112,0.211742,0.318341,0.155837,0.514945,1.920155,0.348980,0.178133,0.674977,0.132503,0.347219,-0.616862,-0.042708,0.079740,-0.005879,-0.039664,0.166023,0.185982,-0.174463,0.293696,-0.771216,-0.504089,0.298562,-1.627796,-0.968703,-0.028843,-1.929798,-1.309392,0.224878,0.467828,-0.242142,0.231676,0.220717,-0.285683,0.479774,0.027066,-0.364762
0.066121,0.196691,0.046506,0.191168,-0.870773,-0.005940,0.198197,0.321648,0.358937,0.498418,1.834855,0.533521,0.151802,0.640806,0.126543,0.314797,-0.627672,-0.052203,0.082096,0.003595,-0.046705,0.183617,0.220038,-0.160012,0.269742,-0.642713,-0.457891,0.270638,-1.618974,-0.937534,-0.090739,-1.976548,-1.214353,0.170964,0.529021,-0.226470,0.186186,0.259185,-0.188985,0.467835,0.100016,-0.214502
0.074026,0.226499,0.056341,0.253786,-0.933745,0.012779,0.194169,0.320791,0.619197,0.465755,1.662146,0.766106,0.132277,0.586477,0.114985,0.283448,-0.610525,-0.060028,0.084941,0.003265,-0.052329,0.199930,0.249539,-0.149850,0.256922,-0.516369,-0.415879,0.250690,-1.580414,-0.942309,-0.093716,-1.979506,-1.166230,0.117671,0.563537,-0.208930,0.140376,0.303293,-0.097587,0.400083,0.173376,-0.070929
0.074100,0.246606,0.053745,0.345280,-0.959477,0.033779,0.194399,0.312726,0.911333,0.435169,1.405842,1.013841,0.120216,0.519383,0.098146,0.254733,-0.570343,-0.064597,0.088463,-0.003729,-0.055404,0.214768,0.270891,-0.143672,0.254136,-0.398825,-0.378231,0.238454,-1.514290,-0.977728,-0.047113,-1.935171,-1.159896,0.073947,0.569598,-0.190793,0.102008,0.345090,-0.027063,0.286573,0.236898,0.035127
0.066695,0.253918,0.039836,0.452580,-0.943984,0.056972,0.191746,0.292565,1.206277,0.429258,1.068854,1.236375,0.115100,0.442731,0.076748,0.228888,-0.510549,-0.064814,0.093218,-0.013884,-0.055102,0.228410,0.282771,-0.140518,0.257825,-0.291931,-0.343756,0.231230,-1.423935,-1.032479,0.025266,-1.845876,-1.182577,0.044338,0.549084,-0.172800,0.074648,0.381255,0.015374,0.142109,0.283843,0.091344
0.052911,0.248223,0.016632,0.558360,-0.888976,0.079942,0.178443,0.251957,1.476655,0.465377,0.657683,1.398832,0.115712,0.355593,0.051347,0.205208,-0.432480,-0.060449,0.099944,-0.025401,-0.051377,0.241209,0.286507,-0.139635,0.264587,-0.194961,-0.311686,0.226286,-1.312218,-1.094168,0.098200,-1.717702,-1.219929,0.028711,0.506379,-0.155488,0.057672,0.412884,0.030433,-0.015714,0.314354,0.102615
0.034081,0.231658,-0.013997,0.643217,-0.802205,0.097236,0.148081,0.180457,1.696566,0.543538,0.190746,1.481093,0.120925,0.255523,0.022195,0.182992,-0.336458,-0.052199,0.108866,-0.038535,-0.045059,0.252928,0.285028,-0.141169,0.271898,-0.106796,-0.282716,0.221740,-1.181503,-1.151908,0.154102,-1.557789,-1.257130,0.023700,0.447215,-0.139882,0.047680,0.442490,0.021950,-0.168157,0.334577,0.080833
0.011814,0.207216,-0.050440,0.689899,-0.695239,0.101995,0.098750,0.069855,1.841930,0.641635,-0.296915,1.481896,0.130120,0.142393,-0.010222,0.162348,-0.224080,-0.041338,0.118817,-0.053625,-0.037426,0.262796,0.281057,-0.145980,0.278009,-0.026639,-0.258354,0.216756,-1.033438,-1.198014,0.185219,-1.369421,-1.280157,0.025002,0.377874,-0.127654,0.040546,0.470775,-0.007586,-0.297876,0.351736,0.034979
-0.011643,0.177241,-0.090421,0.688234,-0.580331,0.089273,0.035118,-0.080595,1.895044,0.722048,-0.758524,1.417075,0.142860,0.020857,-0.044240,0.144240,-0.100167,-0.029125,0.126785,-0.068448,-0.029490,0.270232,0.275738,-0.154484,0.282597,0.046174,-0.239128,0.212313,-0.868963,-1.229534,0.192906,-1.150507,-1.280824,0.029712,0.304456,-0.120279,0.033514,0.494832,-0.058547,-0.391833,0.368669,-0.033493
-0.033750,0.143005,-0.129922,0.636962,-0.469124,0.058692,-0.033547,-0.261713,1.850219,0.746787,-1.149468,1.311017,0.157925,-0.100212,-0.076323,0.129676,0.026862,-0.016377,0.128615,-0.077754,-0.021539,0.275084,0.268678,-0.165316,0.287638,0.112115,-0.223213,0.211866,-0.689579,-1.248552,0.186816,-0.899034,-1.262307,0.037370,0.232312,-0.117708,0.026275,0.508745,-0.132096,-0.443896,0.382360,-0.128343
-0.052675,0.105532,-0.163109,0.542067,-0.372676,0.014889,-0.098218,-0.457127,1.716619,0.696443,-1.442163,1.184386,0.172460,-0.209974,-0.101396,0.118678,0.145805,-0.003538,0.121006,-0.076351,-0.013321,0.277136,0.259119,-0.175027,0.296812,0.171130,-0.206702,0.220327,-0.498838,-1.259865,0.182755,-0.620055,-1.238092,0.049127,0.165836,-0.117778,0.020559,0.506325,-0.225792,-0.456342,0.387461,-0.250626
-0.067821,0.066700,-0.183640,0.414365,-0.300261,-0.033990,-0.153378,-0.649502,1.516746,0.581667,-1.632597,1.046686,0.182133,-0.297527,-0.114307,0.109965,0.244109,0.008916,0.103625,-0.063634,-0.004663,0.275777,0.246983,-0.179198,0.312916,0.222790,-0.185202,0.241156,-0.302385,-1.265941,0.197047,-0.327061,-1.221078,0.066113,0.108483,-0.116934,0.018932,0.483975,-0.330274,-0.438605,0.380549,-0.391024
-0.079508,0.029449,-0.186421,0.267270,-0.257059,-0.078722,-0.196709,-0.825749,1.279589,0.433374,-1.735684,0.899254,0.182444,-0.353352,-0.111395,0.101624,0.310107,0.020251,0.079519,-0.045568,0.004128,0.270141,0.232851,-0.173893,0.334789,0.266721,-0.155322,0.273334,-0.106727,-1.261261,0.238670,-0.037520,-1.208449,0.088644,0.062871,-0.111583,0.023793,0.441387,-0.430504,-0.401899,0.359907,-0.529557
-0.088451,-0.003157,-0.168726,0.114194,-0.243218,-0.111340,-0.227304,-0.977802,1.031011,0.277803,-1.773870,0.743711,0.170274,-0.371080,-0.091219,0.092119,0.335798,0.029635,0.053417,-0.032061,0.012373,0.259332,0.216989,-0.156371,0.356452,0.302300,-0.115185,0.310937,0.081792,-1.230520,0.304422,0.232826,-1.175244,0.116428,0.031104,-0.099077,0.036678,0.380250,-0.511190,-0.352262,0.321747,-0.643439
-0.095439,-0.029118,-0.130531,-0.033615,-0.255176,-0.126705,-0.244921,-1.099776,0.787761,0.122369,-1.765615,0.585916,0.144717,-0.349193,-0.054541,0.080817,0.318894,0.036364,0.029427,-0.031484,0.019323,0.242707,0.198474,-0.125183,0.369917,0.327641,-0.064387,0.346480,0.257351,-1.154192,0.381015,0.473998,-1.085859,0.148691,0.015181,-0.078049,0.057515,0.303366,-0.562465,-0.288091,0.259136,-0.716872
-0.100997,-0.047756,-0.074440,-0.167425,-0.287342,-0.123028,-0.250336,-1.185270,0.558898,-0.035100,-1.718714,0.433325,0.107056,-0.291950,-0.004220,0.067831,0.263419,0.039892,0.009812,-0.046091,0.024325,0.220498,0.175512,-0.080329,0.369733,0.339602,-0.003983,0.375651,0.415529,-1.018417,0.452315,0.683581,-0.915571,0.183598,0.016805,-0.048324,0.083931,0.215704,-0.581900,-0.205229,0.167460,-0.745651
-0.104907,-0.059133,-0.005451,-0.279645,-0.332437,-0.101423,-0.245176,-1.227562,0.351587,-0.189808,-1.630532,0.292291,0.060333,-0.209082,0.054830,0.053543,0.178995,0.039840,-0.004826,-0.071268,0.026869,0.194443,0.146753,-0.023692,0.355392,0.336011,0.063612,0.399284,0.555164,-0.821163,0.507541,0.865235,-0.661658,0.217866,0.036090,-0.010827,0.111755,0.126003,-0.571802,-0.104390,0.052562,-0.733783
-0.105939,-0.063756,0.069542,-0.362370,-0.381300,-0.064904,-0.230566,-1.221660,0.174954,-0.326791,-1.493355,0.169243,0.008754,-0.113876,0.115981,0.038246,0.078794,0.036064,-0.014720,-0.098678,0.026617,0.167592,0.112196,0.040557,0.330055,0.318528,0.135007,0.421196,0.679688,-0.570624,0.547444,1.023432,-0.335141,0.247622,0.069852,0.032180,0.137280,0.046159,-0.533847,0.007459,-0.066145,-0.684652
-0.102279,-0.062915,0.142485,-0.407773,-0.423887,-0.017621,-0.206061,-1.165408,0.038372,-0.430461,-1.301760,0.071702,-0.042919,-0.020220,0.171751,0.022107,-0.023284,0.028742,-0.020319,-0.120515,0.023430,0.143041,0.073078,0.106069,0.297899,0.293219,0.206090,0.444576,0.795849,-0.281009,0.584002,1.158049,0.050710,0.269888,0.111005,0.076739,0.159522,-0.012596,-0.465904,0.122095,-0.161601,-0.594844
-0.092729,-0.058660,0.205112,-0.410943,-0.451786,0.035225,-0.170616,-1.058836,-0.054085,-0.491526,-1.058826,0.004553,-0.089928,0.060089,0.215097,0.005423,-0.115085,0.018445,-0.022242,-0.131861,0.017461,0.122341,0.031557,0.165292,0.262921,0.267976,0.271933,0.470082,0.909480,0.028547,0.629917,1.264177,0.477584,0.283139,0.150045,0.117521,0.179865,-0.044672,-0.365100,0.233730,-0.211209,-0.458278
-0.077904,-0.052930,0.250164,-0.373175,-0.460900,0.087350,-0.124889,-0.903565,-0.107841,-0.504653,-0.777764,-0.035687,-0.128045,0.119160,0.240818,-0.011101,-0.187905,0.006241,-0.021671,-0.130637,0.009347,0.104724,-0.009307,0.211210,0.229254,0.249186,0.327059,0.496155,1.021020,0.334360,0.684855,1.337964,0.913064,0.286820,0.177840,0.149147,0.199405,-0.052903,-0.235010,0.337328,-0.207761,-0.277859
-0.060085,-0.046889,0.272644,-0.302606,-0.452404,0.131994,-0.072178,-0.703772,-0.136942,-0.465802,-0.476641,-0.061742,-0.154064,0.153919,0.246406,-0.026345,-0.237451,-0.006279,-0.020726,-0.116785,0.000345,0.087947,-0.046064,0.239024,0.201454,0.240359,0.366688,0.520496,1.124733,0.612720,0.733471,1.382541,1.314612,0.281092,0.187863,0.167718,0.217229,-0.046885,-0.089213,0.425945,-0.161726,-0.071785
-0.041420,-0.041513,0.270490,-0.211013,-0.430976,0.163178,-0.016543,-0.467155,-0.158828,-0.376970,-0.168750,-0.089654,-0.166149,0.165523,0.231730,-0.039182,-0.263478,-0.017254,-0.022392,-0.091916,-0.007902,0.070329,-0.076442,0.246839,0.184030,0.242737,0.388355,0.541854,1.212786,0.846664,0.760696,1.407377,1.646520,0.267210,0.176633,0.171582,0.231518,-0.037706,0.053990,0.491672,-0.093362,0.134380
-0.022259,-0.038776,0.244594,-0.109509,-0.401202,0.177121,0.039950,-0.204100,-0.188453,-0.252143,0.143144,-0.131290,-0.164133,0.157175,0.198171,-0.049154,-0.267938,-0.025061,-0.029748,-0.059222,-0.013928,0.052141,-0.100924,0.235436,0.180124,0.256001,0.392706,0.560741,1.280401,1.029175,0.769372,1.421297,1.892465,0.247542,0.142801,0.161287,0.241546,-0.033098,0.180999,0.528238,-0.021860,0.322226
-0.001758,-0.041800,0.198628,-0.006886,-0.364571,0.173282,0.097417,0.074365,-0.234285,-0.114030,0.462035,-0.190695,-0.149853,0.131919,0.148497,-0.056917,-0.253038,-0.028771,-0.044435,-0.023143,-0.016927,0.034864,-0.122564,0.207809,0.189356,0.278343,0.383115,0.577533,1.327167,1.161234,0.779554,1.426015,2.053771,0.224746,0.086285,0.139276,0.247830,-0.036684,0.286846,0.531605,0.039539,0.485561
0.019789,-0.053433,0.138843,0.088903,-0.319116,0.154524,0.155155,0.358035,-0.296684,0.015990,0.784560,-0.264605,-0.127128,0.092136,0.087641,-0.063933,-0.220927,-0.028294,-0.064859,0.011198,-0.016849,0.019192,-0.144927,0.168779,0.206142,0.306722,0.364618,0.589282,1.354471,1.247838,0.807786,1.416826,2.139306,0.200944,0.008527,0.109486,0.250536,-0.050320,0.370566,0.499746,0.081691,0.621450
0.039711,-0.074516,0.073256,0.169416,-0.261905,0.126011,0.209061,0.637922,-0.369223,0.123536,1.093127,-0.344902,-0.100896,0.040579,0.022784,-0.071593,-0.174745,-0.024231,-0.085822,0.038859,-0.014180,0.004170,-0.169927,0.124202,0.220988,0.337676,0.342561,0.589348,1.363571,1.294665,0.847998,1.390423,2.157217,0.177574,-0.086155,0.076493,0.248376,-0.075118,0.428665,0.434561,0.097337,0.719758
0.054530,-0.103441,0.009693,0.227123,-0.192410,0.092991,0.253054,0.906610,-0.443530,0.199174,1.362169,-0.422241,-0.075656,-0.018893,-0.038569,-0.080557,-0.119042,-0.017578,-0.101002,0.056543,-0.009638,-0.011537,-0.197286,0.079410,0.225134,0.367523,0.320807,0.571686,1.357098,1.305828,0.874136,1.353143,2.112658,0.155053,-0.189041,0.044090,0.238699,-0.108510,0.453998,0.344208,0.082404,0.764809
0.062808,-0.137178,-0.046383,0.257967,-0.113828,0.058575,0.282965,1.158551,-0.515028,0.235058,1.576093,-0.489675,-0.054161,-0.081622,-0.091384,-0.090753,-0.059011,-0.009434,-0.106720,0.063864,-0.003960,-0.027696,-0.225642,0.037624,0.214623,0.391260,0.300113,0.535588,1.341428,1.283846,0.859724,1.321467,2.011144,0.131817,-0.287237,0.014147,0.218069,-0.141022,0.440215,0.241919,0.038040,0.747638
0.066457,-0.172587,-0.092522,0.262115,-0.030978,0.023214,0.298475,1.388761,-0.584109,0.225269,1.743463,-0.543006,-0.037223,-0.142519,-0.134177,-0.101686,0.000044,-0.000795,-0.103547,0.063021,0.002214,-0.041919,-0.253918,-0.000316,0.189527,0.402004,0.278337,0.485163,1.325062,1.232952,0.793560,1.311933,1.864857,0.104828,-0.368589,-0.013127,0.183873,-0.160415,0.386933,0.141176,-0.030615,0.675186
0.069297,-0.207050,-0.128028,0.242617,0.053259,-0.013497,0.301645,1.589805,-0.651513,0.168570,1.892306,-0.577380,-0.024663,-0.195976,-0.167516,-0.112730,0.052387,0.007614,-0.094738,0.056979,0.008471,-0.051132,-0.281826,-0.034618,0.149592,0.393106,0.253081,0.423732,1.312224,1.163172,0.681181,1.327284,1.696817,0.073061,-0.430514,-0.037593,0.137698,-0.164470,0.302188,0.051008,-0.118189,0.567423
0.074103,-0.238566,-0.152256,0.203421,0.139339,-0.050395,0.294293,1.750121,-0.713903,0.070868,2.048468,-0.585773,-0.016569,-0.236542,-0.191670,-0.123468,0.092267,0.015541,-0.083733,0.047968,0.014800,-0.053998,-0.309537,-0.064821,0.091948,0.361376,0.224499,0.349722,1.297214,1.089664,0.537653,1.351644,1.537460,0.040375,-0.483315,-0.057926,0.087214,-0.169374,0.201150,-0.025589,-0.221082,0.446378
0.080457,-0.265938,-0.164189,0.147386,0.229207,-0.084374,0.276238,1.856099,-0.765669,-0.054058,2.214893,-0.564198,-0.013859,-0.261218,-0.205667,-0.134100,0.116228,0.023272,-0.072858,0.037317,0.021610,-0.052382,-0.337260,-0.089301,0.013767,0.307755,0.195303,0.258767,1.265926,1.025600,0.378517,1.361121,1.413422,0.012729,-0.539849,-0.072248,0.042092,-0.199883,0.100860,-0.090247,-0.336087,0.326819
0.085026,-0.288974,-0.163450,0.075561,0.323867,-0.112203,0.245359,1.895901,-0.804156,-0.186991,2.366276,-0.518453,-0.017805,-0.271554,-0.208371,-0.145495,0.125353,0.031205,-0.063313,0.026007,0.029261,-0.050529,-0.365095,-0.106423,-0.083427,0.235541,0.168240,0.149359,1.204171,0.974924,0.212127,1.340439,1.336766,-0.007997,-0.600814,-0.080061,0.006775,-0.268725,0.013621,-0.146284,-0.458488,0.214526
0.084008,-0.308091,-0.151318,-0.010668,0.423179,-0.131913,0.199689,1.861161,-0.830716,-0.309226,2.458051,-0.462928,-0.029108,-0.272897,-0.200117,-0.158664,0.124589,0.039143,-0.055579,0.014975,0.037388,-0.052383,-0.392856,-0.115975,-0.192557,0.149491,0.144247,0.025960,1.105305,0.932629,0.037345,1.289369,1.303672,-0.025830,-0.653353,-0.083048,-0.021747,-0.367305,-0.056099,-0.195722,-0.582530,0.110791
0.075627,-0.323368,-0.130285,-0.106222,0.527018,-0.142073,0.140123,1.746379,-0.846501,-0.408397,2.440734,-0.412116,-0.047438,-0.271175,-0.182974,-0.174086,0.119420,0.046115,-0.049733,0.004999,0.044838,-0.059207,-0.419601,-0.119089,-0.303475,0.056223,0.123096,-0.102449,0.970712,0.891865,-0.150182,1.213915,1.301902,-0.046334,-0.683653,-0.083510,-0.049260,-0.474809,-0.109362,-0.237950,-0.703256,0.017638
0.060527,-0.333885,-0.102548,-0.201744,0.634734,-0.140471,0.071203,1.548871,-0.849163,-0.479311,2.274279,-0.374783,-0.071762,-0.270379,-0.159401,-0.191529,0.113115,0.051097,-0.045667,-0.003514,0.050466,-0.069487,-0.443194,-0.116661,-0.406131,-0.036494,0.104979,-0.225649,0.804683,0.850042,-0.347421,1.112920,1.317797,-0.072027,-0.687646,-0.082001,-0.079134,-0.572143,-0.148350,-0.271064,-0.816784,-0.060553
0.040031,-0.337936,-0.069026,-0.286804,0.742824,-0.124234,-0.000770,1.270175,-0.833616,-0.519309,1.939959,-0.355532,-0.101048,-0.272665,-0.130782,-0.210484,0.106575,0.053845,-0.043261,-0.010615,0.053982,-0.080990,-0.460442,-0.108152,-0.492459,-0.121858,0.090999,-0.334688,0.610483,0.808881,-0.539108,0.973427,1.337071,-0.102125,-0.670593,-0.076577,-0.111562,-0.648359,-0.174018,-0.294505,-0.918379,-0.119478
0.014347,-0.333825,-0.029740,-0.353511,0.844327,-0.091220,-0.070198,0.918833,-0.793749,-0.522766,1.446936,-0.358170,-0.134714,-0.279811,-0.097237,-0.230699,0.099754,0.054970,-0.042492,-0.016812,0.055989,-0.092802,-0.467994,-0.092078,-0.557060,-0.195548,0.082400,-0.422998,0.391570,0.770617,-0.703564,0.778693,1.343245,-0.134925,-0.640733,-0.064201,-0.145626,-0.699582,-0.186793,-0.310232,-1.000128,-0.158700
-0.017162,-0.320709,0.015074,-0.397647,0.931787,-0.041397,-0.133121,0.514973,-0.722561,-0.480183,0.831515,-0.384455,-0.172437,-0.293602,-0.058769,-0.252292,0.092581,0.055311,-0.043342,-0.022950,0.057322,-0.105294,-0.463627,-0.067486,-0.597001,-0.255887,0.079613,-0.486314,0.155311,0.735265,-0.823051,0.521872,1.320346,-0.169160,-0.604457,-0.042867,-0.180564,-0.725509,-0.188189,-0.321241,-1.050396,-0.183040
-0.053722,-0.299167,0.064072,-0.417769,1.000874,0.022322,-0.186473,0.094626,-0.612518,-0.384372,0.149387,-0.428113,-0.213457,-0.314455,-0.016757,-0.275318,0.084666,0.055253,-0.045585,-0.029865,0.058354,-0.118237,-0.447261,-0.035107,-0.610791,-0.303711,0.081685,-0.521707,-0.085750,0.700406,-0.888718,0.214989,1.259069,-0.203466,-0.564937,-0.012951,-0.215227,-0.726620,-0.180905,-0.329079,-1.056148,-0.199297
-0.091439,-0.271282,0.114819,-0.413696,1.050993,0.094439,-0.226536,-0.293313,-0.457648,-0.240335,-0.539264,-0.468966,-0.256065,-0.339763,0.025616,-0.299200,0.074674,0.054563,-0.048727,-0.037785,0.058816,-0.129458,-0.421081,0.002675,-0.597272,-0.342442,0.086306,-0.526764,-0.316503,0.661435,-0.897862,-0.112188,1.158888,-0.235595,-0.522711,0.022921,-0.247313,-0.703013,-0.167347,-0.332948,-1.007432,-0.210838
-0.124500,-0.239956,0.164972,-0.385509,1.083190,0.169105,-0.248022,-0.602962,-0.256364,-0.070739,-1.187865,-0.473649,-0.298050,-0.363890,0.064851,-0.322601,0.060271,0.052821,-0.052320,-0.045951,0.058189,-0.136013,-0.388486,0.043207,-0.555332,-0.377418,0.090801,-0.499823,-0.523477,0.610780,-0.850223,-0.422181,1.021502,-0.262756,-0.476764,0.061502,-0.273846,-0.654608,-0.148463,-0.331337,-0.901973,-0.215506
-0.148417,-0.207669,0.213631,-0.335408,1.097666,0.242342,-0.246106,-0.812481,-0.016107,0.088684,-1.769283,-0.408637,-0.337895,-0.380011,0.099245,-0.343909,0.038420,0.049946,-0.056397,-0.053053,0.056183,-0.136802,-0.352503,0.085298,-0.484685,-0.413938,0.093759,-0.441046,-0.698198,0.538300,-0.748781,-0.684298,0.841898,-0.282731,-0.425512,0.100963,-0.292471,-0.581958,-0.124121,-0.324639,-0.747755,-0.208761
-0.162206,-0.175528,0.261398,-0.272717,1.092045,0.311495,-0.221606,-0.932604,0.239574,0.201938,-2.260558,-0.262944,-0.375572,-0.382383,0.129393,-0.361939,0.005548,0.046223,-0.061538,-0.058270,0.052755,-0.133779,-0.314741,0.129831,-0.387471,-0.455064,0.096118,-0.353627,-0.839011,0.436505,-0.601295,-0.887452,0.610222,-0.294252,-0.367716,0.141782,-0.301976,-0.487095,-0.094180,-0.315813,-0.561249,-0.188489
-0.168075,-0.143288,0.309312,-0.216230,1.061041,0.373365,-0.184427,-0.994427,0.468479,0.246191,-2.626903,-0.064578,-0.412353,-0.367737,0.157024,-0.376387,-0.042059,0.042073,-0.068508,-0.061811,0.047906,-0.130816,-0.275508,0.178954,-0.270170,-0.500967,0.100880,-0.244777,-0.951237,0.309287,-0.417076,-1.043452,0.328288,-0.296330,-0.303090,0.186053,-0.301590,-0.373659,-0.058882,-0.307325,-0.360250,-0.157137
-0.169810,-0.110319,0.358247,-0.187856,0.998535,0.424806,-0.150245,-1.028008,0.621374,0.218138,-2.831294,0.127382,-0.450074,-0.335576,0.184072,-0.387775,-0.107112,0.038140,-0.077921,-0.064378,0.041818,-0.131809,-0.234789,0.234858,-0.144267,-0.550218,0.111899,-0.125781,-1.044706,0.175564,-0.203361,-1.176480,0.024265,-0.287917,-0.232047,0.236084,-0.290562,-0.246218,-0.018160,-0.296642,-0.155859,-0.119531
-0.171172,-0.076736,0.409264,-0.200537,0.901394,0.465737,-0.132231,-1.049661,0.665705,0.131336,-2.861980,0.254689,-0.490330,-0.287756,0.212778,-0.396908,-0.190046,0.035587,-0.090285,-0.066311,0.035203,-0.139483,-0.193192,0.298924,-0.023649,-0.601341,0.132592,-0.009709,-1.128884,0.061259,0.030077,-1.305304,-0.254737,-0.269003,-0.154580,0.293177,-0.269201,-0.109716,0.029336,-0.275665,0.048239,-0.077842
-0.174582,-0.043717,0.463694,-0.250503,0.772227,0.500458,-0.134756,-1.063551,0.604813,0.009917,-2.746414,0.292238,-0.533709,-0.228074,0.245519,-0.404191,-0.288497,0.035837,-0.106180,-0.067413,0.029124,-0.154881,-0.152070,0.371064,0.080170,-0.652809,0.164915,0.092531,-1.209171,-0.014200,0.261650,-1.432786,-0.467004,-0.241964,-0.069265,0.356727,-0.240213,0.029832,0.086163,-0.236689,0.247850,-0.028485
-0.180350,-0.012718,0.521919,-0.320188,0.618832,0.534842,-0.153504,-1.069111,0.476665,-0.115948,-2.538186,0.255832,-0.579099,-0.162507,0.283363,-0.409365,-0.397305,0.039571,-0.126109,-0.067316,0.024119,-0.177191,-0.112654,0.448984,0.161084,-0.701667,0.208552,0.174794,-1.287639,-0.043984,0.458349,-1.550935,-0.591943,-0.211146,0.026185,0.423670,-0.208234,0.163891,0.154666,-0.180595,0.431131,0.035153
-0.186976,0.015628,0.581632,-0.388722,0.450885,0.571666,-0.180582,-1.065033,0.332976,-0.214462,-2.293176,0.183678,-0.623481,-0.099948,0.324311,-0.412001,-0.508322,0.045798,-0.149684,-0.065664,0.019459,-0.204028,-0.075009,0.527749,0.217687,-0.742422,0.260486,0.235231,-1.365680,-0.030066,0.590719,-1.653982,-0.627068,-0.180760,0.132245,0.488727,-0.177563,0.281345,0.235475,-0.119339,0.581560,0.116549
-0.192229,0.041677,0.637466,-0.441765,0.276380,0.608242,-0.210050,-1.048827,0.214876,-0.260082,-2.054112,0.111073,-0.662605,-0.051879,0.363041,-0.412405,-0.610559,0.052037,-0.174465,-0.061855,0.013469,-0.232051,-0.037837,0.600541,0.250837,-0.767471,0.315601,0.274272,-1.443095,0.021318,0.650310,-1.744583,-0.580758,-0.152923,0.244253,0.545876,-0.150061,0.371274,0.326686,-0.069021,0.688287,0.212281
-0.193828,0.065877,0.682936,-0.475099,0.099737,0.638093,-0.240482,-1.015370,0.140209,-0.243031,-1.844354,0.056695,-0.692302,-0.029459,0.392763,-0.412121,-0.692103,0.055819,-0.195631,-0.054602,0.004911,-0.257400,0.000692,0.660897,0.262286,-0.769075,0.368594,0.293511,-1.513669,0.098689,0.654206,-1.827198,-0.473076,-0.127300,0.352032,0.590666,-0.124840,0.427958,0.422699,-0.038234,0.752670,0.312340
-0.189482,0.087864,0.713355,-0.492070,-0.077749,0.654805,-0.273987,-0.957217,0.105660,-0.174205,-1.665454,0.023736,-0.709667,-0.039118,0.408017,-0.413475,-0.743761,0.056545,-0.207699,-0.041869,-0.005601,-0.276083,0.041891,0.705260,0.255001,-0.742356,0.415940,0.296053,-1.564015,0.182949,0.632431,-1.897656,-0.338416,-0.102653,0.444948,0.621764,-0.100149,0.455292,0.512822,-0.021570,0.784894,0.402353
-0.177213,0.106474,0.727287,-0.498609,-0.255651,0.654754,-0.313212,-0.867730,0.096778,-0.080870,-1.501154,0.007624,-0.713387,-0.079961,0.406501,-0.418331,-0.762416,0.056082,-0.207856,-0.021698,-0.015509,-0.284991,0.085893,0.733779,0.233672,-0.688074,0.456155,0.286812,-1.579851,0.250866,0.607940,-1.941528,-0.218027,-0.079325,0.518725,0.640379,-0.076185,0.466233,0.582828,-0.004443,0.795334,0.467354
-0.156500,0.120295,0.725514,-0.499488,-0.432011,0.637095,-0.358549,-0.746629,0.097338,0.005974,-1.331248,0.001570,-0.703364,-0.144756,0.388960,-0.426744,-0.752292,0.057250,-0.198357,0.006228,-0.022113,-0.283535,0.131203,0.748581,0.203880,-0.613031,0.488388,0.271192,-1.554625,0.284898,0.585344,-1.943810,-0.143289,-0.060490,0.576318,0.648219,-0.056331,0.475171,0.621590,0.024572,0.788921,0.498450
-0.129363,0.128036,0.708918,-0.497033,-0.602267,0.602202,-0.407036,-0.603942,0.094523,0.065345,-1.147284,-0.001628,-0.680281,-0.223075,0.357766,-0.436343,-0.723662,0.061251,-0.185913,0.039628,-0.025069,-0.274592,0.174492,0.751099,0.170131,-0.527016,0.511174,0.252639,-1.491866,0.281690,0.556958,-1.900293,-0.123237,-0.050792,0.621445,0.645895,-0.045398,0.488451,0.628572,0.064306,0.765988,0.499369
-0.100115,0.128740,0.677321,-0.491299,-0.759305,0.550661,-0.453173,-0.457528,0.081350,0.092455,-0.957008,-0.008056,-0.645447,-0.304122,0.315571,-0.442837,-0.689383,0.066176,-0.178865,0.074690,-0.027568,-0.263551,0.211293,0.740674,0.134285,-0.437986,0.522564,0.231023,-1.399115,0.251750,0.518309,-1.818732,-0.145837,-0.053579,0.652623,0.632681,-0.046529,0.501913,0.614604,0.101700,0.726750,0.486025
-0.073569,0.122143,0.629855,-0.480630,-0.893471,0.483494,-0.490615,-0.325836,0.057789,0.094853,-0.775857,-0.019887,-0.600726,-0.378135,0.264603,-0.441237,-0.660832,0.067418,-0.184746,0.108472,-0.035563,-0.255647,0.237486,0.715106,0.095524,-0.349046,0.520993,0.203040,-1.279605,0.210985,0.476515,-1.707307,-0.188508,-0.068896,0.664039,0.607093,-0.059313,0.507013,0.594183,0.120783,0.674776,0.476868
-0.052587,0.108942,0.565873,-0.462771,-0.992530,0.402533,-0.513766,-0.222942,0.029447,0.084022,-0.616050,-0.034292,-0.548331,-0.436925,0.206180,-0.427057,-0.645327,0.058957,-0.209512,0.140371,-0.056157,-0.253052,0.250396,0.672066,0.051503,-0.259273,0.505655,0.163993,-1.129556,0.171864,0.442727,-1.561144,-0.227341,-0.093128,0.650324,0.567591,-0.079937,0.497934,0.575708,0.111990,0.616903,0.480447
-0.036474,0.090640,0.485387,-0.436590,-1.042994,0.310007,-0.519041,-0.158736,0.003485,0.069217,-0.482416,-0.046089,-0.490642,-0.474595,0.140077,-0.397070,-0.645688,0.034001,-0.257148,0.171461,-0.096605,-0.253505,0.248821,0.610187,-0.000301,-0.166847,0.476210,0.109746,-0.943632,0.140311,0.415925,-1.362445,-0.242039,-0.120168,0.609434,0.513173,-0.102797,0.473477,0.557169,0.075383,0.560415,0.489578
-0.021506,0.069136,0.389115,-0.403386,-1.033889,0.207846,-0.505747,-0.140191,-0.015731,0.055843,-0.374565,-0.051968,-0.430256,-0.488441,0.064484,-0.349488,-0.660829,-0.015130,-0.327651,0.202463,-0.163997,-0.251536,0.232658,0.529605,-0.061528,-0.071233,0.432724,0.038307,-0.723416,0.118085,0.375610,-1.097592,-0.219821,-0.143816,0.542412,0.443994,-0.122840,0.435033,0.529654,0.017968,0.510290,0.486741
-0.003777,0.046427,0.278831,-0.366491,-0.962136,0.097957,-0.476176,-0.169679,-0.028224,0.046397,-0.290214,-0.052575,-0.370265,-0.479099,-0.022424,-0.283460,-0.685884,-0.096977,-0.413005,0.231445,-0.264699,-0.241992,0.202937,0.432350,-0.132055,0.027171,0.376495,-0.049129,-0.480053,0.106092,0.294349,-0.775327,-0.159378,-0.160480,0.452120,0.362004,-0.137717,0.384604,0.485145,-0.050310,0.468305,0.456798
0.017334,0.024480,0.158549,-0.329315,-0.837115,-0.016025,-0.434691,-0.241163,-0.036673,0.041521,-0.226223,-0.051137,-0.314341,-0.449427,-0.119295,-0.198620,-0.710800,-0.218879,-0.493709,0.252111,-0.401817,-0.223747,0.162227,0.322971,-0.209337,0.128281,0.311341,-0.147954,-0.227831,0.105037,0.160356,-0.426363,-0.071759,-0.170529,0.343171,0.271446,-0.148490,0.324387,0.422352,-0.118675,0.433207,0.396827
0.037884,0.005134,0.035924,-0.293384,-0.680850,-0.126797,-0.386199,-0.338643,-0.043280,0.040435,-0.177993,-0.050349,-0.265718,-0.402720,-0.218531,-0.096046,-0.717645,-0.381059,-0.540447,0.253994,-0.569260,-0.200776,0.114792,0.208946,-0.288586,0.231998,0.243946,-0.251230,0.024731,0.114069,-0.012784,-0.083236,0.024957,-0.177276,0.223531,0.178639,-0.158306,0.257045,0.346307,-0.176954,0.400420,0.315299
0.051731,-0.009980,-0.077940,-0.257923,-0.521691,-0.223652,-0.334702,-0.440174,-0.047832,0.041311,-0.139670,-0.050245,-0.224656,-0.341195,-0.305986,0.019318,-0.678944,-0.568370,-0.523299,0.226679,-0.744684,-0.179443,0.066144,0.099707,-0.364181,0.336365,0.182106,-0.351936,0.277462,0.130423,-0.199710,0.240880,0.115544,-0.184429,0.106034,0.090481,-0.169933,0.185637,0.263192,-0.218092,0.361566,0.223046
0.054819,-0.019452,-0.171437,-0.221202,-0.384143,-0.296029,-0.282721,-0.526004,-0.048208,0.042021,-0.106258,-0.048565,-0.186477,-0.265718,-0.365160,0.137420,-0.561228,-0.747919,-0.424131,0.168579,-0.889994,-0.164075,0.022066,0.004005,-0.431465,0.436827,0.131754,-0.444964,0.533667,0.150476,-0.385148,0.555845,0.194097,-0.193881,0.006910,0.012236,-0.183866,0.112918,0.175855,-0.240253,0.305718,0.125424
0.047998,-0.022067,-0.236978,-0.182474,-0.281186,-0.338492,-0.231861,-0.585571,-0.042512,0.040998,-0.075944,-0.042909,-0.143823,-0.177477,-0.385092,0.246266,-0.336295,-0.882268,-0.242987,0.096016,-0.968232,-0.154362,-0.012517,-0.072897,-0.487434,0.528298,0.095050,-0.527273,0.794377,0.169867,-0.571894,0.880638,0.260074,-0.205172,-0.059540,-0.053797,-0.198223,0.040447,0.083938,-0.245951,0.222968,0.022052
0.036670,-0.016712,-0.274068,-0.142899,-0.213576,-0.353651,-0.183908,-0.618888,-0.030861,0.037776,-0.050123,-0.032693,-0.093417,-0.080893,-0.367962,0.338433,0.003657,-0.954394,0.005513,0.044156,-0.970620,-0.146162,-0.034333,-0.130226,-0.530084,0.608224,0.070832,-0.596480,1.056433,0.182706,-0.770763,1.226087,0.309036,-0.216676,-0.087024,-0.107668,-0.210366,-0.031465,-0.011873,-0.239231,0.108794,-0.086640
0.028136,-0.002457,-0.288594,-0.104920,-0.175072,-0.350731,-0.141338,-0.632307,-0.015554,0.032942,-0.030994,-0.019525,-0.041764,0.015538,-0.330380,0.415040,0.437304,-0.983255,0.299471,0.054460,-0.930151,-0.134467,-0.042176,-0.170382,-0.557832,0.677214,0.056519,-0.649932,1.312742,0.183389,-0.986460,1.586247,0.331631,-0.227553,-0.079563,-0.149971,-0.219078,-0.102267,-0.105285,-0.224621,-0.032748,-0.191862
0.028382,0.020741,-0.288923,-0.070947,-0.158712,-0.340684,-0.106828,-0.632617,0.000114,0.027621,-0.019125,-0.006153,-0.003325,0.103349,-0.295370,0.482689,0.920262,-1.011322,0.610364,0.154948,-0.903327,-0.116345,-0.037298,-0.196650,-0.570124,0.736641,0.049822,-0.685547,1.552235,0.171462,-1.210854,1.940469,0.324220,-0.238813,-0.048745,-0.180624,-0.225661,-0.168934,-0.184034,-0.208453,-0.187842,-0.275381
0.039816,0.051142,-0.281893,-0.042517,-0.159770,-0.331373,-0.082213,-0.623890,0.013275,0.022832,-0.013060,0.004891,0.008857,0.180180,-0.279713,0.546182,1.402737,-1.071572,0.896749,0.348052,-0.931038,-0.092271,-0.023557,-0.211832,-0.568451,0.786138,0.049228,-0.703379,1.761025,0.153899,-1.423184,2.262164,0.297679,-0.252255,-0.008634,-0.199290,-0.232870,-0.225378,-0.235537,-0.198932,-0.334680,-0.318623
0.060854,0.085508,-0.271414,-0.020201,-0.174512,-0.325940,-0.067598,-0.608629,0.022324,0.019098,-0.010636,0.012134,-0.007281,0.251300,-0.286041,0.604099,1.846381,-1.162662,1.104816,0.614551,-1.011239,-0.065419,-0.006255,-0.218497,-0.556304,0.823691,0.053260,-0.706031,1.926439,0.140100,-1.593334,2.529046,0.271122,-0.267946,0.028411,-0.206742,-0.242387,-0.264959,-0.255405,-0.202708,-0.449413,-0.316868
0.087119,0.120791,-0.259857,-0.003808,-0.197560,-0.324562,-0.061108,-0.590752,0.027008,0.016464,-0.010231,0.015260,-0.040715,0.325346,-0.304873,0.650628,2.230295,-1.252128,1.188152,0.926402,-1.104448,-0.039846,0.010185,-0.219962,-0.538166,0.847757,0.059416,-0.697744,2.041344,0.133747,-1.688256,2.729037,0.256041,-0.282722,0.053591,-0.205754,-0.253099,-0.284460,-0.252158,-0.221042,-0.514985,-0.286568
0.113329,0.155489,-0.250128,0.007527,-0.221468,-0.327250,-0.059565,-0.576444,0.027940,0.014709,-0.010985,0.014683,-0.073400,0.409235,-0.323092,0.680461,2.546543,-1.300012,1.137605,1.255387,-1.162486,-0.018784,0.023826,-0.220591,-0.518823,0.858987,0.064051,-0.683320,2.104474,0.130464,-1.682606,2.857909,0.248266,-0.291445,0.061668,-0.200670,-0.261791,-0.286076,-0.243637,-0.249793,-0.527982,-0.257825
0.135219,0.189236,-0.246351,0.015442,-0.239430,-0.335347,-0.059778,-0.571386,0.025986,0.013591,-0.012371,0.011052,-0.088516,0.505646,-0.331614,0.692140,2.792971,-1.280755,0.994709,1.574455,-1.155176,-0.003446,0.034884,-0.224980,-0.503174,0.860381,0.063581,-0.667324,2.117446,0.124059,-1.570372,2.912198,0.235847,-0.289764,0.050577,-0.196160,-0.265092,-0.276104,-0.247358,-0.282491,-0.499160,-0.256758
0.150885,0.221423,-0.252812,0.022365,-0.248481,-0.351123,-0.059625,-0.577059,0.021919,0.012999,-0.013851,0.005023,-0.075536,0.612765,-0.328173,0.688204,2.969375,-1.190447,0.832568,1.858747,-1.079539,0.007367,0.044293,-0.236694,-0.495446,0.856319,0.055954,-0.653010,2.083094,0.114999,-1.370408,2.886396,0.214028,-0.275756,0.021567,-0.196159,-0.260435,-0.262039,-0.271591,-0.312572,-0.447594,-0.290879
0.160626,0.250633,-0.272300,0.031056,-0.250188,-0.376270,-0.058272,-0.589887,0.016389,0.012964,-0.014903,-0.002712,-0.031723,0.726158,-0.315892,0.673093,3.076819,-1.042295,0.717008,2.090862,-0.953583,0.016144,0.052766,-0.257316,-0.497319,0.850930,0.041042,-0.640838,2.006755,0.112775,-1.121068,2.778601,0.193110,-0.249746,-0.020556,-0.203353,-0.245838,-0.250072,-0.312501,-0.333742,-0.392341,-0.346646
0.165424,0.275311,-0.304936,0.043742,-0.248673,-0.410438,-0.055660,-0.603794,0.010050,0.013530,-0.015181,-0.011340,0.038316,0.842180,-0.300124,0.650812,3.117344,-0.858614,0.677032,2.265769,-0.804326,0.024524,0.060831,-0.286043,-0.506164,0.846247,0.019873,-0.627627,1.897273,0.129439,-0.867268,2.598504,0.192128,-0.213920,-0.068276,-0.218718,-0.220377,-0.243676,-0.357966,-0.340548,-0.346631,-0.398594
0.165649,0.294499,-0.347879,0.061446,-0.248350,-0.450599,-0.051881,-0.613342,0.003655,0.014635,-0.014594,-0.019913,0.124992,0.959777,-0.285423,0.624058,3.093423,-0.663213,0.702335,2.388826,-0.656684,0.032173,0.069151,-0.319741,-0.515151,0.840764,-0.006302,-0.607494,1.764452,0.169140,-0.647722,2.367743,0.223049,-0.172644,-0.113914,-0.240782,-0.185893,-0.243355,-0.394470,-0.330428,-0.317128,-0.423130
0.161083,0.307647,-0.395957,0.084003,-0.253064,-0.491628,-0.046918,-0.614908,-0.002038,0.016115,-0.013231,-0.027480,0.217713,1.078536,-0.273855,0.594965,3.008232,-0.475261,0.761761,2.468247,-0.526143,0.037674,0.078360,-0.353649,-0.515737,0.828939,-0.036484,-0.574551,1.614487,0.222362,-0.486715,2.110924,0.278865,-0.132189,-0.152894,-0.265337,-0.147684,-0.247594,-0.412248,-0.305813,-0.306489,-0.409199
0.151739,0.313875,-0.443415,0.110640,-0.266026,-0.528041,-0.040703,-0.606126,-0.006607,0.017824,-0.011270,-0.033424,0.308472,1.195409,-0.265413,0.566073,2.866669,-0.306199,0.823647,2.509597,-0.416329,0.040204,0.088419,-0.382998,-0.501125,0.802502,-0.070223,-0.525627,1.448296,0.270115,-0.390789,1.846330,0.336808,-0.098652,-0.185207,-0.286914,-0.112349,-0.254422,-0.406828,-0.273622,-0.315638,-0.361006
0.138179,0.311682,-0.486422,0.140611,-0.288856,-0.556231,-0.033092,-0.585672,-0.010289,0.019771,-0.008956,-0.037807,0.393158,1.304219,-0.260038,0.540086,2.674620,-0.160553,0.864648,2.517064,-0.320685,0.040147,0.098159,-0.405240,-0.468483,0.754111,-0.108048,-0.461065,1.264613,0.294816,-0.349930,1.583802,0.374043,-0.075208,-0.213280,-0.302061,-0.084269,-0.262360,-0.379125,-0.241358,-0.344004,-0.292858
0.120992,0.299588,-0.524815,0.173292,-0.319529,-0.575782,-0.023653,-0.554580,-0.013870,0.022157,-0.006613,-0.041371,0.470368,1.398369,-0.259458,0.518332,2.435761,-0.039231,0.868806,2.498710,-0.227149,0.038303,0.105580,-0.421471,-0.418843,0.681582,-0.151694,-0.383435,1.064330,0.288508,-0.342503,1.326937,0.379855,-0.060994,-0.238124,-0.312049,-0.063793,-0.270454,-0.335575,-0.212500,-0.388545,-0.220665
0.100331,0.277278,-0.561353,0.207674,-0.351332,-0.588800,-0.011598,-0.517933,-0.017997,0.025270,-0.004552,-0.044965,0.538797,1.473574,-0.267179,0.499108,2.148912,0.057150,0.827152,2.467724,-0.125826,0.034910,0.108782,-0.435580,-0.355353,0.588987,-0.203457,-0.295896,0.851570,0.252262,-0.342406,1.073308,0.352606,-0.052434,-0.257917,-0.322114,-0.048312,-0.278238,-0.286459,-0.184849,-0.443032,-0.155381
0.076571,0.246531,-0.598842,0.242044,-0.375083,-0.597907,0.003888,-0.484449,-0.022363,0.029330,-0.002817,-0.048740,0.595179,1.528566,-0.286688,0.477351,1.808913,0.126601,0.741657,2.431544,-0.017038,0.029934,0.106909,-0.451567,-0.281489,0.483266,-0.264819,-0.201755,0.631696,0.189613,-0.326645,0.814620,0.288095,-0.045683,-0.270612,-0.337450,-0.034685,-0.286090,-0.241305,-0.152011,-0.498097,-0.101028
0.051662,0.211285,-0.637595,0.274608,-0.383961,-0.604687,0.023155,-0.463192,-0.025532,0.034382,-0.000905,-0.051804,0.634644,1.564421,-0.319348,0.446239,1.410461,0.166049,0.624941,2.371424,0.087756,0.024317,0.100483,-0.471243,-0.200298,0.369621,-0.335324,-0.104911,0.409715,0.102122,-0.280636,0.542782,0.175939,-0.038296,-0.277375,-0.359514,-0.020934,-0.295234,-0.204478,-0.105584,-0.541509,-0.056738
0.029407,0.176614,-0.675328,0.304666,-0.377373,-0.609551,0.045945,-0.459467,-0.025684,0.040221,0.002208,-0.052716,0.653261,1.583363,-0.363527,0.399988,0.951714,0.172160,0.488281,2.227529,0.175735,0.020445,0.091044,-0.494000,-0.114712,0.249629,-0.412663,-0.009818,0.190219,-0.008839,-0.199184,0.259111,0.009793,-0.029386,-0.282827,-0.385795,-0.006427,-0.306793,-0.174782,-0.036725,-0.558729,-0.020389
0.013866,0.147118,-0.709061,0.333081,-0.360706,-0.612442,0.071661,-0.473050,-0.021740,0.046334,0.007604,-0.050462,0.650261,1.586975,-0.415391,0.336000,0.437771,0.141599,0.328288,1.910519,0.243086,0.020940,0.080521,-0.518218,-0.028286,0.122584,-0.493818,0.079412,-0.023084,-0.137338,-0.084477,-0.024053,-0.199771,-0.018757,-0.292018,-0.412488,0.008893,-0.320824,-0.149078,0.062171,-0.535354,0.008380
0.007018,0.125710,-0.736936,0.361291,-0.341216,-0.613294,0.099644,-0.499964,-0.013948,0.051869,0.015804,-0.045085,0.627790,1.574238,-0.470493,0.255223,-0.112962,0.071695,0.131498,1.349766,0.291602,0.026846,0.070850,-0.542597,0.054415,-0.011926,-0.576100,0.159855,-0.228998,-0.271145,0.055787,-0.293478,-0.424112,-0.005941,-0.307339,-0.437075,0.025335,-0.336519,-0.126404,0.194880,-0.462597,0.026793
0.007338,0.113399,-0.758291,0.389515,-0.323316,-0.611594,0.129198,-0.536131,-0.003507,0.055714,0.026533,-0.037488,0.589254,1.540871,-0.524681,0.161753,-0.660961,-0.036237,-0.102471,0.557490,0.314642,0.036696,0.063935,-0.566208,0.128518,-0.151875,-0.657119,0.230022,-0.429625,-0.395137,0.209743,-0.547323,-0.629094,0.010296,-0.327296,-0.458800,0.043854,-0.353066,-0.109580,0.358095,-0.343739,0.029504
0.010093,0.109714,-0.772180,0.415640,-0.306755,-0.605365,0.159520,-0.579974,0.008435,0.056679,0.039156,-0.028613,0.539039,1.480679,-0.573562,0.063306,-1.146769,-0.171338,-0.343350,-0.345795,0.293139,0.046943,0.061525,-0.587412,0.190556,-0.292031,-0.733800,0.289776,-0.628547,-0.496823,0.363540,-0.796675,-0.790332,0.031806,-0.346590,-0.477451,0.065931,-0.369617,-0.103683,0.539166,-0.196764,0.011395
0.009191,0.113029,-0.775745,0.435711,-0.288701,-0.590479,0.189783,-0.632364,0.021598,0.053700,0.053632,-0.018677,0.484094,1.387579,-0.611442,-0.027909,-1.509799,-0.309987,-0.539944,-1.183167,0.213299,0.053431,0.064569,-0.602801,0.239995,-0.425499,-0.801515,0.340043,-0.827649,-0.570191,0.503663,-1.054749,-0.900408,0.060298,-0.356657,-0.492052,0.092990,-0.383992,-0.112722,0.716567,-0.050437,-0.027973
-0.000421,0.120616,-0.764025,0.445560,-0.267753,-0.561286,0.219244,-0.694452,0.036523,0.045987,0.071247,-0.007151,0.434464,1.257109,-0.631401,-0.096543,-1.715837,-0.420072,-0.649968,-1.813254,0.089448,0.053105,0.072363,-0.607353,0.279101,-0.546744,-0.854320,0.381996,-1.025305,-0.616555,0.617674,-1.324350,-0.966759,0.096190,-0.347214,-0.500589,0.125479,-0.391563,-0.136593,0.863031,0.063834,-0.080941
-0.020854,0.128966,-0.731716,0.442475,-0.246627,-0.512782,0.247232,-0.765243,0.053555,0.033137,0.094456,0.006369,0.399935,1.088014,-0.627199,-0.129170,-1.771259,-0.473702,-0.662592,-2.183095,-0.036102,0.045287,0.082522,-0.596069,0.310793,-0.653514,-0.886331,0.415679,-1.217044,-0.642805,0.694528,-1.594019,-1.004711,0.137592,-0.309858,-0.500622,0.161955,-0.385883,-0.169984,0.950725,0.120625,-0.133207
-0.050375,0.134792,-0.675812,0.426045,-0.231292,-0.443296,0.273132,-0.840748,0.071612,0.015351,0.125742,0.021021,0.384281,0.884920,-0.595772,-0.121029,-1.713653,-0.462265,-0.597671,-2.315580,-0.120882,0.032151,0.092189,-0.566042,0.335928,-0.746302,-0.893443,0.439011,-1.397992,-0.657680,0.727246,-1.844134,-1.029124,0.180054,-0.243044,-0.489827,0.198776,-0.360978,-0.203427,0.958981,0.108471,-0.170745
-0.083974,0.136074,-0.597215,0.397749,-0.226870,-0.355849,0.296492,-0.915405,0.087800,-0.006310,0.165912,0.034294,0.382470,0.660726,-0.538329,-0.079410,-1.590046,-0.402170,-0.489592,-2.270428,-0.150697,0.017989,0.099460,-0.517566,0.352413,-0.826274,-0.874436,0.448494,-1.565346,-0.667539,0.716695,-2.057352,-1.047510,0.217668,-0.154658,-0.466281,0.230999,-0.313661,-0.225922,0.883100,0.035461,-0.187118
-0.115657,0.132132,-0.500342,0.359538,-0.233385,-0.257124,0.317005,-0.984596,0.098276,-0.030000,0.212794,0.042783,0.384230,0.435228,-0.459364,-0.020145,-1.439446,-0.324246,-0.371637,-2.115031,-0.141389,0.007103,0.103620,-0.453782,0.357384,-0.893005,-0.830943,0.441915,-1.719166,-0.673772,0.671515,-2.227831,-1.058187,0.245304,-0.058435,-0.429252,0.254387,-0.244241,-0.228528,0.738142,-0.072011,-0.184637
-0.141070,0.122551,-0.391647,0.312832,-0.245349,-0.155125,0.334206,-1.045797,0.099817,-0.053596,0.261578,0.043627,0.380780,0.228690,-0.365007,0.040504,-1.286383,-0.254941,-0.268278,-1.909171,-0.117708,0.001709,0.104103,-0.379686,0.350831,-0.943181,-0.766729,0.421382,-1.860681,-0.673007,0.602871,-2.364993,-1.054259,0.260763,0.033599,-0.380611,0.267356,-0.155691,-0.207733,0.553469,-0.178555,-0.169160
-0.158290,0.106054,-0.278479,0.259229,-0.256248,-0.057362,0.347059,-1.097164,0.091407,-0.075283,0.306941,0.036011,0.368586,0.054070,-0.262254,0.092325,-1.142164,-0.205357,-0.193674,-1.697416,-0.094653,0.001729,0.099562,-0.301286,0.337245,-0.971561,-0.686983,0.393834,-1.988728,-0.659747,0.518501,-2.487854,-1.029969,0.265492,0.115643,-0.325382,0.271587,-0.052600,-0.166816,0.362142,-0.251543,-0.145389
-0.166881,0.080486,-0.168402,0.202048,-0.264034,0.030056,0.353834,-1.135285,0.075293,-0.093741,0.345000,0.022187,0.348344,-0.086594,-0.158774,0.132429,-1.008927,-0.173887,-0.153028,-1.507478,-0.075262,0.006219,0.088172,-0.224744,0.323392,-0.974452,-0.597901,0.367829,-2.096944,-0.630655,0.420945,-2.610750,-0.985649,0.263605,0.186110,-0.270121,0.271031,0.059429,-0.114343,0.193399,-0.268235,-0.117746
-0.167113,0.043938,-0.068235,0.146483,-0.272627,0.103103,0.352560,-1.154770,0.056549,-0.107892,0.372964,0.007080,0.322162,-0.199590,-0.062062,0.162640,-0.884062,-0.154846,-0.145028,-1.353577,-0.058090,0.014483,0.068819,-0.155188,0.314103,-0.953227,-0.506105,0.348870,-2.175088,-0.588869,0.311082,-2.730672,-0.929450,0.259710,0.243015,-0.220034,0.269847,0.174713,-0.060557,0.070144,-0.216636,-0.092938
-0.160205,-0.004059,0.017229,0.097694,-0.288709,0.160363,0.341975,-1.150037,0.040535,-0.116522,0.386832,-0.004192,0.291764,-0.293727,0.022128,0.186219,-0.763738,-0.144575,-0.164112,-1.240776,-0.043632,0.025885,0.042049,-0.095585,0.309943,-0.914380,-0.417484,0.337273,-2.214732,-0.545393,0.194778,-2.828011,-0.875534,0.256224,0.282340,-0.177012,0.269965,0.289222,-0.012747,0.005815,-0.093480,-0.076620
-0.148765,-0.062110,0.086042,0.058510,-0.317249,0.202940,0.322346,-1.117595,0.029899,-0.118226,0.379903,-0.009236,0.258104,-0.375633,0.090967,0.205758,-0.645190,-0.142994,-0.202269,-1.167762,-0.035947,0.039094,0.010113,-0.046431,0.308626,-0.865747,-0.335859,0.330184,-2.214327,-0.515655,0.087812,-2.879968,-0.839862,0.251786,0.300021,-0.139765,0.269773,0.401400,0.028508,-0.001113,0.096687,-0.065602
-0.136507,-0.127296,0.138862,0.028740,-0.359008,0.233653,0.295443,-1.057500,0.023951,-0.111848,0.344561,-0.008992,0.221790,-0.448029,0.144518,0.222516,-0.528002,-0.151945,-0.250843,-1.127966,-0.040477,0.051833,-0.023687,-0.006481,0.308089,-0.812396,-0.262500,0.325112,-2.178670,-0.512672,0.013259,-2.873315,-0.834982,0.242709,0.294230,-0.105505,0.265539,0.510192,0.068900,0.032239,0.339721,-0.046625
-0.127035,-0.195850,0.177980,0.006218,-0.410701,0.255862,0.263716,-0.973902,0.020700,-0.097344,0.277330,-0.005770,0.183795,-0.510427,0.184766,0.236683,-0.414735,-0.171893,-0.302277,-1.110999,-0.059956,0.061652,-0.055922,0.026089,0.307594,-0.755393,-0.196817,0.321073,-2.114473,-0.540604,-0.009938,-2.806495,-0.864125,0.226940,0.266083,-0.071870,0.254893,0.611925,0.114291,0.082653,0.609631,-0.007197
-0.122266,-0.263797,0.206443,-0.011681,-0.466812,0.272407,0.229442,-0.874733,0.019000,-0.076602,0.184103,-0.001183,0.145907,-0.561039,0.214627,0.248028,-0.310351,-0.198864,-0.350728,-1.105096,-0.091114,0.067278,-0.083707,0.052944,0.306052,-0.692990,-0.137400,0.316697,-2.027235,-0.592259,0.020252,-2.683940,-0.916648,0.206854,0.219634,-0.037966,0.239167,0.700060,0.163834,0.133796,0.871633,0.051809
-0.121583,-0.327543,0.227635,-0.027130,-0.522005,0.285133,0.194368,-0.770062,0.018875,-0.053622,0.081158,0.004223,0.110473,-0.598615,0.237368,0.256344,-0.220397,-0.224171,-0.391701,-1.099875,-0.124856,0.069424,-0.104919,0.075635,0.300103,-0.621778,-0.082364,0.308107,-1.920741,-0.651489,0.085574,-2.512050,-0.969013,0.187873,0.161815,-0.004083,0.222274,0.768657,0.209914,0.181145,1.094044,0.116211
-0.122480,-0.384403,0.245187,-0.041696,-0.573013,0.295200,0.159887,-0.669531,0.020481,-0.034005,-0.009781,0.010134,0.079494,-0.623322,0.256418,0.261434,-0.149001,-0.237850,-0.421915,-1.088123,-0.150286,0.070153,-0.118236,0.096116,0.284431,-0.537279,-0.029011,0.289242,-1.797304,-0.698583,0.156860,-2.301303,-0.992486,0.174313,0.101896,0.029414,0.207474,0.815628,0.245103,0.226066,1.261116,0.170954
-0.122299,-0.432874,0.262837,-0.056635,-0.619003,0.303807,0.127472,-0.580442,0.023111,-0.024023,-0.069817,0.015699,0.053666,-0.636333,0.275249,0.262695,-0.098168,-0.233788,-0.439919,-1.066313,-0.160153,0.071247,-0.123437,0.117130,0.254390,-0.435650,0.026278,0.254804,-1.657633,-0.716469,0.209600,-2.068530,-0.964303,0.166832,0.050142,0.062874,0.195463,0.842001,0.268029,0.267366,1.373604,0.210798
-0.119764,-0.472256,0.284090,-0.073264,-0.660303,0.312586,0.099196,-0.507588,0.024746,-0.030253,-0.089540,0.019260,0.032120,-0.638521,0.297131,0.258674,-0.068917,-0.212911,-0.446649,-1.034461,-0.154140,0.072961,-0.121639,0.142005,0.209354,-0.316784,0.087259,0.204188,-1.499941,-0.696583,0.236027,-1.830509,-0.878174,0.163637,0.016087,0.097237,0.185401,0.848663,0.282407,0.298874,1.436194,0.239717
-0.115272,-0.501600,0.311655,-0.093059,-0.696451,0.323207,0.078263,-0.454221,0.021824,-0.060998,-0.070596,0.018238,0.013264,-0.629011,0.324687,0.247086,-0.063183,-0.182188,-0.445065,-0.995584,-0.137956,0.074138,-0.114792,0.173799,0.154329,-0.186018,0.156470,0.143490,-1.318712,-0.641776,0.246810,-1.591538,-0.748475,0.163337,0.006940,0.133347,0.177126,0.835123,0.291996,0.312951,1.446231,0.263179
-0.110048,-0.518743,0.346665,-0.117334,-0.724689,0.336341,0.069507,-0.422529,0.008712,-0.130011,-0.023113,0.008898,-0.003754,-0.604372,0.359217,0.225485,-0.084400,-0.150449,-0.438613,-0.953725,-0.119238,0.073348,-0.104537,0.214073,0.097427,-0.051910,0.234165,0.082642,-1.104980,-0.562058,0.260233,-1.339345,-0.601120,0.166207,0.026291,0.171267,0.171880,0.801747,0.297045,0.304599,1.395379,0.282010
-0.105199,-0.520568,0.387795,-0.146755,-0.739502,0.350628,0.079424,-0.412599,-0.022826,-0.258548,0.036581,-0.013915,-0.018226,-0.559389,0.399818,0.192337,-0.135194,-0.124242,-0.429278,-0.910477,-0.103504,0.069819,-0.091649,0.261752,0.044298,0.078387,0.317997,0.028854,-0.849664,-0.464317,0.285009,-1.056163,-0.453521,0.173041,0.073145,0.209732,0.170957,0.752496,0.294184,0.273764,1.280687,0.291336
-0.101280,-0.504785,0.430673,-0.180966,-0.733712,0.362201,0.114847,-0.420616,-0.082936,-0.467777,0.086368,-0.056592,-0.028697,-0.490324,0.442578,0.147881,-0.213494,-0.106264,-0.416702,-0.863095,-0.092741,0.063612,-0.076866,0.312607,-0.005047,0.201641,0.403254,-0.017319,-0.548029,-0.345777,0.311567,-0.732132,-0.300505,0.183442,0.141586,0.245730,0.174053,0.695063,0.278578,0.226976,1.113272,0.283529
-0.098135,-0.471981,0.468236,-0.218494,-0.701357,0.365094,0.179662,-0.437679,-0.180515,-0.758238,0.100037,-0.125726,-0.034850,-0.399926,0.480512,0.094331,-0.310542,-0.096119,-0.399178,-0.807192,-0.086384,0.055459,-0.062138,0.359693,-0.053189,0.316985,0.483322,-0.058757,-0.201619,-0.199087,0.321757,-0.365049,-0.120619,0.195269,0.221447,0.274543,0.178986,0.638534,0.247216,0.177280,0.918145,0.253711
-0.094914,-0.425938,0.492476,-0.257034,-0.641082,0.352767,0.270625,-0.449834,-0.318153,-1.089166,0.052448,-0.226139,-0.038603,-0.300083,0.505060,0.035461,-0.412888,-0.091684,-0.375495,-0.741699,-0.082799,0.046639,-0.050562,0.394898,-0.099933,0.423040,0.550625,-0.095768,0.182788,-0.023343,0.306182,0.049077,0.104288,0.205174,0.300091,0.290850,0.182595,0.590575,0.202052,0.139746,0.726980,0.205281
-0.090697,-0.371302,0.497234,-0.294093,-0.557535,0.320758,0.374930,-0.439681,-0.487327,-1.377103,-0.075619,-0.358020,-0.043233,-0.207979,0.509159,-0.024287,-0.506992,-0.090157,-0.345690,-0.670104,-0.080084,0.038515,-0.044574,0.411326,-0.141679,0.517436,0.598365,-0.125337,0.594567,0.172442,0.267554,0.516492,0.376654,0.209248,0.365021,0.290857,0.181593,0.555233,0.150864,0.123441,0.568611,0.151077
-0.085394,-0.310378,0.480443,-0.326767,-0.459560,0.269725,0.472306,-0.389890,-0.665969,-1.520054,-0.294064,-0.513126,-0.051411,-0.137794,0.490100,-0.081023,-0.583586,-0.088908,-0.310366,-0.596841,-0.076472,0.031913,-0.043910,0.405516,-0.175330,0.598668,0.622477,-0.145531,1.019852,0.375727,0.208368,1.033840,0.684796,0.203564,0.406570,0.274259,0.172945,0.531726,0.104689,0.125738,0.461710,0.108242
-0.079557,-0.242180,0.443979,-0.349370,-0.355871,0.207162,0.543138,-0.286590,-0.820984,-1.438779,-0.593758,-0.671735,-0.063771,-0.094759,0.449691,-0.132470,-0.640083,-0.086373,-0.270047,-0.524126,-0.070880,0.027285,-0.045373,0.378218,-0.199830,0.667109,0.622465,-0.157343,1.443180,0.575780,0.124081,1.580855,1.007750,0.185307,0.419743,0.244503,0.154604,0.514628,0.073119,0.134526,0.410970,0.090107
-0.072848,-0.164818,0.391197,-0.350823,-0.250517,0.146049,0.578755,-0.119959,-0.916872,-1.120997,-0.927367,-0.803202,-0.078571,-0.075148,0.391621,-0.178134,-0.680402,-0.082678,-0.225546,-0.452879,-0.063569,0.025771,-0.044762,0.333476,-0.213016,0.723830,0.600753,-0.161184,1.851024,0.761437,0.013208,2.129129,1.316287,0.154575,0.404797,0.207080,0.126898,0.495353,0.060036,0.137591,0.404878,0.100384
-0.063189,-0.078889,0.324691,-0.317026,-0.142107,0.099913,0.583632,0.114818,-0.926299,-0.641745,-1.202069,-0.871493,-0.092402,-0.070441,0.318910,-0.218507,-0.712046,-0.079333,-0.178883,-0.385269,-0.056102,0.029558,-0.039340,0.276859,-0.209476,0.769318,0.561449,-0.154055,2.234502,0.917599,-0.111064,2.657223,1.575723,0.115188,0.366508,0.167150,0.093191,0.464574,0.062213,0.131475,0.416321,0.132795
-0.048322,0.011531,0.246372,-0.240018,-0.028503,0.075973,0.563964,0.411341,-0.836101,-0.131708,-1.311827,-0.844791,-0.101979,-0.072676,0.233879,-0.254000,-0.741402,-0.077792,-0.133824,-0.325084,-0.050178,0.040452,-0.028695,0.213630,-0.183802,0.804297,0.509266,-0.132191,2.588329,1.027627,-0.226596,3.155918,1.754353,0.072826,0.312077,0.127949,0.058223,0.415447,0.071814,0.122007,0.411817,0.175716
-0.028238,0.100980,0.158921,-0.126849,0.088400,0.070563,0.515120,0.746526,-0.649633,0.292895,-1.197706,-0.708351,-0.105948,-0.078599,0.139605,-0.284168,-0.769835,-0.077942,-0.095407,-0.275623,-0.046187,0.057930,-0.013471,0.147335,-0.136016,0.831979,0.448610,-0.096067,2.906552,1.079381,-0.320572,3.620088,1.831656,0.031561,0.248431,0.090498,0.025082,0.346547,0.081112,0.116906,0.368373,0.218441
-0.005593,0.185099,0.066075,0.001296,0.204149,0.070628,0.426277,1.087359,-0.390883,0.582918,-0.886214,-0.477742,-0.105130,-0.090564,0.040181,-0.307296,-0.792890,-0.077977,-0.068370,-0.237543,-0.042975,0.078805,0.006229,0.079286,-0.073191,0.858694,0.382879,-0.051788,3.178633,1.068169,-0.398611,4.037805,1.800312,-0.008058,0.180242,0.054187,-0.006333,0.262240,0.085988,0.118583,0.285501,0.255140
0.015926,0.260753,-0.028666,0.119818,0.316753,0.060853,0.299201,1.407198,-0.106790,0.754072,-0.474024,-0.203045,-0.101293,-0.114084,-0.060596,-0.320645,-0.802589,-0.075726,-0.055230,-0.208501,-0.038950,0.098585,0.030569,0.009251,-0.006380,0.891178,0.314359,-0.008009,3.389096,0.995981,-0.474888,4.387628,1.665471,-0.047774,0.109448,0.017577,-0.037984,0.169315,0.086032,0.123752,0.181537,0.284737
0.032981,0.324428,-0.122718,0.212059,0.427726,0.031939,0.157780,1.695839,0.144321,0.846997,-0.075420,0.047172,-0.096173,-0.154237,-0.159857,-0.321628,-0.790990,-0.069924,-0.055352,-0.184589,-0.033195,0.112985,0.058230,-0.062950,0.053147,0.932338,0.244985,0.027637,3.520967,0.871727,-0.556340,4.643635,1.446692,-0.088601,0.036289,-0.020843,-0.070879,0.071969,0.081836,0.128090,0.077098,0.307433
0.042821,0.371760,-0.213305,0.274180,0.538449,-0.014585,0.035072,1.956172,0.319951,0.891993,0.230109,0.219830,-0.091351,-0.213279,-0.254475,-0.309208,-0.753270,-0.060245,-0.065626,-0.162428,-0.025442,0.118969,0.085873,-0.136023,0.095909,0.979643,0.177372,0.050144,3.560502,0.713679,-0.637819,4.779630,1.179466,-0.128674,-0.038638,-0.061947,-0.103369,-0.030971,0.071518,0.129614,-0.021161,0.319807
0.043578,0.399312,-0.296176,0.313636,0.647387,-0.067223,-0.048340,2.194698,0.416966,0.902118,0.422897,0.306131,-0.088144,-0.290188,-0.339817,-0.284404,-0.689506,-0.046542,-0.081927,-0.140428,-0.015336,0.115628,0.109965,-0.207109,0.115727,1.028010,0.115114,0.057949,3.501165,0.549564,-0.708310,4.770909,0.909945,-0.163674,-0.112608,-0.105510,-0.132011,-0.143990,0.048825,0.127599,-0.124357,0.311561
0.035195,0.406609,-0.366205,0.344366,0.750928,-0.110335,-0.092915,2.414419,0.469801,0.886190,0.534037,0.341061,-0.087122,-0.381597,-0.410520,-0.249697,-0.604652,-0.028501,-0.100131,-0.118539,-0.002135,0.104692,0.128937,-0.273020,0.111185,1.073774,0.061925,0.053375,3.346098,0.410216,-0.756634,4.601027,0.683262,-0.189162,-0.181032,-0.150295,-0.153910,-0.269259,0.004999,0.119495,-0.250595,0.267237
0.019995,0.396400,-0.419445,0.380902,0.846108,-0.131447,-0.111570,2.612096,0.525123,0.858461,0.615994,0.375622,-0.087910,-0.482941,-0.462726,-0.208192,-0.506752,-0.006133,-0.116500,-0.097219,0.014715,0.089947,0.143429,-0.331487,0.084976,1.114594,0.020208,0.040835,3.108432,0.318965,-0.772399,4.275313,0.531807,-0.202367,-0.239861,-0.194474,-0.167863,-0.402318,-0.065850,0.099610,-0.409423,0.173140
0.002039,0.373187,-0.454467,0.432883,0.932707,-0.126018,-0.116893,2.779143,0.614690,0.835147,0.714672,0.446122,-0.089737,-0.588823,-0.495499,-0.163330,-0.404519,0.019517,-0.127937,-0.076819,0.034758,0.075701,0.154630,-0.381199,0.041499,1.145505,-0.009882,0.023632,2.808879,0.283215,-0.747853,3.828875,0.467559,-0.202197,-0.287411,-0.235976,-0.173520,-0.533145,-0.162176,0.061088,-0.594857,0.025040
-0.014336,0.341211,-0.471838,0.501509,1.013709,-0.097809,-0.115184,2.905428,0.743341,0.827039,0.855482,0.559851,-0.092144,-0.692386,-0.510202,-0.119010,-0.305846,0.046175,-0.132391,-0.057738,0.056237,0.065257,0.162388,-0.420798,-0.013747,1.156478,-0.030325,0.003461,2.470299,0.293127,-0.682967,3.314948,0.478686,-0.188703,-0.323148,-0.272622,-0.170566,-0.651626,-0.275685,0.000550,-0.791254,-0.168452
-0.025922,0.303271,-0.472469,0.579078,1.094237,-0.055791,-0.107667,2.983706,0.893072,0.838010,1.041526,0.698694,-0.095244,-0.784438,-0.508619,-0.079668,-0.217917,0.070744,-0.129216,-0.040653,0.076491,0.060044,0.164582,-0.447939,-0.072816,1.134207,-0.044417,-0.017072,2.111272,0.327766,-0.588420,2.779459,0.532754,-0.163224,-0.345089,-0.302092,-0.159246,-0.752118,-0.395454,-0.076900,-0.983392,-0.387321
-0.031528,0.261010,-0.456308,0.651729,1.179333,-0.009670,-0.094127,3.011464,1.035515,0.866360,1.258018,0.832535,-0.099635,-0.853664,-0.491415,-0.050017,-0.147932,0.090004,-0.119207,-0.026369,0.092676,0.059399,0.158129,-0.459226,-0.126067,1.065674,-0.055855,-0.033702,1.743064,0.364643,-0.481873,2.246825,0.589560,-0.128733,-0.349428,-0.321719,-0.141197,-0.833136,-0.510244,-0.156446,-1.160292,-0.604133
-0.032159,0.216104,-0.422251,0.704142,1.271230,0.033804,-0.075460,2.989713,1.144744,0.903736,1.479665,0.933756,-0.106335,-0.888808,-0.457946,-0.034358,-0.102933,0.101286,-0.104278,-0.015387,0.102454,0.060882,0.140817,-0.451073,-0.165679,0.941345,-0.068059,-0.043454,1.372448,0.385945,-0.380503,1.731265,0.616807,-0.089635,-0.332941,-0.328445,-0.119500,-0.893555,-0.608266,-0.219599,-1.312145,-0.789877
-0.030397,0.171111,-0.369222,0.724374,1.367376,0.072356,-0.054170,2.921054,1.205460,0.933890,1.679868,0.987115,-0.116599,-0.882001,-0.407343,-0.035588,-0.088501,0.103062,-0.086889,-0.007655,0.104507,0.061141,0.112724,-0.421047,-0.187854,0.758160,-0.083758,-0.047457,1.005926,0.377927,-0.295726,1.254427,0.594609,-0.050907,-0.295665,-0.319330,-0.097907,-0.930013,-0.677873,-0.255004,-1.427457,-0.921205
-0.029319,0.129407,-0.297392,0.707116,1.460743,0.107740,-0.033169,2.808337,1.215157,0.936682,1.838604,0.992593,-0.131458,-0.831053,-0.339703,-0.054432,-0.107441,0.095318,-0.069351,-0.002657,0.098845,0.057009,0.076502,-0.368860,-0.191852,0.521458,-0.104686,-0.050134,0.648199,0.327697,-0.231636,0.839045,0.506103,-0.016422,-0.242024,-0.292386,-0.079184,-0.938038,-0.710239,-0.265360,-1.494522,-0.986467
-0.031587,0.094557,-0.208707,0.654180,1.542403,0.144113,-0.014371,2.653776,1.181293,0.897216,1.945270,0.961585,-0.151300,-0.739772,-0.256599,-0.089295,-0.159054,0.079516,-0.053331,0.000319,0.086719,0.046294,0.036589,-0.296579,-0.178260,0.244516,-0.131145,-0.055474,0.296472,0.225333,-0.184941,0.482241,0.331138,0.012772,-0.180164,-0.247251,-0.063350,-0.915192,-0.701793,-0.263678,-1.504990,-0.987681
-0.038833,0.069473,-0.106931,0.572124,1.604509,0.185519,0.001658,2.459085,1.115009,0.813288,1.996155,0.908543,-0.175938,-0.617411,-0.161273,-0.136657,-0.238490,0.058101,-0.039803,0.001995,0.070119,0.028215,-0.002215,-0.208364,-0.148821,-0.053953,-0.161472,-0.063194,-0.060382,0.073560,-0.145389,0.143115,0.060430,0.038319,-0.119660,-0.185622,-0.047730,-0.862952,-0.654476,-0.261672,-1.455908,-0.937133
-0.050872,0.055328,0.002201,0.468912,1.642007,0.233024,0.014975,2.227315,1.024567,0.694859,1.991693,0.842960,-0.204862,-0.478293,-0.059236,-0.191527,-0.336067,0.033891,-0.029314,0.003039,0.051170,0.003895,-0.036314,-0.110388,-0.107355,-0.352902,-0.191969,-0.067295,-0.434994,-0.103051,-0.097779,-0.238572,-0.278802,0.061863,-0.068696,-0.111564,-0.029549,-0.785880,-0.573637,-0.260422,-1.349254,-0.848956
-0.064962,0.050603,0.111020,0.352038,1.653096,0.283271,0.025614,1.964618,0.912794,0.556884,1.937550,0.766958,-0.237184,-0.340648,0.041361,-0.247932,-0.437806,0.009717,-0.022228,0.004022,0.031849,-0.023310,-0.064322,-0.010674,-0.059760,-0.631830,-0.217835,-0.058471,-0.833202,-0.261924,-0.026333,-0.710870,-0.618088,0.081974,-0.032467,-0.031323,-0.008986,-0.689238,-0.465137,-0.251070,-1.190106,-0.729851
-0.076289,0.051214,0.211201,0.228165,1.639165,0.329975,0.033620,1.678525,0.779557,0.412313,1.845447,0.678901,-0.271461,-0.222995,0.131110,-0.299873,-0.528428,-0.011781,-0.018810,0.005333,0.013980,-0.048621,-0.086914,0.082216,-0.012099,-0.873503,-0.234807,-0.029685,-1.250122,-0.362983,0.078774,-1.288606,-0.881050,0.093551,-0.013395,0.048097,0.009962,-0.576856,-0.334035,-0.223852,-0.984508,-0.576341
-0.080256,0.052213,0.296215,0.102604,1.604093,0.367475,0.039171,1.373439,0.625315,0.268154,1.725578,0.578327,-0.305997,-0.139223,0.202464,-0.342670,-0.595607,-0.028395,-0.019224,0.007113,-0.000771,-0.068065,-0.105454,0.161671,0.031413,-1.066495,-0.240503,0.018597,-1.671796,-0.391393,0.213872,-1.950108,-1.028163,0.090357,-0.012028,0.121265,0.021278,-0.451071,-0.186184,-0.177136,-0.739010,-0.382581
-0.075198,0.050181,0.363346,-0.021764,1.552052,0.393600,0.042081,1.048428,0.451584,0.121717,1.571131,0.468136,-0.339658,-0.095792,0.252470,-0.373929,-0.632776,-0.038602,-0.023469,0.009294,-0.011024,-0.080652,-0.120255,0.225178,0.068008,-1.206989,-0.234617,0.077376,-2.080821,-0.362558,0.357708,-2.647892,-1.070053,0.068831,-0.027329,0.186044,0.019961,-0.315408,-0.030740,-0.119896,-0.463588,-0.153365
-0.063594,0.044650,0.413997,-0.144719,1.484091,0.410254,0.040843,0.700502,0.259250,-0.041496,1.348714,0.353486,-0.372625,-0.092613,0.283262,-0.393626,-0.639300,-0.041681,-0.031271,0.011760,-0.015826,-0.088893,-0.129705,0.274754,0.094357,-1.299080,-0.218133,0.133109,-2.462548,-0.306739,0.476913,-3.326772,-1.043099,0.030715,-0.056023,0.243602,0.004502,-0.178225,0.120136,-0.067590,-0.176291,0.088858
-0.051099,0.037504,0.452392,-0.266894,1.396179,0.422069,0.032157,0.331347,0.049232,-0.239543,1.010175,0.238164,-0.406436,-0.125837,0.300396,-0.403515,-0.618906,-0.037681,-0.042065,0.014590,-0.014771,-0.097382,-0.130968,0.315534,0.106487,-1.352977,-0.192495,0.174140,-2.807910,-0.249878,0.540763,-3.941140,-0.979700,-0.017279,-0.091846,0.296906,-0.022502,-0.053459,0.255360,-0.035419,0.095955,0.310199
-0.044147,0.030694,0.483579,-0.386460,1.281280,0.434310,0.011892,-0.046080,-0.172480,-0.475317,0.525352,0.121256,-0.443106,-0.189958,0.310294,-0.406191,-0.577586,-0.027319,-0.055159,0.018357,-0.008048,-0.110417,-0.121841,0.353267,0.103038,-1.381184,-0.159372,0.196096,-3.111264,-0.206258,0.535755,-4.462743,-0.900084,-0.066797,-0.125920,0.348658,-0.056049,0.043586,0.369763,-0.032501,0.324132,0.481477
-0.047072,0.023961,0.511703,-0.496058,1.134609,0.451068,-0.022334,-0.403966,-0.388369,-0.725295,-0.084977,0.000605,-0.483762,-0.277997,0.317997,-0.404276,-0.521895,-0.011871,-0.069998,0.024258,0.003518,-0.129662,-0.102478,0.391888,0.088705,-1.394432,-0.120788,0.203405,-3.365043,-0.183659,0.470689,-4.874938,-0.822140,-0.111762,-0.148413,0.399658,-0.091344,0.102847,0.465410,-0.058942,0.487444,0.592129
-0.059877,0.014473,0.538929,-0.582686,0.958011,0.474051,-0.068537,-0.703075,-0.567492,-0.950388,-0.743755,-0.116135,-0.527583,-0.380932,0.325684,-0.400130,-0.458290,0.006859,-0.086340,0.033655,0.018447,-0.152798,-0.075635,0.432041,0.073528,-1.399108,-0.079275,0.205834,-3.555494,-0.190663,0.371332,-5.160386,-0.769020,-0.149881,-0.150815,0.448079,-0.125285,0.124229,0.547433,-0.106780,0.578961,0.651232
-0.077795,-0.001206,0.564556,-0.632895,0.760137,0.501455,-0.120524,-0.906365,-0.673014,-1.115633,-1.348964,-0.206192,-0.571543,-0.488711,0.331724,-0.395934,-0.393223,0.026623,-0.104369,0.046993,0.034661,-0.174041,-0.045080,0.470535,0.067530,-1.396363,-0.038205,0.212238,-3.664806,-0.236944,0.269424,-5.298122,-0.762274,-0.181258,-0.128426,0.489532,-0.156127,0.118511,0.616811,-0.163823,0.603545,0.676660
-0.092975,-0.024704,0.584305,-0.641341,0.553018,0.527014,-0.171722,-0.996904,-0.678155,-1.196204,-1.818483,-0.244355,-0.610814,-0.592917,0.330454,-0.393670,-0.333245,0.044959,-0.124696,0.062970,0.049733,-0.186404,-0.013617,0.500791,0.075134,-1.382892,-0.002292,0.226041,-3.680178,-0.327174,0.190473,-5.275500,-0.807993,-0.205970,-0.082590,0.517860,-0.182225,0.103575,0.666671,-0.217628,0.572195,0.683228
-0.097221,-0.055368,0.590756,-0.615886,0.348090,0.540577,-0.219593,-0.986299,-0.581657,-1.172287,-2.114421,-0.223801,-0.639416,-0.688280,0.313527,-0.394826,-0.284780,0.059590,-0.148165,0.079051,0.061280,-0.184356,0.017389,0.514669,0.094121,-1.353567,0.022616,0.245357,-3.602177,-0.456370,0.144305,-5.100408,-0.892925,-0.222648,-0.021186,0.526774,-0.201000,0.096042,0.687123,-0.257783,0.498147,0.678807
-0.084818,-0.091718,0.575623,-0.574137,0.154052,0.531081,-0.266436,-0.907060,-0.411474,-1.033653,-2.238130,-0.162479,-0.651180,-0.771299,0.273181,-0.400194,-0.253938,0.068851,-0.175409,0.092991,0.067405,-0.165877,0.046836,0.505395,0.119214,-1.304392,0.031249,0.266403,-3.444473,-0.611427,0.123734,-4.799412,-0.995592,-0.229076,0.043753,0.511923,-0.209244,0.103417,0.675097,-0.277215,0.397174,0.668369
-0.055045,-0.132531,0.532877,-0.533851,-0.023225,0.490639,-0.315855,-0.796399,-0.212825,-0.796000,-2.214546,-0.088688,-0.641281,-0.837934,0.206120,-0.409856,-0.246285,0.071965,-0.206288,0.103889,0.066983,-0.133729,0.072858,0.470040,0.145998,-1.233330,0.021362,0.286337,-3.225802,-0.775507,0.113624,-4.405596,-1.098839,-0.224460,0.100424,0.472313,-0.205057,0.123527,0.639547,-0.273723,0.289664,0.659246
-0.013460,-0.176209,0.461106,-0.504749,-0.179700,0.417478,-0.368334,-0.683616,-0.029232,-0.506774,-2.082224,-0.022945,-0.607871,-0.882874,0.115932,-0.423092,-0.266091,0.069064,-0.239591,0.111966,0.059734,-0.095399,0.093082,0.410275,0.171728,-1.139328,-0.004847,0.303289,-2.962079,-0.930744,0.104286,-3.948370,-1.190616,-0.211143,0.141143,0.410392,-0.189696,0.150264,0.596898,-0.250978,0.198963,0.660766
0.029709,-0.219635,0.364125,-0.487115,-0.311698,0.316390,-0.419664,-0.586754,0.110462,-0.226919,-1.886982,0.026735,-0.552722,-0.900329,0.012596,-0.438224,-0.315125,0.061085,-0.273540,0.117780,0.046199,-0.060810,0.105519,0.331539,0.193845,-1.021876,-0.041283,0.314960,-2.664060,-1.059923,0.099105,-3.450117,-1.257224,-0.193508,0.163782,0.331117,-0.167035,0.178297,0.560849,-0.217001,0.143957,0.677092
0.064189,-0.258322,0.249857,-0.476232,-0.414092,0.196830,-0.462837,-0.515644,0.194274,-0.003472,-1.671455,0.058330,-0.480304,-0.884678,-0.090790,-0.452818,-0.391927,0.049554,-0.307616,0.121884,0.027616,-0.038203,0.108928,0.241357,0.208817,-0.881459,-0.079924,0.317980,-2.338772,-1.149633,0.110640,-2.927424,-1.282324,-0.174439,0.170656,0.240589,-0.140589,0.203443,0.533880,-0.179524,0.131064,0.698485
0.084454,-0.287882,0.128287,-0.467664,-0.479220,0.070071,-0.491195,-0.475262,0.223160,0.144115,-1.462924,0.070427,-0.396094,-0.830827,-0.182189,-0.464159,-0.491640,0.036114,-0.344485,0.124830,0.005571,-0.030645,0.102555,0.147585,0.211901,-0.719722,-0.113041,0.307996,-1.991312,-1.192977,0.146846,-2.395403,-1.254022,-0.152579,0.166259,0.144825,-0.110900,0.221902,0.505530,-0.140598,0.152535,0.699614
0.091201,-0.305317,0.009376,-0.459411,-0.498766,-0.053206,-0.500594,-0.466513,0.206738,0.219365,-1.269116,0.062977,-0.305376,-0.735852,-0.253549,-0.469472,-0.605840,0.021831,-0.388912,0.126132,-0.018481,-0.035610,0.086057,0.057062,0.197360,-0.539424,-0.134994,0.279849,-1.626052,-1.188344,0.196999,-1.871596,-1.170362,-0.123084,0.155386,0.048996,-0.075764,0.231313,0.458393,-0.094877,0.192242,0.649580
0.088804,-0.309097,-0.098578,-0.450884,-0.469312,-0.164332,-0.489987,-0.486461,0.160364,0.237687,-1.085901,0.040203,-0.212856,-0.602464,-0.301478,-0.466011,-0.722285,0.007407,-0.441148,0.121059,-0.042696,-0.047630,0.060259,-0.025190,0.160252,-0.344835,-0.143313,0.229343,-1.246564,-1.136162,0.231748,-1.371667,-1.037845,-0.081405,0.142494,-0.042851,-0.032932,0.233165,0.378607,-0.034448,0.234766,0.529254
0.081253,-0.298417,-0.189769,-0.441090,-0.397879,-0.257119,-0.461072,-0.529678,0.102148,0.218616,-0.909619,0.010807,-0.122482,-0.441972,-0.325941,-0.451683,-0.825132,-0.004528,-0.487942,0.097491,-0.062321,-0.061834,0.028351,-0.096125,0.100106,-0.142045,-0.138632,0.157258,-0.853950,-1.038423,0.222283,-0.897651,-0.866831,-0.027181,0.132075,-0.127644,0.017035,0.234076,0.264679,0.042809,0.272830,0.344290
0.069596,-0.272726,-0.260842,-0.428060,-0.301718,-0.327666,-0.417548,-0.589225,0.048611,0.181354,-0.743154,-0.015375,-0.036848,-0.273475,-0.327986,-0.425976,-0.895856,-0.006174,-0.500843,0.038504,-0.066665,-0.076071,-0.003913,-0.154299,0.022957,0.061865,-0.123463,0.071685,-0.445643,-0.900456,0.162944,-0.432815,-0.667104,0.034383,0.128709,-0.202920,0.069765,0.244091,0.129169,0.128660,0.309890,0.124178
0.052225,-0.232367,-0.310484,-0.409608,-0.201734,-0.374113,-0.364187,-0.656256,0.010169,0.141055,-0.593107,-0.031748,0.043291,-0.118679,-0.308311,-0.389993,-0.914994,0.015533,-0.449299,-0.065689,-0.039954,-0.090760,-0.030099,-0.199430,-0.061455,0.260067,-0.100808,-0.015111,-0.017641,-0.731091,0.074417,0.047900,-0.444272,0.094215,0.135813,-0.266693,0.118267,0.271996,-0.007503,0.207684,0.356230,-0.091881
0.027261,-0.179910,-0.339136,-0.384398,-0.114882,-0.396680,-0.305934,-0.720102,-0.010608,0.106429,-0.464258,-0.037028,0.118352,0.005406,-0.267907,-0.345162,-0.865017,0.072884,-0.321521,-0.202267,0.031228,-0.107048,-0.046152,-0.232134,-0.144902,0.445995,-0.073557,-0.092789,0.430226,-0.540885,-0.015532,0.561098,-0.199903,0.142912,0.153914,-0.317721,0.155508,0.320182,-0.126555,0.264870,0.420007,-0.272053
-0.005062,-0.120536,-0.348572,-0.352578,-0.050475,-0.397486,-0.247321,-0.770270,-0.016936,0.080055,-0.357322,-0.033917,0.187880,0.092631,-0.209848,-0.291866,-0.734722,0.167891,-0.134945,-0.330761,0.147378,-0.124973,-0.052098,-0.253374,-0.222737,0.612377,-0.044220,-0.155724,0.890545,-0.341413,-0.092151,1.106299,0.061818,0.174129,0.180464,-0.355512,0.176988,0.382537,-0.217428,0.291928,0.499263,-0.401251
-0.041876,-0.060345,-0.341140,-0.315876,-0.010744,-0.379754,-0.192238,-0.799369,-0.013979,0.060933,-0.270383,-0.026182,0.248596,0.148760,-0.140163,-0.229584,-0.525055,0.286499,0.072476,-0.398503,0.290397,-0.143079,-0.050769,-0.263568,-0.291450,0.751317,-0.014420,-0.200614,1.350064,-0.146107,-0.154914,1.668915,0.325894,0.186206,0.211817,-0.379788,0.181988,0.447084,-0.278611,0.289520,0.581253,-0.480025
-0.079039,-0.003465,-0.319198,-0.277154,0.006607,-0.346936,-0.143694,-0.805251,-0.006088,0.047256,-0.201727,-0.016601,0.294442,0.185265,-0.066956,-0.158291,-0.253336,0.401566,0.260016,-0.369454,0.428046,-0.159446,-0.044709,-0.262388,-0.345822,0.856148,0.015137,-0.223214,1.796148,0.030193,-0.205073,2.229948,0.565960,0.181556,0.245634,-0.390173,0.172898,0.501588,-0.314916,0.265300,0.649048,-0.518221
-0.112607,0.049625,-0.285470,-0.239507,0.005673,-0.302734,-0.103559,-0.790900,0.003857,0.037974,-0.151509,-0.006687,0.319080,0.210283,0.001163,-0.079461,0.049556,0.482911,0.397394,-0.244364,0.526094,-0.172564,-0.034020,-0.249980,-0.379173,0.923564,0.043447,-0.218168,2.222440,0.173373,-0.237821,2.777133,0.751934,0.164643,0.281519,-0.386893,0.153319,0.538191,-0.334632,0.228913,0.689079,-0.529528
-0.139073,0.101035,-0.243920,-0.205331,-0.009703,-0.251857,-0.072740,-0.761561,0.013812,0.032784,-0.120790,0.002564,0.319250,0.224963,0.056331,0.004263,0.350370,0.508186,0.470776,-0.056327,0.560665,-0.181090,-0.016780,-0.228626,-0.385685,0.954243,0.067716,-0.181227,2.628140,0.270973,-0.244537,3.311119,0.857484,0.139894,0.319549,-0.371830,0.126299,0.554458,-0.347299,0.186599,0.694402,-0.528148
-0.154990,0.152626,-0.199981,-0.175856,-0.037011,-0.200301,-0.051782,-0.720927,0.021982,0.031230,-0.108686,0.010087,0.296673,0.227381,0.092404,0.089755,0.625312,0.469352,0.484100,0.150959,0.524846,-0.183306,0.008799,-0.203053,-0.362519,0.952293,0.083517,-0.111519,3.011106,0.311413,-0.216158,3.839510,0.862695,0.110511,0.358357,-0.348652,0.093735,0.551591,-0.360979,0.139244,0.664684,-0.525606
-0.157233,0.203775,-0.159425,-0.151199,-0.075295,-0.154276,-0.041284,-0.669239,0.026862,0.031957,-0.110496,0.014831,0.257434,0.217954,0.106030,0.173390,0.863468,0.373403,0.455223,0.342154,0.428340,-0.177519,0.042508,-0.178814,-0.311421,0.925131,0.087185,-0.013325,3.360882,0.285485,-0.143675,4.359944,0.756196,0.078284,0.394589,-0.321581,0.056801,0.532466,-0.379040,0.085237,0.606204,-0.527105
-0.143878,0.251017,-0.126397,-0.130555,-0.125071,-0.118216,-0.041761,-0.603861,0.027725,0.032840,-0.118817,0.016324,0.209561,0.200171,0.097509,0.250783,1.062541,0.238721,0.406134,0.496493,0.292415,-0.163119,0.081752,-0.159872,-0.240266,0.884149,0.078916,0.102400,3.657004,0.193298,-0.023496,4.843934,0.541906,0.043697,0.424047,-0.293591,0.016419,0.500977,-0.398246,0.024688,0.531428,-0.529014
-0.114848,0.288880,-0.102129,-0.112269,-0.187924,-0.093436,-0.053100,-0.521038,0.024968,0.031779,-0.126542,0.015119,0.160620,0.177438,0.070718,0.317369,1.224006,0.089259,0.351508,0.605496,0.143131,-0.141215,0.122112,-0.147260,-0.163373,0.844777,0.064199,0.217760,3.872627,0.053388,0.130722,5.233427,0.248902,0.005921,0.443204,-0.265491,-0.026929,0.461985,-0.410159,-0.039252,0.455007,-0.520016
-0.072116,0.311068,-0.085467,-0.094062,-0.265152,-0.078644,-0.074024,-0.418088,0.019851,0.027456,-0.129245,0.012576,0.116425,0.150955,0.031778,0.369727,1.350658,-0.051959,0.293299,0.668556,0.004610,-0.114534,0.158099,-0.139701,-0.098143,0.824097,0.052107,0.311266,3.981341,-0.095561,0.284385,5.454770,-0.065860,-0.036808,0.449913,-0.236705,-0.073472,0.420786,-0.406003,-0.102097,0.386523,-0.486900
-0.019822,0.312128,-0.074742,-0.073788,-0.355302,-0.071809,-0.101821,-0.295970,0.013670,0.019661,-0.125673,0.010008,0.080529,0.121097,-0.012991,0.406522,1.444503,-0.168917,0.225924,0.688948,-0.106984,-0.086918,0.184336,-0.135309,-0.057732,0.835707,0.051104,0.365677,3.966518,-0.206715,0.398340,5.447810,-0.331517,-0.085687,0.443405,-0.206985,-0.123404,0.382021,-0.381985,-0.159354,0.326241,-0.422297
0.035961,0.289609,-0.069219,-0.050512,-0.452062,-0.071638,-0.132557,-0.161332,0.007042,0.009212,-0.116955,0.007871,0.053743,0.090005,-0.058795,0.428287,1.504480,-0.256434,0.147972,0.670948,-0.187261,-0.062508,0.197360,-0.132687,-0.044282,0.884070,0.065035,0.376329,3.829753,-0.244259,0.453502,5.196264,-0.488335,-0.139258,0.424177,-0.177339,-0.175041,0.348500,-0.340703,-0.205762,0.269437,-0.328798
0.088564,0.245433,-0.069052,-0.025200,-0.544471,-0.077668,-0.161824,-0.026313,-0.000088,-0.002386,-0.105459,0.005723,0.033778,0.062096,-0.103252,0.436407,1.526247,-0.320152,0.069098,0.619135,-0.243508,-0.044486,0.197081,-0.130788,-0.048872,0.962024,0.092017,0.353009,3.590078,-0.194447,0.459547,4.735372,-0.504541,-0.192654,0.393623,-0.149244,-0.223741,0.320114,-0.287739,-0.234967,0.215682,-0.216617
0.132828,0.185418,-0.074438,-0.000355,-0.620005,-0.089598,-0.185765,0.094587,-0.007964,-0.013419,-0.093773,0.002770,0.015891,0.041839,-0.146390,0.432401,1.505383,-0.372632,0.004822,0.539978,-0.290284,-0.033854,0.186772,-0.128424,-0.058935,1.053684,0.126523,0.313109,3.272420,-0.061723,0.441294,4.128271,-0.374682,-0.239615,0.353532,-0.123184,-0.263654,0.293447,-0.227798,-0.242741,0.172246,-0.098409
0.166493,0.117346,-0.085183,0.021343,-0.669105,-0.106876,-0.201865,0.189350,-0.016708,-0.022434,-0.083953,-0.001661,-0.005035,0.030912,-0.189806,0.418086,1.442010,-0.427171,-0.035158,0.443383,-0.342351,-0.029216,0.171574,-0.124558,-0.066898,1.140878,0.162438,0.271703,2.896231,0.140681,0.419647,3.433611,-0.110530,-0.276128,0.306347,-0.098379,-0.291498,0.262958,-0.164344,-0.232020,0.146483,0.013483
0.189952,0.048770,-0.100861,0.038685,-0.688732,-0.128665,-0.209132,0.252601,-0.026263,-0.028534,-0.077122,-0.007875,-0.032071,0.026980,-0.235268,0.396068,1.343462,-0.492084,-0.052801,0.341295,-0.408317,-0.027850,0.156387,-0.119203,-0.073122,1.208607,0.194718,0.236168,2.475971,0.392618,0.403490,2.696160,0.259025,-0.302580,0.256376,-0.074258,-0.308727,0.223503,-0.101179,-0.213954,0.135268,0.107457
0.204931,-0.014556,-0.120923,0.052725,-0.682824,-0.153749,-0.207742,0.286726,-0.036214,-0.031487,-0.073420,-0.015540,-0.065457,0.024881,-0.283572,0.369601,1.222832,-0.568748,-0.057211,0.244163,-0.488791,-0.027320,0.144248,-0.113836,-0.082033,1.246931,0.219297,0.207482,2.031083,0.661459,0.392867,1.962774,0.680088,-0.322626,0.210178,-0.052042,-0.319941,0.172833,-0.042650,-0.202370,0.123602,0.174485
0.213159,-0.069276,-0.144461,0.066040,-0.659181,-0.180349,-0.198470,0.299122,-0.045505,-0.031689,-0.072198,-0.023476,-0.103836,0.019426,-0.334240,0.341496,1.093849,-0.653831,-0.056613,0.158952,-0.579357,-0.026597,0.135947,-0.110658,-0.096266,1.250374,0.232628,0.183957,1.590969,0.901419,0.384929,1.292290,1.074204,-0.340150,0.174312,-0.034504,-0.329487,0.112806,0.007404,-0.206204,0.094320,0.211772
0.215891,-0.114065,-0.169877,0.080930,-0.624788,-0.206178,-0.182242,0.297266,-0.052447,-0.030035,-0.072335,-0.029868,-0.145331,0.007937,-0.385518,0.312895,0.965567,-0.741559,-0.054496,0.089840,-0.673547,-0.026006,0.130739,-0.111320,-0.114437,1.216466,0.231937,0.162731,1.186622,1.065478,0.377070,0.737045,1.356794,-0.356919,0.151547,-0.024011,-0.339315,0.048580,0.046408,-0.226286,0.039752,0.224334
0.214427,-0.148841,-0.194944,0.097919,-0.582545,-0.228981,-0.159921,0.284726,-0.055238,-0.027684,-0.072638,-0.032952,-0.186744,-0.009112,-0.434209,0.282928,0.840447,-0.822963,-0.050490,0.038890,-0.762282,-0.025981,0.127131,-0.116283,-0.133630,1.144124,0.216019,0.139146,0.837129,1.123460,0.366916,0.314506,1.466315,-0.372158,0.139039,-0.020963,-0.348798,-0.013954,0.073417,-0.257909,-0.034026,0.221755
0.210921,-0.174201,-0.217563,0.115542,-0.530615,-0.247523,-0.132133,0.260036,-0.052707,-0.025678,-0.072187,-0.031801,-0.222478,-0.029406,-0.476237,0.249431,0.715583,-0.885637,-0.043120,0.005029,-0.833332,-0.025635,0.122919,-0.125394,-0.152737,1.033042,0.185619,0.107419,0.545268,1.073235,0.350710,0.004242,1.388016,-0.383439,0.130179,-0.024336,-0.355630,-0.070782,0.088771,-0.295561,-0.112062,0.211979
0.208185,-0.191208,-0.236966,0.131411,-0.463806,-0.262411,-0.099002,0.218387,-0.044788,-0.024547,-0.070441,-0.026705,-0.245702,-0.050565,-0.508422,0.209952,0.584450,-0.918080,-0.032573,-0.017175,-0.875248,-0.022666,0.115023,-0.139039,-0.172694,0.884526,0.142533,0.063476,0.304719,0.936633,0.322305,-0.224926,1.156119,-0.387728,0.118211,-0.033679,-0.356922,-0.120664,0.092238,-0.335865,-0.179706,0.196441
0.207912,-0.200862,-0.254283,0.143696,-0.376271,-0.275713,-0.059976,0.154866,-0.032421,-0.024176,-0.067076,-0.018905,-0.251227,-0.070792,-0.529719,0.162204,0.438406,-0.915165,-0.021946,-0.036820,-0.882657,-0.015217,0.100304,-0.158666,-0.194042,0.701672,0.087468,0.007209,0.107953,0.743055,0.274809,-0.389482,0.829799,-0.381790,0.098529,-0.050502,-0.349881,-0.164475,0.080823,-0.377177,-0.230151,0.169024
0.208515,-0.203095,-0.271609,0.151974,-0.265202,-0.289183,-0.014272,0.067800,-0.017099,-0.024063,-0.061770,-0.009945,-0.237439,-0.088091,-0.540133,0.103898,0.269600,-0.878346,-0.015761,-0.063700,-0.856641,-0.004245,0.077423,-0.185934,-0.215296,0.488267,0.018668,-0.057747,-0.053907,0.514935,0.204530,-0.494141,0.461783,-0.362285,0.068691,-0.077531,-0.332036,-0.204179,0.048988,-0.416414,-0.266401,0.118980
0.204881,-0.196207,-0.289921,0.156868,-0.134159,-0.302298,0.037919,-0.039230,-0.000489,-0.023727,-0.054194,-0.001159,-0.206259,-0.099351,-0.538483,0.032652,0.075408,-0.810825,-0.016595,-0.104804,-0.800179,0.006129,0.048173,-0.220863,-0.233801,0.248867,-0.066341,-0.125437,-0.194485,0.266688,0.114083,-0.550384,0.086337,-0.326434,0.027813,-0.116155,-0.301618,-0.241762,-0.007963,-0.445376,-0.297101,0.036515
0.191039,-0.177768,-0.307429,0.159014,0.006245,-0.311780,0.094276,-0.157582,0.015795,-0.022852,-0.044227,0.006570,-0.162187,-0.100953,-0.521830,-0.053234,-0.138133,-0.713813,-0.022864,-0.162291,-0.714490,0.011234,0.016728,-0.260305,-0.247285,-0.009083,-0.166655,-0.188589,-0.330352,0.013027,0.012139,-0.581302,-0.270542,-0.273539,-0.023010,-0.163976,-0.258553,-0.278097,-0.089777,-0.450174,-0.329552,-0.081332
0.163863,-0.146772,-0.319994,0.158532,0.141461,-0.313239,0.150428,-0.275612,0.030376,-0.021159,-0.032211,0.012855,-0.111084,-0.090743,-0.487476,-0.153047,-0.356381,-0.587398,-0.030081,-0.232777,-0.599668,0.009289,-0.012950,-0.298404,-0.254034,-0.273988,-0.275671,-0.239407,-0.475501,-0.226178,-0.089275,-0.610693,-0.580049,-0.206428,-0.080152,-0.214706,-0.205467,-0.312459,-0.189720,-0.416323,-0.364904,-0.227390
0.124787,-0.105429,-0.323672,0.155560,0.258185,-0.303864,0.201464,-0.381302,0.042217,-0.018330,-0.019035,0.017652,-0.058433,-0.069494,-0.435552,-0.262208,-0.559602,-0.433186,-0.035439,-0.306175,-0.457023,0.002607,-0.039581,-0.329373,-0.252117,-0.532109,-0.383372,-0.270849,-0.639733,-0.429369,-0.177691,-0.658954,-0.813656,-0.131513,-0.138723,-0.260909,-0.147567,-0.343412,-0.296725,-0.337360,-0.398363,-0.385077
0.078660,-0.058954,-0.317237,0.151072,0.348199,-0.284127,0.243719,-0.464362,0.050540,-0.014057,-0.005895,0.020949,-0.008097,-0.040891,-0.370129,-0.373069,-0.728434,-0.255535,-0.042681,-0.365590,-0.290237,-0.004079,-0.064719,-0.350404,-0.239322,-0.771117,-0.480971,-0.278393,-0.831173,-0.579791,-0.243148,-0.750687,-0.953974,-0.057043,-0.195100,-0.297288,-0.091028,-0.370420,-0.398917,-0.220585,-0.423438,-0.532164
0.031458,-0.013371,-0.302483,0.146835,0.408884,-0.257276,0.275466,-0.517646,0.054714,-0.008020,0.006222,0.022504,0.036792,-0.010399,-0.298695,-0.478083,-0.849360,-0.062134,-0.062376,-0.392356,-0.106264,-0.006182,-0.090402,-0.362002,-0.214334,-0.982457,-0.563532,-0.261958,-1.055744,-0.670307,-0.282265,-0.913550,-1.001696,0.009606,-0.247995,-0.321662,-0.040749,-0.394764,-0.485671,-0.085047,-0.437176,-0.646367
-0.011301,0.026638,-0.282584,0.144418,0.441651,-0.227532,0.296447,-0.538196,0.054319,0.000227,0.016920,0.021894,0.071681,0.016756,-0.230834,-0.572848,-0.917955,0.134427,-0.105594,-0.375239,0.082599,-0.000829,-0.116772,-0.365913,-0.178155,-1.162374,-0.629361,-0.227207,-1.312385,-0.706166,-0.301696,-1.162276,-0.976705,0.064073,-0.297233,-0.333711,0.001168,-0.419141,-0.547934,0.046209,-0.443089,-0.711921
-0.045197,0.057971,-0.260557,0.144340,0.450531,-0.198669,0.307209,-0.527692,0.049429,0.011184,0.026339,0.018838,0.090223,0.037945,-0.176410,-0.656464,-0.938230,0.316231,-0.176459,-0.315659,0.258015,0.012757,-0.142231,-0.363206,-0.134032,-1.311930,-0.678337,-0.184305,-1.590466,-0.704420,-0.315733,-1.487560,-0.914895,0.105471,-0.342027,-0.333840,0.035420,-0.446016,-0.578562,0.153454,-0.449290,-0.724184
-0.067260,0.077885,-0.238809,0.146273,0.441277,-0.173487,0.308949,-0.491352,0.040864,0.025089,0.034775,0.013587,0.086961,0.054101,-0.143126,-0.729642,-0.918688,0.464402,-0.271987,-0.223220,0.400207,0.033472,-0.165662,-0.354036,-0.084974,-1.434806,-0.710842,-0.142822,-1.872821,-0.686899,-0.336027,-1.863129,-0.857080,0.135380,-0.380278,-0.323340,0.064358,-0.475262,-0.573673,0.223778,-0.462147,-0.688586
-0.076243,0.083414,-0.219296,0.150092,0.420037,-0.153752,0.303629,-0.435280,0.030148,0.041472,0.042349,0.007033,0.061014,0.068242,-0.134232,-0.792700,-0.868000,0.566914,-0.388725,-0.107032,0.496379,0.058858,-0.187825,-0.338530,-0.030869,-1.533394,-0.727453,-0.105910,-2.140636,-0.669498,-0.360880,-2.259342,-0.831253,0.156712,-0.409097,-0.304964,0.090858,-0.502813,-0.534412,0.251960,-0.480262,-0.615432
-0.072413,0.072412,-0.203804,0.156644,0.391722,-0.140462,0.293835,-0.364211,0.019047,0.058772,0.048795,0.000393,0.017755,0.082718,-0.147952,-0.844539,-0.792670,0.623536,-0.526655,0.026781,0.546318,0.086021,-0.210299,-0.317784,0.031031,-1.606796,-0.729305,-0.069670,-2.376589,-0.656481,-0.374538,-2.648421,-0.840598,0.173317,-0.426177,-0.282798,0.117863,-0.522415,-0.467709,0.240785,-0.494580,-0.516362
-0.056703,0.045116,-0.194233,0.167358,0.359680,-0.134558,0.282318,-0.281910,0.008969,0.074289,0.053312,-0.005353,-0.032747,0.097277,-0.179319,-0.882319,-0.696944,0.643395,-0.685098,0.169474,0.560364,0.112810,-0.233483,-0.294459,0.101495,-1.652633,-0.718859,-0.029350,-2.567338,-0.643998,-0.358057,-3.004068,-0.867352,0.189585,-0.431427,-0.261414,0.148108,-0.529474,-0.385002,0.201012,-0.494495,-0.404466
-0.029884,0.004545,-0.192668,0.183016,0.327178,-0.137484,0.271613,-0.193776,0.000591,0.084963,0.054720,-0.009862,-0.079523,0.109143,-0.223109,-0.901531,-0.584054,0.636806,-0.855981,0.304920,0.551105,0.138547,-0.256119,-0.272568,0.174932,-1.669593,-0.699956,0.013460,-2.706253,-0.627478,-0.303410,-3.304306,-0.887589,0.208932,-0.427819,-0.244773,0.183122,-0.522810,-0.299278,0.149501,-0.473663,-0.294235
0.007468,-0.044529,-0.200824,0.202976,0.298673,-0.150777,0.263901,-0.108158,-0.006081,0.088885,0.052172,-0.013404,-0.114545,0.114902,-0.275670,-0.896608,-0.457355,0.607564,-1.021185,0.414239,0.524693,0.163599,-0.276534,-0.256172,0.240999,-1.657029,-0.676292,0.050440,-2.794057,-0.605171,-0.221064,-3.535194,-0.883449,0.231518,-0.421036,-0.234977,0.221808,-0.502159,-0.221461,0.104449,-0.430426,-0.197898
0.054131,-0.096812,-0.219022,0.225681,0.278816,-0.174697,0.260966,-0.034026,-0.011423,0.086412,0.045958,-0.016520,-0.134125,0.112640,-0.334259,-0.862367,-0.320300,0.552668,-1.153423,0.486594,0.479087,0.188135,-0.293685,-0.247671,0.292204,-1.613280,-0.649661,0.074005,-2.836219,-0.576730,-0.135893,-3.688440,-0.846450,0.253438,-0.418320,-0.231383,0.260224,-0.465250,-0.157239,0.079589,-0.364876,-0.120113
0.107366,-0.146991,-0.245494,0.249972,0.269712,-0.207084,0.264078,0.023317,-0.015923,0.079761,0.037519,-0.019724,-0.136893,0.102619,-0.394609,-0.795933,-0.175537,0.470729,-1.217377,0.524067,0.411556,0.211286,-0.306775,-0.247129,0.329760,-1.536913,-0.620175,0.084583,-2.839265,-0.541704,-0.073570,-3.755929,-0.776036,0.268888,-0.426027,-0.231208,0.293370,-0.409476,-0.105881,0.080863,-0.278178,-0.056199
0.162965,-0.189970,-0.276709,0.276036,0.269110,-0.243547,0.273858,0.064771,-0.020030,0.071495,0.028527,-0.023371,-0.120712,0.086567,-0.449406,-0.697825,-0.025409,0.370238,-1.172610,0.532878,0.327676,0.231420,-0.314360,-0.253006,0.360395,-1.430491,-0.588261,0.089147,-2.807977,-0.501302,-0.047216,-3.730541,-0.679401,0.273934,-0.445191,-0.231882,0.317545,-0.336981,-0.062830,0.106716,-0.175952,0.002855
0.216322,-0.221538,-0.308483,0.305259,0.271309,-0.278877,0.290261,0.096235,-0.023985,0.063325,0.019960,-0.027568,-0.082549,0.067054,-0.489952,-0.571451,0.124665,0.266782,-0.983270,0.507963,0.240532,0.246993,-0.314398,-0.263209,0.387746,-1.301753,-0.555686,0.093276,-2.744028,-0.460734,-0.054085,-3.613701,-0.571887,0.268832,-0.468237,-0.233119,0.331279,-0.257142,-0.025279,0.150208,-0.071197,0.061116
0.263703,-0.239203,-0.337055,0.339144,0.270265,-0.308597,0.312749,0.124569,-0.027599,0.055886,0.011981,-0.032020,-0.022360,0.047404,-0.510318,-0.422209,0.262341,0.170425,-0.636732,0.426365,0.160048,0.257031,-0.305281,-0.275370,0.409070,-1.159639,-0.523951,0.096969,-2.646323,-0.427611,-0.082384,-3.419570,-0.473457,0.257346,-0.481876,-0.236361,0.334811,-0.183060,0.003871,0.201400,0.018598,0.111284
0.302594,-0.242440,-0.359448,0.377955,0.262731,-0.329590,0.340466,0.153322,-0.030220,0.049114,0.004609,-0.035972,0.053162,0.031080,-0.510136,-0.258121,0.369375,0.078384,-0.165791,0.259520,0.086359,0.260859,-0.286799,-0.286590,0.420044,-1.009171,-0.491920,0.097895,-2.513181,-0.406977,-0.119716,-3.171184,-0.400895,0.244205,-0.474927,-0.242299,0.329433,-0.124831,0.017617,0.250191,0.079548,0.137406
0.330905,-0.232217,-0.373221,0.419795,0.249594,-0.339749,0.372245,0.180659,-0.031123,0.042825,-0.001673,-0.038503,0.132126,0.020028,-0.492923,-0.090928,0.430134,-0.016414,0.342296,0.000160,0.016904,0.257600,-0.260327,-0.293619,0.419588,-0.850607,-0.455722,0.095385,-2.344958,-0.398035,-0.156359,-2.894579,-0.360869,0.232963,-0.443590,-0.249493,0.317318,-0.084925,0.010411,0.289644,0.107993,0.125392
0.346017,-0.210263,-0.376338,0.460837,0.235034,-0.337554,0.406629,0.200385,-0.030083,0.037302,-0.006024,-0.039014,0.204176,0.013427,-0.461365,0.065860,0.442654,-0.109889,0.768663,-0.314159,-0.041922,0.246088,-0.228241,-0.293920,0.409389,-0.682974,-0.411356,0.090424,-2.144766,-0.395401,-0.183785,-2.614451,-0.348662,0.225513,-0.390532,-0.255529,0.301534,-0.058396,-0.017855,0.318448,0.110265,0.072486
0.344921,-0.178380,-0.367669,0.496879,0.224233,-0.322302,0.442175,0.205376,-0.027513,0.033529,-0.007848,-0.037391,0.266223,0.008476,-0.414465,0.202084,0.422012,-0.182685,1.014428,-0.604704,-0.074422,0.225343,-0.192945,-0.286875,0.391615,-0.507518,-0.357478,0.084573,-1.916028,-0.392967,-0.193044,-2.346270,-0.353411,0.222833,-0.321205,-0.259083,0.285807,-0.036514,-0.062582,0.340815,0.097311,-0.011932
0.325503,-0.137803,-0.347624,0.525528,0.220652,-0.294715,0.477941,0.191631,-0.023922,0.032758,-0.007007,-0.033609,0.321754,0.003025,-0.349373,0.314404,0.390835,-0.212681,1.049061,-0.790561,-0.067772,0.195232,-0.155879,-0.274050,0.368310,-0.327746,-0.296022,0.080278,-1.658387,-0.386176,-0.176885,-2.083598,-0.364329,0.225711,-0.241358,-0.260717,0.273874,-0.010679,-0.117881,0.363565,0.080343,-0.113215
0.288083,-0.088903,-0.318048,0.547493,0.223938,-0.256996,0.513660,0.160933,-0.019205,0.035740,-0.003335,-0.027216,0.374908,-0.001806,-0.265733,0.404877,0.364603,-0.191881,0.921168,-0.836112,-0.023745,0.157049,-0.117094,-0.258013,0.340828,-0.147192,-0.230734,0.079853,-1.366969,-0.370032,-0.135230,-1.794760,-0.369565,0.234702,-0.156302,-0.261761,0.268553,0.025056,-0.178675,0.391714,0.070361,-0.218709
0.236102,-0.031749,-0.281137,0.565839,0.229673,-0.211984,0.549197,0.120447,-0.012539,0.042271,0.003858,-0.017332,0.425369,-0.000938,-0.168062,0.476939,0.344760,-0.132764,0.725462,-0.766176,0.040511,0.113799,-0.075831,-0.240393,0.307885,0.031535,-0.165264,0.081862,-1.038539,-0.335823,-0.078799,-1.442825,-0.350070,0.249500,-0.070948,-0.262337,0.270851,0.072494,-0.239967,0.425116,0.078023,-0.319700
0.175338,0.032677,-0.238235,0.583537,0.231390,-0.161982,0.583642,0.079317,-0.003086,0.051159,0.015700,-0.003262,0.468173,0.012655,-0.064212,0.532775,0.323417,-0.060507,0.550942,-0.639854,0.101776,0.069776,-0.031805,-0.220640,0.265145,0.205015,-0.102031,0.079788,-0.679859,-0.273464,-0.025128,-1.017000,-0.283313,0.268238,0.010384,-0.260280,0.279388,0.128779,-0.295124,0.458675,0.109937,-0.408221
0.111935,0.101669,-0.189641,0.601265,0.223707,-0.108287,0.614909,0.044500,0.009022,0.060366,0.033316,0.014737,0.497416,0.044295,0.038182,0.573278,0.292281,0.000882,0.444404,-0.512156,0.142076,0.029290,0.013872,-0.196524,0.208732,0.367134,-0.042016,0.066818,-0.308466,-0.179903,0.012093,-0.544067,-0.160020,0.287316,0.084763,-0.252021,0.290470,0.187825,-0.336078,0.485938,0.163905,-0.474030
0.050323,0.171271,-0.135486,0.617202,0.204363,-0.051630,0.640361,0.018735,0.022194,0.067638,0.057588,0.035129,0.510188,0.094793,0.134387,0.599207,0.247908,0.038525,0.406354,-0.412654,0.154907,-0.004816,0.059004,-0.165887,0.139725,0.510209,0.014953,0.042635,0.056976,-0.064338,0.032501,-0.066790,0.004985,0.302276,0.151461,-0.234697,0.299185,0.243532,-0.356410,0.502493,0.229098,-0.507046
-0.007626,0.237607,-0.076677,0.628644,0.173732,0.007143,0.657838,0.001740,0.033927,0.072141,0.089374,0.055572,0.508023,0.160252,0.223027,0.612066,0.191825,0.052287,0.410866,-0.345968,0.144452,-0.031758,0.101560,-0.128070,0.065085,0.628398,0.069694,0.015103,0.407156,0.056155,0.049954,0.386927,0.181494,0.309512,0.211578,-0.207579,0.301227,0.292410,-0.354921,0.506268,0.291959,-0.503906
-0.061647,0.297831,-0.015073,0.633876,0.132433,0.066735,0.666060,-0.006745,0.042328,0.076428,0.129970,0.074155,0.495620,0.233793,0.304641,0.614181,0.128475,0.050057,0.428860,-0.303088,0.120494,-0.052038,0.140722,-0.084119,-0.005853,0.719869,0.122907,-0.004815,0.742568,0.165980,0.083547,0.813248,0.341964,0.307674,0.266270,-0.171852,0.294459,0.333509,-0.336057,0.495843,0.342500,-0.471307
-0.111108,0.350028,0.046717,0.633043,0.079053,0.125247,0.664199,-0.004454,0.047855,0.087071,0.181615,0.090826,0.478462,0.307187,0.379403,0.608395,0.063756,0.041378,0.440723,-0.272375,0.092998,-0.065928,0.176896,-0.036392,-0.066370,0.786541,0.174288,-0.010316,1.065522,0.257816,0.143582,1.219548,0.473584,0.297727,0.315022,-0.129680,0.279348,0.366683,-0.306388,0.469803,0.376741,-0.421438
-0.153752,0.392526,0.105371,0.627854,0.009879,0.179962,0.651322,0.013665,0.053935,0.113140,0.247850,0.107943,0.461026,0.371781,0.445442,0.597763,0.004304,0.033078,0.437532,-0.245483,0.068807,-0.072563,0.210858,0.011653,-0.115189,0.832887,0.222059,-0.002430,1.373957,0.333694,0.222045,1.611357,0.580077,0.281663,0.355590,-0.083790,0.258156,0.391598,-0.270120,0.427793,0.395563,-0.363148
-0.186227,0.423374,0.156983,0.620451,-0.079149,0.227495,0.626245,0.053427,0.065829,0.163879,0.333567,0.129318,0.446044,0.419803,0.498907,0.585080,-0.043682,0.028035,0.417386,-0.218416,0.050825,-0.070377,0.242774,0.055825,-0.155271,0.864347,0.263460,0.012333,1.662282,0.400559,0.296808,1.990171,0.674796,0.260742,0.385750,-0.037390,0.233297,0.408061,-0.226990,0.371431,0.401985,-0.296124
-0.205807,0.440327,0.197769,0.612276,-0.189772,0.264667,0.587842,0.118677,0.088829,0.247352,0.444357,0.158614,0.434406,0.446070,0.535615,0.572318,-0.075921,0.026143,0.382541,-0.190275,0.038911,-0.058365,0.271773,0.092329,-0.189832,0.885214,0.296035,0.027855,1.925427,0.463114,0.347579,2.355318,0.768515,0.234553,0.405309,0.006395,0.205882,0.416506,-0.173488,0.303730,0.398786,-0.212184
-0.211885,0.441360,0.225044,0.603923,-0.320053,0.289579,0.535546,0.209802,0.127608,0.369955,0.584505,0.198498,0.425380,0.448441,0.552899,0.560533,-0.090194,0.026111,0.338307,-0.161558,0.031542,-0.037121,0.296328,0.119132,-0.219230,0.897171,0.318818,0.042413,2.160298,0.519582,0.368604,2.702527,0.860469,0.201679,0.416695,0.045434,0.175503,0.417957,-0.106405,0.227759,0.388007,-0.102918
-0.206504,0.425551,0.237590,0.595921,-0.465111,0.301964,0.469736,0.323613,0.186629,0.535205,0.753572,0.250549,0.417085,0.426281,0.550384,0.550480,-0.084896,0.026909,0.291884,-0.133038,0.027335,-0.009088,0.315147,0.136400,-0.240929,0.900223,0.332635,0.057950,2.363157,0.564231,0.366302,3.020634,0.940313,0.161389,0.423215,0.079016,0.141296,0.413747,-0.026876,0.146009,0.372008,0.030733
-0.193790,0.393739,0.235028,0.589131,-0.618792,0.302371,0.391669,0.453190,0.269227,0.741137,0.943247,0.314248,0.407194,0.378491,0.529300,0.543235,-0.057797,0.028345,0.249999,-0.105473,0.025727,0.022155,0.327736,0.145439,-0.250782,0.895464,0.339393,0.077318,2.526018,0.593252,0.348412,3.290796,0.997393,0.114729,0.425657,0.107380,0.103166,0.405395,0.057641,0.061356,0.353591,0.173974
-0.178180,0.348249,0.216814,0.583813,-0.774554,0.290763,0.302959,0.587623,0.374133,0.978179,1.137507,0.384400,0.393761,0.303104,0.490944,0.540085,-0.006457,0.030837,0.216398,-0.079810,0.026747,0.053527,0.334052,0.146985,-0.243801,0.886945,0.340960,0.102940,2.636600,0.607236,0.320015,3.489248,1.026521,0.063965,0.420093,0.130852,0.062069,0.394493,0.135560,-0.020868,0.333664,0.303873
-0.162307,0.292074,0.182153,0.578443,-0.924997,0.266042,0.205298,0.713782,0.492090,1.228950,1.316873,0.449461,0.375991,0.199315,0.435904,0.541816,0.069941,0.034957,0.191083,-0.057099,0.030466,0.084036,0.333963,0.140564,-0.216460,0.880754,0.338606,0.135705,2.684057,0.609172,0.287975,3.593075,1.027217,0.011358,0.400136,0.149323,0.019380,0.382264,0.196356,-0.091961,0.309184,0.401599
-0.146329,0.228667,0.131279,0.569929,-1.061223,0.227275,0.100843,0.820631,0.606992,1.468774,1.462982,0.494353,0.354651,0.070891,0.365168,0.548038,0.168512,0.041095,0.171769,-0.037828,0.036630,0.114619,0.327602,0.125535,-0.171455,0.881889,0.333180,0.172249,2.666428,0.602182,0.261749,3.587256,1.001826,-0.041181,0.362130,0.162404,-0.023656,0.368192,0.235020,-0.142800,0.275285,0.460965
-0.129400,0.162361,0.066857,0.554608,-1.173809,0.175317,-0.007601,0.902582,0.701483,1.664420,1.558728,0.507252,0.331896,-0.071618,0.282082,0.556943,0.281404,0.049192,0.156016,-0.021430,0.044495,0.146071,0.316340,0.102530,-0.119001,0.891183,0.325144,0.204544,2.592389,0.588802,0.246060,3.470353,0.954913,-0.091603,0.307372,0.169990,-0.065860,0.348272,0.253047,-0.170718,0.230532,0.487395
-0.111624,0.098199,-0.005968,0.527961,-1.255734,0.112839,-0.117659,0.958684,0.761647,1.773217,1.585511,0.484710,0.310539,-0.212092,0.192932,0.565531,0.396250,0.058480,0.142331,-0.006777,0.052750,0.177148,0.302877,0.073789,-0.069947,0.904411,0.314110,0.225647,2.475287,0.570132,0.234663,3.256815,0.891709,-0.137766,0.239845,0.172638,-0.106158,0.315628,0.255702,-0.185809,0.179179,0.490351
-0.094284,0.040640,-0.080723,0.482921,-1.305428,0.042669,-0.229019,0.989063,0.776819,1.749047,1.524532,0.430424,0.293072,-0.333166,0.105453,0.570217,0.498678,0.067441,0.130014,0.006656,0.059661,0.205010,0.289911,0.042597,-0.026727,0.914103,0.298858,0.236741,2.325450,0.544905,0.212387,2.975715,0.816573,-0.178128,0.164696,0.171489,-0.144258,0.265144,0.246912,-0.209700,0.126415,0.475375
-0.078325,-0.007621,-0.150631,0.409793,-1.327445,-0.033461,-0.343299,0.991976,0.737745,1.558718,1.365535,0.350113,0.280855,-0.420694,0.026777,0.567550,0.575525,0.074121,0.118659,0.017977,0.063456,0.227454,0.278693,0.012887,0.017693,0.912258,0.278415,0.247077,2.147208,0.510413,0.163183,2.665172,0.734141,-0.211556,0.089517,0.168052,-0.180752,0.198276,0.225217,-0.263887,0.070746,0.440260
-0.063151,-0.045398,-0.209059,0.300384,-1.329857,-0.114161,-0.460970,0.962808,0.638837,1.202642,1.117678,0.248674,0.273852,-0.465726,-0.037610,0.554738,0.616960,0.076632,0.107969,0.025190,0.062754,0.244440,0.268854,-0.011036,0.071688,0.891868,0.253083,0.266190,1.940408,0.465452,0.079708,2.359408,0.651158,-0.235831,0.023724,0.164104,-0.215432,0.122554,0.184713,-0.354358,0.002957,0.377271
-0.047402,-0.071846,-0.250109,0.154529,-1.320101,-0.196301,-0.577423,0.894710,0.484331,0.726526,0.813377,0.131630,0.270994,-0.463918,-0.083824,0.529975,0.617263,0.073609,0.097889,0.026550,0.056869,0.257233,0.259247,-0.025334,0.136107,0.847325,0.224295,0.295907,1.703333,0.412634,-0.027712,2.071600,0.574162,-0.247021,-0.025774,0.161409,-0.245335,0.046848,0.121051,-0.465332,-0.084349,0.280288
-0.031101,-0.085973,-0.269580,-0.016637,-1.302039,-0.273654,-0.682069,0.780600,0.291870,0.211191,0.499069,0.007762,0.270783,-0.414099,-0.109119,0.492655,0.575061,0.064533,0.088700,0.021957,0.045966,0.266055,0.248594,-0.027743,0.202619,0.775079,0.193721,0.329049,1.436501,0.357113,-0.128402,1.788172,0.503177,-0.241279,-0.057738,0.161111,-0.265105,-0.021779,0.037232,-0.568364,-0.185305,0.152241
-0.016953,-0.087325,-0.265563,-0.194246,-1.275303,-0.337597,-0.762001,0.615424,0.088731,-0.259916,0.214819,-0.110271,0.271673,-0.317379,-0.111578,0.443343,0.493069,0.049706,0.080857,0.013202,0.030924,0.268563,0.235481,-0.017970,0.259509,0.674524,0.162591,0.354636,1.146888,0.301292,-0.182658,1.486191,0.426989,-0.217280,-0.075146,0.163275,-0.269548,-0.077923,-0.056247,-0.639236,-0.280825,0.007143
-0.009017,-0.076868,-0.238554,-0.359155,-1.236266,-0.379832,-0.807424,0.397700,-0.096970,-0.634723,-0.023920,-0.208054,0.272192,-0.177794,-0.090714,0.383616,0.377563,0.029812,0.074780,0.003069,0.012807,0.260953,0.218308,0.002605,0.298885,0.548182,0.131431,0.364339,0.848678,0.240446,-0.164363,1.159079,0.326473,-0.176685,-0.081842,0.166882,-0.255806,-0.117622,-0.146421,-0.669018,-0.351456,-0.134849
-0.009332,-0.056990,-0.191732,-0.497163,-1.179903,-0.395894,-0.814744,0.130460,-0.244005,-0.902732,-0.227314,-0.273257,0.271143,-0.004388,-0.049196,0.316084,0.238178,0.005439,0.070898,-0.005604,-0.007698,0.241244,0.195830,0.031061,0.319602,0.401321,0.100005,0.355846,0.557052,0.166546,-0.078774,0.822107,0.188847,-0.122754,-0.081030,0.170169,-0.223620,-0.139619,-0.222763,-0.662176,-0.389408,-0.255364
-0.015190,-0.030576,-0.131246,-0.600046,-1.102213,-0.387570,-0.786291,-0.177939,-0.341632,-1.079652,-0.415406,-0.299701,0.267993,0.187427,0.005794,0.244501,0.087741,-0.022886,0.069857,-0.010344,-0.030289,0.212141,0.168098,0.063015,0.325547,0.241686,0.067605,0.333003,0.279322,0.079331,0.039224,0.494015,0.025258,-0.059414,-0.075661,0.171278,-0.174682,-0.145864,-0.277821,-0.625444,-0.398044,-0.342201
-0.019771,-0.000164,-0.065447,-0.665256,-1.002356,-0.362736,-0.728422,-0.513586,-0.390307,-1.186688,-0.601420,-0.290300,0.262952,0.377798,0.063676,0.173389,-0.058929,-0.054101,0.072483,-0.009355,-0.054450,0.180667,0.136852,0.093508,0.322840,0.078783,0.033699,0.304075,0.012941,-0.008285,0.145947,0.181039,-0.127996,0.008150,-0.068584,0.169223,-0.112473,-0.139758,-0.304485,-0.558098,-0.382717,-0.387005
-0.016132,0.031972,-0.002754,-0.696366,-0.883287,-0.332540,-0.649236,-0.858328,-0.401431,-1.240283,-0.786853,-0.258086,0.256432,0.547513,0.114102,0.107129,-0.187410,-0.086127,0.079403,-0.002099,-0.078882,0.154308,0.104534,0.118668,0.317965,-0.078363,-0.001624,0.278196,-0.246953,-0.080180,0.214186,-0.118983,-0.235432,0.072807,-0.061840,0.164492,-0.042462,-0.124231,-0.294091,-0.452409,-0.345551,-0.379992
-0.001489,0.063051,0.050461,-0.702852,-0.751005,-0.307601,-0.556135,-1.192296,-0.395849,-1.251715,-0.966231,-0.224640,0.248370,0.682512,0.150504,0.049425,-0.285786,-0.116045,0.090601,0.010302,-0.101591,0.136619,0.072645,0.136805,0.315874,-0.223534,-0.037582,0.260629,-0.499569,-0.131690,0.244784,-0.406420,-0.292788,0.126516,-0.056394,0.158548,0.028322,-0.102186,-0.238977,-0.303757,-0.289154,-0.310349
0.021588,0.089538,0.090520,-0.697210,-0.613739,-0.295273,-0.453982,-1.496405,-0.399565,-1.229336,-1.131953,-0.215357,0.238259,0.774745,0.171034,0.003776,-0.345411,-0.140874,0.105108,0.025480,-0.120574,0.125865,0.041279,0.148007,0.317396,-0.353098,-0.072603,0.249870,-0.739143,-0.170091,0.256771,-0.682267,-0.326262,0.162994,-0.052924,0.152542,0.092586,-0.078443,-0.138904,-0.121215,-0.221986,-0.176141
0.047426,0.108095,0.115999,-0.690353,-0.481560,-0.298552,-0.345061,-1.754531,-0.436582,-1.179429,-1.274697,-0.252259,0.225825,0.820569,0.177158,-0.025976,-0.361157,-0.158397,0.120867,0.041084,-0.134519,0.117301,0.010410,0.152979,0.318486,-0.463788,-0.104395,0.239529,-0.961397,-0.201271,0.266813,-0.955902,-0.361172,0.180102,-0.052399,0.146479,0.144356,-0.059717,-0.005998,0.070412,-0.156857,0.004482
0.070329,0.116794,0.127614,-0.688126,-0.365356,-0.315652,-0.230909,-1.955583,-0.520763,-1.106440,-1.383031,-0.346337,0.211482,0.820099,0.172227,-0.036366,-0.332314,-0.167490,0.134835,0.056021,-0.142918,0.106475,-0.018778,0.152564,0.313724,-0.551951,-0.130661,0.223944,-1.166311,-0.221512,0.277256,-1.239849,-0.397943,0.179948,-0.055441,0.139685,0.180013,-0.051370,0.137637,0.238860,-0.103594,0.194904
0.086042,0.115121,0.128847,-0.690208,-0.274472,-0.339444,-0.114330,-2.094752,-0.649440,-1.013859,-1.446430,-0.491803,0.196042,0.778077,0.161327,-0.025968,-0.263347,-0.167770,0.143450,0.070770,-0.145518,0.090780,-0.044365,0.148296,0.301019,-0.615803,-0.149955,0.202167,-1.354714,-0.224397,0.280853,-1.534734,-0.420696,0.166933,-0.061806,0.132107,0.198826,-0.054143,0.270026,0.357776,-0.064142,0.358212
0.091790,0.102821,0.126205,-0.691090,-0.214158,-0.357789,-0.000134,-2.173043,-0.801782,-0.905689,-1.460422,-0.664877,0.179996,0.703990,0.151459,0.003593,-0.163023,-0.159066,0.143462,0.086694,-0.141795,0.069251,-0.065454,0.143149,0.281625,-0.658420,-0.161637,0.175791,-1.524480,-0.212813,0.272219,-1.824015,-0.423407,0.146121,-0.071502,0.125317,0.203472,-0.064833,0.379627,0.416519,-0.035118,0.477100
0.086442,0.079045,0.128019,-0.682612,-0.184576,-0.356424,0.105176,-2.195417,-0.943761,-0.786720,-1.429118,-0.828946,0.162956,0.609959,0.150409,0.048042,-0.041884,-0.141503,0.132893,0.105012,-0.131215,0.042300,-0.083165,0.141460,0.255594,-0.688153,-0.164916,0.143482,-1.670639,-0.201535,0.252322,-2.084974,-0.423149,0.123215,-0.086331,0.122445,0.199954,-0.080314,0.467172,0.420603,-0.013389,0.556853
0.071287,0.042583,0.142042,-0.657467,-0.181681,-0.323938,0.193707,-2.168807,-1.037840,-0.660857,-1.363381,-0.944359,0.143537,0.507712,0.164370,0.101574,0.090314,-0.116134,0.111869,0.126045,-0.114088,0.012060,-0.100138,0.147890,0.220168,-0.715433,-0.158181,0.100496,-1.787979,-0.208384,0.224199,-2.302142,-0.449504,0.104296,-0.109010,0.127226,0.195334,-0.099774,0.538353,0.384892,0.002584,0.610477
0.050173,-0.007290,0.173282,-0.612289,-0.199256,-0.255880,0.256575,-2.100579,-1.053090,-0.529296,-1.276353,-0.978585,0.119841,0.406773,0.196057,0.157845,0.225692,-0.085143,0.082962,0.148962,-0.091911,-0.017697,-0.119380,0.166060,0.174612,-0.747955,-0.139392,0.045174,-1.873044,-0.243201,0.188504,-2.469680,-0.523454,0.093678,-0.139722,0.142799,0.193757,-0.122317,0.595030,0.326228,0.015240,0.642961
0.028121,-0.070012,0.223061,-0.548823,-0.231636,-0.155453,0.285450,-1.996650,-0.972510,-0.391806,-1.177662,-0.913443,0.090445,0.314039,0.244578,0.210994,0.358154,-0.051076,0.050727,0.172072,-0.066651,-0.042853,-0.143026,0.197531,0.124574,-0.787281,-0.107024,-0.016080,-1.925036,-0.303112,0.143509,-2.584955,-0.643451,0.091806,-0.173772,0.170695,0.194218,-0.143724,0.632474,0.259467,0.027341,0.648796
0.009194,-0.142987,0.289096,-0.472841,-0.275876,-0.031331,0.275484,-1.859951,-0.796801,-0.251943,-1.068164,-0.748778,0.055378,0.233902,0.306458,0.256708,0.482858,-0.016031,0.020522,0.193379,-0.039955,-0.060759,-0.171133,0.241330,0.079203,-0.828596,-0.060929,-0.072368,-1.946543,-0.375380,0.085866,-2.644076,-0.786212,0.095948,-0.203428,0.210157,0.192603,-0.157724,0.643665,0.196643,0.037322,0.620814
-0.004886,-0.220933,0.365737,-0.391947,-0.331357,0.104826,0.228280,-1.691296,-0.545065,-0.121804,-0.939583,-0.503353,0.016425,0.168856,0.376291,0.292514,0.595327,0.018073,-0.002938,0.210907,-0.013397,-0.071329,-0.201053,0.293773,0.044407,-0.863063,-0.003080,-0.116176,-1.943564,-0.444153,0.010082,-2.644069,-0.919009,0.103012,-0.222492,0.257750,0.186006,-0.161007,0.626008,0.147466,0.038061,0.559434
-0.014748,-0.295929,0.444143,-0.313869,-0.396443,0.239490,0.153473,-1.493094,-0.253359,-0.019889,-0.782587,-0.213888,-0.023177,0.121127,0.446690,0.316734,0.689951,0.048632,-0.016890,0.222629,0.010749,-0.076926,-0.228210,0.348542,0.019661,-0.880898,0.061947,-0.147293,-1.923636,-0.496708,-0.088422,-2.587784,-1.013996,0.111293,-0.229371,0.307391,0.175144,-0.155941,0.585085,0.118732,0.022737,0.475672
-0.022423,-0.358926,0.513272,-0.245643,-0.464896,0.358028,0.067730,-1.273174,0.030416,0.038845,-0.599379,0.069813,-0.059210,0.094640,0.508765,0.327102,0.758836,0.072266,-0.021150,0.226475,0.029532,-0.081251,-0.248226,0.397529,-0.000069,-0.873684,0.127614,-0.170954,-1.892694,-0.525698,-0.205602,-2.486138,-1.054624,0.119741,-0.226498,0.351271,0.163120,-0.147859,0.533208,0.111345,-0.008431,0.388177
-0.030095,-0.402605,0.562620,-0.192628,-0.525263,0.447341,-0.009845,-1.045493,0.258942,0.053076,-0.410108,0.297907,-0.087136,0.095568,0.554260,0.320528,0.792535,0.085801,-0.017487,0.221028,0.040336,-0.087646,-0.259276,0.432956,-0.021135,-0.835558,0.187744,-0.194193,-1.852758,-0.526990,-0.325561,-2.355700,-1.032162,0.126552,-0.217739,0.381997,0.152524,-0.140437,0.484207,0.117387,-0.047632,0.316660
-0.039153,-0.423929,0.585658,-0.156841,-0.563655,0.500074,-0.064476,-0.827530,0.402662,0.036311,-0.245969,0.438911,-0.103218,0.130173,0.578347,0.294353,0.783057,0.087445,-0.008079,0.206963,0.041961,-0.097566,-0.263050,0.449925,-0.049084,-0.763559,0.239222,-0.223144,-1.801319,-0.497131,-0.427857,-2.213237,-0.941786,0.129186,-0.206370,0.395036,0.143851,-0.133911,0.448179,0.122624,-0.084257,0.274872
-0.049723,-0.424147,0.581467,-0.135929,-0.567894,0.516888,-0.090548,-0.636630,0.460209,0.008158,-0.133463,0.491022,-0.105828,0.200478,0.580606,0.248132,0.727723,0.077404,0.005815,0.188369,0.035037,-0.110007,-0.263201,0.447642,-0.086852,-0.657241,0.282776,-0.260854,-1.731738,-0.434383,-0.498272,-2.070425,-0.786155,0.125800,-0.194230,0.389841,0.136133,-0.126538,0.428899,0.115930,-0.109513,0.266489
-0.060430,-0.405897,0.553429,-0.124239,-0.530996,0.504258,-0.091230,-0.487060,0.453238,-0.016142,-0.082010,0.476862,-0.096250,0.300113,0.563246,0.184822,0.631917,0.057840,0.024145,0.172790,0.021750,-0.121966,-0.261967,0.428648,-0.133228,-0.517837,0.321253,-0.305651,-1.634075,-0.341566,-0.533104,-1.930933,-0.580834,0.116498,-0.181198,0.369122,0.128379,-0.116573,0.423923,0.098670,-0.118110,0.285022
-0.068493,-0.370063,0.506477,-0.115613,-0.453060,0.469550,-0.073934,-0.387737,0.410009,-0.029634,-0.083353,0.426256,-0.078462,0.413721,0.528401,0.110615,0.509090,0.032348,0.047497,0.169231,0.005135,-0.129644,-0.257655,0.397015,-0.183328,-0.347889,0.357044,-0.351680,-1.496845,-0.226184,-0.536829,-1.789551,-0.351089,0.103063,-0.164978,0.337197,0.120064,-0.102992,0.426131,0.084301,-0.108125,0.316674
-0.070714,-0.315516,0.444915,-0.106191,-0.341002,0.417309,-0.045635,-0.340201,0.350291,-0.030891,-0.120965,0.360238,-0.057831,0.521784,0.476911,0.033191,0.377316,0.005097,0.076265,0.184706,-0.011789,-0.130082,-0.245449,0.356671,-0.231278,-0.152129,0.390497,-0.391761,-1.309894,-0.097276,-0.518450,-1.632398,-0.120980,0.087244,-0.142049,0.298370,0.110353,-0.085292,0.426349,0.086928,-0.080616,0.345253
-0.065187,-0.241955,0.371854,-0.095595,-0.206574,0.349036,-0.010961,-0.337386,0.280304,-0.020606,-0.180748,0.285457,-0.039269,0.608150,0.409252,-0.040525,0.254051,-0.019951,0.110084,0.221369,-0.026566,-0.122611,-0.221014,0.310484,-0.272607,0.060700,0.419728,-0.420071,-1.067678,0.037461,-0.488056,-1.439685,0.094877,0.069088,-0.109788,0.255847,0.097337,-0.063378,0.416854,0.108748,-0.039499,0.358178
-0.052567,-0.152940,0.290051,-0.086038,-0.063857,0.265793,0.027292,-0.364644,0.197304,-0.001842,-0.255846,0.198552,-0.025652,0.664997,0.327458,-0.105525,0.152022,-0.039315,0.147660,0.276045,-0.037221,-0.109220,-0.183669,0.260272,-0.304431,0.276750,0.441343,-0.432735,-0.771670,0.172125,-0.453182,-1.191594,0.291648,0.046886,-0.068321,0.211506,0.078522,-0.037751,0.394461,0.137777,0.008706,0.351165
-0.036198,-0.056343,0.203112,-0.080179,0.072968,0.171375,0.067065,-0.403386,0.097845,0.017580,-0.344219,0.094516,-0.017144,0.693048,0.236423,-0.158510,0.077678,-0.050034,0.186819,0.341843,-0.041940,-0.093854,-0.136866,0.207468,-0.324540,0.478563,0.451617,-0.427364,-0.430669,0.301555,-0.417685,-0.873466,0.470247,0.018689,-0.020843,0.166408,0.052303,-0.009553,0.361497,0.156935,0.056080,0.328939
-0.021210,0.038024,0.115880,-0.079210,0.191815,0.073604,0.106253,-0.435782,-0.015992,0.025603,-0.442569,-0.026565,-0.011737,0.698917,0.143509,-0.197485,0.031739,-0.050147,0.224660,0.410214,-0.039360,-0.081189,-0.086420,0.153756,-0.331020,0.649437,0.447836,-0.403078,-0.058748,0.419906,-0.383826,-0.478008,0.632411,-0.016042,0.027453,0.121474,0.019030,0.019754,0.323826,0.155013,0.095643,0.301100
-0.012722,0.121954,0.033422,-0.082325,0.285192,-0.017728,0.142245,-0.448464,-0.135647,0.011978,-0.541742,-0.157526,-0.006834,0.691930,0.056321,-0.221931,0.011239,-0.039817,0.257931,0.472628,-0.029703,-0.075097,-0.038120,0.101029,-0.322141,0.778709,0.429240,-0.360549,0.328443,0.519194,-0.352680,-0.007520,0.774904,-0.055919,0.070865,0.077751,-0.019227,0.048787,0.286927,0.130050,0.123860,0.275319
-0.013706,0.191483,-0.040643,-0.087592,0.352080,-0.095039,0.171714,-0.433756,-0.249712,-0.023935,-0.626486,-0.286630,-0.001044,0.681255,-0.020092,-0.233222,0.012062,-0.022187,0.283498,0.521529,-0.015793,-0.077097,0.004140,0.050749,-0.296231,0.864900,0.397035,-0.301506,0.717204,0.589243,-0.321809,0.522866,0.885765,-0.098296,0.104417,0.036264,-0.059852,0.076431,0.252740,0.084977,0.142081,0.252573
-0.023730,0.247096,-0.105069,-0.093211,0.397442,-0.155973,0.190879,-0.388412,-0.348567,-0.070191,-0.678970,-0.401665,0.004915,0.673512,-0.084587,-0.234729,0.029910,-0.002875,0.298358,0.549858,-0.002741,-0.085690,0.039088,0.003436,-0.252616,0.914511,0.353609,-0.228683,1.096922,0.621043,-0.286097,1.085423,0.948439,-0.140387,0.124576,-0.002191,-0.100728,0.101804,0.219521,0.022767,0.156022,0.227850
-0.039466,0.291507,-0.160579,-0.097879,0.428910,-0.202913,0.196098,-0.311172,-0.425893,-0.107488,-0.683471,-0.492112,0.008752,0.671228,-0.139107,-0.231317,0.059011,0.012088,0.299313,0.549904,0.004059,-0.097248,0.067420,-0.041260,-0.193836,0.937328,0.301634,-0.146759,1.458547,0.612341,-0.243843,1.645908,0.953057,-0.180051,0.129589,-0.037185,-0.140600,0.123823,0.183782,-0.053332,0.172525,0.194499
-0.056587,0.326888,-0.208807,-0.099903,0.452335,-0.239704,0.184566,-0.201399,-0.476406,-0.120670,-0.630085,-0.548804,0.008205,0.672854,-0.186690,-0.227906,0.091484,0.018888,0.283641,0.514780,0.001639,-0.107911,0.090445,-0.084174,-0.127033,0.941812,0.243552,-0.062933,1.792904,0.570681,-0.201360,2.172255,0.905159,-0.216028,0.119759,-0.068869,-0.178967,0.140588,0.141566,-0.136390,0.194420,0.147621
-0.071754,0.353873,-0.251479,-0.096139,0.468242,-0.268449,0.155208,-0.060473,-0.493271,-0.108461,-0.516040,-0.563360,0.002568,0.674339,-0.229875,-0.227185,0.120568,0.017796,0.251405,0.444105,-0.008661,-0.115170,0.109466,-0.126349,-0.062540,0.933469,0.181402,0.014325,2.091415,0.510551,-0.169697,2.642240,0.824175,-0.247790,0.097841,-0.098205,-0.215895,0.149471,0.088160,-0.215295,0.216840,0.084787
-0.083274,0.372599,-0.290131,-0.082431,0.470831,-0.289009,0.109762,0.104596,-0.469875,-0.080133,-0.343830,-0.529849,-0.007043,0.671047,-0.270249,-0.228209,0.145046,0.013089,0.207569,0.349106,-0.021448,-0.118049,0.126229,-0.168884,-0.010955,0.915604,0.116849,0.077313,2.348052,0.447305,-0.155237,3.046640,0.735258,-0.275025,0.068832,-0.126817,-0.251531,0.148287,0.018162,-0.279885,0.228558,0.006039
-0.090043,0.383817,-0.326013,-0.056115,0.451128,-0.301473,0.053208,0.279033,-0.406182,-0.039239,-0.116610,-0.448650,-0.018941,0.659017,-0.308751,-0.227724,0.169183,0.010677,0.161264,0.250527,-0.030024,-0.115945,0.143043,-0.212486,0.018497,0.889633,0.051625,0.119671,2.558854,0.392892,-0.152311,3.384354,0.662079,-0.296504,0.038022,-0.156145,-0.284769,0.136287,-0.072028,-0.327448,0.218498,-0.085647
-0.090209,0.388320,-0.359697,-0.018999,0.403817,-0.308840,-0.007545,0.444118,-0.314007,0.025211,0.164532,-0.330415,-0.032553,0.635959,-0.345737,-0.223290,0.198428,0.014686,0.122229,0.170196,-0.030123,-0.107660,0.161444,-0.256586,0.018173,0.854140,-0.011623,0.135657,2.719116,0.354743,-0.145509,3.652527,0.621819,-0.309157,0.008257,-0.186290,-0.311972,0.113752,-0.180375,-0.363946,0.183130,-0.184921
-0.081606,0.385444,-0.390371,0.021877,0.332411,-0.316526,-0.066275,0.586253,-0.214909,0.123653,0.494347,-0.196958,-0.049184,0.602024,-0.380349,-0.215133,0.236553,0.025481,0.097094,0.123829,-0.021887,-0.092231,0.180489,-0.298502,-0.016220,0.805334,-0.068760,0.121141,2.822675,0.335523,-0.121552,3.842164,0.619876,-0.309196,-0.020051,-0.215475,-0.328048,0.081260,-0.298052,-0.398209,0.128839,-0.286658
-0.064262,0.372752,-0.415357,0.056898,0.246574,-0.328273,-0.119442,0.703918,-0.130724,0.241866,0.847437,-0.076109,-0.071540,0.558982,-0.409781,-0.205279,0.286546,0.040684,0.087864,0.119713,-0.008549,-0.071248,0.196813,-0.333438,-0.081642,0.740459,-0.114755,0.077117,2.865204,0.332058,-0.081565,3.945054,0.645976,-0.295403,-0.044603,-0.240685,-0.330324,0.040372,-0.413074,-0.434545,0.066565,-0.387961
-0.042480,0.347807,-0.430678,0.078157,0.154492,-0.342367,-0.166162,0.805680,-0.073869,0.339553,1.166451,0.008517,-0.102441,0.508028,-0.429684,-0.195641,0.351545,0.057896,0.093358,0.161162,0.006525,-0.050099,0.206794,-0.355777,-0.166023,0.661072,-0.145573,0.011556,2.847361,0.334326,-0.043505,3.963794,0.676030,-0.271370,-0.057271,-0.259065,-0.321498,-0.005163,-0.515323,-0.470576,0.002516,-0.486277
-0.023623,0.310664,-0.432941,0.082323,0.060720,-0.352574,-0.206818,0.900846,-0.044521,0.378939,1.375031,0.047013,-0.143146,0.449150,-0.436154,-0.187271,0.432429,0.076354,0.112719,0.248530,0.021351,-0.035919,0.208862,-0.361456,-0.252611,0.572482,-0.160279,-0.063901,2.772790,0.326800,-0.033039,3.910864,0.680357,-0.243540,-0.046756,-0.269240,-0.307808,-0.050111,-0.598392,-0.500580,-0.067254,-0.575387
-0.013837,0.264937,-0.421746,0.070964,-0.026690,-0.353560,-0.241825,0.991035,-0.034884,0.354942,1.417405,0.045730,-0.191854,0.383576,-0.428378,-0.181078,0.523839,0.096466,0.148142,0.379127,0.034511,-0.033181,0.203912,-0.350400,-0.327066,0.481130,-0.161762,-0.138913,2.642205,0.294913,-0.070029,3.794520,0.636833,-0.216754,-0.006738,-0.272062,-0.294106,-0.089773,-0.658677,-0.518342,-0.152605,-0.645055
-0.014317,0.216614,-0.400803,0.049306,-0.089438,-0.345618,-0.271096,1.068429,-0.035186,0.295410,1.294862,0.021792,-0.243424,0.316324,-0.409899,-0.178439,0.613419,0.118581,0.203613,0.546523,0.044059,-0.040744,0.193824,-0.327314,-0.381277,0.393988,-0.155135,-0.205495,2.450171,0.236451,-0.158783,3.605673,0.547035,-0.192065,0.058184,-0.270419,-0.281050,-0.120294,-0.694339,-0.516441,-0.256712,-0.685570
-0.021450,0.171565,-0.376609,0.024444,-0.103335,-0.334274,-0.293722,1.119361,-0.037274,0.232925,1.064568,-0.006116,-0.290987,0.254892,-0.387261,-0.180534,0.686359,0.142566,0.279968,0.741919,0.048055,-0.053200,0.179709,-0.299840,-0.413185,0.319469,-0.144825,-0.255882,2.187907,0.171476,-0.284162,3.318453,0.448266,-0.168664,0.133865,-0.267972,-0.266420,-0.136910,-0.703986,-0.486623,-0.364122,-0.691163
-0.030384,0.133592,-0.355676,0.003217,-0.051234,-0.325978,-0.307920,1.129809,-0.035799,0.179485,0.802581,-0.025040,-0.328605,0.204712,-0.367130,-0.187047,0.732095,0.168090,0.370846,0.957809,0.046009,-0.065184,0.161367,-0.275319,-0.425435,0.265843,-0.132961,-0.282167,1.849759,0.139536,-0.412373,2.903154,0.405549,-0.147117,0.202977,-0.267494,-0.248111,-0.133555,-0.685041,-0.425713,-0.441166,-0.658718
-0.038617,0.104109,-0.342189,-0.010135,0.067333,-0.324326,-0.311902,1.091401,-0.028634,0.128019,0.566030,-0.030330,-0.353282,0.165868,-0.353856,-0.195740,0.748345,0.194713,0.463639,1.190500,0.039401,-0.074760,0.138110,-0.258312,-0.423836,0.236196,-0.120539,-0.279546,1.440181,0.178840,-0.499055,2.343964,0.475345,-0.130338,0.251444,-0.269956,-0.225984,-0.106084,-0.634837,-0.342262,-0.452415,-0.586757
-0.046781,0.082983,-0.336582,-0.015757,0.235898,-0.329003,-0.305486,1.006479,-0.016993,0.071937,0.380185,-0.024280,-0.365400,0.133482,-0.348034,-0.203196,0.741202,0.221818,0.544550,1.438069,0.031065,-0.083385,0.109981,-0.249467,-0.415046,0.223629,-0.109472,-0.250328,0.979651,0.298401,-0.507579,1.657108,0.660834,-0.121442,0.272497,-0.274354,-0.201953,-0.056694,-0.556010,-0.254695,-0.382407,-0.480609
-0.056576,0.069255,-0.334947,-0.018052,0.427118,-0.336511,-0.291064,0.889034,-0.004453,0.016956,0.246460,-0.012829,-0.367873,0.100009,-0.345933,-0.205745,0.723090,0.248914,0.603687,1.694766,0.024440,-0.093229,0.078318,-0.245351,-0.403881,0.211291,-0.102791,-0.204501,0.504936,0.465817,-0.428941,0.899376,0.897484,-0.120684,0.267715,-0.277726,-0.179039,0.004852,-0.461781,-0.180181,-0.245627,-0.360101
-0.067976,0.061098,-0.330135,-0.023082,0.610850,-0.341722,-0.272807,0.760063,0.005119,-0.025388,0.155018,-0.002023,-0.364820,0.056729,-0.340645,-0.199923,0.709884,0.275891,0.637822,1.947082,0.022659,-0.104343,0.045247,-0.239632,-0.391340,0.178318,-0.103090,-0.155200,0.057945,0.622925,-0.286499,0.151948,1.085710,-0.124381,0.244550,-0.275598,-0.160132,0.064712,-0.374434,-0.124699,-0.077894,-0.258849
-0.078153,0.055433,-0.315214,-0.034870,0.761561,-0.340076,-0.254777,0.640696,0.009416,-0.050323,0.093192,0.004375,-0.360499,-0.005881,-0.325555,-0.182899,0.717550,0.302156,0.650379,2.175625,0.026886,-0.113898,0.012615,-0.226095,-0.374285,0.107987,-0.111662,-0.112368,-0.331471,0.715523,-0.121203,-0.514165,1.142693,-0.126977,0.211468,-0.263629,-0.147019,0.110605,-0.315846,-0.083864,0.081983,-0.210124
-0.083049,0.048093,-0.287668,-0.053175,0.863015,-0.329817,-0.239512,0.547541,0.008039,-0.063198,0.049956,0.005256,-0.358806,-0.096961,-0.298506,-0.153436,0.758566,0.324618,0.647967,2.362027,0.034792,-0.118086,-0.018662,-0.202251,-0.347129,-0.006951,-0.129631,-0.079926,-0.653884,0.711846,0.029117,-1.060694,1.030331,-0.124716,0.173831,-0.240125,-0.140018,0.135937,-0.296075,-0.051705,0.207063,-0.227641
-0.080168,0.034949,-0.251343,-0.074020,0.909679,-0.312924,-0.227845,0.490957,0.001720,-0.072395,0.018395,0.001161,-0.362972,-0.222167,-0.263685,-0.113033,0.838846,0.336357,0.634138,2.496630,0.041456,-0.115138,-0.048274,-0.171157,-0.304626,-0.163490,-0.159507,-0.057400,-0.914730,0.601757,0.142096,-1.477831,0.748746,-0.118097,0.132650,-0.207650,-0.138121,0.140491,-0.307701,-0.026684,0.287507,-0.295738
-0.069981,0.013280,-0.214260,-0.092170,0.905807,-0.293858,-0.219480,0.474310,-0.008311,-0.081627,-0.003901,-0.006637,-0.375041,-0.380611,-0.229429,-0.065982,0.956469,0.328319,0.605251,2.582504,0.043057,-0.106808,-0.075721,-0.139802,-0.244300,-0.350549,-0.204439,-0.042335,-1.125395,0.390726,0.212226,-1.772290,0.320667,-0.111249,0.085767,-0.171999,-0.139335,0.127911,-0.329467,-0.010223,0.326906,-0.376822
-0.054813,-0.017745,-0.183609,-0.103722,0.862858,-0.276799,-0.213557,0.493750,-0.020394,-0.088550,-0.016660,-0.016402,-0.395556,-0.564982,-0.203308,-0.017835,1.103205,0.293574,0.553621,2.633401,0.039858,-0.097030,-0.100105,-0.114891,-0.167548,-0.552309,-0.264791,-0.030511,-1.300398,0.101556,0.247053,-1.967808,-0.210598,-0.108686,0.030293,-0.138906,-0.141108,0.101855,-0.336920,-0.003025,0.332748,-0.430674
-0.036784,-0.057565,-0.161698,-0.107449,0.795688,-0.263283,-0.208865,0.539509,-0.032562,-0.088543,-0.019819,-0.026153,-0.424115,-0.764641,-0.188237,0.026267,1.266817,0.230350,0.475700,2.666634,0.034671,-0.089342,-0.120725,-0.099154,-0.079326,-0.751635,-0.335174,-0.015356,-1.457396,-0.221170,0.263429,-2.108510,-0.774946,-0.111988,-0.033980,-0.111381,-0.140902,0.063786,-0.313622,-0.004476,0.307125,-0.431873
-0.017096,-0.104618,-0.145743,-0.104589,0.718906,-0.251808,-0.203921,0.598680,-0.043092,-0.078953,-0.015420,-0.034217,-0.460446,-0.968355,-0.182330,0.061795,1.430771,0.141087,0.376442,2.694985,0.028696,-0.085546,-0.137562,-0.090837,0.012923,-0.932854,-0.405211,0.010151,-1.613238,-0.517182,0.283013,-2.246306,-1.280904,-0.118859,-0.101712,-0.089799,-0.136806,0.014067,-0.256419,-0.013797,0.245779,-0.375448
0.003101,-0.155932,-0.130626,-0.097809,0.644556,-0.239075,-0.197248,0.658126,-0.050947,-0.061039,-0.007474,-0.039656,-0.504720,-1.164836,-0.181493,0.084197,1.571888,0.029767,0.265283,2.720497,0.020542,-0.086154,-0.150940,-0.085831,0.099629,-1.083797,-0.463417,0.048191,-1.778229,-0.729189,0.322791,-2.419009,-1.639577,-0.124983,-0.162735,-0.073450,-0.128057,-0.045540,-0.172937,-0.030012,0.146889,-0.272432
0.022050,-0.206734,-0.111778,-0.090035,0.581060,-0.221634,-0.187785,0.706663,-0.055650,-0.039437,0.000006,-0.042133,-0.556548,-1.342319,-0.182018,0.089369,1.661320,-0.098788,0.149351,2.728908,0.008997,-0.091112,-0.160826,-0.080124,0.168884,-1.197140,-0.501081,0.091363,-1.954731,-0.822855,0.383571,-2.640254,-1.794075,-0.126890,-0.206912,-0.061272,-0.115462,-0.111423,-0.075518,-0.050999,0.019712,-0.143036
0.038269,-0.251424,-0.086857,-0.083247,0.532745,-0.197409,-0.175001,0.736883,-0.057013,-0.019893,0.005396,-0.041630,-0.613548,-1.489353,-0.181988,0.075617,1.671765,-0.238010,0.031033,2.682584,-0.005650,-0.099623,-0.166714,-0.071457,0.208211,-1.270706,-0.514501,0.123921,-2.138971,-0.797221,0.447957,-2.903173,-1.737448,-0.123483,-0.228872,-0.052089,-0.101402,-0.180464,0.022970,-0.073183,-0.118121,-0.011156
0.052161,-0.285667,-0.056418,-0.077558,0.500427,-0.166934,-0.158606,0.745992,-0.055141,-0.006670,0.010135,-0.038427,-0.670339,-1.597728,-0.181630,0.045667,1.585857,-0.379450,-0.090773,2.518821,-0.022178,-0.109469,-0.168369,-0.060233,0.209875,-1.306290,-0.505578,0.130216,-2.321181,-0.682177,0.492625,-3.184909,-1.511461,-0.115220,-0.228783,-0.045564,-0.088583,-0.251959,0.110706,-0.092007,-0.251726,0.101292
0.066287,-0.307794,-0.023528,-0.071420,0.483552,-0.133487,-0.138392,0.734587,-0.050413,-0.001080,0.016777,-0.033046,-0.718088,-1.666015,-0.182315,0.007151,1.398711,-0.513206,-0.219766,2.166540,-0.036193,-0.117116,-0.166561,-0.049269,0.177117,-1.307400,-0.480534,0.105277,-2.484765,-0.525376,0.503221,-3.448318,-1.189818,-0.102343,-0.210631,-0.042942,-0.077869,-0.326005,0.178642,-0.102562,-0.375298,0.180615
0.083419,-0.318286,0.007869,-0.063126,0.482472,-0.101392,-0.114537,0.704349,-0.043109,-0.001775,0.026321,-0.025844,-0.745203,-1.700328,-0.184237,-0.029433,1.114696,-0.627473,-0.359860,1.583351,-0.037608,-0.119188,-0.162862,-0.042054,0.126348,-1.277197,-0.446862,0.060113,-2.609789,-0.374879,0.477411,-3.648785,-0.855687,-0.084553,-0.181510,-0.045822,-0.067369,-0.399424,0.223052,-0.100272,-0.487806,0.224898
0.104059,-0.318042,0.035106,-0.052394,0.498433,-0.073396,-0.088030,0.657122,-0.033075,-0.006140,0.037478,-0.016646,-0.740492,-1.710481,-0.184534,-0.055352,0.743977,-0.708513,-0.508357,0.791722,-0.016518,-0.114182,-0.158538,-0.040402,0.081620,-1.218130,-0.410062,0.016947,-2.681021,-0.265211,0.417192,-3.749098,-0.581361,-0.062441,-0.151342,-0.053666,-0.054146,-0.463731,0.246216,-0.082059,-0.585266,0.241552
0.126081,-0.307163,0.058061,-0.040623,0.531249,-0.049183,-0.060545,0.595852,-0.019937,-0.011706,0.048084,-0.004949,-0.698454,-1.703853,-0.178106,-0.069079,0.301095,-0.744033,-0.651322,-0.117656,0.025149,-0.102537,-0.153642,-0.043160,0.062669,-1.133350,-0.372149,-0.003672,-2.693238,-0.211600,0.325240,-3.733523,-0.412403,-0.038300,-0.129423,-0.062889,-0.036803,-0.507896,0.253865,-0.047919,-0.658348,0.240399
0.146897,-0.285284,0.078820,-0.029791,0.577208,-0.026118,-0.033773,0.525661,-0.003784,-0.016855,0.056672,0.009377,-0.623232,-1.681660,-0.160842,-0.078568,-0.195399,-0.729446,-0.770852,-1.025971,0.071517,-0.085015,-0.147284,-0.046749,0.074431,-1.028666,-0.332499,0.005339,-2.648265,-0.213046,0.212504,-3.609736,-0.360074,-0.014916,-0.118413,-0.068702,-0.016410,-0.523852,0.251428,-0.001882,-0.696547,0.227663
0.165655,-0.253089,0.100197,-0.021191,0.629409,-0.001242,-0.008810,0.453596,0.014308,-0.020793,0.062772,0.025533,-0.527724,-1.640185,-0.132521,-0.097820,-0.722932,-0.671790,-0.859477,-1.842479,0.104966,-0.061516,-0.138885,-0.046916,0.106423,-0.913290,-0.289944,0.035899,-2.548342,-0.260241,0.104637,-3.398447,-0.406265,0.005978,-0.112056,-0.067753,0.004357,-0.510135,0.241928,0.048825,-0.693951,0.204922
0.182950,-0.213618,0.124368,-0.015134,0.680320,0.027396,0.013913,0.386981,0.032398,-0.023244,0.066242,0.041845,-0.428152,-1.575370,-0.096584,-0.140304,-1.255528,-0.586232,-0.924241,-2.532705,0.117765,-0.032015,-0.129210,-0.040341,0.141604,-0.798421,-0.244235,0.072733,-2.395294,-0.341046,0.031822,-3.122704,-0.516277,0.023626,-0.100447,-0.058974,0.022377,-0.471425,0.226414,0.095796,-0.651780,0.171957
0.198413,-0.171918,0.152571,-0.011579,0.724645,0.060998,0.034338,0.331072,0.048380,-0.024286,0.066660,0.056401,-0.337255,-1.486831,-0.056369,-0.213982,-1.766761,-0.485671,-0.974698,-3.101328,0.112992,0.001425,-0.120091,-0.025137,0.166445,-0.694085,-0.195843,0.102967,-2.195939,-0.440721,0.008247,-2.804194,-0.650862,0.037277,-0.078332,-0.042365,0.034972,-0.415541,0.205704,0.130934,-0.577445,0.129599
0.208869,-0.132841,0.185689,-0.010806,0.760787,0.101054,0.052547,0.287119,0.060810,-0.024324,0.063285,0.067826,-0.258836,-1.378583,-0.010142,-0.319800,-2.234776,-0.369346,-1.010398,-3.556606,0.104183,0.034116,-0.112930,-0.000320,0.175622,-0.605867,-0.144686,0.121070,-1.963902,-0.542299,0.023610,-2.459971,-0.775892,0.046272,-0.048518,-0.017482,0.040913,-0.350329,0.181779,0.146875,-0.482639,0.080530
0.209245,-0.098682,0.224647,-0.013369,0.790170,0.149476,0.068750,0.252268,0.069270,-0.023957,0.055418,0.075647,-0.186316,-1.257098,0.050636,-0.452521,-2.645397,-0.218946,-1.022596,-3.893881,0.119429,0.060692,-0.107440,0.034739,0.170932,-0.533700,-0.089492,0.128447,-1.713866,-0.630679,0.055082,-2.096824,-0.869413,0.051073,-0.018263,0.016775,0.041246,-0.281539,0.158290,0.137657,-0.381172,0.029485
0.195662,-0.068850,0.269730,-0.019370,0.815115,0.207173,0.083276,0.221867,0.074071,-0.023700,0.042748,0.080048,-0.107505,-1.128867,0.136721,-0.602841,-2.990241,-0.007423,-1.005607,-4.105152,0.197905,0.077951,-0.101989,0.079943,0.157270,-0.473484,-0.028799,0.129704,-1.456161,-0.696132,0.085027,-1.713729,-0.921773,0.053503,0.006356,0.060980,0.038975,-0.211901,0.140237,0.100733,-0.285015,-0.016117
0.168171,-0.041757,0.319286,-0.027815,0.837041,0.272161,0.096415,0.192520,0.075753,-0.023755,0.025572,0.081447,-0.013841,-0.998325,0.252355,-0.760076,-3.262416,0.282993,-0.965437,-4.192241,0.371411,0.086292,-0.095251,0.133371,0.138659,-0.419723,0.037260,0.128377,-1.197341,-0.733303,0.108732,-1.316224,-0.929365,0.055782,0.022984,0.113641,0.037684,-0.141676,0.132518,0.039697,-0.199425,-0.047011
0.131011,-0.016883,0.369259,-0.036746,0.856279,0.339134,0.108216,0.163382,0.074951,-0.023998,0.005032,0.080394,0.092218,-0.866364,0.389163,-0.913815,-3.454998,0.644949,-0.920735,-4.165658,0.643695,0.088885,-0.087429,0.190738,0.116349,-0.366777,0.106243,0.124757,-0.942330,-0.738421,0.130552,-0.926518,-0.889887,0.059689,0.032083,0.170593,0.040283,-0.070418,0.137652,-0.034370,-0.121133,-0.055704
0.090544,0.004706,0.414387,-0.044084,0.872983,0.401216,0.118458,0.135183,0.072551,-0.024073,-0.016710,0.077720,0.196916,-0.730615,0.527622,-1.053427,-3.562736,1.042654,-0.896880,-4.033970,0.983778,0.089616,-0.079909,0.246373,0.089470,-0.308838,0.174471,0.116866,-0.692834,-0.708746,0.155229,-0.572904,-0.803608,0.066662,0.035221,0.226008,0.048658,0.001323,0.154111,-0.104935,-0.041842,-0.040656
0.052898,0.021146,0.450304,-0.048366,0.887524,0.452649,0.126895,0.108936,0.069653,-0.023443,-0.036742,0.074476,0.281490,-0.588334,0.644653,-1.166576,-3.583340,1.422107,-0.914176,-3.800705,1.335402,0.091527,-0.074065,0.295237,0.056911,-0.240458,0.238855,0.102910,-0.445066,-0.643822,0.181136,-0.268068,-0.676220,0.078242,0.034252,0.274444,0.063788,0.071302,0.176434,-0.155394,0.045050,-0.008034
0.022939,0.030551,0.475182,-0.048742,0.899652,0.490713,0.133644,0.086131,0.067225,-0.021448,-0.052199,0.071599,0.330543,-0.440170,0.722176,-1.239383,-3.516399,1.728437,-0.974064,-3.474905,1.635427,0.096562,-0.070694,0.334724,0.018687,-0.158344,0.298182,0.082654,-0.192680,-0.545586,0.199525,-0.001951,-0.517315,0.095865,0.031206,0.312797,0.085631,0.135875,0.197222,-0.175176,0.138880,0.030271
0.004286,0.031268,0.490227,-0.044434,0.907174,0.516224,0.139431,0.069972,0.065811,-0.017525,-0.060914,0.069637,0.338258,-0.291961,0.752896,-1.259298,-3.361914,1.922360,-1.051848,-3.082526,1.833720,0.105900,-0.070358,0.365452,-0.023895,-0.062940,0.353541,0.057042,0.066561,-0.416625,0.199805,0.243519,-0.334690,0.119738,0.028280,0.341315,0.112610,0.191164,0.210580,-0.162886,0.230837,0.062307
-0.001058,0.022145,0.498794,-0.034441,0.905729,0.532574,0.145422,0.065634,0.065460,-0.011558,-0.061378,0.068669,0.309941,-0.153732,0.741540,-1.219000,-3.120380,1.988776,-1.102860,-2.660265,1.906477,0.119727,-0.073657,0.390565,-0.068510,0.041695,0.407735,0.027620,0.327884,-0.259432,0.177036,0.477580,-0.130854,0.147763,0.027625,0.363056,0.141422,0.234803,0.215237,-0.124659,0.308498,0.082541
0.006259,0.003235,0.504123,-0.017765,0.890250,0.543414,0.152743,0.078721,0.065683,-0.004144,-0.052311,0.068231,0.258498,-0.037017,0.701022,-1.118684,-2.792449,1.934175,-1.079003,-2.230482,1.856533,0.136436,-0.080718,0.413405,-0.111819,0.149597,0.463321,-0.002950,0.583772,-0.078650,0.136645,0.701033,0.093972,0.175813,0.030723,0.381571,0.167937,0.267231,0.214718,-0.069595,0.363277,0.094065
0.022640,-0.023444,0.507026,0.006365,0.856884,0.550190,0.162198,0.113387,0.065496,0.003366,-0.032526,0.067333,0.198930,0.048417,0.646032,-0.966031,-2.377690,1.778155,-0.945883,-1.782591,1.704412,0.152618,-0.090383,0.434880,-0.149481,0.254845,0.520163,-0.030223,0.830463,0.115960,0.092710,0.919793,0.335618,0.199562,0.037581,0.398220,0.188932,0.291339,0.214201,-0.006271,0.395996,0.104489
0.043042,-0.053936,0.505558,0.038613,0.803815,0.551488,0.174409,0.171583,0.063910,0.008927,-0.001315,0.064962,0.144806,0.097268,0.588515,-0.775099,-1.876475,1.548268,-0.696314,-1.287167,1.480680,0.164631,-0.100152,0.452678,-0.176783,0.352677,0.574542,-0.048602,1.069863,0.309662,0.060389,1.152612,0.582752,0.216582,0.046422,0.411345,0.203429,0.310342,0.216712,0.057636,0.415936,0.119309
0.063099,-0.083546,0.496892,0.079516,0.731359,0.544678,0.190063,0.252722,0.060839,0.010078,0.040963,0.061024,0.106897,0.108816,0.536596,-0.564999,-1.298833,1.279224,-0.361660,-0.736739,1.222782,0.170523,-0.107246,0.462812,-0.189683,0.439850,0.620731,-0.053100,1.306157,0.486599,0.048241,1.423404,0.818536,0.227394,0.054363,0.417624,0.212821,0.325209,0.221078,0.114968,0.432963,0.137614
0.079927,-0.108602,0.479570,0.128864,0.642552,0.528246,0.209807,0.352589,0.057714,0.004835,0.092746,0.057026,0.091202,0.084586,0.494685,-0.357127,-0.675854,1.008185,-0.011484,-0.176702,0.969259,0.170413,-0.109985,0.462067,-0.185836,0.514895,0.653890,-0.041110,1.541462,0.634999,0.055891,1.745197,1.025510,0.235035,0.058866,0.414100,0.219948,0.333766,0.222274,0.161042,0.449010,0.152232
0.091486,-0.127538,0.454421,0.184986,0.543840,0.503017,0.233885,0.462512,0.057189,-0.006774,0.152448,0.055863,0.096094,0.028040,0.463121,-0.169590,-0.062136,0.762406,0.273204,0.304158,0.747690,0.165175,-0.108374,0.449779,-0.165595,0.578513,0.672441,-0.013658,1.773880,0.751316,0.076758,2.108727,1.192199,0.243278,0.059300,0.399622,0.227622,0.332751,0.214187,0.196644,0.457384,0.154083
0.095792,-0.140515,0.424126,0.244662,0.444295,0.471904,0.261816,0.570456,0.061992,-0.021557,0.220948,0.060758,0.112295,-0.050253,0.439007,-0.011776,0.477321,0.550346,0.441609,0.620253,0.565984,0.155007,-0.103548,0.428193,-0.132513,0.633504,0.678570,0.024314,1.998179,0.840544,0.102174,2.484325,1.317382,0.254121,0.057701,0.375389,0.237012,0.321490,0.193787,0.227024,0.451114,0.138557
0.090996,-0.148093,0.392208,0.303725,0.352811,0.438780,0.292204,0.664169,0.073523,-0.033678,0.303505,0.073913,0.127794,-0.127182,0.419344,0.115925,0.889136,0.367662,0.495386,0.738833,0.417219,0.139353,-0.096724,0.401362,-0.092262,0.683419,0.676591,0.065560,2.207802,0.910784,0.124319,2.836846,1.406497,0.266178,0.057946,0.344548,0.246766,0.303738,0.163814,0.255859,0.431751,0.109464
0.076360,-0.150163,0.362081,0.358049,0.274731,0.407246,0.322800,0.735021,0.090886,-0.036631,0.409077,0.095439,0.134304,-0.170950,0.403948,0.217384,1.148276,0.211302,0.476373,0.695646,0.292784,0.118070,-0.088575,0.373380,-0.050183,0.730433,0.670414,0.103609,2.396685,0.965503,0.137084,3.143086,1.462332,0.275595,0.063597,0.311050,0.253848,0.285524,0.131363,0.280890,0.409342,0.076890
0.053242,-0.145914,0.336306,0.404521,0.210379,0.379740,0.350970,0.780580,0.110944,-0.025077,0.546981,0.123085,0.130123,-0.154671,0.395096,0.296340,1.260164,0.085382,0.435421,0.567063,0.189965,0.092462,-0.079255,0.347062,-0.009595,0.774103,0.661905,0.134896,2.559178,1.001116,0.135581,3.396694,1.480874,0.278968,0.075723,0.278366,0.255675,0.271029,0.103202,0.297294,0.393843,0.050470
0.024680,-0.134453,0.315984,0.441540,0.156694,0.357093,0.374411,0.804409,0.129477,0.004576,0.723145,0.152966,0.118544,-0.068248,0.395010,0.355706,1.249901,-0.004406,0.404206,0.423811,0.109921,0.064767,-0.068630,0.323386,0.027515,0.812130,0.650746,0.158124,2.687767,1.012736,0.116461,3.596553,1.458575,0.275377,0.092056,0.248556,0.251486,0.260796,0.081689,0.305010,0.386783,0.034162
-0.006571,-0.115405,0.300297,0.468772,0.110120,0.338351,0.391573,0.813166,0.142761,0.054424,0.937585,0.180703,0.104713,0.080616,0.404156,0.398751,1.148210,-0.057680,0.385014,0.302645,0.052839,0.036431,-0.056392,0.301411,0.058566,0.842390,0.635097,0.172147,2.771687,1.001646,0.079848,3.733173,1.403099,0.265630,0.107731,0.221828,0.241699,0.253822,0.064418,0.310797,0.380861,0.026762
-0.039495,-0.089182,0.286462,0.486462,0.067446,0.320819,0.401537,0.812588,0.148563,0.124935,1.182763,0.202191,0.093479,0.272942,0.420858,0.429151,0.982785,-0.080235,0.362854,0.209538,0.016089,0.007302,-0.042180,0.278551,0.080284,0.864428,0.612344,0.175571,2.799694,0.975889,0.031170,3.789538,1.333707,0.250359,0.116902,0.196712,0.226600,0.250129,0.047086,0.322107,0.366835,0.025975
-0.073733,-0.057012,0.270248,0.495074,0.023923,0.300368,0.403746,0.804815,0.146330,0.213865,1.443249,0.213998,0.088792,0.484095,0.440849,0.449788,0.777655,-0.080934,0.326357,0.138561,-0.004897,-0.022722,-0.025862,0.251262,0.091351,0.879437,0.579745,0.169171,2.765118,0.943972,-0.018804,3.753376,1.269514,0.229775,0.114318,0.170773,0.206476,0.249930,0.026534,0.338997,0.340897,0.030585
-0.107045,-0.020902,0.247032,0.495654,-0.028018,0.272314,0.398052,0.789666,0.137213,0.314938,1.699522,0.214151,0.093843,0.686780,0.456944,0.462204,0.556668,-0.069062,0.277508,0.084992,-0.015365,-0.051194,-0.007883,0.216112,0.094363,0.889154,0.535313,0.157789,2.667567,0.910059,-0.056544,3.623906,1.219373,0.205012,0.096409,0.141634,0.182779,0.250604,0.001727,0.351933,0.306726,0.039080
-0.134738,0.016501,0.213261,0.490446,-0.096597,0.233047,0.384983,0.769680,0.124493,0.417878,1.936531,0.203649,0.110712,0.855697,0.460683,0.467297,0.344306,-0.053002,0.226042,0.046792,-0.020323,-0.073050,0.010673,0.171104,0.093149,0.894416,0.478994,0.147805,2.509136,0.876235,-0.071116,3.405382,1.184641,0.178547,0.061998,0.108045,0.158222,0.245969,-0.026550,0.347538,0.271569,0.048181
-0.152320,0.052354,0.168108,0.482997,-0.187082,0.182006,0.365857,0.753629,0.114039,0.510575,2.150223,0.187729,0.139146,0.974079,0.446094,0.466212,0.161913,-0.039211,0.180334,0.021818,-0.023795,-0.083704,0.028639,0.117088,0.087773,0.893771,0.413517,0.141903,2.290822,0.846949,-0.059820,3.098659,1.167287,0.152912,0.013071,0.070797,0.135428,0.228888,-0.055371,0.318112,0.239943,0.054278
-0.158647,0.084327,0.114639,0.477376,-0.300795,0.122935,0.342592,0.753306,0.113502,0.582229,2.345010,0.175236,0.175609,1.036888,0.412993,0.460419,0.023335,-0.031242,0.143773,0.006706,-0.028133,-0.082218,0.045606,0.058618,0.074057,0.883042,0.344114,0.137288,2.015975,0.827148,-0.029543,2.704922,1.167433,0.129256,-0.044564,0.033177,0.115578,0.194211,-0.079118,0.267959,0.209188,0.056593
-0.156394,0.110937,0.059543,0.476946,-0.436790,0.063403,0.317276,0.776265,0.129649,0.625312,2.525152,0.175820,0.214025,1.048444,0.367267,0.451294,-0.066100,-0.029474,0.116170,-0.002201,-0.033723,-0.071508,0.062004,0.003383,0.049351,0.856854,0.277163,0.129645,1.698471,0.814610,0.007186,2.239713,1.171077,0.106685,-0.101658,0.000539,0.097571,0.140466,-0.090985,0.211343,0.169612,0.059235
-0.149929,0.131228,0.010883,0.483654,-0.592764,0.012451,0.291818,0.822089,0.165710,0.635417,2.688231,0.197169,0.248046,1.017778,0.317991,0.439915,-0.107868,-0.031864,0.096121,-0.007895,-0.039368,-0.055962,0.078182,-0.040221,0.017710,0.811225,0.218327,0.117945,1.364373,0.796463,0.037490,1.739765,1.147210,0.082328,-0.147872,-0.021325,0.077863,0.070716,-0.086374,0.163346,0.109519,0.070496
-0.142990,0.144406,-0.025187,0.498729,-0.764065,-0.022543,0.268073,0.884833,0.221965,0.610344,2.823342,0.245355,0.273378,0.954922,0.273383,0.427133,-0.107877,-0.035271,0.082314,-0.012272,-0.043161,-0.039052,0.093685,-0.066378,-0.012164,0.744471,0.170644,0.104720,1.040526,0.756048,0.051369,1.250358,1.064935,0.052613,-0.175695,-0.028488,0.052025,-0.008097,-0.064695,0.130815,0.022295,0.099560
-0.137707,0.150007,-0.046629,0.524582,-0.942860,-0.037798,0.248507,0.957295,0.299986,0.550938,2.912742,0.327904,0.288769,0.868900,0.238056,0.413649,-0.074410,-0.036676,0.073773,-0.016024,-0.043353,-0.022451,0.107717,-0.073897,-0.033555,0.655880,0.133403,0.092721,0.739589,0.683778,0.043737,0.803462,0.915112,0.015607,-0.183817,-0.020350,0.017760,-0.087900,-0.028021,0.109915,-0.089416,0.152051
-0.134474,0.148275,-0.055212,0.566149,-1.118928,-0.032755,0.236484,1.032323,0.406448,0.464325,2.936978,0.454553,0.295395,0.767254,0.212699,0.399956,-0.016362,-0.033919,0.069688,-0.018708,-0.038869,-0.006122,0.120082,-0.065711,-0.045239,0.544754,0.102844,0.082769,0.456971,0.581553,0.017274,0.407017,0.713923,-0.027297,-0.177667,0.000856,-0.023207,-0.162530,0.020662,0.090647,-0.215369,0.226548
-0.132010,0.140160,-0.054659,0.629460,-1.281136,-0.008666,0.234925,1.100347,0.551636,0.367657,2.880995,0.630395,0.295516,0.656574,0.195228,0.386230,0.057925,-0.026099,0.069160,-0.019296,-0.029588,0.011389,0.131272,-0.046827,-0.049538,0.411437,0.074291,0.074609,0.181130,0.459107,-0.015949,0.050339,0.487973,-0.071768,-0.167018,0.031632,-0.066033,-0.228851,0.077135,0.063582,-0.342617,0.313613
-0.128049,0.126927,-0.049227,0.716847,-1.418393,0.031776,0.243207,1.145956,0.741958,0.288251,2.735227,0.843490,0.291378,0.543184,0.182098,0.372296,0.140611,-0.013806,0.070856,-0.017294,-0.016548,0.032128,0.141529,-0.022669,-0.049140,0.259003,0.044024,0.068373,-0.095365,0.328086,-0.038913,-0.284788,0.259186,-0.112632,-0.162416,0.068143,-0.105441,-0.285836,0.134846,0.023803,-0.458910,0.398095
-0.121070,0.109722,-0.043254,0.821012,-1.520215,0.083373,0.254298,1.147780,0.970371,0.255132,2.489075,1.058422,0.284673,0.433348,0.169428,0.357717,0.223518,0.000946,0.072833,-0.013663,-0.001932,0.057018,0.149962,0.001679,-0.045847,0.093676,0.009835,0.064606,-0.373084,0.197197,-0.040565,-0.614813,0.039835,-0.146190,-0.172024,0.106209,-0.138064,-0.333085,0.185535,-0.029480,-0.553794,0.464115
-0.111906,0.089535,-0.040750,0.921538,-1.577852,0.137164,0.254702,1.084311,1.209623,0.281596,2.124573,1.225991,0.276331,0.333292,0.154161,0.341955,0.297756,0.015181,0.072945,-0.010387,0.011347,0.084287,0.154809,0.021996,-0.040247,-0.075904,-0.029343,0.063792,-0.648852,0.068704,-0.024123,-0.948208,-0.166887,-0.171093,-0.199379,0.141301,-0.163013,-0.370244,0.221198,-0.094782,-0.620395,0.499632
-0.103351,0.067605,-0.044337,0.986503,-1.586914,0.180328,0.228007,0.942919,1.412447,0.350227,1.622009,1.303528,0.266466,0.249267,0.134980,0.324499,0.354793,0.025718,0.069862,-0.008759,0.020343,0.109722,0.154714,0.035614,-0.030739,-0.239574,-0.073696,0.067205,-0.918827,-0.061517,-0.001962,-1.284871,-0.365717,-0.187026,-0.242328,0.169160,-0.180456,-0.397636,0.235107,-0.168068,-0.658424,0.496993
-0.097798,0.045793,-0.053692,0.980443,-1.551343,0.198497,0.160978,0.724931,1.522505,0.416367,0.979627,1.270062,0.254420,0.187239,0.112818,0.304909,0.388335,0.030032,0.063889,-0.008159,0.022905,0.128854,0.149780,0.042237,-0.012848,-0.386757,-0.121955,0.078698,-1.180132,-0.197853,0.020248,-1.622497,-0.564217,-0.192628,-0.293331,0.187029,-0.189667,-0.417066,0.221633,-0.240592,-0.674729,0.450552
-0.095137,0.026565,-0.064497,0.878625,-1.485162,0.181402,0.050904,0.442813,1.496742,0.431036,0.232773,1.131360,0.238885,0.151744,0.091046,0.282847,0.395707,0.027056,0.056751,-0.006699,0.018395,0.139209,0.141515,0.044496,0.019041,-0.508417,-0.170344,0.104614,-1.431754,-0.336262,0.052198,-1.962531,-0.761274,-0.185266,-0.341178,0.194997,-0.188700,-0.431334,0.177556,-0.298880,-0.679051,0.357282
-0.093113,0.012701,-0.069119,0.683429,-1.407368,0.130414,-0.087717,0.112797,1.330922,0.366054,-0.547597,0.922559,0.218154,0.144385,0.075083,0.258112,0.378063,0.017529,0.050437,-0.002964,0.007935,0.140714,0.132044,0.047498,0.067801,-0.599534,-0.212553,0.150187,-1.673926,-0.461892,0.108386,-2.307044,-0.938659,-0.163313,-0.373776,0.196390,-0.176062,-0.442517,0.106148,-0.328798,-0.678594,0.222982
-0.089859,0.006835,-0.059555,0.431870,-1.331870,0.062499,-0.222238,-0.250601,1.070912,0.226458,-1.280054,0.705625,0.190653,0.162920,0.070876,0.230725,0.339815,0.003609,0.046048,0.002964,-0.006092,0.134298,0.123327,0.056814,0.130908,-0.660631,-0.241904,0.215116,-1.905600,-0.557557,0.190499,-2.650353,-1.069317,-0.128782,-0.381271,0.196319,-0.152695,-0.450974,0.020630,-0.320497,-0.676878,0.067975
-0.086131,0.010696,-0.031427,0.183798,-1.260750,0.004946,-0.311690,-0.635323,0.796104,0.048997,-1.902899,0.548026,0.155852,0.201479,0.082383,0.201092,0.287755,-0.012056,0.043456,0.009758,-0.021036,0.120443,0.116660,0.075624,0.202090,-0.696747,-0.254715,0.293025,-2.121379,-0.616406,0.284163,-2.975643,-1.139648,-0.088019,-0.358427,0.198838,-0.122729,-0.455880,-0.057818,-0.270845,-0.676673,-0.075548
-0.084838,0.024256,0.013285,-0.005379,-1.185848,-0.018087,-0.324022,-1.029281,0.581609,-0.110366,-2.389018,0.488022,0.115263,0.251849,0.109150,0.170230,0.229969,-0.027157,0.041772,0.015743,-0.034795,0.099441,0.112459,0.102724,0.275621,-0.714290,-0.252331,0.375257,-2.309797,-0.647170,0.371440,-3.257975,-1.163543,-0.050168,-0.305757,0.204683,-0.092782,-0.455992,-0.107538,-0.184542,-0.681341,-0.174164
-0.087989,0.045375,0.066513,-0.108801,-1.095970,0.001645,-0.248979,-1.417598,0.463912,-0.198181,-2.740877,0.515101,0.072853,0.305396,0.145473,0.139829,0.174359,-0.040045,0.040107,0.019650,-0.046059,0.073160,0.110328,0.132737,0.348016,-0.718519,-0.240348,0.454096,-2.454877,-0.667848,0.441437,-3.468919,-1.172607,-0.023911,-0.229669,0.211165,-0.069639,-0.450159,-0.114409,-0.075395,-0.691821,-0.205183
-0.093794,0.070236,0.117169,-0.133444,-0.984048,0.053125,-0.097910,-1.782314,0.430648,-0.186165,-2.975043,0.581970,0.034247,0.355162,0.181873,0.111902,0.126847,-0.049684,0.038116,0.020942,-0.054126,0.046169,0.109299,0.158257,0.415260,-0.713740,-0.226007,0.522136,-2.542001,-0.694477,0.489393,-3.583386,-1.193287,-0.013234,-0.141626,0.213848,-0.056451,-0.439050,-0.075478,0.034894,-0.702878,-0.164516
-0.096811,0.094313,0.155178,-0.107645,-0.850517,0.113310,0.106311,-2.105313,0.435972,-0.080189,-3.108370,0.633802,0.004826,0.397186,0.208365,0.088085,0.090136,-0.055522,0.036041,0.019774,-0.058668,0.024454,0.108093,0.172566,0.470333,-0.704514,-0.215701,0.571170,-2.565270,-0.733507,0.511874,-3.589693,-1.232337,-0.015117,-0.055513,0.208511,-0.050258,-0.426839,0.002749,0.122594,-0.702899,-0.067251
-0.091370,0.113488,0.174538,-0.063099,-0.701958,0.159342,0.339551,-2.372777,0.428879,0.090901,-3.152881,0.631886,-0.012364,0.430213,0.218022,0.068987,0.064063,-0.057408,0.034343,0.016760,-0.059620,0.012334,0.105430,0.171674,0.506107,-0.694509,-0.213350,0.595241,-2.530259,-0.780345,0.506852,-3.495724,-1.277813,-0.022141,0.016950,0.192486,-0.044300,-0.418320,0.107872,0.170297,-0.677652,0.059634
-0.075484,0.124987,0.174468,-0.022164,-0.546870,0.178464,0.581177,-2.578463,0.378072,0.295712,-3.119590,0.563186,-0.017805,0.454275,0.209180,0.053992,0.047238,-0.055661,0.033266,0.012720,-0.057290,0.010058,0.100364,0.155207,0.521216,-0.683424,-0.219454,0.595709,-2.449614,-0.822849,0.477484,-3.324131,-1.308614,-0.028025,0.070451,0.165285,-0.033622,-0.411546,0.222788,0.174039,-0.616262,0.186959
-0.051921,0.127813,0.158551,0.005259,-0.392315,0.170413,0.814531,-2.723785,0.279652,0.513026,-3.024879,0.437088,-0.015053,0.469733,0.185158,0.041647,0.038268,-0.051292,0.032690,0.008447,-0.052647,0.014098,0.092445,0.126057,0.521693,-0.666429,-0.231238,0.581513,-2.335623,-0.848403,0.434568,-3.099978,-1.305738,-0.030409,0.106531,0.128593,-0.018158,-0.394536,0.325565,0.145458,-0.516779,0.288935
-0.025762,0.122514,0.132496,0.016959,-0.243858,0.142085,1.026468,-2.814247,0.144616,0.730202,-2.890177,0.271790,-0.008797,0.477635,0.151843,0.030426,0.035570,-0.046025,0.032327,0.004452,-0.047345,0.019741,0.081622,0.089057,0.515718,-0.638247,-0.244282,0.562607,-2.195536,-0.851590,0.395414,-2.840727,-1.261875,-0.028991,0.129693,0.085721,-0.000664,-0.352735,0.393696,0.105995,-0.387546,0.345293
-0.001107,0.110553,0.101988,0.012011,-0.107576,0.100352,1.207348,-2.854442,-0.019937,0.933531,-2.733752,0.079092,-0.002743,0.480542,0.115101,0.019396,0.036680,-0.041714,0.031969,0.000831,-0.043133,0.023572,0.068102,0.049499,0.506551,-0.598095,-0.254617,0.542433,-2.032215,-0.836746,0.377509,-2.555674,-1.184409,-0.022953,0.143055,0.040865,0.016823,-0.280964,0.413068,0.075328,-0.242758,0.344469
0.020166,0.093706,0.071788,-0.011156,0.008941,0.049558,1.350914,-2.845067,-0.217369,1.101420,-2.563071,-0.139883,0.001231,0.482314,0.079734,0.008348,0.038568,-0.039453,0.031519,-0.002628,-0.040989,0.024005,0.052328,0.012191,0.490185,-0.550261,-0.259619,0.516270,-1.848252,-0.812362,0.387919,-2.253675,-1.088405,-0.011339,0.147500,-0.001600,0.033713,-0.187347,0.384188,0.062120,-0.095591,0.287819
0.037364,0.073618,0.045752,-0.051802,0.098245,-0.005970,1.453546,-2.783677,-0.451877,1.208436,-2.375942,-0.385995,0.002504,0.486456,0.049628,-0.002567,0.039125,-0.039144,0.030865,-0.006097,-0.040729,0.020327,0.034896,-0.019115,0.458980,-0.500302,-0.257671,0.475987,-1.649019,-0.782489,0.415843,-1.949884,-0.985302,0.005032,0.143940,-0.038025,0.049404,-0.086522,0.320423,0.063074,0.045479,0.190894
0.049573,0.051472,0.026872,-0.103555,0.156168,-0.059028,1.513101,-2.668154,-0.714105,1.238687,-2.169401,-0.649974,0.000682,0.494222,0.027875,-0.013342,0.038488,-0.039819,0.029823,-0.009395,-0.041384,0.011959,0.016255,-0.042166,0.407325,-0.451441,-0.247762,0.416234,-1.441500,-0.743472,0.436128,-1.661923,-0.877200,0.023460,0.135319,-0.066432,0.062850,0.009361,0.240768,0.068814,0.175237,0.078784
0.055343,0.027858,0.017232,-0.154392,0.183949,-0.099421,1.527720,-2.499931,-0.973699,1.197510,-1.947829,-0.905657,-0.005026,0.504057,0.016619,-0.024441,0.038979,-0.040276,0.028249,-0.011954,-0.041818,-0.001324,-0.003582,-0.056160,0.334957,-0.404230,-0.229451,0.337458,-1.230125,-0.688173,0.422024,-1.396731,-0.759901,0.041427,0.126408,-0.086704,0.073761,0.094768,0.162374,0.070783,0.288683,-0.023457
0.053455,0.002998,0.018087,-0.189977,0.187569,-0.116485,1.495495,-2.284818,-1.183604,1.110459,-1.721928,-1.111869,-0.015689,0.512979,0.016958,-0.036742,0.043462,-0.039499,0.026165,-0.013078,-0.041091,-0.018699,-0.024921,-0.061133,0.246894,-0.358315,-0.202836,0.245255,-1.014386,-0.612604,0.358962,-1.142718,-0.629936,0.058252,0.122103,-0.099731,0.083375,0.170078,0.096414,0.065107,0.380982,-0.099451
0.043905,-0.022752,0.029647,-0.198760,0.174395,-0.103104,1.415887,-2.031431,-1.296027,1.009098,-1.497778,-1.224367,-0.031880,0.518945,0.028731,-0.051061,0.053177,-0.036878,0.023780,-0.012354,-0.038610,-0.038000,-0.047910,-0.057484,0.151369,-0.313572,-0.168498,0.148008,-0.791299,-0.519249,0.252947,-0.878956,-0.489330,0.074512,0.125640,-0.106398,0.093511,0.238796,0.048312,0.053004,0.450777,-0.143221
0.028049,-0.048636,0.050358,-0.176953,0.149554,-0.059529,1.292375,-1.748864,-1.283970,0.913347,-1.266138,-1.214876,-0.052857,0.522307,0.050045,-0.067565,0.066713,-0.032413,0.021338,-0.009947,-0.034310,-0.056472,-0.072150,-0.046224,0.056958,-0.269624,-0.127575,0.054040,-0.560486,-0.415190,0.129358,-0.593797,-0.344015,0.090083,0.137572,-0.107396,0.104737,0.304537,0.020128,0.039132,0.502708,-0.154961
0.007594,-0.073825,0.076498,-0.130763,0.115127,0.005645,1.133967,-1.445088,-1.154958,0.822122,-1.005546,-1.086326,-0.076526,0.525164,0.077147,-0.085584,0.081143,-0.026742,0.018905,-0.006571,-0.028737,-0.072315,-0.096863,-0.029407,-0.030666,-0.224893,-0.081769,-0.031474,-0.327055,-0.307024,0.019635,-0.294071,-0.196829,0.103001,0.155814,-0.103749,0.115391,0.368829,0.011712,0.028960,0.545237,-0.137369
-0.016677,-0.098092,0.103045,-0.073995,0.072681,0.078800,0.953772,-1.126030,-0.946964,0.716380,-0.700145,-0.873477,-0.100366,0.529245,0.105324,-0.103994,0.094538,-0.020804,0.016305,-0.003093,-0.022784,-0.085769,-0.121513,-0.009889,-0.111084,-0.176664,-0.032939,-0.108755,-0.100082,-0.196212,-0.059142,0.002015,-0.041748,0.110391,0.176653,-0.097158,0.122429,0.430562,0.019723,0.026215,0.584819,-0.096091
-0.045043,-0.122112,0.125261,-0.022759,0.026200,0.146250,0.766072,-0.795459,-0.712450,0.570047,-0.355440,-0.630623,-0.122588,0.534098,0.130151,-0.121844,0.107827,-0.015367,0.013315,-0.000020,-0.017256,-0.098597,-0.146230,0.009477,-0.188327,-0.122214,0.017370,-0.182554,0.111461,-0.078478,-0.116255,0.277537,0.133409,0.110624,0.195981,-0.089744,0.123467,0.487001,0.036919,0.031783,0.622128,-0.041368
-0.077634,-0.146937,0.139556,0.008932,-0.017863,0.196866,0.584322,-0.456521,-0.504104,0.363030,0.004274,-0.415931,-0.142643,0.536811,0.147925,-0.138771,0.124582,-0.010899,0.009993,0.002781,-0.012703,-0.112394,-0.171524,0.026333,-0.266356,-0.060075,0.067771,-0.257555,0.302332,0.051466,-0.177614,0.522647,0.335946,0.104608,0.210049,-0.083583,0.118305,0.535430,0.054040,0.044575,0.654361,0.013384
-0.113277,-0.172985,0.143456,0.011336,-0.053115,0.222311,0.419628,-0.114605,-0.365019,0.091946,0.351241,-0.276514,-0.160978,0.533103,0.155479,-0.155014,0.149159,-0.007774,0.006829,0.005981,-0.009551,-0.127335,-0.197490,0.038661,-0.344176,0.009371,0.116332,-0.333376,0.472830,0.193129,-0.260825,0.733506,0.557994,0.094909,0.215848,-0.080449,0.108618,0.574288,0.063698,0.062438,0.680660,0.056502
-0.149786,-0.199363,0.135834,-0.019339,-0.075085,0.218164,0.278045,0.220223,-0.316823,-0.227738,0.662213,-0.233541,-0.178586,0.519026,0.150719,-0.171191,0.184680,-0.006349,0.004541,0.010432,-0.008126,-0.142478,-0.223319,0.044703,-0.415348,0.084097,0.160363,-0.403971,0.628658,0.337537,-0.358520,0.911829,0.777236,0.083492,0.211548,-0.081596,0.096171,0.603220,0.063346,0.081369,0.704060,0.082798
-0.185334,-0.224072,0.117979,-0.078513,-0.080598,0.187226,0.157395,0.532178,-0.345307,-0.569709,0.909918,-0.270714,-0.196694,0.492696,0.134185,-0.188023,0.231828,-0.006694,0.003709,0.016867,-0.008397,-0.156893,-0.247580,0.043533,-0.472829,0.161241,0.197407,-0.462440,0.778828,0.472237,-0.446271,1.066888,0.970135,0.070091,0.196906,-0.087234,0.081100,0.622256,0.055100,0.094333,0.727899,0.094491
-0.219111,-0.244789,0.094285,-0.151695,-0.066828,0.141667,0.047322,0.799824,-0.396137,-0.900995,1.051803,-0.335604,-0.216466,0.455646,0.110010,-0.206114,0.288191,-0.008342,0.004584,0.025849,-0.009762,-0.170037,-0.268924,0.035868,-0.514615,0.237860,0.226639,-0.506802,0.932280,0.590086,-0.506209,1.214840,1.127107,0.052648,0.173328,-0.096018,0.061781,0.630933,0.042543,0.092556,0.751471,0.097306
-0.250137,-0.259634,0.070922,-0.217111,-0.033204,0.099538,-0.064265,0.998148,-0.395323,-1.170542,1.038144,-0.361823,-0.238448,0.413283,0.084440,-0.225746,0.347597,-0.010551,0.007231,0.037946,-0.011386,-0.180773,-0.286508,0.024143,-0.544590,0.310803,0.249123,-0.541089,1.094949,0.693198,-0.542509,1.372940,1.256055,0.029694,0.143574,-0.105271,0.036562,0.628026,0.026689,0.069703,0.770021,0.093840
-0.275181,-0.267583,0.052768,-0.254293,0.014780,0.075408,-0.180679,1.105728,-0.292566,-1.304137,0.845963,-0.306690,-0.262052,0.373752,0.062381,-0.246799,0.400184,-0.012970,0.011942,0.054035,-0.012945,-0.186242,-0.299958,0.011703,-0.567767,0.375765,0.266693,-0.570874,1.268959,0.787931,-0.575682,1.554338,1.371518,0.002910,0.111373,-0.111978,0.006094,0.611968,0.003747,0.025915,0.778150,0.078404
-0.288410,-0.268473,0.041113,-0.255214,0.064948,0.071410,-0.291091,1.116906,-0.098599,-1.240338,0.514507,-0.179436,-0.285869,0.344725,0.044918,-0.268974,0.435184,-0.015948,0.019576,0.075626,-0.015003,-0.182528,-0.309118,0.001960,-0.584936,0.426916,0.280801,-0.598049,1.453579,0.876335,-0.624507,1.767928,1.480367,-0.022452,0.080983,-0.113730,-0.025881,0.581670,-0.033519,-0.031900,0.771792,0.037937
-0.284269,-0.262552,0.034273,-0.229853,0.103384,0.076514,-0.378006,1.050993,0.118495,-0.992285,0.144373,-0.033550,-0.309073,0.328853,0.030145,-0.292367,0.446765,-0.019924,0.031535,0.105303,-0.018426,-0.167451,-0.313719,-0.002049,-0.592083,0.458477,0.292375,-0.620036,1.646090,0.952888,-0.693351,2.019281,1.576780,-0.040249,0.056574,-0.108995,-0.054454,0.537448,-0.091427,-0.093972,0.747229,-0.040218
-0.261755,-0.249756,0.030073,-0.199966,0.120382,0.075361,-0.432173,0.948300,0.280106,-0.664613,-0.149952,0.073190,-0.332723,0.320784,0.016135,-0.317821,0.438969,-0.024386,0.049277,0.146973,-0.023295,-0.143295,-0.312995,0.001746,-0.584603,0.467868,0.302080,-0.633399,1.841504,1.008865,-0.773604,2.307869,1.648532,-0.047371,0.041372,-0.097224,-0.076748,0.481989,-0.171005,-0.152398,0.700626,-0.158849
-0.226269,-0.229315,0.027340,-0.184659,0.112182,0.059176,-0.460110,0.852232,0.347660,-0.387867,-0.299889,0.116017,-0.359295,0.309122,0.002712,-0.346442,0.424388,-0.027524,0.073541,0.204867,-0.028467,-0.116644,-0.305496,0.013353,-0.561671,0.458091,0.310016,-0.637417,2.031614,1.038637,-0.854139,2.622515,1.686255,-0.045684,0.036857,-0.079330,-0.093615,0.420901,-0.266644,-0.202843,0.630768,-0.306891
-0.187139,-0.200126,0.025314,-0.189806,0.080526,0.029616,-0.477624,0.789493,0.335857,-0.230783,-0.308998,0.108424,-0.390467,0.283175,-0.009374,-0.378458,0.416284,-0.026977,0.103617,0.280633,-0.032217,-0.094906,-0.289454,0.030012,-0.527161,0.437386,0.315246,-0.634442,2.204473,1.042132,-0.930643,2.940125,1.687979,-0.040729,0.042312,-0.057925,-0.108582,0.361850,-0.367917,-0.242795,0.542240,-0.462824
-0.152604,-0.161603,0.022549,-0.209352,0.034256,-0.006184,-0.497379,0.761766,0.286302,-0.177381,-0.231929,0.079798,-0.425107,0.239765,-0.020186,-0.412408,0.420184,-0.020903,0.136962,0.370502,-0.033234,-0.082090,-0.263623,0.047065,-0.487537,0.416397,0.316260,-0.627823,2.345514,1.023226,-1.007554,3.229970,1.658460,-0.038644,0.054862,-0.036387,-0.125309,0.311853,-0.462310,-0.269174,0.444505,-0.601391
-0.125900,-0.114060,0.016929,-0.234078,-0.009517,-0.042951,-0.521924,0.751137,0.233322,-0.173760,-0.131655,0.051907,-0.459236,0.184921,-0.031182,-0.445432,0.431253,-0.008433,0.169273,0.466004,-0.031022,-0.076967,-0.227832,0.060014,-0.449036,0.404754,0.312224,-0.619776,2.440628,0.987023,-1.092753,3.461191,1.605955,-0.043583,0.069715,-0.017062,-0.145458,0.273517,-0.536841,-0.278067,0.347364,-0.698974
-0.105121,-0.058228,0.006552,-0.258159,-0.030223,-0.080189,-0.545703,0.732723,0.189957,-0.180006,-0.049277,0.031877,-0.487890,0.129509,-0.044409,-0.474403,0.438804,0.010500,0.195013,0.558588,-0.025672,-0.074890,-0.182644,0.066163,-0.415726,0.408870,0.303547,-0.610247,2.479300,0.938217,-1.189162,3.607480,1.538002,-0.056928,0.080546,-0.000098,-0.168164,0.242427,-0.578765,-0.267298,0.257697,-0.736599
-0.086572,0.005344,-0.009646,-0.279794,-0.013650,-0.119947,-0.561644,0.687419,0.154713,-0.183619,0.000935,0.018193,-0.507373,0.082541,-0.061465,-0.497029,0.434111,0.035230,0.208589,0.644045,-0.017672,-0.071773,-0.128573,0.064779,-0.388508,0.431500,0.291107,-0.596349,2.455258,0.880916,-1.287960,3.646165,1.457923,-0.078338,0.081002,0.015972,-0.191406,0.208407,-0.577523,-0.240216,0.179299,-0.702670
-0.068356,0.075955,-0.031758,-0.298917,0.040677,-0.163281,-0.566265,0.609672,0.123221,-0.185238,0.021498,0.007955,-0.516493,0.046771,-0.082873,-0.512304,0.415675,0.064072,0.206442,0.722743,-0.008132,-0.066962,-0.066060,0.056419,-0.365015,0.472385,0.275308,-0.572414,2.365713,0.819833,-1.367220,3.558192,1.365785,-0.107529,0.068081,0.032470,-0.214499,0.161330,-0.529581,-0.207850,0.112324,-0.597368
-0.051229,0.151609,-0.058602,-0.315511,0.120091,-0.208493,-0.560553,0.507234,0.093935,-0.184756,0.020986,-0.000269,-0.516326,0.018578,-0.107650,-0.520299,0.388254,0.094239,0.189108,0.795994,0.001050,-0.062948,0.003633,0.042689,-0.341325,0.528844,0.256463,-0.532169,2.212456,0.761825,-1.398434,3.335822,1.264191,-0.144913,0.045089,0.049521,-0.239547,0.097631,-0.443257,-0.186794,0.051408,-0.436393
-0.036901,0.228518,-0.087289,-0.329396,0.205730,-0.251557,-0.547812,0.394417,0.067715,-0.178985,0.008656,-0.006737,-0.509016,-0.009018,-0.133049,-0.521641,0.357525,0.122626,0.161292,0.862646,0.007721,-0.062897,0.077956,0.026615,-0.315578,0.595663,0.236058,-0.473129,2.004092,0.715803,-1.358989,2.991173,1.162334,-0.190133,0.020374,0.066799,-0.269910,0.021889,-0.337825,-0.192627,-0.012921,-0.248895
-0.026233,0.302075,-0.113585,-0.340588,0.279984,-0.287758,-0.531460,0.284737,0.045740,-0.165716,-0.007003,-0.011329,-0.496663,-0.042806,-0.155097,-0.517158,0.326569,0.147107,0.129367,0.919657,0.010563,-0.068541,0.154023,0.012460,-0.290470,0.664816,0.216834,-0.399468,1.755342,0.689820,-1.242374,2.553628,1.072134,-0.239727,0.002275,0.084781,-0.306575,-0.057399,-0.235983,-0.232092,-0.088008,-0.068615
-0.018992,0.368458,-0.133544,-0.349292,0.330347,-0.313510,-0.514260,0.187629,0.028383,-0.146517,-0.018689,-0.014006,-0.480856,-0.087362,-0.170211,-0.507845,0.297516,0.167332,0.098203,0.965829,0.009916,-0.079834,0.230040,0.004136,-0.271391,0.726101,0.200755,-0.319960,1.482805,0.686089,-1.058298,2.058451,0.998480,-0.286327,-0.004766,0.104406,-0.345603,-0.133248,-0.155127,-0.298599,-0.174044,0.076570
-0.014807,0.425536,-0.145542,-0.355354,0.349980,-0.327559,-0.498387,0.108708,0.015423,-0.125619,-0.021633,-0.014879,-0.462487,-0.145343,-0.177029,-0.494754,0.274712,0.184603,0.069599,1.003977,0.007874,-0.095871,0.305717,0.003003,-0.261856,0.769184,0.186542,-0.243247,1.201735,0.696518,-0.825272,1.540826,0.931679,-0.320677,-0.000007,0.125157,-0.378938,-0.202677,-0.102373,-0.373767,-0.265395,0.171684
-0.013868,0.472769,-0.151326,-0.357749,0.337402,-0.331351,-0.485274,0.050514,0.006558,-0.107025,-0.015038,-0.014153,-0.441389,-0.218905,-0.177251,-0.478587,0.264266,0.201034,0.042795,1.038886,0.007629,-0.115754,0.381494,0.006731,-0.260980,0.786423,0.169166,-0.175101,0.926066,0.702750,-0.564766,1.037753,0.849237,-0.335795,0.015829,0.143840,-0.398335,-0.265993,-0.074144,-0.434829,-0.355855,0.217166
-0.016475,0.510681,-0.155581,-0.354622,0.296498,-0.328803,-0.475176,0.012419,0.001521,-0.092493,-0.001808,-0.012079,-0.416071,-0.310056,-0.175202,-0.459349,0.270383,0.218346,0.015841,1.073758,0.012194,-0.138613,0.457711,0.009952,-0.264649,0.775205,0.141709,-0.118307,0.667946,0.682777,-0.300071,0.584370,0.726798,-0.331169,0.041888,0.155511,-0.400165,-0.324371,-0.058873,-0.465337,-0.442044,0.228203
-0.022094,0.540413,-0.164351,-0.343961,0.235865,-0.325512,-0.467135,-0.009137,-0.000145,-0.081531,0.013793,-0.008946,-0.384167,-0.419072,-0.176442,-0.436532,0.292674,0.236764,-0.013252,1.108996,0.022966,-0.163217,0.534363,0.006278,-0.268010,0.738443,0.098062,-0.073148,0.434845,0.619855,-0.055213,0.202244,0.549698,-0.314138,0.077074,0.155790,-0.387757,-0.377294,-0.041140,-0.463399,-0.522874,0.231301
-0.029251,0.563188,-0.182715,-0.324591,0.166228,-0.326927,-0.459681,-0.019058,0.000786,-0.072669,0.028552,-0.005099,-0.343668,-0.542510,-0.185680,-0.409817,0.326468,0.254690,-0.045741,1.143531,0.038907,-0.188066,0.610992,-0.009023,-0.266879,0.682711,0.035200,-0.038123,0.228011,0.506888,0.149297,-0.105504,0.316268,-0.296660,0.119466,0.142990,-0.369175,-0.421451,-0.006073,-0.440866,-0.597381,0.256905
-0.036557,0.579653,-0.212374,-0.297137,0.096655,-0.335839,-0.451761,-0.021586,0.003321,-0.064668,0.041147,-0.000991,-0.294397,-0.672575,-0.204473,-0.379870,0.364623,0.269472,-0.081538,1.176405,0.056810,-0.212007,0.686161,-0.036523,-0.257859,0.615031,-0.045320,-0.011036,0.044598,0.345480,0.300846,-0.346487,0.034054,-0.289212,0.166027,0.119236,-0.352179,-0.451828,0.056086,-0.413059,-0.663978,0.327780
-0.043828,0.589588,-0.250449,-0.264476,0.032335,-0.350841,-0.443109,-0.019768,0.006324,-0.056952,0.051562,0.002704,-0.238889,-0.797845,-0.230055,-0.348664,0.398668,0.278815,-0.118946,1.207061,0.072384,-0.234656,0.756866,-0.071727,-0.238201,0.540049,-0.137238,0.010348,-0.119547,0.144322,0.394998,-0.530661,-0.282933,-0.296220,0.212984,0.090131,-0.340662,-0.463886,0.145955,-0.387660,-0.721494,0.447993
-0.052406,0.592284,-0.290541,-0.231265,-0.024491,-0.367067,-0.433775,-0.016627,0.008529,-0.049366,0.060177,0.005083,-0.182122,-0.904279,-0.256410,-0.319013,0.418832,0.281916,-0.155135,1.233957,0.081681,-0.256274,0.818537,-0.106891,-0.206280,0.458283,-0.231660,0.028419,-0.269463,-0.081216,0.432636,-0.670837,-0.613533,-0.316027,0.256648,0.062747,-0.334796,-0.454700,0.254391,-0.362503,-0.769026,0.600501
-0.064602,0.587190,-0.325333,-0.202719,-0.071795,-0.378573,-0.423407,-0.016395,0.008781,-0.041797,0.067185,0.005287,-0.130344,-0.976065,-0.276946,-0.293563,0.414220,0.279727,-0.187272,1.252203,0.082426,-0.277415,0.865645,-0.134516,-0.162543,0.365430,-0.320408,0.045662,-0.412138,-0.310663,0.419104,-0.787972,-0.931173,-0.344439,0.293463,0.043066,-0.333484,-0.422781,0.367309,-0.332733,-0.802164,0.756190
-0.082700,0.574214,-0.348781,-0.183389,-0.105898,-0.380524,-0.411143,-0.024174,0.006599,-0.034015,0.072412,0.003055,-0.089749,-0.997223,-0.286803,-0.273963,0.374662,0.274448,-0.213658,1.252482,0.074847,-0.298635,0.892645,-0.149966,-0.109980,0.253409,-0.398239,0.063716,-0.555766,-0.523049,0.367375,-0.910347,-1.212048,-0.378239,0.318842,0.034710,-0.336331,-0.368624,0.473192,-0.298611,-0.808950,0.887483
-0.107932,0.553820,-0.356843,-0.176421,-0.121789,-0.370092,-0.396139,-0.044306,0.002743,-0.025808,0.075414,-0.000774,-0.065368,-0.955227,-0.283617,-0.260662,0.294274,0.268843,-0.234258,1.223808,0.061712,-0.320204,0.895442,-0.151831,-0.053275,0.113767,-0.462716,0.082309,-0.705897,-0.702793,0.300294,-1.060797,-1.444186,-0.415710,0.327261,0.039053,-0.343518,-0.297122,0.567075,-0.266149,-0.773026,0.976585
-0.139710,0.527170,-0.347328,-0.183115,-0.115162,-0.346422,-0.378069,-0.078892,-0.000775,-0.017151,0.075740,-0.004270,-0.060131,-0.846118,-0.267148,-0.253159,0.174628,0.265482,-0.250450,1.159127,0.047265,-0.341734,0.873095,-0.140812,0.003075,-0.057459,-0.512678,0.099649,-0.861470,-0.842736,0.245295,-1.240475,-1.627559,-0.454368,0.316273,0.055133,-0.354153,-0.219237,0.647829,-0.241394,-0.685197,1.015336
-0.175501,0.496011,-0.319929,-0.202595,-0.084725,-0.310461,-0.357094,-0.127405,-0.001472,-0.008208,0.073217,-0.005147,-0.074345,-0.677833,-0.238892,-0.250366,0.024681,0.265276,-0.264440,1.059170,0.034893,-0.361946,0.828403,-0.118749,0.056330,-0.256122,-0.547042,0.114636,-1.015652,-0.941929,0.222114,-1.426922,-1.763968,-0.488892,0.291884,0.078711,-0.364954,-0.149304,0.712234,-0.224795,-0.554919,1.001556
-0.211716,0.462133,-0.276815,-0.231887,-0.033225,-0.265014,-0.333606,-0.187277,0.002436,0.000766,0.068096,-0.001841,-0.106027,-0.468739,-0.202190,-0.250882,-0.143048,0.264974,-0.279090,0.931397,0.024077,-0.379111,0.766626,-0.088678,0.105430,-0.469646,-0.564918,0.128852,-1.162134,-1.000866,0.233253,-1.592841,-1.847833,-0.511877,0.268396,0.101975,-0.370731,-0.099011,0.752302,-0.210460,-0.412057,0.937072
-0.245247,0.426954,-0.223162,-0.266674,0.033353,-0.214778,-0.308240,-0.254703,0.011215,0.009441,0.061037,0.005743,-0.151900,-0.241928,-0.162376,-0.253125,-0.317096,0.254772,-0.298435,0.785526,0.008312,-0.392022,0.693533,-0.055404,0.149572,-0.679712,-0.566699,0.145967,-1.301087,-1.019305,0.266158,-1.729775,-1.868866,-0.517182,0.260056,0.115655,-0.366570,-0.072814,0.758924,-0.190407,-0.295555,0.828082
-0.274370,0.391672,-0.166660,-0.302323,0.107267,-0.165809,-0.282145,-0.324913,0.023496,0.017359,0.053053,0.016156,-0.208105,-0.019124,-0.126100,-0.255117,-0.488929,0.217595,-0.328334,0.628799,-0.024429,-0.400426,0.614455,-0.025214,0.187035,-0.866022,-0.554714,0.168908,-1.439112,-0.998256,0.303767,-1.855694,-1.823120,-0.503631,0.271294,0.113095,-0.350585,-0.067024,0.729026,-0.160866,-0.232777,0.686624
-0.298252,0.357609,-0.115709,-0.334528,0.179915,-0.124236,-0.257042,-0.391929,0.036741,0.023978,0.045388,0.026898,-0.270169,0.182662,-0.099682,-0.254223,-0.651769,0.131220,-0.376346,0.462933,-0.088568,-0.404347,0.534479,-0.004093,0.215025,-1.009993,-0.532487,0.197039,-1.584061,-0.942915,0.331527,-2.001168,-1.718662,-0.476516,0.294856,0.093471,-0.325617,-0.071430,0.669793,-0.126238,-0.222075,0.531228
-0.315894,0.326120,-0.077051,-0.359634,0.242366,-0.094635,-0.234897,-0.448706,0.048030,0.028870,0.039147,0.035225,-0.333466,0.352162,-0.087394,-0.247808,-0.799630,-0.027696,-0.450731,0.283030,-0.197724,-0.403212,0.458567,0.004558,0.229875,-1.098593,-0.503187,0.225134,-1.740230,-0.863098,0.336095,-2.187822,-1.569599,-0.445380,0.319013,0.061538,-0.298378,-0.072558,0.595504,-0.096989,-0.233321,0.383509
-0.325749,0.298036,-0.054068,-0.374956,0.286225,-0.078837,-0.217547,-0.488097,0.054902,0.031908,0.034800,0.039004,-0.394999,0.483904,-0.090719,-0.235051,-0.928117,-0.279188,-0.558639,0.078991,-0.363715,-0.395923,0.390943,0.001141,0.228293,-1.127498,-0.468743,0.245505,-1.906991,-0.771352,0.304173,-2.417402,-1.387935,-0.419055,0.336333,0.024439,-0.275879,-0.058088,0.520028,-0.082445,-0.226918,0.260773
-0.326112,0.273131,-0.046418,-0.379102,0.304600,-0.075703,-0.206598,-0.504076,0.055976,0.033281,0.032095,0.037318,-0.454489,0.577094,-0.108472,-0.218086,-1.034181,-0.633899,-0.703032,-0.159291,-0.595219,-0.381665,0.334349,-0.010567,0.211287,-1.101220,-0.430117,0.253864,-2.079471,-0.680601,0.229623,-2.677175,-1.184262,-0.401375,0.346222,-0.011272,-0.261415,-0.020807,0.452451,-0.084703,-0.175322,0.170732
-0.315583,0.250012,-0.050516,-0.372118,0.292652,-0.081562,-0.203459,-0.492596,0.051158,0.033331,0.030588,0.030595,-0.511409,0.633237,-0.136513,-0.199675,-1.111577,-1.081856,-0.877643,-0.433350,-0.889906,-0.360393,0.289801,-0.024799,0.188928,-1.029685,-0.387851,0.255803,-2.249410,-0.602058,0.123720,-2.950461,-0.974604,-0.390715,0.350572,-0.039953,-0.253360,0.039960,0.398825,-0.098954,-0.072461,0.113750
-0.293201,0.226645,-0.060135,-0.355418,0.247760,-0.090771,-0.209166,-0.452199,0.041463,0.032355,0.030295,0.020336,-0.558933,0.654191,-0.166848,-0.177485,-1.144723,-1.580146,-1.061496,-0.728905,-1.221743,-0.332587,0.256925,-0.035217,0.179758,-0.924140,-0.341988,0.267005,-2.405948,-0.543646,0.016031,-3.218869,-0.782408,-0.382962,0.348704,-0.055661,-0.247573,0.120007,0.365443,-0.118462,0.070201,0.089209
-0.258436,0.201476,-0.067278,-0.331510,0.169546,-0.096462,-0.223970,-0.384612,0.028654,0.030474,0.031656,0.008636,-0.580798,0.641925,-0.187843,-0.139087,-1.108059,-2.053159,-1.215033,-1.016278,-1.537725,-0.298763,0.234684,-0.036030,0.201881,-0.794909,-0.291534,0.304172,-2.536983,-0.509416,-0.057730,-3.457689,-0.631937,-0.374580,0.337314,-0.052210,-0.240774,0.213756,0.358270,-0.138095,0.234178,0.097777
-0.211497,0.174402,-0.063866,-0.303587,0.060386,-0.092021,-0.246925,-0.295496,0.014843,0.027583,0.034671,-0.002309,-0.556048,0.599444,-0.187131,-0.063003,-0.975089,-2.414185,-1.279905,-1.259498,-1.775900,-0.259406,0.221877,-0.022945,0.261750,-0.650989,-0.234425,0.373267,-2.631603,-0.499409,-0.072365,-3.637066,-0.539137,-0.363640,0.314400,-0.025259,-0.232179,0.316987,0.379152,-0.154093,0.403744,0.137633
-0.153973,0.146540,-0.044371,-0.275114,-0.073018,-0.073568,-0.275680,-0.194916,0.002072,0.023331,0.038122,-0.010702,-0.469991,0.531847,-0.156634,0.072298,-0.733099,-2.599956,-1.189146,-1.428812,-1.896615,-0.215450,0.216695,0.005906,0.349384,-0.500318,-0.168597,0.464394,-2.682320,-0.509079,-0.023694,-3.732901,-0.506294,-0.349664,0.282159,0.025225,-0.223186,0.426522,0.423535,-0.163071,0.569910,0.201093
-0.089131,0.118756,-0.008403,-0.249335,-0.217867,-0.042614,-0.306636,-0.096570,-0.008161,0.017061,0.040040,-0.015694,-0.324544,0.447454,-0.097239,0.275554,-0.394250,-2.598567,-0.894869,-1.509924,-1.903739,-0.168597,0.215453,0.049129,0.441813,-0.350276,-0.093705,0.555117,-2.684543,-0.529005,0.071354,-3.736368,-0.521244,-0.333552,0.246637,0.093626,-0.216027,0.537445,0.482081,-0.162796,0.727930,0.276491
-0.021235,0.090285,0.038661,-0.228699,-0.355925,-0.006683,-0.335543,-0.015144,-0.015234,0.007848,0.039209,-0.017689,-0.140504,0.358576,-0.019752,0.534701,0.005157,-2.452618,-0.401711,-1.504749,-1.839058,-0.120941,0.211880,0.102034,0.511606,-0.207902,-0.012072,0.618838,-2.633844,-0.546096,0.183525,-3.652133,-0.559952,-0.316988,0.214768,0.169521,-0.212043,0.640987,0.544241,-0.153648,0.872640,0.352603
0.045699,0.058822,0.088270,-0.214464,-0.468320,0.023776,-0.358488,0.037408,-0.019234,-0.005219,0.036145,-0.017997,0.051488,0.279787,0.059817,0.820859,0.418735,-2.232509,0.224068,-1.421297,-1.753714,-0.074279,0.198295,0.158078,0.537305,-0.078609,0.072175,0.635224,-2.525217,-0.545632,0.283401,-3.488886,-0.591520,-0.300653,0.189549,0.241343,-0.210311,0.725620,0.601087,-0.138956,0.996996,0.420559
0.108474,0.022050,0.132846,-0.206773,-0.542034,0.040530,-0.372878,0.054725,-0.020407,-0.022552,0.032687,-0.017988,0.226381,0.222829,0.128076,1.102406,0.808693,-1.996117,0.882042,-1.258667,-1.676647,-0.030044,0.168320,0.210959,0.510831,0.036118,0.154867,0.597827,-2.356069,-0.513399,0.348559,-3.251450,-0.583898,-0.282692,0.166386,0.300740,-0.207697,0.780686,0.646288,-0.123582,1.094305,0.472481
0.164229,-0.020678,0.168075,-0.205023,-0.573528,0.040763,-0.377963,0.036810,-0.018775,-0.043718,0.030996,-0.018475,0.376050,0.191114,0.179381,1.358910,1.156243,-1.763206,1.478718,-1.000892,-1.600272,0.010103,0.119352,0.255737,0.436924,0.139513,0.232716,0.513551,-2.129629,-0.439074,0.361928,-2.939349,-0.510238,-0.259570,0.135057,0.344063,-0.200521,0.799610,0.675768,-0.111043,1.159969,0.500382
0.209802,-0.067790,0.192025,-0.207966,-0.567909,0.026390,-0.374762,-0.010832,-0.014241,-0.067510,0.033047,-0.019689,0.509573,0.178573,0.215019,1.585926,1.458026,-1.521080,1.953702,-0.628725,-1.491264,0.044049,0.053351,0.288897,0.327599,0.237634,0.303137,0.396492,-1.855515,-0.321484,0.309529,-2.552983,-0.359206,-0.228899,0.086499,0.370824,-0.186614,0.780559,0.687558,-0.100575,1.189841,0.498455
0.241877,-0.116231,0.202822,-0.213456,-0.535604,0.001081,-0.365537,-0.078813,-0.006988,-0.092435,0.040601,-0.021665,0.644055,0.174353,0.238368,1.789608,1.714494,-1.252090,2.285362,-0.141560,-1.317985,0.069934,-0.024153,0.308399,0.198761,0.336400,0.363968,0.263558,-1.547218,-0.172449,0.187824,-2.103708,-0.146545,-0.191604,0.017966,0.382145,-0.166226,0.725054,0.682658,-0.086795,1.177738,0.467808
0.257679,-0.162771,0.197247,-0.218382,-0.488713,-0.032343,-0.353002,-0.156086,0.002245,-0.117303,0.055057,-0.024610,0.793552,0.169849,0.250412,1.976927,1.920901,-0.956786,2.487348,0.430087,-1.074458,0.087086,-0.106214,0.313727,0.069200,0.439343,0.413409,0.132814,-1.217102,-0.013909,0.015717,-1.616663,0.085533,-0.151601,-0.067489,0.380338,-0.141316,0.636328,0.665695,-0.063380,1.116035,0.419209
0.255812,-0.205214,0.171279,-0.219099,-0.438337,-0.072752,-0.339522,-0.232371,0.012172,-0.141389,0.076921,-0.029023,0.962664,0.162795,0.248515,2.148345,2.066949,-0.654792,2.601529,1.032075,-0.784096,0.096422,-0.186920,0.305321,-0.043203,0.546216,0.449879,0.019929,-0.871579,0.132073,-0.166289,-1.119627,0.289031,-0.113635,-0.164757,0.368230,-0.114102,0.518812,0.643434,-0.028272,0.999763,0.370168
0.236997,-0.243112,0.122187,-0.212242,-0.393350,-0.119841,-0.326638,-0.299780,0.021244,-0.163914,0.105116,-0.035474,1.145599,0.156727,0.228362,2.295657,2.142940,-0.369478,2.681737,1.606884,-0.484003,0.100191,-0.263189,0.283740,-0.128087,0.652349,0.471981,-0.067433,-0.510929,0.253478,-0.316060,-0.627404,0.437207,-0.081057,-0.269205,0.347726,-0.086076,0.378640,0.621327,0.014091,0.830941,0.337069
0.204191,-0.277626,0.050754,-0.195763,-0.359845,-0.172613,-0.315071,-0.353457,0.028130,-0.183322,0.136578,-0.044156,1.327424,0.158439,0.186796,2.403430,2.145459,-0.116942,2.767272,2.110910,-0.207008,0.101133,-0.335054,0.249680,-0.186275,0.749603,0.479199,-0.132147,-0.134697,0.351156,-0.412406,-0.138757,0.535340,-0.054833,-0.376817,0.319103,-0.057944,0.223716,0.600590,0.055451,0.619922,0.326960
0.161771,-0.310315,-0.038001,-0.169847,-0.340582,-0.228573,-0.305061,-0.391683,0.032117,-0.197245,0.166621,-0.054607,1.486768,0.175518,0.123493,2.452791,2.077780,0.092318,2.861472,2.517577,0.025621,0.101400,-0.404068,0.204966,-0.227049,0.829326,0.473050,-0.184283,0.252339,0.433959,-0.459986,0.350113,0.609346,-0.033915,-0.483670,0.282217,-0.030143,0.062139,0.578120,0.088909,0.382554,0.334139
0.114425,-0.341458,-0.136198,-0.136957,-0.335175,-0.284215,-0.296797,-0.415481,0.033112,-0.203382,0.190306,-0.065933,1.601913,0.213319,0.041144,2.427551,1.945947,0.250497,2.931979,2.806348,0.204599,0.102127,-0.470668,0.153177,-0.262098,0.885726,0.457472,-0.235150,0.639512,0.512251,-0.477345,0.830749,0.687477,-0.016388,-0.586100,0.238589,-0.003238,-0.100434,0.549030,0.112523,0.134200,0.343594
0.066891,-0.369245,-0.235137,-0.100856,-0.341785,-0.336068,-0.290768,-0.427665,0.031357,-0.200643,0.204206,-0.077344,1.658482,0.271605,-0.054855,2.320582,1.756102,0.359224,2.930965,2.950165,0.335015,0.104136,-0.532499,0.099092,-0.300628,0.917336,0.437892,-0.293200,1.015179,0.593904,-0.484497,1.283642,0.789176,-0.000589,-0.681051,0.192303,0.022135,-0.261775,0.509966,0.128964,-0.114973,0.339394
0.024653,-0.390749,-0.326271,-0.065369,-0.359201,-0.381253,-0.287867,-0.431780,0.027275,-0.189678,0.207450,-0.088423,1.653181,0.343489,-0.156558,2.136453,1.515706,0.438877,2.818436,2.915652,0.438899,0.108991,-0.585243,0.047461,-0.346504,0.925794,0.419491,-0.362446,1.372076,0.681491,-0.498406,1.694709,0.919601,0.014289,-0.765839,0.148784,0.045561,-0.420645,0.461562,0.142019,-0.358716,0.313447
-0.005573,-0.404100,-0.401380,-0.033537,-0.387425,-0.417607,-0.289188,-0.431512,0.021678,-0.172454,0.201220,-0.098836,1.591067,0.418039,-0.254062,1.888759,1.235703,0.525106,2.576596,2.679574,0.548654,0.119230,-0.625273,0.001958,-0.396570,0.913314,0.405501,-0.441733,1.708376,0.769716,-0.530472,2.068832,1.065227,0.028007,-0.838026,0.112620,0.066897,-0.573538,0.409146,0.153132,-0.588871,0.269676
-0.016860,-0.410106,-0.453565,-0.007247,-0.426037,-0.444159,-0.295503,-0.430760,0.016131,-0.151181,0.186737,-0.107648,1.478346,0.484846,-0.337582,1.593594,0.930517,0.648162,2.213517,2.251718,0.688555,0.137367,-0.651784,-0.035402,-0.441783,0.880653,0.396319,-0.525187,2.023958,0.846817,-0.581910,2.424942,1.196878,0.039131,-0.896403,0.086145,0.085826,-0.715171,0.361180,0.160650,-0.792569,0.221103
-0.004493,-0.412080,-0.479166,0.012778,-0.471694,-0.461809,-0.306692,-0.434217,0.013352,-0.127167,0.162560,-0.112479,1.315767,0.537249,-0.400365,1.263146,0.616423,0.810052,1.758692,1.687578,0.856539,0.164293,-0.666680,-0.064387,-0.472965,0.826555,0.390044,-0.605471,2.315063,0.902415,-0.643135,2.777522,1.287086,0.044863,-0.942398,0.069552,0.101214,-0.843089,0.326050,0.161929,-0.956802,0.182435
0.031926,-0.414086,-0.478804,0.026729,-0.517417,-0.473122,-0.321431,-0.447780,0.017305,-0.100488,0.123285,-0.109148,1.101821,0.571010,-0.439811,0.907696,0.309176,0.984263,1.256697,1.076802,1.027284,0.198271,-0.672538,-0.086088,-0.487792,0.749780,0.384345,-0.678230,2.571538,0.935906,-0.701911,3.123932,1.331022,0.041901,-0.980455,0.062033,0.111271,-0.960693,0.309466,0.156355,-1.075138,0.164247
0.088468,-0.418847,-0.456501,0.035509,-0.555450,-0.480936,-0.337269,-0.477688,0.032074,-0.071190,0.061801,-0.093038,0.849594,0.578745,-0.455607,0.549826,0.020563,1.145488,0.764225,0.507075,1.181958,0.235516,-0.670219,-0.102147,-0.492559,0.654402,0.378558,-0.743504,2.778484,0.956440,-0.754194,3.447700,1.350343,0.029671,-1.017122,0.062907,0.115359,-1.073090,0.314111,0.146751,-1.148829,0.172075
0.158697,-0.426462,-0.418469,0.040979,-0.582388,-0.487212,-0.350898,-0.528294,0.059048,-0.041786,-0.025109,-0.062720,0.601076,0.546937,-0.448125,0.236255,-0.243045,1.298916,0.342930,0.023282,1.336337,0.272222,-0.657645,-0.114280,-0.497224,0.554865,0.374467,-0.803044,2.921718,0.974211,-0.807474,3.728945,1.374985,0.014057,-1.058996,0.071701,0.116199,-1.178487,0.340248,0.137564,-1.183089,0.207864
0.235443,-0.434544,-0.373105,0.046385,-0.602264,-0.493202,-0.358447,-0.600184,0.094505,-0.019354,-0.131350,-0.023450,0.414183,0.462657,-0.420420,0.024455,-0.475840,1.467630,0.034555,-0.389861,1.529373,0.306572,-0.630536,-0.124140,-0.508200,0.473033,0.374817,-0.857068,2.995247,0.991716,-0.873228,3.950247,1.418408,0.005637,-1.108569,0.087025,0.119026,-1.265295,0.385340,0.131190,-1.185419,0.270447
0.311184,-0.439722,-0.330676,0.055888,-0.624149,-0.499874,-0.355981,-0.690711,0.130927,-0.014996,-0.240464,0.013322,0.322842,0.326868,-0.381390,-0.055804,-0.664740,1.639576,-0.176643,-0.790493,1.774173,0.338927,-0.584706,-0.132672,-0.524034,0.425022,0.380442,-0.903673,3.006551,1.001740,-0.955763,4.098347,1.464716,0.010597,-1.159104,0.105705,0.126859,-1.320449,0.443242,0.126560,-1.167377,0.355192
0.377107,-0.439430,-0.300117,0.072129,-0.655734,-0.506583,-0.340631,-0.796632,0.162254,-0.039987,-0.329661,0.035181,0.306485,0.161823,-0.344059,-0.031839,-0.789976,1.731927,-0.377595,-1.241068,2.020301,0.369483,-0.518437,-0.138654,-0.536354,0.409395,0.388892,-0.940284,2.973419,0.991493,-1.049481,4.166480,1.475842,0.023792,-1.194309,0.124135,0.137353,-1.341014,0.504729,0.122406,-1.144695,0.453309
0.422133,-0.432480,-0.283171,0.092486,-0.698291,-0.507961,-0.312490,-0.915836,0.188948,-0.100756,-0.375970,0.034950,0.303051,0.004335,-0.317307,0.024736,-0.839305,1.626093,-0.681327,-1.771870,2.167165,0.394855,-0.433433,-0.137197,-0.535122,0.410068,0.396726,-0.964655,2.911671,0.948979,-1.148244,4.156185,1.414168,0.033876,-1.195855,0.141792,0.146440,-1.336274,0.559488,0.122193,-1.133153,0.550361
0.433995,-0.417838,-0.269635,0.106656,-0.747046,-0.491931,-0.276296,-1.046519,0.218629,-0.197068,-0.361446,0.013384,0.255433,-0.110681,-0.296721,0.044219,-0.825140,1.255630,-1.140773,-2.363537,2.115522,0.406837,-0.333790,-0.119415,-0.514018,0.410507,0.403713,-0.974317,2.823981,0.868868,-1.254331,4.074535,1.264806,0.035019,-1.151666,0.163989,0.155008,-1.318747,0.598540,0.134708,-1.144393,0.626222
0.403632,-0.392853,-0.238832,0.098664,-0.795812,-0.442953,-0.240208,-1.185952,0.260759,-0.326603,-0.278170,-0.023733,0.148680,-0.165802,-0.263333,-0.002519,-0.787355,0.669716,-1.693817,-2.955268,1.818440,0.395872,-0.223800,-0.074549,-0.472061,0.403978,0.414449,-0.965325,2.700078,0.756280,-1.371974,3.925161,1.041798,0.031362,-1.056809,0.200417,0.170341,-1.294155,0.616416,0.168003,-1.185118,0.660551
0.331338,-0.353307,-0.169390,0.053648,-0.841279,-0.351667,-0.208982,-1.332033,0.316019,-0.496015,-0.136476,-0.073329,0.011082,-0.168750,-0.193825,-0.099563,-0.776552,0.016911,-2.193460,-3.473801,1.310032,0.357883,-0.106324,0.004542,-0.411823,0.393300,0.435119,-0.931886,2.526416,0.626217,-1.489545,3.697841,0.775935,0.031095,-0.909508,0.258779,0.200650,-1.258134,0.612780,0.221485,-1.256098,0.643844
0.230276,-0.296528,-0.052779,-0.034106,-0.883305,-0.225737,-0.172537,-1.485157,0.363072,-0.731937,0.023634,-0.143872,-0.111754,-0.148629,-0.076476,-0.208229,-0.829782,-0.531483,-2.495846,-3.864350,0.702061,0.298970,0.016248,0.114349,-0.337805,0.386152,0.467799,-0.868295,2.296925,0.498106,-1.572463,3.370144,0.498050,0.038906,-0.710161,0.336700,0.248475,-1.199013,0.592336,0.283957,-1.346333,0.586753
0.123585,-0.225541,0.098478,-0.156655,-0.921748,-0.092627,-0.096465,-1.643767,0.349289,-1.079960,0.127141,-0.259699,-0.185403,-0.141136,0.078233,-0.293444,-0.954709,-0.857695,-2.531849,-4.101174,0.141290,0.233241,0.138674,0.237355,-0.256892,0.392042,0.507183,-0.772498,2.019311,0.389569,-1.579338,2.927512,0.233905,0.053884,-0.464408,0.417670,0.308474,-1.102933,0.561418,0.340374,-1.426072,0.517129
0.035616,-0.150038,0.254206,-0.293452,-0.952189,0.011011,0.074136,-1.790769,0.198295,-1.573307,0.080593,-0.454468,-0.202213,-0.171067,0.239904,-0.339347,-1.128656,-0.934131,-2.323839,-4.173893,-0.255224,0.175055,0.250753,0.346893,-0.179402,0.420149,0.542744,-0.648036,1.714250,0.315486,-1.485873,2.384930,0.013651,0.072381,-0.185672,0.475814,0.370182,-0.959368,0.522638,0.381435,-1.449113,0.462166
-0.017762,-0.082426,0.380623,-0.417202,-0.961775,0.058696,0.387868,-1.879634,-0.153590,-2.168332,-0.182116,-0.750154,-0.181031,-0.243700,0.372584,-0.351333,-1.310015,-0.816521,-1.959580,-4.070670,-0.445734,0.132021,0.339663,0.419054,-0.117620,0.474816,0.564875,-0.502328,1.407605,0.291259,-1.292252,1.787955,-0.119989,0.091577,0.105452,0.488667,0.422641,-0.765783,0.473113,0.407013,-1.369730,0.429542
-0.034327,-0.031950,0.457711,-0.502427,-0.927657,0.050749,0.845303,-1.835993,-0.701680,-2.686667,-0.646518,-1.128236,-0.154616,-0.348171,0.453340,-0.348280,-1.456812,-0.605046,-1.545433,-3.780444,-0.463690,0.103683,0.395405,0.444841,-0.080521,0.548864,0.570329,-0.343797,1.120999,0.331058,-1.012196,1.194889,-0.124074,0.110509,0.385169,0.450278,0.457430,-0.528724,0.410258,0.421038,-1.165365,0.407005
-0.023529,-0.001442,0.489587,-0.532714,-0.823904,0.017781,1.374633,-1.583585,-1.339170,-2.844954,-1.200000,-1.513574,-0.152643,-0.465944,0.483847,-0.351215,-1.544505,-0.394300,-1.160750,-3.311155,-0.381647,0.085462,0.414891,0.434760,-0.067536,0.619645,0.563031,-0.181528,0.867257,0.436816,-0.664385,0.660247,0.014410,0.128343,0.633629,0.375157,0.469270,-0.260100,0.340100,0.424823,-0.847500,0.380971
0.001082,0.011854,0.500847,-0.502443,-0.637064,0.008346,1.853005,-1.083147,-1.883944,-2.414635,-1.667373,-1.790478,-0.189128,-0.577144,0.487397,-0.373861,-1.573092,-0.238362,-0.836979,-2.701462,-0.268194,0.073904,0.401964,0.412578,-0.066749,0.653817,0.550254,-0.026808,0.651099,0.587584,-0.278474,0.228808,0.258103,0.142662,0.842326,0.289948,0.455946,0.028461,0.277825,0.416596,-0.451833,0.352309
0.029853,0.013570,0.521547,-0.413078,-0.378141,0.067791,2.161626,-0.357357,-2.154726,-1.420118,-1.868376,-1.846792,-0.259224,-0.663850,0.494010,-0.418037,-1.560122,-0.145056,-0.567594,-2.014478,-0.162344,0.069374,0.364621,0.402170,-0.059785,0.621443,0.537368,0.107595,0.470482,0.741496,0.097184,-0.068333,0.529406,0.150235,1.015505,0.219154,0.418797,0.328034,0.238065,0.396248,-0.017643,0.332045
0.059909,0.010185,0.570990,-0.268842,-0.079759,0.220083,2.234432,0.517026,-2.045495,-0.183944,-1.667393,-1.619773,-0.344968,-0.713865,0.524070,-0.474840,-1.526805,-0.092794,-0.332141,-1.322419,-0.073096,0.074604,0.312263,0.415706,-0.030167,0.511650,0.524328,0.211815,0.317250,0.850558,0.404724,-0.222710,0.742255,0.149219,1.162807,0.174836,0.362589,0.629812,0.224459,0.367393,0.426432,0.325418
0.091777,0.008149,0.649027,-0.075616,0.217931,0.460745,2.075359,1.443060,-1.559568,0.868135,-1.023020,-1.119438,-0.425885,-0.726681,0.579323,-0.530638,-1.487944,-0.052855,-0.115338,-0.692812,0.005685,0.090420,0.254118,0.449427,0.030053,0.338993,0.504986,0.283336,0.179928,0.877626,0.600585,-0.255928,0.831225,0.139732,1.288975,0.154891,0.293444,0.921089,0.228324,0.333208,0.862850,0.324773
0.124182,0.013172,0.737423,0.156837,0.481835,0.760481,1.747353,2.337171,-0.800240,1.480978,-0.030456,-0.424924,-0.488327,-0.717062,0.643755,-0.574176,-1.449653,-0.004898,0.084929,-0.178665,0.080533,0.112481,0.198110,0.487576,0.118046,0.136123,0.469243,0.327867,0.048512,0.807197,0.673938,-0.215485,0.767066,0.122571,1.389432,0.147621,0.216468,1.184250,0.235268,0.292046,1.275665,0.316665
0.152762,0.029214,0.809271,0.411500,0.695656,1.073906,1.345459,3.141800,0.066932,1.677357,1.095601,0.336275,-0.528180,-0.709479,0.692335,-0.600057,-1.411353,0.057893,0.259413,0.188705,0.152037,0.132724,0.149765,0.511142,0.222087,-0.061707,0.408116,0.357198,-0.083107,0.649998,0.646817,-0.158035,0.565098,0.098920,1.454116,0.138693,0.135839,1.399961,0.231975,0.239712,1.640509,0.290958
0.173809,0.057668,0.841572,0.662014,0.863451,1.349013,0.965206,3.819034,0.862281,1.649248,2.117814,1.016772,-0.547180,-0.724407,0.702974,-0.607545,-1.367922,0.130939,0.394339,0.403425,0.215749,0.144913,0.111732,0.506939,0.326069,-0.230160,0.320040,0.386523,-0.218803,0.443082,0.562615,-0.129952,0.288823,0.071944,1.474519,0.117984,0.056690,1.553100,0.210011,0.175760,1.925165,0.243028
0.188100,0.097088,0.824690,0.874756,1.005122,1.537844,0.676381,4.341544,1.437643,1.584682,2.883783,1.484632,-0.548213,-0.767077,0.665798,-0.597852,-1.312019,0.203116,0.477932,0.482471,0.265461,0.148887,0.084148,0.472716,0.414836,-0.360632,0.213815,0.431061,-0.362431,0.241138,0.473818,-0.157383,0.034959,0.047364,1.448027,0.083796,-0.014775,1.638535,0.168383,0.105235,2.103235,0.172972
0.199732,0.143116,0.764285,1.016917,1.145135,1.609700,0.508327,4.692221,1.712702,1.570020,3.360347,1.663440,-0.534138,-0.827220,0.585636,-0.573134,-1.237836,0.260840,0.503122,0.455323,0.295067,0.148985,0.064943,0.415961,0.478466,-0.456759,0.104680,0.500208,-0.516867,0.095056,0.429379,-0.248976,-0.109397,0.030878,1.378265,0.041863,-0.074182,1.663333,0.114006,0.033024,2.168992,0.086376
0.211268,0.188602,0.676658,1.067538,1.300837,1.562323,0.449158,4.869068,1.692255,1.592944,3.592944,1.558772,-0.509285,-0.887313,0.478345,-0.537043,-1.145287,0.291267,0.468011,0.351592,0.299186,0.148744,0.049876,0.348374,0.514321,-0.527499,0.006372,0.591583,-0.680434,0.027544,0.460825,-0.403366,-0.115242,0.024847,1.274258,-0.000095,-0.121617,1.643938,0.056924,-0.042781,2.139892,-0.006783
0.220869,0.224562,0.581764,1.024832,1.476519,1.422650,0.459338,4.885490,1.452451,1.601065,3.651004,1.249516,-0.480019,-0.931131,0.364488,-0.494818,-1.041358,0.286067,0.377041,0.195240,0.274883,0.147753,0.033266,0.280541,0.526501,-0.581241,-0.074088,0.690837,-0.844323,0.024935,0.574321,-0.612281,-0.025615,0.028025,1.149352,-0.037573,-0.160698,1.599459,0.002244,-0.130198,2.046262,-0.098463
0.223719,0.242512,0.497309,0.905736,1.664663,1.235523,0.493832,4.762883,1.101166,1.553464,3.597035,0.849809,-0.453051,-0.949001,0.263325,-0.452011,-0.937099,0.245601,0.242882,0.006352,0.224736,0.142893,0.010087,0.219373,0.523152,-0.623340,-0.136310,0.778615,-0.994002,0.051036,0.754212,-0.858890,0.076302,0.038085,1.017645,-0.070313,-0.195315,1.544369,-0.053569,-0.234417,1.918407,-0.188384
0.215262,0.237710,0.434912,0.738461,1.852070,1.047038,0.520260,4.521339,0.735204,1.432060,3.473187,0.468152,-0.433179,-0.940513,0.188213,-0.412861,-0.842398,0.180282,0.085597,-0.196132,0.158190,0.131315,-0.021457,0.167757,0.512820,-0.657405,-0.184057,0.838714,-1.114118,0.068878,0.972657,-1.116952,0.115075,0.053548,0.888516,-0.099833,-0.227686,1.484915,-0.118246,-0.349337,1.779716,-0.282082
0.193492,0.211544,0.398216,0.550134,2.026794,0.889265,0.523744,4.172597,0.410960,1.228383,3.295298,0.178023,-0.422084,-0.914628,0.143780,-0.379449,-0.762094,0.106911,-0.072749,-0.395337,0.088963,0.112368,-0.058572,0.125076,0.501032,-0.689027,-0.223352,0.861171,-1.194626,0.053894,1.196621,-1.354955,0.052160,0.073582,0.764364,-0.127104,-0.258819,1.421276,-0.196898,-0.459872,1.645721,-0.384290
0.159446,0.170993,0.383185,0.354526,2.181572,0.771477,0.499968,3.717103,0.133751,0.938084,3.054411,0.000557,-0.418613,-0.886701,0.125686,-0.351944,-0.694834,0.042196,-0.214617,-0.578033,0.030242,0.087697,-0.095110,0.088279,0.488056,-0.728923,-0.261092,0.840740,-1.235987,-0.004229,1.391289,-1.545103,-0.111125,0.097057,0.643770,-0.152414,-0.289600,1.352108,-0.290434,-0.554164,1.524689,-0.496795
0.115961,0.125006,0.381020,0.148491,2.312111,0.682740,0.445644,3.147144,-0.130654,0.568421,2.720844,-0.096525,-0.420216,-0.873174,0.123764,-0.329540,-0.634232,-0.002232,-0.329876,-0.733444,-0.008988,0.059825,-0.124920,0.053554,0.469271,-0.790749,-0.303074,0.775841,-1.249561,-0.104476,1.524391,-1.672055,-0.345436,0.121745,0.526082,-0.176206,-0.321188,1.275972,-0.398857,-0.632775,1.417601,-0.622080
0.065850,0.080827,0.382832,-0.077322,2.413605,0.605519,0.355436,2.457486,-0.423078,0.148846,2.243839,-0.178847,-0.424605,-0.885072,0.127546,-0.311430,-0.572267,-0.021726,-0.414766,-0.851652,-0.025359,0.030453,-0.144509,0.018100,0.439440,-0.881594,-0.351784,0.670876,-1.249399,-0.237919,1.573054,-1.734039,-0.610673,0.143469,0.413487,-0.198999,-0.354822,1.189564,-0.522889,-0.704736,1.319319,-0.764365
0.011496,0.043213,0.383435,-0.320169,2.480327,0.530772,0.227445,1.660396,-0.753470,-0.265632,1.558582,-0.310674,-0.430414,-0.922710,0.130767,-0.297228,-0.504572,-0.018563,-0.470236,-0.926060,-0.021195,0.000248,-0.152908,-0.018917,0.398676,-0.992431,-0.405605,0.539106,-1.240589,-0.391553,1.530187,-1.735910,-0.872941,0.156643,0.310206,-0.220453,-0.390887,1.088020,-0.660804,-0.775552,1.222461,-0.923592
-0.043738,0.015451,0.382002,-0.556206,2.509315,0.462761,0.070869,0.798173,-1.087000,-0.608748,0.624062,-0.521920,-0.436741,-0.975558,0.132003,-0.286818,-0.434490,-0.000475,-0.501100,-0.958306,-0.003510,-0.029592,-0.150233,-0.056448,0.354467,-1.100410,-0.460068,0.401175,-1.217165,-0.551449,1.407902,-1.684017,-1.112649,0.157854,0.220238,-0.239099,-0.427272,0.970052,-0.804473,-0.840900,1.122528,-1.089235
-0.094582,-0.000692,0.379976,-0.751353,2.504808,0.411541,-0.093065,-0.054175,-1.366655,-0.834147,-0.515007,-0.793875,-0.442601,-1.028504,0.132182,-0.279969,-0.371628,0.022540,-0.514789,-0.959592,0.018626,-0.056270,-0.137745,-0.092130,0.317144,-1.183394,-0.509995,0.278358,-1.173208,-0.703639,1.236676,-1.589995,-1.320371,0.149449,0.145694,-0.253333,-0.459114,0.843586,-0.939840,-0.891678,1.021628,-1.242406
-0.135464,-0.006207,0.378662,-0.883186,2.478968,0.382268,-0.239304,-0.804155,-1.553283,-0.940135,-1.701407,-1.072880,-0.447043,-1.069993,0.132162,-0.276052,-0.325095,0.042314,-0.518972,-0.945743,0.037700,-0.076627,-0.119067,-0.122971,0.293053,-1.232978,-0.551079,0.184889,-1.114085,-0.834317,1.057713,-1.476043,-1.488860,0.138095,0.087171,-0.262606,-0.481635,0.725011,-1.052261,-0.922903,0.928501,-1.365225
-0.163452,-0.004862,0.378304,-0.953457,2.447181,0.371320,-0.350145,-1.376094,-1.647863,-0.964166,-2.728012,-1.303609,-0.449675,-1.096232,0.132123,-0.274130,-0.297446,0.055200,-0.519286,-0.929880,0.050264,-0.089402,-0.099767,-0.146425,0.281724,-1.255134,-0.580870,0.124250,-1.054936,-0.932792,0.908091,-1.370013,-1.611969,0.129463,0.044761,-0.267677,-0.493678,0.630876,-1.132951,-0.937119,0.853842,-1.449453
-0.179531,-0.001138,0.378475,-0.981653,2.421145,0.370398,-0.421200,-1.745299,-1.680880,-0.953150,-3.453766,-1.458306,-0.450816,-1.109789,0.132020,-0.273298,-0.284530,0.061743,-0.518677,-0.918479,0.056757,-0.095869,-0.084650,-0.161646,0.278420,-1.261679,-0.599440,0.090940,-1.009565,-0.996073,0.806579,-1.292133,-1.689784,0.125095,0.017587,-0.269979,-0.498040,0.568784,-1.182181,-0.941127,0.803583,-1.498370
