pelvis_qw,pelvis_qx,pelvis_qy,pelvis_qz,left_hip_roll_link_qw,left_hip_roll_link_qx,left_hip_roll_link_qy,left_hip_roll_link_qz,left_knee_link_qw,left_knee_link_qx,left_knee_link_qy,left_knee_link_qz,left_ankle_roll_link_qw,left_ankle_roll_link_qx,left_ankle_roll_link_qy,left_ankle_roll_link_qz,right_hip_roll_link_qw,right_hip_roll_link_qx,right_hip_roll_link_qy,right_hip_roll_link_qz,right_knee_link_qw,right_knee_link_qx,right_knee_link_qy,right_knee_link_qz,right_ankle_roll_link_qw,right_ankle_roll_link_qx,right_ankle_roll_link_qy,right_ankle_roll_link_qz,torso_link_qw,torso_link_qx,torso_link_qy,torso_link_qz,left_shoulder_roll_link_qw,left_shoulder_roll_link_qx,left_shoulder_roll_link_qy,left_shoulder_roll_link_qz,left_elbow_link_qw,left_elbow_link_qx,left_elbow_link_qy,left_elbow_link_qz,left_wrist_yaw_link_qw,left_wrist_yaw_link_qx,left_wrist_yaw_link_qy,left_wrist_yaw_link_qz,right_shoulder_roll_link_qw,right_shoulder_roll_link_qx,right_shoulder_roll_link_qy,right_shoulder_roll_link_qz,right_elbow_link_qw,right_elbow_link_qx,right_elbow_link_qy,right_elbow_link_qz,right_wrist_yaw_link_qw,right_wrist_yaw_link_qx,right_wrist_yaw_link_qy,right_wrist_yaw_link_qz
0.999609,0.023981,-0.008658,-0.011491,0.991475,-0.024697,-0.126319,-0.020280,0.980547,-0.016100,0.193468,-0.028960,0.999672,-0.003845,0.000343,-0.025323,0.956808,-0.094400,-0.270390,-0.049970,0.987742,-0.086711,0.115822,-0.058578,0.997841,-0.044357,0.000462,-0.048424,0.999494,0.016794,0.018999,-0.019194,0.994429,0.082225,0.065301,-0.009232,0.804986,0.108911,0.582482,-0.029178,0.484124,0.575771,0.580943,-0.310833,0.993912,-0.083317,0.067735,-0.024699,0.898270,-0.070517,0.431220,-0.046769,0.721797,-0.456378,0.514545,0.077275
0.999595,0.025278,-0.010361,-0.007972,0.992190,-0.023593,-0.121353,-0.016612,0.980063,-0.014757,0.196102,-0.028320,0.999681,-0.003860,0.001423,-0.024937,0.957653,-0.089084,-0.269924,-0.045881,0.989541,-0.093520,0.102678,-0.038991,0.998358,-0.049236,-0.008290,-0.028087,0.999605,0.016586,0.017877,-0.013940,0.993862,0.078311,0.078133,-0.000426,0.798895,0.095577,0.593636,-0.015140,0.487800,0.558923,0.598445,-0.302522,0.994201,-0.086663,0.060897,-0.018575,0.899725,-0.076207,0.427757,-0.041369,0.720606,-0.463269,0.509669,0.079661
0.999572,0.026349,-0.011964,-0.004299,0.992875,-0.022340,-0.116356,-0.012689,0.979634,-0.013313,0.198444,-0.027578,0.999689,-0.003907,0.002656,-0.024483,0.958533,-0.083474,-0.269316,-0.041421,0.990579,-0.099247,0.092339,-0.019391,0.998526,-0.052209,-0.012287,-0.008307,0.999693,0.016173,0.016707,-0.008559,0.993163,0.074013,0.089888,0.008337,0.792924,0.082271,0.603739,-0.001400,0.490940,0.541484,0.615635,-0.294562,0.994396,-0.089823,0.054345,-0.012452,0.901140,-0.081818,0.424230,-0.035806,0.719946,-0.469426,0.504555,0.082111
0.999547,0.026966,-0.013369,-0.000320,0.993537,-0.020746,-0.111290,-0.008302,0.979322,-0.011581,0.200209,-0.026648,0.999697,-0.003939,0.004202,-0.023918,0.959510,-0.077265,-0.268438,-0.036231,0.990727,-0.103629,0.087870,-0.000095,0.998564,-0.052196,-0.006506,0.010134,0.999758,0.015365,0.015458,-0.002918,0.992479,0.069146,0.099588,0.016917,0.787693,0.069023,0.612079,0.011603,0.493782,0.523014,0.632305,-0.287795,0.994500,-0.092655,0.048430,-0.006272,0.902519,-0.087280,0.420656,-0.029831,0.720381,-0.474154,0.499030,0.084843
0.999507,0.027656,-0.014356,0.003756,0.994128,-0.018492,-0.106552,-0.003787,0.979058,-0.009318,0.201784,-0.025345,0.999707,-0.003948,0.006044,-0.023094,0.960190,-0.071576,-0.268207,-0.031245,0.990235,-0.106419,0.088713,0.015492,0.998636,-0.045873,0.001387,0.024897,0.999785,0.014655,0.014412,0.002775,0.991671,0.065348,0.108105,0.025135,0.782357,0.058565,0.619689,0.021751,0.492692,0.509372,0.645878,-0.283963,0.994527,-0.094464,0.044637,-0.000373,0.903746,-0.091401,0.417475,-0.024559,0.722334,-0.476653,0.493382,0.087227
0.999451,0.028383,-0.015135,0.007880,0.994660,-0.015926,-0.101969,0.000788,0.978805,-0.006815,0.203284,-0.023882,0.999714,-0.003979,0.008052,-0.022151,0.960705,-0.066148,-0.268284,-0.026357,0.989374,-0.108583,0.092182,0.029189,0.998566,-0.036556,0.010502,0.037663,0.999775,0.013995,0.013459,0.008493,0.990754,0.062039,0.116011,0.033165,0.776946,0.049455,0.626884,0.030424,0.489682,0.498101,0.657840,-0.281698,0.994507,-0.095762,0.041899,0.005389,0.904892,-0.094836,0.414478,-0.019625,0.725045,-0.478010,0.487660,0.089468
0.999376,0.029714,-0.015148,0.011648,0.995065,-0.012274,-0.098344,0.004912,0.978418,-0.003440,0.205458,-0.021773,0.999720,-0.004091,0.010628,-0.020722,0.960597,-0.062893,-0.269761,-0.022946,0.988521,-0.107152,0.101553,0.032115,0.998764,-0.023674,0.017146,0.040203,0.999726,0.013831,0.012965,0.013705,0.989919,0.059554,0.122075,0.040132,0.772281,0.042589,0.632787,0.036730,0.484757,0.490156,0.667504,-0.281418,0.994449,-0.095993,0.041836,0.010346,0.905707,-0.096839,0.412414,-0.015225,0.727933,-0.477868,0.483096,0.091508
0.999291,0.030966,-0.014873,0.015420,0.995442,-0.008517,-0.094551,0.009065,0.978091,-0.000036,0.207259,-0.019551,0.999718,-0.004308,0.013332,-0.019166,0.960549,-0.060147,-0.270822,-0.019591,0.987734,-0.105077,0.110548,0.033467,0.998800,-0.013615,0.022810,0.041154,0.999653,0.013645,0.012577,0.018693,0.989083,0.056929,0.127626,0.046746,0.768272,0.035626,0.637677,0.043088,0.481259,0.482621,0.676037,-0.280071,0.994380,-0.095907,0.042246,0.015025,0.906412,-0.098498,0.410611,-0.010725,0.730462,-0.477857,0.478870,0.093605
0.999203,0.032060,-0.014026,0.019198,0.995803,-0.004525,-0.090439,0.013272,0.977912,0.003472,0.208286,-0.017089,0.999706,-0.004690,0.016268,-0.017360,0.960646,-0.058426,-0.271070,-0.016348,0.987201,-0.101569,0.118812,0.031659,0.998843,-0.009099,0.026421,0.039131,0.999563,0.013418,0.012424,0.023239,0.988343,0.054113,0.132203,0.052650,0.765673,0.028567,0.640676,0.049622,0.480627,0.476096,0.682549,-0.276510,0.994318,-0.095188,0.043631,0.019149,0.906912,-0.099478,0.409363,-0.006033,0.732289,-0.478145,0.475345,0.095796
0.999106,0.032916,-0.012885,0.023176,0.996143,-0.000422,-0.085934,0.017727,0.977869,0.007032,0.208595,-0.014539,0.999680,-0.005148,0.019362,-0.015430,0.961123,-0.057115,-0.269848,-0.012710,0.986809,-0.097596,0.125749,0.029486,0.998900,-0.005602,0.028456,0.036849,0.999459,0.013121,0.012262,0.027557,0.987754,0.051494,0.135397,0.057955,0.763905,0.022116,0.642544,0.055658,0.481199,0.471291,0.687110,-0.272419,0.994270,-0.094007,0.045431,0.022952,0.907039,-0.099981,0.409001,-0.001223,0.733164,-0.477843,0.473558,0.099390
0.998995,0.033651,-0.011599,0.027252,0.996440,0.003721,-0.081215,0.022292,0.977876,0.010609,0.208570,-0.011991,0.999639,-0.005670,0.022556,-0.013450,0.961778,-0.056019,-0.267893,-0.008868,0.986461,-0.093410,0.132036,0.027128,0.998962,-0.002647,0.029722,0.034421,0.999340,0.012797,0.012093,0.031764,0.987230,0.048975,0.137890,0.062961,0.762529,0.015976,0.643830,0.061452,0.482345,0.467351,0.690707,-0.268049,0.994217,-0.092602,0.047443,0.026590,0.906969,-0.100238,0.409080,0.003639,0.733550,-0.477244,0.472645,0.103682
0.998882,0.034154,-0.010291,0.031011,0.996688,0.008074,-0.076432,0.026569,0.977906,0.014413,0.208327,-0.009591,0.999578,-0.006081,0.025919,-0.011591,0.962798,-0.054348,-0.264658,-0.004826,0.986171,-0.089391,0.137029,0.026453,0.998998,-0.000215,0.029263,0.033868,0.999233,0.012545,0.011714,0.035203,0.987159,0.047413,0.137328,0.066405,0.761994,0.012076,0.644196,0.065046,0.480062,0.465343,0.694473,-0.265902,0.994242,-0.090471,0.049314,0.029412,0.906552,-0.099467,0.410134,0.007749,0.732922,-0.474593,0.475087,0.108992
0.998766,0.034614,-0.008950,0.034465,0.996869,0.012456,-0.071880,0.030505,0.977862,0.018291,0.208316,-0.007393,0.999496,-0.006418,0.029468,-0.009882,0.963853,-0.052540,-0.261202,-0.000960,0.985898,-0.085303,0.141625,0.025891,0.999038,0.001961,0.028326,0.033429,0.999126,0.012392,0.011360,0.038276,0.987219,0.045755,0.136004,0.069347,0.762651,0.007871,0.643027,0.069407,0.480278,0.463372,0.697384,-0.261296,0.994295,-0.088188,0.050800,0.031942,0.906175,-0.098399,0.411138,0.011459,0.732312,-0.471559,0.477902,0.113846
0.998662,0.034991,-0.007541,0.037314,0.996981,0.016926,-0.067829,0.033789,0.977706,0.022343,0.208716,-0.005504,0.999387,-0.006552,0.033350,-0.008439,0.965008,-0.050439,-0.257312,0.002544,0.985718,-0.081038,0.145397,0.025547,0.999092,0.003680,0.026398,0.033246,0.999036,0.012424,0.011063,0.040617,0.987552,0.043897,0.133172,0.071275,0.765675,0.003069,0.638797,0.075311,0.485422,0.461463,0.698602,-0.251740,0.994420,-0.085589,0.051511,0.033905,0.905899,-0.096747,0.412044,0.014390,0.731782,-0.467774,0.481461,0.117805
0.998578,0.035244,-0.006248,0.039514,0.997003,0.021368,-0.064864,0.036356,0.977278,0.026568,0.210250,-0.004143,0.999254,-0.006360,0.037352,-0.007515,0.966167,-0.047991,-0.253351,0.005623,0.985574,-0.076552,0.148809,0.025280,0.999166,0.004919,0.023234,0.033229,0.998970,0.012590,0.010836,0.042224,0.988061,0.042310,0.129348,0.072216,0.769886,-0.001130,0.633016,0.081022,0.492480,0.461497,0.697648,-0.240359,0.994582,-0.083077,0.051559,0.035304,0.905487,-0.095144,0.413217,0.017112,0.730753,-0.464831,0.484961,0.121429
0.998502,0.035435,-0.005012,0.041391,0.996970,0.025797,-0.062437,0.038557,0.976698,0.030875,0.212365,-0.003045,0.999100,-0.006006,0.041428,-0.006828,0.967314,-0.045369,-0.249346,0.008479,0.985430,-0.071965,0.152060,0.025026,0.999241,0.005897,0.019467,0.033211,0.998916,0.012822,0.010646,0.043463,0.988645,0.040862,0.125029,0.072653,0.774634,-0.005028,0.626429,0.086629,0.500370,0.462430,0.695557,-0.228010,0.994759,-0.080608,0.051279,0.036422,0.905001,-0.093572,0.414521,0.019737,0.729459,-0.462316,0.488422,0.124887
0.998486,0.035236,-0.004473,0.042007,0.996883,0.030181,-0.061265,0.039493,0.975750,0.035325,0.216004,-0.002443,0.998986,-0.005172,0.044217,-0.006774,0.968194,-0.041947,-0.246439,0.010426,0.985188,-0.067222,0.155728,0.025184,0.999297,0.006505,0.015375,0.033566,0.998932,0.013034,0.010345,0.043103,0.989475,0.039711,0.119544,0.071209,0.781453,-0.007716,0.617209,0.091241,0.510465,0.465831,0.690572,-0.213396,0.995012,-0.078325,0.050124,0.036116,0.904188,-0.092012,0.416539,0.021727,0.727450,-0.461427,0.491502,0.127782
0.998491,0.034869,-0.004112,0.042224,0.996747,0.034580,-0.060806,0.040019,0.974571,0.039856,0.220498,-0.001912,0.998862,-0.004329,0.047009,-0.006824,0.968847,-0.038167,-0.244406,0.012035,0.984822,-0.062447,0.159918,0.025521,0.999327,0.007088,0.011982,0.033929,0.998969,0.013195,0.010102,0.042253,0.990325,0.038636,0.113912,0.069189,0.788659,-0.009889,0.607343,0.095152,0.521028,0.469510,0.684424,-0.199132,0.995279,-0.076129,0.048701,0.035399,0.903285,-0.090437,0.418752,0.023334,0.725237,-0.460728,0.494742,0.130351
0.998540,0.034167,-0.004110,0.041643,0.996534,0.039007,-0.061791,0.039751,0.972950,0.044552,0.226672,-0.001488,0.998729,-0.003464,0.049775,-0.007080,0.969068,-0.033674,-0.244140,0.013004,0.984241,-0.057603,0.165108,0.026287,0.999326,0.007650,0.009953,0.034502,0.999045,0.013254,0.009971,0.040425,0.991240,0.037709,0.107984,0.066041,0.796760,-0.011037,0.596248,0.097677,0.532807,0.473932,0.676040,-0.185673,0.995579,-0.074110,0.046738,0.033861,0.902210,-0.088816,0.421361,0.024167,0.722646,-0.460390,0.498326,0.132271
0.998614,0.033761,-0.004402,0.040127,0.996305,0.043700,-0.063099,0.038547,0.970793,0.049615,0.234731,-0.001223,0.998461,-0.002615,0.054891,-0.007413,0.968876,-0.028597,-0.245552,0.012911,0.983393,-0.052607,0.171578,0.027040,0.999311,0.008433,0.009653,0.034830,0.999149,0.013796,0.009797,0.037624,0.992191,0.037613,0.101599,0.061811,0.805459,-0.010312,0.584342,0.098359,0.544674,0.480140,0.665184,-0.174144,0.995912,-0.072259,0.044090,0.031535,0.901204,-0.087099,0.423863,0.024179,0.720552,-0.460317,0.501120,0.133389
0.998699,0.033504,-0.004841,0.038143,0.996049,0.048521,-0.064583,0.036885,0.968299,0.054856,0.243693,-0.000957,0.998097,-0.001763,0.061159,-0.007685,0.968450,-0.023239,-0.247817,0.012313,0.982365,-0.047571,0.178660,0.027873,0.999288,0.009308,0.010200,0.035104,0.999258,0.014581,0.009597,0.034335,0.993121,0.037906,0.094983,0.057022,0.814358,-0.008700,0.571953,0.098059,0.556500,0.487103,0.652903,-0.163577,0.996248,-0.070503,0.041090,0.028811,0.900232,-0.085346,0.426301,0.023784,0.718706,-0.460387,0.503508,0.134110
0.998799,0.033697,-0.005251,0.035168,0.995783,0.053380,-0.066310,0.034196,0.966206,0.060067,0.250673,-0.000645,0.997709,-0.001280,0.067194,-0.007767,0.967909,-0.017747,-0.250450,0.010617,0.981361,-0.042414,0.185270,0.028398,0.999281,0.010167,0.010409,0.035003,0.999378,0.015865,0.009442,0.030057,0.994116,0.039656,0.087065,0.050805,0.823490,-0.003968,0.559448,0.094160,0.567006,0.497346,0.637320,-0.158034,0.996608,-0.068826,0.037343,0.025300,0.899261,-0.083273,0.428836,0.022222,0.716767,-0.460345,0.506503,0.133347
0.998895,0.033691,-0.005518,0.032289,0.995472,0.058221,-0.068151,0.031638,0.964149,0.065246,0.257216,-0.000208,0.997238,-0.000811,0.073879,-0.007560,0.967526,-0.012445,-0.252299,0.009179,0.980479,-0.037267,0.190867,0.029005,0.999278,0.010958,0.010147,0.034923,0.999476,0.016981,0.009383,0.025912,0.995055,0.041681,0.078454,0.044411,0.832626,0.001156,0.546514,0.089749,0.577348,0.508069,0.620668,-0.152663,0.996934,-0.067085,0.033808,0.021882,0.898312,-0.080972,0.431353,0.020328,0.714875,-0.459955,0.509902,0.131889
0.998992,0.033286,-0.005500,0.029600,0.995108,0.063032,-0.070189,0.029330,0.962239,0.070375,0.262952,0.000373,0.996616,-0.000381,0.081905,-0.006891,0.967520,-0.007488,-0.252549,0.008202,0.979931,-0.032059,0.194504,0.029603,0.999287,0.011666,0.008988,0.034766,0.999554,0.017757,0.009521,0.022034,0.995956,0.044311,0.068451,0.037718,0.841953,0.007162,0.532851,0.084455,0.587531,0.519977,0.602207,-0.147576,0.997226,-0.065182,0.030711,0.018668,0.897411,-0.078182,0.433849,0.017782,0.713081,-0.458841,0.514127,0.129054
0.999077,0.032557,-0.005366,0.027502,0.994709,0.067312,-0.072516,0.027636,0.960609,0.075050,0.267576,0.000814,0.995751,0.000544,0.091894,-0.005879,0.968037,-0.003155,-0.250660,0.007955,0.979854,-0.027152,0.195517,0.030359,0.999293,0.012318,0.007472,0.034724,0.999609,0.018368,0.009715,0.018734,0.996689,0.048008,0.057689,0.031284,0.850840,0.014544,0.519359,0.078270,0.595901,0.533441,0.582794,-0.143855,0.997462,-0.062972,0.029274,0.015715,0.896579,-0.074516,0.436336,0.014301,0.712723,-0.457530,0.516931,0.124396
0.999155,0.031667,-0.005175,0.025699,0.994284,0.071321,-0.074991,0.026266,0.959110,0.079488,0.271639,0.001224,0.994686,0.001727,0.102840,-0.004576,0.968804,0.000880,-0.247698,0.008039,0.980009,-0.022366,0.195227,0.031124,0.999298,0.012959,0.005784,0.034664,0.999649,0.018895,0.009930,0.015723,0.997239,0.052204,0.046511,0.025025,0.859348,0.022583,0.505844,0.071645,0.603133,0.547490,0.562731,-0.140777,0.997667,-0.060604,0.028655,0.012893,0.895760,-0.070395,0.438807,0.010368,0.713049,-0.456118,0.519032,0.118839
0.999194,0.031374,-0.004688,0.024584,0.993844,0.074165,-0.078279,0.025422,0.958021,0.083081,0.274395,0.000902,0.992914,0.004992,0.118686,-0.003144,0.970199,0.004151,-0.242130,0.008412,0.980766,-0.018095,0.191715,0.031882,0.999297,0.013684,0.004437,0.034618,0.999657,0.019999,0.010526,0.013260,0.997645,0.056383,0.034137,0.018978,0.867333,0.031975,0.492829,0.061886,0.604812,0.564580,0.543477,-0.141721,0.997870,-0.057076,0.029845,0.010368,0.895012,-0.065277,0.441177,0.007399,0.715527,-0.452658,0.519651,0.114383
0.999224,0.031183,-0.004069,0.023712,0.993352,0.076645,-0.082236,0.024800,0.956962,0.086399,0.277054,0.000560,0.990697,0.008944,0.135787,-0.001481,0.971694,0.007247,-0.235963,0.008899,0.981646,-0.013907,0.187405,0.032525,0.999296,0.014416,0.003387,0.034470,0.999653,0.021146,0.011282,0.010914,0.997836,0.060497,0.022159,0.013149,0.875101,0.041017,0.479284,0.052936,0.607298,0.580002,0.524032,-0.142050,0.998032,-0.053548,0.031669,0.007877,0.894353,-0.060151,0.443277,0.004535,0.718097,-0.448268,0.520798,0.110279
0.999236,0.031195,-0.003182,0.023327,0.992767,0.078409,-0.087524,0.024592,0.955985,0.089189,0.279531,0.000114,0.987741,0.014236,0.155450,0.000404,0.973421,0.009963,-0.228600,0.009668,0.982786,-0.009933,0.181498,0.033047,0.999295,0.015138,0.002930,0.034244,0.999634,0.022376,0.012367,0.008804,0.997823,0.064562,0.011018,0.007717,0.882827,0.049308,0.464876,0.045558,0.611949,0.592417,0.504505,-0.141546,0.998128,-0.050018,0.034782,0.005457,0.893907,-0.055030,0.444857,0.001849,0.720892,-0.442021,0.522975,0.106907
0.999224,0.031643,-0.002013,0.023361,0.992053,0.079258,-0.094555,0.024656,0.954911,0.091482,0.282446,-0.000771,0.984135,0.019763,0.176306,0.001946,0.975088,0.012315,-0.221229,0.010490,0.983989,-0.006319,0.174964,0.033376,0.999294,0.015914,0.002898,0.033923,0.999595,0.023936,0.013760,0.006920,0.997701,0.067691,0.001525,0.002883,0.890726,0.055912,0.449356,0.039499,0.619602,0.601852,0.484555,-0.138107,0.998133,-0.046797,0.039119,0.003131,0.893456,-0.050303,0.446325,-0.000641,0.724418,-0.434524,0.524777,0.104960
0.999199,0.032310,-0.000703,0.023605,0.991233,0.079651,-0.102454,0.024833,0.953773,0.093590,0.285576,-0.001858,0.979925,0.025487,0.197705,0.003267,0.976694,0.014483,-0.213848,0.011341,0.985192,-0.002899,0.168115,0.033557,0.999293,0.016698,0.003084,0.033534,0.999540,0.025658,0.015308,0.005149,0.997497,0.070326,-0.007135,-0.001678,0.898543,0.061606,0.433208,0.034007,0.628603,0.609616,0.464171,-0.133313,0.998071,-0.043728,0.044067,0.000853,0.892988,-0.045792,0.447735,-0.003058,0.728273,-0.426399,0.526361,0.103663
0.999149,0.033176,0.001575,0.024438,0.990116,0.080420,-0.112026,0.025541,0.952678,0.094369,0.288960,0.000970,0.975727,0.029780,0.216801,0.008247,0.978034,0.016054,-0.207455,0.012414,0.986341,-0.000108,0.161275,0.033493,0.999294,0.017531,0.003383,0.033048,0.999456,0.027536,0.017766,0.003734,0.997268,0.072481,-0.013147,-0.005495,0.905737,0.066677,0.417592,0.028495,0.638559,0.614901,0.444366,-0.129143,0.997828,-0.042410,0.050386,-0.001000,0.891726,-0.044133,0.450408,-0.003051,0.729971,-0.422115,0.526809,0.106934
0.999091,0.034121,0.004034,0.025219,0.988807,0.081912,-0.121918,0.026225,0.951533,0.094656,0.292554,0.006042,0.971365,0.033293,0.234750,0.015306,0.979247,0.017536,-0.201470,0.013352,0.987396,0.002525,0.154706,0.033288,0.999297,0.018373,0.003549,0.032483,0.999352,0.029567,0.020385,0.002301,0.996988,0.074761,-0.018475,-0.009230,0.912485,0.071924,0.402102,0.022614,0.647596,0.620639,0.424147,-0.124603,0.997530,-0.041373,0.056700,-0.002775,0.890336,-0.042890,0.453272,-0.002724,0.731026,-0.418531,0.527436,0.110654
0.999021,0.035220,0.006852,0.025892,0.987185,0.084830,-0.132458,0.026920,0.950280,0.093767,0.296536,0.015549,0.967127,0.035075,0.250460,0.026561,0.980259,0.018842,-0.196317,0.014025,0.988326,0.004875,0.148675,0.032906,0.999302,0.019272,0.003435,0.031814,0.999218,0.031912,0.023328,0.000837,0.996670,0.077347,-0.022443,-0.012774,0.918664,0.077632,0.387000,0.016116,0.655169,0.627512,0.403479,-0.119110,0.997165,-0.040895,0.063005,-0.004402,0.888696,-0.042473,0.456521,-0.001746,0.730813,-0.416360,0.528446,0.115331
0.998958,0.036004,0.009681,0.026309,0.985353,0.089172,-0.142695,0.027660,0.948833,0.092070,0.300745,0.028120,0.963551,0.034689,0.262148,0.040545,0.981087,0.020094,-0.191972,0.014519,0.989108,0.007003,0.143379,0.032530,0.999305,0.020158,0.003177,0.031196,0.999069,0.034196,0.026304,-0.000589,0.996359,0.079827,-0.025290,-0.016008,0.924119,0.083481,0.372774,0.008644,0.660885,0.634756,0.383708,-0.114382,0.996774,-0.040727,0.068908,-0.005857,0.886909,-0.042382,0.459995,-0.000763,0.729405,-0.415897,0.530002,0.118728
0.998897,0.036629,0.012515,0.026597,0.983349,0.094209,-0.152770,0.028479,0.947214,0.089545,0.304945,0.042130,0.960206,0.032736,0.271695,0.055814,0.981818,0.021319,-0.188031,0.014919,0.989806,0.009019,0.138452,0.032139,0.999306,0.021036,0.002848,0.030594,0.998904,0.036447,0.029292,-0.002000,0.996048,0.082239,-0.027577,-0.019101,0.929074,0.089290,0.358955,0.000595,0.665627,0.641957,0.364287,-0.110121,0.996355,-0.040714,0.074611,-0.007213,0.885038,-0.042446,0.463579,0.000238,0.727402,-0.416281,0.531820,0.121508
0.998850,0.037200,0.014804,0.026386,0.981288,0.102184,-0.160526,0.029381,0.945123,0.086013,0.309179,0.061257,0.958450,0.033916,0.273428,0.073896,0.982331,0.022570,-0.185194,0.014822,0.990302,0.010766,0.134794,0.031887,0.999298,0.022081,0.002591,0.030162,0.998712,0.039241,0.031987,-0.003399,0.995738,0.085032,-0.028340,-0.021727,0.932911,0.095850,0.347005,-0.008769,0.667952,0.649931,0.345974,-0.108313,0.996015,-0.040387,0.079077,-0.008343,0.883025,-0.042169,0.467427,0.001066,0.724504,-0.418316,0.534062,0.121997
0.998815,0.037508,0.016947,0.025971,0.979211,0.110084,-0.167664,0.030270,0.942989,0.081226,0.312519,0.080658,0.957530,0.035238,0.271164,0.091459,0.982660,0.023802,-0.183302,0.014570,0.990666,0.012355,0.132000,0.031686,0.999284,0.023221,0.002176,0.029795,0.998503,0.041993,0.034712,-0.004775,0.995427,0.087827,-0.028712,-0.024245,0.936219,0.102280,0.335695,-0.018473,0.669799,0.657598,0.327808,-0.107125,0.995695,-0.040053,0.083065,-0.009340,0.880876,-0.041857,0.471490,0.001753,0.721211,-0.420781,0.536587,0.121949
0.998811,0.037292,0.018797,0.025147,0.977247,0.117876,-0.173582,0.031032,0.940949,0.074824,0.314415,0.100793,0.958444,0.037986,0.261155,0.108351,0.982639,0.024994,-0.183304,0.014013,0.990793,0.013630,0.130935,0.031630,0.999260,0.024554,0.001439,0.029584,0.998279,0.044669,0.037504,-0.006096,0.995127,0.090654,-0.028303,-0.026518,0.938761,0.108672,0.325724,-0.028658,0.670828,0.665094,0.310151,-0.106984,0.995444,-0.039704,0.086094,-0.010107,0.878472,-0.041487,0.475985,0.002124,0.717120,-0.424116,0.539700,0.120786
0.998836,0.036896,0.020212,0.023582,0.975622,0.124836,-0.177801,0.031067,0.939616,0.067523,0.313361,0.119866,0.960246,0.042706,0.246635,0.123596,0.982354,0.026351,-0.184724,0.012795,0.990704,0.014838,0.131478,0.031609,0.999228,0.026095,0.000231,0.029382,0.998031,0.047511,0.040190,-0.007826,0.994844,0.093337,-0.027109,-0.028968,0.940316,0.114810,0.317953,-0.039130,0.670985,0.671203,0.295686,-0.108789,0.995261,-0.039360,0.088218,-0.011127,0.875833,-0.040878,0.480877,0.001699,0.712600,-0.427157,0.543613,0.119262
0.998873,0.036410,0.021409,0.021648,0.974151,0.131367,-0.181184,0.030755,0.938506,0.059719,0.310653,0.138330,0.962111,0.048721,0.229868,0.138310,0.981930,0.027779,-0.186858,0.011259,0.990507,0.015994,0.132818,0.031620,0.999188,0.027722,-0.001222,0.029195,0.997761,0.050441,0.042813,-0.009756,0.994560,0.095952,-0.025528,-0.031503,0.941303,0.120716,0.311282,-0.049789,0.670739,0.676510,0.282810,-0.111631,0.995112,-0.039016,0.089884,-0.012274,0.873062,-0.040142,0.485953,0.000879,0.707841,-0.430060,0.547887,0.117592
0.998937,0.035686,0.021883,0.019303,0.973274,0.135077,-0.183343,0.029634,0.938782,0.052390,0.304683,0.152028,0.964446,0.047476,0.211903,0.150620,0.981117,0.029558,-0.190908,0.009450,0.989994,0.017214,0.136378,0.031886,0.999157,0.028787,-0.002006,0.029206,0.997483,0.053322,0.045229,-0.011765,0.994290,0.098567,-0.023052,-0.033785,0.941134,0.126535,0.307574,-0.060456,0.669692,0.680230,0.274033,-0.117069,0.995060,-0.038287,0.090600,-0.013457,0.870567,-0.038209,0.490559,-0.002326,0.704485,-0.430129,0.553004,0.113473
0.999002,0.034906,0.022068,0.016996,0.972528,0.137727,-0.185506,0.028410,0.939374,0.045096,0.297682,0.164101,0.966490,0.046126,0.193996,0.161661,0.980241,0.031303,-0.195159,0.007736,0.989430,0.018366,0.140189,0.032204,0.999130,0.029616,-0.002446,0.029267,0.997196,0.056171,0.047502,-0.013734,0.993970,0.101577,-0.020397,-0.035912,0.940364,0.132781,0.304897,-0.071572,0.667424,0.684401,0.265909,-0.124230,0.995031,-0.037408,0.091099,-0.014631,0.868190,-0.035883,0.494895,-0.006135,0.701330,-0.429393,0.558492,0.108831
0.999077,0.034012,0.021674,0.014768,0.972079,0.138282,-0.187655,0.026942,0.940812,0.038021,0.288916,0.173072,0.968515,0.044230,0.176402,0.170015,0.979261,0.033009,-0.199800,0.006182,0.988774,0.019431,0.144523,0.032596,0.999115,0.030018,-0.002182,0.029400,0.996910,0.058948,0.049502,-0.015628,0.993565,0.105372,-0.017374,-0.037732,0.938516,0.140083,0.304290,-0.083496,0.662618,0.689682,0.259110,-0.134677,0.995050,-0.036233,0.091173,-0.015786,0.866071,-0.032789,0.498720,-0.011164,0.698620,-0.427021,0.564761,0.103089
0.999141,0.033070,0.021205,0.013175,0.971825,0.137068,-0.190009,0.025773,0.942988,0.031273,0.278507,0.179524,0.970570,0.041828,0.158755,0.176183,0.978365,0.034441,-0.203933,0.005249,0.988166,0.020309,0.148399,0.033061,0.999103,0.030174,-0.002050,0.029634,0.996627,0.061524,0.051544,-0.017092,0.993147,0.109338,-0.013743,-0.038940,0.935828,0.147333,0.305793,-0.094917,0.656439,0.694939,0.254375,-0.146431,0.995105,-0.034735,0.091030,-0.016553,0.864394,-0.029273,0.501695,-0.016387,0.696074,-0.424402,0.570976,0.096700
0.999199,0.032104,0.020699,0.011901,0.971664,0.134969,-0.192459,0.024749,0.945409,0.024719,0.267296,0.184778,0.972448,0.039223,0.141108,0.181371,0.977505,0.035734,-0.207810,0.004637,0.987578,0.021084,0.152046,0.033576,0.999094,0.030202,-0.001986,0.029930,0.996341,0.064003,0.053601,-0.018331,0.992703,0.113394,-0.009814,-0.039837,0.932626,0.154484,0.308364,-0.106087,0.649488,0.700068,0.250683,-0.158832,0.995175,-0.033072,0.090772,-0.017125,0.862914,-0.025527,0.504239,-0.021693,0.693554,-0.421630,0.577152,0.090031
0.999251,0.031003,0.019856,0.011948,0.971512,0.131177,-0.195818,0.024750,0.948557,0.019256,0.254950,0.186735,0.974376,0.032288,0.125213,0.184040,0.977084,0.036394,-0.209652,0.005272,0.987294,0.021566,0.153703,0.034084,0.999086,0.030009,-0.002940,0.030290,0.996136,0.065833,0.055065,-0.018614,0.992360,0.116740,-0.005747,-0.039508,0.929153,0.159924,0.313402,-0.113486,0.641734,0.704145,0.253899,-0.167012,0.995255,-0.030527,0.090795,-0.017095,0.862449,-0.021296,0.505033,-0.025902,0.693781,-0.417718,0.580492,0.084903
0.999294,0.029849,0.019087,0.012527,0.971314,0.126857,-0.199555,0.025169,0.951651,0.014161,0.242866,0.187555,0.976117,0.025064,0.110141,0.185570,0.976812,0.036806,-0.210816,0.006393,0.987120,0.021947,0.154650,0.034565,0.999079,0.029767,-0.004065,0.030650,0.995961,0.067443,0.056350,-0.018393,0.992017,0.119998,-0.002024,-0.038711,0.925546,0.165011,0.319103,-0.119624,0.634212,0.707315,0.258228,-0.175496,0.995300,-0.027916,0.091217,-0.016694,0.862257,-0.017056,0.505289,-0.030074,0.694914,-0.413457,0.582937,0.079574
0.999320,0.028589,0.018468,0.014169,0.971031,0.121492,-0.204058,0.026425,0.954893,0.009767,0.231275,0.186001,0.977867,0.017189,0.096694,0.184747,0.976840,0.036725,-0.210625,0.008470,0.987176,0.022131,0.154177,0.034968,0.999071,0.029427,-0.005533,0.030992,0.995849,0.068607,0.057287,-0.017184,0.991708,0.123064,0.001024,-0.036999,0.921804,0.169514,0.326121,-0.123240,0.627223,0.708769,0.264850,-0.184641,0.995277,-0.025177,0.092454,-0.015562,0.862649,-0.012837,0.504482,-0.034216,0.697901,-0.408540,0.583599,0.073759
0.999321,0.027453,0.018012,0.016702,0.970576,0.116584,-0.208749,0.028518,0.957745,0.006149,0.220803,0.184208,0.979091,0.009848,0.086975,0.183630,0.977117,0.036145,-0.209309,0.011236,0.987437,0.022073,0.152449,0.035225,0.999063,0.029092,-0.007077,0.031262,0.995793,0.069561,0.057716,-0.015078,0.991496,0.125479,0.003910,-0.034275,0.918116,0.172385,0.335229,-0.122346,0.620543,0.708255,0.278123,-0.189599,0.995196,-0.022346,0.094321,-0.013771,0.863055,-0.009091,0.503661,-0.037143,0.701448,-0.403699,0.583215,0.069699
0.999303,0.026378,0.017639,0.019681,0.970005,0.111926,-0.213545,0.031009,0.960366,0.002947,0.210841,0.182303,0.980046,0.002811,0.079089,0.182340,0.977507,0.035306,-0.207431,0.014345,0.987796,0.021876,0.150089,0.035404,0.999053,0.028741,-0.008664,0.031493,0.995758,0.070410,0.057895,-0.012525,0.991322,0.127558,0.006724,-0.031044,0.914388,0.174395,0.345362,-0.119191,0.613909,0.706589,0.294667,-0.192403,0.995073,-0.019479,0.096514,-0.011653,0.863451,-0.005611,0.502854,-0.039487,0.705234,-0.398912,0.582318,0.066478
0.999250,0.025983,0.017187,0.022998,0.969276,0.109276,-0.217750,0.033881,0.962103,0.001484,0.203965,0.180979,0.980311,-0.004523,0.077150,0.181706,0.977956,0.034085,-0.205272,0.017412,0.988254,0.021444,0.147146,0.035259,0.999045,0.028586,-0.010092,0.031465,0.995764,0.071321,0.057238,-0.009534,0.991199,0.129229,0.009477,-0.027109,0.910021,0.175240,0.358625,-0.111984,0.606063,0.704642,0.316775,-0.189264,0.994920,-0.016653,0.098847,-0.009290,0.863524,-0.003558,0.502867,-0.037941,0.708009,-0.395741,0.580709,0.069917
0.999188,0.025573,0.016826,0.026197,0.968487,0.107291,-0.221745,0.036755,0.963466,0.000620,0.198606,0.179690,0.980487,-0.009953,0.076256,0.180917,0.978376,0.032776,-0.203203,0.020364,0.988706,0.020920,0.144207,0.035030,0.999040,0.028428,-0.011250,0.031376,0.995781,0.071998,0.056516,-0.006586,0.991073,0.130721,0.012244,-0.023173,0.905443,0.175529,0.372269,-0.103821,0.598572,0.701477,0.339523,-0.185379,0.994759,-0.014049,0.101040,-0.006981,0.863631,-0.001921,0.502845,-0.035833,0.710502,-0.393047,0.578960,0.074200
0.999120,0.025133,0.016649,0.029159,0.967627,0.106602,-0.225300,0.039678,0.964153,0.000907,0.196360,0.178470,0.980560,-0.011636,0.077496,0.179892,0.978755,0.031315,-0.201310,0.023076,0.989155,0.020249,0.141290,0.034635,0.999043,0.028299,-0.011853,0.031159,0.995829,0.072210,0.055652,-0.003722,0.990966,0.131874,0.015028,-0.019244,0.900607,0.174815,0.386722,-0.093774,0.592127,0.696192,0.363699,-0.180070,0.994606,-0.011867,0.102933,-0.004781,0.863832,-0.001085,0.502725,-0.032570,0.712476,-0.391297,0.576917,0.080197
0.999060,0.024984,0.016518,0.031353,0.966687,0.107017,-0.228693,0.041999,0.964276,0.002287,0.197279,0.176770,0.980485,-0.011171,0.082081,0.178287,0.979080,0.030094,-0.199677,0.024998,0.989581,0.019647,0.138458,0.034239,0.999055,0.028076,-0.012019,0.030933,0.995882,0.072309,0.054659,-0.001382,0.990772,0.133385,0.018302,-0.015640,0.895376,0.173793,0.401605,-0.082536,0.586144,0.689067,0.388643,-0.174868,0.994511,-0.009811,0.104123,-0.003043,0.864067,-0.000517,0.502564,-0.028582,0.713971,-0.389837,0.574981,0.087574
0.999003,0.024980,0.016411,0.033162,0.965700,0.107984,-0.232001,0.044024,0.964099,0.004247,0.199793,0.174867,0.980294,-0.009583,0.088349,0.176428,0.979379,0.028992,-0.198174,0.026528,0.989992,0.019077,0.135666,0.033848,0.999070,0.027803,-0.011969,0.030705,0.995937,0.072354,0.053601,0.000698,0.990521,0.135065,0.021826,-0.012206,0.889759,0.172473,0.416629,-0.070724,0.580174,0.680719,0.413823,-0.169618,0.994444,-0.007816,0.104962,-0.001537,0.864312,-0.000076,0.502371,-0.024230,0.715183,-0.388515,0.573080,0.095647
0.998984,0.025698,0.015731,0.033499,0.964652,0.110807,-0.234862,0.044819,0.963300,0.009172,0.206500,0.171252,0.979783,-0.004992,0.100780,0.172754,0.979478,0.028151,-0.197819,0.026419,0.990242,0.018340,0.134020,0.033508,0.999123,0.026441,-0.011025,0.030530,0.996017,0.072445,0.051946,0.001795,0.990064,0.137914,0.025752,-0.009440,0.883398,0.171921,0.432027,-0.058344,0.570710,0.674580,0.439287,-0.162044,0.994557,-0.006221,0.104008,-0.000836,0.864601,-0.000446,0.502131,-0.018160,0.714958,-0.390225,0.570394,0.105879
0.998980,0.026435,0.014800,0.033497,0.963740,0.113671,-0.237132,0.045301,0.962145,0.014507,0.214645,0.167317,0.978938,0.000573,0.114935,0.168732,0.979502,0.027374,-0.197868,0.025992,0.990439,0.017558,0.132735,0.033218,0.999171,0.025119,-0.010134,0.030397,0.996114,0.072408,0.050076,0.002663,0.989606,0.140519,0.029809,-0.006801,0.876876,0.170804,0.446989,-0.045986,0.561194,0.668073,0.463688,-0.154056,0.994735,-0.004781,0.102370,-0.000313,0.865035,-0.000934,0.501563,-0.012184,0.714521,-0.392595,0.567463,0.115391
0.999002,0.027210,0.013370,0.032814,0.963124,0.116623,-0.238228,0.045145,0.960322,0.020587,0.225630,0.162634,0.977515,0.007960,0.132491,0.163852,0.979375,0.026727,-0.198721,0.024924,0.990536,0.016688,0.132176,0.033015,0.999211,0.023878,-0.009348,0.030344,0.996247,0.072113,0.047780,0.003072,0.989175,0.142654,0.034113,-0.004399,0.870403,0.168852,0.461252,-0.033663,0.552129,0.661442,0.486329,-0.145369,0.995045,-0.003654,0.099361,-0.000149,0.865784,-0.001663,0.500374,-0.006403,0.713790,-0.396302,0.564097,0.123465
0.999044,0.027793,0.011525,0.031727,0.962731,0.119687,-0.238380,0.044721,0.957773,0.027287,0.238945,0.157583,0.975914,0.014570,0.149013,0.158664,0.979100,0.026094,-0.200322,0.023536,0.990532,0.015671,0.132358,0.032892,0.999241,0.022824,-0.008651,0.030375,0.996409,0.071520,0.045202,0.003148,0.988737,0.144446,0.039126,-0.002045,0.863997,0.166564,0.474614,-0.022502,0.543149,0.655085,0.506632,-0.138482,0.995531,-0.002196,0.094410,-0.000171,0.867276,-0.001843,0.497823,-0.001310,0.713410,-0.399604,0.561013,0.128947
0.999092,0.028280,0.009473,0.030437,0.962441,0.122812,-0.238063,0.044160,0.954651,0.034380,0.253405,0.152467,0.974053,0.020886,0.165025,0.153463,0.978747,0.025467,-0.202294,0.021986,0.990477,0.014576,0.132914,0.032801,0.999266,0.021859,-0.007994,0.030441,0.996582,0.070776,0.042484,0.003053,0.988275,0.146054,0.044501,0.000261,0.857506,0.164070,0.487465,-0.011958,0.534066,0.648773,0.525646,-0.132529,0.996077,-0.000577,0.088485,-0.000265,0.869126,-0.001805,0.494575,0.003446,0.713193,-0.402768,0.558050,0.133094
0.999152,0.028789,0.006761,0.028660,0.962551,0.124467,-0.237015,0.042761,0.950674,0.042159,0.271206,0.144531,0.971663,0.026509,0.184207,0.145723,0.978152,0.024916,-0.205425,0.019954,0.990259,0.013296,0.134657,0.032836,0.999280,0.021096,-0.007459,0.030636,0.996768,0.070053,0.039251,0.002426,0.987871,0.147556,0.048318,0.001761,0.850203,0.162731,0.500658,-0.003907,0.524560,0.642312,0.542815,-0.132754,0.996318,-0.001100,0.085713,-0.001224,0.868623,-0.002616,0.495448,0.004323,0.713472,-0.405651,0.555256,0.134517
0.999197,0.029494,0.003946,0.026829,0.962836,0.125979,-0.235336,0.041142,0.946127,0.050079,0.289196,0.136755,0.968385,0.030946,0.205089,0.138606,0.977568,0.024378,-0.208446,0.017795,0.990052,0.011999,0.136285,0.032844,0.999293,0.020391,-0.007016,0.030810,0.996935,0.069515,0.035854,0.001610,0.987569,0.148319,0.051951,0.003109,0.842805,0.160636,0.513675,0.003786,0.515637,0.635235,0.559278,-0.133430,0.996672,-0.001375,0.081477,-0.002191,0.868674,-0.003057,0.495351,0.004814,0.714255,-0.408512,0.552004,0.135091
0.999222,0.030592,0.000925,0.024887,0.963476,0.127202,-0.232389,0.039091,0.940933,0.058001,0.307631,0.129015,0.963708,0.032754,0.229381,0.132583,0.977019,0.023871,-0.211250,0.015388,0.989875,0.010680,0.137677,0.032824,0.999301,0.019822,-0.006759,0.030966,0.997074,0.069357,0.032131,0.000424,0.987492,0.147627,0.055205,0.004202,0.835459,0.157173,0.526486,0.010805,0.508089,0.627255,0.574593,-0.135054,0.997230,-0.001161,0.074308,-0.003165,0.869838,-0.002740,0.493309,0.004555,0.716047,-0.411347,0.547836,0.133962
0.999225,0.031553,-0.002288,0.023403,0.964533,0.127078,-0.228359,0.037141,0.935502,0.065256,0.325609,0.120648,0.957865,0.033433,0.255602,0.126664,0.976487,0.023204,-0.213904,0.013438,0.989710,0.009125,0.138923,0.033042,0.999298,0.019322,-0.006634,0.031397,0.997219,0.069029,0.028098,-0.000530,0.987716,0.145445,0.056875,0.005267,0.829243,0.152389,0.537442,0.017003,0.501918,0.618479,0.589075,-0.136213,0.997750,-0.001137,0.066924,-0.003948,0.871803,-0.002414,0.489837,0.003719,0.718398,-0.414141,0.543386,0.130857
0.999212,0.032446,-0.005597,0.022148,0.965781,0.126284,-0.223778,0.035259,0.929737,0.072233,0.343262,0.111995,0.950950,0.033782,0.282663,0.121053,0.975959,0.022459,-0.216479,0.011715,0.989547,0.007448,0.140100,0.033368,0.999290,0.018852,-0.006569,0.031956,0.997356,0.068615,0.023910,-0.001372,0.988087,0.142513,0.057750,0.006312,0.823526,0.146889,0.547461,0.022708,0.496365,0.609203,0.603045,-0.137225,0.998221,-0.001215,0.059432,-0.004634,0.874151,-0.002074,0.485644,0.002595,0.721004,-0.416893,0.538785,0.126748
0.999192,0.032915,-0.009174,0.021143,0.967576,0.123348,-0.217888,0.033263,0.924873,0.077541,0.357944,0.102342,0.943648,0.032711,0.308611,0.114972,0.975401,0.021394,-0.219156,0.010332,0.989377,0.005480,0.141320,0.033651,0.999279,0.018436,-0.006642,0.032521,0.997510,0.067825,0.019190,-0.002402,0.988798,0.137746,0.057064,0.006992,0.819230,0.140146,0.555438,0.026641,0.493547,0.597839,0.615876,-0.140342,0.998617,-0.001936,0.052230,-0.005653,0.877350,-0.002002,0.479847,0.000543,0.724481,-0.419567,0.533449,0.120511
0.999157,0.033290,-0.012750,0.020380,0.969570,0.120151,-0.210969,0.031466,0.920394,0.082234,0.370752,0.093039,0.936625,0.031235,0.331341,0.109415,0.974841,0.020181,-0.221798,0.009175,0.989209,0.003392,0.142497,0.033907,0.999267,0.018023,-0.006739,0.033085,0.997644,0.067001,0.014348,-0.003358,0.989576,0.132500,0.055903,0.007663,0.815566,0.132922,0.562383,0.030161,0.491868,0.585173,0.628431,-0.143920,0.998948,-0.002826,0.045295,-0.006654,0.880639,-0.002002,0.473780,-0.001734,0.728273,-0.422058,0.527772,0.113762
0.999104,0.033479,-0.016328,0.020102,0.971977,0.116407,-0.202007,0.030047,0.917141,0.085503,0.380033,0.084359,0.931245,0.028317,0.347970,0.104389,0.974286,0.018667,-0.224378,0.008478,0.989050,0.001074,0.143577,0.034137,0.999254,0.017631,-0.006897,0.033665,0.997761,0.066112,0.009261,-0.004157,0.990497,0.126303,0.053788,0.008327,0.813323,0.124828,0.567304,0.033013,0.492595,0.570082,0.640592,-0.148320,0.999206,-0.004039,0.038892,-0.007619,0.884146,-0.002147,0.467185,-0.004457,0.732744,-0.424218,0.521426,0.106021
0.999041,0.033427,-0.019694,0.020304,0.974459,0.112105,-0.192394,0.029102,0.915922,0.087539,0.384260,0.075952,0.928648,0.024867,0.356674,0.098886,0.973706,0.016856,-0.227036,0.008240,0.988904,-0.001450,0.144531,0.034304,0.999240,0.017236,-0.007090,0.034224,0.997852,0.065197,0.004317,-0.004673,0.991439,0.119848,0.051023,0.009006,0.813038,0.116308,0.569353,0.035753,0.496176,0.555422,0.650095,-0.150637,0.999409,-0.005665,0.032879,-0.008321,0.887707,-0.002794,0.460346,-0.007054,0.737517,-0.426849,0.514031,0.098187
0.998968,0.033255,-0.022956,0.020745,0.976908,0.107491,-0.182446,0.028443,0.915754,0.088748,0.385931,0.067649,0.927500,0.020923,0.361443,0.093084,0.973105,0.014896,-0.229734,0.008225,0.988762,-0.004076,0.145422,0.034422,0.999227,0.016838,-0.007299,0.034758,0.997920,0.064271,-0.000556,-0.005048,0.992361,0.113261,0.047929,0.009671,0.813683,0.107552,0.569982,0.038394,0.501138,0.540894,0.658166,-0.152026,0.999566,-0.007494,0.027060,-0.008897,0.891265,-0.003687,0.453366,-0.009589,0.742375,-0.429677,0.506069,0.090287
0.998916,0.031860,-0.025516,0.022363,0.979257,0.104059,-0.171329,0.029547,0.918994,0.087944,0.379119,0.063119,0.931955,0.019245,0.351279,0.087711,0.972313,0.012310,-0.233159,0.009607,0.988592,-0.007188,0.146409,0.034623,0.999209,0.016291,-0.007592,0.035461,0.998016,0.062616,-0.004723,-0.004533,0.993241,0.106632,0.044560,0.010767,0.816574,0.098730,0.567274,0.040743,0.509970,0.528528,0.661542,-0.151492,0.999673,-0.010092,0.021881,-0.008564,0.894574,-0.005284,0.446715,-0.012466,0.746698,-0.432007,0.499118,0.081814
0.998859,0.030348,-0.027857,0.024165,0.981486,0.100456,-0.160128,0.030854,0.922661,0.086154,0.371152,0.059330,0.936941,0.019251,0.339215,0.081881,0.971452,0.009532,-0.236784,0.011134,0.988431,-0.010447,0.147275,0.034727,0.999192,0.015743,-0.008021,0.036105,0.998090,0.061040,-0.008656,-0.003851,0.994029,0.100382,0.041101,0.011875,0.820003,0.090169,0.563551,0.043288,0.519953,0.517087,0.663151,-0.150001,0.999742,-0.012832,0.016924,-0.008048,0.897684,-0.007057,0.440320,-0.015269,0.750508,-0.434216,0.492707,0.073715
0.998800,0.028603,-0.029760,0.026339,0.983605,0.096579,-0.148776,0.032547,0.927161,0.082726,0.360920,0.057138,0.942993,0.023080,0.323323,0.075458,0.970466,0.006373,-0.240806,0.012959,0.988296,-0.013996,0.147899,0.034666,0.999174,0.015193,-0.008722,0.036653,0.998144,0.059613,-0.012119,-0.002838,0.994696,0.094898,0.037478,0.013047,0.824611,0.082174,0.557780,0.046314,0.532330,0.507653,0.661429,-0.146373,0.999771,-0.015860,0.012415,-0.007165,0.900457,-0.009193,0.434478,-0.017940,0.753414,-0.436268,0.487474,0.066383
0.998724,0.026864,-0.031336,0.029094,0.985352,0.094960,-0.137225,0.035130,0.930730,0.078662,0.352083,0.059927,0.951164,0.026081,0.298720,0.073305,0.969450,0.002927,-0.244798,0.015223,0.988175,-0.017748,0.148322,0.034580,0.999157,0.014595,-0.009294,0.037219,0.998180,0.058352,-0.015152,-0.001372,0.995237,0.090584,0.033112,0.014227,0.829798,0.075593,0.550724,0.049231,0.543189,0.500741,0.659068,-0.140833,0.999767,-0.018908,0.008642,-0.005854,0.902577,-0.011498,0.429898,-0.020250,0.754753,-0.437741,0.484768,0.061082
0.998631,0.025126,-0.032748,0.032139,0.986848,0.094420,-0.125558,0.038096,0.933750,0.074569,0.343928,0.065290,0.959708,0.029250,0.269584,0.073680,0.968398,-0.000650,-0.248781,0.017695,0.988057,-0.021580,0.148627,0.034465,0.999140,0.013990,-0.009815,0.037777,0.998202,0.057178,-0.017971,0.000322,0.995697,0.086865,0.028369,0.015407,0.835215,0.069724,0.542991,0.052110,0.553243,0.495036,0.656365,-0.134338,0.999736,-0.021961,0.005232,-0.004332,0.904371,-0.013874,0.425933,-0.022376,0.755338,-0.438911,0.483317,0.056797
0.998507,0.023539,-0.033711,0.035961,0.987963,0.095298,-0.114413,0.041914,0.936654,0.069466,0.334822,0.075816,0.967886,0.027643,0.236494,0.080637,0.967451,-0.004617,-0.252168,0.020718,0.988070,-0.025546,0.147956,0.034249,0.999126,0.013195,-0.010442,0.038254,0.998221,0.056046,-0.020153,0.002778,0.995880,0.086140,0.022847,0.016777,0.840821,0.068852,0.534364,0.052292,0.561562,0.496871,0.648156,-0.132897,0.999674,-0.025286,0.003002,-0.002097,0.905274,-0.016828,0.423823,-0.023867,0.754602,-0.441182,0.482688,0.054283
0.998365,0.022015,-0.034403,0.040000,0.988920,0.095440,-0.104069,0.045806,0.939439,0.064839,0.325489,0.085486,0.974484,0.026115,0.205111,0.087344,0.966559,-0.008764,-0.255182,0.023858,0.988162,-0.029550,0.146668,0.033928,0.999116,0.012350,-0.011094,0.038625,0.998234,0.054893,-0.022008,0.005612,0.995973,0.086090,0.017062,0.018325,0.846679,0.068659,0.525019,0.052682,0.569361,0.500857,0.638836,-0.129838,0.999599,-0.028288,0.001172,0.000514,0.905834,-0.019543,0.422437,-0.025083,0.753261,-0.443342,0.483045,0.052081
0.998200,0.020620,-0.034554,0.044472,0.989712,0.094223,-0.095369,0.049978,0.942294,0.060416,0.315820,0.093225,0.979434,0.023216,0.177519,0.093045,0.965818,-0.013301,-0.257442,0.027251,0.988414,-0.033673,0.144172,0.033434,0.999113,0.011363,-0.011771,0.038813,0.998246,0.053688,-0.023206,0.009196,0.995912,0.087376,0.010765,0.020231,0.853097,0.069814,0.514290,0.053458,0.576193,0.509066,0.627371,-0.123527,0.999522,-0.030655,0.000157,0.003887,0.905717,-0.021804,0.422538,-0.025752,0.750690,-0.445308,0.485401,0.050509
0.997992,0.018967,-0.034352,0.049722,0.990341,0.091405,-0.088643,0.054879,0.945346,0.056657,0.306027,0.097253,0.983414,0.018387,0.152941,0.095745,0.965244,-0.018295,-0.258808,0.031411,0.988825,-0.037983,0.140333,0.033004,0.999109,0.010141,-0.012402,0.039037,0.998263,0.052031,-0.023931,0.013835,0.995734,0.089328,0.003690,0.022802,0.859661,0.071588,0.502875,0.054544,0.582052,0.519575,0.614786,-0.115306,0.999433,-0.032655,0.000152,0.008248,0.904783,-0.024234,0.424435,-0.025207,0.747143,-0.446409,0.489677,0.052085
0.997740,0.017184,-0.033974,0.055360,0.990860,0.087762,-0.082921,0.060156,0.948467,0.053135,0.296132,0.099463,0.986715,0.012453,0.129812,0.096884,0.964719,-0.023512,-0.259755,0.035953,0.989295,-0.042383,0.135769,0.032635,0.999104,0.008806,-0.013059,0.039288,0.998262,0.050152,-0.024422,0.019005,0.995450,0.091662,-0.003763,0.025770,0.866190,0.073714,0.491082,0.055860,0.587197,0.531114,0.601576,-0.105948,0.999319,-0.034476,0.000654,0.013099,0.903430,-0.026760,0.427222,-0.024068,0.743069,-0.447068,0.494907,0.055191
0.997379,0.015515,-0.033337,0.062308,0.991063,0.083381,-0.079887,0.066782,0.951686,0.049798,0.286118,0.099750,0.988957,0.006134,0.112167,0.096674,0.964503,-0.029216,-0.259120,0.041669,0.990017,-0.046806,0.128934,0.032425,0.999100,0.007008,-0.013614,0.039560,0.998221,0.047928,-0.024442,0.025710,0.995006,0.094467,-0.011722,0.030030,0.872833,0.076026,0.478568,0.057924,0.592136,0.542303,0.588165,-0.096665,0.999172,-0.035710,0.003041,0.019274,0.901385,-0.029359,0.431483,-0.021563,0.739255,-0.447217,0.499797,0.060847
0.996958,0.013798,-0.032486,0.069489,0.991104,0.078969,-0.077763,0.073687,0.954729,0.046353,0.276253,0.100140,0.990771,0.000518,0.095195,0.096488,0.964207,-0.034998,-0.258483,0.047609,0.990733,-0.051197,0.121604,0.032239,0.999096,0.004895,-0.014177,0.039770,0.998137,0.045483,-0.024176,0.032700,0.994460,0.097286,-0.019707,0.034575,0.879690,0.077859,0.465148,0.060997,0.598056,0.551656,0.574931,-0.086360,0.998968,-0.036939,0.006549,0.025598,0.899235,-0.032327,0.435880,-0.018418,0.735168,-0.448013,0.504334,0.066777
0.996460,0.011985,-0.031205,0.077137,0.990890,0.074562,-0.077424,0.081138,0.957530,0.042775,0.266796,0.100635,0.992142,-0.003636,0.079694,0.096389,0.963825,-0.040924,-0.257783,0.053993,0.991481,-0.055506,0.113394,0.032040,0.999097,0.002169,-0.014654,0.039832,0.998008,0.042586,-0.023339,0.040259,0.993808,0.100037,-0.027776,0.039589,0.887140,0.078653,0.449940,0.065951,0.606366,0.557530,0.562100,-0.074328,0.998677,-0.038162,0.012295,0.032211,0.896890,-0.035997,0.440564,-0.013976,0.730607,-0.450111,0.508170,0.073318
0.995910,0.010348,-0.029792,0.084666,0.990457,0.069832,-0.079290,0.088496,0.960054,0.038683,0.258046,0.101058,0.993285,-0.005164,0.064286,0.096053,0.963136,-0.046952,-0.257990,0.060046,0.992134,-0.059856,0.105317,0.031540,0.999106,-0.000179,-0.014970,0.039532,0.997825,0.039666,-0.022047,0.047820,0.993147,0.102227,-0.034531,0.044913,0.894106,0.078356,0.435055,0.071846,0.614616,0.562631,0.549654,-0.059792,0.998338,-0.038727,0.017403,0.038977,0.895083,-0.039679,0.444060,-0.007884,0.725690,-0.452943,0.511537,0.080909
0.995305,0.008799,-0.028312,0.092133,0.989863,0.064994,-0.082287,0.095791,0.962406,0.034411,0.249585,0.101474,0.994192,-0.005271,0.048856,0.095742,0.962250,-0.053006,-0.258687,0.065924,0.992707,-0.064199,0.097233,0.030924,0.999118,-0.002301,-0.015280,0.039050,0.997578,0.036731,-0.020538,0.055382,0.992448,0.104181,-0.040620,0.050429,0.900680,0.077605,0.420268,0.078277,0.622549,0.567255,0.537339,-0.043843,0.997943,-0.038986,0.022206,0.045792,0.893504,-0.043352,0.446957,-0.000987,0.720531,-0.456126,0.514654,0.088966
0.994650,0.007900,-0.026651,0.099497,0.988971,0.059954,-0.088054,0.102902,0.963644,0.029325,0.245195,0.102028,0.994630,-0.004817,0.038079,0.096116,0.960964,-0.058948,-0.260776,0.071191,0.993042,-0.068966,0.090405,0.030624,0.999133,-0.003874,-0.014532,0.038828,0.997253,0.034309,-0.017988,0.063131,0.991787,0.105715,-0.044896,0.056287,0.906448,0.077333,0.406749,0.083227,0.629348,0.572473,0.524698,-0.029786,0.997435,-0.038972,0.028747,0.052718,0.891088,-0.046347,0.451430,0.004995,0.716329,-0.457265,0.518080,0.096824
0.993958,0.007258,-0.025046,0.106617,0.987921,0.054793,-0.094785,0.109662,0.964686,0.024147,0.241551,0.102233,0.994925,-0.004336,0.028507,0.096404,0.959501,-0.064722,-0.263417,0.076029,0.993284,-0.073766,0.083771,0.030458,0.999144,-0.005366,-0.013681,0.038667,0.996859,0.032051,-0.015262,0.070791,0.991102,0.107143,-0.048738,0.062141,0.911782,0.077297,0.393678,0.087728,0.635634,0.577128,0.512454,-0.016839,0.996833,-0.039036,0.035456,0.059525,0.888585,-0.049245,0.455939,0.010598,0.712520,-0.457843,0.521344,0.104380
0.993261,0.007130,-0.023557,0.113256,0.986654,0.049292,-0.103392,0.115734,0.965373,0.018665,0.239516,0.101677,0.995113,-0.003980,0.021454,0.096306,0.957777,-0.070207,-0.267078,0.080022,0.993400,-0.078696,0.077678,0.030484,0.999153,-0.006765,-0.012467,0.038624,0.996402,0.030130,-0.012169,0.078277,0.990450,0.108261,-0.051740,0.067912,0.916542,0.077545,0.381601,0.091200,0.641489,0.580813,0.501106,-0.006412,0.996134,-0.039176,0.042484,0.066169,0.885985,-0.051930,0.460534,0.015532,0.709631,-0.457310,0.524281,0.111446
0.992610,0.007072,-0.022341,0.119065,0.985203,0.043642,-0.113478,0.120806,0.965783,0.013077,0.238743,0.100469,0.995265,-0.003746,0.016018,0.095801,0.955883,-0.075325,-0.271489,0.083114,0.993456,-0.083509,0.071700,0.030512,0.999165,-0.008425,-0.010944,0.038447,0.995928,0.028042,-0.009000,0.085207,0.989876,0.108949,-0.053777,0.073375,0.920778,0.077605,0.370504,0.094193,0.647714,0.584494,0.488696,0.003003,0.995367,-0.039884,0.049295,0.072279,0.883424,-0.055149,0.464872,0.020375,0.706748,-0.457834,0.526242,0.118168
0.991972,0.007050,-0.021262,0.124458,0.983570,0.037988,-0.124320,0.125267,0.966058,0.007617,0.238558,0.098816,0.995408,-0.003427,0.011343,0.094982,0.953879,-0.080220,-0.276283,0.085710,0.993460,-0.088209,0.065765,0.030513,0.999178,-0.010164,-0.009290,0.038129,0.995420,0.025858,-0.005807,0.091854,0.989329,0.109427,-0.055337,0.078689,0.924699,0.077600,0.359872,0.096962,0.653972,0.588129,0.475690,0.011974,0.994531,-0.040913,0.055987,0.078097,0.880860,-0.058646,0.469056,0.025143,0.703847,-0.458878,0.527718,0.124681
0.991496,0.006800,-0.020516,0.128330,0.981916,0.032811,-0.135419,0.128165,0.966151,0.002448,0.238949,0.097210,0.995501,-0.003358,0.008264,0.094325,0.951974,-0.084406,-0.281115,0.087153,0.993517,-0.092109,0.059452,0.030104,0.999202,-0.012958,-0.007131,0.037111,0.994990,0.023265,-0.002796,0.097188,0.989002,0.109123,-0.055148,0.083224,0.927065,0.077076,0.353375,0.098673,0.656403,0.593359,0.465462,0.020129,0.993758,-0.042551,0.061532,0.082752,0.878483,-0.062755,0.472679,0.030076,0.700574,-0.461454,0.528144,0.131603
0.991088,0.006647,-0.019964,0.131535,0.980297,0.027970,-0.145812,0.130289,0.966324,-0.002358,0.238880,0.095644,0.995577,-0.003188,0.005610,0.093730,0.950155,-0.088355,-0.285759,0.087986,0.993590,-0.095529,0.052921,0.029200,0.999225,-0.016544,-0.004703,0.035407,0.994579,0.020747,-0.000091,0.101896,0.988766,0.108373,-0.054477,0.087344,0.928806,0.076230,0.348625,0.099851,0.657628,0.597672,0.457842,0.026343,0.993019,-0.044188,0.066525,0.086804,0.876245,-0.066577,0.475997,0.034476,0.697238,-0.464031,0.528788,0.137542
0.990841,0.006688,-0.019803,0.133409,0.978933,0.023652,-0.154763,0.131073,0.966652,-0.006800,0.237975,0.094369,0.995613,-0.003111,0.003899,0.093437,0.948558,-0.091909,-0.290006,0.087676,0.993737,-0.098100,0.045992,0.027343,0.999234,-0.021806,-0.001667,0.032463,0.994261,0.018408,0.002031,0.105366,0.988741,0.106713,-0.052838,0.090619,0.929384,0.074681,0.347395,0.099925,0.656741,0.600316,0.455519,0.028548,0.992420,-0.045750,0.070434,0.089713,0.874349,-0.069824,0.478752,0.037873,0.693853,-0.466663,0.529857,0.141578
0.990836,0.007344,-0.019941,0.133387,0.978226,0.019763,-0.160599,0.129970,0.967534,-0.010671,0.234760,0.093021,0.995660,-0.002869,0.002278,0.092997,0.947352,-0.095136,-0.293519,0.085553,0.994028,-0.099358,0.038530,0.023505,0.999211,-0.028805,0.001838,0.027281,0.994103,0.016733,0.003333,0.107089,0.989001,0.103914,-0.049992,0.092622,0.929286,0.071695,0.348273,0.099961,0.657060,0.599133,0.456625,0.028407,0.992057,-0.047361,0.072607,0.091144,0.872904,-0.072607,0.480780,0.040215,0.690187,-0.469309,0.531592,0.144227
0.990953,0.008309,-0.020229,0.132415,0.977854,0.016070,-0.164862,0.127922,0.968663,-0.014298,0.230411,0.091639,0.995711,-0.002581,0.000729,0.092484,0.946333,-0.098207,-0.296648,0.082513,0.994336,-0.099992,0.030804,0.018670,0.999093,-0.036614,0.005649,0.021012,0.994029,0.015390,0.004225,0.107939,0.989389,0.100541,-0.046549,0.093992,0.928839,0.067990,0.350198,0.099987,0.657971,0.596028,0.459446,0.027095,0.991818,-0.048989,0.073909,0.091841,0.871683,-0.075157,0.482445,0.042032,0.686373,-0.471958,0.533649,0.146172
0.991311,0.008971,-0.020769,0.129580,0.977995,0.012859,-0.167020,0.124355,0.970138,-0.017362,0.224486,0.090202,0.995776,-0.002187,-0.000409,0.091793,0.945712,-0.101940,-0.298570,0.078053,0.994916,-0.097596,0.023539,0.007940,0.999019,-0.042451,0.008938,0.008942,0.994133,0.013911,0.004159,0.107184,0.989990,0.096420,-0.040975,0.094571,0.926915,0.063660,0.356323,0.099044,0.657616,0.593097,0.463944,0.023098,0.991859,-0.050947,0.072760,0.091251,0.871069,-0.077546,0.483122,0.042653,0.683021,-0.473717,0.536065,0.147337
0.991682,0.009482,-0.021242,0.126594,0.978154,0.009997,-0.168924,0.120744,0.971571,-0.020132,0.218481,0.088946,0.995831,-0.001787,-0.001212,0.091194,0.945217,-0.105435,-0.300027,0.073705,0.995352,-0.094545,0.017963,-0.003492,0.998860,-0.046362,0.010827,-0.003355,0.994268,0.012378,0.003960,0.106126,0.990598,0.092024,-0.034975,0.094991,0.924377,0.058903,0.363903,0.098145,0.656929,0.589054,0.470254,0.017914,0.991924,-0.053049,0.071468,0.090360,0.870631,-0.079861,0.483525,0.042752,0.680019,-0.475365,0.538271,0.147873
0.992087,0.009689,-0.021583,0.123306,0.978373,0.007840,-0.170354,0.117070,0.972979,-0.022284,0.212274,0.088062,0.995868,-0.001352,-0.001394,0.090795,0.945006,-0.108452,-0.300596,0.069601,0.995677,-0.090064,0.015808,-0.016298,0.998730,-0.046692,0.009707,-0.016248,0.994464,0.010739,0.003496,0.104470,0.991252,0.087088,-0.028120,0.095099,0.920603,0.053304,0.374400,0.097329,0.655522,0.582766,0.480175,0.010358,0.992040,-0.055435,0.069894,0.088876,0.870555,-0.082020,0.483381,0.041826,0.677742,-0.476797,0.540058,0.147201
0.992450,0.009576,-0.021848,0.120310,0.978528,0.006212,-0.171696,0.113864,0.974302,-0.023972,0.206139,0.087560,0.995882,-0.001051,-0.001535,0.090643,0.945458,-0.109187,-0.299488,0.067042,0.995774,-0.085858,0.021175,-0.024794,0.998720,-0.043676,0.008238,-0.024137,0.994683,0.009123,0.002894,0.102534,0.991883,0.081822,-0.020652,0.095111,0.915503,0.047279,0.387767,0.096202,0.653227,0.574079,0.493687,-0.000995,0.992141,-0.057722,0.069075,0.086906,0.870947,-0.083354,0.482653,0.039359,0.677039,-0.477116,0.541473,0.144174
0.992789,0.009303,-0.022077,0.117460,0.978648,0.004845,-0.172994,0.110893,0.975564,-0.025434,0.200038,0.087254,0.995884,-0.000823,-0.001652,0.090613,0.946243,-0.108771,-0.297550,0.065248,0.995709,-0.081714,0.030323,-0.031101,0.998779,-0.039028,0.006560,-0.029562,0.994910,0.007516,0.002226,0.100458,0.992450,0.076403,-0.012869,0.095081,0.909560,0.041070,0.402510,0.094869,0.650211,0.564013,0.508835,-0.014228,0.992230,-0.059959,0.068638,0.084692,0.871564,-0.084277,0.481632,0.036125,0.677116,-0.476875,0.542689,0.139977
0.993132,0.009600,-0.021508,0.114608,0.978801,0.003969,-0.174105,0.107798,0.976811,-0.026527,0.193692,0.087289,0.995865,-0.000632,-0.001778,0.090821,0.947003,-0.108098,-0.295838,0.063086,0.995172,-0.076185,0.047996,-0.039043,0.998876,-0.027953,0.010405,-0.036844,0.995154,0.006731,0.002195,0.098070,0.992918,0.071475,-0.003957,0.094816,0.901714,0.035998,0.420955,0.091723,0.645834,0.552466,0.525763,-0.035395,0.992270,-0.062016,0.069242,0.082215,0.872987,-0.084338,0.479360,0.031545,0.679941,-0.475366,0.542138,0.133392
0.993462,0.010095,-0.020736,0.111811,0.978896,0.003146,-0.175486,0.104672,0.977974,-0.027620,0.187554,0.087336,0.995846,-0.000466,-0.001883,0.091028,0.947859,-0.108187,-0.293543,0.060762,0.994027,-0.070174,0.068090,-0.048470,0.998706,-0.014523,0.016232,-0.045962,0.995385,0.006098,0.002263,0.095741,0.993264,0.066657,0.005076,0.094645,0.893183,0.030950,0.439770,0.088703,0.641034,0.539360,0.542985,-0.057739,0.992259,-0.064345,0.070087,0.079807,0.874400,-0.084816,0.476956,0.027254,0.682801,-0.474735,0.540638,0.126966
0.993775,0.010985,-0.019559,0.109126,0.978887,0.002436,-0.177414,0.101483,0.979018,-0.028704,0.181829,0.087394,0.995828,-0.000342,-0.001961,0.091232,0.948906,-0.109808,-0.290071,0.058130,0.991784,-0.063261,0.092987,-0.060958,0.997925,0.003648,0.025934,-0.058815,0.995596,0.005769,0.002522,0.093533,0.993474,0.062027,0.014334,0.094634,0.883644,0.025874,0.459465,0.086000,0.635905,0.523475,0.561064,-0.082501,0.992155,-0.067217,0.071406,0.077540,0.875822,-0.086104,0.474307,0.023550,0.685772,-0.475848,0.537283,0.120882
0.994043,0.012461,-0.018167,0.106739,0.978753,0.001790,-0.179915,0.098334,0.979938,-0.029827,0.176592,0.087453,0.995809,-0.000203,-0.002072,0.091438,0.950082,-0.111797,-0.285947,0.055498,0.988312,-0.056417,0.121279,-0.073127,0.996478,0.016384,0.039832,-0.071946,0.995789,0.005851,0.002786,0.091445,0.993537,0.057785,0.023617,0.094806,0.873367,0.020980,0.479354,0.083726,0.629126,0.506783,0.579576,-0.107067,0.992010,-0.070178,0.072794,0.075448,0.877053,-0.087711,0.471882,0.020303,0.688016,-0.477529,0.534068,0.115635
0.994283,0.014229,-0.016666,0.104501,0.978551,0.001166,-0.182694,0.095185,0.980783,-0.030985,0.171610,0.087486,0.995792,-0.000076,-0.002188,0.091615,0.951305,-0.113965,-0.281484,0.052890,0.983618,-0.049319,0.151139,-0.084967,0.994449,0.026528,0.055780,-0.085186,0.995971,0.006135,0.003056,0.089419,0.993470,0.053752,0.032913,0.095107,0.862477,0.016190,0.499203,0.081649,0.621095,0.489288,0.597991,-0.131321,0.991836,-0.073184,0.074227,0.073451,0.878175,-0.089490,0.469576,0.017302,0.689871,-0.479504,0.530916,0.110825
0.994526,0.016007,-0.014455,0.102243,0.978378,0.000458,-0.185257,0.091958,0.981712,-0.032132,0.166029,0.087430,0.995785,0.000024,-0.002371,0.091684,0.953109,-0.116198,-0.274778,0.050779,0.977476,-0.043275,0.183336,-0.095160,0.991831,0.030153,0.077016,-0.097116,0.996160,0.006137,0.003538,0.087262,0.993333,0.049979,0.041733,0.095131,0.851365,0.011958,0.518443,0.079070,0.609098,0.474952,0.616408,-0.153173,0.991719,-0.075867,0.075022,0.071478,0.879126,-0.090848,0.467644,0.013911,0.690590,-0.480997,0.529723,0.105459
0.994773,0.017854,-0.012091,0.099805,0.978220,-0.000239,-0.187752,0.088509,0.982638,-0.033276,0.160281,0.087321,0.995785,0.000115,-0.002548,0.091682,0.955094,-0.117765,-0.267478,0.048819,0.970260,-0.037431,0.215494,-0.103710,0.988686,0.033634,0.098987,-0.107562,0.996359,0.006241,0.004058,0.084932,0.993118,0.046093,0.050571,0.095051,0.840305,0.007873,0.536688,0.076096,0.596126,0.462013,0.633334,-0.173396,0.991633,-0.078452,0.075398,0.069452,0.880013,-0.091919,0.465866,0.009910,0.691138,-0.482079,0.529181,0.099475
0.995041,0.019842,-0.009422,0.097006,0.978104,-0.000899,-0.190127,0.084643,0.983591,-0.034391,0.154181,0.087139,0.995794,0.000219,-0.002729,0.091582,0.957480,-0.118004,-0.259016,0.047098,0.962058,-0.032547,0.247873,-0.109287,0.985076,0.036580,0.122536,-0.115208,0.996580,0.006553,0.004647,0.082247,0.992842,0.041957,0.059440,0.094721,0.829863,0.004024,0.553235,0.072404,0.582129,0.452654,0.647945,-0.190780,0.991626,-0.080843,0.074918,0.067298,0.880790,-0.092377,0.464385,0.004658,0.691390,-0.482306,0.529958,0.092228
0.995357,0.021859,-0.006622,0.093501,0.978017,-0.001426,-0.192526,0.080086,0.984523,-0.035461,0.148031,0.086850,0.995814,0.000355,-0.002905,0.091353,0.960208,-0.116919,-0.249561,0.045275,0.953141,-0.028548,0.279436,-0.112354,0.980801,0.041279,0.147370,-0.120864,0.996835,0.007043,0.005254,0.079011,0.992525,0.037366,0.068293,0.093986,0.819978,-0.000763,0.568112,0.069880,0.569306,0.444440,0.661041,-0.203442,0.991763,-0.082356,0.073709,0.064731,0.881741,-0.091987,0.462678,-0.000271,0.691570,-0.482297,0.530899,0.085246
0.995680,0.023892,-0.003756,0.089642,0.977932,-0.001913,-0.194924,0.075169,0.985422,-0.036544,0.141872,0.086485,0.995843,0.000473,-0.003061,0.091033,0.963046,-0.115118,-0.239600,0.043376,0.943389,-0.024948,0.310442,-0.114108,0.975795,0.046861,0.172764,-0.125620,0.997099,0.007612,0.005874,0.075503,0.992128,0.032576,0.077149,0.093107,0.810246,-0.005998,0.582104,0.067979,0.556956,0.436814,0.673277,-0.213757,0.991965,-0.083450,0.072142,0.061951,0.882763,-0.091184,0.460858,-0.005050,0.691684,-0.482162,0.531929,0.078390
0.996075,0.025752,-0.000693,0.084687,0.977882,-0.002051,-0.197325,0.069319,0.986294,-0.037443,0.135691,0.086079,0.995879,0.000674,-0.003201,0.090630,0.966516,-0.111795,-0.227239,0.041371,0.933835,-0.022498,0.338433,-0.113615,0.970107,0.052657,0.198967,-0.128575,0.997403,0.008184,0.006690,0.071237,0.991652,0.028041,0.086325,0.091589,0.801230,-0.011760,0.594346,0.068153,0.546855,0.427769,0.685119,-0.220398,0.992250,-0.083828,0.070718,0.058410,0.883812,-0.089557,0.459086,-0.009851,0.692356,-0.481942,0.531971,0.073368
0.996445,0.027473,0.002365,0.079606,0.977762,-0.002092,-0.199895,0.063396,0.987110,-0.038323,0.129629,0.085680,0.995916,0.000844,-0.003311,0.090219,0.969982,-0.107985,-0.214288,0.039423,0.924024,-0.020220,0.364866,-0.112444,0.963688,0.058775,0.225035,-0.131189,0.997687,0.008691,0.007622,0.066988,0.991114,0.023833,0.095015,0.089985,0.792819,-0.017074,0.605359,0.068452,0.537837,0.419318,0.695387,-0.226586,0.992529,-0.084242,0.069068,0.054947,0.884879,-0.088113,0.457189,-0.014244,0.693106,-0.482070,0.531505,0.068669
0.996804,0.028920,0.005414,0.074277,0.977531,-0.001889,-0.202832,0.057356,0.987861,-0.039100,0.123773,0.085339,0.995950,0.001022,-0.003396,0.089840,0.973571,-0.103312,-0.200174,0.037630,0.914663,-0.018416,0.388508,-0.110063,0.956564,0.065481,0.250987,-0.133057,0.997948,0.009085,0.008775,0.062769,0.990597,0.020209,0.102712,0.088083,0.785952,-0.021561,0.614057,0.068909,0.531428,0.412147,0.702790,-0.231960,0.992813,-0.084692,0.066948,0.051642,0.886029,-0.087001,0.455046,-0.017808,0.694070,-0.482883,0.530013,0.064626
0.997147,0.030267,0.008091,0.068676,0.977070,-0.001209,-0.206685,0.051126,0.988475,-0.039667,0.118831,0.084985,0.995986,0.001281,-0.003435,0.089434,0.977158,-0.097746,-0.185279,0.035765,0.906075,-0.016825,0.409118,-0.106623,0.949343,0.071842,0.275083,-0.133852,0.998190,0.009639,0.009921,0.058527,0.990217,0.017340,0.108725,0.085721,0.780618,-0.025003,0.620641,0.069388,0.526632,0.404922,0.708855,-0.237111,0.993108,-0.085176,0.064325,0.048417,0.887232,-0.086246,0.452728,-0.020462,0.695630,-0.483849,0.527556,0.060617
0.997462,0.031564,0.010582,0.062937,0.976459,-0.000340,-0.210999,0.044803,0.989017,-0.040203,0.114341,0.084593,0.996025,0.001505,-0.003458,0.088990,0.980598,-0.091613,-0.169988,0.033737,0.897754,-0.015123,0.428114,-0.102601,0.941805,0.078172,0.298152,-0.134159,0.998412,0.010272,0.011061,0.054273,0.989895,0.014860,0.113904,0.083142,0.776040,-0.027906,0.626176,0.069901,0.522607,0.397645,0.714244,-0.242107,0.993395,-0.085697,0.061454,0.045220,0.888456,-0.085685,0.450322,-0.022681,0.697460,-0.484897,0.524615,0.056599
0.997822,0.032067,0.012284,0.056323,0.975781,0.001105,-0.215387,0.038196,0.989505,-0.040227,0.110419,0.084083,0.996079,0.001866,-0.003520,0.088377,0.983928,-0.084622,-0.154127,0.031129,0.891878,-0.013334,0.441316,-0.098059,0.934341,0.078149,0.321728,-0.131875,0.998645,0.010493,0.012037,0.049527,0.989782,0.013693,0.117595,0.079468,0.773677,-0.029192,0.628931,0.070836,0.520631,0.391904,0.717930,-0.244809,0.993679,-0.085965,0.059202,0.041313,0.889642,-0.084911,0.448015,-0.024695,0.699875,-0.486048,0.520727,0.052680
0.998155,0.032401,0.013742,0.049469,0.975104,0.002610,-0.219478,0.031551,0.990000,-0.040187,0.106297,0.083578,0.996133,0.002211,-0.003592,0.087755,0.986950,-0.077670,-0.138248,0.028014,0.887088,-0.011396,0.451828,-0.093788,0.926010,0.078326,0.345728,-0.129779,0.998863,0.010678,0.012925,0.044621,0.989764,0.013067,0.120483,0.075370,0.772278,-0.029548,0.630569,0.071388,0.519779,0.388257,0.719753,-0.247069,0.993956,-0.086176,0.056925,0.037214,0.890900,-0.084115,0.445550,-0.026594,0.702612,-0.487024,0.516478,0.048936
0.998478,0.032395,0.014712,0.042136,0.974500,0.004336,-0.222968,0.024806,0.990525,-0.039862,0.101791,0.083130,0.996185,0.002678,-0.003669,0.087144,0.989648,-0.071036,-0.122337,0.024177,0.884740,-0.009618,0.457183,-0.090142,0.916454,0.078507,0.370820,-0.128226,0.999072,0.010793,0.013636,0.039394,0.989970,0.013480,0.121745,0.070392,0.772856,-0.028113,0.629958,0.071102,0.521273,0.388812,0.717860,-0.248549,0.994239,-0.086238,0.054589,0.032745,0.892316,-0.083245,0.442769,-0.028239,0.706042,-0.487636,0.511506,0.045576
0.998755,0.032410,0.015530,0.034595,0.973897,0.006387,-0.226184,0.018025,0.991073,-0.039247,0.096782,0.082874,0.996225,0.003259,-0.003594,0.086668,0.992030,-0.064866,-0.106198,0.019794,0.885516,-0.007907,0.456209,-0.087597,0.908698,0.077440,0.390260,-0.126367,0.999262,0.011059,0.014228,0.033930,0.990369,0.015066,0.121497,0.064663,0.774835,-0.024742,0.627820,0.069715,0.522556,0.394066,0.713748,-0.249420,0.994526,-0.086168,0.052025,0.028052,0.893805,-0.082394,0.439836,-0.029451,0.709598,-0.487169,0.507157,0.043918
0.998978,0.032435,0.016272,0.026949,0.973256,0.008569,-0.229289,0.011246,0.991617,-0.038543,0.091483,0.082709,0.996259,0.003843,-0.003480,0.086266,0.994095,-0.058787,-0.089964,0.015010,0.887860,-0.005958,0.452029,-0.085664,0.901817,0.076035,0.406819,-0.124271,0.999424,0.011399,0.014757,0.028347,0.990838,0.017221,0.120474,0.058555,0.777506,-0.020432,0.624882,0.067745,0.523717,0.401630,0.708459,-0.249998,0.994796,-0.086053,0.049345,0.023243,0.895324,-0.081581,0.436820,-0.030464,0.713193,-0.486192,0.503106,0.043097
0.999133,0.032926,0.016916,0.019074,0.972523,0.011440,-0.232489,0.004256,0.992175,-0.037297,0.085683,0.082797,0.996277,0.004583,-0.003052,0.086033,0.995741,-0.053601,-0.074414,0.009494,0.895393,-0.003443,0.436651,-0.087151,0.908946,0.069134,0.393205,-0.120114,0.999561,0.012189,0.015080,0.022390,0.991652,0.020349,0.116535,0.051292,0.782106,-0.014629,0.619568,0.065052,0.524898,0.412488,0.701774,-0.248692,0.995089,-0.085702,0.046082,0.018132,0.896949,-0.080718,0.433601,-0.030931,0.716713,-0.482258,0.501608,0.046244
0.999225,0.033395,0.017642,0.011078,0.971742,0.014402,-0.235591,-0.002748,0.992726,-0.035973,0.079549,0.082907,0.996294,0.005239,-0.002616,0.085816,0.997025,-0.048922,-0.059461,0.003556,0.903139,-0.000727,0.419742,-0.090316,0.916875,0.062470,0.376230,-0.117855,0.999664,0.012993,0.015470,0.016237,0.992486,0.023619,0.111863,0.043595,0.787416,-0.008578,0.613214,0.062215,0.526861,0.424412,0.694014,-0.246245,0.995369,-0.085176,0.042665,0.012853,0.898649,-0.079637,0.430225,-0.031537,0.720266,-0.477158,0.501024,0.050123
0.999252,0.033823,0.018536,0.002841,0.970944,0.017618,-0.238455,-0.009819,0.993285,-0.034365,0.072812,0.083078,0.996308,0.005853,-0.002099,0.085628,0.997914,-0.045539,-0.045655,-0.002978,0.911433,0.001832,0.399940,-0.096613,0.926446,0.055809,0.352748,-0.118962,0.999729,0.013828,0.015995,0.009694,0.993403,0.027202,0.105749,0.035035,0.794155,-0.001994,0.604829,0.059131,0.530402,0.438485,0.684160,-0.241513,0.995656,-0.084265,0.038938,0.007255,0.900510,-0.078067,0.426544,-0.032381,0.723939,-0.469642,0.502264,0.055497
0.999216,0.034000,0.019680,-0.004996,0.970232,0.020905,-0.240721,-0.016305,0.993856,-0.032471,0.064995,0.083494,0.996305,0.006355,-0.001307,0.085636,0.998470,-0.042618,-0.033949,-0.009451,0.918354,0.004286,0.381906,-0.103710,0.935551,0.052749,0.326930,-0.122794,0.999747,0.014552,0.016823,0.003337,0.994308,0.031107,0.098478,0.026187,0.802162,0.004674,0.594401,0.056578,0.535787,0.453650,0.672674,-0.233761,0.995941,-0.082697,0.035492,0.001830,0.902400,-0.075701,0.422866,-0.033577,0.727863,-0.460084,0.504772,0.061183
0.999121,0.034050,0.020947,-0.012633,0.969534,0.024204,-0.242720,-0.022484,0.994389,-0.030469,0.056592,0.084017,0.996293,0.006764,-0.000421,0.085753,0.998806,-0.039880,-0.023309,-0.015917,0.924422,0.006502,0.364710,-0.111305,0.943977,0.051182,0.299816,-0.128059,0.999721,0.015222,0.017798,-0.002928,0.995120,0.035109,0.090589,0.017210,0.810712,0.011269,0.582821,0.054203,0.542037,0.469128,0.660102,-0.224453,0.996203,-0.080826,0.032172,-0.003508,0.904298,-0.072969,0.419163,-0.034964,0.731868,-0.449502,0.507759,0.067065
0.999037,0.032886,0.022175,-0.018743,0.968954,0.027215,-0.244284,-0.026688,0.994884,-0.028292,0.046660,0.085015,0.996246,0.006806,0.001050,0.086296,0.998984,-0.035876,-0.017070,-0.021274,0.929714,0.008722,0.350082,-0.114008,0.950987,0.050270,0.276530,-0.128948,0.999676,0.015110,0.018741,-0.008254,0.995827,0.039804,0.081655,0.008726,0.820416,0.018454,0.569110,0.051873,0.550723,0.485295,0.644283,-0.214690,0.996417,-0.077978,0.031640,-0.008480,0.905826,-0.069070,0.416360,-0.036778,0.736251,-0.440762,0.508543,0.071038
0.998933,0.031637,0.023367,-0.024203,0.968257,0.030232,-0.246274,-0.030225,0.995285,-0.026035,0.036435,0.086035,0.996193,0.006694,0.002997,0.086870,0.999069,-0.031869,-0.012555,-0.026211,0.934411,0.011158,0.336472,-0.116352,0.956910,0.049988,0.254888,-0.129835,0.999606,0.015058,0.019713,-0.013130,0.996398,0.044361,0.072267,0.000660,0.830310,0.025394,0.554531,0.049356,0.559660,0.500986,0.627557,-0.204856,0.996588,-0.075098,0.031640,-0.013097,0.907124,-0.065223,0.413997,-0.038451,0.740418,-0.433549,0.508315,0.073706
0.998841,0.030216,0.024486,-0.028365,0.967374,0.033299,-0.249050,-0.032450,0.995586,-0.023566,0.025716,0.087132,0.996126,0.006339,0.005983,0.087502,0.999088,-0.027957,-0.011423,-0.030184,0.938230,0.014041,0.325065,-0.117730,0.961417,0.051158,0.236814,-0.130302,0.999524,0.015129,0.020752,-0.017105,0.996857,0.048764,0.062077,-0.006637,0.840738,0.032072,0.538479,0.046596,0.569219,0.516168,0.609544,-0.194977,0.996713,-0.072122,0.032740,-0.017012,0.907976,-0.061428,0.412580,-0.039812,0.744228,-0.429334,0.506323,0.073713
0.998787,0.028484,0.025581,-0.030957,0.966578,0.035888,-0.251671,-0.033182,0.995789,-0.021009,0.014184,0.088095,0.996057,0.005783,0.009360,0.088028,0.999105,-0.024185,-0.011668,-0.032687,0.941518,0.017079,0.314869,-0.118782,0.965031,0.052323,0.221195,-0.130576,0.999448,0.015132,0.021859,-0.019929,0.997217,0.052480,0.051387,-0.012824,0.851647,0.038042,0.520937,0.043310,0.579018,0.530281,0.590914,-0.185367,0.996810,-0.069255,0.034336,-0.019879,0.908301,-0.058108,0.412297,-0.040306,0.747533,-0.426539,0.504024,0.072239
0.998753,0.026596,0.026663,-0.032765,0.965825,0.038238,-0.254207,-0.033149,0.995860,-0.018400,0.002253,0.088989,0.995975,0.005122,0.012940,0.088539,0.999117,-0.020487,-0.012604,-0.034437,0.944500,0.020181,0.305270,-0.119680,0.968128,0.053462,0.206791,-0.130795,0.999375,0.015101,0.022996,-0.022179,0.997452,0.055828,0.040428,-0.018420,0.862564,0.043584,0.502499,0.039728,0.588745,0.543636,0.571779,-0.175805,0.996887,-0.066441,0.036171,-0.022232,0.908366,-0.055016,0.412571,-0.040375,0.750583,-0.424426,0.501586,0.069986
0.998784,0.024748,0.027206,-0.032835,0.965222,0.039683,-0.256439,-0.031801,0.995865,-0.015688,-0.010244,0.088887,0.995957,0.004265,0.016982,0.088104,0.999143,-0.017220,-0.015011,-0.034521,0.946824,0.023310,0.297495,-0.120320,0.970532,0.054489,0.194846,-0.130896,0.999331,0.015205,0.023783,-0.023271,0.997532,0.059122,0.030566,-0.022387,0.874192,0.048395,0.481718,0.037337,0.601499,0.555501,0.550407,-0.163310,0.996874,-0.064147,0.039514,-0.023803,0.907499,-0.052884,0.414850,-0.039347,0.751707,-0.425968,0.498904,0.067692
0.998832,0.022993,0.027417,-0.032479,0.964597,0.040985,-0.258776,-0.030135,0.995705,-0.013112,-0.022613,0.088818,0.995909,0.003367,0.021202,0.087774,0.999157,-0.014106,-0.017866,-0.034170,0.948905,0.026427,0.290293,-0.120879,0.972751,0.054985,0.183287,-0.130908,0.999295,0.015386,0.024362,-0.024086,0.997486,0.062510,0.021112,-0.025840,0.885136,0.052969,0.460949,0.035412,0.614699,0.566106,0.528169,-0.150683,0.996850,-0.061731,0.042950,-0.025190,0.906446,-0.050727,0.417539,-0.037995,0.752339,-0.427233,0.497128,0.065746
0.998917,0.021425,0.026965,-0.031268,0.963933,0.042002,-0.261329,-0.027864,0.995382,-0.010796,-0.034733,0.088837,0.995821,0.002389,0.025764,0.087583,0.999159,-0.011289,-0.021608,-0.032982,0.950590,0.029546,0.284262,-0.121246,0.974775,0.054469,0.172540,-0.130674,0.999279,0.015723,0.024534,-0.024343,0.997329,0.066139,0.012520,-0.028336,0.895236,0.057238,0.440551,0.034517,0.629211,0.574765,0.504688,-0.137944,0.996822,-0.059076,0.046594,-0.026191,0.905015,-0.048542,0.421067,-0.035973,0.751960,-0.428024,0.497176,0.064555
0.999030,0.020187,0.025628,-0.029575,0.963084,0.042881,-0.264553,-0.025349,0.994947,-0.008806,-0.045912,0.088859,0.995714,0.001462,0.030068,0.087455,0.999123,-0.008886,-0.026320,-0.031336,0.951803,0.032682,0.279674,-0.121599,0.976734,0.053344,0.161615,-0.130484,0.999280,0.016367,0.024190,-0.024222,0.997124,0.069400,0.004344,-0.030152,0.904746,0.061173,0.420216,0.033324,0.643790,0.581301,0.481369,-0.126121,0.996789,-0.056395,0.050073,-0.026918,0.902930,-0.046189,0.425922,-0.034272,0.750856,-0.426605,0.500007,0.064943
0.999151,0.019114,0.023849,-0.027641,0.962130,0.043692,-0.268107,-0.022706,0.994407,-0.006966,-0.056613,0.088887,0.995586,0.000575,0.034247,0.087380,0.999047,-0.006681,-0.031510,-0.029442,0.952773,0.035846,0.275821,-0.121904,0.978586,0.051923,0.150608,-0.130348,0.999288,0.017168,0.023589,-0.023908,0.996862,0.072485,-0.003623,-0.031616,0.913732,0.064936,0.399820,0.031952,0.658093,0.586607,0.457854,-0.114788,0.996745,-0.053698,0.053470,-0.027502,0.900492,-0.043757,0.431426,-0.032712,0.749352,-0.424098,0.504221,0.066133
0.999296,0.018067,0.020941,-0.025334,0.960851,0.044378,-0.272777,-0.019734,0.993897,-0.005532,-0.065210,0.088807,0.995528,-0.000015,0.036108,0.087290,0.998912,-0.005148,-0.037539,-0.027178,0.953086,0.039167,0.273735,-0.123135,0.980283,0.049794,0.139057,-0.131256,0.999314,0.017971,0.022613,-0.023174,0.996544,0.075862,-0.010368,-0.032225,0.921589,0.069710,0.380753,0.029000,0.669448,0.593698,0.433933,-0.105186,0.996703,-0.052033,0.055843,-0.027518,0.897158,-0.043080,0.438628,-0.029282,0.743872,-0.422912,0.512330,0.072914
0.999437,0.016937,0.017638,-0.022968,0.959460,0.045021,-0.277725,-0.016652,0.993360,-0.004227,-0.073077,0.088758,0.995499,-0.000479,0.036944,0.087277,0.998728,-0.003831,-0.043715,-0.024821,0.953204,0.042568,0.272114,-0.124678,0.981788,0.047459,0.127479,-0.132627,0.999344,0.018705,0.021486,-0.022342,0.996181,0.079240,-0.016795,-0.032583,0.928824,0.074663,0.362025,0.025484,0.679159,0.601128,0.410075,-0.096058,0.996683,-0.050440,0.057696,-0.027377,0.893708,-0.042564,0.445885,-0.025713,0.737996,-0.421701,0.520661,0.080263
0.999576,0.015639,0.013544,-0.020484,0.957872,0.045569,-0.283243,-0.013364,0.992870,-0.003208,-0.079498,0.088765,0.995535,-0.000723,0.035718,0.087370,0.998485,-0.002963,-0.050201,-0.022316,0.952950,0.046092,0.271394,-0.126917,0.983056,0.044703,0.115829,-0.134855,0.999385,0.019295,0.020061,-0.021323,0.995797,0.082605,-0.022580,-0.032479,0.935264,0.079997,0.344157,0.020907,0.686252,0.609651,0.386870,-0.087836,0.996720,-0.048995,0.058511,-0.026936,0.890085,-0.042363,0.453293,-0.021896,0.731417,-0.420436,0.529519,0.088728
0.999696,0.014385,0.009004,-0.017859,0.956130,0.045965,-0.289141,-0.009994,0.992411,-0.002521,-0.084928,0.088889,0.995581,-0.000789,0.033930,0.087560,0.998195,-0.002280,-0.056711,-0.019650,0.952622,0.049468,0.271067,-0.128791,0.984184,0.041810,0.104403,-0.136874,0.999422,0.019968,0.018708,-0.020162,0.995439,0.085693,-0.027137,-0.031959,0.940736,0.085286,0.327872,0.015572,0.690834,0.617718,0.366609,-0.082289,0.996815,-0.047366,0.058564,-0.026192,0.886248,-0.042011,0.460943,-0.018202,0.724888,-0.418038,0.538691,0.097945
0.999790,0.013152,0.004242,-0.015163,0.954285,0.046288,-0.295219,-0.006578,0.991960,-0.001977,-0.089860,0.089087,0.995627,-0.000746,0.031862,0.087816,0.997855,-0.001686,-0.063227,-0.016893,0.952253,0.052811,0.270946,-0.130435,0.985164,0.038867,0.093105,-0.138823,0.999456,0.020684,0.017391,-0.018916,0.995089,0.088648,-0.031076,-0.031216,0.945590,0.090497,0.312368,0.009820,0.694066,0.625464,0.347803,-0.078105,0.996938,-0.045644,0.058237,-0.025281,0.882262,-0.041629,0.468689,-0.014551,0.718270,-0.415063,0.547954,0.107505
0.999852,0.012141,-0.001004,-0.012128,0.952191,0.046463,-0.301935,-0.003014,0.991564,-0.001785,-0.093833,0.089403,0.995627,-0.001048,0.030956,0.088130,0.997468,-0.001215,-0.069749,-0.013810,0.951955,0.055782,0.271056,-0.131145,0.986044,0.035927,0.082731,-0.139936,0.999484,0.021552,0.016367,-0.017330,0.994986,0.089926,-0.032195,-0.029644,0.949636,0.093329,0.299089,0.005282,0.697673,0.630312,0.332775,-0.072242,0.997078,-0.044202,0.057562,-0.023859,0.878118,-0.041732,0.476501,-0.010727,0.710304,-0.412278,0.558142,0.118201
0.999879,0.011128,-0.006399,-0.008836,0.949989,0.046505,-0.308800,0.000738,0.991170,-0.001661,-0.097627,0.089708,0.995619,-0.001571,0.030363,0.088423,0.997042,-0.000887,-0.076145,-0.010461,0.951685,0.058606,0.271135,-0.131707,0.986781,0.033026,0.072737,-0.141005,0.999513,0.022357,0.015346,-0.015430,0.994960,0.090770,-0.032481,-0.027582,0.953193,0.095444,0.286900,0.001175,0.701030,0.634318,0.319091,-0.066178,0.997204,-0.042760,0.057131,-0.022180,0.874113,-0.041915,0.483861,-0.006908,0.702528,-0.409510,0.567628,0.128664
0.999863,0.010112,-0.012094,-0.005032,0.947623,0.046278,-0.315985,0.004850,0.990802,-0.001707,-0.101074,0.089960,0.995597,-0.002565,0.030388,0.088636,0.996585,-0.000854,-0.082300,-0.006605,0.951481,0.061064,0.271133,-0.132067,0.987381,0.030167,0.063476,-0.141913,0.999549,0.023023,0.014334,-0.012931,0.995086,0.090729,-0.031111,-0.024565,0.956056,0.096221,0.276938,-0.002000,0.704096,0.636935,0.308224,-0.059669,0.997307,-0.041330,0.057189,-0.020015,0.870482,-0.042162,0.490381,-0.003126,0.695415,-0.406819,0.575881,0.138774
0.999804,0.009246,-0.017479,-0.000510,0.945130,0.045749,-0.323339,0.009367,0.990391,-0.001594,-0.105145,0.089822,0.995543,-0.004633,0.032352,0.088460,0.996135,-0.000917,-0.087802,-0.002050,0.951785,0.063046,0.269462,-0.132368,0.987916,0.027226,0.053950,-0.142726,0.999580,0.023686,0.013627,-0.009648,0.995230,0.091004,-0.028511,-0.020563,0.957608,0.097510,0.271010,-0.005594,0.703084,0.641714,0.301091,-0.056749,0.997354,-0.039665,0.058426,-0.017244,0.867208,-0.042228,0.496151,0.000798,0.689243,-0.405631,0.582030,0.147137
0.999697,0.008454,-0.022708,0.004371,0.942528,0.045092,-0.330772,0.014066,0.989944,-0.001332,-0.109538,0.089500,0.995459,-0.007167,0.035277,0.088119,0.995664,-0.001030,-0.092975,0.002854,0.952334,0.064813,0.266962,-0.132628,0.988357,0.024263,0.044300,-0.143523,0.999601,0.024334,0.013078,-0.005963,0.995363,0.091404,-0.025293,-0.016053,0.958524,0.098954,0.267116,-0.009418,0.700103,0.647506,0.295804,-0.055602,0.997362,-0.037911,0.060261,-0.014161,0.864088,-0.042241,0.501542,0.004788,0.683507,-0.405233,0.587109,0.154624
0.999564,0.007489,-0.026730,0.010038,0.940370,0.043662,-0.336794,0.019170,0.989659,0.000442,-0.114462,0.086448,0.995344,-0.020650,0.038774,0.085788,0.995448,-0.000696,-0.094910,0.008660,0.953456,0.065868,0.262427,-0.133101,0.988612,0.021638,0.036856,-0.144288,0.999612,0.024604,0.012995,-0.001340,0.995724,0.089657,-0.019792,-0.010231,0.958159,0.096973,0.269140,-0.009513,0.699183,0.648517,0.296165,-0.053435,0.997258,-0.035984,0.063820,-0.010433,0.861500,-0.041540,0.505997,0.007688,0.680229,-0.405319,0.589878,0.158270
0.999393,0.006592,-0.030453,0.015599,0.938370,0.042018,-0.342227,0.023998,0.989389,0.003037,-0.119869,0.082044,0.995066,-0.036408,0.041298,0.082543,0.995239,-0.000461,-0.096405,0.014349,0.954736,0.066606,0.257245,-0.133669,0.988786,0.019107,0.029771,-0.145091,0.999603,0.024854,0.012867,0.003288,0.996022,0.087924,-0.013856,-0.004245,0.957033,0.094804,0.273901,-0.008857,0.697152,0.649069,0.299907,-0.052396,0.997097,-0.034015,0.067775,-0.006810,0.858897,-0.040607,0.510434,0.010178,0.677456,-0.405006,0.592432,0.161394
0.999199,0.005833,-0.033581,0.020950,0.936777,0.039899,-0.346490,0.028310,0.989145,0.007095,-0.126232,0.074880,0.994503,-0.056906,0.041955,0.077234,0.995084,-0.000400,-0.097035,0.019803,0.956350,0.066700,0.250746,-0.134431,0.988881,0.016766,0.023367,-0.145901,0.999574,0.025097,0.012637,0.007909,0.996243,0.086295,-0.007039,0.002022,0.954292,0.092386,0.284158,-0.006737,0.692735,0.648772,0.310373,-0.053673,0.996852,-0.031902,0.072502,-0.003401,0.856315,-0.039138,0.514832,0.011866,0.675767,-0.403837,0.594582,0.163482
0.999007,0.005258,-0.036140,0.025530,0.935795,0.037066,-0.349169,0.031527,0.989337,0.012427,-0.130206,0.064069,0.993776,-0.078067,0.040022,0.068646,0.994943,-0.000497,-0.097422,0.024445,0.958014,0.066424,0.243942,-0.135238,0.988916,0.014849,0.017809,-0.146651,0.999533,0.025335,0.012160,0.011965,0.996404,0.084348,0.000416,0.008008,0.949907,0.089137,0.299540,-0.002798,0.686245,0.646071,0.329314,-0.056665,0.996566,-0.029911,0.077214,-0.000620,0.853726,-0.037600,0.519197,0.013132,0.674882,-0.402183,0.596058,0.165824
0.998808,0.004776,-0.038415,0.029723,0.935111,0.033871,-0.351070,0.034193,0.989605,0.018380,-0.133039,0.051419,0.992626,-0.099597,0.037161,0.058243,0.994803,-0.000677,-0.097689,0.028681,0.959676,0.065952,0.236976,-0.136069,0.988913,0.013138,0.012673,-0.147372,0.999482,0.025568,0.011562,0.015739,0.996485,0.082205,0.008176,0.013876,0.944442,0.085358,0.317395,0.002002,0.678369,0.641898,0.352298,-0.060573,0.996244,-0.028001,0.081923,0.001839,0.851118,-0.036050,0.523544,0.014168,0.674385,-0.400287,0.597213,0.168259
0.998679,0.003847,-0.038974,0.033264,0.934500,0.028963,-0.352960,0.035913,0.989851,0.021138,-0.134700,0.040056,0.993610,-0.101852,0.017801,0.045267,0.994606,-0.001665,-0.098571,0.032236,0.961373,0.064706,0.229943,-0.136753,0.988917,0.011961,0.009047,-0.147707,0.999445,0.025442,0.011109,0.018404,0.996532,0.079264,0.016837,0.018892,0.936704,0.079732,0.340783,0.009794,0.671022,0.631016,0.383487,-0.066976,0.995950,-0.027270,0.085601,0.003486,0.848375,-0.035807,0.527962,0.015289,0.671209,-0.399520,0.600188,0.172154
0.998583,0.003198,-0.038896,0.036166,0.934282,0.025364,-0.353661,0.037384,0.990351,0.025069,-0.133178,0.028985,0.994385,-0.100786,-0.001036,0.032241,0.994427,-0.002639,-0.099380,0.035107,0.963078,0.063368,0.222613,-0.137509,0.988897,0.011103,0.005810,-0.148073,0.999402,0.025546,0.010809,0.020661,0.996447,0.076737,0.025544,0.023515,0.927567,0.074246,0.365773,0.017821,0.662056,0.618769,0.416190,-0.074790,0.995671,-0.026742,0.088882,0.004902,0.845832,-0.035776,0.531996,0.016404,0.667903,-0.399045,0.603028,0.176141
0.998575,0.003113,-0.037545,0.037790,0.934916,0.024352,-0.351945,0.038397,0.991482,0.031294,-0.125067,0.018524,0.995307,-0.092850,-0.018883,0.019668,0.994303,-0.003585,-0.100044,0.036614,0.964840,0.061840,0.214705,-0.138425,0.988847,0.010877,0.003358,-0.148502,0.999356,0.026113,0.010807,0.022098,0.996208,0.075115,0.034372,0.027310,0.916076,0.069252,0.394094,0.026453,0.650460,0.604276,0.452195,-0.085280,0.995445,-0.026587,0.091362,0.005871,0.843722,-0.036133,0.535275,0.017539,0.664379,-0.399151,0.605603,0.180348
0.998633,0.003249,-0.035500,0.038237,0.935678,0.025536,-0.349751,0.039102,0.992828,0.036608,-0.113054,0.013064,0.995889,-0.085151,-0.028079,0.012911,0.994226,-0.004662,-0.100659,0.036896,0.966655,0.059989,0.206224,-0.139469,0.988781,0.010895,0.001193,-0.148967,0.999318,0.026968,0.010711,0.022838,0.995818,0.074649,0.043004,0.030408,0.902062,0.065257,0.425225,0.034766,0.634256,0.588765,0.491106,-0.099450,0.995284,-0.026725,0.093028,0.006387,0.842356,-0.036655,0.537359,0.018399,0.662611,-0.399467,0.606197,0.184114
0.998719,0.003497,-0.033108,0.038096,0.936498,0.027823,-0.347314,0.039641,0.994165,0.041483,-0.099054,0.010160,0.996408,-0.077478,-0.032942,0.009115,0.994172,-0.005807,-0.101249,0.036563,0.968450,0.057964,0.197450,-0.140566,0.988708,0.011031,-0.000827,-0.149448,0.999283,0.027969,0.010566,0.023225,0.995317,0.074764,0.051534,0.033160,0.886091,0.061573,0.457400,0.042864,0.614919,0.571758,0.530769,-0.115119,0.995156,-0.027006,0.094288,0.006673,0.841362,-0.037253,0.538848,0.019122,0.661722,-0.399878,0.605807,0.187671
0.998890,0.004099,-0.029226,0.036721,0.937911,0.031324,-0.343212,0.039328,0.995746,0.041379,-0.080782,0.015856,0.997117,-0.068702,-0.028474,0.015062,0.994110,-0.006985,-0.102360,0.034913,0.970207,0.055852,0.188607,-0.141447,0.988665,0.010894,-0.002777,-0.149716,0.999250,0.029400,0.011310,0.022522,0.994657,0.075817,0.060830,0.034784,0.867820,0.059257,0.490874,0.049194,0.593564,0.553374,0.567985,-0.137302,0.995103,-0.027814,0.094635,0.006441,0.841124,-0.038211,0.539140,0.019443,0.661994,-0.400963,0.603997,0.190212
0.999071,0.004795,-0.025142,0.034658,0.939564,0.034662,-0.338456,0.038285,0.997063,0.041077,-0.061129,0.020986,0.997769,-0.059049,-0.023591,0.020362,0.994017,-0.008172,-0.103941,0.032541,0.971812,0.053852,0.180119,-0.142260,0.988624,0.010622,-0.004556,-0.149965,0.999223,0.030859,0.012209,0.021266,0.993846,0.077401,0.070618,0.035941,0.848326,0.057872,0.523510,0.054132,0.569846,0.534671,0.602867,-0.161104,0.995086,-0.029032,0.094486,0.005851,0.841057,-0.039511,0.539148,0.019561,0.662103,-0.402178,0.602181,0.193006
0.999283,0.005679,-0.020653,0.031219,0.941708,0.037674,-0.332394,0.035804,0.998116,0.040526,-0.038698,0.024977,0.998403,-0.047670,-0.017951,0.024424,0.993858,-0.009388,-0.106460,0.028727,0.973211,0.052073,0.172361,-0.142968,0.988589,0.010066,-0.005998,-0.150182,0.999207,0.032368,0.013418,0.018922,0.992804,0.080053,0.081403,0.036137,0.827720,0.058746,0.555195,0.056450,0.542699,0.517119,0.634359,-0.188822,0.995138,-0.031086,0.093348,0.004549,0.841325,-0.041513,0.538589,0.019267,0.661872,-0.403678,0.600366,0.196293
0.999482,0.006195,-0.016295,0.027040,0.944243,0.040389,-0.325114,0.032774,0.998709,0.040085,-0.013822,0.027982,0.998794,-0.038799,-0.012911,0.027173,0.993559,-0.010818,-0.110177,0.024184,0.974320,0.050539,0.166055,-0.143431,0.988578,0.009189,-0.007277,-0.150254,0.999204,0.033497,0.014689,0.015905,0.991766,0.081674,0.091968,0.035647,0.807780,0.059530,0.583718,0.056758,0.515875,0.499656,0.661244,-0.216733,0.995285,-0.033056,0.091143,0.002715,0.842654,-0.043380,0.536370,0.018968,0.662624,-0.405370,0.597488,0.199030
0.999654,0.006528,-0.012002,0.022492,0.946918,0.042992,-0.317226,0.029424,0.998669,0.039761,0.012252,0.030492,0.999055,-0.031087,-0.008197,0.029246,0.993161,-0.012404,-0.114481,0.019269,0.975275,0.049053,0.160480,-0.143803,0.988575,0.008072,-0.008468,-0.150274,0.999200,0.034431,0.015990,0.012549,0.990677,0.082811,0.102414,0.034824,0.787816,0.060344,0.610374,0.056098,0.488591,0.481669,0.685290,-0.244235,0.995469,-0.035007,0.088408,0.000594,0.844497,-0.045201,0.533323,0.018638,0.663817,-0.407189,0.594099,0.201469
0.999791,0.006460,-0.008339,0.017501,0.949823,0.046325,-0.308238,0.026076,0.997759,0.039319,0.041890,0.034289,0.999212,-0.022640,-0.002467,0.032502,0.992512,-0.014001,-0.120536,0.013955,0.975961,0.048127,0.156718,-0.143608,0.988636,0.006741,-0.009398,-0.149882,0.999196,0.035132,0.017380,0.008400,0.989267,0.084358,0.114490,0.033571,0.770370,0.061572,0.632141,0.056008,0.467424,0.466665,0.701655,-0.267242,0.995626,-0.037209,0.085664,-0.002320,0.847806,-0.045997,0.528081,0.015476,0.668335,-0.408179,0.588908,0.199763
0.999891,0.006252,-0.004842,0.012501,0.952685,0.050488,-0.298859,0.022915,0.995863,0.038812,0.072032,0.039523,0.999197,-0.014294,0.004309,0.037182,0.991708,-0.015650,-0.127259,0.008646,0.976555,0.047315,0.153588,-0.143222,0.988719,0.005338,-0.010192,-0.149338,0.999174,0.035764,0.018882,0.004012,0.987778,0.085131,0.126546,0.032160,0.753873,0.061804,0.651670,0.056409,0.448176,0.451373,0.716420,-0.286607,0.995804,-0.039177,0.082524,-0.005428,0.851343,-0.046398,0.522418,0.011910,0.673433,-0.408865,0.583719,0.196443
0.999954,0.005767,-0.001679,0.007483,0.955552,0.056250,-0.288702,0.020187,0.992791,0.038062,0.103196,0.047624,0.998890,-0.006303,0.013170,0.044776,0.990643,-0.017321,-0.135337,0.003364,0.976991,0.046856,0.151713,-0.142398,0.988854,0.003926,-0.010728,-0.148449,0.999129,0.036265,0.020611,-0.000843,0.986285,0.084297,0.138593,0.030475,0.740057,0.060007,0.667370,0.057723,0.433765,0.436823,0.728885,-0.299599,0.996040,-0.040647,0.078576,-0.008889,0.855374,-0.045976,0.515911,0.007572,0.679784,-0.408848,0.578513,0.189893
0.999982,0.005343,0.000910,0.002606,0.958434,0.063278,-0.277648,0.017644,0.988536,0.037263,0.134460,0.057688,0.998182,0.002419,0.025684,0.054464,0.989316,-0.019006,-0.144535,-0.001803,0.977283,0.046694,0.150902,-0.141301,0.989018,0.002755,-0.011076,-0.147356,0.999053,0.036917,0.022253,-0.005881,0.984757,0.083013,0.150129,0.028705,0.728259,0.057775,0.680287,0.059251,0.421218,0.422757,0.740311,-0.309502,0.996248,-0.041668,0.074796,-0.012621,0.859785,-0.044400,0.508721,0.001603,0.687221,-0.408517,0.573523,0.178642
0.999980,0.004949,0.003213,-0.002201,0.961191,0.071016,-0.266161,0.015045,0.983137,0.036441,0.165501,0.068724,0.997015,0.011700,0.039956,0.065023,0.987785,-0.020754,-0.154279,-0.006905,0.977505,0.046546,0.150626,-0.140108,0.989192,0.001566,-0.011329,-0.146180,0.998946,0.037642,0.023844,-0.011013,0.983145,0.081558,0.161393,0.026946,0.717413,0.055381,0.691761,0.060975,0.409493,0.408896,0.751132,-0.317680,0.996427,-0.042494,0.071098,-0.016502,0.864315,-0.042294,0.501142,-0.005215,0.695025,-0.407979,0.568583,0.164944
0.999959,0.004744,0.004685,-0.006187,0.964202,0.079473,-0.252656,0.012816,0.976726,0.035866,0.195400,0.080857,0.995110,0.022563,0.058113,0.076616,0.986170,-0.022329,-0.163842,-0.011214,0.977704,0.046492,0.150546,-0.138815,0.989378,0.000889,-0.011456,-0.144913,0.998824,0.038510,0.024918,-0.015676,0.981989,0.079622,0.169488,0.025127,0.711707,0.052408,0.697644,0.063402,0.407195,0.401425,0.755545,-0.319691,0.996592,-0.042267,0.067888,-0.020210,0.869278,-0.038836,0.492632,-0.012704,0.704302,-0.406637,0.562555,0.148785
0.999926,0.004531,0.005904,-0.009634,0.967130,0.087594,-0.238484,0.010605,0.969522,0.035380,0.224065,0.092571,0.992632,0.033873,0.076704,0.087466,0.984538,-0.024016,-0.172871,-0.014990,0.977928,0.046164,0.150206,-0.137709,0.989543,0.000192,-0.011550,-0.143773,0.998699,0.039318,0.025691,-0.019884,0.981065,0.077744,0.175842,0.023382,0.706958,0.049496,0.702431,0.065968,0.405398,0.393994,0.759877,-0.320948,0.996704,-0.041981,0.065256,-0.023662,0.874047,-0.035364,0.484127,-0.020299,0.713636,-0.404710,0.556176,0.132670
0.999897,0.004305,0.006614,-0.012004,0.970166,0.094872,-0.222937,0.008739,0.961842,0.035042,0.250855,0.103458,0.989540,0.045683,0.096330,0.097182,0.983011,-0.025815,-0.180858,-0.017717,0.978204,0.045560,0.149339,-0.136890,0.989677,-0.000265,-0.011584,-0.142848,0.998595,0.040011,0.025872,-0.023176,0.980727,0.075874,0.178742,0.021671,0.704232,0.046567,0.705111,0.068602,0.404725,0.386621,0.763986,-0.321010,0.996745,-0.041516,0.063790,-0.026574,0.878575,-0.031773,0.475720,-0.028035,0.723444,-0.401726,0.549179,0.116820
0.999881,0.004068,0.006997,-0.013099,0.973145,0.101085,-0.206675,0.007479,0.954015,0.034846,0.275313,0.113333,0.985962,0.055168,0.116729,0.105878,0.981763,-0.027691,-0.187102,-0.019199,0.978654,0.044489,0.147141,-0.136409,0.989778,-0.000583,-0.011600,-0.142142,0.998532,0.040501,0.025563,-0.025317,0.981087,0.074439,0.177578,0.019830,0.704621,0.044999,0.704756,0.069305,0.404487,0.382877,0.765614,-0.321917,0.996755,-0.041043,0.063051,-0.028612,0.882566,-0.028737,0.468022,-0.034742,0.732039,-0.399910,0.541952,0.102365
0.999875,0.003827,0.007217,-0.013557,0.975937,0.106751,-0.190026,0.006446,0.945859,0.034803,0.298472,0.122693,0.981877,0.063548,0.137463,0.113944,0.980651,-0.029595,-0.192473,-0.020068,0.979181,0.043206,0.144275,-0.136100,0.989862,-0.000815,-0.011605,-0.141556,0.998489,0.040888,0.025007,-0.026881,0.981789,0.073206,0.174385,0.017902,0.706570,0.044091,0.702889,0.069007,0.404479,0.380952,0.766000,-0.323289,0.996752,-0.040564,0.062674,-0.030211,0.886249,-0.026016,0.460662,-0.040950,0.739900,-0.398663,0.534580,0.088540
0.999897,0.003010,0.007613,-0.011813,0.978665,0.110738,-0.172914,0.007179,0.938782,0.034580,0.316664,0.131216,0.977549,0.070085,0.157351,0.121351,0.980171,-0.031710,-0.194714,-0.018594,0.980029,0.041132,0.138791,-0.136340,0.989894,-0.000950,-0.011601,-0.141332,0.998540,0.040470,0.024180,-0.026384,0.983210,0.073363,0.166316,0.015978,0.713044,0.046954,0.696622,0.063887,0.404515,0.392038,0.758648,-0.327302,0.996789,-0.039470,0.062844,-0.030064,0.889150,-0.023487,0.454760,-0.045331,0.745669,-0.398131,0.528828,0.076227
0.999920,0.002043,0.008127,-0.009492,0.981138,0.113882,-0.155986,0.008269,0.931982,0.034545,0.333113,0.138751,0.973155,0.075558,0.175887,0.127769,0.979803,-0.033964,-0.196366,-0.016533,0.980905,0.038863,0.132748,-0.136720,0.989909,-0.001071,-0.011582,-0.141225,0.998612,0.039841,0.023312,-0.025344,0.984764,0.073640,0.156897,0.014117,0.721430,0.049710,0.688137,0.059450,0.407692,0.404677,0.749584,-0.328860,0.996842,-0.038280,0.063038,-0.029428,0.891750,-0.021217,0.449376,-0.048920,0.750694,-0.397477,0.523674,0.065088
0.999942,0.000776,0.008877,-0.006019,0.983427,0.115373,-0.139481,0.010273,0.926273,0.034668,0.346381,0.144349,0.969243,0.078757,0.191801,0.132583,0.979666,-0.036510,-0.196837,-0.013293,0.981858,0.036181,0.125588,-0.137383,0.989893,-0.001183,-0.011538,-0.141340,0.998727,0.038796,0.022367,-0.023216,0.986601,0.074181,0.144784,0.012402,0.733623,0.052189,0.675200,0.056373,0.417223,0.420261,0.737049,-0.325676,0.996925,-0.036894,0.063286,-0.027812,0.893843,-0.019380,0.445063,-0.050881,0.754542,-0.396639,0.519767,0.056442
0.999953,-0.000147,0.009489,-0.001956,0.985470,0.115695,-0.123709,0.012643,0.921902,0.035084,0.356190,0.148307,0.965298,0.080776,0.207788,0.136014,0.979537,-0.039346,-0.197141,-0.009694,0.982773,0.033257,0.118155,-0.138169,0.989861,-0.001368,-0.011460,-0.141569,0.998848,0.037861,0.021150,-0.020541,0.988400,0.075176,0.131498,0.011022,0.748498,0.054062,0.658586,0.055613,0.432352,0.439460,0.721642,-0.314928,0.997020,-0.035950,0.063251,-0.025639,0.895263,-0.018766,0.442260,-0.050576,0.756692,-0.396755,0.516922,0.052863
0.999946,-0.000896,0.010032,0.002401,0.987287,0.115348,-0.108295,0.015227,0.918208,0.035576,0.364285,0.151411,0.961216,0.082088,0.223792,0.138720,0.979396,-0.042325,-0.197375,-0.005916,0.983639,0.030213,0.110556,-0.138993,0.989820,-0.001583,-0.011392,-0.141859,0.998965,0.036986,0.019796,-0.017590,0.990064,0.076454,0.117601,0.009872,0.764419,0.055624,0.639865,0.056058,0.449872,0.460043,0.704308,-0.299878,0.997117,-0.035224,0.063077,-0.023185,0.896352,-0.018750,0.440212,-0.049131,0.758029,-0.397349,0.514606,0.051832
0.999922,-0.001279,0.010250,0.007031,0.989018,0.113093,-0.093448,0.017909,0.917121,0.036296,0.366705,0.151981,0.957705,0.084473,0.237557,0.138680,0.979063,-0.045679,-0.198356,-0.002147,0.984376,0.027087,0.103647,-0.139738,0.989784,-0.002042,-0.011288,-0.142110,0.999077,0.036089,0.018290,-0.014400,0.991481,0.078278,0.103706,0.009064,0.783192,0.057211,0.616436,0.057816,0.473826,0.483288,0.681321,-0.278788,0.997234,-0.035985,0.061799,-0.020250,0.896116,-0.020700,0.440937,-0.046077,0.756222,-0.399695,0.514783,0.058051
0.999874,-0.001531,0.010459,0.011835,0.990540,0.110060,-0.079264,0.020842,0.917171,0.037157,0.366822,0.151191,0.955279,0.082727,0.247924,0.138321,0.978605,-0.049227,-0.199764,0.001658,0.985040,0.023916,0.097043,-0.140382,0.989757,-0.002567,-0.011205,-0.142298,0.999179,0.035160,0.016890,-0.010982,0.992727,0.079827,0.089706,0.008572,0.802131,0.058449,0.591283,0.059613,0.498512,0.505309,0.656187,-0.256060,0.997354,-0.036978,0.060241,-0.017005,0.895732,-0.023026,0.441941,-0.042683,0.753689,-0.402343,0.515616,0.064900
0.999798,-0.001520,0.010653,0.016988,0.991887,0.105643,-0.066432,0.024238,0.919489,0.038323,0.362282,0.147728,0.955241,0.072874,0.251547,0.137579,0.977925,-0.053164,-0.202004,0.005532,0.985612,0.020657,0.091099,-0.140867,0.989747,-0.003235,-0.011121,-0.142363,0.999268,0.034157,0.015706,-0.007110,0.993832,0.080739,0.075537,0.008574,0.821934,0.058999,0.563179,0.061422,0.525546,0.525676,0.627751,-0.231071,0.997483,-0.038435,0.058121,-0.013144,0.895060,-0.026107,0.443504,-0.038614,0.749724,-0.405598,0.517762,0.072988
0.999687,-0.002104,0.011016,0.022349,0.993067,0.099317,-0.056201,0.028206,0.924167,0.039071,0.352906,0.140877,0.958973,0.061193,0.242314,0.133829,0.976780,-0.057779,-0.206086,0.009542,0.986099,0.017319,0.086116,-0.141046,0.989774,-0.004154,-0.011034,-0.142154,0.999354,0.032452,0.015168,-0.002785,0.994774,0.080931,0.061604,0.008954,0.842436,0.058606,0.531791,0.063754,0.556205,0.543134,0.595389,-0.202863,0.997587,-0.040343,0.055837,-0.008694,0.894321,-0.029825,0.445110,-0.034314,0.745055,-0.409420,0.520380,0.080452
0.999543,-0.002986,0.011463,0.027814,0.994103,0.091998,-0.047309,0.032507,0.929920,0.039166,0.340885,0.132337,0.964317,0.048002,0.226564,0.128289,0.975356,-0.062681,-0.211109,0.013581,0.986531,0.014027,0.081579,-0.141088,0.989814,-0.005119,-0.010975,-0.141848,0.999425,0.030397,0.014946,0.001768,0.995537,0.080825,0.047767,0.009594,0.862521,0.057808,0.498293,0.066476,0.587420,0.558175,0.560092,-0.172266,0.997659,-0.042462,0.053465,-0.003941,0.893529,-0.033874,0.446726,-0.029905,0.739983,-0.413528,0.523216,0.087545
0.999350,-0.004272,0.011188,0.034009,0.994767,0.085155,-0.041751,0.038000,0.935372,0.039146,0.329395,0.122662,0.970417,0.033363,0.206115,0.121220,0.973525,-0.068242,-0.217399,0.018153,0.986891,0.010591,0.078234,-0.140759,0.989908,-0.006455,-0.010351,-0.141187,0.999466,0.028101,0.014973,0.007314,0.996074,0.081254,0.033352,0.011079,0.881411,0.058439,0.463852,0.067382,0.616412,0.571209,0.522071,-0.145599,0.997629,-0.044910,0.052127,0.001668,0.893786,-0.039189,0.446163,-0.023464,0.735020,-0.418564,0.525078,0.094037
0.999113,-0.005674,0.010741,0.040313,0.995211,0.078953,-0.037459,0.043799,0.940100,0.038204,0.318712,0.114785,0.975882,0.017161,0.184449,0.115489,0.971458,-0.074019,-0.224221,0.022683,0.987222,0.007124,0.075113,-0.140355,0.990005,-0.007894,-0.009701,-0.140477,0.999467,0.025805,0.015227,0.012925,0.996365,0.081974,0.019334,0.012809,0.898431,0.059830,0.429777,0.067337,0.641868,0.583193,0.483275,-0.119736,0.997516,-0.047565,0.051437,0.007295,0.893760,-0.044643,0.445983,-0.017304,0.730086,-0.423867,0.526594,0.100055
0.998826,-0.007311,0.009951,0.046837,0.995350,0.074141,-0.035618,0.050122,0.943556,0.036326,0.310099,0.110547,0.980570,-0.000953,0.160485,0.112809,0.968998,-0.080307,-0.232064,0.027192,0.987517,0.003459,0.072508,-0.139790,0.990119,-0.009668,-0.008929,-0.139613,0.999422,0.023504,0.015948,0.018661,0.996410,0.083119,0.006149,0.014874,0.913222,0.062583,0.397320,0.065161,0.662705,0.594685,0.444755,-0.096769,0.997274,-0.050666,0.052053,0.012947,0.893238,-0.050370,0.446600,-0.011716,0.725317,-0.429692,0.527443,0.105284
0.998540,-0.008246,0.008676,0.052681,0.995373,0.069466,-0.035854,0.055878,0.946057,0.032899,0.303361,0.108930,0.984161,-0.011746,0.137742,0.110976,0.966243,-0.086673,-0.240688,0.030505,0.987777,-0.000327,0.070103,-0.139222,0.990221,-0.011852,-0.008133,-0.138764,0.999331,0.022013,0.017003,0.023733,0.996280,0.084341,-0.006421,0.016459,0.926004,0.066214,0.366636,0.060910,0.679850,0.604166,0.408515,-0.076825,0.996989,-0.053344,0.053332,0.017958,0.892609,-0.055244,0.447378,-0.007088,0.722126,-0.435046,0.526654,0.109111
0.998241,-0.008830,0.007159,0.058184,0.995314,0.064871,-0.037152,0.061338,0.948074,0.028758,0.297532,0.108643,0.987047,-0.018731,0.115511,0.109750,0.963273,-0.093016,-0.249712,0.033126,0.987997,-0.004091,0.067778,-0.138748,0.990299,-0.014168,-0.007343,-0.138036,0.999210,0.020912,0.018222,0.028470,0.995993,0.085629,-0.018683,0.017812,0.937342,0.070258,0.336695,0.055589,0.694698,0.612161,0.373143,-0.058451,0.996671,-0.055828,0.054934,0.022647,0.891920,-0.059700,0.448224,-0.002944,0.719725,-0.440160,0.525028,0.112253
0.998043,-0.008052,0.004569,0.061845,0.995266,0.059863,-0.040564,0.064943,0.949445,0.022978,0.293114,0.110051,0.988882,-0.020123,0.097887,0.110113,0.960287,-0.098891,-0.258761,0.033338,0.988255,-0.008256,0.064403,-0.138330,0.990345,-0.017315,-0.006543,-0.137381,0.999087,0.020929,0.019552,0.031706,0.995551,0.087774,-0.029071,0.018112,0.946177,0.076374,0.310992,0.046917,0.705153,0.619743,0.341124,-0.048084,0.996387,-0.057577,0.056809,0.025908,0.890999,-0.063147,0.449592,0.000827,0.718185,-0.444673,0.522617,0.115532
0.997879,-0.007186,0.001749,0.064673,0.995196,0.054847,-0.044645,0.067702,0.950584,0.016955,0.289235,0.111564,0.990278,-0.020560,0.081474,0.110852,0.957289,-0.104387,-0.267642,0.032691,0.988488,-0.012340,0.060481,-0.138132,0.990342,-0.020553,-0.005737,-0.136996,0.998974,0.020950,0.020859,0.034306,0.995042,0.089876,-0.038575,0.018034,0.953685,0.082347,0.286812,0.037984,0.714224,0.625944,0.310703,-0.039263,0.996106,-0.059347,0.058611,0.028560,0.889949,-0.066677,0.451133,0.004878,0.716418,-0.449389,0.520045,0.119785
0.997810,-0.006143,-0.001534,0.065836,0.995131,0.049806,-0.050002,0.068797,0.951296,0.010404,0.286534,0.113251,0.991200,-0.019229,0.067636,0.112151,0.954392,-0.109247,-0.276168,0.030523,0.988716,-0.016421,0.055502,-0.138167,0.990278,-0.024111,-0.004885,-0.136908,0.998899,0.021007,0.022128,0.035638,0.994548,0.091833,-0.046319,0.017164,0.959521,0.088091,0.265971,0.028619,0.721661,0.630373,0.284106,-0.033444,0.995856,-0.061124,0.060291,0.029991,0.888657,-0.070347,0.453046,0.009495,0.714192,-0.454499,0.517190,0.125994
0.997831,-0.005359,-0.004916,0.065432,0.995085,0.044810,-0.055954,0.068319,0.952248,0.004045,0.283121,0.114231,0.991921,-0.017409,0.054796,0.113083,0.951887,-0.113156,-0.283465,0.027447,0.988976,-0.020371,0.048682,-0.138355,0.990164,-0.027730,-0.004209,-0.137069,0.998874,0.020727,0.023191,0.035826,0.994077,0.094158,-0.051913,0.015835,0.963602,0.094202,0.249494,0.018692,0.724253,0.636147,0.264204,-0.031170,0.995658,-0.062617,0.061888,0.030217,0.887356,-0.073623,0.454951,0.014111,0.711335,-0.459578,0.515084,0.132206
0.997888,-0.004705,-0.008348,0.064244,0.995015,0.039830,-0.062187,0.067017,0.953290,-0.002238,0.279385,0.114795,0.992463,-0.015365,0.042496,0.113910,0.949558,-0.116595,-0.290128,0.023911,0.989199,-0.024288,0.040965,-0.138630,0.990012,-0.031408,-0.003597,-0.137396,0.998874,0.020281,0.024153,0.035433,0.993614,0.096657,-0.056440,0.014287,0.966709,0.100409,0.235204,0.008443,0.724477,0.642535,0.247675,-0.030638,0.995486,-0.063965,0.063448,0.029835,0.886032,-0.076685,0.456854,0.018723,0.708139,-0.464610,0.513338,0.138419
0.998018,-0.004172,-0.011593,0.061716,0.995139,0.034883,-0.065984,0.064250,0.954561,-0.007505,0.275331,0.113796,0.992848,-0.014148,0.034159,0.113512,0.948389,-0.118465,-0.293450,0.020284,0.989423,-0.027790,0.031245,-0.138900,0.989765,-0.036777,-0.002639,-0.137861,0.998930,0.019559,0.024402,0.034063,0.993471,0.097815,-0.057287,0.012849,0.968351,0.104654,0.226589,-0.001006,0.722969,0.648422,0.236504,-0.030506,0.995438,-0.064178,0.064693,0.028270,0.885032,-0.077809,0.458475,0.021546,0.706182,-0.465649,0.513924,0.142692
0.998156,-0.003610,-0.014700,0.058791,0.995300,0.030032,-0.068938,0.061029,0.956001,-0.012404,0.270616,0.112586,0.993142,-0.013186,0.026794,0.113039,0.947611,-0.119909,-0.295600,0.016617,0.989503,-0.030919,0.020992,-0.139595,0.989367,-0.043324,-0.001792,-0.138825,0.999004,0.018833,0.024283,0.032347,0.993469,0.098193,-0.056982,0.011412,0.969442,0.107674,0.220210,-0.009796,0.722276,0.652274,0.227757,-0.031352,0.995442,-0.063792,0.065863,0.026245,0.884133,-0.077911,0.460100,0.023393,0.705033,-0.465058,0.515174,0.145757
0.998324,-0.002989,-0.017529,0.055072,0.995580,0.025385,-0.070229,0.056961,0.957820,-0.016553,0.264530,0.111047,0.993366,-0.012710,0.021323,0.112281,0.947647,-0.120497,-0.295431,0.012887,0.989385,-0.033277,0.009636,-0.141128,0.988674,-0.052186,-0.001194,-0.140712,0.999113,0.018095,0.023429,0.029956,0.993746,0.097026,-0.054360,0.009981,0.969680,0.108446,0.218324,-0.017162,0.723209,0.652401,0.223994,-0.034178,0.995547,-0.062212,0.066878,0.023312,0.883453,-0.075994,0.461727,0.023297,0.705521,-0.461239,0.517746,0.146415
0.998491,-0.002719,-0.019380,0.051313,0.995877,0.021115,-0.070609,0.052895,0.959794,-0.020145,0.257562,0.109784,0.993509,-0.012330,0.017255,0.111761,0.948225,-0.120131,-0.293840,0.009838,0.989272,-0.035303,-0.000850,-0.141752,0.988331,-0.055891,-0.003801,-0.141647,0.999219,0.017122,0.022703,0.027422,0.994171,0.095431,-0.049376,0.008907,0.968681,0.108305,0.222242,-0.023158,0.722398,0.652099,0.226533,-0.039882,0.995642,-0.060023,0.068485,0.020085,0.882282,-0.073198,0.464446,0.022583,0.705746,-0.456111,0.521795,0.147021
0.998651,-0.002624,-0.020741,0.047533,0.996169,0.017039,-0.070520,0.048833,0.961795,-0.023459,0.250168,0.108701,0.993607,-0.011988,0.013917,0.111387,0.949066,-0.119271,-0.291544,0.007117,0.989123,-0.037131,-0.010910,-0.141911,0.988177,-0.056996,-0.008027,-0.142103,0.999320,0.016031,0.022045,0.024816,0.994636,0.093641,-0.043201,0.008003,0.967017,0.107726,0.229047,-0.028481,0.720630,0.651591,0.232186,-0.047023,0.995721,-0.057522,0.070377,0.016699,0.880857,-0.069946,0.467690,0.021559,0.705824,-0.450300,0.526555,0.147589
0.998814,-0.003372,-0.020855,0.043877,0.996436,0.013703,-0.069991,0.045041,0.963966,-0.025863,0.241778,0.107909,0.993673,-0.011731,0.011514,0.111105,0.949802,-0.116790,-0.290187,0.005262,0.989420,-0.038570,-0.018099,-0.138681,0.988692,-0.053997,-0.016414,-0.138935,0.999423,0.014431,0.021603,0.021868,0.995299,0.090227,-0.034458,0.007250,0.963639,0.104716,0.243883,-0.030912,0.717378,0.648462,0.248585,-0.055425,0.995746,-0.054971,0.072827,0.012834,0.878640,-0.066364,0.472435,0.019815,0.704598,-0.443799,0.533466,0.148322
0.998959,-0.004274,-0.020754,0.040408,0.996661,0.010662,-0.069521,0.041476,0.965977,-0.028029,0.233658,0.107268,0.993718,-0.011496,0.009604,0.110908,0.950661,-0.113835,-0.288566,0.003827,0.989889,-0.039791,-0.022460,-0.134286,0.989408,-0.049701,-0.022937,-0.134444,0.999515,0.012822,0.021138,0.018942,0.995909,0.086504,-0.025255,0.006611,0.959434,0.101296,0.261064,-0.032722,0.713476,0.643935,0.268345,-0.065500,0.995726,-0.052577,0.075406,0.008935,0.876264,-0.062904,0.477367,0.018012,0.702927,-0.437621,0.540547,0.148964
0.999084,-0.005488,-0.020225,0.037316,0.996831,0.008203,-0.069195,0.038366,0.967781,-0.029716,0.226049,0.106858,0.993739,-0.011324,0.008625,0.110819,0.951777,-0.109939,-0.286396,0.003237,0.990768,-0.040670,-0.021143,-0.127581,0.990588,-0.042880,-0.025682,-0.127426,0.999596,0.011191,0.020618,0.016059,0.996487,0.082127,-0.015154,0.006219,0.953639,0.097008,0.282938,-0.033278,0.708371,0.636440,0.294853,-0.078847,0.995639,-0.050517,0.078268,0.004992,0.873591,-0.059724,0.482715,0.016089,0.700403,-0.432155,0.548035,0.149450
0.999180,-0.007132,-0.019160,0.034944,0.996941,0.006140,-0.069074,0.036059,0.969452,-0.031077,0.218663,0.106691,0.993739,-0.011183,0.007899,0.110881,0.952939,-0.106148,-0.283951,0.003491,0.991673,-0.040993,-0.016686,-0.120935,0.991719,-0.036620,-0.025278,-0.120469,0.999658,0.009288,0.020254,0.013703,0.996939,0.077770,-0.004922,0.006347,0.946011,0.092691,0.308855,-0.032879,0.700675,0.628263,0.324982,-0.093411,0.995467,-0.048793,0.081623,0.001453,0.870866,-0.056869,0.488015,0.014150,0.697766,-0.426857,0.555303,0.150182
0.999258,-0.008991,-0.017828,0.032933,0.997019,0.004272,-0.069056,0.034156,0.971030,-0.032280,0.211382,0.106657,0.993729,-0.011063,0.007299,0.111023,0.954113,-0.102402,-0.281364,0.004147,0.992538,-0.041044,-0.010671,-0.114324,0.992784,-0.030620,-0.023277,-0.113584,0.999707,0.007245,0.019966,0.011615,0.997263,0.073431,0.005378,0.006736,0.936933,0.088360,0.336628,-0.032106,0.690959,0.619380,0.356593,-0.108562,0.995241,-0.047233,0.085210,-0.001903,0.868103,-0.054160,0.493270,0.012193,0.695058,-0.421611,0.562435,0.151014
0.999315,-0.010880,-0.015443,0.031828,0.997009,0.002835,-0.069723,0.033214,0.972398,-0.033235,0.204775,0.106789,0.993712,-0.010824,0.006105,0.111278,0.954936,-0.099537,-0.279574,0.005229,0.993155,-0.040071,-0.000622,-0.109709,0.993543,-0.026670,-0.017998,-0.108800,0.999726,0.005308,0.020451,0.010119,0.997413,0.069917,0.015030,0.007326,0.924425,0.085208,0.370431,-0.030950,0.677135,0.607965,0.393348,-0.130934,0.994886,-0.046288,0.089659,-0.004635,0.865383,-0.051869,0.498327,0.009636,0.692564,-0.417170,0.568834,0.150838
0.999364,-0.012600,-0.012790,0.030821,0.996974,0.001477,-0.070651,0.032375,0.973651,-0.034187,0.198509,0.106907,0.993695,-0.010584,0.004808,0.111515,0.955693,-0.097061,-0.277834,0.006168,0.993525,-0.038712,0.010545,-0.106295,0.994097,-0.023340,-0.011991,-0.105271,0.999732,0.003517,0.021175,0.008648,0.997422,0.067129,0.024135,0.007727,0.909921,0.083207,0.405202,-0.030532,0.659392,0.596311,0.430541,-0.155725,0.994484,-0.045541,0.094201,-0.007295,0.862796,-0.049605,0.503069,0.006594,0.690411,-0.412998,0.574765,0.149704
0.999406,-0.013982,-0.009600,0.030011,0.996892,0.000282,-0.072103,0.031727,0.974731,-0.035123,0.192936,0.106965,0.993683,-0.010338,0.003302,0.111698,0.956332,-0.095374,-0.276199,0.006845,0.993484,-0.036518,0.023968,-0.105273,0.994320,-0.021256,-0.004556,-0.104191,0.999721,0.002024,0.022380,0.007219,0.997287,0.065775,0.032139,0.007739,0.892461,0.083566,0.442210,-0.031315,0.635072,0.584969,0.469177,-0.185386,0.994017,-0.045196,0.098956,-0.009774,0.860505,-0.047434,0.507222,0.002601,0.688958,-0.409436,0.579809,0.146696
0.999445,-0.014755,-0.005946,0.029278,0.996736,-0.000828,-0.074489,0.031115,0.975546,-0.036253,0.188625,0.106845,0.993682,-0.010151,0.001833,0.111757,0.956865,-0.094422,-0.274671,0.007031,0.993031,-0.033908,0.038489,-0.106107,0.994291,-0.018758,0.003250,-0.104992,0.999688,0.000940,0.024272,0.005811,0.997023,0.065798,0.039523,0.007385,0.872277,0.087109,0.479897,-0.035255,0.602167,0.577180,0.505839,-0.219967,0.993494,-0.045255,0.103814,-0.011971,0.858396,-0.045668,0.510949,-0.001567,0.687302,-0.406421,0.584686,0.143458
0.999473,-0.015224,-0.002059,0.028583,0.996536,-0.001900,-0.077342,0.030518,0.976227,-0.037486,0.184947,0.106628,0.993686,-0.010002,0.000384,0.111749,0.957345,-0.093841,-0.273196,0.006972,0.992240,-0.031053,0.053550,-0.107836,0.994095,-0.016039,0.011239,-0.106729,0.999639,0.000056,0.026509,0.004415,0.996674,0.066511,0.046595,0.006832,0.849802,0.092535,0.517331,-0.040538,0.563377,0.570094,0.540433,-0.255991,0.992930,-0.045521,0.108724,-0.014025,0.856362,-0.044128,0.514453,-0.005829,0.685516,-0.403695,0.589468,0.140094
0.999499,-0.014391,0.001235,0.028149,0.996159,-0.002616,-0.082211,0.030030,0.976386,-0.039096,0.183883,0.106433,0.993671,-0.010059,-0.000804,0.111874,0.957553,-0.093823,-0.272489,0.006202,0.991017,-0.028101,0.070060,-0.110398,0.993724,-0.015294,0.018688,-0.109226,0.999579,-0.000193,0.028836,0.003175,0.996275,0.066329,0.054688,0.006699,0.828038,0.096839,0.550346,-0.045757,0.527455,0.562268,0.567289,-0.289531,0.992358,-0.046856,0.113088,-0.015521,0.854674,-0.044112,0.517206,-0.009188,0.682951,-0.403131,0.593313,0.137998
0.999521,-0.013270,0.004091,0.027645,0.995699,-0.003147,-0.087795,0.029414,0.976357,-0.040782,0.183834,0.106157,0.993659,-0.010197,-0.001870,0.111955,0.957708,-0.093844,-0.271958,0.005181,0.989496,-0.025098,0.086627,-0.112975,0.993288,-0.015549,0.025645,-0.111711,0.999516,-0.000406,0.031049,0.001885,0.995766,0.065821,0.063802,0.006792,0.806291,0.100284,0.580792,-0.050187,0.493082,0.553798,0.590287,-0.318966,0.991765,-0.048714,0.117227,-0.016962,0.852933,-0.044604,0.519955,-0.012770,0.680739,-0.403341,0.596243,0.135662
0.999550,-0.011570,0.006072,0.026999,0.995080,-0.003306,-0.094809,0.028553,0.975950,-0.042619,0.185810,0.105734,0.993653,-0.010492,-0.002694,0.111964,0.957758,-0.093938,-0.271777,0.003662,0.987655,-0.022059,0.103332,-0.115644,0.992795,-0.017832,0.031629,-0.114192,0.999454,-0.000536,0.033035,0.000487,0.995061,0.064660,0.074954,0.007351,0.786213,0.101586,0.607211,-0.053327,0.464481,0.546070,0.607504,-0.342058,0.991151,-0.051610,0.120919,-0.018303,0.851101,-0.046080,0.522706,-0.016799,0.679272,-0.405086,0.597364,0.132859
0.999584,-0.009634,0.007033,0.026241,0.994374,-0.003216,-0.102244,0.027496,0.975345,-0.044454,0.188780,0.105304,0.993643,-0.010873,-0.003411,0.111995,0.957808,-0.094300,-0.271494,0.001849,0.985615,-0.019152,0.118783,-0.118687,0.992301,-0.018958,0.035725,-0.117061,0.999399,-0.000747,0.034646,-0.000831,0.994128,0.063863,0.086963,0.008266,0.767775,0.101616,0.630263,-0.054442,0.439986,0.537751,0.622766,-0.359720,0.990586,-0.054547,0.124028,-0.019525,0.849463,-0.048035,0.525093,-0.019563,0.677721,-0.406981,0.597976,0.132232
0.999620,-0.007580,0.007485,0.025426,0.993592,-0.003010,-0.109883,0.026310,0.974634,-0.046293,0.192249,0.104813,0.993636,-0.011314,-0.004070,0.111993,0.957856,-0.094795,-0.271155,-0.000108,0.983378,-0.016264,0.133590,-0.121888,0.991805,-0.019502,0.038883,-0.120128,0.999346,-0.000996,0.036075,-0.002110,0.992991,0.063264,0.099395,0.009355,0.749950,0.100983,0.651460,-0.054566,0.417453,0.529003,0.636808,-0.374652,0.990038,-0.057499,0.126854,-0.020683,0.847911,-0.050223,0.527308,-0.021685,0.676122,-0.408935,0.598346,0.132717
0.999668,-0.005430,0.006880,0.024234,0.992848,-0.002865,-0.116775,0.024664,0.973946,-0.048040,0.195622,0.104180,0.993645,-0.011761,-0.004686,0.111844,0.957904,-0.096474,-0.270381,-0.002727,0.981032,-0.013380,0.145517,-0.127370,0.991034,-0.020246,0.041028,-0.125533,0.999295,-0.001320,0.037397,-0.003137,0.991547,0.062693,0.113061,0.010987,0.737726,0.095977,0.666451,-0.048897,0.408630,0.518717,0.649662,-0.376688,0.989654,-0.060701,0.128248,-0.021270,0.846692,-0.052861,0.528928,-0.023535,0.673831,-0.411300,0.598845,0.134790
0.999715,-0.003234,0.006021,0.022895,0.992085,-0.002684,-0.123450,0.022818,0.973272,-0.049697,0.198926,0.103440,0.993666,-0.012204,-0.005325,0.111584,0.957910,-0.098278,-0.269665,-0.005535,0.978587,-0.010469,0.156736,-0.133012,0.990231,-0.020790,0.042574,-0.131139,0.999240,-0.001579,0.038716,-0.004144,0.989973,0.061786,0.126400,0.012637,0.727465,0.089624,0.678989,-0.041664,0.404137,0.508043,0.661872,-0.374822,0.989268,-0.064007,0.129530,-0.021774,0.845783,-0.055722,0.530017,-0.025057,0.671668,-0.413760,0.599205,0.136447
0.999763,-0.000950,0.004655,0.021260,0.991336,-0.002418,-0.129701,0.020629,0.972635,-0.051166,0.202085,0.102587,0.993702,-0.012610,-0.006018,0.111185,0.957838,-0.100331,-0.269079,-0.008731,0.976144,-0.007629,0.166588,-0.139042,0.989395,-0.020961,0.042902,-0.137175,0.999184,-0.001713,0.040021,-0.005109,0.988344,0.060179,0.139098,0.014347,0.721542,0.080649,0.686949,-0.031212,0.408408,0.496770,0.673180,-0.365036,0.988889,-0.067527,0.130575,-0.022122,0.845515,-0.059039,0.530044,-0.025923,0.669799,-0.416444,0.599258,0.137236
0.999811,0.001240,0.002877,0.019185,0.990605,-0.001879,-0.135544,0.018041,0.972011,-0.052323,0.205196,0.101743,0.993743,-0.012937,-0.006736,0.110738,0.957554,-0.103515,-0.268729,-0.012609,0.973501,-0.004527,0.175036,-0.147096,0.988229,-0.021225,0.042921,-0.145299,0.999128,-0.001877,0.041250,-0.006247,0.986632,0.058579,0.151246,0.015829,0.717024,0.072025,0.693008,-0.020707,0.413033,0.484529,0.684506,-0.355087,0.988436,-0.071341,0.131874,-0.022672,0.845533,-0.062555,0.529556,-0.027040,0.668721,-0.419553,0.598373,0.136886
0.999851,0.003381,0.000892,0.016890,0.989866,-0.001214,-0.141176,0.015247,0.971388,-0.053338,0.208285,0.100884,0.993787,-0.013246,-0.007464,0.110252,0.957150,-0.107256,-0.268471,-0.016825,0.970686,-0.001195,0.182740,-0.156122,0.986839,-0.021518,0.042781,-0.154450,0.999069,-0.002053,0.042441,-0.007478,0.984810,0.057002,0.163104,0.017209,0.713119,0.063780,0.698063,-0.010031,0.417556,0.471861,0.695789,-0.344778,0.987935,-0.075297,0.133307,-0.023322,0.845682,-0.066170,0.528814,-0.028267,0.668025,-0.422873,0.597015,0.135991
0.999882,0.005200,-0.001172,0.014414,0.989193,-0.000150,-0.146093,0.012419,0.970832,-0.053903,0.210968,0.100365,0.993808,-0.013529,-0.008149,0.109985,0.956544,-0.111618,-0.268541,-0.021254,0.967966,0.001825,0.188658,-0.165669,0.985281,-0.021390,0.042583,-0.164164,0.998997,-0.002496,0.043829,-0.008794,0.983395,0.055420,0.171896,0.017715,0.712117,0.058160,0.699639,-0.003512,0.421770,0.467461,0.700370,-0.336262,0.987434,-0.079286,0.134576,-0.024010,0.846256,-0.069848,0.527360,-0.029404,0.667930,-0.426769,0.594778,0.134081
0.999899,0.007089,-0.003283,0.011911,0.988560,0.000921,-0.150525,0.009544,0.970360,-0.054360,0.213215,0.099927,0.993822,-0.013853,-0.008819,0.109761,0.955899,-0.115867,-0.268645,-0.025726,0.965318,0.004682,0.193846,-0.174824,0.983686,-0.021084,0.042565,-0.173510,0.998926,-0.002813,0.045104,-0.010204,0.982110,0.053571,0.179625,0.018037,0.711793,0.052916,0.700390,0.002333,0.426604,0.464669,0.703325,-0.327760,0.986937,-0.083268,0.135682,-0.024747,0.846913,-0.073532,0.525740,-0.030480,0.667699,-0.430800,0.592559,0.132148
0.999900,0.009115,-0.005490,0.009354,0.988048,0.002029,-0.153992,0.006591,0.970069,-0.054573,0.214590,0.099697,0.993823,-0.014210,-0.009465,0.109653,0.955206,-0.119905,-0.268864,-0.030289,0.962959,0.007028,0.197668,-0.183273,0.982120,-0.020452,0.042929,-0.182152,0.998861,-0.002882,0.046154,-0.011789,0.981194,0.051157,0.185251,0.017991,0.712930,0.048115,0.699551,0.006645,0.433094,0.464897,0.702981,-0.319558,0.986465,-0.087243,0.136459,-0.025583,0.847760,-0.077231,0.523784,-0.031456,0.667223,-0.435111,0.590388,0.130132
0.999883,0.011450,-0.007731,0.006503,0.987854,0.003103,-0.155320,0.003298,0.970163,-0.054293,0.214192,0.099786,0.993810,-0.014509,-0.010015,0.109681,0.954391,-0.123591,-0.269482,-0.035259,0.961179,0.009038,0.198542,-0.191402,0.980582,-0.019943,0.042244,-0.190464,0.998814,-0.002468,0.046607,-0.013855,0.980843,0.048852,0.187799,0.017100,0.714246,0.045319,0.698385,0.007529,0.436152,0.466747,0.701351,-0.316268,0.986050,-0.090668,0.136958,-0.026951,0.848787,-0.080144,0.521585,-0.032977,0.666576,-0.439377,0.588688,0.126768
0.999847,0.013939,-0.009990,0.003507,0.987815,0.004174,-0.155574,-0.000156,0.970449,-0.053753,0.212908,0.100051,0.993790,-0.014763,-0.010517,0.109789,0.953502,-0.127096,-0.270271,-0.040439,0.959660,0.010877,0.197954,-0.199369,0.979025,-0.019489,0.041048,-0.198606,0.998774,-0.001809,0.046765,-0.016163,0.980778,0.046604,0.188821,0.015782,0.715654,0.043485,0.697068,0.006675,0.437563,0.469380,0.699065,-0.315483,0.985658,-0.093813,0.137331,-0.028587,0.849889,-0.082666,0.519275,-0.034765,0.665821,-0.443610,0.587221,0.122734
0.999807,0.015683,-0.011790,-0.000173,0.988183,0.005317,-0.153136,-0.003970,0.971231,-0.052358,0.209380,0.100646,0.993765,-0.015076,-0.010825,0.109940,0.952912,-0.129134,-0.270605,-0.045345,0.959322,0.011640,0.193313,-0.205418,0.977840,-0.019406,0.039166,-0.204742,0.998732,-0.001522,0.046298,-0.019715,0.981688,0.044489,0.184834,0.012058,0.719597,0.044086,0.692989,0.001925,0.440877,0.477818,0.690655,-0.316723,0.985552,-0.095439,0.136298,-0.031635,0.851421,-0.083069,0.516466,-0.038015,0.665831,-0.446402,0.586469,0.115968
0.999761,0.017091,-0.013132,-0.003722,0.988614,0.006420,-0.150145,-0.007551,0.972142,-0.050765,0.205168,0.101338,0.993738,-0.015317,-0.011021,0.110128,0.952378,-0.130882,-0.270849,-0.049861,0.959430,0.011595,0.187087,-0.210611,0.976848,-0.019176,0.036353,-0.209947,0.998675,-0.001333,0.045862,-0.023295,0.982822,0.042483,0.179427,0.007847,0.723827,0.045319,0.688482,-0.003678,0.443413,0.485955,0.682127,-0.319272,0.985517,-0.096431,0.135081,-0.034786,0.852991,-0.082730,0.513645,-0.041607,0.666582,-0.447803,0.585897,0.108927
0.999725,0.017825,-0.013557,-0.007006,0.989191,0.007409,-0.146053,-0.010688,0.973312,-0.048812,0.199596,0.102191,0.993711,-0.015455,-0.010989,0.110361,0.951982,-0.132064,-0.270957,-0.053595,0.960469,0.009951,0.177673,-0.214087,0.976298,-0.018663,0.031647,-0.213289,0.998602,-0.001356,0.045473,-0.026926,0.984402,0.040680,0.171143,0.002688,0.728669,0.047844,0.683105,-0.010955,0.444370,0.493635,0.673486,-0.324463,0.985640,-0.096165,0.133461,-0.038133,0.854670,-0.080906,0.510773,-0.045880,0.668879,-0.446454,0.585671,0.101339
0.999697,0.017918,-0.013520,-0.010066,0.989823,0.008348,-0.141420,-0.013442,0.974553,-0.046654,0.193482,0.103128,0.993680,-0.015556,-0.010863,0.110637,0.951935,-0.132316,-0.270429,-0.056392,0.962072,0.007154,0.167167,-0.215458,0.976220,-0.017272,0.026594,-0.214449,0.998534,-0.001396,0.044598,-0.030649,0.986301,0.039336,0.160165,-0.003252,0.735557,0.051295,0.675264,-0.018530,0.446963,0.502202,0.663331,-0.328648,0.985895,-0.095101,0.131250,-0.041714,0.856439,-0.078028,0.507769,-0.050936,0.672251,-0.442490,0.586085,0.093727
0.999671,0.017690,-0.013252,-0.013014,0.990465,0.009277,-0.136517,-0.016019,0.975808,-0.044355,0.187083,0.104077,0.993650,-0.015611,-0.010699,0.110916,0.952062,-0.132102,-0.269591,-0.058722,0.963887,0.003802,0.156096,-0.215735,0.976372,-0.015425,0.021365,-0.214482,0.998460,-0.001454,0.043477,-0.034420,0.988230,0.038158,0.147826,-0.009598,0.743357,0.055194,0.666096,-0.026280,0.450247,0.511200,0.652343,-0.332266,0.986202,-0.093655,0.128733,-0.045409,0.858223,-0.074630,0.504682,-0.056387,0.676126,-0.437195,0.586772,0.086100
0.999660,0.016794,-0.012497,-0.015536,0.991080,0.010367,-0.131635,-0.018021,0.976945,-0.041835,0.181102,0.105022,0.993624,-0.015522,-0.010415,0.111182,0.952351,-0.130836,-0.268899,-0.060025,0.966456,-0.001543,0.144907,-0.212042,0.977315,-0.016981,0.017979,-0.210342,0.998397,-0.001225,0.041757,-0.038194,0.990110,0.038389,0.133948,-0.016336,0.754373,0.059156,0.653043,-0.030924,0.459014,0.520607,0.640469,-0.328746,0.986614,-0.091702,0.125566,-0.049156,0.859975,-0.070586,0.501591,-0.062189,0.680166,-0.431059,0.587396,0.080793
0.999647,0.015821,-0.011560,-0.017918,0.991635,0.011520,-0.127013,-0.019899,0.977975,-0.039287,0.175547,0.105849,0.993610,-0.015309,-0.010095,0.111365,0.952630,-0.129698,-0.268197,-0.061198,0.968967,-0.007376,0.133887,-0.207659,0.978354,-0.019021,0.014916,-0.205523,0.998319,-0.000825,0.040055,-0.041876,0.991823,0.038764,0.119362,-0.023163,0.766207,0.063105,0.638507,-0.035397,0.469360,0.529865,0.627479,-0.324367,0.987054,-0.089626,0.122112,-0.052734,0.861878,-0.066477,0.498146,-0.067802,0.684491,-0.424893,0.587547,0.075676
0.999639,0.014693,-0.010258,-0.020019,0.992103,0.012769,-0.122906,-0.021495,0.978830,-0.036762,0.170873,0.106500,0.993614,-0.014909,-0.009682,0.111427,0.952897,-0.128818,-0.267462,-0.062106,0.971498,-0.014264,0.123265,-0.201977,0.979594,-0.022076,0.012515,-0.199379,0.998232,-0.000061,0.038391,-0.045376,0.993397,0.039525,0.103390,-0.030163,0.779819,0.067133,0.621143,-0.039470,0.482905,0.538958,0.612363,-0.318339,0.987573,-0.087276,0.118103,-0.055981,0.864135,-0.062229,0.494028,-0.073040,0.689418,-0.418692,0.586829,0.070944
0.999622,0.013761,-0.009248,-0.021951,0.992534,0.013975,-0.118959,-0.023004,0.979564,-0.034322,0.166820,0.106994,0.993632,-0.014238,-0.009249,0.111387,0.953050,-0.129003,-0.266557,-0.063252,0.973678,-0.022006,0.113491,-0.196435,0.980688,-0.026858,0.011384,-0.193393,0.998157,0.001135,0.036372,-0.048566,0.994740,0.040840,0.086341,-0.037022,0.795010,0.071519,0.600786,-0.043596,0.499634,0.550498,0.592646,-0.309981,0.988099,-0.084947,0.113913,-0.058898,0.866648,-0.058433,0.489474,-0.076949,0.694263,-0.413876,0.585020,0.066768
0.999598,0.012928,-0.008383,-0.023799,0.992937,0.015166,-0.115094,-0.024480,0.980233,-0.031911,0.163072,0.107389,0.993659,-0.013422,-0.008810,0.111282,0.953145,-0.129718,-0.265566,-0.064518,0.975612,-0.030109,0.104146,-0.190862,0.981674,-0.032485,0.010903,-0.187465,0.998080,0.002539,0.034168,-0.051607,0.995771,0.042384,0.068733,-0.043820,0.810616,0.075985,0.578652,-0.047844,0.517572,0.562907,0.570118,-0.300367,0.988611,-0.082643,0.109622,-0.061661,0.869272,-0.054873,0.484686,-0.080212,0.699047,-0.409752,0.582655,0.062850
0.999563,0.012445,-0.008409,-0.025453,0.993235,0.016714,-0.111975,-0.025819,0.980575,-0.029523,0.161232,0.107728,0.993693,-0.012160,-0.008208,0.111170,0.953187,-0.131807,-0.263991,-0.066108,0.977017,-0.038932,0.096368,-0.186107,0.982198,-0.042657,0.013522,-0.182443,0.998040,0.004159,0.031448,-0.053948,0.996372,0.045836,0.051708,-0.049689,0.826295,0.081280,0.555059,-0.050400,0.536909,0.576420,0.544801,-0.287507,0.989075,-0.080353,0.105774,-0.063922,0.871554,-0.051834,0.480628,-0.081873,0.702326,-0.408344,0.580000,0.059938
0.999517,0.012230,-0.008744,-0.027193,0.993482,0.018444,-0.109127,-0.027295,0.980808,-0.027098,0.160033,0.108031,0.993726,-0.011003,-0.007679,0.111033,0.953183,-0.133990,-0.262433,-0.067953,0.978250,-0.047911,0.089465,-0.180909,0.982587,-0.053901,0.016479,-0.177049,0.997987,0.005935,0.028697,-0.056241,0.996613,0.049879,0.034594,-0.055472,0.841439,0.086841,0.530731,-0.052573,0.555112,0.590183,0.518659,-0.272999,0.989540,-0.077723,0.101945,-0.066160,0.873960,-0.048664,0.476403,-0.082858,0.705329,-0.407372,0.577302,0.057288
0.999450,0.012551,-0.009697,-0.029108,0.993643,0.020525,-0.106815,-0.029022,0.980827,-0.024627,0.160124,0.108310,0.993756,-0.010069,-0.007289,0.110879,0.953093,-0.136366,-0.260911,-0.070305,0.979271,-0.057327,0.084312,-0.175022,0.982773,-0.067320,0.020098,-0.170941,0.997923,0.008037,0.025897,-0.058425,0.996455,0.055172,0.017344,-0.061097,0.856150,0.093107,0.505410,-0.053847,0.571753,0.605019,0.491791,-0.255326,0.990030,-0.074391,0.098170,-0.068335,0.876641,-0.045227,0.471862,-0.082472,0.707810,-0.407276,0.574531,0.055186
0.999344,0.013704,-0.011407,-0.031525,0.993787,0.022740,-0.104325,-0.031400,0.980794,-0.022067,0.160539,0.108554,0.993788,-0.009268,-0.007037,0.110680,0.952863,-0.139023,-0.259425,-0.073643,0.979791,-0.065761,0.080897,-0.170706,0.982374,-0.082415,0.022486,-0.166265,0.997838,0.010509,0.022841,-0.060726,0.996031,0.059257,0.001260,-0.066409,0.870013,0.097986,0.479975,-0.055674,0.588423,0.619037,0.463705,-0.235648,0.990433,-0.070902,0.094932,-0.070734,0.878818,-0.041598,0.468211,-0.082018,0.709799,-0.406874,0.572500,0.053692
0.999207,0.015274,-0.013497,-0.034192,0.993910,0.025038,-0.101749,-0.034092,0.980730,-0.019443,0.161102,0.108793,0.993820,-0.008512,-0.006865,0.110463,0.952553,-0.141810,-0.257938,-0.077462,0.980045,-0.073682,0.078411,-0.167138,0.981539,-0.098304,0.024282,-0.162258,0.997728,0.013162,0.019654,-0.063085,0.995359,0.062709,-0.014231,-0.071595,0.883081,0.102106,0.454303,-0.057879,0.604619,0.632003,0.434586,-0.214811,0.990780,-0.067335,0.091959,-0.073241,0.880738,-0.037877,0.464993,-0.081531,0.711545,-0.406325,0.570831,0.052492
0.999008,0.017852,-0.016095,-0.037477,0.994018,0.027596,-0.098775,-0.037542,0.980660,-0.016527,0.161684,0.109049,0.993853,-0.007929,-0.006758,0.110213,0.952032,-0.144932,-0.256565,-0.082487,0.979610,-0.079588,0.078869,-0.166760,0.980061,-0.112391,0.028046,-0.161437,0.997585,0.016049,0.016411,-0.065550,0.994409,0.068262,-0.026606,-0.076044,0.895077,0.106798,0.429075,-0.057676,0.619535,0.641268,0.408885,-0.194334,0.991314,-0.064007,0.086684,-0.075406,0.881766,-0.034492,0.463560,-0.080068,0.711971,-0.405529,0.570752,0.053709
0.998774,0.020636,-0.018715,-0.040915,0.994084,0.030353,-0.095829,-0.041137,0.980563,-0.013427,0.162395,0.109288,0.993892,-0.007363,-0.006679,0.109912,0.951539,-0.147284,-0.255370,-0.087566,0.979195,-0.084890,0.080706,-0.165705,0.978792,-0.123906,0.032209,-0.159924,0.997407,0.018959,0.013267,-0.068152,0.993300,0.073581,-0.038300,-0.080466,0.906110,0.111153,0.404086,-0.057655,0.633274,0.649015,0.383839,-0.174389,0.991775,-0.060835,0.081524,-0.077693,0.882584,-0.031389,0.462537,-0.078231,0.712203,-0.404854,0.570709,0.056139
0.998489,0.023833,-0.021380,-0.044660,0.994089,0.033474,-0.092941,-0.045042,0.980419,-0.010000,0.163385,0.109472,0.993941,-0.006877,-0.006637,0.109494,0.951123,-0.148125,-0.254588,-0.092782,0.978840,-0.089033,0.085170,-0.163377,0.978232,-0.130356,0.037058,-0.157150,0.997180,0.021920,0.010327,-0.071029,0.992104,0.078488,-0.048611,-0.084889,0.915985,0.114951,0.380021,-0.057800,0.645614,0.654694,0.361008,-0.155665,0.992138,-0.057959,0.076609,-0.080215,0.882987,-0.028820,0.462363,-0.075653,0.712035,-0.404381,0.570753,0.061014
0.998156,0.027431,-0.023823,-0.048630,0.993995,0.037274,-0.090386,-0.049148,0.980161,-0.006069,0.164948,0.109725,0.993993,-0.006460,-0.006771,0.109042,0.950949,-0.147583,-0.253603,-0.097979,0.978332,-0.090209,0.090842,-0.162716,0.979058,-0.123922,0.040082,-0.156467,0.996914,0.024865,0.007809,-0.074055,0.990894,0.083206,-0.057090,-0.089141,0.924441,0.118566,0.357719,-0.058216,0.656384,0.658786,0.340258,-0.139230,0.992408,-0.055143,0.072229,-0.082881,0.883384,-0.026161,0.462076,-0.073717,0.712359,-0.403222,0.570727,0.065021
0.997779,0.031227,-0.026154,-0.052712,0.993828,0.041433,-0.087999,-0.053337,0.979835,-0.001867,0.166771,0.110037,0.994044,-0.006058,-0.007014,0.108580,0.950885,-0.146337,-0.252511,-0.103157,0.977736,-0.089885,0.097108,-0.162862,0.980451,-0.111013,0.042187,-0.156882,0.996616,0.027800,0.005502,-0.077159,0.989648,0.087812,-0.064654,-0.093309,0.931986,0.122060,0.336216,-0.058839,0.666221,0.661912,0.320372,-0.124030,0.992616,-0.052364,0.068116,-0.085629,0.883775,-0.023472,0.461726,-0.072110,0.712923,-0.401731,0.570657,0.068586
0.997386,0.035095,-0.027858,-0.056694,0.993567,0.046344,-0.085948,-0.057363,0.979409,0.002923,0.168893,0.110566,0.994085,-0.005895,-0.007108,0.108214,0.950831,-0.144986,-0.251367,-0.108237,0.977018,-0.087294,0.101092,-0.166122,0.982352,-0.091425,0.032315,-0.159944,0.996319,0.030332,0.003820,-0.080083,0.988623,0.092192,-0.069101,-0.096702,0.937649,0.125727,0.318397,-0.060245,0.673818,0.664019,0.303285,-0.114306,0.992700,-0.049849,0.065309,-0.088303,0.883979,-0.020771,0.461565,-0.071463,0.713718,-0.399042,0.571282,0.070775
0.996986,0.038771,-0.029338,-0.060452,0.993277,0.051354,-0.083834,-0.061115,0.978997,0.007880,0.170736,0.111142,0.994124,-0.005682,-0.007228,0.107856,0.950840,-0.143199,-0.250302,-0.112897,0.976346,-0.084202,0.105193,-0.169097,0.983658,-0.074514,0.022528,-0.162349,0.996025,0.032648,0.002307,-0.082837,0.987710,0.096073,-0.072481,-0.099731,0.942709,0.128737,0.301557,-0.061566,0.681230,0.665649,0.286451,-0.103837,0.992738,-0.047346,0.063009,-0.090884,0.884123,-0.017988,0.461454,-0.071154,0.714655,-0.395976,0.572048,0.072334
0.996615,0.042065,-0.030374,-0.063763,0.992978,0.056529,-0.081593,-0.064351,0.978635,0.013139,0.172077,0.111760,0.994165,-0.005408,-0.007353,0.107487,0.950997,-0.140571,-0.249432,-0.116741,0.975787,-0.080144,0.109503,-0.171541,0.984381,-0.062975,0.013024,-0.163887,0.995760,0.034539,0.001130,-0.085247,0.987093,0.098995,-0.073716,-0.102042,0.946983,0.130515,0.286840,-0.062544,0.688576,0.666552,0.270506,-0.091639,0.992714,-0.044855,0.061721,-0.093262,0.884149,-0.015007,0.461457,-0.071509,0.715890,-0.392128,0.573113,0.072656
0.996316,0.044400,-0.030747,-0.066619,0.992709,0.061746,-0.078902,-0.067014,0.978393,0.018684,0.172446,0.112516,0.994193,-0.005038,-0.007432,0.107237,0.951362,-0.136625,-0.248986,-0.119376,0.975583,-0.075625,0.114004,-0.171821,0.984899,-0.056901,0.006257,-0.163395,0.995519,0.035666,0.000346,-0.087578,0.986650,0.102067,-0.073012,-0.103795,0.949626,0.133341,0.276088,-0.064855,0.692719,0.669164,0.255463,-0.084247,0.992598,-0.042265,0.061599,-0.095755,0.883742,-0.011630,0.462168,-0.072561,0.717843,-0.387061,0.574100,0.072759
0.996051,0.046255,-0.030790,-0.069247,0.992432,0.066990,-0.075996,-0.069402,0.978201,0.024385,0.172308,0.113309,0.994218,-0.004612,-0.007506,0.107022,0.951811,-0.132022,-0.248767,-0.121411,0.975538,-0.070885,0.118572,-0.171001,0.985342,-0.053538,0.000832,-0.161967,0.995288,0.036409,-0.000240,-0.089870,0.986284,0.105223,-0.071341,-0.105275,0.951446,0.136654,0.267335,-0.067880,0.695249,0.672555,0.240850,-0.079309,0.992429,-0.039623,0.062056,-0.098305,0.883112,-0.008051,0.463226,-0.073957,0.720142,-0.381376,0.575028,0.072735
0.995914,0.046889,-0.029565,-0.071299,0.992116,0.072851,-0.073108,-0.071087,0.977991,0.030684,0.171708,0.114495,0.994208,-0.003926,-0.007322,0.107149,0.952637,-0.126510,-0.248196,-0.121969,0.975743,-0.065507,0.122711,-0.169046,0.985864,-0.050110,-0.002378,-0.159863,0.995092,0.036342,0.000004,-0.092042,0.986353,0.106991,-0.066311,-0.106129,0.951392,0.138231,0.266414,-0.069055,0.694923,0.673559,0.239078,-0.079009,0.992181,-0.036498,0.063775,-0.100888,0.881690,-0.003542,0.465612,-0.076263,0.721434,-0.373953,0.578362,0.072039
0.995826,0.047194,-0.027916,-0.072961,0.991757,0.078858,-0.070425,-0.072384,0.977736,0.037069,0.171017,0.115812,0.994183,-0.003106,-0.007010,0.107434,0.953607,-0.121027,-0.247217,-0.121946,0.975947,-0.060020,0.126438,-0.167149,0.986346,-0.046213,-0.005335,-0.157982,0.994921,0.036113,0.000521,-0.093954,0.986531,0.108099,-0.060678,-0.106725,0.951035,0.139025,0.267092,-0.069755,0.694458,0.673971,0.239239,-0.079090,0.991923,-0.033312,0.065745,-0.103234,0.880163,0.000979,0.468143,-0.078456,0.722415,-0.366485,0.581969,0.071539
0.995845,0.046845,-0.025418,-0.073842,0.991362,0.085143,-0.068123,-0.072879,0.977412,0.043595,0.170204,0.117453,0.994118,-0.002035,-0.006395,0.108090,0.954900,-0.115602,-0.245393,-0.120762,0.976187,-0.054296,0.129404,-0.165424,0.986779,-0.041393,-0.007714,-0.156509,0.994807,0.035560,0.001579,-0.095349,0.986947,0.107866,-0.053836,-0.106785,0.950074,0.138255,0.270965,-0.069449,0.693703,0.673203,0.243294,-0.079882,0.991664,-0.030012,0.068228,-0.105105,0.878451,0.005514,0.470982,-0.080432,0.722813,-0.358951,0.586165,0.071456
0.995949,0.045903,-0.022281,-0.074044,0.990938,0.091526,-0.066197,-0.072685,0.977055,0.050155,0.169234,0.119196,0.994031,-0.001241,-0.005285,0.108962,0.956438,-0.110363,-0.242848,-0.118626,0.976430,-0.048424,0.131627,-0.164055,0.987110,-0.036354,-0.009914,-0.155544,0.994743,0.034816,0.002998,-0.096259,0.987533,0.106562,-0.046035,-0.106319,0.948135,0.136482,0.278803,-0.068426,0.692048,0.671167,0.252507,-0.082727,0.991372,-0.026985,0.071404,-0.106560,0.876489,0.009558,0.474302,-0.081938,0.722738,-0.352088,0.590271,0.072554
0.996087,0.044665,-0.018825,-0.073907,0.990477,0.097957,-0.064451,-0.072158,0.976657,0.056737,0.168194,0.120966,0.993929,-0.000584,-0.003926,0.109956,0.958073,-0.105205,-0.239921,-0.116039,0.976641,-0.042468,0.133520,-0.162914,0.987364,-0.031203,-0.011983,-0.154904,0.994701,0.033971,0.004596,-0.096929,0.988161,0.104719,-0.037755,-0.105574,0.945624,0.134203,0.288603,-0.067035,0.689828,0.668432,0.264269,-0.086585,0.991050,-0.024099,0.074919,-0.107826,0.874386,0.013354,0.477853,-0.083230,0.722410,-0.345547,0.594318,0.074211
0.996346,0.042400,-0.014637,-0.072679,0.990030,0.104214,-0.063338,-0.070482,0.976289,0.063198,0.166971,0.122419,0.993834,0.000257,-0.001734,0.110863,0.960161,-0.100269,-0.235635,-0.111862,0.976990,-0.036641,0.133879,-0.161940,0.987538,-0.026147,-0.013698,-0.154585,0.994758,0.032750,0.006705,-0.096640,0.988855,0.102561,-0.029098,-0.103926,0.941357,0.132232,0.303374,-0.065772,0.683540,0.667309,0.280627,-0.093382,0.990731,-0.021738,0.079185,-0.108208,0.872121,0.016471,0.481664,-0.084460,0.721738,-0.339969,0.598147,0.075733
0.996611,0.039995,-0.010296,-0.071134,0.989526,0.110494,-0.062780,-0.068469,0.975826,0.069523,0.166085,0.123876,0.993716,0.001505,0.000905,0.111915,0.962252,-0.095333,-0.231193,-0.107389,0.977316,-0.030845,0.134088,-0.161004,0.987669,-0.021297,-0.015229,-0.154352,0.994833,0.031575,0.009025,-0.096064,0.989505,0.100272,-0.020354,-0.102034,0.936351,0.130222,0.319599,-0.064389,0.675919,0.666223,0.298440,-0.101069,0.990412,-0.019495,0.083533,-0.108291,0.869826,0.019378,0.485491,-0.085588,0.720869,-0.334791,0.601923,0.077148
0.996906,0.037312,-0.005652,-0.068956,0.988948,0.116827,-0.063342,-0.065737,0.975218,0.075563,0.165856,0.125427,0.993549,0.003567,0.004425,0.113261,0.964403,-0.090419,-0.226483,-0.102261,0.977664,-0.025130,0.133915,-0.160023,0.987770,-0.016857,-0.016473,-0.154129,0.994948,0.030500,0.011772,-0.094914,0.990144,0.097727,-0.011437,-0.099663,0.929988,0.128148,0.338766,-0.062763,0.665790,0.665287,0.319219,-0.110526,0.990117,-0.017481,0.088059,-0.107740,0.867502,0.021871,0.489372,-0.086468,0.719648,-0.330439,0.605613,0.078417
0.997182,0.034616,-0.000955,-0.066549,0.988215,0.123240,-0.065733,-0.062619,0.974349,0.081018,0.167047,0.127181,0.993288,0.007174,0.009422,0.115058,0.966459,-0.085492,-0.221888,-0.097020,0.978003,-0.019513,0.133589,-0.159006,0.987841,-0.013345,-0.017517,-0.153899,0.995056,0.029690,0.014912,-0.093589,0.990784,0.094342,-0.002218,-0.097171,0.922479,0.124973,0.360274,-0.060132,0.655237,0.661256,0.344363,-0.121731,0.989839,-0.015835,0.092475,-0.106848,0.865236,0.023755,0.493210,-0.086868,0.718054,-0.327443,0.608940,0.079823
0.997431,0.031912,0.003769,-0.064027,0.987372,0.129714,-0.069005,-0.059231,0.973309,0.086191,0.168983,0.129171,0.992921,0.011583,0.015185,0.117229,0.968436,-0.080548,-0.217311,-0.091756,0.978300,-0.013945,0.133250,-0.158048,0.987884,-0.010308,-0.018394,-0.153753,0.995152,0.029009,0.018248,-0.092188,0.991367,0.090525,0.007140,-0.094584,0.914060,0.121189,0.382822,-0.057051,0.644027,0.655269,0.371422,-0.133784,0.989556,-0.014378,0.096839,-0.105805,0.862986,0.025333,0.497026,-0.087049,0.716261,-0.325122,0.612094,0.081279
0.997622,0.029869,0.007737,-0.061630,0.986330,0.135864,-0.074746,-0.055738,0.971956,0.090150,0.172999,0.131324,0.992289,0.019776,0.024105,0.119958,0.970139,-0.075726,-0.213336,-0.087081,0.978549,-0.008645,0.133000,-0.157091,0.987915,-0.008134,-0.019119,-0.153595,0.995206,0.029163,0.021633,-0.090814,0.991780,0.087385,0.016176,-0.092053,0.903714,0.118531,0.407790,-0.054389,0.628785,0.649529,0.400927,-0.148321,0.989303,-0.013965,0.100878,-0.104443,0.861061,0.025198,0.500617,-0.085574,0.714305,-0.326415,0.613197,0.084925
0.997786,0.027915,0.011425,-0.059273,0.985114,0.142181,-0.081405,-0.052047,0.970240,0.093627,0.178401,0.134319,0.991294,0.029970,0.034363,0.123520,0.971675,-0.070979,-0.209730,-0.082601,0.978708,-0.003404,0.133169,-0.156159,0.987941,-0.006053,-0.019586,-0.153469,0.995250,0.029420,0.025123,-0.089339,0.992150,0.083758,0.024996,-0.089434,0.892358,0.115338,0.433264,-0.051727,0.612783,0.641915,0.430881,-0.163656,0.988993,-0.013870,0.105339,-0.102979,0.859184,0.024602,0.504148,-0.083862,0.711941,-0.328595,0.614251,0.088666
0.997926,0.026140,0.014556,-0.056999,0.983595,0.148795,-0.089953,-0.048059,0.967846,0.096059,0.186497,0.138801,0.989608,0.044044,0.047281,0.128454,0.972942,-0.066400,-0.206934,-0.078441,0.978757,0.001722,0.134061,-0.155113,0.987987,-0.004128,-0.019658,-0.153228,0.995286,0.029888,0.028825,-0.087644,0.992523,0.079179,0.033396,-0.086677,0.879568,0.111173,0.459996,-0.049028,0.596030,0.631210,0.462270,-0.180632,0.988582,-0.014404,0.110638,-0.101279,0.857425,0.023085,0.507567,-0.081637,0.708766,-0.332577,0.615194,0.092625
0.998014,0.024453,0.016770,-0.055579,0.981741,0.155302,-0.100432,-0.044487,0.965084,0.096945,0.195600,0.144757,0.987157,0.061273,0.060859,0.134398,0.973637,-0.062234,-0.206091,-0.075397,0.978586,0.006747,0.136359,-0.154046,0.988035,-0.002439,-0.019701,-0.152944,0.995270,0.030614,0.032346,-0.086333,0.992613,0.076698,0.041976,-0.084118,0.866641,0.108751,0.484775,-0.045821,0.578562,0.620341,0.491375,-0.197470,0.988344,-0.015466,0.114149,-0.099533,0.855860,0.021108,0.510643,-0.079387,0.705582,-0.337096,0.615875,0.096011
0.998077,0.022810,0.018527,-0.054586,0.979619,0.161735,-0.111844,-0.040978,0.962059,0.096814,0.205171,0.151574,0.983984,0.079787,0.074906,0.140704,0.974045,-0.058271,-0.206222,-0.072897,0.978292,0.011719,0.139368,-0.152919,0.988089,-0.000861,-0.019724,-0.152612,0.995223,0.031468,0.035779,-0.085213,0.992525,0.075265,0.050646,-0.081641,0.853372,0.107134,0.508415,-0.042338,0.560406,0.608889,0.519052,-0.213974,0.988194,-0.016788,0.116763,-0.097759,0.854382,0.018900,0.513543,-0.077119,0.702384,-0.341877,0.616402,0.099121
0.998072,0.021830,0.018965,-0.054911,0.977155,0.167614,-0.124866,-0.038487,0.958767,0.095196,0.216103,0.158125,0.979806,0.103018,0.090136,0.145747,0.973651,-0.054881,-0.209226,-0.072222,0.977622,0.016595,0.144949,-0.151555,0.988180,0.000509,-0.019559,-0.152044,0.995110,0.033259,0.038787,-0.084526,0.992273,0.074263,0.060194,-0.079097,0.840333,0.105515,0.530298,-0.038608,0.542852,0.598240,0.543652,-0.227735,0.987971,-0.019066,0.119566,-0.096195,0.852411,0.016120,0.517077,-0.075939,0.700515,-0.346062,0.615752,0.101828
0.998044,0.020964,0.019157,-0.055689,0.974485,0.173371,-0.137874,-0.036233,0.955287,0.092887,0.227140,0.164945,0.974978,0.125802,0.104818,0.150350,0.973055,-0.051639,-0.212853,-0.072053,0.976823,0.021390,0.151101,-0.150092,0.988280,0.001801,-0.019313,-0.151416,0.994963,0.035192,0.041795,-0.084046,0.991929,0.073074,0.069728,-0.076644,0.827303,0.103584,0.551009,-0.035058,0.525988,0.587643,0.566029,-0.240048,0.987847,-0.021320,0.121443,-0.094632,0.850853,0.013317,0.519903,-0.074648,0.698953,-0.349886,0.614860,0.104843
0.997968,0.020324,0.018855,-0.057377,0.971600,0.178919,-0.150921,-0.034704,0.951596,0.089543,0.238428,0.172042,0.969645,0.148182,0.118142,0.154506,0.972062,-0.048701,-0.217733,-0.072917,0.975798,0.026029,0.158377,-0.148519,0.988393,0.002925,-0.018924,-0.150708,0.994756,0.037415,0.044797,-0.083982,0.991495,0.071522,0.079251,-0.074447,0.814931,0.101184,0.569766,-0.031871,0.511262,0.578162,0.584700,-0.249930,0.987938,-0.023523,0.121472,-0.093116,0.850148,0.010486,0.521330,-0.073170,0.698005,-0.353020,0.613527,0.108404
0.997843,0.019739,0.018076,-0.059943,0.968758,0.182910,-0.163993,-0.034047,0.948162,0.085144,0.249678,0.177199,0.965477,0.163765,0.128047,0.156970,0.970891,-0.045875,-0.222938,-0.074599,0.974615,0.030491,0.166154,-0.146931,0.988506,0.003946,-0.018312,-0.150015,0.994502,0.039689,0.047659,-0.084374,0.990866,0.070986,0.088737,-0.072602,0.803551,0.099631,0.586141,-0.028603,0.499045,0.570020,0.599465,-0.258213,0.988061,-0.026319,0.120820,-0.091895,0.849832,0.007208,0.522031,-0.072229,0.695778,-0.357983,0.612908,0.109936
0.997687,0.019181,0.017058,-0.062949,0.965864,0.186053,-0.177063,-0.033756,0.944799,0.080089,0.260904,0.181299,0.961964,0.175849,0.136237,0.158564,0.969606,-0.043126,-0.228315,-0.076658,0.973321,0.034799,0.174154,-0.145279,0.988625,0.004869,-0.017613,-0.149289,0.994219,0.041988,0.050447,-0.084980,0.990100,0.070970,0.098189,-0.070882,0.792576,0.098472,0.601241,-0.025235,0.488078,0.562462,0.612269,-0.265599,0.988194,-0.029415,0.119820,-0.090829,0.849706,0.003707,0.522363,-0.071569,0.692897,-0.363855,0.612624,0.110429
0.997508,0.019000,0.015757,-0.066088,0.963520,0.185007,-0.190333,-0.034295,0.942715,0.073557,0.270616,0.180681,0.962341,0.173084,0.138236,0.157586,0.968482,-0.040498,-0.232738,-0.078960,0.972108,0.038676,0.181103,-0.143917,0.988699,0.005646,-0.017272,-0.148811,0.993933,0.044487,0.053142,-0.085400,0.989187,0.072999,0.106660,-0.069312,0.783311,0.099461,0.613224,-0.022069,0.478937,0.552285,0.623663,-0.276849,0.988341,-0.032350,0.118769,-0.089610,0.850025,0.000984,0.521641,-0.073129,0.691793,-0.370197,0.610861,0.105950
0.997317,0.019044,0.014548,-0.069167,0.961220,0.182722,-0.203570,-0.035049,0.941113,0.066831,0.279209,0.178558,0.963306,0.168445,0.139544,0.155545,0.967478,-0.037913,-0.236526,-0.081264,0.970952,0.042306,0.187371,-0.142671,0.988755,0.006383,-0.017013,-0.148436,0.993636,0.047138,0.055793,-0.085743,0.988254,0.075327,0.114348,-0.067855,0.775310,0.100540,0.623249,-0.018645,0.471618,0.542584,0.633308,-0.286532,0.988499,-0.034983,0.117633,-0.088361,0.850517,-0.001271,0.520537,-0.075238,0.691185,-0.375886,0.609035,0.100242
0.997113,0.019537,0.013523,-0.072124,0.959152,0.178082,-0.216776,-0.036363,0.940602,0.059904,0.285551,0.173610,0.965373,0.160226,0.139447,0.151448,0.966758,-0.035380,-0.239027,-0.083630,0.969968,0.045556,0.192323,-0.141770,0.988767,0.007123,-0.016877,-0.148338,0.993326,0.050097,0.058354,-0.085959,0.987374,0.078242,0.120499,-0.066714,0.770088,0.101896,0.629574,-0.014800,0.468143,0.534378,0.639647,-0.293486,0.988695,-0.037008,0.116341,-0.087047,0.851352,-0.002591,0.518691,-0.078437,0.691579,-0.380285,0.607143,0.092078
0.996963,0.019721,0.012885,-0.074226,0.957288,0.171916,-0.229472,-0.037233,0.941238,0.052915,0.288448,0.167540,0.967906,0.149983,0.138231,0.146819,0.966753,-0.032853,-0.238923,-0.085001,0.969379,0.048244,0.195063,-0.141164,0.988752,0.007787,-0.016926,-0.148400,0.993090,0.052544,0.060665,-0.085623,0.986665,0.081236,0.124843,-0.065622,0.766933,0.103177,0.633286,-0.010779,0.465653,0.529672,0.644185,-0.296041,0.988903,-0.038453,0.115266,-0.085474,0.851996,-0.003185,0.517071,-0.082041,0.691868,-0.383159,0.606177,0.084010
0.996842,0.019749,0.012441,-0.075899,0.955421,0.164981,-0.241894,-0.037953,0.942423,0.046031,0.289590,0.160800,0.970571,0.138827,0.136447,0.141780,0.967104,-0.030317,-0.237518,-0.085888,0.968988,0.050675,0.196699,-0.140723,0.988720,0.008432,-0.017067,-0.148562,0.992888,0.054732,0.062854,-0.085007,0.986039,0.084264,0.128289,-0.064559,0.764816,0.104428,0.635694,-0.006679,0.463666,0.526750,0.647829,-0.296423,0.989116,-0.039605,0.114295,-0.083774,0.852541,-0.003412,0.515551,-0.085845,0.692079,-0.385260,0.605662,0.075989
0.996839,0.019068,0.012391,-0.076124,0.954054,0.157034,-0.252386,-0.037723,0.945262,0.039422,0.284890,0.154154,0.973707,0.125580,0.131261,0.137460,0.968501,-0.027996,-0.232323,-0.085136,0.969148,0.052279,0.195314,-0.140964,0.988623,0.009078,-0.017260,-0.149147,0.992849,0.055859,0.064199,-0.083725,0.985784,0.087583,0.128349,-0.063918,0.764319,0.108163,0.635662,-0.007112,0.457644,0.532133,0.646877,-0.298240,0.989333,-0.039464,0.113747,-0.082003,0.852981,-0.002311,0.514182,-0.089632,0.692567,-0.387452,0.604750,0.067150
0.996856,0.018494,0.012581,-0.076014,0.952698,0.149350,-0.262028,-0.037442,0.948520,0.033042,0.277975,0.148149,0.976664,0.112110,0.125091,0.133835,0.970074,-0.025684,-0.226306,-0.084155,0.969421,0.053730,0.193192,-0.141470,0.988496,0.009772,-0.017342,-0.149930,0.992825,0.056921,0.065380,-0.082371,0.985624,0.090718,0.127655,-0.063398,0.765157,0.111337,0.634107,-0.006882,0.454423,0.537110,0.645092,-0.298110,0.989566,-0.038799,0.113179,-0.080274,0.853376,-0.000709,0.512894,-0.093219,0.693105,-0.388874,0.604112,0.058584
0.996913,0.018136,0.013252,-0.075234,0.951583,0.142204,-0.270006,-0.036938,0.952635,0.026872,0.266714,0.143628,0.979451,0.098020,0.116984,0.131841,0.972013,-0.023406,-0.218647,-0.082679,0.969925,0.054838,0.189592,-0.142456,0.988319,0.010535,-0.017206,-0.151056,0.992837,0.057856,0.066227,-0.080879,0.985667,0.093494,0.125440,-0.063117,0.768690,0.113406,0.629465,-0.005329,0.456869,0.541352,0.641636,-0.294131,0.989833,-0.037085,0.112571,-0.078629,0.853685,0.001895,0.511784,-0.096407,0.693839,-0.388769,0.604060,0.050572
0.996984,0.018329,0.014458,-0.074019,0.950840,0.135191,-0.276184,-0.036736,0.957448,0.021085,0.251620,0.139775,0.982071,0.084188,0.106936,0.130435,0.974099,-0.021325,-0.209998,-0.081098,0.970536,0.055485,0.185182,-0.143834,0.988108,0.011506,-0.016738,-0.152416,0.992858,0.059012,0.066871,-0.079242,0.985810,0.096943,0.121604,-0.063186,0.773557,0.116250,0.622961,-0.003827,0.459946,0.545629,0.637777,-0.289792,0.990078,-0.035088,0.112247,-0.076915,0.853784,0.004139,0.511403,-0.097489,0.694639,-0.387869,0.604000,0.047101
0.997058,0.018798,0.015932,-0.072586,0.950250,0.128259,-0.281471,-0.036727,0.962374,0.015458,0.234538,0.136342,0.984441,0.070470,0.095911,0.129268,0.976205,-0.019355,-0.200843,-0.079448,0.971184,0.055829,0.180372,-0.145435,0.987875,0.012516,-0.016097,-0.153904,0.992879,0.060281,0.067414,-0.077537,0.985977,0.100742,0.116957,-0.063421,0.779034,0.119497,0.615485,-0.002357,0.463298,0.549925,0.633688,-0.285265,0.990305,-0.032946,0.112068,-0.075172,0.853775,0.006208,0.511391,-0.097518,0.695493,-0.386570,0.603942,0.045899
0.997137,0.019529,0.017315,-0.070966,0.950251,0.121253,-0.284494,-0.037206,0.967743,0.011415,0.214041,0.132398,0.986804,0.057505,0.081913,0.127287,0.978206,-0.017680,-0.191703,-0.077779,0.971711,0.055872,0.176096,-0.147128,0.987633,0.013946,-0.015309,-0.155409,0.992978,0.061265,0.067069,-0.075778,0.986218,0.105101,0.110664,-0.063887,0.786160,0.123816,0.605489,-0.002006,0.466995,0.558864,0.625849,-0.279103,0.990526,-0.031293,0.111686,-0.073522,0.854031,0.006618,0.511629,-0.093930,0.697373,-0.386163,0.601532,0.052039
0.997197,0.020405,0.018707,-0.069517,0.950302,0.113937,-0.287212,-0.038129,0.972913,0.008366,0.192855,0.127190,0.988978,0.045293,0.067680,0.123656,0.979981,-0.016094,-0.183171,-0.076330,0.972077,0.055976,0.172568,-0.148844,0.987379,0.015374,-0.014434,-0.156966,0.993072,0.062213,0.066660,-0.074119,0.986484,0.108876,0.104148,-0.064412,0.793965,0.127356,0.594473,-0.001467,0.472580,0.568004,0.616785,-0.271322,0.990749,-0.029608,0.111174,-0.071979,0.854501,0.006894,0.511571,-0.089864,0.699364,-0.385760,0.598889,0.058401
0.997221,0.021574,0.020117,-0.068414,0.950517,0.105972,-0.289304,-0.039872,0.978109,0.007257,0.170389,0.119237,0.991137,0.034558,0.052992,0.116812,0.981416,-0.014655,-0.175876,-0.075339,0.972154,0.056344,0.170525,-0.150545,0.987108,0.016933,-0.013401,-0.158593,0.993161,0.063085,0.066123,-0.072659,0.986862,0.111451,0.097184,-0.065102,0.803232,0.129310,0.581461,-0.000559,0.482035,0.577521,0.605248,-0.260358,0.990982,-0.027862,0.110397,-0.070644,0.855403,0.006900,0.510920,-0.084844,0.701613,-0.385386,0.595790,0.065193
0.997242,0.022582,0.021203,-0.067443,0.950704,0.097897,-0.291263,-0.041749,0.982956,0.007887,0.147763,0.109096,0.993130,0.025779,0.038847,0.107328,0.982561,-0.013318,-0.169872,-0.074436,0.971952,0.057048,0.170156,-0.151990,0.986860,0.018289,-0.012193,-0.160076,0.993276,0.063548,0.065371,-0.071355,0.987051,0.114945,0.090426,-0.065883,0.813027,0.131548,0.567167,0.001744,0.493173,0.586244,0.593140,-0.247555,0.991154,-0.026913,0.109819,-0.069497,0.856155,0.006075,0.510489,-0.079759,0.702914,-0.385286,0.593526,0.072070
0.997261,0.023510,0.022128,-0.066539,0.950838,0.089771,-0.293150,-0.043713,0.987299,0.009091,0.124883,0.097790,0.994870,0.017807,0.024944,0.096408,0.983554,-0.012034,-0.164513,-0.073574,0.971612,0.057909,0.170627,-0.153311,0.986621,0.019531,-0.010895,-0.161492,0.993403,0.063810,0.064510,-0.070129,0.987117,0.118907,0.083764,-0.066671,0.822934,0.133946,0.552101,0.004735,0.504954,0.594452,0.580527,-0.233744,0.991295,-0.026361,0.109339,-0.068444,0.856821,0.004835,0.510161,-0.074639,0.703709,-0.385325,0.591674,0.078991
0.997343,0.023802,0.022262,-0.065159,0.950675,0.082798,-0.295599,-0.044534,0.990882,0.012352,0.103459,0.085422,0.996306,0.011883,0.012895,0.084066,0.984271,-0.010668,-0.160951,-0.072054,0.970926,0.059473,0.173534,-0.153794,0.986496,0.020040,-0.009230,-0.162292,0.993597,0.063325,0.063505,-0.068723,0.987399,0.121073,0.076524,-0.067299,0.833614,0.135094,0.535538,0.005951,0.517411,0.603859,0.565487,-0.218779,0.991535,-0.025760,0.108028,-0.067270,0.857848,0.003175,0.509361,-0.068098,0.704601,-0.387680,0.588105,0.085870
0.997460,0.023980,0.021970,-0.063366,0.950399,0.076646,-0.298105,-0.044730,0.993716,0.015387,0.082496,0.074069,0.997337,0.006585,0.001357,0.072622,0.984910,-0.009448,-0.157935,-0.070134,0.970088,0.061180,0.177271,-0.154145,0.986387,0.020267,-0.007455,-0.163018,0.993823,0.062720,0.062344,-0.067050,0.987729,0.122766,0.068863,-0.067661,0.844140,0.136073,0.518529,0.006311,0.530041,0.613441,0.548610,-0.204386,0.991838,-0.024993,0.106287,-0.065852,0.859084,0.001520,0.508162,-0.061190,0.705033,-0.390206,0.584892,0.092572
0.997649,0.023930,0.020826,-0.060746,0.949977,0.072119,-0.300731,-0.043624,0.995740,0.018551,0.062827,0.064891,0.997952,0.002844,-0.009118,0.063243,0.985414,-0.008514,-0.156019,-0.067416,0.968948,0.063197,0.182659,-0.154210,0.986313,0.019961,-0.005467,-0.163580,0.994113,0.061872,0.060871,-0.064848,0.988201,0.123498,0.060371,-0.067549,0.854655,0.136700,0.500853,0.004961,0.543355,0.623688,0.528365,-0.191337,0.992264,-0.023896,0.103690,-0.063945,0.860760,-0.000123,0.506186,-0.053549,0.704610,-0.393106,0.582418,0.098899
0.997917,0.023827,0.018541,-0.057012,0.949366,0.069075,-0.303717,-0.041096,0.996994,0.020615,0.045273,0.059398,0.998156,0.001832,-0.019193,0.057557,0.985875,-0.007883,-0.154708,-0.063668,0.967606,0.065205,0.189323,-0.153763,0.986319,0.019292,-0.003325,-0.163684,0.994479,0.060991,0.058877,-0.061848,0.988668,0.124342,0.051437,-0.066549,0.864521,0.137876,0.483309,0.002537,0.555142,0.634761,0.506649,-0.179451,0.992707,-0.023005,0.101192,-0.061346,0.861975,-0.001772,0.504788,-0.046748,0.703795,-0.395822,0.580654,0.104107
0.998205,0.023697,0.015684,-0.052720,0.948644,0.066775,-0.306891,-0.037867,0.997783,0.022181,0.028777,0.055755,0.998128,0.002218,-0.029098,0.053749,0.986302,-0.007427,-0.153701,-0.059399,0.966128,0.067177,0.196619,-0.153054,0.986362,0.018415,-0.001107,-0.163551,0.994870,0.060094,0.056618,-0.058452,0.989083,0.125273,0.042278,-0.065077,0.873881,0.139352,0.465739,-0.000388,0.565871,0.645987,0.484027,-0.167954,0.993149,-0.022217,0.098747,-0.058402,0.862943,-0.003439,0.503674,-0.040369,0.702770,-0.398460,0.579240,0.108743
0.998566,0.023685,0.011444,-0.046616,0.947361,0.066736,-0.311456,-0.032382,0.997873,0.021322,0.016662,0.059306,0.997723,0.004087,-0.035103,0.057450,0.986673,-0.007418,-0.153488,-0.053501,0.964303,0.069251,0.205566,-0.151880,0.986459,0.017716,0.001351,-0.163043,0.995324,0.059371,0.054008,-0.053736,0.989574,0.125639,0.033153,-0.062115,0.882823,0.140199,0.448282,-0.003386,0.577696,0.653746,0.462085,-0.159250,0.993634,-0.021243,0.096425,-0.054239,0.863815,-0.004542,0.502536,-0.035507,0.702760,-0.399888,0.577882,0.110771
0.998883,0.023594,0.007062,-0.040314,0.945869,0.067072,-0.316431,-0.026551,0.997724,0.020025,0.006148,0.064093,0.997264,0.005451,-0.039150,0.062470,0.987013,-0.007583,-0.153301,-0.047393,0.962372,0.071182,0.214639,-0.150674,0.986555,0.017057,0.003746,-0.162495,0.995759,0.058542,0.051450,-0.048893,0.989973,0.126047,0.024390,-0.058909,0.891293,0.141196,0.430833,-0.006608,0.589121,0.660490,0.440055,-0.151794,0.994095,-0.020195,0.094185,-0.049964,0.864664,-0.005514,0.501371,-0.030867,0.703211,-0.400673,0.576385,0.112858
0.999159,0.023345,0.002396,-0.033615,0.944000,0.068153,-0.322210,-0.020005,0.997295,0.017733,-0.001144,0.071329,0.996754,0.005687,-0.039273,0.070049,0.987322,-0.008048,-0.153164,-0.040879,0.960309,0.072891,0.223977,-0.149428,0.986652,0.016534,0.006016,-0.161890,0.996180,0.057501,0.049006,-0.043794,0.990295,0.126473,0.016358,-0.055249,0.899192,0.142414,0.413600,-0.010354,0.600314,0.665650,0.418169,-0.147197,0.994529,-0.019000,0.092108,-0.045472,0.865497,-0.006208,0.500164,-0.026669,0.704598,-0.400150,0.574613,0.115069
0.999360,0.023026,-0.001893,-0.027322,0.942042,0.068946,-0.328042,-0.013871,0.996884,0.016006,-0.006163,0.077000,0.996335,0.005653,-0.038935,0.075956,0.987748,-0.008464,-0.151924,-0.034667,0.958403,0.074161,0.232207,-0.148473,0.986713,0.016265,0.007834,-0.161465,0.996558,0.056278,0.046755,-0.038960,0.990628,0.126138,0.009801,-0.051480,0.906651,0.142387,0.396907,-0.013205,0.611177,0.668681,0.399268,-0.141115,0.994906,-0.017893,0.090236,-0.041233,0.866265,-0.006931,0.499026,-0.022581,0.705907,-0.400301,0.572526,0.116911
0.999500,0.022673,-0.005994,-0.021230,0.940003,0.069610,-0.333895,-0.007954,0.996485,0.014566,-0.010051,0.081884,0.995958,0.005487,-0.038373,0.081022,0.988212,-0.008897,-0.150134,-0.028597,0.956559,0.075158,0.239868,-0.147681,0.986757,0.016068,0.009418,-0.161136,0.996903,0.054961,0.044597,-0.034263,0.990949,0.125431,0.003976,-0.047659,0.913757,0.141746,0.380412,-0.015585,0.621748,0.670566,0.381768,-0.134249,0.995244,-0.016834,0.088473,-0.037123,0.866988,-0.007674,0.497924,-0.018554,0.707169,-0.400785,0.570286,0.118564
0.999584,0.021811,-0.010008,-0.015980,0.938438,0.070046,-0.338261,-0.002588,0.996148,0.013588,-0.012230,0.085759,0.995613,0.005142,-0.038835,0.084970,0.989096,-0.008902,-0.145196,-0.022965,0.955409,0.075201,0.244434,-0.147619,0.986731,0.016317,0.010459,-0.161203,0.997246,0.053248,0.041861,-0.030202,0.991410,0.123318,0.000732,-0.043563,0.920168,0.139040,0.365620,-0.016755,0.632186,0.669647,0.368664,-0.126497,0.995539,-0.016188,0.086607,-0.033756,0.867596,-0.008925,0.496988,-0.014149,0.707327,-0.403342,0.567921,0.120290
0.999625,0.020987,-0.013648,-0.011137,0.937133,0.070491,-0.341770,0.002360,0.995809,0.012813,-0.014520,0.089384,0.995261,0.004709,-0.039701,0.088640,0.990007,-0.008831,-0.139625,-0.017694,0.954472,0.074924,0.248044,-0.147794,0.986683,0.016676,0.011794,-0.161370,0.997547,0.051642,0.039190,-0.026413,0.991868,0.121007,-0.001194,-0.039416,0.925943,0.135925,0.351925,-0.017391,0.641924,0.668609,0.356387,-0.117826,0.995798,-0.015547,0.084884,-0.030643,0.868140,-0.010192,0.496120,-0.009672,0.707489,-0.405721,0.565543,0.122517
0.999633,0.020238,-0.016540,-0.007112,0.936416,0.070938,-0.343585,0.006482,0.995489,0.012441,-0.017027,0.092508,0.994913,0.004118,-0.041379,0.091759,0.991020,-0.008499,-0.132793,-0.013151,0.953993,0.074150,0.249767,-0.148379,0.986589,0.017408,0.013735,-0.161712,0.997795,0.050251,0.036662,-0.023158,0.992358,0.118276,-0.000470,-0.035158,0.930752,0.131969,0.340581,-0.017010,0.650553,0.667485,0.346002,-0.107363,0.996007,-0.014908,0.083439,-0.028033,0.868583,-0.011478,0.495385,-0.005037,0.707671,-0.407745,0.563143,0.125759
0.999635,0.019689,-0.017996,-0.004172,0.936358,0.071246,-0.343611,0.009413,0.995198,0.012462,-0.020620,0.094870,0.994596,0.003792,-0.043686,0.094103,0.992002,-0.008239,-0.125578,-0.009741,0.953818,0.072880,0.250238,-0.149332,0.986444,0.018467,0.016592,-0.162210,0.997976,0.049085,0.034830,-0.020519,0.992897,0.114837,0.003384,-0.030918,0.934118,0.126983,0.333248,-0.015640,0.658433,0.664425,0.339665,-0.098150,0.996132,-0.014471,0.082702,-0.025934,0.868786,-0.012724,0.495023,-0.000944,0.707854,-0.408466,0.561487,0.129733
0.999638,0.019241,-0.018734,-0.001776,0.936632,0.071480,-0.342744,0.011749,0.994910,0.012687,-0.024754,0.096848,0.994292,0.003606,-0.046308,0.096057,0.992937,-0.008022,-0.118170,-0.006900,0.953798,0.071331,0.250080,-0.150468,0.986263,0.019664,0.019903,-0.162796,0.998123,0.048035,0.033346,-0.018185,0.993422,0.111019,0.008789,-0.026665,0.936766,0.121495,0.327905,-0.013690,0.665883,0.660376,0.335409,-0.089465,0.996214,-0.014136,0.082320,-0.024091,0.868865,-0.013948,0.494844,0.002878,0.708023,-0.408534,0.560203,0.134078
0.999655,0.019360,-0.017688,-0.001098,0.937715,0.070900,-0.339886,0.011865,0.994793,0.013363,-0.029946,0.096497,0.994097,0.004597,-0.050969,0.095666,0.993762,-0.008155,-0.111061,-0.005961,0.953907,0.069265,0.249397,-0.151869,0.986005,0.021410,0.024751,-0.163475,0.998191,0.047496,0.032775,-0.016849,0.993815,0.107288,0.017343,-0.022815,0.937231,0.116003,0.328671,-0.010799,0.670401,0.656863,0.335179,-0.082153,0.996193,-0.014358,0.082835,-0.023052,0.868737,-0.015179,0.495011,0.005399,0.707706,-0.408350,0.559951,0.137326
0.999678,0.019493,-0.016208,-0.000889,0.938921,0.070057,-0.336730,0.011476,0.994732,0.014280,-0.035152,0.095227,0.993931,0.004996,-0.056441,0.094286,0.994515,-0.008308,-0.104122,-0.005500,0.954031,0.067082,0.248772,-0.153091,0.985730,0.023259,0.030027,-0.163994,0.998242,0.046951,0.032517,-0.015835,0.994092,0.103534,0.026329,-0.019207,0.936837,0.110491,0.331774,-0.007281,0.673918,0.652367,0.338261,-0.076363,0.996135,-0.014876,0.083643,-0.022283,0.868491,-0.016612,0.495366,0.007726,0.707178,-0.408409,0.559768,0.140575
0.999709,0.019654,-0.013862,-0.001618,0.940375,0.068692,-0.332979,0.010071,0.994806,0.015654,-0.040390,0.092108,0.993824,0.004175,-0.063530,0.090886,0.995179,-0.008484,-0.097527,-0.006000,0.954182,0.064741,0.248271,-0.153968,0.985440,0.025376,0.036175,-0.164183,0.998262,0.046390,0.032891,-0.015465,0.994219,0.099781,0.036211,-0.016134,0.934700,0.104917,0.339589,-0.002678,0.675541,0.645916,0.347828,-0.073837,0.996005,-0.015988,0.085043,-0.022053,0.868014,-0.018450,0.496102,0.009666,0.706243,-0.408953,0.559726,0.143825
0.999743,0.019475,-0.011226,-0.002971,0.941841,0.067208,-0.329164,0.008326,0.994948,0.017300,-0.044964,0.088071,0.993705,0.002277,-0.071287,0.086390,0.995786,-0.008526,-0.091038,-0.007055,0.954383,0.062352,0.247817,-0.154439,0.985155,0.027541,0.042498,-0.164030,0.998282,0.045543,0.033393,-0.015598,0.994163,0.096637,0.045991,-0.013604,0.930880,0.100146,0.351323,0.002089,0.674201,0.638895,0.362813,-0.075054,0.995843,-0.017528,0.086560,-0.022308,0.867435,-0.020494,0.497005,0.011081,0.705320,-0.409773,0.559607,0.146459
0.999771,0.019126,-0.008444,-0.004635,0.943302,0.065665,-0.325312,0.006412,0.995106,0.019027,-0.049215,0.083550,0.993528,-0.000238,-0.079355,0.081265,0.996343,-0.008492,-0.084602,-0.008396,0.954607,0.059970,0.247388,-0.154687,0.984842,0.029758,0.048915,-0.163731,0.998302,0.044555,0.033961,-0.015977,0.993965,0.093807,0.055722,-0.011341,0.926054,0.095770,0.364973,0.006913,0.671166,0.631442,0.380409,-0.078136,0.995661,-0.019279,0.088138,-0.022800,0.866797,-0.022635,0.497997,0.012242,0.704400,-0.410723,0.559452,0.148797
0.999796,0.018299,-0.004905,-0.007004,0.944866,0.063918,-0.321131,0.004121,0.995370,0.020801,-0.051907,0.078171,0.993400,-0.004719,-0.086631,0.075030,0.996888,-0.008418,-0.077688,-0.010364,0.954345,0.057738,0.248874,-0.154770,0.984441,0.032062,0.056055,-0.163416,0.998303,0.043287,0.035007,-0.017058,0.993476,0.092738,0.065606,-0.009997,0.918553,0.093785,0.383879,0.010115,0.663026,0.624840,0.402658,-0.088528,0.995456,-0.021619,0.089619,-0.023838,0.865915,-0.025039,0.499407,0.012526,0.702451,-0.412614,0.560282,0.149654
0.999801,0.017457,-0.001244,-0.009595,0.946455,0.061995,-0.316822,0.001584,0.995675,0.022351,-0.053697,0.072440,0.993281,-0.007521,-0.092935,0.068552,0.997373,-0.008506,-0.070826,-0.012589,0.954119,0.055419,0.250089,-0.155050,0.984026,0.034110,0.061983,-0.163365,0.998294,0.042062,0.036107,-0.018352,0.992857,0.092105,0.075302,-0.008977,0.910030,0.092351,0.403917,0.012955,0.653193,0.618050,0.425756,-0.100422,0.995263,-0.024074,0.090814,-0.025002,0.864979,-0.027477,0.500898,0.012555,0.699998,-0.414724,0.561675,0.150098
0.999779,0.016582,0.002660,-0.012632,0.948114,0.059721,-0.312266,-0.001438,0.996093,0.023566,-0.053665,0.066056,0.993300,-0.006819,-0.097411,0.061798,0.997788,-0.008936,-0.064068,-0.015302,0.953974,0.052868,0.250764,-0.155741,0.983682,0.035593,0.065480,-0.163756,0.998264,0.040918,0.037310,-0.020080,0.992089,0.092326,0.084620,-0.008607,0.899757,0.092036,0.426308,0.015116,0.640343,0.611152,0.450721,-0.115345,0.995100,-0.026769,0.091439,-0.026431,0.863949,-0.029995,0.502541,0.012055,0.696537,-0.417283,0.564185,0.149687
0.999729,0.015567,0.006486,-0.016023,0.949835,0.057887,-0.307315,-0.004552,0.996563,0.023961,-0.050320,0.061287,0.993455,-0.008241,-0.098838,0.056652,0.998151,-0.009464,-0.057166,-0.018366,0.953696,0.050324,0.251812,-0.156593,0.983415,0.036620,0.067378,-0.164358,0.998218,0.039738,0.038516,-0.022314,0.991242,0.092889,0.093436,-0.008943,0.887868,0.092366,0.450430,0.016471,0.625835,0.603051,0.476131,-0.134009,0.994963,-0.029676,0.091487,-0.028237,0.863147,-0.032325,0.503809,0.010409,0.693543,-0.418786,0.567123,0.148284
0.999650,0.014483,0.010274,-0.019592,0.951563,0.056281,-0.302161,-0.007723,0.997038,0.023979,-0.045316,0.057324,0.993681,-0.010705,-0.098724,0.052313,0.998455,-0.010029,-0.050192,-0.021615,0.953347,0.047814,0.253052,-0.157507,0.983192,0.037452,0.068479,-0.165048,0.998159,0.038537,0.039725,-0.024797,0.990320,0.093641,0.101999,-0.009653,0.874769,0.093045,0.475202,0.017438,0.609984,0.593840,0.501473,-0.154265,0.994831,-0.032697,0.091255,-0.030228,0.862450,-0.034565,0.504894,0.008184,0.690771,-0.419752,0.570277,0.146379
0.999530,0.013197,0.014270,-0.023711,0.952306,0.056117,-0.299750,-0.010638,0.997408,0.023345,-0.038137,0.056367,0.994086,-0.011300,-0.094974,0.051432,0.998637,-0.010788,-0.044267,-0.025456,0.952883,0.045370,0.255052,-0.157808,0.983145,0.037797,0.068756,-0.165137,0.998040,0.037383,0.041556,-0.028152,0.989265,0.094761,0.110651,-0.011458,0.859721,0.094297,0.501650,0.018288,0.590619,0.582928,0.529243,-0.176825,0.994592,-0.036302,0.091559,-0.032945,0.861703,-0.036144,0.506117,0.002709,0.689283,-0.420145,0.572800,0.142362
0.999366,0.012230,0.018225,-0.028036,0.952912,0.056054,-0.297698,-0.013873,0.997718,0.022495,-0.030849,0.055693,0.994760,-0.008893,-0.087956,0.051346,0.998751,-0.011632,-0.038571,-0.029558,0.952384,0.042950,0.257196,-0.158019,0.983092,0.038309,0.069185,-0.165152,0.997877,0.036573,0.043523,-0.031764,0.988328,0.094823,0.118450,-0.013634,0.844098,0.094634,0.527435,0.018838,0.569914,0.571094,0.556702,-0.197819,0.994402,-0.039427,0.091267,-0.035774,0.861199,-0.037165,0.506899,-0.002943,0.687782,-0.420826,0.575258,0.137623
0.999148,0.011902,0.022099,-0.032774,0.953259,0.056193,-0.296354,-0.017735,0.997956,0.021185,-0.023333,0.055589,0.995839,-0.000477,-0.074370,0.052657,0.998781,-0.012664,-0.033322,-0.034157,0.951822,0.040509,0.259628,-0.158074,0.983030,0.039086,0.069914,-0.165034,0.997641,0.036457,0.045761,-0.035898,0.987732,0.092726,0.124562,-0.016465,0.828164,0.093100,0.552384,0.018704,0.547624,0.558636,0.584111,-0.216445,0.994336,-0.041589,0.089764,-0.038847,0.861214,-0.037063,0.506810,-0.008956,0.686262,-0.422074,0.577601,0.131434
0.998904,0.012059,0.025272,-0.037507,0.953379,0.056090,-0.295706,-0.021911,0.998181,0.019449,-0.014110,0.055300,0.996999,0.006537,-0.055447,0.053629,0.998735,-0.014253,-0.028599,-0.038817,0.950950,0.037890,0.263209,-0.158048,0.982899,0.039744,0.071807,-0.164847,0.997381,0.036640,0.047813,-0.040026,0.987259,0.089888,0.129878,-0.019261,0.812198,0.090731,0.575974,0.018850,0.525458,0.545522,0.609801,-0.233329,0.994242,-0.043483,0.088482,-0.041987,0.861404,-0.036197,0.506371,-0.016171,0.685116,-0.421921,0.580737,0.123864
0.998635,0.012458,0.028094,-0.042236,0.953377,0.055852,-0.295404,-0.026239,0.998331,0.017494,-0.004022,0.054894,0.997877,0.012861,-0.033829,0.054143,0.998633,-0.016113,-0.024123,-0.043491,0.949900,0.035204,0.267391,-0.157964,0.982725,0.040366,0.074314,-0.164622,0.997099,0.036973,0.049775,-0.044151,0.986826,0.086694,0.134811,-0.022013,0.795907,0.087966,0.598690,0.019092,0.502927,0.531803,0.634164,-0.249172,0.994127,-0.045254,0.087318,-0.045162,0.861646,-0.034949,0.505736,-0.023989,0.684114,-0.421037,0.584254,0.115599
0.998416,0.012355,0.029852,-0.046071,0.952347,0.055425,-0.298508,-0.029273,0.998376,0.015308,0.007413,0.054365,0.998232,0.014032,-0.020890,0.053853,0.998462,-0.019116,-0.021674,-0.047311,0.948216,0.032257,0.273994,-0.157394,0.982378,0.040626,0.079952,-0.163982,0.996881,0.036501,0.051557,-0.047305,0.986713,0.082201,0.138036,-0.024238,0.780340,0.084286,0.619388,0.018018,0.480502,0.516596,0.656746,-0.266331,0.993849,-0.047050,0.088107,-0.047839,0.862008,-0.033753,0.504773,-0.031742,0.683473,-0.420847,0.586897,0.106325
0.998194,0.012139,0.031381,-0.049770,0.951394,0.054746,-0.301357,-0.032195,0.998285,0.012940,0.019382,0.053701,0.998400,0.015847,-0.010208,0.053306,0.998257,-0.022390,-0.019517,-0.050989,0.946403,0.029150,0.280884,-0.156766,0.981831,0.041530,0.087060,-0.163412,0.996664,0.035918,0.053291,-0.050303,0.986641,0.077792,0.140663,-0.026488,0.765503,0.081326,0.638083,0.015531,0.458551,0.502701,0.675509,-0.284095,0.993512,-0.048684,0.089524,-0.050495,0.862478,-0.032400,0.503504,-0.039572,0.683846,-0.420806,0.588213,0.096344
0.997988,0.011697,0.032456,-0.053197,0.950618,0.053609,-0.303697,-0.034919,0.998026,0.010269,0.032407,0.052813,0.998436,0.018998,-0.004057,0.052427,0.998013,-0.026209,-0.017962,-0.054402,0.944390,0.025703,0.288308,-0.156032,0.980868,0.043689,0.097050,-0.163007,0.996465,0.035113,0.054927,-0.052990,0.986701,0.073528,0.142072,-0.028830,0.752865,0.079776,0.653239,0.010386,0.438626,0.492208,0.687897,-0.303541,0.993067,-0.049982,0.092185,-0.053120,0.863210,-0.030732,0.501659,-0.047567,0.686295,-0.421116,0.586899,0.084908
0.997792,0.011347,0.033250,-0.056366,0.950489,0.052317,-0.303990,-0.037722,0.997617,0.007523,0.044503,0.052176,0.998435,0.021105,-0.000044,0.051786,0.997748,-0.030174,-0.016579,-0.057565,0.942416,0.021975,0.295579,-0.154927,0.979488,0.046765,0.109522,-0.162549,0.996285,0.034401,0.056264,-0.055391,0.986719,0.069395,0.143611,-0.030746,0.743115,0.077870,0.664588,0.006215,0.424442,0.480221,0.697144,-0.321289,0.992562,-0.050932,0.095540,-0.055662,0.863569,-0.029038,0.500393,-0.054879,0.689540,-0.419776,0.585332,0.075563
0.997597,0.011045,0.033904,-0.059407,0.950680,0.050956,-0.303258,-0.040570,0.997075,0.004755,0.056137,0.051646,0.998422,0.022702,0.002906,0.051275,0.997459,-0.034209,-0.015272,-0.060599,0.940412,0.018102,0.302798,-0.153659,0.977734,0.050248,0.123259,-0.162228,0.996111,0.033736,0.057454,-0.057649,0.986707,0.065329,0.145220,-0.032443,0.734799,0.075789,0.674033,0.002516,0.412977,0.467393,0.704743,-0.338129,0.992016,-0.051700,0.099241,-0.058164,0.863723,-0.027369,0.499406,-0.061861,0.693142,-0.417659,0.583609,0.067201
0.997371,0.010743,0.034355,-0.062899,0.952166,0.049748,-0.298249,-0.044191,0.996568,0.002337,0.064647,0.051649,0.998440,0.021513,0.004247,0.051347,0.997117,-0.038038,-0.014273,-0.064088,0.938739,0.014157,0.308970,-0.152004,0.975075,0.054149,0.141551,-0.162048,0.995947,0.033067,0.058010,-0.060255,0.986487,0.061581,0.147984,-0.033940,0.733755,0.069926,0.675774,0.006632,0.416936,0.454153,0.711247,-0.337694,0.991500,-0.052664,0.102139,-0.061012,0.863184,-0.026759,0.499831,-0.066074,0.694157,-0.416747,0.583405,0.064085
0.997128,0.010237,0.034801,-0.066489,0.953951,0.048417,-0.292122,-0.047941,0.996046,0.000022,0.072282,0.051656,0.998449,0.020556,0.005394,0.051451,0.996741,-0.041808,-0.013448,-0.067664,0.937075,0.010219,0.314976,-0.150252,0.971739,0.057704,0.161592,-0.162115,0.995791,0.032220,0.058331,-0.062930,0.986278,0.057762,0.150529,-0.035514,0.734156,0.063555,0.675899,0.011702,0.423485,0.442372,0.716578,-0.333892,0.990981,-0.053775,0.104763,-0.063950,0.862469,-0.026539,0.500611,-0.069503,0.694190,-0.416649,0.583637,0.062211
0.996861,0.009323,0.035240,-0.070274,0.956341,0.046825,-0.283761,-0.051949,0.995598,-0.002120,0.078160,0.051684,0.998448,0.020029,0.006139,0.051596,0.996325,-0.045464,-0.012998,-0.071424,0.935520,0.006295,0.320593,-0.148269,0.967322,0.060652,0.185073,-0.162352,0.995656,0.031013,0.058179,-0.065742,0.986116,0.053787,0.152623,-0.037264,0.737489,0.056189,0.672758,0.018686,0.435196,0.433603,0.719756,-0.323333,0.990475,-0.055193,0.106837,-0.067073,0.861425,-0.027064,0.502117,-0.071367,0.692294,-0.418129,0.584762,0.062856
0.996627,0.008297,0.035777,-0.073390,0.958951,0.044816,-0.274439,-0.055563,0.995218,-0.004197,0.082806,0.051647,0.998449,0.019584,0.006528,0.051698,0.995927,-0.048922,-0.013371,-0.074549,0.933850,0.002570,0.326631,-0.145706,0.962041,0.062613,0.210358,-0.162193,0.995566,0.029717,0.057786,-0.068021,0.986176,0.050253,0.152989,-0.039056,0.742598,0.049651,0.667420,0.025170,0.448056,0.429287,0.719909,-0.310950,0.990031,-0.056422,0.108595,-0.069723,0.860308,-0.027229,0.503667,-0.073814,0.690274,-0.417474,0.587551,0.063410
0.996405,0.007215,0.036362,-0.076171,0.961605,0.042610,-0.264617,-0.058976,0.994864,-0.006197,0.086842,0.051624,0.998448,0.019229,0.006748,0.051825,0.995531,-0.052286,-0.014153,-0.077357,0.932075,-0.001100,0.332892,-0.142894,0.955915,0.063911,0.236475,-0.161932,0.995495,0.028375,0.057273,-0.070031,0.986343,0.046932,0.152494,-0.040873,0.748508,0.043552,0.660947,0.031438,0.461300,0.427103,0.718514,-0.297527,0.989616,-0.057556,0.110195,-0.072138,0.859149,-0.027215,0.505234,-0.076552,0.688191,-0.415735,0.591162,0.063907
0.996284,0.006649,0.036547,-0.077702,0.964035,0.040132,-0.255405,-0.061593,0.994511,-0.008141,0.090754,0.051423,0.998471,0.018203,0.006413,0.051803,0.995147,-0.055534,-0.018262,-0.079146,0.929475,-0.004176,0.341701,-0.138922,0.948934,0.066131,0.263125,-0.160984,0.995516,0.027617,0.056243,-0.070873,0.986992,0.044536,0.148513,-0.042511,0.757001,0.038853,0.651231,0.036581,0.478297,0.431087,0.710859,-0.282976,0.989391,-0.058265,0.111022,-0.073376,0.858163,-0.026388,0.506288,-0.080820,0.686450,-0.412207,0.595910,0.061336
0.996167,0.006151,0.036520,-0.079248,0.966223,0.037709,-0.246726,-0.064169,0.994100,-0.009995,0.095141,0.051117,0.998498,0.017126,0.006069,0.051688,0.994689,-0.058911,-0.023555,-0.081043,0.926343,-0.007043,0.351411,-0.135460,0.941223,0.067842,0.289299,-0.160636,0.995538,0.026883,0.055091,-0.071736,0.987753,0.042994,0.143169,-0.044691,0.765524,0.036175,0.641189,0.039256,0.492409,0.438026,0.701519,-0.271178,0.989179,-0.059019,0.111677,-0.074630,0.857172,-0.025565,0.507293,-0.085187,0.684698,-0.408547,0.600681,0.058830
0.996058,0.005789,0.036068,-0.080828,0.968042,0.035390,-0.239150,-0.066700,0.993589,-0.011728,0.100462,0.050499,0.998542,0.015876,0.005687,0.051276,0.994082,-0.062537,-0.031221,-0.083155,0.922254,-0.009349,0.362893,-0.132925,0.932880,0.069004,0.314650,-0.161146,0.995567,0.026202,0.053695,-0.072645,0.988733,0.043169,0.135079,-0.047924,0.774338,0.037467,0.630583,0.036918,0.501338,0.451127,0.689006,-0.265358,0.988996,-0.059866,0.111986,-0.075914,0.856183,-0.024747,0.508215,-0.089752,0.682936,-0.404655,0.605529,0.056459
0.995975,0.005727,0.035066,-0.082283,0.969550,0.033236,-0.232569,-0.069131,0.992956,-0.013451,0.106635,0.049867,0.998579,0.014876,0.005515,0.050869,0.993277,-0.066200,-0.041584,-0.085379,0.917045,-0.011027,0.376547,-0.130844,0.923908,0.067688,0.340302,-0.161268,0.995600,0.025569,0.052189,-0.073505,0.989831,0.044540,0.124740,-0.051875,0.784666,0.041495,0.617742,0.031181,0.510621,0.469455,0.670616,-0.262968,0.989015,-0.060939,0.110573,-0.076878,0.855728,-0.024594,0.508428,-0.092872,0.680965,-0.401731,0.609825,0.054876
0.995903,0.005815,0.033789,-0.083677,0.970888,0.031170,-0.226479,-0.071496,0.992231,-0.015158,0.113238,0.049247,0.998611,0.014014,0.005456,0.050492,0.992263,-0.069888,-0.053282,-0.087696,0.911090,-0.012518,0.391248,-0.129165,0.914244,0.065006,0.365972,-0.161236,0.995634,0.024961,0.050629,-0.074343,0.990890,0.046506,0.113243,-0.056119,0.795543,0.046870,0.603613,0.023780,0.519710,0.490100,0.648894,-0.261991,0.989129,-0.062129,0.108299,-0.077684,0.855542,-0.024765,0.508289,-0.095275,0.678897,-0.399264,0.613845,0.053678
0.995870,0.006507,0.031360,-0.084952,0.971872,0.029546,-0.221676,-0.073837,0.991305,-0.016579,0.121200,0.048467,0.998639,0.013879,0.005784,0.049944,0.990810,-0.074257,-0.068012,-0.090308,0.903210,-0.013228,0.409054,-0.129270,0.903757,0.062550,0.390905,-0.162802,0.995667,0.024333,0.048818,-0.075309,0.991818,0.050620,0.100080,-0.060989,0.807456,0.054686,0.587167,0.016116,0.527731,0.514307,0.624382,-0.259106,0.989284,-0.063316,0.105496,-0.078600,0.856214,-0.025359,0.506876,-0.096601,0.679365,-0.399014,0.613618,0.052192
0.995855,0.007268,0.028684,-0.086011,0.972826,0.027960,-0.216922,-0.075976,0.990321,-0.017916,0.129095,0.047731,0.998662,0.013863,0.005937,0.049455,0.989003,-0.078914,-0.083721,-0.092936,0.895029,-0.013754,0.426274,-0.130477,0.892323,0.058621,0.416215,-0.164584,0.995708,0.023618,0.046967,-0.076173,0.992551,0.054927,0.086703,-0.065639,0.819549,0.061933,0.569564,0.010014,0.536433,0.537386,0.599590,-0.252880,0.989434,-0.064356,0.102771,-0.079472,0.857099,-0.026140,0.505255,-0.097034,0.680031,-0.399643,0.612556,0.051169
0.995879,0.008168,0.025511,-0.086641,0.973753,0.026429,-0.212281,-0.077738,0.989289,-0.019126,0.136849,0.047047,0.998682,0.014050,0.005726,0.049032,0.986668,-0.084119,-0.101418,-0.095519,0.886711,-0.013628,0.442425,-0.133485,0.879657,0.052190,0.442524,-0.166289,0.995767,0.022727,0.045030,-0.076830,0.993087,0.059629,0.072966,-0.069994,0.832407,0.068065,0.549925,0.006937,0.547216,0.558752,0.574879,-0.240550,0.989587,-0.065098,0.100199,-0.080249,0.858413,-0.027304,0.503218,-0.095673,0.681082,-0.402041,0.609822,0.051071
0.995946,0.008961,0.022281,-0.086691,0.974645,0.025036,-0.207910,-0.078829,0.988213,-0.020123,0.144467,0.046481,0.998696,0.014167,0.005784,0.048703,0.983933,-0.090110,-0.119133,-0.097795,0.879021,-0.013361,0.456126,-0.138176,0.867448,0.045897,0.465728,-0.168896,0.995846,0.021488,0.043257,-0.077182,0.993499,0.063150,0.059367,-0.073808,0.846342,0.071707,0.527758,0.005932,0.561889,0.576542,0.549616,-0.223165,0.989734,-0.066043,0.097705,-0.080733,0.860230,-0.028910,0.500324,-0.094044,0.682821,-0.404771,0.606101,0.050569
0.996027,0.009700,0.019021,-0.086451,0.975513,0.023704,-0.203670,-0.079564,0.987084,-0.021027,0.152011,0.045986,0.998707,0.014236,0.005976,0.048437,0.980801,-0.096446,-0.136821,-0.100042,0.871574,-0.012672,0.468527,-0.143808,0.855232,0.040185,0.487263,-0.171866,0.995932,0.020077,0.041566,-0.077391,0.993762,0.066085,0.045813,-0.077275,0.860460,0.074029,0.504075,0.005974,0.578026,0.591998,0.523685,-0.202926,0.989875,-0.067087,0.095252,-0.081077,0.862284,-0.030732,0.496997,-0.092283,0.684890,-0.407652,0.601880,0.049862
0.996123,0.011133,0.015774,-0.085832,0.976386,0.022767,-0.199332,-0.080114,0.986030,-0.021429,0.158764,0.045596,0.998717,0.014159,0.006472,0.048187,0.977223,-0.103565,-0.154272,-0.102512,0.866621,-0.011175,0.475164,-0.151866,0.850795,0.035330,0.493678,-0.176582,0.995997,0.019046,0.039929,-0.077669,0.994009,0.066298,0.032921,-0.080422,0.874614,0.072752,0.479279,0.006978,0.596140,0.603238,0.499691,-0.176152,0.989864,-0.067477,0.094512,-0.081756,0.865250,-0.032126,0.492067,-0.090443,0.688193,-0.410339,0.596409,0.048044
0.996206,0.012730,0.012602,-0.085163,0.977317,0.021903,-0.194604,-0.080630,0.985011,-0.021703,0.165009,0.045333,0.998722,0.014050,0.007011,0.048037,0.973347,-0.109921,-0.171621,-0.105166,0.862963,-0.008545,0.479236,-0.159856,0.850916,0.029897,0.492514,-0.180216,0.996049,0.018108,0.038277,-0.078066,0.994053,0.066876,0.020729,-0.083411,0.887758,0.071959,0.454586,0.007685,0.612688,0.613007,0.475621,-0.150403,0.989852,-0.067676,0.093789,-0.082565,0.868279,-0.033316,0.486968,-0.088569,0.691988,-0.412746,0.590470,0.046241
0.996279,0.014655,0.009580,-0.084395,0.978372,0.021190,-0.189101,-0.081117,0.984122,-0.021705,0.170241,0.045293,0.998719,0.013891,0.007631,0.048049,0.969283,-0.114853,-0.188850,-0.107865,0.862043,-0.004479,0.478349,-0.167462,0.860060,0.022062,0.476147,-0.181917,0.996077,0.017350,0.036595,-0.078681,0.993896,0.068183,0.009968,-0.086159,0.899635,0.072273,0.430550,0.007746,0.627249,0.621268,0.452042,-0.127449,0.989841,-0.067504,0.093100,-0.083612,0.871464,-0.034125,0.481542,-0.086624,0.696778,-0.414642,0.583606,0.044469
0.996355,0.016518,0.007072,-0.083395,0.979575,0.020501,-0.182765,-0.081297,0.983377,-0.021545,0.174443,0.045544,0.998704,0.013682,0.008311,0.048304,0.965199,-0.118221,-0.205602,-0.110191,0.864643,-0.000188,0.471388,-0.173740,0.870863,0.018074,0.455200,-0.184565,0.996091,0.016713,0.035090,-0.079320,0.993598,0.070281,0.001053,-0.088443,0.910775,0.073298,0.406263,0.008192,0.642840,0.626089,0.427959,-0.107802,0.989920,-0.067226,0.091645,-0.084503,0.874318,-0.034778,0.476668,-0.084535,0.701381,-0.415823,0.577304,0.043322
0.996429,0.018349,0.004822,-0.082279,0.980828,0.019809,-0.176008,-0.081277,0.982701,-0.021331,0.178129,0.045976,0.998681,0.013430,0.009021,0.048720,0.960972,-0.120767,-0.222078,-0.112384,0.868907,0.004297,0.461343,-0.179288,0.882094,0.016012,0.431762,-0.187714,0.996097,0.016141,0.033679,-0.079972,0.993213,0.072774,-0.006940,-0.090467,0.921220,0.074684,0.381705,0.008808,0.658543,0.628995,0.403254,-0.089844,0.990041,-0.066892,0.089812,-0.085315,0.876994,-0.035352,0.472066,-0.082373,0.705875,-0.416633,0.571272,0.042493
0.996522,0.020489,0.003699,-0.080685,0.982201,0.019231,-0.168473,-0.080800,0.982198,-0.020866,0.180738,0.046754,0.998643,0.013195,0.009805,0.049418,0.957264,-0.121348,-0.236607,-0.113740,0.877461,0.008481,0.443125,-0.183385,0.896812,0.011862,0.399897,-0.188865,0.996099,0.016390,0.032696,-0.080303,0.992825,0.075525,-0.012854,-0.091807,0.929064,0.077961,0.361558,0.006169,0.668179,0.634505,0.380464,-0.078656,0.990109,-0.066092,0.089161,-0.085821,0.879132,-0.035359,0.468408,-0.080442,0.710129,-0.416274,0.566301,0.041661
0.996614,0.022818,0.002740,-0.078940,0.983540,0.018693,-0.160870,-0.080126,0.981691,-0.020339,0.183312,0.047598,0.998601,0.012966,0.010560,0.050170,0.953507,-0.121952,-0.250399,-0.115122,0.886654,0.012397,0.422454,-0.187679,0.911295,0.008470,0.364558,-0.191228,0.996108,0.016925,0.031701,-0.080487,0.992431,0.078110,-0.018494,-0.092935,0.936009,0.081297,0.342447,0.002874,0.676483,0.639766,0.358281,-0.068592,0.990157,-0.065400,0.088800,-0.086180,0.881001,-0.035416,0.465186,-0.078642,0.713858,-0.415651,0.562087,0.041224
0.996710,0.025522,0.002111,-0.076895,0.984861,0.018260,-0.153138,-0.079151,0.981190,-0.019644,0.185818,0.048502,0.998556,0.012778,0.011257,0.050953,0.949909,-0.122674,-0.262794,-0.116465,0.897284,0.015546,0.396970,-0.192494,0.926104,0.006757,0.322630,-0.195439,0.996129,0.018025,0.030672,-0.080376,0.992073,0.080363,-0.023582,-0.093684,0.941689,0.084807,0.325619,-0.001666,0.682778,0.645022,0.337738,-0.060775,0.990164,-0.064931,0.089009,-0.086240,0.882360,-0.035596,0.462849,-0.077099,0.716568,-0.414557,0.559414,0.041576
0.996849,0.027829,0.001685,-0.074264,0.986240,0.017780,-0.145009,-0.077377,0.980748,-0.018811,0.187964,0.049485,0.998509,0.012583,0.011769,0.051791,0.946833,-0.122742,-0.273488,-0.116817,0.909137,0.016772,0.367117,-0.195995,0.939234,0.005625,0.279782,-0.198823,0.996197,0.019094,0.029659,-0.079672,0.991797,0.082301,-0.027994,-0.093710,0.946115,0.088400,0.311451,-0.007112,0.687266,0.650143,0.319183,-0.055693,0.990214,-0.064489,0.089271,-0.085726,0.883401,-0.035649,0.461027,-0.076069,0.718500,-0.413203,0.557977,0.041020
0.997002,0.029937,0.001361,-0.071341,0.987609,0.017242,-0.136685,-0.075151,0.980333,-0.017967,0.189927,0.050525,0.998461,0.012333,0.012183,0.052684,0.943989,-0.122450,-0.283324,-0.116701,0.920896,0.017041,0.334833,-0.198865,0.950528,0.004823,0.236236,-0.201656,0.996285,0.020149,0.028656,-0.078672,0.991555,0.084086,-0.032065,-0.093377,0.949840,0.092011,0.298611,-0.013029,0.690777,0.655105,0.301597,-0.051999,0.990284,-0.064060,0.089560,-0.084924,0.884282,-0.035641,0.459463,-0.075296,0.720041,-0.411717,0.557162,0.040015
0.997249,0.031072,0.001585,-0.067284,0.989048,0.016642,-0.128061,-0.071460,0.980038,-0.016897,0.191266,0.051544,0.998418,0.012112,0.012288,0.053518,0.942254,-0.118922,-0.291641,-0.113847,0.934103,0.013150,0.298687,-0.195104,0.960947,0.003876,0.193504,-0.197794,0.996462,0.020970,0.028019,-0.076410,0.991456,0.085715,-0.035398,-0.091733,0.951926,0.095976,0.290236,-0.019702,0.691343,0.658902,0.291287,-0.055191,0.990444,-0.063736,0.089975,-0.082846,0.884610,-0.035905,0.459001,-0.074125,0.720456,-0.411675,0.556770,0.038376
0.997501,0.031934,0.001908,-0.062993,0.990431,0.016031,-0.119370,-0.067385,0.979765,-0.015808,0.192489,0.052530,0.998379,0.011831,0.012171,0.054319,0.940847,-0.114337,-0.299313,-0.110207,0.946517,0.007525,0.261802,-0.188435,0.969947,0.002932,0.151094,-0.190697,0.996656,0.021793,0.027405,-0.073826,0.991396,0.087173,-0.038496,-0.089740,0.953615,0.099715,0.282827,-0.026174,0.691224,0.662605,0.282395,-0.058456,0.990632,-0.063402,0.090321,-0.080439,0.884762,-0.036213,0.458900,-0.072779,0.720393,-0.412195,0.556586,0.036618
0.997779,0.032253,0.002428,-0.058235,0.991776,0.015466,-0.110535,-0.062640,0.979539,-0.014565,0.193491,0.053416,0.998352,0.011536,0.011618,0.055000,0.940172,-0.107709,-0.305710,-0.104959,0.958646,-0.001515,0.223803,-0.175806,0.978036,0.001990,0.109767,-0.177181,0.996887,0.022616,0.026832,-0.070598,0.991432,0.088278,-0.041128,-0.087051,0.954683,0.103037,0.277356,-0.032218,0.689945,0.666172,0.276353,-0.061808,0.990880,-0.063043,0.090528,-0.077374,0.884563,-0.036612,0.459516,-0.071082,0.719374,-0.413849,0.556806,0.034615
0.998059,0.032200,0.003062,-0.053221,0.993056,0.014954,-0.101543,-0.057495,0.979370,-0.013273,0.194179,0.054348,0.998323,0.011259,0.010968,0.055712,0.940211,-0.100522,-0.310068,-0.098775,0.969462,-0.012936,0.186121,-0.159170,0.984598,-0.002909,0.072955,-0.158859,0.997136,0.023468,0.026307,-0.066915,0.991619,0.088739,-0.042557,-0.083707,0.954932,0.105466,0.274948,-0.037219,0.687983,0.669260,0.273143,-0.064524,0.991164,-0.062592,0.090681,-0.073849,0.883981,-0.037146,0.460969,-0.068599,0.717457,-0.416021,0.557669,0.034449
0.998325,0.031961,0.003752,-0.048078,0.994245,0.014421,-0.092471,-0.052140,0.979227,-0.012040,0.194720,0.055265,0.998295,0.010902,0.010277,0.056415,0.940566,-0.093045,-0.313358,-0.092111,0.978682,-0.024702,0.148192,-0.140040,0.989679,-0.009064,0.038182,-0.137827,0.997383,0.024338,0.025811,-0.063004,0.991873,0.088882,-0.043385,-0.080040,0.954778,0.107455,0.274068,-0.041699,0.685691,0.672110,0.271330,-0.066909,0.991456,-0.062094,0.090813,-0.070094,0.883194,-0.037757,0.462842,-0.065724,0.715081,-0.418470,0.558840,0.035203
0.998559,0.031422,0.004341,-0.043284,0.995350,0.013908,-0.082914,-0.047018,0.979200,-0.010757,0.194682,0.056127,0.998269,0.010757,0.009463,0.057048,0.941265,-0.087646,-0.314550,-0.086002,0.985326,-0.036935,0.114334,-0.121228,0.992763,-0.020882,0.013799,-0.117450,0.997602,0.025290,0.025373,-0.059221,0.992275,0.088278,-0.042405,-0.076153,0.953329,0.108510,0.278139,-0.045040,0.681987,0.673915,0.274867,-0.071969,0.991784,-0.060800,0.090809,-0.066496,0.882117,-0.037442,0.465291,-0.063024,0.712217,-0.419684,0.561472,0.036904
0.998767,0.031168,0.004762,-0.038354,0.996324,0.013541,-0.073551,-0.041772,0.979124,-0.009458,0.194871,0.057023,0.998239,0.010614,0.008732,0.057708,0.942118,-0.082798,-0.314881,-0.080054,0.990152,-0.047764,0.082419,-0.102592,0.994670,-0.031636,-0.009974,-0.097629,0.997814,0.026508,0.024864,-0.055196,0.992753,0.087268,-0.040725,-0.071889,0.951601,0.108747,0.283553,-0.047196,0.678760,0.674543,0.280019,-0.076581,0.992117,-0.059321,0.090877,-0.062664,0.880996,-0.036987,0.467809,-0.060266,0.709404,-0.420638,0.564185,0.038804
0.998943,0.031483,0.004847,-0.033152,0.997160,0.013553,-0.064586,-0.036287,0.978951,-0.007975,0.195500,0.058068,0.998199,0.010639,0.008154,0.058472,0.943334,-0.079082,-0.313567,-0.074443,0.993200,-0.057258,0.055017,-0.085138,0.995489,-0.041266,-0.032038,-0.079204,0.998021,0.028256,0.024206,-0.050683,0.993385,0.085435,-0.037657,-0.066852,0.949326,0.107314,0.291646,-0.046981,0.676530,0.672797,0.288442,-0.080332,0.992469,-0.057477,0.091078,-0.058361,0.879807,-0.036246,0.470460,-0.057389,0.706720,-0.421047,0.567079,0.041093
0.999090,0.031988,0.004369,-0.027889,0.997851,0.013891,-0.056182,-0.030715,0.978663,-0.006351,0.196687,0.059107,0.998156,0.010812,0.007951,0.059194,0.944342,-0.076444,-0.312370,-0.069274,0.994852,-0.064274,0.033713,-0.070720,0.995560,-0.049152,-0.048029,-0.064321,0.998223,0.030023,0.023315,-0.045893,0.994081,0.083354,-0.033411,-0.061139,0.946304,0.104964,0.302465,-0.044803,0.673824,0.670082,0.300016,-0.083315,0.992796,-0.055566,0.091468,-0.053874,0.878545,-0.035479,0.473215,-0.054468,0.704843,-0.420896,0.569314,0.043862
0.999207,0.032588,0.003609,-0.022595,0.998426,0.014344,-0.048059,-0.025086,0.978312,-0.004738,0.198162,0.060122,0.998113,0.010977,0.007945,0.059888,0.945234,-0.074360,-0.311235,-0.064316,0.995752,-0.069991,0.015460,-0.057797,0.995239,-0.056152,-0.061012,-0.051228,0.998405,0.031800,0.022315,-0.040961,0.994773,0.081108,-0.028603,-0.055041,0.942808,0.102055,0.314584,-0.041652,0.670815,0.666774,0.313113,-0.085912,0.993095,-0.053631,0.091960,-0.049288,0.877232,-0.034722,0.476030,-0.051522,0.703348,-0.420482,0.571226,0.046874
0.999278,0.033574,0.002453,-0.017620,0.998818,0.015745,-0.041512,-0.019801,0.977572,-0.002556,0.201544,0.061041,0.998071,0.011416,0.008910,0.060365,0.945938,-0.073150,-0.310210,-0.060158,0.996052,-0.071712,0.009918,-0.051368,0.996003,-0.049810,-0.058998,-0.044892,0.998567,0.033468,0.021331,-0.035894,0.995473,0.078659,-0.022478,-0.048376,0.938030,0.098055,0.330434,-0.036043,0.666407,0.661403,0.332577,-0.088539,0.993352,-0.051786,0.092637,-0.044601,0.875650,-0.034234,0.479325,-0.048079,0.701470,-0.419650,0.573714,0.051827
0.999317,0.034609,0.001260,-0.012867,0.999099,0.017497,-0.035731,-0.014744,0.976645,-0.000238,0.205737,0.061937,0.998030,0.011596,0.010291,0.060785,0.946590,-0.071355,-0.309414,-0.056032,0.996298,-0.072808,0.009128,-0.044798,0.996926,-0.043252,-0.052688,-0.038613,0.998692,0.035115,0.020407,-0.031053,0.996065,0.076472,-0.016147,-0.041783,0.932437,0.094214,0.347514,-0.030313,0.660372,0.655589,0.354254,-0.092826,0.993582,-0.049946,0.093229,-0.040105,0.874066,-0.033741,0.482571,-0.044672,0.699285,-0.419093,0.576324,0.056680
0.999324,0.035745,-0.000007,-0.008560,0.999252,0.020047,-0.031479,-0.010173,0.975345,0.002522,0.211533,0.062840,0.997987,0.011432,0.012486,0.061118,0.947157,-0.068361,-0.309058,-0.051991,0.996459,-0.072840,0.017868,-0.037996,0.998092,-0.036352,-0.037855,-0.032526,0.998777,0.036722,0.019597,-0.026667,0.996518,0.074892,-0.009338,-0.035426,0.925383,0.090885,0.367173,-0.024310,0.651184,0.648976,0.380405,-0.100407,0.993792,-0.048090,0.093638,-0.036001,0.872511,-0.033191,0.485710,-0.041340,0.696549,-0.419057,0.579179,0.061336
0.999307,0.036906,-0.001441,-0.004690,0.999304,0.023406,-0.028393,-0.006066,0.973710,0.005756,0.218535,0.064021,0.997923,0.011004,0.015215,0.061626,0.946720,-0.065432,-0.311548,-0.048761,0.996388,-0.071662,0.030482,-0.033864,0.998765,-0.030285,-0.027054,-0.028623,0.998836,0.038202,0.018803,-0.022657,0.996833,0.073947,-0.002011,-0.029193,0.916832,0.087832,0.389098,-0.017552,0.639694,0.641035,0.409509,-0.110308,0.994004,-0.045627,0.093969,-0.032326,0.871264,-0.031788,0.488256,-0.038647,0.695186,-0.417502,0.581506,0.065269
0.999270,0.038080,-0.002960,-0.001038,0.999294,0.027161,-0.025877,-0.002194,0.971852,0.009207,0.226155,0.065365,0.997840,0.010435,0.018235,0.062246,0.945764,-0.062519,-0.315454,-0.045945,0.996051,-0.069934,0.045038,-0.031027,0.999197,-0.024634,-0.018268,-0.025782,0.998875,0.039615,0.018018,-0.018834,0.997031,0.073280,0.005563,-0.022995,0.907178,0.084739,0.411993,-0.010460,0.626673,0.631809,0.439764,-0.121270,0.994205,-0.042870,0.094267,-0.028863,0.870161,-0.029967,0.490517,-0.036268,0.694489,-0.415190,0.583577,0.068851
0.999242,0.038611,-0.004435,0.002141,0.999213,0.031651,-0.023866,0.001223,0.969818,0.013113,0.233968,0.067376,0.997661,0.010138,0.023184,0.063499,0.944986,-0.059832,-0.318690,-0.043103,0.995496,-0.066650,0.060180,-0.030406,0.999315,-0.023110,-0.015012,-0.024716,0.998912,0.040387,0.017401,-0.015509,0.997084,0.073055,0.014084,-0.017001,0.895959,0.081211,0.436645,-0.001826,0.611933,0.621191,0.471596,-0.131366,0.994336,-0.040164,0.094902,-0.026004,0.868993,-0.028019,0.492838,-0.034293,0.694016,-0.412441,0.585653,0.072424
0.999213,0.038891,-0.005833,0.005250,0.999086,0.036278,-0.022146,0.004555,0.967690,0.017061,0.241766,0.069529,0.997405,0.010107,0.029341,0.064962,0.944529,-0.057346,-0.320889,-0.040073,0.994767,-0.063199,0.074469,-0.029968,0.999438,-0.020275,-0.011785,-0.023956,0.998944,0.040964,0.016821,-0.012281,0.997008,0.073029,0.022805,-0.011023,0.883542,0.077768,0.461805,0.006440,0.595475,0.609503,0.503413,-0.143145,0.994423,-0.037597,0.095742,-0.023283,0.867774,-0.026211,0.495214,-0.032325,0.693123,-0.410047,0.587934,0.075996
0.999193,0.038668,-0.007077,0.008215,0.998899,0.041209,-0.021032,0.007725,0.965465,0.021150,0.249509,0.071944,0.996989,0.010643,0.037871,0.066820,0.944743,-0.055278,-0.321031,-0.036671,0.993980,-0.059373,0.087045,-0.030043,0.999567,-0.014819,-0.008631,-0.023904,0.998977,0.041158,0.016313,-0.009246,0.996772,0.073477,0.031956,-0.005138,0.869362,0.074851,0.488271,0.014078,0.576213,0.596562,0.535748,-0.158325,0.994442,-0.035292,0.096980,-0.020844,0.866476,-0.024656,0.497684,-0.030376,0.691438,-0.408353,0.590620,0.079556
0.999170,0.038384,-0.007910,0.011144,0.998657,0.046333,-0.020499,0.010817,0.963212,0.025355,0.256994,0.074392,0.996317,0.012302,0.049506,0.068923,0.945752,-0.053291,-0.318792,-0.032939,0.993246,-0.055140,0.097515,-0.030210,0.999631,-0.010599,-0.006773,-0.024057,0.998998,0.041302,0.015993,-0.006387,0.996370,0.074513,0.041167,0.000500,0.854299,0.072531,0.514261,0.021176,0.555909,0.583334,0.565805,-0.174791,0.994432,-0.032839,0.098393,-0.018589,0.865449,-0.022886,0.499655,-0.028614,0.690224,-0.406059,0.593145,0.082978
0.999140,0.038069,-0.008538,0.014055,0.998369,0.051553,-0.020240,0.013872,0.960897,0.029600,0.264364,0.076895,0.995380,0.014503,0.062703,0.071255,0.947139,-0.051360,-0.315351,-0.029046,0.992502,-0.050735,0.106955,-0.030445,0.999663,-0.007038,-0.005540,-0.024364,0.999011,0.041420,0.015768,-0.003616,0.995829,0.075813,0.050419,0.005996,0.838399,0.070372,0.539772,0.027948,0.534753,0.569313,0.594279,-0.191714,0.994400,-0.030318,0.099902,-0.016431,0.864550,-0.021013,0.501384,-0.026952,0.689227,-0.403463,0.595593,0.086330
0.999149,0.036686,-0.008603,0.016774,0.998054,0.056720,-0.019754,0.016747,0.958317,0.033842,0.272438,0.079121,0.993752,0.019082,0.081691,0.073614,0.950074,-0.049430,-0.307152,-0.023965,0.992248,-0.045957,0.111419,-0.030298,0.999674,-0.004609,-0.005176,-0.024574,0.999054,0.040502,0.015756,-0.001284,0.995247,0.076061,0.059817,0.010955,0.823075,0.066775,0.562925,0.034710,0.515917,0.553233,0.620551,-0.206589,0.994345,-0.028712,0.101173,-0.014722,0.863077,-0.019735,0.504008,-0.026173,0.689188,-0.400665,0.596939,0.090288
0.999163,0.035103,-0.008365,0.019262,0.997705,0.061750,-0.019914,0.019371,0.955856,0.037941,0.279830,0.081212,0.991664,0.024509,0.101203,0.075888,0.953132,-0.047375,-0.298225,-0.018886,0.992099,-0.041245,0.114597,-0.030101,0.999677,-0.002521,-0.004888,-0.024815,0.999095,0.039437,0.015927,0.000731,0.994549,0.076519,0.069134,0.015434,0.807585,0.063448,0.584893,0.040997,0.496813,0.537121,0.644905,-0.220852,0.994307,-0.027141,0.102186,-0.013266,0.861670,-0.018441,0.506494,-0.025483,0.689305,-0.397870,0.598059,0.094252
0.999196,0.033121,-0.007517,0.021288,0.997323,0.066516,-0.021409,0.021523,0.953764,0.041801,0.285831,0.082990,0.989002,0.031682,0.121737,0.077792,0.956507,-0.045023,-0.287883,-0.013796,0.992232,-0.036552,0.115141,-0.029699,0.999676,-0.000983,-0.004811,-0.024967,0.999137,0.038077,0.016459,0.002113,0.993736,0.077464,0.078278,0.018980,0.792543,0.060950,0.604974,0.046541,0.477857,0.522175,0.666433,-0.234208,0.994309,-0.025630,0.102667,-0.012302,0.860417,-0.017100,0.508692,-0.024951,0.689767,-0.395094,0.598724,0.098247
0.999234,0.031441,-0.006468,0.022374,0.996916,0.071080,-0.024251,0.022753,0.951573,0.045428,0.292133,0.084279,0.985473,0.039808,0.144897,0.079144,0.959850,-0.042196,-0.277155,-0.009649,0.992496,-0.031899,0.114351,-0.029295,0.999672,0.000259,-0.004821,-0.025159,0.999164,0.037134,0.016932,0.002516,0.992803,0.078663,0.087677,0.021630,0.779167,0.058607,0.621874,0.052311,0.461231,0.507963,0.685338,-0.244030,0.994395,-0.024500,0.102148,-0.012001,0.859198,-0.015705,0.510767,-0.025473,0.689403,-0.393523,0.599707,0.101070
0.999274,0.029912,-0.005317,0.022990,0.996478,0.075541,-0.027767,0.023559,0.949298,0.048928,0.298572,0.085408,0.981105,0.048366,0.169316,0.080158,0.963104,-0.039112,-0.266202,-0.006048,0.992805,-0.027263,0.112922,-0.029055,0.999662,0.001339,-0.004850,-0.025523,0.999183,0.036399,0.017373,0.002431,0.991759,0.079993,0.097201,0.023808,0.766524,0.056351,0.637087,0.058185,0.445667,0.494000,0.702748,-0.251970,0.994522,-0.023561,0.101124,-0.012027,0.857994,-0.014276,0.512777,-0.026512,0.688634,-0.392547,0.600844,0.103323
0.999337,0.028473,-0.003743,0.022400,0.995943,0.080092,-0.033789,0.023255,0.946558,0.051874,0.306157,0.087208,0.975611,0.057213,0.195591,0.081568,0.965981,-0.035692,-0.256111,-0.003759,0.993135,-0.022813,0.111028,-0.028895,0.999649,0.002138,-0.004924,-0.025945,0.999189,0.035900,0.018205,0.001240,0.990935,0.079446,0.105492,0.024652,0.758901,0.051634,0.645863,0.065301,0.439302,0.480219,0.716331,-0.251542,0.994767,-0.022380,0.098867,-0.012779,0.857702,-0.012769,0.513289,-0.026809,0.687723,-0.391810,0.602122,0.104744
0.999394,0.027098,-0.002132,0.021763,0.995292,0.084726,-0.041047,0.023030,0.943575,0.054573,0.314158,0.089408,0.969050,0.065829,0.222937,0.083109,0.968614,-0.032232,-0.246463,-0.001736,0.993404,-0.018445,0.109420,-0.028904,0.999632,0.002876,-0.005000,-0.026503,0.999186,0.035513,0.019138,0.000090,0.990080,0.078954,0.113406,0.025417,0.751961,0.047323,0.653555,0.071981,0.433838,0.468184,0.727884,-0.250544,0.995000,-0.021456,0.096620,-0.013412,0.857694,-0.011555,0.513316,-0.027106,0.687390,-0.391244,0.602648,0.106011
0.999444,0.025851,-0.000451,0.021034,0.994425,0.089533,-0.050776,0.022904,0.940170,0.056812,0.323018,0.092264,0.961004,0.074079,0.252509,0.084987,0.970898,-0.028734,-0.237763,-0.000088,0.993592,-0.014245,0.108331,-0.028926,0.999615,0.003522,-0.005132,-0.027031,0.999169,0.035355,0.020277,-0.000976,0.989249,0.078555,0.120575,0.026034,0.746607,0.043764,0.659252,0.077780,0.430488,0.459875,0.735777,-0.248653,0.995216,-0.021037,0.094398,-0.013823,0.858251,-0.010914,0.512382,-0.027421,0.688213,-0.391016,0.601688,0.106960
0.999491,0.024611,0.001152,0.020288,0.993291,0.094469,-0.062609,0.023003,0.936300,0.058674,0.332838,0.095495,0.952008,0.080525,0.282126,0.087185,0.972772,-0.025308,-0.230374,0.001285,0.993660,-0.010248,0.108156,-0.028940,0.999599,0.004153,-0.005354,-0.027506,0.999142,0.035355,0.021474,-0.001829,0.988554,0.078059,0.126350,0.026508,0.743217,0.040779,0.662679,0.082595,0.429959,0.454364,0.740173,-0.246644,0.995376,-0.021311,0.092608,-0.013997,0.859234,-0.011133,0.510720,-0.027545,0.689948,-0.391660,0.599065,0.108144
0.999532,0.023374,0.002716,0.019533,0.991902,0.099440,-0.075485,0.023326,0.932119,0.060197,0.343098,0.099072,0.942079,0.085780,0.311616,0.089582,0.974423,-0.021908,-0.223637,0.002488,0.993659,-0.006342,0.108447,-0.028999,0.999580,0.004780,-0.005612,-0.028012,0.999111,0.035434,0.022699,-0.002577,0.987924,0.077517,0.131424,0.026915,0.740810,0.038107,0.664974,0.086937,0.430839,0.450282,0.742848,-0.244543,0.995507,-0.021932,0.091034,-0.014060,0.860426,-0.011781,0.508692,-0.027579,0.692118,-0.392743,0.595606,0.109449
0.999572,0.021867,0.003989,0.019035,0.989935,0.105669,-0.090922,0.024420,0.927005,0.061204,0.354750,0.105209,0.931976,0.087387,0.338691,0.095250,0.975580,-0.018634,-0.218821,0.003792,0.993503,-0.002687,0.110094,-0.028703,0.999572,0.005456,-0.005926,-0.028133,0.999074,0.035533,0.024103,-0.002721,0.987641,0.076926,0.133835,0.027120,0.741798,0.036564,0.663644,0.089303,0.434668,0.448861,0.741748,-0.243718,0.995586,-0.023564,0.089840,-0.013464,0.862050,-0.013900,0.505924,-0.026785,0.694761,-0.396151,0.589962,0.110978
0.999603,0.020515,0.005183,0.018627,0.987503,0.112964,-0.106768,0.026008,0.921308,0.061838,0.366783,0.113307,0.921311,0.086877,0.364632,0.103351,0.976561,-0.015417,-0.214629,0.004994,0.993260,0.000857,0.112388,-0.028337,0.999565,0.006213,-0.006060,-0.028188,0.999023,0.035893,0.025646,-0.002694,0.987495,0.076436,0.135174,0.027199,0.743841,0.035426,0.661156,0.091202,0.439236,0.449235,0.739317,-0.242219,0.995672,-0.025281,0.088539,-0.012605,0.863813,-0.016210,0.502892,-0.025777,0.697659,-0.399963,0.583694,0.112261
0.999622,0.019473,0.006218,0.018401,0.984359,0.122441,-0.123452,0.028369,0.914575,0.061883,0.379601,0.125003,0.910357,0.082590,0.388475,0.116262,0.977238,-0.012333,-0.211698,0.006074,0.992859,0.004158,0.115955,-0.027702,0.999566,0.007129,-0.005859,-0.027965,0.998943,0.036778,0.027470,-0.002324,0.987631,0.076144,0.134374,0.027021,0.747992,0.035054,0.656347,0.092131,0.445287,0.453147,0.734208,-0.239408,0.995773,-0.027167,0.087023,-0.011215,0.865863,-0.018905,0.499331,-0.024345,0.701117,-0.404574,0.576177,0.113028
0.999639,0.018628,0.006857,0.018125,0.980588,0.133423,-0.140243,0.031271,0.908073,0.060081,0.389954,0.140462,0.900559,0.083149,0.406407,0.130053,0.977665,-0.009405,-0.209843,0.006908,0.992363,0.007230,0.120156,-0.026928,0.999570,0.007906,-0.005897,-0.027600,0.998848,0.038100,0.029133,-0.001789,0.988077,0.075781,0.131367,0.026531,0.754463,0.034882,0.648834,0.092644,0.454108,0.459659,0.726436,-0.234076,0.995935,-0.029299,0.084642,-0.009480,0.867986,-0.021853,0.495576,-0.022961,0.703838,-0.409692,0.569176,0.113148
0.999655,0.017880,0.007297,0.017825,0.976264,0.145080,-0.157026,0.034691,0.901612,0.056406,0.398810,0.157687,0.891368,0.084995,0.421343,0.143908,0.977966,-0.006554,-0.208525,0.007619,0.991803,0.010183,0.124671,-0.026070,0.999575,0.008615,-0.006054,-0.027166,0.998741,0.039638,0.030718,-0.001169,0.988662,0.075380,0.127262,0.025861,0.762013,0.034816,0.639912,0.092927,0.464194,0.467384,0.717194,-0.227397,0.996119,-0.031551,0.081819,-0.007593,0.870134,-0.024917,0.491710,-0.021615,0.706172,-0.415038,0.562417,0.112927
0.999685,0.016888,0.007445,0.017008,0.972004,0.156897,-0.170759,0.037859,0.896313,0.051060,0.403700,0.176189,0.888374,0.084860,0.421939,0.159867,0.978129,-0.003994,-0.207812,0.007856,0.991207,0.012814,0.129238,-0.025332,0.999579,0.009084,-0.006198,-0.026835,0.998632,0.041213,0.032163,-0.000729,0.989517,0.075013,0.120976,0.024383,0.771825,0.036154,0.628306,0.090610,0.477024,0.475927,0.704322,-0.223318,0.996372,-0.034102,0.077762,-0.005720,0.872155,-0.028225,0.487989,-0.020410,0.707443,-0.421735,0.556095,0.111456
0.999718,0.015855,0.007460,0.016020,0.967974,0.165787,-0.184078,0.040690,0.892360,0.044209,0.406483,0.191077,0.888420,0.084020,0.417010,0.172490,0.978313,-0.001577,-0.206976,0.007920,0.990617,0.015316,0.133533,-0.024743,0.999579,0.009531,-0.006289,-0.026656,0.998525,0.042722,0.033504,-0.000397,0.990334,0.075249,0.114305,0.022578,0.782458,0.038519,0.615294,0.087683,0.490337,0.487416,0.688833,-0.217957,0.996629,-0.036282,0.073466,-0.004029,0.874263,-0.030844,0.484060,-0.019960,0.709050,-0.427337,0.550287,0.108703
0.999757,0.014743,0.007210,0.014687,0.964861,0.169007,-0.196700,0.042286,0.891294,0.036372,0.405789,0.199016,0.894373,0.083659,0.401388,0.178844,0.978544,0.000554,-0.205895,0.007642,0.990073,0.017572,0.137288,-0.024473,0.999573,0.009930,-0.006271,-0.026768,0.998427,0.044101,0.034630,-0.000287,0.991108,0.076695,0.106845,0.020182,0.794821,0.042917,0.599529,0.083561,0.504698,0.504698,0.668182,-0.209983,0.996919,-0.037730,0.068713,-0.002650,0.876572,-0.032102,0.479740,-0.020970,0.711387,-0.430815,0.545551,0.103441
0.999779,0.013990,0.007114,0.014012,0.962478,0.167524,-0.209012,0.043418,0.893179,0.028148,0.401010,0.201566,0.902998,0.078433,0.381048,0.182335,0.978925,0.002289,-0.204060,0.007757,0.989633,0.019507,0.140181,-0.024412,0.999562,0.010350,-0.006121,-0.027039,0.998327,0.045445,0.035757,0.000279,0.991724,0.079144,0.099454,0.018115,0.808138,0.047681,0.581438,0.081052,0.520618,0.520981,0.646740,-0.198147,0.997167,-0.038658,0.064522,-0.000991,0.878664,-0.032412,0.475784,-0.023008,0.713603,-0.432903,0.542131,0.097263
0.999791,0.013417,0.007097,0.013665,0.960382,0.163702,-0.221163,0.044212,0.896474,0.019882,0.394209,0.201341,0.912546,0.070734,0.358201,0.184252,0.979377,0.003827,-0.201845,0.008061,0.989242,0.021281,0.142647,-0.024466,0.999549,0.010778,-0.005900,-0.027399,0.998224,0.046771,0.036887,0.001072,0.992227,0.082102,0.092095,0.016222,0.821649,0.052621,0.561995,0.079275,0.536934,0.536459,0.624467,-0.184265,0.997386,-0.039319,0.060610,0.000799,0.880640,-0.032218,0.471998,-0.025557,0.715748,-0.434257,0.539363,0.090627
0.999783,0.012752,0.007564,0.014667,0.958274,0.160227,-0.232179,0.046155,0.902194,0.012636,0.380763,0.202252,0.922331,0.057613,0.331782,0.189494,0.980054,0.004650,-0.198448,0.009533,0.989025,0.022550,0.143888,-0.024844,0.999530,0.011202,-0.005621,-0.027982,0.998147,0.047428,0.038017,0.002637,0.992670,0.085368,0.084255,0.014829,0.836633,0.057695,0.539104,0.078000,0.555933,0.552141,0.598602,-0.166598,0.997557,-0.038719,0.058068,0.002994,0.882944,-0.030826,0.467639,-0.027825,0.719854,-0.432464,0.536371,0.084207
0.999767,0.011842,0.008259,0.016041,0.956109,0.157565,-0.242219,0.048569,0.908279,0.005765,0.364899,0.204559,0.931241,0.045383,0.304126,0.195544,0.980760,0.005272,-0.194813,0.011404,0.988835,0.023658,0.144937,-0.025276,0.999510,0.011586,-0.005353,-0.028594,0.998080,0.047769,0.039184,0.004386,0.992941,0.089450,0.076694,0.013616,0.850997,0.063490,0.515612,0.076926,0.573721,0.567633,0.571495,-0.148423,0.997654,-0.038484,0.056381,0.005246,0.885074,-0.030056,0.463538,-0.029546,0.724244,-0.430762,0.532594,0.079109
0.999736,0.010445,0.009407,0.018159,0.954008,0.156521,-0.250323,0.052037,0.915136,-0.000312,0.344223,0.209849,0.939161,0.035248,0.274263,0.203752,0.981531,0.005491,-0.190703,0.014079,0.988706,0.024452,0.145594,-0.025802,0.999488,0.011902,-0.005113,-0.029242,0.998033,0.047481,0.040421,0.006502,0.992938,0.095153,0.069693,0.012775,0.864728,0.070766,0.491331,0.076358,0.589913,0.583535,0.542853,-0.129612,0.997617,-0.038997,0.056405,0.007617,0.886900,-0.030574,0.459959,-0.030177,0.729249,-0.429339,0.527247,0.076646
0.999692,0.009211,0.010802,0.020343,0.952174,0.156734,-0.256351,0.055533,0.922319,-0.004389,0.320044,0.216518,0.946032,0.027138,0.242920,0.212785,0.982337,0.005638,-0.186288,0.016730,0.988602,0.025106,0.146080,-0.026373,0.999466,0.012218,-0.004932,-0.029912,0.997979,0.047243,0.041627,0.008497,0.992847,0.100875,0.062744,0.011939,0.877247,0.078400,0.467686,0.074575,0.604110,0.598083,0.514313,-0.113272,0.997534,-0.039557,0.057156,0.009762,0.888555,-0.031496,0.456709,-0.029919,0.734477,-0.428201,0.521028,0.075608
0.999637,0.008060,0.012321,0.022559,0.950466,0.157583,-0.261331,0.059056,0.929168,-0.007271,0.293986,0.223976,0.951770,0.020240,0.210690,0.222114,0.983144,0.005740,-0.181716,0.019362,0.988512,0.025668,0.146481,-0.026985,0.999442,0.012508,-0.004779,-0.030607,0.997921,0.047031,0.042820,0.010429,0.992670,0.106618,0.055818,0.011145,0.888840,0.086176,0.444229,0.072096,0.616900,0.611621,0.485496,-0.098226,0.997424,-0.040141,0.058270,0.011791,0.890118,-0.032617,0.453622,-0.029212,0.739789,-0.427191,0.514346,0.075285
0.999584,0.007806,0.013772,0.024121,0.949442,0.157780,-0.264458,0.061059,0.936803,-0.005522,0.265289,0.228015,0.956812,0.018208,0.180712,0.226985,0.984003,0.006112,-0.176792,0.021092,0.988470,0.026170,0.146594,-0.027439,0.999421,0.012860,-0.004738,-0.031133,0.997851,0.047311,0.043814,0.011632,0.992546,0.111512,0.048196,0.009680,0.899161,0.093517,0.422099,0.067792,0.627011,0.624467,0.457642,-0.086382,0.997343,-0.040289,0.059270,0.013088,0.892807,-0.034619,0.448425,-0.024763,0.742718,-0.429161,0.508232,0.076758
0.999530,0.007650,0.015149,0.025521,0.948622,0.158276,-0.266681,0.062818,0.943710,-0.002567,0.235764,0.231991,0.960883,0.017704,0.151220,0.231351,0.984829,0.006466,-0.171922,0.022628,0.988416,0.026563,0.146810,-0.027836,0.999403,0.013182,-0.004704,-0.031589,0.997786,0.047575,0.044740,0.012589,0.992312,0.116486,0.041002,0.008175,0.908533,0.100644,0.400444,0.063900,0.636540,0.635297,0.430794,-0.075044,0.997241,-0.040606,0.060528,0.014098,0.895071,-0.036746,0.443948,-0.020200,0.744839,-0.431403,0.502902,0.078708
0.999482,0.007687,0.016381,0.026596,0.948239,0.159349,-0.267102,0.064094,0.949994,0.002607,0.204809,0.235707,0.963994,0.020104,0.122916,0.234954,0.985618,0.006797,-0.167169,0.023782,0.988341,0.026778,0.147228,-0.028089,0.999390,0.013490,-0.004685,-0.031881,0.997733,0.047807,0.045527,0.013054,0.991952,0.121599,0.034674,0.006519,0.916690,0.107446,0.380020,0.060988,0.645815,0.642963,0.406602,-0.064779,0.997098,-0.041264,0.062301,0.014537,0.896545,-0.039195,0.440946,-0.015431,0.745364,-0.434283,0.499177,0.081563
0.999449,0.007987,0.017327,0.027151,0.948379,0.159851,-0.266225,0.064415,0.955807,0.009736,0.173377,0.237233,0.966751,0.026459,0.095075,0.235909,0.986379,0.007076,-0.162525,0.024344,0.988259,0.026877,0.147691,-0.028444,0.999373,0.013804,-0.004700,-0.032256,0.997696,0.048123,0.046034,0.012940,0.991479,0.126905,0.029031,0.004622,0.923411,0.114401,0.361778,0.057809,0.651808,0.650732,0.385457,-0.055824,0.996986,-0.041447,0.064001,0.014334,0.897333,-0.040783,0.439317,-0.011384,0.745492,-0.435905,0.497122,0.084247
0.999423,0.008418,0.018132,0.027445,0.948780,0.160065,-0.264700,0.064261,0.960850,0.017796,0.141620,0.237473,0.968910,0.034750,0.067436,0.235497,0.987116,0.007330,-0.157934,0.024614,0.988174,0.026916,0.148177,-0.028845,0.999355,0.014121,-0.004731,-0.032668,0.997667,0.048481,0.046403,0.012537,0.990923,0.132297,0.023718,0.002627,0.929279,0.121392,0.344589,0.054440,0.656069,0.658424,0.365771,-0.047570,0.996887,-0.041392,0.065664,0.013810,0.897781,-0.041934,0.438374,-0.007698,0.745426,-0.436894,0.495904,0.086845
0.999408,0.009076,0.018575,0.027503,0.949697,0.158804,-0.262405,0.063253,0.965700,0.027781,0.111089,0.233048,0.971143,0.044143,0.042449,0.230500,0.987872,0.007487,-0.153127,0.024585,0.988109,0.026780,0.148546,-0.029286,0.999336,0.014438,-0.004843,-0.033092,0.997659,0.048718,0.046489,0.011912,0.990430,0.136707,0.018972,0.000721,0.933714,0.127484,0.330760,0.050230,0.656960,0.665751,0.351279,-0.042213,0.996831,-0.040888,0.066978,0.013016,0.897515,-0.041984,0.438943,-0.005789,0.744745,-0.435689,0.497797,0.087909
0.999395,0.009790,0.018895,0.027516,0.950667,0.156967,-0.260276,0.062050,0.969952,0.038251,0.081654,0.225971,0.973182,0.052742,0.019470,0.223059,0.988632,0.007645,-0.148146,0.024511,0.988058,0.026617,0.148825,-0.029741,0.999317,0.014740,-0.004984,-0.033523,0.997660,0.048871,0.046477,0.011230,0.989968,0.140541,0.014524,-0.001084,0.937652,0.132882,0.317855,0.046030,0.657584,0.672694,0.337224,-0.036704,0.996783,-0.040343,0.068183,0.012148,0.897078,-0.041880,0.439862,-0.004189,0.743682,-0.434245,0.500439,0.089045
0.999387,0.010617,0.018969,0.027442,0.951748,0.153980,-0.258480,0.060451,0.974068,0.049687,0.054532,0.213891,0.975689,0.059810,0.000581,0.210838,0.989418,0.007807,-0.142822,0.024343,0.988034,0.026406,0.148924,-0.030231,0.999296,0.015019,-0.005179,-0.033979,0.997679,0.048854,0.046267,0.010435,0.989627,0.143236,0.010692,-0.002736,0.940905,0.136978,0.306880,0.041951,0.657882,0.679088,0.324159,-0.030838,0.996752,-0.039718,0.069171,0.011132,0.896303,-0.041480,0.441486,-0.003210,0.741849,-0.432331,0.504574,0.090311
0.999384,0.011139,0.018692,0.027535,0.952745,0.150938,-0.256884,0.059208,0.977490,0.060901,0.030669,0.199657,0.978155,0.065857,-0.016134,0.196508,0.990158,0.007724,-0.137590,0.024410,0.987966,0.025991,0.149346,-0.030730,0.999277,0.015253,-0.005343,-0.034417,0.997732,0.048414,0.045755,0.009695,0.989466,0.144518,0.007479,-0.004042,0.943327,0.139351,0.298716,0.038529,0.658816,0.682698,0.314928,-0.026557,0.996719,-0.038922,0.070260,0.010033,0.895246,-0.040755,0.443697,-0.002662,0.739709,-0.430464,0.509112,0.091307
0.999383,0.011508,0.018238,0.027713,0.953694,0.147867,-0.255387,0.058148,0.980267,0.071552,0.008320,0.184088,0.980421,0.071044,-0.031779,0.180878,0.990862,0.007516,-0.132402,0.024596,0.987875,0.025465,0.149928,-0.031231,0.999258,0.015455,-0.005493,-0.034841,0.997800,0.047761,0.045094,0.008983,0.989394,0.145095,0.004577,-0.005173,0.945337,0.140863,0.291957,0.035446,0.660084,0.684925,0.307626,-0.023069,0.996683,-0.038037,0.071397,0.008886,0.894043,-0.039862,0.446197,-0.002330,0.737402,-0.428613,0.513842,0.092169
0.999371,0.011463,0.017370,0.028698,0.954205,0.147023,-0.253841,0.058659,0.981519,0.080078,-0.008001,0.173622,0.981323,0.077080,-0.046211,0.170081,0.991508,0.006876,-0.127308,0.025638,0.987736,0.024557,0.150916,-0.031603,0.999247,0.015640,-0.005519,-0.035079,0.997892,0.046883,0.043999,0.008768,0.989540,0.144139,0.002224,-0.005530,0.946256,0.140567,0.289386,0.033109,0.662187,0.683701,0.305763,-0.023870,0.996622,-0.036656,0.073062,0.007983,0.892353,-0.038475,0.449690,-0.001976,0.734928,-0.427164,0.518474,0.092712
0.999356,0.011344,0.016410,0.029828,0.954509,0.146687,-0.252687,0.059533,0.982241,0.087569,-0.022245,0.164438,0.981826,0.082932,-0.057378,0.160771,0.992133,0.006124,-0.122121,0.026838,0.987600,0.023526,0.151888,-0.031969,0.999237,0.015814,-0.005527,-0.035290,0.997985,0.046020,0.042802,0.008686,0.989704,0.143016,0.000186,-0.005650,0.946775,0.140070,0.288171,0.030915,0.663337,0.682781,0.305215,-0.025244,0.996545,-0.035257,0.074855,0.007152,0.890464,-0.037180,0.453530,-0.001302,0.732161,-0.425847,0.523216,0.094015
0.999334,0.011078,0.015266,0.031249,0.954402,0.147373,-0.252315,0.061121,0.982422,0.093634,-0.032229,0.158241,0.981953,0.089037,-0.062007,0.154904,0.992743,0.005157,-0.116750,0.028351,0.987473,0.022270,0.152829,-0.032333,0.999228,0.015987,-0.005496,-0.035457,0.998081,0.045185,0.041398,0.008871,0.989915,0.141560,-0.001222,-0.005300,0.946509,0.139173,0.289672,0.029001,0.662589,0.682477,0.307296,-0.027742,0.996443,-0.033829,0.076909,0.006480,0.888183,-0.036082,0.458071,0.000012,0.728831,-0.424796,0.528184,0.096829
0.999312,0.010256,0.013863,0.032850,0.953998,0.148683,-0.252508,0.063410,0.982272,0.097904,-0.037440,0.155419,0.981838,0.094330,-0.061659,0.152624,0.993328,0.004039,-0.111232,0.030170,0.987335,0.020845,0.153844,-0.032658,0.999223,0.016086,-0.005471,-0.035558,0.998196,0.044051,0.039720,0.009255,0.990284,0.138979,-0.001789,-0.004463,0.945743,0.136859,0.293357,0.027953,0.661036,0.681118,0.313370,-0.030146,0.996303,-0.032711,0.079225,0.005869,0.885632,-0.035388,0.463034,0.001545,0.725255,-0.424208,0.532890,0.100409
0.999285,0.009157,0.012332,0.034541,0.953441,0.150301,-0.252975,0.066052,0.981989,0.101319,-0.040244,0.154315,0.981600,0.099248,-0.058804,0.152163,0.993881,0.002829,-0.105638,0.032128,0.987192,0.019312,0.154891,-0.032976,0.999220,0.016123,-0.005454,-0.035633,0.998318,0.042770,0.037903,0.009739,0.990724,0.135835,-0.001939,-0.003386,0.944704,0.133839,0.298119,0.027313,0.659032,0.679210,0.321391,-0.032531,0.996140,-0.031746,0.081666,0.005274,0.882931,-0.034890,0.468194,0.003178,0.721542,-0.423835,0.537447,0.104362
0.999263,0.007343,0.010275,0.036237,0.952906,0.151579,-0.253440,0.069004,0.981969,0.103559,-0.037006,0.153762,0.982446,0.095673,-0.050409,0.152004,0.994389,0.001399,-0.100086,0.034215,0.986965,0.017554,0.156480,-0.033254,0.999220,0.016126,-0.005388,-0.035634,0.998464,0.041171,0.035567,0.010490,0.991401,0.130850,-0.000630,-0.001533,0.943188,0.128069,0.305190,0.029210,0.659464,0.672047,0.335027,-0.034883,0.995974,-0.030910,0.084009,0.004778,0.880011,-0.034446,0.473680,0.004517,0.718206,-0.423189,0.541575,0.108574
0.999243,0.005379,0.008069,0.037666,0.952477,0.152026,-0.254065,0.071596,0.982291,0.105643,-0.032012,0.151393,0.983603,0.091474,-0.040048,0.150179,0.994847,-0.000162,-0.094776,0.036025,0.986679,0.015677,0.158400,-0.033597,0.999220,0.016111,-0.005281,-0.035676,0.998607,0.039544,0.033099,0.011164,0.992067,0.125703,0.001146,0.000399,0.941365,0.121926,0.312996,0.031604,0.659991,0.664208,0.349104,-0.036972,0.995815,-0.030063,0.086206,0.004166,0.877011,-0.033930,0.479237,0.005684,0.714765,-0.422166,0.546009,0.112961
0.999236,0.003113,0.005566,0.038564,0.952267,0.150820,-0.255035,0.073467,0.983237,0.107486,-0.023557,0.145383,0.985343,0.086143,-0.025753,0.144964,0.995245,-0.001951,-0.089957,0.037305,0.986275,0.013616,0.160990,-0.034043,0.999217,0.016117,-0.005081,-0.035788,0.998753,0.037853,0.030373,0.011682,0.992735,0.120237,0.003867,0.002493,0.938969,0.115045,0.322293,0.035050,0.660816,0.655158,0.364160,-0.038437,0.995676,-0.029198,0.088120,0.003351,0.873878,-0.033280,0.484962,0.006527,0.711132,-0.420415,0.551076,0.117718
0.999236,0.000468,0.002902,0.038973,0.952519,0.147801,-0.255552,0.074538,0.984600,0.108920,-0.012345,0.136183,0.987756,0.074398,-0.009090,0.136823,0.995570,-0.004083,-0.085867,0.038090,0.985711,0.011297,0.164466,-0.034589,0.999212,0.016161,-0.004743,-0.035950,0.998905,0.035960,0.027436,0.011933,0.993336,0.114916,0.007466,0.004611,0.935694,0.108222,0.333581,0.038576,0.659553,0.646599,0.381084,-0.040928,0.995565,-0.028643,0.089577,0.002275,0.870710,-0.032904,0.490641,0.007240,0.707073,-0.419093,0.556261,0.122402
0.999231,-0.002367,0.000158,0.039137,0.952990,0.143871,-0.255846,0.075198,0.985959,0.110304,0.000184,0.125371,0.989985,0.059668,0.008925,0.127631,0.995852,-0.006386,-0.082142,0.038603,0.985053,0.008855,0.168384,-0.035212,0.999205,0.016227,-0.004336,-0.036155,0.999053,0.033964,0.024393,0.012052,0.993880,0.109659,0.011504,0.006743,0.931852,0.101395,0.345834,0.042077,0.657063,0.638167,0.398840,-0.044014,0.995468,-0.028239,0.090800,0.001061,0.867511,-0.032660,0.496283,0.007884,0.702782,-0.417962,0.561486,0.127037
0.999194,-0.006069,-0.002493,0.039593,0.953929,0.140670,-0.253746,0.076443,0.986358,0.107186,0.014347,0.124111,0.991142,0.036355,0.016151,0.126709,0.996022,-0.009331,-0.079362,0.039440,0.984120,0.005913,0.173762,-0.035775,0.999204,0.016325,-0.003675,-0.036200,0.999203,0.031592,0.021232,0.012033,0.994458,0.103379,0.016806,0.009097,0.926846,0.092815,0.360713,0.047199,0.654449,0.627275,0.419554,-0.046872,0.995396,-0.028850,0.091398,-0.000190,0.864473,-0.033335,0.501508,0.008053,0.697877,-0.418444,0.566292,0.131092
0.999142,-0.009591,-0.005093,0.039978,0.954624,0.138616,-0.251833,0.077841,0.986264,0.103704,0.026896,0.125720,0.991409,0.021432,0.017826,0.127790,0.996196,-0.012313,-0.076367,0.040131,0.983210,0.002910,0.178776,-0.036442,0.999201,0.016474,-0.002832,-0.036317,0.999331,0.029504,0.018047,0.011926,0.994964,0.097067,0.022236,0.011416,0.921022,0.083969,0.376701,0.052569,0.651208,0.615117,0.441565,-0.050784,0.995337,-0.029476,0.091838,-0.001472,0.861563,-0.033835,0.506463,0.007687,0.692851,-0.418656,0.571502,0.134429
0.999081,-0.012755,-0.007592,0.040220,0.954849,0.138877,-0.250288,0.079580,0.985432,0.099377,0.036229,0.133176,0.990874,0.023390,0.008376,0.132479,0.996392,-0.015361,-0.072945,0.040581,0.982394,-0.000218,0.183072,-0.037239,0.999191,0.016734,-0.001623,-0.036536,0.999431,0.027981,0.014817,0.011636,0.995391,0.090716,0.027930,0.013671,0.913796,0.074644,0.394936,0.058566,0.647062,0.600568,0.466290,-0.056589,0.995301,-0.030140,0.091972,-0.002800,0.858941,-0.033987,0.510907,0.006274,0.687615,-0.418368,0.577548,0.136352
0.999021,-0.015027,-0.009947,0.040407,0.955383,0.137973,-0.248474,0.080421,0.984929,0.095726,0.044403,0.137037,0.990644,0.023345,0.002119,0.134440,0.996593,-0.018662,-0.069201,0.040805,0.981671,-0.003625,0.186671,-0.038243,0.999168,0.017309,0.000007,-0.036919,0.999498,0.027039,0.011617,0.011747,0.995708,0.084936,0.033008,0.016198,0.905141,0.065656,0.415038,0.064442,0.640707,0.584767,0.493239,-0.065251,0.995271,-0.030529,0.092145,-0.003667,0.856855,-0.033378,0.514464,0.003556,0.683260,-0.417104,0.583776,0.135590
0.998960,-0.016855,-0.012230,0.040568,0.956068,0.136483,-0.246528,0.080811,0.984583,0.092436,0.052003,0.139094,0.990589,0.022269,-0.002553,0.135020,0.996782,-0.022091,-0.065297,0.040918,0.980985,-0.007174,0.189917,-0.039344,0.999136,0.018040,0.001844,-0.037387,0.999543,0.026386,0.008435,0.012060,0.995946,0.079427,0.037765,0.018882,0.895450,0.056721,0.435932,0.070106,0.632857,0.567865,0.520907,-0.075355,0.995242,-0.030781,0.092339,-0.004304,0.855026,-0.032375,0.517573,0.000193,0.679330,-0.415327,0.590079,0.133499
0.998905,-0.017914,-0.013896,0.040918,0.956467,0.134257,-0.246137,0.081014,0.984330,0.088618,0.059836,0.140218,0.990590,0.019329,-0.003199,0.135455,0.996845,-0.026376,-0.062587,0.041082,0.980174,-0.011465,0.193633,-0.040428,0.999078,0.019394,0.005952,-0.037835,0.999567,0.025858,0.005639,0.012859,0.996083,0.074773,0.041885,0.021766,0.883726,0.048352,0.459348,0.075428,0.620823,0.549634,0.551786,-0.089514,0.995184,-0.030888,0.092922,-0.004443,0.853660,-0.030567,0.519909,-0.004921,0.676821,-0.412558,0.596069,0.128105
0.998853,-0.019057,-0.015212,0.041214,0.956699,0.131831,-0.246464,0.081262,0.984002,0.084485,0.068252,0.141220,0.990580,0.016888,-0.003420,0.135844,0.996839,-0.030958,-0.060464,0.041195,0.979253,-0.016005,0.197710,-0.041459,0.998990,0.020945,0.010714,-0.038279,0.999586,0.025131,0.003155,0.013682,0.996165,0.070318,0.045913,0.024553,0.871209,0.040074,0.482645,0.080265,0.607576,0.530482,0.581775,-0.104773,0.995113,-0.031094,0.093608,-0.004532,0.852304,-0.028680,0.522155,-0.010480,0.674461,-0.409522,0.602051,0.122183
0.998810,-0.020369,-0.015829,0.041401,0.956599,0.129013,-0.248222,0.081603,0.983574,0.079737,0.077833,0.142006,0.990567,0.015448,-0.002793,0.136125,0.996723,-0.036126,-0.059512,0.041197,0.978134,-0.021035,0.202517,-0.042403,0.998847,0.022893,0.016795,-0.038714,0.999605,0.024005,0.001296,0.014553,0.996189,0.066292,0.049782,0.027106,0.857779,0.032218,0.506009,0.084452,0.592766,0.510460,0.610847,-0.122166,0.995016,-0.031500,0.094501,-0.004520,0.850990,-0.026655,0.524231,-0.016942,0.672445,-0.405996,0.608045,0.115178
0.998791,-0.021265,-0.015812,0.041401,0.956806,0.125919,-0.249097,0.081348,0.983185,0.074859,0.086332,0.142444,0.990574,0.013897,-0.002001,0.136260,0.996565,-0.041459,-0.058832,0.040976,0.977050,-0.026339,0.206941,-0.043066,0.998644,0.025160,0.023555,-0.039014,0.999613,0.023190,-0.000067,0.015339,0.996132,0.062609,0.054092,0.029567,0.843903,0.024757,0.528620,0.088186,0.576907,0.488378,0.639315,-0.141216,0.994866,-0.032268,0.095817,-0.004464,0.849427,-0.024810,0.526579,-0.023927,0.671662,-0.402311,0.612609,0.108288
0.998785,-0.021954,-0.015480,0.041309,0.957160,0.122687,-0.249528,0.080796,0.982783,0.069918,0.094296,0.142678,0.990588,0.012290,-0.001119,0.136319,0.996370,-0.046873,-0.058285,0.040646,0.975957,-0.031780,0.211179,-0.043609,0.998374,0.027577,0.030661,-0.039354,0.999616,0.022531,-0.001183,0.016083,0.996016,0.059096,0.058617,0.031993,0.829510,0.017436,0.550656,0.091584,0.560017,0.464635,0.666807,-0.160825,0.994687,-0.033216,0.097345,-0.004385,0.847715,-0.023056,0.529034,-0.031175,0.671475,-0.398563,0.616429,0.101414
0.998824,-0.022228,-0.013739,0.040827,0.958132,0.119107,-0.248010,0.079294,0.982605,0.064980,0.099697,0.142565,0.990620,0.010199,-0.000480,0.136264,0.996163,-0.052129,-0.057861,0.039924,0.975115,-0.037358,0.214159,-0.043480,0.998047,0.029252,0.038758,-0.039292,0.999617,0.022080,-0.000998,0.016633,0.995837,0.055188,0.064004,0.034143,0.815905,0.010487,0.570461,0.093615,0.545131,0.440875,0.689507,-0.181773,0.994648,-0.034460,0.097336,-0.003768,0.847088,-0.022645,0.529761,-0.035818,0.670979,-0.396427,0.618804,0.098559
0.998880,-0.022429,-0.011471,0.040053,0.959275,0.115440,-0.245918,0.077396,0.982464,0.060034,0.104403,0.142341,0.990652,0.008165,-0.000003,0.136170,0.995938,-0.057358,-0.057474,0.038922,0.974207,-0.042978,0.217271,-0.043216,0.997628,0.030593,0.047499,-0.039323,0.999623,0.021617,-0.000320,0.016929,0.995554,0.051826,0.069919,0.036027,0.802967,0.004196,0.588259,0.095797,0.531387,0.418160,0.708914,-0.200526,0.994602,-0.036111,0.097226,-0.003212,0.846751,-0.022883,0.529998,-0.039887,0.670544,-0.395417,0.620254,0.096444
0.998965,-0.022486,-0.008152,0.038696,0.960767,0.111600,-0.242676,0.074705,0.982453,0.055077,0.107709,0.141955,0.990688,0.006253,0.000141,0.136006,0.995704,-0.062535,-0.057162,0.037349,0.973205,-0.048686,0.220638,-0.042665,0.997077,0.031278,0.057521,-0.039364,0.999636,0.021126,0.001343,0.016715,0.995105,0.049569,0.076909,0.037339,0.792015,-0.000688,0.602493,0.098565,0.521061,0.398776,0.723234,-0.215421,0.994541,-0.038582,0.096913,-0.002778,0.847011,-0.024441,0.529285,-0.042813,0.670212,-0.396689,0.619897,0.095822
0.999045,-0.022524,-0.004142,0.037210,0.962361,0.107683,-0.238965,0.071836,0.982546,0.050264,0.109778,0.141511,0.990722,0.004799,-0.000181,0.135819,0.995419,-0.067445,-0.057622,0.035657,0.972391,-0.054163,0.223079,-0.041921,0.996444,0.031749,0.067350,-0.039438,0.999649,0.020390,0.003766,0.016480,0.994523,0.047332,0.084803,0.038623,0.782468,-0.005385,0.614303,0.101722,0.512282,0.381671,0.735183,-0.226717,0.994436,-0.041866,0.096637,-0.002142,0.847751,-0.027064,0.527757,-0.045368,0.670045,-0.400144,0.618024,0.094719
0.999109,-0.022551,0.000213,0.035661,0.963985,0.103722,-0.235006,0.068893,0.982672,0.045526,0.111254,0.141086,0.990746,0.003585,-0.000714,0.135681,0.995096,-0.072231,-0.058459,0.033898,0.971650,-0.059540,0.225081,-0.041108,0.995719,0.032070,0.077096,-0.039645,0.999656,0.019539,0.006571,0.016240,0.993829,0.045120,0.093147,0.039905,0.773566,-0.009957,0.624861,0.105098,0.504219,0.365659,0.745856,-0.236126,0.994301,-0.045548,0.096378,-0.001396,0.848724,-0.030221,0.525812,-0.047713,0.669931,-0.404694,0.615379,0.093400
0.999152,-0.022312,0.005305,0.034202,0.965557,0.099596,-0.231159,0.065918,0.982912,0.040875,0.111715,0.140474,0.990776,0.002677,-0.000761,0.135479,0.994714,-0.076809,-0.060074,0.032184,0.970958,-0.064720,0.226802,-0.040157,0.994845,0.032045,0.087493,-0.040011,0.999640,0.018538,0.010608,0.016250,0.993011,0.042713,0.102007,0.041212,0.767898,-0.015312,0.630701,0.110967,0.504126,0.354035,0.751219,-0.237037,0.994106,-0.049896,0.096243,-0.000067,0.850012,-0.033897,0.523209,-0.050812,0.669622,-0.410944,0.612033,0.090263
0.999160,-0.022164,0.010557,0.032826,0.966950,0.095475,-0.227819,0.063169,0.983121,0.036230,0.112181,0.139912,0.990796,0.001820,-0.000664,0.135351,0.994274,-0.081288,-0.062293,0.030529,0.970201,-0.069841,0.228706,-0.039064,0.993843,0.031849,0.098117,-0.040437,0.999602,0.017337,0.015090,0.016367,0.992154,0.040239,0.110519,0.042378,0.762963,-0.020379,0.635505,0.116640,0.504190,0.344687,0.755738,-0.236312,0.993892,-0.053833,0.096324,0.001374,0.851467,-0.037226,0.520311,-0.053800,0.669664,-0.416814,0.608511,0.086779
0.999123,-0.022197,0.016130,0.031619,0.968033,0.091380,-0.225526,0.060832,0.983314,0.031591,0.112598,0.139344,0.990811,0.001048,-0.000332,0.135249,0.993740,-0.085553,-0.065735,0.029004,0.969358,-0.074828,0.230929,-0.037648,0.992692,0.031366,0.109175,-0.040749,0.999528,0.015723,0.020464,0.016688,0.991317,0.037603,0.118351,0.043231,0.759645,-0.024988,0.638334,0.121838,0.504664,0.339918,0.758717,-0.232633,0.993663,-0.056967,0.096848,0.003023,0.853264,-0.039864,0.516864,-0.056607,0.670464,-0.421933,0.604678,0.082560
0.999054,-0.022333,0.021904,0.030215,0.968827,0.087486,-0.224256,0.058559,0.983482,0.027004,0.112978,0.138815,0.990819,0.000387,0.000116,0.135196,0.993094,-0.089381,-0.070955,0.027208,0.968379,-0.079559,0.233739,-0.035752,0.991395,0.030485,0.120615,-0.040728,0.999406,0.013861,0.026704,0.016794,0.990553,0.035037,0.125303,0.043319,0.757901,-0.028671,0.639417,0.126131,0.506447,0.339268,0.759304,-0.227740,0.993396,-0.059660,0.097897,0.004523,0.855450,-0.042191,0.512757,-0.059211,0.672442,-0.425840,0.600290,0.078321
0.998948,-0.022521,0.027778,0.028712,0.969473,0.083684,-0.223491,0.056319,0.983626,0.022436,0.113358,0.138302,0.990823,-0.000228,0.000641,0.135165,0.992358,-0.093006,-0.077056,0.025251,0.967297,-0.084245,0.236859,-0.033719,0.989949,0.029271,0.132242,-0.040697,0.999231,0.011884,0.033376,0.016800,0.989806,0.032513,0.131815,0.043039,0.756932,-0.031841,0.639637,0.130020,0.508813,0.340703,0.758728,-0.222179,0.993108,-0.062111,0.099212,0.005972,0.857815,-0.044377,0.508311,-0.061672,0.674984,-0.429159,0.595590,0.074104
0.998821,-0.022721,0.033989,0.026156,0.969905,0.080444,-0.223531,0.053367,0.983743,0.018098,0.113608,0.137893,0.990814,-0.000677,0.001263,0.135225,0.991500,-0.095605,-0.085418,0.022174,0.966091,-0.088268,0.240636,-0.031179,0.988343,0.027380,0.144270,-0.040190,0.998974,0.009617,0.041403,0.015618,0.989268,0.030331,0.137004,0.040734,0.758002,-0.032886,0.638072,0.131205,0.511484,0.347009,0.755410,-0.217542,0.992676,-0.064876,0.101709,0.006403,0.860302,-0.047483,0.503695,-0.062583,0.677511,-0.434846,0.588932,0.071046
0.998659,-0.022914,0.040153,0.023302,0.970225,0.077385,-0.223943,0.050243,0.983817,0.013789,0.114021,0.137524,0.990800,-0.001089,0.001942,0.135318,0.990529,-0.097857,-0.094464,0.018762,0.964789,-0.092172,0.244667,-0.028712,0.986572,0.025126,0.156396,-0.039806,0.998633,0.007265,0.049770,0.014195,0.988764,0.028468,0.141765,0.037921,0.759762,-0.032861,0.635992,0.131133,0.513888,0.355536,0.750854,-0.213849,0.992200,-0.067885,0.104335,0.006709,0.862765,-0.051177,0.499109,-0.062515,0.679863,-0.441434,0.581494,0.069187
0.998467,-0.023093,0.046223,0.019854,0.970337,0.074704,-0.225119,0.046767,0.983829,0.009553,0.114718,0.137217,0.990778,-0.001414,0.002691,0.135462,0.989395,-0.099381,-0.104897,0.014730,0.963367,-0.095681,0.249166,-0.026201,0.984624,0.022393,0.168715,-0.039356,0.998182,0.004723,0.058815,0.012272,0.988372,0.027226,0.145668,0.034059,0.762925,-0.030818,0.632851,0.128435,0.515896,0.368433,0.743705,-0.212159,0.991645,-0.071416,0.107213,0.006723,0.865196,-0.055993,0.494604,-0.060558,0.681923,-0.449775,0.572562,0.069692
0.998230,-0.023501,0.052194,0.016143,0.970307,0.072215,-0.226751,0.043289,0.983841,0.005453,0.115306,0.136865,0.990763,-0.001641,0.003496,0.135549,0.988139,-0.100345,-0.115767,0.010544,0.962035,-0.098917,0.253261,-0.023726,0.982384,0.019532,0.181679,-0.039156,0.997609,0.001931,0.068317,0.010272,0.988100,0.026922,0.148533,0.029518,0.767153,-0.026950,0.628846,0.123705,0.517222,0.382460,0.735295,-0.213416,0.990987,-0.075094,0.110730,0.006676,0.867360,-0.061118,0.490503,-0.057951,0.685198,-0.457963,0.561944,0.070664
0.997945,-0.024022,0.058114,0.012302,0.970197,0.069794,-0.228607,0.039822,0.983844,0.001384,0.115859,0.136475,0.990753,-0.001857,0.004347,0.135597,0.986737,-0.101088,-0.126851,0.006313,0.960714,-0.102221,0.257145,-0.021355,0.979899,0.016365,0.194923,-0.039178,0.996915,-0.000966,0.078049,0.008233,0.987877,0.027061,0.150858,0.024654,0.771877,-0.022282,0.624347,0.117902,0.518195,0.396922,0.726096,-0.216128,0.990261,-0.078816,0.114577,0.006621,0.869355,-0.066332,0.486624,-0.054934,0.689028,-0.465937,0.550417,0.072000
0.997635,-0.025051,0.063446,0.008505,0.970018,0.067443,-0.230584,0.036715,0.983924,-0.002352,0.115834,0.135908,0.990771,-0.001860,0.005190,0.135435,0.985470,-0.101583,-0.136099,0.002481,0.959996,-0.105103,0.258815,-0.019372,0.977499,0.013459,0.206759,-0.039575,0.996165,-0.004189,0.087158,0.006410,0.988021,0.028286,0.150476,0.019269,0.778715,-0.016438,0.617190,0.111398,0.523910,0.412021,0.712570,-0.219093,0.989403,-0.083487,0.118603,0.006665,0.870106,-0.072659,0.484815,-0.050891,0.691385,-0.474290,0.539799,0.075188
0.997283,-0.026443,0.068573,0.004918,0.969928,0.064902,-0.232115,0.033926,0.984037,-0.006061,0.115404,0.135340,0.990789,-0.001856,0.005998,0.135266,0.984311,-0.102326,-0.143741,-0.000890,0.959564,-0.108168,0.259287,-0.017545,0.975135,0.010333,0.217708,-0.040111,0.995357,-0.007621,0.095833,0.004717,0.988365,0.029681,0.148540,0.013746,0.786104,-0.010530,0.609137,0.104311,0.530055,0.428442,0.697402,-0.221605,0.988583,-0.088511,0.121742,0.006959,0.870664,-0.079347,0.483219,-0.046351,0.692955,-0.482184,0.530199,0.078745
0.996900,-0.028562,0.073292,0.001754,0.970033,0.062039,-0.232764,0.031748,0.984230,-0.009639,0.114122,0.134811,0.990806,-0.001756,0.006698,0.135114,0.983530,-0.103440,-0.148181,-0.003409,0.959761,-0.111199,0.257377,-0.015838,0.973024,0.007236,0.226966,-0.040710,0.994543,-0.011514,0.103637,0.003281,0.989115,0.031455,0.143523,0.007942,0.794649,-0.004307,0.599384,0.096191,0.537134,0.447699,0.679179,-0.223088,0.987875,-0.094291,0.123094,0.007709,0.870881,-0.086915,0.482007,-0.040995,0.693024,-0.489488,0.522753,0.082753
0.996505,-0.030970,0.077577,-0.000487,0.970332,0.058932,-0.232504,0.030393,0.984481,-0.013014,0.112001,0.134476,0.990801,-0.001555,0.007303,0.135120,0.983101,-0.105035,-0.149857,-0.004834,0.960407,-0.114315,0.253679,-0.014083,0.971285,0.004062,0.234309,-0.041078,0.993748,-0.015428,0.110545,0.002539,0.990148,0.033964,0.135818,0.002527,0.803452,0.002135,0.588815,0.088078,0.543098,0.467023,0.660873,-0.224012,0.987070,-0.100087,0.124887,0.008827,0.870958,-0.094534,0.480874,-0.035443,0.691495,-0.495768,0.518097,0.087321
0.996095,-0.033523,0.081644,-0.002267,0.970723,0.055706,-0.231789,0.029457,0.984747,-0.016283,0.109462,0.134265,0.990784,-0.001298,0.007866,0.135218,0.982854,-0.106863,-0.150151,-0.005711,0.961255,-0.117439,0.249090,-0.012266,0.969720,0.000872,0.240697,-0.041327,0.992940,-0.019349,0.117005,0.002139,0.991252,0.036828,0.126713,-0.002537,0.812257,0.008634,0.577710,0.080093,0.548322,0.486163,0.642368,-0.224391,0.986196,-0.105877,0.126902,0.010143,0.870907,-0.102131,0.479798,-0.029744,0.689140,-0.501503,0.514857,0.092213
0.995700,-0.036643,0.085026,-0.003013,0.971476,0.052069,-0.229473,0.029430,0.985113,-0.019290,0.105448,0.134389,0.990730,-0.000948,0.008164,0.135599,0.983033,-0.109753,-0.146873,-0.005418,0.962784,-0.120691,0.241578,-0.010935,0.968670,-0.002523,0.244777,-0.041907,0.992259,-0.023520,0.121917,0.002157,0.992589,0.039786,0.114604,-0.007140,0.822134,0.014409,0.564357,0.073413,0.554648,0.502498,0.624705,-0.222722,0.985238,-0.110568,0.130229,0.010967,0.871230,-0.107982,0.478148,-0.025927,0.689640,-0.504552,0.510969,0.093458
0.995294,-0.039877,0.088238,-0.003627,0.972299,0.048338,-0.226774,0.029512,0.985478,-0.022239,0.101074,0.134618,0.990666,-0.000583,0.008451,0.136050,0.983251,-0.113152,-0.142793,-0.005013,0.964433,-0.123609,0.233392,-0.010855,0.967773,-0.006104,0.247954,-0.043549,0.991591,-0.027681,0.126397,0.002096,0.993766,0.042954,0.102246,-0.011425,0.832167,0.020089,0.550026,0.067566,0.561564,0.519056,0.606011,-0.219036,0.984279,-0.114853,0.133686,0.011514,0.871581,-0.113247,0.476470,-0.022311,0.690639,-0.506865,0.507226,0.093953
0.994889,-0.043338,0.091111,-0.003978,0.973278,0.044417,-0.223312,0.029794,0.985867,-0.025070,0.095977,0.135002,0.990587,-0.000192,0.008704,0.136609,0.983544,-0.117570,-0.137111,-0.004385,0.966359,-0.125994,0.223825,-0.013373,0.967214,-0.010107,0.249310,-0.047315,0.991000,-0.031834,0.130008,0.001884,0.994779,0.046567,0.089499,-0.015390,0.842744,0.025691,0.533983,0.063126,0.569925,0.536333,0.585391,-0.211777,0.983354,-0.118350,0.137393,0.011482,0.872070,-0.117428,0.474696,-0.019205,0.692642,-0.507795,0.503767,0.092794
0.994489,-0.046778,0.093727,-0.004393,0.974277,0.040488,-0.219653,0.029969,0.986249,-0.027768,0.090693,0.135338,0.990520,0.000197,0.008970,0.137076,0.983878,-0.122079,-0.130636,-0.003833,0.968379,-0.126734,0.214018,-0.019434,0.967120,-0.015019,0.248212,-0.053325,0.990472,-0.035703,0.132997,0.001376,0.995556,0.049645,0.077752,-0.018924,0.854137,0.030334,0.515685,0.059996,0.581355,0.550565,0.564006,-0.201994,0.982427,-0.122128,0.140706,0.011131,0.872162,-0.121657,0.473554,-0.016704,0.693547,-0.509251,0.501229,0.091791
0.994082,-0.050207,0.096214,-0.004841,0.975269,0.036552,-0.215892,0.030085,0.986604,-0.030396,0.085319,0.135678,0.990457,0.000590,0.009248,0.137509,0.984193,-0.126630,-0.123761,-0.003329,0.970321,-0.126933,0.204003,-0.027340,0.967190,-0.020579,0.245877,-0.060536,0.989968,-0.039430,0.135673,0.000722,0.996163,0.052440,0.066478,-0.022138,0.865684,0.034397,0.496080,0.057550,0.594047,0.562983,0.541980,-0.190830,0.981487,-0.126044,0.143820,0.010621,0.872043,-0.125896,0.472738,-0.014490,0.693905,-0.510958,0.499156,0.090888
0.993688,-0.053224,0.098586,-0.005739,0.976073,0.032878,-0.212875,0.029742,0.986901,-0.032987,0.080635,0.135779,0.990430,0.000950,0.009471,0.137688,0.984266,-0.133001,-0.116269,-0.003610,0.972048,-0.124395,0.193574,-0.046666,0.968072,-0.028282,0.237095,-0.076311,0.989511,-0.042638,0.138020,-0.000298,0.996663,0.052924,0.056881,-0.025025,0.877969,0.036350,0.474203,0.054591,0.611188,0.571161,0.518629,-0.176771,0.980403,-0.129543,0.148125,0.009375,0.871109,-0.129351,0.473564,-0.013208,0.692884,-0.511418,0.500134,0.090715
0.993310,-0.056017,0.100759,-0.006762,0.976733,0.029347,-0.210417,0.029271,0.987135,-0.035623,0.076495,0.135808,0.990413,0.001304,0.009672,0.137790,0.984147,-0.139831,-0.109018,-0.004134,0.972979,-0.121528,0.183409,-0.070033,0.968677,-0.036220,0.226286,-0.095645,0.989062,-0.045662,0.140248,-0.001280,0.996990,0.054023,0.048288,-0.027589,0.890112,0.038713,0.451073,0.052296,0.629257,0.578434,0.493549,-0.160812,0.979341,-0.133050,0.152057,0.008239,0.869919,-0.132855,0.474820,-0.011672,0.691135,-0.512127,0.501734,0.091220
0.992983,-0.058364,0.102537,-0.008037,0.977133,0.026106,-0.209079,0.028553,0.987289,-0.038360,0.073440,0.135631,0.990423,0.001635,0.009820,0.137705,0.983735,-0.147587,-0.102258,-0.005145,0.972497,-0.117210,0.173927,-0.101299,0.968760,-0.044193,0.211407,-0.121892,0.988649,-0.048320,0.142242,-0.002190,0.997093,0.056392,0.041748,-0.029701,0.902413,0.042132,0.425743,0.051176,0.649501,0.584511,0.465309,-0.141362,0.978361,-0.136576,0.155253,0.007337,0.868227,-0.136507,0.476922,-0.009655,0.687899,-0.513369,0.504570,0.093043
0.992742,-0.059861,0.103918,-0.008993,0.977107,0.023285,-0.209603,0.028026,0.987315,-0.041313,0.072111,0.135287,0.990448,0.001952,0.010259,0.137488,0.983360,-0.153840,-0.096438,-0.005967,0.970339,-0.111702,0.168507,-0.132556,0.968404,-0.053956,0.193948,-0.147193,0.988255,-0.050405,0.144239,-0.002642,0.997027,0.060007,0.036959,-0.031134,0.913843,0.046998,0.400246,0.049855,0.667333,0.590655,0.437095,-0.121412,0.977405,-0.140031,0.158182,0.007035,0.865912,-0.140381,0.480048,-0.006531,0.683728,-0.515140,0.507759,0.096583
0.992545,-0.060933,0.105099,-0.009789,0.976865,0.020675,-0.211058,0.027595,0.987276,-0.044376,0.071646,0.134844,0.990483,0.002260,0.010845,0.137191,0.982990,-0.159339,-0.091087,-0.006678,0.966883,-0.105567,0.164890,-0.163722,0.967055,-0.065344,0.175462,-0.172473,0.987867,-0.052203,0.146237,-0.002868,0.996867,0.064248,0.033042,-0.032211,0.924465,0.052567,0.374526,0.048296,0.683519,0.596402,0.408452,-0.101358,0.976452,-0.143448,0.160977,0.007038,0.863250,-0.144352,0.483687,-0.002855,0.679050,-0.517156,0.511123,0.100968
0.992460,-0.060914,0.105977,-0.008975,0.975826,0.018629,-0.215864,0.028610,0.987066,-0.047821,0.073075,0.134439,0.990499,0.002481,0.011222,0.137042,0.983201,-0.159683,-0.088227,-0.005768,0.963007,-0.096153,0.170172,-0.185510,0.966366,-0.063846,0.160240,-0.190745,0.987457,-0.053372,0.148588,-0.001582,0.996405,0.071688,0.032174,-0.031679,0.934302,0.061326,0.347924,0.047629,0.695826,0.604813,0.378673,-0.081456,0.975824,-0.146636,0.161805,0.009197,0.859444,-0.148905,0.489057,0.002337,0.672761,-0.519251,0.515903,0.107776
0.992413,-0.060589,0.106692,-0.007859,0.974642,0.016627,-0.221156,0.029762,0.986830,-0.051355,0.074666,0.133994,0.990517,0.002605,0.011567,0.136879,0.983564,-0.158670,-0.086057,-0.004567,0.958686,-0.085458,0.178050,-0.204732,0.965404,-0.057612,0.146819,-0.207655,0.987058,-0.054378,0.150864,0.000025,0.995928,0.078508,0.031912,-0.030744,0.943045,0.069509,0.322004,0.046343,0.706442,0.612427,0.349206,-0.062677,0.975113,-0.149927,0.162913,0.011625,0.855274,-0.153691,0.494797,0.007783,0.666106,-0.521307,0.520814,0.115300
0.992440,-0.059653,0.107080,-0.006139,0.973186,0.014707,-0.227419,0.031190,0.986549,-0.055075,0.076589,0.133501,0.990537,0.002531,0.011852,0.136713,0.984234,-0.154938,-0.085261,-0.002790,0.954059,-0.072310,0.191400,-0.218879,0.964692,-0.040925,0.136764,-0.221339,0.986691,-0.055054,0.152988,0.002278,0.995493,0.084084,0.032859,-0.029042,0.950542,0.076502,0.297751,0.044291,0.714889,0.619256,0.321514,-0.045649,0.974248,-0.153433,0.164582,0.014588,0.850451,-0.158915,0.501288,0.013775,0.658825,-0.523270,0.526005,0.124324
0.992584,-0.057935,0.106785,-0.004054,0.971695,0.012764,-0.233662,0.032370,0.986281,-0.058839,0.078045,0.133028,0.990555,0.002142,0.012156,0.136560,0.985021,-0.150521,-0.084118,-0.000846,0.948432,-0.057761,0.208030,-0.232087,0.963036,-0.018025,0.129590,-0.235463,0.986472,-0.055179,0.154272,0.005239,0.995091,0.088800,0.034793,-0.026429,0.956613,0.082385,0.276221,0.042507,0.721044,0.626103,0.295259,-0.030203,0.973443,-0.156753,0.165861,0.018114,0.845581,-0.164219,0.507560,0.020176,0.651195,-0.525304,0.531069,0.134040
0.992780,-0.055826,0.106149,-0.001786,0.970164,0.010824,-0.239900,0.033371,0.986026,-0.062592,0.079258,0.132489,0.990583,0.001621,0.012454,0.136339,0.985848,-0.145764,-0.082796,0.001186,0.941932,-0.042288,0.226253,-0.244512,0.960360,0.007915,0.123623,-0.249728,0.986324,-0.055035,0.155124,0.008553,0.994689,0.093070,0.037221,-0.023370,0.961818,0.087680,0.256042,0.040766,0.725789,0.632690,0.269613,-0.015603,0.972657,-0.159990,0.166918,0.021923,0.840629,-0.169606,0.513674,0.026743,0.643277,-0.527375,0.536034,0.144007
0.993076,-0.053300,0.104679,0.000762,0.968900,0.008489,-0.244961,0.033991,0.985876,-0.066330,0.078763,0.132077,0.990606,0.000600,0.012852,0.136143,0.986870,-0.139684,-0.081015,0.003465,0.934830,-0.026671,0.248675,-0.252077,0.956035,0.036560,0.128448,-0.261077,0.986406,-0.054670,0.154494,0.012065,0.994484,0.094485,0.041106,-0.019618,0.965299,0.089499,0.241815,0.041401,0.728509,0.636196,0.254015,-0.002358,0.972233,-0.162453,0.166470,0.025678,0.836134,-0.174424,0.518990,0.033244,0.634787,-0.529088,0.541813,0.153460
0.993394,-0.050668,0.102908,0.003312,0.967690,0.006096,-0.249710,0.034403,0.985758,-0.070019,0.077742,0.131659,0.990634,-0.000494,0.013361,0.135886,0.987979,-0.132447,-0.079514,0.005796,0.927369,-0.010810,0.272451,-0.256203,0.950969,0.063310,0.137427,-0.269748,0.986569,-0.054213,0.153307,0.015497,0.994337,0.094712,0.045571,-0.015733,0.968192,0.090006,0.229496,0.042838,0.731881,0.636696,0.242639,0.009715,0.971938,-0.164606,0.165485,0.029247,0.831929,-0.178967,0.523750,0.039397,0.626691,-0.530248,0.547532,0.162185
0.993766,-0.047828,0.100538,0.005869,0.966627,0.003559,-0.253828,0.034495,0.985693,-0.073669,0.075691,0.131354,0.990657,-0.001785,0.014121,0.135631,0.989271,-0.122883,-0.078579,0.008226,0.919815,0.005027,0.299019,-0.253974,0.945515,0.086305,0.155185,-0.272892,0.986899,-0.053561,0.151028,0.018771,0.994321,0.092588,0.051191,-0.011553,0.970201,0.087921,0.221041,0.046056,0.736996,0.631593,0.239889,0.019502,0.971919,-0.166127,0.163469,0.032448,0.828427,-0.182863,0.527494,0.044942,0.619635,-0.530285,0.553226,0.169682
0.994129,-0.045443,0.097901,0.007642,0.965763,0.000875,-0.257183,0.034026,0.985666,-0.077310,0.072707,0.131148,0.990677,-0.003333,0.015341,0.135323,0.990712,-0.111253,-0.077519,0.010172,0.911569,0.021906,0.326023,-0.249541,0.938828,0.105766,0.179595,-0.274157,0.987319,-0.053088,0.148010,0.021799,0.994168,0.090310,0.058486,-0.007247,0.971265,0.085788,0.216471,0.049242,0.741326,0.626490,0.239329,0.025837,0.972145,-0.167398,0.160194,0.035364,0.825959,-0.186556,0.529588,0.050243,0.614429,-0.529977,0.557270,0.176214
0.994482,-0.043286,0.095129,0.009023,0.964993,-0.001882,-0.260150,0.033270,0.985643,-0.080948,0.069267,0.130989,0.990696,-0.005012,0.016800,0.134959,0.992122,-0.098579,-0.076383,0.011869,0.902467,0.039118,0.353099,-0.243608,0.931023,0.123273,0.207307,-0.273903,0.987775,-0.052705,0.144614,0.024699,0.993896,0.087903,0.066594,-0.002841,0.971873,0.083600,0.213826,0.052458,0.745274,0.621370,0.239864,0.030514,0.972479,-0.168544,0.156280,0.038125,0.823996,-0.190185,0.530842,0.055387,0.610112,-0.529528,0.560502,0.182213
0.994843,-0.041706,0.092069,0.008442,0.964255,-0.004307,-0.263088,0.031264,0.985635,-0.084488,0.065411,0.130794,0.990726,-0.006954,0.019086,0.134351,0.993713,-0.081499,-0.075799,0.012111,0.894051,0.057130,0.378861,-0.232105,0.921453,0.143274,0.241315,-0.268634,0.988355,-0.052075,0.140474,0.026649,0.993446,0.085241,0.076148,0.001013,0.970961,0.081023,0.217949,0.056284,0.746941,0.616549,0.246915,0.031303,0.973139,-0.169453,0.150589,0.040104,0.823689,-0.193497,0.529599,0.060169,0.608655,-0.530052,0.560151,0.186586
0.995207,-0.040381,0.088767,0.007208,0.963496,-0.006580,-0.266079,0.028882,0.985608,-0.087988,0.061490,0.130593,0.990755,-0.008874,0.021491,0.133654,0.995072,-0.064191,-0.074654,0.011772,0.885115,0.074188,0.403475,-0.219719,0.909921,0.162730,0.277188,-0.262163,0.988995,-0.051410,0.135832,0.028194,0.992886,0.082419,0.085802,0.004696,0.969486,0.078237,0.224397,0.060185,0.747731,0.611553,0.256909,0.029977,0.973870,-0.170247,0.144444,0.041592,0.823787,-0.196662,0.527740,0.064733,0.607774,-0.531108,0.558826,0.190392
0.995585,-0.039565,0.084984,0.004670,0.962705,-0.008554,-0.269188,0.025778,0.985567,-0.091413,0.057415,0.130406,0.990783,-0.010756,0.024113,0.132859,0.996240,-0.046443,-0.072418,0.010234,0.876169,0.089923,0.426156,-0.206476,0.895500,0.181665,0.316854,-0.254324,0.989769,-0.050669,0.130203,0.028938,0.992208,0.079374,0.095710,0.007959,0.966842,0.075044,0.235526,0.064124,0.746723,0.606157,0.272743,0.024283,0.974764,-0.170812,0.137416,0.042123,0.824723,-0.199465,0.524685,0.068933,0.608115,-0.533164,0.555538,0.193159
0.995941,-0.039283,0.080974,0.000823,0.961866,-0.010214,-0.272446,0.021985,0.985510,-0.094747,0.053434,0.130147,0.990821,-0.012398,0.026624,0.131950,0.997172,-0.028936,-0.068960,0.007371,0.868150,0.104380,0.444510,-0.194502,0.879457,0.199340,0.355014,-0.246543,0.990608,-0.049883,0.123962,0.028998,0.991452,0.075888,0.105576,0.010839,0.963082,0.071174,0.250396,0.068619,0.743835,0.601026,0.291802,0.018108,0.975818,-0.171127,0.129356,0.041965,0.826824,-0.201771,0.520036,0.072198,0.610341,-0.535041,0.550964,0.194044
0.996262,-0.039268,0.076849,-0.003679,0.960985,-0.011715,-0.275775,0.017849,0.985432,-0.098048,0.049513,0.129845,0.990864,-0.013930,0.029085,0.130951,0.997813,-0.011489,-0.064991,0.003741,0.860514,0.118322,0.460426,-0.183093,0.861916,0.216149,0.391933,-0.238262,0.991453,-0.049097,0.117412,0.028717,0.990602,0.072148,0.115404,0.013592,0.958544,0.066898,0.267077,0.073406,0.739784,0.595812,0.312395,0.011684,0.976902,-0.171341,0.120774,0.041453,0.829473,-0.203880,0.514576,0.074962,0.613463,-0.536854,0.545737,0.193962
0.996501,-0.039759,0.072921,-0.009377,0.959948,-0.012985,-0.279570,0.013134,0.985341,-0.101390,0.045646,0.129379,0.990937,-0.015062,0.031044,0.129823,0.998245,0.002378,-0.059145,-0.001509,0.855130,0.127634,0.471225,-0.174380,0.847535,0.227497,0.420102,-0.231179,0.992301,-0.048092,0.110682,0.027831,0.989842,0.066332,0.124706,0.016146,0.952258,0.060020,0.288436,0.080043,0.735565,0.586524,0.338945,0.007070,0.978063,-0.171318,0.111388,0.040443,0.833700,-0.205194,0.506991,0.076150,0.619685,-0.538388,0.538434,0.190307
0.996700,-0.039990,0.069044,-0.014928,0.958731,-0.014163,-0.283836,0.008453,0.985213,-0.104848,0.041866,0.128881,0.991014,-0.016101,0.033010,0.128616,0.998414,0.016251,-0.053468,-0.006861,0.851337,0.134776,0.480064,-0.163095,0.836369,0.236029,0.442676,-0.220941,0.993115,-0.046833,0.103949,0.026908,0.988983,0.060651,0.133714,0.018814,0.944851,0.053003,0.311468,0.086222,0.729912,0.576550,0.367177,0.000047,0.979153,-0.171227,0.101919,0.039405,0.838064,-0.206437,0.499060,0.077270,0.626064,-0.539952,0.530794,0.186424
0.996873,-0.039702,0.065272,-0.020185,0.957189,-0.015163,-0.289040,0.003837,0.985036,-0.108517,0.038241,0.128318,0.991102,-0.016941,0.034983,0.127303,0.998325,0.029998,-0.047946,-0.012196,0.850918,0.137469,0.485290,-0.146744,0.832885,0.239432,0.454815,-0.205226,0.993907,-0.045023,0.097211,0.025904,0.988061,0.055306,0.142171,0.021557,0.935604,0.045839,0.337904,0.091458,0.721884,0.565434,0.398785,-0.011774,0.980198,-0.170956,0.092292,0.038320,0.842779,-0.207450,0.490465,0.078308,0.632861,-0.541562,0.522519,0.182131
0.997052,-0.038531,0.061410,-0.025124,0.955430,-0.016146,-0.294774,-0.001021,0.984824,-0.112439,0.034425,0.127650,0.991219,-0.017500,0.036317,0.125935,0.998235,0.038454,-0.041586,-0.017843,0.852489,0.135219,0.487070,-0.133196,0.833731,0.237683,0.459965,-0.191915,0.994686,-0.042592,0.090415,0.024702,0.987218,0.050175,0.149323,0.024218,0.924721,0.038356,0.366270,0.096262,0.711606,0.553927,0.431416,-0.025734,0.981198,-0.170649,0.082166,0.037122,0.847975,-0.208371,0.480894,0.079129,0.639697,-0.543499,0.513907,0.176909
0.997214,-0.036917,0.057502,-0.029904,0.953529,-0.017130,-0.300755,-0.006010,0.984577,-0.116520,0.030545,0.126879,0.991358,-0.017948,0.037351,0.124468,0.998132,0.044323,-0.034794,-0.023619,0.855001,0.130782,0.487098,-0.120851,0.836676,0.233697,0.461621,-0.179623,0.995429,-0.039866,0.083577,0.023396,0.986392,0.045138,0.155785,0.026920,0.912480,0.030578,0.395345,0.100737,0.699655,0.541688,0.464103,-0.040810,0.982113,-0.170350,0.071777,0.035815,0.853345,-0.209262,0.470796,0.079770,0.646492,-0.545548,0.505107,0.171149
0.997447,-0.033971,0.053183,-0.033408,0.951747,-0.018200,-0.306148,-0.010927,0.984120,-0.121076,0.025034,0.127366,0.991398,-0.017884,0.035799,0.124613,0.998330,0.041473,-0.028407,-0.028480,0.859595,0.120703,0.482844,-0.115709,0.841909,0.224347,0.458930,-0.173896,0.996121,-0.036706,0.076808,0.022251,0.986185,0.040131,0.158009,0.029354,0.898356,0.021698,0.425877,0.105420,0.683834,0.528108,0.500132,-0.057805,0.982454,-0.172532,0.061746,0.034707,0.859953,-0.211952,0.457342,0.079969,0.653046,-0.548224,0.495189,0.166640
0.997672,-0.030563,0.048851,-0.036471,0.949891,-0.019308,-0.311584,-0.015826,0.983595,-0.125724,0.018891,0.127975,0.991437,-0.017784,0.033226,0.125033,0.998342,0.041045,-0.023838,-0.032556,0.865198,0.110553,0.477809,-0.104447,0.847925,0.215051,0.456657,-0.161993,0.996736,-0.033456,0.070397,0.021011,0.985810,0.034587,0.161118,0.031982,0.883676,0.012245,0.454827,0.109995,0.667408,0.511600,0.535964,-0.074664,0.982940,-0.173659,0.050372,0.033678,0.866297,-0.214241,0.443937,0.080933,0.659142,-0.550824,0.485401,0.162823
0.997917,-0.026233,0.044496,-0.038650,0.947933,-0.020480,-0.317136,-0.020678,0.982966,-0.130503,0.011425,0.128901,0.991448,-0.017555,0.028569,0.126125,0.998084,0.045343,-0.023004,-0.035260,0.872794,0.100132,0.470701,-0.081513,0.855505,0.205664,0.454647,-0.138238,0.997260,-0.029990,0.064725,0.019591,0.985099,0.028021,0.166050,0.034968,0.869066,0.001991,0.481184,0.114816,0.650843,0.490294,0.572514,-0.090797,0.983765,-0.172633,0.036311,0.032946,0.872329,-0.215753,0.430717,0.083518,0.664476,-0.553358,0.475952,0.160421
0.998122,-0.021037,0.040369,-0.040991,0.945585,-0.021119,-0.323641,-0.026056,0.982331,-0.134985,0.002747,0.129602,0.991458,-0.018596,0.023625,0.126913,0.997695,0.050766,-0.024286,-0.037912,0.879039,0.091636,0.464293,-0.057661,0.866313,0.195511,0.445710,-0.112341,0.997684,-0.025824,0.060255,0.018150,0.984334,0.021750,0.170802,0.037943,0.853327,-0.008192,0.507575,0.118884,0.632718,0.468862,0.606788,-0.107914,0.984236,-0.172312,0.023403,0.032240,0.877793,-0.217981,0.417675,0.086667,0.669169,-0.557286,0.465183,0.158902
0.998277,-0.015406,0.036355,-0.043411,0.942999,-0.021496,-0.330577,-0.031758,0.981639,-0.139346,-0.006470,0.130101,0.991464,-0.020301,0.018585,0.127442,0.997210,0.056749,-0.026629,-0.040532,0.884395,0.084005,0.457899,-0.033416,0.878197,0.185219,0.432651,-0.085312,0.998042,-0.021310,0.056381,0.016698,0.983514,0.015636,0.175422,0.041011,0.836583,-0.018441,0.533665,0.122440,0.613239,0.446822,0.639183,-0.125429,0.984471,-0.172357,0.011065,0.031432,0.882881,-0.220572,0.404692,0.089966,0.673440,-0.561886,0.453768,0.157662
0.998310,-0.009755,0.032535,-0.047148,0.940039,-0.021067,-0.338257,-0.038283,0.981009,-0.142551,-0.018869,0.130172,0.991534,-0.024292,0.014581,0.126717,0.996846,0.058137,-0.030757,-0.044410,0.887131,0.083237,0.452989,-0.029508,0.898778,0.155070,0.404616,-0.066606,0.998268,-0.016165,0.054482,0.015191,0.982705,0.010297,0.179658,0.043684,0.820308,-0.027468,0.557609,0.124150,0.594850,0.427862,0.665116,-0.143904,0.984483,-0.172754,-0.000443,0.030802,0.887710,-0.223464,0.391490,0.093648,0.677548,-0.566894,0.441310,0.157499
0.998307,-0.005098,0.028759,-0.050302,0.936992,-0.020775,-0.345975,-0.043760,0.980111,-0.145856,-0.031924,0.130728,0.991555,-0.028810,0.012238,0.125849,0.996607,0.057957,-0.033632,-0.047792,0.889770,0.083694,0.447588,-0.031140,0.918237,0.125299,0.371518,-0.055816,0.998418,-0.011739,0.053082,0.014337,0.981855,0.005347,0.183723,0.046674,0.803966,-0.035905,0.580372,0.124572,0.576010,0.407947,0.688847,-0.165172,0.984370,-0.173069,-0.011066,0.030660,0.892398,-0.225999,0.378316,0.097093,0.682296,-0.571044,0.428668,0.156923
0.998314,-0.002429,0.025071,-0.052295,0.933878,-0.020725,-0.353879,-0.047022,0.978787,-0.149262,-0.046447,0.132436,0.991489,-0.034314,0.013088,0.124906,0.996666,0.054653,-0.034036,-0.050121,0.892178,0.086549,0.441149,-0.043756,0.937090,0.096509,0.330183,-0.059384,0.998462,-0.008750,0.052712,0.014775,0.980977,0.001149,0.187552,0.050064,0.788314,-0.042929,0.601397,0.122641,0.557007,0.386908,0.709345,-0.192029,0.984178,-0.173170,-0.019885,0.031794,0.897000,-0.227774,0.365274,0.100422,0.688541,-0.573484,0.415576,0.155961
0.998429,-0.001923,0.022900,-0.051101,0.930474,-0.021537,-0.362759,-0.046478,0.976811,-0.153311,-0.062839,0.135596,0.991287,-0.041598,0.018454,0.123609,0.996892,0.051166,-0.034355,-0.049075,0.895511,0.089940,0.431925,-0.058420,0.952801,0.071863,0.286672,-0.069461,0.998334,-0.007076,0.054395,0.017889,0.980037,-0.002090,0.191096,0.054820,0.775243,-0.048819,0.617985,0.121283,0.542234,0.369203,0.723279,-0.215731,0.984006,-0.172631,-0.025529,0.035764,0.901484,-0.227990,0.352987,0.103666,0.696636,-0.574567,0.402087,0.151320
0.998598,-0.002498,0.021487,-0.048314,0.926863,-0.022725,-0.372115,-0.044044,0.974309,-0.157587,-0.080160,0.139508,0.990946,-0.049747,0.026001,0.121960,0.997190,0.047578,-0.034653,-0.046347,0.899130,0.093345,0.421131,-0.074170,0.965443,0.048226,0.242100,-0.083561,0.998099,-0.006088,0.057120,0.022344,0.979038,-0.004878,0.194501,0.060249,0.763425,-0.054186,0.632304,0.120158,0.529510,0.352987,0.733784,-0.237865,0.983836,-0.171746,-0.029567,0.041177,0.905844,-0.227353,0.341068,0.106909,0.705593,-0.574734,0.388370,0.144874
0.998882,-0.004092,0.021387,-0.041971,0.923246,-0.026771,-0.381250,-0.039345,0.970850,-0.162682,-0.101889,0.143538,0.990123,-0.065935,0.036033,0.118367,0.997448,0.046721,-0.036472,-0.039794,0.905244,0.094555,0.406230,-0.081054,0.975497,0.038708,0.195466,-0.093271,0.997674,-0.005397,0.061684,0.028510,0.977875,-0.005859,0.198268,0.066454,0.755129,-0.056919,0.642257,0.118516,0.521241,0.346961,0.736495,-0.255933,0.983748,-0.170536,-0.028829,0.048238,0.909032,-0.225888,0.331852,0.111850,0.713843,-0.576585,0.372178,0.139508
0.999109,-0.005256,0.021428,-0.035968,0.919078,-0.031449,-0.391196,-0.035667,0.969024,-0.162366,-0.124168,0.138606,0.988824,-0.094660,0.038541,0.108544,0.997594,0.046281,-0.039239,-0.033538,0.911534,0.095061,0.390799,-0.085704,0.982777,0.030182,0.151889,-0.100833,0.997200,-0.004693,0.066356,0.034147,0.976468,-0.006770,0.203035,0.072403,0.747670,-0.059391,0.650864,0.117639,0.515141,0.341829,0.737592,-0.271554,0.983737,-0.169165,-0.025820,0.054572,0.911647,-0.223696,0.324475,0.116518,0.721058,-0.577483,0.357954,0.135863
0.999278,-0.005558,0.021754,-0.030645,0.913912,-0.037519,-0.402741,-0.034011,0.970487,-0.151417,-0.147883,0.115581,0.984807,-0.148011,0.028042,0.086377,0.997555,0.046671,-0.043910,-0.027885,0.918436,0.094444,0.374418,-0.085830,0.987675,0.024869,0.114809,-0.103437,0.996702,-0.003894,0.071204,0.038725,0.974617,-0.007500,0.209774,0.077842,0.742071,-0.061299,0.656930,0.118390,0.513717,0.338941,0.735895,-0.282263,0.983907,-0.167504,-0.018307,0.059446,0.913274,-0.220199,0.320781,0.120596,0.726412,-0.577054,0.347725,0.135727
0.999398,-0.005433,0.022045,-0.026239,0.910563,-0.043425,-0.409709,-0.033595,0.974305,-0.133893,-0.160786,0.083363,0.979462,-0.192437,0.012781,0.058813,0.997420,0.045896,-0.050102,-0.023154,0.924617,0.093206,0.359127,-0.086158,0.990393,0.020951,0.087198,-0.105262,0.996245,-0.003291,0.075522,0.042216,0.972380,-0.008918,0.218000,0.082906,0.737850,-0.064497,0.660393,0.123688,0.516357,0.335780,0.735661,-0.281834,0.984198,-0.165201,-0.009548,0.063023,0.914006,-0.216030,0.320255,0.123938,0.730166,-0.575133,0.342558,0.136868
0.999489,-0.005094,0.022317,-0.022291,0.908131,-0.049257,-0.414403,-0.033806,0.978152,-0.112678,-0.168374,0.046611,0.972163,-0.232770,-0.002692,0.026639,0.997196,0.044569,-0.057069,-0.018911,0.930341,0.091713,0.344325,-0.086569,0.992053,0.017802,0.064319,-0.106665,0.995802,-0.002790,0.079571,0.045164,0.969884,-0.010690,0.226940,0.087803,0.734270,-0.068212,0.662533,0.131324,0.520903,0.332662,0.736227,-0.275619,0.984488,-0.162597,-0.000160,0.065925,0.914281,-0.211549,0.321325,0.126834,0.733113,-0.572500,0.339977,0.138581
0.999585,-0.004837,0.022361,-0.017525,0.908012,-0.052216,-0.414440,-0.032033,0.983308,-0.089425,-0.157936,0.012825,0.978248,-0.205265,-0.029879,-0.002286,0.996909,0.040566,-0.065820,-0.013956,0.935846,0.088375,0.329596,-0.088023,0.992605,0.015863,0.054682,-0.107207,0.995382,-0.002717,0.082629,0.048775,0.967926,-0.012361,0.233196,0.092659,0.731005,-0.072828,0.663489,0.141814,0.525133,0.330685,0.739338,-0.261270,0.984581,-0.160369,0.011393,0.068941,0.912333,-0.208260,0.327029,0.131635,0.732139,-0.570817,0.341823,0.145938
0.999674,-0.004314,0.022292,-0.011694,0.908981,-0.052961,-0.412466,-0.028639,0.987432,-0.067846,-0.142151,-0.012967,0.982162,-0.179802,-0.049093,-0.024866,0.996574,0.036268,-0.073879,-0.008147,0.941049,0.084746,0.315016,-0.089493,0.992899,0.014977,0.049023,-0.107352,0.994953,-0.002408,0.085166,0.053007,0.966372,-0.013704,0.237467,0.097708,0.728226,-0.077304,0.663738,0.152193,0.528286,0.328078,0.743115,-0.247103,0.984494,-0.158058,0.023869,0.072239,0.909629,-0.205004,0.334467,0.136680,0.730587,-0.568529,0.345197,0.154458
0.999746,-0.003257,0.021998,-0.003733,0.912097,-0.049347,-0.406401,-0.021949,0.991691,-0.051282,-0.115624,-0.023460,0.985721,-0.156833,-0.052091,-0.032325,0.996258,0.031309,-0.080552,-0.000557,0.945910,0.080392,0.300843,-0.091024,0.992829,0.016030,0.051346,-0.106753,0.994518,-0.001604,0.086665,0.058483,0.965716,-0.014338,0.237804,0.103129,0.726564,-0.081733,0.662636,0.162290,0.529858,0.323926,0.748161,-0.233618,0.984148,-0.155548,0.038181,0.076157,0.905392,-0.201846,0.345345,0.142338,0.727834,-0.565065,0.351576,0.165389
0.999740,-0.001468,0.022050,0.005665,0.915873,-0.040619,-0.399216,-0.012396,0.995741,-0.039959,-0.080931,-0.018817,0.989450,-0.138951,-0.033198,-0.024069,0.995887,0.026396,-0.086289,0.008153,0.950577,0.075504,0.286995,-0.091303,0.992657,0.019050,0.057449,-0.104737,0.994043,-0.000241,0.087776,0.064602,0.965680,-0.013262,0.235683,0.108352,0.726290,-0.084280,0.660629,0.170202,0.529335,0.322202,0.752267,-0.223797,0.983471,-0.153235,0.053183,0.080464,0.899715,-0.199330,0.358800,0.148467,0.722146,-0.560927,0.362960,0.179239
0.999627,0.000687,0.022274,0.015780,0.919780,-0.029378,-0.391332,-0.001421,0.998580,-0.032027,-0.042087,-0.006405,0.992252,-0.123947,-0.003122,-0.007949,0.995407,0.021568,-0.091645,0.017358,0.955062,0.070484,0.273168,-0.090924,0.992345,0.023112,0.065368,-0.102195,0.993521,0.001399,0.088701,0.071042,0.965923,-0.011292,0.232352,0.113476,0.726699,-0.085877,0.658174,0.177034,0.527787,0.321652,0.755915,-0.215808,0.982469,-0.151119,0.068529,0.084975,0.893116,-0.197214,0.373479,0.154806,0.714649,-0.556362,0.376733,0.194451
0.999421,0.001976,0.023086,0.024916,0.923717,-0.011011,-0.382713,0.012525,0.999349,-0.028744,0.006416,0.020818,0.992786,-0.114372,0.028007,0.022611,0.994611,0.016062,-0.099179,0.025590,0.959339,0.064858,0.259758,-0.089376,0.992069,0.028259,0.072292,-0.098868,0.993119,0.002103,0.089071,0.076000,0.966888,-0.007231,0.227248,0.115907,0.729601,-0.083323,0.655079,0.177796,0.526180,0.328167,0.753787,-0.217359,0.981244,-0.150000,0.083215,0.087950,0.885769,-0.196053,0.389146,0.159817,0.705023,-0.552103,0.392483,0.209956
0.999143,0.003548,0.024322,0.033296,0.927405,0.007652,-0.373101,0.025647,0.997017,-0.025791,0.055732,0.046764,0.991678,-0.100965,0.061251,0.051268,0.993636,0.010838,-0.107191,0.032857,0.963296,0.059471,0.246807,-0.087232,0.991760,0.033581,0.078684,-0.095358,0.992728,0.003008,0.089480,0.080474,0.967924,-0.002788,0.221884,0.117827,0.733165,-0.080193,0.651172,0.178922,0.525048,0.334154,0.751637,-0.218423,0.979879,-0.148805,0.097516,0.090475,0.878387,-0.194652,0.404570,0.163922,0.695333,-0.547362,0.408334,0.223985
0.998828,0.005686,0.026404,0.040167,0.931073,0.026960,-0.361926,0.037238,0.991558,-0.021323,0.106996,0.070067,0.989032,-0.078903,0.099023,0.076053,0.992490,0.006011,-0.116013,0.038330,0.966830,0.054218,0.235045,-0.083990,0.991506,0.039022,0.084151,-0.091169,0.992389,0.004315,0.089964,0.083979,0.969155,0.002349,0.215975,0.118688,0.738094,-0.075996,0.645597,0.180682,0.525029,0.339069,0.749379,-0.218649,0.978505,-0.147306,0.111064,0.092163,0.871262,-0.192710,0.419641,0.166335,0.686047,-0.541949,0.424563,0.235323
0.998509,0.008032,0.029027,0.045520,0.935291,0.043653,-0.348118,0.046254,0.983731,-0.014432,0.156791,0.086502,0.984730,-0.060340,0.133999,0.093323,0.991160,0.001344,-0.125835,0.042013,0.969716,0.049492,0.225066,-0.080910,0.991424,0.043045,0.087005,-0.087497,0.992123,0.005703,0.090326,0.086604,0.970562,0.007193,0.209434,0.118721,0.744426,-0.072231,0.637460,0.185087,0.527820,0.342164,0.747781,-0.212495,0.977297,-0.145984,0.121923,0.093344,0.864230,-0.191507,0.433587,0.168623,0.677133,-0.536851,0.439441,0.245303
0.998178,0.010483,0.031920,0.050112,0.939564,0.059055,-0.332917,0.053837,0.973493,-0.006431,0.205722,0.099739,0.979090,-0.043477,0.167512,0.106919,0.989675,-0.003188,-0.136158,0.044659,0.972230,0.045087,0.215974,-0.078050,0.991417,0.046383,0.088570,-0.084235,0.991893,0.007130,0.090632,0.088789,0.972017,0.011905,0.202574,0.118344,0.751378,-0.068680,0.627946,0.190784,0.532069,0.344293,0.746384,-0.203165,0.976156,-0.144752,0.131440,0.094282,0.857153,-0.190675,0.446920,0.170866,0.668287,-0.531854,0.453569,0.254558
0.997866,0.013100,0.034950,0.053581,0.945058,0.069078,-0.314158,0.058298,0.962625,0.003294,0.249783,0.104644,0.973257,-0.023049,0.199876,0.110860,0.988266,-0.007457,-0.145464,0.045993,0.974175,0.041623,0.208108,-0.077077,0.991802,0.046385,0.085498,-0.082875,0.991762,0.008565,0.090543,0.090210,0.973547,0.016452,0.195377,0.117320,0.759337,-0.064965,0.616818,0.196779,0.538343,0.349323,0.743095,-0.189656,0.975126,-0.143416,0.140127,0.094477,0.849939,-0.189771,0.460474,0.171912,0.658569,-0.529273,0.467472,0.260054
0.997548,0.015404,0.037438,0.057085,0.950436,0.077817,-0.294476,0.062450,0.950396,0.012693,0.291278,0.108369,0.966213,-0.004584,0.231540,0.113135,0.986800,-0.011732,-0.154450,0.047262,0.975905,0.038418,0.200626,-0.076701,0.992242,0.045681,0.081404,-0.082116,0.991685,0.009733,0.089977,0.091487,0.975041,0.020874,0.188029,0.116211,0.767479,-0.061289,0.605073,0.202747,0.545202,0.356179,0.738592,-0.174279,0.974192,-0.141886,0.147989,0.094432,0.842904,-0.188703,0.473565,0.172164,0.648956,-0.526780,0.481346,0.263941
0.997256,0.017082,0.038840,0.060660,0.956021,0.083950,-0.273117,0.066198,0.938049,0.021818,0.328078,0.109328,0.958475,0.010221,0.261721,0.112797,0.985327,-0.016119,-0.162793,0.048677,0.977317,0.035585,0.193938,-0.077282,0.992812,0.043468,0.075260,-0.082279,0.991724,0.010375,0.088449,0.092478,0.976540,0.025015,0.180372,0.114934,0.776127,-0.057716,0.592228,0.208716,0.553136,0.366702,0.731785,-0.155117,0.973562,-0.139940,0.154207,0.093888,0.836473,-0.187280,0.485863,0.170813,0.639840,-0.524555,0.495372,0.264675
0.996948,0.018117,0.039922,0.064592,0.961581,0.089393,-0.249842,0.070360,0.926549,0.030233,0.358348,0.110365,0.950670,0.020138,0.288044,0.113363,0.983865,-0.020429,-0.170392,0.050585,0.978591,0.033053,0.187443,-0.078306,0.993518,0.040143,0.066669,-0.082857,0.991800,0.010678,0.086908,0.093090,0.977922,0.029750,0.173109,0.113216,0.783836,-0.053168,0.581021,0.212576,0.559142,0.381768,0.722879,-0.138054,0.973083,-0.138109,0.159294,0.093061,0.830268,-0.186017,0.497686,0.168406,0.631218,-0.521811,0.508906,0.265124
0.996623,0.018828,0.040844,0.068700,0.966782,0.094375,-0.225513,0.074628,0.915285,0.038109,0.385313,0.111064,0.942660,0.027446,0.312417,0.114167,0.982375,-0.024663,-0.177632,0.052696,0.979774,0.030748,0.181018,-0.079559,0.994209,0.036330,0.056828,-0.083664,0.991893,0.010807,0.085361,0.093514,0.979200,0.034787,0.166029,0.111316,0.791028,-0.048151,0.570581,0.215391,0.563965,0.398938,0.712690,-0.121924,0.972676,-0.136335,0.163814,0.092082,0.824099,-0.184811,0.509238,0.165477,0.622759,-0.518745,0.522135,0.265422
0.996343,0.018920,0.041033,0.072520,0.972262,0.093958,-0.199610,0.077677,0.909601,0.045769,0.399464,0.104686,0.935890,0.023672,0.333259,0.111753,0.980533,-0.029132,-0.186385,0.054471,0.980770,0.028410,0.175549,-0.080408,0.994904,0.031820,0.045679,-0.084068,0.992066,0.010850,0.083629,0.093242,0.981330,0.038031,0.154475,0.108086,0.799726,-0.044658,0.559102,0.214124,0.568988,0.417809,0.700053,-0.107770,0.972889,-0.133188,0.166005,0.090498,0.818627,-0.182417,0.520492,0.160193,0.614553,-0.515703,0.536673,0.261453
0.996070,0.018442,0.041047,0.076287,0.977332,0.090876,-0.173454,0.080487,0.906568,0.052771,0.408015,0.094203,0.931082,0.017849,0.348574,0.106127,0.978464,-0.033674,-0.195741,0.056214,0.981604,0.026066,0.170956,-0.080925,0.995463,0.027408,0.034916,-0.084164,0.992262,0.010523,0.081900,0.092727,0.983448,0.040769,0.142285,0.104517,0.808307,-0.041471,0.547921,0.211430,0.573787,0.436318,0.686505,-0.095421,0.973067,-0.130555,0.168021,0.088681,0.813610,-0.180014,0.531106,0.153497,0.606512,-0.512206,0.551567,0.256052
0.995825,0.016823,0.040710,0.079950,0.982186,0.082671,-0.146963,0.082938,0.909165,0.058366,0.405238,0.076125,0.930873,0.007628,0.352992,0.093883,0.976011,-0.038438,-0.206291,0.058039,0.982169,0.023533,0.168160,-0.080704,0.995926,0.023048,0.024961,-0.083529,0.992507,0.009460,0.080164,0.091725,0.985671,0.042476,0.128843,0.100238,0.816833,-0.038833,0.537477,0.205899,0.578576,0.454569,0.671609,-0.086942,0.973198,-0.128947,0.169680,0.086415,0.809692,-0.177635,0.540497,0.143905,0.599100,-0.507811,0.567336,0.247664
0.995550,0.014912,0.040775,0.083634,0.985999,0.075166,-0.121625,0.085810,0.916292,0.061546,0.391260,0.059476,0.941075,0.000988,0.329044,0.078146,0.973393,-0.043249,-0.216915,0.059857,0.982739,0.020929,0.165270,-0.080446,0.996272,0.018603,0.015335,-0.082831,0.992735,0.008502,0.079192,0.090182,0.987692,0.044580,0.115723,0.095322,0.824476,-0.035199,0.528868,0.198241,0.582247,0.471750,0.656789,-0.084072,0.973504,-0.127302,0.170363,0.084033,0.807014,-0.174657,0.548239,0.132884,0.592960,-0.502968,0.582200,0.237622
0.995251,0.012854,0.041039,0.087328,0.988994,0.067893,-0.096855,0.088886,0.925361,0.062424,0.371382,0.043430,0.955027,-0.005696,0.290320,0.060041,0.970622,-0.048020,-0.227571,0.061629,0.983301,0.018365,0.162327,-0.080196,0.996503,0.014187,0.005866,-0.082134,0.992954,0.007590,0.078584,0.088369,0.989512,0.046845,0.102717,0.090120,0.831594,-0.030987,0.521112,0.189564,0.585234,0.488351,0.641858,-0.083867,0.973896,-0.125643,0.170534,0.081594,0.804875,-0.171272,0.555122,0.121168,0.587363,-0.497701,0.596537,0.226806
