joint_0,joint_1,joint_2,joint_3,joint_4,joint_5,joint_6,joint_7,joint_8,joint_9,joint_10,joint_11,joint_12,joint_13,joint_14,joint_15,joint_16,joint_17,joint_18,joint_19,joint_20,joint_21,joint_22,joint_23,joint_24,joint_25,joint_26,joint_27,joint_28
-0.062838,-0.363939,-0.016186,-0.095082,-0.238412,-0.015581,-0.004251,0.059858,0.054640,0.468267,0.603096,0.097840,0.095113,-0.388033,-0.227791,0.128986,-0.202099,0.035088,0.097252,-0.146868,0.014755,1.109418,0.757837,1.269304,-0.867794,0.316385,0.274374,-0.143847,0.000333
-0.049091,-0.358462,-0.012672,-0.096378,-0.231855,-0.018314,-0.011376,0.091227,0.055908,0.463764,0.572351,0.125868,0.084452,-0.391315,-0.220716,0.121673,-0.207764,0.032255,0.096328,-0.126565,0.017271,1.111270,0.763767,1.257146,-0.869324,0.321384,0.276497,-0.134277,0.000421
-0.035450,-0.352846,-0.009189,-0.096858,-0.224280,-0.020969,-0.018877,0.121685,0.056923,0.458596,0.547615,0.151902,0.074584,-0.393703,-0.209757,0.114357,-0.212753,0.029095,0.097351,-0.106735,0.020011,1.113192,0.769001,1.245459,-0.869324,0.326096,0.277887,-0.127586,0.000513
-0.022017,-0.346951,-0.005768,-0.095706,-0.214669,-0.023466,-0.027129,0.150322,0.057431,0.452097,0.534896,0.173951,0.066303,-0.394304,-0.191030,0.107037,-0.216390,0.025284,0.102267,-0.087850,0.023195,1.115258,0.772842,1.234715,-0.866263,0.330238,0.277814,-0.126653,0.000614
-0.010091,-0.343377,-0.002438,-0.093294,-0.206348,-0.025898,-0.035213,0.172365,0.057542,0.445819,0.535175,0.193214,0.061972,-0.393948,-0.178864,0.101919,-0.218251,0.020305,0.117864,-0.076118,0.024335,1.117872,0.773464,1.231617,-0.860765,0.335446,0.275279,-0.127517,-0.000176
0.001082,-0.340963,0.000846,-0.090252,-0.198672,-0.028297,-0.043213,0.191112,0.057454,0.439651,0.541952,0.211085,0.059617,-0.393115,-0.169978,0.097901,-0.219223,0.014743,0.138801,-0.067962,0.024451,1.120760,0.772476,1.232342,-0.854048,0.341188,0.271515,-0.129279,-0.001410
0.008713,-0.343337,0.003793,-0.086132,-0.196645,-0.030957,-0.049526,0.190814,0.056766,0.436670,0.564597,0.224315,0.061642,-0.392558,-0.176854,0.094547,-0.219039,0.007061,0.160973,-0.064109,0.023786,1.124008,0.768197,1.237244,-0.846894,0.347837,0.268084,-0.133524,-0.003146
0.016068,-0.345453,0.006284,-0.081598,-0.195512,-0.033536,-0.055676,0.186809,0.055731,0.432551,0.585774,0.236349,0.064353,-0.390973,-0.184485,0.091007,-0.218164,-0.000950,0.176411,-0.059256,0.023568,1.125907,0.763500,1.241093,-0.840596,0.353885,0.265476,-0.135836,-0.005225
0.022868,-0.347050,0.007862,-0.076233,-0.196168,-0.035952,-0.061500,0.175393,0.053998,0.426156,0.604014,0.245991,0.068436,-0.387335,-0.193628,0.087094,-0.215903,-0.009619,0.178383,-0.052404,0.024243,1.125106,0.757963,1.242837,-0.836011,0.358732,0.264516,-0.134283,-0.007991
0.029827,-0.346110,0.008582,-0.070147,-0.197198,-0.038092,-0.067624,0.161438,0.051644,0.417465,0.616557,0.252808,0.073288,-0.381888,-0.203069,0.083660,-0.212541,-0.018592,0.177479,-0.045830,0.025536,1.124211,0.753477,1.244732,-0.832664,0.362328,0.264856,-0.130391,-0.008043
0.036866,-0.343900,0.008872,-0.063699,-0.198415,-0.040092,-0.073898,0.146214,0.048978,0.407624,0.626251,0.258212,0.078525,-0.375537,-0.212660,0.080464,-0.208628,-0.027719,0.175138,-0.039395,0.027138,1.123270,0.749515,1.246702,-0.829935,0.365299,0.265847,-0.125329,-0.006737
0.043890,-0.339086,0.008250,-0.056273,-0.197658,-0.041567,-0.079917,0.133433,0.045780,0.397159,0.630560,0.257672,0.083671,-0.368380,-0.223395,0.078686,-0.203429,-0.037002,0.171724,-0.036124,0.028450,1.125822,0.747972,1.252553,-0.827342,0.372489,0.269563,-0.127616,-0.000549
0.050297,-0.333948,0.007493,-0.048639,-0.196323,-0.042800,-0.085607,0.121072,0.042544,0.387601,0.633543,0.255578,0.087880,-0.361305,-0.234285,0.076355,-0.198151,-0.046190,0.167652,-0.030082,0.029447,1.126116,0.747115,1.255711,-0.824554,0.378956,0.273812,-0.127297,0.005747
0.055467,-0.328162,0.006465,-0.040590,-0.193834,-0.043546,-0.090638,0.109548,0.039232,0.379856,0.633871,0.250375,0.090214,-0.354398,-0.245486,0.072915,-0.192714,-0.055186,0.162262,-0.018501,0.029815,1.121893,0.747632,1.253484,-0.821378,0.383975,0.279125,-0.121766,0.012255
0.058608,-0.322138,0.005255,-0.032329,-0.190015,-0.043803,-0.095391,0.098835,0.036232,0.376594,0.633248,0.243024,0.090913,-0.349587,-0.258402,0.069457,-0.187839,-0.063657,0.155407,-0.005830,0.031114,1.115755,0.750002,1.250184,-0.819634,0.387879,0.284624,-0.112231,0.017672
0.060734,-0.315995,0.003954,-0.023961,-0.185531,-0.043815,-0.100005,0.088528,0.033389,0.375572,0.632148,0.234599,0.090795,-0.345824,-0.272177,0.065989,-0.183245,-0.071865,0.147818,0.007385,0.032879,1.108658,0.753300,1.246348,-0.818607,0.391226,0.290216,-0.100692,0.022543
0.061657,-0.310983,0.001987,-0.014798,-0.178065,-0.043090,-0.103306,0.080975,0.031589,0.380212,0.634037,0.224049,0.088831,-0.347805,-0.287463,0.062699,-0.179196,-0.079176,0.139031,0.021568,0.036561,1.097211,0.759791,1.240691,-0.820585,0.394345,0.294930,-0.085912,0.025046
0.061478,-0.307521,-0.000159,-0.005269,-0.169425,-0.042126,-0.106136,0.074581,0.030226,0.388045,0.638728,0.213081,0.086126,-0.351562,-0.302409,0.059553,-0.175286,-0.086592,0.130105,0.035196,0.040383,1.084513,0.767252,1.234794,-0.823030,0.396162,0.299624,-0.071447,0.027211
0.059092,-0.307159,-0.002661,0.004992,-0.158438,-0.040683,-0.108024,0.070506,0.029735,0.402262,0.649019,0.201281,0.081936,-0.358872,-0.316676,0.056699,-0.171655,-0.094216,0.120901,0.047717,0.044488,1.069310,0.776653,1.228420,-0.826412,0.395372,0.304276,-0.057611,0.028700
0.056671,-0.309847,-0.005250,0.015308,-0.146539,-0.038879,-0.108905,0.068632,0.029700,0.421057,0.665314,0.188643,0.076318,-0.365413,-0.330066,0.054390,-0.169435,-0.102559,0.111876,0.057327,0.048620,1.052949,0.787186,1.223431,-0.830252,0.391828,0.307166,-0.045273,0.028786
0.054233,-0.314060,-0.007883,0.025650,-0.134184,-0.036894,-0.109283,0.067859,0.029893,0.442141,0.684610,0.175586,0.069985,-0.371571,-0.343017,0.052355,-0.167920,-0.111261,0.102941,0.065483,0.052766,1.036007,0.798285,1.219134,-0.834321,0.386906,0.309175,-0.033683,0.028171
0.051348,-0.319190,-0.010533,0.035286,-0.121963,-0.034845,-0.107512,0.068471,0.030090,0.459795,0.703691,0.159684,0.061908,-0.374140,-0.355652,0.052091,-0.167635,-0.120701,0.093857,0.067036,0.056165,1.021126,0.811121,1.219051,-0.838498,0.378309,0.311972,-0.025816,0.026568
0.047990,-0.322906,-0.013105,0.045279,-0.109681,-0.032734,-0.105885,0.068417,0.030216,0.476835,0.719132,0.142085,0.054095,-0.374511,-0.367186,0.052823,-0.166807,-0.130203,0.084673,0.067687,0.058516,1.006910,0.823555,1.219305,-0.842037,0.369301,0.315597,-0.017624,0.024518
0.043685,-0.323792,-0.015522,0.055985,-0.097277,-0.030497,-0.104546,0.067030,0.030203,0.492648,0.727294,0.121095,0.046810,-0.370485,-0.376520,0.055549,-0.164894,-0.139826,0.075290,0.066531,0.058773,0.994021,0.835185,1.220233,-0.844304,0.359473,0.320881,-0.008785,0.021573
0.038594,-0.320373,-0.017962,0.066203,-0.085680,-0.027928,-0.104434,0.064469,0.030104,0.506733,0.725675,0.098336,0.042886,-0.360131,-0.381262,0.060932,-0.161896,-0.147639,0.066496,0.061944,0.055842,0.983306,0.843620,1.223583,-0.845768,0.349467,0.323612,-0.000778,0.014076
0.033111,-0.314800,-0.020412,0.076176,-0.074486,-0.025191,-0.104934,0.061320,0.029963,0.519953,0.719167,0.074694,0.040643,-0.346614,-0.383709,0.067645,-0.158357,-0.154547,0.057998,0.055640,0.051318,0.973678,0.850459,1.228144,-0.846832,0.339373,0.325068,0.006812,0.004302
0.025470,-0.304383,-0.023167,0.082492,-0.066315,-0.022471,-0.107309,0.058012,0.030003,0.532033,0.700676,0.047871,0.041400,-0.320360,-0.378968,0.073302,-0.153574,-0.155626,0.050932,0.041989,0.046881,0.967371,0.853455,1.241082,-0.844719,0.336246,0.322792,0.008020,-0.006287
0.016231,-0.292999,-0.026178,0.087827,-0.058848,-0.019861,-0.110148,0.054486,0.030104,0.545248,0.679328,0.021594,0.043164,-0.291230,-0.372026,0.078903,-0.148862,-0.154893,0.044163,0.029824,0.042444,0.959529,0.854580,1.251980,-0.841418,0.331028,0.321008,0.008768,-0.014960
0.003794,-0.279677,-0.029698,0.091198,-0.052788,-0.017471,-0.113916,0.050524,0.030329,0.560736,0.652266,-0.003591,0.046943,-0.256351,-0.360679,0.084393,-0.144292,-0.150539,0.037990,0.020631,0.038007,0.948613,0.851962,1.258796,-0.835739,0.321628,0.320210,0.008592,-0.019801
-0.012684,-0.266915,-0.033615,0.091726,-0.048579,-0.015273,-0.119159,0.046603,0.030594,0.580603,0.623921,-0.025972,0.052642,-0.219849,-0.347257,0.087485,-0.140986,-0.144688,0.032765,0.014572,0.033962,0.932387,0.846635,1.259687,-0.828392,0.310867,0.316628,0.011727,-0.021803
-0.031183,-0.254431,-0.037729,0.090832,-0.045295,-0.013171,-0.125139,0.042703,0.030878,0.602661,0.594935,-0.046951,0.059301,-0.182536,-0.332797,0.089378,-0.138312,-0.138090,0.028015,0.010082,0.030112,0.913504,0.839952,1.257615,-0.820210,0.299424,0.311653,0.016516,-0.022386
-0.055055,-0.245898,-0.042318,0.090076,-0.043966,-0.011095,-0.124351,0.038523,0.031028,0.629084,0.567986,-0.064372,0.066961,-0.149778,-0.318195,0.090083,-0.139441,-0.132228,0.024680,0.004987,0.032207,0.890741,0.833164,1.251692,-0.816843,0.286558,0.303974,0.020806,-0.020202
-0.079983,-0.238582,-0.046831,0.090601,-0.042973,-0.008841,-0.119193,0.034585,0.031140,0.656911,0.542439,-0.080728,0.074269,-0.119426,-0.304437,0.090816,-0.141454,-0.126961,0.021673,-0.000931,0.035109,0.867118,0.826800,1.246111,-0.814416,0.275071,0.296900,0.026643,-0.017620
-0.107023,-0.233700,-0.051194,0.093690,-0.042651,-0.006229,-0.105296,0.031134,0.031175,0.687546,0.519695,-0.094953,0.080876,-0.093883,-0.292364,0.091607,-0.145238,-0.122884,0.019322,-0.008498,0.039628,0.841775,0.821284,1.241211,-0.813869,0.266344,0.291037,0.035572,-0.014244
-0.133580,-0.230511,-0.054943,0.100395,-0.041740,-0.003085,-0.085392,0.028251,0.031295,0.718715,0.500110,-0.106936,0.086592,-0.076743,-0.282095,0.092350,-0.149535,-0.121407,0.017313,-0.018439,0.044132,0.816123,0.817094,1.237716,-0.814739,0.260723,0.288154,0.044037,-0.013441
-0.159896,-0.228168,-0.058385,0.108908,-0.040534,0.000326,-0.062485,0.025654,0.031456,0.750152,0.482105,-0.117798,0.091862,-0.063805,-0.272727,0.093070,-0.154090,-0.121230,0.015474,-0.029567,0.048630,0.790316,0.813567,1.234922,-0.816318,0.256655,0.286763,0.052270,-0.013925
-0.180591,-0.227011,-0.060809,0.123813,-0.038996,0.004902,-0.029394,0.024477,0.032171,0.778598,0.468952,-0.124922,0.095190,-0.067384,-0.265814,0.093451,-0.159123,-0.113087,0.014378,-0.044600,0.052205,0.765330,0.813175,1.234308,-0.819065,0.254028,0.288890,0.059103,-0.019267
-0.199756,-0.227497,-0.062770,0.139263,-0.036929,0.009909,0.005474,0.023780,0.033289,0.804927,0.459483,-0.131307,0.097478,-0.078032,-0.260982,0.093938,-0.164065,-0.102638,0.013705,-0.060318,0.055287,0.740960,0.814269,1.233903,-0.822150,0.251499,0.291967,0.066210,-0.025700
-0.215863,-0.231270,-0.063803,0.155807,-0.033802,0.015778,0.043899,0.024045,0.035213,0.827020,0.457379,-0.136213,0.097686,-0.102820,-0.260311,0.094637,-0.168826,-0.087577,0.013877,-0.077407,0.057384,0.717820,0.818335,1.233916,-0.825909,0.249165,0.296943,0.073862,-0.034315
-0.227499,-0.237079,-0.064198,0.171410,-0.029708,0.022278,0.083851,0.025627,0.037863,0.840297,0.461450,-0.139251,0.096188,-0.132043,-0.263845,0.094747,-0.173976,-0.067917,0.014465,-0.094696,0.058425,0.697793,0.825180,1.232669,-0.829959,0.248462,0.302316,0.078695,-0.042555
-0.236899,-0.243908,-0.064273,0.186544,-0.025131,0.029092,0.124567,0.027868,0.040876,0.849164,0.468607,-0.141356,0.093837,-0.163484,-0.269483,0.094563,-0.179320,-0.045958,0.015261,-0.112086,0.058937,0.679322,0.833416,1.230791,-0.834154,0.248575,0.307887,0.082117,-0.050606
-0.242106,-0.253198,-0.063758,0.196594,-0.019195,0.036194,0.159273,0.030885,0.044996,0.847426,0.484205,-0.141157,0.089965,-0.188809,-0.278232,0.094427,-0.183790,-0.039446,0.014646,-0.130325,0.054188,0.665242,0.842687,1.226847,-0.834932,0.249519,0.312523,0.082065,-0.058434
-0.246666,-0.262300,-0.063289,0.204603,-0.013178,0.043308,0.191632,0.033793,0.049439,0.843134,0.500736,-0.140260,0.085946,-0.211928,-0.286797,0.095118,-0.187884,-0.033275,0.013683,-0.150160,0.047975,0.652811,0.851861,1.224356,-0.835021,0.250120,0.317427,0.080541,-0.065652
-0.249931,-0.271024,-0.062912,0.208530,-0.006999,0.050447,0.219296,0.036485,0.054532,0.833730,0.519136,-0.137965,0.081633,-0.230631,-0.294991,0.097462,-0.191225,-0.027787,0.012024,-0.173186,0.038832,0.643674,0.860844,1.224771,-0.833734,0.250032,0.322868,0.076070,-0.071653
-0.253494,-0.278544,-0.062993,0.208663,-0.001522,0.057287,0.241923,0.038198,0.059845,0.819858,0.535555,-0.134484,0.076900,-0.245847,-0.302532,0.100441,-0.193465,-0.023128,0.010238,-0.196786,0.028138,0.637613,0.868388,1.226449,-0.832463,0.249889,0.329697,0.070575,-0.077413
-0.257205,-0.285463,-0.063303,0.206899,0.003604,0.063978,0.262031,0.039423,0.065270,0.803751,0.550983,-0.130411,0.071955,-0.259319,-0.309745,0.103738,-0.195153,-0.018884,0.008388,-0.220674,0.016667,0.633089,0.875212,1.228759,-0.831199,0.249718,0.337219,0.064568,-0.083052
-0.262293,-0.287547,-0.064335,0.201379,0.007118,0.069697,0.273052,0.038527,0.070093,0.785027,0.558127,-0.124890,0.069017,-0.265056,-0.314973,0.106695,-0.193711,-0.023557,0.006733,-0.239291,0.005409,0.633847,0.877390,1.230363,-0.829269,0.257333,0.340444,0.058547,-0.086997
-0.268384,-0.288402,-0.065397,0.194650,0.009988,0.075129,0.280528,0.036739,0.074374,0.766919,0.562402,-0.119754,0.067356,-0.269488,-0.319108,0.109859,-0.191670,-0.029028,0.005219,-0.256489,-0.006602,0.636770,0.877523,1.231406,-0.826428,0.263008,0.342184,0.051481,-0.091257
-0.276483,-0.286797,-0.066520,0.185501,0.011571,0.079986,0.280913,0.033166,0.077570,0.750046,0.560943,-0.115385,0.068249,-0.271309,-0.321057,0.113437,-0.188428,-0.036092,0.003987,-0.270851,-0.020121,0.644025,0.873566,1.231327,-0.821762,0.264802,0.340955,0.042323,-0.096149
-0.285440,-0.283227,-0.067527,0.176600,0.011497,0.084290,0.278032,0.028248,0.079307,0.735802,0.554568,-0.110438,0.071608,-0.268004,-0.320631,0.115995,-0.184528,-0.042611,0.003362,-0.278162,-0.032368,0.656653,0.868207,1.228614,-0.817018,0.271704,0.337586,0.032801,-0.099894
-0.294826,-0.278675,-0.068476,0.167822,0.010593,0.088317,0.273517,0.022657,0.080315,0.722874,0.545735,-0.105202,0.076201,-0.262137,-0.319018,0.118044,-0.180298,-0.048856,0.003041,-0.281948,-0.043980,0.671967,0.862146,1.224584,-0.812235,0.281159,0.333147,0.023096,-0.103067
-0.302934,-0.273361,-0.069146,0.161599,0.007443,0.091156,0.267197,0.016760,0.079686,0.715773,0.535128,-0.098447,0.082814,-0.250027,-0.315937,0.119066,-0.176216,-0.058273,0.003728,-0.279582,-0.047731,0.694780,0.857363,1.219566,-0.811418,0.298719,0.327649,0.018777,-0.100235
-0.310801,-0.268399,-0.069623,0.156775,0.004230,0.093558,0.260138,0.010988,0.078727,0.711585,0.524730,-0.091516,0.089251,-0.239420,-0.312330,0.120234,-0.172079,-0.065331,0.004632,-0.275248,-0.049970,0.718732,0.852737,1.212909,-0.811257,0.315781,0.322364,0.015334,-0.096482
-0.318186,-0.264141,-0.069713,0.154747,0.000889,0.095087,0.251601,0.005466,0.077111,0.713225,0.514754,-0.084233,0.095336,-0.231823,-0.307669,0.121695,-0.167830,-0.067670,0.005971,-0.266979,-0.049184,0.744966,0.848422,1.202974,-0.812405,0.331850,0.317505,0.013644,-0.090888
-0.325283,-0.260493,-0.069288,0.154766,-0.002189,0.095755,0.241904,0.001475,0.075173,0.721217,0.505545,-0.075585,0.100151,-0.224396,-0.302301,0.124165,-0.163640,-0.067794,0.007000,-0.255759,-0.045880,0.771584,0.845397,1.190675,-0.814626,0.345271,0.313305,0.011436,-0.083367
-0.332236,-0.257149,-0.068605,0.155808,-0.005137,0.095993,0.231625,-0.001751,0.073074,0.732387,0.496721,-0.066256,0.104331,-0.217055,-0.296578,0.127140,-0.159478,-0.066809,0.007875,-0.243064,-0.041316,0.798396,0.843016,1.177193,-0.817383,0.357368,0.309434,0.008969,-0.074883
-0.337008,-0.254987,-0.067026,0.160042,-0.008375,0.094747,0.217229,-0.001569,0.070995,0.751112,0.492662,-0.054710,0.105905,-0.206080,-0.291322,0.132447,-0.156342,-0.064775,0.006869,-0.228841,-0.031267,0.825621,0.844107,1.167508,-0.825011,0.374431,0.307212,0.008488,-0.065969
-0.340019,-0.253153,-0.065250,0.164532,-0.011380,0.093169,0.202170,-0.000664,0.069017,0.771429,0.490177,-0.042441,0.106486,-0.194776,-0.286909,0.137559,-0.153300,-0.061576,0.005991,-0.214032,-0.020939,0.852082,0.845894,1.157989,-0.833022,0.391136,0.305804,0.009284,-0.058127
-0.339510,-0.251975,-0.063082,0.169531,-0.013920,0.090930,0.185784,0.001686,0.067239,0.794926,0.490838,-0.028729,0.105079,-0.182813,-0.284182,0.142283,-0.150446,-0.056047,0.005369,-0.198049,-0.010053,0.877014,0.849070,1.148799,-0.841800,0.407126,0.306025,0.012633,-0.052428
-0.336190,-0.251512,-0.060809,0.175387,-0.015900,0.088434,0.168146,0.004868,0.065780,0.821125,0.494545,-0.012930,0.100252,-0.177167,-0.283147,0.146935,-0.146414,-0.054430,0.005341,-0.183490,-0.000522,0.898701,0.853075,1.141899,-0.848945,0.420632,0.309538,0.015260,-0.048124
-0.331465,-0.251408,-0.058483,0.181671,-0.017599,0.085810,0.149882,0.008464,0.064479,0.848674,0.499773,0.003912,0.093715,-0.174681,-0.282959,0.151552,-0.141792,-0.054768,0.005610,-0.169641,0.008332,0.918764,0.857495,1.136143,-0.855274,0.432896,0.314696,0.017525,-0.044519
-0.323675,-0.252369,-0.056322,0.185114,-0.019007,0.083124,0.126755,0.013318,0.063510,0.880553,0.509795,0.018641,0.094536,-0.172459,-0.285433,0.155952,-0.141479,-0.057542,0.006533,-0.160382,0.012537,0.942728,0.865066,1.132907,-0.859111,0.438318,0.309543,0.013985,-0.048064
-0.314325,-0.252908,-0.054426,0.187868,-0.020746,0.080416,0.104087,0.018431,0.062417,0.911723,0.519362,0.033349,0.092688,-0.166883,-0.287863,0.158497,-0.141091,-0.062736,0.007617,-0.150869,0.015744,0.967018,0.873342,1.129652,-0.863295,0.442852,0.305049,0.010925,-0.051725
-0.301853,-0.252602,-0.053060,0.189243,-0.023144,0.077663,0.082339,0.024061,0.061078,0.941477,0.528020,0.048013,0.085503,-0.154597,-0.290203,0.157333,-0.140555,-0.072771,0.009022,-0.140849,0.016957,0.991961,0.883025,1.126362,-0.868172,0.445614,0.301872,0.008827,-0.055620
-0.286760,-0.251606,-0.052114,0.187822,-0.025786,0.074860,0.060270,0.029420,0.059471,0.967982,0.536061,0.060003,0.078552,-0.137311,-0.292533,0.153519,-0.140020,-0.083491,0.010965,-0.130736,0.016725,1.015899,0.889854,1.123135,-0.871866,0.450152,0.300476,0.005559,-0.060189
-0.270355,-0.250265,-0.051378,0.185003,-0.028550,0.072032,0.038042,0.034643,0.057732,0.992863,0.543794,0.070656,0.071717,-0.117524,-0.294858,0.148380,-0.139487,-0.094554,0.013175,-0.120576,0.015770,1.039334,0.895255,1.119941,-0.874968,0.455578,0.299971,0.001708,-0.065096
-0.250682,-0.248595,-0.051464,0.178456,-0.031233,0.069280,0.017383,0.039323,0.055464,1.008859,0.551790,0.079210,0.066523,-0.093723,-0.297569,0.140291,-0.139484,-0.105139,0.016067,-0.111115,0.014040,1.060937,0.896432,1.116072,-0.876705,0.459118,0.299861,-0.006929,-0.070524
-0.228971,-0.246854,-0.051854,0.171437,-0.034142,0.066652,-0.001567,0.043611,0.052938,1.019272,0.559609,0.087025,0.062125,-0.072538,-0.300254,0.131325,-0.139730,-0.116167,0.019210,-0.101479,0.011931,1.081009,0.896507,1.111416,-0.877787,0.462039,0.299199,-0.017994,-0.076373
-0.203183,-0.244972,-0.052853,0.163475,-0.037505,0.064270,-0.017101,0.047115,0.049896,1.018521,0.567073,0.093360,0.059322,-0.056583,-0.302890,0.120608,-0.140475,-0.128081,0.022854,-0.091496,0.009065,1.098018,0.894381,1.105190,-0.877558,0.463723,0.297431,-0.033914,-0.083066
-0.176596,-0.243655,-0.054217,0.154717,-0.041214,0.062333,-0.030247,0.049748,0.046702,1.005902,0.574410,0.098016,0.057050,-0.046895,-0.305359,0.109468,-0.141970,-0.138999,0.026922,-0.080431,0.006321,1.109330,0.890993,1.097831,-0.877246,0.465128,0.294121,-0.047734,-0.090547
-0.149610,-0.242619,-0.055764,0.145561,-0.045096,0.060619,-0.042200,0.051945,0.043433,0.987350,0.581684,0.101832,0.055044,-0.040340,-0.307746,0.098117,-0.143840,-0.149420,0.031201,-0.068826,0.003637,1.117794,0.886974,1.089907,-0.876893,0.466394,0.290040,-0.060504,-0.098422
-0.122009,-0.244420,-0.057837,0.141007,-0.048364,0.059947,-0.046948,0.051838,0.040176,0.948964,0.590606,0.103486,0.053045,-0.048141,-0.310532,0.088230,-0.145732,-0.150897,0.036103,-0.057614,-0.000903,1.118512,0.882512,1.082027,-0.874321,0.464755,0.286791,-0.068363,-0.105848
-0.094732,-0.247053,-0.059956,0.136434,-0.051900,0.059667,-0.049758,0.051412,0.036953,0.908249,0.599693,0.104466,0.051047,-0.057873,-0.313362,0.078978,-0.148053,-0.146641,0.041315,-0.046163,-0.005545,1.116962,0.878264,1.073942,-0.871692,0.461725,0.284143,-0.073824,-0.112389
-0.068099,-0.251351,-0.062166,0.131825,-0.055973,0.060173,-0.048695,0.050349,0.033802,0.862877,0.609110,0.104096,0.049051,-0.071466,-0.316279,0.070996,-0.151232,-0.130920,0.047145,-0.034233,-0.010393,1.110879,0.874443,1.065446,-0.868947,0.455916,0.282695,-0.074486,-0.117162
-0.041978,-0.256195,-0.064653,0.131824,-0.060950,0.061011,-0.040697,0.048555,0.030827,0.821104,0.618072,0.101231,0.047749,-0.105545,-0.318551,0.065056,-0.154762,-0.117137,0.053307,-0.023936,-0.015296,1.103190,0.872018,1.058720,-0.866598,0.454109,0.283538,-0.074341,-0.117987
-0.016112,-0.261312,-0.067278,0.134127,-0.066379,0.062016,-0.029232,0.046397,0.027942,0.781131,0.626806,0.097118,0.046793,-0.149868,-0.320500,0.060137,-0.158468,-0.104323,0.059635,-0.014454,-0.020226,1.094699,0.870291,1.052878,-0.864448,0.454303,0.285526,-0.073791,-0.116838
0.007545,-0.266005,-0.069928,0.138995,-0.073294,0.062837,-0.009392,0.043038,0.025380,0.741368,0.632367,0.089900,0.047075,-0.198682,-0.320694,0.061150,-0.162767,-0.101367,0.065947,-0.015149,-0.024911,1.085089,0.870347,1.056755,-0.864051,0.446786,0.286994,-0.075611,-0.115623
0.029028,-0.270405,-0.072245,0.142350,-0.080848,0.063508,0.008163,0.039273,0.022916,0.702674,0.635948,0.081402,0.047590,-0.243028,-0.319691,0.063528,-0.166357,-0.099870,0.072310,-0.016467,-0.030028,1.074447,0.871241,1.061994,-0.863696,0.440452,0.289797,-0.074584,-0.114535
0.046166,-0.274217,-0.073900,0.142678,-0.089680,0.063882,0.021148,0.034696,0.020647,0.666114,0.635572,0.070344,0.048569,-0.278440,-0.316294,0.068637,-0.168530,-0.101290,0.078773,-0.019027,-0.036007,1.061744,0.873810,1.069956,-0.863422,0.436482,0.295271,-0.067865,-0.113702
0.058653,-0.276730,-0.074975,0.140183,-0.099270,0.063918,0.024878,0.028686,0.018587,0.632187,0.630712,0.056524,0.050829,-0.307107,-0.310099,0.075906,-0.168993,-0.106831,0.085225,-0.022987,-0.041541,1.049118,0.878302,1.080016,-0.862823,0.434158,0.301016,-0.058008,-0.109266
0.068815,-0.278592,-0.075761,0.136277,-0.109240,0.063786,0.023981,0.021961,0.016632,0.599576,0.623611,0.041322,0.053728,-0.332402,-0.302506,0.084254,-0.168601,-0.114433,0.091670,-0.027645,-0.046852,1.036532,0.883755,1.091124,-0.862060,0.432656,0.306897,-0.046583,-0.103030
0.073046,-0.277405,-0.076077,0.130332,-0.120870,0.062785,0.016040,0.012805,0.015031,0.571487,0.608805,0.023854,0.059714,-0.346381,-0.290109,0.094066,-0.166172,-0.121657,0.097380,-0.033667,-0.052280,1.023417,0.888691,1.103602,-0.860632,0.429874,0.309598,-0.037617,-0.096395
0.075065,-0.276476,-0.076280,0.124323,-0.132680,0.061448,0.007433,0.003036,0.013585,0.545652,0.593135,0.005626,0.067407,-0.359449,-0.276711,0.104119,-0.163155,-0.127240,0.102439,-0.037794,-0.056597,1.008694,0.891693,1.114036,-0.859388,0.426159,0.312412,-0.029882,-0.090549
0.072661,-0.276064,-0.076254,0.118187,-0.144850,0.059440,-0.002508,-0.007960,0.012448,0.524325,0.575734,-0.014125,0.078515,-0.370693,-0.261313,0.114651,-0.158961,-0.129543,0.106194,-0.038133,-0.058689,0.990759,0.890831,1.120386,-0.858511,0.420578,0.315453,-0.024606,-0.086283
0.065770,-0.277634,-0.076014,0.110663,-0.157741,0.057067,-0.012642,-0.018882,0.011995,0.509047,0.560617,-0.032134,0.087321,-0.383821,-0.245868,0.123940,-0.153331,-0.125729,0.110872,-0.036151,-0.058157,0.971449,0.888493,1.124918,-0.859040,0.416800,0.321439,-0.015077,-0.080487
0.056635,-0.280197,-0.075665,0.102444,-0.170994,0.054511,-0.022873,-0.029767,0.011885,0.496794,0.546642,-0.049273,0.094976,-0.397891,-0.230399,0.132606,-0.146983,-0.118858,0.116012,-0.033009,-0.056311,0.951452,0.885419,1.128542,-0.860272,0.413923,0.328898,-0.003421,-0.073927
0.041906,-0.285818,-0.074800,0.091838,-0.185713,0.051817,-0.032934,-0.038320,0.013494,0.498739,0.538122,-0.064823,0.104021,-0.411248,-0.215457,0.139286,-0.140884,-0.109338,0.122997,-0.033455,-0.056926,0.930424,0.882517,1.132688,-0.858456,0.410398,0.332184,0.008643,-0.069031
0.025611,-0.292352,-0.073645,0.080109,-0.200732,0.049000,-0.043095,-0.045705,0.015607,0.504284,0.531183,-0.079863,0.112999,-0.423790,-0.200715,0.145271,-0.135138,-0.099423,0.130180,-0.034863,-0.058086,0.909586,0.879440,1.136469,-0.855732,0.406446,0.334260,0.019064,-0.064406
0.006186,-0.300712,-0.071913,0.066130,-0.216351,0.045939,-0.053459,-0.050754,0.018729,0.517029,0.527408,-0.093886,0.121843,-0.434702,-0.186372,0.149869,-0.130097,-0.088718,0.137763,-0.038194,-0.060338,0.889128,0.876012,1.139518,-0.851189,0.401640,0.333913,0.026196,-0.060322
-0.015391,-0.310192,-0.069647,0.051317,-0.231263,0.042490,-0.063138,-0.053942,0.022659,0.535513,0.525353,-0.106000,0.130035,-0.445024,-0.171591,0.153969,-0.125844,-0.077725,0.144615,-0.041590,-0.061245,0.868937,0.872493,1.141938,-0.847550,0.393855,0.332524,0.035538,-0.057395
-0.038045,-0.320231,-0.067115,0.036085,-0.245823,0.038849,-0.072476,-0.056199,0.026992,0.556865,0.524160,-0.117159,0.137902,-0.455051,-0.156592,0.157822,-0.121985,-0.066590,0.151103,-0.045018,-0.061481,0.848879,0.868929,1.144042,-0.844363,0.384581,0.330613,0.045985,-0.055045
-0.060582,-0.330133,-0.064150,0.022367,-0.257765,0.034876,-0.078651,-0.057503,0.031772,0.580156,0.522161,-0.124109,0.143663,-0.462971,-0.139562,0.161321,-0.118795,-0.056346,0.154008,-0.048958,-0.058526,0.834153,0.866377,1.149346,-0.843761,0.380605,0.328247,0.060487,-0.052346
-0.081311,-0.339419,-0.061083,0.009329,-0.269061,0.030855,-0.083165,-0.058930,0.036393,0.601200,0.519323,-0.129280,0.148839,-0.469049,-0.121339,0.163937,-0.115840,-0.046447,0.154450,-0.053091,-0.055557,0.822184,0.864246,1.155063,-0.843327,0.378681,0.326947,0.071902,-0.050219
-0.098428,-0.347473,-0.057811,-0.002347,-0.279067,0.026738,-0.084355,-0.060603,0.040696,0.617749,0.514807,-0.130895,0.152846,-0.471444,-0.100729,0.164789,-0.113353,-0.037242,0.149964,-0.057608,-0.052561,0.815730,0.862959,1.161606,-0.843229,0.380858,0.327779,0.077142,-0.049238
-0.108659,-0.353902,-0.054219,-0.012995,-0.288316,0.022539,-0.081811,-0.063566,0.043994,0.623286,0.507676,-0.127764,0.154877,-0.468854,-0.077621,0.162645,-0.112743,-0.028317,0.139495,-0.058752,-0.048814,0.811737,0.863410,1.163841,-0.844126,0.382811,0.330962,0.078448,-0.047652
-0.115447,-0.359518,-0.050466,-0.023130,-0.297187,0.018300,-0.077399,-0.067173,0.046790,0.623316,0.499238,-0.122260,0.155920,-0.463771,-0.053265,0.159003,-0.113072,-0.019534,0.126034,-0.058208,-0.044693,0.808975,0.864731,1.163921,-0.845521,0.384651,0.335319,0.077786,-0.045763
-0.117791,-0.362570,-0.046148,-0.030500,-0.305312,0.014169,-0.070255,-0.081715,0.048204,0.615808,0.490071,-0.110070,0.153756,-0.454572,-0.030365,0.154936,-0.114381,-0.011241,0.110318,-0.057842,-0.040146,0.810898,0.868648,1.164343,-0.846659,0.385805,0.339841,0.079926,-0.041475
-0.119938,-0.364936,-0.042118,-0.036764,-0.312408,0.010176,-0.062949,-0.098113,0.049204,0.607588,0.483606,-0.096656,0.151552,-0.444501,-0.014036,0.150563,-0.115916,-0.003527,0.096667,-0.056938,-0.036014,0.815205,0.872216,1.163958,-0.847673,0.387285,0.343906,0.080662,-0.037497
-0.121692,-0.365931,-0.038665,-0.040812,-0.317444,0.006458,-0.055319,-0.118225,0.049379,0.597944,0.482546,-0.080792,0.149269,-0.432683,-0.010851,0.145579,-0.117905,0.003030,0.087145,-0.054960,-0.032713,0.824278,0.875083,1.161960,-0.848440,0.389413,0.347059,0.078591,-0.034138
-0.123630,-0.363831,-0.036370,-0.043234,-0.316659,0.003344,-0.048324,-0.131699,0.049051,0.588240,0.492234,-0.063303,0.148755,-0.420835,-0.023934,0.140023,-0.119600,0.008241,0.085159,-0.053340,-0.032103,0.838437,0.875111,1.158896,-0.847243,0.391121,0.349070,0.071122,-0.033096
-0.125662,-0.360183,-0.034655,-0.044841,-0.312962,0.000531,-0.041646,-0.141854,0.048473,0.578506,0.507296,-0.045001,0.149125,-0.408972,-0.045152,0.134181,-0.121147,0.012779,0.086942,-0.051899,-0.032839,0.855137,0.873718,1.155299,-0.845063,0.392618,0.350510,0.060955,-0.033214
-0.128904,-0.358619,-0.033613,-0.046723,-0.310158,-0.001814,-0.034366,-0.153932,0.047488,0.567884,0.540081,-0.025613,0.150359,-0.396569,-0.071847,0.127739,-0.123926,0.016429,0.099392,-0.054475,-0.036552,0.877575,0.867452,1.152678,-0.840199,0.388009,0.348813,0.042409,-0.036452
-0.133079,-0.356095,-0.032570,-0.048998,-0.309243,-0.004260,-0.027030,-0.168721,0.046287,0.558239,0.576972,-0.006189,0.151946,-0.384563,-0.098898,0.121147,-0.127518,0.019993,0.116188,-0.056853,-0.039601,0.901037,0.860454,1.149567,-0.836085,0.381645,0.346152,0.021476,-0.040578
-0.139123,-0.351654,-0.031525,-0.052062,-0.312108,-0.006905,-0.019585,-0.188932,0.044655,0.550552,0.622073,0.013303,0.154239,-0.373348,-0.126661,0.114254,-0.132740,0.023384,0.141674,-0.058835,-0.041322,0.926548,0.851993,1.145476,-0.833471,0.371774,0.341563,-0.004230,-0.046481
-0.146668,-0.346147,-0.030858,-0.056403,-0.316942,-0.009929,-0.012214,-0.208029,0.042605,0.545031,0.672990,0.032830,0.156718,-0.363210,-0.153077,0.107254,-0.138943,0.026791,0.157067,-0.060375,-0.042314,0.953034,0.843925,1.142150,-0.832014,0.362578,0.337445,-0.031079,-0.051480
-0.154965,-0.340108,-0.030379,-0.061383,-0.322761,-0.013141,-0.004881,-0.226568,0.040345,0.540594,0.726814,0.052374,0.159291,-0.353611,-0.178820,0.100199,-0.145638,0.030205,0.167413,-0.061693,-0.042940,0.980008,0.836055,1.139206,-0.831137,0.353721,0.333563,-0.058500,-0.056029
-0.164261,-0.330800,-0.030115,-0.066602,-0.328217,-0.017002,0.002432,-0.241907,0.037127,0.534488,0.780962,0.070422,0.160002,-0.342938,-0.199997,0.094020,-0.151289,0.033677,0.166769,-0.063629,-0.044547,1.007046,0.830362,1.141341,-0.830267,0.352757,0.333222,-0.083084,-0.059517
-0.173765,-0.320724,-0.029860,-0.071849,-0.332243,-0.020807,0.010083,-0.254333,0.033651,0.527897,0.833903,0.088498,0.159727,-0.331918,-0.220202,0.087320,-0.157053,0.037177,0.166306,-0.065869,-0.047330,1.032279,0.825949,1.145020,-0.829158,0.353994,0.333520,-0.104843,-0.062995
-0.183687,-0.309113,-0.029622,-0.077151,-0.333411,-0.024500,0.018410,-0.260933,0.029663,0.520336,0.884431,0.106632,0.157478,-0.320204,-0.238463,0.079576,-0.163043,0.040730,0.166207,-0.068720,-0.052468,1.053903,0.824098,1.151786,-0.827573,0.359631,0.335097,-0.120951,-0.066453
-0.194040,-0.296079,-0.029097,-0.081951,-0.331420,-0.027907,0.027899,-0.262177,0.025397,0.512711,0.930807,0.124877,0.153485,-0.308380,-0.252624,0.070400,-0.167809,0.044304,0.170687,-0.067453,-0.056789,1.072323,0.823062,1.157406,-0.827046,0.367879,0.338051,-0.129930,-0.069593
-0.204610,-0.282332,-0.028428,-0.086500,-0.327849,-0.031172,0.037971,-0.260743,0.020993,0.505055,0.975109,0.143179,0.148620,-0.296502,-0.264736,0.060508,-0.171964,0.047888,0.177456,-0.064127,-0.060703,1.089141,0.822433,1.162453,-0.827050,0.377433,0.341692,-0.135343,-0.072575
-0.215796,-0.264480,-0.027100,-0.089507,-0.319943,-0.034063,0.049733,-0.254834,0.016535,0.497350,1.007738,0.161742,0.143408,-0.284534,-0.269247,0.050875,-0.174768,0.051283,0.185759,-0.055121,-0.063810,1.101685,0.821476,1.163485,-0.830157,0.386336,0.342163,-0.138627,-0.073962
-0.227407,-0.245501,-0.025501,-0.091905,-0.310869,-0.036766,0.061642,-0.248184,0.012301,0.490234,1.036255,0.178975,0.137486,-0.272742,-0.270943,0.041781,-0.177510,0.054556,0.194806,-0.046038,-0.066164,1.112389,0.820668,1.164427,-0.833475,0.393270,0.342225,-0.141502,-0.075600
-0.239866,-0.224268,-0.023361,-0.093086,-0.299460,-0.039091,0.073843,-0.240052,0.008516,0.484297,1.056551,0.193544,0.130143,-0.261303,-0.267007,0.033766,-0.180131,0.057582,0.205340,-0.036799,-0.067012,1.119417,0.820160,1.165190,-0.837217,0.396269,0.341468,-0.143559,-0.077741
-0.253570,-0.200845,-0.020721,-0.092931,-0.286106,-0.040848,0.086326,-0.230545,0.005430,0.482125,1.068799,0.204514,0.121793,-0.251589,-0.260711,0.026614,-0.183145,0.060194,0.215232,-0.027627,-0.066012,1.124507,0.820136,1.165060,-0.839301,0.397103,0.339978,-0.148708,-0.081499
-0.267896,-0.176328,-0.017832,-0.092107,-0.271779,-0.042321,0.098949,-0.220352,0.002693,0.481835,1.077023,0.213684,0.112939,-0.242737,-0.253235,0.019895,-0.186357,0.062599,0.224802,-0.018488,-0.064089,1.128629,0.820355,1.164483,-0.840557,0.396856,0.338120,-0.155402,-0.086067
-0.280956,-0.149348,-0.014147,-0.087878,-0.254112,-0.042980,0.111625,-0.209352,0.001179,0.482902,1.071393,0.219753,0.105520,-0.235023,-0.233889,0.016331,-0.188152,0.064177,0.219553,-0.008085,-0.060638,1.128587,0.819387,1.162403,-0.841783,0.395737,0.334503,-0.162269,-0.092138
-0.292912,-0.121865,-0.010295,-0.082839,-0.236601,-0.043362,0.124353,-0.198400,-0.000037,0.482990,1.060152,0.224214,0.098178,-0.226915,-0.207315,0.013777,-0.189709,0.065618,0.214049,0.001542,-0.056641,1.127190,0.818071,1.161058,-0.842766,0.393077,0.330194,-0.167373,-0.098084
-0.302657,-0.093379,-0.006108,-0.076179,-0.219404,-0.043189,0.137186,-0.187544,-0.000654,0.481116,1.037688,0.225458,0.090991,-0.218019,-0.166286,0.013241,-0.190789,0.066783,0.208032,0.009620,-0.051549,1.123083,0.816058,1.161184,-0.843263,0.387334,0.324501,-0.168953,-0.103780
-0.311492,-0.064075,-0.001969,-0.068613,-0.203638,-0.042755,0.150274,-0.178088,-0.001225,0.477745,1.000980,0.223656,0.083529,-0.207793,-0.123070,0.014621,-0.191868,0.067664,0.199152,0.015276,-0.045196,1.117907,0.814049,1.164507,-0.843451,0.382793,0.318611,-0.168171,-0.105488
-0.319871,-0.034364,0.002146,-0.060593,-0.188588,-0.042191,0.163490,-0.169331,-0.001773,0.473624,0.957151,0.220331,0.075930,-0.196901,-0.078761,0.016958,-0.192946,0.068403,0.188839,0.019722,-0.038211,1.112197,0.812041,1.169429,-0.843485,0.378852,0.312624,-0.166208,-0.105201
-0.328188,-0.005766,0.005976,-0.051833,-0.176790,-0.041659,0.177306,-0.166474,-0.002548,0.468852,0.890552,0.211335,0.067483,-0.184331,-0.077046,0.020211,-0.194421,0.068466,0.166740,0.023695,-0.029603,1.106285,0.810603,1.175564,-0.842649,0.378375,0.307331,-0.163528,-0.094166
-0.336372,0.021530,0.009658,-0.042633,-0.166483,-0.041052,0.191169,-0.165709,-0.003363,0.463286,0.822436,0.200716,0.058539,-0.171054,-0.078899,0.023758,-0.195504,0.068257,0.145389,0.028093,-0.021091,1.099369,0.809141,1.181429,-0.841142,0.378209,0.302625,-0.159122,-0.080104
-0.344292,0.046225,0.013041,-0.032555,-0.159161,-0.040293,0.205124,-0.169130,-0.004258,0.456131,0.751289,0.186852,0.048604,-0.156361,-0.087887,0.027891,-0.195803,0.067503,0.125537,0.033345,-0.012769,1.090445,0.807631,1.186753,-0.838290,0.378663,0.299090,-0.151265,-0.059986
-0.351335,0.066318,0.015993,-0.021906,-0.152726,-0.039244,0.218173,-0.173618,-0.005044,0.445678,0.688763,0.169985,0.038667,-0.138918,-0.104442,0.033082,-0.194443,0.066157,0.115066,0.040145,-0.006108,1.079133,0.805693,1.190584,-0.833732,0.379650,0.296657,-0.139996,-0.037297
-0.357939,0.084112,0.018728,-0.010972,-0.146735,-0.038050,0.230768,-0.178641,-0.005777,0.433576,0.630549,0.151615,0.028729,-0.120098,-0.124781,0.038801,-0.192253,0.064514,0.109286,0.047719,-0.000277,1.066627,0.803541,1.193669,-0.828320,0.380902,0.294775,-0.127020,-0.013323
-0.363383,0.093533,0.020307,0.001024,-0.136022,-0.035967,0.240147,-0.176215,-0.006504,0.417540,0.585944,0.131145,0.024761,-0.097006,-0.142763,0.047850,-0.186446,0.062121,0.104429,0.054002,0.002857,1.051430,0.797984,1.196575,-0.825338,0.377385,0.290361,-0.113128,0.002333
-0.369532,0.099760,0.021497,0.012945,-0.125221,-0.033585,0.248254,-0.173741,-0.007075,0.401848,0.547127,0.109822,0.021951,-0.072351,-0.159241,0.056781,-0.180660,0.059428,0.100482,0.059541,0.005610,1.035488,0.792406,1.199660,-0.823012,0.373527,0.285749,-0.099973,0.013116
-0.377093,0.099603,0.021910,0.024715,-0.114243,-0.030604,0.253818,-0.171175,-0.007334,0.386845,0.519884,0.086789,0.021455,-0.044569,-0.172709,0.065478,-0.174919,0.056135,0.098355,0.063595,0.007600,1.018055,0.786788,1.203099,-0.822000,0.368987,0.280741,-0.088292,0.014153
-0.384295,0.096995,0.021503,0.035278,-0.102956,-0.027125,0.256054,-0.170743,-0.007375,0.369782,0.498145,0.062621,0.022071,-0.014337,-0.183697,0.073222,-0.169251,0.052528,0.095683,0.065453,0.009600,0.998438,0.782696,1.207093,-0.819686,0.365270,0.276573,-0.079518,0.009024
-0.391318,0.093162,0.020685,0.045236,-0.091514,-0.023397,0.256626,-0.171379,-0.007308,0.351690,0.479157,0.037884,0.023243,0.017120,-0.193444,0.080490,-0.163621,0.048765,0.092739,0.066213,0.011605,0.977730,0.779367,1.211364,-0.816721,0.361966,0.272827,-0.072196,0.000813
-0.396788,0.087610,0.018726,0.052190,-0.081088,-0.019451,0.252489,-0.174650,-0.006839,0.331521,0.467135,0.016112,0.028372,0.050725,-0.202023,0.087442,-0.159354,0.044586,0.089416,0.067066,0.014910,0.950040,0.777367,1.211759,-0.817179,0.355889,0.269244,-0.061862,-0.013187
-0.401868,0.081840,0.016472,0.058397,-0.071184,-0.015531,0.247918,-0.178530,-0.006109,0.311781,0.457269,-0.004354,0.034175,0.084406,-0.211130,0.094457,-0.155008,0.040596,0.085128,0.068124,0.018485,0.922224,0.776080,1.210564,-0.817337,0.347199,0.267054,-0.050433,-0.026585
-0.406169,0.075638,0.013628,0.063110,-0.062324,-0.011662,0.242478,-0.183625,-0.004857,0.292900,0.451711,-0.022208,0.041329,0.118241,-0.221290,0.101596,-0.150507,0.036985,0.078907,0.069595,0.022596,0.894155,0.776219,1.206189,-0.816893,0.333281,0.267650,-0.036817,-0.038780
-0.410172,0.069220,0.010562,0.066583,-0.055014,-0.007847,0.236759,-0.189566,-0.002854,0.277250,0.451211,-0.038200,0.049240,0.149624,-0.234929,0.107325,-0.146572,0.033918,0.071896,0.069659,0.025625,0.865763,0.779728,1.199455,-0.814617,0.318516,0.269127,-0.025120,-0.046389
-0.414027,0.062695,0.007384,0.069436,-0.048478,-0.004059,0.230900,-0.195928,-0.000475,0.263217,0.453238,-0.053261,0.057531,0.179782,-0.250308,0.112349,-0.142921,0.031123,0.064488,0.069019,0.028111,0.837210,0.784923,1.191541,-0.811425,0.303328,0.271044,-0.014384,-0.051705
-0.417999,0.056700,0.004254,0.071767,-0.043422,-0.000361,0.224330,-0.204925,0.003414,0.255676,0.460858,-0.065061,0.064501,0.201009,-0.270559,0.117819,-0.141288,0.028931,0.056260,0.063083,0.034539,0.809163,0.795788,1.186707,-0.812703,0.289605,0.277709,-0.003005,-0.047360
-0.421796,0.051169,0.001167,0.074126,-0.038681,0.003343,0.217648,-0.214812,0.007797,0.250173,0.469802,-0.075904,0.070727,0.218696,-0.291865,0.123375,-0.139637,0.026940,0.047796,0.055617,0.041056,0.781411,0.807908,1.183358,-0.814325,0.277456,0.284599,0.008149,-0.041835
-0.425242,0.046569,-0.001837,0.076542,-0.034567,0.007059,0.210743,-0.226481,0.013165,0.248747,0.481396,-0.084832,0.075468,0.229302,-0.315280,0.129101,-0.137949,0.025351,0.038858,0.045093,0.047748,0.754247,0.822536,1.182976,-0.816637,0.268451,0.291938,0.018853,-0.033947
-0.428647,0.042779,-0.004899,0.078467,-0.030967,0.010817,0.204015,-0.237749,0.019567,0.250093,0.493859,-0.091435,0.078530,0.236719,-0.339078,0.134014,-0.136011,0.024530,0.030030,0.032437,0.053535,0.727995,0.839387,1.184893,-0.818195,0.262374,0.298269,0.024459,-0.024170
-0.432032,0.039394,-0.007990,0.080146,-0.027623,0.014598,0.197375,-0.248818,0.026486,0.252827,0.506758,-0.096876,0.080754,0.242543,-0.363067,0.138521,-0.133946,0.024093,0.021257,0.018715,0.058868,0.702198,0.857350,1.187960,-0.819377,0.257759,0.304096,0.027515,-0.013448
-0.435856,0.036940,-0.011172,0.080871,-0.025047,0.018205,0.190783,-0.258588,0.034942,0.258828,0.520081,-0.097297,0.081691,0.248766,-0.385615,0.139184,-0.132692,0.023734,0.012792,0.007431,0.063875,0.675588,0.876282,1.188264,-0.822095,0.257316,0.311492,0.032515,0.000521
-0.439757,0.035018,-0.014299,0.081146,-0.022809,0.021687,0.183778,-0.268576,0.043695,0.265498,0.533093,-0.096084,0.083159,0.255286,-0.407294,0.139037,-0.131290,0.023093,0.004597,-0.003550,0.068310,0.649674,0.893835,1.188286,-0.824788,0.257912,0.318295,0.038090,0.014334
-0.443813,0.034162,-0.017313,0.080518,-0.021247,0.024919,0.175944,-0.279000,0.053038,0.273506,0.545484,-0.091602,0.085693,0.262401,-0.427236,0.137268,-0.129593,0.021889,-0.003060,-0.013923,0.071600,0.625151,0.908626,1.187744,-0.827433,0.260585,0.323912,0.044814,0.027835
-0.448930,0.033990,-0.020234,0.078467,-0.020287,0.027914,0.166367,-0.290360,0.062338,0.280547,0.553036,-0.085303,0.090112,0.274863,-0.444150,0.136075,-0.127350,0.018586,-0.010361,-0.027911,0.073579,0.606336,0.919472,1.193846,-0.830487,0.265220,0.328673,0.048409,0.036247
-0.454578,0.034160,-0.023108,0.075703,-0.019626,0.030792,0.155917,-0.302189,0.071616,0.287103,0.558170,-0.078096,0.095475,0.289997,-0.459551,0.135168,-0.124835,0.014232,-0.017484,-0.043705,0.074902,0.590374,0.928344,1.203270,-0.833746,0.270837,0.333006,0.050439,0.042113
-0.459702,0.038410,-0.025606,0.071025,-0.017785,0.033418,0.138151,-0.315492,0.079370,0.289234,0.552346,-0.067300,0.103530,0.309493,-0.466082,0.130681,-0.121079,-0.015596,-0.023697,-0.053708,0.072125,0.582594,0.931763,1.206880,-0.834625,0.274972,0.335237,0.057711,0.040249
-0.464139,0.042927,-0.027881,0.065736,-0.016211,0.035935,0.117701,-0.328460,0.086418,0.289023,0.544305,-0.055462,0.112465,0.328335,-0.470471,0.126367,-0.117127,-0.052231,-0.029354,-0.062947,0.068575,0.579762,0.934386,1.210545,-0.834783,0.280267,0.336595,0.063736,0.037604
-0.467202,0.047976,-0.029707,0.059223,-0.015175,0.038234,0.091883,-0.340759,0.092053,0.284129,0.531830,-0.041544,0.123162,0.345866,-0.470575,0.122396,-0.112783,-0.102479,-0.033900,-0.070659,0.063482,0.586822,0.935417,1.214322,-0.833500,0.287883,0.336210,0.067268,0.033398
-0.467883,0.052366,-0.031060,0.051300,-0.014691,0.040156,0.060062,-0.351228,0.096066,0.280391,0.518314,-0.025679,0.134241,0.352620,-0.468163,0.117967,-0.108654,-0.158789,-0.037209,-0.074639,0.058823,0.603780,0.936381,1.216089,-0.832033,0.300303,0.333143,0.066200,0.029494
-0.467372,0.056427,-0.032175,0.042671,-0.014484,0.041889,0.025239,-0.360784,0.099266,0.277233,0.504279,-0.008841,0.145511,0.353986,-0.464493,0.113309,-0.104632,-0.218128,-0.039900,-0.076752,0.054382,0.625685,0.937313,1.216851,-0.830474,0.315126,0.328736,0.062833,0.025742
-0.470098,0.055831,-0.034021,0.031608,-0.015049,0.043676,-0.003439,-0.368225,0.099364,0.276733,0.491645,0.009760,0.154259,0.316455,-0.457307,0.107927,-0.102390,-0.233460,-0.040586,-0.071039,0.052957,0.658438,0.940408,1.208905,-0.832032,0.328346,0.327975,0.054967,0.027296
-0.471577,0.054118,-0.035368,0.023208,-0.016119,0.045341,-0.031681,-0.374387,0.098497,0.280317,0.478303,0.028233,0.161833,0.273137,-0.448650,0.103014,-0.101056,-0.243824,-0.040635,-0.064306,0.052171,0.695061,0.943408,1.200170,-0.834217,0.340901,0.327578,0.045475,0.029631
-0.470565,0.050173,-0.035715,0.020138,-0.018196,0.046765,-0.059051,-0.377989,0.095702,0.292073,0.463544,0.046454,0.167058,0.218241,-0.437050,0.099037,-0.101540,-0.244248,-0.039413,-0.055533,0.052661,0.739424,0.946220,1.189860,-0.837656,0.352126,0.327912,0.032732,0.033529
-0.470070,0.044945,-0.035044,0.022090,-0.020894,0.048272,-0.075255,-0.379193,0.091348,0.310930,0.447626,0.064525,0.170734,0.174076,-0.423581,0.096822,-0.103330,-0.241305,-0.037295,-0.047135,0.053689,0.791223,0.947821,1.182078,-0.840859,0.363796,0.325245,0.014083,0.036707
-0.469834,0.039075,-0.033863,0.026555,-0.023902,0.049821,-0.085876,-0.379198,0.086214,0.333339,0.431129,0.082521,0.173636,0.135276,-0.409178,0.095488,-0.105774,-0.236677,-0.034730,-0.038926,0.054986,0.846740,0.948818,1.175561,-0.843944,0.375690,0.321079,-0.007519,0.039525
-0.469077,0.029171,-0.032298,0.033715,-0.027656,0.051454,-0.074604,-0.376168,0.079918,0.361591,0.415593,0.100377,0.172734,0.108518,-0.394575,0.095075,-0.110373,-0.218564,-0.032674,-0.033062,0.056910,0.904944,0.948768,1.172157,-0.846943,0.378356,0.315683,-0.035123,0.041327
-0.467284,0.017892,-0.030415,0.040801,-0.031529,0.052923,-0.062996,-0.371708,0.073560,0.391275,0.401777,0.118980,0.170436,0.079505,-0.380461,0.095605,-0.115969,-0.198706,-0.031075,-0.029606,0.059509,0.961721,0.949004,1.171743,-0.850520,0.379546,0.310149,-0.065382,0.044541
-0.463418,0.003862,-0.027900,0.047739,-0.035643,0.054067,-0.050716,-0.364387,0.067082,0.423823,0.391399,0.139079,0.165350,0.045980,-0.367329,0.098024,-0.123558,-0.175362,-0.030390,-0.030970,0.063459,1.015644,0.949811,1.177307,-0.855256,0.377783,0.304339,-0.100953,0.050579
-0.456679,-0.012383,-0.025223,0.055262,-0.039280,0.055159,-0.039537,-0.355386,0.061046,0.458684,0.386491,0.158734,0.157856,0.006192,-0.356981,0.098932,-0.130341,-0.157708,-0.030514,-0.034125,0.068288,1.063886,0.948780,1.185396,-0.860184,0.374719,0.299001,-0.137204,0.057224
-0.448503,-0.029736,-0.022465,0.063076,-0.042680,0.056225,-0.028908,-0.345545,0.055232,0.494701,0.384318,0.178167,0.149159,-0.036727,-0.348027,0.099084,-0.136720,-0.142899,-0.031043,-0.038176,0.073556,1.109288,0.946831,1.194746,-0.865210,0.371003,0.293899,-0.173794,0.064174
-0.436789,-0.049426,-0.020471,0.073428,-0.045091,0.057598,-0.016019,-0.334222,0.050914,0.535780,0.389357,0.200885,0.140126,-0.084723,-0.342427,0.100296,-0.143197,-0.126845,-0.032805,-0.039761,0.074227,1.140686,0.939748,1.202367,-0.868281,0.359994,0.286241,-0.200035,0.067977
-0.423953,-0.070169,-0.018948,0.085637,-0.047154,0.059117,-0.000867,-0.322632,0.047179,0.577423,0.397033,0.223457,0.129996,-0.131650,-0.337877,0.099853,-0.149031,-0.111347,-0.034841,-0.038790,0.074170,1.167660,0.932546,1.207873,-0.869743,0.350864,0.279626,-0.222503,0.069898
-0.408873,-0.093015,-0.018371,0.101558,-0.048520,0.060926,0.018812,-0.310508,0.044609,0.620193,0.409986,0.245737,0.117673,-0.176440,-0.335427,0.096101,-0.153577,-0.096957,-0.037426,-0.032708,0.072653,1.185784,0.925106,1.209148,-0.867984,0.345492,0.275098,-0.237423,0.068051
-0.390782,-0.117011,-0.018507,0.119656,-0.049867,0.062914,0.041581,-0.298299,0.043039,0.662157,0.427368,0.267242,0.105819,-0.214461,-0.334747,0.090874,-0.157446,-0.081783,-0.039936,-0.025081,0.067631,1.198176,0.915942,1.209033,-0.863612,0.343100,0.273417,-0.251775,0.060349
-0.371185,-0.141581,-0.019000,0.138842,-0.051206,0.064991,0.065894,-0.286048,0.041969,0.703717,0.446966,0.288359,0.094201,-0.249098,-0.334952,0.084909,-0.160976,-0.066216,-0.042409,-0.016680,0.060855,1.207701,0.905915,1.208224,-0.857933,0.342199,0.273161,-0.265841,0.049719
-0.345796,-0.164133,-0.020273,0.158291,-0.052640,0.066988,0.091099,-0.275233,0.041509,0.739875,0.466549,0.303900,0.084708,-0.274462,-0.335169,0.077686,-0.162570,-0.048308,-0.044065,-0.005563,0.051212,1.208601,0.893050,1.204880,-0.850742,0.338409,0.272912,-0.265427,0.035318
-0.318560,-0.185112,-0.021718,0.176444,-0.054328,0.068906,0.115109,-0.265635,0.040940,0.773002,0.484563,0.316342,0.077076,-0.297304,-0.334728,0.070754,-0.163847,-0.029884,-0.045250,0.005549,0.040814,1.210069,0.879247,1.201391,-0.842944,0.335544,0.271432,-0.266462,0.021087
-0.287632,-0.202949,-0.023505,0.192007,-0.056524,0.070664,0.136732,-0.258469,0.040151,0.800068,0.499441,0.322588,0.073166,-0.315101,-0.332969,0.064407,-0.164488,-0.010425,-0.045493,0.016654,0.028908,1.212675,0.863566,1.197612,-0.833932,0.334528,0.267489,-0.270397,0.007195
-0.254840,-0.216546,-0.025534,0.204592,-0.059335,0.072090,0.155243,-0.254080,0.038951,0.821225,0.508088,0.321067,0.071928,-0.326751,-0.328340,0.059875,-0.164662,0.004771,-0.044823,0.023261,0.017599,1.214490,0.848147,1.198027,-0.826786,0.335272,0.263307,-0.277566,-0.006789
-0.221116,-0.228023,-0.027684,0.215688,-0.062453,0.073351,0.172198,-0.251078,0.037545,0.839428,0.513620,0.315662,0.072025,-0.335329,-0.322276,0.056250,-0.164601,0.017835,-0.043696,0.027619,0.006589,1.215910,0.832859,1.200537,-0.820573,0.336896,0.259004,-0.286352,-0.020820
-0.187363,-0.233322,-0.030031,0.223654,-0.065809,0.074260,0.185090,-0.253283,0.035092,0.846092,0.507530,0.300158,0.074219,-0.335275,-0.310716,0.057954,-0.161588,0.028826,-0.041401,0.019781,-0.004318,1.213742,0.819775,1.216065,-0.815188,0.339423,0.258224,-0.290792,-0.035204
-0.154454,-0.237603,-0.032414,0.230179,-0.069415,0.075079,0.195574,-0.256843,0.032287,0.849422,0.499173,0.281850,0.076650,-0.334246,-0.297965,0.060520,-0.157921,0.037817,-0.038813,0.013331,-0.014482,1.208516,0.807786,1.230396,-0.809781,0.340890,0.258137,-0.292095,-0.048395
-0.123232,-0.239849,-0.034873,0.233822,-0.073520,0.075718,0.201239,-0.263115,0.028777,0.846086,0.486281,0.257936,0.079555,-0.331268,-0.282833,0.064809,-0.152946,0.042811,-0.035640,0.009654,-0.023162,1.197178,0.797986,1.242331,-0.804332,0.340238,0.259438,-0.287123,-0.059199
-0.093402,-0.241428,-0.037425,0.234553,-0.079175,0.075889,0.203681,-0.270266,0.024939,0.836194,0.472636,0.232159,0.082469,-0.320409,-0.267061,0.069871,-0.149024,0.046541,-0.032196,0.010388,-0.027661,1.179404,0.791910,1.250649,-0.801625,0.340698,0.260597,-0.270364,-0.064644
-0.064267,-0.242672,-0.040024,0.233826,-0.085605,0.075826,0.204511,-0.277858,0.020937,0.823024,0.458614,0.205452,0.085389,-0.305609,-0.250969,0.075319,-0.145630,0.049640,-0.028617,0.013326,-0.030071,1.158413,0.787694,1.257158,-0.800290,0.341716,0.261687,-0.247712,-0.067409
-0.035654,-0.244732,-0.042740,0.228781,-0.093679,0.074951,0.201729,-0.285308,0.017243,0.797555,0.447677,0.179112,0.086332,-0.283323,-0.236235,0.081805,-0.145118,0.056495,-0.025204,0.018697,-0.028647,1.126635,0.791752,1.259685,-0.805016,0.338525,0.261719,-0.214965,-0.060583
-0.008383,-0.247574,-0.045366,0.222201,-0.102530,0.073726,0.196347,-0.292670,0.013761,0.767830,0.438342,0.152387,0.086513,-0.261637,-0.222169,0.087663,-0.144973,0.054722,-0.021770,0.024215,-0.026871,1.092116,0.796993,1.260876,-0.810150,0.334065,0.262844,-0.181757,-0.052714
0.016207,-0.251982,-0.047811,0.212552,-0.112937,0.071804,0.185764,-0.299860,0.010703,0.729594,0.432208,0.124891,0.085173,-0.241153,-0.209436,0.092266,-0.145563,0.035695,-0.018295,0.030024,-0.024395,1.052116,0.804600,1.259392,-0.816098,0.327067,0.266155,-0.147628,-0.042758
0.035284,-0.260377,-0.049794,0.200441,-0.123832,0.069650,0.168708,-0.306708,0.008613,0.684878,0.432030,0.096536,0.082278,-0.236315,-0.198658,0.096661,-0.145614,0.012068,-0.014954,0.037548,-0.022130,1.005493,0.812678,1.252326,-0.821378,0.315679,0.271229,-0.111014,-0.033536
0.051606,-0.270765,-0.051547,0.187100,-0.134972,0.067380,0.148414,-0.313386,0.007007,0.636923,0.434829,0.067751,0.078607,-0.239301,-0.188858,0.100953,-0.145394,-0.013858,-0.011680,0.045928,-0.019971,0.955559,0.820991,1.242468,-0.826323,0.302095,0.277183,-0.073156,-0.024681
0.062587,-0.282106,-0.052880,0.175510,-0.147228,0.065400,0.122676,-0.320283,0.007324,0.596892,0.442910,0.037177,0.076683,-0.253141,-0.180375,0.106604,-0.145295,-0.043203,-0.008740,0.048072,-0.015065,0.905828,0.822258,1.233824,-0.828916,0.283299,0.287321,-0.042294,-0.015950
0.071407,-0.294075,-0.054333,0.165509,-0.159992,0.063662,0.099661,-0.326905,0.008465,0.562145,0.452681,0.006976,0.075632,-0.271384,-0.172309,0.112549,-0.145621,-0.074271,-0.005888,0.047306,-0.010615,0.857455,0.823159,1.226000,-0.831373,0.265445,0.296132,-0.012830,-0.008614
0.075909,-0.307301,-0.056027,0.158687,-0.173775,0.062410,0.082091,-0.332977,0.011253,0.537966,0.465832,-0.022480,0.076324,-0.298433,-0.165076,0.119078,-0.146798,-0.108782,-0.003213,0.040719,-0.007078,0.811799,0.823329,1.219819,-0.833559,0.249477,0.302293,0.013842,-0.004066
0.077469,-0.321174,-0.057750,0.150719,-0.189108,0.061406,0.070903,-0.336429,0.015691,0.522807,0.481007,-0.051246,0.077614,-0.328755,-0.158278,0.123910,-0.148772,-0.126086,-0.001050,0.030414,-0.004752,0.769462,0.822592,1.212665,-0.834900,0.237164,0.304433,0.035552,-0.003426
0.077559,-0.335371,-0.059489,0.142177,-0.205217,0.060526,0.062907,-0.338571,0.020955,0.512157,0.497195,-0.079667,0.079203,-0.360715,-0.151698,0.127892,-0.151146,-0.134785,0.000857,0.018251,-0.003031,0.728784,0.821402,1.205026,-0.835817,0.226678,0.304564,0.054781,-0.004741
0.076136,-0.347808,-0.060672,0.130160,-0.222228,0.059169,0.062411,-0.335576,0.028618,0.509368,0.510952,-0.104283,0.080915,-0.387568,-0.143139,0.131390,-0.154379,-0.129168,0.001640,0.000114,0.000084,0.693513,0.820721,1.198817,-0.837150,0.216728,0.301853,0.066096,-0.007666
0.074034,-0.359651,-0.061477,0.117971,-0.238310,0.057663,0.063808,-0.331253,0.036739,0.509213,0.523105,-0.126958,0.082449,-0.413292,-0.133532,0.134804,-0.157709,-0.121267,0.001970,-0.017667,0.005031,0.660163,0.820484,1.192078,-0.839528,0.207542,0.298454,0.075977,-0.009658
0.070573,-0.370304,-0.061526,0.105439,-0.252531,0.055858,0.068994,-0.324272,0.045780,0.514324,0.532047,-0.145751,0.083623,-0.436757,-0.121827,0.138049,-0.161232,-0.108795,0.001394,-0.034738,0.013643,0.630653,0.821134,1.184282,-0.843993,0.199882,0.293682,0.082992,-0.009784
0.066250,-0.378695,-0.060701,0.093613,-0.263193,0.053850,0.075944,-0.316013,0.054691,0.519145,0.534311,-0.159544,0.084831,-0.456895,-0.106872,0.142975,-0.163597,-0.095201,0.000004,-0.052517,0.024363,0.606053,0.821789,1.182142,-0.849440,0.199179,0.290929,0.084499,-0.009224
0.061497,-0.385956,-0.059439,0.082139,-0.272075,0.051739,0.083778,-0.307114,0.063538,0.523820,0.533236,-0.170838,0.086054,-0.475368,-0.090292,0.148740,-0.165384,-0.081045,-0.001793,-0.070650,0.036137,0.583908,0.822445,1.182830,-0.855376,0.201953,0.289185,0.083252,-0.008320
0.061294,-0.387028,-0.057357,0.071406,-0.275958,0.049209,0.091125,-0.298821,0.070646,0.522730,0.520623,-0.172897,0.087833,-0.485019,-0.069641,0.152705,-0.164406,-0.068869,-0.008421,-0.086679,0.045433,0.566344,0.823139,1.185819,-0.856965,0.208837,0.289388,0.085313,-0.005600
0.062457,-0.386057,-0.055115,0.060933,-0.278552,0.046558,0.098798,-0.291781,0.076750,0.518511,0.504450,-0.171751,0.090120,-0.491250,-0.048602,0.155217,-0.162239,-0.057453,-0.018235,-0.100960,0.053048,0.551292,0.824046,1.186676,-0.856736,0.215121,0.289707,0.086956,-0.003333
0.066356,-0.380998,-0.052555,0.050978,-0.278569,0.043664,0.107122,-0.287247,0.080850,0.508033,0.481159,-0.164195,0.093422,-0.490642,-0.026786,0.154825,-0.157696,-0.047556,-0.034419,-0.111746,0.057300,0.541265,0.825380,1.183272,-0.852871,0.220205,0.290257,0.087762,-0.001972
0.069968,-0.374915,-0.050088,0.042447,-0.275709,0.040986,0.115555,-0.282594,0.083253,0.493897,0.456223,-0.152026,0.097649,-0.485290,-0.011685,0.154110,-0.151461,-0.038554,-0.039966,-0.120843,0.060364,0.538662,0.828048,1.181722,-0.848393,0.226141,0.291144,0.086530,-0.000363
0.073438,-0.368319,-0.047669,0.034627,-0.271411,0.038416,0.124043,-0.277883,0.084809,0.477931,0.430464,-0.137549,0.102337,-0.477566,0.000058,0.153235,-0.144380,-0.030000,-0.040194,-0.129097,0.062835,0.539771,0.831385,1.181099,-0.843608,0.232505,0.292198,0.084279,0.001371
0.075087,-0.366124,-0.046064,0.029867,-0.262412,0.036479,0.131868,-0.267886,0.084328,0.459075,0.411284,-0.118180,0.107724,-0.465742,-0.000952,0.150158,-0.136221,-0.023081,-0.031061,-0.131832,0.064783,0.552993,0.837049,1.179373,-0.839133,0.244041,0.294451,0.080638,0.004106
0.076109,-0.363714,-0.044786,0.025958,-0.252202,0.034831,0.139263,-0.256116,0.083360,0.440934,0.396947,-0.097846,0.113495,-0.453468,-0.003614,0.146407,-0.128384,-0.016700,-0.019537,-0.133638,0.066777,0.570410,0.842924,1.176315,-0.835150,0.255912,0.297112,0.074372,0.006620
0.075876,-0.360878,-0.044160,0.023748,-0.239571,0.033761,0.145799,-0.240801,0.081419,0.424219,0.392296,-0.075583,0.120036,-0.440294,-0.009578,0.141308,-0.121191,-0.011391,-0.003229,-0.133583,0.068863,0.596220,0.849220,1.170596,-0.832154,0.268451,0.300590,0.062860,0.008688
0.074076,-0.358329,-0.043893,0.023074,-0.226719,0.033068,0.150936,-0.227266,0.078712,0.408440,0.393678,-0.053471,0.127403,-0.427018,-0.016019,0.136678,-0.114088,-0.006880,0.010769,-0.133177,0.070314,0.630612,0.854498,1.165097,-0.829366,0.281571,0.303465,0.051811,0.011228
0.071491,-0.355924,-0.043805,0.023166,-0.213757,0.032563,0.155372,-0.214621,0.075621,0.393128,0.398077,-0.031434,0.135184,-0.413690,-0.022698,0.132282,-0.107028,-0.002768,0.023612,-0.132594,0.071447,0.669296,0.859267,1.159710,-0.826682,0.294981,0.306038,0.040995,0.014003
0.065378,-0.357114,-0.044337,0.023986,-0.203279,0.032414,0.158035,-0.206862,0.071954,0.380662,0.413021,-0.012409,0.143265,-0.402906,-0.031651,0.129247,-0.101339,0.000748,0.030468,-0.133217,0.070487,0.722780,0.861962,1.154007,-0.824280,0.303023,0.307561,0.022402,0.015092
0.058208,-0.358937,-0.045032,0.024593,-0.194048,0.032242,0.160440,-0.201352,0.068227,0.369451,0.430667,0.004982,0.151081,-0.393040,-0.041615,0.127324,-0.096354,0.004167,0.035367,-0.135645,0.068480,0.780411,0.863809,1.150964,-0.821762,0.310760,0.308690,0.000032,0.014922
0.048924,-0.362026,-0.046053,0.024772,-0.187312,0.032028,0.162330,-0.200341,0.064379,0.360747,0.453721,0.019102,0.158368,-0.385008,-0.053598,0.127626,-0.092773,0.007391,0.036355,-0.141682,0.064377,0.846336,0.863963,1.153241,-0.819010,0.317884,0.309031,-0.029891,0.012233
0.036868,-0.366262,-0.047208,0.023824,-0.183425,0.031457,0.163926,-0.202188,0.060955,0.356528,0.479693,0.030527,0.164449,-0.379503,-0.066969,0.129826,-0.090826,0.010665,0.037591,-0.155651,0.059680,0.916477,0.862972,1.166691,-0.816848,0.326367,0.309753,-0.065963,0.009985
0.023427,-0.371072,-0.048430,0.022313,-0.180961,0.030708,0.165376,-0.205463,0.057743,0.354552,0.507124,0.040605,0.169928,-0.375262,-0.081032,0.132974,-0.089696,0.013963,0.038952,-0.173586,0.054686,0.988727,0.861410,1.185728,-0.814980,0.335529,0.310665,-0.105109,0.007957
0.007180,-0.376281,-0.049926,0.018807,-0.182477,0.028628,0.166965,-0.208782,0.055837,0.362059,0.539308,0.052600,0.174036,-0.375837,-0.099496,0.133029,-0.091981,0.017040,0.036762,-0.190653,0.051468,1.050909,0.859149,1.205601,-0.815635,0.338376,0.311872,-0.138872,0.007682
-0.009626,-0.381006,-0.051412,0.015104,-0.184597,0.026033,0.168772,-0.211697,0.054561,0.373112,0.572019,0.066938,0.177882,-0.378222,-0.119332,0.132311,-0.095417,0.019932,0.032708,-0.205562,0.048169,1.107028,0.857364,1.224033,-0.816590,0.340753,0.311107,-0.166470,0.006159
-0.027547,-0.384764,-0.052877,0.011009,-0.187923,0.022411,0.171012,-0.213807,0.054541,0.391255,0.605784,0.085962,0.181206,-0.384228,-0.141915,0.130048,-0.101157,0.022454,0.024924,-0.216157,0.044705,1.151020,0.856530,1.239587,-0.818145,0.342192,0.306399,-0.181737,0.002144
-0.044291,-0.386312,-0.053989,0.007020,-0.192138,0.018103,0.173735,-0.216155,0.055779,0.412332,0.636999,0.107513,0.184091,-0.392015,-0.165527,0.128622,-0.106828,0.024601,0.020037,-0.222067,0.043731,1.186163,0.855932,1.251247,-0.820583,0.344497,0.301207,-0.191874,0.000993
-0.060445,-0.386755,-0.054924,0.003084,-0.196798,0.013453,0.176698,-0.218623,0.057645,0.434875,0.666938,0.130326,0.186756,-0.400692,-0.189655,0.127614,-0.112465,0.026560,0.016597,-0.225636,0.044001,1.216882,0.855452,1.260960,-0.823462,0.347235,0.295772,-0.199447,0.001276
-0.072996,-0.384276,-0.054610,-0.000953,-0.203802,0.008400,0.180288,-0.224493,0.061381,0.455699,0.690964,0.155894,0.186694,-0.409069,-0.210113,0.126780,-0.118425,0.028419,0.012951,-0.214653,0.044072,1.229142,0.856488,1.257189,-0.828785,0.350639,0.291043,-0.192779,0.005468
-0.084629,-0.381480,-0.053955,-0.004917,-0.211075,0.003363,0.184071,-0.230374,0.065603,0.475950,0.713848,0.180853,0.186389,-0.417333,-0.230383,0.125095,-0.124725,0.030170,0.009893,-0.199245,0.044712,1.235972,0.856475,1.249327,-0.833191,0.353966,0.287373,-0.182430,0.009427
-0.094423,-0.378050,-0.052622,-0.008738,-0.218889,-0.001643,0.188243,-0.236278,0.070799,0.495058,0.734448,0.204593,0.185599,-0.425375,-0.250276,0.121710,-0.131704,0.031701,0.008010,-0.174986,0.046486,1.231941,0.854366,1.233284,-0.835767,0.357142,0.285821,-0.164722,0.012917
-0.102613,-0.374449,-0.050733,-0.011630,-0.228655,-0.006563,0.193056,-0.244957,0.076670,0.513282,0.753568,0.227425,0.185446,-0.433315,-0.268116,0.118316,-0.139258,0.032793,0.005915,-0.150380,0.048246,1.224150,0.850522,1.216834,-0.837447,0.359401,0.283394,-0.152340,0.014369
-0.110001,-0.370761,-0.048567,-0.014059,-0.239397,-0.011440,0.198191,-0.255023,0.082878,0.531064,0.771949,0.249804,0.185612,-0.441204,-0.284929,0.114918,-0.147099,0.033665,0.003712,-0.125600,0.049998,1.214479,0.845811,1.200182,-0.838680,0.361203,0.280530,-0.142621,0.014800
-0.115831,-0.367718,-0.046161,-0.014928,-0.250754,-0.016227,0.203703,-0.265524,0.089653,0.546659,0.787859,0.265435,0.185032,-0.448089,-0.298113,0.112020,-0.154484,0.033669,0.002859,-0.108779,0.051906,1.201406,0.839735,1.192249,-0.839386,0.364486,0.277921,-0.130814,0.013335
-0.120597,-0.364757,-0.043875,-0.015869,-0.262034,-0.020920,0.209365,-0.275118,0.096289,0.560387,0.802406,0.279145,0.184308,-0.454030,-0.309420,0.108279,-0.162130,0.033457,0.002498,-0.093111,0.053982,1.188242,0.833579,1.185389,-0.840364,0.367197,0.275862,-0.117460,0.012028
-0.123236,-0.361959,-0.041828,-0.016952,-0.273163,-0.025424,0.215324,-0.282897,0.102650,0.570385,0.814224,0.289013,0.183294,-0.458083,-0.316972,0.102854,-0.170301,0.032812,0.003122,-0.079747,0.056392,1.174897,0.827266,1.180675,-0.841887,0.368764,0.274903,-0.101011,0.011037
-0.121491,-0.360126,-0.040195,-0.018590,-0.284085,-0.029633,0.222029,-0.289360,0.107853,0.572391,0.820646,0.293777,0.182802,-0.458235,-0.320616,0.096622,-0.178441,0.031603,0.003440,-0.072949,0.058188,1.166719,0.820983,1.181575,-0.843812,0.371416,0.276161,-0.092486,0.008748
-0.117553,-0.358777,-0.038769,-0.020506,-0.294904,-0.033696,0.229107,-0.295165,0.112477,0.570401,0.824369,0.295987,0.182570,-0.456436,-0.322305,0.089988,-0.186566,0.030112,0.003605,-0.069432,0.059676,1.161124,0.814717,1.185281,-0.845937,0.374611,0.278526,-0.087923,0.005810
-0.109102,-0.357403,-0.038433,-0.020612,-0.300767,-0.037127,0.236678,-0.297743,0.114902,0.558358,0.817594,0.289035,0.180568,-0.449469,-0.316977,0.084265,-0.191074,0.027246,0.003108,-0.070429,0.059718,1.157998,0.810251,1.193067,-0.847347,0.375482,0.283374,-0.080863,0.000596
-0.100446,-0.356686,-0.038422,-0.020228,-0.305418,-0.040068,0.243797,-0.299102,0.116467,0.543811,0.806956,0.278999,0.178154,-0.440866,-0.309941,0.079096,-0.194078,0.024279,0.003842,-0.072652,0.058767,1.156669,0.806234,1.201728,-0.847342,0.376369,0.287587,-0.077753,-0.004393
-0.091380,-0.357281,-0.039063,-0.018862,-0.307646,-0.042031,0.250013,-0.298020,0.116313,0.524257,0.788594,0.262791,0.174912,-0.428994,-0.299488,0.075036,-0.194077,0.021108,0.007039,-0.077327,0.055828,1.158936,0.803115,1.212139,-0.844507,0.377289,0.290530,-0.082539,-0.008932
-0.082118,-0.357163,-0.040378,-0.016432,-0.306693,-0.042688,0.255493,-0.294209,0.114295,0.502529,0.765603,0.241949,0.171500,-0.415810,-0.286712,0.072243,-0.192424,0.017726,0.013172,-0.081872,0.051167,1.160180,0.801082,1.221990,-0.839566,0.377288,0.292357,-0.089120,-0.011234
-0.072757,-0.356687,-0.042031,-0.013469,-0.304150,-0.042693,0.260604,-0.289032,0.111345,0.479714,0.740298,0.218790,0.168003,-0.401971,-0.272773,0.070084,-0.189946,0.014238,0.020774,-0.086353,0.045643,1.160914,0.799591,1.231559,-0.833571,0.376825,0.293627,-0.096597,-0.012417
-0.064365,-0.357081,-0.044626,-0.008986,-0.298270,-0.040677,0.264503,-0.276748,0.106312,0.457882,0.713285,0.193737,0.164423,-0.388735,-0.255754,0.070481,-0.187008,0.010549,0.023723,-0.084616,0.039194,1.154700,0.799527,1.234592,-0.830539,0.375349,0.292451,-0.098839,-0.009263
-0.056845,-0.357761,-0.047346,-0.004283,-0.292572,-0.038092,0.268014,-0.263075,0.100996,0.437493,0.686501,0.167238,0.160255,-0.376325,-0.238527,0.071080,-0.184102,0.007015,0.026599,-0.082339,0.032689,1.146534,0.799253,1.236508,-0.827613,0.372407,0.291002,-0.100841,-0.005891
-0.051069,-0.359016,-0.050316,0.000860,-0.287237,-0.034367,0.270749,-0.246626,0.095115,0.419989,0.660172,0.137846,0.154910,-0.365567,-0.220884,0.072080,-0.181259,0.003790,0.029330,-0.078980,0.026072,1.134464,0.798562,1.236190,-0.824900,0.366535,0.289005,-0.102364,-0.002083
-0.045034,-0.359464,-0.053020,0.005453,-0.284631,-0.030102,0.273140,-0.229267,0.089165,0.404085,0.635580,0.107016,0.149930,-0.356112,-0.202840,0.073630,-0.179274,0.001189,0.030442,-0.076200,0.021558,1.117757,0.797017,1.235871,-0.822975,0.357850,0.287600,-0.098024,0.000460
-0.038868,-0.359509,-0.055590,0.009770,-0.283388,-0.025565,0.275359,-0.211454,0.083182,0.388979,0.611857,0.075467,0.145132,-0.347309,-0.184595,0.075454,-0.177718,-0.001099,0.030745,-0.073708,0.018095,1.098730,0.795046,1.235551,-0.821443,0.347760,0.286491,-0.090751,0.002371
-0.032416,-0.356773,-0.057122,0.014034,-0.285877,-0.021286,0.277289,-0.193972,0.077971,0.379378,0.590640,0.046351,0.142392,-0.342138,-0.164751,0.080731,-0.176615,-0.002834,0.023335,-0.070810,0.017068,1.075881,0.793600,1.233890,-0.823044,0.334679,0.287019,-0.077432,0.001653
-0.025883,-0.353567,-0.058374,0.018118,-0.289086,-0.017250,0.279453,-0.175050,0.073313,0.371689,0.571036,0.017232,0.139794,-0.338375,-0.146244,0.086991,-0.175127,-0.004994,0.014453,-0.067520,0.017118,1.052527,0.791626,1.232422,-0.825310,0.323164,0.288897,-0.062772,0.000570
-0.019192,-0.349421,-0.059065,0.021844,-0.293735,-0.013699,0.282085,-0.153244,0.069763,0.367823,0.554658,-0.011894,0.137480,-0.337428,-0.130414,0.095216,-0.172869,-0.008008,0.002625,-0.063446,0.019319,1.028161,0.788595,1.231344,-0.828906,0.314780,0.293474,-0.045427,-0.001246
-0.010648,-0.344247,-0.058994,0.024177,-0.300461,-0.011162,0.285923,-0.132944,0.067130,0.364321,0.542230,-0.038234,0.136734,-0.337362,-0.121225,0.100210,-0.171148,-0.011549,-0.013096,-0.059287,0.022036,1.002207,0.786517,1.229048,-0.832704,0.309156,0.297940,-0.023129,-0.002790
-0.001178,-0.338559,-0.058541,0.025813,-0.308226,-0.009132,0.290364,-0.113395,0.064956,0.361001,0.531776,-0.063180,0.136773,-0.337735,-0.115358,0.103587,-0.169697,-0.015354,-0.030764,-0.055085,0.025010,0.975458,0.784914,1.226144,-0.836602,0.304911,0.302351,0.001646,-0.004199
0.010071,-0.332668,-0.057058,0.025931,-0.318494,-0.008711,0.296227,-0.098261,0.063553,0.357045,0.528381,-0.081315,0.132156,-0.338175,-0.111523,0.110356,-0.168912,-0.020100,-0.048165,-0.048107,0.029914,0.944311,0.791858,1.219884,-0.840931,0.298783,0.307015,0.019791,-0.003375
0.021306,-0.327170,-0.055539,0.025983,-0.327542,-0.008669,0.302271,-0.081743,0.062367,0.353511,0.527684,-0.098251,0.127536,-0.338893,-0.108927,0.116631,-0.168481,-0.025271,-0.061439,-0.040886,0.035961,0.913151,0.799448,1.213191,-0.845849,0.293585,0.310719,0.036224,-0.001274
0.032516,-0.322455,-0.053948,0.025903,-0.334150,-0.009388,0.308675,-0.062457,0.061614,0.350819,0.532384,-0.112791,0.122908,-0.340168,-0.108810,0.121920,-0.168761,-0.031290,-0.066456,-0.033180,0.044295,0.881965,0.808333,1.205629,-0.851944,0.290244,0.312499,0.049235,0.003380
0.042642,-0.317730,-0.052187,0.026387,-0.338581,-0.010947,0.315347,-0.048240,0.061189,0.350236,0.539755,-0.124421,0.118492,-0.342833,-0.111645,0.126752,-0.169129,-0.038626,-0.050534,-0.025943,0.051534,0.851486,0.816036,1.197777,-0.856578,0.287111,0.313541,0.059233,0.007580
0.052226,-0.312999,-0.050342,0.027153,-0.341924,-0.012926,0.322153,-0.036557,0.060927,0.350707,0.548463,-0.134598,0.114182,-0.346193,-0.115955,0.131356,-0.169542,-0.046620,-0.024142,-0.018941,0.058226,0.821359,0.823149,1.189778,-0.860480,0.284082,0.314212,0.067724,0.011552
0.059964,-0.309427,-0.048285,0.029305,-0.345215,-0.015796,0.328719,-0.033403,0.060596,0.352782,0.553919,-0.139604,0.111327,-0.349692,-0.138036,0.135929,-0.169733,-0.056350,0.014496,-0.015023,0.062860,0.792977,0.828254,1.183137,-0.861744,0.278575,0.314946,0.071377,0.015039
0.067423,-0.306268,-0.046312,0.031975,-0.347324,-0.018680,0.334750,-0.030899,0.060163,0.354263,0.559824,-0.142817,0.109232,-0.352673,-0.161036,0.139782,-0.169545,-0.066269,0.046842,-0.010981,0.066554,0.764716,0.832543,1.175959,-0.862066,0.274246,0.315687,0.078013,0.017924
0.074325,-0.303936,-0.044508,0.035679,-0.347070,-0.021592,0.339713,-0.029693,0.059523,0.354556,0.566626,-0.142444,0.108658,-0.354618,-0.185874,0.142198,-0.168595,-0.076564,0.066608,-0.006691,0.068370,0.736694,0.835203,1.167707,-0.860505,0.272272,0.316443,0.090613,0.019606
0.080945,-0.302985,-0.043418,0.041326,-0.342234,-0.024049,0.343773,-0.027073,0.058388,0.352021,0.574183,-0.138665,0.109850,-0.354478,-0.207709,0.146138,-0.166049,-0.087058,0.073460,-0.007123,0.068783,0.712920,0.837245,1.164035,-0.857241,0.267768,0.314501,0.102297,0.020618
0.087426,-0.302724,-0.042685,0.047943,-0.335108,-0.026279,0.347382,-0.023746,0.057005,0.348072,0.582118,-0.133183,0.111927,-0.353297,-0.228042,0.150840,-0.162705,-0.097651,0.073857,-0.009916,0.068495,0.691268,0.838979,1.162653,-0.853125,0.261999,0.311209,0.113522,0.021295
0.091608,-0.303349,-0.042851,0.058350,-0.323724,-0.027564,0.350146,-0.022083,0.054833,0.343471,0.588489,-0.122615,0.115204,-0.350582,-0.243346,0.153841,-0.156844,-0.108888,0.071957,-0.010209,0.065859,0.679291,0.841377,1.161447,-0.847813,0.262273,0.310094,0.114907,0.022168
0.094615,-0.303707,-0.043287,0.069752,-0.311903,-0.028458,0.352405,-0.022094,0.052395,0.339174,0.593411,-0.111514,0.118560,-0.347434,-0.257190,0.155711,-0.150511,-0.120028,0.070529,-0.009792,0.062926,0.669435,0.843620,1.160289,-0.842671,0.263305,0.309470,0.116188,0.023365
0.095273,-0.303534,-0.044261,0.083145,-0.299210,-0.028568,0.353654,-0.025452,0.049425,0.335485,0.595436,-0.099347,0.122074,-0.343422,-0.268113,0.155322,-0.143238,-0.130970,0.070042,-0.007955,0.059397,0.663824,0.845555,1.159227,-0.837868,0.265855,0.309832,0.117264,0.025211
0.093963,-0.302801,-0.045638,0.098021,-0.286028,-0.027773,0.353740,-0.031922,0.046006,0.332210,0.594814,-0.086229,0.126345,-0.338010,-0.277139,0.152982,-0.136129,-0.142423,0.069486,-0.005843,0.056277,0.664552,0.847140,1.157679,-0.834230,0.270070,0.309352,0.115936,0.027858
0.091669,-0.301789,-0.047215,0.113638,-0.272602,-0.026524,0.353243,-0.039948,0.042362,0.329143,0.592868,-0.072634,0.130994,-0.331899,-0.285216,0.149668,-0.129104,-0.154131,0.068896,-0.003595,0.053362,0.668450,0.848551,1.155888,-0.831175,0.275117,0.308453,0.113407,0.030907
0.086621,-0.298927,-0.049064,0.131076,-0.258157,-0.023855,0.349880,-0.052003,0.038477,0.326624,0.585319,-0.059441,0.136254,-0.323827,-0.289502,0.146438,-0.122281,-0.164903,0.067827,-0.004604,0.049316,0.681898,0.849041,1.158757,-0.828454,0.283236,0.307078,0.109240,0.033051
0.080086,-0.296054,-0.050972,0.148913,-0.243619,-0.020799,0.345798,-0.064645,0.034767,0.325813,0.577100,-0.046584,0.141262,-0.315633,-0.293180,0.142879,-0.115708,-0.174574,0.066322,-0.006111,0.045025,0.698377,0.849403,1.162640,-0.825922,0.292172,0.305926,0.104349,0.034777
0.070581,-0.293160,-0.052998,0.167547,-0.228894,-0.016973,0.340279,-0.078462,0.031406,0.328418,0.567538,-0.034398,0.145763,-0.307193,-0.295640,0.138661,-0.109636,-0.182046,0.063944,-0.008617,0.040241,0.720919,0.849506,1.168554,-0.823769,0.302739,0.305219,0.098010,0.035663
0.057179,-0.290716,-0.055133,0.186592,-0.214244,-0.012639,0.333963,-0.092222,0.028777,0.337480,0.557772,-0.022630,0.149119,-0.299062,-0.297660,0.132280,-0.104678,-0.185342,0.059808,-0.009037,0.036156,0.748285,0.849663,1.171614,-0.822640,0.313727,0.304800,0.087548,0.035687
0.041829,-0.288497,-0.057322,0.205844,-0.199630,-0.008052,0.327249,-0.105954,0.026513,0.349772,0.547904,-0.011070,0.151902,-0.291086,-0.299459,0.124817,-0.100278,-0.186550,0.054793,-0.008415,0.032420,0.778063,0.849846,1.173248,-0.822024,0.324924,0.304523,0.075025,0.035278
0.022825,-0.286371,-0.059339,0.223345,-0.186606,-0.003293,0.320088,-0.118054,0.025848,0.371049,0.539259,-0.000260,0.153484,-0.282082,-0.301330,0.117138,-0.099562,-0.177636,0.048580,-0.009735,0.032505,0.814276,0.849911,1.177092,-0.825344,0.337926,0.301920,0.059027,0.034665
0.002426,-0.284615,-0.061063,0.241050,-0.173924,0.001417,0.313638,-0.129552,0.025949,0.397192,0.532115,0.009809,0.155631,-0.273708,-0.303543,0.108366,-0.099715,-0.164025,0.042359,-0.010808,0.033195,0.852692,0.848959,1.180006,-0.829462,0.350387,0.299930,0.041867,0.033826
-0.020766,-0.283598,-0.062200,0.259164,-0.161925,0.006030,0.308612,-0.139846,0.027584,0.433067,0.527974,0.018396,0.158910,-0.266594,-0.306436,0.097408,-0.101610,-0.141021,0.036124,-0.011389,0.035092,0.895512,0.845970,1.181061,-0.835174,0.361765,0.299163,0.022385,0.032535
-0.045968,-0.285059,-0.062429,0.277201,-0.150499,0.010780,0.307106,-0.147416,0.030715,0.475518,0.530591,0.028158,0.158699,-0.261520,-0.312131,0.090067,-0.104875,-0.109073,0.030040,-0.011646,0.037357,0.934554,0.845775,1.182351,-0.840502,0.369476,0.298870,0.000701,0.030537
-0.072176,-0.287758,-0.062204,0.295199,-0.139361,0.015599,0.307362,-0.153624,0.034595,0.521256,0.536589,0.038507,0.156743,-0.257466,-0.319225,0.084534,-0.108827,-0.072653,0.024032,-0.011741,0.039804,0.971705,0.846977,1.183759,-0.845637,0.375353,0.298812,-0.022083,0.028186
-0.098839,-0.294126,-0.060315,0.311246,-0.129990,0.020688,0.309130,-0.155282,0.040288,0.573241,0.553632,0.051559,0.155592,-0.256188,-0.331132,0.077737,-0.116760,-0.023688,0.018456,-0.011113,0.041176,1.003827,0.849346,1.185356,-0.848819,0.381093,0.292859,-0.040043,0.024862
-0.124962,-0.301377,-0.057977,0.327058,-0.120890,0.025767,0.312182,-0.155743,0.046477,0.625830,0.573114,0.064604,0.152518,-0.256949,-0.344030,0.070267,-0.124828,0.025720,0.012988,-0.010144,0.042785,1.033966,0.851932,1.186538,-0.851937,0.386451,0.287217,-0.054826,0.023120
-0.150004,-0.310397,-0.054741,0.342401,-0.112329,0.030825,0.317799,-0.153812,0.053655,0.679629,0.597476,0.077637,0.145602,-0.261788,-0.358912,0.061448,-0.133165,0.076012,0.007736,-0.008492,0.044865,1.060139,0.854950,1.186890,-0.854929,0.391047,0.282198,-0.063258,0.024542
-0.174036,-0.319227,-0.050741,0.354896,-0.103649,0.035751,0.322521,-0.150190,0.061531,0.732662,0.623555,0.091127,0.137420,-0.271885,-0.374353,0.054482,-0.142794,0.114253,0.002690,-0.006460,0.046933,1.081290,0.857645,1.186291,-0.859394,0.391590,0.281689,-0.067658,0.024139
-0.197561,-0.327964,-0.046358,0.365967,-0.094908,0.040612,0.326794,-0.145722,0.069755,0.785313,0.650493,0.104846,0.128606,-0.284612,-0.390075,0.048441,-0.153069,0.146468,-0.002254,-0.004239,0.048993,1.099928,0.860178,1.185218,-0.864596,0.390106,0.283436,-0.070043,0.022823
-0.221259,-0.334251,-0.041427,0.367942,-0.087182,0.045077,0.326506,-0.141199,0.078321,0.832202,0.673407,0.117023,0.119918,-0.301579,-0.404330,0.046264,-0.163411,0.151288,-0.006768,-0.003990,0.045968,1.113264,0.860649,1.184238,-0.867912,0.378987,0.284046,-0.085135,0.014367
-0.245264,-0.339430,-0.036513,0.367118,-0.080041,0.049435,0.325069,-0.136861,0.086599,0.875862,0.693676,0.127715,0.111211,-0.316890,-0.417332,0.044512,-0.173442,0.153337,-0.011025,-0.002997,0.041462,1.123556,0.860528,1.182872,-0.870000,0.366838,0.284956,-0.099117,0.004926
-0.269887,-0.342390,-0.031634,0.360697,-0.074071,0.053580,0.321334,-0.132893,0.094300,0.913066,0.708655,0.135435,0.102467,-0.328887,-0.427828,0.043614,-0.182852,0.149844,-0.014764,-0.000517,0.033993,1.127762,0.859222,1.180735,-0.869633,0.352629,0.286469,-0.110881,-0.006486
-0.294738,-0.340624,-0.027279,0.351458,-0.068245,0.057514,0.316531,-0.131206,0.100670,0.941137,0.713749,0.139923,0.094993,-0.335311,-0.434092,0.044287,-0.190096,0.143662,-0.018055,0.002668,0.024653,1.128994,0.858175,1.179743,-0.868503,0.344241,0.288553,-0.117716,-0.016402
-0.319705,-0.336495,-0.023185,0.340811,-0.062491,0.061344,0.311193,-0.130658,0.106374,0.964643,0.713900,0.142794,0.088155,-0.338949,-0.438242,0.045746,-0.196258,0.136134,-0.021122,0.006204,0.014378,1.128740,0.857256,1.179324,-0.866993,0.338765,0.290924,-0.122087,-0.025569
-0.342064,-0.325184,-0.020412,0.328384,-0.057051,0.064799,0.306012,-0.134106,0.109476,0.971688,0.700079,0.140381,0.084428,-0.336766,-0.436152,0.050555,-0.197841,0.124631,-0.023194,0.000124,0.002858,1.128581,0.855934,1.189401,-0.866195,0.341145,0.293619,-0.125826,-0.038064
-0.363251,-0.312695,-0.018107,0.315933,-0.052113,0.068005,0.302377,-0.138339,0.111715,0.972925,0.683065,0.136686,0.081106,-0.332093,-0.432300,0.055253,-0.198265,0.112399,-0.025024,-0.003749,-0.008621,1.126057,0.854835,1.196838,-0.864899,0.342450,0.296659,-0.127834,-0.050119
-0.382096,-0.297852,-0.016738,0.303430,-0.048178,0.070712,0.301833,-0.144139,0.112226,0.962545,0.659663,0.130424,0.078595,-0.322438,-0.424922,0.059728,-0.196369,0.098712,-0.026373,-0.003211,-0.020020,1.118804,0.854185,1.198995,-0.862605,0.341606,0.300387,-0.126378,-0.061294
-0.398358,-0.282215,-0.015856,0.289434,-0.045998,0.072915,0.303482,-0.150432,0.111171,0.940973,0.632609,0.121224,0.077095,-0.308986,-0.415061,0.065391,-0.194414,0.085091,-0.026625,-0.002706,-0.027345,1.110202,0.854284,1.200813,-0.861163,0.340491,0.302123,-0.128401,-0.067125
-0.413330,-0.266182,-0.015217,0.274691,-0.044696,0.074864,0.306226,-0.156970,0.109333,0.913804,0.603729,0.110554,0.076101,-0.293635,-0.403958,0.071647,-0.192430,0.071503,-0.026329,-0.002219,-0.032635,1.100926,0.854757,1.202461,-0.860147,0.339242,0.302862,-0.132163,-0.070284
-0.423412,-0.250128,-0.014725,0.258535,-0.044570,0.075849,0.307703,-0.163435,0.105788,0.874854,0.576038,0.098384,0.076456,-0.277209,-0.393411,0.079733,-0.190944,0.056521,-0.024495,-0.003946,-0.029675,1.088660,0.855599,1.207781,-0.862344,0.339986,0.297689,-0.131850,-0.066043
-0.432849,-0.235406,-0.014073,0.241431,-0.044709,0.076457,0.306360,-0.169521,0.102075,0.833647,0.551167,0.085815,0.076660,-0.260005,-0.384221,0.086687,-0.189320,0.041460,-0.022593,-0.004111,-0.025531,1.074542,0.855954,1.211826,-0.864137,0.340671,0.292912,-0.128362,-0.061545
-0.440997,-0.223345,-0.013100,0.222432,-0.045379,0.076314,0.299377,-0.174849,0.098029,0.787924,0.531938,0.072448,0.076564,-0.241244,-0.377743,0.091378,-0.187421,0.026239,-0.020557,-0.001151,-0.019020,1.056718,0.855333,1.213321,-0.865123,0.341240,0.288927,-0.118521,-0.056536
-0.448221,-0.213267,-0.012176,0.203507,-0.045732,0.075625,0.286402,-0.179765,0.094173,0.741456,0.518805,0.060164,0.077217,-0.221514,-0.374447,0.098622,-0.186365,0.011844,-0.019198,0.004578,-0.011313,1.036067,0.854845,1.212278,-0.865612,0.339447,0.286397,-0.108059,-0.050505
-0.454982,-0.204179,-0.011276,0.184618,-0.045926,0.074664,0.270432,-0.184474,0.090413,0.694616,0.508721,0.048421,0.078244,-0.201301,-0.372742,0.107143,-0.185730,-0.002139,-0.018179,0.011691,-0.003007,1.014003,0.854424,1.209964,-0.865851,0.336475,0.284595,-0.097285,-0.043964
-0.461293,-0.197022,-0.011043,0.169079,-0.044727,0.073401,0.247708,-0.189454,0.087909,0.652416,0.507252,0.035612,0.078027,-0.180804,-0.375668,0.113589,-0.183402,-0.016322,-0.019606,0.016990,0.008021,0.989536,0.854455,1.208834,-0.867475,0.337034,0.283140,-0.083091,-0.040979
-0.466839,-0.190116,-0.011159,0.155131,-0.043716,0.072107,0.225547,-0.195116,0.085921,0.612129,0.508625,0.022184,0.077338,-0.160786,-0.380186,0.119333,-0.180450,-0.029482,-0.021670,0.020459,0.019215,0.965103,0.854465,1.208485,-0.869120,0.336250,0.283961,-0.067689,-0.037745
-0.470858,-0.183711,-0.011974,0.144366,-0.043081,0.070753,0.204512,-0.202141,0.084966,0.575671,0.515680,0.007518,0.075705,-0.141726,-0.387888,0.123672,-0.176249,-0.040596,-0.025007,0.020266,0.030743,0.940742,0.854433,1.209698,-0.870807,0.332780,0.289333,-0.049867,-0.034013
-0.473314,-0.176246,-0.013565,0.135954,-0.043383,0.069419,0.188281,-0.210333,0.085188,0.545142,0.526612,-0.007056,0.075424,-0.126610,-0.397976,0.128215,-0.172412,-0.045088,-0.028861,0.015700,0.039362,0.917590,0.855727,1.213332,-0.871673,0.328718,0.294836,-0.031811,-0.031531
-0.474990,-0.168252,-0.015544,0.128717,-0.044155,0.068095,0.174453,-0.219109,0.086000,0.517579,0.539482,-0.021584,0.075819,-0.113466,-0.409256,0.132861,-0.168757,-0.046270,-0.032975,0.008947,0.046528,0.895043,0.857684,1.218175,-0.872128,0.324360,0.300405,-0.013637,-0.029673
-0.476834,-0.159085,-0.018716,0.124828,-0.046673,0.066869,0.171439,-0.230494,0.088777,0.502894,0.557441,-0.035601,0.077369,-0.101404,-0.423385,0.135815,-0.165022,-0.040524,-0.036660,-0.000414,0.047985,0.872675,0.859561,1.220641,-0.869638,0.315246,0.304871,-0.000789,-0.030650
-0.479252,-0.149670,-0.022040,0.121775,-0.049349,0.065581,0.170321,-0.242196,0.091944,0.492506,0.575771,-0.048989,0.078991,-0.088623,-0.437865,0.138891,-0.160914,-0.034888,-0.039949,-0.010753,0.048697,0.849879,0.861260,1.222832,-0.866441,0.304390,0.308193,0.009886,-0.031203
-0.482815,-0.139756,-0.025671,0.120397,-0.052338,0.064171,0.172994,-0.254533,0.095893,0.490711,0.594846,-0.061116,0.080754,-0.074406,-0.453046,0.142210,-0.156059,-0.029471,-0.042447,-0.023045,0.047922,0.826226,0.862603,1.224471,-0.861831,0.290051,0.309227,0.016216,-0.030908
-0.487246,-0.128347,-0.028941,0.118811,-0.054872,0.062543,0.172842,-0.266412,0.099509,0.493405,0.609408,-0.070631,0.082470,-0.063802,-0.466679,0.144120,-0.151027,-0.025697,-0.043702,-0.032748,0.047475,0.801300,0.863700,1.223776,-0.857956,0.279871,0.310079,0.021141,-0.031957
-0.492111,-0.116190,-0.032032,0.117123,-0.057177,0.060807,0.171277,-0.278062,0.102959,0.498343,0.621713,-0.078840,0.084162,-0.055004,-0.479539,0.145326,-0.145906,-0.022744,-0.044336,-0.041155,0.047192,0.775737,0.864676,1.221912,-0.854449,0.271770,0.310840,0.025364,-0.033678
-0.493939,-0.097816,-0.034579,0.116363,-0.057301,0.059290,0.168419,-0.289151,0.105166,0.503435,0.621099,-0.080518,0.086684,-0.051599,-0.486725,0.144169,-0.140895,-0.021403,-0.042772,-0.046235,0.049523,0.749188,0.866203,1.217936,-0.853629,0.268121,0.313115,0.027861,-0.036661
-0.494673,-0.078946,-0.036801,0.115760,-0.057048,0.057918,0.165829,-0.299627,0.106800,0.506505,0.617219,-0.079583,0.089286,-0.048744,-0.491244,0.142311,-0.136123,-0.020655,-0.040676,-0.050250,0.052508,0.722691,0.867611,1.214101,-0.853001,0.266039,0.314912,0.032614,-0.038842
-0.493219,-0.059083,-0.038372,0.115468,-0.056040,0.056834,0.163772,-0.308877,0.107284,0.505531,0.606807,-0.073424,0.092048,-0.046989,-0.490429,0.139051,-0.131826,-0.021095,-0.037518,-0.052136,0.056800,0.696300,0.868779,1.210550,-0.852754,0.267090,0.315755,0.041882,-0.039416
-0.490706,-0.041417,-0.038872,0.115153,-0.055168,0.055838,0.162603,-0.316115,0.106351,0.498526,0.593085,-0.062182,0.094713,-0.044316,-0.484972,0.133864,-0.128426,-0.021654,-0.033306,-0.051885,0.061093,0.672525,0.869398,1.205444,-0.851798,0.268587,0.315404,0.051514,-0.037371
-0.487664,-0.024850,-0.038837,0.114825,-0.054365,0.054886,0.161878,-0.322345,0.104708,0.488505,0.577709,-0.048398,0.097331,-0.041185,-0.477194,0.127714,-0.125474,-0.022273,-0.028567,-0.050565,0.065387,0.650058,0.869742,1.199562,-0.850487,0.270307,0.314457,0.061328,-0.034016
-0.483717,-0.012585,-0.037235,0.112722,-0.054999,0.053839,0.161041,-0.324927,0.101388,0.471806,0.562017,-0.029828,0.099731,-0.040203,-0.464942,0.120726,-0.124742,-0.021533,-0.022324,-0.047578,0.068927,0.634511,0.869069,1.195145,-0.849070,0.272786,0.314018,0.075242,-0.030579
-0.479953,-0.001564,-0.035309,0.110349,-0.055600,0.052734,0.159276,-0.326204,0.097856,0.454308,0.546800,-0.010921,0.102039,-0.040674,-0.451881,0.113777,-0.124614,-0.022574,-0.015871,-0.043467,0.072827,0.623214,0.868218,1.189933,-0.847997,0.275601,0.313282,0.086611,-0.027136
-0.476558,0.006966,-0.032736,0.107436,-0.056136,0.051512,0.155657,-0.324867,0.093901,0.435212,0.532533,0.008659,0.104164,-0.044050,-0.437200,0.106906,-0.125693,-0.027176,-0.009000,-0.037108,0.077446,0.620418,0.867013,1.183131,-0.847612,0.279088,0.311951,0.092890,-0.023681
-0.473577,0.014668,-0.029877,0.105377,-0.055635,0.050354,0.150676,-0.321681,0.089664,0.417222,0.518509,0.027884,0.106204,-0.049917,-0.422235,0.101855,-0.127109,-0.034652,-0.002159,-0.030703,0.082258,0.626309,0.865915,1.176827,-0.847207,0.284065,0.309952,0.093216,-0.021136
-0.470803,0.021956,-0.026875,0.103745,-0.054616,0.049227,0.145016,-0.317569,0.085287,0.399785,0.504606,0.046930,0.108202,-0.057031,-0.407127,0.097715,-0.128692,-0.043564,0.004665,-0.024274,0.087165,0.636544,0.864871,1.170772,-0.846794,0.289786,0.307618,0.090565,-0.019046
-0.468813,0.028657,-0.023805,0.103105,-0.052477,0.048452,0.138279,-0.312049,0.080402,0.384712,0.493742,0.065426,0.108926,-0.065508,-0.394518,0.097641,-0.130952,-0.056514,0.011734,-0.021589,0.091808,0.657809,0.864929,1.167935,-0.847076,0.295149,0.307328,0.080175,-0.018519
-0.466796,0.034995,-0.020725,0.102268,-0.050632,0.047776,0.131421,-0.306394,0.075387,0.371196,0.482485,0.083452,0.108921,-0.074297,-0.383809,0.098316,-0.133547,-0.065538,0.018859,-0.019561,0.096285,0.682242,0.865721,1.165822,-0.847667,0.300471,0.308309,0.068178,-0.018019
-0.464728,0.040609,-0.017625,0.101034,-0.049373,0.047294,0.124325,-0.300467,0.070115,0.360795,0.470444,0.100541,0.107456,-0.083709,-0.376899,0.100486,-0.136815,-0.066708,0.026093,-0.018846,0.100430,0.713011,0.867982,1.165155,-0.848875,0.305710,0.311836,0.052963,-0.017570
-0.461666,0.046651,-0.014849,0.101202,-0.048033,0.046979,0.120912,-0.294222,0.065021,0.356531,0.458933,0.116643,0.104721,-0.093383,-0.374058,0.103338,-0.140469,-0.070538,0.033122,-0.019218,0.103099,0.749197,0.870513,1.165227,-0.848890,0.307456,0.315058,0.034239,-0.016180
-0.458108,0.052907,-0.012235,0.102070,-0.046652,0.046747,0.119342,-0.287816,0.060017,0.355335,0.447687,0.132253,0.101350,-0.103188,-0.373251,0.106529,-0.144316,-0.075697,0.040047,-0.020133,0.105029,0.788093,0.873181,1.165669,-0.848307,0.307456,0.318128,0.013759,-0.014319
-0.460653,0.056625,-0.010298,0.106968,-0.045180,0.046958,0.123403,-0.279145,0.055885,0.364772,0.440120,0.146888,0.097621,-0.110092,-0.375836,0.110189,-0.149490,-0.075873,0.046175,-0.020029,0.101940,0.831704,0.875150,1.167502,-0.848810,0.308329,0.316377,-0.011966,-0.013928
-0.463827,0.059937,-0.008502,0.111626,-0.044515,0.047209,0.128816,-0.269835,0.052115,0.375249,0.433307,0.159491,0.092336,-0.110958,-0.378377,0.110949,-0.154358,-0.069249,0.052555,-0.019167,0.098297,0.876580,0.877399,1.169920,-0.850223,0.312709,0.316057,-0.036796,-0.014429
-0.468260,0.062437,-0.006989,0.115806,-0.045464,0.047537,0.136933,-0.259245,0.049070,0.387806,0.427999,0.168027,0.083941,-0.099751,-0.380830,0.105907,-0.158611,-0.049023,0.059437,-0.016786,0.093548,0.923985,0.880205,1.173510,-0.853455,0.324102,0.318600,-0.059834,-0.016717
-0.472750,0.065193,-0.005568,0.118581,-0.048533,0.047467,0.145465,-0.248275,0.047044,0.405200,0.426258,0.175236,0.076335,-0.081227,-0.383327,0.098748,-0.162897,-0.030376,0.066412,-0.012969,0.086069,0.970887,0.881936,1.177198,-0.855397,0.335989,0.321952,-0.081219,-0.018647
-0.477267,0.068077,-0.004193,0.120653,-0.052663,0.047198,0.154205,-0.237116,0.045527,0.425013,0.426301,0.181781,0.069124,-0.059044,-0.385846,0.090530,-0.167199,-0.012519,0.073433,-0.008434,0.077225,1.017536,0.883129,1.180935,-0.856693,0.348123,0.325707,-0.101776,-0.020400
-0.486886,0.068984,-0.002759,0.123149,-0.058113,0.046279,0.160062,-0.226438,0.045708,0.454508,0.435710,0.184917,0.066464,-0.056397,-0.387220,0.081591,-0.169996,-0.005615,0.079873,-0.006003,0.067357,1.063330,0.879778,1.186333,-0.857664,0.360140,0.329294,-0.127033,-0.024806
-0.495545,0.069715,-0.001304,0.125262,-0.063892,0.045347,0.165639,-0.215756,0.046236,0.484471,0.446318,0.186846,0.065220,-0.059414,-0.386040,0.073118,-0.172278,0.002640,0.087523,-0.006107,0.057074,1.106007,0.874584,1.193668,-0.857919,0.369771,0.330813,-0.152146,-0.031639
-0.502287,0.070092,0.000193,0.126611,-0.070328,0.044391,0.170656,-0.205069,0.047458,0.515372,0.459323,0.186361,0.066808,-0.073759,-0.379751,0.065574,-0.173533,0.013597,0.097595,-0.011280,0.045957,1.142449,0.865705,1.204878,-0.856742,0.374633,0.328197,-0.176973,-0.043325
-0.504220,0.070632,0.001733,0.126938,-0.077285,0.043438,0.176600,-0.193899,0.048626,0.540118,0.472276,0.186721,0.070480,-0.090414,-0.367871,0.058121,-0.174359,0.022496,0.109146,-0.014284,0.035861,1.169240,0.856789,1.212416,-0.853878,0.372624,0.322138,-0.202253,-0.052487
-0.503749,0.071252,0.003294,0.126756,-0.084502,0.042486,0.183009,-0.182488,0.049768,0.561786,0.485204,0.187503,0.075194,-0.108224,-0.353196,0.050712,-0.174971,0.030365,0.121437,-0.016203,0.026274,1.191204,0.847856,1.218118,-0.850171,0.367181,0.314358,-0.227761,-0.060386
-0.493847,0.071602,0.005084,0.126412,-0.091255,0.041546,0.191990,-0.169347,0.050060,0.568338,0.496325,0.192058,0.079467,-0.122701,-0.327083,0.043653,-0.176004,0.032074,0.133029,0.000434,0.023549,1.190799,0.843358,1.207553,-0.850329,0.363537,0.308936,-0.235959,-0.062401
-0.481613,0.071591,0.006957,0.126014,-0.097453,0.040679,0.201184,-0.155773,0.049887,0.570783,0.507332,0.196619,0.083649,-0.135840,-0.297128,0.036782,-0.176999,0.034106,0.143553,0.019635,0.022821,1.186533,0.840105,1.195372,-0.852045,0.361210,0.304788,-0.239103,-0.063304
-0.464715,0.070860,0.008999,0.125509,-0.102543,0.039957,0.210804,-0.141334,0.048788,0.565016,0.518110,0.201192,0.087651,-0.146299,-0.259486,0.030287,-0.177922,0.036784,0.151943,0.043966,0.026090,1.174543,0.839343,1.179963,-0.856876,0.361519,0.303190,-0.232141,-0.061981
-0.446189,0.068366,0.010795,0.123666,-0.106945,0.039366,0.219377,-0.127016,0.046981,0.554692,0.531291,0.202605,0.091633,-0.155004,-0.219285,0.025200,-0.178257,0.039597,0.157760,0.066680,0.027085,1.160166,0.839483,1.167368,-0.859527,0.362964,0.302999,-0.220448,-0.057671
-0.426848,0.064991,0.012470,0.121153,-0.111004,0.038842,0.227425,-0.112759,0.044822,0.542091,0.545673,0.202439,0.095605,-0.162831,-0.177805,0.020817,-0.178298,0.042476,0.162291,0.088587,0.026944,1.144594,0.840074,1.156181,-0.861089,0.364977,0.303513,-0.206389,-0.051868
-0.408260,0.055821,0.013948,0.116310,-0.115535,0.038537,0.233393,-0.098057,0.042395,0.530441,0.572021,0.196004,0.099233,-0.171442,-0.140259,0.017897,-0.178525,0.043886,0.168382,0.106654,0.020980,1.127538,0.841482,1.148334,-0.859284,0.362415,0.306370,-0.184445,-0.047449
-0.390410,0.044657,0.015394,0.111515,-0.120282,0.038140,0.238969,-0.083883,0.040143,0.520881,0.602764,0.187019,0.102739,-0.181008,-0.105336,0.016878,-0.178900,0.044983,0.173930,0.119230,0.014884,1.112441,0.843174,1.145619,-0.857583,0.360703,0.309148,-0.165489,-0.042612
-0.374036,0.029508,0.016779,0.106812,-0.125458,0.037562,0.243761,-0.070763,0.038240,0.515497,0.642296,0.172936,0.106004,-0.192484,-0.075658,0.019661,-0.179571,0.045455,0.178392,0.120821,0.008522,1.101262,0.845434,1.153167,-0.856090,0.360691,0.311769,-0.152509,-0.036941
-0.358676,0.009993,0.017948,0.101867,-0.130950,0.036440,0.248339,-0.057929,0.037183,0.513930,0.692093,0.154519,0.105948,-0.205283,-0.050579,0.025147,-0.180580,0.046357,0.177208,0.115169,0.004826,1.088977,0.849280,1.166818,-0.854963,0.355891,0.316176,-0.139775,-0.030697
-0.343824,-0.011704,0.019010,0.096800,-0.136600,0.035046,0.252810,-0.045238,0.036549,0.514271,0.747021,0.133935,0.104233,-0.218742,-0.027799,0.031985,-0.181759,0.047474,0.173199,0.105894,0.002462,1.076140,0.853918,1.183521,-0.854018,0.348696,0.321475,-0.127162,-0.024167
-0.329365,-0.037449,0.019459,0.091416,-0.144514,0.032312,0.256799,-0.034641,0.037634,0.520105,0.815483,0.110769,0.101925,-0.234211,-0.012800,0.043414,-0.182867,0.049427,0.169233,0.095077,0.002529,1.061721,0.856415,1.202689,-0.853404,0.342310,0.321638,-0.113500,-0.022496
-0.314565,-0.064783,0.019675,0.085803,-0.153062,0.029249,0.260418,-0.025665,0.039099,0.525932,0.885206,0.087424,0.099917,-0.249914,0.004138,0.055448,-0.183506,0.051446,0.161359,0.087330,0.004258,1.045708,0.858085,1.219641,-0.853303,0.336723,0.321655,-0.097870,-0.021818
-0.299085,-0.095295,0.019425,0.079734,-0.162878,0.025526,0.263298,-0.019930,0.041326,0.531743,0.957453,0.063723,0.098508,-0.266086,0.024950,0.068689,-0.183204,0.053598,0.145671,0.085723,0.009308,1.026508,0.858101,1.232161,-0.854225,0.332731,0.321377,-0.078306,-0.023124
-0.284066,-0.125891,0.018645,0.073917,-0.174295,0.021310,0.264909,-0.017687,0.043938,0.537886,1.025201,0.039957,0.097019,-0.281437,0.044732,0.080276,-0.182570,0.055211,0.129362,0.089613,0.014484,1.001838,0.855943,1.238587,-0.854350,0.328937,0.320683,-0.055640,-0.024794
-0.269277,-0.156531,0.017600,0.068225,-0.186513,0.016848,0.265886,-0.017190,0.046744,0.544195,1.090699,0.016160,0.095488,-0.296379,0.063999,0.091035,-0.181769,0.056555,0.112744,0.096251,0.019721,0.974432,0.852698,1.241965,-0.854076,0.325240,0.319779,-0.031424,-0.026645
-0.254390,-0.187149,0.015667,0.061792,-0.202007,0.011757,0.266326,-0.021849,0.049581,0.548829,1.143933,-0.006794,0.097355,-0.309066,0.061891,0.095488,-0.180664,0.056699,0.098200,0.107595,0.024940,0.943814,0.842302,1.237809,-0.853039,0.329960,0.319346,-0.001834,-0.029308
-0.238889,-0.217774,0.013430,0.055118,-0.216481,0.006521,0.266825,-0.027584,0.052219,0.551685,1.191553,-0.028166,0.099284,-0.320642,0.047145,0.100369,-0.179383,0.056544,0.081458,0.117663,0.030283,0.912886,0.831510,1.233775,-0.851671,0.333569,0.318035,0.025310,-0.032210
-0.222156,-0.248415,0.010588,0.047965,-0.228915,0.000994,0.267445,-0.035472,0.054458,0.550984,1.227943,-0.046377,0.101336,-0.329994,0.007123,0.106105,-0.177749,0.055793,0.060318,0.125183,0.035873,0.881339,0.819926,1.229981,-0.849644,0.334957,0.314968,0.047565,-0.035588
-0.204773,-0.278887,0.007273,0.040861,-0.238271,-0.004131,0.267826,-0.043997,0.056026,0.546542,1.249321,-0.061002,0.101468,-0.337136,-0.027517,0.112900,-0.176009,0.054630,0.047422,0.132179,0.041482,0.846351,0.811189,1.223099,-0.847055,0.328168,0.311755,0.063896,-0.038138
-0.187065,-0.309275,0.003723,0.033783,-0.246087,-0.009056,0.268089,-0.052842,0.057258,0.540228,1.263193,-0.073834,0.100639,-0.343173,-0.059465,0.120224,-0.174214,0.053262,0.038648,0.138914,0.047100,0.809643,0.803876,1.214673,-0.844186,0.317289,0.308469,0.077266,-0.040273
-0.170086,-0.337564,-0.000158,0.026254,-0.250884,-0.012844,0.267874,-0.063507,0.057158,0.530217,1.254391,-0.083419,0.101334,-0.346871,-0.091905,0.126127,-0.173203,0.051427,0.026343,0.136528,0.051229,0.778324,0.796487,1.213103,-0.840086,0.308579,0.305371,0.086321,-0.042561
-0.153331,-0.364839,-0.004054,0.018460,-0.256383,-0.016408,0.267365,-0.074898,0.056703,0.520034,1.239218,-0.092517,0.102593,-0.350551,-0.125134,0.131072,-0.173013,0.049454,0.017189,0.132442,0.054900,0.748870,0.789571,1.211961,-0.836161,0.300783,0.302724,0.094964,-0.043805
-0.137026,-0.390088,-0.007980,0.010136,-0.263288,-0.019524,0.266270,-0.087741,0.055538,0.509505,1.211301,-0.100639,0.104981,-0.354196,-0.159938,0.134101,-0.174466,0.047205,0.014337,0.124957,0.057655,0.723147,0.783603,1.211672,-0.832586,0.294813,0.300980,0.102784,-0.042961
-0.120265,-0.411867,-0.011880,0.002379,-0.268647,-0.021846,0.263632,-0.099498,0.054057,0.497456,1.170303,-0.107552,0.107551,-0.357467,-0.185632,0.136375,-0.175852,0.044658,0.015098,0.113999,0.058280,0.701578,0.778866,1.212434,-0.828438,0.289592,0.301141,0.109199,-0.042773
-0.103275,-0.431912,-0.015766,-0.005093,-0.273234,-0.023772,0.260222,-0.110712,0.052417,0.484646,1.122763,-0.113859,0.110211,-0.360550,-0.206770,0.138273,-0.177206,0.041961,0.017665,0.101305,0.057841,0.682088,0.774746,1.213721,-0.824003,0.284745,0.302255,0.114913,-0.042914
-0.086602,-0.448463,-0.019380,-0.010905,-0.269922,-0.024126,0.253707,-0.112472,0.050577,0.469960,1.061273,-0.119573,0.112648,-0.362955,-0.216669,0.140109,-0.178117,0.038917,0.024765,0.083709,0.055919,0.670185,0.772936,1.216378,-0.820130,0.281859,0.304671,0.108908,-0.046638
-0.069925,-0.463516,-0.022812,-0.016101,-0.264135,-0.023913,0.246408,-0.108764,0.048639,0.454910,0.996572,-0.124939,0.114964,-0.365555,-0.224109,0.141502,-0.178948,0.035711,0.034074,0.065831,0.053754,0.659794,0.772085,1.219273,-0.816760,0.280415,0.307766,0.102731,-0.051441
-0.053241,-0.475573,-0.025881,-0.020065,-0.253397,-0.022565,0.237544,-0.094119,0.046503,0.439132,0.925450,-0.129608,0.117039,-0.368547,-0.226631,0.142011,-0.179622,0.032185,0.047801,0.047389,0.051102,0.652427,0.773152,1.222640,-0.814395,0.281855,0.312220,0.096214,-0.058399
-0.036391,-0.483362,-0.028540,-0.023071,-0.241088,-0.020400,0.228011,-0.071567,0.044313,0.422418,0.850721,-0.132102,0.119008,-0.371089,-0.222416,0.140905,-0.180089,0.028602,0.056095,0.029840,0.049210,0.649018,0.776135,1.225643,-0.813821,0.285269,0.317050,0.092707,-0.063844
-0.019460,-0.489017,-0.030994,-0.025599,-0.227992,-0.017827,0.218145,-0.045063,0.042097,0.405236,0.774189,-0.133507,0.120924,-0.373406,-0.214833,0.138993,-0.180453,0.024992,0.061674,0.012738,0.047697,0.647587,0.780078,1.228464,-0.814141,0.289669,0.322068,0.090705,-0.068531
-0.001325,-0.490567,-0.033002,-0.027298,-0.218618,-0.014539,0.208694,-0.017078,0.040249,0.385912,0.703061,-0.131425,0.122522,-0.374804,-0.196601,0.135179,-0.179359,0.021775,0.055973,-0.002636,0.045554,0.652947,0.785663,1.231804,-0.815094,0.294584,0.328261,0.086776,-0.070873
0.016744,-0.490226,-0.034804,-0.029112,-0.211142,-0.011305,0.199135,0.009741,0.038570,0.367472,0.635284,-0.127871,0.124432,-0.376494,-0.181182,0.129903,-0.178408,0.018500,0.050723,-0.016103,0.042930,0.659829,0.791294,1.233654,-0.815879,0.299259,0.334379,0.083889,-0.072927
0.034679,-0.486105,-0.036193,-0.031153,-0.207463,-0.008180,0.189360,0.034232,0.037227,0.350798,0.574210,-0.121375,0.126965,-0.378770,-0.171391,0.121700,-0.177741,0.015106,0.046374,-0.025758,0.039345,0.669754,0.797016,1.232526,-0.816326,0.303453,0.340348,0.083086,-0.074405
0.052636,-0.481365,-0.037161,-0.032742,-0.206502,-0.005451,0.179393,0.052798,0.036511,0.336432,0.526748,-0.111948,0.130399,-0.381430,-0.161584,0.112827,-0.176966,0.011708,0.041447,-0.032691,0.035426,0.683251,0.802618,1.230628,-0.815884,0.308513,0.343868,0.084113,-0.075701
0.070603,-0.476317,-0.037919,-0.034104,-0.206900,-0.002921,0.169330,0.068403,0.036108,0.323220,0.486092,-0.101056,0.134285,-0.384282,-0.151770,0.103619,-0.176137,0.008308,0.036231,-0.038264,0.031340,0.698532,0.808160,1.228345,-0.814997,0.314005,0.346162,0.086055,-0.076906
0.086220,-0.470984,-0.037797,-0.034075,-0.209688,-0.001428,0.159483,0.072374,0.036482,0.317192,0.472380,-0.087368,0.138536,-0.389042,-0.136115,0.094212,-0.175235,0.004258,0.050699,-0.039955,0.028200,0.719417,0.814363,1.224413,-0.814701,0.322557,0.347915,0.085969,-0.074941
0.100372,-0.466027,-0.037694,-0.033253,-0.211151,-0.000089,0.149981,0.077175,0.037031,0.314384,0.468671,-0.073191,0.142446,-0.394583,-0.121577,0.085530,-0.174284,-0.000623,0.064540,-0.041491,0.025356,0.742755,0.820623,1.221264,-0.814973,0.331941,0.350339,0.082359,-0.073011
0.111596,-0.461820,-0.037628,-0.030847,-0.209967,0.000944,0.141170,0.083639,0.037930,0.318015,0.484970,-0.058039,0.145672,-0.401684,-0.109269,0.078299,-0.173236,-0.007166,0.077129,-0.042718,0.023101,0.770996,0.826995,1.219681,-0.816385,0.342988,0.354107,0.071703,-0.071149
0.120795,-0.463448,-0.037454,-0.026743,-0.208775,0.001650,0.133479,0.086839,0.039186,0.326568,0.515365,-0.041658,0.148683,-0.410111,-0.112915,0.072726,-0.170742,-0.015367,0.086538,-0.042770,0.019767,0.803576,0.832236,1.218648,-0.816209,0.353510,0.356301,0.056889,-0.069407
0.128982,-0.467992,-0.037227,-0.021789,-0.207579,0.002193,0.126347,0.088407,0.040621,0.337581,0.552807,-0.024663,0.151585,-0.419202,-0.124537,0.067983,-0.167527,-0.024397,0.094357,-0.042235,0.015893,0.838325,0.836911,1.217890,-0.815241,0.363770,0.357709,0.039996,-0.067724
0.136023,-0.471207,-0.037043,-0.014002,-0.205255,0.002729,0.121056,0.084142,0.042326,0.350152,0.590444,-0.005897,0.154772,-0.424820,-0.148568,0.065522,-0.163192,-0.033852,0.091368,-0.038306,0.012343,0.875887,0.841038,1.216683,-0.814135,0.374500,0.358186,0.024754,-0.065597
0.142270,-0.472376,-0.036902,-0.005391,-0.202760,0.003388,0.116058,0.078411,0.043957,0.363308,0.624263,0.013267,0.158271,-0.428038,-0.170872,0.063983,-0.158744,-0.042783,0.090626,-0.035205,0.009142,0.914918,0.844863,1.216735,-0.813583,0.384348,0.359332,0.007090,-0.063375
0.146928,-0.469449,-0.036845,0.004865,-0.199925,0.004294,0.111650,0.069749,0.045438,0.377635,0.650449,0.033224,0.162394,-0.426456,-0.189719,0.064289,-0.154069,-0.050669,0.094374,-0.033764,0.006642,0.956887,0.848083,1.219304,-0.814142,0.392435,0.361818,-0.015417,-0.060964
0.149532,-0.462292,-0.037046,0.015640,-0.196936,0.005240,0.107229,0.059005,0.046462,0.392624,0.667455,0.052931,0.166453,-0.418268,-0.207002,0.066003,-0.148997,-0.056114,0.094828,-0.033402,0.003930,0.998651,0.849808,1.223804,-0.814236,0.397428,0.364134,-0.038693,-0.057781
0.151108,-0.453018,-0.037375,0.026675,-0.193871,0.006207,0.102802,0.047222,0.047257,0.407943,0.679871,0.072512,0.170481,-0.406778,-0.223501,0.068420,-0.143726,-0.060340,0.093633,-0.033580,0.001112,1.040313,0.850785,1.229271,-0.814098,0.400875,0.366366,-0.062353,-0.054212
0.151920,-0.434681,-0.038121,0.039745,-0.188139,0.007239,0.097995,0.032071,0.047375,0.424247,0.672369,0.091944,0.173544,-0.385485,-0.231807,0.070882,-0.138265,-0.058973,0.089154,-0.030975,-0.001857,1.077319,0.854345,1.232227,-0.813750,0.403702,0.362403,-0.084332,-0.050706
0.150768,-0.415540,-0.039019,0.052917,-0.181482,0.008372,0.093366,0.017016,0.047250,0.440427,0.660713,0.110810,0.175655,-0.361855,-0.237691,0.074127,-0.132618,-0.055339,0.084060,-0.028404,-0.004496,1.112686,0.858101,1.235632,-0.813618,0.406282,0.358043,-0.105724,-0.047082
0.145687,-0.394793,-0.040220,0.066293,-0.172976,0.009708,0.089093,0.002152,0.046641,0.456358,0.640748,0.128544,0.175863,-0.333551,-0.238733,0.078936,-0.126595,-0.047172,0.077736,-0.025900,-0.006476,1.144775,0.862249,1.239936,-0.813920,0.408367,0.352888,-0.125940,-0.043226
0.137550,-0.373962,-0.041496,0.078606,-0.163506,0.011234,0.085511,-0.010570,0.045506,0.475624,0.617183,0.147011,0.173976,-0.300717,-0.237282,0.083346,-0.122353,-0.036001,0.070841,-0.020864,-0.009059,1.169427,0.868168,1.242239,-0.816692,0.410984,0.349223,-0.143280,-0.040297
0.127886,-0.353089,-0.042809,0.090388,-0.153553,0.012856,0.082275,-0.022223,0.044108,0.496559,0.591817,0.165844,0.171041,-0.265616,-0.234584,0.087557,-0.119001,-0.023330,0.063660,-0.014561,-0.011944,1.190360,0.874973,1.243542,-0.820700,0.413868,0.346302,-0.159182,-0.037832
0.112467,-0.335159,-0.043920,0.102117,-0.142574,0.014748,0.082142,-0.030847,0.042666,0.525244,0.567197,0.181518,0.164649,-0.229123,-0.231057,0.087289,-0.115819,-0.008794,0.056285,0.000329,-0.012125,1.198117,0.880683,1.236479,-0.824119,0.417886,0.347827,-0.166333,-0.035140
0.094508,-0.318331,-0.044861,0.113874,-0.131732,0.016746,0.082274,-0.038888,0.041363,0.557417,0.544064,0.196214,0.158065,-0.191146,-0.228112,0.086872,-0.113358,0.006135,0.049002,0.014368,-0.012327,1.203995,0.885253,1.230213,-0.827245,0.421029,0.348325,-0.171065,-0.032541
0.071468,-0.303707,-0.045462,0.125687,-0.121162,0.018956,0.082938,-0.045762,0.040341,0.596566,0.523905,0.208950,0.151101,-0.150204,-0.226334,0.086155,-0.112342,0.021852,0.041902,0.026702,-0.012573,1.206113,0.887541,1.225538,-0.829787,0.422421,0.346771,-0.170958,-0.030130
0.044353,-0.291698,-0.045613,0.137758,-0.110882,0.021477,0.083276,-0.051652,0.039604,0.642119,0.508273,0.218665,0.144901,-0.110642,-0.226580,0.084935,-0.112991,0.034975,0.035229,0.037316,-0.012262,1.204878,0.887270,1.222152,-0.832587,0.420790,0.342629,-0.168270,-0.027748
0.015201,-0.280996,-0.045539,0.149959,-0.100746,0.024153,0.083451,-0.057048,0.039010,0.690873,0.494904,0.226869,0.139083,-0.071772,-0.227839,0.083464,-0.114473,0.046802,0.028768,0.047070,-0.011672,1.201966,0.885718,1.219410,-0.835517,0.417647,0.337193,-0.164292,-0.025382
-0.018680,-0.273671,-0.044800,0.165258,-0.090577,0.027412,0.085946,-0.061625,0.039372,0.748560,0.488190,0.229070,0.133721,-0.040045,-0.231938,0.081966,-0.117936,0.051637,0.022902,0.053029,-0.009700,1.194183,0.881667,1.219579,-0.839447,0.411699,0.329739,-0.163456,-0.024573
-0.053373,-0.267488,-0.043923,0.182514,-0.080930,0.030885,0.090547,-0.065715,0.040164,0.808764,0.484044,0.228746,0.127869,-0.010875,-0.236976,0.080174,-0.122074,0.052960,0.017431,0.058077,-0.007730,1.185354,0.877227,1.220539,-0.843145,0.406238,0.321921,-0.161240,-0.024749
-0.089691,-0.263588,-0.042768,0.203685,-0.072331,0.034787,0.099358,-0.068830,0.041814,0.874000,0.485032,0.223372,0.121033,0.013180,-0.243892,0.077796,-0.127559,0.047260,0.012749,0.061303,-0.005761,1.174434,0.872009,1.223085,-0.846379,0.401752,0.313378,-0.156261,-0.026893
-0.125673,-0.261113,-0.041229,0.227760,-0.064464,0.039155,0.115142,-0.071036,0.043927,0.936342,0.489496,0.213731,0.112776,0.028022,-0.252558,0.074442,-0.134416,0.055549,0.008254,0.064433,-0.004339,1.160819,0.868126,1.224927,-0.849778,0.397717,0.307070,-0.147321,-0.029298
-0.161487,-0.259350,-0.039497,0.253286,-0.056965,0.043757,0.134413,-0.072787,0.046272,0.997235,0.495696,0.201957,0.103808,0.038258,-0.262099,0.070601,-0.141959,0.070832,0.003852,0.067514,-0.003191,1.145857,0.864911,1.226419,-0.853259,0.393908,0.301880,-0.136400,-0.031833
-0.190633,-0.258265,-0.037120,0.280056,-0.049365,0.048895,0.159435,-0.073631,0.048944,1.045380,0.503264,0.185893,0.092612,0.025549,-0.271716,0.066738,-0.150217,0.081037,-0.000361,0.066470,-0.001984,1.127969,0.864540,1.228111,-0.857691,0.384983,0.299278,-0.129774,-0.036653
-0.218576,-0.256665,-0.034632,0.301208,-0.041899,0.053974,0.181378,-0.074357,0.051674,1.087300,0.510052,0.169192,0.081168,0.005140,-0.280679,0.064220,-0.157627,0.090565,-0.004350,0.064138,-0.002365,1.107562,0.864247,1.230794,-0.860739,0.375955,0.297497,-0.119378,-0.042013
-0.244116,-0.254036,-0.031919,0.311124,-0.034700,0.058931,0.197159,-0.074845,0.054520,1.116773,0.515283,0.151217,0.069230,-0.030672,-0.288332,0.064392,-0.163342,0.098740,-0.007891,0.059231,-0.005921,1.082117,0.864112,1.235461,-0.861018,0.366720,0.297361,-0.101442,-0.048455
-0.269138,-0.250143,-0.029600,0.310401,-0.029303,0.063136,0.207436,-0.076291,0.057004,1.133346,0.517256,0.133312,0.058530,-0.064976,-0.293967,0.066734,-0.167917,0.096738,-0.010748,0.056586,-0.012710,1.051833,0.863825,1.236300,-0.860481,0.357320,0.298271,-0.082685,-0.054674
-0.293902,-0.245620,-0.027478,0.304357,-0.024807,0.066963,0.214961,-0.078215,0.059308,1.143470,0.517602,0.115442,0.048451,-0.098527,-0.298592,0.070159,-0.171923,0.089648,-0.013261,0.055073,-0.021115,1.019129,0.863461,1.235227,-0.859535,0.347836,0.299705,-0.063517,-0.060783
-0.317768,-0.239617,-0.026398,0.298521,-0.022137,0.069707,0.223145,-0.082709,0.060563,1.137124,0.513081,0.096466,0.041294,-0.122383,-0.300604,0.075615,-0.172025,0.070696,-0.014755,0.054093,-0.030985,0.980025,0.859065,1.231194,-0.854481,0.336850,0.299619,-0.040743,-0.065603
-0.340320,-0.233587,-0.025639,0.294589,-0.019533,0.072330,0.233046,-0.087980,0.061416,1.124479,0.507687,0.077959,0.035831,-0.143642,-0.302243,0.083321,-0.172229,0.053563,-0.016003,0.052820,-0.039496,0.939985,0.853521,1.227482,-0.849269,0.325153,0.296998,-0.018011,-0.069553
-0.360244,-0.227501,-0.025522,0.294464,-0.017059,0.074708,0.246383,-0.094805,0.061464,1.099236,0.500548,0.060392,0.033760,-0.159708,-0.303135,0.095530,-0.172635,0.040065,-0.016757,0.050962,-0.045289,0.898075,0.845682,1.224412,-0.843745,0.312034,0.289308,0.004637,-0.071763
-0.376497,-0.221303,-0.025734,0.296438,-0.015061,0.076859,0.260820,-0.101535,0.060950,1.063249,0.492450,0.043038,0.033203,-0.171289,-0.303790,0.107619,-0.173227,0.027458,-0.017228,0.046872,-0.048715,0.858082,0.837040,1.221825,-0.838380,0.298752,0.279562,0.023736,-0.073706
-0.390916,-0.215049,-0.026110,0.299461,-0.013300,0.078895,0.275809,-0.108218,0.060155,1.021889,0.483873,0.025791,0.033404,-0.180628,-0.304328,0.119649,-0.173912,0.015297,-0.017557,0.041665,-0.050958,0.819047,0.827997,1.219479,-0.833095,0.285389,0.268787,0.041060,-0.075514
-0.400884,-0.207946,-0.026664,0.299568,-0.012481,0.080072,0.283760,-0.112678,0.059135,0.969241,0.474002,0.007664,0.033647,-0.180135,-0.304496,0.128933,-0.174728,0.006685,-0.017703,0.034677,-0.044363,0.784630,0.814018,1.219981,-0.831299,0.274300,0.268541,0.054986,-0.074832
-0.408789,-0.200818,-0.027394,0.300144,-0.011809,0.081010,0.291263,-0.116559,0.058141,0.913374,0.464466,-0.009373,0.034513,-0.177301,-0.304878,0.138393,-0.175848,-0.000579,-0.017703,0.028943,-0.036837,0.751076,0.801156,1.218747,-0.830126,0.262765,0.268996,0.067055,-0.073924
-0.412569,-0.193638,-0.028477,0.301661,-0.011432,0.081468,0.297870,-0.119281,0.057197,0.851065,0.455599,-0.024230,0.036625,-0.169785,-0.305688,0.148206,-0.177574,-0.005143,-0.017411,0.025719,-0.027449,0.719245,0.790531,1.214041,-0.830199,0.250339,0.270854,0.075410,-0.072566
-0.412773,-0.186112,-0.029711,0.301713,-0.011468,0.081535,0.301213,-0.120928,0.056307,0.784254,0.447077,-0.036976,0.039035,-0.161614,-0.306646,0.158262,-0.178531,-0.004953,-0.016838,0.022231,-0.018639,0.691105,0.783131,1.211519,-0.829534,0.242210,0.272925,0.081797,-0.071387
-0.411189,-0.178412,-0.031020,0.301033,-0.011712,0.081407,0.302922,-0.122039,0.055444,0.715192,0.438726,-0.048666,0.041594,-0.153115,-0.307679,0.168440,-0.179102,-0.002386,-0.016126,0.018611,-0.010118,0.664811,0.777345,1.210087,-0.828498,0.236229,0.275103,0.087199,-0.070297
-0.406950,-0.169543,-0.032345,0.296919,-0.012487,0.080563,0.296145,-0.122502,0.054758,0.644900,0.429730,-0.058529,0.043957,-0.141666,-0.308625,0.176908,-0.178544,-0.000127,-0.015056,0.013236,-0.005007,0.644418,0.775752,1.212362,-0.825148,0.236290,0.279203,0.088052,-0.069174
-0.402722,-0.160084,-0.033709,0.291524,-0.013341,0.079431,0.284455,-0.122879,0.054122,0.576409,0.420209,-0.067532,0.046288,-0.128017,-0.309444,0.184404,-0.177741,0.000236,-0.013961,0.008078,-0.000395,0.625474,0.775183,1.214841,-0.822037,0.237042,0.283844,0.090557,-0.067391
-0.398517,-0.149445,-0.035150,0.283567,-0.014357,0.077726,0.262941,-0.123087,0.053588,0.511522,0.409642,-0.074818,0.048553,-0.109970,-0.310006,0.189956,-0.176447,-0.003192,-0.012816,0.003352,0.003217,0.609429,0.776660,1.217725,-0.819405,0.239174,0.289568,0.096369,-0.064287
-0.394147,-0.138294,-0.036831,0.276044,-0.015298,0.075777,0.236231,-0.123696,0.053154,0.453391,0.399942,-0.080206,0.051635,-0.093938,-0.311144,0.193496,-0.173945,-0.008898,-0.011334,-0.000402,0.005992,0.598169,0.779280,1.218381,-0.817411,0.241600,0.295195,0.100135,-0.061967
-0.389695,-0.126888,-0.038631,0.268739,-0.016202,0.073707,0.206924,-0.124507,0.052770,0.398639,0.390677,-0.084645,0.055126,-0.078913,-0.312570,0.196030,-0.170839,-0.015742,-0.009685,-0.003670,0.008348,0.589301,0.782471,1.217922,-0.815736,0.244172,0.300773,0.102879,-0.060040
-0.384885,-0.114832,-0.041056,0.266507,-0.017368,0.072032,0.184668,-0.126609,0.052315,0.358329,0.382458,-0.087179,0.060640,-0.074558,-0.314539,0.195860,-0.166230,-0.019192,-0.007334,-0.007113,0.009919,0.588049,0.786858,1.215125,-0.814654,0.244675,0.305638,0.100139,-0.061018
-0.380825,-0.102404,-0.043507,0.265430,-0.018616,0.070534,0.164500,-0.128966,0.051830,0.323665,0.374038,-0.088883,0.066653,-0.068171,-0.316429,0.195305,-0.161605,-0.020767,-0.004765,-0.010953,0.012010,0.588966,0.791771,1.213775,-0.814049,0.246133,0.310252,0.097368,-0.061454
-0.378261,-0.089229,-0.046011,0.266663,-0.020024,0.069390,0.148512,-0.131835,0.051285,0.300291,0.365220,-0.088929,0.073665,-0.057720,-0.318162,0.193981,-0.156951,-0.018593,-0.001760,-0.015586,0.015143,0.594223,0.797738,1.215319,-0.814402,0.249504,0.314366,0.094537,-0.060808
-0.376614,-0.075264,-0.048470,0.270244,-0.020609,0.068747,0.137438,-0.135174,0.050719,0.288754,0.356282,-0.086728,0.081804,-0.047054,-0.320048,0.190952,-0.152288,-0.014678,0.001424,-0.019085,0.018873,0.602486,0.804159,1.217478,-0.815417,0.256778,0.317268,0.090477,-0.059912
-0.375424,-0.060904,-0.050905,0.275000,-0.020782,0.068355,0.128823,-0.138748,0.050142,0.283134,0.347284,-0.083404,0.090508,-0.036281,-0.322012,0.187071,-0.147622,-0.009893,0.004698,-0.022018,0.022903,0.612252,0.810807,1.219943,-0.816765,0.266004,0.319564,0.085803,-0.058893
-0.373316,-0.045616,-0.052831,0.280512,-0.019885,0.068730,0.119528,-0.142428,0.049598,0.289622,0.339516,-0.076064,0.100113,-0.024228,-0.324962,0.180082,-0.142544,-0.019841,0.008372,-0.020198,0.026252,0.624485,0.818460,1.216176,-0.817920,0.275575,0.319607,0.077813,-0.057963
-0.371114,-0.030535,-0.054392,0.284752,-0.018847,0.069325,0.106832,-0.145653,0.049110,0.299252,0.332948,-0.067461,0.109688,-0.011670,-0.328491,0.172856,-0.137396,-0.030626,0.012286,-0.017327,0.029459,0.637480,0.826616,1.211479,-0.819003,0.284783,0.319643,0.071087,-0.056208
-0.368721,-0.015868,-0.055224,0.286452,-0.017529,0.070360,0.087331,-0.147967,0.048730,0.315166,0.328780,-0.056334,0.119199,0.001898,-0.333177,0.165157,-0.132106,-0.043086,0.016680,-0.012354,0.032383,0.651996,0.835780,1.204920,-0.819940,0.293268,0.319668,0.066889,-0.052801
-0.364734,-0.002365,-0.055620,0.285390,-0.016069,0.071721,0.062665,-0.149391,0.048288,0.334574,0.327947,-0.042899,0.128191,0.016039,-0.339363,0.158214,-0.127085,-0.067783,0.021751,-0.007456,0.035823,0.669023,0.845793,1.200534,-0.821523,0.303287,0.320197,0.062346,-0.049121
-0.359950,0.010556,-0.055798,0.282949,-0.014539,0.073244,0.035417,-0.150368,0.047814,0.355730,0.328780,-0.028311,0.136923,0.030468,-0.346300,0.151650,-0.122198,-0.098598,0.027160,-0.002595,0.039522,0.687305,0.856231,1.197233,-0.823427,0.314074,0.320979,0.057629,-0.045304
-0.350742,0.021376,-0.056818,0.283637,-0.012681,0.075740,0.028644,-0.151622,0.046972,0.378669,0.334586,-0.010831,0.144628,0.021614,-0.355662,0.143845,-0.118647,-0.140505,0.033691,0.005920,0.043203,0.709114,0.866995,1.191960,-0.827140,0.325097,0.322133,0.054340,-0.041678
-0.342161,0.032537,-0.057894,0.286429,-0.011220,0.078436,0.027945,-0.152725,0.045983,0.399841,0.339251,0.007001,0.152053,0.002959,-0.363924,0.135456,-0.115727,-0.165933,0.040441,0.015194,0.045827,0.733276,0.877509,1.185815,-0.830715,0.335631,0.324289,0.049729,-0.037820
-0.334837,0.044380,-0.059084,0.293429,-0.010551,0.081534,0.039392,-0.153525,0.044701,0.417480,0.341633,0.025540,0.158918,-0.035300,-0.369986,0.125902,-0.114070,-0.158401,0.047630,0.025989,0.046335,0.762146,0.887521,1.177928,-0.834014,0.345184,0.328446,0.042473,-0.033498
-0.326803,0.056670,-0.059377,0.296228,-0.012138,0.084040,0.045689,-0.154139,0.043111,0.431211,0.342012,0.042728,0.165832,-0.064666,-0.373743,0.116370,-0.112972,-0.155271,0.055992,0.035630,0.042851,0.796598,0.895514,1.170869,-0.835281,0.354401,0.333852,0.030657,-0.030988
-0.318414,0.069183,-0.059223,0.296928,-0.014852,0.086250,0.049410,-0.154660,0.041366,0.442988,0.341389,0.059242,0.172770,-0.089585,-0.376346,0.106850,-0.112155,-0.154341,0.064942,0.044695,0.037370,0.833841,0.902497,1.164223,-0.835534,0.363449,0.339883,0.016560,-0.029384
-0.314241,0.078211,-0.058406,0.294388,-0.020985,0.087233,0.051617,-0.154821,0.039070,0.458139,0.344260,0.073611,0.179775,-0.106627,-0.375276,0.098840,-0.111206,-0.155000,0.076459,0.052102,0.026955,0.878510,0.907052,1.160838,-0.833213,0.373716,0.345590,-0.004898,-0.031120
-0.312238,0.085383,-0.057392,0.291589,-0.027611,0.088007,0.053457,-0.154583,0.036699,0.475891,0.349094,0.087157,0.186368,-0.124214,-0.373610,0.091661,-0.110046,-0.154101,0.088820,0.059140,0.015557,0.923799,0.911264,1.158440,-0.830470,0.383060,0.351009,-0.028028,-0.033155
-0.314573,0.088844,-0.055984,0.288276,-0.035220,0.088364,0.054566,-0.153545,0.034174,0.498843,0.357855,0.099057,0.192135,-0.142894,-0.370749,0.086146,-0.108460,-0.150087,0.102871,0.065439,0.002193,0.970329,0.914791,1.158015,-0.826880,0.390562,0.355851,-0.054504,-0.035784
-0.316115,0.090539,-0.054320,0.283599,-0.044052,0.088539,0.056978,-0.151295,0.031353,0.517860,0.366365,0.110884,0.197738,-0.159118,-0.365737,0.080710,-0.108217,-0.145666,0.117925,0.071268,-0.012043,1.015071,0.918230,1.158158,-0.822882,0.396773,0.355784,-0.086469,-0.039555
-0.317260,0.091353,-0.052529,0.278240,-0.053494,0.088622,0.060042,-0.148438,0.028383,0.534910,0.374751,0.122676,0.203257,-0.174114,-0.359648,0.075315,-0.108644,-0.141041,0.133482,0.076862,-0.026716,1.058918,0.921625,1.158585,-0.818680,0.402339,0.353262,-0.121180,-0.043896
-0.316878,0.089099,-0.050217,0.271428,-0.063548,0.088353,0.065572,-0.143454,0.025183,0.542883,0.380660,0.133656,0.202937,-0.184358,-0.349129,0.068650,-0.110129,-0.136690,0.147449,0.080999,-0.036605,1.096279,0.923904,1.159844,-0.818363,0.401843,0.351730,-0.156547,-0.041813
-0.316261,0.085689,-0.047783,0.264409,-0.073712,0.087924,0.072052,-0.137547,0.021932,0.548300,0.386829,0.144717,0.201375,-0.193558,-0.337624,0.063065,-0.112455,-0.132048,0.160797,0.085824,-0.044787,1.128559,0.925230,1.160693,-0.819444,0.399344,0.349668,-0.188608,-0.039169
-0.315172,0.079967,-0.045109,0.256974,-0.084095,0.087176,0.080436,-0.129793,0.018582,0.548608,0.393516,0.155940,0.197326,-0.200667,-0.324147,0.059643,-0.116465,-0.126822,0.172908,0.092026,-0.049556,1.150675,0.924650,1.160718,-0.823322,0.392839,0.346543,-0.214058,-0.035406
-0.314483,0.071264,-0.042169,0.249379,-0.094074,0.085914,0.089298,-0.121523,0.015375,0.545410,0.399713,0.167455,0.191811,-0.206320,-0.309190,0.056709,-0.121612,-0.120750,0.184086,0.099229,-0.053199,1.165404,0.922116,1.160602,-0.828415,0.387761,0.343029,-0.234499,-0.033429
-0.313994,0.061071,-0.039096,0.241703,-0.103852,0.084396,0.098400,-0.112993,0.012240,0.540460,0.405664,0.179116,0.185563,-0.211245,-0.293495,0.054020,-0.127328,-0.114254,0.194798,0.106933,-0.056279,1.176440,0.918606,1.160415,-0.834114,0.383395,0.339319,-0.252437,-0.032347
-0.315205,0.047827,-0.035681,0.233074,-0.113841,0.082064,0.107245,-0.104281,0.010072,0.533565,0.412496,0.189295,0.177105,-0.213250,-0.275920,0.051177,-0.134032,-0.106876,0.204419,0.120327,-0.061543,1.175131,0.913558,1.155718,-0.840884,0.375766,0.336270,-0.254351,-0.033824
-0.317882,0.033020,-0.032247,0.224603,-0.123488,0.079497,0.115557,-0.095265,0.008475,0.527639,0.420816,0.197818,0.168218,-0.214983,-0.258257,0.048547,-0.139505,-0.099382,0.213632,0.133482,-0.067249,1.171886,0.907438,1.152039,-0.846922,0.370329,0.333513,-0.253334,-0.035838
-0.323493,0.015089,-0.028775,0.216446,-0.132450,0.076459,0.122804,-0.085643,0.008018,0.523652,0.432116,0.203031,0.158469,-0.216174,-0.240418,0.046343,-0.142512,-0.091657,0.222028,0.146162,-0.073841,1.164768,0.899172,1.150399,-0.851497,0.369277,0.331341,-0.246453,-0.038926
-0.331665,-0.006894,-0.025383,0.209000,-0.140408,0.073123,0.129790,-0.074217,0.008921,0.521677,0.447934,0.204591,0.148010,-0.217075,-0.223116,0.044627,-0.144187,-0.083786,0.229126,0.157961,-0.080264,1.154620,0.888309,1.150326,-0.854113,0.368485,0.328173,-0.235109,-0.041355
-0.341118,-0.030903,-0.022032,0.201910,-0.147863,0.069638,0.136647,-0.061891,0.010503,0.520707,0.466013,0.204326,0.137194,-0.217832,-0.206082,0.043156,-0.145194,-0.075842,0.235575,0.169321,-0.086604,1.142958,0.876146,1.151038,-0.855749,0.367823,0.324506,-0.221533,-0.043453
-0.352819,-0.060372,-0.019001,0.196560,-0.153111,0.065593,0.144930,-0.046104,0.014218,0.521290,0.489528,0.198478,0.125864,-0.218121,-0.189742,0.042614,-0.146414,-0.067989,0.239373,0.177899,-0.087586,1.128563,0.860878,1.154388,-0.859314,0.367960,0.319500,-0.206817,-0.047466
-0.365202,-0.091227,-0.015906,0.191788,-0.157520,0.061320,0.153571,-0.029524,0.018718,0.522980,0.514817,0.191010,0.114061,-0.218626,-0.173695,0.042863,-0.148013,-0.060159,0.242353,0.184201,-0.086152,1.113327,0.845275,1.159697,-0.863768,0.368085,0.313728,-0.192111,-0.051286
-0.378947,-0.124852,-0.012683,0.188170,-0.160254,0.056592,0.162930,-0.011355,0.024787,0.526887,0.543653,0.180301,0.101309,-0.219564,-0.158232,0.044694,-0.150366,-0.052374,0.243699,0.185952,-0.079883,1.096411,0.829003,1.168921,-0.869998,0.368184,0.306428,-0.177421,-0.054719
-0.393489,-0.159262,-0.009121,0.185644,-0.161144,0.051745,0.172121,0.007041,0.031956,0.531489,0.572485,0.166416,0.088912,-0.220175,-0.140525,0.049017,-0.152523,-0.044610,0.244353,0.183612,-0.072192,1.078994,0.812259,1.180537,-0.874237,0.367449,0.295064,-0.168426,-0.060465
-0.408428,-0.194063,-0.005390,0.183664,-0.161113,0.046838,0.181229,0.025550,0.039676,0.536440,0.601314,0.150942,0.076691,-0.220623,-0.121696,0.054587,-0.154581,-0.036857,0.244661,0.179227,-0.063789,1.061326,0.795279,1.193348,-0.877479,0.366298,0.281669,-0.162277,-0.067368
-0.422559,-0.223993,-0.001318,0.182931,-0.159264,0.042204,0.189104,0.041502,0.047291,0.540359,0.622066,0.131089,0.066137,-0.219916,-0.100964,0.063279,-0.157872,-0.029143,0.244713,0.173480,-0.052562,1.042485,0.782503,1.203606,-0.880093,0.356889,0.267549,-0.155843,-0.074380
-0.435452,-0.250235,0.002612,0.182483,-0.157024,0.037822,0.196398,0.055881,0.054428,0.542427,0.637236,0.108977,0.054646,-0.218461,-0.079443,0.072972,-0.161489,-0.021367,0.244751,0.166894,-0.040525,1.024704,0.771896,1.214707,-0.881599,0.347545,0.255498,-0.147455,-0.080144
-0.445871,-0.269099,0.006262,0.182601,-0.154003,0.033945,0.202530,0.067114,0.060612,0.540796,0.641240,0.082349,0.041282,-0.215514,-0.056347,0.084670,-0.165757,-0.013466,0.244761,0.158633,-0.026866,1.009045,0.765627,1.227494,-0.880893,0.338327,0.247585,-0.135162,-0.083412
-0.453724,-0.281348,0.009480,0.182233,-0.151615,0.030633,0.207265,0.075269,0.065836,0.535462,0.636194,0.052111,0.030758,-0.211052,-0.033470,0.098196,-0.169946,-0.005607,0.244755,0.149235,-0.013670,0.997224,0.758611,1.241399,-0.879627,0.331283,0.244591,-0.124594,-0.082346
-0.460295,-0.290290,0.012484,0.181622,-0.149544,0.027605,0.211301,0.081883,0.070581,0.528278,0.626622,0.020067,0.021654,-0.205834,-0.010704,0.112636,-0.174096,0.002231,0.244740,0.139270,-0.000706,0.987322,0.751220,1.255864,-0.878081,0.325326,0.244056,-0.114888,-0.079112
-0.462400,-0.290478,0.014290,0.180589,-0.148858,0.025324,0.213976,0.083709,0.073594,0.514670,0.604184,-0.014815,0.018468,-0.198159,0.013477,0.127916,-0.175363,0.010002,0.244469,0.131372,0.007951,0.978563,0.740148,1.267593,-0.871485,0.320585,0.241284,-0.109721,-0.080057
-0.463410,-0.288698,0.015688,0.179496,-0.149019,0.023309,0.216519,0.082236,0.076087,0.499520,0.579064,-0.049091,0.016410,-0.189791,0.037441,0.143633,-0.175806,0.017767,0.243063,0.124553,0.016245,0.968502,0.728694,1.278744,-0.863674,0.315389,0.238821,-0.102201,-0.081976
-0.462233,-0.282978,0.016268,0.178283,-0.150875,0.021825,0.218797,0.074165,0.077538,0.481285,0.548582,-0.082152,0.016607,-0.180040,0.060969,0.160227,-0.174598,0.025521,0.239387,0.119896,0.023809,0.955836,0.716474,1.288739,-0.853433,0.309280,0.236975,-0.089974,-0.085842
-0.460126,-0.275171,0.016387,0.177063,-0.152897,0.020885,0.221002,0.057992,0.078274,0.462253,0.517026,-0.111717,0.017231,-0.169867,0.080246,0.175129,-0.174519,0.033084,0.229913,0.118071,0.031119,0.936490,0.706502,1.293407,-0.845100,0.300851,0.235828,-0.078162,-0.089115
-0.457555,-0.266320,0.016275,0.175838,-0.155004,0.020218,0.223169,0.037768,0.078651,0.442821,0.484933,-0.139533,0.018069,-0.159483,0.097397,0.189185,-0.175004,0.040552,0.217540,0.117663,0.038301,0.913805,0.697654,1.295411,-0.837721,0.291262,0.235029,-0.066557,-0.092090
-0.456191,-0.256101,0.016289,0.174655,-0.161407,0.019725,0.225676,-0.004658,0.078602,0.426358,0.454025,-0.163251,0.022000,-0.150560,0.103024,0.197539,-0.175617,0.047723,0.193840,0.118081,0.044786,0.882842,0.690133,1.288243,-0.831135,0.281763,0.235871,-0.052704,-0.092206
-0.455548,-0.246023,0.016606,0.173428,-0.169155,0.019126,0.228245,-0.054457,0.078699,0.412165,0.426050,-0.184616,0.025418,-0.142774,0.103603,0.206736,-0.176635,0.054830,0.168776,0.118992,0.051756,0.847880,0.684258,1.277976,-0.825511,0.270342,0.237543,-0.036701,-0.091521
-0.456348,-0.236226,0.017528,0.172113,-0.179593,0.018312,0.230936,-0.119001,0.079086,0.402515,0.403938,-0.201277,0.027810,-0.137265,0.094088,0.217618,-0.178463,0.061807,0.140984,0.120887,0.059695,0.804921,0.681675,1.261508,-0.821809,0.255077,0.240875,-0.016401,-0.089231
-0.460146,-0.227496,0.018656,0.169843,-0.188827,0.016955,0.233078,-0.183318,0.080269,0.400268,0.393068,-0.214444,0.029731,-0.134655,0.068723,0.229685,-0.181313,0.068809,0.109942,0.120387,0.069069,0.758893,0.681792,1.244582,-0.819241,0.242048,0.244280,0.003149,-0.086662
-0.465443,-0.219299,0.019887,0.167096,-0.197459,0.015327,0.234945,-0.247522,0.081850,0.401723,0.387819,-0.225865,0.031415,-0.133496,0.035433,0.242344,-0.184674,0.075823,0.077275,0.118688,0.079161,0.711332,0.683258,1.227426,-0.817240,0.230138,0.247723,0.022324,-0.083953
-0.477157,-0.215155,0.020846,0.162394,-0.198451,0.012923,0.234425,-0.295605,0.084772,0.414065,0.401957,-0.232091,0.028564,-0.136605,-0.007283,0.259688,-0.188914,0.082836,0.068351,0.114342,0.089325,0.656733,0.692848,1.214236,-0.815289,0.217377,0.251867,0.039409,-0.079760
-0.489537,-0.212006,0.021813,0.156968,-0.197415,0.010272,0.233723,-0.339310,0.087881,0.427773,0.421792,-0.237113,0.026539,-0.140101,-0.050408,0.275335,-0.193683,0.089788,0.068403,0.109141,0.099715,0.602713,0.702762,1.202466,-0.813437,0.206146,0.255408,0.055859,-0.074931
-0.503251,-0.210843,0.022797,0.150090,-0.192321,0.007125,0.232657,-0.374260,0.091363,0.444211,0.453023,-0.239731,0.026165,-0.144371,-0.094351,0.287590,-0.199509,0.096614,0.086406,0.102231,0.110557,0.549851,0.713323,1.193535,-0.811783,0.197976,0.257744,0.071040,-0.068828
-0.515449,-0.207578,0.024349,0.141358,-0.187500,0.003548,0.232267,-0.408303,0.094520,0.459688,0.489993,-0.239034,0.026910,-0.147607,-0.136364,0.296695,-0.206011,0.103035,0.115208,0.094830,0.121229,0.500843,0.724320,1.188904,-0.810862,0.190011,0.260226,0.087327,-0.061600
-0.526890,-0.203262,0.026185,0.131699,-0.182816,-0.000245,0.232215,-0.441893,0.097513,0.474684,0.529833,-0.236680,0.028215,-0.150325,-0.177414,0.304224,-0.212851,0.109253,0.149409,0.087182,0.131815,0.453760,0.735535,1.186423,-0.810307,0.182150,0.262780,0.104167,-0.053809
-0.534124,-0.196336,0.027735,0.120197,-0.176337,-0.004353,0.233101,-0.466589,0.099245,0.483707,0.575317,-0.228674,0.029511,-0.149309,-0.204203,0.305327,-0.218499,0.114929,0.185674,0.083712,0.142196,0.416300,0.748101,1.186043,-0.810455,0.181307,0.268606,0.116704,-0.044148
-0.540073,-0.189415,0.029094,0.108339,-0.167713,-0.008458,0.234382,-0.485593,0.100502,0.491011,0.622671,-0.218414,0.030844,-0.146986,-0.226829,0.303863,-0.223677,0.120540,0.216360,0.081898,0.152118,0.381729,0.760609,1.182517,-0.809871,0.182034,0.274670,0.125310,-0.034190
-0.543452,-0.182507,0.030073,0.095768,-0.154798,-0.012556,0.236454,-0.493215,0.100808,0.494880,0.673766,-0.203648,0.032249,-0.142046,-0.241130,0.297265,-0.227912,0.126022,0.235892,0.083396,0.161123,0.352933,0.773002,1.172701,-0.807826,0.185903,0.281210,0.126053,-0.023640
-0.544701,-0.175029,0.032165,0.084346,-0.136523,-0.016237,0.239751,-0.497948,0.100112,0.495205,0.724286,-0.183901,0.032498,-0.134255,-0.246397,0.290789,-0.231302,0.131345,0.243263,0.084080,0.169881,0.328709,0.784107,1.163901,-0.804652,0.187035,0.286303,0.126206,-0.013555
-0.544886,-0.167267,0.034813,0.073498,-0.115567,-0.019710,0.243662,-0.501237,0.098915,0.493758,0.774520,-0.161664,0.032169,-0.125037,-0.247148,0.284375,-0.234270,0.136588,0.244555,0.084355,0.178514,0.306771,0.794567,1.155609,-0.800915,0.186799,0.290672,0.126064,-0.003704
-0.544446,-0.160393,0.039571,0.065890,-0.083981,-0.021826,0.249986,-0.494077,0.096655,0.491378,0.819466,-0.134692,0.029473,-0.113211,-0.233160,0.277206,-0.237370,0.141462,0.244699,0.086012,0.187385,0.295951,0.802593,1.149806,-0.797521,0.187520,0.292468,0.124343,0.002888
-0.543672,-0.151937,0.044859,0.059565,-0.051258,-0.023429,0.257051,-0.485209,0.093834,0.488954,0.861458,-0.106330,0.026775,-0.100997,-0.212956,0.269826,-0.240306,0.146349,0.244798,0.087793,0.196634,0.289711,0.810004,1.145059,-0.794806,0.188969,0.293802,0.119986,0.008249
-0.542231,-0.140317,0.051207,0.055808,-0.016260,-0.024005,0.265596,-0.472929,0.089891,0.486438,0.897540,-0.075189,0.024071,-0.088005,-0.180323,0.262022,-0.242917,0.151263,0.244808,0.089823,0.206638,0.292631,0.816182,1.142423,-0.793451,0.191875,0.294212,0.110359,0.011150
-0.540696,-0.125627,0.058858,0.054686,0.019622,-0.023555,0.275405,-0.460481,0.085055,0.484400,0.922897,-0.042648,0.020309,-0.075436,-0.140533,0.253381,-0.245153,0.156418,0.244812,0.093319,0.215572,0.303519,0.820707,1.141959,-0.791263,0.196732,0.294134,0.103036,0.012656
-0.539113,-0.109404,0.067161,0.054883,0.055947,-0.022593,0.285845,-0.447950,0.079774,0.482600,0.942890,-0.009407,0.016018,-0.063077,-0.097166,0.244322,-0.247202,0.161693,0.244813,0.097548,0.223970,0.318389,0.824404,1.142579,-0.788658,0.202565,0.293812,0.096866,0.013464
-0.538920,-0.089412,0.076686,0.057407,0.086227,-0.020283,0.297309,-0.432319,0.073605,0.481835,0.949764,0.023414,0.010291,-0.051904,-0.060408,0.230682,-0.249266,0.167694,0.244813,0.106031,0.229209,0.344370,0.824972,1.138232,-0.783825,0.212798,0.292617,0.094403,0.010236
-0.539813,-0.069535,0.085817,0.059524,0.115719,-0.017883,0.308855,-0.409819,0.067367,0.482215,0.952397,0.055738,0.004416,-0.040914,-0.032095,0.216830,-0.251698,0.174081,0.244813,0.113427,0.234232,0.374645,0.824981,1.134668,-0.779120,0.223036,0.291497,0.089473,0.006824
-0.542878,-0.049889,0.094159,0.060826,0.143636,-0.015304,0.320563,-0.373582,0.060990,0.484885,0.946549,0.087070,-0.001757,-0.030290,-0.020670,0.202554,-0.254865,0.181237,0.244812,0.118648,0.238827,0.413509,0.823873,1.132669,-0.774673,0.233283,0.290526,0.079607,0.003042
-0.546874,-0.028312,0.101419,0.060259,0.158874,-0.013101,0.332914,-0.335833,0.054828,0.488211,0.933718,0.116017,-0.008831,-0.020657,-0.016651,0.187429,-0.259227,0.189327,0.244812,0.123292,0.242975,0.459718,0.821622,1.132896,-0.770767,0.243423,0.291187,0.069088,-0.000760
-0.551336,-0.005769,0.108138,0.058757,0.167772,-0.011086,0.345585,-0.297328,0.048774,0.491865,0.917394,0.143771,-0.016357,-0.011520,-0.016334,0.171881,-0.264185,0.197884,0.244811,0.127648,0.246901,0.509599,0.818801,1.134235,-0.767132,0.253508,0.292664,0.058242,-0.004573
-0.553810,0.016099,0.112582,0.053491,0.156139,-0.010592,0.360633,-0.266921,0.043977,0.490864,0.894602,0.162787,-0.023037,-0.004820,-0.014202,0.155469,-0.275014,0.208124,0.244795,0.133381,0.249750,0.572313,0.807427,1.139663,-0.765906,0.268333,0.293657,0.042883,-0.000050
-0.556451,0.034277,0.115967,0.046918,0.148345,-0.010717,0.375921,-0.227656,0.040050,0.488587,0.872737,0.183040,-0.033275,0.001022,-0.011072,0.137787,-0.283975,0.218525,0.244665,0.139833,0.253993,0.630738,0.799135,1.143022,-0.765263,0.284689,0.295792,0.024041,0.004766
-0.559423,0.045075,0.117235,0.037731,0.148228,-0.012083,0.391687,-0.170674,0.037862,0.483757,0.852722,0.205766,-0.050628,0.005152,-0.005949,0.117564,-0.289203,0.229247,0.244305,0.147725,0.261024,0.680586,0.797006,1.142241,-0.765783,0.304109,0.300213,-0.001766,0.010165
-0.564980,0.051202,0.118826,0.028169,0.148792,-0.013766,0.408039,-0.114474,0.037739,0.478505,0.839917,0.225865,-0.067941,0.011607,-0.019030,0.096437,-0.297241,0.237115,0.238445,0.154803,0.269383,0.731912,0.792884,1.143263,-0.768094,0.321745,0.302776,-0.026510,0.014463
-0.571828,0.054995,0.120578,0.018418,0.149696,-0.015608,0.424683,-0.058665,0.038649,0.473043,0.830717,0.244650,-0.085234,0.019225,-0.041213,0.074858,-0.306684,0.243556,0.229835,0.161476,0.278406,0.783977,0.787767,1.145187,-0.771299,0.338490,0.304412,-0.050722,0.018210
-0.580741,0.054598,0.124937,0.011475,0.141691,-0.016269,0.441113,-0.043147,0.043105,0.462832,0.828552,0.258748,-0.104732,0.036497,-0.098680,0.053395,-0.318178,0.244253,0.162350,0.165278,0.287716,0.832752,0.780552,1.150241,-0.775539,0.349126,0.304047,-0.071307,0.022523
-0.589925,0.056416,0.129463,0.005818,0.132341,-0.016332,0.456308,-0.039323,0.048393,0.451418,0.822496,0.271404,-0.123276,0.058566,-0.162761,0.034274,-0.328095,0.244723,0.096455,0.166177,0.295085,0.880011,0.772018,1.157258,-0.778131,0.356986,0.302811,-0.097223,0.025896
-0.599649,0.062664,0.134323,0.002729,0.120298,-0.015201,0.469035,-0.058884,0.055348,0.437602,0.808660,0.281176,-0.139916,0.090232,-0.240072,0.019837,-0.334858,0.244739,0.033741,0.161270,0.298569,0.924238,0.760845,1.168202,-0.777428,0.359297,0.299832,-0.133798,0.027391
-0.614451,0.065834,0.138210,-0.000244,0.111989,-0.012349,0.477079,-0.089127,0.063117,0.422254,0.788376,0.285779,-0.153454,0.135125,-0.315051,0.010593,-0.338120,0.244388,-0.016375,0.154169,0.294289,0.958908,0.746304,1.180192,-0.771932,0.354994,0.298906,-0.165136,0.019871
-0.631790,0.067465,0.141610,-0.003159,0.105546,-0.008636,0.482783,-0.124711,0.071293,0.406142,0.764868,0.287797,-0.165442,0.186631,-0.388864,0.003946,-0.339631,0.243853,-0.060191,0.145971,0.286126,0.988801,0.730079,1.192705,-0.764040,0.347385,0.299006,-0.193855,0.007845
-0.651495,0.063405,0.141343,-0.013366,0.106481,-0.003354,0.482982,-0.149875,0.080329,0.379718,0.735002,0.286505,-0.170930,0.254523,-0.454215,0.001905,-0.340086,0.230966,-0.072172,0.132966,0.276675,1.006974,0.710467,1.209692,-0.759624,0.334958,0.295449,-0.208872,-0.012472
-0.673340,0.057183,0.140670,-0.025797,0.107464,0.001148,0.463273,-0.169890,0.089331,0.354873,0.706086,0.287152,-0.172268,0.313766,-0.511200,-0.000169,-0.340005,0.177699,-0.081724,0.121724,0.267601,1.019942,0.690127,1.224744,-0.756839,0.320746,0.291134,-0.219755,-0.030192
-0.699465,0.046636,0.139185,-0.042678,0.108544,0.004093,0.403751,-0.179606,0.098265,0.333188,0.679067,0.291677,-0.165305,0.355713,-0.551454,-0.002309,-0.338852,0.043670,-0.086420,0.114010,0.259284,1.022498,0.668329,1.235927,-0.757318,0.302965,0.285302,-0.222366,-0.042716
-0.715602,0.033121,0.137336,-0.059755,0.106543,0.005735,0.324538,-0.187649,0.106305,0.326153,0.657983,0.300611,-0.155290,0.358513,-0.574546,-0.005637,-0.335545,-0.093181,-0.088971,0.116640,0.252574,1.015867,0.650629,1.237800,-0.757454,0.290339,0.281719,-0.213985,-0.051512
-0.726745,0.018123,0.135304,-0.076931,0.103001,0.006727,0.235479,-0.194854,0.113899,0.326445,0.639866,0.311749,-0.143748,0.341739,-0.589056,-0.009558,-0.331160,-0.231444,-0.090450,0.124443,0.246668,1.004642,0.634977,1.235018,-0.757419,0.280290,0.279261,-0.200107,-0.058444
-0.726863,-0.000129,0.132987,-0.088517,0.094068,0.007116,0.149236,-0.204243,0.119973,0.353854,0.626077,0.319131,-0.125713,0.258373,-0.576636,-0.012157,-0.326229,-0.232666,-0.088384,0.138424,0.246046,0.996479,0.624417,1.228126,-0.759977,0.279352,0.277033,-0.178428,-0.059865
-0.722062,-0.016784,0.129751,-0.096721,0.083610,0.007560,0.076926,-0.215217,0.125261,0.386478,0.611447,0.323386,-0.104592,0.182437,-0.556448,-0.014360,-0.321324,-0.229061,-0.084514,0.151679,0.245794,0.990661,0.615804,1.221557,-0.761591,0.280483,0.274317,-0.160566,-0.060797
-0.707420,-0.030243,0.124673,-0.098162,0.070100,0.008113,0.032482,-0.229358,0.128974,0.429529,0.595132,0.321389,-0.077298,0.121365,-0.520725,-0.015773,-0.316471,-0.215805,-0.077036,0.163486,0.246281,0.989534,0.611087,1.215632,-0.761315,0.285753,0.270627,-0.150341,-0.060748
-0.690873,-0.042383,0.117932,-0.090919,0.054694,0.008349,0.016434,-0.243106,0.131314,0.484319,0.577792,0.314722,-0.047546,0.091226,-0.477679,-0.014743,-0.312734,-0.200836,-0.065937,0.169707,0.248077,0.990762,0.610682,1.215142,-0.760784,0.292662,0.270080,-0.146375,-0.054122
-0.673373,-0.053862,0.110358,-0.079334,0.038339,0.008426,0.014583,-0.256658,0.132968,0.544978,0.559940,0.305721,-0.016566,0.076554,-0.430973,-0.012492,-0.309555,-0.185012,-0.053028,0.173136,0.250527,0.993169,0.612433,1.217370,-0.760125,0.300390,0.271104,-0.145540,-0.044207
-0.656086,-0.070597,0.101911,-0.049528,0.022218,0.007966,0.038604,-0.266008,0.132243,0.623309,0.547788,0.293215,0.013739,0.046876,-0.386938,-0.004673,-0.306226,-0.170901,-0.036714,0.166703,0.254643,0.995883,0.617499,1.230175,-0.760879,0.301162,0.272371,-0.150417,-0.030865
-0.638366,-0.088886,0.093981,-0.018928,0.005921,0.007172,0.059649,-0.272675,0.130790,0.702763,0.537747,0.280031,0.043079,0.018451,-0.345167,0.003212,-0.303002,-0.150310,-0.020223,0.161439,0.257836,0.997011,0.623101,1.241826,-0.761176,0.301248,0.274158,-0.157457,-0.018354
-0.619776,-0.110283,0.087085,0.013261,-0.010731,0.005708,0.074743,-0.273977,0.127879,0.784463,0.531931,0.265491,0.070491,-0.007469,-0.307924,0.011231,-0.299989,-0.116760,-0.003378,0.158513,0.259181,0.994970,0.629777,1.251168,-0.760557,0.299959,0.276987,-0.168826,-0.007505
-0.597004,-0.134648,0.081459,0.040775,-0.027463,0.003691,0.077264,-0.272571,0.123690,0.858264,0.531970,0.249988,0.092516,-0.037455,-0.280145,0.018088,-0.297911,-0.096428,0.010760,0.162716,0.262142,0.988252,0.639502,1.253117,-0.758599,0.300384,0.279546,-0.177876,0.001712
-0.572140,-0.160497,0.076468,0.065951,-0.044236,0.001397,0.073499,-0.269810,0.118861,0.928115,0.534937,0.234005,0.111848,-0.069474,-0.257100,0.024364,-0.296301,-0.082705,0.023544,0.170482,0.265909,0.979196,0.650752,1.251370,-0.755970,0.301664,0.281969,-0.185768,0.010113
-0.539683,-0.184579,0.072192,0.080462,-0.060563,-0.001421,0.058449,-0.268626,0.113004,0.979656,0.538489,0.218223,0.130053,-0.095926,-0.246624,0.030062,-0.294613,-0.064422,0.029350,0.180162,0.269044,0.967016,0.664439,1.247333,-0.755695,0.303962,0.288088,-0.185317,0.012538
-0.504440,-0.206926,0.067591,0.093022,-0.076385,-0.004097,0.041777,-0.268625,0.107218,1.024689,0.542274,0.203090,0.147421,-0.119004,-0.239159,0.036020,-0.292046,-0.049058,0.033624,0.190166,0.271035,0.953942,0.679069,1.243109,-0.755122,0.306888,0.295345,-0.179854,0.013830
-0.463626,-0.225802,0.062336,0.101680,-0.091199,-0.006489,0.021859,-0.270991,0.101572,1.056709,0.546524,0.189257,0.163117,-0.135338,-0.237715,0.042498,-0.287724,-0.039528,0.034835,0.200817,0.270736,0.939080,0.695589,1.238511,-0.753952,0.311068,0.304880,-0.164369,0.012856
-0.418597,-0.242520,0.055659,0.110384,-0.104753,-0.008183,0.003316,-0.275386,0.096392,1.071929,0.549743,0.176095,0.176407,-0.145313,-0.241787,0.050805,-0.283219,-0.037935,0.033760,0.207552,0.269130,0.927384,0.713527,1.238790,-0.752597,0.314076,0.312226,-0.142834,0.012898
-0.371462,-0.258160,0.048269,0.119110,-0.117678,-0.009527,-0.014541,-0.280796,0.091445,1.078750,0.552445,0.163268,0.188495,-0.152110,-0.248617,0.060027,-0.278622,-0.040309,0.031542,0.212327,0.266869,0.917271,0.732174,1.241509,-0.751150,0.316498,0.318478,-0.118274,0.013447
-0.319212,-0.275428,0.040104,0.118787,-0.130029,-0.009700,-0.038036,-0.284820,0.087427,1.053572,0.560274,0.141984,0.195745,-0.136342,-0.260124,0.064994,-0.271606,-0.062267,0.028295,0.213226,0.260672,0.912529,0.755403,1.247167,-0.749314,0.323162,0.329044,-0.092401,0.010893
-0.266059,-0.293595,0.031598,0.114758,-0.141635,-0.009439,-0.065542,-0.288161,0.083697,1.015389,0.571185,0.119492,0.202623,-0.120127,-0.272630,0.069545,-0.264985,-0.087020,0.025273,0.212364,0.252027,0.909572,0.777491,1.253851,-0.746983,0.329292,0.339999,-0.067627,0.009178
-0.211102,-0.313560,0.022407,0.103316,-0.151751,-0.008309,-0.101068,-0.290136,0.080542,0.951197,0.588257,0.094586,0.208757,-0.103019,-0.287132,0.073263,-0.259155,-0.117363,0.022699,0.207981,0.238487,0.910184,0.797295,1.262586,-0.743660,0.334358,0.351733,-0.045047,0.009143
-0.159615,-0.334495,0.012096,0.094264,-0.161694,-0.006321,-0.131230,-0.291938,0.078050,0.866495,0.605373,0.068858,0.211257,-0.124276,-0.300790,0.077493,-0.253903,-0.136408,0.019999,0.199947,0.221753,0.914193,0.815233,1.273294,-0.740823,0.336087,0.363345,-0.029141,0.009406
-0.109864,-0.355915,0.001225,0.086406,-0.171551,-0.003904,-0.158710,-0.293652,0.075889,0.771540,0.622511,0.042719,0.211940,-0.164715,-0.314025,0.081979,-0.248940,-0.149802,0.017236,0.190087,0.203424,0.919900,0.832236,1.284988,-0.738229,0.336148,0.374897,-0.016571,0.009819
