joint_0,joint_1,joint_2,joint_3,joint_4,joint_5,joint_6,joint_7,joint_8,joint_9,joint_10,joint_11,joint_12,joint_13,joint_14,joint_15,joint_16,joint_17,joint_18,joint_19,joint_20,joint_21,joint_22,joint_23,joint_24,joint_25,joint_26,joint_27,joint_28
0.687330,0.273839,0.175680,-0.064800,0.327840,-0.136650,-0.356250,1.568460,0.063420,-0.225150,-1.537260,1.401390,-0.533040,-0.164100,0.353760,-0.365670,-0.283230,-0.141660,-0.046200,1.015140,0.125820,0.092579,0.296520,-0.607921,-0.076500,0.249930,0.106139,0.478500,0.004410
0.682090,0.280810,0.174150,-0.024000,0.378750,-0.132730,-0.375040,1.522910,0.050740,-0.258410,-1.236810,1.301730,-0.493390,-0.119410,0.547950,-0.365780,-0.249450,-0.157970,0.051140,0.991510,0.136960,0.096140,0.261690,-0.584340,0.000010,0.235640,0.069530,0.334550,0.004610
0.671610,0.294751,0.171090,0.057600,0.480570,-0.124890,-0.412620,1.431810,0.025380,-0.324930,-0.635911,1.102410,-0.414090,-0.030030,0.936330,-0.366000,-0.181890,-0.190590,0.245820,0.944250,0.159240,0.103261,0.192030,-0.537179,0.153029,0.207060,-0.003690,0.046650,0.005010
0.596310,0.178710,0.166490,0.120600,0.416050,-0.121590,-0.404200,1.102170,0.005540,-0.313910,0.013930,0.963170,-0.216530,0.017770,0.608310,-0.255920,-0.093030,-0.248930,0.779840,0.586610,0.056960,0.130699,0.031090,-0.154901,0.274910,0.260420,-0.126710,-0.043190,-0.039470
0.558660,0.120690,0.164190,0.152100,0.383790,-0.119940,-0.399990,0.937350,-0.004380,-0.308399,0.338851,0.893550,-0.117750,0.041670,0.444300,-0.200880,-0.048600,-0.278100,1.046850,0.407790,0.005820,0.144417,-0.049379,0.036238,0.335850,0.287100,-0.188220,-0.088110,-0.061710
0.381570,-0.118710,0.147360,0.205980,0.101370,-0.132990,-0.315660,-0.014910,-0.034380,-0.149070,1.132259,0.661500,0.101250,0.027871,-0.343800,-0.167700,0.009180,-0.384120,1.108590,0.192660,-0.033240,0.162420,-0.213931,0.245100,0.357721,0.332429,-0.171570,-0.212250,-0.086790
0.367720,-0.105770,0.124540,0.226730,0.056640,-0.128940,-0.307500,-0.200220,-0.051790,-0.205950,1.058840,0.601700,0.135550,0.079221,-0.381570,-0.177010,0.043790,-0.400550,0.771920,0.242640,-0.010910,0.094930,-0.234891,0.192460,0.314890,0.302410,-0.130380,-0.115610,-0.103960
0.340020,-0.079890,0.078900,0.268230,-0.032820,-0.120840,-0.291180,-0.570840,-0.086610,-0.319710,0.912001,0.482100,0.204150,0.181920,-0.457110,-0.195630,0.113010,-0.433410,0.098580,0.342600,0.033750,-0.040051,-0.276809,0.087179,0.229229,0.242370,-0.048000,0.077670,-0.138300
0.347960,0.047030,0.035980,0.304330,-0.051500,-0.106960,-0.306200,-0.697740,-0.117730,-0.434590,0.627140,0.340840,0.242610,0.272340,-0.472070,-0.171730,0.168110,-0.448690,-0.045180,0.328700,0.064650,-0.044729,-0.224330,0.094739,0.167370,0.179810,0.017020,0.194610,-0.002580
0.351930,0.110490,0.014520,0.322380,-0.060840,-0.100020,-0.313710,-0.761190,-0.133290,-0.492030,0.484709,0.270210,0.261840,0.317549,-0.479550,-0.159780,0.195660,-0.456330,-0.117060,0.321750,0.080100,-0.047067,-0.198090,0.098519,0.136440,0.148530,0.049530,0.253080,0.065280
0.351210,0.240720,-0.031080,0.371310,0.037860,-0.073770,-0.300960,-0.639030,-0.159900,-0.523261,0.215460,-0.027000,0.257310,0.357870,-0.536760,-0.088890,0.259950,-0.464160,-0.170700,0.163560,0.065580,0.127587,-0.077160,0.292532,0.129660,0.359521,0.185820,-0.114330,0.309420
0.320320,0.256900,-0.037860,0.381690,0.066730,-0.061620,-0.284490,-0.618080,-0.161800,-0.477910,0.149120,-0.104710,0.210440,0.353710,-0.544510,-0.116580,0.263910,-0.459380,-0.203620,0.302070,0.049860,0.014689,-0.042830,0.157912,0.139380,0.323330,0.212430,0.015950,0.314760
0.258540,0.289259,-0.051420,0.402450,0.124470,-0.037320,-0.251550,-0.576180,-0.165600,-0.387210,0.016440,-0.260130,0.116700,0.345390,-0.560010,-0.171960,0.271830,-0.449820,-0.269460,0.579090,0.018420,-0.211108,0.025830,-0.111330,0.158821,0.250950,0.265650,0.276510,0.325440
0.157040,0.301200,-0.060500,0.413070,0.190950,-0.012840,-0.237650,-0.535640,-0.149980,-0.163130,-0.031179,-0.367550,0.034960,0.240550,-0.645830,-0.172920,0.243750,-0.423540,-0.342780,0.633530,0.064960,-0.306931,0.118530,-0.164990,0.087181,0.195210,0.274950,0.476790,0.270840
0.106290,0.307170,-0.065040,0.418380,0.224190,-0.000600,-0.230700,-0.515370,-0.142170,-0.051090,-0.054989,-0.421260,-0.005910,0.188130,-0.688740,-0.173400,0.229710,-0.410400,-0.379440,0.660750,0.088230,-0.354842,0.164881,-0.191821,0.051361,0.167339,0.279600,0.576930,0.243540
0.046170,0.250590,-0.098370,0.458130,0.373290,0.036240,-0.165060,-0.377670,-0.090000,0.232020,0.094469,-0.527520,-0.098190,-0.099060,-0.764279,-0.164520,0.202470,-0.365550,-0.439350,0.709140,0.184080,-0.572337,0.324540,-0.282869,-0.098881,0.155970,0.235710,0.738990,0.125160
-0.008980,0.173100,-0.107280,0.476450,0.431990,0.048210,-0.141500,-0.319690,-0.068170,0.391630,0.234510,-0.548360,-0.135280,-0.187860,-0.747310,-0.157260,0.195490,-0.370780,-0.446300,0.681430,0.191130,-0.634929,0.373050,-0.294820,-0.122281,0.090820,0.234680,0.723260,0.108250
-0.119280,0.018120,-0.125100,0.513090,0.549390,0.072150,-0.094380,-0.203730,-0.024510,0.710850,0.514591,-0.590040,-0.209460,-0.365460,-0.713370,-0.142740,0.181530,-0.381240,-0.460200,0.626010,0.205230,-0.760113,0.470070,-0.318722,-0.169081,-0.039480,0.232620,0.691800,0.074430
-0.121040,-0.134400,-0.129460,0.515770,0.594950,0.090210,-0.044060,-0.093690,-0.001750,0.939750,0.814730,-0.631900,-0.280920,-0.327080,-0.669490,-0.115420,0.111010,-0.417140,-0.451240,0.480530,0.206610,-0.818089,0.526650,-0.249461,-0.192000,-0.177220,0.144500,0.616920,0.004310
-0.121920,-0.210660,-0.131640,0.517110,0.617730,0.099240,-0.018900,-0.038670,0.009630,1.054200,0.964800,-0.652830,-0.316650,-0.307890,-0.647551,-0.101760,0.075750,-0.435090,-0.446760,0.407790,0.207300,-0.847077,0.554940,-0.214831,-0.203460,-0.246090,0.100441,0.579480,-0.030750
-0.144240,-0.256500,-0.132480,0.481800,0.611040,0.102450,0.088560,0.030600,0.009840,0.882690,0.954060,-0.795120,-0.403860,-0.128460,-0.631740,-0.013200,0.014250,-0.472020,-0.454200,0.077670,0.169950,-0.744030,0.641820,-0.004138,-0.208830,-0.429870,0.139830,0.393360,-0.080160
-0.167910,-0.185780,-0.128610,0.499640,0.614100,0.105570,0.081350,-0.002710,0.006330,0.852010,0.772060,-0.879920,-0.390650,-0.018540,-0.576720,0.036620,0.041390,-0.475070,-0.459190,0.032520,0.117570,-0.710831,0.621700,0.012701,-0.176989,-0.450380,0.181280,0.409570,-0.102510
-0.215250,-0.044340,-0.120870,0.535320,0.620220,0.111810,0.066930,-0.069330,-0.000690,0.790650,0.408061,-1.049520,-0.364230,0.201300,-0.466680,0.136260,0.095670,-0.481170,-0.469170,-0.057780,0.012810,-0.644431,0.581460,0.046377,-0.113309,-0.491400,0.264180,0.441990,-0.147210
-0.254530,0.170980,-0.121970,0.510880,0.579860,0.128490,0.005630,-0.128070,-0.004930,0.704230,-0.080920,-1.137920,-0.196190,0.517680,-0.237120,0.269180,0.149870,-0.390650,-0.439670,-0.229380,-0.146530,-0.535750,0.421779,0.167501,-0.073230,-0.500280,0.136580,0.400330,-0.374870
-0.274170,0.278640,-0.122520,0.498660,0.559680,0.136830,-0.025020,-0.157440,-0.007050,0.661021,-0.325411,-1.182120,-0.112170,0.675870,-0.122340,0.335640,0.176970,-0.345390,-0.424920,-0.315180,-0.226200,-0.481410,0.341939,0.228063,-0.053190,-0.504720,0.072780,0.379500,-0.488700
-0.382050,0.520830,-0.137760,0.315810,0.408540,0.136020,-0.118740,-0.165390,0.001980,0.603989,-0.924540,-1.341150,0.037830,1.312710,0.237030,0.282840,0.239130,-0.053940,-0.353310,-0.682530,-0.221850,-0.315329,0.149791,0.646920,0.105629,-0.156359,-0.113820,0.060420,-0.529470
-0.461970,0.569240,-0.150520,0.266730,0.373360,0.130500,-0.141960,-0.176300,0.005070,0.660779,-1.067400,-1.313850,0.088210,1.456470,0.347130,0.280060,0.235600,0.036620,-0.338430,-0.608250,-0.221850,-0.392140,0.056241,0.544879,0.165070,-0.260900,-0.089180,0.037360,-0.433650
-0.621810,0.666060,-0.176040,0.168570,0.303000,0.119460,-0.188400,-0.198120,0.011250,0.774361,-1.353121,-1.259250,0.188970,1.743990,0.567330,0.274500,0.228540,0.217740,-0.308670,-0.459690,-0.221850,-0.545760,-0.130860,0.340798,0.283951,-0.469980,-0.039901,-0.008760,-0.242010
-0.823910,0.638140,-0.195820,0.026390,0.210460,0.109900,-0.262140,-0.196040,0.013230,0.993381,-1.417240,-1.119050,0.284950,1.825090,0.671110,0.154600,0.165300,0.292520,-0.261230,-0.302910,-0.202270,-0.811340,-0.266380,0.044539,0.367370,-0.538080,-0.179120,0.156720,-0.100110
-0.924960,0.624180,-0.205710,-0.044700,0.164190,0.105120,-0.299010,-0.195000,0.014220,1.102890,-1.449299,-1.048950,0.332940,1.865640,0.723000,0.094650,0.133680,0.329910,-0.237510,-0.224520,-0.192480,-0.944130,-0.334141,-0.103590,0.409080,-0.572130,-0.248730,0.239460,-0.029160
-1.193610,0.426660,-0.229440,-0.037800,0.066450,0.103800,0.039420,-0.209010,0.007500,1.321170,-1.347451,-0.871050,0.382980,1.637880,0.730079,0.035250,-0.056430,0.293100,-0.166770,-0.254730,0.104730,-1.138170,-0.339391,-0.296130,0.168359,-0.643320,-0.383939,0.214500,0.109200
-1.246400,0.365800,-0.225670,0.026270,0.049660,0.112720,0.257890,-0.196870,0.005590,1.391350,-1.277360,-0.817790,0.365430,1.517630,0.687930,0.036670,-0.100680,0.263350,-0.150350,-0.295930,0.145130,-1.181150,-0.318200,-0.279080,0.121349,-0.574330,-0.353690,0.291830,0.129080
-1.351980,0.244080,-0.218130,0.154410,0.016080,0.130560,0.694830,-0.172590,0.001770,1.531709,-1.137180,-0.711270,0.330330,1.277130,0.603630,0.039510,-0.189180,0.203850,-0.117510,-0.378330,0.225930,-1.267110,-0.275819,-0.244979,0.027330,-0.436350,-0.293190,0.446490,0.168840
-1.327860,0.159460,-0.187450,0.335250,0.045560,0.157220,0.995190,-0.144110,0.005970,1.558470,-0.979240,-0.599150,0.285790,0.856990,0.513470,0.037170,-0.214880,0.073850,-0.100470,-0.497050,0.225230,-1.282610,-0.209500,-0.174779,-0.043509,-0.281050,-0.144110,0.423250,0.040140
-1.315800,0.117150,-0.172110,0.425670,0.060300,0.170550,1.145370,-0.129870,0.008070,1.571850,-0.900270,-0.543090,0.263520,0.646920,0.468390,0.036000,-0.227730,0.008850,-0.091950,-0.556410,0.224880,-1.290361,-0.176341,-0.139679,-0.078928,-0.203400,-0.069569,0.411630,-0.024210
-1.034730,0.057840,-0.121200,0.745230,0.076890,0.228780,1.654530,-0.058860,0.035760,1.422300,-0.657629,-0.356220,0.166410,-0.178950,0.345630,0.019050,-0.251640,0.407160,-0.054810,-0.751650,0.178740,-1.249289,-0.019589,-0.030720,-0.137370,-0.131341,0.106350,0.341670,-0.267090
-0.958270,-0.024310,-0.098030,0.772540,0.103370,0.250350,1.743430,-0.034830,0.055900,1.316430,-0.473480,-0.319240,0.114400,-0.532420,0.241610,0.024350,-0.247110,0.522450,-0.033660,-0.785910,0.154110,-1.218519,0.054700,-0.020250,-0.154231,-0.126460,0.153840,0.355320,-0.321650
-0.805350,-0.188610,-0.051690,0.827160,0.156330,0.293490,1.921230,0.013230,0.096180,1.104689,-0.105180,-0.245280,0.010380,-1.239360,0.033570,0.034950,-0.238050,0.753030,0.008640,-0.854430,0.104850,-1.156980,0.203279,0.000690,-0.187951,-0.116700,0.248820,0.382620,-0.430770
-0.581790,-0.290490,-0.019730,0.780180,0.204690,0.324970,1.997610,0.079110,0.132500,0.663810,0.203520,-0.151920,-0.074900,-1.461160,-0.176730,0.005510,-0.257490,0.982990,0.029400,-0.864470,0.052030,-1.001360,0.342280,-0.062371,-0.202490,-0.035140,0.268640,0.241620,-0.411970
-0.470010,-0.341430,-0.003750,0.756690,0.228870,0.340710,2.035800,0.112050,0.150660,0.443371,0.357870,-0.105240,-0.117540,-1.572060,-0.281880,-0.009210,-0.267210,1.097970,0.039780,-0.869490,0.025620,-0.923551,0.411780,-0.093902,-0.209759,0.005640,0.278549,0.171120,-0.402570
-0.260340,-0.464520,0.025740,0.502500,0.296820,0.355110,1.735320,0.150840,0.205980,-0.086880,0.779880,0.009930,-0.193620,-1.266270,-0.437460,-0.006780,-0.223500,0.325620,-0.030750,-0.911970,-0.237450,-0.703980,0.463530,-0.197189,-0.038880,0.047220,0.231780,-0.002580,-0.391380
-0.227990,-0.455080,0.023450,0.400450,0.300850,0.355710,1.617940,0.145420,0.222190,-0.214640,0.826580,0.044870,-0.200950,-1.155910,-0.428220,0.034540,-0.204690,0.308540,-0.048150,-0.991740,-0.310670,-0.621590,0.458730,-0.124550,-0.004470,0.030020,0.245210,-0.076230,-0.360930
-0.163291,-0.436200,0.018870,0.196350,0.308910,0.356910,1.383180,0.134580,0.254610,-0.470159,0.919979,0.114750,-0.215610,-0.935190,-0.409740,0.117180,-0.167070,0.274380,-0.082950,-1.151280,-0.457110,-0.456811,0.449131,0.020728,0.064350,-0.004380,0.272070,-0.223530,-0.300030
-0.178130,-0.376020,-0.004050,0.006650,0.273850,0.342010,1.131340,0.085680,0.265690,-0.693620,0.820940,0.174030,-0.236690,-0.760790,-0.377020,0.148960,-0.111970,0.232940,-0.089310,-1.180020,-0.534730,-0.303070,0.377190,0.083911,0.063570,-0.007160,0.341430,-0.274750,-0.287990
-0.185550,-0.345930,-0.015510,-0.088200,0.256320,0.334560,1.005420,0.061230,0.271230,-0.805351,0.771421,0.203670,-0.247230,-0.673590,-0.360661,0.164850,-0.084420,0.212220,-0.092490,-1.194390,-0.573540,-0.226200,0.341220,0.115503,0.063180,-0.008550,0.376110,-0.300360,-0.281970
-0.254399,-0.104220,-0.051600,-0.276000,0.175680,0.285960,0.551040,-0.044790,0.241170,-0.936209,0.357179,0.276030,-0.146880,-0.286860,-0.261389,0.147870,0.072090,-0.233670,-0.082740,-0.930841,-0.562890,0.037891,0.108899,0.080187,0.096479,0.380761,0.161250,-0.301050,-0.197250
-0.304570,-0.042730,-0.053110,-0.336470,0.143510,0.271590,0.373790,-0.089410,0.214040,-0.905370,0.213789,0.256830,-0.083050,-0.221590,-0.206750,0.158200,0.102080,-0.273520,-0.075700,-0.859920,-0.600570,0.146170,0.006649,0.052148,0.142080,0.283740,0.087010,-0.353320,-0.213020
-0.404910,0.080250,-0.056130,-0.457410,0.079170,0.242850,0.019290,-0.178650,0.159780,-0.843691,-0.072990,0.218430,0.044610,-0.091050,-0.097471,0.178860,0.162060,-0.353220,-0.061620,-0.718080,-0.675930,0.362729,-0.197850,-0.003930,0.233281,0.089699,-0.061470,-0.457860,-0.244560
-0.447850,0.178490,-0.050350,-0.445070,-0.003730,0.215190,-0.144070,-0.245910,0.086860,-0.712171,-0.318750,0.247350,0.167970,0.165230,0.021290,0.127920,0.195020,-0.325920,-0.031240,-0.365560,-0.612370,0.631390,-0.267969,-0.135649,0.237200,0.345080,-0.168450,-0.476120,-0.187280
-0.469320,0.227610,-0.047460,-0.438900,-0.045180,0.201360,-0.225750,-0.279540,0.050400,-0.646411,-0.441629,0.261810,0.229650,0.293370,0.080670,0.102450,0.211500,-0.312270,-0.016050,-0.189300,-0.580590,0.765721,-0.303029,-0.201509,0.239160,0.472771,-0.221940,-0.485250,-0.158640
-0.405390,0.265709,-0.033510,-0.311130,-0.157500,0.141960,-0.316021,-0.294870,-0.031470,-0.355049,-0.530369,0.337740,0.330630,0.605520,0.154050,0.051090,0.204090,-0.470850,0.034350,0.118320,-0.187560,1.140629,-0.239131,-0.250919,0.040830,0.877980,-0.274890,-0.215970,0.141600
-0.393350,0.248100,-0.023840,-0.241220,-0.160670,0.120110,-0.352950,-0.288600,-0.047920,-0.209380,-0.519860,0.346550,0.321850,0.530310,0.180370,0.058410,0.206870,-0.352890,0.045210,0.216690,-0.111940,1.197639,-0.231330,-0.332849,0.008080,0.853130,-0.264250,-0.172140,0.187640
-0.369270,0.212881,-0.004500,-0.101400,-0.167010,0.076410,-0.426810,-0.276060,-0.080820,0.081959,-0.498841,0.364170,0.304290,0.379890,0.233010,0.073050,0.212430,-0.116970,0.066930,0.413429,0.039300,1.311659,-0.215728,-0.496709,-0.057421,0.803430,-0.242970,-0.084480,0.279720
-0.354850,0.182420,0.021260,0.000940,-0.153930,0.033410,-0.484890,-0.199560,-0.096900,0.399640,-0.460420,0.432370,0.240750,0.371330,0.268430,0.123510,0.209530,-0.006170,0.051470,0.560990,0.165220,1.330940,-0.151269,-0.614970,-0.111040,0.671050,-0.210010,-0.110400,0.376040
-0.347639,0.167189,0.034140,0.052110,-0.147390,0.011910,-0.513930,-0.161310,-0.104940,0.558481,-0.441210,0.466470,0.208980,0.367050,0.286141,0.148740,0.208080,0.049230,0.043740,0.634770,0.228180,1.340581,-0.119040,-0.674100,-0.137849,0.604860,-0.193530,-0.123360,0.424200
-0.238591,0.108090,0.078960,0.211710,-0.161880,-0.062310,-0.719790,0.009090,-0.103950,0.936270,-0.202950,0.577320,0.078720,0.548730,0.262799,0.265350,0.156810,0.101700,-0.050310,0.711150,0.502440,1.361250,0.054569,-0.484232,-0.381390,0.853140,-0.111120,-0.024060,0.445680
-0.150570,0.091700,0.088780,0.224470,-0.150260,-0.078870,-0.752960,0.045240,-0.098920,1.015810,-0.124270,0.613420,0.029030,0.565210,0.220650,0.255620,0.152100,0.159950,-0.043900,0.740470,0.516400,1.323040,0.089319,-0.475981,-0.400560,0.835260,-0.070390,0.039790,0.392110
0.025470,0.058920,0.108420,0.249990,-0.127020,-0.111990,-0.819300,0.117540,-0.088860,1.174890,0.033090,0.685620,-0.070350,0.598170,0.136350,0.236160,0.142680,0.276450,-0.031080,0.799110,0.544320,1.246621,0.158821,-0.459480,-0.438901,0.799500,0.011070,0.167490,0.284970
0.165990,0.023120,0.113660,0.292790,-0.098980,-0.124790,-0.881900,0.159060,-0.072980,1.309930,0.185310,0.789940,-0.241350,0.282270,0.051730,0.232620,0.201620,0.080870,-0.001400,0.727990,0.476560,1.084320,0.200260,-0.345020,-0.357260,0.675300,0.175630,0.131330,0.215170
0.236250,0.005220,0.116280,0.314190,-0.084960,-0.131190,-0.913200,0.179820,-0.065040,1.377450,0.261420,0.842100,-0.326850,0.124320,0.009420,0.230850,0.231090,-0.016920,0.013440,0.692430,0.442680,1.003169,0.220980,-0.287790,-0.316440,0.613199,0.257910,0.113250,0.180270
0.389490,-0.048060,0.108030,0.172170,-0.070410,-0.134280,-1.156350,0.242700,-0.048450,1.593930,0.501089,0.736470,0.041040,0.111090,-0.123720,0.219990,0.015660,-0.138690,0.046140,0.462960,0.210240,1.198200,0.378571,-0.161819,-0.191849,0.271080,-0.257640,-0.177000,-0.177240
0.467520,-0.026940,0.094800,0.137690,-0.086920,-0.135410,-1.133380,0.255640,-0.054630,1.558520,0.478360,0.735380,-0.092390,0.278820,-0.121480,0.127260,0.019380,-0.259710,0.054190,0.475640,0.160370,1.214510,0.413770,-0.162719,-0.209190,0.226740,-0.224710,-0.152980,-0.183070
0.623581,0.015300,0.068340,0.068730,-0.119940,-0.137670,-1.087440,0.281520,-0.066990,1.487700,0.432901,0.733200,-0.359250,0.614280,-0.117000,-0.058200,0.026820,-0.501750,0.070290,0.501000,0.060630,1.247131,0.484169,-0.164520,-0.243870,0.138060,-0.158850,-0.104940,-0.194730
0.754680,0.049800,0.047300,-0.071050,-0.132100,-0.140150,-1.103420,0.267940,-0.080310,1.325260,0.402060,0.599500,-0.347570,0.864320,-0.116500,-0.190700,0.026720,-0.536010,0.097110,0.505660,-0.011610,1.196891,0.341430,-0.161320,-0.184690,0.226900,-0.069790,-0.163360,-0.228470
0.820230,0.067050,0.036780,-0.140940,-0.138180,-0.141390,-1.111410,0.261150,-0.086970,1.244041,0.386639,0.532650,-0.341730,0.989340,-0.116251,-0.256950,0.026670,-0.553140,0.110520,0.507990,-0.047730,1.171771,0.270061,-0.159720,-0.155100,0.271320,-0.025259,-0.192570,-0.245340
0.983640,0.083520,-0.004290,-0.327360,-0.134130,-0.137580,-1.032930,0.234000,-0.113400,0.799801,0.399810,0.427710,-0.259710,1.190040,-0.135540,-0.404460,0.000150,-0.529260,0.144600,0.473070,-0.086520,1.080147,0.058830,-0.193470,-0.086850,0.177000,-0.005490,-0.431850,-0.271380
1.085560,0.087040,-0.019510,-0.350940,-0.145470,-0.131420,-0.947520,0.214400,-0.126300,0.520670,0.390940,0.390730,-0.219870,1.059270,-0.134280,-0.448270,-0.012310,-0.551400,0.157140,0.481770,-0.105440,1.003588,0.003780,-0.232760,-0.054090,0.146060,-0.033120,-0.553240,-0.292470
1.289400,0.094080,-0.049950,-0.398100,-0.168150,-0.119100,-0.776700,0.175200,-0.152100,-0.037590,0.373201,0.316770,-0.140190,0.797730,-0.131760,-0.535890,-0.037230,-0.595680,0.182220,0.499170,-0.143280,0.850471,-0.106321,-0.311340,0.011430,0.084180,-0.088380,-0.796020,-0.334650
1.329340,0.065880,-0.068210,-0.437900,-0.185450,-0.096840,-0.657320,0.131640,-0.159680,-0.630931,0.366860,0.232790,-0.113590,0.484410,-0.123480,-0.556990,-0.074750,-0.545920,0.203380,0.553230,-0.137220,0.565611,-0.169401,-0.367919,0.015590,0.070260,-0.165500,-0.691000,-0.374050
1.349310,0.051780,-0.077340,-0.457800,-0.194100,-0.085710,-0.597630,0.109860,-0.163470,-0.927601,0.363690,0.190800,-0.100290,0.327750,-0.119340,-0.567540,-0.093510,-0.521040,0.213960,0.580260,-0.134190,0.423181,-0.200940,-0.396209,0.017670,0.063300,-0.204061,-0.638490,-0.393750
1.380030,-0.090060,-0.103650,-0.227700,-0.163380,-0.033600,-0.237390,-0.005340,-0.162870,-1.919310,0.446100,0.082710,-0.099960,-0.390060,-0.139320,-0.494340,-0.094620,-0.073830,0.245100,0.560610,-0.226980,0.035877,-0.223079,-0.393991,0.128580,-0.081960,-0.162450,-0.392970,-0.371280
1.363890,-0.131660,-0.105940,-0.228630,-0.176810,-0.013980,-0.140530,-0.021290,-0.161110,-2.035740,0.454350,0.048980,-0.099900,-0.486590,-0.141490,-0.462600,-0.116050,0.212790,0.260580,0.572560,-0.232120,-0.077472,-0.212409,-0.404261,0.131470,-0.151470,-0.132420,-0.273020,-0.327070
1.331610,-0.214860,-0.110520,-0.230490,-0.203670,0.025260,0.053190,-0.053190,-0.157590,-2.268600,0.470851,-0.018480,-0.099780,-0.679650,-0.145830,-0.399120,-0.158910,0.786030,0.291540,0.596460,-0.242400,-0.304170,-0.191070,-0.424801,0.137250,-0.290490,-0.072360,-0.033120,-0.238650
1.306070,-0.242200,-0.124340,-0.000050,-0.248850,0.041920,0.399890,-0.089670,-0.148710,-2.088639,0.448090,-0.143260,-0.065120,-1.703970,-0.113590,-0.297000,-0.176510,0.689150,0.308100,0.514880,-0.245140,-0.384429,-0.121250,-0.336319,0.117429,-0.090350,0.042140,0.007280,-0.041250
1.293300,-0.255870,-0.131250,0.115170,-0.271440,0.050250,0.573240,-0.107910,-0.144270,-1.998659,0.436710,-0.205650,-0.047790,-2.216130,-0.097470,-0.245940,-0.185310,0.640710,0.316380,0.474090,-0.246510,-0.424558,-0.086340,-0.292078,0.107519,0.009720,0.099390,0.027480,0.057450
1.182840,-0.234660,-0.132480,0.243420,-0.345750,0.041040,0.992010,-0.167940,-0.128100,-1.988130,0.278040,-0.360900,0.014100,-2.440680,-0.009720,0.050640,-0.214950,0.147780,0.315600,-0.034770,-0.234270,-0.480512,0.002789,0.193859,0.019830,-0.375840,0.073380,-0.090990,0.060750
1.074180,-0.219980,-0.115890,0.167740,-0.377700,0.033580,0.877750,-0.188250,-0.123210,-1.934741,0.179080,-0.424900,0.025730,-2.217320,0.050150,0.118910,-0.179510,0.074860,0.318130,-0.065860,-0.255830,-0.532072,0.044690,0.261940,0.017780,-0.316720,0.140160,0.051330,0.054390
0.856860,-0.190619,-0.082710,0.016380,-0.441600,0.018660,0.649230,-0.228870,-0.113430,-1.827961,-0.018840,-0.552900,0.048990,-1.770600,0.169890,0.255450,-0.108630,-0.070980,0.323190,-0.128040,-0.298950,-0.635190,0.128490,0.398101,0.013679,-0.198480,0.273720,0.335970,0.041670
0.624360,-0.125620,-0.053770,-0.124740,-0.479520,0.001820,0.186510,-0.300470,-0.102990,-1.696360,-0.242981,-0.691020,0.112970,-1.433360,0.309730,0.363430,-0.023150,-0.277060,0.322570,-0.197960,-0.276690,-0.631268,0.224591,0.502981,0.029980,-0.116220,0.287260,0.492830,0.221770
0.508110,-0.093120,-0.039300,-0.195300,-0.498480,-0.006600,-0.044850,-0.336270,-0.097770,-1.630560,-0.355051,-0.760080,0.144960,-1.264739,0.379650,0.417420,0.019590,-0.380100,0.322260,-0.232920,-0.265560,-0.629307,0.272641,0.555421,0.038130,-0.075090,0.294030,0.571260,0.311820
0.211530,0.059339,-0.015810,-0.297270,-0.581520,-0.050070,-0.397050,-0.457800,-0.080040,-1.404449,-0.740279,-0.873390,0.299280,-0.698970,0.619860,0.490620,0.121440,-0.361200,0.285510,-0.301080,-0.271410,-0.655771,0.246779,0.623878,0.071400,-0.139110,0.135030,0.448290,0.331770
0.100960,0.046440,-0.010120,-0.300440,-0.590500,-0.066840,-0.430370,-0.488460,-0.072310,-1.291749,-0.783529,-0.911430,0.384660,-0.653380,0.669880,0.502620,0.150860,-0.279170,0.252930,-0.206370,-0.215820,-0.736111,0.150139,0.521739,0.062210,-0.185750,0.140710,0.386780,0.292280
-0.120180,0.020640,0.001260,-0.306780,-0.608460,-0.100380,-0.497010,-0.549780,-0.056850,-1.066350,-0.870030,-0.987510,0.555420,-0.562200,0.769920,0.526620,0.209700,-0.115110,0.187770,-0.016950,-0.104640,-0.896789,-0.043141,0.317459,0.043829,-0.279029,0.152070,0.263760,0.213300
-0.344560,-0.078540,0.012040,-0.376220,-0.644580,-0.118660,-0.506710,-0.546100,-0.022630,-0.763891,-0.755850,-0.900470,0.440300,-0.656400,0.772260,0.464420,0.281500,0.190670,0.233910,0.099090,0.026640,-0.965490,-0.116860,0.226619,-0.026450,-0.188910,0.299310,0.476460,0.289780
-0.456750,-0.128130,0.017430,-0.410940,-0.662640,-0.127800,-0.511560,-0.544260,-0.005520,-0.612661,-0.698760,-0.856950,0.382740,-0.703501,0.773430,0.433320,0.317400,0.343560,0.256980,0.157110,0.092280,-0.999840,-0.153719,0.181199,-0.061589,-0.143850,0.372931,0.582810,0.328020
-0.736470,-0.281040,0.043260,-0.530280,-0.735960,-0.134700,-0.503040,-0.427650,0.080430,0.097230,-0.426001,-0.777480,0.452250,-0.667859,0.747090,0.333990,0.304950,0.475980,0.349230,-0.022320,-0.030750,-1.051410,-0.145081,0.207303,0.090780,-0.176250,0.164309,0.603210,0.244800
-0.814730,-0.326700,0.057720,-0.586490,-0.750950,-0.140830,-0.508080,-0.369250,0.105660,0.277250,-0.346931,-0.752030,0.448900,-0.627100,0.737110,0.299280,0.287310,0.495750,0.359190,-0.070390,-0.058020,-1.041900,-0.153860,0.189031,0.136230,-0.197600,0.103770,0.521020,0.231260
-0.971250,-0.418020,0.086640,-0.698910,-0.780930,-0.153090,-0.518160,-0.252450,0.156120,0.637291,-0.188790,-0.701130,0.442200,-0.545580,0.717150,0.229860,0.252030,0.535290,0.379110,-0.166530,-0.112560,-1.022880,-0.171420,0.152489,0.227129,-0.240300,-0.017310,0.356640,0.204180
-1.078870,-0.473980,0.113280,-0.740690,-0.745630,-0.172410,-0.483980,-0.159390,0.196480,0.924169,-0.102709,-0.605690,0.409620,-0.516100,0.739030,0.205040,0.212650,0.549610,0.342630,-0.169790,-0.045380,-1.009561,-0.175939,0.120970,0.181950,-0.389240,-0.069470,0.467100,0.146380
-1.132680,-0.501959,0.126600,-0.761580,-0.727980,-0.182070,-0.466890,-0.112860,0.216660,1.067609,-0.059668,-0.557970,0.393330,-0.501360,0.749970,0.192630,0.192960,0.556770,0.324390,-0.171420,-0.011790,-1.002901,-0.178199,0.105211,0.159361,-0.463710,-0.095550,0.522330,0.117480
-1.126830,-0.495090,0.148260,-0.685920,-0.597090,-0.198630,-0.308760,-0.065190,0.239010,1.164540,-0.099961,-0.347490,0.288030,-0.396000,0.851490,0.174930,0.159480,0.512220,0.145260,-0.197010,0.147750,-0.736320,-0.127621,0.265199,0.030089,-0.198780,-0.118319,0.725100,0.134970
-1.036490,-0.464300,0.153360,-0.651880,-0.564820,-0.201050,-0.225680,-0.071350,0.231050,1.052190,-0.141900,-0.258570,0.258810,-0.303910,0.911160,0.130820,0.147770,0.494910,0.022080,-0.206630,0.148440,-0.598440,-0.106531,0.285850,0.021700,-0.096230,-0.065000,0.570740,0.106330
-0.855810,-0.402720,0.163560,-0.583800,-0.500280,-0.205890,-0.059520,-0.083670,0.215130,0.827490,-0.225779,-0.080730,0.200370,-0.119730,1.030500,0.042600,0.124350,0.460290,-0.224280,-0.225870,0.149820,-0.322679,-0.064350,0.327151,0.004921,0.108870,0.041640,0.262020,0.049050
-0.511550,-0.321440,0.179620,-0.532420,-0.462460,-0.209930,0.127220,-0.148130,0.164910,0.276830,-0.356540,0.156550,0.101550,0.129510,1.155380,-0.107200,0.030490,0.446210,-0.523460,-0.057170,0.187320,-0.199640,0.022570,0.111730,-0.044860,0.097630,0.159120,0.065280,0.079310
-0.339420,-0.280800,0.187650,-0.506730,-0.443550,-0.211950,0.220590,-0.180360,0.139800,0.001500,-0.421920,0.275190,0.052140,0.254130,1.217820,-0.182100,-0.016440,0.439170,-0.673050,0.027180,0.206070,-0.138121,0.066031,0.004020,-0.069750,0.092010,0.217861,-0.033090,0.094440
-0.117210,-0.152580,0.215910,-0.368520,-0.406260,-0.206550,0.357210,-0.727080,0.070680,-0.375420,-0.458340,0.609480,-0.108210,0.459930,1.145010,-0.203340,-0.065430,0.414660,-0.785790,0.018300,0.227370,0.096150,0.195869,0.021089,-0.056881,0.057720,0.226080,0.107010,0.214380
-0.107360,-0.118310,0.201490,-0.313160,-0.354780,-0.199660,0.365300,-0.819920,0.050030,-0.411000,-0.323240,0.670720,-0.110190,0.503580,0.816430,-0.218640,-0.076770,0.385710,-0.682560,0.045180,0.206590,0.215330,0.178370,-0.019240,-0.050710,0.073960,0.203270,0.036810,0.198910
-0.087660,-0.049770,0.172650,-0.202440,-0.251820,-0.185880,0.381480,-1.005600,0.008730,-0.482159,-0.053040,0.793200,-0.114150,0.590880,0.159270,-0.249240,-0.099450,0.327810,-0.476100,0.098940,0.165030,0.453690,0.143371,-0.099900,-0.038370,0.106440,0.157650,-0.103590,0.167970
-0.096940,0.105010,0.114730,-0.121060,0.039280,-0.155720,0.349760,-0.673700,-0.016370,-0.485200,0.484400,0.874460,-0.025710,0.592400,-0.654170,-0.277800,-0.084730,0.260550,-0.099280,0.081000,0.030490,0.707910,0.001370,-0.153201,0.059870,0.085380,0.100550,-0.373430,0.052070
-0.101580,0.182400,0.085770,-0.080370,0.184830,-0.140640,0.333900,-0.507750,-0.028920,-0.486721,0.753120,0.915090,0.018510,0.593160,-1.060890,-0.292080,-0.077370,0.226920,0.089130,0.072030,-0.036780,0.835020,-0.069630,-0.179851,0.108991,0.074850,0.072000,-0.508350,-0.005880
-0.162090,0.078210,0.052110,-0.094080,0.140220,-0.117270,0.364020,-0.603900,-0.049260,-0.531120,1.639259,0.969420,0.061710,0.620129,-1.334760,-0.322110,-0.138930,0.182490,0.622500,-0.128790,-0.185640,1.121911,-0.313291,-0.131038,0.243180,-0.230460,-0.084840,-0.927300,-0.161910
-0.208780,0.126170,0.052150,-0.113780,0.045730,-0.122270,0.366770,-0.739450,-0.060040,-0.482210,1.844530,0.971160,0.079350,0.600330,-1.352550,-0.329610,-0.179640,0.178190,0.839780,-0.118900,-0.152450,1.173111,-0.349891,-0.155549,0.205700,-0.318170,-0.133050,-1.046640,-0.206310
-0.302160,0.222090,0.052230,-0.153180,-0.143250,-0.132270,0.372270,-1.010550,-0.081600,-0.384389,2.255071,0.974640,0.114630,0.560730,-1.388130,-0.344610,-0.261060,0.169590,1.274340,-0.099120,-0.086070,1.275510,-0.423090,-0.204570,0.130740,-0.493590,-0.229470,-1.285320,-0.295110
-0.377280,0.275330,0.033370,-0.217060,-0.241710,-0.151170,0.368530,-0.954830,-0.102520,-0.276030,2.545829,0.976340,0.123970,0.506890,-1.320810,-0.350030,-0.310180,0.170330,0.769640,-0.076980,-0.049570,1.324310,-0.403370,-0.166309,0.072820,-0.459770,-0.205890,-1.342460,-0.249990
-0.414840,0.301950,0.023940,-0.249000,-0.290940,-0.160620,0.366660,-0.926970,-0.112980,-0.221851,2.691209,0.977190,0.128640,0.479971,-1.287150,-0.352740,-0.334740,0.170700,0.517290,-0.065910,-0.031320,1.348709,-0.393510,-0.147178,0.043859,-0.442860,-0.194100,-1.371030,-0.227430
-0.464790,0.465420,0.013200,-0.260940,-0.272790,-0.193050,0.365670,-0.766950,-0.160920,-0.305280,2.707411,0.902400,0.035550,0.533640,-1.058850,-0.308940,-0.282570,0.173610,-0.032220,-0.096780,-0.080340,1.351891,-0.284670,0.106738,0.043500,-0.048180,-0.017070,-1.229190,-0.174420
-0.475220,0.503790,0.012760,-0.262340,-0.201320,-0.190250,0.382550,-0.621300,-0.173760,-0.329550,2.647061,0.903820,-0.013770,0.551000,-1.010250,-0.335020,-0.288200,0.174970,-0.023130,-0.112030,-0.139180,1.261660,-0.220630,0.183939,0.055430,0.061830,0.014910,-1.087940,-0.173900
-0.496080,0.580530,0.011880,-0.265140,-0.058380,-0.184650,0.416310,-0.329999,-0.199440,-0.378090,2.526360,0.906660,-0.112410,0.585720,-0.913050,-0.387180,-0.299460,0.177690,-0.004950,-0.142530,-0.256860,1.081198,-0.092549,0.338341,0.079290,0.281850,0.078869,-0.805440,-0.172860
-0.517680,0.651730,0.026260,-0.240000,0.099560,-0.170370,0.474490,-0.062200,-0.213280,-0.381230,2.318839,0.912280,-0.199650,0.591180,-0.708070,-0.458800,-0.238320,0.178690,0.223990,0.063350,-0.216080,0.921000,-0.051810,0.281001,0.026311,0.412410,0.147670,-0.448920,-0.157020
-0.528480,0.687329,0.033450,-0.227430,0.178530,-0.163230,0.503580,0.071700,-0.220200,-0.382800,2.215079,0.915090,-0.243270,0.593910,-0.605580,-0.494610,-0.207750,0.179190,0.338460,0.166290,-0.195690,0.840901,-0.031441,0.252331,-0.000179,0.477690,0.182070,-0.270660,-0.149100
-0.559320,0.892590,0.066390,-0.150330,0.395310,-0.144570,0.588120,0.295440,-0.222900,-0.385260,1.631430,0.928170,-0.260610,0.598410,-0.225570,-0.481650,-0.140190,0.169770,0.415140,0.450300,-0.155370,0.627179,-0.047851,0.051599,-0.155341,0.445140,0.023550,-0.164190,-0.069360
-0.580530,0.948950,0.079940,-0.119910,0.453690,-0.135130,0.595430,0.332500,-0.211690,-0.355790,1.425880,0.861610,-0.296110,0.589590,-0.084780,-0.454690,-0.137130,0.163620,0.452340,0.454170,-0.117700,0.535240,-0.040380,0.047109,-0.165921,0.346730,0.003090,-0.143750,-0.081910
-0.622950,1.061670,0.107040,-0.059070,0.570450,-0.116250,0.610050,0.406620,-0.189270,-0.296850,1.014780,0.728490,-0.367110,0.571950,0.196800,-0.400770,-0.131010,0.151320,0.526740,0.461910,-0.042360,0.351362,-0.025440,0.038130,-0.187081,0.149910,-0.037830,-0.102870,-0.107010
-0.685190,1.171130,0.131980,0.007770,0.667710,-0.087850,0.624130,0.475320,-0.154310,-0.108610,0.612401,0.548490,-0.417510,0.485710,0.314800,-0.357570,-0.150730,0.130600,0.494580,0.458610,0.049980,0.254519,-0.001180,-0.006511,-0.104219,0.041730,-0.074530,-0.257430,-0.187930
-0.716310,1.225860,0.144450,0.041190,0.716340,-0.073650,0.631170,0.509670,-0.136830,-0.014490,0.411211,0.458490,-0.442710,0.442590,0.373800,-0.335970,-0.160590,0.120240,0.478500,0.456960,0.096150,0.206097,0.010951,-0.028832,-0.062789,-0.012360,-0.092880,-0.334710,-0.228390
-0.653010,1.349010,0.184230,0.211440,0.883350,-0.032970,0.633780,0.550020,-0.075720,0.053370,-0.281492,0.303450,-0.370950,0.385710,0.967290,-0.178200,-0.089760,0.078900,-0.262440,0.520140,0.172530,-0.002099,-0.048391,-0.104009,-0.061321,-0.055950,-0.180841,-0.343350,-0.303540
-0.597770,1.374120,0.192610,0.251960,0.875530,-0.019090,0.636410,0.547600,-0.060770,0.004360,-0.562061,0.223040,-0.367090,0.405400,1.328690,-0.127720,-0.077840,0.072030,-0.275230,0.481380,0.199880,-0.069849,-0.065810,-0.067239,-0.049151,-0.133010,-0.215451,-0.255220,-0.297300
-0.487290,1.424340,0.209370,0.333000,0.859890,0.008670,0.641670,0.542760,-0.030870,-0.093660,-1.123198,0.062220,-0.359370,0.444780,2.051490,-0.026760,-0.054000,0.058290,-0.300810,0.403860,0.254580,-0.205350,-0.100649,0.006301,-0.024810,-0.287130,-0.284670,-0.078960,-0.284820
-0.441730,1.465160,0.206950,0.378320,0.788290,0.021690,0.654410,0.472820,-0.028550,-0.168580,-1.835380,-0.090100,-0.373090,0.511320,2.160790,0.068980,-0.053940,0.044050,-0.444030,0.282820,0.317680,-0.258789,-0.100470,0.166159,-0.009410,-0.227070,-0.294470,0.039100,-0.085380
-0.418950,1.485570,0.205740,0.400980,0.752490,0.028200,0.660780,0.437850,-0.027390,-0.206040,-2.191470,-0.166260,-0.379950,0.544590,2.215440,0.116850,-0.053910,0.036930,-0.515640,0.222300,0.349230,-0.285509,-0.100381,0.246087,-0.001709,-0.197040,-0.299369,0.098130,0.014340
-0.415830,1.429890,0.191520,0.438000,0.589920,0.026580,0.690810,0.142860,-0.038760,-0.238590,-3.329970,-0.449820,-0.422370,0.628500,0.085740,0.162660,-0.073740,0.003150,-1.104960,0.198630,0.430380,-0.295590,-0.071910,0.306752,0.041791,-0.023850,-0.264630,0.134010,0.551730
-0.409220,1.364830,0.184070,0.459980,0.515320,0.030370,0.693130,0.038230,-0.040750,-0.278310,-3.405770,-0.530940,-0.447170,0.663870,-0.092640,0.177330,-0.054150,-0.010460,-1.067520,0.219940,0.425620,-0.345800,-0.073100,0.293241,0.075380,-0.008320,-0.235330,0.220290,0.703120
-0.396000,1.234710,0.169170,0.503940,0.366120,0.037950,0.697770,-0.171030,-0.044730,-0.357750,-3.557371,-0.693180,-0.496770,0.734610,-0.449400,0.206670,-0.014970,-0.037680,-0.992640,0.262560,0.416100,-0.446219,-0.075479,0.266218,0.142559,0.022740,-0.176730,0.392850,1.005900
-0.352140,1.004690,0.147570,0.532440,0.321740,0.052450,0.652430,-0.224430,-0.039330,-0.522650,-3.126270,-0.843380,-0.496850,0.872190,-0.827760,0.259530,0.068010,-0.067320,-0.523540,0.340000,0.333060,-0.565600,-0.096900,0.191560,0.227919,0.049320,-0.121650,0.563470,1.134440
-0.330210,0.889680,0.136770,0.546690,0.299550,0.059700,0.629760,-0.251130,-0.036630,-0.605100,-2.910719,-0.918480,-0.496890,0.940980,-1.016940,0.285960,0.109500,-0.082140,-0.288990,0.378720,0.291540,-0.625291,-0.107610,0.154231,0.270599,0.062610,-0.094110,0.648780,1.198710
-0.272190,0.471030,0.078930,0.599790,0.535650,0.104130,0.468960,0.121320,-0.036360,-0.801810,-2.230230,-1.023480,-0.198390,1.154610,-0.899100,0.452430,0.290370,-0.119640,-0.242850,0.314130,0.156690,-0.759841,-0.277861,0.145322,0.149100,-0.175830,-0.220681,0.694620,0.782820
-0.307470,0.311390,0.059510,0.596040,0.540060,0.119110,0.405360,0.123660,-0.028550,-0.784590,-1.940870,-1.066190,-0.140520,1.232760,-0.823880,0.446570,0.289270,-0.134650,-0.197350,0.276980,0.137640,-0.797111,-0.278881,0.154212,0.116280,-0.192900,-0.230600,0.657750,0.539150
-0.378031,-0.007890,0.020670,0.588540,0.548880,0.149070,0.278160,0.128340,-0.012930,-0.750149,-1.362151,-1.151610,-0.024780,1.389060,-0.673440,0.434850,0.287070,-0.164670,-0.106350,0.202680,0.099540,-0.871650,-0.280920,0.171990,0.050640,-0.227040,-0.250440,0.584010,0.051810
-0.360110,-0.130390,-0.020370,0.528120,0.564360,0.173950,0.111800,0.021580,-0.002070,-0.853130,-1.086970,-1.208430,0.030800,1.511600,-0.549380,0.387210,0.283370,-0.180330,-0.133590,0.092900,0.100000,-0.980830,-0.204599,0.199690,0.115700,-0.185820,-0.208360,0.438730,-0.256430
-0.351149,-0.191640,-0.040890,0.497910,0.572100,0.186390,0.028620,-0.031800,0.003360,-0.904621,-0.949380,-1.236840,0.058590,1.572870,-0.487350,0.363390,0.281520,-0.188160,-0.147210,0.038010,0.100230,-1.035420,-0.166438,0.213540,0.148230,-0.165210,-0.187320,0.366090,-0.410550
-0.273510,-0.277620,-0.097950,0.347700,0.521310,0.197310,-0.206850,-0.163560,0.023460,-1.008450,-0.601080,-1.088610,0.256440,1.680240,-0.428970,0.347610,0.213360,-0.208950,-0.166140,0.042630,0.165270,-1.384499,-0.099991,0.019737,-0.022919,-0.303841,-0.179160,0.516720,-0.699990
-0.254010,-0.288460,-0.112700,0.310350,0.495200,0.196010,-0.228560,-0.193970,0.036500,-0.986990,-0.493340,-1.023300,0.290180,1.684070,-0.455320,0.350730,0.217270,-0.199490,-0.214430,0.052930,0.178710,-1.390809,-0.064350,-0.059751,-0.007879,-0.434520,-0.109500,0.571420,-0.669910
-0.215010,-0.310140,-0.142200,0.235650,0.442980,0.193410,-0.271980,-0.254790,0.062580,-0.944070,-0.277860,-0.892680,0.357660,1.691730,-0.508020,0.356970,0.225090,-0.180570,-0.311010,0.073530,0.205590,-1.403430,0.006931,-0.218729,0.022200,-0.695879,0.029820,0.680820,-0.609750
-0.200170,-0.320880,-0.153320,0.173650,0.365520,0.190750,-0.285960,-0.297010,0.100160,-0.782470,-0.025040,-0.799600,0.395580,1.569170,-0.681960,0.286450,0.196730,-0.153350,-0.350590,0.003190,0.151410,-1.419590,0.175470,-0.336710,0.113800,-0.738240,0.073840,0.584820,-0.380450
-0.192750,-0.326250,-0.158880,0.142650,0.326790,0.189420,-0.292950,-0.318120,0.118950,-0.701670,0.101371,-0.753060,0.414540,1.507890,-0.768930,0.251190,0.182550,-0.139740,-0.370380,-0.031980,0.124320,-1.427670,0.259740,-0.395701,0.159600,-0.759420,0.095850,0.536820,-0.265800
-0.198600,-0.299760,-0.156480,0.116550,0.252780,0.184920,-0.328500,-0.449850,0.194460,-0.377040,0.381000,-0.590010,0.348480,1.061370,-1.012560,0.273510,0.081660,-0.109620,-0.411390,-0.296820,0.321420,-1.402350,0.543269,-0.241678,-0.063901,-0.686131,0.333240,0.568950,0.217230
-0.189840,-0.276520,-0.154380,0.117960,0.237080,0.185200,-0.334090,-0.494370,0.219120,-0.275140,0.447220,-0.542140,0.311330,0.884340,-1.065290,0.277780,0.082560,-0.099550,-0.423220,-0.373280,0.325820,-1.387620,0.605980,-0.167478,-0.081121,-0.607490,0.344490,0.557700,0.276280
-0.172320,-0.230040,-0.150180,0.120780,0.205680,0.185760,-0.345270,-0.583410,0.268440,-0.071340,0.579660,-0.446400,0.237030,0.530280,-1.170750,0.286320,0.084360,-0.079410,-0.446880,-0.526200,0.334620,-1.358160,0.731401,-0.019079,-0.115560,-0.450210,0.366990,0.535200,0.394380
-0.170260,-0.189500,-0.153100,0.096240,0.180020,0.187940,-0.336410,-0.563430,0.320100,0.067340,0.623179,-0.330160,0.153130,0.370880,-1.189890,0.245660,0.096940,-0.041050,-0.441400,-0.632800,0.289320,-1.312619,0.842560,0.095860,-0.077920,-0.303890,0.316550,0.280280,0.488860
-0.169230,-0.169230,-0.154560,0.083970,0.167190,0.189030,-0.331980,-0.553440,0.345930,0.136680,0.644939,-0.272040,0.111180,0.291180,-1.199460,0.225330,0.103230,-0.021870,-0.438660,-0.686100,0.266670,-1.289849,0.898139,0.153329,-0.059100,-0.230730,0.291331,0.152820,0.536100
-0.191191,-0.122700,-0.159120,0.036270,0.128820,0.180360,-0.329580,-0.488520,0.422820,0.300030,0.666152,-0.021060,0.046830,0.311130,-1.127400,0.033150,0.062700,-0.017970,-0.423240,-0.564210,0.250350,-1.330501,0.946620,0.015210,-0.135900,-0.022140,0.369779,0.250020,0.698430
-0.195060,-0.096080,-0.156320,0.013720,0.111900,0.174100,-0.350280,-0.499400,0.437610,0.333500,0.650611,0.060660,0.073440,0.326010,-1.083960,-0.007370,0.070090,-0.032040,-0.409770,-0.549030,0.221740,-1.295711,0.877610,0.001099,-0.134670,0.029790,0.340150,0.278740,0.690650
-0.202800,-0.042840,-0.150720,-0.031380,0.078060,0.161580,-0.391680,-0.521160,0.467190,0.400440,0.619529,0.224100,0.126660,0.355770,-0.997080,-0.088410,0.084870,-0.060180,-0.382830,-0.518670,0.164520,-1.226131,0.739591,-0.027122,-0.132210,0.133650,0.280891,0.336180,0.675090
-0.255860,-0.008600,-0.146040,-0.102580,0.048040,0.149780,-0.478880,-0.568020,0.464990,0.352020,0.377630,0.314940,0.220980,0.623070,-0.845720,-0.059690,0.112130,-0.165180,-0.365050,-0.699370,0.098940,-0.940770,0.542271,0.305099,-0.152710,0.231770,0.238050,0.179740,0.420570
-0.282390,0.008520,-0.143700,-0.138180,0.033030,0.143880,-0.522480,-0.591449,0.463890,0.327810,0.256680,0.360360,0.268140,0.756720,-0.770040,-0.045330,0.125760,-0.217680,-0.356160,-0.789720,0.066150,-0.798090,0.443611,0.471210,-0.162960,0.280830,0.216630,0.101520,0.293310
-0.256199,0.212520,-0.124920,-0.233880,0.092070,0.131310,-0.888300,-0.665160,0.387690,0.106560,-0.291181,0.539820,0.402750,0.974819,-0.326550,-0.224340,0.187800,-1.491390,-0.310650,-0.500130,-0.138870,-0.388979,0.170969,0.180480,-0.043949,0.206760,0.111541,0.363600,-0.093210
-0.221850,0.225830,-0.113720,-0.264470,0.078660,0.125850,-1.022500,-0.648410,0.352390,-0.010540,-0.402051,0.591860,0.446770,0.942070,-0.219440,-0.215730,0.197600,-1.831740,-0.282860,-0.461960,-0.177470,-0.141640,0.131150,0.183271,-0.007910,0.264760,0.067930,0.301260,-0.132240
-0.153151,0.252450,-0.091320,-0.325650,0.051840,0.114930,-1.290900,-0.614910,0.281790,-0.244740,-0.623791,0.695940,0.534810,0.876570,-0.005220,-0.198510,0.217200,-2.512440,-0.227280,-0.385620,-0.254670,0.353040,0.051511,0.188853,0.064169,0.380760,-0.019290,0.176580,-0.210300
-0.034030,0.219510,-0.067620,-0.396170,0.024180,0.096090,-1.591060,-0.523490,0.200610,-0.186860,-0.675769,0.793240,0.553950,0.337710,0.120600,-0.221450,0.206460,-2.815460,-0.165460,-0.198980,-0.232930,0.847859,0.048230,0.088350,0.073349,0.621020,-0.153330,-0.053380,-0.195180
0.025530,0.203040,-0.055770,-0.431430,0.010350,0.086670,-1.741140,-0.477780,0.160020,-0.157920,-0.701759,0.841890,0.563520,0.068280,0.183510,-0.232920,0.201090,-2.966970,-0.134550,-0.105660,-0.222060,1.095269,0.046590,0.038098,0.077940,0.741150,-0.220350,-0.168360,-0.187620
-0.136290,-0.029820,-0.092310,-0.553170,-0.028260,0.089340,-1.433880,-0.372060,0.004890,-0.025021,-0.631681,0.930030,0.437400,-1.876530,0.359280,-0.269100,0.112110,-0.766620,-0.034290,0.285630,-0.071250,1.637641,0.154740,-0.397321,-0.077879,0.661020,-0.038070,-0.393300,0.077700
-0.073980,-0.085630,-0.067330,-0.419960,-0.053470,0.083280,-1.412100,-0.308080,-0.043330,0.179240,-0.667110,0.923690,0.378690,-2.165940,0.432860,-0.245670,0.066680,-0.518160,-0.002480,0.336650,-0.039320,1.831151,0.150020,-0.436721,-0.109249,0.627750,-0.019820,-0.474590,0.116760
0.050640,-0.197250,-0.017370,-0.153540,-0.103890,0.071160,-1.368540,-0.180120,-0.139770,0.587761,-0.737970,0.911010,0.261270,-2.744760,0.580020,-0.198810,-0.024180,-0.021240,0.061140,0.438690,0.024540,2.218171,0.140580,-0.515521,-0.171990,0.561210,0.016680,-0.637170,0.194880
0.024740,-0.261410,0.033570,0.097640,-0.134890,0.075360,-0.810200,-0.060200,-0.217710,0.942880,-0.795890,0.903550,0.183810,-2.208260,0.673440,-0.110750,-0.089520,0.147180,0.105880,0.419870,0.051400,2.589950,0.080080,-0.389080,-0.160151,0.583530,-0.133320,-0.932450,0.158900
0.011790,-0.293490,0.059040,0.223230,-0.150390,0.077460,-0.531030,-0.000241,-0.256680,1.120440,-0.824850,0.899820,0.145080,-1.940010,0.720151,-0.066720,-0.122190,0.231390,0.128250,0.410460,0.064830,2.775840,0.049830,-0.325860,-0.154231,0.594690,-0.208320,-1.080090,0.140910
0.037830,-0.495180,0.078270,0.357990,-0.187680,0.081630,0.563610,0.151500,-0.314820,1.412580,-0.776790,0.892800,-0.045120,-1.337880,0.730170,-0.020670,-0.229950,0.905670,0.102810,0.293220,0.096180,2.910209,-0.002491,-0.170188,-0.149939,0.133290,-0.269819,-1.380180,0.090120
0.089660,-0.563960,0.094110,0.354300,-0.193680,0.073480,0.580400,0.223010,-0.317860,1.484200,-0.690820,0.930170,-0.114860,-1.450670,0.705660,0.026530,-0.279790,0.992860,0.079950,0.172760,0.129960,2.838849,0.011789,-0.020719,-0.178879,0.059490,-0.276700,-1.512970,0.160700
0.193320,-0.701520,0.125790,0.346920,-0.205680,0.057180,0.613980,0.366030,-0.323940,1.627440,-0.518880,1.004910,-0.254340,-1.676250,0.656640,0.120930,-0.379470,1.167240,0.034230,-0.068160,0.197520,2.696130,0.040349,0.278220,-0.236760,-0.088110,-0.290460,-1.778550,0.301860
0.336960,-0.812260,0.133850,0.376120,-0.181880,0.054600,0.558960,0.450050,-0.301780,1.743040,-0.245400,0.982750,-0.374680,-1.989390,0.517360,0.045390,-0.339130,0.882700,-0.006210,-0.157760,0.241440,2.412110,-0.051530,0.404420,-0.246440,-0.153230,-0.266900,-1.812530,0.332280
0.408780,-0.867630,0.137880,0.390720,-0.169980,0.053310,0.531450,0.492060,-0.290700,1.800840,-0.108660,0.971670,-0.434850,-2.145960,0.447721,0.007620,-0.318960,0.740430,-0.026430,-0.202560,0.263400,2.270100,-0.097470,0.467520,-0.251280,-0.185790,-0.255120,-1.829520,0.347490
0.585719,-0.984510,0.099720,0.517620,-0.120570,0.068670,0.644430,0.566129,-0.215910,2.053951,0.251940,1.135890,-0.451650,-2.399790,0.280020,0.060600,-0.323850,0.802680,-0.088110,-0.079230,0.033570,1.569901,-0.354150,0.381060,-0.153571,-0.550440,-0.382890,-1.312050,0.190170
0.641800,-1.037120,0.076110,0.610430,-0.103140,0.075930,0.757610,0.579500,-0.186760,2.082140,0.383830,1.128600,-0.506490,-2.346360,0.227500,-0.022140,-0.291680,0.774940,-0.101810,0.048540,-0.002890,1.348680,-0.360100,0.275290,-0.073071,-0.456500,-0.330740,-1.123380,0.096010
0.753960,-1.142340,0.028890,0.796050,-0.068280,0.090450,0.983970,0.606240,-0.128460,2.138520,0.647610,1.114020,-0.616170,-2.239500,0.122460,-0.187620,-0.227340,0.719460,-0.129210,0.304080,-0.075810,0.906240,-0.371999,0.063751,0.087930,-0.268620,-0.226440,-0.746040,-0.092310
0.904560,-1.199780,-0.006810,0.904890,-0.067380,0.099390,1.138430,0.610440,-0.078500,2.098179,0.869130,1.075240,-0.592670,-1.901060,0.034000,-0.261360,-0.193440,0.758720,-0.125510,0.381380,-0.251130,0.619580,-0.458220,-0.005729,0.218611,-0.119580,-0.084020,-0.717560,-0.385110
0.979860,-1.228500,-0.024660,0.959310,-0.066930,0.103860,1.215660,0.612541,-0.053520,2.078009,0.979890,1.055850,-0.580920,-1.731840,-0.010230,-0.298230,-0.176490,0.778350,-0.123660,0.420030,-0.338790,0.476249,-0.501330,-0.040469,0.283951,-0.045060,-0.012810,-0.703320,-0.531510
1.269450,-1.127580,-0.063660,0.972450,-0.071700,0.099870,1.260240,0.540749,-0.022980,1.807889,0.979140,0.777031,-0.474660,-1.268220,-0.010860,-0.361170,-0.079710,0.895380,-0.082800,0.555840,-0.482160,0.045000,-0.643231,-0.167223,0.359550,-0.189480,-0.012450,0.020700,-0.720060
1.361780,-1.048990,-0.072230,0.907670,-0.084400,0.095880,1.200530,0.479920,-0.028470,1.656360,0.900720,0.622120,-0.381600,-1.142090,0.022070,-0.346570,-0.063830,0.921230,-0.059250,0.555630,-0.519880,0.073421,-0.690171,-0.174452,0.389900,-0.143260,-0.074010,-0.051770,-0.711560
1.546440,-0.891810,-0.089370,0.778110,-0.109800,0.087900,1.081110,0.358260,-0.039450,1.353301,0.743880,0.312299,-0.195480,-0.889830,0.087930,-0.317370,-0.032070,0.972930,-0.012150,0.555210,-0.595320,0.130262,-0.784049,-0.188910,0.450599,-0.050820,-0.197130,-0.196711,-0.694560
1.639600,-0.679850,-0.101450,0.629250,-0.140540,0.071320,0.925550,0.219480,-0.060010,1.057860,0.432360,-0.076060,-0.061920,-0.582530,0.231450,-0.226610,-0.008670,0.759790,0.033510,0.330350,-0.565440,0.090759,-0.770950,0.020710,0.357301,0.037200,-0.209130,-0.358450,-0.699220
1.686180,-0.573870,-0.107490,0.554820,-0.155910,0.063030,0.847770,0.150090,-0.070290,0.910140,0.276600,-0.270240,0.004860,-0.428880,0.303210,-0.181230,0.003030,0.653220,0.056340,0.217920,-0.550500,0.071007,-0.764401,0.125520,0.310652,0.081210,-0.215130,-0.439320,-0.701550
1.687650,-0.264930,-0.117330,0.398280,-0.167790,0.045450,0.644610,-0.110250,-0.122640,0.333180,-0.304500,-0.775200,0.109710,0.002700,0.578010,0.085200,0.150630,0.549540,0.114750,-0.391890,-0.545340,-0.108418,-0.654209,0.776399,0.269249,0.126360,-0.039000,-0.222000,-0.719190
1.645460,-0.214060,-0.119190,0.326250,-0.180290,0.040950,0.524170,-0.178020,-0.140260,0.166520,-0.417860,-0.915380,0.121550,0.051440,0.637540,0.128290,0.183350,0.449580,0.129390,-0.322530,-0.508220,-0.261259,-0.599459,0.716530,0.270330,0.073360,-0.004330,-0.065140,-0.659540
1.561080,-0.112320,-0.122910,0.182190,-0.205290,0.031950,0.283290,-0.313560,-0.175500,-0.166801,-0.644580,-1.195740,0.145230,0.148920,0.756600,0.214470,0.248790,0.249660,0.158670,-0.183810,-0.433980,-0.566940,-0.489961,0.596792,0.272491,-0.032640,0.065010,0.248581,-0.540240
1.491520,-0.078920,-0.127610,0.036510,-0.282750,0.008550,0.122090,-0.357580,-0.191900,-0.494601,-0.682260,-1.288820,0.145730,0.542960,0.788600,0.253090,0.196070,0.186520,0.172190,0.036670,-0.224980,-0.888679,-0.303841,0.415891,0.135330,0.023040,0.057990,0.837940,-0.272240
1.456740,-0.062220,-0.129960,-0.036330,-0.321480,-0.003150,0.041490,-0.379590,-0.200100,-0.658500,-0.701100,-1.335360,0.145980,0.739980,0.804600,0.272400,0.169710,0.154950,0.178950,0.146910,-0.120480,-1.049548,-0.210781,0.325441,0.066749,0.050880,0.054480,1.132620,-0.138240
1.430640,-0.102990,-0.135810,-0.252240,-0.403680,-0.043770,-0.139110,-0.372480,-0.184710,-1.273440,-0.546840,-1.317000,0.047130,1.114319,0.736680,0.324300,0.025620,0.342750,0.170670,0.268560,0.071220,-1.588923,0.202891,0.126357,-0.236310,-0.159570,0.001590,1.637370,0.341280
1.363580,-0.142120,-0.131290,-0.328990,-0.442570,-0.061220,-0.269110,-0.368140,-0.174100,-1.486239,-0.466780,-1.336260,0.009080,1.084280,0.703330,0.292910,0.007240,-0.088630,0.171690,0.275870,0.088760,-1.725942,0.262051,0.059519,-0.256680,-0.223000,0.056250,1.660390,0.393460
1.229460,-0.220380,-0.122250,-0.482490,-0.520350,-0.096120,-0.529110,-0.359460,-0.152880,-1.911839,-0.306660,-1.374780,-0.067020,1.024200,0.636630,0.230130,-0.029520,-0.951390,0.173730,0.290490,0.123840,-1.999980,0.380369,-0.074158,-0.297421,-0.349860,0.165570,1.706430,0.497820
0.953880,-0.419740,-0.099170,-0.605530,-0.544770,-0.107700,-0.852830,-0.342420,-0.104500,-2.235780,-0.008920,-1.417760,-0.144720,0.241880,0.538890,0.219770,-0.002520,-1.181330,0.167050,0.376170,0.113240,-2.331139,0.403889,-0.353320,-0.263979,-0.569420,0.253670,1.830730,0.461100
0.816090,-0.519421,-0.087630,-0.667050,-0.556980,-0.113490,-1.014690,-0.333900,-0.080310,-2.397750,0.139950,-1.439250,-0.183570,-0.149280,0.490020,0.214590,0.010980,-1.296300,0.163710,0.419010,0.107940,-2.496718,0.415649,-0.492901,-0.247259,-0.679200,0.297720,1.892880,0.442740
0.549030,-0.567030,-0.066660,-0.579510,-0.612780,-0.099000,-1.286880,-0.344850,0.015870,-2.001570,0.404070,-1.528710,-0.096180,-0.692010,0.424140,0.282570,0.004950,-1.467270,0.147000,0.107220,0.245310,-2.486551,0.063331,-0.432211,-0.129631,-0.939810,0.506880,1.543080,0.436530
0.441040,-0.598460,-0.072660,-0.500040,-0.638230,-0.086880,-1.150760,-0.331100,0.057040,-1.737350,0.488550,-1.510060,-0.052580,-0.912150,0.403310,0.297210,-0.016310,-1.553370,0.142590,-0.038310,0.222490,-2.418640,0.045061,-0.391170,-0.122861,-0.892680,0.440590,1.473240,0.366820
0.225060,-0.661320,-0.084660,-0.341100,-0.689130,-0.062640,-0.878520,-0.303600,0.139380,-1.208911,0.657510,-1.472760,0.034620,-1.352431,0.361650,0.326490,-0.058830,-1.725570,0.133770,-0.329370,0.176850,-2.282819,0.008520,-0.309087,-0.109320,-0.798419,0.308010,1.333560,0.227400
0.078020,-0.693660,-0.086180,-0.398420,-0.766670,-0.050200,-0.559380,-0.172600,0.221920,-0.757970,0.758770,-1.438300,0.064500,-1.516130,0.339890,0.241570,-0.098730,-0.865170,0.108150,-0.515230,0.116310,-2.116860,-0.036840,-0.357670,-0.067019,-0.615660,0.107030,1.085500,0.031980
0.004500,-0.709830,-0.086940,-0.427080,-0.805440,-0.043980,-0.399810,-0.107101,0.263190,-0.532499,0.809400,-1.421070,0.079440,-1.597980,0.329010,0.199110,-0.118680,-0.434970,0.095340,-0.608160,0.086040,-2.033880,-0.059520,-0.381961,-0.045869,-0.524280,0.006540,0.961470,-0.065730
-0.071130,-0.621870,-0.059160,-0.600870,-0.850560,-0.067860,-0.024810,0.149731,0.383130,-0.139441,0.687870,-1.230810,0.085620,-1.342650,0.427950,0.174900,-0.161670,0.280830,0.039150,-0.906840,0.155760,-1.763551,-0.034050,-0.310471,-0.066660,-0.497490,-0.135570,0.565740,-0.146250
-0.105110,-0.592130,-0.040250,-0.609440,-0.804070,-0.075310,0.069880,0.216170,0.406090,-0.007771,0.607620,-1.133750,0.076660,-1.286190,0.480370,0.170690,-0.166490,0.395080,0.016500,-0.889070,0.247360,-1.667520,-0.011860,-0.336921,-0.118870,-0.459320,-0.169920,0.494070,-0.099600
-0.173070,-0.532650,-0.002430,-0.626580,-0.711090,-0.090210,0.259260,0.349049,0.452010,0.255570,0.447119,-0.939630,0.058740,-1.173270,0.585210,0.162270,-0.176130,0.623580,-0.028800,-0.853530,0.430560,-1.475460,0.032519,-0.389822,-0.223290,-0.382980,-0.238620,0.350730,-0.006300
-0.216130,-0.419570,0.041250,-0.591320,-0.533090,-0.100430,0.347540,0.412970,0.445570,0.241030,0.113201,-0.689670,0.060360,-1.006870,0.747750,0.246270,-0.118270,0.679720,-0.069500,-0.888950,0.536000,-1.230000,0.032719,-0.107000,-0.272310,-0.035180,-0.137661,0.075350,0.028020
-0.237660,-0.363030,0.063090,-0.573690,-0.444090,-0.105540,0.391680,0.444930,0.442350,0.233760,-0.053759,-0.564690,0.061170,-0.923670,0.829020,0.288270,-0.089340,0.707790,-0.089850,-0.906660,0.588720,-1.107270,0.032820,0.034411,-0.296820,0.138720,-0.087181,-0.062340,0.045180
-0.010170,-0.053610,0.104100,-0.536640,-0.194130,-0.126510,0.367350,0.414630,0.355380,-0.054510,-0.630661,-0.102930,0.088950,-0.482550,1.032540,0.198240,0.048900,0.608790,-0.331410,-0.801450,0.464820,-0.878191,0.034711,0.149431,-0.079440,0.344220,0.010141,0.103050,0.136020
0.058190,0.048570,0.112080,-0.523670,-0.129710,-0.132560,0.383640,0.352000,0.305240,-0.210960,-0.808631,0.057300,0.114340,-0.311560,1.051960,0.125620,0.108330,0.570810,-0.490680,-0.714060,0.380740,-0.752590,0.045361,0.042881,0.011450,0.314200,0.015940,0.082140,0.113350
0.194910,0.252930,0.128040,-0.497730,-0.000870,-0.144660,0.416220,0.226740,0.204960,-0.523860,-1.164570,0.377760,0.165120,0.030420,1.090800,-0.019620,0.227190,0.494850,-0.809220,-0.539280,0.212580,-0.501389,0.066660,-0.170220,0.193230,0.254160,0.027540,0.040320,0.068010
0.180630,0.304170,0.123320,-0.426570,0.142990,-0.133900,0.421660,0.232620,0.120180,-0.706820,-1.246810,0.608480,0.211320,0.267600,0.755040,-0.035720,0.311750,0.450090,-0.277340,-0.454880,0.153220,-0.130150,0.133440,-0.077499,0.223910,0.296840,0.044320,-0.061600,0.080470
0.173490,0.329790,0.120960,-0.390990,0.214920,-0.128520,0.424380,0.235561,0.077790,-0.798300,-1.287930,0.723840,0.234420,0.386190,0.587160,-0.043770,0.354030,0.427710,-0.011400,-0.412680,0.123540,0.055470,0.166830,-0.031139,0.239249,0.318180,0.052710,-0.112560,0.086700
0.082440,0.109770,0.080250,-0.237990,0.449970,-0.096870,0.391230,0.499860,-0.024060,-0.942779,-0.958980,0.968460,0.269340,0.591210,-0.050520,-0.153840,0.407970,0.345930,0.456630,-0.136770,0.097380,0.661079,0.283200,-0.086313,0.223771,0.576810,0.112650,-0.182070,0.136770
0.051090,0.120460,0.063920,-0.195480,0.510490,-0.082400,0.369760,0.588490,-0.048390,-0.907090,-0.716850,1.016690,0.288570,0.613700,-0.133080,-0.187550,0.391850,0.319090,0.576220,-0.090270,0.099700,0.870879,0.293740,-0.152872,0.199121,0.593530,0.133060,-0.313260,0.125660
-0.011610,0.141840,0.031260,-0.110460,0.631530,-0.053460,0.326820,0.765750,-0.097050,-0.835710,-0.232590,1.113150,0.327030,0.658680,-0.298200,-0.254970,0.359610,0.265410,0.815400,0.002730,0.104340,1.290480,0.314820,-0.285988,0.149819,0.626970,0.173880,-0.575640,0.103440
-0.090030,0.127440,0.013360,-0.033740,0.642590,-0.034660,0.256820,0.676750,-0.135370,-0.788970,0.069110,1.105610,0.368370,0.663820,-0.322040,-0.231510,0.355190,0.225550,0.699900,0.020330,0.072540,1.719621,0.263900,-0.274909,0.139400,0.655990,0.143740,-0.552420,0.126980
-0.129240,0.120240,0.004410,0.004620,0.648120,-0.025260,0.221820,0.632250,-0.154530,-0.765600,0.219960,1.101840,0.389040,0.666390,-0.333960,-0.219780,0.352980,0.205620,0.642150,0.029130,0.056640,1.934191,0.238439,-0.269369,0.134191,0.670500,0.128670,-0.540810,0.138750
-0.305640,-0.059520,-0.026610,0.041010,0.523920,-0.007470,0.133140,0.387960,-0.183360,-0.623280,0.747179,0.951270,0.404040,0.539190,-0.447660,-0.151770,0.284430,0.175800,0.342780,-0.031170,-0.048000,2.674200,0.134731,-0.285151,0.120090,0.402120,0.076140,-0.929640,0.054450
-0.358500,-0.091150,-0.034750,0.030330,0.461540,-0.008560,0.120260,0.275490,-0.186360,-0.560580,0.882340,0.869520,0.390810,0.493320,-0.498170,-0.096140,0.249290,0.170940,0.244980,-0.121390,-0.100370,2.881550,0.092381,-0.152150,0.125920,0.386820,0.056450,-1.118490,-0.008510
-0.464220,-0.154409,-0.051030,0.008970,0.336780,-0.010740,0.094500,0.050550,-0.192360,-0.435180,1.152661,0.706020,0.364350,0.401579,-0.599190,0.015120,0.179010,0.161220,0.049380,-0.301830,-0.205110,3.296249,0.007680,0.113851,0.137579,0.356220,0.017070,-1.496190,-0.134430
-0.602780,-0.211810,-0.057750,-0.047390,0.194380,-0.028540,0.079820,-0.092330,-0.171200,-0.210940,1.298600,0.571260,0.304070,0.275240,-0.668510,0.109980,0.097350,0.163680,0.061820,-0.698450,-0.234850,3.507069,-0.049520,0.672508,0.108120,0.424140,0.036090,-1.803590,-0.112410
-0.672060,-0.240510,-0.061110,-0.075570,0.123180,-0.037440,0.072480,-0.163770,-0.160620,-0.098820,1.371570,0.503880,0.273930,0.212071,-0.703170,0.157410,0.056520,0.164910,0.068040,-0.896760,-0.249720,3.612480,-0.078120,0.951837,0.093391,0.458100,0.045600,-1.957290,-0.101400
-0.812370,-0.260460,-0.074820,-0.175320,-0.075810,-0.104010,0.079470,-0.165930,-0.095280,0.375360,1.609200,0.599730,0.205380,-0.028740,-0.923190,0.002730,-0.114240,0.153840,-0.109500,-0.853350,-0.160890,3.109109,-0.113041,0.993630,-0.032761,0.142350,0.060330,-1.688160,-0.013770
-0.840270,-0.236260,-0.074290,-0.185130,-0.105980,-0.129720,0.090320,-0.145780,-0.063840,0.552630,1.635550,0.716900,0.192320,-0.119260,-0.991830,-0.035890,-0.171820,0.144600,-0.202720,-0.745470,-0.164980,2.805940,-0.089260,0.921640,-0.047750,0.118870,-0.038240,-1.379890,-0.076110
-0.896070,-0.187860,-0.073230,-0.204750,-0.166320,-0.181140,0.112020,-0.105480,-0.000960,0.907170,1.688250,0.951240,0.166200,-0.300300,-1.129110,-0.113130,-0.286980,0.126120,-0.389160,-0.529710,-0.173160,2.199601,-0.041699,0.777662,-0.077730,0.071910,-0.235380,-0.763350,-0.200790
-0.837170,-0.077400,-0.055590,-0.199450,-0.210760,-0.215380,0.136120,-0.117420,0.061880,1.053830,1.560730,1.077520,0.144240,-0.389340,-1.180630,-0.071310,-0.283560,0.107340,-0.244380,-0.295530,-0.048720,1.757160,-0.029900,0.583000,-0.121890,0.115250,-0.259621,-0.506870,-0.057510
-0.807720,-0.022169,-0.046770,-0.196800,-0.232980,-0.232500,0.148170,-0.123390,0.093300,1.127161,1.496969,1.140660,0.133260,-0.433860,-1.206390,-0.050400,-0.281850,0.097950,-0.171990,-0.178440,0.013500,1.535940,-0.024000,0.485669,-0.143970,0.136920,-0.271741,-0.378630,0.014130
-0.627570,0.123960,0.015720,-0.201840,-0.350190,-0.252660,0.179490,-0.293490,0.186780,1.041180,1.201320,1.278420,-0.003090,-0.418831,-1.022910,-0.041700,-0.298020,0.092970,-0.182310,0.549150,0.003570,0.612992,0.051779,-0.188549,-0.266131,0.170190,-0.236430,0.333420,0.209610
-0.581620,0.139800,0.032710,-0.198230,-0.363680,-0.251860,0.189180,-0.294060,0.211120,1.012580,1.144200,1.247940,-0.015240,-0.413240,-1.013490,-0.084230,-0.314990,0.087510,-0.152910,0.770410,0.031960,0.341491,-0.000630,-0.393089,-0.220340,0.166380,-0.183500,0.517420,0.197920
-0.489720,0.171480,0.066690,-0.191010,-0.390660,-0.250260,0.208560,-0.295200,0.259800,0.955380,1.029959,1.186980,-0.039540,-0.402060,-0.994649,-0.169290,-0.348930,0.076590,-0.094110,1.212930,0.088740,-0.201513,-0.105448,-0.802170,-0.128759,0.158761,-0.077640,0.885420,0.174540
-0.409500,0.180080,0.094430,-0.144630,-0.488300,-0.246000,0.240680,-0.433940,0.293540,0.911199,0.956020,1.141620,-0.007640,-0.397000,-0.891990,-0.169690,-0.377690,0.054590,-0.104790,1.230310,0.087980,-0.389551,-0.192190,-0.822471,-0.084020,0.112980,-0.121340,0.619100,0.072560
-0.369390,0.184380,0.108300,-0.121440,-0.537120,-0.243870,0.256740,-0.503310,0.310410,0.889109,0.919050,1.118940,0.008310,-0.394471,-0.840661,-0.169890,-0.392070,0.043590,-0.110130,1.239000,0.087600,-0.483570,-0.235561,-0.832622,-0.061651,0.090090,-0.143190,0.485940,0.021570
-0.291480,0.152130,0.120300,-0.043470,-0.567840,-0.239370,0.275610,-0.525060,0.338730,0.779731,0.795511,0.781530,-0.028980,-0.344250,-0.659190,-0.144900,-0.369240,0.000210,-0.042660,0.841050,0.095400,-0.653669,-0.303810,-0.396659,-0.035280,0.164159,-0.130470,0.590340,-0.073260
-0.238310,0.148060,0.114310,-0.047030,-0.564030,-0.234640,0.283070,-0.479690,0.331830,0.686440,0.727320,0.685500,-0.036220,-0.297050,-0.565340,-0.187030,-0.382330,-0.010610,-0.018040,0.783420,0.103780,-0.658189,-0.307770,-0.343000,-0.048910,0.135550,-0.102950,0.667710,-0.065350
-0.131970,0.139920,0.102330,-0.054150,-0.556410,-0.225180,0.297990,-0.388950,0.318030,0.499860,0.590939,0.493440,-0.050700,-0.202650,-0.377640,-0.271290,-0.408510,-0.032250,0.031200,0.668160,0.120540,-0.667230,-0.315691,-0.235680,-0.076169,0.078330,-0.047911,0.822450,-0.049530
0.087270,0.091620,0.081650,-0.081910,-0.546110,-0.210480,0.335250,-0.323150,0.260150,0.100300,0.321080,0.238160,-0.024620,-0.007590,-0.182180,-0.311570,-0.407010,-0.060450,0.015900,0.339940,0.089780,-0.408911,-0.314110,0.044981,-0.096230,0.132610,0.062870,0.426250,-0.114450
0.196890,0.067470,0.071310,-0.095790,-0.540960,-0.203130,0.353880,-0.290250,0.231210,-0.099480,0.186151,0.110520,-0.011580,0.089940,-0.084450,-0.331710,-0.406260,-0.074550,0.008250,0.175830,0.074400,-0.279751,-0.313320,0.185312,-0.106260,0.159750,0.118260,0.228150,-0.146910
0.422550,0.068699,0.016800,-0.005310,-0.293131,-0.171540,0.378540,-0.128910,0.121260,-0.602160,-0.338761,-0.347580,-0.100080,0.348360,0.266400,-0.286140,-0.225390,-0.143280,-0.024840,-0.049860,0.002100,-0.156301,-0.223321,0.389278,-0.070499,0.043530,0.242400,0.352980,-0.260700
0.432800,0.035870,0.000530,0.019220,-0.232560,-0.147070,0.355960,-0.067920,0.078260,-0.727340,-0.531880,-0.501840,-0.120740,0.430120,0.351810,-0.258440,-0.150230,-0.148370,0.036710,-0.111150,-0.047570,-0.066431,-0.200850,0.433049,0.000250,0.044360,0.210650,0.155540,-0.249450
0.453300,-0.029790,-0.032010,0.068280,-0.111420,-0.098130,0.310800,0.054060,-0.007740,-0.977701,-0.918118,-0.810360,-0.162060,0.593640,0.522630,-0.203040,0.000090,-0.158550,0.159810,-0.233730,-0.146910,0.113311,-0.155910,0.520592,0.141749,0.046020,0.147150,-0.239340,-0.226950
0.463120,0.005930,-0.065770,0.121520,0.047641,-0.032870,0.273980,0.190580,-0.100900,-1.086400,-1.149541,-1.042100,-0.170600,0.659180,0.638830,-0.139640,0.082630,-0.169110,0.306670,-0.227270,-0.233090,0.062230,-0.101669,0.492511,0.247070,-0.000080,0.091370,-0.329020,-0.115090
0.468030,0.023789,-0.082650,0.148140,0.127171,-0.000240,0.255570,0.258839,-0.147480,-1.140750,-1.265252,-1.157970,-0.174870,0.691950,0.696930,-0.107940,0.123900,-0.174390,0.380100,-0.224040,-0.276180,0.036689,-0.074549,0.478470,0.299730,-0.023130,0.063480,-0.373860,-0.059160
0.419610,-0.019679,-0.129750,0.224130,0.294000,0.100800,0.194940,0.614220,-0.251640,-1.091610,-1.350630,-1.252650,-0.179010,0.661800,0.850950,0.019860,0.146880,-0.184440,0.147450,0.086850,-0.322440,-0.310707,-0.003210,0.151649,0.151620,-0.073800,-0.058799,-0.112080,0.157710
0.376000,-0.034030,-0.136000,0.235150,0.284910,0.129270,0.175550,0.683630,-0.265790,-1.019460,-1.339230,-1.324960,-0.208410,0.620500,0.861350,0.029920,0.145310,-0.176710,0.143810,0.113870,-0.325250,-0.408299,-0.013670,0.095799,0.146290,-0.147080,-0.072470,-0.100110,0.168600
0.288780,-0.062731,-0.148500,0.257190,0.266730,0.186210,0.136770,0.822450,-0.294090,-0.875160,-1.316430,-1.469580,-0.267210,0.537900,0.882150,0.050040,0.142170,-0.161250,0.136530,0.167910,-0.330870,-0.603483,-0.034590,-0.015900,0.135630,-0.293640,-0.099810,-0.076170,0.190380
0.301780,-0.022410,-0.135180,0.229630,0.130330,0.213290,0.119550,0.867930,-0.297470,-0.795240,-1.229590,-1.541500,-0.249010,0.472740,0.902210,0.077480,0.099250,-0.130030,0.055610,0.139030,-0.225710,-0.835381,-0.077231,-0.015960,0.096270,-0.434220,-0.070250,0.217030,0.127160
0.308280,-0.002249,-0.128520,0.215850,0.062131,0.226830,0.110940,0.890670,-0.299160,-0.755281,-1.186169,-1.577460,-0.239910,0.440160,0.912240,0.091200,0.077790,-0.114420,0.015150,0.124590,-0.173130,-0.951329,-0.098552,-0.015990,0.076590,-0.504510,-0.055470,0.363630,0.095550
0.322620,0.136800,-0.076590,0.213180,-0.124440,0.213960,0.096480,0.874080,-0.260550,-0.480030,-1.060860,-1.455780,-0.136980,0.258569,0.992220,0.263850,0.055140,-0.086730,-0.370500,0.144900,-0.051330,-1.142428,-0.072300,-0.083070,-0.080039,-0.654059,0.026400,0.665940,-0.035880
0.326610,0.160300,-0.062590,0.204220,-0.160450,0.201810,0.108200,0.946140,-0.232880,-0.384460,-0.980200,-1.455960,-0.129900,0.188150,0.925320,0.312990,0.074400,-0.108040,-0.444120,0.164500,0.002470,-1.167719,-0.098709,-0.073360,-0.113299,-0.575760,0.093890,0.733030,-0.054180
0.334590,0.207300,-0.034590,0.186300,-0.232470,0.177510,0.131640,1.090260,-0.177540,-0.193320,-0.818880,-1.456320,-0.115740,0.047311,0.791520,0.411270,0.112920,-0.150660,-0.591360,0.203700,0.110070,-1.218302,-0.151529,-0.053941,-0.179821,-0.419160,0.228869,0.867210,-0.090780
0.427190,0.258700,0.003570,0.116640,-0.336310,0.126850,0.191900,1.015040,-0.131640,-0.175100,-0.621420,-1.316980,-0.037280,0.003330,0.459420,0.249670,0.086020,-0.177060,-0.786060,0.207960,0.135830,-1.297719,-0.103930,-0.114781,-0.189880,-0.281220,0.223310,1.114910,-0.077220
0.473490,0.284400,0.022650,0.081810,-0.388230,0.101520,0.222030,0.977430,-0.108690,-0.165989,-0.522689,-1.247310,0.001950,-0.018660,0.293370,0.168870,0.072570,-0.190260,-0.883410,0.210090,0.148710,-1.337428,-0.080130,-0.145200,-0.194909,-0.212250,0.220530,1.238760,-0.070440
0.562440,0.294540,0.074130,0.005880,-0.513420,0.021060,0.293160,0.756690,-0.070140,-0.197791,-0.169741,-0.906750,-0.230850,-0.021990,0.191760,0.338430,0.039270,-0.237300,-0.870060,0.348900,0.245190,-1.557360,0.347189,-0.312989,-0.216451,-0.306390,0.233220,0.907230,0.041190
0.561780,0.274930,0.075950,0.002600,-0.452400,0.002070,0.302180,0.825900,-0.059310,-0.176720,-0.034841,-0.846820,-0.231020,-0.035910,0.129790,0.313770,0.021520,-0.258530,-0.663670,0.361040,0.302360,-1.558000,0.379530,-0.334679,-0.245891,-0.259930,0.185160,0.821670,0.105040
0.560460,0.235711,0.079590,-0.003960,-0.330360,-0.035910,0.320220,0.964320,-0.037650,-0.134580,0.234960,-0.726960,-0.231360,-0.063751,0.005850,0.264450,-0.013980,-0.300990,-0.250890,0.385320,0.416700,-1.559281,0.444211,-0.378059,-0.304770,-0.167010,0.089040,0.650550,0.232740
0.506300,0.236270,0.088030,0.024200,-0.221560,-0.077950,0.333600,0.710860,-0.021270,-0.029160,0.368580,-0.581540,-0.220800,-0.133250,-0.141730,0.241610,-0.018420,-0.366790,0.796110,0.361840,0.361960,-1.523980,0.385171,-0.392641,-0.231670,-0.156650,0.052060,0.499890,0.209980
0.479220,0.236549,0.092250,0.038280,-0.167161,-0.098970,0.340290,0.584130,-0.013080,0.023550,0.435390,-0.508830,-0.215520,-0.167999,-0.215520,0.230190,-0.020640,-0.399690,1.319610,0.350100,0.334590,-1.506330,0.355650,-0.399932,-0.195120,-0.151470,0.033570,0.424560,0.198600
0.386910,0.178620,0.102870,0.107610,-0.164550,-0.143520,0.328290,0.157680,-0.016530,0.103740,0.272820,-0.250290,-0.142740,-0.174960,-1.104030,0.228630,-0.009570,-0.486510,1.931880,0.195900,0.231690,-1.419089,0.255239,-0.332068,-0.063180,-0.275339,0.036690,0.182670,0.174330
0.372960,0.157940,0.098640,0.133480,-0.105460,-0.144200,0.301570,0.125220,-0.021680,0.074050,0.295240,-0.160650,-0.104740,-0.149050,-1.150000,0.192680,0.009440,-0.495930,1.617340,0.202100,0.184720,-1.413080,0.214480,-0.358899,-0.016110,-0.216460,0.037060,0.331780,0.144260
0.345060,0.116580,0.090180,0.185220,0.012720,-0.145560,0.248130,0.060300,-0.031980,0.014671,0.340081,0.018630,-0.028740,-0.097230,-1.241940,0.120780,0.047460,-0.514770,0.988260,0.214500,0.090780,-1.401061,0.132961,-0.412560,0.078031,-0.098701,0.037800,0.630000,0.084120
0.331040,0.047560,0.054500,0.282320,0.241780,-0.122860,0.203010,0.131000,-0.056760,-0.126750,0.377859,0.188950,0.059640,0.006970,-1.091740,0.197000,0.127300,-0.524690,0.342640,-0.021600,0.020660,-1.188740,0.102120,-0.183601,0.163211,-0.225200,-0.097120,0.584180,0.050600
0.324030,0.013050,0.036660,0.330870,0.356310,-0.111510,0.180450,0.166350,-0.069150,-0.197461,0.396749,0.274110,0.103830,0.059070,-1.016640,0.235110,0.167220,-0.529650,0.019830,-0.139650,-0.014400,-1.082579,0.086700,-0.069122,0.205801,-0.288449,-0.164580,0.561270,0.033840
0.209100,-0.031230,-0.008310,0.520350,0.569220,-0.064260,0.138179,0.083130,-0.108600,-0.230040,0.318541,0.528420,0.163860,0.135750,-0.765210,0.150030,0.293070,-0.561870,-0.094980,-0.014670,-0.131790,-0.598860,0.119880,-0.060300,0.265589,0.013679,-0.055769,0.069240,0.043650
0.150360,-0.017930,-0.021780,0.570110,0.591030,-0.044680,0.112950,-0.000540,-0.121900,-0.214850,0.246111,0.555050,0.167800,0.157380,-0.692190,0.093530,0.316610,-0.556960,-0.071430,0.020850,-0.146670,-0.492771,0.112170,-0.057900,0.257109,0.051620,-0.031160,0.064080,0.059860
0.032880,0.008670,-0.048720,0.669630,0.634650,-0.005520,0.062490,-0.167880,-0.148500,-0.184470,0.101250,0.608310,0.175680,0.200640,-0.546150,-0.019470,0.363690,-0.547140,-0.024330,0.091890,-0.176430,-0.280591,0.096749,-0.053101,0.240151,0.127501,0.018059,0.053760,0.092280
-0.065500,0.036630,-0.068820,0.743790,0.659090,0.039780,0.004270,-0.323500,-0.170960,-0.163730,-0.031111,0.655930,0.213540,0.270580,-0.451290,-0.116970,0.355410,-0.572640,-0.027790,0.105570,-0.155990,0.036410,0.079269,-0.077400,0.181890,0.210740,-0.023960,-0.066380,0.132380
-0.114690,0.050611,-0.078870,0.780870,0.671310,0.062430,-0.024840,-0.401310,-0.182190,-0.153361,-0.097291,0.679740,0.232470,0.305550,-0.403860,-0.165720,0.351270,-0.585390,-0.029520,0.112410,-0.145770,0.194911,0.070530,-0.089550,0.152759,0.252360,-0.044970,-0.126450,0.152430
-0.252420,0.143099,-0.092460,0.871920,0.722250,0.133470,-0.168149,-0.602730,-0.194250,-0.125940,-0.377430,0.659640,0.263010,0.403589,-0.214320,-0.161490,0.341160,-0.538590,-0.053430,-0.050430,-0.202290,0.672390,0.024510,0.143430,0.136051,0.405959,-0.068760,-0.208350,0.107220
-0.326710,0.143640,-0.095400,0.891840,0.726910,0.152760,-0.204090,-0.632110,-0.185510,-0.040550,-0.410979,0.642860,0.250370,0.409720,-0.183880,-0.177960,0.328640,-0.483580,-0.075260,-0.075380,-0.214580,0.823960,0.018070,0.194180,0.126591,0.446770,-0.057610,-0.244550,0.086260
-0.475290,0.144720,-0.101280,0.931680,0.736230,0.191340,-0.275971,-0.690870,-0.168030,0.130230,-0.478079,0.609300,0.225090,0.421980,-0.123000,-0.210900,0.303600,-0.373560,-0.118920,-0.125280,-0.239160,1.127100,0.005191,0.295680,0.107671,0.528390,-0.035309,-0.316950,0.044340
-0.670090,0.122200,-0.106740,0.952280,0.732530,0.216680,-0.315790,-0.688010,-0.131470,0.453130,-0.488300,0.588420,0.167790,0.406540,-0.100980,-0.319060,0.247880,-0.164800,-0.206800,-0.021020,-0.204260,1.368300,0.007830,0.153022,0.056430,0.549370,-0.020990,-0.523090,0.001160
-0.767490,0.110940,-0.109470,0.962580,0.730680,0.229350,-0.335700,-0.686580,-0.113190,0.614580,-0.493410,0.577980,0.139140,0.398820,-0.089970,-0.373140,0.220020,-0.060420,-0.250740,0.031110,-0.186810,1.488900,0.009150,0.081693,0.030810,0.559860,-0.013830,-0.626160,-0.020430
-0.950190,0.106290,-0.100860,0.875040,0.651180,0.237930,-0.358050,-0.604980,-0.033270,1.063830,-0.432240,0.540480,0.079080,0.450210,-0.093570,-0.383940,0.035820,0.445710,-0.310650,-0.066000,0.004260,1.810650,0.003271,0.192207,-0.166020,0.650100,-0.130140,-0.799920,-0.030660
-1.019980,0.087810,-0.086190,0.885260,0.634110,0.235510,-0.322480,-0.574900,0.005070,1.307150,-0.357190,0.503450,0.107370,0.418700,-0.110610,-0.438600,-0.007690,0.680540,-0.311030,-0.053670,0.034470,1.920780,-0.047630,0.145708,-0.205880,0.623040,-0.099530,-0.857980,-0.041950
-1.159560,0.050850,-0.056850,0.905700,0.599970,0.230670,-0.251340,-0.514740,0.081750,1.793790,-0.207090,0.429390,0.163950,0.355680,-0.144690,-0.547920,-0.094710,1.150200,-0.311790,-0.029010,0.094890,2.141039,-0.149431,0.052711,-0.285600,0.568920,-0.038310,-0.974100,-0.064530
-1.260120,-0.073030,-0.011450,0.901840,0.571270,0.237510,-0.075260,-0.378500,0.156570,2.122530,0.130890,0.488090,-0.010550,0.253700,-0.284710,-0.367060,-0.163290,1.597400,-0.304190,-0.012850,0.113210,1.952060,-0.009750,0.064510,-0.266381,0.385540,-0.014690,-1.084180,-0.099890
-1.310400,-0.134970,0.011250,0.899911,0.556920,0.240930,0.012780,-0.310380,0.193980,2.286901,0.299880,0.517440,-0.097800,0.202711,-0.354720,-0.276630,-0.197580,1.821000,-0.300390,-0.004770,0.122370,1.857571,0.060090,0.070410,-0.256771,0.293850,-0.002880,-1.139220,-0.117570
-1.333140,-0.318390,0.094470,0.802350,0.468540,0.254460,0.088410,-0.082890,0.284670,2.599229,0.852149,0.652590,-0.057570,0.063900,-0.595349,-0.339840,-0.396660,2.448270,-0.278820,0.031380,0.068610,1.606080,0.118470,0.079862,-0.159089,0.286979,-0.297660,-0.897990,-0.166200
-1.306140,-0.362580,0.116900,0.790610,0.455030,0.253940,0.152570,-0.023070,0.309420,2.629469,0.974119,0.652270,-0.153660,-0.038050,-0.644920,-0.373530,-0.403390,2.470380,-0.273400,0.048460,0.080420,1.506950,0.129280,0.059100,-0.155919,0.267920,-0.282090,-0.739180,-0.087100
-1.252140,-0.450961,0.161760,0.767130,0.428010,0.252900,0.280890,0.096570,0.358920,2.689950,1.218061,0.651630,-0.345840,-0.241950,-0.744060,-0.440910,-0.416850,2.514600,-0.262560,0.082620,0.104040,1.308689,0.150901,0.017577,-0.149580,0.229800,-0.250950,-0.421560,0.071100
-1.201560,-0.441540,0.200020,0.624750,0.434030,0.246320,0.236070,0.181110,0.393780,2.651671,1.303961,0.674510,-0.409080,-0.504870,-0.772080,-0.348330,-0.481450,1.912040,-0.252320,0.101580,0.103360,1.057510,0.134740,-0.029920,-0.223261,0.027140,-0.025430,-0.220020,-0.020160
-1.176270,-0.436830,0.219150,0.553561,0.437040,0.243030,0.213660,0.223380,0.411210,2.632531,1.346911,0.685950,-0.440700,-0.636330,-0.786090,-0.302040,-0.513750,1.610760,-0.247200,0.111060,0.103020,0.931921,0.126659,-0.053669,-0.260101,-0.074190,0.087330,-0.119250,-0.065790
-1.184880,-0.314370,0.246570,0.098760,0.386310,0.223260,-0.014400,0.226170,0.428310,2.344440,1.145698,0.608850,-0.434400,-0.848370,-0.712770,-0.108870,-0.517110,0.240990,-0.225720,0.012450,-0.151230,0.666779,0.023550,-0.049020,-0.165811,-0.555930,0.030480,-0.754590,-0.422790
-1.200290,-0.258920,0.245690,-0.041190,0.357040,0.217910,-0.071850,0.216900,0.413890,2.183020,1.013449,0.534580,-0.435340,-0.765530,-0.650100,-0.087560,-0.501560,0.102450,-0.212810,0.049640,-0.225310,0.514619,-0.006060,-0.068290,-0.104410,-0.607450,0.045530,-0.699120,-0.472060
-1.231110,-0.148019,0.243930,-0.321090,0.298500,0.207210,-0.186750,0.198360,0.385050,1.860180,0.748951,0.386040,-0.437220,-0.599850,-0.524760,-0.044940,-0.470460,-0.174630,-0.186990,0.124020,-0.373470,0.210299,-0.065280,-0.106831,0.018391,-0.710490,0.075630,-0.588180,-0.570600
-1.242590,0.088300,0.217770,-0.461930,0.291300,0.196730,-0.240170,0.084380,0.318490,1.403580,0.254691,0.224380,-0.373680,-0.321210,-0.313240,0.033660,-0.362220,-0.309130,-0.164550,0.159220,-0.466990,0.061619,-0.052380,-0.049589,0.056470,-0.419370,0.104230,-0.341760,-0.495780
-1.248330,0.206459,0.204690,-0.532350,0.287700,0.191490,-0.266881,0.027390,0.285210,1.175280,0.007560,0.143550,-0.341910,-0.181890,-0.207480,0.072960,-0.308100,-0.376380,-0.153330,0.176820,-0.513750,-0.012721,-0.045930,-0.020968,0.075510,-0.273810,0.118530,-0.218550,-0.458370
-1.117950,0.565561,0.138660,-0.621330,0.271980,0.172740,-0.259050,-0.172410,0.155100,0.352260,-0.691051,-0.120630,-0.186360,0.109140,0.104490,0.240450,-0.079170,-0.575160,-0.103590,-0.303990,-0.576000,-0.007950,-0.066120,0.503848,0.039901,0.119011,0.134760,-0.186960,-0.624750
-1.059370,0.624430,0.115250,-0.622590,0.246910,0.160290,-0.181760,-0.211620,0.111930,0.061840,-0.850721,-0.184780,-0.166090,0.233670,0.192620,0.234890,-0.021180,-0.611570,-0.091530,-0.193680,-0.573970,-0.126189,-0.054920,0.371848,0.064820,0.065260,0.151980,-0.100380,-0.602750
-0.942210,0.742170,0.068430,-0.625110,0.196770,0.135390,-0.027180,-0.290040,0.025590,-0.519000,-1.170060,-0.313080,-0.125550,0.482730,0.368880,0.223770,0.094800,-0.684390,-0.067410,0.026940,-0.569910,-0.362667,-0.032519,0.107850,0.114659,-0.042240,0.186420,0.072780,-0.558750
-0.813130,0.781830,0.044110,-0.699810,0.108990,0.110110,0.082420,-0.314620,-0.052750,-1.078620,-1.352699,-0.460020,-0.074990,0.672610,0.493060,0.283130,0.097740,-0.681050,-0.012610,0.025220,-0.366290,-0.430089,0.004940,0.090891,0.072100,-0.055720,0.086780,-0.101140,-0.291550
-0.748589,0.801660,0.031950,-0.737160,0.065100,0.097470,0.137219,-0.326910,-0.091920,-1.358430,-1.444019,-0.533490,-0.049710,0.767550,0.555150,0.312810,0.099210,-0.679380,0.014790,0.024360,-0.264480,-0.463800,0.023670,0.082412,0.050821,-0.062460,0.036960,-0.188100,-0.157950
-0.504090,0.802680,0.024600,-0.807809,0.006300,0.049230,0.073861,-0.323250,-0.177270,-1.947480,-1.384560,-0.608490,0.017730,0.821280,0.527340,0.404310,0.074310,-0.749100,0.091710,-0.086370,0.148020,-0.613292,0.042120,0.265979,-0.109829,0.037200,-0.258660,0.015630,0.212070
-0.471860,0.736130,0.032610,-0.855190,-0.006960,0.030430,-0.067150,-0.304300,-0.185620,-2.060370,-1.243530,-0.628450,0.010220,0.860210,0.459520,0.347710,0.081190,-0.753070,0.095080,-0.008240,0.207190,-0.705922,0.017730,0.202249,-0.089660,0.034270,-0.238850,0.174430,0.224870
-0.407401,0.603030,0.048630,-0.949950,-0.033480,-0.007170,-0.349171,-0.266400,-0.202320,-2.286149,-0.961470,-0.668370,-0.004800,0.938070,0.323879,0.234510,0.094950,-0.761010,0.101820,0.148020,0.325530,-0.891180,-0.031049,0.074791,-0.049320,0.028410,-0.199230,0.492030,0.250470
-0.361180,0.503930,0.046210,-0.946270,-0.017640,-0.034430,-0.648730,-0.245780,-0.192780,-2.323390,-0.656630,-0.614210,0.032640,0.986470,0.164800,0.362210,0.052810,-0.719770,0.067920,0.286440,0.385370,-1.032538,-0.024390,-0.052189,-0.024420,-0.089610,-0.126490,0.523130,0.301530
-0.338070,0.454380,0.045000,-0.944430,-0.009720,-0.048060,-0.798510,-0.235470,-0.188010,-2.342010,-0.504211,-0.587130,0.051360,1.010670,0.085260,0.426060,0.031740,-0.699150,0.050970,0.355650,0.415290,-1.103218,-0.021061,-0.115678,-0.011970,-0.148619,-0.090120,0.538680,0.327060
-0.315540,0.357840,0.011670,-0.776970,0.059940,-0.063150,-1.136190,-0.249000,-0.125190,-2.110021,-0.073441,-0.640470,-0.010860,1.024830,-0.146281,0.322320,0.116400,-0.709170,-0.071370,0.264960,0.551400,-1.223372,0.001531,-0.056520,-0.081180,0.027930,-0.072750,0.709680,0.149250
-0.277330,0.345310,-0.005810,-0.697390,0.050550,-0.064680,-1.108050,-0.283090,-0.099390,-2.014320,0.068630,-0.671400,-0.034450,1.000900,-0.225900,0.287190,0.147610,-0.658000,-0.103190,0.173430,0.559720,-1.221611,0.000500,-0.017450,-0.082250,-0.039200,0.041040,0.770140,0.161700
-0.200910,0.320250,-0.040770,-0.538230,0.031770,-0.067740,-1.051770,-0.351270,-0.047790,-1.822920,0.352771,-0.733260,-0.081630,0.953040,-0.385139,0.216930,0.210030,-0.555660,-0.166830,-0.009630,0.576360,-1.218089,-0.001561,0.060689,-0.084391,-0.173460,0.268620,0.891060,0.186600
-0.122830,0.373230,-0.079550,-0.420630,-0.015130,-0.066700,-0.811530,-0.409610,0.011130,-1.526420,0.546590,-0.728700,-0.014050,0.755800,-0.504380,0.227170,0.191850,-0.224620,-0.192730,-0.228310,0.430980,-1.157590,0.064700,0.181670,-0.043290,-0.203100,0.275160,0.902820,0.124120
-0.083790,0.399720,-0.098940,-0.361830,-0.038580,-0.066180,-0.691410,-0.438780,0.040590,-1.378169,0.643499,-0.726420,0.019740,0.657180,-0.564001,0.232290,0.182760,-0.059100,-0.205680,-0.337650,0.358290,-1.127340,0.097831,0.242161,-0.022740,-0.217920,0.278430,0.908700,0.092880
-0.092220,0.458340,-0.158580,-0.194460,-0.125910,-0.061320,-0.150690,-0.569250,0.138840,-0.734250,0.897930,-0.700860,0.077520,0.603120,-0.706470,0.147720,0.186750,0.287310,-0.184230,-0.468060,0.072840,-1.118401,0.093870,0.123299,0.124501,-0.455700,0.223320,0.642390,-0.048870
-0.120870,0.470780,-0.166230,-0.152620,-0.133770,-0.064380,-0.055910,-0.585110,0.158370,-0.519410,0.916530,-0.669370,0.081070,0.639030,-0.723990,0.153790,0.205410,0.281810,-0.164460,-0.516920,0.035630,-1.139811,0.084950,0.109529,0.159841,-0.542790,0.166100,0.533760,-0.027650
-0.178170,0.495660,-0.181530,-0.068940,-0.149490,-0.070500,0.133650,-0.616830,0.197430,-0.089731,0.953729,-0.606390,0.088170,0.710850,-0.759030,0.165930,0.242730,0.270810,-0.124920,-0.614640,-0.038790,-1.182631,0.067109,0.081990,0.230520,-0.716971,0.051660,0.316500,0.014790
-0.221550,0.570460,-0.163530,-0.079260,-0.126670,-0.081380,-0.007610,-0.593950,0.180810,0.134690,0.728090,-0.475750,0.085790,0.530210,-0.681670,0.095510,0.251610,0.188710,-0.062760,-0.485120,-0.022350,-1.246310,0.054890,-0.034790,0.193740,-0.509010,0.042600,0.246260,-0.052450
-0.243240,0.607860,-0.154530,-0.084420,-0.115260,-0.086820,-0.078240,-0.582510,0.172500,0.246900,0.615270,-0.410430,0.084600,0.439890,-0.642990,0.060300,0.256050,0.147660,-0.031680,-0.420360,-0.014130,-1.278149,0.048780,-0.093180,0.175350,-0.405030,0.038070,0.211140,-0.086070
-0.091410,0.918690,-0.127350,-0.037980,-0.006210,-0.075840,-0.142890,-0.554430,0.110370,0.254610,-0.030690,-0.083880,0.126120,0.170250,-0.359280,-0.057840,0.250530,0.067050,0.078210,-0.253980,0.116550,-1.327470,0.076350,-0.198812,0.040979,-0.182460,0.113729,0.124830,-0.149160
-0.036700,0.943510,-0.111090,-0.030180,0.012660,-0.068620,-0.129530,-0.523800,0.081660,0.153500,-0.194000,0.046730,0.130100,0.142750,-0.225950,-0.092900,0.238630,0.037380,0.104780,-0.200760,0.149240,-1.324830,0.070380,-0.191731,0.031430,-0.104110,0.089869,0.237680,-0.109020
0.072720,0.993150,-0.078570,-0.014580,0.050400,-0.054180,-0.102810,-0.462540,0.024240,-0.048720,-0.520620,0.307950,0.138060,0.087750,0.040711,-0.163020,0.214830,-0.021960,0.157920,-0.094320,0.214620,-1.319550,0.058440,-0.177569,0.012331,0.052590,0.042150,0.463380,-0.028740
0.125639,0.883290,-0.025010,-0.015780,0.043580,-0.049800,-0.058450,-0.361860,-0.046680,-0.350260,-0.686079,0.562110,0.133280,0.133630,0.272850,-0.259340,0.170010,-0.027960,0.210600,0.012560,0.214660,-1.188750,0.030940,-0.255270,0.047810,0.074850,-0.017530,0.481600,0.102260
0.152099,0.828360,0.001770,-0.016380,0.040170,-0.047610,-0.036270,-0.311520,-0.082140,-0.501029,-0.768809,0.689190,0.130890,0.156570,0.388919,-0.307500,0.147600,-0.030960,0.236940,0.066000,0.214680,-1.123350,0.017189,-0.294120,0.065550,0.085980,-0.047370,0.490710,0.167760
0.197370,0.613260,0.080100,-0.105150,-0.031680,-0.052350,-0.041850,-0.129121,-0.165990,-0.834960,-0.784621,0.928500,0.120000,0.049080,0.612600,-0.349380,0.036600,0.036990,0.312150,0.149370,0.177000,-0.777360,-0.033660,-0.220828,0.070830,0.123930,-0.021960,0.695700,0.171870
0.188170,0.551020,0.096290,-0.118650,-0.030060,-0.055260,-0.088230,-0.063810,-0.176590,-0.874900,-0.760850,0.945340,0.115410,-0.023540,0.653070,-0.347450,0.006410,-0.052040,0.322630,0.205550,0.194990,-0.564840,-0.042530,-0.260599,0.053650,0.140750,-0.036810,0.568450,0.172150
0.169770,0.426540,0.128670,-0.145650,-0.026820,-0.061080,-0.180990,0.066810,-0.197790,-0.954781,-0.713308,0.979020,0.106230,-0.168780,0.734010,-0.343590,-0.053970,-0.230100,0.343590,0.317910,0.230970,-0.139800,-0.060269,-0.340140,0.019290,0.174390,-0.066510,0.313950,0.172710
0.149050,0.385100,0.142950,-0.102950,0.025040,-0.057920,-0.249010,0.159330,-0.211830,-0.899500,-0.701210,0.961220,0.102010,-0.293380,0.748270,-0.252530,-0.070770,-0.373780,0.342010,0.320270,0.240570,0.294560,-0.054889,-0.315201,0.020210,0.248830,-0.099970,0.016290,0.127250
0.138690,0.364380,0.150090,-0.081600,0.050970,-0.056340,-0.283020,0.205590,-0.218850,-0.871859,-0.695161,0.952320,0.099900,-0.355680,0.755400,-0.207000,-0.079170,-0.445620,0.341220,0.321450,0.245370,0.511740,-0.052199,-0.302732,0.020669,0.286050,-0.116700,-0.132540,0.104520
0.099510,0.335040,0.153480,-0.031980,0.106950,-0.038730,-0.336870,0.275999,-0.244260,-0.753661,-0.543210,0.924780,0.036210,-0.423870,0.630450,-0.003690,-0.112980,-0.647520,0.353460,0.134250,0.232140,1.063260,0.002909,-0.141839,-0.014099,0.268170,-0.014520,-0.519480,0.026340
0.100820,0.316920,0.154000,-0.041880,0.092270,-0.033840,-0.342860,0.282770,-0.250720,-0.675790,-0.562830,0.901330,-0.000270,-0.439440,0.535460,0.033720,-0.129780,-0.451180,0.356220,0.101410,0.223850,1.221650,0.039610,-0.105669,-0.029539,0.266090,0.049090,-0.599890,0.025030
0.103439,0.280680,0.155040,-0.061680,0.062910,-0.024060,-0.354840,0.296310,-0.263640,-0.520050,-0.602070,0.854430,-0.073230,-0.470580,0.345480,0.108540,-0.163380,-0.058500,0.361740,0.035730,0.207270,1.538431,0.113010,-0.033331,-0.060419,0.261929,0.176310,-0.760710,0.022410
0.153080,0.302100,0.138800,0.008380,0.067010,-0.015760,-0.170620,0.312290,-0.254680,-0.213210,-0.575550,0.805130,-0.136770,-0.483700,0.142060,0.142560,-0.182700,-0.191480,0.351420,-0.018590,0.133430,1.809329,0.126590,0.003610,-0.000721,0.087310,0.161110,-0.936230,0.069510
0.177900,0.312810,0.130680,0.043410,0.069060,-0.011610,-0.078510,0.320281,-0.250200,-0.059790,-0.562290,0.780480,-0.168540,-0.490260,0.040350,0.159570,-0.192360,-0.257970,0.346260,-0.045750,0.096510,1.944779,0.133379,0.022080,0.029129,0.000000,0.153510,-1.023990,0.093060
-0.127230,0.185910,0.096870,0.244890,0.073590,0.010560,0.203070,0.433530,-0.206610,0.471870,-0.378330,0.731760,-0.186450,-0.345180,-0.129240,0.183000,-0.258720,-0.008820,0.306420,0.005190,-0.154470,2.180550,0.098460,0.091649,-0.025139,0.043650,-0.087570,-1.286250,0.019560
-0.158710,0.165600,0.089790,0.232920,0.033250,0.012520,0.270650,0.465520,-0.188490,0.523850,-0.340680,0.630120,-0.264230,-0.043330,-0.127050,0.037980,-0.243370,0.331220,0.318980,0.043130,-0.182130,2.243790,0.112420,0.120920,-0.070640,0.218990,-0.015990,-1.241480,-0.025080
-0.221670,0.124980,0.075630,0.208980,-0.047430,0.016440,0.405810,0.529499,-0.152250,0.627809,-0.265380,0.426840,-0.419790,0.560370,-0.122670,-0.252060,-0.212670,1.011300,0.344100,0.119010,-0.237450,2.370270,0.140340,0.179461,-0.161641,0.569670,0.127170,-1.151940,-0.114360
-0.224470,0.137800,0.071050,0.138740,-0.153470,-0.003500,0.426610,0.548480,-0.101310,0.869710,-0.087040,0.360440,-0.380290,0.926210,-0.124850,-0.357960,-0.214290,0.932340,0.348740,0.190850,-0.373950,2.345071,0.086540,0.184401,-0.097080,0.594350,0.167570,-1.069220,-0.096540
-0.225870,0.144210,0.068760,0.103620,-0.206490,-0.013470,0.437010,0.557971,-0.075840,0.990660,0.002130,0.327240,-0.360540,1.109130,-0.125940,-0.410910,-0.215100,0.892860,0.351060,0.226770,-0.442200,2.332472,0.059640,0.186871,-0.064800,0.606691,0.187770,-1.027860,-0.087630
-0.480930,0.045360,0.071700,0.124800,-0.272490,-0.045960,0.292860,0.533910,0.009060,1.474740,0.470460,0.156780,-0.132990,0.132360,-0.068700,-0.446940,-0.139830,0.345180,0.321990,0.121560,-0.493380,2.289687,-0.167550,0.269880,-0.048569,0.600840,0.179341,-1.262850,-0.220290
-0.432980,0.036530,0.072750,0.105670,-0.288940,-0.046580,0.278850,0.534070,0.026400,1.498170,0.530390,0.096450,-0.062200,-0.150850,0.059010,-0.423680,-0.114130,0.412750,0.382520,-0.005190,-0.514190,2.133839,-0.259690,0.366759,-0.012749,0.481580,0.075960,-1.255670,-0.341640
-0.337080,0.018870,0.074850,0.067410,-0.321840,-0.047820,0.250830,0.534390,0.061080,1.545030,0.650250,-0.024210,0.079380,-0.717270,0.314430,-0.377160,-0.062730,0.547890,0.503580,-0.258690,-0.555810,1.822143,-0.443970,0.560517,0.058891,0.243060,-0.130801,-1.241310,-0.584340
-0.096660,0.026970,0.076990,0.016390,-0.347840,-0.047660,0.297230,0.558490,0.058420,1.237290,0.647670,0.017990,0.183600,-0.832750,0.593990,-0.372680,-0.041310,0.444930,0.577560,-0.150190,-0.504830,1.339519,-0.445770,0.376899,0.143189,-0.100420,-0.302940,-1.264030,-0.458080
0.023550,0.031020,0.078060,-0.009120,-0.360840,-0.047580,0.320430,0.570540,0.057090,1.083419,0.646380,0.039090,0.235710,-0.890490,0.733770,-0.370440,-0.030600,0.393450,0.614550,-0.095940,-0.479340,1.098207,-0.446670,0.285090,0.185339,-0.272160,-0.389010,-1.275390,-0.394950
0.495121,0.017490,0.089490,-0.017220,-0.337650,-0.046980,0.449040,0.657060,0.014580,0.327600,0.556050,0.227760,0.213630,-0.723870,1.305630,-0.352950,-0.051630,0.085440,0.579600,0.831840,-0.136260,-0.020249,-0.224910,-0.528270,-0.007920,-0.182220,-0.271110,-0.409890,-0.100770
0.611700,-0.000530,0.093680,-0.019890,-0.309920,-0.043360,0.459700,0.678690,-0.008610,0.122270,0.550340,0.228050,0.209120,-0.656910,1.497780,-0.343550,-0.049790,0.101600,0.526220,0.960070,-0.036370,-0.213319,-0.162640,-0.609009,-0.085790,-0.116330,-0.207380,-0.157220,-0.045130
0.844860,-0.036570,0.102060,-0.025230,-0.254460,-0.036120,0.481020,0.721950,-0.054990,-0.288389,0.538920,0.228630,0.200100,-0.522990,1.882080,-0.324750,-0.046110,0.133920,0.419460,1.216530,0.163410,-0.599459,-0.038100,-0.770488,-0.241529,0.015450,-0.079920,0.348120,0.066150
0.926320,-0.124690,0.089840,-0.092170,-0.220120,-0.029520,0.428620,0.715890,-0.090310,-0.516170,0.659040,0.070670,0.199100,-0.435230,2.010040,-0.254350,-0.016750,0.140620,0.290860,1.135730,0.049770,-0.718881,0.007001,-0.629730,-0.132570,0.072250,-0.009520,0.584660,0.215490
0.967050,-0.168750,0.083730,-0.125640,-0.202950,-0.026220,0.402420,0.712860,-0.107970,-0.630060,0.719100,-0.008310,0.198600,-0.391350,2.074020,-0.219150,-0.002070,0.143970,0.226560,1.095330,-0.007050,-0.778592,0.029551,-0.559351,-0.078090,0.100650,0.025679,0.702930,0.290160
0.929400,-0.458520,0.073890,-0.242130,-0.226560,-0.015270,0.298380,0.735090,-0.121350,-0.582481,1.317390,-0.321750,0.181380,-0.430530,1.877280,-0.146010,-0.011370,0.070500,0.304530,0.903360,-0.298200,-0.852778,0.070379,-0.392339,0.090269,-0.128100,0.142830,1.097220,0.220950
0.892500,-0.558170,0.072330,-0.239790,-0.237320,-0.019820,0.278800,0.708720,-0.112610,-0.478041,1.537140,-0.449230,0.175330,-0.478300,1.746160,-0.050950,-0.018750,0.054860,0.277400,0.628770,-0.304820,-0.754849,0.084600,-0.135759,0.085049,-0.085600,0.138910,0.947800,0.241830
0.818700,-0.757470,0.069210,-0.235110,-0.258840,-0.028920,0.239640,0.655980,-0.095130,-0.269160,1.976640,-0.704190,0.163230,-0.573840,1.483920,0.139170,-0.033510,0.023580,0.223140,0.079590,-0.318060,-0.558990,0.113041,0.377401,0.074610,-0.000601,0.131070,0.648960,0.283590
0.767980,-0.975730,0.058470,-0.247270,-0.274600,-0.056100,0.228900,0.641700,-0.052850,-0.078359,2.489820,-0.920850,-0.002770,-0.639920,1.253960,0.274310,-0.050470,0.045100,-0.059240,-0.282630,-0.184820,-0.614229,0.192280,0.682560,0.056371,-0.240020,0.220330,0.636740,0.312190
0.742620,-1.084860,0.053100,-0.253350,-0.282480,-0.069690,0.223530,0.634560,-0.031710,0.017041,2.746410,-1.029180,-0.085770,-0.672960,1.138980,0.341880,-0.058950,0.055860,-0.200430,-0.463740,-0.118200,-0.641849,0.231900,0.835140,0.047252,-0.359730,0.264960,0.630630,0.326490
0.722970,-1.287270,0.022470,-0.269220,-0.395700,-0.136680,0.199440,0.529830,0.054240,0.291719,3.423089,-1.158300,-0.115410,-0.773460,0.749970,0.571470,-0.055410,0.097650,-0.198300,-0.540840,0.003360,-0.720960,0.124860,0.958378,0.030690,-0.319290,0.008160,0.683100,0.083550
0.739980,-1.366700,0.010800,-0.280630,-0.427400,-0.153170,0.180960,0.448810,0.073270,0.291330,3.486170,-1.167230,-0.100410,-0.785160,0.846860,0.601670,-0.031920,0.100960,-0.393680,-0.387350,0.086420,-0.800641,0.083500,0.847600,0.005080,-0.279380,0.000820,0.781480,0.033920
0.774001,-1.525560,-0.012540,-0.303450,-0.490800,-0.186150,0.144000,0.286770,0.111330,0.290551,3.612331,-1.185090,-0.070410,-0.808560,1.040640,0.662070,0.015060,0.107580,-0.784440,-0.080370,0.252540,-0.960002,0.000780,0.626042,-0.046141,-0.199560,-0.013860,0.978240,-0.065340
0.750960,-1.529840,-0.039000,-0.290870,-0.570860,-0.210790,0.080560,0.112150,0.130630,0.307150,3.387389,-1.188270,-0.074490,-0.767580,0.989100,0.579330,0.031720,0.080660,-0.815420,0.194490,0.258760,-1.233521,-0.107900,0.321281,-0.006241,-0.189740,-0.034740,1.133280,-0.083480
0.739439,-1.531980,-0.052230,-0.284580,-0.610890,-0.223110,0.048840,0.024840,0.140280,0.315449,3.274918,-1.189860,-0.076530,-0.747090,0.963330,0.537960,0.040050,0.067200,-0.830910,0.331920,0.261870,-1.370280,-0.162240,0.168900,0.013710,-0.184830,-0.045180,1.210800,-0.092550
0.744330,-1.530900,-0.096660,-0.321660,-0.774690,-0.254550,0.021990,-0.232950,0.141870,0.231691,2.661721,-1.147680,0.093360,-0.634350,-0.105390,0.222660,0.055260,0.007200,-0.727200,0.567180,0.260940,-1.530899,-0.519782,-0.207782,0.051870,0.235981,-0.021661,1.479480,-0.133170
0.775090,-1.531270,-0.111820,-0.333670,-0.723700,-0.261810,0.024980,-0.286760,0.131890,0.142790,2.380980,-1.068630,0.096440,-0.578780,-0.737300,0.244040,0.064060,-0.007730,-0.837120,0.503440,0.267140,-1.546389,-0.539601,-0.201741,0.068370,0.180461,-0.065550,1.357230,-0.145080
0.836610,-1.532010,-0.142140,-0.357690,-0.621720,-0.276330,0.030960,-0.394380,0.111930,-0.035012,1.819500,-0.910530,0.102600,-0.467640,-2.001120,0.286800,0.081660,-0.037590,-1.056960,0.375960,0.279540,-1.577370,-0.579239,-0.189661,0.101370,0.069420,-0.153329,1.112730,-0.168900
0.869150,-1.523610,-0.165720,-0.355170,-0.467780,-0.256270,0.019080,-0.426280,0.078390,-0.222130,1.068901,-0.731250,0.006580,-0.357100,-1.731980,0.339740,0.087040,-0.058130,-0.644800,0.349820,0.280440,-1.749391,-0.436840,-0.344099,0.129430,-0.339480,-0.160650,0.816570,-0.127480
0.885420,-1.519410,-0.177510,-0.353910,-0.390810,-0.246240,0.013140,-0.442230,0.061620,-0.315689,0.693601,-0.641610,-0.041430,-0.301830,-1.597410,0.366210,0.089730,-0.068400,-0.438720,0.336750,0.280890,-1.835402,-0.365641,-0.421318,0.143461,-0.543931,-0.164310,0.668490,-0.106770
0.848970,-1.414440,-0.194040,-0.376440,-0.239850,-0.189420,-0.010770,-0.533250,-0.005010,-0.500550,-0.440100,-0.479250,0.034740,-0.184890,-1.622010,0.295170,0.050550,-0.091770,-0.615240,-0.119310,0.206460,-1.565940,-0.369449,-0.078481,0.205021,-0.435480,-0.154890,0.452760,-0.114420
0.837730,-1.363770,-0.194800,-0.389700,-0.274970,-0.178200,-0.025430,-0.569550,-0.022750,-0.509170,-0.758671,-0.454880,0.062960,-0.184010,-1.661420,0.247250,0.009490,-0.098650,-0.457700,-0.204290,0.183550,-1.472690,-0.345780,-0.057131,0.196251,-0.389820,-0.132340,0.432160,-0.062200
0.815250,-1.262430,-0.196320,-0.416220,-0.345210,-0.155760,-0.054750,-0.642150,-0.058230,-0.526410,-1.395811,-0.406140,0.119400,-0.182250,-1.740240,0.151410,-0.072630,-0.112410,-0.142620,-0.374250,0.137730,-1.286189,-0.298440,-0.014430,0.178710,-0.298500,-0.087241,0.390960,0.042240
0.838070,-1.088970,-0.194980,-0.387820,-0.267970,-0.116120,-0.131910,-0.587850,-0.074070,-0.602470,-2.049929,-0.345620,0.128480,-0.163530,-1.284680,0.113730,-0.069330,-0.127370,0.038040,-0.547890,0.031270,-1.078410,-0.236820,0.038091,0.207410,-0.261060,0.008060,0.320780,0.009380
0.849480,-1.002240,-0.194310,-0.373620,-0.229350,-0.096300,-0.170490,-0.560700,-0.081990,-0.640500,-2.376988,-0.315360,0.133020,-0.154170,-1.056900,0.094890,-0.067680,-0.134850,0.128370,-0.634710,-0.021960,-0.974520,-0.206010,0.064352,0.221760,-0.242339,0.055710,0.285690,-0.007050
0.833640,-0.827550,-0.180690,-0.290610,0.165600,-0.017700,-0.325769,-0.088020,-0.091980,-0.734280,-3.074520,-0.285690,0.121860,-0.120241,-0.494940,0.091800,-0.045540,-0.152220,0.355020,-0.879780,-0.096090,-0.595170,-0.090480,0.132869,0.193650,-0.144300,0.120780,-0.300270,-0.186210
0.833840,-0.752650,-0.171610,-0.259800,0.289360,0.010660,-0.364920,0.185410,-0.096920,-0.752500,-3.235040,-0.268290,0.115810,-0.130020,-0.372000,0.069670,-0.041580,-0.160260,0.465450,-0.893900,-0.108260,-0.519550,-0.042550,0.144709,0.168510,-0.072200,0.154760,-0.308810,-0.240120
0.834240,-0.602850,-0.153450,-0.198180,0.536880,0.067380,-0.443220,0.732270,-0.106800,-0.788940,-3.556082,-0.233490,0.103710,-0.149580,-0.126120,0.025410,-0.033660,-0.176340,0.686310,-0.922140,-0.132600,-0.368310,0.053310,0.168389,0.118230,0.072000,0.222720,-0.325890,-0.347940
0.842460,-0.389450,-0.132950,-0.150320,0.615480,0.108240,-0.476620,1.127570,-0.109480,-0.835700,-3.736441,-0.124670,0.098450,-0.127100,0.210740,-0.055270,-0.023360,-0.179120,0.414730,-0.877440,-0.094620,-0.170470,0.149190,0.150150,0.028730,0.170680,0.241500,-0.175350,-0.272220
0.846570,-0.282750,-0.122700,-0.126390,0.654780,0.128670,-0.493320,1.325220,-0.110820,-0.859080,-3.826620,-0.070260,0.095820,-0.115860,0.379170,-0.095610,-0.018210,-0.180510,0.278940,-0.855090,-0.075630,-0.071551,0.197130,0.141031,-0.016020,0.220020,0.250890,-0.100080,-0.234360
0.906750,-0.077490,-0.100410,-0.084960,0.468690,0.164400,-0.472560,1.399230,-0.092400,-0.966180,-3.556411,0.104100,0.079920,-0.069900,0.911610,-0.190680,0.054690,-0.160830,-0.285030,-0.768690,-0.107160,0.267990,0.279239,0.166980,-0.047670,0.245760,0.309630,-0.196470,-0.117120
0.903430,0.017030,-0.090090,-0.090670,0.373790,0.161690,-0.477950,1.340990,-0.083970,-0.922020,-3.388840,0.177680,0.095490,-0.084520,0.770930,-0.263830,0.047570,-0.163780,-0.262510,-0.673370,-0.131190,0.344090,0.281540,0.092520,-0.039230,0.233740,0.305910,-0.144350,-0.102700
0.896790,0.206071,-0.069450,-0.102090,0.183990,0.156270,-0.488730,1.224510,-0.067110,-0.833700,-3.053699,0.324840,0.126630,-0.113760,0.489570,-0.410130,0.033330,-0.169680,-0.217470,-0.482730,-0.179250,0.496289,0.286142,-0.056401,-0.022350,0.209700,0.298470,-0.040110,-0.073860
0.897830,0.236970,-0.048410,-0.079430,0.048050,0.136430,-0.498350,0.928330,-0.035810,-0.718300,-2.373100,0.471340,0.171730,-0.133000,0.490330,-0.443650,0.038750,-0.169900,-0.246350,-0.346670,-0.195950,0.674810,0.280100,-0.094899,0.022109,0.252980,0.175970,0.051350,-0.064800
0.898350,0.252420,-0.037890,-0.068100,-0.019920,0.126510,-0.503160,0.780240,-0.020160,-0.660599,-2.032801,0.544590,0.194280,-0.142620,0.490710,-0.460410,0.041460,-0.170010,-0.260790,-0.278640,-0.204300,0.764070,0.277079,-0.114148,0.044339,0.274620,0.114720,0.097080,-0.060270
0.780840,0.266639,0.006090,0.001470,-0.139380,0.074640,-0.492360,0.198540,0.018720,-0.301411,-0.685620,0.684420,0.212550,-0.238020,0.782730,-0.470340,0.045090,-0.202500,0.723390,-0.084540,-0.156990,1.044270,0.310171,-0.196592,0.014820,0.427620,0.087630,-0.004320,0.098250
0.707620,0.247870,0.005160,0.041080,-0.073180,0.066970,-0.475090,0.240080,0.027450,-0.140410,-0.185430,0.708820,0.195480,-0.277030,0.726940,-0.434090,0.047540,-0.244050,0.692070,-0.076810,-0.142230,1.166870,0.312980,-0.157450,-0.013640,0.469190,0.121220,-0.180480,0.096520
0.561180,0.210331,0.003300,0.120300,0.059220,0.051630,-0.440550,0.323160,0.044910,0.181590,0.814950,0.757620,0.161340,-0.355050,0.615360,-0.361590,0.052440,-0.327150,0.629430,-0.061350,-0.112710,1.412070,0.318600,-0.079168,-0.070560,0.552330,0.188400,-0.532800,0.093060
0.459960,-0.081370,0.008680,0.205220,0.059600,0.035310,-0.384570,0.160000,0.062810,0.427630,1.519729,0.819040,0.150520,-0.421370,-0.182280,-0.278630,0.124660,-0.410050,0.470450,-0.002610,-0.166710,1.628991,0.262040,-0.051650,0.008761,0.526110,0.109720,-0.740700,0.087120
0.409350,-0.227221,0.011370,0.247680,0.059790,0.027150,-0.356580,0.078420,0.071760,0.550650,1.872119,0.849750,0.145110,-0.454530,-0.581100,-0.237150,0.160770,-0.451500,0.390960,0.026760,-0.193710,1.737451,0.233760,-0.037891,0.048421,0.513000,0.070379,-0.844650,0.084150
0.352050,-0.160770,0.009180,0.389370,0.116220,0.026790,-0.264570,-0.213240,0.085260,0.628530,1.881841,0.938310,0.159360,-0.280920,-1.201560,-0.123060,0.216750,-0.472740,-0.149430,0.196470,-0.177510,1.878090,0.206369,-0.060332,0.055320,0.536490,0.023850,-0.762120,0.106350
0.312340,-0.058410,0.007070,0.430520,0.124730,0.032960,-0.249860,-0.286540,0.081530,0.657810,1.690981,0.958170,0.174950,-0.160900,-1.115170,-0.076940,0.222410,-0.446580,-0.037140,0.155010,-0.160020,1.951550,0.191240,0.002589,0.027570,0.492430,0.057320,-0.883190,0.111090
0.232920,0.146310,0.002850,0.512820,0.141750,0.045300,-0.220440,-0.433140,0.074070,0.716370,1.309260,0.997890,0.206130,0.079140,-0.942390,0.015300,0.233730,-0.394260,0.187440,0.072090,-0.125040,2.098469,0.160981,0.128431,-0.027931,0.404310,0.124260,-1.125330,0.120570
0.130180,0.357890,-0.010030,0.538760,0.149430,0.047320,-0.221040,-0.537160,0.051190,0.749430,0.850300,0.985330,0.202970,0.409380,-0.864110,0.085680,0.253610,-0.272280,0.022660,0.018090,-0.135600,2.088210,0.086240,0.225031,-0.004710,0.249670,0.115820,-1.163790,0.159150
0.078810,0.463680,-0.016470,0.551730,0.153270,0.048330,-0.221340,-0.589170,0.039750,0.765960,0.620821,0.979050,0.201390,0.574500,-0.824970,0.120870,0.263550,-0.211290,-0.059730,-0.008910,-0.140880,2.083080,0.048870,0.273331,0.006900,0.172350,0.111600,-1.183020,0.178440
0.040620,0.916860,-0.037290,0.653520,0.286620,0.051600,-0.240360,-0.757560,0.005880,0.815220,-0.375091,0.971580,0.153150,1.064670,-0.415290,0.123120,0.273030,0.068340,-0.223950,0.130260,-0.148440,1.850309,0.178020,0.147808,0.017400,0.141360,-0.198150,-1.098960,0.175320
-0.057610,0.957030,-0.044890,0.658600,0.332840,0.056660,-0.231450,-0.752760,-0.006230,0.808990,-0.582811,0.943300,0.105560,1.181500,-0.294220,0.162230,0.282390,0.181690,-0.254700,0.128560,-0.131960,1.768349,0.187800,0.170258,0.006580,0.128990,-0.218010,-1.069580,0.181160
-0.254070,1.037370,-0.060090,0.668760,0.425280,0.066780,-0.213630,-0.743160,-0.030450,0.796530,-0.998250,0.886740,0.010380,1.415160,-0.052080,0.240450,0.301110,0.408390,-0.316200,0.125160,-0.099000,1.604429,0.207360,0.215160,-0.015060,0.104250,-0.257730,-1.010820,0.192840
-0.406830,1.041550,-0.063790,0.615660,0.473520,0.076320,-0.179090,-0.636140,-0.056750,0.963330,-1.178269,0.923340,-0.094360,1.641740,0.072560,0.220510,0.212110,0.558510,-0.344760,0.251820,-0.129160,1.232589,0.295960,0.115160,-0.138620,0.130870,-0.183270,-0.867000,0.146440
-0.483210,1.043639,-0.065640,0.589110,0.497640,0.081090,-0.161820,-0.582630,-0.069900,1.046729,-1.268279,0.941640,-0.146730,1.755030,0.134880,0.210540,0.167610,0.633570,-0.359040,0.315150,-0.144240,1.046669,0.340260,0.065160,-0.200400,0.144180,-0.146040,-0.795090,0.123240
-0.770940,0.896490,-0.055530,0.586470,0.548940,0.094590,-0.006660,-0.431190,-0.072120,1.434241,-1.231021,0.783720,-0.319620,1.824660,0.176370,-0.013380,0.159120,0.726780,-0.368760,0.744510,-0.009030,0.387872,0.285510,-0.353129,-0.170941,0.200910,0.076230,-0.357570,0.134610
-0.897960,0.841400,-0.047050,0.587850,0.542120,0.099900,0.006620,-0.402040,-0.065120,1.608650,-1.156651,0.734760,-0.329160,1.898820,0.147220,-0.020870,0.123020,0.746470,-0.364160,0.701920,-0.010120,0.293882,0.228480,-0.313330,-0.156320,0.157140,0.024920,-0.236590,0.129930
-1.152000,0.731220,-0.030090,0.590610,0.528480,0.110520,0.033180,-0.343740,-0.051120,1.957469,-1.007910,0.636840,-0.348240,2.047140,0.088920,-0.035850,0.050820,0.785850,-0.354960,0.616740,-0.012300,0.105901,0.114419,-0.233731,-0.127079,0.069600,-0.077700,0.005370,0.120570
-1.355740,0.600460,-0.007550,0.603570,0.514020,0.126040,0.016900,-0.294460,-0.036840,2.277631,-0.781609,0.485740,-0.310000,1.978060,-0.012320,-0.060990,-0.032460,0.656170,-0.333680,0.530700,0.015560,-0.061760,-0.013580,-0.169311,-0.140020,-0.081560,-0.207100,0.134390,0.119070
-1.457610,0.535080,0.003720,0.610050,0.506790,0.133800,0.008760,-0.269820,-0.029700,2.437711,-0.668459,0.410190,-0.290880,1.943520,-0.062940,-0.073560,-0.074100,0.591330,-0.323040,0.487680,0.029490,-0.145590,-0.077580,-0.137100,-0.146490,-0.157140,-0.271800,0.198900,0.118320
-1.694040,0.366240,0.036930,0.764940,0.508470,0.162960,0.124770,-0.228840,0.018120,2.884349,-0.335700,0.110070,-0.268080,1.586370,-0.204960,-0.074910,-0.173160,0.241740,-0.293280,0.297930,0.098580,-0.389160,-0.202530,0.008433,-0.196500,-0.297420,-0.372721,0.041790,0.040440
-1.734660,0.309160,0.043870,0.862810,0.482310,0.173660,0.230030,-0.204490,0.039580,3.010179,-0.207320,-0.016200,-0.292640,1.458490,-0.251900,-0.089580,-0.206870,0.066160,-0.273560,0.252400,0.098530,-0.441440,-0.222000,0.048041,-0.184900,-0.273040,-0.390870,0.110830,-0.008780
-1.815900,0.195000,0.057750,1.058550,0.429990,0.195060,0.440550,-0.155790,0.082500,3.261840,0.049439,-0.268740,-0.341760,1.202730,-0.345780,-0.118920,-0.274290,-0.285000,-0.234120,0.161340,0.098430,-0.546001,-0.260940,0.127258,-0.161700,-0.224280,-0.427170,0.248910,-0.107220
-1.799100,0.123760,0.076970,1.203730,0.393310,0.218420,0.789210,-0.110290,0.105660,3.117060,0.223160,-0.482040,-0.412860,0.742110,-0.433300,-0.167680,-0.342850,0.414440,-0.224760,0.156480,0.071090,-0.680741,-0.194139,0.092139,-0.169941,-0.201740,-0.315390,0.447010,-0.120240
-1.790700,0.088140,0.086580,1.276320,0.374970,0.230100,0.963540,-0.087540,0.117240,3.044670,0.310020,-0.588690,-0.448410,0.511800,-0.477060,-0.192060,-0.377130,0.764160,-0.220080,0.154050,0.057420,-0.748111,-0.160739,0.074580,-0.174061,-0.190470,-0.259500,0.546060,-0.126750
-1.457280,0.054240,0.118830,1.338480,0.379980,0.256920,1.251120,-0.042210,0.133620,2.407231,0.378390,-0.803220,-0.559800,-0.635430,-0.480870,-0.193170,-0.412890,0.510240,-0.210630,-0.052200,0.060330,-0.894420,-0.018570,0.084600,-0.221609,-0.446250,-0.130110,0.331320,-0.240990
-1.397180,0.079990,0.124430,1.057600,0.373310,0.253910,1.097110,-0.036280,0.136500,2.096031,0.339430,-0.835050,-0.572180,-1.020480,-0.448130,-0.125900,-0.370510,0.476410,-0.199450,-0.116590,-0.019040,-1.020349,-0.014630,0.134170,-0.152389,-0.451410,-0.089020,0.519800,-0.268020
-1.276980,0.131491,0.135630,0.495840,0.359970,0.247890,0.789090,-0.024420,0.142260,1.473631,0.261510,-0.898710,-0.596940,-1.790580,-0.382650,0.008640,-0.285750,0.408750,-0.177090,-0.245370,-0.177780,-1.272207,-0.006750,0.233309,-0.013949,-0.461730,-0.006840,0.896760,-0.322080
-1.251120,0.194610,0.115950,-0.036180,0.269850,0.210210,0.513850,-0.072280,0.124220,0.828670,0.098690,-0.895250,-0.534960,-1.715220,-0.281730,0.117060,-0.228770,-0.100090,-0.142810,-0.132230,-0.339440,-1.514210,-0.014370,0.041990,0.026870,-0.470030,0.045520,0.937860,-0.310980
-1.238190,0.226170,0.106110,-0.302190,0.224790,0.191370,0.376230,-0.096210,0.115200,0.506190,0.017281,-0.893520,-0.503970,-1.677540,-0.231270,0.171270,-0.200280,-0.354510,-0.125670,-0.075660,-0.420270,-1.635211,-0.018180,-0.053669,0.047280,-0.474181,0.071700,0.958410,-0.305430
-1.193309,0.300150,0.054000,-0.291810,0.133500,0.137220,0.409200,-0.224700,0.062760,-0.317312,-0.226051,-0.948810,-0.357870,-1.192800,-0.100620,0.272790,-0.005100,-0.947580,-0.074700,-0.049020,-0.493500,-1.955221,-0.219811,-0.201659,0.252720,-0.549299,-0.004320,1.138680,-0.240990
-1.127600,0.301520,0.037950,-0.196610,0.130220,0.131120,0.495070,-0.263550,0.042640,-0.632252,-0.269691,-0.925330,-0.273110,-1.062960,-0.081940,0.385330,-0.010180,-0.856680,-0.062380,-0.063640,-0.425550,-2.001981,-0.277190,-0.185599,0.260560,-0.584850,-0.131040,1.136600,-0.197500
-0.996180,0.304260,0.005850,-0.006209,0.123660,0.118920,0.666810,-0.341250,0.002400,-1.262130,-0.356970,-0.878370,-0.103590,-0.803280,-0.044579,0.610410,-0.020340,-0.674880,-0.037740,-0.092880,-0.289650,-2.095499,-0.391949,-0.153480,0.276241,-0.655950,-0.384479,1.132440,-0.110520
-0.812680,0.309900,-0.010590,0.098690,0.099920,0.107520,0.721890,-0.336510,-0.025700,-1.799370,-0.404890,-0.867690,-0.027830,-0.579060,-0.032780,0.604470,-0.029600,-0.630340,-0.023540,-0.204520,-0.171310,-1.999661,-0.432090,-0.129361,0.268239,-0.664090,-0.487320,0.954940,-0.097120
-0.720930,0.312720,-0.018810,0.151140,0.088050,0.101820,0.749430,-0.334140,-0.039750,-2.067990,-0.428849,-0.862350,0.010050,-0.466950,-0.026880,0.601500,-0.034230,-0.608070,-0.016440,-0.260340,-0.112140,-1.951742,-0.452160,-0.117302,0.264239,-0.668160,-0.538740,0.866190,-0.090420
-0.498390,0.355140,-0.027690,0.005339,0.040950,0.058860,0.397530,-0.223020,-0.051000,-2.632379,-0.493560,-0.906330,0.012150,0.024660,-0.008400,0.464190,-0.040800,-0.430620,-0.007320,-0.349410,0.329760,-1.720828,-0.698971,0.025080,0.089820,-0.554460,-0.012300,0.696300,0.034110
-0.395260,0.356420,-0.036510,0.028830,0.033590,0.046880,0.375150,-0.194040,-0.049720,-2.793390,-0.476810,-0.851850,0.043300,0.141700,-0.019100,0.473010,-0.055980,-0.363160,0.000000,-0.286680,0.376300,-1.677729,-0.643071,-0.061699,0.058650,-0.576740,0.022760,0.603450,0.045380
-0.189000,0.358980,-0.054150,0.075810,0.018870,0.022920,0.330390,-0.136080,-0.047160,-3.115411,-0.443310,-0.742890,0.105600,0.375780,-0.040500,0.490650,-0.086340,-0.228240,0.014640,-0.161220,0.469380,-1.591532,-0.531271,-0.235258,-0.003689,-0.621300,0.092880,0.417750,0.067920
-0.010200,0.376320,-0.061690,0.002610,-0.001830,0.003360,0.167110,-0.082380,-0.044500,-3.340549,-0.426130,-0.637290,0.120500,0.408560,-0.047920,0.502810,-0.047820,0.009500,0.028620,-0.174400,0.440500,-1.406990,-0.369970,-0.126141,0.033290,-0.406460,0.103560,0.319330,0.058960
0.079200,0.384990,-0.065460,-0.033990,-0.012180,-0.006420,0.085470,-0.055530,-0.043170,-3.453119,-0.417539,-0.584490,0.127950,0.424950,-0.051630,0.508890,-0.028560,0.128370,0.035610,-0.180990,0.426060,-1.314719,-0.289319,-0.071583,0.051779,-0.299040,0.108900,0.270120,0.054480
0.211950,0.443430,-0.066240,-0.205680,-0.038730,-0.042210,-0.338851,-0.023130,-0.034320,-3.514620,-0.449820,-0.493140,0.118170,0.572460,-0.047310,0.423420,0.027900,0.112950,0.053490,-0.268740,0.255570,-1.019670,-0.079651,0.113761,0.167490,0.003060,0.204990,0.042630,0.056130
0.211390,0.472950,-0.068190,-0.269750,-0.042740,-0.056570,-0.584480,-0.018880,-0.031780,-3.424530,-0.476010,-0.450180,0.116530,0.682430,-0.040920,0.374800,0.040160,0.018160,0.054750,-0.257920,0.230580,-0.947191,-0.028470,0.123922,0.155540,0.037580,0.232060,0.125280,0.089160
0.210270,0.531990,-0.072090,-0.397890,-0.050760,-0.085290,-1.075739,-0.010380,-0.026700,-3.244351,-0.528391,-0.364260,0.113250,0.902370,-0.028140,0.277560,0.064680,-0.171420,0.057270,-0.236280,0.180600,-0.802231,0.073891,0.144242,0.131641,0.106620,0.286201,0.290580,0.155220
0.218490,0.557530,-0.084030,-0.376130,-0.047060,-0.097430,-1.335480,-0.030480,-0.021700,-2.906530,-0.484970,-0.269400,0.154110,0.801610,-0.056900,0.177000,0.125100,-0.285280,0.074070,-0.187700,0.138740,-0.563010,0.130990,0.032779,0.099700,0.121280,0.281340,0.188320,0.115980
0.222600,0.570300,-0.090000,-0.365250,-0.045210,-0.103500,-1.465350,-0.040530,-0.019200,-2.737620,-0.463260,-0.221970,0.174540,0.751230,-0.071281,0.126720,0.155310,-0.342210,0.082470,-0.163410,0.117810,-0.443400,0.159540,-0.022953,0.083730,0.128610,0.278910,0.137190,0.096360
0.240480,0.602790,-0.121230,-0.111600,-0.058320,-0.083760,-1.112820,-0.105090,-0.022770,-2.015490,-0.410970,-0.126690,0.275700,0.217740,-0.098459,-0.008490,0.230460,-0.172500,0.117570,-0.172170,0.078540,-0.062610,0.219330,-0.139858,0.054120,0.025140,0.243241,-0.137010,-0.048900
0.203040,0.621430,-0.122560,-0.053850,-0.062360,-0.074900,-1.008360,-0.117870,-0.024250,-1.733220,-0.420960,-0.085220,0.300660,0.319350,-0.094510,-0.027740,0.231220,-0.078760,0.128450,-0.191990,0.104570,0.045870,0.245670,-0.067499,0.030210,0.072930,0.230720,-0.138530,-0.021820
0.128160,0.658710,-0.125220,0.061650,-0.070440,-0.057180,-0.799440,-0.143430,-0.027210,-1.168680,-0.440940,-0.002280,0.350580,0.522570,-0.086610,-0.066240,0.232740,0.108720,0.150210,-0.231630,0.156630,0.262830,0.298351,0.077219,-0.017610,0.168510,0.205680,-0.141570,0.032340
0.082380,0.698250,-0.122920,0.179070,-0.029240,-0.032140,-0.553660,-0.166950,-0.028310,-0.576880,-0.446900,0.110040,0.406980,0.533290,-0.094330,-0.151440,0.233120,0.195740,0.159210,-0.174970,0.186530,0.413150,0.321050,0.107920,-0.050790,0.363710,0.145100,-0.202990,0.044760
0.059491,0.718020,-0.121770,0.237781,-0.008640,-0.019620,-0.430770,-0.178710,-0.028860,-0.280979,-0.449881,0.166200,0.435180,0.538650,-0.098190,-0.194040,0.233310,0.239250,0.163710,-0.146640,0.201480,0.488310,0.332399,0.123271,-0.067381,0.461310,0.114810,-0.233700,0.050970
0.105390,0.764400,-0.096300,0.275580,0.044850,0.018750,-0.464730,-0.183990,-0.027180,0.324419,-0.388410,0.367020,0.480270,0.602670,-0.147510,-0.349440,0.253890,-0.497400,0.183690,0.091020,0.167460,0.611671,0.382651,-0.188341,-0.057750,0.478530,0.002130,-0.399510,0.046500
0.110130,0.754050,-0.078060,0.212040,0.051880,0.029750,-0.634830,-0.161240,-0.024440,0.481500,-0.328400,0.430130,0.478710,0.627900,-0.176440,-0.361290,0.257420,-0.539260,0.195700,0.143550,0.160360,0.649720,0.407820,-0.234871,-0.054130,0.460430,0.001830,-0.336300,0.087770
0.119610,0.733350,-0.041580,0.084960,0.065940,0.051750,-0.975030,-0.115740,-0.018960,0.795660,-0.208380,0.556350,0.475590,0.678360,-0.234300,-0.384990,0.264480,-0.622980,0.219720,0.248610,0.146160,0.725820,0.458159,-0.327930,-0.046890,0.424230,0.001230,-0.209880,0.170310
0.199350,0.675150,-0.019800,-0.053060,0.072980,0.068030,-1.233290,-0.071160,-0.022120,0.970420,-0.041680,0.671730,0.449590,0.707080,-0.309320,-0.347130,0.251060,-1.234840,0.253540,0.244910,0.172020,0.851339,0.500659,-0.219331,-0.079110,0.500970,0.026470,-0.227180,0.184010
0.239220,0.646050,-0.008910,-0.122070,0.076500,0.076170,-1.362420,-0.048870,-0.023700,1.057800,0.041670,0.729420,0.436590,0.721440,-0.346830,-0.328200,0.244350,-1.540770,0.270450,0.243060,0.184950,0.914099,0.521910,-0.165031,-0.095220,0.539340,0.039090,-0.235830,0.190860
0.460410,0.540990,-0.051000,0.034410,0.092880,0.124800,-0.338640,-0.062700,-0.042120,1.146930,0.290310,0.873990,0.385260,-0.442680,-0.468090,-0.390270,0.177540,-2.095350,0.326550,0.425730,0.184050,1.090441,0.538201,-0.263668,-0.185670,0.551160,0.057720,-0.164460,0.181290
0.429020,0.558050,-0.053820,0.139600,0.073070,0.134820,-0.034970,-0.055140,-0.049440,1.058610,0.233240,0.891630,0.371250,-0.932770,-0.413100,-0.419420,0.145990,-1.271380,0.337510,0.463730,0.131180,1.208121,0.525681,-0.307229,-0.178750,0.526670,0.107770,-0.230560,0.192900
0.366240,0.592170,-0.059460,0.349980,0.033450,0.154860,0.572370,-0.040020,-0.064080,0.881969,0.119100,0.926910,0.343230,-1.912950,-0.303120,-0.477720,0.082890,0.376560,0.359430,0.539730,0.025440,1.443479,0.500640,-0.394349,-0.164909,0.477690,0.207869,-0.362760,0.216120
0.401700,0.614490,-0.014680,0.139980,-0.079330,0.125300,0.314830,-0.030700,-0.079520,0.686550,0.018940,0.859430,0.345690,-1.468290,-0.187820,-0.476580,0.054870,0.156520,0.418130,0.482070,-0.174220,1.722600,0.399640,-0.352972,-0.063390,0.460830,0.270310,-0.590820,0.125500
0.419430,0.625650,0.007710,0.034980,-0.135720,0.110520,0.186060,-0.026040,-0.087240,0.588841,-0.031140,0.825690,0.346920,-1.245960,-0.130169,-0.476010,0.040860,0.046500,0.447480,0.453240,-0.274050,1.862161,0.349140,-0.332283,-0.012630,0.452400,0.301530,-0.704850,0.080190
0.208650,0.451410,0.040830,-0.127020,-0.306660,0.049140,0.110340,-0.008070,-0.114780,0.757560,0.143550,0.718470,0.350250,-0.852090,0.053490,-0.400500,0.047430,-0.032940,0.575850,0.370350,-0.520770,2.233440,0.227761,-0.169258,0.116040,0.513330,0.285360,-1.072890,-0.086820
0.100170,0.358610,0.050700,-0.139910,-0.331270,0.038710,0.092030,0.011920,-0.118590,0.887580,0.241710,0.677300,0.329630,-0.879380,0.083330,-0.358930,0.058040,0.044940,0.618070,0.351890,-0.569900,2.264460,0.210610,-0.119909,0.137179,0.467240,0.270940,-1.156520,-0.101710
-0.116790,0.173010,0.070440,-0.165690,-0.380490,0.017850,0.055410,0.051900,-0.126210,1.147620,0.438030,0.594960,0.288390,-0.933960,0.143010,-0.275790,0.079260,0.200700,0.702510,0.314970,-0.668160,2.326500,0.176309,-0.021211,0.179459,0.375060,0.242100,-1.323780,-0.131490
-0.077090,0.084790,0.083180,-0.233850,-0.441570,0.008730,0.120610,0.112520,-0.141070,0.950861,0.425530,0.591380,0.280110,-0.811200,0.250630,-0.271770,0.012180,0.221060,0.752730,0.291450,-0.711820,2.237080,0.171950,0.007149,0.199900,0.310560,-0.003360,-1.598280,-0.188530
-0.057240,0.040680,0.089550,-0.267930,-0.472110,0.004170,0.153210,0.142830,-0.148500,0.852481,0.419280,0.589590,0.275970,-0.749820,0.304441,-0.269760,-0.021360,0.231240,0.777840,0.279690,-0.733650,2.192370,0.169771,0.021329,0.210121,0.278310,-0.126090,-1.735530,-0.217050
0.019080,-0.112710,0.115620,-0.340590,-0.502710,-0.013440,0.276480,0.249210,-0.160020,0.398639,0.295470,0.549000,-0.015990,-0.512220,0.525929,-0.333270,-0.074250,0.217530,0.698340,0.206850,-0.494430,1.868069,0.113969,0.062971,0.015870,-0.024810,-0.076590,-1.768350,0.104160
0.030870,-0.170500,0.121660,-0.350970,-0.508190,-0.021440,0.324040,0.295360,-0.162520,0.270879,0.308430,0.553050,-0.078130,-0.459970,0.575250,-0.279220,-0.116320,0.232120,0.667410,0.241260,-0.409110,1.613979,0.066299,0.042411,-0.054060,-0.124950,-0.103130,-1.603060,0.132170
0.054450,-0.286080,0.133740,-0.371730,-0.519150,-0.037440,0.419160,0.387660,-0.167520,0.015360,0.334350,0.561150,-0.202410,-0.355470,0.673891,-0.171120,-0.200460,0.261300,0.605550,0.310080,-0.238470,1.105800,-0.029039,0.001291,-0.193920,-0.325229,-0.156210,-1.272480,0.188190
0.034450,-0.435140,0.147000,-0.379770,-0.498970,-0.063080,0.443120,0.413540,-0.160340,-0.159880,0.309830,0.575750,-0.275750,-0.282650,0.747810,-0.146680,-0.257360,0.303620,0.558910,0.360160,-0.182150,0.736461,-0.126680,-0.005809,-0.254620,-0.253930,-0.175730,-1.022080,0.098810
0.024450,-0.509670,0.153630,-0.383790,-0.488880,-0.075900,0.455100,0.426480,-0.156750,-0.247500,0.297570,0.583050,-0.312420,-0.246240,0.784770,-0.134460,-0.285810,0.324780,0.535590,0.385200,-0.153990,0.551791,-0.175501,-0.009359,-0.284970,-0.218281,-0.185490,-0.896880,0.054120
-0.060540,-0.662220,0.170730,-0.431430,-0.499440,-0.116610,0.442260,0.435600,-0.108390,-0.344760,0.341580,0.508950,-0.422880,-0.100230,0.878760,-0.142140,-0.335220,0.368910,0.481050,0.669690,-0.263190,-0.065432,-0.252389,-0.234872,-0.338489,-0.381449,-0.152459,-0.095700,-0.073830
-0.133870,-0.740330,0.171700,-0.423570,-0.482340,-0.128360,0.415610,0.450780,-0.079870,-0.296290,0.416040,0.426170,-0.444390,-0.086670,0.883150,-0.131500,-0.273610,0.374690,0.460640,0.657780,-0.285320,-0.162261,-0.306019,-0.183921,-0.301909,-0.271840,-0.137840,0.050870,-0.100700
-0.280530,-0.896550,0.173640,-0.407850,-0.448140,-0.151860,0.362310,0.481140,-0.022830,-0.199349,0.564960,0.260610,-0.487410,-0.059550,0.891930,-0.110220,-0.150390,0.386250,0.419820,0.633960,-0.329580,-0.355918,-0.413280,-0.082018,-0.228750,-0.052620,-0.108600,0.344010,-0.154440
-0.408610,-1.099150,0.169580,-0.372290,-0.397880,-0.166800,0.349330,0.571260,0.045130,-0.098770,0.790940,0.078030,-0.522990,-0.045070,0.865110,-0.085780,-0.083710,0.393550,0.354900,0.589980,-0.321180,-0.507379,-0.543180,-0.003619,-0.130790,-0.039600,-0.158420,0.567210,-0.121420
-0.472650,-1.200450,0.167550,-0.354510,-0.372750,-0.174270,0.342840,0.616320,0.079110,-0.048480,0.903930,-0.013260,-0.540780,-0.037830,0.851700,-0.073560,-0.050370,0.397200,0.322440,0.567990,-0.316980,-0.583109,-0.608130,0.035580,-0.081811,-0.033090,-0.183330,0.678810,-0.104910
-0.585060,-1.473450,0.151560,-0.267480,-0.262380,-0.202260,0.414150,0.789330,0.185760,0.029129,1.175759,-0.292410,-0.566490,-0.014430,0.816990,-0.027090,-0.061020,0.392640,0.189900,0.428880,-0.049110,-0.719762,-0.763410,0.167520,-0.178260,0.006870,-0.250321,0.735780,-0.200670
-0.619130,-1.542730,0.154750,-0.238620,-0.220480,-0.213640,0.432070,0.829030,0.224990,0.084530,1.264439,-0.373410,-0.590180,-0.025260,0.802370,0.012450,-0.079910,0.391510,0.149020,0.315110,0.071730,-0.761781,-0.780140,0.265419,-0.222680,0.006230,-0.288560,0.735340,-0.190990
-0.687270,-1.681290,0.161130,-0.180900,-0.136680,-0.236400,0.467910,0.908430,0.303450,0.195331,1.441800,-0.535410,-0.637560,-0.046920,0.773130,0.091530,-0.117690,0.389250,0.067260,0.087570,0.313410,-0.845819,-0.813600,0.461218,-0.311521,0.004950,-0.365040,0.734460,-0.171630
-0.727070,-1.720470,0.178090,-0.126300,-0.044520,-0.242360,0.459570,0.919790,0.358470,0.230131,1.441581,-0.694270,-0.619880,-0.030560,0.885350,0.216170,-0.107830,0.388190,0.032700,-0.116990,0.384570,-0.870860,-0.837200,0.580781,-0.211920,-0.036730,-0.568180,0.449780,-0.287310
-0.746970,-1.740060,0.186570,-0.099000,0.001560,-0.245340,0.455400,0.925470,0.385980,0.247530,1.441471,-0.773700,-0.611040,-0.022380,0.941460,0.278490,-0.102900,0.387660,0.015420,-0.219270,0.420150,-0.883380,-0.849000,0.640562,-0.162120,-0.057570,-0.669750,0.307440,-0.345150
-0.706530,-1.496520,0.203580,-0.036630,0.092460,-0.231690,0.393750,0.797580,0.380730,0.195930,1.037609,-0.992670,-0.527700,0.035370,1.036620,0.434580,-0.164550,0.385680,0.002580,-0.287370,0.561330,-0.942060,-0.638820,0.512910,-0.130679,-0.470430,-0.705990,0.321720,-0.350580
-0.644670,-1.312080,0.196540,-0.022440,0.111990,-0.219090,0.364700,0.718950,0.356880,0.103430,0.758480,-1.105580,-0.574540,0.072710,1.076020,0.484680,-0.180840,0.388810,0.001900,-0.329270,0.601870,-0.889031,-0.530350,0.555049,-0.075340,-0.467240,-0.602550,0.419370,-0.288200
-0.520950,-0.943200,0.182460,0.005940,0.151050,-0.193890,0.306600,0.561690,0.309180,-0.081571,0.200222,-1.331400,-0.668220,0.147390,1.154820,0.584880,-0.213420,0.395070,0.000540,-0.413070,0.682950,-0.782973,-0.313411,0.639328,0.035339,-0.460860,-0.395670,0.614670,-0.163440
-0.392670,-0.612460,0.160940,-0.018400,0.119390,-0.165570,0.236740,0.407710,0.261220,-0.266670,-0.252320,-1.511920,-0.526200,0.223070,1.143820,0.676300,-0.209460,0.392950,-0.000320,-0.469870,0.659790,-0.591050,-0.350831,0.695270,0.063300,-0.352200,-0.149710,0.528410,0.053320
-0.328529,-0.447090,0.150180,-0.030570,0.103560,-0.151410,0.201810,0.330720,0.237240,-0.359219,-0.478590,-1.602180,-0.455190,0.260910,1.138320,0.722010,-0.207480,0.391890,-0.000750,-0.498270,0.648210,-0.495089,-0.369540,0.723242,0.077280,-0.297870,-0.026730,0.485280,0.161700
-0.105240,-0.009420,0.090300,-0.051660,0.034290,-0.114030,0.133740,0.091290,0.150660,-0.680400,-1.121911,-1.744110,-0.159300,0.383760,1.209060,0.763980,-0.063360,0.388530,-0.013530,-0.394920,0.432870,-0.437939,-0.553590,0.586438,0.329821,-0.237029,-0.138600,0.258330,-0.047250
-0.050530,0.089040,0.069880,-0.054650,-0.008060,-0.100760,0.127140,-0.073650,0.124630,-0.757510,-1.255981,-1.713770,-0.102910,0.418370,1.198180,0.785880,-0.022120,0.388260,-0.070300,-0.340910,0.414660,-0.503059,-0.572720,0.557549,0.390550,-0.259830,-0.123160,0.376010,-0.095940
0.058890,0.285960,0.029040,-0.060630,-0.092760,-0.074220,0.113940,-0.403530,0.072570,-0.911730,-1.524121,-1.653090,0.009870,0.487590,1.176420,0.829680,0.060360,0.387720,-0.183840,-0.232890,0.378240,-0.633300,-0.610980,0.499771,0.512010,-0.305430,-0.092280,0.611370,-0.193320
0.105330,0.390360,0.005940,-0.061030,-0.101140,-0.046980,0.110220,-0.808650,0.036770,-0.951630,-1.577800,-1.478230,0.031210,0.508650,0.963840,0.745100,0.003960,0.378160,-0.473700,-0.091230,0.365480,-0.967280,-0.498599,0.233390,0.416650,-0.421450,-0.057380,0.590610,-0.163620
0.128550,0.442560,-0.005610,-0.061230,-0.105330,-0.033360,0.108360,-1.011210,0.018870,-0.971580,-1.604640,-1.390800,0.041880,0.519180,0.857550,0.702810,-0.024240,0.373380,-0.618630,-0.020400,0.359100,-1.134270,-0.442409,0.100200,0.368970,-0.479460,-0.039930,0.580230,-0.148770
0.068190,0.510930,0.000690,-0.059130,-0.320160,-0.024630,0.125370,-2.121300,-0.002430,-0.823170,-1.545390,-1.185900,0.196530,0.446160,0.281340,0.417690,-0.030630,0.358560,-1.185000,0.020910,0.324270,-1.548150,-0.376051,-0.358379,0.329280,-0.474930,0.042120,0.692670,-0.005820
0.032140,0.503910,0.015840,-0.061350,-0.387400,-0.029980,0.128430,-2.489940,0.004830,-0.709620,-1.398780,-1.068270,0.170900,0.389270,0.028970,0.459840,-0.050900,0.355330,-1.253200,0.045530,0.348490,-1.748090,-0.293750,-0.513380,0.281220,-0.571050,0.083600,0.800120,0.034280
-0.039960,0.489870,0.046140,-0.065790,-0.521880,-0.040680,0.134550,-3.227220,0.019350,-0.482520,-1.105560,-0.833010,0.119640,0.275490,-0.475770,0.544140,-0.091440,0.348870,-1.389600,0.094770,0.396930,-2.147970,-0.129148,-0.823381,0.185099,-0.763290,0.166560,1.015020,0.114480
-0.189900,0.436510,0.056400,-0.113490,-0.461700,-0.067840,0.107090,-3.215860,0.059150,-0.112340,-0.543500,-0.658370,0.096020,0.130470,-1.268250,0.603340,-0.142500,0.350090,-1.552100,-0.025030,0.468710,-2.301370,0.005830,-0.846319,0.128400,-0.651430,0.170280,0.977500,0.128460
-0.264870,0.409830,0.061530,-0.137340,-0.431610,-0.081420,0.093360,-3.210180,0.079050,0.072750,-0.262470,-0.571050,0.084210,0.057960,-1.664490,0.632940,-0.168030,0.350700,-1.633350,-0.084930,0.504600,-2.378070,0.073319,-0.857788,0.100050,-0.595500,0.172140,0.958740,0.135450
-0.585691,0.207180,0.047940,-0.235080,-0.049620,-0.120180,-0.026010,-2.404140,0.146100,0.617100,0.706890,-0.311280,-0.142530,-0.155430,-2.135820,0.867180,-0.212010,0.350670,-0.446190,-0.217320,0.508200,-2.729970,0.479520,-0.659491,0.097561,-0.638040,0.207180,0.854250,0.209640
-0.619020,0.157490,0.048360,-0.271340,0.051820,-0.132570,-0.035100,-2.185260,0.155440,0.685380,0.991770,-0.251140,-0.101260,-0.174800,-2.156250,0.782370,-0.238440,0.347560,0.002590,-0.260040,0.519500,-2.701001,0.495690,-0.588511,0.092601,-0.561540,0.177060,0.822510,0.241470
-0.685679,0.058110,0.049200,-0.343860,0.254700,-0.157350,-0.053280,-1.747500,0.174120,0.821940,1.561530,-0.130860,-0.018720,-0.213540,-2.197110,0.612750,-0.291300,0.341340,0.900150,-0.345480,0.542100,-2.643061,0.528030,-0.446552,0.082680,-0.408540,0.116820,0.759030,0.305130
-0.609920,0.163250,0.077600,-0.436600,0.241040,-0.178870,-0.019500,-1.702160,0.157820,0.773840,1.848511,0.034840,0.037260,-0.161780,-2.100690,0.455230,-0.325100,0.321040,1.440090,-0.370080,0.533580,-2.450440,0.549850,-0.231551,0.046059,-0.398220,0.124080,0.814350,0.361410
-0.572040,0.215820,0.091800,-0.482970,0.234210,-0.189630,-0.002610,-1.679490,0.149670,0.749790,1.992001,0.117690,0.065250,-0.135900,-2.052480,0.376470,-0.342000,0.310890,1.710060,-0.382380,0.529320,-2.354129,0.560760,-0.124050,0.027748,-0.393060,0.127711,0.842010,0.389550
-0.361710,0.346320,0.077490,-0.575100,0.323940,-0.205410,0.044310,-1.234800,0.086610,0.451140,2.274209,0.400320,0.064800,0.050790,-1.339440,0.055169,-0.282420,0.283800,1.813230,-0.173520,0.519030,-1.872990,0.628290,-0.019019,-0.007380,-0.042150,0.291300,0.626850,0.483060
-0.297450,0.346020,0.067970,-0.592910,0.431210,-0.205240,0.064060,-0.950220,0.062840,0.365230,2.367709,0.512980,0.066630,0.116180,-1.131310,-0.073200,-0.258870,0.280560,1.534340,-0.090700,0.496110,-1.728580,0.625409,-0.176280,0.029171,0.036370,0.303200,0.430290,0.497880
-0.168931,0.345420,0.048930,-0.628530,0.645750,-0.204900,0.103560,-0.381060,0.015300,0.193410,2.554709,0.738300,0.070290,0.246960,-0.715050,-0.329940,-0.211770,0.274080,0.976560,0.074940,0.450270,-1.439760,0.619649,-0.490801,0.102271,0.193410,0.327000,0.037170,0.527520
-0.062470,0.373880,0.104590,-0.571110,0.913770,-0.184060,0.164880,-0.236660,-0.034800,0.016250,2.526030,0.987340,0.012450,0.389580,-0.263370,-0.323780,-0.169510,0.266140,0.368580,0.034160,0.437870,-1.211200,0.555230,-0.439999,0.158670,0.056610,0.254640,0.007650,0.504220
-0.009239,0.388110,0.132420,-0.542400,1.047780,-0.173640,0.195540,-0.164460,-0.059850,-0.072330,2.511690,1.111860,-0.016470,0.460890,-0.037530,-0.320699,-0.148380,0.262170,0.064590,0.013770,0.431670,-1.096920,0.523020,-0.414598,0.186870,-0.011790,0.218461,-0.007110,0.492570
0.022019,0.343680,0.237900,-0.380400,1.579290,-0.105810,0.316200,0.358019,-0.112980,-0.118980,2.247301,1.348590,-0.134790,0.591300,0.699420,-0.358441,-0.154980,0.243690,0.007200,0.082860,0.443550,-0.541020,0.401310,-0.290161,0.169711,0.036030,0.089820,-0.086070,0.329580
0.038689,0.422800,0.264400,-0.316230,1.636160,-0.080140,0.353230,0.443360,-0.141050,-0.121240,2.099581,1.418090,-0.134920,0.610720,1.010170,-0.369020,-0.146830,0.244360,0.004960,0.089060,0.462440,-0.312000,0.370520,-0.237360,0.135730,0.072460,0.066700,-0.217830,0.268070
0.072030,0.581040,0.317400,-0.187890,1.749900,-0.028800,0.427289,0.614040,-0.197190,-0.125760,1.804140,1.557090,-0.135180,0.649560,1.631670,-0.390180,-0.130530,0.245700,0.000480,0.101460,0.500220,0.146040,0.308940,-0.131757,0.067769,0.145320,0.020460,-0.481350,0.145050
0.076771,0.734460,0.382560,-0.056070,1.794120,0.022480,0.490430,0.622380,-0.241770,-0.101920,1.267819,1.627050,-0.188100,0.628480,1.989470,-0.432040,-0.111810,0.257740,0.000200,0.174800,0.446680,0.544360,0.226220,-0.023241,0.109410,0.242860,-0.003900,-0.366130,0.075290
0.079141,0.811170,0.415140,0.009840,1.816230,0.048120,0.522001,0.626550,-0.264060,-0.090000,0.999659,1.662030,-0.214560,0.617940,2.168370,-0.452970,-0.102450,0.263760,0.000060,0.211470,0.419910,0.743520,0.184860,0.031017,0.130230,0.291630,-0.016080,-0.308520,0.040410
0.009660,0.999600,0.476250,0.126210,1.513980,0.115500,0.573210,0.781560,-0.308430,-0.038250,0.343680,1.641030,-0.286350,0.558660,1.837890,-0.681990,-0.103200,0.300060,0.000000,0.424170,0.261930,1.299030,0.028410,-0.217348,0.241651,0.511650,-0.059730,-0.123150,-0.161400
-0.044650,0.993840,0.456540,0.105840,1.474610,0.119990,0.577280,1.124990,-0.311910,0.019000,0.131660,1.616220,-0.293770,0.549500,1.415670,-0.692600,-0.121590,0.319320,-0.000010,0.369790,0.251190,1.513760,0.000460,-0.178210,0.235230,0.511890,-0.056010,-0.246520,-0.170620
-0.153270,0.982320,0.417120,0.065100,1.395870,0.128970,0.585420,1.811850,-0.318870,0.133500,-0.292380,1.566600,-0.308610,0.531180,0.571230,-0.713820,-0.158370,0.357840,-0.000030,0.261030,0.229710,1.943219,-0.055439,-0.099932,0.222389,0.512370,-0.048570,-0.493260,-0.189060
-0.199810,1.078860,0.363000,-0.028360,0.761890,0.110150,0.617520,1.887450,-0.308090,0.166300,-0.641580,1.447340,-0.353730,0.481640,0.200970,-0.756220,-0.218070,0.404500,-0.000030,0.232210,0.207430,2.310439,-0.112520,0.011331,0.195290,0.506970,0.033050,-0.525960,-0.190120
-0.223079,1.127130,0.335940,-0.075090,0.444900,0.100740,0.633570,1.925250,-0.302700,0.182700,-0.816180,1.387710,-0.376290,0.456870,0.015840,-0.777420,-0.247920,0.427830,-0.000030,0.217800,0.196290,2.494049,-0.141061,0.066962,0.181741,0.504270,0.073860,-0.542310,-0.190650
-0.123720,1.093410,0.222180,-0.263310,-0.581640,0.024720,0.752401,1.520340,-0.239850,-0.050040,-1.139579,0.950820,-0.334020,0.334980,0.106620,-0.820590,-0.541440,0.512010,-0.000780,0.286650,0.142470,3.135690,-0.568680,0.271411,0.061290,0.741240,0.049650,-0.767970,0.226170
-0.132020,0.908900,0.169260,-0.328650,-0.389710,-0.006280,0.764380,1.963260,-0.196360,-0.113860,-1.093290,1.012640,-0.511890,0.292140,0.156470,-0.884110,-0.448080,0.520040,-0.006520,0.322620,0.212150,2.921261,-0.414610,0.167930,0.032180,0.817820,0.106770,-0.942090,0.240770
-0.148621,0.539880,0.063420,-0.459330,-0.005850,-0.068280,0.788340,2.849100,-0.109380,-0.241500,-1.000711,1.136280,-0.867630,0.206460,0.256170,-1.011150,-0.261360,0.536100,-0.018000,0.394560,0.351510,2.492402,-0.106469,-0.039032,-0.026041,0.970980,0.221010,-1.290330,0.269970
-0.277820,0.306380,0.079540,-0.478130,0.028190,-0.084160,0.817580,2.810000,-0.006140,-0.262580,-0.640249,1.004940,-0.865650,0.322760,-0.654050,-1.056350,-0.401900,0.393400,-0.293000,0.353940,0.417950,2.566299,-0.206070,0.051110,-0.115520,0.881820,0.128190,-1.237190,0.214890
-0.342420,0.189630,0.087600,-0.487530,0.045210,-0.092100,0.832200,2.790450,0.045480,-0.273120,-0.460019,0.939270,-0.864660,0.380910,-1.109160,-1.078950,-0.472170,0.322050,-0.430500,0.333630,0.451170,2.603248,-0.255870,0.096180,-0.160260,0.837240,0.081781,-1.210620,0.187350
-0.445649,-0.019860,0.217950,-0.347130,-0.400230,-0.033030,0.821490,0.775890,0.222780,-0.510570,-0.108270,0.704910,-0.974880,0.863580,-2.873340,-1.073160,-0.574711,0.034860,-3.374250,0.190080,0.465510,2.438761,-0.360750,0.252689,-0.212011,0.531780,-0.018240,-1.029270,0.215640
-0.459180,0.090900,0.226300,-0.282890,-0.467530,-0.003170,0.759770,0.191230,0.264430,-0.570660,-0.302780,0.632800,-0.927240,1.103480,-3.204070,-0.956050,-0.495850,0.023500,-3.294740,0.044950,0.368420,2.362950,-0.426710,0.350859,-0.129610,0.393030,-0.061810,-1.295770,0.168670
-0.486242,0.312420,0.243000,-0.154410,-0.602130,0.056550,0.636330,-0.978090,0.347730,-0.690840,-0.691801,0.488580,-0.831960,1.583280,-3.865530,-0.721830,-0.338130,0.000780,-3.135720,-0.245310,0.174240,2.211329,-0.558629,0.547199,0.035191,0.115530,-0.148950,-1.828770,0.074730
-0.740060,0.158500,0.194340,-0.148650,-0.415470,0.142610,0.402230,-1.512150,0.388450,-0.767360,-1.014200,0.230140,-0.676920,2.244640,-3.748950,-0.462190,-0.163090,-0.017560,-2.505780,-0.355050,-0.214020,1.733530,-0.727050,0.599501,0.274791,-0.215130,-0.046310,-1.566890,-0.375970
-0.866969,0.081540,0.170010,-0.145770,-0.322140,0.185640,0.285180,-1.779180,0.408810,-0.805620,-1.175399,0.100920,-0.599400,2.575320,-3.690661,-0.332370,-0.075569,-0.026730,-2.190810,-0.409920,-0.408150,1.494631,-0.811261,0.625652,0.394590,-0.380461,0.005009,-1.435950,-0.601320
-0.985261,-0.202980,-0.013350,-0.510330,0.046740,0.264090,0.009930,-1.258200,0.451800,-1.321200,-1.493281,-0.064590,-0.274410,3.394590,-3.267539,-0.102030,-0.022741,-0.644340,-0.599040,-0.650250,-0.472560,0.908672,-0.980580,0.849330,0.220799,-0.621360,-0.177839,-0.750870,-1.015860
-1.092250,-0.311110,-0.033650,-0.621570,0.049160,0.225130,-0.985420,-1.000740,0.450100,-1.242230,-1.445830,0.032350,-0.066890,2.962170,-2.849260,-0.103700,0.004050,-2.663370,-0.477620,-0.562080,-0.453670,0.648381,-1.017020,0.752610,0.139230,-0.710590,-0.215760,-0.544110,-0.885980
-1.306229,-0.527370,-0.074250,-0.844050,0.054000,0.147210,-2.976120,-0.485820,0.446700,-1.084290,-1.350930,0.226230,0.348150,2.097330,-2.012701,-0.107040,0.057631,-6.701430,-0.234780,-0.385740,-0.415890,0.127798,-1.089900,0.559169,-0.023909,-0.889050,-0.291600,-0.130590,-0.626220
-0.806850,-0.675730,-0.092470,-0.853870,-0.100060,0.082130,-3.960660,-0.402120,0.402020,-0.351710,-1.054210,0.446690,0.500770,0.139990,-1.154580,-0.166380,0.165370,-6.842570,-0.127560,0.131520,-0.335490,-0.331560,-0.885020,0.093650,-0.006810,-0.631310,-0.179140,0.419070,-0.439800
-0.557161,-0.749910,-0.101580,-0.858780,-0.177090,0.049590,-4.452930,-0.360270,0.379680,0.014580,-0.905850,0.556920,0.577080,-0.838680,-0.725520,-0.196050,0.219239,-6.913140,-0.073950,0.390150,-0.295290,-0.561240,-0.782581,-0.139110,0.001740,-0.502439,-0.122910,0.693900,-0.346590
-0.005910,-0.912600,-0.115830,-0.579300,-0.446640,0.019470,-4.312170,-0.469470,0.303720,1.370459,-0.689430,0.369090,0.901740,-4.168320,0.621001,-0.129930,0.246541,-0.061080,0.103290,0.699030,-0.031080,-0.408150,-0.528000,-0.344582,-0.127920,-0.046920,-0.111420,1.083960,-0.071070
0.240080,-0.832730,-0.161840,-0.410210,-0.522920,0.022190,-3.615500,-0.548670,0.264370,1.631170,-0.731530,0.212770,1.056060,-3.796760,1.009390,-0.110170,0.245250,0.180220,0.193500,0.662790,-0.012610,-0.290890,-0.430630,-0.328470,-0.080680,0.056560,-0.135780,0.893070,-0.046570
0.732061,-0.672990,-0.253860,-0.072030,-0.675480,0.027630,-2.222160,-0.707070,0.185670,2.152590,-0.815729,-0.099870,1.364700,-3.053640,1.786169,-0.070650,0.242669,0.662820,0.373920,0.590310,0.024330,-0.056371,-0.235890,-0.296248,0.013799,0.263520,-0.184500,0.511290,0.002430
0.827360,-0.606970,-0.337080,0.362150,-0.770320,0.011790,-0.802420,-0.687410,0.117010,2.739491,-0.866991,-0.333330,1.487580,-1.506940,2.152270,0.051490,0.186850,0.748420,0.554940,0.311070,0.089790,0.061430,-0.020249,-0.024489,0.026560,0.345440,-0.027360,0.198270,0.331310
0.875010,-0.573960,-0.378690,0.579240,-0.817740,0.003870,-0.092550,-0.677580,0.082680,3.032941,-0.892621,-0.450059,1.549020,-0.733590,2.335321,0.112560,0.158941,0.791220,0.645450,0.171450,0.122520,0.120331,0.087571,0.111390,0.032941,0.386400,0.051211,0.041760,0.495750
0.864329,-0.836760,-0.422340,1.490280,-0.806040,-0.022980,1.201050,-0.467490,-0.036240,3.916560,-0.607619,-0.625291,1.515240,-1.483890,2.201730,0.390930,0.166440,0.705570,0.815700,-0.321660,0.205801,0.135689,0.253290,0.640258,-0.037710,0.038610,0.063330,-0.243840,0.667110
0.886040,-0.914450,-0.396500,1.530010,-0.814880,-0.039720,1.052260,-0.333360,-0.072670,3.972700,-0.502020,-0.659201,1.467020,-1.421260,2.088550,0.394270,0.161190,1.029540,0.824550,-0.263200,0.159630,0.056430,0.280120,0.582539,-0.014830,0.004270,0.089370,-0.352030,0.625550
0.929461,-1.069830,-0.344820,1.609470,-0.832560,-0.073200,0.754680,-0.065100,-0.145530,4.084979,-0.290821,-0.727020,1.370580,-1.296000,1.862190,0.400950,0.150690,1.677480,0.842250,-0.146280,0.067289,-0.102090,0.333779,0.467101,0.030929,-0.064410,0.141450,-0.568410,0.542430
1.138620,-1.218250,-0.281300,1.375690,-0.836620,-0.100860,0.126060,0.070320,-0.209470,3.690040,0.001960,-0.775120,1.101260,-1.499300,1.388910,0.342850,0.103890,1.016600,0.706890,0.210120,0.148010,-0.335889,0.486260,0.097460,0.097930,0.021210,0.127930,-0.452530,0.460850
1.243200,-1.292460,-0.249540,1.258800,-0.838650,-0.114690,-0.188250,0.138030,-0.241440,3.492571,0.148351,-0.799170,0.966600,-1.600950,1.152271,0.313800,0.080490,0.686160,0.639210,0.388320,0.188370,-0.452789,0.562500,-0.087361,0.131430,0.064020,0.121171,-0.394590,0.420060
1.622849,-1.204110,-0.213780,0.725550,-0.816330,-0.140880,-0.752490,0.059190,-0.292830,2.577031,0.177600,-0.789120,0.910230,-1.322580,0.523800,0.284910,0.084420,0.914130,0.290280,0.483990,0.156750,-0.609001,0.684330,-0.201838,0.013740,0.114900,0.305940,0.022560,0.121230
1.762139,-1.117340,-0.230090,0.628000,-0.791120,-0.133800,-0.833620,0.000040,-0.289320,2.251680,0.189240,-0.756630,0.868420,-1.153940,0.373260,0.297900,0.128320,0.768240,0.213710,0.500190,0.099530,-0.653700,0.731540,-0.211198,0.028660,0.146280,0.362870,0.273130,0.064600
2.040720,-0.943800,-0.262710,0.432900,-0.740700,-0.119640,-0.995880,-0.118260,-0.282300,1.600978,0.212520,-0.691650,0.784800,-0.816660,0.072180,0.323880,0.216121,0.476460,0.060570,0.532590,-0.014910,-0.743099,0.825959,-0.229919,0.058501,0.209040,0.476730,0.774270,-0.048660
2.251420,-0.835920,-0.333890,0.435180,-0.677720,-0.084680,-0.927180,-0.219760,-0.259000,0.761020,0.160919,-0.658110,0.664520,-0.498780,-0.203600,0.415360,0.225260,0.079680,-0.053750,0.336710,-0.080330,-0.584800,0.896900,0.013978,0.067739,0.150400,0.367310,1.076750,0.002080
2.356770,-0.781980,-0.369480,0.436320,-0.646230,-0.067200,-0.892830,-0.270510,-0.247350,0.341041,0.135119,-0.641340,0.604380,-0.339840,-0.341490,0.461100,0.229830,-0.118710,-0.110910,0.238770,-0.113040,-0.505650,0.932370,0.135927,0.072359,0.121080,0.312600,1.227990,0.027450
2.612520,-0.863400,-0.408240,-0.016140,-0.617550,-0.008670,-1.174770,-0.201180,-0.200880,-1.258889,0.391470,-1.064220,0.362520,0.788400,-0.575370,0.248370,0.350790,-1.097880,-0.162330,0.044940,-0.309840,-0.237091,1.161450,0.282902,0.091799,0.333180,0.528300,1.293630,-0.127710
2.657630,-0.908350,-0.425330,-0.201460,-0.580300,0.013060,-1.375280,-0.167050,-0.186510,-1.909140,0.545520,-1.124580,0.343900,0.810740,-0.625280,0.227540,0.331040,-1.237650,-0.151120,-0.043090,-0.432240,-0.147861,1.104380,0.334191,0.116570,0.306540,0.547760,1.238740,-0.085730
2.747850,-0.998249,-0.459510,-0.572100,-0.505800,0.056520,-1.776300,-0.098790,-0.157770,-3.209640,0.853620,-1.245300,0.306660,0.855420,-0.725099,0.185880,0.291540,-1.517190,-0.128700,-0.219150,-0.677041,0.030600,0.990241,0.436771,0.166111,0.253260,0.586680,1.128960,-0.001770
2.574330,-1.046750,-0.515550,-0.452620,-0.497160,0.099400,-1.508100,-0.090070,-0.124610,-4.235061,0.855801,-1.286400,0.125000,-1.062840,-0.682880,0.211500,0.262600,-0.952210,-0.135000,-0.401710,-0.836660,0.200440,0.896860,0.535390,0.141851,0.086460,0.580620,0.795320,0.013170
2.487570,-1.071001,-0.543570,-0.392880,-0.492840,0.120840,-1.374000,-0.085710,-0.108030,-4.747771,0.856891,-1.306950,0.034170,-2.021970,-0.661771,0.224310,0.248130,-0.669720,-0.138150,-0.492990,-0.916470,0.285360,0.850169,0.584700,0.129721,0.003060,0.577590,0.628500,0.020640
2.487570,-1.071001,-0.543570,-0.392880,-0.492840,0.120840,-1.374000,-0.085710,-0.108030,-4.747771,0.856891,-1.306950,0.034170,-2.021970,-0.661771,0.224310,0.248130,-0.669720,-0.138150,-0.492990,-0.916470,0.285360,0.850169,0.584700,0.129721,0.003060,0.577590,0.628500,0.020640
