pelvis_qw,pelvis_qx,pelvis_qy,pelvis_qz,left_hip_roll_link_qw,left_hip_roll_link_qx,left_hip_roll_link_qy,left_hip_roll_link_qz,left_knee_link_qw,left_knee_link_qx,left_knee_link_qy,left_knee_link_qz,left_ankle_roll_link_qw,left_ankle_roll_link_qx,left_ankle_roll_link_qy,left_ankle_roll_link_qz,right_hip_roll_link_qw,right_hip_roll_link_qx,right_hip_roll_link_qy,right_hip_roll_link_qz,right_knee_link_qw,right_knee_link_qx,right_knee_link_qy,right_knee_link_qz,right_ankle_roll_link_qw,right_ankle_roll_link_qx,right_ankle_roll_link_qy,right_ankle_roll_link_qz,torso_link_qw,torso_link_qx,torso_link_qy,torso_link_qz,left_shoulder_roll_link_qw,left_shoulder_roll_link_qx,left_shoulder_roll_link_qy,left_shoulder_roll_link_qz,left_elbow_link_qw,left_elbow_link_qx,left_elbow_link_qy,left_elbow_link_qz,left_wrist_yaw_link_qw,left_wrist_yaw_link_qx,left_wrist_yaw_link_qy,left_wrist_yaw_link_qz,right_shoulder_roll_link_qw,right_shoulder_roll_link_qx,right_shoulder_roll_link_qy,right_shoulder_roll_link_qz,right_elbow_link_qw,right_elbow_link_qx,right_elbow_link_qy,right_elbow_link_qz,right_wrist_yaw_link_qw,right_wrist_yaw_link_qx,right_wrist_yaw_link_qy,right_wrist_yaw_link_qz
0.999129,0.004187,-0.038038,0.016635,0.998779,0.045200,0.011433,0.016355,0.953436,0.007204,0.143662,0.265084,0.965029,-0.004426,0.001502,0.262101,0.980129,-0.120869,-0.157224,-0.004227,0.992018,-0.106874,0.035565,-0.056684,0.998499,0.008449,0.000992,-0.054107,0.996514,0.008121,0.074700,-0.036246,0.988323,0.141688,0.004564,-0.055861,0.734374,0.320763,0.544449,-0.247752,0.754038,0.344377,0.532605,-0.170774,0.987705,-0.137373,0.070713,-0.023811,0.758546,-0.233859,0.582441,0.175160,0.816899,-0.137072,0.560252,-0.002329
0.999277,0.000133,-0.035328,0.014059,0.998482,0.051730,0.013387,0.013368,0.953146,0.013932,0.144042,0.265652,0.965055,-0.003835,0.002467,0.262006,0.981922,-0.114666,-0.150554,-0.003803,0.992817,-0.100907,0.031243,-0.056175,0.998493,0.010510,-0.000352,-0.053869,0.996509,0.008180,0.073613,-0.038527,0.988253,0.141316,0.001907,-0.058157,0.737604,0.319671,0.541985,-0.244957,0.757945,0.342180,0.530295,-0.164983,0.987831,-0.136974,0.068891,-0.026119,0.759000,-0.234245,0.581465,0.175919,0.817937,-0.133485,0.559603,-0.002462
0.999400,-0.003926,-0.032444,0.011437,0.998131,0.058288,0.015206,0.010306,0.952829,0.020634,0.144335,0.266194,0.965072,-0.003357,0.003408,0.261940,0.983526,-0.108408,-0.144604,-0.003679,0.993540,-0.094885,0.027433,-0.055879,0.998472,0.012490,-0.001497,-0.053818,0.996488,0.008216,0.072520,-0.041038,0.988233,0.140417,-0.000519,-0.060646,0.740869,0.318071,0.539602,-0.242433,0.761648,0.339847,0.528036,-0.159921,0.988008,-0.136285,0.066682,-0.028626,0.759905,-0.234192,0.580260,0.176061,0.818904,-0.130512,0.558888,-0.002566
0.999503,-0.007994,-0.029215,0.008721,0.997724,0.064909,0.016813,0.007135,0.952477,0.027292,0.144548,0.266735,0.965068,-0.003091,0.004388,0.261943,0.984849,-0.102103,-0.140114,-0.003931,0.994190,-0.088810,0.024633,-0.055613,0.998449,0.014272,-0.002222,-0.053765,0.996441,0.008214,0.071426,-0.043996,0.988324,0.138478,-0.002466,-0.063509,0.744200,0.315479,0.537434,-0.240426,0.764975,0.337308,0.525937,-0.156289,0.988292,-0.135013,0.063706,-0.031510,0.761703,-0.233255,0.578598,0.174997,0.819739,-0.128761,0.558069,-0.002594
0.999548,-0.011943,-0.026905,0.006098,0.997236,0.072114,0.017417,0.004114,0.951841,0.033555,0.146062,0.267466,0.965016,-0.002763,0.005242,0.262125,0.985989,-0.095865,-0.136441,-0.004313,0.994764,-0.082733,0.022797,-0.055503,0.998427,0.015559,-0.002896,-0.053780,0.996381,0.008088,0.070495,-0.046790,0.988510,0.135823,-0.004041,-0.066211,0.747404,0.312650,0.534729,-0.240213,0.768328,0.334520,0.523348,-0.154514,0.988507,-0.134255,0.060535,-0.034131,0.764006,-0.232734,0.576039,0.174093,0.821329,-0.128571,0.555771,-0.002741
0.999555,-0.015833,-0.025052,0.003521,0.996673,0.079603,0.017488,0.001182,0.951037,0.039591,0.148171,0.268341,0.964926,-0.002425,0.005976,0.262443,0.987016,-0.089651,-0.133187,-0.004789,0.995281,-0.076644,0.021432,-0.055520,0.998403,0.016607,-0.003560,-0.053882,0.996312,0.007898,0.069638,-0.049502,0.988734,0.132807,-0.005430,-0.068837,0.750530,0.309694,0.531755,-0.240896,0.771680,0.331594,0.520521,-0.153665,0.988680,-0.133764,0.057257,-0.036620,0.766553,-0.232437,0.573019,0.173259,0.823290,-0.129179,0.552718,-0.002964
0.999500,-0.019719,-0.024672,0.001220,0.996010,0.087610,0.016934,-0.001427,0.949988,0.045420,0.151467,0.269292,0.964808,-0.001870,0.007161,0.262851,0.987947,-0.083519,-0.130229,-0.005130,0.995740,-0.070607,0.020875,-0.055500,0.998392,0.017104,-0.004369,-0.053864,0.996238,0.007777,0.068767,-0.052160,0.989073,0.128788,-0.006768,-0.071432,0.752859,0.307286,0.528162,-0.244588,0.774745,0.329474,0.516380,-0.156744,0.988723,-0.134460,0.053243,-0.038887,0.768397,-0.234536,0.569345,0.174372,0.825612,-0.132132,0.548547,-0.001699
0.999420,-0.023658,-0.024466,-0.000737,0.995276,0.095661,0.016177,-0.003659,0.948879,0.051168,0.154734,0.270311,0.964673,-0.001405,0.008143,0.263321,0.988833,-0.077429,-0.127231,-0.005213,0.996159,-0.064592,0.020375,-0.055503,0.998377,0.017686,-0.005162,-0.053886,0.996158,0.007695,0.067882,-0.054789,0.989396,0.124707,-0.008104,-0.074012,0.754710,0.305448,0.524279,-0.249491,0.777334,0.327812,0.512073,-0.161471,0.988713,-0.135317,0.049426,-0.041145,0.770491,-0.236422,0.565510,0.175062,0.828069,-0.135437,0.544021,-0.000662
0.999311,-0.027702,-0.024608,-0.002007,0.994470,0.103806,0.015089,-0.005145,0.947696,0.056808,0.158073,0.271401,0.964527,-0.001082,0.008852,0.263835,0.989680,-0.071447,-0.124122,-0.004707,0.996537,-0.058655,0.020022,-0.055433,0.998362,0.018409,-0.005876,-0.053851,0.996074,0.007695,0.066987,-0.057355,0.989711,0.120512,-0.009438,-0.076553,0.755624,0.304774,0.519804,-0.256804,0.778977,0.327106,0.507412,-0.169494,0.988623,-0.136469,0.046022,-0.043386,0.773113,-0.237831,0.561360,0.174950,0.830817,-0.139400,0.538805,-0.000050
0.999201,-0.031374,-0.024614,-0.002503,0.993600,0.112037,0.013222,-0.005660,0.946396,0.062034,0.161672,0.272670,0.964299,-0.000595,0.010048,0.264623,0.990365,-0.065778,-0.121811,-0.003651,0.996849,-0.052857,0.020558,-0.055464,0.998340,0.019227,-0.006544,-0.053888,0.996001,0.007548,0.066117,-0.059614,0.990041,0.116080,-0.011140,-0.078871,0.755334,0.305485,0.515017,-0.266284,0.779188,0.328125,0.502481,-0.180865,0.988507,-0.137697,0.042845,-0.045354,0.775793,-0.238853,0.557563,0.173834,0.833373,-0.142095,0.534133,-0.000016
0.999087,-0.034858,-0.024551,-0.002613,0.992660,0.120304,0.010980,-0.005643,0.944989,0.067040,0.165407,0.274121,0.964001,-0.000020,0.011489,0.265650,0.990954,-0.060266,-0.119884,-0.002331,0.997110,-0.047133,0.021565,-0.055551,0.998314,0.020088,-0.007165,-0.053987,0.995932,0.007327,0.065248,-0.061718,0.990362,0.111525,-0.013029,-0.081084,0.754388,0.306886,0.509991,-0.276818,0.778591,0.330001,0.497302,-0.193872,0.988372,-0.138968,0.039772,-0.047187,0.778497,-0.239691,0.553926,0.172211,0.835828,-0.144174,0.529722,-0.000277
0.999005,-0.038096,-0.023067,-0.002326,0.991697,0.128242,0.008129,-0.004958,0.943852,0.071807,0.168608,0.274880,0.963857,0.000375,0.013087,0.266100,0.991397,-0.055019,-0.118761,-0.000683,0.997322,-0.041548,0.022746,-0.055718,0.998282,0.020883,-0.007736,-0.054190,0.995866,0.007035,0.064629,-0.063443,0.990714,0.106643,-0.014882,-0.083013,0.752291,0.309156,0.504943,-0.288987,0.776247,0.334710,0.491457,-0.209476,0.988242,-0.139961,0.037611,-0.048715,0.781310,-0.239513,0.550774,0.169809,0.837698,-0.145806,0.526308,-0.001686
0.998918,-0.041041,-0.021795,-0.001728,0.990698,0.135926,0.005164,-0.003831,0.942766,0.076444,0.171605,0.275502,0.963709,0.000659,0.015002,0.266533,0.991800,-0.049907,-0.117649,0.001167,0.997498,-0.036080,0.023949,-0.055887,0.998255,0.021403,-0.008191,-0.054429,0.995813,0.006751,0.064121,-0.064798,0.991062,0.101737,-0.016759,-0.084639,0.750077,0.311456,0.499602,-0.301293,0.773369,0.339723,0.485326,-0.225713,0.988124,-0.140880,0.035704,-0.049891,0.783847,-0.239338,0.547935,0.167538,0.839690,-0.146499,0.522921,-0.003496
0.998838,-0.043400,-0.020945,-0.000510,0.989702,0.143116,0.001965,-0.001918,0.941873,0.080853,0.174200,0.275668,0.963607,0.000721,0.017572,0.266745,0.992153,-0.045068,-0.116574,0.003438,0.997635,-0.030851,0.025156,-0.056038,0.998239,0.021372,-0.008449,-0.054688,0.995792,0.006499,0.063862,-0.065408,0.991436,0.096809,-0.018673,-0.085641,0.747725,0.313823,0.493839,-0.313919,0.769556,0.345394,0.478861,-0.243267,0.988043,-0.141624,0.034328,-0.050350,0.785846,-0.239134,0.545758,0.165557,0.841932,-0.145271,0.519625,-0.006050
0.998772,-0.045091,-0.020500,0.000717,0.988671,0.150094,-0.001397,0.000129,0.941040,0.085157,0.176621,0.275676,0.963441,0.000622,0.021087,0.267087,0.992462,-0.040243,-0.115620,0.005546,0.997750,-0.025688,0.026314,-0.056064,0.998236,0.020985,-0.008701,-0.054845,0.995806,0.006012,0.063911,-0.065186,0.991839,0.091994,-0.020446,-0.085879,0.745767,0.315582,0.488011,-0.325706,0.765570,0.350879,0.472007,-0.260759,0.987985,-0.142293,0.033720,-0.050018,0.787314,-0.239087,0.543963,0.164555,0.843537,-0.145240,0.516993,-0.008271
0.998713,-0.046449,-0.020258,0.001948,0.987590,0.156965,-0.004822,0.002271,0.940198,0.089430,0.178985,0.275672,0.963204,0.000482,0.025097,0.267597,0.992737,-0.035426,-0.114720,0.007569,0.997839,-0.020561,0.027467,-0.056033,0.998239,0.020417,-0.008934,-0.054966,0.995838,0.005409,0.064116,-0.064547,0.992244,0.087237,-0.022151,-0.085739,0.743966,0.317030,0.482090,-0.337041,0.761366,0.356268,0.464809,-0.278113,0.987938,-0.142923,0.033498,-0.049288,0.788515,-0.239118,0.542361,0.164046,0.844821,-0.145801,0.514697,-0.010327
0.998681,-0.047009,-0.020265,0.003988,0.986539,0.163193,-0.008913,0.005487,0.939623,0.093254,0.180776,0.275194,0.962990,0.001640,0.030041,0.267855,0.992950,-0.030801,-0.114010,0.010190,0.997912,-0.015596,0.028479,-0.055836,0.998262,0.019317,-0.008959,-0.054954,0.995887,0.004510,0.065045,-0.062907,0.992674,0.083192,-0.022877,-0.084582,0.743479,0.316691,0.476562,-0.346170,0.759054,0.358742,0.458444,-0.291497,0.987957,-0.143385,0.033624,-0.047438,0.788349,-0.240209,0.541654,0.165579,0.845120,-0.147594,0.513708,-0.009667
0.998651,-0.047377,-0.020228,0.006545,0.985456,0.169154,-0.013215,0.009365,0.939094,0.096954,0.182325,0.274701,0.962735,0.003188,0.035059,0.268147,0.993124,-0.026304,-0.113298,0.013262,0.997959,-0.010724,0.029528,-0.055595,0.998289,0.017992,-0.009000,-0.054910,0.995944,0.003540,0.066210,-0.060816,0.993110,0.079409,-0.023289,-0.082971,0.743350,0.315744,0.471438,-0.354234,0.757409,0.360548,0.452236,-0.303017,0.988001,-0.143795,0.033821,-0.045097,0.787657,-0.241805,0.541187,0.168061,0.844921,-0.149759,0.513439,-0.007804
0.998624,-0.047359,-0.020105,0.010135,0.984371,0.174588,-0.017978,0.014499,0.938735,0.100369,0.183322,0.274035,0.962479,0.005443,0.040175,0.268311,0.993246,-0.022060,-0.112600,0.017244,0.997985,-0.006034,0.030610,-0.055258,0.998325,0.016227,-0.009112,-0.054779,0.996016,0.002428,0.067846,-0.057824,0.993578,0.076147,-0.023068,-0.080448,0.744020,0.313628,0.467240,-0.360221,0.757306,0.361031,0.446589,-0.310971,0.988091,-0.144101,0.034159,-0.041771,0.785904,-0.244413,0.541187,0.172434,0.843716,-0.152682,0.514606,-0.003544
0.998586,-0.047205,-0.019465,0.014797,0.983201,0.179797,-0.023395,0.021010,0.938368,0.103490,0.183925,0.273729,0.962136,0.007514,0.044662,0.268782,0.993301,-0.018093,-0.111944,0.022247,0.997991,-0.001525,0.031620,-0.054885,0.998351,0.015080,-0.009241,-0.054616,0.996091,0.001397,0.069912,-0.053980,0.994040,0.073769,-0.022356,-0.077085,0.745096,0.311042,0.464121,-0.364246,0.758347,0.360074,0.442031,-0.316013,0.988198,-0.144386,0.034765,-0.037534,0.782992,-0.247994,0.541821,0.178475,0.841972,-0.157270,0.516078,0.003607
0.998523,-0.046981,-0.018566,0.019994,0.981914,0.184936,-0.029098,0.028234,0.937947,0.106568,0.184387,0.273678,0.961715,0.009609,0.048882,0.269486,0.993298,-0.014259,-0.111287,0.027758,0.997976,0.002892,0.032640,-0.054496,0.998371,0.014240,-0.009332,-0.054447,0.996151,0.000398,0.072189,-0.049707,0.994489,0.071833,-0.021406,-0.073297,0.746387,0.308218,0.461533,-0.367281,0.759976,0.358384,0.438019,-0.319589,0.988299,-0.144661,0.035504,-0.032840,0.779457,-0.252063,0.542737,0.185331,0.839890,-0.162683,0.517658,0.012201
0.998420,-0.046735,-0.017126,0.026077,0.980464,0.189983,-0.035415,0.036642,0.937276,0.109125,0.184569,0.274844,0.961001,0.011461,0.052280,0.271316,0.993206,-0.010618,-0.110738,0.034143,0.997944,0.007218,0.033524,-0.054149,0.998386,0.013551,-0.009507,-0.054327,0.996237,-0.000542,0.074761,-0.043845,0.994982,0.070193,-0.021000,-0.068138,0.747073,0.306194,0.461454,-0.367678,0.761641,0.357168,0.435794,-0.320028,0.988460,-0.144625,0.036398,-0.026552,0.775020,-0.257010,0.543626,0.194320,0.837207,-0.166838,0.520348,0.022067
0.998269,-0.046425,-0.015713,0.032505,0.978868,0.195014,-0.041530,0.045410,0.936353,0.111543,0.184394,0.277129,0.959982,0.013312,0.055213,0.274241,0.993051,-0.007073,-0.110149,0.040837,0.997888,0.011476,0.034489,-0.053837,0.998395,0.013032,-0.009716,-0.054252,0.996295,-0.001443,0.077416,-0.037420,0.995469,0.068667,-0.020632,-0.062457,0.748022,0.303912,0.462101,-0.366828,0.763201,0.355456,0.435089,-0.319175,0.988603,-0.144498,0.037353,-0.019705,0.770255,-0.262156,0.544500,0.203719,0.834172,-0.171604,0.523112,0.032615
0.998052,-0.045992,-0.014360,0.039626,0.977127,0.199938,-0.047323,0.054838,0.935024,0.113465,0.183382,0.281474,0.958427,0.014909,0.057109,0.279166,0.992810,-0.003731,-0.109521,0.048157,0.997809,0.015595,0.035526,-0.053591,0.998394,0.012850,-0.010083,-0.054250,0.996325,-0.002262,0.080247,-0.029871,0.995963,0.067360,-0.020320,-0.055738,0.749467,0.301093,0.464230,-0.363502,0.764520,0.352749,0.437452,-0.315772,0.988733,-0.144194,0.038432,-0.011741,0.764910,-0.267708,0.545402,0.213967,0.830516,-0.177583,0.526044,0.044552
0.997766,-0.045957,-0.013396,0.046597,0.975078,0.205753,-0.052693,0.064130,0.932421,0.114433,0.182611,0.290086,0.955783,0.016548,0.057168,0.287987,0.992488,-0.000330,-0.109074,0.055417,0.997717,0.019767,0.036436,-0.053322,0.998396,0.012533,-0.010297,-0.054242,0.996271,-0.003090,0.083383,-0.021930,0.996424,0.066309,-0.019481,-0.048603,0.751464,0.297196,0.468160,-0.357493,0.765925,0.349040,0.442365,-0.309585,0.988790,-0.144044,0.039186,-0.003257,0.759074,-0.273952,0.546180,0.224597,0.826496,-0.183811,0.528989,0.057346
0.997423,-0.046121,-0.012626,0.053491,0.972787,0.212040,-0.057779,0.073389,0.929087,0.114828,0.181943,0.300847,0.952488,0.018120,0.056296,0.298778,0.992095,0.003104,-0.108690,0.062644,0.997606,0.023961,0.037336,-0.053042,0.998400,0.012142,-0.010378,-0.054235,0.996133,-0.003946,0.086674,-0.013795,0.996838,0.065379,-0.018377,-0.041257,0.753669,0.292712,0.472976,-0.350138,0.767298,0.344762,0.448535,-0.302009,0.988767,-0.143968,0.039786,0.005486,0.752905,-0.280551,0.546833,0.235368,0.822164,-0.190182,0.531887,0.070524
0.997076,-0.046183,-0.012929,0.059500,0.970667,0.217265,-0.062765,0.081624,0.924991,0.112436,0.183940,0.312915,0.949242,0.028636,0.053045,0.308718,0.991663,0.006313,-0.108683,0.068944,0.997493,0.027868,0.038068,-0.052748,0.998403,0.011814,-0.010596,-0.054209,0.995878,-0.004217,0.090437,-0.005448,0.997167,0.065098,-0.016705,-0.033776,0.756108,0.287463,0.479441,-0.340296,0.770215,0.337961,0.456869,-0.289520,0.988738,-0.143445,0.040100,0.014590,0.746724,-0.286968,0.547321,0.245951,0.817987,-0.196363,0.534442,0.081925
0.996688,-0.046296,-0.013407,0.065504,0.969169,0.219383,-0.067555,0.089551,0.922735,0.109780,0.187191,0.318540,0.948000,0.034230,0.049564,0.312518,0.991184,0.009355,-0.108666,0.075228,0.997364,0.031610,0.038838,-0.052507,0.998404,0.011460,-0.010796,-0.054238,0.995553,-0.004390,0.094064,0.002704,0.997431,0.064942,-0.014732,-0.026397,0.758484,0.281822,0.486198,-0.329984,0.773043,0.330907,0.465455,-0.276148,0.988645,-0.142915,0.040046,0.023517,0.740628,-0.293404,0.547581,0.256007,0.813990,-0.201902,0.536748,0.092509
0.996254,-0.046514,-0.014236,0.071501,0.969072,0.215247,-0.072140,0.096768,0.924350,0.107079,0.192943,0.311262,0.951183,0.030113,0.045186,0.303814,0.990660,0.012060,-0.108667,0.081483,0.997227,0.035031,0.039590,-0.052374,0.998399,0.011063,-0.011051,-0.054368,0.995179,-0.004304,0.097420,0.010469,0.997623,0.065052,-0.012150,-0.019226,0.760851,0.275493,0.493574,-0.318736,0.775850,0.323477,0.474630,-0.261049,0.988517,-0.142356,0.039243,0.032093,0.734878,-0.299845,0.547508,0.265108,0.810565,-0.206101,0.538701,0.101531
0.995786,-0.046044,-0.015747,0.077728,0.969435,0.208413,-0.077286,0.103860,0.925965,0.101574,0.203663,0.301320,0.954532,0.021760,0.046401,0.293670,0.990104,0.014459,-0.108556,0.087757,0.997094,0.038102,0.040336,-0.052194,0.998394,0.011215,-0.011042,-0.054414,0.994769,-0.004228,0.100452,0.018036,0.997742,0.065361,-0.009585,-0.012155,0.762419,0.269777,0.501150,-0.307872,0.778118,0.316487,0.483524,-0.246114,0.988317,-0.141898,0.038220,0.040420,0.730061,-0.305642,0.546934,0.272868,0.807863,-0.208935,0.540248,0.108789
0.995277,-0.045230,-0.017599,0.084069,0.969930,0.200251,-0.082806,0.110807,0.927399,0.095003,0.216580,0.289826,0.957840,0.011463,0.050203,0.282649,0.989510,0.016690,-0.108386,0.094041,0.996960,0.040977,0.041093,-0.051990,0.998391,0.011620,-0.010888,-0.054417,0.994313,-0.004192,0.103310,0.025505,0.997799,0.065735,-0.007038,-0.005128,0.763517,0.264291,0.508783,-0.297207,0.779981,0.309666,0.492210,-0.231229,0.988048,-0.141501,0.037078,0.048619,0.725693,-0.311132,0.546083,0.279928,0.805518,-0.211116,0.541585,0.115137
0.994743,-0.043473,-0.019970,0.090546,0.970206,0.192269,-0.088808,0.117666,0.925056,0.083056,0.237618,0.284448,0.958077,0.004126,0.063883,0.279268,0.988901,0.018618,-0.108105,0.100209,0.996850,0.043422,0.041898,-0.051468,0.998411,0.011571,-0.010786,-0.054088,0.993905,-0.004192,0.105224,0.032621,0.997763,0.066641,-0.004920,0.001734,0.763172,0.260890,0.516006,-0.288518,0.779641,0.305897,0.500275,-0.219799,0.987709,-0.141187,0.036744,0.056098,0.724230,-0.313690,0.544466,0.283983,0.804750,-0.214830,0.540358,0.119325
0.994170,-0.041702,-0.022165,0.096928,0.970426,0.184513,-0.093993,0.124073,0.921247,0.070071,0.259282,0.281365,0.957294,-0.003370,0.077828,0.278423,0.988256,0.020427,-0.107864,0.106289,0.996742,0.045732,0.042674,-0.050922,0.998432,0.011569,-0.010647,-0.053725,0.993492,-0.004166,0.106740,0.039546,0.997655,0.067859,-0.002906,0.008493,0.762394,0.258197,0.522783,-0.280692,0.778484,0.302857,0.508089,-0.209965,0.987315,-0.140993,0.036405,0.063281,0.723544,-0.315697,0.542363,0.287511,0.804911,-0.216967,0.538553,0.122489
0.993577,-0.039906,-0.024011,0.103126,0.970721,0.177138,-0.097377,0.129770,0.914862,0.054144,0.282585,0.283270,0.954521,-0.011828,0.092712,0.283115,0.987587,0.022036,-0.107710,0.112183,0.996644,0.047817,0.043367,-0.050333,0.998455,0.011706,-0.010461,-0.053297,0.993129,-0.004014,0.107486,0.046095,0.997449,0.069767,-0.001075,0.015041,0.760882,0.257068,0.528759,-0.274568,0.775926,0.301386,0.515520,-0.203332,0.986880,-0.141003,0.036077,0.069883,0.724439,-0.316570,0.539308,0.290032,0.806948,-0.215912,0.535657,0.123649
0.992976,-0.038340,-0.025091,0.109086,0.971323,0.169927,-0.097735,0.134551,0.906764,0.036251,0.304589,0.289295,0.950054,-0.023688,0.105929,0.292601,0.986887,0.023570,-0.107682,0.117911,0.996529,0.049902,0.044020,-0.050022,0.998461,0.011730,-0.010541,-0.053170,0.992806,-0.003724,0.107654,0.052273,0.997155,0.072267,0.001027,0.021420,0.759055,0.256667,0.534142,-0.269536,0.772739,0.301166,0.521978,-0.199279,0.986406,-0.141264,0.035728,0.075966,0.725738,-0.317268,0.535821,0.292475,0.809587,-0.215756,0.531345,0.125261
0.992354,-0.036888,-0.025788,0.114926,0.972046,0.162766,-0.096611,0.138926,0.897417,0.017059,0.325785,0.297011,0.944439,-0.037448,0.118303,0.304364,0.986156,0.025072,-0.107717,0.123553,0.996402,0.051989,0.044665,-0.049851,0.998458,0.011700,-0.010741,-0.053197,0.992487,-0.003359,0.107531,0.058264,0.996789,0.075051,0.003281,0.027710,0.757050,0.256604,0.539233,-0.265062,0.769225,0.301529,0.527967,-0.196531,0.985899,-0.141648,0.035358,0.081788,0.727232,-0.317871,0.532103,0.294886,0.812516,-0.216021,0.526306,0.127098
0.991589,-0.035840,-0.026209,0.121575,0.973093,0.154911,-0.092201,0.143495,0.887113,-0.003830,0.343762,0.307967,0.936838,-0.053908,0.129892,0.320243,0.985284,0.026342,-0.107738,0.130054,0.996281,0.053906,0.045382,-0.049582,0.998464,0.011589,-0.010749,-0.053108,0.992158,-0.002999,0.107275,0.064078,0.996322,0.078413,0.006235,0.033991,0.755148,0.256387,0.544087,-0.260743,0.766587,0.301892,0.532777,-0.193274,0.985323,-0.142284,0.035644,0.087317,0.729797,-0.317264,0.528357,0.295936,0.814807,-0.218620,0.521017,0.129755
0.990738,-0.035003,-0.026397,0.128518,0.974209,0.145916,-0.087380,0.148292,0.876940,-0.024786,0.360008,0.317423,0.929142,-0.070963,0.139895,0.334796,0.984324,0.027574,-0.107741,0.136887,0.996165,0.055772,0.046139,-0.049162,0.998480,0.011317,-0.010702,-0.052866,0.991804,-0.002676,0.106918,0.069904,0.995783,0.081872,0.009346,0.040330,0.753362,0.255924,0.548911,-0.256214,0.764335,0.301329,0.537636,-0.189580,0.984703,-0.142953,0.036230,0.092795,0.732451,-0.316389,0.524704,0.296816,0.817201,-0.220301,0.516011,0.131846
0.989753,-0.034589,-0.026117,0.136054,0.975515,0.134700,-0.081673,0.153482,0.867895,-0.045360,0.373196,0.324692,0.921968,-0.088841,0.146822,0.347169,0.983223,0.028737,-0.107703,0.144384,0.996060,0.057547,0.046964,-0.048440,0.998517,0.010731,-0.010563,-0.052317,0.991434,-0.002423,0.106367,0.075757,0.995152,0.085561,0.012745,0.046788,0.751850,0.255039,0.553678,-0.251232,0.762898,0.298996,0.542568,-0.184956,0.984031,-0.143681,0.037434,0.098169,0.735291,-0.314976,0.521269,0.297350,0.819812,-0.220157,0.511656,0.132842
0.988516,-0.034353,-0.025511,0.144930,0.976799,0.120200,-0.076412,0.159930,0.861404,-0.064991,0.382397,0.327921,0.915605,-0.110032,0.151382,0.355872,0.981874,0.029705,-0.107550,0.153211,0.995943,0.059261,0.047933,-0.047827,0.998548,0.009759,-0.010622,-0.051910,0.991007,-0.002437,0.105810,0.081880,0.994454,0.089085,0.016148,0.053513,0.750411,0.253622,0.558872,-0.245402,0.761325,0.296524,0.547933,-0.179521,0.983250,-0.144616,0.039323,0.103731,0.737846,-0.313473,0.518314,0.297772,0.821867,-0.220775,0.507648,0.134486
0.987096,-0.034204,-0.024739,0.154466,0.977823,0.103991,-0.071545,0.167123,0.856089,-0.084226,0.389394,0.329226,0.909291,-0.132890,0.154504,0.362849,0.980345,0.030590,-0.107334,0.162690,0.995817,0.060948,0.048994,-0.047269,0.998574,0.008598,-0.010761,-0.051577,0.990529,-0.002576,0.105253,0.088135,0.993688,0.092510,0.019580,0.060357,0.748960,0.251909,0.564271,-0.239161,0.759644,0.293951,0.553502,-0.173693,0.982389,-0.145670,0.041549,0.109387,0.740254,-0.311960,0.515587,0.298118,0.823644,-0.221814,0.503784,0.136423
0.985136,-0.033494,-0.022135,0.167019,0.978445,0.081145,-0.068590,0.177076,0.856559,-0.102753,0.388385,0.323890,0.905931,-0.153379,0.157707,0.361791,0.978214,0.030432,-0.107582,0.174919,0.995756,0.061863,0.050145,-0.046123,0.998637,0.007887,-0.010371,-0.050539,0.989880,-0.002685,0.105064,0.095357,0.992822,0.095890,0.022363,0.067889,0.747263,0.250481,0.569932,-0.232454,0.757730,0.291483,0.559537,-0.166737,0.981325,-0.146706,0.045262,0.115890,0.742163,-0.310015,0.513595,0.298839,0.826321,-0.218606,0.500620,0.137059
0.982936,-0.032808,-0.019020,0.179997,0.978383,0.056686,-0.066126,0.187567,0.858622,-0.120857,0.384235,0.317057,0.903215,-0.174215,0.158818,0.358649,0.975797,0.030000,-0.108412,0.187530,0.995642,0.062849,0.051890,-0.045315,0.998681,0.006839,-0.009997,-0.049886,0.989150,-0.002864,0.104938,0.102777,0.991896,0.099088,0.024862,0.075531,0.745511,0.248994,0.575612,-0.225582,0.755652,0.288689,0.565847,-0.159582,0.980151,-0.147835,0.049240,0.122574,0.743818,-0.308219,0.511793,0.299674,0.828100,-0.217435,0.497839,0.138309
0.980392,-0.032177,-0.014889,0.193843,0.977471,0.029100,-0.064239,0.198940,0.864026,-0.138033,0.374255,0.307148,0.902136,-0.195673,0.156180,0.351385,0.972935,0.029002,-0.110391,0.200923,0.995419,0.063992,0.054814,-0.045178,0.998689,0.005129,-0.009659,-0.050006,0.988305,-0.003201,0.104931,0.110603,0.990924,0.101956,0.026737,0.083422,0.743738,0.247455,0.581332,-0.218342,0.753328,0.285296,0.572713,-0.151997,0.978812,-0.149118,0.053754,0.129620,0.744982,-0.306643,0.510389,0.300792,0.828124,-0.220275,0.495839,0.140834
0.977768,-0.031517,-0.010403,0.207047,0.975812,-0.000301,-0.061554,0.209767,0.872317,-0.153286,0.358487,0.295049,0.902478,-0.216614,0.150385,0.340582,0.969872,0.027368,-0.113997,0.213553,0.995171,0.064927,0.058743,-0.044358,0.998722,0.003758,-0.009474,-0.049504,0.987369,-0.003482,0.105182,0.118435,0.989939,0.104419,0.028307,0.091189,0.742153,0.245441,0.587034,-0.210615,0.751280,0.281214,0.579482,-0.143869,0.977410,-0.150299,0.058105,0.136759,0.744766,-0.306114,0.509797,0.302862,0.827628,-0.223311,0.494556,0.143453
0.975016,-0.030840,-0.005741,0.219909,0.973118,-0.030604,-0.058847,0.220549,0.881590,-0.168426,0.338467,0.282615,0.903037,-0.237755,0.141769,0.328478,0.966626,0.025568,-0.118463,0.225713,0.994882,0.065984,0.063163,-0.043210,0.998764,0.002788,-0.009378,-0.048726,0.986357,-0.003722,0.105565,0.126264,0.988915,0.106692,0.029739,0.098887,0.740604,0.243160,0.592718,-0.202644,0.749313,0.276753,0.586164,-0.135458,0.975938,-0.151445,0.062369,0.143940,0.743853,-0.306123,0.509613,0.305396,0.826867,-0.226453,0.493620,0.146117
0.972244,-0.030801,-0.001502,0.231926,0.969775,-0.058280,-0.051815,0.231203,0.891744,-0.179168,0.312461,0.273971,0.903622,-0.255044,0.131244,0.318112,0.963428,0.024010,-0.122489,0.237122,0.994652,0.067049,0.066384,-0.042012,0.998811,0.002000,-0.009251,-0.047824,0.985257,-0.004124,0.106325,0.133967,0.987952,0.108232,0.030626,0.106291,0.740093,0.239693,0.597726,-0.193735,0.747635,0.272372,0.592244,-0.126892,0.974422,-0.152504,0.066370,0.151128,0.741604,-0.307122,0.510487,0.308388,0.825624,-0.225530,0.495253,0.149018
0.969327,-0.031310,0.002507,0.243757,0.965726,-0.081534,-0.044126,0.242441,0.899688,-0.188280,0.285554,0.271240,0.902502,-0.270008,0.121571,0.312739,0.960175,0.023191,-0.125578,0.248506,0.994465,0.068503,0.068390,-0.040853,0.998856,0.001428,-0.009116,-0.046923,0.984084,-0.004647,0.107073,0.141750,0.986953,0.109672,0.031088,0.113708,0.739700,0.236464,0.602157,-0.185299,0.746273,0.267908,0.597693,-0.118601,0.972827,-0.153555,0.070298,0.158389,0.739006,-0.308398,0.511624,0.311450,0.823755,-0.225832,0.497246,0.152234
0.966293,-0.032921,0.006056,0.255258,0.961784,-0.095959,-0.034230,0.254149,0.904555,-0.191799,0.259982,0.278214,0.899303,-0.279095,0.116462,0.315907,0.956971,0.023564,-0.126686,0.260005,0.994410,0.070300,0.068003,-0.039771,0.998902,0.000844,-0.008932,-0.045971,0.982822,-0.005433,0.107799,0.149702,0.985941,0.110899,0.030679,0.121162,0.739680,0.233784,0.605479,-0.177802,0.745663,0.263387,0.601937,-0.110846,0.971150,-0.154554,0.074102,0.165801,0.735724,-0.310180,0.513295,0.314685,0.820635,-0.228530,0.499959,0.156117
0.963599,-0.034648,0.006645,0.265013,0.959221,-0.095795,-0.030596,0.264162,0.903970,-0.190331,0.250446,0.289635,0.898106,-0.276031,0.105251,0.325782,0.954484,0.027126,-0.122876,0.270419,0.994603,0.072908,0.062653,-0.039026,0.998946,0.000019,-0.008669,-0.045077,0.981435,-0.006908,0.108589,0.157944,0.984843,0.112107,0.030094,0.128884,0.740610,0.230837,0.607521,-0.170674,0.746068,0.259200,0.604516,-0.103720,0.969359,-0.155592,0.077652,0.173505,0.731926,-0.312521,0.515075,0.318295,0.817216,-0.231998,0.502682,0.160144
0.961054,-0.036432,0.005753,0.273888,0.957411,-0.088316,-0.029845,0.273266,0.900769,-0.186327,0.249183,0.302993,0.897731,-0.266491,0.091322,0.338706,0.952298,0.032139,-0.116513,0.280214,0.994869,0.075676,0.054901,-0.038649,0.998981,-0.001191,-0.008281,-0.044345,0.979943,-0.008758,0.109410,0.166326,0.983666,0.113294,0.029447,0.136744,0.741986,0.227738,0.608922,-0.163725,0.746955,0.255163,0.606266,-0.096909,0.967465,-0.156706,0.081081,0.181332,0.727838,-0.315185,0.516914,0.322041,0.813613,-0.235904,0.505394,0.164194
0.958402,-0.037640,0.006025,0.282865,0.955151,-0.084079,-0.029445,0.282401,0.900024,-0.182822,0.245717,0.310090,0.901914,-0.248402,0.079933,0.344178,0.949404,0.034313,-0.116777,0.289512,0.994756,0.078523,0.053466,-0.037884,0.999012,-0.001364,-0.008095,-0.043676,0.978470,-0.010999,0.109896,0.174349,0.982485,0.114369,0.028497,0.144328,0.744625,0.224188,0.608855,-0.156746,0.749653,0.249682,0.606350,-0.089556,0.965728,-0.157435,0.083209,0.188840,0.723324,-0.318582,0.518093,0.326936,0.809859,-0.239613,0.507789,0.169897
0.955650,-0.038051,0.006692,0.291960,0.952575,-0.081918,-0.029641,0.291567,0.900751,-0.179853,0.240613,0.313697,0.908583,-0.223289,0.072404,0.345510,0.946390,0.035962,-0.117785,0.298629,0.994635,0.081142,0.052416,-0.036998,0.999048,-0.002046,-0.007820,-0.042879,0.976906,-0.013169,0.110451,0.182434,0.981234,0.115438,0.027584,0.151965,0.747619,0.220359,0.608389,-0.149571,0.752685,0.244485,0.605788,-0.081938,0.963941,-0.158068,0.085095,0.196448,0.718507,-0.322249,0.519099,0.332326,0.806004,-0.243488,0.510032,0.175893
0.952777,-0.036874,0.008149,0.301313,0.949478,-0.083864,-0.031242,0.300803,0.904541,-0.178001,0.231922,0.310375,0.919891,-0.184218,0.071692,0.338711,0.943231,0.036589,-0.120386,0.307381,0.994512,0.083410,0.051990,-0.035853,0.999089,-0.003636,-0.007513,-0.041844,0.975226,-0.015185,0.111136,0.190663,0.979904,0.116483,0.026691,0.159710,0.751398,0.215992,0.607107,-0.142016,0.756456,0.239881,0.603976,-0.073791,0.962122,-0.158450,0.086473,0.204297,0.713131,-0.326420,0.519738,0.338773,0.802014,-0.247654,0.511972,0.182552
0.950030,-0.036101,0.009187,0.309929,0.946570,-0.086053,-0.029233,0.309428,0.908936,-0.174142,0.220601,0.307970,0.926662,-0.160311,0.063153,0.334082,0.940030,0.036744,-0.124555,0.315405,0.994278,0.085950,0.053105,-0.034685,0.999122,-0.005048,-0.007282,-0.040942,0.973583,-0.017314,0.111513,0.198497,0.978619,0.117039,0.025682,0.167175,0.755802,0.210971,0.605176,-0.134229,0.760365,0.235350,0.601775,-0.065739,0.960382,-0.158795,0.087241,0.211754,0.708068,-0.330626,0.519858,0.345071,0.798237,-0.251119,0.513673,0.189466
0.947315,-0.035530,0.010015,0.318168,0.943698,-0.088424,-0.025443,0.317755,0.913493,-0.169515,0.207839,0.305939,0.931310,-0.144337,0.050672,0.330545,0.936770,0.036724,-0.129515,0.323016,0.993971,0.088730,0.055019,-0.033491,0.999151,-0.006263,-0.007062,-0.040104,0.971931,-0.019495,0.111721,0.206129,0.977327,0.117369,0.024612,0.174503,0.760464,0.205655,0.602872,-0.126278,0.764293,0.230889,0.599349,-0.057686,0.958658,-0.159121,0.087702,0.219007,0.703136,-0.334850,0.519695,0.351273,0.794531,-0.254243,0.515244,0.196481
0.945230,-0.033453,0.009997,0.324533,0.941433,-0.090075,-0.023177,0.324119,0.917831,-0.165251,0.196614,0.302691,0.935635,-0.128763,0.042411,0.325897,0.934078,0.036237,-0.135789,0.328248,0.993592,0.091504,0.057974,-0.032251,0.999173,-0.007538,-0.006959,-0.039345,0.970420,-0.021644,0.111616,0.212976,0.976160,0.117182,0.023528,0.181181,0.765235,0.200426,0.600005,-0.119327,0.768798,0.226280,0.596046,-0.049765,0.957151,-0.159291,0.087260,0.225554,0.698706,-0.339026,0.518504,0.357804,0.790812,-0.260325,0.514828,0.204450
0.943357,-0.030982,0.009795,0.330184,0.939387,-0.091407,-0.020826,0.329793,0.921365,-0.161305,0.185594,0.301034,0.938838,-0.114007,0.034967,0.323053,0.931579,0.035738,-0.142441,0.332556,0.993166,0.094406,0.061235,-0.030980,0.999193,-0.008621,-0.006880,-0.038612,0.968994,-0.023767,0.111199,0.219364,0.975034,0.116786,0.022504,0.187520,0.769967,0.195144,0.596992,-0.112562,0.773342,0.221756,0.592451,-0.042051,0.955757,-0.159412,0.086336,0.231650,0.694511,-0.343201,0.516960,0.364170,0.787558,-0.265353,0.514152,0.212103
0.941967,-0.027724,0.009227,0.334431,0.937857,-0.092067,-0.018240,0.334090,0.923489,-0.157691,0.175239,0.302642,0.940376,-0.100695,0.029572,0.323542,0.929526,0.035108,-0.149814,0.335118,0.992675,0.097374,0.065082,-0.029656,0.999212,-0.009515,-0.006876,-0.037919,0.967797,-0.025845,0.110210,0.224844,0.974051,0.115935,0.021622,0.193174,0.774702,0.189688,0.593771,-0.106261,0.778067,0.217341,0.588353,-0.034850,0.954642,-0.159431,0.084469,0.236865,0.690835,-0.347373,0.514771,0.370256,0.785317,-0.268285,0.513091,0.219176
0.940857,-0.024275,0.008497,0.337828,0.936650,-0.092126,-0.016629,0.337526,0.925133,-0.154374,0.166388,0.304324,0.941403,-0.088967,0.024657,0.324404,0.927749,0.034676,-0.157181,0.336709,0.992150,0.100476,0.068802,-0.028447,0.999229,-0.010088,-0.006756,-0.037337,0.966822,-0.027851,0.108715,0.229477,0.973207,0.114754,0.020801,0.198160,0.779116,0.184495,0.590579,-0.100779,0.782100,0.213610,0.584681,-0.028960,0.953772,-0.159365,0.082109,0.241206,0.688266,-0.350909,0.511872,0.375687,0.783809,-0.271171,0.511095,0.225591
0.939877,-0.020732,0.007685,0.340796,0.935602,-0.091885,-0.015512,0.340538,0.926514,-0.151193,0.158286,0.306037,0.942114,-0.078021,0.019992,0.325476,0.926105,0.034357,-0.164542,0.337750,0.991592,0.103672,0.072462,-0.027313,0.999245,-0.010471,-0.006568,-0.036841,0.965955,-0.029815,0.106942,0.233678,0.972425,0.113409,0.019985,0.202804,0.783356,0.179454,0.587361,-0.095689,0.785781,0.210243,0.581192,-0.023699,0.953019,-0.159247,0.079484,0.245106,0.686245,-0.354121,0.508598,0.380780,0.782659,-0.274029,0.508607,0.231673
0.939121,-0.016814,0.006154,0.343120,0.934838,-0.091047,-0.015711,0.342843,0.927847,-0.148240,0.151862,0.306695,0.942701,-0.070494,0.015011,0.325760,0.924745,0.034218,-0.171406,0.338078,0.991041,0.106826,0.075656,-0.026513,0.999252,-0.010356,-0.006557,-0.036683,0.965400,-0.031711,0.104795,0.236676,0.971884,0.111591,0.019419,0.206426,0.786626,0.175065,0.584858,-0.092266,0.789004,0.206768,0.578223,-0.019450,0.952561,-0.159195,0.076883,0.247738,0.686458,-0.355679,0.504495,0.384385,0.782981,-0.276782,0.504215,0.236856
0.938428,-0.012627,0.004397,0.345216,0.934153,-0.090143,-0.016145,0.344924,0.929038,-0.145421,0.145756,0.307402,0.943131,-0.063477,0.010430,0.326137,0.923488,0.034206,-0.178099,0.338053,0.990494,0.109962,0.078564,-0.025657,0.999264,-0.009799,-0.006662,-0.036479,0.964893,-0.033528,0.102610,0.239432,0.971390,0.109619,0.018912,0.209828,0.789533,0.170697,0.582739,-0.088967,0.791850,0.203266,0.575692,-0.015382,0.952139,-0.159177,0.074378,0.250123,0.687193,-0.356787,0.500208,0.387634,0.783716,-0.278972,0.499636,0.241510
0.937880,-0.007902,0.002187,0.346863,0.933637,-0.089099,-0.017033,0.346545,0.930001,-0.142860,0.140309,0.308224,0.943374,-0.057475,0.006660,0.326647,0.922454,0.034412,-0.184451,0.337451,0.989992,0.112976,0.080888,-0.024671,0.999287,-0.008441,-0.007021,-0.036129,0.964496,-0.035196,0.100395,0.241722,0.971003,0.107339,0.018570,0.212806,0.791737,0.166333,0.581462,-0.085951,0.793978,0.199677,0.574099,-0.011727,0.951804,-0.159239,0.072095,0.252022,0.688983,-0.357007,0.495584,0.390185,0.785308,-0.280054,0.494746,0.245127
0.937876,-0.003238,0.000040,0.346954,0.933702,-0.087988,-0.018660,0.346570,0.930535,-0.140930,0.135996,0.309431,0.943479,-0.050009,0.004887,0.327601,0.922071,0.035273,-0.189524,0.335591,0.989616,0.115912,0.081437,-0.024326,0.999310,-0.004874,-0.007125,-0.036139,0.964344,-0.036374,0.098145,0.243074,0.970802,0.104992,0.018540,0.214886,0.792859,0.162758,0.581198,-0.084223,0.795233,0.195766,0.573748,-0.009690,0.951672,-0.159477,0.069603,0.253069,0.690419,-0.357546,0.491111,0.392801,0.787094,-0.281730,0.489070,0.248841
0.938134,0.001397,-0.002076,0.346264,0.934057,-0.086843,-0.020648,0.345789,0.930853,-0.139318,0.132255,0.310823,0.943471,-0.041815,0.004129,0.328781,0.922011,0.036452,-0.193943,0.333096,0.989303,0.118794,0.081100,-0.024313,0.999315,-0.000220,-0.007100,-0.036331,0.964318,-0.037309,0.095868,0.243941,0.970696,0.102604,0.018652,0.216501,0.793447,0.159583,0.581429,-0.083159,0.796057,0.191697,0.573998,-0.008482,0.951643,-0.159805,0.066997,0.253673,0.691672,-0.358243,0.486709,0.395433,0.788962,-0.283682,0.482978,0.252577
0.939116,0.005231,-0.003595,0.343542,0.935155,-0.085805,-0.023099,0.342911,0.930898,-0.138229,0.129098,0.312498,0.943267,-0.033238,0.004102,0.330342,0.922576,0.038147,-0.197891,0.328994,0.989080,0.121741,0.079278,-0.024798,0.999285,0.007641,-0.005949,-0.036537,0.964771,-0.037646,0.094042,0.242808,0.971036,0.100335,0.018889,0.216021,0.791796,0.159396,0.583274,-0.086272,0.794335,0.190855,0.576556,-0.013751,0.952091,-0.160114,0.063741,0.252631,0.693010,-0.359089,0.482611,0.397340,0.790011,-0.285406,0.478178,0.256461
0.940257,0.009042,-0.005435,0.340301,0.936428,-0.084777,-0.025332,0.339520,0.931047,-0.137037,0.125943,0.313864,0.943060,-0.025788,0.003715,0.331601,0.923266,0.039912,-0.201801,0.324442,0.988859,0.124642,0.077339,-0.025303,0.999178,0.016461,-0.004808,-0.036725,0.965310,-0.037833,0.092428,0.241253,0.971480,0.098159,0.018852,0.215023,0.789495,0.160365,0.585460,-0.090654,0.791803,0.191459,0.579601,-0.021296,0.952596,-0.160547,0.060537,0.251240,0.694483,-0.359868,0.478725,0.398762,0.790871,-0.287346,0.473683,0.259961
0.941731,0.012805,-0.007916,0.336031,0.938049,-0.083755,-0.027142,0.335130,0.931413,-0.135613,0.122787,0.314648,0.942960,-0.020550,0.002567,0.332262,0.924215,0.041834,-0.205658,0.319033,0.988653,0.127471,0.075165,-0.025811,0.998943,0.027220,-0.003682,-0.036855,0.966019,-0.037717,0.091245,0.238871,0.972133,0.096178,0.018282,0.213008,0.785865,0.163656,0.588321,-0.097530,0.787576,0.194956,0.583613,-0.033337,0.953217,-0.161224,0.057447,0.249166,0.696248,-0.360506,0.475273,0.399236,0.791394,-0.289714,0.469830,0.262719
0.943255,0.016801,-0.010552,0.331476,0.939743,-0.082679,-0.028577,0.330500,0.931898,-0.133870,0.119298,0.315299,0.942903,-0.017430,0.001460,0.332607,0.925108,0.043446,-0.210446,0.313050,0.988436,0.130009,0.073785,-0.025448,0.998548,0.040090,-0.001598,-0.035946,0.966802,-0.037800,0.090443,0.235977,0.972877,0.094535,0.017671,0.210383,0.781306,0.168567,0.591530,-0.106011,0.782684,0.199279,0.587782,-0.046972,0.953874,-0.162155,0.054951,0.246598,0.697999,-0.360970,0.472736,0.398772,0.792330,-0.291832,0.466362,0.263731
0.944780,0.020913,-0.013266,0.326769,0.941459,-0.081568,-0.029807,0.325750,0.932431,-0.131963,0.115650,0.315884,0.942873,-0.015362,0.000383,0.332796,0.925946,0.044885,-0.215678,0.306745,0.988219,0.132344,0.072793,-0.024682,0.997944,0.053945,0.000985,-0.034582,0.967619,-0.037978,0.089841,0.232807,0.973663,0.093067,0.017052,0.207431,0.776198,0.174371,0.594835,-0.115249,0.777286,0.204067,0.591964,-0.061337,0.954545,-0.163215,0.052769,0.243764,0.699740,-0.361339,0.470673,0.397825,0.793465,-0.293819,0.463104,0.263853
0.946633,0.024613,-0.016980,0.320923,0.943557,-0.080160,-0.031151,0.319849,0.932891,-0.130127,0.112964,0.316260,0.942892,-0.014334,-0.000494,0.332788,0.926562,0.046402,-0.223205,0.299182,0.988145,0.133580,0.073093,-0.019556,0.997021,0.071427,0.006272,-0.028425,0.968462,-0.038217,0.090072,0.229146,0.974528,0.091810,0.017194,0.203889,0.770888,0.179673,0.598471,-0.123622,0.771311,0.208144,0.596992,-0.073184,0.955212,-0.164452,0.052255,0.240404,0.701882,-0.360602,0.470203,0.395269,0.794866,-0.295322,0.461355,0.261006
0.948571,0.027876,-0.020689,0.314654,0.945768,-0.078577,-0.032601,0.313506,0.933295,-0.128318,0.110680,0.316615,0.942912,-0.013650,-0.001221,0.332760,0.927011,0.048072,-0.231341,0.291240,0.988129,0.134287,0.073450,-0.013132,0.995622,0.090131,0.013382,-0.020815,0.969389,-0.038359,0.090264,0.225092,0.975436,0.090576,0.017708,0.200016,0.765885,0.184337,0.601853,-0.131194,0.765672,0.211393,0.601777,-0.083212,0.955976,-0.165613,0.051780,0.236646,0.703865,-0.359894,0.470163,0.392425,0.796384,-0.295838,0.460258,0.257710
0.950734,0.030266,-0.024388,0.307561,0.948229,-0.076668,-0.034303,0.306279,0.933604,-0.126582,0.109175,0.316924,0.942938,-0.013670,-0.001678,0.332685,0.927176,0.050071,-0.240755,0.282622,0.988209,0.134026,0.073920,-0.004044,0.993437,0.111334,0.024115,-0.010273,0.970481,-0.038317,0.090368,0.220299,0.976431,0.089387,0.018956,0.195533,0.761638,0.187575,0.604889,-0.137231,0.760991,0.212891,0.606232,-0.089736,0.956928,-0.166626,0.051363,0.232133,0.705526,-0.359258,0.470969,0.389043,0.798143,-0.294388,0.460440,0.253570
0.952894,0.031669,-0.027582,0.300382,0.950669,-0.074646,-0.035978,0.298935,0.933866,-0.124811,0.107776,0.317334,0.942941,-0.013390,-0.001808,0.332685,0.926827,0.052729,-0.251076,0.274174,0.988376,0.132536,0.074025,0.008250,0.990079,0.135294,0.037800,0.003295,0.971652,-0.038162,0.090672,0.214977,0.977454,0.088217,0.021383,0.190639,0.758564,0.188735,0.607395,-0.141528,0.757644,0.213229,0.609763,-0.093262,0.957976,-0.167545,0.051388,0.227092,0.707121,-0.358316,0.472501,0.385139,0.799428,-0.293033,0.461410,0.249295
0.955023,0.032578,-0.030523,0.293152,0.953063,-0.072564,-0.037656,0.291526,0.934104,-0.123031,0.106395,0.317795,0.942931,-0.012969,-0.001808,0.332731,0.926102,0.055636,-0.261868,0.265827,0.988534,0.129908,0.073766,0.021979,0.985566,0.159704,0.053323,0.017641,0.972842,-0.037935,0.091081,0.209390,0.978466,0.087095,0.024412,0.185536,0.756055,0.188874,0.609672,-0.144939,0.754946,0.213017,0.612863,-0.095284,0.959053,-0.168404,0.051645,0.221787,0.708668,-0.357203,0.474397,0.380977,0.800461,-0.291708,0.462779,0.244959
0.956906,0.032610,-0.033234,0.286641,0.955186,-0.070345,-0.039287,0.284830,0.934287,-0.121158,0.105029,0.318429,0.942871,-0.012649,-0.001652,0.332913,0.925145,0.059935,-0.270678,0.259321,0.988784,0.125456,0.070983,0.039092,0.977090,0.197859,0.070828,0.033623,0.974119,-0.037808,0.091802,0.203062,0.979522,0.086209,0.028269,0.179735,0.754469,0.188368,0.610970,-0.148355,0.754246,0.212153,0.613861,-0.096327,0.960207,-0.169389,0.052548,0.215752,0.710141,-0.355748,0.477112,0.376174,0.801122,-0.290390,0.465060,0.239995
0.959246,0.031764,-0.035625,0.278512,0.957759,-0.067630,-0.040844,0.276505,0.934452,-0.119020,0.104261,0.319005,0.942831,-0.012133,-0.001536,0.333047,0.924748,0.064636,-0.277423,0.252388,0.988877,0.122683,0.066275,0.051757,0.968597,0.227814,0.089090,0.044546,0.975382,-0.037794,0.092461,0.196604,0.980539,0.085400,0.032180,0.173823,0.753034,0.188089,0.611869,-0.152247,0.753891,0.211565,0.614287,-0.097674,0.961345,-0.170381,0.053701,0.209529,0.711636,-0.354103,0.480201,0.370933,0.801761,-0.289008,0.467668,0.234393
0.962489,0.029162,-0.037376,0.267147,0.961215,-0.063940,-0.042304,0.264929,0.934584,-0.116360,0.104634,0.319477,0.942825,-0.011230,-0.001556,0.333094,0.925641,0.070286,-0.280084,0.244543,0.988938,0.124474,0.058087,0.055976,0.962612,0.244155,0.106953,0.048234,0.976650,-0.038063,0.092986,0.189894,0.981530,0.084650,0.036178,0.167706,0.751965,0.188175,0.611915,-0.157158,0.754296,0.211418,0.613515,-0.099694,0.962479,-0.171435,0.055332,0.202937,0.713189,-0.352129,0.484035,0.364798,0.802369,-0.287552,0.470918,0.227493
0.965345,0.026048,-0.039813,0.256604,0.964267,-0.060144,-0.044154,0.254210,0.934664,-0.114049,0.105775,0.319699,0.942853,-0.010655,-0.001935,0.333033,0.925832,0.068989,-0.287635,0.235250,0.988965,0.124634,0.060164,0.052874,0.959544,0.248726,0.124333,0.044172,0.977898,-0.038161,0.093823,0.182912,0.982453,0.084390,0.040701,0.161271,0.751154,0.188242,0.611609,-0.162069,0.754841,0.211882,0.612175,-0.102774,0.963627,-0.172260,0.057374,0.196107,0.715002,-0.349533,0.488317,0.357974,0.803302,-0.285189,0.474425,0.219757
0.967951,0.022678,-0.042589,0.246459,0.967050,-0.056288,-0.046277,0.243936,0.934713,-0.111945,0.107187,0.319831,0.942882,-0.010271,-0.002604,0.332957,0.925544,0.064122,-0.297540,0.225225,0.988902,0.124088,0.067451,0.046101,0.957748,0.247742,0.141487,0.036397,0.979108,-0.038150,0.094802,0.175797,0.983301,0.084432,0.045472,0.154671,0.750452,0.188330,0.611135,-0.166936,0.755440,0.212671,0.610551,-0.106340,0.964757,-0.172942,0.059611,0.189160,0.716913,-0.346594,0.492791,0.350807,0.804360,-0.282346,0.478025,0.211608
0.969326,0.021799,-0.046165,0.240417,0.968626,-0.054807,-0.045798,0.238039,0.935046,-0.109791,0.105346,0.320215,0.942922,-0.009990,-0.002570,0.332854,0.925036,0.045952,-0.311107,0.213095,0.988614,0.117380,0.089390,0.029544,0.958701,0.242787,0.147179,0.016899,0.980260,-0.037797,0.095435,0.168980,0.984070,0.084471,0.049608,0.148356,0.749661,0.188986,0.610449,-0.172175,0.755256,0.214867,0.609219,-0.110782,0.965869,-0.173201,0.062004,0.182357,0.718570,-0.343431,0.497948,0.343161,0.805624,-0.278419,0.482565,0.201456
0.970611,0.020995,-0.049507,0.234571,0.970116,-0.053268,-0.045463,0.232316,0.935382,-0.107709,0.103752,0.320462,0.942998,-0.009598,-0.002505,0.332651,0.925124,0.024177,-0.321688,0.200194,0.987306,0.112488,0.111968,0.005991,0.958844,0.239350,0.152454,-0.009379,0.981385,-0.037339,0.095937,0.162127,0.984795,0.084583,0.053487,0.141998,0.748626,0.189990,0.609874,-0.177526,0.754885,0.216835,0.608144,-0.115292,0.966974,-0.173269,0.064391,0.175479,0.719878,-0.340276,0.503440,0.335463,0.806561,-0.274390,0.487555,0.190944
0.971772,0.020343,-0.052385,0.229131,0.971471,-0.051668,-0.045386,0.226967,0.935715,-0.105835,0.102705,0.320449,0.943143,-0.009047,-0.002320,0.332257,0.926615,-0.004789,-0.326557,0.186338,0.984217,0.110316,0.134975,-0.030474,0.957382,0.238090,0.156196,-0.048323,0.982503,-0.036736,0.096183,0.155202,0.985501,0.084719,0.056856,0.135566,0.747162,0.191631,0.609486,-0.183176,0.754179,0.218303,0.607581,-0.120011,0.968105,-0.173034,0.066764,0.168446,0.720545,-0.337221,0.509649,0.327651,0.806932,-0.270235,0.493499,0.179700
0.972871,0.019365,-0.054604,0.223978,0.972738,-0.049896,-0.045330,0.221895,0.935920,-0.103981,0.102018,0.320679,0.943184,-0.008645,-0.002359,0.332149,0.928537,-0.036009,-0.326304,0.173346,0.979474,0.108594,0.154860,-0.069690,0.956068,0.230616,0.157766,-0.088653,0.983612,-0.036011,0.096218,0.148165,0.986203,0.084785,0.059729,0.129023,0.745209,0.193784,0.609428,-0.188965,0.752894,0.220424,0.607364,-0.125193,0.969275,-0.172508,0.068767,0.161299,0.720308,-0.334637,0.516355,0.320239,0.807008,-0.264729,0.500294,0.168414
0.973925,0.018224,-0.056495,0.218965,0.973945,-0.048032,-0.045301,0.216960,0.936061,-0.102135,0.101484,0.321030,0.943173,-0.008316,-0.002536,0.332187,0.930001,-0.068390,-0.323245,0.161036,0.973020,0.107730,0.171917,-0.109871,0.953957,0.220052,0.157722,-0.129104,0.984691,-0.035214,0.096134,0.141071,0.986876,0.084847,0.062347,0.122428,0.742990,0.196208,0.609526,-0.194798,0.751296,0.222887,0.607308,-0.130583,0.970440,-0.171817,0.070570,0.154091,0.719579,-0.332231,0.523287,0.313049,0.806869,-0.258503,0.507412,0.157074
0.975551,0.016375,-0.056917,0.211642,0.975654,-0.045592,-0.045190,0.209710,0.936259,-0.099967,0.101720,0.321058,0.943295,-0.007679,-0.002276,0.331858,0.932017,-0.099267,-0.315104,0.148998,0.965682,0.107073,0.182496,-0.150628,0.954651,0.190560,0.156936,-0.166434,0.985766,-0.034258,0.095758,0.133877,0.987622,0.084642,0.063693,0.115678,0.740340,0.199662,0.609562,-0.201160,0.748522,0.225909,0.608205,-0.136991,0.971688,-0.170612,0.071963,0.146752,0.718302,-0.329953,0.530145,0.306787,0.804663,-0.253675,0.516038,0.147887
0.977164,0.014713,-0.057411,0.204053,0.977358,-0.043198,-0.044891,0.202214,0.936416,-0.097823,0.102077,0.321148,0.943385,-0.007199,-0.002178,0.331615,0.933022,-0.127878,-0.306944,0.137487,0.958155,0.105156,0.189763,-0.186737,0.954113,0.160198,0.156106,-0.199090,0.986802,-0.033139,0.095215,0.126723,0.988348,0.084414,0.064581,0.108962,0.737589,0.203395,0.609560,-0.207436,0.745765,0.228862,0.608944,-0.143681,0.972891,-0.169386,0.073123,0.139445,0.716643,-0.327960,0.536750,0.301270,0.802607,-0.248263,0.524131,0.139554
0.978804,0.013426,-0.058051,0.195942,0.979109,-0.040887,-0.044154,0.194227,0.936488,-0.095705,0.102772,0.321355,0.943419,-0.007008,-0.002315,0.331520,0.933427,-0.151967,-0.299351,0.126524,0.952169,0.099523,0.193356,-0.214669,0.953706,0.128107,0.155038,-0.223598,0.987812,-0.031695,0.094370,0.119656,0.989085,0.084098,0.064576,0.102312,0.734679,0.207672,0.609511,-0.213578,0.743081,0.231641,0.609408,-0.150979,0.974059,-0.168142,0.073859,0.132218,0.714303,-0.326645,0.542898,0.297214,0.801006,-0.241847,0.531259,0.132905
0.980381,0.012509,-0.058247,0.187892,0.980782,-0.038586,-0.043239,0.186302,0.936513,-0.093524,0.103429,0.321712,0.943393,-0.007576,-0.002892,0.331577,0.933426,-0.171176,-0.293054,0.116335,0.948375,0.090456,0.193133,-0.234737,0.953601,0.098307,0.151555,-0.240855,0.988754,-0.030082,0.093404,0.112856,0.989796,0.083700,0.064049,0.095900,0.732027,0.211933,0.609201,-0.219306,0.740909,0.234887,0.609257,-0.157122,0.975082,-0.167198,0.074698,0.125220,0.712091,-0.325443,0.548198,0.294095,0.798837,-0.237839,0.537364,0.128578
0.981896,0.011778,-0.058219,0.179867,0.982381,-0.036287,-0.042255,0.178399,0.936518,-0.091301,0.104029,0.322142,0.943337,-0.008515,-0.003728,0.331706,0.933157,-0.187916,-0.287317,0.106557,0.945588,0.079506,0.191333,-0.250865,0.953282,0.069454,0.147161,-0.254505,0.989640,-0.028395,0.092368,0.106184,0.990474,0.083249,0.063265,0.089601,0.729486,0.216187,0.608743,-0.224822,0.738984,0.238367,0.608784,-0.162685,0.976009,-0.166404,0.075588,0.118332,0.709937,-0.324290,0.553067,0.291448,0.796382,-0.235014,0.542967,0.125425
0.983443,0.011751,-0.057052,0.171601,0.983952,-0.034132,-0.041137,0.170236,0.936580,-0.089140,0.104718,0.322346,0.943362,-0.009128,-0.004326,0.331612,0.933121,-0.197609,-0.284315,0.096963,0.946507,0.063943,0.185108,-0.256459,0.954871,0.046124,0.138532,-0.258656,0.990484,-0.026524,0.091398,0.099417,0.991115,0.082951,0.062395,0.083173,0.728436,0.218870,0.607990,-0.227654,0.737723,0.239951,0.608877,-0.165703,0.976854,-0.165671,0.076921,0.111319,0.709811,-0.321541,0.556751,0.287765,0.793712,-0.233409,0.548128,0.122872
0.984927,0.012079,-0.055877,0.163253,0.985466,-0.032024,-0.039874,0.161992,0.936678,-0.086935,0.105444,0.322427,0.943433,-0.009366,-0.004861,0.331396,0.933094,-0.205523,-0.281891,0.087365,0.948059,0.047108,0.178394,-0.259116,0.956597,0.022690,0.129879,-0.259883,0.991289,-0.024635,0.090307,0.092652,0.991704,0.082758,0.061496,0.076763,0.727756,0.221227,0.607117,-0.229867,0.737077,0.241608,0.608490,-0.167579,0.977642,-0.164909,0.078445,0.104247,0.710155,-0.318280,0.560287,0.283649,0.791866,-0.230831,0.552612,0.119517
0.986351,0.013122,-0.054690,0.154754,0.986935,-0.029999,-0.038277,0.153603,0.936844,-0.084637,0.106319,0.322269,0.943596,-0.008845,-0.005191,0.330939,0.933290,-0.209926,-0.280832,0.077687,0.951161,0.027984,0.170250,-0.255978,0.959290,-0.000615,0.120596,-0.255380,0.992061,-0.022686,0.089000,0.085903,0.992232,0.082795,0.060534,0.070398,0.727834,0.222942,0.606026,-0.230839,0.737684,0.243410,0.607146,-0.167176,0.978365,-0.164080,0.080360,0.097072,0.711453,-0.314019,0.563539,0.278658,0.791694,-0.226383,0.555745,0.114537
0.987742,0.014129,-0.052832,0.146199,0.988343,-0.027768,-0.036535,0.145160,0.936956,-0.082171,0.107455,0.322203,0.943734,-0.008786,-0.005534,0.330542,0.933965,-0.211825,-0.279504,0.068684,0.954891,0.008073,0.161141,-0.249304,0.962240,-0.024516,0.111099,-0.247286,0.992816,-0.020743,0.087361,0.079087,0.992688,0.083436,0.059312,0.063968,0.727656,0.225698,0.604598,-0.232461,0.738415,0.247233,0.604517,-0.167861,0.979098,-0.162950,0.082228,0.089733,0.713575,-0.308932,0.566509,0.272836,0.792196,-0.221620,0.558254,0.107993
0.989076,0.015119,-0.050637,0.137610,0.989679,-0.025444,-0.034732,0.136680,0.937042,-0.079620,0.108691,0.322179,0.943861,-0.008956,-0.005913,0.330168,0.934841,-0.212494,-0.278059,0.060013,0.958704,-0.011971,0.151487,-0.240407,0.964989,-0.048435,0.101378,-0.237007,0.993534,-0.018836,0.085552,0.072226,0.993086,0.084352,0.057955,0.057497,0.727351,0.228957,0.602979,-0.234425,0.739208,0.252030,0.601210,-0.169112,0.979805,-0.161676,0.084072,0.082306,0.716063,-0.303430,0.569318,0.266572,0.792980,-0.216705,0.560438,0.100650
0.990264,0.016477,-0.047922,0.129653,0.990858,-0.022955,-0.032823,0.128827,0.937163,-0.076825,0.109922,0.322088,0.944027,-0.008817,-0.006211,0.329691,0.936611,-0.210503,-0.275011,0.053084,0.962999,-0.032316,0.140934,-0.227432,0.968015,-0.069278,0.091701,-0.223021,0.994218,-0.017214,0.083771,0.064941,0.993467,0.085585,0.056118,0.050499,0.726787,0.233312,0.600867,-0.237287,0.738958,0.257422,0.598670,-0.171083,0.980526,-0.160198,0.085789,0.074474,0.719679,-0.296951,0.571599,0.259147,0.794493,-0.210680,0.562079,0.091991
0.991372,0.017932,-0.045015,0.121797,0.991955,-0.020367,-0.030879,0.121070,0.937274,-0.073901,0.111104,0.322044,0.944185,-0.008780,-0.006509,0.329236,0.938634,-0.207823,-0.271298,0.046623,0.966981,-0.052006,0.130457,-0.212660,0.970831,-0.087812,0.082003,-0.207489,0.994833,-0.015735,0.081954,0.057815,0.993803,0.086833,0.053984,0.043615,0.726074,0.237993,0.598688,-0.240308,0.738608,0.262772,0.596089,-0.173454,0.981176,-0.158669,0.087514,0.066778,0.723326,-0.290367,0.573743,0.251605,0.796154,-0.204289,0.563461,0.083172
0.992394,0.019582,-0.041726,0.114151,0.992962,-0.017569,-0.028848,0.113517,0.937364,-0.070726,0.112236,0.322101,0.944322,-0.008952,-0.006760,0.328832,0.941233,-0.203730,-0.266242,0.041098,0.970797,-0.070852,0.120186,-0.195164,0.973836,-0.102219,0.072453,-0.189593,0.995378,-0.014477,0.080064,0.051026,0.994099,0.088167,0.051250,0.036972,0.725069,0.243377,0.596406,-0.243603,0.738054,0.268096,0.593480,-0.176586,0.981762,-0.157018,0.089247,0.059362,0.727136,-0.283570,0.575657,0.243886,0.798220,-0.197156,0.564349,0.074061
0.993219,0.021424,-0.038729,0.107504,0.993794,-0.014536,-0.026838,0.106965,0.937375,-0.067341,0.113256,0.322437,0.944375,-0.008788,-0.006989,0.328679,0.945375,-0.196575,-0.257161,0.038641,0.975089,-0.089361,0.108203,-0.171781,0.979156,-0.097425,0.061394,-0.167310,0.995823,-0.013797,0.078455,0.044617,0.994335,0.089688,0.048179,0.030552,0.723917,0.249221,0.593992,-0.246993,0.737217,0.273845,0.590664,-0.180656,0.982322,-0.155271,0.090481,0.052416,0.730441,-0.277419,0.577379,0.236914,0.800103,-0.190420,0.565017,0.065818
0.993929,0.023361,-0.035877,0.101355,0.994520,-0.011389,-0.024844,0.100908,0.937344,-0.063847,0.114195,0.322906,0.944388,-0.008452,-0.007233,0.328644,0.950157,-0.187737,-0.246059,0.037559,0.979228,-0.105953,0.094902,-0.144500,0.985276,-0.081294,0.050478,-0.141684,0.996200,-0.013434,0.077004,0.038408,0.994516,0.091265,0.044945,0.024259,0.722682,0.255258,0.591493,-0.250421,0.736211,0.279769,0.587731,-0.185188,0.982845,-0.153495,0.091466,0.045714,0.733453,-0.271601,0.578997,0.230306,0.801850,-0.183901,0.565556,0.057999
0.994461,0.025810,-0.033109,0.096362,0.995086,-0.007902,-0.022915,0.096004,0.937421,-0.059973,0.114990,0.323144,0.944500,-0.008572,-0.007430,0.328317,0.956375,-0.174552,-0.230920,0.039418,0.983628,-0.120094,0.079756,-0.108134,0.991911,-0.052654,0.041849,-0.107649,0.996499,-0.013792,0.075578,0.032978,0.994623,0.093133,0.041271,0.018643,0.721671,0.261468,0.588734,-0.253411,0.735831,0.285283,0.584788,-0.187589,0.983295,-0.152001,0.091882,0.039808,0.735671,-0.267109,0.580289,0.225178,0.802674,-0.179720,0.566273,0.052443
0.994964,0.027955,-0.030364,0.091346,0.995615,-0.004224,-0.020947,0.091074,0.937491,-0.055909,0.115789,0.323384,0.944617,-0.008650,-0.007629,0.327971,0.961828,-0.163228,-0.215883,0.040476,0.986585,-0.128577,0.064513,-0.077178,0.995986,-0.026040,0.034555,-0.078354,0.996748,-0.014231,0.074264,0.027866,0.994677,0.095046,0.037495,0.013314,0.720888,0.267443,0.585921,-0.255913,0.735567,0.290692,0.581752,-0.189748,0.983697,-0.150626,0.092066,0.034277,0.737373,-0.263278,0.581566,0.220787,0.803367,-0.175972,0.566897,0.047571
0.995449,0.029495,-0.027666,0.086285,0.996107,-0.000152,-0.018903,0.086104,0.937554,-0.051467,0.116621,0.323642,0.944745,-0.008643,-0.007806,0.327598,0.966223,-0.155980,-0.201120,0.040433,0.988229,-0.131567,0.050735,-0.059326,0.997737,-0.008783,0.026983,-0.060956,0.996940,-0.014767,0.073126,0.023364,0.994671,0.097132,0.033497,0.008519,0.720584,0.273038,0.583029,-0.257461,0.735545,0.295984,0.578551,-0.191431,0.984061,-0.149445,0.091770,0.029471,0.738140,-0.260739,0.582828,0.217891,0.803885,-0.173046,0.567347,0.044068
0.995909,0.029852,-0.024878,0.081576,0.996521,0.004363,-0.017018,0.081472,0.937601,-0.046670,0.117255,0.324002,0.944853,-0.008519,-0.008008,0.327287,0.969619,-0.150630,-0.188565,0.039920,0.989352,-0.129269,0.039568,-0.053909,0.998338,0.000257,0.017883,-0.054788,0.997063,-0.015369,0.072508,0.019260,0.994620,0.099239,0.029458,0.003999,0.720908,0.277985,0.579959,-0.258191,0.736023,0.300538,0.575453,-0.191838,0.984390,-0.148427,0.091144,0.025266,0.738699,-0.258868,0.583746,0.215758,0.803911,-0.170585,0.568238,0.041644
0.996344,0.029617,-0.022045,0.077043,0.996873,0.009094,-0.015242,0.077000,0.937637,-0.041708,0.117742,0.324399,0.944950,-0.008350,-0.008269,0.327003,0.972485,-0.146198,-0.177112,0.039113,0.990188,-0.124921,0.029786,-0.055090,0.998462,0.004629,0.007816,-0.054693,0.997147,-0.016012,0.072147,0.015356,0.994529,0.101333,0.025384,-0.000366,0.721562,0.282579,0.576775,-0.258511,0.736770,0.304690,0.572381,-0.191607,0.984695,-0.147503,0.090345,0.021364,0.739155,-0.257347,0.584487,0.214003,0.803694,-0.168367,0.569340,0.039756
0.996723,0.026620,-0.020605,0.073554,0.997095,0.014398,-0.013216,0.073623,0.937580,-0.036152,0.118334,0.325013,0.944993,-0.008569,-0.007891,0.326884,0.974809,-0.141214,-0.168050,0.039570,0.990954,-0.120222,0.022407,-0.055277,0.998402,0.009659,0.005829,-0.055369,0.997162,-0.016365,0.072451,0.012258,0.994385,0.103498,0.021680,-0.004046,0.723432,0.285649,0.573432,-0.257346,0.738975,0.307028,0.569051,-0.189291,0.984955,-0.146707,0.089435,0.018502,0.739523,-0.256330,0.584893,0.212840,0.803493,-0.167510,0.569943,0.038791
0.997064,0.023800,-0.019171,0.070206,0.997262,0.019777,-0.011231,0.070361,0.937519,-0.030529,0.118862,0.325575,0.945047,-0.008616,-0.007510,0.326735,0.976855,-0.136102,-0.160186,0.039637,0.991617,-0.115427,0.016473,-0.055688,0.998313,0.014435,0.004036,-0.056089,0.997172,-0.016731,0.072675,0.009334,0.994230,0.105464,0.018098,-0.007486,0.725721,0.288012,0.570099,-0.255665,0.741518,0.309201,0.565492,-0.186453,0.985200,-0.146052,0.088314,0.015834,0.739768,-0.255722,0.585136,0.212053,0.803275,-0.166911,0.570475,0.038055
0.997357,0.021338,-0.017749,0.067145,0.997365,0.025302,-0.009264,0.067361,0.937454,-0.024769,0.119365,0.326065,0.945123,-0.008312,-0.007026,0.326535,0.978464,-0.130847,-0.154756,0.039213,0.992211,-0.110451,0.013391,-0.056026,0.998227,0.018692,0.002643,-0.056457,0.997180,-0.017119,0.072757,0.006768,0.994087,0.107066,0.014804,-0.010473,0.728821,0.289002,0.566847,-0.252949,0.744692,0.311098,0.561539,-0.182554,0.985426,-0.145665,0.086796,0.013559,0.739755,-0.255925,0.585071,0.212030,0.803016,-0.166824,0.570882,0.037783
0.997589,0.019013,-0.016341,0.064705,0.997380,0.030953,-0.007530,0.064955,0.937384,-0.018962,0.119664,0.326546,0.945191,-0.008023,-0.006619,0.326352,0.979805,-0.125498,-0.150702,0.038997,0.992787,-0.105404,0.011860,-0.055888,0.998160,0.022551,0.001740,-0.056265,0.997158,-0.017546,0.073131,0.004427,0.993937,0.108483,0.012112,-0.013212,0.732509,0.288867,0.563573,-0.249744,0.748824,0.311196,0.557599,-0.177493,0.985619,-0.145444,0.085248,0.011607,0.739896,-0.256244,0.584786,0.211938,0.803267,-0.166520,0.570635,0.037533
0.997788,0.016758,-0.014940,0.062576,0.997332,0.036666,-0.005925,0.062838,0.937299,-0.013134,0.119843,0.327010,0.945254,-0.007745,-0.006269,0.326184,0.980998,-0.120099,-0.147337,0.038873,0.993343,-0.100309,0.011098,-0.055533,0.998096,0.026222,0.001071,-0.055820,0.997120,-0.017995,0.073647,0.002196,0.993780,0.109800,0.009711,-0.015825,0.736490,0.288166,0.560251,-0.246295,0.753416,0.310376,0.553625,-0.171846,0.985792,-0.145312,0.083679,0.009816,0.740114,-0.256628,0.584390,0.211805,0.803774,-0.166113,0.570056,0.037287
0.997922,0.014185,-0.014233,0.061222,0.997190,0.042561,-0.004447,0.061488,0.937168,-0.007182,0.119910,0.327545,0.945284,-0.007544,-0.006013,0.326106,0.982005,-0.114637,-0.144809,0.039423,0.993883,-0.094900,0.011516,-0.055306,0.998076,0.027698,0.000876,-0.055468,0.997037,-0.018351,0.074702,0.000433,0.993677,0.110538,0.007838,-0.018042,0.740768,0.286648,0.556607,-0.243486,0.758093,0.308823,0.549552,-0.167079,0.985902,-0.145473,0.082218,0.008656,0.740967,-0.256934,0.583292,0.211477,0.804603,-0.166646,0.568730,0.037272
0.998030,0.011637,-0.013831,0.060084,0.996997,0.048449,-0.002993,0.060336,0.936993,-0.001251,0.119959,0.328105,0.945292,-0.007296,-0.005721,0.326093,0.982928,-0.109197,-0.142550,0.040092,0.994385,-0.089427,0.012387,-0.055201,0.998071,0.028397,0.000659,-0.055196,0.996950,-0.018691,0.075757,-0.001206,0.993589,0.111090,0.005926,-0.020135,0.744756,0.285410,0.552815,-0.241403,0.762612,0.307533,0.545244,-0.162957,0.986003,-0.145749,0.080602,0.007655,0.741911,-0.257448,0.581918,0.211328,0.805741,-0.167193,0.566956,0.037259
0.998095,0.009140,-0.014039,0.059377,0.996742,0.054319,-0.001558,0.059598,0.936751,0.004643,0.120019,0.328742,0.945259,-0.006952,-0.005315,0.326203,0.983720,-0.103814,-0.140824,0.041057,0.994845,-0.083847,0.014166,-0.055242,0.998107,0.027530,0.000411,-0.054991,0.996860,-0.018998,0.076824,-0.002590,0.993538,0.111284,0.003953,-0.021987,0.748174,0.284733,0.548808,-0.240774,0.766843,0.306789,0.540544,-0.160140,0.986089,-0.146248,0.078687,0.006978,0.743034,-0.258367,0.579996,0.211545,0.807492,-0.167758,0.564292,0.037263
0.998113,0.006713,-0.014843,0.059208,0.996422,0.060149,-0.000128,0.059376,0.936480,0.010493,0.120162,0.329328,0.945231,-0.006345,-0.004756,0.326307,0.984470,-0.098555,-0.138918,0.042518,0.995261,-0.078357,0.016301,-0.055229,0.998146,0.026608,0.000202,-0.054740,0.996778,-0.019216,0.077785,-0.003733,0.993512,0.111235,0.001835,-0.023596,0.750787,0.284954,0.544671,-0.241772,0.770326,0.307335,0.535267,-0.160101,0.986186,-0.146700,0.076634,0.006531,0.744513,-0.259184,0.577662,0.211732,0.809130,-0.168908,0.561591,0.037341
0.998103,0.004321,-0.015944,0.059308,0.996052,0.065955,0.001305,0.059396,0.936180,0.016323,0.120354,0.329871,0.945203,-0.005605,-0.004112,0.326408,0.985184,-0.093359,-0.136907,0.044203,0.995634,-0.072914,0.018643,-0.055212,0.998183,0.025654,0.000032,-0.054514,0.996699,-0.019384,0.078689,-0.004751,0.993497,0.111065,-0.000358,-0.025081,0.752986,0.285618,0.540465,-0.243580,0.773424,0.308513,0.529690,-0.161445,0.986288,-0.147127,0.074507,0.006201,0.746167,-0.259950,0.575114,0.211906,0.810710,-0.170351,0.558863,0.037455
0.998054,0.001694,-0.016961,0.059977,0.995608,0.071845,0.002603,0.059963,0.935840,0.022186,0.120468,0.330453,0.945153,-0.004902,-0.003603,0.326572,0.985908,-0.088138,-0.134364,0.046524,0.995981,-0.067449,0.020669,-0.055177,0.998211,0.025021,-0.000252,-0.054311,0.996617,-0.019443,0.079670,-0.005496,0.993517,0.110600,-0.001874,-0.026242,0.754892,0.286078,0.536245,-0.246452,0.775127,0.310423,0.525073,-0.164663,0.986325,-0.147945,0.072365,0.006197,0.747679,-0.261174,0.572485,0.212192,0.812324,-0.172097,0.555893,0.038675
0.998011,-0.001070,-0.017822,0.060460,0.995138,0.077770,0.003965,0.060309,0.935469,0.028107,0.120617,0.330998,0.945102,-0.004313,-0.003108,0.326731,0.986614,-0.082827,-0.131782,0.048647,0.996301,-0.061974,0.022605,-0.055075,0.998241,0.024294,-0.000494,-0.054087,0.996545,-0.019388,0.080528,-0.006195,0.993553,0.109982,-0.003266,-0.027324,0.756539,0.286540,0.532222,-0.249568,0.776662,0.312112,0.520661,-0.168210,0.986379,-0.148704,0.070027,0.006233,0.749166,-0.262544,0.569704,0.212743,0.814046,-0.174001,0.552694,0.039769
0.997986,-0.004106,-0.018370,0.060570,0.994648,0.083771,0.005436,0.060239,0.935066,0.034139,0.120807,0.331499,0.945055,-0.003951,-0.002669,0.326876,0.987317,-0.077334,-0.129160,0.050431,0.996605,-0.056458,0.024295,-0.054777,0.998282,0.023400,-0.000708,-0.053715,0.996495,-0.019110,0.081153,-0.006808,0.993624,0.109056,-0.004398,-0.028255,0.757689,0.287020,0.528609,-0.253178,0.777877,0.313372,0.516691,-0.172442,0.986470,-0.149351,0.067310,0.006346,0.750602,-0.264202,0.566635,0.213818,0.815992,-0.176215,0.549050,0.040608
0.997986,-0.007406,-0.018859,0.060116,0.994093,0.090460,0.006538,0.059606,0.934463,0.040154,0.122034,0.332076,0.944987,-0.003579,-0.002146,0.327082,0.988054,-0.071553,-0.126314,0.051711,0.996885,-0.050742,0.025770,-0.054603,0.998310,0.022631,-0.000889,-0.053519,0.996483,-0.018874,0.081305,-0.007405,0.993789,0.107293,-0.005388,-0.029038,0.758804,0.286763,0.525396,-0.256793,0.778717,0.314851,0.513056,-0.176756,0.986553,-0.150135,0.064288,0.006384,0.752054,-0.266177,0.563282,0.215123,0.817661,-0.178835,0.545577,0.042355
0.997990,-0.010839,-0.019317,0.059380,0.993477,0.097491,0.007440,0.058685,0.933735,0.046156,0.123751,0.332708,0.944899,-0.003203,-0.001611,0.327343,0.988787,-0.065620,-0.123357,0.052697,0.997131,-0.044917,0.027146,-0.054547,0.998328,0.021930,-0.001051,-0.053479,0.996489,-0.018660,0.081220,-0.007991,0.993995,0.105111,-0.006306,-0.029747,0.759895,0.286134,0.522376,-0.260405,0.779370,0.316437,0.509563,-0.181094,0.986624,-0.150990,0.061112,0.006382,0.753498,-0.268314,0.559785,0.216536,0.819177,-0.181670,0.542181,0.044546
0.997960,-0.014481,-0.019396,0.059068,0.992569,0.106512,0.005393,0.058584,0.932559,0.051115,0.128532,0.333468,0.944799,-0.003288,-0.000947,0.327633,0.989487,-0.059570,-0.120169,0.054097,0.997354,-0.038967,0.028048,-0.054580,0.998339,0.021172,-0.001236,-0.053572,0.996505,-0.018656,0.080998,-0.008359,0.994251,0.102473,-0.007211,-0.030197,0.760206,0.285862,0.519858,-0.264797,0.779604,0.316862,0.507006,-0.186440,0.986770,-0.151516,0.057306,0.006621,0.754541,-0.271051,0.556084,0.219022,0.820585,-0.184848,0.538693,0.047770
0.997919,-0.018134,-0.019064,0.058860,0.991543,0.115693,0.002984,0.058731,0.931282,0.055971,0.133432,0.334332,0.944661,-0.003213,-0.000156,0.328033,0.990155,-0.053475,-0.116829,0.055533,0.997548,-0.033027,0.028650,-0.054643,0.998340,0.020681,-0.001440,-0.053728,0.996513,-0.018773,0.080853,-0.008552,0.994527,0.099633,-0.007868,-0.030458,0.760477,0.285212,0.517680,-0.268953,0.779847,0.316964,0.504608,-0.191686,0.986903,-0.151964,0.053662,0.007015,0.755635,-0.273605,0.552380,0.221434,0.821934,-0.188203,0.535160,0.051067
0.997867,-0.021809,-0.017909,0.058858,0.990356,0.125202,-0.000134,0.059328,0.929897,0.060649,0.138601,0.335265,0.944493,-0.002814,0.000924,0.328519,0.990801,-0.047300,-0.113200,0.057120,0.997726,-0.027105,0.028619,-0.054668,0.998331,0.020725,-0.001708,-0.053877,0.996506,-0.019132,0.080869,-0.008401,0.994849,0.096390,-0.008025,-0.030341,0.760683,0.283813,0.516211,-0.272650,0.780127,0.316416,0.502565,-0.196753,0.987029,-0.152247,0.050351,0.007720,0.756866,-0.275771,0.548682,0.223723,0.823197,-0.191888,0.531555,0.054532
0.997790,-0.025457,-0.016379,0.059144,0.989036,0.134691,-0.003667,0.060435,0.928527,0.065273,0.143442,0.336157,0.944318,-0.002380,0.002166,0.329020,0.991207,-0.041352,-0.111057,0.058869,0.997825,-0.021080,0.029842,-0.054865,0.998310,0.020917,-0.001902,-0.054189,0.996459,-0.019717,0.081343,-0.008037,0.995175,0.093057,-0.007910,-0.030073,0.760575,0.282429,0.515034,-0.276587,0.780012,0.315261,0.501350,-0.202090,0.987159,-0.152329,0.047302,0.008717,0.757836,-0.277891,0.545147,0.226442,0.824409,-0.194873,0.528148,0.058605
0.997692,-0.029091,-0.014663,0.059572,0.987590,0.144164,-0.007379,0.061878,0.927084,0.069872,0.148151,0.337172,0.944084,-0.001901,0.003514,0.329680,0.991479,-0.035516,-0.109644,0.060712,0.997863,-0.015008,0.031725,-0.055119,0.998283,0.021177,-0.002024,-0.054578,0.996390,-0.020414,0.082049,-0.007571,0.995497,0.089679,-0.007658,-0.029734,0.760306,0.281056,0.513987,-0.280643,0.779688,0.313805,0.500531,-0.207561,0.987287,-0.152304,0.044389,0.009861,0.758661,-0.279985,0.541690,0.229376,0.825574,-0.197506,0.524835,0.062982
0.997523,-0.032142,-0.012343,0.061341,0.985970,0.153271,-0.011940,0.065027,0.925867,0.074264,0.152115,0.337810,0.943934,-0.000892,0.005304,0.330091,0.991620,-0.029990,-0.108306,0.063719,0.997856,-0.009095,0.033531,-0.055469,0.998248,0.021482,-0.002309,-0.055081,0.996274,-0.021472,0.083296,-0.006165,0.995849,0.086130,-0.007141,-0.028541,0.759699,0.279521,0.513571,-0.284551,0.779103,0.312327,0.500280,-0.212534,0.987394,-0.152046,0.042340,0.011934,0.759421,-0.281586,0.538411,0.232602,0.826541,-0.199915,0.521792,0.067801
0.997293,-0.034932,-0.009912,0.063943,0.984201,0.162076,-0.016809,0.069262,0.924676,0.078555,0.155703,0.338468,0.943736,0.000275,0.007349,0.330618,0.991672,-0.024604,-0.106907,0.067469,0.997810,-0.003282,0.035437,-0.055752,0.998222,0.021474,-0.002492,-0.055548,0.996131,-0.022703,0.084791,-0.004317,0.996202,0.082526,-0.006658,-0.026963,0.758953,0.278034,0.513344,-0.288383,0.778350,0.310906,0.500208,-0.217486,0.987469,-0.151784,0.040705,0.014453,0.760082,-0.283054,0.535229,0.235978,0.827524,-0.202098,0.518733,0.072642
0.996951,-0.037201,-0.007261,0.068212,0.982241,0.170301,-0.022347,0.075506,0.923693,0.082669,0.158484,0.338880,0.943550,0.001731,0.009863,0.331078,0.991575,-0.019503,-0.105412,0.072714,0.997730,0.002339,0.037489,-0.055889,0.998215,0.020855,-0.002536,-0.055897,0.995931,-0.024289,0.086772,-0.001572,0.996566,0.078809,-0.006249,-0.024603,0.757938,0.276639,0.513520,-0.292060,0.777277,0.309600,0.500527,-0.222400,0.987487,-0.151527,0.039889,0.017861,0.760572,-0.284272,0.532248,0.239651,0.828575,-0.203831,0.515660,0.077532
0.996499,-0.038480,-0.005441,0.074026,0.980040,0.178049,-0.028802,0.083615,0.922598,0.086073,0.161264,0.339704,0.943187,0.005726,0.013215,0.331951,0.991336,-0.014659,-0.103743,0.079211,0.997619,0.007729,0.039781,-0.055807,0.998218,0.020298,-0.002533,-0.056049,0.995666,-0.026213,0.089196,0.002475,0.996938,0.075045,-0.006213,-0.021096,0.756800,0.275396,0.514054,-0.295229,0.775620,0.308614,0.501519,-0.227267,0.987424,-0.151319,0.039843,0.022549,0.760520,-0.285615,0.529637,0.243965,0.828976,-0.206045,0.513220,0.083362
0.995964,-0.039263,-0.004037,0.080611,0.977591,0.185616,-0.035635,0.092693,0.921356,0.089264,0.164149,0.340867,0.942656,0.011154,0.017089,0.333141,0.990987,-0.009949,-0.101952,0.086322,0.997472,0.012974,0.042268,-0.055629,0.998225,0.019742,-0.002432,-0.056129,0.995346,-0.028318,0.091831,0.007172,0.997292,0.071261,-0.006385,-0.017009,0.755618,0.274255,0.514728,-0.298129,0.773680,0.307810,0.502799,-0.232091,0.987302,-0.151135,0.040188,0.027874,0.760180,-0.287005,0.527213,0.248599,0.829025,-0.208487,0.511090,0.089659
0.995273,-0.039890,-0.003585,0.088478,0.974833,0.192606,-0.043627,0.103447,0.919370,0.090498,0.168051,0.343988,0.941742,0.024819,0.018702,0.334896,0.990445,-0.005640,-0.100194,0.094592,0.997305,0.017872,0.044731,-0.055344,0.998235,0.019262,-0.002482,-0.056115,0.994947,-0.030244,0.094889,0.012718,0.997616,0.067645,-0.006176,-0.012146,0.755292,0.271777,0.516009,-0.299007,0.772508,0.305225,0.504870,-0.234895,0.987132,-0.150910,0.040349,0.034195,0.758737,-0.289423,0.525162,0.254475,0.828648,-0.210750,0.509582,0.096193
0.994548,-0.040590,-0.003454,0.095997,0.972470,0.196978,-0.050990,0.113588,0.918963,0.091646,0.172442,0.342595,0.942374,0.033856,0.019637,0.332264,0.989836,-0.001442,-0.098557,0.102514,0.997117,0.022590,0.047111,-0.055031,0.998248,0.018657,-0.002493,-0.056090,0.994514,-0.031960,0.097921,0.018209,0.997896,0.064133,-0.006052,-0.007354,0.754973,0.269446,0.517188,-0.299884,0.771706,0.302213,0.506988,-0.236853,0.986913,-0.150864,0.039950,0.040573,0.756746,-0.292682,0.523098,0.260847,0.827888,-0.213838,0.508060,0.103683
0.993828,-0.041443,-0.003962,0.102829,0.971252,0.195987,-0.057375,0.122340,0.921892,0.092552,0.177469,0.331745,0.946494,0.033375,0.018804,0.320438,0.989186,0.002542,-0.097241,0.109764,0.996929,0.027021,0.049163,-0.054634,0.998268,0.017873,-0.002594,-0.055987,0.994059,-0.033229,0.100923,0.023599,0.998126,0.060825,-0.006055,-0.002710,0.754645,0.267386,0.518222,-0.300769,0.771619,0.298339,0.509282,-0.237130,0.986639,-0.151169,0.038410,0.047073,0.753681,-0.297665,0.520988,0.268202,0.826372,-0.218612,0.506490,0.113074
0.993194,-0.041410,-0.005177,0.108739,0.971144,0.189682,-0.064216,0.129522,0.926808,0.090635,0.188016,0.312188,0.953001,0.027995,0.022962,0.300795,0.988587,0.006195,-0.096065,0.115882,0.996740,0.031003,0.051035,-0.054247,0.998283,0.017365,-0.002647,-0.055884,0.993625,-0.034016,0.103499,0.028999,0.998316,0.057644,-0.006258,0.001969,0.754304,0.265529,0.519281,-0.301440,0.771833,0.294953,0.511027,-0.236914,0.986275,-0.151918,0.036237,0.053575,0.749834,-0.303863,0.518848,0.276067,0.824450,-0.224529,0.504880,0.122333
0.992593,-0.040935,-0.006747,0.114187,0.971491,0.180739,-0.071395,0.135796,0.932229,0.087919,0.200755,0.287954,0.960244,0.020480,0.029181,0.276877,0.988000,0.009667,-0.094954,0.121436,0.996544,0.034739,0.052830,-0.053867,0.998295,0.016972,-0.002662,-0.055787,0.993184,-0.034583,0.105857,0.034403,0.998469,0.054517,-0.006582,0.006662,0.753972,0.263782,0.520324,-0.302007,0.772209,0.291818,0.512471,-0.236448,0.985840,-0.152882,0.033730,0.060069,0.745540,-0.310679,0.516641,0.284130,0.822270,-0.231030,0.503199,0.131487
0.991909,-0.039154,-0.008818,0.120443,0.972045,0.170438,-0.077059,0.141922,0.933354,0.078923,0.220576,0.271970,0.963883,0.009190,0.041789,0.262867,0.987316,0.012510,-0.093827,0.127464,0.996365,0.037834,0.054572,-0.053367,0.998312,0.016837,-0.002435,-0.055527,0.992807,-0.034791,0.107130,0.040584,0.998563,0.051650,-0.007405,0.012258,0.754174,0.261892,0.521238,-0.301570,0.771871,0.289715,0.514016,-0.236787,0.985255,-0.154183,0.032334,0.066752,0.742492,-0.315851,0.514951,0.289430,0.820641,-0.236514,0.501692,0.137526
0.991219,-0.037200,-0.010818,0.126429,0.972476,0.160772,-0.081856,0.147454,0.932294,0.068742,0.241415,0.260425,0.965684,-0.001334,0.055548,0.253706,0.986621,0.015288,-0.092741,0.133205,0.996172,0.040845,0.056288,-0.052951,0.998320,0.016942,-0.002257,-0.055358,0.992432,-0.034883,0.108073,0.046723,0.998606,0.048992,-0.008126,0.017893,0.754627,0.259846,0.521955,-0.300966,0.771590,0.288159,0.515196,-0.237037,0.984632,-0.155426,0.031431,0.073183,0.740225,-0.319950,0.513434,0.293402,0.819541,-0.240375,0.500479,0.141753
0.990570,-0.034901,-0.012676,0.131883,0.972891,0.152310,-0.084716,0.152013,0.927426,0.054782,0.265061,0.258112,0.964265,-0.011278,0.072272,0.254643,0.985957,0.017977,-0.091758,0.138367,0.995969,0.043755,0.057906,-0.052706,0.998309,0.017595,-0.002224,-0.055364,0.992101,-0.034700,0.108376,0.052786,0.998590,0.046760,-0.008588,0.023621,0.755552,0.257457,0.522342,-0.300027,0.771396,0.287678,0.515722,-0.237108,0.983988,-0.156559,0.031551,0.079129,0.739583,-0.321910,0.512338,0.294791,0.819573,-0.240999,0.499941,0.142406
0.989917,-0.032627,-0.013857,0.137142,0.973449,0.144656,-0.084660,0.155900,0.920125,0.038379,0.287968,0.262625,0.960323,-0.023105,0.089343,0.263181,0.985269,0.020476,-0.090972,0.143352,0.995772,0.046500,0.059284,-0.052539,0.998288,0.018551,-0.002188,-0.055434,0.991777,-0.034168,0.108381,0.058857,0.998497,0.045395,-0.008612,0.029468,0.757183,0.254632,0.522248,-0.298486,0.772210,0.286011,0.515415,-0.237144,0.983332,-0.157545,0.032140,0.084884,0.739471,-0.323008,0.511538,0.295257,0.820131,-0.241211,0.499152,0.141597
0.989248,-0.030363,-0.014699,0.142301,0.974045,0.137376,-0.083174,0.159517,0.911182,0.020360,0.310370,0.270190,0.954744,-0.036192,0.106616,0.275295,0.984555,0.022880,-0.090284,0.148247,0.995575,0.049156,0.060551,-0.052412,0.998261,0.019650,-0.002139,-0.055539,0.991439,-0.033458,0.108229,0.064933,0.998349,0.044462,-0.008431,0.035377,0.759171,0.251593,0.521894,-0.296628,0.773535,0.283760,0.514671,-0.237147,0.982652,-0.158466,0.032946,0.090548,0.739630,-0.323698,0.510870,0.295259,0.820958,-0.241233,0.498216,0.140053
0.988442,-0.028693,-0.014649,0.148139,0.974871,0.129688,-0.078146,0.163405,0.900789,0.000022,0.329613,0.282727,0.946172,-0.056342,0.123351,0.293886,0.983657,0.024984,-0.090023,0.153920,0.995388,0.051656,0.061747,-0.052166,0.998258,0.019832,-0.002115,-0.055525,0.991083,-0.032615,0.108006,0.070886,0.998115,0.044763,-0.007409,0.041326,0.761900,0.247977,0.521169,-0.293936,0.776155,0.281100,0.512956,-0.235461,0.981893,-0.159665,0.034464,0.095948,0.739945,-0.323979,0.510376,0.295016,0.822313,-0.239446,0.497455,0.137858
0.987499,-0.027288,-0.014386,0.154575,0.975647,0.121006,-0.072669,0.167901,0.890181,-0.020778,0.347165,0.294317,0.936730,-0.077918,0.138688,0.311820,0.982616,0.026975,-0.089817,0.160225,0.995206,0.054055,0.063008,-0.051705,0.998268,0.019963,-0.002066,-0.055296,0.990681,-0.031691,0.107815,0.076961,0.997819,0.045506,-0.006320,0.047395,0.764441,0.244689,0.520658,-0.290985,0.778730,0.278877,0.511281,-0.233237,0.981076,-0.160893,0.036242,0.101437,0.740162,-0.324213,0.510041,0.294796,0.823237,-0.238586,0.496776,0.136275
0.986307,-0.026416,-0.013693,0.162212,0.976379,0.110382,-0.066252,0.173525,0.880079,-0.041939,0.361697,0.304759,0.926566,-0.101859,0.151408,0.328900,0.981310,0.028746,-0.089720,0.167793,0.995041,0.056270,0.064377,-0.050812,0.998304,0.020014,-0.001994,-0.054634,0.990216,-0.030608,0.107704,0.083278,0.997431,0.047141,-0.005062,0.053696,0.766600,0.242039,0.520626,-0.287559,0.781193,0.277500,0.509742,-0.229987,0.980176,-0.162165,0.038577,0.107097,0.740168,-0.324318,0.510060,0.294634,0.823296,-0.239555,0.496308,0.135923
0.984800,-0.025254,-0.012031,0.171426,0.977033,0.095896,-0.060073,0.180561,0.872472,-0.063130,0.371194,0.311485,0.917429,-0.124227,0.162020,0.341528,0.979676,0.030008,-0.089843,0.176815,0.994870,0.058233,0.065708,-0.050254,0.998314,0.020482,-0.001915,-0.054286,0.989655,-0.029756,0.107820,0.089842,0.996971,0.049107,-0.003915,0.060187,0.768021,0.239957,0.521830,-0.283298,0.783086,0.276537,0.509348,-0.225541,0.979159,-0.163576,0.041516,0.112992,0.739472,-0.324699,0.510628,0.294975,0.823072,-0.240003,0.496471,0.135897
0.983065,-0.023944,-0.009883,0.181416,0.977360,0.079414,-0.054217,0.188470,0.865924,-0.084379,0.377973,0.316533,0.908560,-0.145850,0.171424,0.351938,0.977815,0.031059,-0.090089,0.186541,0.994689,0.060113,0.067030,-0.049863,0.998309,0.021202,-0.001823,-0.054102,0.989023,-0.029010,0.108054,0.096525,0.996448,0.051242,-0.002808,0.066766,0.769049,0.238156,0.523656,-0.278621,0.784663,0.275784,0.509535,-0.220500,0.978051,-0.165076,0.044747,0.119010,0.738419,-0.325255,0.511461,0.295557,0.822705,-0.240228,0.496935,0.136023
0.980721,-0.022823,-0.006937,0.193952,0.977215,0.055514,-0.049453,0.198803,0.866185,-0.103880,0.376171,0.312134,0.904050,-0.167739,0.176253,0.351413,0.975363,0.031430,-0.090484,0.198724,0.994514,0.061549,0.068739,-0.049274,0.998341,0.020691,-0.001592,-0.053706,0.988256,-0.028159,0.108051,0.104319,0.995768,0.053998,-0.002458,0.074331,0.769150,0.237474,0.527022,-0.272511,0.784676,0.275190,0.512737,-0.213670,0.976818,-0.166124,0.048763,0.125906,0.736527,-0.325761,0.513193,0.296716,0.821543,-0.240532,0.498653,0.136221
0.978157,-0.021778,-0.003924,0.206685,0.976289,0.029823,-0.045119,0.209606,0.868375,-0.122696,0.370851,0.305516,0.900629,-0.189744,0.178497,0.347856,0.972680,0.031648,-0.091323,0.211074,0.994336,0.062941,0.070670,-0.048368,0.998390,0.020201,-0.001270,-0.052997,0.987398,-0.027490,0.108189,0.112183,0.995025,0.056679,-0.002337,0.081899,0.769007,0.236850,0.530860,-0.265927,0.784218,0.274139,0.516867,-0.206636,0.975503,-0.167141,0.052800,0.132927,0.734290,-0.326519,0.515079,0.298158,0.819890,-0.241333,0.500782,0.136957
0.975312,-0.020886,-0.000778,0.219839,0.974389,0.000658,-0.041191,0.221063,0.874653,-0.140132,0.358867,0.294211,0.899820,-0.211979,0.175956,0.338272,0.969674,0.031495,-0.093028,0.223800,0.994160,0.064192,0.073025,-0.046823,0.998471,0.019702,-0.000790,-0.051651,0.986417,-0.027209,0.108590,0.120207,0.994222,0.059200,-0.002712,0.089502,0.768432,0.236344,0.535624,-0.258382,0.782892,0.272147,0.522826,-0.199171,0.974100,-0.168054,0.056892,0.140184,0.731380,-0.327696,0.517281,0.300198,0.817258,-0.243035,0.503746,0.138792
0.972458,-0.020286,0.002894,0.232175,0.971627,-0.028129,-0.035133,0.232197,0.882446,-0.155282,0.340938,0.284497,0.899550,-0.232334,0.169567,0.328750,0.966576,0.030826,-0.096146,0.235661,0.993883,0.065543,0.076300,-0.045594,0.998519,0.019748,-0.000455,-0.050701,0.985409,-0.027067,0.109029,0.127868,0.993383,0.061837,-0.003205,0.096726,0.767881,0.235589,0.540702,-0.249996,0.781326,0.269982,0.529507,-0.190427,0.972695,-0.168890,0.060741,0.147140,0.728022,-0.329240,0.519671,0.302533,0.814804,-0.243788,0.506877,0.140491
0.969527,-0.019829,0.006828,0.244083,0.967827,-0.056769,-0.028336,0.243485,0.890413,-0.170068,0.319017,0.276531,0.899072,-0.252227,0.160293,0.319935,0.963368,0.030021,-0.099994,0.247025,0.993531,0.067123,0.080052,-0.044520,0.998546,0.020246,-0.000174,-0.049968,0.984361,-0.026985,0.109489,0.135339,0.992499,0.064551,-0.003736,0.103751,0.767277,0.234673,0.545935,-0.241183,0.779567,0.267666,0.536524,-0.181032,0.971261,-0.169704,0.064466,0.153939,0.724424,-0.330985,0.522146,0.304996,0.812430,-0.244095,0.510083,0.142093
0.966675,-0.021226,0.010424,0.254912,0.963828,-0.076931,-0.018002,0.254546,0.897178,-0.177574,0.294039,0.277633,0.898487,-0.263715,0.147728,0.318358,0.960395,0.031076,-0.100783,0.257910,0.993508,0.069054,0.079335,-0.043354,0.998576,0.021239,-0.000284,-0.048933,0.983207,-0.026990,0.110226,0.142922,0.991524,0.067713,-0.004308,0.110801,0.766868,0.233427,0.551311,-0.231260,0.778739,0.263996,0.543180,-0.169785,0.969795,-0.170138,0.068281,0.160898,0.721024,-0.332338,0.524462,0.307597,0.808968,-0.246257,0.513817,0.144639
0.963826,-0.023112,0.013403,0.265189,0.959676,-0.092467,-0.008733,0.265323,0.901941,-0.182790,0.270466,0.282734,0.897090,-0.272213,0.135749,0.320470,0.957445,0.032878,-0.100734,0.268461,0.993529,0.071303,0.077653,-0.042250,0.998599,0.022482,-0.000216,-0.047899,0.982028,-0.027183,0.110920,0.150260,0.990509,0.070903,-0.004813,0.117651,0.766561,0.231880,0.556514,-0.221153,0.777992,0.260292,0.549527,-0.158105,0.968306,-0.170630,0.071885,0.167634,0.717539,-0.333890,0.526603,0.310393,0.805712,-0.248122,0.517249,0.147365
0.961144,-0.025980,0.015152,0.274405,0.956376,-0.098645,-0.000902,0.274977,0.904003,-0.182179,0.251441,0.293882,0.894986,-0.273932,0.126599,0.328532,0.954673,0.035998,-0.099006,0.278391,0.993653,0.073991,0.073970,-0.041314,0.998611,0.024023,0.000134,-0.046884,0.980867,-0.027783,0.111510,0.157142,0.989480,0.074094,-0.005238,0.124141,0.766606,0.229791,0.561362,-0.210675,0.777540,0.256606,0.555328,-0.145588,0.966849,-0.171202,0.075056,0.173953,0.713921,-0.335789,0.528393,0.313630,0.802914,-0.249338,0.520104,0.150504
0.959051,-0.028474,0.014263,0.281437,0.954724,-0.094787,0.001403,0.281984,0.901656,-0.179027,0.246433,0.306979,0.894315,-0.266999,0.113094,0.340767,0.952291,0.039445,-0.098298,0.286224,0.993590,0.077267,0.072002,-0.040317,0.998608,0.025905,0.000692,-0.045930,0.979736,-0.029075,0.111671,0.163713,0.988418,0.077265,-0.005863,0.130484,0.767105,0.227381,0.565545,-0.200018,0.777458,0.253268,0.559923,-0.133798,0.965429,-0.171915,0.077621,0.179907,0.710647,-0.337863,0.529513,0.316931,0.800381,-0.251218,0.522136,0.153799
0.957247,-0.030779,0.012055,0.287377,0.953855,-0.085886,0.001078,0.287719,0.897047,-0.174820,0.248359,0.321033,0.894062,-0.255404,0.097467,0.354854,0.950092,0.043029,-0.098073,0.293011,0.993427,0.080802,0.070928,-0.039288,0.998596,0.027922,0.001389,-0.044997,0.978597,-0.030742,0.111620,0.170126,0.987314,0.080401,-0.006556,0.136764,0.767778,0.224744,0.569370,-0.189275,0.777512,0.250040,0.563896,-0.122378,0.964005,-0.172742,0.079889,0.185666,0.707524,-0.340051,0.530308,0.320232,0.797960,-0.253465,0.523757,0.157140
0.955610,-0.030232,0.011620,0.292847,0.952442,-0.083460,-0.006523,0.292996,0.896335,-0.176655,0.249669,0.321002,0.909117,-0.198864,0.108718,0.349485,0.948091,0.045016,-0.100103,0.298457,0.993257,0.083720,0.070370,-0.038470,0.998602,0.028824,0.002123,-0.044254,0.977568,-0.032350,0.110685,0.176245,0.986091,0.084442,-0.007199,0.142977,0.768958,0.223036,0.571557,-0.179670,0.778273,0.246925,0.566620,-0.110726,0.962884,-0.172845,0.080280,0.191141,0.703609,-0.343352,0.530407,0.325133,0.795804,-0.255357,0.524584,0.162178
0.953932,-0.029806,0.011054,0.298335,0.950873,-0.081904,-0.010904,0.298350,0.896346,-0.176910,0.247941,0.322169,0.918542,-0.152998,0.113742,0.346315,0.946018,0.047011,-0.102266,0.303945,0.993079,0.086693,0.069761,-0.037566,0.998617,0.029514,0.002949,-0.043404,0.976547,-0.034086,0.109578,0.182173,0.984825,0.088519,-0.007804,0.149073,0.770311,0.221213,0.573381,-0.170061,0.779173,0.243767,0.568808,-0.099620,0.961816,-0.172871,0.080225,0.196441,0.699765,-0.346779,0.530231,0.330043,0.793493,-0.258051,0.525103,0.167469
0.952200,-0.029622,0.010227,0.303864,0.949103,-0.082249,-0.008886,0.303907,0.897736,-0.174225,0.240082,0.325694,0.922294,-0.130159,0.106773,0.347896,0.943835,0.049000,-0.104707,0.309534,0.992900,0.089751,0.069003,-0.036496,0.998652,0.029759,0.003915,-0.042347,0.975582,-0.036086,0.108152,0.187726,0.983536,0.092654,-0.008370,0.154927,0.772098,0.219207,0.574510,-0.160471,0.780495,0.240588,0.570008,-0.089642,0.960891,-0.172721,0.079293,0.201418,0.696089,-0.350447,0.529538,0.335016,0.790891,-0.262329,0.525013,0.173309
0.950853,-0.028578,0.008990,0.308191,0.947681,-0.082690,-0.007083,0.308242,0.899793,-0.171137,0.232098,0.327437,0.925210,-0.113002,0.099488,0.348308,0.942044,0.050914,-0.107356,0.313744,0.992717,0.092774,0.068064,-0.035670,0.998640,0.031168,0.004699,-0.041525,0.974780,-0.037978,0.106374,0.192474,0.982294,0.096837,-0.008454,0.160153,0.774035,0.217249,0.575054,-0.151610,0.782090,0.237820,0.570423,-0.079969,0.960217,-0.172158,0.078060,0.205552,0.693473,-0.353206,0.528527,0.339117,0.789448,-0.264680,0.524625,0.177441
0.949694,-0.027104,0.007549,0.311914,0.946427,-0.083189,-0.005399,0.311972,0.902146,-0.167883,0.224018,0.328273,0.927674,-0.098733,0.091983,0.348155,0.940445,0.052792,-0.110112,0.317256,0.992526,0.095788,0.067037,-0.034967,0.998601,0.033168,0.005395,-0.040818,0.974054,-0.039814,0.104399,0.196812,0.981061,0.101031,-0.008293,0.165054,0.776024,0.215339,0.575270,-0.143109,0.783788,0.235280,0.570401,-0.070445,0.959666,-0.171388,0.076669,0.209260,0.691391,-0.355513,0.527348,0.342773,0.788595,-0.266072,0.524085,0.180713
0.949471,-0.024627,0.005597,0.312838,0.946096,-0.083498,-0.003458,0.312918,0.904212,-0.164472,0.216190,0.329563,0.928998,-0.089938,0.085522,0.348654,0.939761,0.054804,-0.113293,0.317820,0.992332,0.098891,0.065654,-0.034445,0.998553,0.035151,0.006111,-0.040247,0.973699,-0.041523,0.102101,0.199402,0.980115,0.104539,-0.006652,0.168531,0.778386,0.211693,0.575543,-0.134355,0.785702,0.232806,0.569875,-0.060961,0.959564,-0.170302,0.074860,0.211260,0.691045,-0.356476,0.525608,0.345135,0.788638,-0.265628,0.523316,0.183390
0.949527,-0.022113,0.003686,0.312882,0.946034,-0.083894,-0.001266,0.313018,0.906279,-0.160974,0.208360,0.330652,0.930141,-0.082217,0.078921,0.349071,0.939323,0.056839,-0.116766,0.317503,0.992122,0.102034,0.064363,-0.033763,0.998501,0.037252,0.006590,-0.039552,0.973503,-0.043011,0.099508,0.201348,0.979264,0.107808,-0.004612,0.171460,0.780650,0.207852,0.575805,-0.125825,0.787531,0.230045,0.569418,-0.051360,0.959628,-0.169158,0.072740,0.212622,0.691127,-0.357210,0.523467,0.347457,0.788908,-0.265596,0.521859,0.186404
0.950151,-0.019524,0.001857,0.311172,0.946515,-0.084442,0.001447,0.311410,0.908424,-0.157281,0.200562,0.331365,0.931112,-0.076634,0.072053,0.349237,0.939380,0.058907,-0.120823,0.315432,0.991894,0.105231,0.063236,-0.032763,0.998449,0.039564,0.006578,-0.038626,0.973631,-0.044055,0.096364,0.202031,0.978630,0.110631,-0.001777,0.173325,0.782773,0.203567,0.576160,-0.117756,0.789256,0.226645,0.569195,-0.041534,0.960029,-0.167894,0.070017,0.212729,0.692054,-0.357486,0.520539,0.349720,0.789621,-0.266390,0.519033,0.190104
0.950891,-0.016856,0.000212,0.309067,0.947127,-0.084810,0.003692,0.309427,0.910585,-0.153683,0.193219,0.331487,0.932052,-0.072676,0.064828,0.348991,0.939498,0.060697,-0.125575,0.312873,0.991572,0.108558,0.062979,-0.032150,0.998313,0.043246,0.005954,-0.038290,0.973907,-0.044940,0.093378,0.201906,0.978196,0.112724,0.001897,0.174422,0.784542,0.198525,0.577060,-0.109925,0.790931,0.222316,0.569199,-0.031862,0.960507,-0.166978,0.067640,0.212062,0.694409,-0.356692,0.517056,0.351026,0.790737,-0.267942,0.515114,0.193907
0.951680,-0.014149,-0.001340,0.306762,0.947796,-0.085078,0.005710,0.307266,0.912722,-0.150139,0.186096,0.331307,0.932953,-0.069540,0.057422,0.348518,0.939634,0.062335,-0.130668,0.310044,0.991200,0.111929,0.063147,-0.031733,0.998121,0.047595,0.005016,-0.038258,0.974254,-0.045749,0.090470,0.201372,0.977857,0.114451,0.005990,0.175104,0.786085,0.193176,0.578197,-0.102186,0.792512,0.217603,0.569280,-0.022231,0.961021,-0.166238,0.065434,0.211003,0.697468,-0.355362,0.513284,0.351846,0.792047,-0.269894,0.510613,0.197718
0.952439,-0.011498,-0.002426,0.304501,0.948478,-0.085046,0.006737,0.305141,0.914805,-0.146917,0.179608,0.330589,0.933859,-0.067565,0.049830,0.347649,0.939793,0.064520,-0.134841,0.307318,0.990899,0.115359,0.061833,-0.031447,0.997941,0.051306,0.003188,-0.038355,0.974703,-0.046523,0.088024,0.200102,0.977780,0.114986,0.010410,0.174976,0.786649,0.188091,0.580073,-0.096543,0.793065,0.212368,0.570740,-0.014264,0.961520,-0.166152,0.063835,0.209280,0.701081,-0.353586,0.509562,0.351865,0.794618,-0.270934,0.504987,0.200413
0.953220,-0.008807,-0.003543,0.302129,0.949190,-0.084994,0.007557,0.302915,0.916697,-0.143900,0.173333,0.330024,0.934663,-0.065096,0.042691,0.346908,0.940007,0.066905,-0.138519,0.304506,0.990609,0.118780,0.059991,-0.031416,0.997724,0.055208,0.001026,-0.038709,0.975166,-0.047210,0.085720,0.198683,0.977772,0.115106,0.014743,0.174628,0.786609,0.183436,0.582375,-0.091853,0.793039,0.206941,0.572899,-0.007131,0.962005,-0.166208,0.062384,0.207435,0.704660,-0.351806,0.506003,0.351636,0.797451,-0.270929,0.499887,0.201946
0.954053,-0.006036,-0.004725,0.299540,0.949970,-0.084915,0.007953,0.300470,0.918273,-0.141273,0.167504,0.329788,0.935320,-0.061607,0.036465,0.346483,0.940352,0.069708,-0.141214,0.301559,0.990345,0.122219,0.057115,-0.031888,0.997441,0.059528,-0.001781,-0.039559,0.975663,-0.047721,0.083699,0.196975,0.977913,0.114399,0.018903,0.173899,0.785447,0.179509,0.585583,-0.089118,0.791979,0.200990,0.576514,-0.001716,0.962468,-0.166543,0.061231,0.205351,0.708195,-0.350013,0.502796,0.350923,0.800828,-0.268800,0.495911,0.201231
0.954970,-0.003502,-0.006118,0.296619,0.950887,-0.084561,0.007897,0.297659,0.919339,-0.139012,0.162610,0.330226,0.935739,-0.056175,0.031186,0.346792,0.940810,0.072922,-0.143079,0.298475,0.990093,0.125654,0.053579,-0.032495,0.997096,0.064326,-0.004731,-0.040478,0.976283,-0.048090,0.081761,0.194611,0.978245,0.112873,0.023119,0.172518,0.783469,0.175748,0.589576,-0.087687,0.789894,0.195154,0.581361,0.001414,0.963059,-0.166839,0.060105,0.202657,0.711568,-0.348216,0.500308,0.349441,0.803096,-0.268974,0.492442,0.200477
0.955919,-0.001085,-0.007616,0.293530,0.951866,-0.084065,0.007620,0.294663,0.920146,-0.136926,0.158187,0.330999,0.935991,-0.049762,0.026392,0.347488,0.941310,0.076342,-0.144536,0.295325,0.989831,0.129091,0.049700,-0.033180,0.996700,0.069366,-0.007767,-0.041431,0.976959,-0.048390,0.079873,0.191912,0.978656,0.110950,0.027376,0.170803,0.781042,0.172087,0.593975,-0.086914,0.787244,0.189394,0.586826,0.003405,0.963707,-0.167115,0.059001,0.199651,0.714849,-0.346418,0.498179,0.347567,0.804808,-0.270314,0.489228,0.199675
0.957116,0.000980,-0.008874,0.289568,0.953149,-0.083389,0.006236,0.290713,0.920451,-0.135635,0.155029,0.332174,0.935994,-0.042167,0.022937,0.348727,0.941981,0.079424,-0.146572,0.291342,0.989581,0.132263,0.046005,-0.033471,0.996284,0.074686,-0.009732,-0.041769,0.977765,-0.048143,0.078140,0.188553,0.979306,0.107836,0.031194,0.168401,0.777795,0.168711,0.599035,-0.087910,0.783765,0.181087,0.594069,0.001535,0.964498,-0.167170,0.058023,0.196040,0.718132,-0.344342,0.497077,0.344425,0.806492,-0.269655,0.487529,0.197919
0.958380,0.002950,-0.010039,0.285304,0.954525,-0.082569,0.004568,0.286431,0.920618,-0.134488,0.152266,0.333451,0.935853,-0.034588,0.019790,0.350129,0.942672,0.082358,-0.148953,0.287055,0.989297,0.135426,0.042516,-0.033814,0.995825,0.080300,-0.010927,-0.042014,0.978577,-0.047883,0.076556,0.185022,0.980006,0.104320,0.034822,0.165809,0.774521,0.165247,0.604022,-0.089263,0.779927,0.173007,0.601482,-0.001173,0.965281,-0.167300,0.057189,0.192282,0.721283,-0.342290,0.496150,0.341210,0.808217,-0.268710,0.486042,0.195813
0.959796,0.004731,-0.011016,0.280444,0.956097,-0.081469,0.002315,0.281490,0.920527,-0.133645,0.150279,0.334941,0.935517,-0.027054,0.017233,0.351822,0.943427,0.084993,-0.152012,0.282159,0.988974,0.138567,0.039468,-0.034241,0.995307,0.086499,-0.010552,-0.042075,0.979416,-0.047587,0.075258,0.181153,0.980836,0.099974,0.038049,0.162846,0.771268,0.161580,0.608848,-0.091332,0.775489,0.165366,0.609294,-0.005618,0.966062,-0.167581,0.056631,0.188239,0.724193,-0.340285,0.495577,0.337867,0.810035,-0.267172,0.484973,0.193036
0.961275,0.006644,-0.012772,0.275216,0.957764,-0.080076,0.000302,0.276179,0.920639,-0.132423,0.148469,0.335924,0.935276,-0.022382,0.014510,0.352911,0.944235,0.087463,-0.155200,0.276918,0.988684,0.141423,0.036559,-0.034171,0.994529,0.095546,-0.008796,-0.041307,0.980289,-0.047375,0.074212,0.176869,0.981752,0.095461,0.040579,0.159382,0.767783,0.159512,0.613089,-0.095846,0.771562,0.158689,0.615922,-0.012249,0.966859,-0.168000,0.056169,0.183859,0.726692,-0.338535,0.495279,0.334681,0.811694,-0.265989,0.484120,0.189818
0.962763,0.008622,-0.014917,0.269797,0.959460,-0.078534,-0.001589,0.270679,0.920852,-0.131015,0.146737,0.336653,0.935093,-0.019146,0.011691,0.353692,0.945043,0.089847,-0.158454,0.271501,0.988407,0.144117,0.033697,-0.033853,0.993537,0.105985,-0.006360,-0.040136,0.981167,-0.047199,0.073302,0.172368,0.982689,0.090883,0.042789,0.155665,0.764140,0.158285,0.617024,-0.101575,0.767805,0.152532,0.621943,-0.019936,0.967654,-0.168483,0.055768,0.179302,0.728978,-0.336904,0.495125,0.331569,0.813261,-0.264975,0.483385,0.186373
0.964234,0.011434,-0.017331,0.264236,0.961165,-0.076735,-0.003563,0.265067,0.921250,-0.129331,0.144902,0.337008,0.935103,-0.018143,0.010578,0.353752,0.945810,0.091191,-0.163259,0.265468,0.988271,0.145913,0.032057,-0.031641,0.991502,0.124726,-0.002566,-0.036899,0.982106,-0.047520,0.072698,0.167107,0.983761,0.086417,0.043985,0.151035,0.760313,0.159826,0.619737,-0.110927,0.763758,0.153342,0.626184,-0.032456,0.968525,-0.169061,0.055365,0.174105,0.730285,-0.335898,0.495742,0.328780,0.815743,-0.260172,0.483693,0.181427
0.965726,0.013931,-0.019945,0.258420,0.962905,-0.074902,-0.005563,0.259176,0.921620,-0.127667,0.143106,0.337400,0.935109,-0.017052,0.009870,0.353813,0.946244,0.092199,-0.170256,0.259104,0.988297,0.147028,0.031764,-0.025358,0.989012,0.144803,0.002748,-0.029664,0.983057,-0.047723,0.072336,0.161521,0.984824,0.082209,0.045192,0.146021,0.756571,0.161948,0.621923,-0.120767,0.759839,0.154999,0.629699,-0.045803,0.969447,-0.169418,0.054917,0.168682,0.731487,-0.334806,0.496625,0.325877,0.817460,-0.256613,0.484394,0.176839
0.967299,0.015801,-0.022956,0.252102,0.964746,-0.072996,-0.007635,0.252742,0.921936,-0.126028,0.141386,0.337878,0.935104,-0.015764,0.009971,0.353882,0.945999,0.092506,-0.181638,0.252065,0.988587,0.146316,0.034139,-0.011040,0.985778,0.167028,0.011369,-0.014605,0.984053,-0.047691,0.072419,0.155309,0.985909,0.078494,0.046352,0.140264,0.753102,0.165122,0.623103,-0.131586,0.756343,0.158250,0.631824,-0.060828,0.970494,-0.169340,0.054334,0.162827,0.732499,-0.333564,0.498004,0.322757,0.817705,-0.255552,0.485919,0.173018
0.968960,0.016876,-0.026939,0.245166,0.966684,-0.071218,-0.009355,0.245686,0.922210,-0.124501,0.140076,0.338241,0.935113,-0.014666,0.009849,0.353910,0.945248,0.093180,-0.194790,0.244705,0.988824,0.144171,0.037265,0.007239,0.980572,0.194681,0.023693,0.004018,0.985113,-0.047208,0.072638,0.148485,0.987006,0.075210,0.047401,0.133850,0.750666,0.168491,0.622759,-0.142415,0.753205,0.162995,0.632707,-0.076136,0.971615,-0.169121,0.053795,0.156422,0.733746,-0.331955,0.499389,0.319427,0.818160,-0.253426,0.487511,0.169477
0.970620,0.017553,-0.031405,0.237911,0.968638,-0.069475,-0.010911,0.238316,0.922466,-0.123012,0.138943,0.338554,0.935125,-0.013643,0.009589,0.353924,0.944096,0.093946,-0.208817,0.237176,0.988905,0.140267,0.040623,0.027220,0.973642,0.223561,0.038620,0.023452,0.986175,-0.046461,0.072926,0.141357,0.988072,0.072187,0.048424,0.127114,0.748675,0.171951,0.621646,-0.153213,0.750112,0.168506,0.632899,-0.091524,0.972750,-0.168804,0.053281,0.149743,0.735106,-0.330135,0.500769,0.316006,0.818718,-0.250738,0.489126,0.166092
0.972587,0.018387,-0.035899,0.229017,0.970954,-0.067121,-0.012299,0.229330,0.922649,-0.121197,0.138741,0.338794,0.935181,-0.012950,0.009772,0.353797,0.943804,0.097842,-0.217100,0.229193,0.988697,0.138878,0.038434,0.041391,0.966451,0.248409,0.053750,0.037111,0.987109,-0.045944,0.073133,0.134748,0.989030,0.069848,0.048567,0.120757,0.748151,0.175318,0.618895,-0.162796,0.749347,0.174074,0.630384,-0.103896,0.973656,-0.168993,0.053740,0.143342,0.737075,-0.327680,0.501858,0.312225,0.819696,-0.247744,0.490361,0.162072
0.974666,0.018423,-0.039906,0.219302,0.973448,-0.063600,-0.014653,0.219407,0.922626,-0.119378,0.140074,0.338952,0.935229,-0.012176,0.009829,0.353697,0.943866,0.101427,-0.223706,0.220872,0.988444,0.138900,0.035304,0.049380,0.960645,0.265086,0.070023,0.044580,0.987933,-0.045594,0.073325,0.128579,0.989902,0.067770,0.048276,0.114763,0.747964,0.178710,0.615689,-0.171870,0.749301,0.179426,0.627043,-0.114770,0.974431,-0.169255,0.054799,0.137239,0.739275,-0.324786,0.503021,0.308150,0.820844,-0.244747,0.491348,0.157768
0.977048,0.016863,-0.042944,0.207965,0.976306,-0.057850,-0.019012,0.207652,0.922161,-0.117710,0.144397,0.338988,0.935240,-0.011395,0.009563,0.353702,0.944830,0.104531,-0.226950,0.211811,0.988238,0.142818,0.030662,0.045252,0.958603,0.267709,0.087714,0.041458,0.988591,-0.045643,0.073477,0.123310,0.990666,0.066139,0.047061,0.109507,0.748590,0.182143,0.611596,-0.179966,0.750921,0.184305,0.622164,-0.122722,0.974980,-0.169713,0.057039,0.131748,0.741939,-0.321077,0.504326,0.303467,0.822343,-0.241817,0.491840,0.152870
0.978113,0.015129,-0.046683,0.202206,0.977745,-0.053335,-0.023211,0.201572,0.921842,-0.116696,0.147076,0.339054,0.935220,-0.010876,0.008980,0.353787,0.943726,0.092242,-0.243698,0.203676,0.988652,0.137658,0.048462,0.035611,0.959438,0.263469,0.095951,0.029276,0.989043,-0.045084,0.073949,0.119557,0.991271,0.065010,0.044937,0.105526,0.749997,0.184934,0.607330,-0.185621,0.753186,0.189445,0.616739,-0.128273,0.975394,-0.169505,0.059607,0.127758,0.744106,-0.317286,0.505993,0.299344,0.823570,-0.239147,0.492468,0.148381
0.978544,0.013308,-0.050775,0.199242,0.978502,-0.049424,-0.027307,0.198358,0.921589,-0.115983,0.148975,0.339157,0.935178,-0.010459,0.008281,0.353928,0.940966,0.072295,-0.266899,0.195246,0.988227,0.130100,0.077410,0.022134,0.961149,0.257295,0.099257,0.011839,0.989391,-0.044198,0.074568,0.116582,0.991791,0.064143,0.042351,0.102193,0.751788,0.187409,0.602975,-0.190039,0.755764,0.194705,0.611008,-0.132590,0.975738,-0.168937,0.062322,0.124542,0.746016,-0.313453,0.507814,0.295519,0.824653,-0.236607,0.493148,0.144116
0.978434,0.013726,-0.054100,0.198878,0.978611,-0.048119,-0.028427,0.197980,0.922038,-0.114551,0.146804,0.339371,0.935242,-0.010483,0.008116,0.353761,0.941435,0.036561,-0.280217,0.183960,0.986216,0.122254,0.109966,-0.018448,0.962746,0.249892,0.098042,-0.032578,0.989653,-0.042975,0.074737,0.114696,0.992188,0.063702,0.039057,0.099902,0.754734,0.188814,0.598289,-0.191772,0.759452,0.199568,0.604683,-0.133280,0.976026,-0.167987,0.064813,0.122279,0.746741,-0.310376,0.510594,0.292128,0.824728,-0.232965,0.495939,0.139986
0.978207,0.014131,-0.057264,0.199080,0.978600,-0.047006,-0.029213,0.198190,0.922514,-0.113000,0.144286,0.339678,0.935288,-0.010653,0.008088,0.353634,0.941785,-0.001561,-0.288522,0.172610,0.981053,0.118456,0.139534,-0.063518,0.961737,0.243782,0.095444,-0.080767,0.989894,-0.041668,0.074819,0.113026,0.992533,0.063531,0.035736,0.097805,0.757851,0.190129,0.593512,-0.193021,0.763316,0.203890,0.598363,-0.133192,0.976321,-0.166919,0.066805,0.120302,0.746618,-0.308093,0.513664,0.289465,0.824316,-0.229588,0.499206,0.136331
0.977757,0.014510,-0.060105,0.200418,0.978350,-0.046284,-0.029327,0.199572,0.923045,-0.111217,0.141084,0.340167,0.935301,-0.011118,0.008338,0.353579,0.942846,-0.044696,-0.287383,0.162650,0.972676,0.116042,0.164000,-0.116359,0.957827,0.236235,0.091109,-0.135864,0.990104,-0.040214,0.074724,0.111776,0.992791,0.063899,0.032346,0.096104,0.761346,0.191275,0.588561,-0.193293,0.767573,0.207170,0.592113,-0.131581,0.976643,-0.165650,0.067802,0.118878,0.744838,-0.307416,0.517325,0.288249,0.822973,-0.226763,0.503433,0.133604
0.977568,0.013926,-0.062207,0.200740,0.978341,-0.044531,-0.030267,0.199873,0.923361,-0.109492,0.139413,0.340558,0.935319,-0.011420,0.008777,0.353512,0.943339,-0.085140,-0.281022,0.154564,0.962538,0.114645,0.181459,-0.165680,0.954563,0.215061,0.090613,-0.185333,0.990312,-0.038670,0.074536,0.110596,0.993001,0.064578,0.029156,0.094490,0.764850,0.192278,0.583761,-0.193021,0.771979,0.210187,0.585765,-0.129417,0.976994,-0.164361,0.068000,0.117659,0.741876,-0.307986,0.521395,0.287943,0.820508,-0.225656,0.508389,0.131856
0.977509,0.012861,-0.063940,0.200554,0.978446,-0.042261,-0.031622,0.199644,0.923566,-0.107799,0.138502,0.340914,0.935333,-0.011640,0.009309,0.353454,0.942711,-0.124280,-0.271980,0.147912,0.951021,0.113833,0.193612,-0.212403,0.950311,0.187256,0.092139,-0.230986,0.990517,-0.037082,0.074293,0.109457,0.993181,0.065410,0.026060,0.092920,0.768350,0.193209,0.579016,-0.192482,0.776438,0.213053,0.579337,-0.126968,0.977360,-0.163063,0.067790,0.116546,0.738314,-0.309200,0.525638,0.288086,0.817476,-0.225434,0.513674,0.130581
0.978126,0.010827,-0.064184,0.197566,0.979141,-0.038515,-0.034037,0.196572,0.923399,-0.106187,0.139724,0.341374,0.935265,-0.011681,0.009983,0.353614,0.941703,-0.154918,-0.263067,0.141392,0.942023,0.110296,0.198177,-0.247294,0.948537,0.145354,0.101725,-0.262299,0.990725,-0.035432,0.074213,0.108172,0.993309,0.066877,0.023423,0.091194,0.771675,0.194465,0.574342,-0.191918,0.780220,0.216877,0.573201,-0.125151,0.977743,-0.161798,0.067218,0.115421,0.734434,-0.310846,0.529979,0.288278,0.814117,-0.226440,0.518417,0.131084
0.978821,0.009010,-0.064317,0.194145,0.979893,-0.035079,-0.035749,0.193134,0.923304,-0.104326,0.140427,0.341915,0.935184,-0.011905,0.010372,0.353811,0.939878,-0.182177,-0.255324,0.135097,0.934402,0.104995,0.199293,-0.275955,0.945689,0.105730,0.110052,-0.287022,0.990960,-0.033688,0.074019,0.106697,0.993415,0.068570,0.021073,0.089333,0.774925,0.195640,0.569827,-0.191086,0.783840,0.220640,0.567168,-0.123424,0.978134,-0.160674,0.066421,0.114127,0.730823,-0.312542,0.533866,0.288448,0.810979,-0.227075,0.522970,0.131348
0.979679,0.007628,-0.064228,0.189858,0.980806,-0.032241,-0.036017,0.188900,0.923386,-0.101890,0.140150,0.342541,0.935111,-0.012430,0.010243,0.353989,0.937963,-0.202742,-0.250179,0.128575,0.930573,0.095204,0.196717,-0.293723,0.944120,0.069311,0.115420,-0.300852,0.991253,-0.031757,0.073604,0.104839,0.993489,0.070723,0.019300,0.087210,0.778055,0.196661,0.565661,-0.189693,0.787180,0.224324,0.561400,-0.121886,0.978545,-0.159832,0.065183,0.112495,0.727784,-0.314311,0.536901,0.288578,0.808310,-0.226948,0.527192,0.131146
0.980662,0.006835,-0.064067,0.184801,0.981856,-0.030213,-0.034850,0.183934,0.923678,-0.098984,0.138739,0.343179,0.935068,-0.012674,0.009423,0.354117,0.936440,-0.216361,-0.247951,0.121610,0.930752,0.080958,0.190959,-0.301134,0.944768,0.038548,0.112704,-0.305328,0.991616,-0.029794,0.073012,0.102370,0.993542,0.073400,0.018134,0.084606,0.780603,0.198281,0.561877,-0.188780,0.790378,0.227587,0.555928,-0.120214,0.978975,-0.159293,0.063888,0.110236,0.725655,-0.315645,0.539166,0.288259,0.806538,-0.227316,0.529945,0.130315
0.981689,0.006337,-0.063869,0.179353,0.982956,-0.028574,-0.032972,0.178589,0.924079,-0.095807,0.136745,0.343803,0.935047,-0.012745,0.008239,0.354199,0.935161,-0.226522,-0.247145,0.114375,0.932731,0.064377,0.183940,-0.303372,0.946306,0.010423,0.106023,-0.305212,0.992007,-0.027817,0.072324,0.099591,0.993574,0.076336,0.017259,0.081761,0.782861,0.200207,0.558263,-0.188117,0.793496,0.230633,0.550576,-0.118485,0.979410,-0.158912,0.062564,0.107653,0.723983,-0.316762,0.541052,0.287705,0.805216,-0.227936,0.531968,0.129161
0.982986,0.006224,-0.062438,0.172629,0.984268,-0.027730,-0.029425,0.171991,0.924707,-0.091969,0.133633,0.344384,0.935092,-0.012109,0.006594,0.354138,0.935072,-0.228143,-0.249590,0.106285,0.939095,0.042946,0.173969,-0.293244,0.951299,-0.013863,0.094056,-0.293242,0.992537,-0.025936,0.071169,0.095566,0.993619,0.079724,0.017112,0.077923,0.783302,0.203425,0.556387,-0.188388,0.794807,0.235577,0.546864,-0.117155,0.979955,-0.158693,0.061198,0.103724,0.724872,-0.316046,0.541598,0.285213,0.805538,-0.226767,0.532663,0.126315
0.984247,0.006152,-0.060683,0.165944,0.985519,-0.026776,-0.025900,0.165425,0.925341,-0.087999,0.130517,0.344914,0.935152,-0.011627,0.004790,0.354023,0.935217,-0.228128,-0.252238,0.098502,0.945609,0.020976,0.163974,-0.280171,0.956043,-0.038756,0.084415,-0.278127,0.993066,-0.024196,0.070050,0.091259,0.993646,0.083184,0.017187,0.073845,0.783220,0.206907,0.555064,-0.188837,0.795578,0.240271,0.543944,-0.115976,0.980501,-0.158496,0.059979,0.099496,0.726420,-0.314738,0.541880,0.282169,0.806346,-0.225372,0.532840,0.122862
0.985482,0.006163,-0.058284,0.159344,0.986701,-0.025641,-0.022412,0.158940,0.925986,-0.083851,0.127427,0.345371,0.935236,-0.011533,0.002698,0.353828,0.935900,-0.224796,-0.255367,0.091358,0.952901,-0.001972,0.153699,-0.261444,0.960917,-0.065016,0.079193,-0.257178,0.993607,-0.022733,0.069016,0.086402,0.993655,0.086795,0.017731,0.069291,0.782091,0.210909,0.554885,-0.189614,0.795289,0.244489,0.542675,-0.115084,0.981059,-0.158328,0.059052,0.094699,0.729277,-0.312252,0.541616,0.278038,0.808118,-0.223539,0.531979,0.118215
0.986621,0.006813,-0.055906,0.152994,0.987785,-0.023477,-0.020369,0.152691,0.926374,-0.080320,0.126354,0.345565,0.935361,-0.010974,0.000971,0.353523,0.937176,-0.220379,-0.256663,0.085193,0.959395,-0.024259,0.144212,-0.241194,0.964843,-0.090136,0.075596,-0.235030,0.994137,-0.021509,0.067852,0.081396,0.993647,0.090292,0.018278,0.064643,0.779765,0.215578,0.555953,-0.190810,0.793627,0.248888,0.543081,-0.115213,0.981626,-0.158014,0.058320,0.089665,0.732905,-0.308989,0.540891,0.273519,0.810638,-0.221154,0.530257,0.113069
0.987691,0.007780,-0.053536,0.146765,0.988800,-0.020814,-0.019060,0.146552,0.926634,-0.077121,0.126263,0.345629,0.935508,-0.010205,-0.000601,0.353158,0.938714,-0.215425,-0.257074,0.079509,0.965146,-0.045680,0.134829,-0.219607,0.967876,-0.114291,0.072428,-0.211916,0.994646,-0.020425,0.066625,0.076314,0.993614,0.093723,0.018818,0.059949,0.776830,0.220577,0.557621,-0.192197,0.791276,0.253376,0.544302,-0.115835,0.982180,-0.157642,0.057691,0.084513,0.736886,-0.305357,0.539920,0.268779,0.813498,-0.218522,0.528093,0.107645
0.988609,0.009183,-0.050835,0.141364,0.989658,-0.017926,-0.017411,0.141257,0.926811,-0.073502,0.125974,0.346049,0.935551,-0.010403,-0.001708,0.353035,0.941804,-0.209564,-0.251367,0.076822,0.969860,-0.065236,0.125276,-0.198547,0.972033,-0.118827,0.067297,-0.191056,0.995124,-0.020032,0.065353,0.071107,0.993576,0.096965,0.019096,0.055134,0.771934,0.227038,0.560934,-0.194741,0.786749,0.258541,0.547884,-0.118347,0.982719,-0.157229,0.057233,0.079164,0.741172,-0.301378,0.538637,0.264018,0.816604,-0.214740,0.525831,0.102696
0.989477,0.010835,-0.047947,0.136082,0.990460,-0.015030,-0.015687,0.136078,0.927001,-0.069783,0.125556,0.346461,0.935604,-0.010487,-0.002715,0.352886,0.945983,-0.200884,-0.242991,0.075617,0.974888,-0.084448,0.113568,-0.171942,0.978148,-0.110082,0.060022,-0.165849,0.995566,-0.019798,0.064061,0.065968,0.993515,0.100073,0.019328,0.050396,0.766588,0.233698,0.564584,-0.197416,0.781615,0.263624,0.552177,-0.121168,0.983243,-0.156696,0.056782,0.073861,0.745296,-0.297433,0.537371,0.259422,0.819490,-0.211348,0.523629,0.097884
0.990284,0.012986,-0.044688,0.131041,0.991193,-0.012108,-0.013799,0.131147,0.927218,-0.065861,0.124930,0.346874,0.935671,-0.010341,-0.003472,0.352706,0.952226,-0.186471,-0.229194,0.077227,0.980727,-0.102509,0.097426,-0.134813,0.987219,-0.074100,0.049829,-0.132003,0.995969,-0.019842,0.062725,0.060968,0.993441,0.102936,0.019492,0.045813,0.760367,0.240764,0.568963,-0.200387,0.775276,0.268540,0.557943,-0.124635,0.983774,-0.155890,0.056334,0.068653,0.749157,-0.293509,0.536174,0.255214,0.821996,-0.208675,0.521588,0.093394
0.991048,0.014643,-0.041520,0.126038,0.991888,-0.008583,-0.012263,0.126228,0.927365,-0.061819,0.124847,0.347254,0.935750,-0.010247,-0.004203,0.352490,0.957729,-0.173318,-0.215870,0.078207,0.984846,-0.114250,0.082209,-0.101326,0.992931,-0.047566,0.041438,-0.100536,0.996309,-0.020097,0.061709,0.056183,0.993367,0.105427,0.019821,0.041396,0.753932,0.247319,0.573834,-0.202818,0.768677,0.272214,0.564555,-0.127725,0.984278,-0.154957,0.055893,0.063731,0.752481,-0.289873,0.535355,0.251280,0.824067,-0.206120,0.519979,0.089724
0.991773,0.016051,-0.038396,0.121052,0.992544,-0.004769,-0.010921,0.121306,0.927474,-0.057731,0.125002,0.347610,0.935838,-0.010196,-0.004956,0.352249,0.962735,-0.160699,-0.202782,0.078716,0.987850,-0.121641,0.067192,-0.069573,0.996662,-0.024698,0.033964,-0.070010,0.996606,-0.020473,0.060859,0.051512,0.993284,0.107723,0.020229,0.037067,0.747359,0.253623,0.578904,-0.204938,0.761920,0.275263,0.571550,-0.130537,0.984753,-0.153978,0.055452,0.058963,0.755518,-0.286398,0.534719,0.247476,0.825911,-0.203649,0.518578,0.086459
0.992580,0.016071,-0.035611,0.115142,0.993272,-0.000531,-0.009315,0.115432,0.927581,-0.053175,0.125306,0.347943,0.935959,-0.010013,-0.005422,0.351925,0.966305,-0.154808,-0.190711,0.076936,0.989167,-0.120220,0.054744,-0.064017,0.997503,-0.010041,0.026315,-0.064759,0.996849,-0.020541,0.060822,0.046602,0.993204,0.109669,0.021603,0.032422,0.741323,0.258534,0.583930,-0.206461,0.755720,0.277718,0.578172,-0.132205,0.985257,-0.152756,0.054671,0.054270,0.757446,-0.283674,0.534895,0.244321,0.826979,-0.200815,0.518473,0.083463
0.993370,0.015642,-0.032799,0.109069,0.993963,0.003907,-0.007732,0.109377,0.927687,-0.048437,0.125521,0.348276,0.936086,-0.009801,-0.005787,0.351587,0.969427,-0.149048,-0.180121,0.074512,0.990240,-0.117028,0.043617,-0.061856,0.997868,0.001288,0.018807,-0.062482,0.997045,-0.020662,0.061010,0.041863,0.993126,0.111314,0.023054,0.027901,0.735602,0.262879,0.588754,-0.207732,0.749928,0.279536,0.584526,-0.133403,0.985697,-0.151726,0.053831,0.049826,0.758887,-0.281533,0.535138,0.241779,0.827613,-0.198910,0.518548,0.081237
0.994161,0.014317,-0.029933,0.102677,0.994626,0.008761,-0.006171,0.102975,0.927792,-0.043326,0.125625,0.348629,0.936219,-0.009517,-0.005887,0.351239,0.971863,-0.143769,-0.172518,0.071070,0.990953,-0.111214,0.035248,-0.066340,0.997718,0.005121,0.011476,-0.066342,0.997177,-0.020855,0.061638,0.037458,0.993079,0.112371,0.024677,0.023626,0.730569,0.266079,0.593270,-0.208570,0.745010,0.280075,0.590437,-0.133795,0.986046,-0.151038,0.052884,0.045871,0.759395,-0.280523,0.535532,0.240482,0.827410,-0.198829,0.519008,0.080561
0.994877,0.012143,-0.027765,0.096445,0.995203,0.014033,-0.004529,0.096718,0.927872,-0.037831,0.125754,0.349009,0.936351,-0.009320,-0.005685,0.350895,0.974150,-0.137629,-0.165782,0.067865,0.991663,-0.105663,0.027711,-0.068351,0.997611,0.007391,0.007347,-0.068286,0.997264,-0.021160,0.062629,0.033084,0.993017,0.113250,0.026791,0.019352,0.726491,0.268441,0.596791,-0.209739,0.740803,0.280708,0.595375,-0.133952,0.986344,-0.150478,0.052113,0.042027,0.759598,-0.279714,0.536190,0.239314,0.827280,-0.198350,0.519487,0.079990
0.995532,0.009545,-0.025946,0.090290,0.995699,0.019516,-0.002903,0.090520,0.927938,-0.032152,0.125805,0.349386,0.936479,-0.009175,-0.005420,0.350560,0.976320,-0.131023,-0.159518,0.064701,0.992347,-0.100152,0.020530,-0.069256,0.997539,0.008976,0.004754,-0.069370,0.997317,-0.021516,0.063796,0.028722,0.992933,0.114051,0.029139,0.015070,0.722887,0.270403,0.599805,-0.211070,0.736941,0.281413,0.599810,-0.133986,0.986609,-0.149987,0.051421,0.038235,0.759652,-0.279010,0.536974,0.238205,0.827190,-0.197677,0.519967,0.079467
0.995997,0.007809,-0.024996,0.085470,0.996004,0.025209,-0.001298,0.085663,0.927950,-0.026284,0.125746,0.349866,0.936563,-0.009006,-0.004996,0.350349,0.977825,-0.124787,-0.156380,0.061896,0.992914,-0.094582,0.017646,-0.069745,0.997504,0.010168,0.003205,-0.069794,0.997321,-0.022153,0.065044,0.025086,0.992875,0.114359,0.031466,0.011483,0.721095,0.270947,0.601249,-0.212390,0.735433,0.280482,0.601988,-0.134456,0.986747,-0.149814,0.051565,0.035031,0.760131,-0.277840,0.537518,0.236814,0.827105,-0.197097,0.520577,0.077782
0.996392,0.006277,-0.024275,0.081082,0.996216,0.030918,0.000197,0.081225,0.927950,-0.020428,0.125545,0.350328,0.936637,-0.008833,-0.004667,0.350159,0.979183,-0.118654,-0.153624,0.059339,0.993440,-0.089109,0.015321,-0.070008,0.997473,0.012129,0.001770,-0.069975,0.997302,-0.022782,0.066314,0.021734,0.992805,0.114685,0.033457,0.008121,0.719641,0.271755,0.601954,-0.214285,0.734189,0.280561,0.603108,-0.136065,0.986856,-0.149647,0.051883,0.032080,0.760652,-0.276556,0.538103,0.235309,0.827122,-0.196561,0.521012,0.076025
0.996685,0.005154,-0.024014,0.077560,0.996305,0.036655,0.001562,0.077649,0.927933,-0.014584,0.125211,0.350785,0.936698,-0.008636,-0.004380,0.350005,0.980318,-0.112762,-0.151564,0.057353,0.993938,-0.083867,0.014207,-0.069659,0.997459,0.015589,0.000658,-0.069516,0.997256,-0.023397,0.067631,0.018952,0.992739,0.115032,0.034788,0.005219,0.718869,0.273052,0.601191,-0.217346,0.733479,0.282606,0.602120,-0.139980,0.986921,-0.149486,0.052562,0.029633,0.761258,-0.275036,0.538779,0.233580,0.827345,-0.196106,0.521103,0.074124
0.996922,0.003900,-0.024087,0.074502,0.996310,0.042477,0.002805,0.074522,0.927877,-0.008723,0.124782,0.351281,0.936728,-0.008359,-0.003998,0.349935,0.981279,-0.106960,-0.150149,0.055731,0.994388,-0.078392,0.013934,-0.069671,0.997438,0.017395,-0.000201,-0.069387,0.997177,-0.023879,0.069241,0.016517,0.992690,0.115238,0.035787,0.002545,0.718592,0.274356,0.599608,-0.220963,0.733475,0.285140,0.599910,-0.144283,0.986963,-0.149394,0.053122,0.027641,0.761535,-0.273998,0.539400,0.232460,0.827300,-0.195155,0.521770,0.072428
0.997128,0.002579,-0.024328,0.071677,0.996253,0.048343,0.003970,0.071611,0.927791,-0.002856,0.124271,0.351784,0.936739,-0.008044,-0.003602,0.349916,0.982136,-0.101199,-0.149068,0.054287,0.994797,-0.072798,0.014069,-0.069865,0.997417,0.018376,-0.000946,-0.069438,0.997079,-0.024289,0.070997,0.014255,0.992647,0.115375,0.036619,-0.000015,0.718552,0.275648,0.597611,-0.224862,0.733812,0.287898,0.597075,-0.148780,0.986993,-0.149333,0.053621,0.025875,0.761650,-0.273198,0.539992,0.231645,0.827120,-0.193952,0.522720,0.070837
0.997226,0.001120,-0.025512,0.069918,0.996073,0.054301,0.005010,0.069753,0.927636,0.002988,0.123826,0.352350,0.936709,-0.007540,-0.003014,0.350014,0.982831,-0.095500,-0.148391,0.053873,0.995186,-0.067067,0.015350,-0.069800,0.997441,0.017806,-0.001213,-0.069231,0.996971,-0.024595,0.072659,0.012828,0.992671,0.115090,0.036815,-0.001796,0.719705,0.275931,0.594955,-0.227850,0.735179,0.289963,0.593545,-0.152109,0.986998,-0.149549,0.053305,0.025056,0.759894,-0.274744,0.540940,0.233370,0.826237,-0.195013,0.523512,0.072375
0.997292,-0.000370,-0.026834,0.068478,0.995826,0.060364,0.005849,0.068207,0.927425,0.008721,0.123577,0.352895,0.936671,-0.006986,-0.002448,0.350132,0.983490,-0.089862,-0.147581,0.053779,0.995541,-0.061397,0.016749,-0.069632,0.997472,0.017159,-0.001522,-0.068936,0.996871,-0.024767,0.074182,0.011521,0.992730,0.114518,0.036896,-0.003425,0.721344,0.275572,0.592177,-0.230323,0.736949,0.291065,0.590129,-0.154708,0.986999,-0.149835,0.052821,0.024349,0.757895,-0.276690,0.541795,0.235576,0.824991,-0.196481,0.524649,0.074358
0.997300,-0.001926,-0.028429,0.067676,0.995485,0.066627,0.006323,0.067309,0.927122,0.014231,0.123791,0.353438,0.936621,-0.006329,-0.001859,0.350283,0.984111,-0.084354,-0.146485,0.054329,0.995863,-0.055863,0.018411,-0.069259,0.997519,0.016347,-0.001882,-0.068441,0.996791,-0.024681,0.075424,0.010459,0.992862,0.113370,0.036750,-0.004751,0.723970,0.273951,0.589158,-0.231756,0.739538,0.290272,0.586971,-0.155854,0.986989,-0.150264,0.052005,0.023868,0.755410,-0.279436,0.542468,0.238745,0.823013,-0.198772,0.526474,0.077225
0.997264,-0.003672,-0.029411,0.067719,0.995002,0.073508,0.005663,0.067342,0.926750,0.019352,0.124664,0.353862,0.936610,-0.005477,-0.001340,0.350328,0.984702,-0.078887,-0.145018,0.055758,0.996161,-0.050318,0.019724,-0.068870,0.997559,0.015810,-0.002313,-0.067977,0.996691,-0.024535,0.076830,0.010104,0.993140,0.111199,0.035745,-0.005494,0.727224,0.271450,0.585984,-0.232558,0.742341,0.289134,0.583743,-0.156767,0.986913,-0.150962,0.051295,0.024117,0.752480,-0.282854,0.542934,0.242878,0.820940,-0.201433,0.528018,0.081728
0.997204,-0.005512,-0.030086,0.068184,0.994416,0.080694,0.004448,0.067871,0.926306,0.024281,0.125889,0.354287,0.936596,-0.004516,-0.000836,0.350382,0.985261,-0.073441,-0.143349,0.057609,0.996427,-0.044773,0.020895,-0.068502,0.997592,0.015402,-0.002754,-0.067572,0.996580,-0.024362,0.078317,0.010105,0.993485,0.108512,0.034311,-0.005952,0.730774,0.268502,0.582723,-0.233045,0.745244,0.287823,0.580471,-0.157555,0.986805,-0.151793,0.050636,0.024730,0.749303,-0.286610,0.543281,0.247479,0.818787,-0.204283,0.529416,0.087033
0.997161,-0.008057,-0.029771,0.068699,0.993527,0.090365,0.000136,0.068828,0.925390,0.028119,0.130614,0.354687,0.936618,-0.003896,-0.000245,0.350331,0.985844,-0.067646,-0.141316,0.059719,0.996688,-0.038953,0.021284,-0.068144,0.997621,0.014852,-0.003291,-0.067235,0.996474,-0.024059,0.079631,0.010955,0.993951,0.105035,0.031566,-0.005687,0.734301,0.266239,0.578510,-0.235043,0.749064,0.286331,0.575810,-0.159247,0.986679,-0.152717,0.049553,0.026194,0.745423,-0.291452,0.543288,0.253454,0.816306,-0.208382,0.530517,0.093663
0.997114,-0.010818,-0.029092,0.069286,0.992464,0.100423,-0.004610,0.070061,0.924288,0.031905,0.135678,0.355337,0.936549,-0.003292,0.000462,0.350520,0.986408,-0.061713,-0.139118,0.061939,0.996921,-0.033032,0.021436,-0.067815,0.997647,0.014197,-0.003874,-0.066959,0.996358,-0.023900,0.080989,0.011835,0.994413,0.101355,0.028983,-0.005398,0.738093,0.263472,0.574191,-0.236865,0.753131,0.284724,0.570816,-0.160920,0.986557,-0.153613,0.048392,0.027705,0.741478,-0.296371,0.543150,0.259542,0.813673,-0.212928,0.531510,0.100474
0.997063,-0.014010,-0.027686,0.070016,0.991144,0.111261,-0.010239,0.071758,0.922923,0.035579,0.141402,0.356305,0.936364,-0.002750,0.001378,0.351016,0.986969,-0.055505,-0.136608,0.064414,0.997134,-0.026906,0.021074,-0.067499,0.997671,0.013340,-0.004579,-0.066731,0.996225,-0.024024,0.082431,0.012768,0.994886,0.097273,0.026723,-0.005037,0.742446,0.259688,0.569682,-0.238326,0.757716,0.282886,0.565175,-0.162539,0.986443,-0.154451,0.047074,0.029310,0.737461,-0.301434,0.542758,0.265899,0.810795,-0.218343,0.532298,0.107684
0.996968,-0.017275,-0.025807,0.071340,0.989612,0.121967,-0.016267,0.074347,0.921641,0.039306,0.146551,0.357149,0.936217,-0.001938,0.002404,0.351410,0.987468,-0.049240,-0.133912,0.067456,0.997314,-0.020713,0.020242,-0.067269,0.997681,0.012872,-0.005184,-0.066630,0.996050,-0.024402,0.084204,0.014085,0.995351,0.093089,0.024338,-0.004406,0.746788,0.256134,0.564646,-0.240581,0.762207,0.281074,0.559313,-0.164943,0.986359,-0.154954,0.045854,0.031355,0.733723,-0.306034,0.542244,0.271966,0.807979,-0.223972,0.532794,0.114620
0.996841,-0.020577,-0.023691,0.072961,0.987879,0.132610,-0.022436,0.077506,0.920290,0.043098,0.151484,0.358137,0.936009,-0.000918,0.003553,0.351957,0.987909,-0.042945,-0.131090,0.070756,0.997452,-0.014502,0.019234,-0.067145,0.997680,0.012581,-0.005681,-0.066657,0.995849,-0.024905,0.086147,0.015588,0.995797,0.088858,0.021890,-0.003654,0.751096,0.252698,0.559321,-0.243225,0.766632,0.279279,0.553308,-0.167717,0.986286,-0.155282,0.044691,0.033616,0.730103,-0.310399,0.541655,0.277872,0.805163,-0.229705,0.533113,0.121407
0.996669,-0.023181,-0.021539,0.075169,0.986220,0.141536,-0.027380,0.081167,0.919453,0.047369,0.153976,0.358684,0.935944,0.000513,0.004373,0.352120,0.988236,-0.036917,-0.128430,0.074383,0.997544,-0.008512,0.018101,-0.067118,0.997665,0.012836,-0.006354,-0.066777,0.995571,-0.025688,0.088716,0.017553,0.996231,0.084401,0.019865,-0.002542,0.755861,0.248471,0.553604,-0.245884,0.771179,0.277193,0.547001,-0.170987,0.986236,-0.155205,0.043835,0.036452,0.727372,-0.313656,0.540970,0.282668,0.803244,-0.231798,0.533672,0.127528
0.996452,-0.025674,-0.019298,0.077795,0.984454,0.150084,-0.032190,0.085373,0.918634,0.051716,0.155994,0.359308,0.935854,0.002125,0.004980,0.352347,0.988419,-0.031099,-0.126202,0.078324,0.997582,-0.002579,0.017534,-0.067204,0.997642,0.013051,-0.007006,-0.067015,0.995253,-0.026541,0.091527,0.019730,0.996628,0.080052,0.017943,-0.001274,0.760481,0.244368,0.547797,-0.248739,0.775704,0.275148,0.540451,-0.174615,0.986168,-0.155077,0.043131,0.039545,0.724838,-0.316673,0.540133,0.287376,0.801472,-0.234192,0.533823,0.133525
0.996159,-0.027946,-0.016877,0.081255,0.982613,0.157882,-0.036810,0.090495,0.918019,0.056183,0.156968,0.359785,0.935830,0.004012,0.005074,0.352391,0.988363,-0.025701,-0.124887,0.082954,0.997560,0.003275,0.018012,-0.067368,0.997612,0.013227,-0.007700,-0.067344,0.994863,-0.027537,0.094816,0.022341,0.996982,0.075911,0.016227,0.000331,0.764876,0.240515,0.541858,-0.252008,0.780217,0.273176,0.533469,-0.179018,0.986068,-0.154864,0.042719,0.043160,0.722734,-0.319210,0.539013,0.291935,0.800051,-0.237177,0.533161,0.139301
0.995795,-0.029931,-0.014474,0.085365,0.980522,0.165584,-0.042627,0.096650,0.917324,0.059871,0.158693,0.360207,0.935893,0.008082,0.004999,0.352156,0.988117,-0.020787,-0.124231,0.088088,0.997486,0.008906,0.019056,-0.067665,0.997569,0.013716,-0.008228,-0.067827,0.994402,-0.028492,0.098518,0.025443,0.997311,0.071764,0.014645,0.002329,0.768923,0.236801,0.536092,-0.255516,0.784673,0.271117,0.526697,-0.182688,0.985942,-0.154544,0.042302,0.047381,0.720907,-0.321542,0.537715,0.296255,0.798819,-0.240078,0.532285,0.144651
0.995380,-0.031772,-0.012080,0.089799,0.978206,0.173275,-0.048969,0.103396,0.916495,0.063274,0.160888,0.360760,0.935923,0.013376,0.004932,0.351916,0.987754,-0.016102,-0.123873,0.093481,0.997371,0.014429,0.020450,-0.068012,0.997518,0.014365,-0.008603,-0.068386,0.993888,-0.029436,0.102428,0.028784,0.997615,0.067618,0.013123,0.004519,0.772780,0.233157,0.530381,-0.259122,0.789090,0.268998,0.519997,-0.185958,0.985793,-0.154156,0.041891,0.051903,0.719209,-0.323756,0.536327,0.300457,0.797669,-0.242921,0.531297,0.149790
0.994771,-0.033948,-0.011429,0.095638,0.975316,0.180868,-0.058301,0.112455,0.915845,0.065227,0.165465,0.359993,0.936503,0.020979,0.004909,0.349998,0.987234,-0.011693,-0.123194,0.100276,0.997244,0.019685,0.022102,-0.068037,0.997493,0.014701,-0.008892,-0.068645,0.993341,-0.030640,0.106068,0.032914,0.997896,0.063514,0.010659,0.007423,0.775552,0.230938,0.525331,-0.263085,0.792073,0.268980,0.513545,-0.191159,0.985520,-0.154246,0.041056,0.057215,0.717255,-0.326876,0.534309,0.305304,0.797115,-0.245807,0.529490,0.154359
0.994124,-0.036203,-0.011666,0.101341,0.972327,0.187642,-0.067781,0.121557,0.915233,0.066644,0.171195,0.358609,0.937256,0.026299,0.005334,0.347607,0.986671,-0.007264,-0.122433,0.106944,0.997088,0.024893,0.023864,-0.068018,0.997471,0.015016,-0.009017,-0.068884,0.992782,-0.031848,0.109483,0.037178,0.998139,0.059540,0.007962,0.010474,0.777894,0.229344,0.520414,-0.267305,0.794818,0.268904,0.507401,-0.196211,0.985205,-0.154437,0.039939,0.062650,0.715228,-0.330281,0.532162,0.310108,0.796556,-0.248892,0.527499,0.159047
0.993439,-0.038621,-0.013679,0.106774,0.969425,0.192684,-0.077775,0.130534,0.914944,0.066735,0.178955,0.355526,0.938614,0.026705,0.006405,0.343873,0.986081,-0.002819,-0.121593,0.113363,0.996908,0.030019,0.025685,-0.067917,0.997455,0.015302,-0.008978,-0.069058,0.992231,-0.033048,0.112448,0.041721,0.998334,0.055808,0.004817,0.013832,0.779403,0.228982,0.515826,-0.272069,0.797112,0.268697,0.501990,-0.201050,0.984828,-0.154858,0.038243,0.068338,0.713079,-0.334294,0.529765,0.314826,0.796006,-0.252413,0.525145,0.163965
0.992967,-0.039509,-0.017298,0.110255,0.967250,0.195874,-0.085960,0.136645,0.912752,0.062384,0.192353,0.354955,0.938532,0.017649,0.013556,0.344473,0.985687,0.001467,-0.120919,0.117463,0.996730,0.034672,0.027341,-0.067680,0.997452,0.015558,-0.008704,-0.069080,0.991757,-0.033823,0.114720,0.045974,0.998476,0.052506,0.001253,0.016952,0.780243,0.229763,0.511641,-0.276862,0.798314,0.269686,0.497237,-0.206685,0.984469,-0.155349,0.035383,0.073731,0.710412,-0.339453,0.527000,0.319933,0.795453,-0.256418,0.522517,0.168761
0.992594,-0.039632,-0.021719,0.112760,0.965446,0.198119,-0.093266,0.141291,0.909435,0.055747,0.208482,0.355465,0.937454,0.003827,0.023662,0.347283,0.985388,0.005663,-0.120336,0.120405,0.996543,0.039080,0.028905,-0.067374,0.997455,0.015792,-0.008324,-0.069025,0.991314,-0.034426,0.116639,0.050077,0.998577,0.049396,-0.002534,0.019938,0.780746,0.231146,0.507617,-0.281658,0.798957,0.271308,0.492765,-0.212704,0.984095,-0.155891,0.031931,0.078967,0.707450,-0.345213,0.524026,0.325175,0.794880,-0.260694,0.519729,0.173457
0.992576,-0.037711,-0.025790,0.112717,0.964448,0.199972,-0.098115,0.142211,0.901339,0.041394,0.233788,0.362239,0.932809,-0.007070,0.042312,0.357809,0.985392,0.009404,-0.120135,0.120342,0.996354,0.042838,0.029863,-0.067474,0.997427,0.016303,-0.008136,-0.069339,0.991110,-0.033979,0.117154,0.053123,0.998628,0.047091,-0.005619,0.022203,0.780920,0.232736,0.504295,-0.285803,0.798586,0.273245,0.489740,-0.218521,0.983812,-0.156462,0.028032,0.082751,0.705687,-0.350141,0.521086,0.328446,0.794622,-0.265251,0.516706,0.176729
0.992587,-0.035493,-0.028840,0.112600,0.963732,0.201015,-0.102238,0.142694,0.892079,0.025242,0.259806,0.368862,0.927140,-0.019498,0.062695,0.368917,0.985381,0.012980,-0.120084,0.120149,0.996161,0.046447,0.030612,-0.067599,0.997395,0.016897,-0.007968,-0.069667,0.990958,-0.033493,0.117244,0.055981,0.998656,0.044926,-0.008587,0.024381,0.780964,0.234358,0.501329,-0.289552,0.798212,0.275089,0.486810,-0.224053,0.983483,-0.157293,0.024538,0.086131,0.704886,-0.354143,0.518127,0.330550,0.794807,-0.269340,0.513456,0.179164
0.992684,-0.032681,-0.029849,0.112340,0.963621,0.200450,-0.104911,0.142296,0.881052,0.005897,0.287505,0.375570,0.919728,-0.034703,0.086668,0.381293,0.985360,0.016220,-0.120331,0.119681,0.995977,0.049760,0.030938,-0.067794,0.997357,0.017656,-0.007850,-0.070037,0.990923,-0.032847,0.116507,0.058471,0.998658,0.043094,-0.011286,0.026412,0.780753,0.236013,0.499159,-0.292511,0.797846,0.276704,0.484167,-0.229041,0.983103,-0.158606,0.021882,0.088730,0.706051,-0.356238,0.515163,0.330445,0.795904,-0.272447,0.509806,0.180020
0.992645,-0.029828,-0.030175,0.113384,0.964339,0.195732,-0.106999,0.142444,0.870979,-0.014303,0.314121,0.377518,0.912362,-0.055721,0.111310,0.390001,0.985200,0.019105,-0.120456,0.120445,0.995804,0.052799,0.031389,-0.067841,0.997335,0.017995,-0.007839,-0.070267,0.990955,-0.032266,0.115185,0.060825,0.998632,0.041791,-0.012922,0.028648,0.781055,0.236438,0.497655,-0.293922,0.797784,0.277712,0.482168,-0.232230,0.982644,-0.160448,0.020742,0.090757,0.709089,-0.356109,0.512344,0.328456,0.798193,-0.274531,0.505453,0.178990
0.992532,-0.026955,-0.030158,0.115080,0.965431,0.188936,-0.108810,0.142851,0.860972,-0.034748,0.340102,0.376631,0.904359,-0.079455,0.136262,0.396552,0.984966,0.021812,-0.120520,0.121823,0.995631,0.055699,0.031909,-0.067816,0.997321,0.018123,-0.007872,-0.070432,0.991017,-0.031708,0.113568,0.063111,0.998590,0.040756,-0.014032,0.030988,0.781618,0.236244,0.496484,-0.294560,0.797882,0.278414,0.480490,-0.234519,0.982143,-0.162552,0.020355,0.092503,0.713056,-0.354899,0.509544,0.325520,0.801076,-0.276138,0.500699,0.176993
0.992189,-0.024418,-0.030793,0.118393,0.968096,0.173620,-0.109734,0.143543,0.855581,-0.054313,0.360492,0.367528,0.899551,-0.104403,0.156005,0.394424,0.984576,0.023957,-0.120273,0.124785,0.995489,0.058079,0.032747,-0.067497,0.997310,0.019409,-0.007698,-0.070259,0.991169,-0.030745,0.111330,0.065144,0.998499,0.041138,-0.013654,0.033470,0.782226,0.235360,0.496683,-0.293317,0.798031,0.277831,0.480678,-0.234319,0.981628,-0.164894,0.021821,0.093487,0.717597,-0.352094,0.507357,0.321982,0.807295,-0.270304,0.495994,0.170881
0.991775,-0.021889,-0.030971,0.122248,0.970869,0.156042,-0.110449,0.144446,0.851152,-0.073616,0.378036,0.356664,0.894803,-0.128393,0.174898,0.390198,0.984078,0.025781,-0.120321,0.128255,0.995344,0.060297,0.033788,-0.067176,0.997296,0.020723,-0.007595,-0.070096,0.991319,-0.029597,0.109135,0.067081,0.998388,0.042005,-0.013038,0.035878,0.782457,0.234848,0.497453,-0.291802,0.797960,0.277388,0.481383,-0.233636,0.981122,-0.167155,0.023667,0.094334,0.721867,-0.349212,0.505574,0.318360,0.812791,-0.265051,0.491889,0.164814
0.991228,-0.019376,-0.030233,0.127189,0.973928,0.133963,-0.110736,0.145793,0.849396,-0.092846,0.390047,0.343175,0.891207,-0.150869,0.191965,0.382281,0.983373,0.026981,-0.120965,0.132726,0.995198,0.062219,0.035222,-0.066857,0.997275,0.022126,-0.007650,-0.069959,0.991473,-0.028091,0.107031,0.068827,0.998239,0.043844,-0.011931,0.038136,0.781926,0.235071,0.499377,-0.289751,0.797443,0.277219,0.483128,-0.231994,0.980640,-0.169256,0.026285,0.094904,0.725612,-0.346101,0.504702,0.314605,0.816944,-0.260915,0.489157,0.158906
0.990539,-0.017061,-0.028754,0.133093,0.976871,0.108863,-0.109808,0.147694,0.850329,-0.111109,0.395295,0.329145,0.888479,-0.173281,0.204122,0.372710,0.982231,0.026987,-0.124230,0.138063,0.994950,0.064068,0.039480,-0.066410,0.997258,0.023145,-0.007661,-0.069866,0.991618,-0.026531,0.104937,0.070553,0.998053,0.046277,-0.010844,0.040375,0.780423,0.236468,0.502193,-0.287794,0.795593,0.279693,0.485769,-0.229854,0.980166,-0.171190,0.029414,0.095409,0.728527,-0.343185,0.504622,0.311174,0.819642,-0.257658,0.487884,0.154169
0.989749,-0.014843,-0.026904,0.139475,0.979276,0.082184,-0.108414,0.150034,0.852430,-0.129272,0.396663,0.315135,0.885886,-0.195840,0.213366,0.362392,0.980833,0.026464,-0.128829,0.143768,0.994617,0.066001,0.045138,-0.065909,0.997239,0.024096,-0.007659,-0.069827,0.991754,-0.024949,0.102860,0.072262,0.997843,0.048993,-0.009753,0.042598,0.778415,0.238427,0.505459,-0.285891,0.793044,0.283465,0.488856,-0.227483,0.979684,-0.173050,0.032810,0.095895,0.731005,-0.340404,0.504936,0.307890,0.821605,-0.254884,0.487336,0.150013
0.988623,-0.013242,-0.024221,0.147860,0.980846,0.052374,-0.106698,0.154317,0.859432,-0.143981,0.389514,0.298203,0.886829,-0.216073,0.215145,0.347216,0.979133,0.025510,-0.133120,0.151415,0.994204,0.067915,0.050831,-0.066045,0.997185,0.024490,-0.007624,-0.070451,0.991823,-0.023573,0.100694,0.074778,0.997556,0.052168,-0.009330,0.045537,0.774826,0.242051,0.510726,-0.283223,0.789847,0.286178,0.493846,-0.224410,0.979146,-0.174564,0.037261,0.097018,0.732034,-0.337851,0.506850,0.305101,0.821592,-0.253529,0.488830,0.147497
0.987349,-0.011679,-0.021736,0.156631,0.981470,0.022772,-0.104035,0.159295,0.867261,-0.157680,0.378529,0.282333,0.887992,-0.235246,0.214059,0.332128,0.977325,0.024627,-0.137223,0.159373,0.993796,0.069824,0.056284,-0.065773,0.997157,0.025026,-0.007594,-0.070668,0.991841,-0.022414,0.098648,0.077576,0.997238,0.055324,-0.009107,0.048712,0.771000,0.245761,0.516442,-0.280088,0.786208,0.288282,0.499875,-0.221126,0.978536,-0.176052,0.042287,0.098407,0.732808,-0.335173,0.509159,0.302339,0.821142,-0.252492,0.490858,0.145026
0.985846,-0.010191,-0.019650,0.166187,0.981187,-0.006369,-0.099147,0.165534,0.876965,-0.168833,0.361162,0.268308,0.890113,-0.252111,0.208436,0.317323,0.975366,0.023759,-0.140909,0.168049,0.993455,0.071472,0.061269,-0.064688,0.997187,0.025611,-0.007576,-0.070040,0.991766,-0.021672,0.096825,0.080962,0.996871,0.058473,-0.009308,0.052374,0.766738,0.249687,0.523060,-0.276003,0.781720,0.289180,0.507974,-0.217375,0.977803,-0.177464,0.048440,0.100304,0.733110,-0.332180,0.512264,0.299651,0.819838,-0.252019,0.493965,0.142659
0.984029,-0.009782,-0.017294,0.176894,0.979935,-0.029931,-0.092163,0.174177,0.886054,-0.176373,0.340258,0.260817,0.891293,-0.265036,0.201692,0.307690,0.973253,0.023707,-0.143031,0.178210,0.993201,0.073420,0.064252,-0.063499,0.997232,0.025994,-0.007684,-0.069230,0.991544,-0.021367,0.095399,0.085342,0.996425,0.061682,-0.009828,0.056890,0.762549,0.253294,0.530188,-0.270668,0.776958,0.290104,0.516733,-0.212515,0.976911,-0.178611,0.055758,0.103122,0.732832,-0.328881,0.516181,0.297239,0.818490,-0.249803,0.498073,0.139984
0.981976,-0.009913,-0.014803,0.188163,0.977950,-0.050791,-0.084343,0.184175,0.894491,-0.182518,0.317111,0.256930,0.891908,-0.276332,0.193989,0.300848,0.970989,0.024102,-0.144357,0.189106,0.992988,0.075544,0.066279,-0.062244,0.997286,0.026305,-0.007813,-0.068322,0.991232,-0.021278,0.094171,0.090215,0.995917,0.064925,-0.010492,0.061832,0.758335,0.256684,0.537570,-0.264689,0.772011,0.290959,0.525804,-0.207054,0.975884,-0.179669,0.063650,0.106384,0.732229,-0.325521,0.520503,0.294880,0.817090,-0.246813,0.502651,0.137072
0.979946,-0.013116,-0.016423,0.198153,0.976250,-0.053519,-0.078371,0.194754,0.896984,-0.180537,0.306518,0.262436,0.896290,-0.271496,0.172969,0.305019,0.969504,0.029155,-0.137678,0.200641,0.993174,0.078797,0.059964,-0.061657,0.997347,0.026041,-0.007614,-0.067555,0.990725,-0.022093,0.093360,0.096229,0.995309,0.068035,-0.011615,0.067795,0.755297,0.258747,0.544520,-0.257049,0.767743,0.290553,0.535552,-0.198326,0.974654,-0.180362,0.072662,0.110636,0.730851,-0.321982,0.525636,0.293070,0.815068,-0.244363,0.507729,0.134762
0.977865,-0.016322,-0.018189,0.207803,0.974543,-0.053956,-0.072862,0.205051,0.898475,-0.177672,0.298145,0.268858,0.900426,-0.264666,0.151375,0.310274,0.967881,0.034449,-0.131046,0.211768,0.993307,0.082079,0.053547,-0.061135,0.997414,0.025541,-0.007270,-0.066788,0.990132,-0.023133,0.092581,0.102631,0.994615,0.071269,-0.012736,0.074156,0.752814,0.260021,0.551259,-0.248541,0.764274,0.289086,0.544627,-0.188936,0.973322,-0.180923,0.081449,0.115222,0.728852,-0.319030,0.530823,0.291929,0.812506,-0.242311,0.513241,0.133050
0.975811,-0.019534,-0.020250,0.216799,0.972996,-0.049627,-0.068200,0.214861,0.898105,-0.172923,0.294351,0.277241,0.904462,-0.253745,0.128810,0.317756,0.966144,0.040394,-0.124677,0.222238,0.993382,0.085766,0.046736,-0.060436,0.997499,0.024940,-0.006830,-0.065779,0.989393,-0.024636,0.091865,0.109799,0.993787,0.074733,-0.013884,0.081297,0.751540,0.259823,0.557558,-0.238345,0.762527,0.285669,0.552396,-0.178337,0.971906,-0.181146,0.089804,0.120497,0.725684,-0.317035,0.536128,0.292299,0.808911,-0.240828,0.519674,0.132679
0.973428,-0.020115,-0.020552,0.227182,0.970619,-0.049101,-0.068830,0.225278,0.899777,-0.170728,0.289337,0.278455,0.917409,-0.212083,0.122865,0.313505,0.963638,0.043365,-0.123558,0.232926,0.993271,0.088862,0.044574,-0.059414,0.997593,0.024075,-0.006239,-0.064726,0.988535,-0.026305,0.091382,0.117283,0.992840,0.078577,-0.014904,0.088729,0.751393,0.258494,0.563025,-0.227140,0.761883,0.280572,0.559794,-0.165665,0.970577,-0.180860,0.096583,0.126262,0.720605,-0.316947,0.541338,0.295341,0.804225,-0.240773,0.526283,0.135189
0.970808,-0.019379,-0.019973,0.238240,0.967760,-0.050361,-0.072196,0.235991,0.902506,-0.169682,0.283565,0.276191,0.931781,-0.154095,0.124432,0.304228,0.960686,0.044948,-0.125117,0.243737,0.993071,0.091813,0.044732,-0.058125,0.997691,0.023237,-0.005585,-0.063569,0.987587,-0.028042,0.090989,0.124923,0.991789,0.082634,-0.015841,0.096313,0.751734,0.256565,0.568044,-0.215399,0.761694,0.274559,0.566887,-0.151916,0.969262,-0.180350,0.102563,0.132234,0.714538,-0.317814,0.546467,0.299673,0.798955,-0.241442,0.532948,0.139082
0.968035,-0.019091,-0.018913,0.249370,0.965116,-0.052226,-0.069032,0.247098,0.906089,-0.166027,0.272283,0.278029,0.937281,-0.130764,0.109735,0.303913,0.957358,0.045627,-0.128804,0.254547,0.992808,0.094858,0.046086,-0.056663,0.997797,0.022199,-0.004786,-0.062326,0.986467,-0.029939,0.091017,0.133047,0.990594,0.086990,-0.015984,0.104406,0.754350,0.251911,0.571670,-0.201719,0.763455,0.269745,0.570553,-0.137269,0.968043,-0.179203,0.107167,0.138907,0.707276,-0.319913,0.551277,0.305794,0.792481,-0.243564,0.539756,0.145992
0.965228,-0.018319,-0.018128,0.260135,0.962408,-0.053798,-0.066425,0.257805,0.909417,-0.162515,0.261084,0.279972,0.941467,-0.108878,0.096140,0.304209,0.953975,0.046003,-0.133068,0.264780,0.992506,0.097905,0.047916,-0.055228,0.997887,0.021721,-0.003839,-0.061121,0.985281,-0.031798,0.090995,0.141174,0.989302,0.091455,-0.015954,0.112530,0.757240,0.247052,0.574583,-0.188168,0.765819,0.263994,0.573466,-0.122333,0.966837,-0.177926,0.111207,0.145606,0.699904,-0.322315,0.555689,0.312180,0.785734,-0.245810,0.546515,0.153364
0.962494,-0.016584,-0.017897,0.270203,0.959747,-0.054720,-0.064882,0.267734,0.912373,-0.159138,0.250195,0.282230,0.944236,-0.089962,0.084899,0.305153,0.950634,0.045655,-0.138515,0.273906,0.992156,0.100828,0.050570,-0.053883,0.997945,0.022232,-0.002707,-0.060033,0.984032,-0.033594,0.090884,0.149309,0.987901,0.096107,-0.015656,0.120709,0.760880,0.241887,0.576153,-0.174927,0.769594,0.256478,0.574916,-0.106844,0.965744,-0.176301,0.114101,0.152437,0.692413,-0.325271,0.559337,0.319226,0.778554,-0.248243,0.553219,0.161792
0.960185,-0.014116,-0.018538,0.278391,0.957560,-0.055210,-0.062975,0.275798,0.914257,-0.156367,0.239522,0.286902,0.945465,-0.071002,0.076301,0.308598,0.947738,0.045258,-0.144277,0.280941,0.991786,0.103710,0.053276,-0.052601,0.997989,0.023099,-0.001593,-0.059013,0.982810,-0.034981,0.090585,0.157021,0.986463,0.100739,-0.014760,0.128547,0.764970,0.236301,0.576823,-0.162042,0.773391,0.250988,0.574815,-0.091974,0.964826,-0.174359,0.115836,0.159031,0.684959,-0.328666,0.562156,0.326787,0.771714,-0.251012,0.558894,0.170551
0.958072,-0.011282,-0.019616,0.285633,0.955589,-0.055514,-0.060906,0.282945,0.915529,-0.153839,0.228949,0.292783,0.945668,-0.051976,0.069160,0.313411,0.945052,0.044860,-0.150215,0.286879,0.991391,0.106629,0.056002,-0.051356,0.998021,0.024205,-0.000493,-0.058041,0.981580,-0.036169,0.090160,0.164508,0.984971,0.105340,-0.013563,0.136201,0.769221,0.230576,0.576929,-0.149286,0.777098,0.246589,0.573871,-0.077356,0.963976,-0.172270,0.116983,0.165492,0.677489,-0.332328,0.564485,0.334550,0.764996,-0.254002,0.563980,0.179417
0.957199,-0.009336,-0.020535,0.288552,0.954924,-0.056369,-0.055980,0.286023,0.917156,-0.150196,0.217160,0.298509,0.945232,-0.039342,0.058825,0.318634,0.943463,0.045311,-0.156043,0.288920,0.990981,0.109927,0.057498,-0.050665,0.997970,0.027579,0.001227,-0.057389,0.980706,-0.036408,0.088922,0.170246,0.983663,0.109578,-0.011181,0.142393,0.773590,0.224568,0.576316,-0.137798,0.781026,0.241785,0.572196,-0.064272,0.963650,-0.169929,0.115725,0.170621,0.671353,-0.336312,0.564724,0.342442,0.759460,-0.258255,0.566377,0.189053
0.956649,-0.007719,-0.021524,0.290344,0.954550,-0.057222,-0.051055,0.288016,0.919164,-0.145967,0.205689,0.302529,0.944980,-0.028411,0.047982,0.322341,0.942149,0.046161,-0.161652,0.289989,0.990570,0.113362,0.058513,-0.049964,0.997898,0.031345,0.003138,-0.056641,0.979987,-0.036524,0.087422,0.175070,0.982457,0.113421,-0.008236,0.147803,0.777782,0.218390,0.575580,-0.126760,0.784679,0.237761,0.570168,-0.051554,0.963489,-0.167716,0.113772,0.174974,0.666113,-0.340171,0.564129,0.349765,0.754738,-0.262269,0.567648,0.198398
0.956769,-0.006762,-0.022651,0.289888,0.954818,-0.058012,-0.046102,0.287804,0.922135,-0.140785,0.194840,0.303123,0.945558,-0.021096,0.035927,0.322775,0.941407,0.047749,-0.166818,0.289213,0.990187,0.116954,0.058538,-0.049240,0.997793,0.035775,0.005398,-0.055687,0.979624,-0.036397,0.085441,0.178077,0.981532,0.116509,-0.004187,0.151669,0.781757,0.211746,0.574802,-0.116712,0.787964,0.235175,0.567655,-0.039662,0.963701,-0.165758,0.110435,0.177789,0.662748,-0.343685,0.562026,0.356052,0.751754,-0.265707,0.566844,0.207254
0.957020,-0.004916,-0.023549,0.289022,0.955185,-0.058342,-0.042333,0.287098,0.924605,-0.136120,0.184918,0.303943,0.945817,-0.015211,0.026323,0.323273,0.940834,0.049103,-0.172238,0.287669,0.989788,0.120441,0.058598,-0.048794,0.997622,0.040836,0.007680,-0.054993,0.979360,-0.036460,0.083677,0.180342,0.980770,0.118793,0.000586,0.154849,0.784954,0.205317,0.574429,-0.108277,0.791463,0.230419,0.565413,-0.028323,0.963929,-0.164231,0.107139,0.179975,0.661502,-0.346042,0.559291,0.360367,0.751182,-0.268440,0.564295,0.212689
0.957333,-0.002625,-0.024331,0.287949,0.955597,-0.058436,-0.039153,0.286160,0.926781,-0.131698,0.175455,0.304873,0.945899,-0.010029,0.017952,0.323810,0.940337,0.050332,-0.177777,0.285707,0.989374,0.123868,0.058670,-0.048503,0.997398,0.046205,0.009968,-0.054442,0.979145,-0.036616,0.082005,0.182232,0.980076,0.120663,0.005708,0.157664,0.787735,0.199065,0.574218,-0.100602,0.794981,0.224648,0.563243,-0.017186,0.964161,-0.162915,0.103850,0.181846,0.661324,-0.347809,0.556238,0.363702,0.751837,-0.270800,0.560866,0.216420
0.957874,0.000395,-0.024757,0.286118,0.956207,-0.058537,-0.036578,0.284436,0.928462,-0.127811,0.166043,0.306680,0.945631,-0.006521,0.012515,0.324936,0.940061,0.051346,-0.183778,0.282620,0.989042,0.126950,0.058226,-0.047838,0.997082,0.053111,0.012896,-0.053296,0.979192,-0.036991,0.080968,0.182372,0.979859,0.120488,0.012058,0.158789,0.789448,0.191518,0.575518,-0.094191,0.796627,0.217146,0.564071,-0.007530,0.964552,-0.162112,0.100783,0.182215,0.664376,-0.347460,0.552888,0.363580,0.755124,-0.270093,0.557200,0.215328
0.958580,0.003535,-0.025679,0.283641,0.956989,-0.058641,-0.033972,0.282098,0.930008,-0.123992,0.156974,0.308336,0.945381,-0.003640,0.007988,0.325848,0.939974,0.052420,-0.189512,0.278901,0.988708,0.129942,0.057602,-0.047473,0.996650,0.060707,0.016125,-0.052369,0.979379,-0.037220,0.079937,0.181776,0.979761,0.119862,0.018778,0.159214,0.790186,0.184423,0.577661,-0.088892,0.797495,0.209824,0.565664,0.000830,0.965049,-0.161346,0.097825,0.181875,0.668237,-0.346416,0.549544,0.362569,0.759116,-0.269101,0.553029,0.213275
0.959617,0.006915,-0.027592,0.279869,0.958124,-0.058749,-0.031303,0.278507,0.931402,-0.120335,0.148607,0.309718,0.945238,-0.002021,0.005275,0.326333,0.940279,0.053633,-0.194730,0.274005,0.988377,0.132784,0.056633,-0.047658,0.996018,0.069728,0.019959,-0.051845,0.979844,-0.037159,0.078943,0.179704,0.979923,0.118368,0.026264,0.158270,0.789079,0.178060,0.581600,-0.085964,0.797013,0.202704,0.568894,0.006450,0.965766,-0.160662,0.095105,0.180107,0.673706,-0.343988,0.546225,0.359764,0.764505,-0.267560,0.547861,0.209265
0.960994,0.010412,-0.029474,0.274797,0.959599,-0.058800,-0.029043,0.273623,0.932724,-0.116943,0.141011,0.310589,0.945261,-0.001021,0.003632,0.326293,0.940915,0.055329,-0.199587,0.267923,0.988121,0.135481,0.054772,-0.047553,0.995176,0.080371,0.023965,-0.050910,0.980532,-0.036792,0.077991,0.176413,0.980314,0.116310,0.033121,0.156074,0.785901,0.174417,0.586759,-0.087474,0.794383,0.197413,0.574394,0.007451,0.966660,-0.160249,0.091883,0.177329,0.679351,-0.341739,0.542378,0.357104,0.771093,-0.262947,0.542479,0.204916
0.962510,0.013967,-0.031338,0.269067,0.961216,-0.058797,-0.026963,0.268102,0.933982,-0.113654,0.133816,0.311214,0.945364,-0.000296,0.002549,0.326007,0.941680,0.057246,-0.204254,0.261233,0.987902,0.138055,0.052442,-0.047328,0.994139,0.091761,0.028045,-0.049817,0.981319,-0.036272,0.077068,0.172504,0.980786,0.114004,0.039684,0.153257,0.781645,0.172137,0.592521,-0.091206,0.790624,0.193063,0.581035,0.006156,0.967626,-0.159987,0.088421,0.174029,0.685054,-0.339589,0.538256,0.354488,0.778207,-0.256793,0.536935,0.200380
0.964417,0.017315,-0.033004,0.261744,0.963240,-0.058460,-0.025218,0.260988,0.934999,-0.110544,0.127696,0.311850,0.945454,-0.000507,0.002058,0.325748,0.942728,0.060251,-0.208462,0.253332,0.987834,0.140429,0.048846,-0.045577,0.992982,0.103699,0.031858,-0.047106,0.982300,-0.035667,0.076248,0.167333,0.981631,0.110428,0.044459,0.149097,0.774891,0.172641,0.599858,-0.099546,0.783816,0.192337,0.590433,-0.005349,0.968608,-0.160638,0.085121,0.169551,0.690741,-0.337693,0.534026,0.351648,0.783600,-0.255824,0.530508,0.197703
0.966282,0.020562,-0.034516,0.254333,0.965258,-0.057475,-0.024539,0.253716,0.935775,-0.107699,0.122939,0.312430,0.945515,-0.000690,0.001636,0.325573,0.943688,0.063464,-0.212593,0.245417,0.987797,0.142668,0.045005,-0.043324,0.991713,0.115317,0.035819,-0.043866,0.983271,-0.035149,0.075496,0.161998,0.982485,0.106681,0.048859,0.144762,0.767537,0.173952,0.607249,-0.108975,0.776142,0.192671,0.600086,-0.019458,0.969555,-0.161369,0.082136,0.164854,0.696357,-0.335649,0.530118,0.348426,0.788786,-0.254769,0.524460,0.194551
0.968129,0.023609,-0.035723,0.246763,0.967319,-0.055275,-0.026057,0.246088,0.936147,-0.105524,0.120853,0.312871,0.945531,-0.000963,0.001279,0.325528,0.944551,0.067130,-0.216585,0.237503,0.987821,0.144735,0.040727,-0.040028,0.990379,0.126420,0.040100,-0.039494,0.984244,-0.034801,0.074866,0.156356,0.983421,0.102531,0.052470,0.140064,0.759108,0.176828,0.614772,-0.120595,0.766823,0.195062,0.610268,-0.038805,0.970464,-0.162225,0.079756,0.159755,0.701888,-0.333287,0.526872,0.344497,0.793631,-0.253514,0.519203,0.190548
0.969961,0.026439,-0.037378,0.238914,0.969382,-0.053028,-0.027426,0.238191,0.936445,-0.103410,0.119141,0.313342,0.945524,-0.001032,0.001021,0.325548,0.945374,0.071298,-0.220116,0.229637,0.987998,0.146159,0.035829,-0.034836,0.988656,0.139661,0.044068,-0.033348,0.985252,-0.034366,0.074240,0.150284,0.984414,0.098188,0.055520,0.134926,0.750723,0.180123,0.621635,-0.132446,0.756475,0.197601,0.620545,-0.060185,0.971414,-0.162865,0.077963,0.154113,0.707442,-0.330317,0.524408,0.339724,0.798146,-0.251451,0.515022,0.185709
0.971744,0.029161,-0.039256,0.230916,0.971406,-0.050751,-0.028716,0.230151,0.936704,-0.101330,0.117601,0.313829,0.945505,-0.001002,0.000797,0.325605,0.946122,0.075707,-0.223442,0.221799,0.988214,0.147234,0.030523,-0.028705,0.986581,0.153839,0.047915,-0.026381,0.986255,-0.033883,0.073630,0.143987,0.985401,0.093775,0.058332,0.129568,0.742249,0.183731,0.628069,-0.144359,0.745211,0.200214,0.630701,-0.082413,0.972364,-0.163399,0.076485,0.148189,0.712971,-0.327048,0.522322,0.334502,0.802461,-0.249002,0.511372,0.180426
0.973653,0.031328,-0.041969,0.221939,0.973574,-0.048561,-0.029644,0.221172,0.936932,-0.099329,0.116446,0.314218,0.945506,-0.000377,0.000788,0.325604,0.946661,0.080075,-0.227907,0.213256,0.988526,0.147421,0.026186,-0.019925,0.983372,0.172691,0.053520,-0.017128,0.987294,-0.033120,0.073565,0.136899,0.986482,0.088890,0.061083,0.123372,0.735549,0.185318,0.633227,-0.153778,0.735380,0.199172,0.639952,-0.100042,0.973397,-0.163702,0.075009,0.141681,0.718060,-0.323815,0.520757,0.329159,0.805451,-0.247178,0.509144,0.175852
0.975573,0.033349,-0.044714,0.212474,0.975750,-0.046470,-0.030446,0.211718,0.937159,-0.097429,0.115423,0.314512,0.945525,0.000348,0.000695,0.325548,0.947090,0.083984,-0.232960,0.204200,0.988731,0.147522,0.022411,-0.012046,0.978993,0.194652,0.059990,-0.009236,0.988314,-0.032065,0.073734,0.129503,0.987515,0.084098,0.063903,0.116866,0.729392,0.186551,0.637781,-0.162547,0.726359,0.198124,0.647972,-0.115249,0.974422,-0.163894,0.073738,0.134920,0.723063,-0.320381,0.519506,0.323497,0.808301,-0.245393,0.507026,0.171336
0.977592,0.035080,-0.047527,0.202049,0.978018,-0.044594,-0.031003,0.201325,0.937389,-0.095728,0.114700,0.314615,0.945584,0.001276,0.000470,0.325375,0.947402,0.086992,-0.239131,0.194106,0.988832,0.147565,0.019999,-0.005947,0.972396,0.223154,0.068063,-0.003997,0.989334,-0.030440,0.074342,0.121514,0.988529,0.079433,0.066775,0.109738,0.724516,0.186895,0.641264,-0.170083,0.719617,0.197071,0.653801,-0.125931,0.975472,-0.163855,0.072835,0.127674,0.727954,-0.316536,0.518889,0.317242,0.810920,-0.243663,0.505127,0.166984
0.979868,0.036551,-0.050548,0.189650,0.980571,-0.042236,-0.031305,0.188988,0.937551,-0.093739,0.114697,0.314731,0.945649,0.001910,0.000288,0.325184,0.948470,0.089728,-0.242948,0.182566,0.988494,0.150087,0.016707,-0.008631,0.964549,0.252278,0.077104,-0.007465,0.990295,-0.028795,0.075115,0.113330,0.989486,0.075080,0.069322,0.102346,0.721236,0.186099,0.643736,-0.175469,0.715376,0.193560,0.658031,-0.133291,0.976445,-0.163966,0.072197,0.120244,0.732086,-0.313064,0.518766,0.311326,0.813073,-0.242420,0.503908,0.161931
0.982152,0.037887,-0.053669,0.176241,0.983150,-0.039599,-0.031500,0.175658,0.937685,-0.091576,0.114988,0.314862,0.945714,0.002431,0.000061,0.324991,0.949810,0.092362,-0.245626,0.170289,0.987871,0.153940,0.012942,-0.015672,0.955469,0.281808,0.086170,-0.015391,0.991191,-0.027131,0.075965,0.105045,0.990369,0.070906,0.071744,0.094837,0.718709,0.184725,0.645770,-0.179763,0.712334,0.188811,0.661527,-0.138971,0.977347,-0.164159,0.071702,0.112713,0.735815,-0.309781,0.518887,0.305562,0.814966,-0.241425,0.503039,0.156512
0.984946,0.036865,-0.054959,0.159690,0.986115,-0.035627,-0.031515,0.159106,0.937793,-0.088398,0.116013,0.315073,0.945810,0.002606,-0.000043,0.324711,0.951770,0.090288,-0.249067,0.154749,0.985611,0.162798,0.015067,-0.042893,0.950099,0.292541,0.100120,-0.041329,0.991931,-0.025544,0.077282,0.097196,0.991077,0.067965,0.074054,0.087536,0.721108,0.177437,0.646795,-0.173713,0.717568,0.161656,0.665832,-0.125024,0.978088,-0.164211,0.072422,0.105520,0.738634,-0.306235,0.520586,0.299381,0.816434,-0.239031,0.503781,0.150015
0.987030,0.035868,-0.057028,0.145713,0.988378,-0.032271,-0.031451,0.145181,0.937928,-0.085544,0.116357,0.315332,0.945876,0.002781,-0.000183,0.324516,0.952684,0.081714,-0.257327,0.139638,0.983094,0.168015,0.026084,-0.067944,0.945525,0.299529,0.108548,-0.066951,0.992588,-0.023662,0.078520,0.089685,0.991660,0.066217,0.075860,0.080440,0.723361,0.171973,0.647160,-0.168396,0.722269,0.140632,0.667692,-0.112864,0.978792,-0.163968,0.073169,0.098626,0.741079,-0.302723,0.522570,0.293395,0.817605,-0.236215,0.505078,0.143595
0.988101,0.034934,-0.060674,0.136948,0.989687,-0.030124,-0.031012,0.136565,0.938098,-0.083250,0.115724,0.315672,0.945900,0.003043,-0.000016,0.324445,0.951427,0.060168,-0.274860,0.124974,0.980262,0.167596,0.054972,-0.089313,0.943839,0.298707,0.106191,-0.093090,0.993152,-0.021168,0.079587,0.082862,0.992087,0.066837,0.076553,0.073728,0.725611,0.170176,0.646081,-0.164646,0.726750,0.132084,0.665929,-0.104528,0.979493,-0.163092,0.073930,0.092347,0.742857,-0.299254,0.525117,0.287859,0.818261,-0.232506,0.507461,0.137383
0.988862,0.034404,-0.064449,0.129672,0.990714,-0.028190,-0.030540,0.129453,0.938314,-0.081057,0.114959,0.315882,0.945960,0.003330,0.000134,0.324267,0.951573,0.032731,-0.285177,0.110052,0.974968,0.167147,0.083108,-0.120799,0.940462,0.296856,0.103669,-0.129078,0.993646,-0.018738,0.080641,0.076244,0.992486,0.069290,0.075581,0.066768,0.726676,0.174798,0.642933,-0.167410,0.727991,0.144657,0.661603,-0.106697,0.980086,-0.162324,0.075195,0.086182,0.744183,-0.295822,0.528011,0.282640,0.818623,-0.228045,0.510576,0.131010
0.989451,0.034074,-0.068287,0.123138,0.991591,-0.026340,-0.030056,0.123089,0.938553,-0.078891,0.114112,0.316026,0.946038,0.003653,0.000260,0.324036,0.951834,0.002376,-0.291527,0.094961,0.966881,0.168805,0.109497,-0.157021,0.934946,0.295254,0.099926,-0.169459,0.994082,-0.016305,0.081680,0.069744,0.992833,0.072664,0.073748,0.059692,0.727070,0.182583,0.638709,-0.173445,0.727478,0.167708,0.655477,-0.114018,0.980610,-0.161572,0.076710,0.080093,0.745269,-0.292378,0.531058,0.277609,0.818811,-0.223171,0.514025,0.124585
0.989811,0.033645,-0.072431,0.117878,0.992272,-0.024639,-0.029291,0.118027,0.938753,-0.076768,0.113466,0.316187,0.946109,0.004123,0.000710,0.323822,0.953316,-0.030414,-0.289115,0.081709,0.957582,0.166766,0.130669,-0.195326,0.929309,0.287382,0.096593,-0.210870,0.994462,-0.013881,0.082617,0.063451,0.993090,0.077558,0.070706,0.052504,0.725881,0.195079,0.633430,-0.183867,0.727235,0.199711,0.644782,-0.124501,0.981047,-0.161202,0.077735,0.074282,0.744647,-0.290666,0.534481,0.274489,0.818162,-0.218872,0.517982,0.120005
0.990211,0.033099,-0.075995,0.112303,0.992968,-0.022662,-0.028596,0.112623,0.938921,-0.074489,0.112923,0.316428,0.946154,0.004945,0.001200,0.323678,0.953721,-0.062071,-0.286079,0.068717,0.947481,0.165180,0.147561,-0.230696,0.925856,0.269278,0.094532,-0.247676,0.994780,-0.011548,0.083607,0.057356,0.993241,0.082632,0.067652,0.045475,0.724769,0.207115,0.627992,-0.193492,0.727791,0.227683,0.633064,-0.133079,0.981405,-0.161003,0.078771,0.068685,0.743702,-0.289287,0.537956,0.271704,0.817081,-0.215311,0.522030,0.116207
0.990733,0.032318,-0.078399,0.106104,0.993707,-0.020192,-0.028037,0.106545,0.939019,-0.071961,0.112614,0.316833,0.946144,0.006410,0.001800,0.323679,0.953283,-0.091430,-0.282406,0.056036,0.938397,0.161348,0.158861,-0.261037,0.927870,0.229966,0.098498,-0.276534,0.995022,-0.009487,0.084728,0.051607,0.993266,0.088024,0.064620,0.038720,0.724133,0.218305,0.622353,-0.201620,0.730495,0.248055,0.621107,-0.138099,0.981632,-0.161229,0.079840,0.063472,0.742121,-0.288643,0.541582,0.269502,0.815168,-0.213290,0.526340,0.113906
0.991123,0.031910,-0.079972,0.101303,0.994252,-0.017447,-0.028161,0.101813,0.939219,-0.069585,0.112614,0.316772,0.946276,0.007393,0.002027,0.323268,0.951463,-0.116693,-0.281206,0.044989,0.933165,0.152586,0.164763,-0.280667,0.931660,0.187410,0.103204,-0.293661,0.995179,-0.007659,0.085932,0.046636,0.993166,0.093265,0.062029,0.032791,0.725323,0.225993,0.617085,-0.205038,0.734383,0.258631,0.612028,-0.138614,0.981730,-0.161593,0.081345,0.058973,0.740395,-0.288014,0.545294,0.267428,0.812689,-0.211790,0.531233,0.111687
0.991447,0.031689,-0.081128,0.097201,0.994692,-0.014572,-0.028633,0.097757,0.939464,-0.067301,0.112757,0.316485,0.946478,0.008120,0.002058,0.322661,0.948785,-0.139876,-0.281137,0.034700,0.929774,0.141197,0.168436,-0.295319,0.935191,0.143018,0.108736,-0.305188,0.995287,-0.005943,0.087174,0.042054,0.992981,0.098424,0.059640,0.027279,0.727469,0.231945,0.611963,-0.206135,0.738908,0.264377,0.604461,-0.136916,0.981755,-0.162016,0.083072,0.054836,0.738587,-0.287377,0.549045,0.265430,0.809908,-0.210524,0.536410,0.109517
0.991661,0.031715,-0.081924,0.094290,0.995003,-0.011742,-0.028627,0.094928,0.939572,-0.064780,0.112640,0.316733,0.946518,0.007208,0.001187,0.322568,0.946073,-0.155528,-0.282902,0.026904,0.932054,0.122846,0.164892,-0.298321,0.940039,0.107033,0.107494,-0.305477,0.995364,-0.004237,0.087999,0.038582,0.992752,0.103175,0.057186,0.022991,0.731438,0.235118,0.606836,-0.203638,0.743348,0.263498,0.600242,-0.133087,0.981688,-0.162340,0.085277,0.051592,0.736745,-0.286488,0.553045,0.263198,0.807957,-0.208385,0.540933,0.105696
0.991904,0.031859,-0.082223,0.091378,0.995303,-0.008931,-0.028472,0.092099,0.939684,-0.062190,0.112504,0.316968,0.946564,0.006677,0.000575,0.322446,0.943409,-0.168664,-0.284867,0.019570,0.935415,0.102600,0.159633,-0.298312,0.944525,0.072577,0.103938,-0.302989,0.995436,-0.002558,0.088649,0.035252,0.992512,0.107668,0.054514,0.018878,0.735170,0.238329,0.601855,-0.201233,0.747557,0.263261,0.595920,-0.129353,0.981620,-0.162592,0.087392,0.048454,0.734825,-0.285644,0.557042,0.261044,0.805968,-0.206032,0.545513,0.101890
0.992213,0.032241,-0.081527,0.088468,0.995595,-0.006165,-0.028004,0.089271,0.939809,-0.059461,0.112365,0.317172,0.946624,0.006908,0.000511,0.322264,0.941231,-0.176839,-0.287468,0.013204,0.941327,0.078767,0.150378,-0.291696,0.950036,0.041607,0.095013,-0.294403,0.995514,-0.000954,0.088961,0.032196,0.992300,0.111650,0.051448,0.015096,0.738432,0.241583,0.597295,-0.198981,0.751268,0.264303,0.591555,-0.125707,0.981565,-0.162730,0.089325,0.045504,0.732772,-0.284920,0.561054,0.259009,0.803933,-0.203274,0.550228,0.098087
0.992623,0.032892,-0.079956,0.085000,0.995932,-0.003585,-0.027009,0.085893,0.939928,-0.056582,0.112105,0.317437,0.946663,0.007936,0.000702,0.322126,0.939643,-0.181427,-0.290009,0.007137,0.948309,0.052980,0.138840,-0.280406,0.955929,0.010582,0.083508,-0.281271,0.995598,0.000695,0.088965,0.029492,0.992110,0.115050,0.048407,0.011786,0.741400,0.244527,0.593042,-0.197064,0.754670,0.268186,0.586204,-0.122123,0.981537,-0.162634,0.091111,0.042821,0.730756,-0.284136,0.564934,0.257123,0.801933,-0.200999,0.554631,0.094273
0.993070,0.033679,-0.077946,0.081252,0.996280,-0.001102,-0.025754,0.082235,0.940045,-0.053629,0.111771,0.317722,0.946691,0.009360,0.001005,0.322005,0.938342,-0.184248,-0.292515,0.001215,0.955275,0.026470,0.126016,-0.266212,0.961352,-0.020175,0.070497,-0.265378,0.995681,0.002360,0.088813,0.026957,0.991921,0.118148,0.045375,0.008704,0.744216,0.247308,0.588920,-0.195334,0.757886,0.273464,0.580319,-0.118558,0.981520,-0.162422,0.092826,0.040269,0.728749,-0.283316,0.568745,0.255315,0.799935,-0.198966,0.558870,0.090451
0.993560,0.034163,-0.075513,0.077258,0.996637,0.001608,-0.023955,0.078342,0.940278,-0.050150,0.111591,0.317663,0.946862,0.009928,0.000833,0.321487,0.937991,-0.185250,-0.292990,-0.003538,0.961674,0.000585,0.111864,-0.250338,0.965628,-0.048660,0.061117,-0.247911,0.995770,0.003861,0.088563,0.024167,0.991787,0.120339,0.042978,0.005549,0.747112,0.249072,0.584905,-0.194094,0.761161,0.276891,0.575221,-0.114396,0.981581,-0.161973,0.094131,0.037463,0.727369,-0.282152,0.571986,0.253292,0.798070,-0.196990,0.562616,0.087988
0.994044,0.034930,-0.072751,0.073237,0.996970,0.004517,-0.022219,0.074412,0.940441,-0.046634,0.111655,0.317694,0.947000,0.010438,0.000686,0.321063,0.937796,-0.186052,-0.293011,-0.008264,0.966998,-0.023956,0.098083,-0.233926,0.968721,-0.075872,0.052850,-0.230281,0.995855,0.005200,0.088213,0.021561,0.991661,0.122246,0.040720,0.002639,0.749830,0.250628,0.581097,-0.193045,0.764479,0.280088,0.569937,-0.110878,0.981634,-0.161513,0.095378,0.034803,0.726121,-0.280966,0.574994,0.251373,0.796379,-0.195073,0.566025,0.085689
0.994532,0.036267,-0.069331,0.069160,0.997274,0.007826,-0.020594,0.070417,0.940463,-0.043048,0.112243,0.317928,0.947073,0.010829,0.000619,0.320836,0.937942,-0.186427,-0.292133,-0.012933,0.971210,-0.046396,0.085222,-0.217569,0.970646,-0.101064,0.047074,-0.213113,0.995942,0.006228,0.087670,0.019344,0.991573,0.123614,0.038754,0.000236,0.752197,0.251780,0.577769,-0.192325,0.767904,0.282881,0.564360,-0.108620,0.981685,-0.161024,0.096507,0.032449,0.725161,-0.279753,0.577536,0.249665,0.795060,-0.193292,0.568778,0.083727
0.994964,0.038015,-0.065475,0.065689,0.997504,0.011380,-0.019127,0.067010,0.940528,-0.039258,0.112675,0.318074,0.947182,0.011065,0.000329,0.320506,0.938267,-0.185878,-0.291234,-0.016975,0.974663,-0.066803,0.075524,-0.199664,0.971968,-0.124681,0.042946,-0.194649,0.996014,0.006835,0.087287,0.017045,0.991514,0.124599,0.037004,-0.002234,0.754251,0.252981,0.574473,-0.192580,0.770500,0.284440,0.560186,-0.107767,0.981683,-0.160712,0.097821,0.030016,0.725227,-0.277918,0.579310,0.247400,0.794272,-0.191636,0.570700,0.081907
0.995351,0.039968,-0.061399,0.062518,0.997686,0.015046,-0.017743,0.063885,0.940610,-0.035374,0.113019,0.318163,0.947313,0.011212,-0.000080,0.320113,0.938672,-0.184879,-0.290321,-0.020710,0.977459,-0.085900,0.067343,-0.180723,0.972628,-0.147273,0.039476,-0.175350,0.996074,0.007219,0.086989,0.014718,0.991467,0.125378,0.035367,-0.004726,0.756146,0.254183,0.571193,-0.193323,0.772687,0.285363,0.556722,-0.107627,0.981649,-0.160495,0.099231,0.027556,0.725794,-0.275787,0.580698,0.244855,0.793744,-0.190056,0.572209,0.080162
0.995581,0.041885,-0.058394,0.060447,0.997766,0.019254,-0.016148,0.061906,0.940668,-0.030905,0.113473,0.318297,0.947447,0.011684,-0.000482,0.319698,0.942705,-0.178638,-0.281147,-0.018753,0.980913,-0.103490,0.058972,-0.153694,0.979235,-0.131973,0.034876,-0.149888,0.996109,0.006836,0.086904,0.012936,0.991393,0.126211,0.034166,-0.006657,0.756817,0.256262,0.568586,-0.195622,0.774175,0.285624,0.554063,-0.109942,0.981585,-0.160425,0.100488,0.025625,0.726777,-0.273773,0.581398,0.242528,0.794500,-0.188219,0.572183,0.077134
0.995805,0.043678,-0.055315,0.058355,0.997822,0.023593,-0.014397,0.059898,0.940648,-0.026283,0.113993,0.318585,0.947536,0.012006,-0.000815,0.319424,0.947144,-0.172126,-0.270238,-0.016225,0.983578,-0.116812,0.049660,-0.128312,0.985451,-0.109292,0.030670,-0.126498,0.996159,0.006316,0.086637,0.011032,0.991331,0.126904,0.032916,-0.008651,0.756860,0.258737,0.566431,-0.198428,0.774934,0.286986,0.551650,-0.113131,0.981583,-0.160233,0.101320,0.023543,0.727870,-0.271836,0.581920,0.240164,0.795230,-0.186515,0.572119,0.074172
0.996032,0.045222,-0.052092,0.056222,0.997851,0.028204,-0.012331,0.057842,0.940484,-0.021349,0.114659,0.319197,0.947527,0.012039,-0.001002,0.319447,0.952428,-0.165112,-0.255854,-0.012527,0.985659,-0.123688,0.039096,-0.107934,0.991026,-0.073596,0.026108,-0.108485,0.996240,0.005528,0.086004,0.008869,0.991299,0.127330,0.031562,-0.010789,0.755650,0.262039,0.565178,-0.202243,0.774237,0.290581,0.549714,-0.118043,0.981711,-0.159796,0.101300,0.021145,0.729198,-0.270039,0.582095,0.237726,0.795923,-0.185058,0.571989,0.071344
0.996295,0.045930,-0.048802,0.053894,0.997851,0.033229,-0.010151,0.055555,0.940362,-0.015970,0.115377,0.319611,0.947595,0.012311,-0.001159,0.319236,0.956695,-0.161463,-0.242005,-0.009946,0.986541,-0.123268,0.029401,-0.103337,0.993328,-0.040975,0.021625,-0.105605,0.996316,0.004376,0.085376,0.006837,0.991324,0.127215,0.030508,-0.012722,0.754074,0.264666,0.564912,-0.205422,0.772706,0.292986,0.549622,-0.122475,0.981922,-0.159090,0.100818,0.018856,0.730805,-0.268113,0.582144,0.234836,0.796753,-0.183469,0.571690,0.068516
0.996567,0.046221,-0.045480,0.051468,0.997815,0.038459,-0.007929,0.053140,0.940251,-0.010372,0.116094,0.319910,0.947702,0.012696,-0.001323,0.318900,0.960386,-0.159458,-0.228403,-0.007935,0.986767,-0.120030,0.020270,-0.107108,0.993673,-0.010623,0.016547,-0.110579,0.996386,0.003036,0.084751,0.004882,0.991377,0.126825,0.029606,-0.014541,0.752316,0.266956,0.565136,-0.208267,0.770754,0.294797,0.550449,-0.126645,0.982170,-0.158255,0.100099,0.016636,0.732539,-0.266129,0.582120,0.231728,0.797645,-0.181825,0.571301,0.065698
0.996902,0.044448,-0.042444,0.049091,0.997712,0.044359,-0.005704,0.050701,0.940078,-0.004208,0.116826,0.320291,0.947774,0.014101,-0.000619,0.318630,0.963158,-0.155191,-0.219557,-0.006066,0.987228,-0.115125,0.015981,-0.108955,0.993635,-0.000114,0.011729,-0.112033,0.996407,0.001651,0.084631,0.002862,0.991530,0.125558,0.028806,-0.016521,0.750515,0.268456,0.565835,-0.210927,0.768221,0.295585,0.552796,-0.129932,0.982522,-0.157282,0.098495,0.014584,0.734319,-0.264588,0.581725,0.228833,0.798565,-0.181273,0.570495,0.062996
0.997220,0.042039,-0.039704,0.047001,0.997542,0.050445,-0.003554,0.048512,0.939870,0.002092,0.117515,0.320672,0.947833,0.015624,0.000215,0.318385,0.965749,-0.150503,-0.211334,-0.003913,0.987698,-0.110044,0.012491,-0.110398,0.993532,0.007703,0.007725,-0.113028,0.996404,0.000196,0.084718,0.001017,0.991715,0.123983,0.028148,-0.018356,0.748778,0.269434,0.566837,-0.213147,0.766032,0.295786,0.555095,-0.132576,0.982842,-0.156471,0.096829,0.012786,0.736078,-0.263288,0.581132,0.226174,0.799691,-0.180577,0.569443,0.060167
0.997521,0.038361,-0.037558,0.045484,0.997278,0.056913,-0.001514,0.046845,0.939606,0.008671,0.118189,0.321086,0.947864,0.017393,0.001375,0.318198,0.968082,-0.145060,-0.204386,-0.001056,0.988292,-0.104486,0.010551,-0.110686,0.993544,0.010269,0.005369,-0.112856,0.996361,-0.001386,0.085218,-0.000496,0.991965,0.121806,0.027771,-0.019917,0.747174,0.269370,0.568468,-0.214510,0.764550,0.294811,0.557315,-0.133973,0.983111,-0.155967,0.095053,0.011468,0.737816,-0.262453,0.580155,0.223978,0.801243,-0.179569,0.567898,0.057071
0.997794,0.033882,-0.035779,0.044482,0.996932,0.063588,0.000401,0.045644,0.939256,0.015363,0.118807,0.321632,0.947836,0.018989,0.002541,0.318183,0.970347,-0.139235,-0.197569,0.002457,0.988933,-0.098774,0.008947,-0.110345,0.993612,0.012046,0.003660,-0.112145,0.996307,-0.002610,0.085791,-0.002178,0.992209,0.119515,0.027751,-0.021617,0.745672,0.268893,0.570217,-0.215691,0.763431,0.292266,0.559869,-0.135279,0.983395,-0.155660,0.092749,0.010143,0.739361,-0.262242,0.578960,0.222216,0.802723,-0.179376,0.566107,0.054619
0.998037,0.029001,-0.034182,0.043736,0.996519,0.070367,0.002247,0.044657,0.938845,0.022111,0.119383,0.322225,0.947775,0.020498,0.003696,0.318259,0.972538,-0.133198,-0.190764,0.006183,0.989559,-0.092974,0.007584,-0.109869,0.993687,0.013436,0.002321,-0.111360,0.996247,-0.003658,0.086383,-0.003952,0.992445,0.117163,0.027893,-0.023392,0.744222,0.268216,0.572011,-0.216786,0.762488,0.288938,0.562570,-0.136536,0.983679,-0.155459,0.090164,0.008811,0.740815,-0.262352,0.577644,0.220660,0.804172,-0.179596,0.564180,0.052479
0.998278,0.023587,-0.032096,0.043073,0.996032,0.077444,0.003678,0.043699,0.938315,0.028753,0.120242,0.322923,0.947676,0.021668,0.004571,0.318463,0.974509,-0.127083,-0.184624,0.009790,0.990154,-0.087112,0.006491,-0.109385,0.993754,0.014483,0.001409,-0.110637,0.996180,-0.004088,0.087030,-0.005854,0.992723,0.114133,0.029028,-0.025156,0.743715,0.265739,0.573523,-0.217583,0.761777,0.285661,0.564979,-0.137449,0.983877,-0.155760,0.087572,0.007482,0.742574,-0.262684,0.575862,0.219008,0.805595,-0.180652,0.561841,0.052111
0.998477,0.018138,-0.030009,0.042587,0.995415,0.085372,0.003795,0.042967,0.937554,0.034847,0.122620,0.323640,0.947577,0.022523,0.005440,0.318685,0.976303,-0.121051,-0.178892,0.013277,0.990677,-0.081225,0.005924,-0.109212,0.993789,0.015362,0.000589,-0.110217,0.996118,-0.004398,0.087601,-0.007429,0.993036,0.110741,0.030162,-0.026572,0.743856,0.262397,0.574750,-0.217919,0.761347,0.281999,0.567216,-0.138180,0.983975,-0.156484,0.085227,0.006465,0.744402,-0.263214,0.573875,0.217372,0.807212,-0.181964,0.559144,0.051535
0.998628,0.012619,-0.027922,0.042458,0.994555,0.095005,0.001319,0.042808,0.936297,0.039836,0.128084,0.324584,0.947440,0.022758,0.006348,0.319059,0.977826,-0.115229,-0.174063,0.016753,0.991133,-0.075304,0.006290,-0.109298,0.993802,0.015897,-0.000116,-0.110022,0.996070,-0.004462,0.088064,-0.008333,0.993430,0.106634,0.031328,-0.027283,0.745280,0.257308,0.575435,-0.217314,0.761477,0.277560,0.569141,-0.138536,0.983885,-0.158031,0.083418,0.006083,0.746359,-0.264121,0.571503,0.215806,0.809201,-0.183765,0.555757,0.050582
0.998703,0.006457,-0.026466,0.043004,0.993501,0.105155,-0.001793,0.043522,0.934914,0.044786,0.134181,0.325461,0.947357,0.021509,0.007138,0.319377,0.979305,-0.109372,-0.168995,0.020983,0.991580,-0.069444,0.006711,-0.109098,0.993860,0.015454,-0.000815,-0.109553,0.996041,-0.004255,0.088338,-0.009036,0.993832,0.102376,0.032359,-0.027762,0.747471,0.251502,0.575595,-0.216160,0.762653,0.272295,0.570108,-0.138539,0.983701,-0.160135,0.081574,0.005908,0.748099,-0.265658,0.569016,0.214463,0.811174,-0.186473,0.552058,0.049561
0.998716,-0.000026,-0.025326,0.043885,0.992276,0.115563,-0.005185,0.044787,0.933350,0.049721,0.140634,0.326508,0.947225,0.019555,0.007911,0.319875,0.980728,-0.103495,-0.163741,0.025487,0.991987,-0.063631,0.007251,-0.108904,0.993922,0.014502,-0.001438,-0.109122,0.996022,-0.003914,0.088497,-0.009641,0.994227,0.098041,0.033306,-0.028123,0.750020,0.245330,0.575484,-0.214712,0.764336,0.266615,0.570584,-0.138347,0.983465,-0.162519,0.079695,0.005821,0.749735,-0.267512,0.566455,0.213221,0.813136,-0.189630,0.548178,0.048493
0.998625,-0.007387,-0.025367,0.045287,0.990830,0.126418,-0.008976,0.046840,0.931606,0.054808,0.147388,0.327694,0.947063,0.017014,0.008484,0.320485,0.982261,-0.097192,-0.157393,0.030745,0.992398,-0.057770,0.006791,-0.108453,0.993985,0.014609,-0.002238,-0.108514,0.995987,-0.003478,0.088868,-0.009979,0.994596,0.093910,0.034024,-0.028323,0.752965,0.239172,0.574806,-0.213162,0.767358,0.259775,0.570001,-0.137030,0.983158,-0.165144,0.078042,0.006038,0.751002,-0.269593,0.564342,0.211740,0.815000,-0.192259,0.544685,0.046149
0.998496,-0.014790,-0.025074,0.046461,0.989232,0.137338,-0.012857,0.048918,0.929712,0.059929,0.154139,0.329066,0.946818,0.014882,0.009276,0.321291,0.983716,-0.090705,-0.151039,0.035546,0.992745,-0.051833,0.006198,-0.108315,0.994010,0.014652,-0.002905,-0.108268,0.995963,-0.003085,0.089133,-0.010183,0.994946,0.089966,0.034368,-0.028429,0.755663,0.233747,0.573826,-0.212272,0.770144,0.254322,0.568911,-0.136160,0.982871,-0.167650,0.076276,0.006345,0.752101,-0.271743,0.562386,0.210290,0.816633,-0.194578,0.541615,0.043638
0.998347,-0.022278,-0.024118,0.047182,0.987474,0.148393,-0.017004,0.050857,0.927743,0.065120,0.160799,0.330447,0.946544,0.013507,0.010425,0.322124,0.985098,-0.083848,-0.144824,0.039709,0.993042,-0.045687,0.005136,-0.108414,0.994003,0.014631,-0.003469,-0.108312,0.995955,-0.002782,0.089240,-0.010138,0.995276,0.086394,0.034009,-0.028385,0.757915,0.229810,0.572257,-0.212776,0.772521,0.251660,0.566845,-0.136253,0.982626,-0.169919,0.074337,0.006832,0.752851,-0.274010,0.560798,0.208899,0.817800,-0.196276,0.539457,0.040791
0.998193,-0.029221,-0.023572,0.046907,0.985676,0.159141,-0.020607,0.051891,0.925726,0.070422,0.167207,0.331834,0.946210,0.012743,0.012238,0.323070,0.986408,-0.076828,-0.138884,0.042513,0.993258,-0.039541,0.003948,-0.108900,0.993949,0.014875,-0.004152,-0.108751,0.995970,-0.002590,0.089075,-0.010125,0.995535,0.083631,0.033309,-0.028384,0.759859,0.227298,0.570154,-0.214184,0.774511,0.250232,0.564262,-0.138293,0.982492,-0.171665,0.072036,0.007198,0.753271,-0.276284,0.559507,0.207850,0.818612,-0.197645,0.537868,0.038838
0.998020,-0.035892,-0.023230,0.046133,0.983800,0.169716,-0.023945,0.052543,0.923601,0.075739,0.173469,0.333365,0.945788,0.012276,0.014354,0.324234,0.987647,-0.069709,-0.133080,0.044533,0.993397,-0.033393,0.002713,-0.109730,0.993852,0.015253,-0.004881,-0.109548,0.995996,-0.002454,0.088785,-0.010124,0.995758,0.081273,0.032450,-0.028406,0.761642,0.225494,0.567784,-0.216042,0.776299,0.249421,0.561412,-0.141302,0.982407,-0.173150,0.069563,0.007504,0.753517,-0.278558,0.558374,0.206969,0.819242,-0.198848,0.536571,0.037331
0.997861,-0.041133,-0.022994,0.045315,0.981875,0.179720,-0.027800,0.053376,0.921938,0.081004,0.179415,0.333585,0.945583,0.011297,0.018628,0.324651,0.988325,-0.063503,-0.130688,0.045839,0.993516,-0.027227,0.004610,-0.110290,0.993792,0.015692,-0.005481,-0.110009,0.995974,-0.002639,0.089037,-0.010078,0.995923,0.079729,0.030977,-0.028668,0.763029,0.225376,0.564881,-0.218865,0.777115,0.251079,0.558359,-0.145902,0.982389,-0.174124,0.067300,0.007925,0.753926,-0.280376,0.557035,0.206632,0.819717,-0.200196,0.535358,0.037112
0.997692,-0.045663,-0.022955,0.044712,0.979898,0.189212,-0.031898,0.054608,0.920440,0.086151,0.185107,0.333321,0.945380,0.010506,0.024008,0.324915,0.988919,-0.057481,-0.128517,0.047093,0.993589,-0.021203,0.006700,-0.110841,0.993726,0.016173,-0.005971,-0.110509,0.995935,-0.002905,0.089486,-0.009852,0.996067,0.078457,0.029368,-0.028842,0.764352,0.225573,0.561933,-0.221618,0.778056,0.253001,0.554937,-0.150547,0.982380,-0.174973,0.065115,0.008553,0.754194,-0.282285,0.555597,0.206929,0.820197,-0.201427,0.534132,0.037505
0.997544,-0.048770,-0.023314,0.044541,0.977950,0.197723,-0.036510,0.056442,0.919479,0.091140,0.190290,0.331726,0.945321,0.010104,0.031626,0.324448,0.989392,-0.051840,-0.126809,0.048332,0.993629,-0.015461,0.009129,-0.111261,0.993668,0.016745,-0.006289,-0.110923,0.995864,-0.003332,0.090317,-0.009266,0.996178,0.077732,0.027477,-0.028830,0.765566,0.226405,0.558901,-0.224229,0.779264,0.255440,0.550800,-0.155297,0.982397,-0.175571,0.063079,0.009599,0.754182,-0.284383,0.553954,0.208498,0.820691,-0.202433,0.532876,0.039128
0.997445,-0.050423,-0.023491,0.044832,0.976107,0.205132,-0.041087,0.058718,0.918692,0.095635,0.194319,0.330301,0.944986,0.011462,0.040288,0.324417,0.989788,-0.046434,-0.125294,0.049640,0.993646,-0.009961,0.011481,-0.111516,0.993632,0.016869,-0.006586,-0.111211,0.995755,-0.004147,0.091574,-0.008260,0.996266,0.077410,0.025464,-0.028535,0.766549,0.227666,0.556088,-0.226578,0.780716,0.257752,0.546895,-0.157964,0.982415,-0.175963,0.061441,0.011104,0.754072,-0.286380,0.552179,0.210857,0.821049,-0.203789,0.531588,0.041984
0.997372,-0.051349,-0.023577,0.045355,0.974284,0.211987,-0.045630,0.061235,0.917949,0.099919,0.197808,0.329024,0.944433,0.013762,0.049499,0.324666,0.990134,-0.041147,-0.123869,0.050979,0.993637,-0.004588,0.013810,-0.111689,0.993604,0.016764,-0.006859,-0.111457,0.995624,-0.005158,0.093042,-0.007047,0.996338,0.077293,0.023388,-0.028092,0.767410,0.229145,0.553383,-0.228785,0.782290,0.259991,0.543103,-0.159582,0.982431,-0.176248,0.060003,0.012842,0.753904,-0.288320,0.550336,0.213612,0.821328,-0.205318,0.530282,0.045459
0.997299,-0.051731,-0.023366,0.046609,0.972374,0.218840,-0.049550,0.064360,0.916739,0.104098,0.200230,0.329638,0.943319,0.016428,0.056954,0.326551,0.990424,-0.035846,-0.122377,0.052905,0.993617,0.000784,0.016137,-0.111646,0.993593,0.016911,-0.007037,-0.111526,0.995494,-0.006864,0.094403,-0.005651,0.996359,0.077757,0.021840,-0.027301,0.768394,0.230221,0.551190,-0.229690,0.783605,0.262611,0.540039,-0.159235,0.982603,-0.175918,0.057665,0.014787,0.752683,-0.291340,0.548403,0.218733,0.820987,-0.208544,0.528996,0.051507
0.997208,-0.052134,-0.023099,0.048222,0.970320,0.225802,-0.053572,0.067990,0.915220,0.108046,0.202621,0.331124,0.941991,0.020113,0.063411,0.328981,0.990665,-0.030599,-0.120841,0.055169,0.993562,0.006122,0.018475,-0.111606,0.993578,0.016990,-0.007220,-0.111633,0.995351,-0.008698,0.095836,-0.004136,0.996375,0.078311,0.020168,-0.026412,0.769180,0.231616,0.549060,-0.230759,0.784799,0.265191,0.537060,-0.159159,0.982794,-0.175405,0.055362,0.016875,0.751506,-0.294218,0.546382,0.223923,0.820562,-0.211531,0.527821,0.057776
0.997077,-0.052582,-0.022718,0.050556,0.968040,0.232998,-0.057828,0.072574,0.913184,0.111488,0.204876,0.334204,0.940386,0.025751,0.067841,0.332278,0.990837,-0.025461,-0.119230,0.058124,0.993474,0.011398,0.020810,-0.111560,0.993562,0.016944,-0.007437,-0.111770,0.995182,-0.010784,0.097416,-0.002380,0.996382,0.079040,0.018247,-0.025338,0.769570,0.233652,0.547056,-0.232161,0.785754,0.267707,0.534264,-0.159644,0.983028,-0.174538,0.053124,0.019234,0.750457,-0.296798,0.544210,0.229261,0.820007,-0.214023,0.526901,0.064485
0.996868,-0.053084,-0.022505,0.054128,0.965484,0.240086,-0.063049,0.078891,0.910208,0.112840,0.207610,0.340127,0.938020,0.040667,0.071497,0.336680,0.990890,-0.020730,-0.117615,0.062240,0.993375,0.016353,0.023181,-0.111360,0.993559,0.016957,-0.007716,-0.111778,0.994984,-0.012606,0.099241,0.000032,0.996379,0.080037,0.016155,-0.023714,0.769807,0.236004,0.545197,-0.233366,0.786502,0.270115,0.531765,-0.160246,0.983272,-0.173326,0.051375,0.022249,0.749778,-0.298701,0.541899,0.234427,0.819826,-0.216290,0.525386,0.071233
0.996606,-0.053612,-0.022375,0.058320,0.962699,0.247137,-0.068682,0.086123,0.906693,0.113063,0.210584,0.347533,0.934889,0.060146,0.074954,0.341682,0.990862,-0.016210,-0.115973,0.066930,0.993255,0.021123,0.025619,-0.111093,0.993560,0.016976,-0.007977,-0.111748,0.994761,-0.014302,0.101185,0.002769,0.996363,0.081174,0.013979,-0.021805,0.769958,0.238520,0.543420,-0.234454,0.787136,0.272476,0.529422,-0.160892,0.983512,-0.171934,0.049879,0.025594,0.749269,-0.300254,0.539517,0.239510,0.819808,-0.218431,0.523563,0.078004
0.996253,-0.055218,-0.023173,0.062400,0.960915,0.249722,-0.074806,0.093199,0.905540,0.112496,0.216030,0.347380,0.935022,0.081121,0.073282,0.337316,0.990759,-0.011952,-0.114524,0.071677,0.993105,0.025673,0.027785,-0.110956,0.993548,0.016785,-0.008222,-0.111866,0.994505,-0.015305,0.103421,0.005405,0.996333,0.082341,0.011612,-0.020138,0.769886,0.241469,0.541576,-0.235929,0.786937,0.274352,0.528475,-0.161787,0.983736,-0.170598,0.048166,0.028975,0.748976,-0.301780,0.536966,0.244196,0.820335,-0.220117,0.521075,0.084142
0.995873,-0.056918,-0.024520,0.066308,0.960228,0.247923,-0.081018,0.099665,0.906959,0.112228,0.223280,0.339081,0.938032,0.092423,0.072252,0.326089,0.990625,-0.007856,-0.113098,0.076223,0.992931,0.030028,0.029921,-0.110867,0.993531,0.016452,-0.008368,-0.112050,0.994245,-0.016008,0.105625,0.008053,0.996308,0.083330,0.009264,-0.018458,0.769605,0.244383,0.540028,-0.237390,0.786905,0.276420,0.527196,-0.162596,0.983926,-0.169452,0.046088,0.032428,0.748269,-0.303958,0.534378,0.249288,0.820766,-0.221943,0.518612,0.090142
0.995456,-0.058806,-0.026968,0.069877,0.961789,0.237317,-0.087586,0.104745,0.913359,0.112660,0.233446,0.313985,0.947349,0.084028,0.072271,0.300410,0.990469,-0.004076,-0.111773,0.080382,0.992742,0.034034,0.031896,-0.110853,0.993510,0.015879,-0.008421,-0.112312,0.993988,-0.016105,0.107769,0.010737,0.996304,0.083954,0.006948,-0.016768,0.768929,0.247220,0.539054,-0.238852,0.787220,0.278856,0.525232,-0.163263,0.984059,-0.168700,0.043256,0.036017,0.746752,-0.307466,0.531709,0.255169,0.821050,-0.224077,0.516216,0.095851
0.995044,-0.059860,-0.030452,0.073334,0.963933,0.223460,-0.094827,0.109115,0.918404,0.108982,0.249475,0.287087,0.955719,0.070743,0.079537,0.274356,0.990291,-0.000681,-0.110628,0.084168,0.992578,0.037585,0.033753,-0.110623,0.993522,0.015023,-0.008241,-0.112343,0.993736,-0.015784,0.109774,0.013725,0.996316,0.084352,0.004461,-0.014816,0.768152,0.250141,0.538042,-0.240589,0.786906,0.280068,0.524805,-0.164073,0.984146,-0.167999,0.040579,0.039828,0.745233,-0.310791,0.529528,0.260072,0.820678,-0.227368,0.514297,0.101436
0.994618,-0.060496,-0.034455,0.076735,0.966168,0.207962,-0.102490,0.112989,0.922202,0.104120,0.267721,0.258898,0.963024,0.055606,0.090001,0.247773,0.990094,0.002503,-0.109565,0.087765,0.992421,0.040886,0.035561,-0.110290,0.993548,0.014003,-0.007934,-0.112264,0.993480,-0.015275,0.111714,0.016878,0.996330,0.084628,0.001894,-0.012728,0.767316,0.253108,0.537011,-0.242449,0.786276,0.280677,0.525154,-0.164938,0.984197,-0.167328,0.037978,0.043758,0.743700,-0.314039,0.527582,0.264475,0.819959,-0.231252,0.512592,0.106949
0.994276,-0.059986,-0.037343,0.080144,0.967897,0.194347,-0.108989,0.116304,0.919885,0.091383,0.291957,0.245404,0.964756,0.042112,0.106502,0.236919,0.989845,0.005153,-0.108941,0.091172,0.992225,0.043858,0.037169,-0.110382,0.993526,0.013275,-0.007500,-0.112581,0.993275,-0.014590,0.113127,0.019875,0.996450,0.083518,0.000084,-0.010561,0.766913,0.253948,0.536666,-0.243608,0.785649,0.281304,0.525366,-0.166179,0.984097,-0.167309,0.036469,0.047241,0.742548,-0.316576,0.526100,0.267621,0.819901,-0.232897,0.511365,0.109666
0.993942,-0.059086,-0.039717,0.083735,0.969456,0.181196,-0.114432,0.119284,0.915920,0.077372,0.315651,0.235516,0.964966,0.028384,0.122862,0.230088,0.989563,0.007587,-0.108361,0.094690,0.992040,0.046605,0.038696,-0.110394,0.993513,0.012471,-0.007104,-0.112813,0.993088,-0.013795,0.114275,0.022981,0.996572,0.082304,-0.001560,-0.008218,0.766604,0.254661,0.536094,-0.245091,0.785190,0.281574,0.525374,-0.167856,0.983966,-0.167307,0.035352,0.050688,0.741686,-0.318597,0.524830,0.270096,0.819914,-0.234104,0.510354,0.111694
0.993644,-0.057410,-0.041063,0.087691,0.970962,0.168965,-0.117634,0.121841,0.909431,0.059219,0.339046,0.233400,0.962581,0.013039,0.139588,0.231911,0.989231,0.009616,-0.107893,0.098435,0.991892,0.048942,0.040026,-0.110244,0.993520,0.011556,-0.006826,-0.112864,0.992948,-0.012749,0.114890,0.026292,0.996703,0.080893,-0.002875,-0.005524,0.766484,0.255110,0.535069,-0.247230,0.785063,0.281123,0.524980,-0.170417,0.983793,-0.167337,0.035026,0.054058,0.741429,-0.319580,0.524000,0.271249,0.820085,-0.234427,0.509786,0.112348
0.993318,-0.055147,-0.041609,0.092453,0.972665,0.156234,-0.118540,0.124345,0.902277,0.038487,0.359719,0.234559,0.958446,-0.006918,0.156480,0.238426,0.988813,0.011371,-0.107409,0.102871,0.991801,0.050953,0.041179,-0.109726,0.993575,0.010445,-0.006399,-0.112514,0.992836,-0.011656,0.115136,0.029754,0.996823,0.079505,-0.004060,-0.002579,0.766402,0.255830,0.533371,-0.250390,0.784926,0.281596,0.523567,-0.174565,0.983567,-0.167493,0.035344,0.057385,0.741244,-0.320131,0.523553,0.271967,0.820307,-0.234809,0.509192,0.112626
0.992956,-0.052590,-0.041755,0.097615,0.974361,0.143224,-0.118355,0.126885,0.894414,0.016266,0.378950,0.236970,0.952909,-0.029368,0.173457,0.247011,0.988337,0.012990,-0.106924,0.107652,0.991737,0.052800,0.042244,-0.109024,0.993652,0.009235,-0.005902,-0.111964,0.992729,-0.010537,0.115199,0.033291,0.996929,0.078135,-0.005187,0.000485,0.766331,0.256698,0.531318,-0.254054,0.784768,0.282544,0.521621,-0.179498,0.983307,-0.167716,0.035982,0.060695,0.741094,-0.320475,0.523295,0.272467,0.820554,-0.235226,0.508581,0.112717
0.992439,-0.049957,-0.041545,0.104132,0.976731,0.126226,-0.115165,0.129614,0.888881,-0.006879,0.392089,0.236875,0.946044,-0.064791,0.188062,0.255805,0.987713,0.014434,-0.106198,0.113737,0.991653,0.054559,0.043466,-0.108440,0.993709,0.007763,-0.005833,-0.111575,0.992637,-0.009786,0.114747,0.037549,0.997011,0.076886,-0.006057,0.004478,0.766615,0.257304,0.528709,-0.257999,0.784543,0.284400,0.518780,-0.185676,0.982889,-0.168225,0.038613,0.064340,0.741501,-0.319376,0.523552,0.272156,0.820940,-0.234560,0.508528,0.111532
0.991800,-0.047385,-0.041073,0.111357,0.978971,0.106888,-0.111895,0.132927,0.884389,-0.030214,0.402564,0.234276,0.938905,-0.099253,0.200282,0.261711,0.986961,0.015636,-0.105533,0.120524,0.991586,0.056132,0.044752,-0.107717,0.993781,0.006255,-0.005677,-0.111035,0.992543,-0.008966,0.114118,0.041906,0.997061,0.075818,-0.006858,0.008617,0.766913,0.257854,0.526242,-0.261581,0.784363,0.286656,0.515625,-0.191661,0.982457,-0.168646,0.041358,0.068023,0.741661,-0.318333,0.524071,0.271942,0.821350,-0.233160,0.508769,0.110335
0.990946,-0.044936,-0.040081,0.120001,0.981081,0.082943,-0.108414,0.137282,0.882714,-0.053872,0.407709,0.227347,0.933115,-0.131871,0.207874,0.262098,0.985974,0.016366,-0.104985,0.128708,0.991560,0.057359,0.046153,-0.106719,0.993885,0.004705,-0.005358,-0.110190,0.992460,-0.008012,0.113141,0.046462,0.997062,0.075098,-0.007498,0.013058,0.767249,0.258274,0.524105,-0.264455,0.784298,0.289679,0.511898,-0.197290,0.982020,-0.168873,0.044350,0.071773,0.741330,-0.317357,0.525133,0.271935,0.821807,-0.230252,0.509617,0.109121
0.989916,-0.042717,-0.038375,0.129496,0.982642,0.056874,-0.104279,0.142500,0.883319,-0.076945,0.407188,0.219147,0.928815,-0.159330,0.211537,0.259168,0.984776,0.016787,-0.104662,0.137768,0.991482,0.058557,0.047835,-0.106050,0.993951,0.003368,-0.004866,-0.109666,0.992342,-0.006986,0.112082,0.051447,0.997020,0.074594,-0.008124,0.017934,0.767706,0.258384,0.522479,-0.266233,0.784119,0.291427,0.509699,-0.201085,0.981536,-0.168923,0.047937,0.075852,0.740671,-0.316195,0.526606,0.272238,0.821148,-0.229271,0.511154,0.108964
0.988735,-0.040609,-0.036310,0.139408,0.983406,0.029672,-0.100069,0.148384,0.884798,-0.100079,0.403306,0.210856,0.925069,-0.184418,0.212710,0.254934,0.983418,0.017087,-0.104473,0.147249,0.991374,0.059776,0.049650,-0.105546,0.993996,0.002174,-0.004295,-0.109308,0.992188,-0.005915,0.110991,0.056639,0.996939,0.074206,-0.008744,0.023017,0.768219,0.258352,0.521110,-0.267465,0.783882,0.292556,0.508270,-0.203964,0.981005,-0.168902,0.051828,0.080099,0.739828,-0.314970,0.528295,0.272677,0.819917,-0.229287,0.513040,0.109328
0.987396,-0.039340,-0.033657,0.149560,0.983526,0.005666,-0.092481,0.155213,0.887524,-0.120506,0.392375,0.209334,0.921693,-0.205838,0.206693,0.255716,0.981759,0.016788,-0.105729,0.157128,0.991273,0.060991,0.052260,-0.104535,0.994088,0.000981,-0.003900,-0.108504,0.992022,-0.005168,0.109771,0.061779,0.996833,0.073776,-0.009501,0.028103,0.768517,0.257878,0.521322,-0.266652,0.784058,0.292119,0.508249,-0.203968,0.980447,-0.168862,0.055739,0.084271,0.738147,-0.314293,0.530510,0.273711,0.818042,-0.230007,0.515477,0.110398
0.985901,-0.038205,-0.030273,0.160070,0.982910,-0.017134,-0.083807,0.163003,0.890212,-0.140025,0.378252,0.211758,0.917655,-0.226011,0.198595,0.259595,0.979868,0.016143,-0.107679,0.167345,0.991121,0.062286,0.055461,-0.103552,0.994168,-0.000084,-0.003624,-0.107783,0.991817,-0.004524,0.108605,0.066966,0.996698,0.073366,-0.010323,0.033221,0.768741,0.257329,0.521976,-0.265256,0.784107,0.291237,0.508912,-0.203382,0.979835,-0.168847,0.059868,0.088488,0.736421,-0.313547,0.532819,0.274730,0.816223,-0.230056,0.518123,0.111371
0.984181,-0.037344,-0.025432,0.171306,0.981664,-0.037383,-0.072545,0.172268,0.893278,-0.156899,0.358509,0.221151,0.912977,-0.243237,0.187106,0.268889,0.977593,0.014789,-0.110997,0.178249,0.990870,0.063737,0.059849,-0.102627,0.994228,-0.000899,-0.003578,-0.107227,0.991564,-0.004108,0.107531,0.072258,0.996530,0.072978,-0.011275,0.038418,0.768818,0.256596,0.523515,-0.262695,0.783911,0.289431,0.510944,-0.201617,0.979146,-0.168858,0.064421,0.092786,0.734632,-0.312626,0.535307,0.275732,0.814540,-0.228722,0.521184,0.112153
0.982214,-0.037526,-0.020429,0.182838,0.979906,-0.052681,-0.059981,0.182787,0.895543,-0.168932,0.336548,0.237063,0.908505,-0.254675,0.171743,0.283307,0.975307,0.014790,-0.112161,0.189679,0.990724,0.065426,0.061553,-0.101963,0.994271,-0.001797,-0.003573,-0.106818,0.991243,-0.004013,0.106516,0.077949,0.996300,0.072771,-0.012741,0.043921,0.768405,0.256599,0.525503,-0.259916,0.783329,0.288737,0.513136,-0.199292,0.978347,-0.168911,0.069373,0.097431,0.732905,-0.311512,0.537888,0.276564,0.812744,-0.227629,0.524290,0.112922
0.980037,-0.038227,-0.015344,0.194500,0.977689,-0.065609,-0.046849,0.193971,0.896796,-0.177632,0.313585,0.256649,0.903818,-0.262421,0.154566,0.300595,0.972944,0.015516,-0.112210,0.201367,0.990631,0.067236,0.061989,-0.101427,0.994305,-0.002736,-0.003515,-0.106477,0.990868,-0.004067,0.105531,0.083826,0.996019,0.072674,-0.014462,0.049561,0.767728,0.256985,0.527723,-0.257022,0.782536,0.288616,0.515416,-0.196684,0.977461,-0.169011,0.074526,0.102229,0.731194,-0.310334,0.540529,0.277266,0.810880,-0.226692,0.527419,0.113642
0.977794,-0.040369,-0.012728,0.205251,0.976009,-0.064086,-0.035625,0.205012,0.892457,-0.178005,0.300694,0.285336,0.900037,-0.255999,0.131257,0.327369,0.970909,0.019137,-0.108269,0.212715,0.990812,0.069321,0.057942,-0.100646,0.994389,-0.003522,-0.003646,-0.105665,0.990344,-0.004785,0.104875,0.090537,0.995638,0.072830,-0.016493,0.055941,0.767020,0.257660,0.529958,-0.253842,0.781493,0.289155,0.518119,-0.192900,0.976399,-0.169024,0.080360,0.107784,0.729500,-0.308813,0.543434,0.277746,0.808994,-0.225876,0.530612,0.113844
0.975426,-0.042495,-0.010652,0.215928,0.974156,-0.061148,-0.026077,0.215871,0.887332,-0.176400,0.290370,0.311785,0.896183,-0.246942,0.109582,0.351949,0.968646,0.022410,-0.105198,0.223954,0.990890,0.071520,0.055090,-0.099935,0.994460,-0.004318,-0.003598,-0.104970,0.989732,-0.005755,0.104324,0.097543,0.995177,0.073197,-0.018595,0.062600,0.766474,0.258281,0.532119,-0.250316,0.780624,0.289164,0.520981,-0.188650,0.975241,-0.169059,0.086125,0.113611,0.727582,-0.307580,0.546337,0.278450,0.807138,-0.224925,0.533808,0.113951
0.972946,-0.044596,-0.009654,0.226482,0.972226,-0.055150,-0.019899,0.226581,0.881699,-0.173107,0.284960,0.333824,0.893103,-0.235400,0.090704,0.372460,0.966077,0.025021,-0.104008,0.235057,0.990807,0.074130,0.054458,-0.099203,0.994518,-0.004932,-0.003369,-0.104394,0.988979,-0.007261,0.103968,0.105158,0.994596,0.073937,-0.020845,0.069843,0.766290,0.258754,0.534114,-0.246107,0.780144,0.288068,0.524144,-0.183481,0.973955,-0.169090,0.091743,0.120015,0.725252,-0.306845,0.549209,0.279689,0.805375,-0.223623,0.537010,0.113948
0.970285,-0.044618,-0.007694,0.237692,0.969650,-0.052616,-0.020011,0.237928,0.879117,-0.172663,0.279525,0.345262,0.899190,-0.197736,0.089505,0.379931,0.963268,0.026745,-0.103718,0.246254,0.990782,0.076240,0.053803,-0.098198,0.994611,-0.005193,-0.003184,-0.103496,0.988073,-0.008893,0.103747,0.113443,0.993859,0.075337,-0.022593,0.077832,0.766548,0.258413,0.536501,-0.240401,0.780052,0.286853,0.527027,-0.177416,0.972610,-0.168712,0.097092,0.127041,0.722022,-0.306719,0.552295,0.282095,0.802964,-0.222459,0.540819,0.115220
0.967453,-0.043597,-0.005252,0.249210,0.966692,-0.051659,-0.023328,0.249587,0.878177,-0.173649,0.274035,0.351505,0.907549,-0.146726,0.097355,0.381246,0.960273,0.028086,-0.103915,0.257465,0.990780,0.078179,0.053137,-0.097057,0.994721,-0.005199,-0.003023,-0.102443,0.987046,-0.010562,0.103568,0.122072,0.992997,0.077108,-0.024083,0.086208,0.766988,0.257661,0.539099,-0.233909,0.780115,0.285576,0.529784,-0.170869,0.971189,-0.168157,0.102297,0.134351,0.718322,-0.306925,0.555484,0.285040,0.800208,-0.221400,0.544924,0.117075
0.964843,-0.043160,-0.003020,0.259242,0.964010,-0.053475,-0.021152,0.259571,0.881234,-0.170029,0.263268,0.353846,0.911234,-0.128188,0.087590,0.381508,0.957459,0.029972,-0.104271,0.267397,0.990779,0.080489,0.051405,-0.096102,0.994815,-0.005584,-0.002750,-0.101514,0.985962,-0.012467,0.103245,0.130632,0.992021,0.079367,-0.024977,0.094719,0.768844,0.255055,0.541310,-0.225410,0.780812,0.283072,0.532768,-0.162361,0.969929,-0.167318,0.105622,0.141726,0.713176,-0.309008,0.558288,0.290187,0.796061,-0.223134,0.549244,0.121776
0.962267,-0.042444,-0.000976,0.268775,0.961336,-0.055503,-0.019129,0.269049,0.885150,-0.165887,0.252151,0.354133,0.914867,-0.112230,0.077117,0.380099,0.954672,0.031890,-0.104812,0.276766,0.990766,0.082858,0.049505,-0.095219,0.994905,-0.005706,-0.002427,-0.100626,0.984796,-0.014330,0.103072,0.139092,0.990965,0.081837,-0.025470,0.103164,0.770856,0.251932,0.543596,-0.216365,0.781997,0.279890,0.535419,-0.153195,0.968657,-0.166455,0.108485,0.149087,0.707875,-0.311441,0.560819,0.295633,0.791780,-0.225173,0.553420,0.126918
0.959886,-0.041179,0.000691,0.277349,0.958805,-0.057963,-0.017380,0.277543,0.890872,-0.160822,0.240344,0.350310,0.919148,-0.101683,0.065136,0.374946,0.952059,0.033803,-0.105755,0.285056,0.990745,0.085303,0.047167,-0.094461,0.994990,-0.005342,-0.002099,-0.099813,0.983552,-0.016161,0.103219,0.147346,0.989835,0.084656,-0.025205,0.111463,0.773269,0.247788,0.545989,-0.206282,0.784243,0.275396,0.537348,-0.142746,0.967439,-0.165498,0.110406,0.156469,0.702323,-0.314540,0.562807,0.301752,0.787288,-0.227772,0.557317,0.133022
0.958043,-0.039369,0.001591,0.283903,0.956825,-0.060036,-0.014972,0.284001,0.895660,-0.155853,0.228684,0.348147,0.922280,-0.091775,0.054485,0.371495,0.949915,0.035568,-0.107605,0.291233,0.990649,0.087998,0.045417,-0.093847,0.995055,-0.004856,-0.001749,-0.099192,0.982380,-0.017871,0.103219,0.154780,0.988704,0.087689,-0.024188,0.119125,0.776074,0.242692,0.548288,-0.195422,0.786929,0.270253,0.539075,-0.130786,0.966383,-0.164537,0.111371,0.163179,0.697090,-0.317898,0.564033,0.308016,0.783124,-0.230065,0.560544,0.139921
0.956465,-0.037287,0.002107,0.289448,0.955106,-0.061935,-0.012249,0.289459,0.899905,-0.150999,0.217051,0.346785,0.924740,-0.082244,0.044470,0.368936,0.948005,0.037271,-0.109916,0.296338,0.990509,0.090844,0.043968,-0.093311,0.995110,-0.004285,-0.001382,-0.098669,0.981227,-0.019516,0.103116,0.161802,0.987542,0.090820,-0.022794,0.126461,0.779010,0.237147,0.550455,-0.184130,0.789735,0.264819,0.540612,-0.118018,0.965396,-0.163568,0.111841,0.169549,0.692001,-0.321398,0.564832,0.314328,0.779094,-0.232218,0.563402,0.147190
0.955826,-0.034760,0.002646,0.291858,0.954328,-0.063449,-0.008815,0.291814,0.902139,-0.146763,0.205911,0.349580,0.925163,-0.073503,0.037549,0.370488,0.946988,0.039133,-0.112796,0.298262,0.990301,0.093938,0.042111,-0.093309,0.995112,-0.003645,-0.001140,-0.098678,0.980418,-0.020701,0.102639,0.166786,0.986581,0.093854,-0.020076,0.132083,0.781664,0.230882,0.552989,-0.172909,0.791827,0.259071,0.543271,-0.103676,0.964859,-0.162769,0.110407,0.174253,0.688058,-0.325180,0.563940,0.320635,0.775970,-0.235538,0.564257,0.154939
0.955372,-0.032242,0.003215,0.293623,0.953716,-0.064925,-0.005534,0.293564,0.904219,-0.142577,0.194969,0.352204,0.925440,-0.065083,0.031089,0.371966,0.946141,0.041058,-0.115813,0.299532,0.990074,0.097108,0.040200,-0.093311,0.995115,-0.002767,-0.000910,-0.098678,0.979724,-0.021718,0.102014,0.171061,0.985676,0.096776,-0.016979,0.137074,0.783825,0.224659,0.555841,-0.161823,0.793775,0.252686,0.546009,-0.089141,0.964436,-0.162060,0.108619,0.178331,0.684801,-0.328695,0.562549,0.326413,0.773544,-0.238801,0.564169,0.162227
0.955303,-0.029743,0.003842,0.294104,0.953478,-0.066306,-0.002529,0.294069,0.906149,-0.138503,0.184486,0.354509,0.925627,-0.057306,0.025558,0.373200,0.945642,0.043086,-0.119102,0.299532,0.989829,0.100386,0.038156,-0.093301,0.995121,-0.001453,-0.000731,-0.098647,0.979295,-0.022419,0.101152,0.173916,0.984938,0.099481,-0.013122,0.140814,0.785124,0.218454,0.559486,-0.151105,0.795633,0.244988,0.549027,-0.074284,0.964269,-0.161558,0.106156,0.181150,0.682958,-0.331649,0.560266,0.331178,0.772574,-0.241914,0.562288,0.168637
0.955440,-0.027270,0.004073,0.293896,0.953475,-0.067152,-0.000448,0.293897,0.908199,-0.134607,0.175293,0.355425,0.926091,-0.051282,0.019825,0.373273,0.945264,0.044779,-0.123252,0.298798,0.989506,0.103880,0.037117,-0.093322,0.995113,-0.000065,-0.000532,-0.098744,0.979011,-0.023069,0.100335,0.175890,0.984340,0.101710,-0.009033,0.143692,0.785698,0.212281,0.563744,-0.140745,0.796456,0.236912,0.553045,-0.060597,0.964138,-0.161517,0.103994,0.183124,0.683014,-0.333346,0.557495,0.334024,0.773302,-0.243204,0.559463,0.172791
0.955677,-0.024810,0.004106,0.293341,0.953590,-0.067727,0.001174,0.293391,0.910281,-0.130822,0.166734,0.355631,0.926673,-0.046152,0.013979,0.372761,0.944938,0.046299,-0.127829,0.297672,0.989138,0.107476,0.036576,-0.093363,0.995095,0.001357,-0.000326,-0.098910,0.978802,-0.023694,0.099532,0.177423,0.983805,0.103694,-0.004831,0.146123,0.785841,0.206143,0.568258,-0.130546,0.796668,0.228674,0.557472,-0.047465,0.964027,-0.161706,0.101975,0.184674,0.684022,-0.334407,0.554478,0.335916,0.774879,-0.243574,0.556165,0.175825
0.955987,-0.021696,0.003297,0.292587,0.953832,-0.067458,0.001273,0.292664,0.911807,-0.127769,0.160063,0.355898,0.927073,-0.041405,0.009910,0.372456,0.944727,0.047933,-0.132116,0.296207,0.988783,0.110954,0.035737,-0.093378,0.995084,0.002774,-0.000074,-0.098995,0.978741,-0.024304,0.098871,0.178044,0.983475,0.104874,-0.000917,0.147569,0.784496,0.201601,0.573348,-0.123269,0.794325,0.222226,0.564136,-0.037597,0.963940,-0.162460,0.100331,0.185362,0.686402,-0.334549,0.551385,0.336011,0.778175,-0.243587,0.551646,0.175486
0.956300,-0.018423,0.002248,0.291799,0.954095,-0.067038,0.001026,0.291903,0.913118,-0.124943,0.153824,0.356290,0.927337,-0.036938,0.006086,0.372350,0.944534,0.049549,-0.136325,0.294644,0.988430,0.114350,0.034802,-0.093371,0.995073,0.004526,0.000109,-0.099043,0.978698,-0.024850,0.098272,0.178538,0.983187,0.105783,0.002750,0.148812,0.782734,0.197644,0.578421,-0.117018,0.791529,0.216069,0.570899,-0.029495,0.963846,-0.163309,0.098778,0.185943,0.688676,-0.334734,0.548467,0.335951,0.781484,-0.243415,0.547298,0.174633
0.956624,-0.014831,0.000721,0.290946,0.954403,-0.066315,0.000084,0.291063,0.914070,-0.122567,0.148462,0.356948,0.927394,-0.033024,0.002759,0.372616,0.944388,0.051136,-0.140384,0.292931,0.988095,0.117590,0.033684,-0.093302,0.995063,0.006954,0.000157,-0.099006,0.978689,-0.025267,0.097814,0.178780,0.983001,0.106161,0.005930,0.149682,0.780250,0.194824,0.583541,-0.112840,0.788036,0.210465,0.577999,-0.024932,0.963735,-0.164352,0.097421,0.186313,0.690742,-0.335005,0.545923,0.335582,0.784831,-0.242885,0.543325,0.172756
0.956952,-0.010967,-0.000733,0.290037,0.954768,-0.065087,-0.002104,0.290135,0.914719,-0.120835,0.144409,0.357539,0.927379,-0.029308,0.000120,0.372973,0.944286,0.052673,-0.144369,0.291045,0.987773,0.120698,0.032404,-0.093202,0.995044,0.010190,0.000090,-0.098909,0.978781,-0.025520,0.097368,0.178483,0.982910,0.106376,0.008939,0.149977,0.777225,0.193461,0.588337,-0.111147,0.784436,0.207046,0.584135,-0.024061,0.963636,-0.165740,0.096364,0.186146,0.692776,-0.335233,0.543767,0.334660,0.787582,-0.242517,0.540117,0.170805
0.957272,-0.006969,-0.002150,0.289096,0.955158,-0.063608,-0.004913,0.289140,0.915222,-0.119432,0.141013,0.358077,0.927328,-0.025699,-0.002172,0.373361,0.944203,0.054182,-0.148309,0.289050,0.987451,0.123733,0.031042,-0.093102,0.995012,0.013822,-0.000034,-0.098794,0.978924,-0.025689,0.096933,0.177908,0.982864,0.106514,0.011867,0.149974,0.773919,0.192838,0.592965,-0.110705,0.780774,0.204723,0.589791,-0.025034,0.963542,-0.167298,0.095463,0.185702,0.694791,-0.335438,0.541804,0.333459,0.790028,-0.242230,0.537291,0.168814
0.957576,-0.002747,-0.003364,0.288147,0.955546,-0.062086,-0.007670,0.288128,0.915580,-0.118043,0.137682,0.358920,0.927155,-0.022515,-0.003622,0.373984,0.944026,0.054519,-0.153876,0.286645,0.987068,0.126763,0.031878,-0.092798,0.994940,0.018544,-0.000297,-0.098742,0.979174,-0.025651,0.096449,0.176798,0.982967,0.106018,0.014477,0.149418,0.771069,0.192432,0.596609,-0.111711,0.776977,0.202027,0.595563,-0.028227,0.963439,-0.169278,0.094952,0.184699,0.695963,-0.336107,0.540795,0.331977,0.791338,-0.242092,0.535885,0.167342
0.957794,0.001569,-0.004515,0.287417,0.955868,-0.060488,-0.010487,0.287312,0.915971,-0.116594,0.134304,0.359675,0.927004,-0.019989,-0.004986,0.374484,0.943769,0.054634,-0.159678,0.284287,0.986681,0.129741,0.033100,-0.092371,0.994847,0.023725,-0.000400,-0.098570,0.979392,-0.025640,0.096105,0.175775,0.983087,0.105317,0.016819,0.148879,0.768454,0.192055,0.599851,-0.113010,0.773369,0.199305,0.600984,-0.031576,0.963278,-0.171264,0.094887,0.183743,0.696819,-0.336716,0.540249,0.330449,0.792370,-0.242217,0.534843,0.165597
0.957857,0.006073,-0.005542,0.287129,0.956061,-0.058737,-0.013432,0.286909,0.916436,-0.115012,0.130831,0.360279,0.926916,-0.018760,-0.006183,0.374749,0.943362,0.054319,-0.165970,0.282083,0.986292,0.132636,0.035092,-0.091671,0.994726,0.029847,-0.000184,-0.098124,0.979548,-0.025686,0.096031,0.174938,0.983248,0.104199,0.018617,0.148392,0.766343,0.191719,0.602298,-0.114884,0.770198,0.196556,0.605738,-0.035256,0.963001,-0.173264,0.095695,0.182894,0.697054,-0.337213,0.540617,0.328839,0.792859,-0.242872,0.534525,0.163311
0.957793,0.011119,-0.006765,0.287164,0.956155,-0.056896,-0.016379,0.286813,0.916798,-0.113403,0.127387,0.361102,0.926754,-0.018368,-0.006859,0.375157,0.942915,0.053797,-0.172261,0.279900,0.985992,0.135170,0.037075,-0.090415,0.994513,0.038955,-0.000207,-0.097087,0.979664,-0.025893,0.096018,0.174266,0.983435,0.102762,0.019849,0.147992,0.764697,0.191210,0.604202,-0.116695,0.768161,0.194919,0.608569,-0.039739,0.962617,-0.175343,0.097331,0.182071,0.696753,-0.337602,0.541801,0.327127,0.792669,-0.243087,0.535593,0.160389
0.957649,0.016437,-0.008084,0.287354,0.956198,-0.055010,-0.019328,0.286853,0.917107,-0.111777,0.123955,0.362017,0.926562,-0.018397,-0.007280,0.375622,0.942445,0.053176,-0.178535,0.277661,0.985727,0.137504,0.039061,-0.088930,0.994167,0.049533,-0.000321,-0.095807,0.979761,-0.026178,0.096044,0.173665,0.983636,0.101167,0.020805,0.147622,0.763275,0.190625,0.605834,-0.118485,0.766678,0.193843,0.610440,-0.044638,0.962174,-0.177455,0.099390,0.181253,0.696179,-0.337929,0.543397,0.325360,0.792132,-0.243074,0.537354,0.157140
0.957604,0.021413,-0.010394,0.287103,0.956378,-0.052905,-0.022283,0.286437,0.917496,-0.109950,0.120628,0.362713,0.926505,-0.018306,-0.006784,0.375776,0.941832,0.051695,-0.186554,0.274731,0.985667,0.139272,0.042762,-0.085063,0.993686,0.064499,0.001715,-0.091791,0.979845,-0.026507,0.096682,0.172784,0.983953,0.099088,0.021543,0.146813,0.762987,0.189054,0.606443,-0.119737,0.766180,0.192476,0.611363,-0.046447,0.961790,-0.179052,0.102095,0.180213,0.694920,-0.337914,0.546038,0.323639,0.790323,-0.244500,0.540025,0.154861
0.957589,0.026472,-0.013284,0.286612,0.956611,-0.050849,-0.025197,0.285787,0.917840,-0.108186,0.117354,0.363448,0.926453,-0.017499,-0.005558,0.375962,0.941019,0.049685,-0.196262,0.271102,0.985742,0.140603,0.047807,-0.079112,0.993049,0.080599,0.005213,-0.085622,0.979938,-0.026824,0.097496,0.171745,0.984306,0.096929,0.022166,0.145792,0.762985,0.187367,0.606728,-0.120951,0.766160,0.191050,0.611727,-0.047841,0.961448,-0.180526,0.104644,0.179104,0.693380,-0.338065,0.548709,0.322265,0.788358,-0.245536,0.542920,0.153107
0.957653,0.031696,-0.017338,0.285648,0.956959,-0.048888,-0.028028,0.284699,0.918094,-0.106549,0.114190,0.364296,0.926397,-0.015259,-0.002866,0.376228,0.939778,0.046616,-0.209352,0.266115,0.986059,0.140832,0.055549,-0.069048,0.992196,0.098738,0.011717,-0.075243,0.980048,-0.027119,0.098650,0.170406,0.984734,0.094606,0.022549,0.144363,0.763570,0.185436,0.606359,-0.122076,0.767111,0.189494,0.610975,-0.048389,0.961201,-0.181764,0.106863,0.177864,0.691287,-0.338559,0.551432,0.321593,0.786105,-0.245798,0.546256,0.152401
0.957705,0.036732,-0.022596,0.284501,0.957322,-0.047191,-0.030968,0.283457,0.918375,-0.105220,0.111067,0.364938,0.926382,-0.012271,-0.000362,0.376386,0.938006,0.043386,-0.224655,0.260369,0.986527,0.139685,0.064547,-0.055557,0.990110,0.124288,0.021436,-0.061438,0.980123,-0.027112,0.100269,0.169029,0.985181,0.092289,0.022862,0.142750,0.765101,0.182948,0.605059,-0.122698,0.768482,0.188122,0.609636,-0.048883,0.960946,-0.182907,0.108958,0.176794,0.689201,-0.339084,0.553840,0.321379,0.783591,-0.247264,0.548986,0.153169
0.957717,0.041672,-0.028455,0.283252,0.957685,-0.045621,-0.033959,0.282142,0.918663,-0.104046,0.107966,0.365481,0.926377,-0.008912,0.002050,0.376486,0.935851,0.040084,-0.240969,0.253989,0.986937,0.137028,0.074222,-0.040861,0.986612,0.152546,0.033482,-0.046955,0.980179,-0.026939,0.102126,0.167611,0.985637,0.089983,0.023148,0.141023,0.767080,0.180193,0.603300,-0.123075,0.770048,0.186859,0.608009,-0.049352,0.960690,-0.183987,0.111002,0.175791,0.687120,-0.339599,0.556099,0.321390,0.780934,-0.249299,0.551424,0.154670
0.958087,0.045528,-0.037301,0.280365,0.958470,-0.044345,-0.035878,0.279430,0.919059,-0.103015,0.106091,0.365325,0.926529,-0.006022,0.002120,0.376170,0.932851,0.041278,-0.258870,0.247127,0.988030,0.130097,0.081832,-0.013218,0.979751,0.192563,0.050906,-0.020412,0.980300,-0.026120,0.103895,0.165936,0.986108,0.088108,0.022921,0.138933,0.769675,0.178498,0.600202,-0.124488,0.773109,0.186736,0.603936,-0.051909,0.960491,-0.185188,0.112401,0.174721,0.685973,-0.340007,0.557343,0.321255,0.778425,-0.253005,0.552366,0.157909
0.959080,0.048307,-0.045545,0.275241,0.959929,-0.042297,-0.037371,0.274501,0.919365,-0.101415,0.105004,0.365317,0.926636,-0.003851,0.001980,0.375936,0.930176,0.045114,-0.274557,0.239489,0.988595,0.122694,0.086384,0.012775,0.972183,0.223034,0.071443,0.003573,0.980466,-0.025376,0.105303,0.164176,0.986570,0.086251,0.022660,0.136845,0.772468,0.176863,0.596749,-0.126110,0.776263,0.187511,0.599414,-0.054385,0.960344,-0.186430,0.113478,0.173508,0.684809,-0.340608,0.558466,0.321153,0.776254,-0.256626,0.553010,0.160480
0.961387,0.048934,-0.052589,0.265661,0.962692,-0.038687,-0.038070,0.265100,0.919510,-0.098660,0.105406,0.365592,0.926676,-0.003106,0.001331,0.375846,0.928375,0.054170,-0.286142,0.230885,0.988746,0.117572,0.084638,0.037350,0.966189,0.238354,0.094650,0.026591,0.980721,-0.024867,0.105983,0.162282,0.987021,0.084362,0.022309,0.134814,0.775708,0.175283,0.592561,-0.128154,0.779663,0.190003,0.593978,-0.056695,0.960286,-0.187839,0.113894,0.172031,0.683588,-0.341686,0.559339,0.321089,0.774788,-0.260185,0.553046,0.161703
0.963952,0.047649,-0.056763,0.255545,0.965552,-0.034413,-0.038452,0.255044,0.919582,-0.095245,0.105877,0.366180,0.926652,-0.003022,0.001042,0.375906,0.926755,0.058359,-0.297955,0.221228,0.988407,0.112284,0.087768,0.052344,0.963178,0.238805,0.116870,0.040020,0.981070,-0.024548,0.106080,0.160145,0.987424,0.082874,0.022393,0.132760,0.778727,0.173966,0.588500,-0.130335,0.783389,0.192224,0.588190,-0.058165,0.960553,-0.188465,0.113360,0.170198,0.682197,-0.342853,0.560495,0.320788,0.773497,-0.262368,0.553988,0.161129
0.966593,0.045404,-0.059498,0.245147,0.968376,-0.029812,-0.038775,0.244653,0.919619,-0.091525,0.106227,0.366933,0.926585,-0.003294,0.000776,0.376069,0.925101,0.059984,-0.309887,0.211094,0.987947,0.106509,0.093437,0.062343,0.961703,0.231583,0.138294,0.048694,0.981457,-0.024332,0.105915,0.157896,0.987798,0.081581,0.022727,0.130705,0.781609,0.172754,0.584521,-0.132582,0.787250,0.194255,0.582235,-0.059195,0.960973,-0.188712,0.112378,0.168198,0.680695,-0.344076,0.561808,0.320371,0.772274,-0.263888,0.555398,0.159656
0.968023,0.044134,-0.060717,0.239370,0.969894,-0.026887,-0.038944,0.238887,0.919921,-0.088613,0.105291,0.367160,0.926691,-0.002370,0.000882,0.375816,0.924267,0.045664,-0.322112,0.199721,0.987640,0.095778,0.111682,0.054042,0.964036,0.222237,0.140664,0.038207,0.982051,-0.023261,0.105072,0.154899,0.988125,0.080751,0.024874,0.128335,0.784506,0.169512,0.581718,-0.131986,0.790138,0.195062,0.578035,-0.059228,0.961883,-0.187264,0.111442,0.165206,0.681208,-0.342796,0.563791,0.317154,0.771271,-0.262686,0.558247,0.156515
0.969501,0.042486,-0.061545,0.233397,0.971416,-0.024007,-0.039018,0.232921,0.920175,-0.085769,0.104456,0.367438,0.926763,-0.001536,0.000885,0.375642,0.924336,0.026481,-0.331387,0.187307,0.987034,0.086413,0.130264,0.036433,0.966139,0.214016,0.142905,0.018725,0.982720,-0.022035,0.104096,0.151461,0.988480,0.079916,0.027240,0.125610,0.787241,0.166196,0.579140,-0.131252,0.792577,0.195268,0.574626,-0.059136,0.962947,-0.185508,0.110198,0.161788,0.682184,-0.341118,0.565521,0.313766,0.770847,-0.260306,0.560962,0.152830
0.971109,0.040083,-0.061595,0.227040,0.972990,-0.021232,-0.038868,0.226558,0.920335,-0.083060,0.103894,0.367819,0.926776,-0.000886,0.000748,0.375613,0.926195,-0.002390,-0.334882,0.173239,0.985682,0.080083,0.148373,0.001698,0.967298,0.208127,0.143916,-0.017513,0.983542,-0.020494,0.102847,0.147131,0.988900,0.079070,0.030033,0.122157,0.789681,0.162723,0.577018,-0.130291,0.794145,0.194268,0.572822,-0.058896,0.964322,-0.183135,0.108333,0.157506,0.684107,-0.338658,0.566740,0.310022,0.771594,-0.255592,0.563382,0.148042
0.972201,0.037943,-0.062323,0.222488,0.974087,-0.018707,-0.038749,0.222042,0.920815,-0.080285,0.102992,0.367488,0.927078,-0.000349,0.000512,0.374867,0.928331,-0.034928,-0.333204,0.161109,0.983152,0.072504,0.163906,-0.035927,0.967543,0.199990,0.143893,-0.056210,0.984324,-0.019022,0.101867,0.142717,0.989279,0.078810,0.032698,0.118516,0.790471,0.161197,0.576273,-0.130690,0.795336,0.194217,0.571188,-0.058869,0.965590,-0.181089,0.106607,0.153222,0.686510,-0.336043,0.567097,0.306890,0.773224,-0.251576,0.563914,0.144348
0.973036,0.035936,-0.063391,0.218839,0.974947,-0.016300,-0.038651,0.218447,0.921451,-0.077473,0.101916,0.366796,0.927524,0.000139,0.000226,0.373764,0.929802,-0.069354,-0.328760,0.150251,0.979254,0.064537,0.176954,-0.074732,0.966598,0.190532,0.142263,-0.095639,0.985075,-0.017577,0.101004,0.138264,0.989626,0.078864,0.035282,0.114788,0.790447,0.160657,0.576215,-0.131756,0.796342,0.194642,0.569632,-0.058937,0.966796,-0.179205,0.104930,0.148934,0.689157,-0.333355,0.566999,0.304054,0.775299,-0.247920,0.563482,0.141192
0.974031,0.033539,-0.064800,0.214337,0.975988,-0.013186,-0.038118,0.214058,0.921800,-0.074220,0.101623,0.366672,0.927757,0.000159,-0.000201,0.373184,0.931310,-0.104050,-0.319373,0.140841,0.974312,0.057202,0.184673,-0.115503,0.968283,0.156310,0.142637,-0.132856,0.985738,-0.016622,0.100362,0.134056,0.989961,0.079173,0.036980,0.111092,0.788469,0.162164,0.577955,-0.134118,0.795239,0.197359,0.570047,-0.060748,0.967812,-0.178036,0.103072,0.144979,0.691454,-0.331584,0.565984,0.302665,0.777162,-0.246934,0.561424,0.140877
0.975122,0.031324,-0.065748,0.209362,0.977103,-0.009876,-0.037561,0.209192,0.922041,-0.070873,0.101399,0.366792,0.927897,0.000551,-0.000334,0.372836,0.931625,-0.136755,-0.309833,0.131819,0.968755,0.049457,0.188706,-0.153156,0.968928,0.115610,0.142621,-0.165745,0.986368,-0.015775,0.099903,0.129800,0.990273,0.079664,0.038728,0.107302,0.786125,0.163862,0.580163,-0.136265,0.793382,0.199734,0.571586,-0.062770,0.968771,-0.177052,0.101215,0.141032,0.693768,-0.329938,0.564751,0.301468,0.779052,-0.246322,0.559111,0.140709
0.976429,0.029476,-0.065776,0.203446,0.978384,-0.006194,-0.036918,0.203380,0.922062,-0.067357,0.101370,0.367408,0.927848,0.001672,0.000169,0.372955,0.931274,-0.165421,-0.300407,0.122965,0.963631,0.040375,0.188238,-0.185341,0.969110,0.062081,0.142812,-0.191250,0.986949,-0.015151,0.099843,0.125436,0.990555,0.080490,0.040598,0.103310,0.783048,0.165923,0.583316,-0.138017,0.789998,0.201415,0.575395,-0.065230,0.969636,-0.176437,0.099400,0.137098,0.696107,-0.328530,0.563120,0.300664,0.780982,-0.246440,0.556326,0.140842
0.977787,0.028465,-0.065027,0.197217,0.979688,-0.002472,-0.035979,0.197260,0.922125,-0.063709,0.101562,0.367847,0.927865,0.003019,0.000555,0.372904,0.931009,-0.187490,-0.291197,0.115218,0.960318,0.028561,0.182888,-0.208626,0.968060,0.016354,0.136816,-0.209463,0.987535,-0.014676,0.099450,0.121117,0.990808,0.081469,0.042211,0.099397,0.779359,0.168391,0.587176,-0.139534,0.786126,0.200756,0.580760,-0.066497,0.970465,-0.175987,0.097511,0.133108,0.698785,-0.327030,0.561459,0.299191,0.782820,-0.246457,0.553730,0.140837
0.979146,0.027874,-0.063888,0.190826,0.980973,0.001267,-0.034913,0.190977,0.922209,-0.059999,0.101818,0.368189,0.927914,0.004475,0.000838,0.372767,0.930728,-0.206212,-0.282021,0.108101,0.957798,0.015031,0.175411,-0.227218,0.965789,-0.025911,0.127961,-0.224068,0.988114,-0.014284,0.098892,0.116818,0.991038,0.082526,0.043693,0.095521,0.775345,0.171074,0.591368,-0.140920,0.781989,0.198938,0.586868,-0.067108,0.971263,-0.175634,0.095587,0.129087,0.701619,-0.325498,0.559780,0.297370,0.784602,-0.246450,0.551228,0.140745
0.980489,0.028102,-0.061250,0.184662,0.982168,0.004977,-0.033751,0.184885,0.922391,-0.056228,0.102126,0.368244,0.928083,0.004548,0.000598,0.372345,0.931549,-0.216837,-0.273229,0.102681,0.958173,-0.001626,0.163327,-0.235003,0.965417,-0.055151,0.109108,-0.230268,0.988620,-0.013789,0.098151,0.113165,0.991141,0.084229,0.045076,0.092270,0.771159,0.173835,0.595996,-0.141009,0.778323,0.193813,0.593596,-0.065524,0.971918,-0.175201,0.094486,0.125513,0.704979,-0.323134,0.558317,0.294738,0.787024,-0.245085,0.549060,0.138055
0.981771,0.028569,-0.058428,0.178594,0.983295,0.008693,-0.032490,0.178886,0.922532,-0.052436,0.102490,0.368349,0.928227,0.004825,0.000424,0.371982,0.932289,-0.225664,-0.265404,0.097328,0.958867,-0.018917,0.151475,-0.239316,0.964307,-0.084758,0.093129,-0.232927,0.989105,-0.013327,0.097340,0.109626,0.991230,0.085979,0.046185,0.089098,0.767008,0.176733,0.600486,-0.141002,0.774442,0.189431,0.600218,-0.063981,0.972546,-0.174714,0.093523,0.121999,0.708257,-0.320687,0.557078,0.291883,0.789445,-0.243419,0.547061,0.135087
0.982976,0.029518,-0.055241,0.172730,0.984341,0.012443,-0.030985,0.173084,0.922592,-0.048576,0.103053,0.368570,0.928322,0.005539,0.000462,0.371735,0.933146,-0.231004,-0.259670,0.091907,0.960580,-0.036920,0.139843,-0.237418,0.963078,-0.114419,0.082403,-0.229346,0.989565,-0.012920,0.096390,0.106320,0.991307,0.087818,0.046755,0.086094,0.762956,0.179883,0.604739,-0.140825,0.770151,0.186506,0.606758,-0.062666,0.973141,-0.174099,0.092836,0.118611,0.711392,-0.318053,0.556299,0.288607,0.791878,-0.241123,0.545409,0.131600
0.984163,0.030662,-0.051635,0.166784,0.985350,0.016438,-0.029380,0.167187,0.922774,-0.044382,0.103620,0.368485,0.928553,0.005778,0.000128,0.371155,0.934462,-0.234014,-0.253917,0.086857,0.962407,-0.054038,0.129622,-0.232487,0.962255,-0.136815,0.073837,-0.223373,0.989994,-0.012561,0.095360,0.103248,0.991371,0.089604,0.047071,0.083302,0.759170,0.182970,0.608624,-0.140566,0.766203,0.186950,0.611685,-0.061849,0.973737,-0.173344,0.092001,0.115431,0.713730,-0.315950,0.555824,0.286053,0.793746,-0.239270,0.544228,0.128578
0.985313,0.031902,-0.047818,0.160793,0.986313,0.020541,-0.027741,0.161230,0.923014,-0.040035,0.104156,0.368232,0.928855,0.005762,-0.000422,0.370399,0.935988,-0.235853,-0.248150,0.081986,0.964192,-0.070446,0.120134,-0.225695,0.961698,-0.155317,0.066355,-0.215895,0.990404,-0.012229,0.094290,0.100300,0.991423,0.091363,0.047258,0.080625,0.755512,0.186022,0.612314,-0.140248,0.762416,0.189078,0.615805,-0.061277,0.974327,-0.172523,0.091088,0.112362,0.715665,-0.314118,0.555496,0.283863,0.795328,-0.237644,0.543281,0.125793
0.986423,0.033436,-0.043712,0.154728,0.987225,0.025183,-0.025817,0.155198,0.923087,-0.035136,0.104716,0.368390,0.929014,0.005776,-0.000833,0.369999,0.938949,-0.232336,-0.241296,0.078561,0.966996,-0.085846,0.112836,-0.211702,0.964799,-0.158726,0.055992,-0.202072,0.990745,-0.012366,0.093466,0.097651,0.991471,0.093261,0.046833,0.078065,0.752734,0.189738,0.614415,-0.141015,0.759584,0.192353,0.618360,-0.060526,0.974872,-0.171813,0.089877,0.109665,0.716539,-0.313306,0.555331,0.282877,0.796218,-0.235904,0.543017,0.124576
0.987438,0.035036,-0.039692,0.148871,0.988041,0.029950,-0.023837,0.149364,0.923122,-0.030094,0.105246,0.368595,0.929155,0.005704,-0.001213,0.369645,0.942896,-0.225571,-0.232781,0.076672,0.970632,-0.101403,0.104524,-0.191480,0.970577,-0.149985,0.045983,-0.182675,0.991067,-0.012646,0.092762,0.094984,0.991506,0.095103,0.046597,0.075492,0.750456,0.192921,0.616122,-0.141389,0.757539,0.195230,0.620065,-0.059491,0.975403,-0.171124,0.088672,0.106975,0.717305,-0.312581,0.555184,0.282025,0.796869,-0.234594,0.542821,0.123735
0.988326,0.036768,-0.035848,0.143438,0.988727,0.035003,-0.021709,0.143954,0.923085,-0.024737,0.105797,0.368929,0.929251,0.005493,-0.001455,0.369406,0.948742,-0.212242,-0.220907,0.077729,0.975855,-0.116682,0.093731,-0.159082,0.980666,-0.116485,0.037680,-0.152663,0.991360,-0.013212,0.092301,0.092260,0.991528,0.096828,0.046752,0.072872,0.749198,0.195040,0.617066,-0.141039,0.757083,0.197302,0.620111,-0.057961,0.975915,-0.170476,0.087489,0.104280,0.717860,-0.312016,0.555088,0.281427,0.797050,-0.234136,0.542778,0.123631
0.989052,0.037699,-0.032264,0.138972,0.989197,0.040474,-0.019731,0.139506,0.923036,-0.019011,0.106185,0.369281,0.929341,0.005518,-0.001525,0.369177,0.953755,-0.199789,-0.210188,0.079099,0.979827,-0.125335,0.083408,-0.131431,0.987277,-0.090932,0.031165,-0.126663,0.991576,-0.014113,0.092175,0.089895,0.991532,0.098570,0.046693,0.070479,0.748743,0.197060,0.617012,-0.140881,0.757531,0.198744,0.619217,-0.056732,0.976337,-0.169957,0.086478,0.101994,0.718240,-0.311652,0.554883,0.281262,0.796906,-0.234031,0.542934,0.124064
0.989690,0.038229,-0.028811,0.134988,0.989537,0.046150,-0.017849,0.135529,0.922970,-0.013109,0.106452,0.369626,0.929428,0.005651,-0.001545,0.368957,0.958262,-0.187723,-0.200030,0.080511,0.983069,-0.130121,0.073150,-0.106265,0.992002,-0.068879,0.025438,-0.102669,0.991751,-0.015183,0.092221,0.087720,0.991524,0.100318,0.046524,0.068211,0.748694,0.199023,0.616456,-0.140816,0.758434,0.199861,0.617848,-0.055652,0.976711,-0.169507,0.085551,0.099925,0.718528,-0.311399,0.554622,0.281323,0.796598,-0.234115,0.543188,0.124774
0.990132,0.037172,-0.026019,0.132587,0.989577,0.052436,-0.016015,0.133158,0.922774,-0.006680,0.106702,0.370214,0.929421,0.006081,-0.001396,0.368970,0.961587,-0.181997,-0.187805,0.083404,0.984150,-0.125832,0.065524,-0.106403,0.993211,-0.050601,0.018315,-0.103135,0.991931,-0.016892,0.092283,0.085269,0.991599,0.101569,0.045911,0.065637,0.749063,0.201372,0.614904,-0.142291,0.758853,0.203326,0.616175,-0.055943,0.977045,-0.169407,0.084642,0.097572,0.718890,-0.311272,0.554284,0.281205,0.796725,-0.233627,0.543130,0.125130
0.990535,0.035353,-0.023721,0.130488,0.989512,0.058964,-0.014195,0.131100,0.922546,-0.000034,0.106954,0.370770,0.929414,0.006752,-0.001080,0.368976,0.964763,-0.175775,-0.175577,0.086649,0.985181,-0.121374,0.058046,-0.106386,0.993974,-0.033656,0.012792,-0.103535,0.992100,-0.018611,0.092390,0.082796,0.991674,0.102759,0.045281,0.063040,0.749444,0.203714,0.613298,-0.143878,0.759447,0.206835,0.614194,-0.056788,0.977388,-0.169244,0.083680,0.095222,0.719333,-0.311077,0.553953,0.280940,0.796892,-0.233401,0.542923,0.125385
0.990875,0.032010,-0.022409,0.128994,0.989280,0.065987,-0.012364,0.129683,0.922272,0.007058,0.107286,0.371287,0.929408,0.007923,-0.000356,0.368969,0.967788,-0.168682,-0.163385,0.090761,0.986248,-0.116478,0.050829,-0.105664,0.994369,-0.019287,0.010478,-0.103671,0.992258,-0.020329,0.092574,0.080255,0.991757,0.103844,0.044615,0.060365,0.749845,0.206077,0.611586,-0.145699,0.760385,0.210467,0.611609,-0.058753,0.977762,-0.168931,0.082608,0.092844,0.719958,-0.310706,0.553640,0.280365,0.797154,-0.233659,0.542419,0.125419
0.991174,0.028309,-0.021046,0.127787,0.988940,0.073235,-0.010601,0.128538,0.922029,0.014370,0.107603,0.371588,0.929459,0.009291,0.000726,0.368808,0.970483,-0.161301,-0.152334,0.094551,0.987180,-0.111095,0.044893,-0.105445,0.994511,-0.006911,0.008417,-0.104068,0.992410,-0.021865,0.092547,0.077970,0.991916,0.104408,0.043003,0.057902,0.750280,0.208975,0.609350,-0.148669,0.761376,0.214298,0.608764,-0.061553,0.978041,-0.168910,0.081782,0.090650,0.720811,-0.310273,0.553145,0.279630,0.797536,-0.233717,0.541901,0.125120
0.991443,0.024431,-0.019658,0.126721,0.988516,0.080594,-0.008881,0.127522,0.921775,0.021790,0.107902,0.371769,0.929526,0.010757,0.001981,0.368595,0.972954,-0.153754,-0.141808,0.098030,0.987985,-0.105504,0.039663,-0.105738,0.994458,0.004423,0.006520,-0.104837,0.992558,-0.023314,0.092405,0.075811,0.992108,0.104702,0.040904,0.055552,0.750724,0.212136,0.606832,-0.152204,0.762388,0.218218,0.605765,-0.064761,0.978271,-0.169038,0.081068,0.088544,0.721781,-0.309814,0.552552,0.278809,0.797983,-0.233679,0.541368,0.124649
0.991788,0.019406,-0.018162,0.125098,0.988048,0.088539,-0.007421,0.125964,0.921322,0.029241,0.108836,0.372110,0.929519,0.012728,0.003150,0.368541,0.974787,-0.146090,-0.136018,0.099734,0.988710,-0.099021,0.038981,-0.105488,0.994482,0.008515,0.005170,-0.104438,0.992747,-0.024472,0.092413,0.072899,0.992376,0.104263,0.039448,0.052555,0.751817,0.213722,0.604193,-0.155064,0.764096,0.220023,0.602521,-0.068670,0.978575,-0.169342,0.079567,0.085923,0.722197,-0.310211,0.552076,0.278232,0.798360,-0.234544,0.540529,0.124256
0.992137,0.014223,-0.016646,0.123227,0.987489,0.096944,-0.006491,0.124198,0.920705,0.036444,0.110502,0.372511,0.929473,0.014561,0.004339,0.368578,0.976549,-0.138284,-0.130491,0.101001,0.989381,-0.092428,0.038428,-0.105384,0.994482,0.011690,0.003882,-0.104183,0.992940,-0.025496,0.092392,0.069877,0.992649,0.103715,0.037997,0.049467,0.753039,0.215398,0.601182,-0.158482,0.765704,0.222157,0.599221,-0.072640,0.978879,-0.169699,0.077925,0.083227,0.722695,-0.310653,0.551556,0.277475,0.798825,-0.235299,0.539693,0.123470
0.992516,0.008723,-0.015089,0.120861,0.986795,0.106267,-0.006595,0.122063,0.919788,0.043141,0.113662,0.373109,0.929350,0.016110,0.005598,0.368807,0.978243,-0.130233,-0.125541,0.101586,0.990021,-0.085614,0.038052,-0.105266,0.994499,0.013045,0.002671,-0.103898,0.993148,-0.026244,0.092345,0.066645,0.992938,0.102965,0.036595,0.046192,0.754494,0.217257,0.597465,-0.163014,0.767118,0.224960,0.595849,-0.076723,0.979188,-0.170142,0.076035,0.080386,0.723345,-0.311161,0.550969,0.276376,0.799456,-0.235809,0.538888,0.121915
0.992852,0.003094,-0.014106,0.118477,0.985995,0.115649,-0.006709,0.119976,0.918793,0.049842,0.116923,0.373716,0.929200,0.017400,0.006999,0.369102,0.979859,-0.122061,-0.120679,0.102047,0.990620,-0.078753,0.037798,-0.105081,0.994519,0.013880,0.001787,-0.103619,0.993336,-0.027021,0.092402,0.063368,0.993262,0.101692,0.035348,0.042892,0.756562,0.217839,0.593626,-0.166637,0.769112,0.226961,0.591946,-0.080963,0.979445,-0.170784,0.074222,0.077536,0.724225,-0.311571,0.550372,0.274794,0.800184,-0.236327,0.538014,0.119981
0.993146,-0.002598,-0.013408,0.116081,0.985091,0.125055,-0.006859,0.117937,0.917711,0.056523,0.120185,0.374389,0.929005,0.018550,0.008420,0.369507,0.981399,-0.113812,-0.115865,0.102367,0.991163,-0.071845,0.037604,-0.104978,0.994526,0.014471,0.001054,-0.103473,0.993511,-0.027812,0.092492,0.060068,0.993597,0.100155,0.034160,0.039580,0.758935,0.217776,0.589710,-0.169803,0.771392,0.228557,0.587747,-0.085265,0.979671,-0.171529,0.072428,0.074679,0.725227,-0.311940,0.549755,0.272962,0.800966,-0.236855,0.537089,0.117851
0.993402,-0.008626,-0.013537,0.113553,0.983813,0.136118,-0.009164,0.116188,0.916143,0.062133,0.126434,0.375282,0.928760,0.019694,0.010195,0.370018,0.982888,-0.105452,-0.110918,0.102506,0.991695,-0.065079,0.037136,-0.104530,0.994575,0.014491,0.000256,-0.103004,0.993722,-0.028555,0.092271,0.056454,0.994052,0.097432,0.032699,0.036046,0.762456,0.216149,0.584899,-0.172722,0.774331,0.229795,0.582799,-0.089169,0.979869,-0.172684,0.070139,0.071532,0.726080,-0.312911,0.549052,0.270992,0.802092,-0.237295,0.535910,0.114631
0.993614,-0.014804,-0.013892,0.110987,0.982326,0.147469,-0.011967,0.114650,0.914419,0.067536,0.133152,0.376227,0.928485,0.020892,0.012185,0.370582,0.984313,-0.097048,-0.105869,0.102477,0.992161,-0.058302,0.036491,-0.104335,0.994591,0.014598,-0.000543,-0.102834,0.993923,-0.029204,0.092003,0.052912,0.994495,0.094628,0.031055,0.032565,0.766008,0.214495,0.579974,-0.175650,0.777665,0.231019,0.577206,-0.093272,0.980040,-0.173847,0.067935,0.068431,0.727102,-0.313705,0.548375,0.268694,0.803354,-0.237363,0.534750,0.111010
0.993776,-0.021282,-0.014701,0.108349,0.980547,0.159419,-0.015706,0.113431,0.912519,0.072607,0.140932,0.377061,0.928236,0.022242,0.014735,0.371035,0.985683,-0.088593,-0.100611,0.102268,0.992561,-0.051556,0.035501,-0.104420,0.994570,0.014838,-0.001300,-0.102997,0.994113,-0.029661,0.091689,0.049520,0.994937,0.091670,0.029081,0.029191,0.769637,0.212812,0.574864,-0.178607,0.781775,0.232213,0.570383,-0.097818,0.980174,-0.175010,0.065946,0.065433,0.728449,-0.314117,0.547775,0.265774,0.804879,-0.236660,0.533662,0.106616
0.993905,-0.027021,-0.015534,0.105745,0.978594,0.171181,-0.019859,0.112503,0.910381,0.077193,0.148689,0.378336,0.927741,0.024807,0.018012,0.371964,0.986790,-0.080755,-0.096939,0.101625,0.992854,-0.044899,0.036061,-0.104522,0.994553,0.015084,-0.002084,-0.103118,0.994285,-0.030333,0.091246,0.046383,0.995358,0.088647,0.026926,0.026074,0.773456,0.211125,0.569329,-0.181815,0.785687,0.233605,0.563629,-0.102207,0.980266,-0.176220,0.064065,0.062618,0.730002,-0.314375,0.547060,0.262660,0.806342,-0.236229,0.532482,0.102331
0.994003,-0.032390,-0.016380,0.103156,0.976465,0.182817,-0.024224,0.111834,0.908008,0.081472,0.156400,0.380030,0.927027,0.027953,0.021612,0.373325,0.987742,-0.073221,-0.094083,0.100761,0.993072,-0.038272,0.037370,-0.104627,0.994533,0.015345,-0.002909,-0.103246,0.994444,-0.031111,0.090729,0.043377,0.995757,0.085589,0.024677,0.023087,0.777345,0.209414,0.563563,-0.185143,0.789487,0.235080,0.556874,-0.106482,0.980331,-0.177457,0.062230,0.059897,0.731656,-0.314562,0.546276,0.259448,0.807768,-0.235935,0.531245,0.098101
0.994027,-0.036182,-0.018030,0.101375,0.973886,0.194721,-0.030720,0.112633,0.905228,0.084170,0.165678,0.382138,0.925924,0.035471,0.027889,0.375005,0.988422,-0.066594,-0.092404,0.100240,0.993187,-0.032048,0.040139,-0.104605,0.994522,0.015935,-0.003703,-0.103235,0.994570,-0.032067,0.090080,0.041090,0.996124,0.082642,0.021845,0.020755,0.781444,0.207826,0.557434,-0.188205,0.793745,0.235023,0.549905,-0.111077,0.980366,-0.178499,0.060688,0.057767,0.733340,-0.314542,0.545417,0.256507,0.809073,-0.235819,0.529927,0.094698
0.994041,-0.039332,-0.020144,0.099648,0.971060,0.206581,-0.037636,0.113802,0.902015,0.086219,0.175311,0.384969,0.924280,0.042370,0.035653,0.377678,0.989053,-0.060199,-0.090722,0.099594,0.993240,-0.026045,0.042891,-0.104673,0.994495,0.016556,-0.004314,-0.103381,0.994668,-0.032988,0.089557,0.039067,0.996464,0.079657,0.019146,0.018657,0.785654,0.205739,0.551432,-0.190636,0.797821,0.235369,0.542974,-0.115160,0.980388,-0.179430,0.059328,0.055897,0.734983,-0.314426,0.544540,0.253797,0.810308,-0.235976,0.528517,0.091576
0.994060,-0.041197,-0.023188,0.098033,0.967939,0.218420,-0.045422,0.115431,0.898235,0.087052,0.185651,0.388753,0.921794,0.048021,0.046389,0.381887,0.989636,-0.054276,-0.089012,0.098748,0.993226,-0.020502,0.045632,-0.104883,0.994446,0.017228,-0.004529,-0.103731,0.994720,-0.033845,0.089309,0.037560,0.996776,0.076599,0.016725,0.017025,0.790131,0.202694,0.545725,-0.191816,0.801602,0.236558,0.536185,-0.118237,0.980393,-0.180137,0.058357,0.054540,0.736546,-0.314106,0.543657,0.251545,0.811410,-0.236676,0.526951,0.089005
0.994132,-0.041971,-0.026762,0.096042,0.964396,0.230353,-0.055476,0.117477,0.894331,0.086369,0.197830,0.391887,0.918996,0.058291,0.060839,0.385159,0.990206,-0.048822,-0.087450,0.097270,0.993187,-0.015489,0.048202,-0.104961,0.994405,0.018050,-0.004576,-0.103977,0.994765,-0.034422,0.089126,0.036248,0.997076,0.073303,0.014875,0.015625,0.794822,0.198239,0.540701,-0.191319,0.805696,0.235828,0.530116,-0.119234,0.980415,-0.180729,0.057179,0.053429,0.737550,-0.314327,0.542716,0.250355,0.812490,-0.236095,0.525820,0.087365
0.994220,-0.042198,-0.030602,0.093861,0.960470,0.242248,-0.066634,0.119884,0.890126,0.084861,0.210928,0.394947,0.915711,0.070804,0.077222,0.387940,0.990754,-0.043587,-0.085975,0.095471,0.993126,-0.010718,0.050665,-0.104972,0.994367,0.018970,-0.004560,-0.104179,0.994807,-0.034860,0.088978,0.035028,0.997363,0.069886,0.013314,0.014333,0.799577,0.193073,0.536013,-0.189972,0.809918,0.234145,0.524413,-0.119165,0.980443,-0.181265,0.055902,0.052435,0.738274,-0.314818,0.541752,0.249690,0.813559,-0.234871,0.524908,0.086190
0.994384,-0.041377,-0.034137,0.091232,0.955764,0.253966,-0.082344,0.123437,0.885244,0.079514,0.226543,0.398371,0.910512,0.100474,0.099963,0.388434,0.991272,-0.039119,-0.084849,0.093009,0.993035,-0.006649,0.052690,-0.105174,0.994317,0.019449,-0.004620,-0.104564,0.994808,-0.034626,0.089431,0.034068,0.997566,0.067169,0.013168,0.013288,0.804269,0.187012,0.532224,-0.186857,0.814395,0.231223,0.519381,-0.116362,0.980454,-0.181720,0.054751,0.051869,0.738460,-0.315717,0.540724,0.250233,0.813674,-0.236482,0.523782,0.087533
0.994548,-0.040479,-0.037352,0.088548,0.951414,0.262605,-0.098578,0.127015,0.882042,0.074435,0.241429,0.397710,0.906477,0.127840,0.120482,0.383980,0.991751,-0.034904,-0.083835,0.090465,0.992937,-0.002824,0.054563,-0.105317,0.994271,0.020012,-0.004705,-0.104897,0.994801,-0.034161,0.090036,0.033136,0.997756,0.064390,0.013601,0.012303,0.809048,0.179954,0.528956,-0.182385,0.818625,0.228205,0.514834,-0.112788,0.980446,-0.182239,0.053613,0.051378,0.738483,-0.316789,0.539700,0.251021,0.813715,-0.238039,0.522718,0.089283
0.994735,-0.039430,-0.039928,0.085753,0.948266,0.265343,-0.115984,0.130123,0.882659,0.070943,0.254994,0.388404,0.906218,0.151889,0.135907,0.370444,0.992184,-0.031227,-0.083025,0.087767,0.992848,0.000474,0.056163,-0.105348,0.994234,0.020702,-0.004812,-0.105105,0.994778,-0.033228,0.090944,0.032270,0.997926,0.061497,0.015191,0.011459,0.814027,0.170924,0.526740,-0.175188,0.822404,0.225026,0.511286,-0.107708,0.980405,-0.182875,0.052501,0.051049,0.738180,-0.318203,0.538679,0.252311,0.813608,-0.239483,0.521777,0.091863
0.994910,-0.038633,-0.042067,0.083022,0.948853,0.254752,-0.132944,0.130784,0.891540,0.071925,0.265463,0.359878,0.917955,0.148582,0.136434,0.341567,0.992569,-0.028111,-0.082276,0.085128,0.992750,0.003252,0.057582,-0.105460,0.994187,0.021575,-0.004807,-0.105378,0.994782,-0.031725,0.091707,0.031486,0.998058,0.058882,0.017208,0.010771,0.818454,0.161992,0.525225,-0.167423,0.825801,0.220077,0.509618,-0.099541,0.980358,-0.183534,0.051353,0.050756,0.737514,-0.319912,0.537802,0.253966,0.813611,-0.241115,0.520605,0.094188
0.995074,-0.037961,-0.043988,0.080322,0.950990,0.237459,-0.149688,0.129709,0.903746,0.076227,0.272810,0.320946,0.934570,0.131649,0.129347,0.304166,0.992925,-0.025270,-0.081561,0.082517,0.992645,0.005779,0.058902,-0.105612,0.994133,0.022550,-0.004754,-0.105685,0.994797,-0.029938,0.092395,0.030751,0.998167,0.056408,0.019439,0.010186,0.822529,0.153143,0.524041,-0.159293,0.828887,0.214256,0.508903,-0.089762,0.980306,-0.184207,0.050185,0.050483,0.736660,-0.321771,0.536994,0.255797,0.813664,-0.242841,0.519315,0.096385
0.995299,-0.036476,-0.045185,0.077515,0.955124,0.210120,-0.166754,0.125625,0.918522,0.080353,0.278960,0.268405,0.952476,0.112897,0.125940,0.253344,0.993269,-0.023081,-0.080860,0.079663,0.992519,0.007695,0.060141,-0.105972,0.994069,0.023069,-0.004877,-0.106164,0.994829,-0.027867,0.092850,0.030297,0.998217,0.054579,0.022010,0.009988,0.824665,0.145070,0.525747,-0.149908,0.831703,0.207519,0.508934,-0.078693,0.980224,-0.184807,0.049781,0.050282,0.736485,-0.322545,0.536591,0.256173,0.813000,-0.243931,0.519529,0.098068
0.995530,-0.035181,-0.046089,0.074555,0.958687,0.183744,-0.180919,0.120110,0.930812,0.085421,0.280619,0.218050,0.966947,0.092153,0.120624,0.204871,0.993602,-0.021020,-0.080211,0.076682,0.992406,0.009461,0.061283,-0.106232,0.994014,0.023673,-0.004892,-0.106541,0.994867,-0.025615,0.093226,0.029867,0.998226,0.053349,0.024540,0.009831,0.826027,0.138238,0.527858,-0.141193,0.833568,0.201006,0.510041,-0.067970,0.980179,-0.185174,0.049556,0.050040,0.736415,-0.322945,0.536413,0.256244,0.812525,-0.244649,0.519808,0.098737
0.995786,-0.034265,-0.046410,0.071293,0.962253,0.159458,-0.189352,0.113087,0.940621,0.089241,0.277630,0.173755,0.977781,0.065669,0.114015,0.163196,0.993927,-0.019230,-0.079664,0.073441,0.992324,0.010909,0.062238,-0.106305,0.993978,0.024425,-0.004683,-0.106716,0.994921,-0.022995,0.093454,0.029475,0.998165,0.053319,0.026994,0.009712,0.826057,0.133851,0.530819,-0.133957,0.833792,0.194844,0.513273,-0.058119,0.980208,-0.185072,0.049697,0.049718,0.736557,-0.322589,0.536686,0.255711,0.812434,-0.244618,0.520220,0.097388
0.996108,-0.033109,-0.046217,0.067359,0.964573,0.143719,-0.194046,0.106255,0.947156,0.091413,0.271155,0.144963,0.983843,0.048954,0.106152,0.135602,0.994273,-0.017667,-0.079242,0.069501,0.992226,0.012156,0.063035,-0.106612,0.993918,0.025168,-0.004708,-0.107108,0.994993,-0.020348,0.093549,0.028706,0.998038,0.054427,0.029524,0.009259,0.824726,0.131605,0.534956,-0.127781,0.832446,0.189894,0.518084,-0.050624,0.980333,-0.184554,0.049888,0.048967,0.736992,-0.321611,0.537202,0.254605,0.812619,-0.242488,0.521277,0.095505
0.996450,-0.031832,-0.045767,0.063086,0.966356,0.132256,-0.196838,0.099591,0.952204,0.092492,0.263379,0.124032,0.987838,0.036935,0.097727,0.115162,0.994617,-0.016218,-0.078882,0.065208,0.992120,0.013302,0.063747,-0.107035,0.993844,0.025905,-0.004854,-0.107609,0.995069,-0.017684,0.093569,0.027743,0.997871,0.056111,0.032085,0.008642,0.822707,0.130425,0.539655,-0.122126,0.830323,0.185539,0.523622,-0.044273,0.980507,-0.183826,0.050103,0.047999,0.737573,-0.320317,0.537837,0.253210,0.812937,-0.239297,0.522643,0.093353
0.996780,-0.030792,-0.045089,0.058727,0.966922,0.132146,-0.196455,0.094890,0.955272,0.092506,0.252496,0.123062,0.989410,0.037325,0.083467,0.112729,0.994930,-0.015126,-0.078643,0.060838,0.992051,0.014062,0.064301,-0.107247,0.993815,0.025915,-0.004760,-0.107879,0.995145,-0.015078,0.093732,0.025969,0.997584,0.059647,0.034881,0.007188,0.818944,0.132432,0.545768,-0.118020,0.826900,0.182713,0.530181,-0.041944,0.980787,-0.182881,0.049601,0.046369,0.737739,-0.319542,0.538379,0.252551,0.812989,-0.237573,0.523700,0.091359
0.997089,-0.029749,-0.044495,0.054299,0.967436,0.133218,-0.195382,0.090260,0.958031,0.092440,0.241260,0.124194,0.990438,0.040570,0.069230,0.112219,0.995228,-0.014127,-0.078368,0.056386,0.991998,0.014685,0.064877,-0.107306,0.993802,0.025996,-0.004574,-0.107988,0.995219,-0.012581,0.093859,0.023917,0.997245,0.063552,0.037856,0.005501,0.814817,0.135023,0.552082,-0.114223,0.822892,0.180522,0.537344,-0.038998,0.981079,-0.181940,0.049036,0.044462,0.737802,-0.318857,0.538904,0.252115,0.813064,-0.235631,0.524718,0.089865
0.997377,-0.028697,-0.044071,0.049733,0.967850,0.136669,-0.192959,0.085761,0.960272,0.092377,0.229276,0.129524,0.990517,0.049702,0.055038,0.115660,0.995518,-0.013308,-0.078017,0.051775,0.991979,0.015036,0.065507,-0.107057,0.993821,0.026220,-0.004194,-0.107773,0.995297,-0.010307,0.093928,0.021313,0.996816,0.068186,0.041199,0.003338,0.809992,0.138792,0.558850,-0.111074,0.817682,0.179633,0.545810,-0.034911,0.981394,-0.181007,0.048350,0.042013,0.737651,-0.318360,0.539395,0.252134,0.813191,-0.233263,0.525661,0.089380
0.997685,-0.027948,-0.042930,0.044732,0.968784,0.138136,-0.189535,0.080330,0.962953,0.093288,0.216911,0.130266,0.990821,0.055024,0.043897,0.115408,0.995802,-0.012567,-0.077664,0.046774,0.991960,0.015281,0.066125,-0.106810,0.993844,0.026289,-0.004063,-0.107550,0.995425,-0.008189,0.093420,0.018319,0.996339,0.073166,0.044215,0.000876,0.804250,0.143913,0.566184,-0.109116,0.812172,0.179624,0.554261,-0.030103,0.981774,-0.179778,0.047741,0.038995,0.738107,-0.317093,0.539817,0.251490,0.813709,-0.230388,0.526390,0.087825
0.997985,-0.027350,-0.041430,0.039512,0.969946,0.138629,-0.185599,0.074431,0.965769,0.094648,0.204359,0.128720,0.991251,0.058406,0.034273,0.113296,0.996069,-0.011875,-0.077311,0.041577,0.991943,0.015468,0.066733,-0.106566,0.993868,0.026275,-0.004062,-0.107325,0.995568,-0.006154,0.092617,0.015123,0.995816,0.078322,0.047051,-0.001747,0.797999,0.149713,0.573743,-0.107714,0.806477,0.180118,0.562615,-0.024826,0.982178,-0.178407,0.047168,0.035684,0.738867,-0.315442,0.540203,0.250504,0.814415,-0.227257,0.527005,0.085724
0.998237,-0.027098,-0.039506,0.035049,0.971867,0.133261,-0.181825,0.068240,0.969916,0.098179,0.191860,0.113194,0.993159,0.055879,0.029727,0.098123,0.996274,-0.011885,-0.076936,0.037128,0.991931,0.015026,0.067223,-0.106430,0.993896,0.025914,-0.004007,-0.107163,0.995694,-0.003872,0.091903,0.011520,0.995223,0.083739,0.049962,-0.004789,0.791118,0.156649,0.581373,-0.107698,0.800003,0.182010,0.571323,-0.021405,0.982662,-0.176442,0.047164,0.031916,0.740765,-0.312132,0.540548,0.248292,0.815260,-0.224216,0.527369,0.083426
0.998460,-0.026852,-0.037403,0.030958,0.973765,0.127279,-0.178034,0.062342,0.973803,0.101552,0.179521,0.095747,0.994939,0.052996,0.026318,0.081213,0.996446,-0.012088,-0.076536,0.033040,0.991920,0.014421,0.067706,-0.106313,0.993924,0.025488,-0.003987,-0.107006,0.995805,-0.001591,0.091139,0.007979,0.994597,0.089025,0.052827,-0.007756,0.784283,0.163508,0.588677,-0.107817,0.793484,0.184548,0.579641,-0.018486,0.983127,-0.174432,0.047338,0.028173,0.742814,-0.308578,0.540817,0.246017,0.816234,-0.220926,0.527644,0.080899
0.998653,-0.026620,-0.034946,0.027612,0.975688,0.120050,-0.174274,0.057008,0.977415,0.105023,0.167566,0.074515,0.996593,0.049698,0.025130,0.060837,0.996579,-0.012665,-0.076084,0.029674,0.991910,0.013496,0.068175,-0.106230,0.993953,0.024938,-0.004036,-0.106860,0.995905,0.000698,0.090291,0.004573,0.993957,0.094037,0.055637,-0.010556,0.777650,0.170196,0.595454,-0.108298,0.786934,0.188280,0.587369,-0.016809,0.983572,-0.172321,0.047878,0.024498,0.745170,-0.304541,0.540942,0.243636,0.817470,-0.217139,0.527750,0.077930
0.998831,-0.026381,-0.032477,0.024200,0.977717,0.115355,-0.167613,0.051664,0.980168,0.107351,0.155873,0.058741,0.997835,0.037644,0.026732,0.046829,0.996698,-0.013568,-0.075640,0.026218,0.991905,0.012241,0.068584,-0.106164,0.993982,0.024447,-0.004004,-0.106706,0.995992,0.003154,0.089375,0.001197,0.993315,0.098697,0.058382,-0.013291,0.771465,0.176569,0.601458,-0.109146,0.781207,0.191214,0.594042,-0.016324,0.984016,-0.170099,0.048427,0.020831,0.747218,-0.300650,0.541177,0.241668,0.818848,-0.212808,0.527732,0.075495
0.998993,-0.026137,-0.030001,0.020754,0.979737,0.111947,-0.159486,0.046335,0.982451,0.108925,0.144349,0.045708,0.998671,0.021180,0.030025,0.036130,0.996803,-0.014641,-0.075195,0.022717,0.991901,0.010813,0.068973,-0.106106,0.994011,0.023979,-0.003921,-0.106547,0.996065,0.005682,0.088415,-0.002179,0.992657,0.103181,0.061078,-0.015998,0.765476,0.182786,0.607043,-0.110161,0.775885,0.193755,0.600161,-0.016386,0.984450,-0.167827,0.048977,0.017156,0.749109,-0.296831,0.541461,0.239889,0.820290,-0.208205,0.527637,0.073307
0.999121,-0.026347,-0.027462,0.017575,0.981171,0.111844,-0.151742,0.042048,0.983059,0.108204,0.141028,0.044695,0.998899,0.015236,0.027074,0.035139,0.996876,-0.016002,-0.074839,0.019523,0.991901,0.009140,0.069201,-0.106110,0.994026,0.023869,-0.003958,-0.106429,0.996120,0.008098,0.087485,-0.005161,0.992105,0.106213,0.064156,-0.018159,0.761378,0.185381,0.611707,-0.108408,0.772221,0.194394,0.604698,-0.015032,0.984837,-0.165708,0.049443,0.013889,0.750474,-0.293582,0.541945,0.238524,0.820687,-0.204987,0.528380,0.072585
0.999248,-0.026078,-0.024770,0.014457,0.982533,0.111600,-0.144066,0.037662,0.983727,0.106943,0.137286,0.044687,0.999035,0.010318,0.024150,0.035200,0.996931,-0.017549,-0.074532,0.016324,0.991898,0.007299,0.069380,-0.106168,0.994038,0.023703,-0.003983,-0.106353,0.996155,0.010474,0.086602,-0.008080,0.991564,0.109031,0.067105,-0.020265,0.757685,0.187831,0.615780,-0.106989,0.768996,0.194707,0.608726,-0.013642,0.985206,-0.163585,0.049951,0.010697,0.751573,-0.290477,0.542633,0.237300,0.820996,-0.202055,0.529167,0.071570
0.999388,-0.024851,-0.021773,0.011460,0.983836,0.111039,-0.136526,0.033126,0.984514,0.104574,0.132717,0.046710,0.999045,0.007421,0.021275,0.037431,0.996958,-0.019460,-0.074324,0.013107,0.991888,0.005130,0.069456,-0.106340,0.994043,0.023436,-0.003994,-0.106368,0.996168,0.012784,0.085835,-0.010843,0.991067,0.111414,0.069837,-0.022250,0.754827,0.189980,0.618751,-0.106262,0.766650,0.194362,0.611818,-0.012234,0.985557,-0.161441,0.050559,0.007680,0.752139,-0.287661,0.543740,0.236398,0.821126,-0.199701,0.530067,0.070001
0.999501,-0.023508,-0.019028,0.009101,0.985075,0.110215,-0.128948,0.029179,0.985282,0.101886,0.127993,0.049557,0.999005,0.005499,0.018032,0.040425,0.996972,-0.021551,-0.073975,0.010486,0.991861,0.002815,0.069647,-0.106552,0.994040,0.023364,-0.003950,-0.106414,0.996175,0.014895,0.085068,-0.013326,0.990680,0.113200,0.071828,-0.024061,0.752639,0.191728,0.620944,-0.105848,0.765077,0.194627,0.613708,-0.011843,0.985909,-0.159009,0.051735,0.004870,0.753052,-0.283914,0.545292,0.234442,0.821339,-0.195575,0.531652,0.067072
0.999596,-0.022106,-0.016410,0.007063,0.986248,0.109261,-0.121339,0.025554,0.985997,0.099149,0.123208,0.052910,0.998921,0.004181,0.014626,0.043887,0.996976,-0.023734,-0.073549,0.008163,0.991822,0.000426,0.069906,-0.106785,0.994032,0.023386,-0.003868,-0.106478,0.996174,0.016897,0.084301,-0.015676,0.990347,0.114682,0.073450,-0.025787,0.750786,0.193273,0.622749,-0.105594,0.763890,0.195192,0.615002,-0.011968,0.986253,-0.156433,0.053195,0.002160,0.754114,-0.279695,0.547064,0.231954,0.821560,-0.190558,0.533572,0.063457
0.999672,-0.020571,-0.014354,0.005222,0.987355,0.107471,-0.114416,0.022138,0.986718,0.096445,0.118828,0.054465,0.998873,0.003186,0.012358,0.045705,0.996963,-0.026075,-0.073142,0.005994,0.991785,-0.002123,0.070137,-0.106957,0.994038,0.023181,-0.003476,-0.106484,0.996160,0.018753,0.083691,-0.017586,0.990114,0.115904,0.074126,-0.027303,0.750067,0.195063,0.622908,-0.106465,0.763472,0.197163,0.614831,-0.014823,0.986649,-0.153256,0.055105,-0.000153,0.755489,-0.274464,0.549170,0.228734,0.821994,-0.183973,0.535762,0.058647
0.999735,-0.018966,-0.012554,0.003649,0.988411,0.105471,-0.107505,0.019009,0.987446,0.094009,0.114305,0.055198,0.998850,0.001757,0.010459,0.046760,0.996941,-0.028492,-0.072672,0.004070,0.991735,-0.004732,0.070436,-0.107138,0.994044,0.022938,-0.003173,-0.106496,0.996145,0.020427,0.083081,-0.019363,0.989920,0.117047,0.074360,-0.028779,0.749603,0.197327,0.622429,-0.108349,0.763259,0.199849,0.614145,-0.017937,0.987039,-0.150046,0.056884,-0.002330,0.756707,-0.269387,0.551262,0.225690,0.822279,-0.177765,0.537897,0.054074
0.999785,-0.017224,-0.011266,0.002611,0.989436,0.103036,-0.100651,0.016408,0.988253,0.091909,0.109447,0.054126,0.998892,-0.000740,0.009245,0.046138,0.996911,-0.031050,-0.072094,0.002641,0.991668,-0.007453,0.070844,-0.107334,0.994050,0.022628,-0.003075,-0.106504,0.996137,0.021751,0.082474,-0.020860,0.989809,0.118039,0.073712,-0.030176,0.749631,0.200533,0.620676,-0.112253,0.763464,0.203967,0.612418,-0.021557,0.987436,-0.146769,0.058404,-0.004224,0.757665,-0.264634,0.553330,0.223021,0.822351,-0.172318,0.539950,0.049999
0.999822,-0.015489,-0.010495,0.002302,0.990359,0.100469,-0.094236,0.014652,0.988995,0.089642,0.104834,0.053506,0.998906,-0.002683,0.008174,0.045965,0.996886,-0.033668,-0.071286,0.001927,0.991583,-0.010216,0.071456,-0.107484,0.994053,0.022682,-0.002815,-0.106473,0.996153,0.022632,0.081735,-0.022044,0.989786,0.118786,0.072299,-0.031398,0.750104,0.203708,0.618308,-0.116374,0.764245,0.208828,0.609610,-0.026376,0.987823,-0.143550,0.059705,-0.005843,0.758477,-0.260198,0.555274,0.220637,0.822509,-0.166951,0.541730,0.046204
0.999853,-0.013759,-0.009982,0.002356,0.991212,0.097828,-0.088036,0.013356,0.989688,0.087293,0.100349,0.053179,0.998903,-0.004341,0.007174,0.046074,0.996859,-0.036316,-0.070363,0.001580,0.991486,-0.012999,0.072168,-0.107606,0.994054,0.022919,-0.002477,-0.106417,0.996180,0.023290,0.080935,-0.023071,0.989804,0.119407,0.070509,-0.032534,0.750776,0.206865,0.615627,-0.120603,0.765279,0.214055,0.606232,-0.031788,0.988199,-0.140358,0.060898,-0.007326,0.759199,-0.255912,0.557160,0.218400,0.822686,-0.161621,0.543374,0.042545
0.999870,-0.012192,-0.010151,0.003041,0.991998,0.095091,-0.082061,0.012803,0.990347,0.084977,0.095967,0.052743,0.998907,-0.005108,0.006209,0.046039,0.996838,-0.038967,-0.069229,0.001884,0.991362,-0.015753,0.073109,-0.107737,0.994071,0.022507,-0.002254,-0.106359,0.996245,0.023563,0.079833,-0.023821,0.989909,0.119820,0.067837,-0.033501,0.752220,0.210132,0.611787,-0.125403,0.766705,0.219006,0.602300,-0.037867,0.988552,-0.137430,0.061679,-0.008581,0.759706,-0.252343,0.558717,0.216805,0.822620,-0.156862,0.545118,0.039190
0.999880,-0.010888,-0.010280,0.003843,0.992650,0.092396,-0.077130,0.012604,0.990876,0.082655,0.092674,0.052384,0.998911,-0.005948,0.005239,0.045972,0.996808,-0.041624,-0.068083,0.002352,0.991227,-0.018493,0.074036,-0.107920,0.994079,0.022200,-0.002098,-0.106348,0.996315,0.023767,0.078687,-0.024477,0.990039,0.120118,0.064883,-0.034419,0.753754,0.213390,0.607736,-0.130297,0.768219,0.223940,0.598146,-0.043728,0.988888,-0.134572,0.062421,-0.009754,0.760262,-0.248799,0.560191,0.215145,0.822533,-0.152280,0.546751,0.036240
0.999884,-0.010111,-0.010331,0.004877,0.993098,0.089805,-0.074308,0.013006,0.991193,0.080324,0.091546,0.051994,0.998923,-0.006949,0.004256,0.045682,0.996771,-0.044292,-0.066910,0.003130,0.991072,-0.021203,0.074934,-0.108220,0.994071,0.022107,-0.002076,-0.106446,0.996400,0.023832,0.077444,-0.024944,0.990226,0.120189,0.061356,-0.035236,0.755514,0.216645,0.603273,-0.135373,0.769980,0.228840,0.593588,-0.049163,0.989201,-0.131859,0.063081,-0.010760,0.760940,-0.245320,0.561491,0.213347,0.822459,-0.148057,0.548158,0.034099
0.999881,-0.009574,-0.010475,0.006090,0.993439,0.087365,-0.072508,0.013762,0.991400,0.078065,0.091434,0.051684,0.998931,-0.008045,0.003380,0.045404,0.996732,-0.046810,-0.065710,0.004135,0.990919,-0.023764,0.075856,-0.108443,0.994071,0.021925,-0.001979,-0.106481,0.996491,0.023602,0.076222,-0.025268,0.990470,0.119907,0.057398,-0.036002,0.757440,0.219690,0.598568,-0.140488,0.771796,0.233499,0.588906,-0.054760,0.989473,-0.129619,0.063309,-0.011565,0.761253,-0.242905,0.562445,0.212477,0.822214,-0.145197,0.549345,0.033208
0.999874,-0.009156,-0.010666,0.007391,0.993724,0.084997,-0.071222,0.014694,0.991551,0.075840,0.091823,0.051410,0.998935,-0.009191,0.002550,0.045133,0.996688,-0.049254,-0.064501,0.005257,0.990765,-0.026256,0.076782,-0.108625,0.994077,0.021694,-0.001849,-0.106478,0.996585,0.023226,0.075011,-0.025519,0.990732,0.119449,0.053223,-0.036739,0.759422,0.222638,0.593725,-0.145607,0.773611,0.238053,0.584130,-0.060410,0.989724,-0.127615,0.063322,-0.012269,0.761388,-0.241022,0.563224,0.212073,0.821887,-0.143018,0.550421,0.032944
0.999868,-0.008739,-0.010180,0.009112,0.993953,0.082686,-0.070427,0.016111,0.991729,0.073731,0.091858,0.050980,0.998944,-0.010157,0.001888,0.044759,0.996624,-0.051579,-0.063509,0.006810,0.990644,-0.028611,0.077495,-0.108630,0.994107,0.021102,-0.001702,-0.106312,0.996660,0.022555,0.074235,-0.025488,0.991039,0.118433,0.049261,-0.037267,0.762237,0.223963,0.588694,-0.149247,0.775951,0.241556,0.579040,-0.065292,0.989910,-0.126218,0.063162,-0.012543,0.761440,-0.239908,0.563660,0.211991,0.821920,-0.140988,0.550910,0.032686
0.999854,-0.008137,-0.009953,0.011291,0.994150,0.080311,-0.069943,0.017990,0.991908,0.071571,0.091872,0.050556,0.998953,-0.010868,0.001344,0.044418,0.996551,-0.053921,-0.062451,0.008806,0.990512,-0.030959,0.078252,-0.108649,0.994135,0.020546,-0.001533,-0.106161,0.996730,0.021744,0.073624,-0.025230,0.991342,0.117403,0.045159,-0.037653,0.764884,0.225577,0.583572,-0.153334,0.778428,0.244894,0.573757,-0.069854,0.990074,-0.124949,0.063112,-0.012567,0.761554,-0.238809,0.564034,0.211831,0.821867,-0.139678,0.551331,0.032526
0.999818,-0.007166,-0.010245,0.014388,0.994285,0.077810,-0.070081,0.020781,0.992092,0.069317,0.091848,0.050131,0.998964,-0.011061,0.001042,0.044125,0.996464,-0.056302,-0.061261,0.011683,0.990363,-0.033294,0.079098,-0.108702,0.994158,0.020058,-0.001321,-0.106045,0.996791,0.020654,0.073345,-0.024526,0.991652,0.116351,0.040774,-0.037754,0.767224,0.227780,0.578291,-0.158316,0.781223,0.247878,0.568152,-0.073827,0.990197,-0.123931,0.063281,-0.012095,0.761791,-0.237739,0.564286,0.211509,0.821649,-0.139801,0.551624,0.032555
0.999744,-0.006022,-0.011267,0.018660,0.994341,0.075299,-0.070729,0.024759,0.992272,0.067097,0.091722,0.049812,0.998971,-0.011120,0.000810,0.043958,0.996345,-0.058722,-0.060006,0.015727,0.990190,-0.035579,0.080252,-0.108707,0.994183,0.019700,-0.001015,-0.105881,0.996853,0.019329,0.073298,-0.023202,0.991977,0.115321,0.035814,-0.037425,0.768911,0.230801,0.573269,-0.163922,0.783851,0.250526,0.562728,-0.078433,0.990334,-0.122899,0.063355,-0.010962,0.761918,-0.236891,0.564532,0.211346,0.821467,-0.139396,0.552009,0.032358
0.999632,-0.004793,-0.012654,0.023521,0.994338,0.072782,-0.071655,0.029326,0.992452,0.064898,0.091508,0.049540,0.998977,-0.011108,0.000577,0.043843,0.996189,-0.061179,-0.058740,0.020365,0.990005,-0.037861,0.081520,-0.108679,0.994211,0.019385,-0.000699,-0.105679,0.996911,0.017890,0.073366,-0.021575,0.992289,0.114315,0.030563,-0.036872,0.770235,0.234276,0.568352,-0.169790,0.786359,0.253044,0.557374,-0.083321,0.990476,-0.121856,0.063387,-0.009507,0.761989,-0.236145,0.564781,0.211258,0.821299,-0.138719,0.552447,0.032042
0.999545,-0.003965,-0.013679,0.026590,0.994377,0.070692,-0.072005,0.032143,0.992588,0.062986,0.091423,0.049432,0.998973,-0.011355,0.000316,0.043860,0.996032,-0.063293,-0.058081,0.023259,0.989834,-0.039803,0.082707,-0.108648,0.994239,0.018900,-0.000292,-0.105506,0.996964,0.016578,0.073372,-0.020111,0.992545,0.113498,0.025446,-0.036417,0.770756,0.238812,0.563554,-0.176949,0.787328,0.258293,0.552467,-0.090432,0.990626,-0.120990,0.062889,-0.008143,0.761847,-0.236222,0.564604,0.212157,0.821544,-0.137601,0.552341,0.032425
0.999464,-0.003188,-0.014458,0.029184,0.994423,0.068690,-0.072211,0.034488,0.992719,0.061142,0.091331,0.049293,0.998971,-0.011590,0.000011,0.043837,0.995876,-0.065316,-0.057489,0.025694,0.989672,-0.041683,0.083693,-0.108659,0.994259,0.018545,0.000033,-0.105381,0.997013,0.015428,0.073322,-0.018746,0.992763,0.112721,0.020498,-0.035995,0.771195,0.243289,0.558796,-0.183888,0.788069,0.263906,0.547437,-0.098048,0.990758,-0.120353,0.062193,-0.006838,0.761600,-0.236771,0.564206,0.213488,0.821752,-0.137461,0.552003,0.033488
0.999413,-0.002516,-0.014747,0.030828,0.994505,0.066868,-0.072106,0.035892,0.992838,0.059436,0.091267,0.049096,0.998973,-0.011801,-0.000343,0.043736,0.995742,-0.067140,-0.057004,0.027201,0.989533,-0.043423,0.084319,-0.108761,0.994262,0.018466,0.000233,-0.105363,0.997058,0.014599,0.073166,-0.017571,0.992940,0.112010,0.015898,-0.035658,0.771561,0.247575,0.554180,-0.190486,0.788410,0.270177,0.542232,-0.106766,0.990855,-0.120177,0.061094,-0.005645,0.761140,-0.238270,0.563360,0.215685,0.821888,-0.139282,0.551190,0.035918
0.999388,-0.001952,-0.014926,0.031573,0.994625,0.065218,-0.071714,0.036410,0.992931,0.057843,0.091387,0.048889,0.998976,-0.012018,-0.000621,0.043618,0.995625,-0.068835,-0.056737,0.027817,0.989410,-0.045076,0.084890,-0.108768,0.994275,0.018337,0.000480,-0.105262,0.997104,0.013940,0.072897,-0.016568,0.993077,0.111395,0.011852,-0.035348,0.771960,0.251610,0.549505,-0.197014,0.788836,0.275985,0.536960,-0.115083,0.990947,-0.120218,0.059589,-0.004571,0.760745,-0.240190,0.562160,0.218065,0.821890,-0.141727,0.550303,0.039713
0.999378,-0.001443,-0.015052,0.031868,0.994762,0.063652,-0.071176,0.036487,0.993010,0.056306,0.091603,0.048679,0.998978,-0.012238,-0.000857,0.043494,0.995515,-0.070465,-0.056575,0.027986,0.989292,-0.046686,0.085439,-0.108729,0.994293,0.018184,0.000754,-0.105122,0.997151,0.013366,0.072571,-0.015651,0.993188,0.110832,0.008082,-0.035052,0.772338,0.255523,0.544786,-0.203493,0.789258,0.281564,0.531621,-0.123179,0.991034,-0.120367,0.057880,-0.003555,0.760375,-0.242325,0.560779,0.220532,0.821805,-0.144492,0.549369,0.044183
0.999388,-0.000680,-0.015325,0.031435,0.994941,0.062114,-0.070377,0.035796,0.993071,0.054722,0.091965,0.048567,0.998979,-0.012226,-0.001004,0.043477,0.995416,-0.072097,-0.056558,0.027393,0.989148,-0.048265,0.085943,-0.108953,0.994280,0.018316,0.000772,-0.105223,0.997210,0.012933,0.071943,-0.015162,0.993292,0.110122,0.005796,-0.034805,0.773510,0.257160,0.540737,-0.207736,0.790155,0.284471,0.527555,-0.128127,0.991127,-0.120821,0.055324,-0.002899,0.759929,-0.245212,0.559154,0.222993,0.822011,-0.147552,0.547997,0.047187
0.999399,0.000007,-0.015503,0.030994,0.995113,0.060660,-0.069548,0.035117,0.993130,0.053249,0.092287,0.048371,0.998982,-0.012328,-0.001137,0.043372,0.995323,-0.073622,-0.056501,0.026810,0.989006,-0.049745,0.086427,-0.109189,0.994265,0.018409,0.000792,-0.105342,0.997262,0.012459,0.071367,-0.014860,0.993399,0.109271,0.003937,-0.034670,0.774550,0.258294,0.537257,-0.211451,0.791139,0.286830,0.523751,-0.132332,0.991196,-0.121357,0.052893,-0.002422,0.759699,-0.247819,0.557538,0.224934,0.822361,-0.150240,0.546527,0.049571
0.999413,0.000545,-0.015486,0.030539,0.995275,0.059374,-0.068665,0.034455,0.993193,0.051998,0.092522,0.047998,0.998991,-0.012661,-0.001249,0.043081,0.995248,-0.074932,-0.056369,0.026243,0.988874,-0.051026,0.086869,-0.109446,0.994249,0.018422,0.000807,-0.105495,0.997301,0.011900,0.070899,-0.014929,0.993524,0.108134,0.002936,-0.034758,0.775376,0.258425,0.534939,-0.214125,0.792351,0.288079,0.520521,-0.135087,0.991223,-0.122062,0.050717,-0.002305,0.759922,-0.249850,0.555951,0.225858,0.823026,-0.152164,0.544885,0.050737
0.999425,0.000929,-0.015568,0.030113,0.995407,0.058194,-0.068048,0.033868,0.993230,0.050833,0.092933,0.047679,0.999001,-0.012665,-0.001208,0.042846,0.995169,-0.076161,-0.056371,0.025714,0.988754,-0.052215,0.087363,-0.109577,0.994247,0.018234,0.001021,-0.105548,0.997331,0.011386,0.070505,-0.015156,0.993654,0.106897,0.002492,-0.034919,0.775743,0.258296,0.533509,-0.216505,0.793035,0.288646,0.518493,-0.137637,0.991241,-0.122748,0.048674,-0.002338,0.760556,-0.251343,0.554343,0.226021,0.823939,-0.153488,0.543106,0.051006
0.999435,0.001237,-0.015698,0.029702,0.995524,0.057069,-0.067563,0.033318,0.993254,0.049711,0.093432,0.047388,0.999012,-0.012505,-0.001089,0.042640,0.995086,-0.077348,-0.056441,0.025205,0.988639,-0.053359,0.087884,-0.109646,0.994251,0.017945,0.001338,-0.105552,0.997357,0.010895,0.070148,-0.015462,0.993785,0.105611,0.002327,-0.035115,0.775881,0.258038,0.532520,-0.218739,0.793455,0.288871,0.517067,-0.140085,0.991251,-0.123426,0.046697,-0.002446,0.761393,-0.252566,0.552724,0.225804,0.824975,-0.154511,0.541258,0.050827
0.999455,0.001737,-0.015335,0.029190,0.995628,0.056128,-0.067143,0.032658,0.993300,0.048763,0.093555,0.047175,0.999019,-0.012358,-0.000983,0.042517,0.995022,-0.078301,-0.056529,0.024584,0.988529,-0.054222,0.088046,-0.110079,0.994216,0.017828,0.001187,-0.105901,0.997374,0.010419,0.069885,-0.015894,0.993948,0.103933,0.001972,-0.035501,0.774928,0.258460,0.532493,-0.221665,0.792517,0.288415,0.517864,-0.143356,0.991232,-0.124172,0.045086,-0.002695,0.762839,-0.253079,0.550879,0.224854,0.826321,-0.155259,0.539075,0.049861
0.999472,0.002092,-0.015206,0.028638,0.995726,0.055263,-0.066725,0.031986,0.993327,0.047874,0.093800,0.047026,0.999023,-0.012247,-0.000871,0.042446,0.994966,-0.079169,-0.056574,0.023947,0.988435,-0.055047,0.088271,-0.110340,0.994195,0.017773,0.001276,-0.106108,0.997387,0.009970,0.069654,-0.016348,0.994102,0.102327,0.001782,-0.035889,0.773588,0.259149,0.532797,-0.224792,0.791212,0.288351,0.518860,-0.147045,0.991206,-0.124921,0.043554,-0.002967,0.764253,-0.253597,0.549007,0.224049,0.827672,-0.156170,0.536817,0.048962
0.999484,0.002156,-0.015544,0.028010,0.995815,0.054553,-0.066311,0.031286,0.993319,0.047103,0.094285,0.047000,0.999023,-0.012209,-0.000749,0.042477,0.994929,-0.079869,-0.056533,0.023279,0.988371,-0.055794,0.088622,-0.110251,0.994201,0.017845,0.001842,-0.106034,0.997395,0.009574,0.069484,-0.016851,0.994236,0.100867,0.001916,-0.036283,0.771474,0.260370,0.533766,-0.228320,0.789178,0.289066,0.520255,-0.151571,0.991169,-0.125674,0.042181,-0.003290,0.765607,-0.254124,0.547084,0.223530,0.829037,-0.157406,0.534413,0.048196
0.999493,0.002351,-0.016158,0.027337,0.995906,0.053929,-0.065803,0.030531,0.993301,0.046420,0.094825,0.046976,0.999023,-0.012135,-0.000691,0.042493,0.994895,-0.080536,-0.056477,0.022559,0.988292,-0.056479,0.089004,-0.110307,0.994197,0.017892,0.002064,-0.106056,0.997412,0.009219,0.069110,-0.017559,0.994348,0.099555,0.002044,-0.036822,0.768678,0.262392,0.534984,-0.232546,0.786125,0.291843,0.521643,-0.157235,0.991133,-0.126462,0.040603,-0.003839,0.766791,-0.254900,0.545224,0.223133,0.830381,-0.158141,0.532113,0.048105
0.999499,0.002613,-0.016911,0.026643,0.995998,0.053350,-0.065246,0.029749,0.993277,0.045782,0.095395,0.046955,0.999024,-0.012043,-0.000663,0.042503,0.994862,-0.081188,-0.056412,0.021813,0.988204,-0.057133,0.089404,-0.110434,0.994189,0.017928,0.002115,-0.106126,0.997433,0.008886,0.068634,-0.018371,0.994448,0.098318,0.002170,-0.037435,0.765525,0.264829,0.536300,-0.237108,0.782531,0.295658,0.522986,-0.163453,0.991094,-0.127268,0.038922,-0.004502,0.767886,-0.255803,0.543395,0.222795,0.831710,-0.158628,0.529866,0.048350
0.999502,0.002729,-0.017158,0.026324,0.996066,0.052908,-0.064736,0.029368,0.993277,0.045312,0.095610,0.046981,0.999017,-0.012363,-0.000685,0.042560,0.994836,-0.081676,-0.056297,0.021469,0.988158,-0.057665,0.089643,-0.110377,0.994200,0.017881,0.002153,-0.106025,0.997450,0.008528,0.068229,-0.019099,0.994533,0.097261,0.002598,-0.037925,0.761996,0.267532,0.537845,-0.241891,0.778764,0.297587,0.525444,-0.169930,0.991040,-0.128032,0.037695,-0.005126,0.768755,-0.256520,0.541966,0.222453,0.832546,-0.160518,0.527949,0.048700
0.999507,0.002809,-0.017402,0.025986,0.996129,0.052511,-0.064268,0.028976,0.993270,0.044893,0.095876,0.046976,0.999014,-0.012579,-0.000724,0.042576,0.994814,-0.082113,-0.056185,0.021110,0.988121,-0.058159,0.089853,-0.110274,0.994214,0.017913,0.002241,-0.105891,0.997464,0.008171,0.067860,-0.019866,0.994604,0.096310,0.003201,-0.038429,0.758411,0.270228,0.539421,-0.246605,0.774962,0.299295,0.527982,-0.176326,0.990990,-0.128718,0.036567,-0.005797,0.769614,-0.257070,0.540693,0.221946,0.833352,-0.161752,0.526296,0.048715
0.999513,0.002818,-0.017640,0.025606,0.996181,0.052205,-0.063885,0.028561,0.993252,0.044572,0.096243,0.046906,0.999016,-0.012588,-0.000796,0.042509,0.994801,-0.082446,-0.056080,0.020721,0.988104,-0.058577,0.090006,-0.110078,0.994231,0.018104,0.002427,-0.105690,0.997469,0.007814,0.067566,-0.020715,0.994651,0.095570,0.004153,-0.038965,0.754741,0.272884,0.541107,-0.251203,0.771142,0.300544,0.530728,-0.182598,0.990950,-0.129248,0.035637,-0.006558,0.770459,-0.257286,0.539729,0.221108,0.834112,-0.161669,0.525175,0.048073
