pelvis_x,pelvis_y,pelvis_z,left_hip_roll_link_x,left_hip_roll_link_y,left_hip_roll_link_z,left_knee_link_x,left_knee_link_y,left_knee_link_z,left_ankle_roll_link_x,left_ankle_roll_link_y,left_ankle_roll_link_z,right_hip_roll_link_x,right_hip_roll_link_y,right_hip_roll_link_z,right_knee_link_x,right_knee_link_y,right_knee_link_z,right_ankle_roll_link_x,right_ankle_roll_link_y,right_ankle_roll_link_z,torso_link_x,torso_link_y,torso_link_z,left_shoulder_roll_link_x,left_shoulder_roll_link_y,left_shoulder_roll_link_z,left_elbow_link_x,left_elbow_link_y,left_elbow_link_z,left_wrist_yaw_link_x,left_wrist_yaw_link_y,left_wrist_yaw_link_z,right_shoulder_roll_link_x,right_shoulder_roll_link_y,right_shoulder_roll_link_z,right_elbow_link_x,right_elbow_link_y,right_elbow_link_z,right_wrist_yaw_link_x,right_wrist_yaw_link_y,right_wrist_yaw_link_z
-0.025380,-0.003497,0.773809,-0.027441,0.113888,0.642357,-0.078477,0.104280,0.339960,-0.162639,0.086786,0.034869,-0.009454,-0.118535,0.640414,0.032651,-0.189338,0.345566,0.007398,-0.255418,0.036005,-0.033413,-0.003640,0.827355,0.017455,0.131013,1.060426,0.030466,0.177686,0.882751,0.077172,0.184250,0.704568,-0.004751,-0.149175,1.057523,-0.018687,-0.196669,0.880101,0.025877,-0.204172,0.701771
-0.022771,-0.010299,0.774636,-0.024850,0.106044,0.642251,-0.077065,0.100298,0.339942,-0.162634,0.086727,0.035023,-0.008414,-0.126490,0.642054,0.029755,-0.193192,0.345716,0.007359,-0.255716,0.035193,-0.030530,-0.010128,0.828222,0.020491,0.124358,1.061361,0.034685,0.170895,0.883735,0.082844,0.177381,0.705936,-0.002995,-0.155725,1.058490,-0.016423,-0.203005,0.880974,0.028530,-0.210288,0.702739
-0.020256,-0.017101,0.775418,-0.022386,0.098192,0.642106,-0.075674,0.096334,0.339919,-0.162597,0.086683,0.035215,-0.007473,-0.134429,0.643673,0.027163,-0.197040,0.346011,0.007304,-0.255941,0.034603,-0.027723,-0.016615,0.829043,0.023505,0.117699,1.062240,0.038798,0.163913,0.884616,0.088313,0.170163,0.707181,-0.001372,-0.162262,1.059420,-0.014146,-0.209248,0.881780,0.031315,-0.216336,0.703665
-0.017932,-0.023903,0.776113,-0.020163,0.090330,0.641874,-0.074370,0.092403,0.339835,-0.162598,0.086652,0.035386,-0.006725,-0.142356,0.645231,0.025230,-0.200945,0.346451,0.007294,-0.256144,0.034247,-0.025068,-0.023097,0.829777,0.026474,0.111034,1.063013,0.042693,0.156561,0.885288,0.093367,0.162267,0.708162,-0.000005,-0.168781,1.060277,-0.011835,-0.215305,0.882452,0.034371,-0.222242,0.704512
-0.015753,-0.030682,0.776582,-0.017873,0.082516,0.641448,-0.072371,0.088886,0.339506,-0.162563,0.086578,0.035580,-0.005867,-0.150209,0.646570,0.023893,-0.204843,0.346815,0.007296,-0.256298,0.033897,-0.022655,-0.029561,0.830269,0.029229,0.104450,1.063499,0.046176,0.149013,0.885593,0.097926,0.153601,0.708745,0.001256,-0.175219,1.060910,-0.009547,-0.221474,0.882951,0.037800,-0.228185,0.705296
-0.013647,-0.037449,0.776938,-0.015552,0.074721,0.640929,-0.069994,0.085566,0.339087,-0.162443,0.086452,0.035832,-0.004955,-0.158020,0.647804,0.022858,-0.208723,0.347172,0.007314,-0.256402,0.033602,-0.020363,-0.036017,0.830638,0.031873,0.097908,1.063840,0.049446,0.141364,0.885719,0.102227,0.144546,0.709144,0.002462,-0.181614,1.061432,-0.007272,-0.227702,0.883369,0.041417,-0.234156,0.706063
-0.011679,-0.044164,0.777061,-0.013096,0.066969,0.640189,-0.067104,0.082636,0.338468,-0.162450,0.086382,0.036139,-0.003806,-0.165762,0.648836,0.022242,-0.212589,0.347417,0.007278,-0.256494,0.033269,-0.018366,-0.042420,0.830752,0.034201,0.091387,1.063949,0.052281,0.133309,0.885510,0.105893,0.134344,0.709162,0.003399,-0.187984,1.061675,-0.005047,-0.234271,0.883601,0.045105,-0.240422,0.706696
-0.009750,-0.050847,0.777094,-0.010715,0.059222,0.639353,-0.064162,0.079754,0.337812,-0.162369,0.086299,0.036455,-0.002589,-0.173470,0.649802,0.021681,-0.216411,0.347657,0.007259,-0.256549,0.032981,-0.016427,-0.048789,0.830771,0.036456,0.084884,1.063975,0.055002,0.125214,0.885217,0.109336,0.123904,0.709094,0.004274,-0.194330,1.061811,-0.002951,-0.240892,0.883758,0.048769,-0.246769,0.707299
-0.007898,-0.057464,0.776945,-0.008474,0.051497,0.638316,-0.061186,0.076984,0.337017,-0.162267,0.086235,0.036695,-0.001229,-0.181124,0.650629,0.021216,-0.220187,0.347816,0.007247,-0.256598,0.032667,-0.014605,-0.055088,0.830601,0.038572,0.078414,1.063837,0.057505,0.117044,0.884747,0.112348,0.112997,0.708827,0.005028,-0.200638,1.061733,-0.001112,-0.247608,0.883750,0.052386,-0.253257,0.707818
-0.006203,-0.064013,0.776752,-0.006544,0.043930,0.637308,-0.058094,0.074456,0.336275,-0.162136,0.086084,0.037059,0.000182,-0.188601,0.651334,0.021302,-0.223919,0.347965,0.007244,-0.256657,0.032420,-0.012926,-0.061345,0.830387,0.040488,0.072075,1.063620,0.059847,0.108847,0.884191,0.114878,0.101841,0.708422,0.005741,-0.206828,1.061647,0.000633,-0.254268,0.883756,0.055854,-0.259920,0.708359
-0.004586,-0.070527,0.776536,-0.004769,0.036439,0.636317,-0.054956,0.072040,0.335613,-0.162005,0.085851,0.037562,0.001617,-0.195988,0.651981,0.021649,-0.227629,0.348130,0.007214,-0.256721,0.032248,-0.011318,-0.067581,0.830151,0.042297,0.065802,1.063363,0.062098,0.100633,0.883602,0.117128,0.090561,0.707983,0.006426,-0.212957,1.061555,0.002329,-0.260900,0.883774,0.059245,-0.266676,0.708925
-0.003223,-0.076881,0.776296,-0.003600,0.029168,0.635335,-0.052159,0.069772,0.335009,-0.161867,0.085771,0.038040,0.002668,-0.203146,0.652539,0.022103,-0.231232,0.348299,0.007179,-0.256757,0.032134,-0.009813,-0.073684,0.829908,0.044026,0.059715,1.063065,0.064169,0.092448,0.882957,0.118772,0.079181,0.707417,0.007218,-0.218921,1.061458,0.003840,-0.267294,0.883777,0.062260,-0.273256,0.709423
-0.001963,-0.083153,0.776084,-0.002549,0.022055,0.634450,-0.049466,0.067550,0.334580,-0.161702,0.085693,0.038680,0.003737,-0.210141,0.653061,0.022574,-0.234733,0.348478,0.007142,-0.256761,0.032079,-0.008434,-0.079729,0.829691,0.045585,0.053705,1.062794,0.066044,0.084332,0.882360,0.120166,0.067842,0.706942,0.008033,-0.224829,1.061371,0.005302,-0.273606,0.883789,0.065123,-0.279762,0.709916
-0.000911,-0.089259,0.775929,-0.001731,0.015266,0.633749,-0.046975,0.065449,0.334392,-0.161483,0.085698,0.039491,0.004843,-0.216819,0.653503,0.023100,-0.238042,0.348628,0.007144,-0.256721,0.032043,-0.007307,-0.085658,0.829530,0.046815,0.047845,1.062577,0.067553,0.076359,0.881839,0.121130,0.056581,0.706590,0.008912,-0.230639,1.061305,0.006676,-0.279754,0.883807,0.067686,-0.286100,0.710365
-0.000049,-0.095452,0.775885,-0.001007,0.008577,0.633303,-0.044521,0.063355,0.334519,-0.161207,0.085673,0.040603,0.005854,-0.223419,0.653889,0.023583,-0.241321,0.348767,0.007134,-0.256696,0.032033,-0.006409,-0.091721,0.829478,0.047743,0.042017,1.062393,0.068694,0.068498,0.881380,0.121803,0.045492,0.706379,0.009937,-0.236479,1.061385,0.007952,-0.285879,0.883962,0.069850,-0.292243,0.710841
0.000718,-0.101689,0.775895,-0.000329,0.001939,0.632986,-0.042106,0.061264,0.334847,-0.160942,0.085628,0.041932,0.006817,-0.229979,0.654249,0.024034,-0.244587,0.348919,0.007095,-0.256680,0.032072,-0.005625,-0.097850,0.829481,0.048521,0.036204,1.062225,0.069653,0.060695,0.880962,0.122311,0.034498,0.706271,0.011037,-0.242334,1.061537,0.009181,-0.291991,0.884184,0.071815,-0.298287,0.711330
0.001131,-0.107839,0.775912,-0.000078,-0.004392,0.632833,-0.039867,0.059211,0.335337,-0.160460,0.085498,0.043275,0.007690,-0.236251,0.654417,0.024506,-0.247641,0.348924,0.007150,-0.256560,0.031998,-0.005217,-0.103950,0.829494,0.048980,0.030619,1.061939,0.069996,0.053487,0.880457,0.122460,0.024231,0.706191,0.012401,-0.248037,1.061727,0.010580,-0.297838,0.884414,0.073357,-0.303859,0.711605
0.001427,-0.113954,0.775947,-0.000046,-0.010636,0.632735,-0.037812,0.057130,0.335932,-0.160002,0.085307,0.044677,0.008567,-0.242434,0.654557,0.024969,-0.250639,0.348934,0.007172,-0.256444,0.031964,-0.004924,-0.110031,0.829528,0.049309,0.025113,1.061639,0.070118,0.046496,0.879959,0.122428,0.014341,0.706156,0.013893,-0.253690,1.061934,0.012096,-0.303591,0.884649,0.074786,-0.309231,0.711795
0.001487,-0.119999,0.776020,-0.000450,-0.016708,0.632747,-0.036083,0.055005,0.336650,-0.159505,0.085020,0.046064,0.009449,-0.248438,0.654638,0.025436,-0.253526,0.348919,0.007174,-0.256331,0.031938,-0.004857,-0.116075,0.829603,0.049376,0.019768,1.061314,0.069800,0.039934,0.879457,0.122086,0.005200,0.706142,0.015643,-0.259239,1.062174,0.013845,-0.309157,0.884895,0.075986,-0.314211,0.711817
0.001368,-0.125966,0.776065,-0.001322,-0.022677,0.632750,-0.034588,0.052910,0.337389,-0.158971,0.084618,0.047360,0.010320,-0.254314,0.654656,0.025902,-0.256345,0.348873,0.007209,-0.256268,0.031909,-0.004918,-0.122068,0.829659,0.049272,0.014491,1.060968,0.069186,0.033821,0.878967,0.121546,-0.003020,0.706112,0.017702,-0.264765,1.062323,0.015827,-0.314648,0.885039,0.076997,-0.318959,0.711592
0.001159,-0.131896,0.776098,-0.002427,-0.028597,0.632755,-0.033269,0.050870,0.338199,-0.158528,0.084239,0.048703,0.011185,-0.260119,0.654642,0.026336,-0.259122,0.348822,0.007198,-0.256223,0.031901,-0.005042,-0.128035,0.829706,0.049078,0.009251,1.060609,0.068423,0.027934,0.878482,0.120912,-0.010779,0.706080,0.019912,-0.270261,1.062422,0.017921,-0.320086,0.885126,0.077900,-0.323595,0.711247
0.000744,-0.137749,0.776067,-0.003993,-0.034451,0.632701,-0.032149,0.048803,0.338969,-0.158073,0.083425,0.049882,0.011963,-0.265817,0.654552,0.026722,-0.261804,0.348725,0.007219,-0.256144,0.031868,-0.005316,-0.133951,0.829697,0.048449,0.004140,1.060216,0.067432,0.022311,0.878002,0.119893,-0.017108,0.705758,0.022549,-0.275687,1.062384,0.020445,-0.325308,0.885036,0.078910,-0.327704,0.710619
0.000294,-0.143592,0.776027,-0.005667,-0.040290,0.632662,-0.031290,0.046644,0.339806,-0.157698,0.082352,0.051036,0.012794,-0.271467,0.654434,0.027101,-0.264464,0.348626,0.007182,-0.256084,0.031859,-0.005628,-0.139868,0.829678,0.047660,-0.000957,1.059829,0.066317,0.016768,0.877540,0.118788,-0.022976,0.705379,0.025337,-0.281084,1.062291,0.023118,-0.330468,0.884882,0.079952,-0.331732,0.709911
-0.000227,-0.149416,0.775967,-0.007559,-0.046094,0.632642,-0.030831,0.044222,0.340644,-0.157254,0.080609,0.051941,0.013733,-0.277034,0.654265,0.027528,-0.267092,0.348497,0.007149,-0.256078,0.031845,-0.006017,-0.145791,0.829641,0.046561,-0.006029,1.059456,0.064953,0.011381,0.877112,0.117494,-0.027928,0.704872,0.028433,-0.286453,1.062100,0.026101,-0.335532,0.884613,0.081089,-0.335595,0.709041
-0.000908,-0.155195,0.775779,-0.009506,-0.051974,0.632422,-0.030460,0.041702,0.341319,-0.157005,0.077629,0.052598,0.014566,-0.282633,0.654071,0.027918,-0.269726,0.348376,0.007151,-0.256049,0.031857,-0.006607,-0.151645,0.829467,0.045274,-0.011016,1.058927,0.063284,0.006240,0.876530,0.115881,-0.031927,0.704048,0.031589,-0.291685,1.061720,0.029270,-0.340510,0.884166,0.082337,-0.339480,0.708001
-0.001668,-0.160953,0.775526,-0.011479,-0.057897,0.632106,-0.030206,0.039163,0.341961,-0.156893,0.074003,0.053163,0.015345,-0.288237,0.653865,0.028252,-0.272355,0.348271,0.007098,-0.256002,0.031908,-0.007296,-0.157464,0.829226,0.043889,-0.015954,1.058316,0.061456,0.001223,0.875866,0.114063,-0.035456,0.703062,0.034770,-0.296802,1.061236,0.032522,-0.345398,0.883623,0.083620,-0.343375,0.706880
-0.002686,-0.166351,0.775186,-0.013306,-0.063411,0.631728,-0.029606,0.036196,0.342287,-0.157233,0.067767,0.053581,0.015878,-0.293453,0.653561,0.028554,-0.274840,0.348093,0.007107,-0.255999,0.031893,-0.008354,-0.162959,0.828886,0.042291,-0.020839,1.057734,0.059280,-0.003446,0.875247,0.111845,-0.038001,0.701992,0.037855,-0.301796,1.060415,0.035798,-0.350015,0.882701,0.084957,-0.347046,0.705417
-0.003735,-0.171538,0.774805,-0.015149,-0.068735,0.631301,-0.029466,0.032387,0.342296,-0.158389,0.061140,0.053937,0.016413,-0.298450,0.653233,0.028828,-0.277208,0.347907,0.007058,-0.255983,0.031884,-0.009460,-0.168243,0.828503,0.040619,-0.025576,1.057149,0.056933,-0.007912,0.874622,0.109347,-0.040258,0.700894,0.040769,-0.306565,1.059510,0.039023,-0.354412,0.881696,0.086366,-0.350656,0.703930
-0.004847,-0.176302,0.774341,-0.017024,-0.073674,0.630770,-0.030033,0.026841,0.341560,-0.161166,0.054017,0.054133,0.016955,-0.303027,0.652859,0.029107,-0.279356,0.347681,0.007018,-0.255950,0.031837,-0.010665,-0.173106,0.828033,0.038809,-0.030042,1.056570,0.054256,-0.011986,0.874001,0.106369,-0.041939,0.699752,0.043352,-0.310993,1.058454,0.042175,-0.358460,0.880537,0.087973,-0.354142,0.702379
-0.006005,-0.180854,0.774078,-0.018853,-0.078207,0.630578,-0.030174,0.020541,0.340760,-0.165777,0.043884,0.055164,0.017615,-0.307189,0.652530,0.029424,-0.281299,0.347496,0.006995,-0.255934,0.031831,-0.011986,-0.177810,0.827760,0.036776,-0.034364,1.056218,0.051339,-0.015870,0.873616,0.102895,-0.043360,0.698796,0.045605,-0.315211,1.057615,0.045092,-0.362360,0.879612,0.089736,-0.357597,0.701173
-0.007187,-0.185299,0.773917,-0.020663,-0.082539,0.630554,-0.029975,0.013931,0.339966,-0.171124,0.032699,0.056823,0.018331,-0.311131,0.652228,0.029744,-0.283139,0.347342,0.006955,-0.255939,0.031858,-0.013363,-0.182435,0.827586,0.034627,-0.038607,1.055971,0.048294,-0.019665,0.873342,0.099122,-0.044687,0.697940,0.047687,-0.319286,1.056886,0.047886,-0.366145,0.878807,0.091580,-0.361006,0.700142
-0.008278,-0.189479,0.774050,-0.022315,-0.086338,0.631018,-0.028783,0.007246,0.339450,-0.179258,0.015926,0.060753,0.019235,-0.314543,0.652003,0.030178,-0.284717,0.347253,0.006978,-0.255960,0.031940,-0.014697,-0.186864,0.827706,0.032164,-0.042677,1.056101,0.045020,-0.023173,0.873470,0.094762,-0.045727,0.697422,0.049225,-0.323141,1.056569,0.049904,-0.369842,0.878448,0.093458,-0.364122,0.699764
-0.009348,-0.193548,0.774191,-0.024031,-0.090040,0.631492,-0.027824,0.000333,0.338892,-0.187705,-0.002042,0.065468,0.020097,-0.317823,0.651788,0.030585,-0.286254,0.347174,0.006982,-0.256028,0.032032,-0.015990,-0.191184,0.827833,0.029606,-0.046681,1.056285,0.041654,-0.026537,0.873667,0.090219,-0.046720,0.697002,0.050552,-0.326881,1.056297,0.051717,-0.373478,0.878149,0.095445,-0.367058,0.699532
-0.010377,-0.197396,0.774346,-0.025867,-0.093543,0.631984,-0.027507,-0.007176,0.338163,-0.196923,-0.023393,0.071153,0.020884,-0.320865,0.651577,0.030969,-0.287707,0.347096,0.007001,-0.256157,0.032114,-0.017200,-0.195282,0.827977,0.026871,-0.050572,1.056593,0.038120,-0.029599,0.874017,0.085409,-0.047540,0.696761,0.051477,-0.330474,1.056108,0.053134,-0.377067,0.877959,0.097658,-0.369682,0.699585
-0.011347,-0.201036,0.774431,-0.027945,-0.096960,0.632356,-0.028678,-0.015613,0.337091,-0.206119,-0.047312,0.076900,0.021528,-0.323757,0.651334,0.031284,-0.289024,0.346996,0.006992,-0.256148,0.032176,-0.018270,-0.199149,0.828058,0.024100,-0.054343,1.056927,0.034411,-0.032369,0.874415,0.080424,-0.048257,0.696624,0.052157,-0.333921,1.055903,0.054294,-0.380597,0.877778,0.099832,-0.372095,0.699725
-0.012287,-0.204572,0.774481,-0.030144,-0.100345,0.632668,-0.030534,-0.024553,0.335906,-0.214735,-0.072665,0.083177,0.022098,-0.326567,0.651076,0.031553,-0.290264,0.346886,0.006952,-0.256059,0.032236,-0.019267,-0.202901,0.828109,0.021313,-0.058069,1.057274,0.030604,-0.035018,0.874843,0.075326,-0.048956,0.696556,0.052715,-0.337293,1.055689,0.055329,-0.384091,0.877599,0.101986,-0.374389,0.699917
-0.013214,-0.207923,0.774406,-0.032748,-0.103768,0.632758,-0.034251,-0.034912,0.334276,-0.222534,-0.100490,0.088683,0.022825,-0.329225,0.650789,0.031941,-0.291417,0.346744,0.006969,-0.255990,0.032262,-0.020227,-0.206435,0.828035,0.018531,-0.061609,1.057504,0.026526,-0.037290,0.875177,0.070050,-0.049453,0.696464,0.053178,-0.340451,1.055378,0.056073,-0.387520,0.877359,0.103993,-0.376650,0.700086
-0.014108,-0.211257,0.774296,-0.035458,-0.107289,0.632773,-0.038183,-0.046002,0.332614,-0.229098,-0.128395,0.094332,0.023606,-0.331879,0.650515,0.032342,-0.292583,0.346616,0.006967,-0.255969,0.032306,-0.021129,-0.209935,0.827928,0.015750,-0.065122,1.057698,0.022378,-0.039511,0.875495,0.064738,-0.049935,0.696394,0.053642,-0.343544,1.055058,0.056718,-0.390911,0.877116,0.105890,-0.378872,0.700267
-0.014936,-0.214557,0.774116,-0.038380,-0.110987,0.632635,-0.042687,-0.058513,0.330792,-0.234483,-0.156346,0.099261,0.024508,-0.334547,0.650259,0.032794,-0.293785,0.346508,0.006957,-0.256047,0.032371,-0.021920,-0.213363,0.827755,0.012967,-0.068562,1.057825,0.018111,-0.041582,0.875773,0.059409,-0.050314,0.696337,0.054110,-0.346525,1.054720,0.057158,-0.394246,0.876867,0.107560,-0.381044,0.700453
-0.015767,-0.217794,0.773931,-0.041649,-0.114797,0.632462,-0.047258,-0.072572,0.329015,-0.238412,-0.183605,0.103037,0.025650,-0.337074,0.650034,0.033357,-0.294817,0.346430,0.006981,-0.255990,0.032475,-0.022683,-0.216706,0.827580,0.010117,-0.071813,1.057882,0.013770,-0.043523,0.875994,0.053921,-0.050417,0.696219,0.054652,-0.349257,1.054451,0.057450,-0.397441,0.876712,0.108894,-0.383176,0.700685
-0.016599,-0.220999,0.773744,-0.045081,-0.118697,0.632277,-0.051657,-0.087492,0.327507,-0.241294,-0.210564,0.106583,0.026904,-0.339506,0.649819,0.033949,-0.295737,0.346366,0.006982,-0.255834,0.032602,-0.023432,-0.220006,0.827404,0.007235,-0.074989,1.057905,0.009377,-0.045434,0.876195,0.048310,-0.050433,0.696092,0.055227,-0.351861,1.054214,0.057672,-0.400569,0.876607,0.110071,-0.385306,0.700948
-0.017782,-0.223983,0.773667,-0.049878,-0.122527,0.632371,-0.056166,-0.105229,0.326508,-0.241911,-0.237099,0.107273,0.028128,-0.341317,0.649497,0.034741,-0.296416,0.346137,0.007058,-0.255937,0.032513,-0.024336,-0.223108,0.827364,0.004128,-0.077980,1.058067,0.004949,-0.047186,0.876552,0.042567,-0.050060,0.696125,0.056035,-0.354147,1.054033,0.057648,-0.403449,0.876573,0.110781,-0.387089,0.701256
-0.019017,-0.226967,0.773624,-0.054920,-0.126516,0.632532,-0.060389,-0.123781,0.326204,-0.241233,-0.263385,0.107553,0.029300,-0.343031,0.649179,0.035825,-0.296989,0.345919,0.007090,-0.255867,0.032479,-0.025235,-0.226192,0.827363,0.001003,-0.080947,1.058248,0.000591,-0.048991,0.876933,0.036844,-0.049709,0.696205,0.056913,-0.356333,1.053898,0.057618,-0.406284,0.876608,0.111309,-0.388909,0.701570
-0.020353,-0.229950,0.773650,-0.060469,-0.130745,0.632817,-0.064512,-0.143814,0.326775,-0.238645,-0.289196,0.106301,0.030396,-0.344608,0.648880,0.037539,-0.297392,0.345732,0.007084,-0.255486,0.032570,-0.026130,-0.229242,0.827441,-0.002169,-0.083830,1.058464,-0.003600,-0.050829,0.877343,0.031240,-0.049297,0.696341,0.057933,-0.358333,1.053860,0.057567,-0.409024,0.876771,0.111450,-0.390764,0.701872
-0.021912,-0.232866,0.773578,-0.066256,-0.135021,0.633072,-0.069129,-0.164553,0.328211,-0.234758,-0.313627,0.103503,0.031090,-0.346076,0.648440,0.039923,-0.297982,0.345395,0.007121,-0.255421,0.032577,-0.027205,-0.232206,0.827419,-0.005385,-0.086673,1.058576,-0.007708,-0.052761,0.877633,0.025742,-0.049005,0.696402,0.058891,-0.360227,1.053671,0.057487,-0.411597,0.876778,0.111108,-0.392620,0.701871
-0.023582,-0.235748,0.773457,-0.072139,-0.139378,0.633338,-0.073530,-0.185568,0.330589,-0.228647,-0.337942,0.100459,0.031560,-0.347457,0.647922,0.042627,-0.298491,0.345010,0.007177,-0.255204,0.032603,-0.028371,-0.235122,0.827345,-0.008619,-0.089510,1.058639,-0.011784,-0.054754,0.877869,0.020257,-0.048802,0.696442,0.059814,-0.362051,1.053399,0.057394,-0.414084,0.876706,0.110524,-0.394481,0.701718
-0.025522,-0.238794,0.773195,-0.078176,-0.144198,0.633381,-0.080637,-0.205919,0.333457,-0.222501,-0.359424,0.095419,0.031635,-0.349179,0.647423,0.044665,-0.299307,0.344661,0.007277,-0.255321,0.032593,-0.029861,-0.238150,0.827120,-0.011961,-0.092386,1.058474,-0.015710,-0.056997,0.877836,0.015223,-0.049000,0.696293,0.060551,-0.363866,1.052965,0.057186,-0.416508,0.876464,0.109405,-0.396617,0.701242
-0.027488,-0.242065,0.772894,-0.084072,-0.149479,0.633313,-0.087890,-0.224549,0.336490,-0.215063,-0.379298,0.090839,0.031656,-0.351233,0.647012,0.045959,-0.300118,0.344434,0.007368,-0.255218,0.032654,-0.031409,-0.241356,0.826850,-0.015390,-0.095412,1.058234,-0.019587,-0.059430,0.877722,0.010374,-0.049543,0.696108,0.061227,-0.365759,1.052514,0.056952,-0.419014,0.876213,0.108101,-0.398961,0.700696
-0.029504,-0.245787,0.772517,-0.089733,-0.155565,0.632967,-0.096553,-0.239957,0.338725,-0.209024,-0.394361,0.085559,0.031622,-0.354008,0.646792,0.045796,-0.301251,0.344408,0.007432,-0.255267,0.032755,-0.033076,-0.244932,0.826491,-0.019000,-0.098716,1.057841,-0.023350,-0.062215,0.877437,0.005988,-0.050704,0.695816,0.061796,-0.367841,1.052041,0.056660,-0.421690,0.875940,0.106417,-0.401710,0.700005
-0.031092,-0.250417,0.772410,-0.093421,-0.162044,0.632617,-0.101213,-0.247295,0.338649,-0.206999,-0.400812,0.082089,0.032018,-0.357893,0.647018,0.042657,-0.302641,0.344862,0.007504,-0.255147,0.033028,-0.034628,-0.249468,0.826382,-0.022613,-0.102695,1.057509,-0.027076,-0.065679,0.877212,0.002142,-0.052890,0.695658,0.062545,-0.370475,1.051977,0.056656,-0.424920,0.876081,0.104893,-0.405101,0.699696
-0.032467,-0.255501,0.772438,-0.096121,-0.168709,0.632250,-0.104151,-0.250602,0.337331,-0.207598,-0.402988,0.079265,0.032631,-0.362322,0.647478,0.037973,-0.304337,0.345624,0.007479,-0.255262,0.033506,-0.036121,-0.254488,0.826399,-0.026239,-0.107021,1.057200,-0.030807,-0.069499,0.877011,-0.001470,-0.055599,0.695557,0.063363,-0.373354,1.052123,0.056780,-0.428423,0.876442,0.103439,-0.408846,0.699599
-0.034352,-0.260495,0.772215,-0.099648,-0.175241,0.631834,-0.107857,-0.254797,0.336287,-0.208772,-0.405228,0.076204,0.032758,-0.366340,0.647500,0.037181,-0.306121,0.345995,0.007576,-0.255308,0.034063,-0.038004,-0.259403,0.826175,-0.030362,-0.111117,1.056551,-0.034907,-0.073094,0.876466,-0.004774,-0.058402,0.695207,0.063531,-0.375976,1.052180,0.056636,-0.431425,0.876630,0.101718,-0.411907,0.699365
-0.036467,-0.265380,0.772057,-0.103559,-0.181523,0.631676,-0.111635,-0.259411,0.335690,-0.209662,-0.407527,0.073295,0.032545,-0.370008,0.647366,0.036552,-0.307760,0.346193,0.007589,-0.255345,0.034461,-0.040062,-0.264253,0.826022,-0.034651,-0.115212,1.055989,-0.039192,-0.076682,0.876012,-0.008094,-0.061251,0.694980,0.063551,-0.378512,1.052265,0.056420,-0.434285,0.876827,0.099869,-0.414781,0.699148
-0.039041,-0.270047,0.772028,-0.108271,-0.187283,0.632028,-0.115390,-0.264750,0.335924,-0.209541,-0.409900,0.070537,0.031661,-0.373015,0.646924,0.036362,-0.309073,0.346044,0.007643,-0.255273,0.034523,-0.042468,-0.268971,0.826009,-0.039260,-0.119276,1.055609,-0.043809,-0.080228,0.875742,-0.011371,-0.064175,0.695003,0.063310,-0.380907,1.052411,0.056091,-0.436866,0.877036,0.097797,-0.417235,0.698951
-0.041734,-0.274865,0.771794,-0.112994,-0.193335,0.632102,-0.121211,-0.271158,0.336131,-0.210333,-0.411911,0.066719,0.030662,-0.376267,0.646411,0.037085,-0.310603,0.345865,0.007698,-0.255223,0.034687,-0.045046,-0.273815,0.825787,-0.044101,-0.123463,1.054994,-0.048572,-0.084039,0.875206,-0.014567,-0.067490,0.694801,0.062635,-0.383426,1.052429,0.055517,-0.439513,0.877093,0.095689,-0.419725,0.698669
-0.044487,-0.279758,0.771458,-0.117709,-0.199553,0.632041,-0.127999,-0.278180,0.336353,-0.211333,-0.413904,0.062583,0.029593,-0.379627,0.645865,0.038232,-0.312161,0.345703,0.007703,-0.255041,0.034958,-0.047711,-0.278721,0.825461,-0.049068,-0.127733,1.054263,-0.053421,-0.087995,0.874539,-0.017735,-0.070972,0.694503,0.061719,-0.385998,1.052381,0.054796,-0.442182,0.877070,0.093542,-0.422237,0.698346
-0.047266,-0.284793,0.771216,-0.121984,-0.205165,0.632286,-0.133691,-0.283973,0.336700,-0.212145,-0.415077,0.059270,0.028162,-0.382975,0.645132,0.040042,-0.313896,0.345397,0.007753,-0.255031,0.035169,-0.050459,-0.283893,0.825229,-0.054052,-0.132311,1.053627,-0.058232,-0.092447,0.873924,-0.020703,-0.075228,0.694284,0.060386,-0.388979,1.052487,0.053903,-0.445122,0.877147,0.091456,-0.424762,0.698208
-0.050019,-0.289845,0.770944,-0.126099,-0.210596,0.632566,-0.139161,-0.289696,0.337112,-0.212496,-0.416540,0.056320,0.026603,-0.386322,0.644305,0.042004,-0.315610,0.345067,0.007771,-0.254923,0.035415,-0.053193,-0.289111,0.824967,-0.059047,-0.136986,1.052968,-0.063051,-0.097068,0.873271,-0.023650,-0.079695,0.694049,0.058803,-0.392106,1.052618,0.052893,-0.448143,0.877227,0.089429,-0.427336,0.698125
-0.052722,-0.294933,0.770615,-0.129911,-0.215635,0.632914,-0.144279,-0.295240,0.337654,-0.212355,-0.418381,0.053884,0.024821,-0.389697,0.643287,0.044319,-0.317426,0.344629,0.007794,-0.254879,0.035630,-0.055901,-0.294420,0.824647,-0.064035,-0.141815,1.052261,-0.067850,-0.102003,0.872535,-0.026530,-0.084633,0.693749,0.056774,-0.395545,1.052801,0.051696,-0.451351,0.877313,0.087561,-0.429996,0.698142
-0.055380,-0.300084,0.770157,-0.133461,-0.220516,0.633145,-0.148672,-0.300224,0.337952,-0.212226,-0.420047,0.051711,0.022918,-0.393209,0.642126,0.046543,-0.319338,0.344136,0.007806,-0.254853,0.035825,-0.058581,-0.299805,0.824196,-0.068990,-0.146781,1.051437,-0.072592,-0.107203,0.871652,-0.029495,-0.089933,0.693278,0.054343,-0.399290,1.052947,0.050223,-0.454794,0.877341,0.085804,-0.432708,0.698203
-0.058017,-0.305268,0.769636,-0.136880,-0.225321,0.633320,-0.152700,-0.304930,0.338131,-0.212102,-0.421610,0.049697,0.020951,-0.396786,0.640903,0.048713,-0.321284,0.343660,0.007805,-0.254808,0.036073,-0.061248,-0.305227,0.823679,-0.073939,-0.151831,1.050550,-0.077304,-0.112548,0.870693,-0.032490,-0.095406,0.692731,0.051694,-0.403196,1.053075,0.048597,-0.458355,0.877342,0.084085,-0.435442,0.698289
-0.060668,-0.310440,0.768929,-0.140024,-0.229831,0.633311,-0.155910,-0.308711,0.337928,-0.212164,-0.422575,0.047743,0.018925,-0.400341,0.639478,0.050563,-0.323255,0.343014,0.007785,-0.254815,0.036132,-0.064001,-0.310681,0.822968,-0.078807,-0.156924,1.049459,-0.081957,-0.118154,0.869485,-0.035822,-0.101363,0.691829,0.048506,-0.407429,1.053094,0.046408,-0.462293,0.877256,0.082460,-0.438184,0.698472
-0.063349,-0.315595,0.768247,-0.143133,-0.234208,0.633369,-0.158957,-0.312310,0.337773,-0.212204,-0.423484,0.045980,0.016831,-0.403839,0.638051,0.052245,-0.325184,0.342415,0.007766,-0.254804,0.036234,-0.066801,-0.316148,0.822279,-0.083664,-0.162066,1.048397,-0.086595,-0.123866,0.868296,-0.039329,-0.107404,0.690908,0.045195,-0.411764,1.053126,0.044062,-0.466356,0.877196,0.080817,-0.440956,0.698733
-0.066092,-0.320718,0.767618,-0.146169,-0.238314,0.633556,-0.161685,-0.315537,0.337712,-0.212241,-0.424292,0.044526,0.014612,-0.407230,0.636609,0.053609,-0.327071,0.341825,0.007767,-0.254843,0.036293,-0.069696,-0.321639,0.821635,-0.088482,-0.167280,1.047401,-0.091209,-0.129772,0.867151,-0.043208,-0.113628,0.689933,0.041672,-0.416287,1.053184,0.041434,-0.470668,0.877185,0.079175,-0.443795,0.699142
-0.068871,-0.325605,0.767054,-0.148936,-0.241915,0.633801,-0.163700,-0.318268,0.337693,-0.212043,-0.425186,0.043453,0.012023,-0.410696,0.635250,0.053863,-0.329084,0.341262,0.007740,-0.255045,0.036210,-0.072619,-0.326894,0.821052,-0.093016,-0.172414,1.046582,-0.095615,-0.135673,0.866170,-0.047387,-0.119929,0.688981,0.037938,-0.420982,1.053218,0.038611,-0.475182,0.877166,0.077295,-0.446889,0.699552
-0.071668,-0.330374,0.766524,-0.151567,-0.245266,0.634083,-0.165359,-0.320756,0.337709,-0.211734,-0.426126,0.042588,0.009253,-0.414196,0.633937,0.053566,-0.331173,0.340718,0.007700,-0.255352,0.036063,-0.075556,-0.332031,0.820499,-0.097410,-0.177504,1.045845,-0.099911,-0.141572,0.865269,-0.051704,-0.126277,0.688036,0.034091,-0.425767,1.053239,0.035684,-0.479801,0.877143,0.075285,-0.450115,0.699971
-0.074647,-0.334904,0.765948,-0.154018,-0.248238,0.634200,-0.166533,-0.323042,0.337599,-0.211133,-0.427277,0.041796,0.005896,-0.418027,0.632711,0.052474,-0.333617,0.340265,0.007740,-0.255962,0.035885,-0.078631,-0.336848,0.819904,-0.101079,-0.182316,1.045173,-0.103491,-0.147278,0.864421,-0.056291,-0.132728,0.686854,0.029948,-0.430817,1.053049,0.032578,-0.484623,0.876899,0.073118,-0.453840,0.700128
-0.077676,-0.339402,0.765394,-0.156353,-0.251095,0.634324,-0.167747,-0.325261,0.337520,-0.210629,-0.428281,0.041033,0.002475,-0.421893,0.631543,0.051337,-0.336154,0.339887,0.007804,-0.256696,0.035778,-0.081789,-0.341646,0.819324,-0.104583,-0.187108,1.044541,-0.106810,-0.152952,0.863621,-0.060864,-0.139182,0.685660,0.025741,-0.435969,1.052814,0.029390,-0.489602,0.876632,0.070895,-0.457861,0.700253
-0.080801,-0.343836,0.764881,-0.158461,-0.253718,0.634450,-0.169044,-0.327328,0.337480,-0.210324,-0.428972,0.040285,-0.001080,-0.425834,0.630482,0.050103,-0.338851,0.339632,0.007908,-0.257640,0.035777,-0.085108,-0.346407,0.818777,-0.107755,-0.191866,1.043999,-0.109615,-0.158566,0.862920,-0.065422,-0.145617,0.684450,0.021416,-0.441321,1.052489,0.026045,-0.494894,0.876314,0.068576,-0.462466,0.700296
-0.083954,-0.348284,0.764503,-0.160537,-0.256273,0.634774,-0.170553,-0.329364,0.337658,-0.210148,-0.429400,0.039670,-0.004656,-0.429730,0.629535,0.049505,-0.341710,0.339587,0.008061,-0.258952,0.036024,-0.088472,-0.351192,0.818358,-0.110670,-0.196474,1.043499,-0.112181,-0.163964,0.862279,-0.070003,-0.151828,0.683261,0.017079,-0.446650,1.052291,0.022493,-0.500323,0.876172,0.066015,-0.467513,0.700462
-0.087121,-0.352739,0.764191,-0.162586,-0.258804,0.635208,-0.172167,-0.331394,0.337957,-0.210041,-0.429701,0.039145,-0.008238,-0.433599,0.628649,0.049227,-0.344687,0.339665,0.008247,-0.260519,0.036404,-0.091860,-0.355987,0.818001,-0.113445,-0.201007,1.043018,-0.114627,-0.169253,0.861668,-0.074598,-0.157865,0.682106,0.012735,-0.451966,1.052152,0.018829,-0.505825,0.876113,0.063323,-0.472790,0.700688
-0.090272,-0.357083,0.764175,-0.164124,-0.261094,0.635796,-0.173277,-0.333073,0.338383,-0.209985,-0.429857,0.038908,-0.011637,-0.437502,0.628263,0.050526,-0.348078,0.340511,0.008737,-0.263334,0.037491,-0.095346,-0.360679,0.817925,-0.115810,-0.205287,1.042759,-0.116922,-0.174230,0.861293,-0.079244,-0.163368,0.681186,0.008534,-0.457150,1.052193,0.014759,-0.511441,0.876292,0.060086,-0.478588,0.701040
-0.093408,-0.361307,0.764272,-0.165494,-0.263317,0.636422,-0.174183,-0.334611,0.338830,-0.209952,-0.429958,0.038763,-0.015011,-0.441432,0.628097,0.052215,-0.351625,0.341717,0.009395,-0.266692,0.038860,-0.098829,-0.365214,0.817961,-0.118071,-0.209439,1.042632,-0.119231,-0.179060,0.861056,-0.083778,-0.168642,0.680467,0.004235,-0.462289,1.052340,0.010540,-0.516995,0.876571,0.056652,-0.484468,0.701462
-0.096518,-0.365292,0.764598,-0.166545,-0.265389,0.637100,-0.174677,-0.335849,0.339291,-0.209944,-0.429941,0.038752,-0.018348,-0.445424,0.628364,0.054685,-0.355418,0.343610,0.010403,-0.271019,0.040771,-0.102305,-0.369438,0.818226,-0.120146,-0.213334,1.042774,-0.121572,-0.183593,0.861096,-0.088104,-0.173571,0.680102,-0.000255,-0.467331,1.052709,0.006047,-0.522413,0.877058,0.052844,-0.490489,0.702026
-0.099583,-0.369091,0.765137,-0.167517,-0.267544,0.637809,-0.175102,-0.337140,0.339780,-0.209930,-0.429982,0.038784,-0.021615,-0.449482,0.629035,0.057632,-0.359324,0.346152,0.011746,-0.276387,0.043106,-0.105706,-0.373379,0.818713,-0.121911,-0.216963,1.043153,-0.123980,-0.187844,0.861380,-0.092124,-0.178328,0.680065,-0.004699,-0.472205,1.053258,0.001407,-0.527680,0.877724,0.048747,-0.496566,0.702696
-0.102626,-0.372796,0.765783,-0.168438,-0.269756,0.638540,-0.175465,-0.338475,0.340288,-0.209862,-0.430066,0.038843,-0.024852,-0.453578,0.629913,0.060883,-0.363392,0.349099,0.013492,-0.282725,0.045641,-0.109068,-0.377178,0.819311,-0.123516,-0.220475,1.043653,-0.126428,-0.191951,0.861796,-0.096009,-0.182987,0.680203,-0.009122,-0.476991,1.053893,-0.003316,-0.532861,0.878475,0.044485,-0.502662,0.703414
-0.105578,-0.376287,0.766595,-0.169365,-0.272102,0.639250,-0.175846,-0.339848,0.340757,-0.209830,-0.430145,0.038855,-0.027922,-0.457637,0.631101,0.062849,-0.367390,0.352065,0.015249,-0.290264,0.047705,-0.112331,-0.380677,0.820084,-0.124689,-0.223592,1.044264,-0.128727,-0.195595,0.862344,-0.099205,-0.187507,0.680563,-0.013496,-0.481509,1.054701,-0.008246,-0.537880,0.879427,0.039859,-0.508842,0.704252
-0.108388,-0.380016,0.767367,-0.169773,-0.274708,0.639754,-0.175832,-0.341334,0.340990,-0.209800,-0.430283,0.038674,-0.031242,-0.462484,0.632347,0.063437,-0.371793,0.354893,0.017160,-0.296903,0.049782,-0.115444,-0.384330,0.820824,-0.125712,-0.226838,1.044804,-0.130912,-0.199342,0.862835,-0.102143,-0.192244,0.680894,-0.017801,-0.486139,1.055519,-0.013204,-0.543036,0.880396,0.035160,-0.515290,0.705082
-0.110917,-0.384222,0.768056,-0.169146,-0.277839,0.639831,-0.175003,-0.343050,0.340735,-0.209714,-0.430539,0.038074,-0.035081,-0.468879,0.633701,0.061090,-0.376794,0.357301,0.018706,-0.300786,0.051952,-0.118251,-0.388292,0.821500,-0.126451,-0.230296,1.045190,-0.132860,-0.203295,0.863183,-0.104540,-0.197461,0.681131,-0.021964,-0.490980,1.056371,-0.018192,-0.548470,0.881422,0.030358,-0.522289,0.705915
-0.113404,-0.388005,0.768863,-0.168438,-0.280820,0.639873,-0.173845,-0.344418,0.340402,-0.209670,-0.430769,0.037553,-0.038444,-0.474717,0.635420,0.063203,-0.383467,0.360737,0.019224,-0.307383,0.055688,-0.121084,-0.391817,0.822282,-0.126975,-0.233379,1.045713,-0.134807,-0.206703,0.863712,-0.106782,-0.202178,0.681581,-0.026071,-0.495461,1.057252,-0.023289,-0.553500,0.882465,0.025435,-0.528956,0.706770
-0.115871,-0.391577,0.769727,-0.167681,-0.283762,0.639910,-0.172446,-0.345642,0.340048,-0.209495,-0.431013,0.037081,-0.041591,-0.480279,0.637329,0.067422,-0.391165,0.364784,0.019056,-0.315411,0.060365,-0.123928,-0.395118,0.823116,-0.127394,-0.236301,1.046309,-0.136753,-0.209832,0.864348,-0.108953,-0.206617,0.682158,-0.030157,-0.499757,1.058143,-0.028448,-0.558306,0.883511,0.020424,-0.535429,0.707636
-0.118049,-0.394113,0.770634,-0.167744,-0.285674,0.640539,-0.173034,-0.347223,0.340604,-0.209489,-0.431038,0.037108,-0.043663,-0.483522,0.638877,0.076922,-0.402888,0.368534,0.016710,-0.330947,0.065244,-0.126513,-0.397597,0.823965,-0.127749,-0.238619,1.047051,-0.138430,-0.212330,0.865135,-0.110893,-0.210354,0.682889,-0.034077,-0.503362,1.059016,-0.033511,-0.562282,0.884499,0.015337,-0.541276,0.708387
-0.120047,-0.396564,0.771531,-0.167712,-0.287537,0.641195,-0.173453,-0.348668,0.341170,-0.209450,-0.431006,0.037196,-0.045752,-0.486733,0.640294,0.085110,-0.416573,0.371735,0.013081,-0.346434,0.070560,-0.128892,-0.399985,0.824805,-0.127933,-0.240930,1.047821,-0.139851,-0.214772,0.865963,-0.112659,-0.213956,0.683657,-0.037869,-0.506922,1.059877,-0.038470,-0.566131,0.885456,0.010176,-0.547100,0.709067
-0.121687,-0.398847,0.772408,-0.167500,-0.289271,0.641889,-0.173557,-0.349859,0.341748,-0.209380,-0.430927,0.037396,-0.047859,-0.489862,0.641431,0.091050,-0.433778,0.373444,0.007926,-0.362091,0.075475,-0.130861,-0.402200,0.825632,-0.127779,-0.243173,1.048635,-0.140761,-0.217113,0.866835,-0.114051,-0.217342,0.684456,-0.041396,-0.510386,1.060730,-0.043200,-0.569760,0.886372,0.004930,-0.552926,0.709620
-0.123060,-0.401076,0.773294,-0.167185,-0.291102,0.642541,-0.173534,-0.351053,0.342265,-0.209355,-0.430930,0.037588,-0.050029,-0.493121,0.642456,0.094170,-0.452918,0.374220,0.002225,-0.378370,0.079543,-0.132498,-0.404318,0.826480,-0.127337,-0.245410,1.049517,-0.141204,-0.219444,0.867768,-0.115169,-0.220566,0.685297,-0.044720,-0.513814,1.061606,-0.047646,-0.573200,0.887267,-0.000332,-0.558683,0.710096
-0.124301,-0.403278,0.774185,-0.166818,-0.292990,0.643174,-0.173433,-0.352250,0.342753,-0.209323,-0.430969,0.037775,-0.052242,-0.496436,0.643432,0.095612,-0.473120,0.374973,-0.003082,-0.394458,0.083561,-0.133968,-0.406386,0.827338,-0.126758,-0.247662,1.050438,-0.141421,-0.221773,0.868741,-0.116161,-0.223694,0.686167,-0.047954,-0.517214,1.062492,-0.051958,-0.576521,0.888147,-0.005643,-0.564361,0.710546
-0.125197,-0.405702,0.774890,-0.165834,-0.295107,0.643531,-0.172864,-0.353488,0.342927,-0.209362,-0.430992,0.037706,-0.055068,-0.500588,0.644139,0.093210,-0.494034,0.374758,-0.008077,-0.410921,0.085484,-0.134956,-0.408582,0.828042,-0.125763,-0.250148,1.051267,-0.140761,-0.224391,0.869579,-0.116422,-0.226919,0.686884,-0.050870,-0.520819,1.063224,-0.055871,-0.579810,0.888799,-0.010956,-0.569933,0.710682
-0.125963,-0.408061,0.775534,-0.164671,-0.297124,0.643877,-0.172201,-0.354694,0.343106,-0.209363,-0.431020,0.037665,-0.057798,-0.504599,0.644790,0.090173,-0.514202,0.375138,-0.012114,-0.427872,0.087174,-0.135815,-0.410731,0.828683,-0.124709,-0.252695,1.052097,-0.139881,-0.227059,0.870407,-0.116435,-0.230100,0.687601,-0.053735,-0.524430,1.063870,-0.059664,-0.583057,0.889354,-0.016217,-0.575282,0.710764
-0.126468,-0.410291,0.776058,-0.163155,-0.298910,0.644199,-0.171411,-0.355817,0.343295,-0.209408,-0.431038,0.037684,-0.060296,-0.508362,0.645299,0.086418,-0.532680,0.375775,-0.015970,-0.446466,0.087830,-0.136420,-0.412788,0.829199,-0.123527,-0.255335,1.052924,-0.138554,-0.229823,0.871205,-0.115935,-0.233219,0.688301,-0.056470,-0.528079,1.064345,-0.063208,-0.586271,0.889715,-0.021285,-0.580289,0.710701
-0.126756,-0.412528,0.776375,-0.161560,-0.300668,0.644412,-0.170622,-0.356938,0.343384,-0.209431,-0.431013,0.037597,-0.062571,-0.511945,0.645554,0.082334,-0.549021,0.376474,-0.019330,-0.466236,0.087289,-0.136754,-0.414877,0.829516,-0.122191,-0.258115,1.053619,-0.136886,-0.232736,0.871855,-0.114924,-0.236425,0.688877,-0.058942,-0.531786,1.064580,-0.066507,-0.589632,0.889873,-0.026060,-0.585113,0.710478
-0.126934,-0.414769,0.776588,-0.159922,-0.302425,0.644569,-0.169812,-0.358060,0.343419,-0.209401,-0.430955,0.037451,-0.064742,-0.515422,0.645681,0.077897,-0.564215,0.377273,-0.022979,-0.486634,0.086395,-0.136950,-0.416982,0.829733,-0.120787,-0.260969,1.054246,-0.135059,-0.235736,0.872429,-0.113667,-0.239682,0.689389,-0.061299,-0.535504,1.064694,-0.069698,-0.593043,0.889929,-0.030707,-0.589814,0.710182
-0.126823,-0.417129,0.776563,-0.158229,-0.304169,0.644676,-0.169021,-0.359247,0.343424,-0.209448,-0.431007,0.037300,-0.066733,-0.518769,0.645426,0.073618,-0.576378,0.377689,-0.025758,-0.508540,0.083889,-0.136729,-0.419238,0.829735,-0.118901,-0.264075,1.054707,-0.132657,-0.238846,0.872848,-0.111385,-0.242828,0.689793,-0.063257,-0.539438,1.064534,-0.072598,-0.596744,0.889742,-0.034590,-0.594460,0.709745
-0.126545,-0.419513,0.776463,-0.156375,-0.305873,0.644789,-0.168154,-0.360409,0.343443,-0.209456,-0.431009,0.037169,-0.068547,-0.521999,0.645041,0.069332,-0.587697,0.378038,-0.028739,-0.530806,0.081501,-0.136334,-0.421546,0.829659,-0.116908,-0.267268,1.055105,-0.130129,-0.241992,0.873211,-0.108815,-0.245982,0.690159,-0.065124,-0.543406,1.064299,-0.075460,-0.600478,0.889488,-0.038260,-0.599037,0.709296
-0.125930,-0.421946,0.776211,-0.154208,-0.307468,0.644920,-0.167182,-0.361505,0.343498,-0.209480,-0.430905,0.037091,-0.069985,-0.525030,0.644388,0.065436,-0.597465,0.378076,-0.031194,-0.553750,0.078852,-0.135594,-0.423956,0.829431,-0.114686,-0.270622,1.055385,-0.127329,-0.245184,0.873469,-0.105649,-0.249123,0.690460,-0.066775,-0.547480,1.063914,-0.078219,-0.604327,0.889098,-0.041461,-0.603544,0.708808
-0.124950,-0.424536,0.775901,-0.151792,-0.309272,0.644990,-0.166046,-0.362693,0.343482,-0.209521,-0.430848,0.036965,-0.071212,-0.528213,0.643652,0.061290,-0.606180,0.377649,-0.033433,-0.576645,0.076093,-0.134418,-0.426512,0.829157,-0.112175,-0.274152,1.055639,-0.124175,-0.248360,0.873726,-0.102020,-0.252210,0.690775,-0.068189,-0.551681,1.063512,-0.080714,-0.608204,0.888665,-0.044156,-0.607996,0.708330
-0.123786,-0.427206,0.775561,-0.149242,-0.311191,0.645028,-0.164808,-0.363932,0.343427,-0.209530,-0.430812,0.036814,-0.072339,-0.531451,0.642881,0.057064,-0.614360,0.377057,-0.035228,-0.599382,0.073681,-0.133023,-0.429143,0.828859,-0.109527,-0.277767,1.055870,-0.120847,-0.251539,0.873974,-0.098161,-0.255297,0.691089,-0.069497,-0.555912,1.063103,-0.083088,-0.612059,0.888213,-0.046615,-0.612395,0.707857
-0.122310,-0.430210,0.775221,-0.146644,-0.313427,0.645146,-0.163593,-0.365320,0.343437,-0.209617,-0.430778,0.036715,-0.073235,-0.534867,0.641985,0.052129,-0.621274,0.375543,-0.036963,-0.621486,0.070840,-0.131257,-0.432120,0.828568,-0.106389,-0.281617,1.056012,-0.116858,-0.254860,0.874140,-0.093663,-0.258451,0.691315,-0.070548,-0.560345,1.062766,-0.085152,-0.616055,0.887816,-0.048387,-0.616866,0.707516
-0.120715,-0.433366,0.774876,-0.143983,-0.315821,0.645280,-0.162328,-0.366784,0.343458,-0.209652,-0.430737,0.036620,-0.074080,-0.538373,0.641055,0.046956,-0.627894,0.373824,-0.038427,-0.642947,0.068425,-0.129350,-0.435257,0.828274,-0.103185,-0.285579,1.056116,-0.112701,-0.258306,0.874268,-0.088990,-0.261701,0.691504,-0.071453,-0.564814,1.062452,-0.087057,-0.620066,0.887439,-0.049947,-0.621339,0.707210
-0.118883,-0.436824,0.774525,-0.141210,-0.318505,0.645451,-0.160996,-0.368392,0.343503,-0.209643,-0.430691,0.036533,-0.074815,-0.542098,0.640046,0.041248,-0.633951,0.371567,-0.039909,-0.663384,0.066056,-0.127164,-0.438710,0.827977,-0.099839,-0.289770,1.056166,-0.108201,-0.261975,0.874340,-0.083958,-0.265083,0.691641,-0.072041,-0.569430,1.062178,-0.088620,-0.624183,0.887095,-0.051042,-0.625872,0.706969
-0.116986,-0.440697,0.774216,-0.138540,-0.321622,0.645693,-0.159731,-0.370238,0.343600,-0.209662,-0.430750,0.036480,-0.075468,-0.546118,0.638991,0.033577,-0.638573,0.367935,-0.041594,-0.682607,0.062630,-0.124941,-0.442590,0.827714,-0.096454,-0.294122,1.056071,-0.103551,-0.265762,0.874278,-0.078732,-0.268514,0.691651,-0.072350,-0.574126,1.062042,-0.089712,-0.628313,0.886856,-0.051726,-0.630386,0.706824
-0.115056,-0.444777,0.773929,-0.135916,-0.324959,0.645973,-0.158481,-0.372199,0.343727,-0.209666,-0.430851,0.036453,-0.076086,-0.550269,0.637928,0.025028,-0.642385,0.363821,-0.042335,-0.699907,0.058915,-0.122699,-0.446686,0.827468,-0.093043,-0.298551,1.055895,-0.098820,-0.269627,0.874145,-0.073399,-0.272000,0.691596,-0.072509,-0.578836,1.061977,-0.090554,-0.632430,0.886676,-0.052196,-0.634883,0.706733
-0.112894,-0.449421,0.773557,-0.133320,-0.328796,0.646280,-0.157257,-0.374325,0.343852,-0.209718,-0.430861,0.036393,-0.076472,-0.554772,0.636635,0.014654,-0.644496,0.358368,-0.042355,-0.714199,0.053867,-0.120229,-0.451373,0.827132,-0.089631,-0.303233,1.055435,-0.093949,-0.273657,0.873750,-0.067754,-0.275550,0.691306,-0.072206,-0.583717,1.061986,-0.090703,-0.636778,0.886568,-0.052143,-0.639561,0.706672
-0.110686,-0.454214,0.773262,-0.130646,-0.332865,0.646590,-0.155974,-0.376554,0.343978,-0.209754,-0.430863,0.036341,-0.076811,-0.559473,0.635521,0.004741,-0.646983,0.353662,-0.041207,-0.724426,0.049145,-0.117717,-0.456195,0.826870,-0.086213,-0.308011,1.055027,-0.089030,-0.277773,0.873422,-0.061966,-0.279154,0.691100,-0.071716,-0.588649,1.062067,-0.090569,-0.641198,0.886532,-0.051903,-0.644295,0.706666
-0.108385,-0.459303,0.773119,-0.127832,-0.337387,0.646902,-0.154602,-0.378989,0.344094,-0.209800,-0.430854,0.036283,-0.077046,-0.564606,0.634728,-0.004639,-0.650384,0.349878,-0.040855,-0.731035,0.044874,-0.115122,-0.461280,0.826760,-0.082796,-0.312998,1.054743,-0.084026,-0.282033,0.873242,-0.055904,-0.282807,0.691077,-0.070879,-0.593743,1.062289,-0.089899,-0.645812,0.886631,-0.051300,-0.649169,0.706762
-0.106142,-0.464595,0.773301,-0.125122,-0.342428,0.647243,-0.153236,-0.381639,0.344213,-0.209812,-0.430820,0.036204,-0.077139,-0.570200,0.634573,-0.012423,-0.653448,0.347136,-0.041186,-0.733290,0.041125,-0.112583,-0.466493,0.826979,-0.079294,-0.318071,1.054740,-0.078905,-0.286365,0.873363,-0.049538,-0.286541,0.691392,-0.069723,-0.598890,1.062800,-0.088763,-0.650527,0.887017,-0.050261,-0.654093,0.707131
-0.103926,-0.469988,0.773646,-0.122465,-0.347730,0.647596,-0.151846,-0.384395,0.344342,-0.209751,-0.430767,0.036137,-0.077164,-0.576016,0.634745,-0.019446,-0.656298,0.344977,-0.042015,-0.733788,0.037845,-0.110070,-0.471770,0.827361,-0.075749,-0.323190,1.054875,-0.073716,-0.290750,0.873638,-0.043003,-0.290349,0.691889,-0.068407,-0.604059,1.063457,-0.087389,-0.655295,0.887552,-0.048995,-0.659047,0.707642
-0.101578,-0.475429,0.774760,-0.119582,-0.353807,0.648018,-0.150389,-0.387533,0.344545,-0.209822,-0.430795,0.036164,-0.076354,-0.582542,0.636370,-0.024120,-0.659504,0.344662,-0.042103,-0.734330,0.036562,-0.107590,-0.476938,0.828504,-0.072143,-0.328308,1.055823,-0.068579,-0.295076,0.874752,-0.036197,-0.294216,0.693293,-0.066577,-0.609206,1.064724,-0.085401,-0.660098,0.888703,-0.047057,-0.663958,0.708781
-0.099179,-0.481010,0.775819,-0.116694,-0.359992,0.648430,-0.148895,-0.390708,0.344764,-0.209837,-0.430804,0.036235,-0.075396,-0.589125,0.637929,-0.027975,-0.662747,0.344537,-0.042241,-0.734791,0.035579,-0.105058,-0.482260,0.829589,-0.068577,-0.333576,1.056720,-0.063516,-0.299616,0.875816,-0.029393,-0.298364,0.694679,-0.064681,-0.614489,1.065939,-0.083265,-0.665081,0.889808,-0.044954,-0.669035,0.709876
-0.096681,-0.486870,0.776768,-0.113788,-0.366385,0.648821,-0.147372,-0.393964,0.344987,-0.209841,-0.430805,0.036342,-0.074136,-0.595845,0.639335,-0.030105,-0.666163,0.344604,-0.042342,-0.735214,0.034876,-0.102424,-0.487891,0.830561,-0.065090,-0.339134,1.057516,-0.058616,-0.304551,0.876772,-0.022631,-0.303010,0.695997,-0.062647,-0.620052,1.067051,-0.080838,-0.670423,0.890819,-0.042536,-0.674441,0.710881
-0.094259,-0.492917,0.777632,-0.111098,-0.372956,0.649156,-0.145928,-0.397271,0.345171,-0.209821,-0.430789,0.036423,-0.072736,-0.602669,0.640645,-0.031259,-0.669687,0.344775,-0.042366,-0.735648,0.034332,-0.099866,-0.493723,0.831446,-0.061617,-0.344870,1.058196,-0.053937,-0.309708,0.877605,-0.016002,-0.308072,0.697232,-0.060480,-0.625783,1.068058,-0.078243,-0.676005,0.891741,-0.039795,-0.680082,0.711836
-0.091876,-0.499059,0.778453,-0.108518,-0.379618,0.649465,-0.144513,-0.400600,0.345356,-0.209765,-0.430759,0.036530,-0.071268,-0.609543,0.641910,-0.031926,-0.673258,0.345019,-0.042352,-0.736073,0.033900,-0.097345,-0.499655,0.832287,-0.058153,-0.350697,1.058815,-0.049365,-0.314982,0.878378,-0.009431,-0.313343,0.698439,-0.058249,-0.631598,1.069011,-0.075564,-0.681710,0.892620,-0.036890,-0.685847,0.712768
-0.089662,-0.505357,0.779220,-0.106138,-0.386544,0.649635,-0.143234,-0.404040,0.345432,-0.209808,-0.430749,0.036553,-0.069601,-0.616615,0.643220,-0.031846,-0.676882,0.345401,-0.042304,-0.736306,0.033619,-0.095070,-0.505735,0.833066,-0.054817,-0.356697,1.059365,-0.045138,-0.320642,0.879037,-0.003215,-0.319380,0.699548,-0.055874,-0.637584,1.069826,-0.072728,-0.687720,0.893398,-0.033528,-0.691838,0.713660
-0.087452,-0.511665,0.779940,-0.103753,-0.393480,0.649765,-0.141930,-0.407485,0.345508,-0.209811,-0.430757,0.036620,-0.067814,-0.623673,0.644490,-0.031481,-0.680470,0.345812,-0.042246,-0.736444,0.033402,-0.092831,-0.511831,0.833793,-0.051552,-0.362718,1.059869,-0.040993,-0.326411,0.879637,0.002857,-0.325643,0.700607,-0.053498,-0.643588,1.070582,-0.069829,-0.693789,0.894124,-0.029985,-0.697845,0.714529
-0.085252,-0.517991,0.780567,-0.101355,-0.400435,0.649809,-0.140601,-0.410945,0.345545,-0.209791,-0.430814,0.036692,-0.065782,-0.630707,0.645676,-0.030534,-0.684011,0.346222,-0.042150,-0.736431,0.033227,-0.090667,-0.517955,0.834420,-0.048426,-0.368775,1.060284,-0.037015,-0.332386,0.880118,0.008617,-0.332354,0.701534,-0.051114,-0.649627,1.071220,-0.066800,-0.699968,0.894745,-0.026084,-0.703875,0.715351
-0.082988,-0.524286,0.781105,-0.098898,-0.407359,0.649778,-0.139231,-0.414367,0.345555,-0.209770,-0.430872,0.036793,-0.063458,-0.637667,0.646773,-0.029388,-0.687500,0.346581,-0.042069,-0.736407,0.033062,-0.088503,-0.524063,0.834950,-0.045414,-0.374847,1.060643,-0.033157,-0.338516,0.880519,0.014067,-0.339426,0.702356,-0.048716,-0.655683,1.071741,-0.063688,-0.706158,0.895243,-0.021982,-0.709848,0.716074
-0.080693,-0.530567,0.781598,-0.096411,-0.414267,0.649711,-0.137845,-0.417771,0.345577,-0.209759,-0.430934,0.036956,-0.060988,-0.644589,0.647828,-0.028161,-0.690963,0.346939,-0.042035,-0.736376,0.032947,-0.086340,-0.530162,0.835431,-0.042464,-0.380928,1.060973,-0.029363,-0.344725,0.880883,0.019353,-0.346687,0.703134,-0.046313,-0.661749,1.072203,-0.060536,-0.712354,0.895681,-0.017779,-0.715792,0.716752
-0.078345,-0.536881,0.781938,-0.094003,-0.421294,0.649436,-0.136483,-0.421218,0.345431,-0.209733,-0.431007,0.036984,-0.058385,-0.651589,0.648785,-0.027112,-0.694411,0.347199,-0.041985,-0.736323,0.032769,-0.084117,-0.536287,0.835759,-0.039511,-0.387072,1.061180,-0.025851,-0.351114,0.881084,0.024068,-0.354349,0.703687,-0.043741,-0.667880,1.072470,-0.057192,-0.718757,0.895966,-0.013347,-0.722002,0.717298
-0.075957,-0.543199,0.782233,-0.091542,-0.428359,0.649091,-0.135104,-0.424691,0.345265,-0.209725,-0.431082,0.037042,-0.055814,-0.658634,0.649730,-0.026151,-0.697891,0.347491,-0.041970,-0.736294,0.032662,-0.081839,-0.542410,0.836042,-0.036576,-0.393264,1.061388,-0.022414,-0.357612,0.881271,0.028579,-0.362155,0.704208,-0.041160,-0.674064,1.072670,-0.053771,-0.725183,0.896175,-0.008807,-0.728177,0.717783
-0.073487,-0.549527,0.782438,-0.088978,-0.435499,0.648602,-0.133676,-0.428210,0.345008,-0.209716,-0.431145,0.037065,-0.053307,-0.665772,0.650646,-0.025319,-0.701429,0.347796,-0.041929,-0.736308,0.032601,-0.079448,-0.548531,0.836238,-0.033669,-0.399550,1.061597,-0.019122,-0.364324,0.881429,0.032692,-0.370235,0.704644,-0.038554,-0.680347,1.072742,-0.050195,-0.731652,0.896236,-0.004055,-0.734283,0.718142
-0.070836,-0.555969,0.782483,-0.086087,-0.442807,0.647898,-0.131694,-0.431479,0.344561,-0.209732,-0.431181,0.037096,-0.050767,-0.673112,0.651466,-0.024632,-0.705043,0.348031,-0.041906,-0.736271,0.032492,-0.076871,-0.554745,0.836272,-0.030814,-0.405907,1.061675,-0.015944,-0.371400,0.881396,0.036484,-0.378768,0.704846,-0.035983,-0.686701,1.072704,-0.046554,-0.738230,0.896197,0.000797,-0.740482,0.718415
-0.068093,-0.562469,0.782449,-0.083033,-0.450202,0.647089,-0.129420,-0.434626,0.344055,-0.209727,-0.431210,0.037190,-0.048213,-0.680549,0.652243,-0.024026,-0.708685,0.348267,-0.041906,-0.736192,0.032418,-0.074200,-0.561007,0.836226,-0.027986,-0.412300,1.061687,-0.012824,-0.378658,0.881270,0.040112,-0.387528,0.704938,-0.033429,-0.693090,1.072611,-0.042880,-0.744862,0.896114,0.005696,-0.746728,0.718653
-0.065453,-0.569097,0.782195,-0.080067,-0.457786,0.645988,-0.125605,-0.436538,0.343175,-0.209669,-0.431234,0.037360,-0.045752,-0.688153,0.652851,-0.023656,-0.712362,0.348372,-0.041855,-0.736080,0.032237,-0.071593,-0.567376,0.835963,-0.025354,-0.418692,1.061437,-0.009948,-0.386102,0.880850,0.043168,-0.396509,0.704656,-0.030924,-0.699477,1.072362,-0.039038,-0.751345,0.895829,0.010689,-0.752659,0.718679
-0.062852,-0.575772,0.781887,-0.077226,-0.465430,0.644835,-0.121723,-0.438381,0.342336,-0.209584,-0.431299,0.037644,-0.043397,-0.695801,0.653405,-0.023500,-0.716057,0.348481,-0.041840,-0.735998,0.032095,-0.068980,-0.573787,0.835647,-0.022739,-0.425061,1.061095,-0.007182,-0.393584,0.880327,0.046014,-0.405514,0.704254,-0.028331,-0.705840,1.072082,-0.035153,-0.757782,0.895520,0.015717,-0.758513,0.718687
-0.060328,-0.582540,0.781468,-0.074635,-0.473188,0.643572,-0.117722,-0.440072,0.341482,-0.209489,-0.431393,0.038004,-0.041251,-0.703543,0.653845,-0.023747,-0.719801,0.348528,-0.041846,-0.735996,0.031916,-0.066357,-0.580282,0.835229,-0.020151,-0.431384,1.060572,-0.004632,-0.401140,0.879592,0.048459,-0.414565,0.703596,-0.025558,-0.712157,1.071744,-0.031183,-0.764128,0.895149,0.020816,-0.764210,0.718639
-0.058037,-0.589355,0.780988,-0.072393,-0.481004,0.642260,-0.113885,-0.441773,0.340694,-0.209360,-0.431478,0.038429,-0.039253,-0.711303,0.654223,-0.023231,-0.723625,0.348634,-0.041841,-0.735964,0.031881,-0.063928,-0.586820,0.834752,-0.017608,-0.437638,1.059886,-0.002240,-0.408662,0.878688,0.050559,-0.423566,0.702724,-0.022695,-0.718402,1.071362,-0.027207,-0.770325,0.894724,0.025798,-0.769654,0.718512
-0.055863,-0.596195,0.780478,-0.070326,-0.488851,0.640931,-0.110157,-0.443494,0.340017,-0.209261,-0.431601,0.038995,-0.037327,-0.719068,0.654574,-0.022349,-0.727488,0.348792,-0.041863,-0.735918,0.031970,-0.061595,-0.593380,0.834245,-0.015085,-0.443858,1.059117,0.000076,-0.416168,0.877703,0.052489,-0.432544,0.701755,-0.019787,-0.724610,1.070957,-0.023231,-0.776444,0.894270,0.030711,-0.774964,0.718346
-0.053952,-0.603119,0.779867,-0.068894,-0.496668,0.639629,-0.106764,-0.445232,0.339470,-0.209036,-0.431693,0.039588,-0.035463,-0.726726,0.654677,-0.021475,-0.731284,0.348756,-0.041847,-0.735905,0.031914,-0.059459,-0.600062,0.833643,-0.012781,-0.449986,1.058116,0.002040,-0.423633,0.876478,0.053837,-0.441370,0.700480,-0.016571,-0.730726,1.070482,-0.019199,-0.782403,0.893737,0.035536,-0.779952,0.718067
-0.052129,-0.610055,0.779278,-0.067732,-0.504454,0.638415,-0.103597,-0.447047,0.339129,-0.208811,-0.431861,0.040349,-0.033510,-0.734300,0.654741,-0.020567,-0.735016,0.348728,-0.041858,-0.735890,0.031920,-0.057403,-0.606772,0.833062,-0.010570,-0.456041,1.057070,0.003910,-0.431046,0.875216,0.055023,-0.450075,0.699153,-0.013201,-0.736763,1.070037,-0.015136,-0.788286,0.893240,0.040328,-0.784802,0.717817
-0.050485,-0.617015,0.778732,-0.067108,-0.512175,0.637362,-0.100836,-0.448970,0.339046,-0.208512,-0.432067,0.041232,-0.031383,-0.741706,0.654718,-0.019562,-0.738622,0.348656,-0.041867,-0.735868,0.031935,-0.055504,-0.613538,0.832528,-0.008550,-0.461944,1.055937,0.005587,-0.438347,0.873873,0.055882,-0.458536,0.697704,-0.009524,-0.742637,1.069659,-0.011008,-0.794021,0.892817,0.045070,-0.789388,0.717620
-0.049012,-0.624036,0.778309,-0.066755,-0.519721,0.636640,-0.098029,-0.450880,0.339360,-0.208020,-0.432724,0.042465,-0.028913,-0.748857,0.654585,-0.018355,-0.742047,0.348515,-0.041829,-0.735808,0.031935,-0.053863,-0.620441,0.832113,-0.006958,-0.467764,1.054807,0.006941,-0.445577,0.872553,0.056351,-0.466676,0.696239,-0.005561,-0.748405,1.069403,-0.006800,-0.799672,0.892525,0.049599,-0.793830,0.717468
-0.047624,-0.631088,0.777948,-0.066536,-0.527183,0.636090,-0.095312,-0.452731,0.339970,-0.207636,-0.433515,0.044014,-0.026274,-0.755868,0.654393,-0.017101,-0.745387,0.348358,-0.041867,-0.735753,0.031969,-0.052354,-0.627412,0.831758,-0.005595,-0.473537,1.053675,0.008132,-0.452765,0.871246,0.056639,-0.474646,0.694774,-0.001466,-0.754095,1.069200,-0.002568,-0.805258,0.892290,0.053994,-0.798175,0.717332
-0.046611,-0.637826,0.777449,-0.066676,-0.534319,0.635428,-0.092365,-0.454621,0.340445,-0.207063,-0.435814,0.045426,-0.023513,-0.762442,0.654041,-0.015745,-0.748448,0.348077,-0.041799,-0.735644,0.031913,-0.051326,-0.634105,0.831257,-0.004777,-0.479070,1.052430,0.008683,-0.459592,0.869841,0.056459,-0.482017,0.693236,0.002573,-0.759512,1.068719,0.001700,-0.810524,0.891765,0.058076,-0.802200,0.716804
-0.045753,-0.644354,0.776914,-0.066873,-0.541263,0.634725,-0.090113,-0.457364,0.340775,-0.207328,-0.438585,0.046801,-0.020916,-0.768806,0.653677,-0.014523,-0.751431,0.347825,-0.041824,-0.735577,0.031913,-0.050488,-0.640593,0.830718,-0.004152,-0.484498,1.051209,0.009087,-0.466281,0.868476,0.056175,-0.489238,0.691754,0.006393,-0.764793,1.068126,0.005937,-0.815686,0.891137,0.062026,-0.806198,0.716146
-0.045206,-0.650458,0.776305,-0.067191,-0.547814,0.633918,-0.088840,-0.461890,0.340531,-0.208644,-0.442216,0.047721,-0.018646,-0.774779,0.653295,-0.013455,-0.754247,0.347587,-0.041816,-0.735538,0.031933,-0.050028,-0.646669,0.830100,-0.003883,-0.489722,1.050046,0.009195,-0.472697,0.867191,0.055658,-0.496162,0.690369,0.009806,-0.769850,1.067326,0.010149,-0.820681,0.890322,0.065774,-0.810195,0.715244
-0.044763,-0.656168,0.775915,-0.067321,-0.553678,0.633504,-0.087128,-0.467745,0.340103,-0.211863,-0.448795,0.049385,-0.016583,-0.780158,0.652929,-0.012503,-0.756806,0.347382,-0.041837,-0.735534,0.031986,-0.049733,-0.652438,0.829700,-0.003970,-0.494861,1.049296,0.009031,-0.478982,0.866335,0.054930,-0.502881,0.689425,0.012845,-0.774803,1.066655,0.014195,-0.825685,0.889673,0.069241,-0.814381,0.714468
-0.044370,-0.661681,0.775635,-0.067360,-0.559198,0.633288,-0.084943,-0.474111,0.339601,-0.215638,-0.455943,0.051545,-0.014627,-0.785233,0.652575,-0.011623,-0.759246,0.347203,-0.041896,-0.735570,0.032076,-0.049521,-0.658055,0.829410,-0.004240,-0.499951,1.048746,0.008740,-0.485199,0.865692,0.054117,-0.509498,0.688704,0.015692,-0.779682,1.066049,0.018158,-0.830661,0.889112,0.072570,-0.818653,0.713760
-0.044082,-0.666843,0.775628,-0.067733,-0.564062,0.633608,-0.082984,-0.481835,0.339032,-0.222847,-0.470311,0.055061,-0.012538,-0.789567,0.652187,-0.010614,-0.761322,0.346982,-0.041829,-0.735655,0.032109,-0.049453,-0.663444,0.829397,-0.005377,-0.504962,1.048723,0.007770,-0.491216,0.865606,0.052836,-0.515691,0.688561,0.018012,-0.784437,1.065736,0.021297,-0.835725,0.888903,0.075353,-0.823393,0.713466
-0.043786,-0.671918,0.775650,-0.068130,-0.568800,0.633993,-0.081077,-0.489792,0.338460,-0.230627,-0.486144,0.059355,-0.010532,-0.793767,0.651792,-0.009671,-0.763333,0.346766,-0.041815,-0.735726,0.032157,-0.049366,-0.668763,0.829413,-0.006640,-0.509977,1.048800,0.006651,-0.497153,0.865630,0.051505,-0.521825,0.688556,0.020157,-0.789162,1.065463,0.024110,-0.840781,0.888740,0.077983,-0.828225,0.713264
-0.043477,-0.676818,0.775728,-0.068571,-0.573283,0.634508,-0.079610,-0.498428,0.337828,-0.239794,-0.506622,0.064892,-0.008682,-0.797725,0.651370,-0.008818,-0.765193,0.346536,-0.041829,-0.735711,0.032194,-0.049242,-0.673940,0.829488,-0.008144,-0.515005,1.049087,0.005214,-0.502935,0.865873,0.050027,-0.527842,0.688818,0.021967,-0.793879,1.065267,0.026275,-0.845888,0.888663,0.080303,-0.833284,0.713237
-0.043283,-0.681502,0.775827,-0.069407,-0.577620,0.635047,-0.079697,-0.507931,0.337080,-0.249411,-0.530395,0.070876,-0.007123,-0.801478,0.650958,-0.008133,-0.766966,0.346318,-0.041870,-0.735718,0.032230,-0.049155,-0.678904,0.829589,-0.009823,-0.520004,1.049539,0.003456,-0.508353,0.866294,0.048587,-0.533599,0.689368,0.023576,-0.798542,1.065050,0.028090,-0.850927,0.888558,0.082360,-0.838321,0.713210
-0.043146,-0.686078,0.775934,-0.070443,-0.581893,0.635600,-0.080509,-0.517905,0.336336,-0.258663,-0.556084,0.077624,-0.005714,-0.805122,0.650551,-0.007544,-0.768693,0.346113,-0.041944,-0.735738,0.032277,-0.049086,-0.683761,0.829703,-0.011589,-0.525000,1.050075,0.001545,-0.513604,0.866804,0.047183,-0.539235,0.690065,0.025084,-0.803170,1.064824,0.029738,-0.855929,0.888442,0.084301,-0.843346,0.713187
-0.043199,-0.690301,0.775924,-0.072188,-0.586119,0.635925,-0.083573,-0.529364,0.335226,-0.267389,-0.585123,0.083784,-0.004473,-0.808508,0.650142,-0.006885,-0.770248,0.345903,-0.041914,-0.735692,0.032315,-0.049117,-0.688214,0.829704,-0.013465,-0.529682,1.050541,-0.000776,-0.518075,0.867253,0.045710,-0.544129,0.690800,0.026405,-0.807459,1.064468,0.030949,-0.860725,0.888232,0.085833,-0.848137,0.713087
-0.043324,-0.694457,0.775870,-0.074200,-0.590431,0.636159,-0.087015,-0.541508,0.334113,-0.274850,-0.614654,0.090221,-0.003200,-0.811833,0.649748,-0.006200,-0.771784,0.345712,-0.041908,-0.735697,0.032379,-0.049199,-0.692583,0.829662,-0.015403,-0.534335,1.050988,-0.003197,-0.522360,0.867692,0.044112,-0.548658,0.691498,0.027715,-0.811673,1.064042,0.032069,-0.865471,0.887957,0.087183,-0.852899,0.712891
-0.043594,-0.698477,0.775726,-0.076745,-0.594904,0.636207,-0.091327,-0.554991,0.332885,-0.281042,-0.644914,0.096154,-0.001858,-0.815047,0.649379,-0.005439,-0.773278,0.345544,-0.041916,-0.735789,0.032470,-0.049384,-0.696783,0.829533,-0.017467,-0.538905,1.051397,-0.005834,-0.526245,0.868111,0.042219,-0.552448,0.692109,0.029008,-0.815750,1.063473,0.032991,-0.870124,0.887551,0.088136,-0.857608,0.712491
-0.044088,-0.702359,0.775614,-0.080092,-0.599356,0.636389,-0.096065,-0.570322,0.331879,-0.285131,-0.675264,0.100837,-0.000587,-0.817912,0.648929,-0.004649,-0.774517,0.345279,-0.041871,-0.735777,0.032451,-0.049689,-0.700841,0.829447,-0.019622,-0.543242,1.051763,-0.008535,-0.529772,0.868502,0.039952,-0.555349,0.692532,0.030337,-0.819522,1.062966,0.033744,-0.874540,0.887227,0.088641,-0.862125,0.712088
-0.044693,-0.706171,0.775518,-0.083829,-0.603842,0.636653,-0.100759,-0.586663,0.331276,-0.287735,-0.705680,0.105353,0.000632,-0.820577,0.648433,-0.003872,-0.775580,0.344965,-0.041832,-0.735635,0.032385,-0.050052,-0.704824,0.829380,-0.021813,-0.547473,1.052110,-0.011272,-0.533134,0.868883,0.037479,-0.557818,0.692865,0.031683,-0.823127,1.062486,0.034423,-0.878836,0.886948,0.088939,-0.866555,0.711688
-0.045456,-0.709801,0.775431,-0.088434,-0.608534,0.636938,-0.105583,-0.606224,0.331114,-0.288138,-0.734818,0.106713,0.002101,-0.822849,0.647947,-0.002828,-0.776432,0.344628,-0.041782,-0.735562,0.032297,-0.050489,-0.708610,0.829328,-0.024485,-0.551582,1.052559,-0.014262,-0.536124,0.869407,0.034336,-0.558986,0.693102,0.033098,-0.826449,1.061997,0.034924,-0.882730,0.886625,0.088581,-0.870632,0.711092
-0.046341,-0.713451,0.775342,-0.093212,-0.613408,0.637240,-0.110083,-0.626594,0.331700,-0.287131,-0.763366,0.107596,0.003470,-0.825068,0.647462,-0.001640,-0.777294,0.344281,-0.041740,-0.735532,0.032221,-0.051042,-0.712394,0.829271,-0.027225,-0.555633,1.052939,-0.017245,-0.539075,0.869871,0.031052,-0.559895,0.693230,0.034476,-0.829636,1.061527,0.035388,-0.886486,0.886326,0.088044,-0.874616,0.710476
-0.047472,-0.717139,0.775247,-0.098360,-0.618548,0.637549,-0.114485,-0.648416,0.333183,-0.284070,-0.790777,0.106655,0.004676,-0.827237,0.646989,-0.000107,-0.778250,0.343918,-0.041644,-0.735704,0.032162,-0.051829,-0.716183,0.829207,-0.030135,-0.559531,1.053179,-0.020213,-0.541903,0.870207,0.027511,-0.560247,0.693135,0.035771,-0.832575,1.061104,0.035750,-0.889959,0.886070,0.087110,-0.878382,0.709812
-0.048815,-0.720741,0.775068,-0.103747,-0.623801,0.637791,-0.120108,-0.670239,0.335557,-0.279694,-0.816641,0.104221,0.005432,-0.829396,0.646461,0.001916,-0.779281,0.343478,-0.041583,-0.735857,0.032127,-0.052776,-0.719834,0.829059,-0.033085,-0.563256,1.053279,-0.023170,-0.544491,0.870420,0.023902,-0.560132,0.692911,0.036829,-0.835318,1.060634,0.035929,-0.893198,0.885763,0.085909,-0.881962,0.709088
-0.050264,-0.724301,0.774846,-0.109223,-0.629164,0.638033,-0.125877,-0.692047,0.338832,-0.273175,-0.842311,0.101728,0.005943,-0.831525,0.645898,0.004155,-0.780213,0.343020,-0.041573,-0.735758,0.032153,-0.053804,-0.723411,0.828867,-0.036051,-0.566905,1.053311,-0.026134,-0.546962,0.870577,0.020203,-0.559796,0.692644,0.037763,-0.837949,1.060136,0.036016,-0.896318,0.885431,0.084576,-0.885461,0.708341
-0.051978,-0.728295,0.774398,-0.114578,-0.635456,0.637695,-0.134056,-0.710857,0.341590,-0.267315,-0.862147,0.096806,0.006008,-0.834666,0.645547,0.003838,-0.781649,0.342890,-0.041452,-0.736047,0.032121,-0.055160,-0.727294,0.828437,-0.039249,-0.570830,1.053065,-0.029331,-0.549517,0.870484,0.016373,-0.559382,0.692197,0.038515,-0.840779,1.059375,0.035889,-0.899527,0.884804,0.082919,-0.888974,0.707271
-0.053685,-0.732499,0.773929,-0.119493,-0.642025,0.637223,-0.141356,-0.727445,0.344030,-0.260780,-0.879145,0.092332,0.006084,-0.838148,0.645314,0.002896,-0.783173,0.342939,-0.041382,-0.736240,0.032214,-0.056586,-0.731355,0.827981,-0.042485,-0.574875,1.052733,-0.032597,-0.552174,0.870316,0.012473,-0.559120,0.691729,0.039104,-0.843699,1.058643,0.035660,-0.902841,0.884217,0.081208,-0.892560,0.706272
-0.055379,-0.737124,0.773421,-0.123603,-0.649031,0.636405,-0.147920,-0.739580,0.344952,-0.255901,-0.889653,0.087087,0.006211,-0.842362,0.645336,0.000788,-0.785045,0.343356,-0.041282,-0.736537,0.032544,-0.058151,-0.735784,0.827473,-0.045818,-0.579129,1.052223,-0.035986,-0.555027,0.869980,0.008547,-0.559135,0.691169,0.039378,-0.846834,1.057988,0.035231,-0.906365,0.883708,0.079391,-0.896258,0.705402
-0.056774,-0.742382,0.772997,-0.126016,-0.655939,0.635457,-0.150956,-0.745694,0.343805,-0.254632,-0.894577,0.083553,0.006729,-0.847219,0.645519,-0.000289,-0.787404,0.343998,-0.041163,-0.736916,0.033329,-0.059687,-0.740924,0.827036,-0.049305,-0.583836,1.051596,-0.039463,-0.558320,0.869544,0.004766,-0.559732,0.690615,0.039370,-0.850401,1.057649,0.034723,-0.910335,0.883517,0.077724,-0.900309,0.704922
-0.058018,-0.747957,0.772613,-0.127581,-0.662785,0.634436,-0.152359,-0.748757,0.341621,-0.255291,-0.896875,0.080788,0.007438,-0.852389,0.645792,-0.000881,-0.790019,0.344770,-0.041093,-0.737372,0.034365,-0.061209,-0.746423,0.826634,-0.052875,-0.588774,1.050899,-0.043013,-0.561847,0.869048,0.000994,-0.560646,0.690064,0.039211,-0.854166,1.057471,0.034166,-0.914527,0.883497,0.076124,-0.904557,0.704649
-0.059958,-0.752876,0.772302,-0.130120,-0.668087,0.634134,-0.150705,-0.751279,0.340199,-0.253592,-0.900378,0.080028,0.006814,-0.856309,0.645358,-0.001127,-0.791963,0.344697,-0.040993,-0.737527,0.034550,-0.063193,-0.751396,0.826323,-0.057239,-0.593306,1.050361,-0.047463,-0.564679,0.868764,-0.003227,-0.561127,0.689866,0.038130,-0.857519,1.057514,0.033221,-0.917886,0.883540,0.074128,-0.907742,0.704466
-0.062039,-0.757871,0.771946,-0.132927,-0.673611,0.633799,-0.151012,-0.755026,0.339209,-0.252474,-0.903878,0.078445,0.006087,-0.860304,0.644919,-0.001428,-0.793953,0.344638,-0.040926,-0.737697,0.034762,-0.065336,-0.756435,0.825966,-0.061806,-0.597885,1.049737,-0.052150,-0.567547,0.868409,-0.007586,-0.561713,0.689653,0.036752,-0.860905,1.057573,0.032114,-0.921216,0.883573,0.072037,-0.910902,0.704292
-0.064398,-0.763022,0.771501,-0.136267,-0.679580,0.633386,-0.155151,-0.761418,0.338969,-0.252347,-0.907646,0.075181,0.005169,-0.864462,0.644468,-0.001795,-0.796061,0.344588,-0.040852,-0.737942,0.034993,-0.067797,-0.761609,0.825516,-0.066766,-0.602526,1.048939,-0.057258,-0.570453,0.867900,-0.012110,-0.562475,0.689373,0.034808,-0.864367,1.057658,0.030705,-0.924488,0.883581,0.069768,-0.913982,0.704122
-0.066881,-0.768081,0.771165,-0.139486,-0.685041,0.633221,-0.159240,-0.767180,0.338950,-0.252514,-0.910350,0.072133,0.003877,-0.868468,0.643962,-0.002307,-0.798105,0.344483,-0.040801,-0.738139,0.035162,-0.070406,-0.766757,0.825176,-0.071809,-0.607220,1.048271,-0.062625,-0.573434,0.867524,-0.016780,-0.563549,0.689272,0.032360,-0.868007,1.057909,0.028833,-0.927786,0.883703,0.067367,-0.916959,0.704150
-0.069426,-0.773093,0.770884,-0.142645,-0.690249,0.633180,-0.163297,-0.772632,0.339044,-0.252771,-0.912535,0.069245,0.002396,-0.872395,0.643433,-0.002897,-0.800109,0.344363,-0.040769,-0.738300,0.035321,-0.073090,-0.771894,0.824890,-0.076899,-0.611951,1.047663,-0.068139,-0.576474,0.867216,-0.021542,-0.564787,0.689270,0.029645,-0.871743,1.058242,0.026714,-0.931099,0.883882,0.064887,-0.919888,0.704279
-0.072154,-0.777954,0.770700,-0.145470,-0.694600,0.633394,-0.167202,-0.777393,0.339452,-0.253023,-0.914061,0.066828,0.000183,-0.876319,0.642820,-0.003751,-0.802197,0.344171,-0.040780,-0.738489,0.035403,-0.075991,-0.776948,0.824699,-0.081872,-0.616632,1.047137,-0.073952,-0.579753,0.866929,-0.026654,-0.566596,0.689272,0.026169,-0.875766,1.058740,0.023876,-0.934577,0.884187,0.062169,-0.922777,0.704647
-0.074887,-0.782742,0.770465,-0.148163,-0.698745,0.633574,-0.171139,-0.782068,0.339877,-0.253338,-0.915411,0.064505,-0.002211,-0.880284,0.642155,-0.004547,-0.804359,0.343946,-0.040790,-0.738732,0.035479,-0.078891,-0.781931,0.824456,-0.086778,-0.621349,1.046615,-0.079814,-0.583178,0.866631,-0.031887,-0.568637,0.689252,0.022422,-0.879957,1.059198,0.020825,-0.938174,0.884439,0.059388,-0.925638,0.705006
-0.077630,-0.787386,0.770132,-0.150588,-0.702478,0.633683,-0.175155,-0.786551,0.340329,-0.253835,-0.916420,0.062276,-0.004959,-0.884338,0.641382,-0.005209,-0.806685,0.343627,-0.040771,-0.739117,0.035496,-0.081789,-0.786768,0.824113,-0.091538,-0.626112,1.046108,-0.085744,-0.586854,0.866311,-0.037326,-0.571128,0.689168,0.018167,-0.884470,1.059570,0.017381,-0.942002,0.884580,0.056507,-0.928435,0.705343
-0.080446,-0.791982,0.769608,-0.153034,-0.706076,0.633632,-0.179015,-0.790676,0.340551,-0.254453,-0.917134,0.060036,-0.007873,-0.888371,0.640396,-0.005524,-0.808981,0.343128,-0.040872,-0.739367,0.035429,-0.084741,-0.791553,0.823580,-0.096047,-0.630840,1.045420,-0.091641,-0.590796,0.865749,-0.042993,-0.574077,0.688765,0.013748,-0.889128,1.059707,0.013666,-0.946144,0.884548,0.053735,-0.931344,0.705610
-0.083299,-0.796554,0.768990,-0.155487,-0.709611,0.633506,-0.182799,-0.794617,0.340662,-0.255115,-0.917697,0.057831,-0.010867,-0.892393,0.639306,-0.005659,-0.811277,0.342559,-0.041020,-0.739581,0.035345,-0.087721,-0.796312,0.822950,-0.100427,-0.635548,1.044636,-0.097522,-0.594868,0.865071,-0.048773,-0.577228,0.688208,0.009243,-0.893853,1.059721,0.009814,-0.950443,0.884426,0.051017,-0.934312,0.705851
-0.086353,-0.801093,0.768228,-0.158188,-0.713123,0.633248,-0.186352,-0.798152,0.340491,-0.255857,-0.918093,0.055619,-0.014174,-0.896430,0.638051,-0.006748,-0.813481,0.341877,-0.041202,-0.739687,0.035059,-0.090859,-0.801013,0.822179,-0.104541,-0.640125,1.043676,-0.103163,-0.599300,0.864119,-0.054846,-0.581156,0.687192,0.004619,-0.898611,1.059530,0.005663,-0.955064,0.884192,0.048254,-0.937585,0.706076
-0.089438,-0.805574,0.767424,-0.160882,-0.716547,0.632957,-0.189758,-0.801584,0.340273,-0.256479,-0.918548,0.053507,-0.017545,-0.900426,0.636749,-0.008208,-0.815626,0.341171,-0.041414,-0.739741,0.034727,-0.094028,-0.805661,0.821365,-0.108565,-0.644661,1.042688,-0.108661,-0.603862,0.863114,-0.061051,-0.585333,0.686037,-0.000002,-0.903363,1.059251,0.001470,-0.959746,0.883894,0.045451,-0.941016,0.706248
-0.092582,-0.809937,0.766536,-0.163563,-0.719789,0.632597,-0.192868,-0.804818,0.339951,-0.256906,-0.919125,0.051513,-0.021051,-0.904339,0.635346,-0.010424,-0.817627,0.340384,-0.041706,-0.739642,0.034265,-0.097260,-0.810203,0.820465,-0.112412,-0.649120,1.041651,-0.113875,-0.608686,0.861995,-0.067519,-0.590052,0.684598,-0.004612,-0.908111,1.058807,-0.002804,-0.964551,0.883471,0.042573,-0.944758,0.706299
-0.095623,-0.814235,0.765612,-0.165980,-0.722951,0.632133,-0.195423,-0.807868,0.339467,-0.257107,-0.919927,0.049651,-0.024483,-0.908300,0.633973,-0.013100,-0.819635,0.339639,-0.042051,-0.739563,0.033827,-0.100415,-0.814669,0.819526,-0.115937,-0.653513,1.040600,-0.118720,-0.613764,0.860803,-0.074080,-0.595273,0.682950,-0.009247,-0.912936,1.058290,-0.007144,-0.969432,0.882976,0.039465,-0.948942,0.706198
-0.098613,-0.818500,0.764671,-0.168261,-0.726076,0.631622,-0.197699,-0.810831,0.338904,-0.257201,-0.920835,0.047868,-0.027877,-0.912283,0.632613,-0.015996,-0.821645,0.338921,-0.042400,-0.739495,0.033427,-0.103532,-0.819095,0.818566,-0.119297,-0.657870,1.039541,-0.123382,-0.618959,0.859582,-0.080705,-0.600737,0.681218,-0.013893,-0.917791,1.057732,-0.011522,-0.974344,0.882440,0.036239,-0.953350,0.706020
-0.101612,-0.822484,0.763814,-0.170335,-0.728858,0.631125,-0.199108,-0.813308,0.338247,-0.256901,-0.921964,0.046389,-0.031446,-0.916188,0.631403,-0.018569,-0.823812,0.338325,-0.042614,-0.739756,0.033147,-0.106634,-0.823218,0.817695,-0.122312,-0.662101,1.038725,-0.127456,-0.624459,0.858521,-0.087182,-0.606866,0.679533,-0.018569,-0.922682,1.057127,-0.016005,-0.979244,0.881840,0.032855,-0.958159,0.705725
-0.104600,-0.826434,0.762992,-0.172324,-0.731589,0.630650,-0.200276,-0.815654,0.337574,-0.256537,-0.923117,0.045006,-0.035057,-0.920114,0.630244,-0.020911,-0.826046,0.337794,-0.042742,-0.740088,0.032971,-0.109717,-0.827295,0.816858,-0.125181,-0.666266,1.037941,-0.131293,-0.630025,0.857478,-0.093466,-0.613182,0.677880,-0.023201,-0.927534,1.056532,-0.020500,-0.984146,0.881262,0.029415,-0.963034,0.705441
-0.107564,-0.830314,0.762240,-0.174146,-0.734209,0.630212,-0.200960,-0.817726,0.336864,-0.256032,-0.924325,0.043787,-0.038755,-0.924085,0.629188,-0.022809,-0.828419,0.337384,-0.042736,-0.740563,0.032957,-0.112760,-0.831282,0.816094,-0.127768,-0.670307,1.037226,-0.134649,-0.635743,0.856459,-0.099329,-0.619894,0.676253,-0.027741,-0.932324,1.055965,-0.025013,-0.989059,0.880735,0.025871,-0.968035,0.705179
-0.110486,-0.834238,0.761757,-0.175700,-0.736773,0.630036,-0.201620,-0.819574,0.336394,-0.255770,-0.925115,0.042787,-0.042329,-0.928072,0.628425,-0.024431,-0.831012,0.337235,-0.042642,-0.741440,0.033184,-0.115841,-0.835338,0.815588,-0.130142,-0.674333,1.036728,-0.137550,-0.641536,0.855652,-0.104560,-0.627014,0.674889,-0.032305,-0.937167,1.055649,-0.029611,-0.994073,0.880473,0.022101,-0.973235,0.705136
-0.113387,-0.838182,0.761408,-0.177111,-0.739320,0.629999,-0.202255,-0.821323,0.336053,-0.255610,-0.925708,0.041907,-0.045841,-0.932065,0.627806,-0.025903,-0.833724,0.337222,-0.042481,-0.742539,0.033541,-0.118943,-0.839429,0.815211,-0.132404,-0.678355,1.036339,-0.140238,-0.647366,0.854963,-0.109502,-0.634310,0.673689,-0.036883,-0.942028,1.055452,-0.034260,-0.999130,0.880340,0.018207,-0.978529,0.705196
-0.116308,-0.842176,0.761544,-0.178509,-0.741700,0.630632,-0.202904,-0.822709,0.336336,-0.255577,-0.925797,0.041600,-0.049346,-0.935858,0.627519,-0.026216,-0.836898,0.337444,-0.042146,-0.744655,0.034030,-0.122086,-0.843606,0.815312,-0.134356,-0.682179,1.036241,-0.142282,-0.653013,0.854571,-0.113528,-0.641758,0.672848,-0.041564,-0.946794,1.055821,-0.039078,-1.004107,0.880778,0.013931,-0.983911,0.705768
-0.119325,-0.846096,0.761790,-0.179865,-0.744061,0.631310,-0.203488,-0.824083,0.336667,-0.255501,-0.925902,0.041358,-0.052817,-0.939612,0.627451,-0.025145,-0.840480,0.337921,-0.041680,-0.747639,0.034707,-0.125350,-0.847692,0.815519,-0.136201,-0.685938,1.036276,-0.144251,-0.658513,0.854344,-0.117320,-0.649052,0.672237,-0.046319,-0.951528,1.056244,-0.043985,-1.008973,0.881244,0.009431,-0.989285,0.706310
-0.122532,-0.849868,0.762259,-0.181151,-0.746368,0.632060,-0.203957,-0.825405,0.337072,-0.255354,-0.926000,0.041215,-0.056225,-0.943303,0.627823,-0.021277,-0.844919,0.338967,-0.040887,-0.752734,0.035725,-0.128855,-0.851597,0.815944,-0.137862,-0.689568,1.036575,-0.146053,-0.663723,0.854423,-0.120595,-0.656108,0.672016,-0.051228,-0.956218,1.056787,-0.049057,-1.013636,0.881777,0.004507,-0.994643,0.706805
-0.125700,-0.853336,0.762726,-0.182007,-0.748486,0.632604,-0.204186,-0.826699,0.337329,-0.255174,-0.926197,0.041015,-0.059352,-0.946887,0.628466,-0.016056,-0.849484,0.340572,-0.039634,-0.759010,0.037086,-0.132429,-0.855172,0.816356,-0.139299,-0.693050,1.036989,-0.147609,-0.668605,0.854653,-0.123066,-0.662881,0.672047,-0.056271,-0.960845,1.057209,-0.054318,-1.018193,0.882177,-0.000553,-0.999843,0.707193
-0.128848,-0.856650,0.763193,-0.182637,-0.750532,0.633058,-0.204276,-0.827986,0.337523,-0.254945,-0.926435,0.040793,-0.062344,-0.950426,0.629254,-0.010072,-0.854254,0.342602,-0.037870,-0.766756,0.038595,-0.136039,-0.858578,0.816759,-0.140623,-0.696488,1.037469,-0.149065,-0.673337,0.854974,-0.125189,-0.669511,0.672225,-0.061387,-0.965440,1.057560,-0.059681,-1.022687,0.882494,-0.005697,-1.004946,0.707512
-0.131700,-0.860318,0.763378,-0.182610,-0.752742,0.633305,-0.203911,-0.829208,0.337461,-0.254871,-0.926601,0.040423,-0.065634,-0.954624,0.629638,-0.008107,-0.858256,0.344187,-0.036280,-0.772003,0.039862,-0.139361,-0.862335,0.816873,-0.141845,-0.700223,1.037598,-0.150146,-0.678054,0.854977,-0.126034,-0.676048,0.672229,-0.066182,-0.970203,1.057677,-0.064999,-1.027598,0.882657,-0.010633,-1.010344,0.707740
-0.134433,-0.864286,0.763533,-0.182236,-0.755396,0.633375,-0.202769,-0.830153,0.337007,-0.254868,-0.926760,0.039920,-0.069123,-0.959488,0.630089,-0.007232,-0.862571,0.345826,-0.034756,-0.776503,0.041414,-0.142531,-0.866314,0.816963,-0.143054,-0.704145,1.037659,-0.151089,-0.682842,0.854926,-0.126509,-0.682589,0.672229,-0.070758,-0.975042,1.057804,-0.070275,-1.032649,0.882851,-0.015501,-1.015855,0.708014
-0.136931,-0.868857,0.763629,-0.181192,-0.758913,0.633060,-0.200012,-0.830583,0.335775,-0.254859,-0.927024,0.039173,-0.073021,-0.965667,0.630675,-0.008708,-0.867316,0.347468,-0.033856,-0.778668,0.043655,-0.145393,-0.870748,0.817012,-0.144246,-0.708392,1.037568,-0.151720,-0.687752,0.854738,-0.126145,-0.689145,0.672185,-0.074883,-0.980035,1.057972,-0.075443,-1.038002,0.883136,-0.020192,-1.021629,0.708410
-0.139493,-0.872224,0.764236,-0.181306,-0.761893,0.633162,-0.198224,-0.830872,0.335102,-0.254752,-0.927212,0.038818,-0.075156,-0.969739,0.632124,0.001452,-0.875651,0.350501,-0.033602,-0.790362,0.046680,-0.148374,-0.874037,0.817558,-0.145783,-0.711788,1.038187,-0.152397,-0.691560,0.855279,-0.125500,-0.694189,0.672931,-0.078589,-0.983987,1.058427,-0.080244,-1.042090,0.883641,-0.024771,-1.026057,0.708956
-0.142088,-0.874990,0.765097,-0.182003,-0.764587,0.633478,-0.196951,-0.831060,0.334730,-0.254654,-0.927331,0.038678,-0.076414,-0.972782,0.634044,0.017185,-0.886098,0.355131,-0.033914,-0.805484,0.052258,-0.151415,-0.876754,0.818351,-0.147507,-0.714773,1.039164,-0.153108,-0.694830,0.856193,-0.124726,-0.698493,0.674090,-0.082088,-0.987431,1.059018,-0.084859,-1.045544,0.884247,-0.029289,-1.029803,0.709571
-0.144256,-0.877292,0.765968,-0.183367,-0.766620,0.634356,-0.197816,-0.832212,0.335388,-0.254645,-0.927280,0.038750,-0.077671,-0.974782,0.635188,0.029624,-0.903182,0.356731,-0.037522,-0.825228,0.056294,-0.153914,-0.879175,0.819160,-0.149185,-0.717662,1.040309,-0.153519,-0.697773,0.857297,-0.123193,-0.702124,0.675525,-0.084987,-0.990651,1.059572,-0.088765,-1.048615,0.884768,-0.033570,-1.033456,0.709922
-0.146244,-0.879520,0.766917,-0.184730,-0.768649,0.635314,-0.198850,-0.833475,0.336164,-0.254636,-0.927218,0.038872,-0.078932,-0.976760,0.636296,0.039561,-0.922110,0.358291,-0.041410,-0.842703,0.061707,-0.156216,-0.881524,0.820048,-0.150766,-0.720531,1.041568,-0.153831,-0.700590,0.858536,-0.121479,-0.705550,0.677131,-0.087666,-0.993818,1.060187,-0.092284,-1.051541,0.885323,-0.037717,-1.037038,0.710226
-0.147875,-0.881600,0.768022,-0.186092,-0.770671,0.636423,-0.200221,-0.834964,0.337164,-0.254635,-0.927138,0.039082,-0.080202,-0.978693,0.637325,0.044873,-0.944276,0.358633,-0.045964,-0.860786,0.066129,-0.158122,-0.883731,0.821098,-0.152148,-0.723342,1.043052,-0.153936,-0.703139,0.860031,-0.119376,-0.708530,0.679048,-0.089905,-0.996873,1.060934,-0.095030,-1.054193,0.885952,-0.041585,-1.040499,0.710447
-0.149226,-0.883859,0.769217,-0.186968,-0.773012,0.637420,-0.200740,-0.836152,0.337901,-0.254619,-0.927069,0.039305,-0.081744,-0.981307,0.638505,0.046517,-0.966681,0.359177,-0.050041,-0.878163,0.070074,-0.159685,-0.886033,0.822254,-0.153253,-0.726298,1.044675,-0.153842,-0.705716,0.861687,-0.117062,-0.711433,0.681156,-0.091807,-1.000058,1.061767,-0.097176,-1.056899,0.886638,-0.045227,-1.044198,0.710610
-0.150437,-0.886208,0.770457,-0.187600,-0.775514,0.638363,-0.200827,-0.837189,0.338513,-0.254586,-0.927004,0.039540,-0.083430,-0.984264,0.639783,0.046294,-0.989308,0.360432,-0.052744,-0.895469,0.073920,-0.161078,-0.888383,0.823462,-0.154226,-0.729328,1.046367,-0.153652,-0.708313,0.863427,-0.114647,-0.714304,0.683376,-0.093546,-1.003307,1.062643,-0.099024,-1.059631,0.887353,-0.048750,-1.048022,0.710760
-0.151529,-0.888930,0.771605,-0.187649,-0.778387,0.639055,-0.199844,-0.837842,0.338700,-0.254630,-0.927004,0.039717,-0.085728,-0.988175,0.641103,0.043811,-1.009757,0.362201,-0.054923,-0.913897,0.076266,-0.162216,-0.890993,0.824613,-0.154831,-0.732640,1.048009,-0.153278,-0.710981,0.865148,-0.112130,-0.717125,0.685581,-0.094975,-1.006848,1.063427,-0.100437,-1.062643,0.887970,-0.051873,-1.052218,0.710828
-0.152480,-0.891669,0.772660,-0.187544,-0.781215,0.639721,-0.199078,-0.838738,0.338948,-0.254650,-0.927009,0.039841,-0.087909,-0.992044,0.642323,0.041181,-1.028956,0.364628,-0.056228,-0.933153,0.078229,-0.163197,-0.893632,0.825671,-0.155281,-0.736030,1.049586,-0.152851,-0.713647,0.866821,-0.109605,-0.719878,0.687753,-0.096346,-1.010484,1.064108,-0.101715,-1.065790,0.888496,-0.054699,-1.056499,0.710873
-0.153147,-0.894445,0.773526,-0.187130,-0.783947,0.640328,-0.198794,-0.840095,0.339282,-0.254735,-0.926959,0.039819,-0.089839,-0.995836,0.643310,0.038461,-1.045514,0.367186,-0.057637,-0.954090,0.078918,-0.163866,-0.896328,0.826544,-0.155417,-0.739573,1.051039,-0.152313,-0.716302,0.868392,-0.107054,-0.722468,0.689822,-0.097597,-1.014313,1.064586,-0.102723,-1.069208,0.888841,-0.056938,-1.060945,0.710842
-0.153548,-0.897296,0.774134,-0.186428,-0.786588,0.640837,-0.198993,-0.842024,0.339675,-0.254771,-0.926983,0.039617,-0.091473,-0.999524,0.643963,0.035868,-1.059141,0.369446,-0.059081,-0.976399,0.078204,-0.164256,-0.899125,0.827160,-0.155198,-0.743241,1.052238,-0.151649,-0.718926,0.869733,-0.104577,-0.724983,0.691633,-0.098814,-1.018324,1.064826,-0.103687,-1.072922,0.888985,-0.058732,-1.065517,0.710735
-0.153816,-0.900185,0.774614,-0.185580,-0.789190,0.641297,-0.199431,-0.844224,0.340095,-0.254779,-0.927000,0.039328,-0.092962,-1.003154,0.644448,0.033269,-1.071300,0.371554,-0.060751,-0.999452,0.077156,-0.164506,-0.901973,0.827647,-0.154807,-0.746973,1.053308,-0.150919,-0.721539,0.870960,-0.102131,-0.727469,0.693323,-0.100022,-1.022420,1.064945,-0.104636,-1.076783,0.889027,-0.060310,-1.070154,0.710589
-0.153621,-0.903215,0.774740,-0.184366,-0.791814,0.641543,-0.200435,-0.847130,0.340474,-0.254880,-0.927112,0.038761,-0.094257,-1.006874,0.644468,0.030789,-1.080164,0.372663,-0.062311,-1.023884,0.074621,-0.164165,-0.904936,0.827807,-0.153720,-0.750795,1.054018,-0.149752,-0.724135,0.871846,-0.100109,-0.729653,0.694436,-0.101196,-1.026718,1.064831,-0.105552,-1.080948,0.888867,-0.060984,-1.074829,0.710466
-0.153331,-0.906367,0.774829,-0.183129,-0.794574,0.641762,-0.201418,-0.850069,0.340824,-0.254989,-0.927168,0.038180,-0.095498,-1.010684,0.644436,0.028250,-1.088481,0.373598,-0.063770,-1.048379,0.072619,-0.163695,-0.908012,0.827935,-0.152427,-0.754671,1.054644,-0.148449,-0.726772,0.872657,-0.098215,-0.731791,0.695403,-0.102312,-1.031071,1.064715,-0.106459,-1.085201,0.888716,-0.061445,-1.079515,0.710408
-0.152850,-0.909763,0.774842,-0.181851,-0.797589,0.641928,-0.202361,-0.853112,0.341110,-0.255113,-0.927216,0.037551,-0.096622,-1.014691,0.644295,0.025717,-1.095663,0.374078,-0.064970,-1.072823,0.070865,-0.162967,-0.911312,0.827999,-0.150713,-0.758649,1.055108,-0.146880,-0.729480,0.873315,-0.096585,-0.733813,0.696064,-0.103292,-1.035545,1.064603,-0.107331,-1.089629,0.888587,-0.061459,-1.084225,0.710485
-0.152113,-0.913350,0.774771,-0.180313,-0.800632,0.642137,-0.202275,-0.855396,0.341253,-0.255203,-0.927231,0.037176,-0.097567,-1.018715,0.643910,0.022522,-1.102333,0.373787,-0.066518,-1.096306,0.069254,-0.161979,-0.914842,0.827977,-0.148782,-0.762764,1.055417,-0.145091,-0.732388,0.873818,-0.095325,-0.735809,0.696399,-0.104135,-1.040137,1.064476,-0.108139,-1.094148,0.888435,-0.061146,-1.088833,0.710622
-0.151249,-0.917033,0.774657,-0.178641,-0.803694,0.642365,-0.201650,-0.857313,0.341325,-0.255231,-0.927252,0.036925,-0.098424,-1.022738,0.643406,0.019142,-1.108765,0.373197,-0.067473,-1.119033,0.068042,-0.160862,-0.918489,0.827909,-0.146744,-0.766943,1.055642,-0.143185,-0.735394,0.874240,-0.094233,-0.737782,0.696580,-0.104912,-1.044767,1.064341,-0.108917,-1.098699,0.888274,-0.060672,-1.093400,0.710798
-0.150020,-0.921170,0.774509,-0.176894,-0.807180,0.642655,-0.201133,-0.859522,0.341460,-0.255350,-0.927319,0.036682,-0.099196,-1.027122,0.642656,0.012952,-1.114482,0.370778,-0.070256,-1.139722,0.065504,-0.159342,-0.922596,0.827812,-0.144325,-0.771277,1.055631,-0.140819,-0.738673,0.874417,-0.093549,-0.739715,0.696288,-0.105365,-1.049520,1.064356,-0.109444,-1.103367,0.888264,-0.059826,-1.097968,0.711172
-0.148698,-0.925444,0.774314,-0.175129,-0.810760,0.642957,-0.200632,-0.861803,0.341617,-0.255439,-0.927375,0.036450,-0.100050,-1.031588,0.641764,0.005199,-1.119051,0.367365,-0.072440,-1.159550,0.062223,-0.157708,-0.926855,0.827669,-0.141830,-0.775699,1.055533,-0.138357,-0.742095,0.874502,-0.092958,-0.741685,0.695882,-0.105702,-1.054322,1.064363,-0.109862,-1.108040,0.888232,-0.058936,-1.102542,0.711515
-0.147192,-0.929990,0.774029,-0.173336,-0.814518,0.643288,-0.200194,-0.864229,0.341818,-0.255528,-0.927420,0.036232,-0.101066,-1.036233,0.640590,-0.005838,-1.121315,0.361999,-0.073812,-1.177161,0.056925,-0.155844,-0.931413,0.827438,-0.139181,-0.780302,1.055270,-0.135723,-0.745803,0.874409,-0.092595,-0.743745,0.695234,-0.105802,-1.059261,1.064350,-0.110054,-1.112746,0.888149,-0.057952,-1.107104,0.711778
-0.145609,-0.934777,0.773841,-0.171397,-0.818642,0.643595,-0.199432,-0.866618,0.341925,-0.255626,-0.927462,0.036012,-0.101952,-1.041207,0.639665,-0.015978,-1.123893,0.357492,-0.073568,-1.190232,0.052357,-0.153917,-0.936180,0.827301,-0.136390,-0.785015,1.055027,-0.132990,-0.749742,0.874317,-0.092292,-0.745910,0.694598,-0.105629,-1.064264,1.064449,-0.109967,-1.117465,0.888163,-0.056891,-1.111761,0.712085
-0.143988,-0.939684,0.773702,-0.169380,-0.822953,0.643887,-0.198482,-0.868991,0.341991,-0.255681,-0.927503,0.035804,-0.102778,-1.046331,0.638876,-0.025625,-1.126546,0.353550,-0.072222,-1.199945,0.048139,-0.151958,-0.941052,0.827211,-0.133525,-0.789781,1.054790,-0.130204,-0.753797,0.874220,-0.091999,-0.748102,0.694000,-0.105314,-1.069286,1.064607,-0.109732,-1.122183,0.888231,-0.055780,-1.116467,0.712419
-0.142382,-0.944698,0.773888,-0.167038,-0.827673,0.644177,-0.197376,-0.871568,0.342051,-0.255779,-0.927510,0.035603,-0.103688,-1.051958,0.638761,-0.034201,-1.129889,0.350854,-0.072723,-1.203203,0.044291,-0.150062,-0.945952,0.827441,-0.130272,-0.794708,1.054919,-0.127329,-0.758111,0.874466,-0.091540,-0.750728,0.693808,-0.104708,-1.074462,1.064939,-0.109106,-1.126935,0.888436,-0.054712,-1.121382,0.712755
-0.140808,-0.949845,0.774236,-0.164675,-0.832641,0.644519,-0.196220,-0.874263,0.342162,-0.255824,-0.927512,0.035456,-0.104581,-1.057795,0.638946,-0.041886,-1.133005,0.348768,-0.073292,-1.204884,0.041050,-0.148198,-0.950958,0.827834,-0.126995,-0.799723,1.055185,-0.124447,-0.762606,0.874832,-0.090963,-0.753626,0.693802,-0.103979,-1.079691,1.065425,-0.108330,-1.131791,0.888812,-0.053639,-1.126408,0.713216
-0.139299,-0.955258,0.774910,-0.162275,-0.838098,0.644971,-0.195011,-0.877194,0.342367,-0.255846,-0.927518,0.035395,-0.105428,-1.064088,0.639701,-0.047694,-1.135887,0.347624,-0.073991,-1.204385,0.038658,-0.146399,-0.956172,0.828552,-0.123673,-0.804913,1.055736,-0.121563,-0.767461,0.875445,-0.090196,-0.757114,0.694107,-0.103006,-1.085056,1.066215,-0.107266,-1.136870,0.889517,-0.052566,-1.131650,0.713914
-0.137802,-0.960915,0.775838,-0.159759,-0.844031,0.645462,-0.193734,-0.880327,0.342610,-0.255911,-0.927515,0.035391,-0.106047,-1.070792,0.640951,-0.052787,-1.138973,0.347158,-0.074373,-1.204291,0.037136,-0.144691,-0.961580,0.829514,-0.120291,-0.810252,1.056474,-0.118789,-0.772519,0.876235,-0.089200,-0.761218,0.694651,-0.101940,-1.090545,1.067251,-0.106166,-1.142120,0.890484,-0.051543,-1.137104,0.714851
-0.136311,-0.966694,0.776893,-0.157192,-0.850211,0.645973,-0.192376,-0.883554,0.342884,-0.255896,-0.927484,0.035437,-0.106559,-1.077687,0.642455,-0.057506,-1.142108,0.347084,-0.074551,-1.204277,0.036130,-0.143028,-0.967084,0.830597,-0.116879,-0.815677,1.057304,-0.116062,-0.777680,0.877115,-0.088079,-0.765626,0.695321,-0.100829,-1.096099,1.068408,-0.105046,-1.147457,0.891580,-0.050539,-1.142669,0.715908
-0.134733,-0.972991,0.777740,-0.154706,-0.856754,0.646461,-0.191086,-0.886945,0.343154,-0.255932,-0.927494,0.035498,-0.106357,-1.084734,0.643622,-0.059575,-1.145606,0.347134,-0.074632,-1.204415,0.035424,-0.141363,-0.973177,0.831457,-0.113643,-0.821556,1.057831,-0.113516,-0.783451,0.877661,-0.086379,-0.771317,0.695744,-0.099506,-1.102063,1.069399,-0.103958,-1.153355,0.892560,-0.049483,-1.148743,0.716868
-0.133204,-0.979369,0.778505,-0.152328,-0.863350,0.646909,-0.189821,-0.890339,0.343410,-0.255909,-0.927482,0.035567,-0.106052,-1.091765,0.644676,-0.061279,-1.149143,0.347185,-0.074671,-1.204627,0.034790,-0.139767,-0.979372,0.832231,-0.110537,-0.827545,1.058274,-0.111000,-0.789335,0.878126,-0.084452,-0.777307,0.696114,-0.098168,-1.108116,1.070297,-0.102898,-1.159355,0.893449,-0.048443,-1.154919,0.717745
-0.131769,-0.985909,0.779105,-0.150159,-0.870042,0.647278,-0.188685,-0.893752,0.343614,-0.255940,-0.927467,0.035607,-0.105530,-1.098787,0.645497,-0.062301,-1.152829,0.347157,-0.074737,-1.205085,0.034166,-0.138311,-0.985771,0.832834,-0.107693,-0.833736,1.058552,-0.108552,-0.795444,0.878423,-0.082091,-0.783909,0.696367,-0.096805,-1.114349,1.071006,-0.101901,-1.165556,0.894160,-0.047442,-1.161296,0.718454
-0.130411,-0.992538,0.779712,-0.148098,-0.876877,0.647618,-0.187575,-0.897227,0.343814,-0.255947,-0.927490,0.035672,-0.104877,-1.105896,0.646373,-0.062759,-1.156535,0.347279,-0.074755,-1.205373,0.033720,-0.136968,-0.992262,0.833440,-0.104906,-0.840073,1.058855,-0.106060,-0.801761,0.878733,-0.079392,-0.790993,0.696660,-0.095312,-1.120718,1.071654,-0.100718,-1.171902,0.894810,-0.046349,-1.167788,0.719071
-0.129091,-0.999212,0.780324,-0.146090,-0.883785,0.647944,-0.186459,-0.900729,0.344030,-0.255906,-0.927519,0.035785,-0.104160,-1.113048,0.647276,-0.062928,-1.160246,0.347497,-0.074732,-1.205568,0.033404,-0.135681,-0.998798,0.834047,-0.102148,-0.846489,1.059168,-0.103547,-0.808186,0.879047,-0.076532,-0.798330,0.696975,-0.093756,-1.127158,1.072267,-0.099442,-1.178323,0.895428,-0.045211,-1.174339,0.719639
-0.127792,-1.005931,0.780881,-0.144143,-0.890811,0.648173,-0.185349,-0.904241,0.344185,-0.255904,-0.927594,0.035889,-0.103009,-1.120220,0.648191,-0.062361,-1.163903,0.347799,-0.074652,-1.205574,0.033221,-0.134518,-1.005393,0.834588,-0.099778,-0.852987,1.059463,-0.101202,-0.814821,0.879314,-0.073445,-0.806039,0.697300,-0.092127,-1.133666,1.072775,-0.097806,-1.184829,0.895938,-0.044170,-1.180912,0.719972
-0.126455,-1.012612,0.781375,-0.142191,-0.897820,0.648327,-0.184120,-0.907642,0.344292,-0.255867,-0.927660,0.036017,-0.101732,-1.127348,0.649055,-0.061733,-1.167524,0.348085,-0.074579,-1.205574,0.033072,-0.133330,-1.011954,0.835063,-0.097481,-0.859511,1.059743,-0.098880,-0.821569,0.879546,-0.070275,-0.813927,0.697612,-0.090510,-1.140200,1.073191,-0.096125,-1.191371,0.896357,-0.043160,-1.187501,0.720188
-0.125040,-1.019215,0.781742,-0.140226,-0.904788,0.648333,-0.182688,-0.910829,0.344268,-0.255833,-0.927738,0.036120,-0.100197,-1.134387,0.649818,-0.060999,-1.171085,0.348296,-0.074555,-1.205590,0.032907,-0.132095,-1.018447,0.835407,-0.095330,-0.866081,1.059993,-0.096603,-0.828534,0.879711,-0.066926,-0.822150,0.697900,-0.088914,-1.146781,1.073425,-0.094358,-1.197980,0.896599,-0.042213,-1.194121,0.720178
-0.123675,-1.025906,0.782036,-0.138551,-0.911924,0.648209,-0.180948,-0.913688,0.344084,-0.255764,-0.927838,0.036190,-0.098669,-1.141536,0.650540,-0.060468,-1.174661,0.348472,-0.074527,-1.205625,0.032740,-0.130845,-1.025023,0.835686,-0.093265,-0.872732,1.060194,-0.094110,-0.835939,0.879753,-0.063230,-0.830901,0.698098,-0.087041,-1.153439,1.073550,-0.092326,-1.204747,0.896756,-0.041055,-1.200782,0.720078
-0.122335,-1.032639,0.782295,-0.137021,-0.919144,0.648021,-0.179064,-0.916386,0.343862,-0.255701,-0.927963,0.036303,-0.097142,-1.148739,0.651244,-0.060061,-1.178246,0.348655,-0.074540,-1.205673,0.032618,-0.129589,-1.031641,0.835934,-0.091243,-0.879423,1.060369,-0.091511,-0.843564,0.879736,-0.059363,-0.839914,0.698267,-0.085029,-1.160132,1.073620,-0.090163,-1.211592,0.896870,-0.039793,-1.207476,0.719934
-0.120986,-1.039503,0.782356,-0.135480,-0.926670,0.647447,-0.175477,-0.917642,0.343147,-0.255621,-0.928006,0.036461,-0.095805,-1.156265,0.651889,-0.060086,-1.181906,0.348777,-0.074505,-1.205650,0.032441,-0.128223,-1.038350,0.835996,-0.089399,-0.886230,1.060428,-0.088685,-0.851648,0.879547,-0.055037,-0.849764,0.698324,-0.082758,-1.166935,1.073464,-0.087570,-1.218548,0.896756,-0.038204,-1.214166,0.719542
-0.119644,-1.046459,0.782354,-0.134002,-0.934351,0.646765,-0.171724,-0.918781,0.342453,-0.255544,-0.928064,0.036740,-0.094537,-1.163937,0.652516,-0.060302,-1.185616,0.348916,-0.074516,-1.205619,0.032313,-0.126827,-1.045128,0.836000,-0.087521,-0.893038,1.060380,-0.085876,-0.859797,0.879255,-0.050665,-0.859784,0.698320,-0.080424,-1.173735,1.073279,-0.084889,-1.225486,0.896608,-0.036525,-1.220835,0.719122
-0.118318,-1.053597,0.782227,-0.132651,-0.942338,0.645862,-0.167639,-0.919680,0.341687,-0.255469,-0.928127,0.037105,-0.093407,-1.171904,0.653105,-0.060872,-1.189427,0.349040,-0.074562,-1.205578,0.032196,-0.125372,-1.052045,0.835886,-0.085577,-0.899853,1.060123,-0.083101,-0.868076,0.878743,-0.046198,-0.870141,0.698160,-0.077967,-1.180531,1.073037,-0.082031,-1.232395,0.896396,-0.034667,-1.227434,0.718644
-0.117151,-1.060885,0.781980,-0.131657,-0.950524,0.644831,-0.163782,-0.920748,0.340978,-0.255309,-0.928212,0.037485,-0.092396,-1.180017,0.653588,-0.061692,-1.193276,0.349105,-0.074581,-1.205547,0.032054,-0.124027,-1.059101,0.835656,-0.083698,-0.906673,1.059653,-0.080375,-0.876421,0.878026,-0.041719,-0.880752,0.697852,-0.075352,-1.187318,1.072702,-0.079016,-1.239196,0.896061,-0.032588,-1.233885,0.718066
-0.116063,-1.068250,0.781673,-0.130841,-0.958810,0.643744,-0.160099,-0.921903,0.340413,-0.255215,-0.928329,0.038024,-0.091442,-1.188201,0.654021,-0.062671,-1.197150,0.349179,-0.074659,-1.205532,0.031966,-0.122737,-1.066227,0.835367,-0.081848,-0.913496,1.059073,-0.077668,-0.884796,0.877213,-0.037232,-0.891485,0.697502,-0.072658,-1.194099,1.072313,-0.075926,-1.245937,0.895659,-0.030407,-1.240266,0.717433
-0.115178,-1.075551,0.781230,-0.130460,-0.966878,0.642695,-0.157623,-0.923892,0.340002,-0.255092,-0.928448,0.038334,-0.090555,-1.196113,0.654154,-0.063634,-1.200876,0.349035,-0.074653,-1.205512,0.031710,-0.121643,-1.073334,0.834942,-0.080051,-0.920148,1.058225,-0.075170,-0.893075,0.876133,-0.032846,-0.902354,0.696973,-0.069734,-1.200690,1.071780,-0.072645,-1.252392,0.895081,-0.027764,-1.246324,0.716706
-0.114369,-1.082837,0.780764,-0.130269,-0.974921,0.641659,-0.155495,-0.926060,0.339726,-0.255067,-0.928610,0.038725,-0.089633,-1.203958,0.654244,-0.064315,-1.204609,0.348935,-0.074706,-1.205511,0.031556,-0.120617,-1.080434,0.834494,-0.078274,-0.926747,1.057312,-0.072740,-0.901268,0.875010,-0.028536,-0.913164,0.696460,-0.066706,-1.207217,1.071200,-0.069293,-1.258773,0.894457,-0.024989,-1.252246,0.715953
-0.113711,-1.090094,0.780254,-0.130460,-0.982911,0.640639,-0.153976,-0.928572,0.339545,-0.255096,-0.928804,0.039050,-0.088643,-1.211668,0.654238,-0.064378,-1.208338,0.348842,-0.074769,-1.205517,0.031477,-0.119724,-1.087520,0.834002,-0.076543,-0.933241,1.056273,-0.070451,-0.909293,0.873783,-0.024383,-0.923876,0.695907,-0.063469,-1.213616,1.070539,-0.065794,-1.265018,0.893749,-0.021939,-1.257888,0.715158
-0.113267,-1.097139,0.779676,-0.130923,-0.990625,0.639620,-0.152195,-0.930687,0.339469,-0.255062,-0.929183,0.039588,-0.087669,-1.219052,0.654100,-0.064063,-1.211932,0.348695,-0.074805,-1.205505,0.031397,-0.119046,-1.094421,0.833443,-0.074980,-0.939539,1.055146,-0.068396,-0.917135,0.872479,-0.020609,-0.934389,0.695298,-0.060118,-1.219799,1.069722,-0.062133,-1.271021,0.892876,-0.018628,-1.263266,0.714225
-0.112928,-1.104077,0.779064,-0.131522,-0.998202,0.638611,-0.150374,-0.932574,0.339540,-0.255167,-0.929606,0.040363,-0.086700,-1.226267,0.653894,-0.063597,-1.215449,0.348534,-0.074907,-1.205471,0.031352,-0.118477,-1.101230,0.832848,-0.073504,-0.945730,1.053965,-0.066455,-0.924874,0.871135,-0.017021,-0.944785,0.694689,-0.056715,-1.225856,1.068813,-0.058399,-1.276879,0.891908,-0.015204,-1.268487,0.713209
-0.112732,-1.110853,0.778218,-0.131977,-1.005710,0.637276,-0.147143,-0.933822,0.339507,-0.254775,-0.930564,0.041405,-0.085197,-1.233300,0.653582,-0.062836,-1.218858,0.348287,-0.074884,-1.205490,0.031262,-0.118244,-1.107869,0.831998,-0.072718,-0.951597,1.052491,-0.064905,-0.932305,0.869524,-0.014161,-0.954515,0.693728,-0.053570,-1.231539,1.067698,-0.054731,-1.282509,0.890774,-0.011693,-1.273426,0.712076
-0.112589,-1.117557,0.777311,-0.132245,-1.013146,0.635870,-0.143770,-0.935319,0.339505,-0.254758,-0.932275,0.042699,-0.083599,-1.240257,0.653256,-0.062077,-1.222219,0.348061,-0.074936,-1.205490,0.031232,-0.118161,-1.114441,0.831077,-0.072235,-0.957388,1.050968,-0.063580,-0.939623,0.867889,-0.011648,-0.964027,0.692734,-0.050653,-1.237121,1.066514,-0.051182,-1.288062,0.889579,-0.008253,-1.278344,0.710894
-0.112554,-1.124115,0.776284,-0.132143,-1.020435,0.634296,-0.139836,-0.937384,0.339303,-0.255002,-0.935580,0.044154,-0.081816,-1.247077,0.652905,-0.061225,-1.225497,0.347846,-0.074941,-1.205459,0.031250,-0.118377,-1.120882,0.830015,-0.072344,-0.963044,1.049360,-0.062712,-0.946741,0.866200,-0.009837,-0.973140,0.691620,-0.048177,-1.242533,1.065214,-0.047850,-1.293504,0.888289,-0.004916,-1.283269,0.709640
-0.112537,-1.130353,0.775560,-0.131495,-1.026889,0.633333,-0.135672,-0.940382,0.339307,-0.257263,-0.944047,0.046812,-0.080239,-1.253272,0.652529,-0.060461,-1.228566,0.347633,-0.074969,-1.205525,0.031281,-0.118762,-1.127139,0.829247,-0.072842,-0.968729,1.048242,-0.062082,-0.953738,0.865039,-0.008468,-0.981789,0.690945,-0.046268,-1.247978,1.064186,-0.044709,-1.298938,0.887266,-0.001709,-1.288321,0.708665
-0.112529,-1.136430,0.774988,-0.130577,-1.032922,0.632679,-0.131369,-0.943849,0.339419,-0.260362,-0.955102,0.050344,-0.078767,-1.259155,0.652149,-0.059738,-1.231536,0.347440,-0.074999,-1.205654,0.031346,-0.119230,-1.133305,0.828623,-0.073537,-0.974412,1.047356,-0.061566,-0.960662,0.864137,-0.007311,-0.990193,0.690487,-0.044646,-1.253414,1.063302,-0.041667,-1.304342,0.886393,0.001441,-1.293427,0.707845
-0.112467,-1.141715,0.774899,-0.129407,-1.037528,0.632952,-0.127015,-0.947528,0.339962,-0.266329,-0.973787,0.056789,-0.077963,-1.263903,0.651726,-0.059342,-1.233941,0.347210,-0.075007,-1.205649,0.031346,-0.119578,-1.138834,0.828495,-0.074429,-0.980003,1.047413,-0.061476,-0.967184,0.864198,-0.006794,-0.997831,0.690874,-0.043865,-1.258841,1.062882,-0.039343,-1.309757,0.886005,0.004232,-1.298770,0.707578
-0.112425,-1.146846,0.774898,-0.128531,-1.041925,0.633396,-0.123153,-0.951681,0.340491,-0.272243,-0.994227,0.064438,-0.077395,-1.268441,0.651284,-0.059074,-1.236243,0.346977,-0.075024,-1.205642,0.031344,-0.119835,-1.144216,0.828467,-0.075378,-0.985485,1.047622,-0.061475,-0.973535,0.864423,-0.006417,-1.005160,0.691391,-0.043263,-1.264164,1.062618,-0.037320,-1.315192,0.885816,0.006961,-1.304134,0.707569
-0.112426,-1.151668,0.775070,-0.128238,-1.045904,0.634166,-0.120267,-0.956786,0.340932,-0.278630,-1.017915,0.073731,-0.077304,-1.272562,0.650795,-0.059065,-1.238337,0.346703,-0.075055,-1.205630,0.031284,-0.119913,-1.149303,0.828641,-0.076430,-0.990783,1.048159,-0.061658,-0.979561,0.864986,-0.006337,-1.011886,0.692170,-0.043005,-1.269329,1.062650,-0.035893,-1.320718,0.885994,0.009550,-1.309561,0.708045
-0.112408,-1.156300,0.775280,-0.128420,-1.049763,0.634984,-0.118180,-0.963897,0.340824,-0.284737,-1.042979,0.083519,-0.077031,-1.276409,0.650319,-0.058963,-1.240262,0.346433,-0.075080,-1.205621,0.031230,-0.119905,-1.154191,0.828862,-0.077669,-0.995881,1.048777,-0.062380,-0.985149,0.865620,-0.006762,-1.017966,0.692993,-0.043026,-1.274300,1.062834,-0.035226,-1.326345,0.886396,0.011729,-1.314930,0.708855
-0.112382,-1.160837,0.775510,-0.128842,-1.053564,0.635829,-0.116484,-0.972027,0.340501,-0.290542,-1.068321,0.094264,-0.076669,-1.280117,0.649852,-0.058823,-1.242100,0.346173,-0.075116,-1.205613,0.031189,-0.119853,-1.158980,0.829105,-0.079001,-1.000886,1.049435,-0.063369,-0.990525,0.866287,-0.007435,-1.023732,0.693838,-0.043186,-1.279180,1.063091,-0.034934,-1.332028,0.886908,0.013721,-1.320288,0.709846
-0.112338,-1.164948,0.775638,-0.129567,-1.057125,0.636472,-0.115445,-0.984426,0.338933,-0.295129,-1.094199,0.102574,-0.075795,-1.283368,0.649405,-0.058385,-1.243713,0.345896,-0.075087,-1.205699,0.031117,-0.119858,-1.163341,0.829234,-0.080627,-1.005682,1.050152,-0.065171,-0.995138,0.867000,-0.009066,-1.028215,0.694581,-0.043823,-1.283886,1.063230,-0.035793,-1.337719,0.887330,0.014693,-1.325379,0.710857
-0.112407,-1.168880,0.775730,-0.130656,-1.060557,0.637080,-0.114761,-0.998043,0.337339,-0.298997,-1.119811,0.110530,-0.074987,-1.286401,0.648916,-0.057836,-1.245218,0.345578,-0.075077,-1.205775,0.031006,-0.119926,-1.167524,0.829334,-0.082263,-1.010392,1.050880,-0.067074,-0.999490,0.867727,-0.010946,-1.032206,0.695247,-0.044535,-1.288514,1.063289,-0.036876,-1.343320,0.887667,0.015262,-1.330520,0.711738
-0.112701,-1.172454,0.775752,-0.132471,-1.063733,0.637620,-0.114783,-1.014053,0.335605,-0.301599,-1.145799,0.116549,-0.074312,-1.289004,0.648334,-0.057055,-1.246497,0.345163,-0.075076,-1.205796,0.030799,-0.120122,-1.171346,0.829375,-0.083917,-1.014912,1.051636,-0.069186,-1.003304,0.868490,-0.013337,-1.035199,0.695768,-0.045396,-1.292975,1.063191,-0.038409,-1.348731,0.887835,0.014981,-1.335713,0.712317
-0.113203,-1.175813,0.775661,-0.134955,-1.066857,0.638010,-0.115968,-1.031963,0.334030,-0.302940,-1.171587,0.119943,-0.073629,-1.291334,0.647676,-0.054613,-1.247854,0.344719,-0.075108,-1.205844,0.030694,-0.120446,-1.174930,0.829313,-0.085684,-1.019227,1.052296,-0.071433,-1.006715,0.869172,-0.016264,-1.037346,0.696002,-0.046394,-1.297230,1.062972,-0.040290,-1.353888,0.887867,0.013916,-1.340851,0.712611
-0.113807,-1.179063,0.775515,-0.137773,-1.069977,0.638332,-0.117618,-1.050886,0.333049,-0.303299,-1.197588,0.122482,-0.072953,-1.293513,0.646979,-0.051342,-1.249165,0.344290,-0.075145,-1.205749,0.030710,-0.120832,-1.178394,0.829198,-0.087499,-1.023439,1.052899,-0.073746,-1.009930,0.869810,-0.019469,-1.039079,0.696099,-0.047455,-1.301378,1.062690,-0.042341,-1.358918,0.887836,0.012464,-1.345975,0.712764
-0.114436,-1.182354,0.775162,-0.141256,-1.073490,0.638330,-0.120352,-1.071372,0.332555,-0.302542,-1.221397,0.121152,-0.072028,-1.295733,0.646197,-0.048049,-1.250425,0.343781,-0.075147,-1.205601,0.030689,-0.121159,-1.181847,0.828886,-0.089527,-1.027539,1.053266,-0.076073,-1.012868,0.870246,-0.023210,-1.039730,0.695734,-0.048319,-1.305347,1.062251,-0.044561,-1.363673,0.887619,0.010077,-1.351129,0.712463
-0.115120,-1.185712,0.774799,-0.144906,-1.077180,0.638316,-0.123782,-1.091829,0.332949,-0.300925,-1.244539,0.119056,-0.071062,-1.297963,0.645418,-0.044869,-1.251652,0.343289,-0.075136,-1.205447,0.030712,-0.121561,-1.185359,0.828558,-0.091661,-1.031603,1.053541,-0.078441,-1.015769,0.870602,-0.027115,-1.040112,0.695266,-0.049140,-1.309245,1.061828,-0.046924,-1.368376,0.887435,0.007362,-1.356287,0.712132
-0.115915,-1.189205,0.774413,-0.148892,-1.081180,0.638264,-0.128881,-1.112223,0.334104,-0.298311,-1.266085,0.114704,-0.069997,-1.300240,0.644650,-0.041903,-1.252964,0.342790,-0.075110,-1.205586,0.030712,-0.122118,-1.188999,0.828201,-0.094027,-1.035597,1.053651,-0.080896,-1.018582,0.870814,-0.031337,-1.039939,0.694582,-0.049885,-1.313010,1.061442,-0.049578,-1.372971,0.887313,0.003983,-1.361428,0.711738
-0.116885,-1.193124,0.773916,-0.153376,-1.086096,0.637887,-0.135829,-1.130442,0.335274,-0.295380,-1.284608,0.108630,-0.068955,-1.303106,0.644001,-0.040090,-1.254358,0.342389,-0.075034,-1.205697,0.030713,-0.122833,-1.192981,0.827733,-0.096665,-1.039721,1.053508,-0.083521,-1.021471,0.870794,-0.035764,-1.039497,0.693692,-0.050372,-1.316799,1.060988,-0.052332,-1.377555,0.887139,0.000171,-1.366561,0.711203
-0.117942,-1.197257,0.773363,-0.158086,-1.091526,0.637369,-0.143385,-1.147682,0.336613,-0.291366,-1.301916,0.102141,-0.067937,-1.306237,0.643403,-0.038900,-1.255747,0.342028,-0.075009,-1.205731,0.030712,-0.123627,-1.197131,0.827209,-0.099439,-1.043920,1.053238,-0.086244,-1.024404,0.870660,-0.040344,-1.038937,0.692745,-0.050734,-1.320595,1.060502,-0.055131,-1.382154,0.886974,-0.003846,-1.371746,0.710640
-0.118780,-1.202625,0.772808,-0.160922,-1.098733,0.636025,-0.149169,-1.156515,0.335469,-0.291017,-1.309037,0.096228,-0.066371,-1.311492,0.643677,-0.042636,-1.257479,0.342378,-0.074888,-1.205644,0.030905,-0.124683,-1.202369,0.826630,-0.102655,-1.048792,1.052637,-0.089240,-1.027996,0.870217,-0.044895,-1.038944,0.691645,-0.050906,-1.324911,1.060122,-0.058085,-1.387211,0.886943,-0.008454,-1.377358,0.710106
-0.119707,-1.208201,0.772192,-0.163647,-1.106144,0.634622,-0.154730,-1.164340,0.334065,-0.291484,-1.314939,0.090802,-0.064919,-1.316933,0.643914,-0.046542,-1.259430,0.342818,-0.074875,-1.205756,0.031245,-0.125845,-1.207820,0.825987,-0.106093,-1.053799,1.051910,-0.092469,-1.031647,0.869665,-0.049493,-1.039068,0.690573,-0.051077,-1.329278,1.059726,-0.060952,-1.392270,0.886924,-0.013161,-1.382982,0.709547
-0.120810,-1.214196,0.771458,-0.166201,-1.113898,0.633088,-0.160052,-1.169920,0.332060,-0.293976,-1.318276,0.086066,-0.063694,-1.322793,0.644067,-0.050643,-1.261618,0.343351,-0.074820,-1.205867,0.031764,-0.127217,-1.213693,0.825220,-0.109971,-1.059046,1.050930,-0.096137,-1.035394,0.868889,-0.054089,-1.039396,0.689467,-0.051241,-1.333741,1.059297,-0.063658,-1.397284,0.886856,-0.018108,-1.388504,0.708857
-0.122584,-1.219885,0.770942,-0.170015,-1.120781,0.632396,-0.163556,-1.175439,0.331149,-0.294791,-1.321787,0.082684,-0.063110,-1.327439,0.643745,-0.051911,-1.263595,0.343437,-0.074748,-1.205993,0.032076,-0.129039,-1.219402,0.824699,-0.114302,-1.064083,1.050135,-0.100317,-1.038754,0.868329,-0.058839,-1.039482,0.688730,-0.051639,-1.337886,1.059111,-0.066103,-1.401692,0.886924,-0.023283,-1.393277,0.708227
-0.124693,-1.225421,0.770536,-0.174457,-1.127258,0.632127,-0.166097,-1.180819,0.330759,-0.294605,-1.325233,0.079894,-0.062874,-1.331444,0.643180,-0.051793,-1.265328,0.343282,-0.074698,-1.205900,0.032267,-0.131085,-1.225029,0.824301,-0.118874,-1.069039,1.049438,-0.104795,-1.041935,0.867893,-0.063752,-1.039464,0.688207,-0.052177,-1.341864,1.059045,-0.068438,-1.405807,0.887069,-0.028589,-1.397718,0.707667
-0.127378,-1.231137,0.770046,-0.179888,-1.134302,0.631728,-0.173216,-1.188282,0.330414,-0.296033,-1.329096,0.074819,-0.063195,-1.335632,0.642613,-0.050881,-1.267394,0.343157,-0.074582,-1.206052,0.032577,-0.133663,-1.230792,0.823824,-0.123960,-1.074085,1.048595,-0.110073,-1.045034,0.867332,-0.068693,-1.039796,0.687782,-0.052908,-1.345780,1.058858,-0.070513,-1.409563,0.886955,-0.033933,-1.401720,0.706842
-0.130167,-1.236843,0.769613,-0.185275,-1.141209,0.631483,-0.179963,-1.195458,0.330206,-0.297056,-1.332740,0.070149,-0.063688,-1.339655,0.642007,-0.049752,-1.269380,0.343011,-0.074541,-1.206111,0.032907,-0.136365,-1.236584,0.823402,-0.129204,-1.079221,1.047819,-0.115615,-1.048191,0.866857,-0.073731,-1.040360,0.687519,-0.053793,-1.349711,1.058714,-0.072559,-1.413273,0.886853,-0.039204,-1.405690,0.706095
-0.133164,-1.242531,0.769292,-0.190615,-1.147769,0.631528,-0.186078,-1.201905,0.330230,-0.297557,-1.335808,0.066044,-0.064488,-1.343412,0.641331,-0.048061,-1.271351,0.342810,-0.074438,-1.206213,0.033230,-0.139312,-1.242439,0.823087,-0.134748,-1.084497,1.047174,-0.121601,-1.051432,0.866536,-0.078763,-1.041346,0.687539,-0.054955,-1.353700,1.058662,-0.074515,-1.416861,0.886744,-0.044291,-1.409483,0.705413
-0.136198,-1.248095,0.769035,-0.195498,-1.153800,0.631752,-0.191770,-1.208156,0.330489,-0.297295,-1.339302,0.062541,-0.065625,-1.347038,0.640614,-0.046372,-1.273338,0.342599,-0.074370,-1.206360,0.033562,-0.142366,-1.248251,0.822827,-0.140348,-1.089958,1.046706,-0.127881,-1.054894,0.866392,-0.083878,-1.042809,0.687804,-0.056390,-1.357873,1.058589,-0.076399,-1.420451,0.886514,-0.049098,-1.413169,0.704704
-0.139251,-1.253597,0.768809,-0.200154,-1.159574,0.632066,-0.197230,-1.214340,0.330870,-0.296640,-1.342942,0.059399,-0.066941,-1.350588,0.639886,-0.044690,-1.275291,0.342424,-0.074319,-1.206454,0.033955,-0.145472,-1.254043,0.822592,-0.145986,-1.095529,1.046325,-0.134334,-1.058498,0.866344,-0.089059,-1.044495,0.688217,-0.057987,-1.362129,1.058513,-0.078276,-1.424039,0.886232,-0.053771,-1.416842,0.704011
-0.142223,-1.258832,0.768330,-0.203957,-1.164844,0.631974,-0.203457,-1.221108,0.331041,-0.296331,-1.346222,0.055672,-0.069017,-1.354695,0.639094,-0.043664,-1.277713,0.342285,-0.074170,-1.206800,0.034371,-0.148489,-1.259501,0.822105,-0.151346,-1.101228,1.045975,-0.140888,-1.062443,0.866285,-0.094246,-1.046968,0.688636,-0.060209,-1.366777,1.058100,-0.080067,-1.427754,0.885441,-0.057561,-1.420289,0.702965
-0.145151,-1.264012,0.767780,-0.207444,-1.169991,0.631743,-0.209521,-1.227633,0.331077,-0.296357,-1.348716,0.051981,-0.071242,-1.358986,0.638312,-0.042917,-1.280250,0.342216,-0.074019,-1.207191,0.034860,-0.151476,-1.264875,0.821544,-0.156534,-1.106910,1.045572,-0.147441,-1.066556,0.866147,-0.099508,-1.049734,0.688967,-0.062729,-1.371536,1.057641,-0.081957,-1.431570,0.884587,-0.060994,-1.423754,0.701935
-0.147990,-1.269085,0.767085,-0.210300,-1.174878,0.631228,-0.215312,-1.233601,0.330808,-0.297052,-1.349848,0.048160,-0.073753,-1.363661,0.637541,-0.042692,-1.283090,0.342213,-0.073817,-1.207814,0.035385,-0.154405,-1.270079,0.820836,-0.161364,-1.112515,1.045063,-0.153938,-1.070935,0.865835,-0.104857,-1.053101,0.689071,-0.065808,-1.376524,1.057085,-0.083991,-1.435599,0.883593,-0.063702,-1.427174,0.700888
-0.150917,-1.274151,0.766577,-0.213232,-1.179450,0.631106,-0.220508,-1.238897,0.330874,-0.297536,-1.350783,0.045157,-0.076545,-1.368180,0.636741,-0.042483,-1.285922,0.342215,-0.073638,-1.208487,0.035919,-0.157386,-1.275315,0.820317,-0.165967,-1.118031,1.044650,-0.160420,-1.075597,0.865547,-0.110469,-1.057095,0.689103,-0.069026,-1.381539,1.056751,-0.086125,-1.439833,0.882888,-0.065754,-1.430651,0.700231
-0.153886,-1.279214,0.766164,-0.216201,-1.183867,0.631181,-0.225407,-1.243855,0.331111,-0.297906,-1.351595,0.042614,-0.079476,-1.372621,0.635932,-0.042279,-1.288763,0.342243,-0.073463,-1.209204,0.036486,-0.160395,-1.280566,0.819893,-0.170464,-1.123506,1.044285,-0.166897,-1.080413,0.865282,-0.116203,-1.061381,0.689116,-0.072322,-1.386571,1.056529,-0.088313,-1.444168,0.882331,-0.067485,-1.434143,0.699774
-0.157188,-1.284073,0.766068,-0.219463,-1.187795,0.631761,-0.230140,-1.248424,0.331867,-0.297986,-1.352431,0.040825,-0.083001,-1.376795,0.635257,-0.042258,-1.291611,0.342441,-0.073236,-1.210165,0.037147,-0.163696,-1.285625,0.819789,-0.174504,-1.128558,1.044102,-0.173163,-1.085603,0.865028,-0.122613,-1.066476,0.688835,-0.076037,-1.391497,1.056635,-0.090944,-1.448633,0.882188,-0.068705,-1.437721,0.699850
-0.160456,-1.288786,0.766066,-0.222466,-1.191441,0.632444,-0.234641,-1.252750,0.332742,-0.298030,-1.353093,0.039357,-0.086534,-1.380869,0.634687,-0.042341,-1.294451,0.342758,-0.073000,-1.211169,0.037913,-0.167014,-1.290557,0.819770,-0.178339,-1.133510,1.044033,-0.179314,-1.090907,0.864866,-0.129341,-1.071811,0.688509,-0.079933,-1.396471,1.056807,-0.093811,-1.453170,0.882132,-0.069941,-1.441328,0.700061
-0.163656,-1.293205,0.766250,-0.224953,-1.194522,0.633330,-0.238681,-1.256586,0.333848,-0.298035,-1.353473,0.038387,-0.090083,-1.384746,0.634319,-0.042634,-1.297243,0.343255,-0.072752,-1.212210,0.038826,-0.170363,-1.295233,0.819922,-0.181754,-1.138259,1.044192,-0.185231,-1.096412,0.864870,-0.136721,-1.077690,0.688073,-0.084181,-1.401532,1.057112,-0.097146,-1.457856,0.882242,-0.071204,-1.445015,0.700529
-0.166888,-1.297472,0.766492,-0.227193,-1.197245,0.634320,-0.242287,-1.260002,0.335044,-0.298042,-1.353687,0.037775,-0.093936,-1.388632,0.633975,-0.043407,-1.300114,0.343781,-0.072496,-1.213448,0.039696,-0.173744,-1.299755,0.820131,-0.184781,-1.142915,1.044475,-0.190498,-1.102120,0.864966,-0.144316,-1.084234,0.687462,-0.088701,-1.406744,1.057418,-0.100636,-1.462736,0.882367,-0.072352,-1.448759,0.701108
-0.170137,-1.301664,0.766764,-0.229299,-1.199802,0.635373,-0.245686,-1.263201,0.336293,-0.298069,-1.353793,0.037380,-0.097938,-1.392512,0.633642,-0.044409,-1.303053,0.344328,-0.072213,-1.214845,0.040551,-0.177141,-1.304199,0.820366,-0.187610,-1.147524,1.044821,-0.195452,-1.107914,0.865127,-0.152051,-1.091084,0.686819,-0.093359,-1.412022,1.057720,-0.104209,-1.467715,0.882503,-0.073445,-1.452561,0.701770
-0.173315,-1.305784,0.767048,-0.230983,-1.202143,0.636424,-0.248518,-1.266058,0.337511,-0.298100,-1.353846,0.037213,-0.102204,-1.396595,0.633339,-0.046018,-1.306147,0.344914,-0.071929,-1.216590,0.041351,-0.180459,-1.308532,0.820616,-0.189895,-1.151977,1.045178,-0.199152,-1.114034,0.865194,-0.159647,-1.098649,0.685847,-0.098199,-1.417379,1.058032,-0.108045,-1.473095,0.882762,-0.074864,-1.456948,0.702554
-0.176447,-1.309943,0.767324,-0.232539,-1.204534,0.637454,-0.250687,-1.268448,0.338567,-0.298168,-1.353804,0.037176,-0.106458,-1.400740,0.633038,-0.047678,-1.309324,0.345515,-0.071612,-1.218516,0.042154,-0.183720,-1.312885,0.820858,-0.192044,-1.156407,1.045496,-0.202596,-1.120198,0.865232,-0.167193,-1.106279,0.684903,-0.103009,-1.422718,1.058349,-0.111965,-1.478516,0.883058,-0.076427,-1.461520,0.703387
-0.179484,-1.314183,0.767582,-0.233859,-1.207003,0.638426,-0.251482,-1.269951,0.339288,-0.298222,-1.353706,0.037308,-0.110695,-1.405030,0.632739,-0.049464,-1.312619,0.346133,-0.071280,-1.220690,0.042946,-0.186863,-1.317285,0.821086,-0.193925,-1.160788,1.045738,-0.205502,-1.126478,0.865172,-0.174568,-1.114099,0.683902,-0.107749,-1.428037,1.058685,-0.116034,-1.484014,0.883417,-0.078264,-1.466414,0.704267
-0.182422,-1.318303,0.767738,-0.234892,-1.209392,0.639242,-0.252064,-1.271401,0.339866,-0.298256,-1.353654,0.037368,-0.114790,-1.409263,0.632408,-0.051451,-1.315994,0.346640,-0.070976,-1.223378,0.043508,-0.189958,-1.321557,0.821204,-0.195607,-1.165070,1.045891,-0.208006,-1.132691,0.865028,-0.181460,-1.121724,0.682961,-0.112561,-1.433308,1.058901,-0.120414,-1.489441,0.883662,-0.080553,-1.471468,0.705006
-0.185309,-1.322363,0.767844,-0.235769,-1.211761,0.639990,-0.252518,-1.272844,0.340382,-0.298251,-1.353643,0.037403,-0.118817,-1.413458,0.632058,-0.053495,-1.319414,0.347097,-0.070583,-1.226329,0.043970,-0.193029,-1.325763,0.821267,-0.197184,-1.169311,1.046000,-0.210332,-1.138866,0.864861,-0.188141,-1.129155,0.682128,-0.117412,-1.438541,1.059050,-0.124962,-1.494824,0.883845,-0.083079,-1.476617,0.705678
-0.188196,-1.326132,0.767919,-0.236212,-1.213883,0.640572,-0.252736,-1.274202,0.340775,-0.298217,-1.353652,0.037386,-0.122765,-1.417554,0.631861,-0.054685,-1.323128,0.347793,-0.070239,-1.230126,0.044575,-0.196197,-1.329657,0.821288,-0.198340,-1.173315,1.046117,-0.212137,-1.144843,0.864708,-0.193593,-1.136323,0.681498,-0.122282,-1.443626,1.059038,-0.129592,-1.499973,0.883842,-0.085967,-1.481772,0.706081
-0.191100,-1.329743,0.767933,-0.236529,-1.215882,0.641082,-0.252881,-1.275538,0.341118,-0.298167,-1.353714,0.037356,-0.126788,-1.421556,0.631632,-0.055424,-1.326916,0.348556,-0.069710,-1.234005,0.045271,-0.199387,-1.333383,0.821246,-0.199297,-1.177284,1.046246,-0.213773,-1.150713,0.864603,-0.198560,-1.143337,0.681029,-0.127142,-1.448678,1.058869,-0.134303,-1.505070,0.883680,-0.089001,-1.486979,0.706320
-0.194039,-1.333038,0.767824,-0.236620,-1.217598,0.641429,-0.252923,-1.276796,0.341342,-0.298148,-1.353851,0.037278,-0.130961,-1.425389,0.631347,-0.055373,-1.330839,0.349438,-0.069079,-1.238010,0.046132,-0.202624,-1.336780,0.821081,-0.199876,-1.181166,1.046394,-0.215032,-1.156379,0.864554,-0.202496,-1.150203,0.680729,-0.131984,-1.453687,1.058397,-0.139161,-1.510071,0.883206,-0.092306,-1.492257,0.706215
-0.196882,-1.336529,0.767581,-0.236082,-1.219448,0.641621,-0.252537,-1.278072,0.341390,-0.298171,-1.353965,0.037092,-0.135515,-1.429730,0.630912,-0.056843,-1.334732,0.350051,-0.068657,-1.240335,0.047199,-0.205800,-1.340343,0.820777,-0.200253,-1.185249,1.046392,-0.215958,-1.162032,0.864389,-0.205326,-1.156997,0.680407,-0.136761,-1.458857,1.057767,-0.144074,-1.515286,0.882595,-0.095961,-1.497908,0.705891
-0.199677,-1.340116,0.767272,-0.235205,-1.221427,0.641748,-0.251890,-1.279392,0.341356,-0.298135,-1.354073,0.036849,-0.140280,-1.434287,0.630393,-0.059064,-1.338565,0.350531,-0.068285,-1.241750,0.048420,-0.208947,-1.343984,0.820402,-0.200536,-1.189457,1.046313,-0.216749,-1.167691,0.864171,-0.207663,-1.163765,0.680079,-0.141522,-1.464092,1.057054,-0.149035,-1.520594,0.881914,-0.099818,-1.503741,0.705456
-0.202367,-1.344210,0.767285,-0.233664,-1.224378,0.641712,-0.250805,-1.281124,0.341050,-0.298291,-1.354136,0.036331,-0.145902,-1.440302,0.630518,-0.060592,-1.343858,0.352039,-0.068743,-1.241288,0.051893,-0.211839,-1.347920,0.820397,-0.200471,-1.193951,1.046557,-0.217027,-1.172841,0.864355,-0.207647,-1.169477,0.680271,-0.145741,-1.469495,1.056673,-0.153869,-1.526082,0.881588,-0.104046,-1.510088,0.705217
-0.204910,-1.347784,0.767547,-0.232420,-1.227114,0.641895,-0.249954,-1.282827,0.341004,-0.298225,-1.354243,0.036025,-0.150505,-1.445362,0.631050,-0.057459,-1.351693,0.354014,-0.069655,-1.245268,0.055356,-0.214650,-1.351368,0.820625,-0.200433,-1.198138,1.047125,-0.217235,-1.177279,0.864903,-0.207308,-1.174201,0.680849,-0.149846,-1.474502,1.056452,-0.158595,-1.531063,0.881388,-0.108344,-1.515964,0.705058
-0.207160,-1.350316,0.768305,-0.231829,-1.229213,0.642517,-0.249829,-1.284279,0.341496,-0.298217,-1.354263,0.036191,-0.152979,-1.448681,0.632416,-0.045515,-1.364908,0.357337,-0.072391,-1.257054,0.060001,-0.217305,-1.353847,0.821318,-0.200459,-1.201681,1.048352,-0.217235,-1.180279,0.866181,-0.206194,-1.177008,0.682200,-0.153711,-1.478755,1.056540,-0.163079,-1.535061,0.881425,-0.112736,-1.520888,0.705042
-0.209143,-1.352742,0.769008,-0.231323,-1.231245,0.643182,-0.249787,-1.285667,0.342039,-0.298206,-1.354247,0.036406,-0.155288,-1.451753,0.633503,-0.036891,-1.381213,0.359040,-0.076760,-1.270991,0.063945,-0.219699,-1.356249,0.821948,-0.200256,-1.205147,1.049487,-0.216561,-1.182743,0.867392,-0.204310,-1.179249,0.683490,-0.157304,-1.482865,1.056577,-0.167468,-1.538959,0.881438,-0.117256,-1.525725,0.704942
-0.210993,-1.355116,0.769685,-0.230858,-1.233251,0.643874,-0.249783,-1.287014,0.342612,-0.298185,-1.354188,0.036649,-0.157516,-1.454694,0.634442,-0.030212,-1.399270,0.360292,-0.080981,-1.284491,0.068582,-0.221963,-1.358609,0.822545,-0.199952,-1.208607,1.050580,-0.215542,-1.184976,0.868580,-0.202037,-1.181277,0.684765,-0.160772,-1.486908,1.056578,-0.171819,-1.542792,0.881425,-0.121859,-1.530485,0.704788
-0.212271,-1.357363,0.770361,-0.230075,-1.235250,0.644539,-0.249606,-1.288372,0.343177,-0.298099,-1.354204,0.036923,-0.159324,-1.457518,0.635222,-0.028297,-1.419438,0.359654,-0.086789,-1.301814,0.070533,-0.223684,-1.360841,0.823132,-0.199192,-1.211967,1.051657,-0.213738,-1.186717,0.869796,-0.198822,-1.182827,0.686094,-0.163700,-1.490783,1.056570,-0.175484,-1.546515,0.881418,-0.126256,-1.535153,0.704515
-0.213489,-1.359786,0.771021,-0.229259,-1.237466,0.645179,-0.249359,-1.289804,0.343690,-0.298028,-1.354222,0.037150,-0.161263,-1.460576,0.635976,-0.027462,-1.439913,0.359682,-0.091231,-1.319175,0.072993,-0.225287,-1.363226,0.823714,-0.198362,-1.215468,1.052694,-0.211838,-1.188523,0.871002,-0.195358,-1.184474,0.687440,-0.166452,-1.494733,1.056567,-0.178966,-1.550360,0.881435,-0.130583,-1.539956,0.704241
-0.214586,-1.362562,0.771650,-0.228380,-1.240099,0.645747,-0.248975,-1.291406,0.344083,-0.297991,-1.354312,0.037273,-0.163455,-1.464106,0.636672,-0.028239,-1.460559,0.360169,-0.094975,-1.338612,0.074702,-0.226653,-1.365922,0.824291,-0.197355,-1.219178,1.053638,-0.209740,-1.190393,0.872156,-0.191358,-1.186225,0.688786,-0.168828,-1.498818,1.056607,-0.182066,-1.554473,0.881541,-0.134739,-1.545103,0.704001
-0.215470,-1.365465,0.772169,-0.227765,-1.242854,0.646267,-0.248488,-1.292775,0.344356,-0.298017,-1.354283,0.037340,-0.165147,-1.467508,0.637230,-0.028740,-1.479933,0.361529,-0.097752,-1.360905,0.075403,-0.227713,-1.368768,0.824776,-0.196256,-1.222941,1.054428,-0.207615,-1.192251,0.873192,-0.186998,-1.187753,0.690076,-0.170675,-1.502872,1.056593,-0.184741,-1.558621,0.881623,-0.138602,-1.550304,0.703708
-0.216249,-1.368430,0.772634,-0.227282,-1.245671,0.646763,-0.247937,-1.294033,0.344575,-0.298050,-1.354208,0.037385,-0.166587,-1.470846,0.637718,-0.029365,-1.498624,0.363560,-0.100720,-1.384625,0.075997,-0.228621,-1.371691,0.825215,-0.195115,-1.226742,1.055140,-0.205462,-1.194123,0.874179,-0.182421,-1.189201,0.691372,-0.172263,-1.506912,1.056549,-0.187212,-1.562782,0.881693,-0.142332,-1.555516,0.703395
-0.216417,-1.371577,0.772926,-0.226584,-1.248677,0.647125,-0.247403,-1.295515,0.344693,-0.297963,-1.354192,0.037283,-0.167110,-1.474182,0.638034,-0.029743,-1.514013,0.365578,-0.102368,-1.411107,0.074187,-0.228874,-1.374832,0.825489,-0.193842,-1.230752,1.055738,-0.203101,-1.196268,0.875060,-0.177343,-1.190707,0.692635,-0.173123,-1.511090,1.056361,-0.189058,-1.567079,0.881631,-0.145418,-1.560855,0.702984
-0.216397,-1.374777,0.773195,-0.225812,-1.251721,0.647491,-0.246878,-1.297048,0.344832,-0.297892,-1.354183,0.037201,-0.167523,-1.477539,0.638286,-0.030474,-1.528280,0.367655,-0.104084,-1.438203,0.072302,-0.228887,-1.378031,0.825753,-0.192455,-1.234817,1.056332,-0.200540,-1.198578,0.875938,-0.172166,-1.192364,0.693923,-0.173793,-1.515299,1.056183,-0.190679,-1.571375,0.881571,-0.148304,-1.566183,0.702584
-0.216002,-1.378082,0.773422,-0.224891,-1.254830,0.647863,-0.246388,-1.298680,0.345002,-0.297896,-1.354196,0.037149,-0.167718,-1.480937,0.638412,-0.031410,-1.540384,0.369404,-0.104862,-1.466577,0.069539,-0.228419,-1.381344,0.825997,-0.190829,-1.238969,1.056917,-0.197601,-1.201182,0.876783,-0.166840,-1.194277,0.695182,-0.174075,-1.519569,1.056033,-0.191838,-1.575682,0.881521,-0.150765,-1.571525,0.702202
-0.215205,-1.381472,0.773604,-0.223653,-1.257957,0.648261,-0.245876,-1.300507,0.345248,-0.297836,-1.354294,0.037157,-0.167805,-1.484394,0.638387,-0.032700,-1.551026,0.370704,-0.104957,-1.495524,0.066635,-0.227459,-1.384758,0.826217,-0.188962,-1.243244,1.057523,-0.194446,-1.204143,0.877623,-0.161487,-1.196668,0.696432,-0.173920,-1.523936,1.055867,-0.192494,-1.580002,0.881425,-0.152710,-1.576803,0.701794
-0.214208,-1.384904,0.773764,-0.222253,-1.261094,0.648672,-0.245341,-1.302429,0.345535,-0.297728,-1.354432,0.037200,-0.167839,-1.487877,0.638291,-0.034083,-1.561008,0.371871,-0.104064,-1.524743,0.064390,-0.226251,-1.388225,0.826424,-0.186978,-1.247582,1.058138,-0.191183,-1.207292,0.878462,-0.156117,-1.199317,0.697690,-0.173550,-1.528348,1.055692,-0.192903,-1.584323,0.881307,-0.154409,-1.582039,0.701380
-0.212738,-1.388599,0.773774,-0.220422,-1.264574,0.648859,-0.244744,-1.304537,0.345616,-0.297769,-1.354450,0.037036,-0.167661,-1.491739,0.638038,-0.036199,-1.570178,0.372198,-0.102523,-1.552999,0.062238,-0.224532,-1.391921,0.826491,-0.184486,-1.252089,1.058569,-0.187629,-1.210942,0.879063,-0.150628,-1.202807,0.698684,-0.172777,-1.532924,1.055435,-0.192773,-1.588718,0.881065,-0.155330,-1.587210,0.700904
-0.211116,-1.392459,0.773726,-0.218502,-1.268154,0.649054,-0.244008,-1.306626,0.345695,-0.297812,-1.354476,0.036917,-0.167434,-1.495688,0.637648,-0.038342,-1.579262,0.372393,-0.100361,-1.580219,0.061048,-0.222623,-1.395800,0.826507,-0.181920,-1.256702,1.058916,-0.184063,-1.214813,0.879564,-0.145216,-1.206613,0.699578,-0.171812,-1.537591,1.055175,-0.192421,-1.593200,0.880818,-0.155951,-1.592389,0.700449
-0.209187,-1.396650,0.773566,-0.216402,-1.271931,0.649269,-0.243011,-1.308689,0.345770,-0.297897,-1.354539,0.036875,-0.167105,-1.499817,0.636980,-0.040666,-1.588085,0.372118,-0.098056,-1.605580,0.060351,-0.220336,-1.400043,0.826419,-0.179200,-1.261524,1.059100,-0.180477,-1.219102,0.879863,-0.139973,-1.211001,0.700245,-0.170451,-1.542451,1.054908,-0.191608,-1.597867,0.880555,-0.155947,-1.597605,0.700022
-0.207086,-1.401221,0.773284,-0.214361,-1.276012,0.649450,-0.241991,-1.310839,0.345797,-0.297915,-1.354534,0.036772,-0.166575,-1.504165,0.636105,-0.042602,-1.596536,0.371602,-0.096392,-1.628829,0.060357,-0.217825,-1.404683,0.826215,-0.176178,-1.266549,1.059038,-0.176680,-1.223757,0.879883,-0.134740,-1.215934,0.700585,-0.168811,-1.547512,1.054631,-0.190563,-1.602817,0.880316,-0.155327,-1.602943,0.699695
-0.204897,-1.405983,0.772942,-0.212344,-1.280244,0.649617,-0.240949,-1.313037,0.345811,-0.297880,-1.354500,0.036658,-0.165946,-1.508620,0.635135,-0.044267,-1.604817,0.371032,-0.094643,-1.650815,0.060928,-0.215202,-1.409522,0.825952,-0.173006,-1.271672,1.058846,-0.172778,-1.228598,0.879757,-0.129517,-1.221151,0.700757,-0.167025,-1.552665,1.054349,-0.189398,-1.607904,0.880090,-0.154396,-1.608340,0.699418
-0.202392,-1.411411,0.772579,-0.210069,-1.285179,0.649752,-0.239809,-1.315539,0.345793,-0.297929,-1.354443,0.036525,-0.165064,-1.513715,0.633996,-0.049612,-1.610241,0.367309,-0.095484,-1.669179,0.058675,-0.212373,-1.415020,0.825641,-0.169709,-1.277068,1.058393,-0.168981,-1.233751,0.879365,-0.124844,-1.226791,0.700563,-0.164760,-1.558086,1.054206,-0.187660,-1.613319,0.880013,-0.152547,-1.613895,0.699367
-0.199719,-1.416987,0.772225,-0.207636,-1.290294,0.649868,-0.238586,-1.318161,0.345782,-0.297961,-1.354440,0.036429,-0.164146,-1.518994,0.632867,-0.055504,-1.615025,0.363203,-0.095414,-1.684027,0.055813,-0.209369,-1.420650,0.825340,-0.166295,-1.282541,1.057926,-0.165058,-1.239052,0.878944,-0.120314,-1.232541,0.700278,-0.162427,-1.563581,1.054128,-0.185714,-1.618756,0.879967,-0.150427,-1.619477,0.699359
-0.196709,-1.422858,0.771890,-0.204892,-1.295766,0.649946,-0.237214,-1.321024,0.345762,-0.297989,-1.354543,0.036363,-0.163150,-1.524649,0.631749,-0.062851,-1.618505,0.358137,-0.095528,-1.693226,0.051221,-0.206014,-1.426546,0.825060,-0.162643,-1.288168,1.057432,-0.160882,-1.244642,0.878467,-0.116057,-1.238490,0.699811,-0.159965,-1.569228,1.054184,-0.183356,-1.624240,0.879985,-0.147771,-1.625115,0.699434
-0.193529,-1.428985,0.771725,-0.201920,-1.301694,0.649986,-0.235706,-1.324066,0.345723,-0.298010,-1.354560,0.036309,-0.162008,-1.530794,0.631017,-0.069521,-1.622125,0.353819,-0.096047,-1.697337,0.046429,-0.202487,-1.432630,0.824954,-0.158870,-1.293808,1.057015,-0.156694,-1.250421,0.878023,-0.112182,-1.244447,0.699282,-0.157271,-1.574884,1.054509,-0.180583,-1.629649,0.880220,-0.144581,-1.630735,0.699752
-0.190264,-1.435241,0.771645,-0.198835,-1.307849,0.650006,-0.234113,-1.327194,0.345693,-0.297995,-1.354526,0.036298,-0.160796,-1.537179,0.630492,-0.075914,-1.625781,0.349982,-0.097051,-1.699475,0.041810,-0.198873,-1.438809,0.824932,-0.155037,-1.299453,1.056632,-0.152503,-1.256295,0.877591,-0.108496,-1.250402,0.698720,-0.154455,-1.580540,1.054967,-0.177594,-1.635020,0.880564,-0.141116,-1.636346,0.700191
-0.186924,-1.441778,0.772247,-0.195575,-1.314783,0.650184,-0.232354,-1.330688,0.345836,-0.297954,-1.354544,0.036502,-0.159144,-1.544394,0.631196,-0.079119,-1.629395,0.348145,-0.097382,-1.700319,0.039140,-0.195224,-1.445126,0.825599,-0.150904,-1.305219,1.056876,-0.148036,-1.262590,0.877714,-0.104800,-1.256788,0.698646,-0.151348,-1.586310,1.056073,-0.173990,-1.640449,0.881497,-0.136928,-1.642022,0.701241
-0.183592,-1.448404,0.772998,-0.192322,-1.321969,0.650349,-0.230555,-1.334296,0.346003,-0.297879,-1.354591,0.036773,-0.157339,-1.551852,0.632220,-0.081818,-1.633055,0.346814,-0.097643,-1.701055,0.037019,-0.191616,-1.451491,0.826409,-0.146761,-1.310995,1.057227,-0.143612,-1.268992,0.877924,-0.101187,-1.263274,0.698654,-0.148127,-1.592083,1.057317,-0.170235,-1.645942,0.882585,-0.132528,-1.647735,0.702464
-0.180277,-1.455210,0.774046,-0.189077,-1.329659,0.650489,-0.228715,-1.338139,0.346184,-0.297820,-1.354715,0.037109,-0.155225,-1.559808,0.633864,-0.083442,-1.636866,0.346342,-0.097656,-1.701559,0.035760,-0.188092,-1.457951,0.827511,-0.142600,-1.316794,1.057802,-0.139270,-1.275603,0.878314,-0.097745,-1.269968,0.698830,-0.144687,-1.597875,1.058840,-0.166196,-1.651565,0.883980,-0.127716,-1.653518,0.704026
-0.177038,-1.462035,0.775147,-0.185940,-1.337584,0.650484,-0.226910,-1.342075,0.346265,-0.297788,-1.354868,0.037397,-0.152988,-1.567976,0.635765,-0.084865,-1.640669,0.346212,-0.097633,-1.701937,0.034873,-0.184683,-1.464388,0.828661,-0.138472,-1.322748,1.058514,-0.135078,-1.282396,0.878835,-0.094459,-1.276903,0.699141,-0.141366,-1.603818,1.060305,-0.162098,-1.657391,0.885315,-0.122817,-1.659520,0.705538
-0.173837,-1.468869,0.776274,-0.182860,-1.345634,0.650415,-0.225119,-1.346063,0.346336,-0.297760,-1.355042,0.037726,-0.150690,-1.576244,0.637806,-0.086259,-1.644462,0.346314,-0.097720,-1.702226,0.034255,-0.181332,-1.470813,0.829833,-0.134365,-1.328781,1.059291,-0.130961,-1.289283,0.879422,-0.091250,-1.283962,0.699522,-0.138113,-1.609836,1.061740,-0.157973,-1.663321,0.886622,-0.117871,-1.665638,0.707031
-0.170649,-1.475503,0.777253,-0.179881,-1.353634,0.650073,-0.223175,-1.349810,0.346159,-0.297711,-1.355099,0.037902,-0.148444,-1.584446,0.639835,-0.087367,-1.648200,0.346603,-0.097693,-1.702393,0.033865,-0.177945,-1.477021,0.830861,-0.130173,-1.334894,1.060092,-0.127104,-1.296449,0.879987,-0.088208,-1.291683,0.699891,-0.134847,-1.615932,1.062859,-0.153826,-1.669512,0.887673,-0.112716,-1.672022,0.708312
-0.167484,-1.482086,0.778076,-0.176894,-1.361602,0.649566,-0.220467,-1.352932,0.345789,-0.297636,-1.355148,0.038143,-0.146150,-1.592585,0.641745,-0.088231,-1.651933,0.346940,-0.097755,-1.702498,0.033569,-0.174581,-1.483184,0.831727,-0.126128,-1.341002,1.060778,-0.123400,-1.303720,0.880420,-0.085163,-1.299645,0.700165,-0.131561,-1.622023,1.063784,-0.149726,-1.675860,0.888590,-0.107515,-1.678574,0.709489
-0.164365,-1.488566,0.778585,-0.173880,-1.369495,0.648716,-0.216251,-1.354802,0.345003,-0.297551,-1.355210,0.038436,-0.143760,-1.600609,0.643393,-0.088491,-1.655682,0.347240,-0.097784,-1.702531,0.033284,-0.171265,-1.489258,0.832275,-0.122363,-1.347099,1.061243,-0.119999,-1.311198,0.880596,-0.082109,-1.308081,0.700243,-0.128212,-1.628111,1.064320,-0.145713,-1.682514,0.889232,-0.102228,-1.685440,0.710443
-0.161253,-1.494980,0.778799,-0.170852,-1.377516,0.647424,-0.211733,-1.356378,0.343898,-0.297509,-1.355139,0.038580,-0.141102,-1.608703,0.644928,-0.088629,-1.659429,0.347478,-0.097709,-1.702593,0.032988,-0.168027,-1.495237,0.832514,-0.118818,-1.353214,1.061498,-0.116765,-1.318729,0.880567,-0.078881,-1.316732,0.700194,-0.124989,-1.634221,1.064484,-0.141804,-1.689381,0.889565,-0.097022,-1.692597,0.711107
-0.158146,-1.501362,0.778864,-0.167815,-1.385614,0.645928,-0.207095,-1.357830,0.342741,-0.297538,-1.355058,0.038808,-0.138307,-1.616821,0.646422,-0.088774,-1.663175,0.347741,-0.097719,-1.702674,0.032766,-0.164831,-1.501168,0.832594,-0.115391,-1.359339,1.061646,-0.113618,-1.326288,0.880440,-0.075564,-1.325483,0.700092,-0.121839,-1.640341,1.064461,-0.137952,-1.696354,0.889748,-0.091856,-1.699898,0.711635
-0.155102,-1.507837,0.778540,-0.164665,-1.394064,0.643858,-0.202205,-1.359290,0.341192,-0.297503,-1.354989,0.038793,-0.135264,-1.625226,0.647778,-0.089358,-1.666904,0.347812,-0.097559,-1.702766,0.032382,-0.161832,-1.507143,0.832260,-0.112124,-1.365537,1.061392,-0.110554,-1.333849,0.879936,-0.071996,-1.334340,0.699697,-0.118718,-1.646537,1.063974,-0.134189,-1.703498,0.889508,-0.086914,-1.707555,0.711723
-0.152099,-1.514383,0.778142,-0.161557,-1.402617,0.641736,-0.197337,-1.360806,0.339770,-0.297484,-1.355000,0.038995,-0.132370,-1.633699,0.649097,-0.090173,-1.670649,0.347950,-0.097563,-1.702827,0.032103,-0.158841,-1.513184,0.831850,-0.108944,-1.371774,1.061062,-0.107462,-1.341412,0.879375,-0.068368,-1.343206,0.699262,-0.115616,-1.652774,1.063427,-0.130398,-1.710637,0.889198,-0.082034,-1.715250,0.711726
-0.149177,-1.521070,0.777597,-0.158545,-1.411351,0.639484,-0.192442,-1.362392,0.338396,-0.297391,-1.355052,0.039325,-0.129773,-1.642327,0.650308,-0.091286,-1.674411,0.348090,-0.097582,-1.702796,0.031856,-0.155861,-1.519358,0.831294,-0.105905,-1.378089,1.060581,-0.104296,-1.348981,0.878687,-0.064619,-1.352119,0.698722,-0.112528,-1.659090,1.062768,-0.126549,-1.717770,0.888749,-0.077291,-1.723029,0.711541
-0.146291,-1.527777,0.776876,-0.155311,-1.419955,0.637216,-0.187590,-1.364096,0.337168,-0.297226,-1.355148,0.039850,-0.127343,-1.650839,0.651248,-0.092497,-1.678119,0.348103,-0.097629,-1.702715,0.031531,-0.152956,-1.525585,0.830550,-0.103059,-1.384404,1.059907,-0.101217,-1.356302,0.877857,-0.060846,-1.360727,0.698074,-0.109643,-1.665406,1.061977,-0.122793,-1.724701,0.888098,-0.072822,-1.730571,0.711110
-0.143422,-1.534493,0.776067,-0.151969,-1.428502,0.634951,-0.182759,-1.365894,0.336094,-0.296998,-1.355349,0.040586,-0.125001,-1.659282,0.652064,-0.093768,-1.681777,0.348119,-0.097710,-1.702582,0.031258,-0.150088,-1.531838,0.829711,-0.100304,-1.390719,1.059133,-0.098179,-1.363498,0.876953,-0.057065,-1.369184,0.697375,-0.106852,-1.671721,1.061117,-0.119080,-1.731532,0.887348,-0.068489,-1.737995,0.710556
-0.140894,-1.541263,0.775304,-0.148936,-1.436714,0.633055,-0.178065,-1.367504,0.335515,-0.296749,-1.355239,0.041827,-0.122795,-1.667386,0.652606,-0.093117,-1.685757,0.348219,-0.097731,-1.702563,0.031130,-0.147560,-1.538234,0.828920,-0.097626,-1.397031,1.058262,-0.095008,-1.370445,0.875997,-0.053121,-1.377249,0.696635,-0.104120,-1.678031,1.060344,-0.115498,-1.738173,0.886632,-0.064317,-1.744955,0.710019
-0.138482,-1.548027,0.774651,-0.146023,-1.444731,0.631431,-0.173438,-1.369137,0.335314,-0.296406,-1.355144,0.043458,-0.120612,-1.675286,0.653095,-0.092364,-1.689656,0.348348,-0.097774,-1.702539,0.031090,-0.145166,-1.544674,0.828237,-0.095035,-1.403338,1.057462,-0.091877,-1.377295,0.875129,-0.049169,-1.385149,0.696003,-0.101376,-1.684338,1.059679,-0.111931,-1.744756,0.886011,-0.060201,-1.751700,0.709561
-0.136306,-1.554776,0.774215,-0.143346,-1.452339,0.630327,-0.168914,-1.370739,0.335682,-0.295866,-1.354879,0.045598,-0.118468,-1.682801,0.653459,-0.091373,-1.693425,0.348444,-0.097803,-1.702536,0.031077,-0.143042,-1.551199,0.827775,-0.092624,-1.409638,1.056808,-0.088829,-1.383949,0.874439,-0.045196,-1.392715,0.695580,-0.098614,-1.690640,1.059235,-0.108394,-1.751224,0.885581,-0.056198,-1.758016,0.709262
-0.134350,-1.561567,0.774012,-0.141057,-1.459585,0.629758,-0.164796,-1.372677,0.336520,-0.295010,-1.355032,0.047943,-0.116468,-1.689989,0.653682,-0.090415,-1.697029,0.348464,-0.097833,-1.702527,0.031038,-0.141112,-1.557859,0.827557,-0.090321,-1.415871,1.056255,-0.085853,-1.390393,0.873874,-0.041348,-1.399878,0.695270,-0.095721,-1.696876,1.059091,-0.104849,-1.757549,0.885434,-0.052258,-1.763941,0.709215
-0.132503,-1.568379,0.773924,-0.138961,-1.466647,0.629458,-0.160907,-1.374785,0.337632,-0.294047,-1.355394,0.050454,-0.114538,-1.697015,0.653833,-0.089482,-1.700554,0.348463,-0.097881,-1.702519,0.031023,-0.139278,-1.564587,0.827462,-0.088074,-1.422068,1.055751,-0.082915,-1.396730,0.873372,-0.037566,-1.406837,0.695018,-0.092765,-1.703075,1.059095,-0.101302,-1.763796,0.885426,-0.048357,-1.769661,0.709294
-0.130662,-1.575388,0.773887,-0.137130,-1.473768,0.629321,-0.157595,-1.377210,0.338936,-0.293066,-1.356158,0.052923,-0.112501,-1.704086,0.653892,-0.088494,-1.704080,0.348407,-0.097874,-1.702514,0.030997,-0.137417,-1.571527,0.827425,-0.085939,-1.428143,1.055122,-0.080264,-1.402691,0.872776,-0.034135,-1.413088,0.694639,-0.089741,-1.709147,1.059347,-0.097408,-1.769626,0.885557,-0.044421,-1.774607,0.709409
-0.128869,-1.582375,0.773807,-0.135420,-1.480878,0.629137,-0.154389,-1.379630,0.340278,-0.292111,-1.357154,0.055418,-0.110435,-1.711130,0.653913,-0.087513,-1.707575,0.348354,-0.097884,-1.702500,0.031016,-0.135601,-1.578441,0.827344,-0.083850,-1.434127,1.054404,-0.077624,-1.408539,0.872098,-0.030760,-1.419188,0.694168,-0.086690,-1.715121,1.059573,-0.093494,-1.775295,0.885645,-0.040475,-1.779337,0.709480
-0.127172,-1.589318,0.773637,-0.133953,-1.487969,0.628855,-0.151348,-1.382017,0.341611,-0.291125,-1.358576,0.057818,-0.108311,-1.718119,0.653858,-0.086532,-1.711007,0.348263,-0.097894,-1.702462,0.031039,-0.133871,-1.585304,0.827176,-0.081849,-1.439931,1.053513,-0.075001,-1.414163,0.871257,-0.027489,-1.424988,0.693511,-0.083586,-1.720905,1.059751,-0.089533,-1.780652,0.885649,-0.036495,-1.783640,0.709463
-0.125744,-1.595966,0.773302,-0.132898,-1.494796,0.628394,-0.148204,-1.384392,0.342727,-0.289837,-1.361634,0.059824,-0.106118,-1.724782,0.653661,-0.085492,-1.714256,0.348066,-0.097891,-1.702446,0.030991,-0.132435,-1.591889,0.826839,-0.080203,-1.445542,1.052518,-0.072692,-1.419500,0.870331,-0.024560,-1.430359,0.692756,-0.080501,-1.726493,1.059640,-0.085713,-1.785717,0.885338,-0.032573,-1.787492,0.709164
-0.124452,-1.602467,0.772886,-0.132047,-1.501489,0.627849,-0.145102,-1.386739,0.343801,-0.288460,-1.365564,0.061690,-0.103891,-1.731275,0.653393,-0.084458,-1.717422,0.347831,-0.097949,-1.702460,0.030941,-0.131146,-1.598335,0.826419,-0.078738,-1.451055,1.051469,-0.070546,-1.424687,0.869362,-0.021811,-1.435503,0.691951,-0.077431,-1.731974,1.059381,-0.081975,-1.790622,0.884867,-0.028703,-1.791101,0.708725
-0.123519,-1.608348,0.772136,-0.131290,-1.507862,0.626758,-0.142221,-1.390432,0.343768,-0.288045,-1.370513,0.062962,-0.101844,-1.737394,0.653095,-0.083500,-1.720354,0.347605,-0.097936,-1.702396,0.030919,-0.130325,-1.604117,0.825647,-0.077549,-1.456225,1.050233,-0.068610,-1.429533,0.868213,-0.019392,-1.440243,0.690925,-0.074727,-1.737112,1.058546,-0.078516,-1.795205,0.883830,-0.024954,-1.794430,0.707783
-0.122705,-1.613976,0.771341,-0.130510,-1.514001,0.625609,-0.139589,-1.395472,0.343095,-0.288758,-1.375800,0.064161,-0.099845,-1.743272,0.652793,-0.082596,-1.723178,0.347402,-0.097975,-1.702349,0.030943,-0.129681,-1.609654,0.824820,-0.076551,-1.461286,1.049033,-0.066875,-1.434332,0.867093,-0.017254,-1.444930,0.689910,-0.072215,-1.742136,1.057570,-0.075129,-1.799717,0.882669,-0.021337,-1.797738,0.706709
-0.122128,-1.619099,0.770453,-0.129688,-1.519674,0.624331,-0.137099,-1.403141,0.341075,-0.290988,-1.381239,0.064985,-0.097946,-1.748681,0.652480,-0.081734,-1.725772,0.347210,-0.097986,-1.702302,0.030986,-0.129390,-1.614703,0.823883,-0.075928,-1.466131,1.047909,-0.065532,-1.439047,0.866032,-0.015661,-1.449534,0.688917,-0.070073,-1.746946,1.056320,-0.071862,-1.804105,0.881269,-0.017940,-1.801037,0.705373
-0.121849,-1.623860,0.769795,-0.128928,-1.524725,0.623453,-0.133741,-1.411727,0.338821,-0.294788,-1.390616,0.066879,-0.096178,-1.753514,0.652217,-0.080897,-1.728112,0.347076,-0.097999,-1.702297,0.031087,-0.129501,-1.619477,0.823168,-0.075840,-1.470874,1.047153,-0.064682,-1.443747,0.865332,-0.014671,-1.454115,0.688249,-0.068337,-1.751650,1.055181,-0.069022,-1.808422,0.880000,-0.015066,-1.804564,0.704133
-0.121718,-1.628440,0.769252,-0.128198,-1.529462,0.622778,-0.129710,-1.420684,0.336551,-0.298975,-1.400820,0.069649,-0.094478,-1.758055,0.651985,-0.080085,-1.730334,0.346986,-0.098031,-1.702337,0.031235,-0.129812,-1.624116,0.822562,-0.076020,-1.475557,1.046573,-0.064082,-1.448432,0.864806,-0.013983,-1.458670,0.687737,-0.066797,-1.756283,1.054097,-0.066390,-1.812684,0.878797,-0.012447,-1.808192,0.702941
-0.121753,-1.632586,0.769068,-0.127990,-1.533450,0.622693,-0.125761,-1.429997,0.334532,-0.305684,-1.419196,0.074284,-0.093147,-1.761891,0.651787,-0.079341,-1.732119,0.346935,-0.098031,-1.702152,0.031413,-0.130161,-1.628398,0.822339,-0.076460,-1.479975,1.046484,-0.063990,-1.453304,0.864689,-0.013977,-1.463648,0.687599,-0.065630,-1.760649,1.053418,-0.064515,-1.816955,0.878091,-0.010521,-1.812043,0.702266
-0.121798,-1.636600,0.768995,-0.128030,-1.537214,0.622792,-0.122316,-1.439578,0.332671,-0.312436,-1.438845,0.079674,-0.091885,-1.765492,0.651589,-0.078644,-1.733807,0.346884,-0.098046,-1.702019,0.031589,-0.130461,-1.632581,0.822237,-0.077008,-1.484340,1.046582,-0.064078,-1.458162,0.864751,-0.014107,-1.468764,0.687662,-0.064529,-1.764954,1.052857,-0.062829,-1.821193,0.877514,-0.008762,-1.815940,0.701723
-0.121862,-1.640352,0.769142,-0.128562,-1.540538,0.623253,-0.120126,-1.449798,0.330969,-0.319572,-1.462835,0.085726,-0.090757,-1.768632,0.651379,-0.078012,-1.735285,0.346811,-0.098040,-1.701951,0.031720,-0.130664,-1.636561,0.822379,-0.077771,-1.488613,1.047065,-0.064522,-1.463005,0.865180,-0.014514,-1.474172,0.688135,-0.063564,-1.769158,1.052534,-0.061530,-1.825395,0.877192,-0.007341,-1.819954,0.701445
-0.121961,-1.643958,0.769494,-0.129650,-1.543615,0.624016,-0.119475,-1.461086,0.329357,-0.326226,-1.489564,0.091655,-0.089636,-1.771446,0.651202,-0.077419,-1.736593,0.346759,-0.098011,-1.701934,0.031850,-0.130816,-1.640437,0.822742,-0.078703,-1.492805,1.047830,-0.065210,-1.467778,0.865887,-0.015066,-1.479806,0.688937,-0.062704,-1.773266,1.052463,-0.060554,-1.829571,0.877142,-0.006301,-1.824000,0.701422
-0.122077,-1.647492,0.769948,-0.131019,-1.546580,0.624934,-0.119532,-1.472964,0.327960,-0.332239,-1.517697,0.098187,-0.088525,-1.774088,0.651042,-0.076854,-1.737808,0.346721,-0.097979,-1.701937,0.031987,-0.130939,-1.644260,0.823216,-0.079713,-1.496961,1.048735,-0.066012,-1.472518,0.866734,-0.015682,-1.485553,0.689908,-0.061893,-1.777324,1.052517,-0.059734,-1.833735,0.877227,-0.005444,-1.828063,0.701526
-0.122159,-1.650994,0.770316,-0.132941,-1.549606,0.625757,-0.121584,-1.487585,0.326129,-0.337148,-1.547545,0.102488,-0.087142,-1.776592,0.650776,-0.076200,-1.738852,0.346575,-0.097939,-1.701816,0.032023,-0.130991,-1.648054,0.823609,-0.081130,-1.500901,1.049534,-0.067350,-1.476993,0.867474,-0.016686,-1.491246,0.690836,-0.061116,-1.781127,1.052638,-0.059598,-1.837836,0.877434,-0.005347,-1.832015,0.701727
-0.122306,-1.654357,0.770670,-0.135167,-1.552579,0.626553,-0.123877,-1.503381,0.324542,-0.340958,-1.577525,0.106615,-0.085713,-1.778910,0.650510,-0.075485,-1.739805,0.346422,-0.097900,-1.701721,0.032048,-0.131080,-1.651709,0.823990,-0.082695,-1.504743,1.050362,-0.068859,-1.481294,0.868252,-0.017849,-1.496682,0.691809,-0.060439,-1.784811,1.052751,-0.059605,-1.841792,0.877627,-0.005486,-1.835852,0.701888
-0.122584,-1.657443,0.770995,-0.137995,-1.555431,0.627295,-0.126707,-1.521410,0.323196,-0.343095,-1.607987,0.109122,-0.084181,-1.780869,0.650238,-0.074628,-1.740574,0.346241,-0.097829,-1.701658,0.032031,-0.131247,-1.655082,0.824349,-0.084559,-1.508379,1.051247,-0.070721,-1.485243,0.869103,-0.019346,-1.501605,0.692855,-0.059962,-1.788262,1.052848,-0.059908,-1.845454,0.877786,-0.006117,-1.839444,0.701961
-0.122961,-1.660421,0.771223,-0.141318,-1.558366,0.627902,-0.130277,-1.540676,0.322409,-0.343689,-1.638260,0.110004,-0.082684,-1.782693,0.649900,-0.073678,-1.741232,0.345992,-0.097831,-1.701478,0.031964,-0.131436,-1.658332,0.824619,-0.086600,-1.511925,1.052082,-0.072758,-1.488996,0.869917,-0.021072,-1.506018,0.693822,-0.059446,-1.791582,1.052838,-0.060371,-1.848944,0.877830,-0.007213,-1.842857,0.701817
-0.123386,-1.663346,0.771402,-0.144886,-1.561384,0.628457,-0.133961,-1.560630,0.322450,-0.342949,-1.668852,0.110718,-0.081220,-1.784425,0.649524,-0.072695,-1.741790,0.345707,-0.097874,-1.701176,0.031876,-0.131633,-1.661516,0.824844,-0.088718,-1.515441,1.052889,-0.074870,-1.492662,0.870711,-0.022901,-1.510184,0.694747,-0.058903,-1.794834,1.052771,-0.060909,-1.852359,0.877822,-0.008538,-1.846204,0.701571
-0.124022,-1.666327,0.771426,-0.148980,-1.564851,0.628712,-0.140101,-1.579892,0.323003,-0.341079,-1.698095,0.108772,-0.079939,-1.786345,0.649173,-0.071006,-1.742774,0.345443,-0.097698,-1.701270,0.031863,-0.131986,-1.664674,0.824917,-0.091054,-1.518808,1.053459,-0.077106,-1.496146,0.871276,-0.025053,-1.513569,0.695329,-0.058590,-1.797909,1.052662,-0.061711,-1.855580,0.877774,-0.010441,-1.849447,0.701196
-0.124758,-1.669308,0.771397,-0.153461,-1.568502,0.628932,-0.147059,-1.598901,0.324298,-0.338028,-1.727153,0.106602,-0.078798,-1.788228,0.648761,-0.069025,-1.743785,0.345118,-0.097573,-1.701312,0.031845,-0.132362,-1.667802,0.824944,-0.093402,-1.522114,1.053944,-0.079319,-1.499549,0.871763,-0.027255,-1.516675,0.695791,-0.058264,-1.800894,1.052531,-0.062573,-1.858738,0.877722,-0.012432,-1.852632,0.700817
-0.125694,-1.672285,0.771260,-0.158720,-1.572460,0.629073,-0.156072,-1.617309,0.326160,-0.333580,-1.754947,0.102726,-0.077917,-1.790075,0.648230,-0.066434,-1.744893,0.344684,-0.097521,-1.701292,0.031828,-0.132788,-1.670871,0.824880,-0.095795,-1.525270,1.054264,-0.081508,-1.502766,0.872092,-0.029581,-1.519204,0.696015,-0.057927,-1.803694,1.052360,-0.063565,-1.861750,0.877655,-0.014604,-1.855662,0.700419
-0.126712,-1.675616,0.771053,-0.164106,-1.577215,0.628997,-0.165959,-1.633960,0.328062,-0.328303,-1.778958,0.097730,-0.077164,-1.792493,0.647859,-0.065464,-1.745911,0.344453,-0.097468,-1.701180,0.031859,-0.133291,-1.674201,0.824736,-0.098355,-1.528548,1.054415,-0.083698,-1.506034,0.872277,-0.032041,-1.521488,0.696031,-0.057546,-1.806557,1.052183,-0.064619,-1.864876,0.877614,-0.016861,-1.858820,0.700049
-0.127770,-1.679123,0.770810,-0.169528,-1.582427,0.628852,-0.176019,-1.649869,0.330176,-0.322250,-1.800342,0.092570,-0.076482,-1.795173,0.647556,-0.065366,-1.746859,0.344313,-0.097523,-1.700988,0.031904,-0.133835,-1.677654,0.824550,-0.100997,-1.531899,1.054481,-0.085886,-1.509331,0.872389,-0.034574,-1.523644,0.695948,-0.057150,-1.809445,1.052000,-0.065710,-1.868073,0.877597,-0.019165,-1.862076,0.699706
-0.128681,-1.683427,0.770552,-0.173681,-1.588670,0.628323,-0.184464,-1.659017,0.330399,-0.319097,-1.812190,0.087811,-0.075486,-1.799041,0.647697,-0.067774,-1.747979,0.344720,-0.097415,-1.701048,0.032202,-0.134512,-1.681833,0.824309,-0.103886,-1.535665,1.054296,-0.088243,-1.512936,0.872272,-0.037286,-1.525921,0.695624,-0.056536,-1.812636,1.051882,-0.066761,-1.871606,0.877678,-0.021500,-1.865682,0.699453
-0.129654,-1.687863,0.770262,-0.177610,-1.595048,0.627761,-0.191892,-1.667049,0.330337,-0.316924,-1.821309,0.083456,-0.074418,-1.802959,0.647824,-0.069587,-1.749293,0.345155,-0.097417,-1.701160,0.032641,-0.135311,-1.686145,0.824029,-0.106951,-1.539469,1.053998,-0.090761,-1.516484,0.872058,-0.040083,-1.528081,0.695230,-0.055928,-1.815788,1.051775,-0.067773,-1.875122,0.877791,-0.023827,-1.869286,0.699235
-0.130752,-1.692563,0.769909,-0.181144,-1.601602,0.627077,-0.197644,-1.672602,0.329494,-0.316651,-1.826825,0.079793,-0.073199,-1.807015,0.647938,-0.070077,-1.750891,0.345606,-0.097393,-1.701178,0.033292,-0.136351,-1.690731,0.823676,-0.110376,-1.543318,1.053473,-0.093607,-1.519911,0.871642,-0.043048,-1.530009,0.694685,-0.055324,-1.818864,1.051694,-0.068706,-1.878570,0.877945,-0.026135,-1.872811,0.699057
-0.132256,-1.697148,0.769829,-0.185256,-1.607500,0.627093,-0.200769,-1.677568,0.329237,-0.314957,-1.831813,0.077435,-0.072543,-1.810358,0.647743,-0.070523,-1.752225,0.345694,-0.097364,-1.701252,0.033539,-0.137662,-1.695322,0.823617,-0.114232,-1.547143,1.053212,-0.097084,-1.523031,0.871510,-0.046544,-1.531421,0.694458,-0.054765,-1.821771,1.051903,-0.069589,-1.881698,0.878342,-0.028711,-1.875956,0.699064
-0.133963,-1.701676,0.769885,-0.189652,-1.613099,0.627469,-0.202592,-1.682122,0.329266,-0.312497,-1.836456,0.075723,-0.072198,-1.813319,0.647386,-0.070979,-1.753357,0.345601,-0.097359,-1.701234,0.033593,-0.139108,-1.699912,0.823705,-0.118319,-1.550991,1.053090,-0.100907,-1.526016,0.871532,-0.050361,-1.532579,0.694405,-0.054251,-1.824581,1.052251,-0.070466,-1.884674,0.878868,-0.031436,-1.878944,0.699181
-0.136032,-1.706392,0.769740,-0.194326,-1.619089,0.627585,-0.208192,-1.688866,0.329631,-0.313018,-1.839335,0.071717,-0.072473,-1.816723,0.646978,-0.072011,-1.754709,0.345524,-0.097268,-1.701254,0.033641,-0.140944,-1.704637,0.823584,-0.122894,-1.554925,1.052698,-0.105412,-1.528850,0.871301,-0.054507,-1.533532,0.694214,-0.054194,-1.827388,1.052462,-0.071215,-1.887408,0.879129,-0.034372,-1.881651,0.698980
-0.138263,-1.711150,0.769614,-0.199026,-1.625031,0.627776,-0.213926,-1.695457,0.330061,-0.313919,-1.841443,0.067741,-0.073020,-1.820114,0.646527,-0.073214,-1.756053,0.345420,-0.097246,-1.701234,0.033669,-0.142957,-1.709421,0.823482,-0.127561,-1.558974,1.052318,-0.110165,-1.531714,0.871087,-0.058874,-1.534509,0.694070,-0.054279,-1.830237,1.052654,-0.071957,-1.890156,0.879352,-0.037276,-1.884382,0.698769
-0.140820,-1.715988,0.769526,-0.203812,-1.630814,0.628100,-0.219988,-1.701656,0.330592,-0.315608,-1.842095,0.063681,-0.074078,-1.823527,0.646001,-0.074655,-1.757449,0.345258,-0.097194,-1.701238,0.033633,-0.145320,-1.714330,0.823418,-0.132393,-1.563183,1.051954,-0.115358,-1.534603,0.870889,-0.063573,-1.535519,0.694001,-0.054613,-1.833188,1.052822,-0.072644,-1.892913,0.879490,-0.040072,-1.887086,0.698511
-0.143412,-1.720908,0.769487,-0.208152,-1.636283,0.628539,-0.225842,-1.707764,0.331297,-0.316795,-1.842930,0.060074,-0.075481,-1.827089,0.645447,-0.075763,-1.759085,0.345077,-0.097135,-1.701291,0.033652,-0.147784,-1.719369,0.823398,-0.137177,-1.567614,1.051651,-0.120758,-1.537640,0.870752,-0.068420,-1.536692,0.694030,-0.055316,-1.836407,1.053035,-0.073424,-1.895868,0.879622,-0.042691,-1.889903,0.698322
-0.146021,-1.725868,0.769471,-0.212270,-1.641600,0.629035,-0.231573,-1.713848,0.332099,-0.317642,-1.843884,0.056802,-0.077062,-1.830722,0.644883,-0.076711,-1.760823,0.344899,-0.097084,-1.701334,0.033720,-0.150297,-1.724473,0.823399,-0.141953,-1.572174,1.051381,-0.126289,-1.540777,0.870652,-0.073379,-1.537950,0.694124,-0.056227,-1.839757,1.053274,-0.074272,-1.898913,0.879752,-0.045232,-1.892785,0.698175
-0.148811,-1.730600,0.769409,-0.216053,-1.646163,0.629576,-0.236973,-1.719802,0.333095,-0.317691,-1.845540,0.054168,-0.079513,-1.834445,0.644180,-0.077994,-1.762681,0.344616,-0.097073,-1.701356,0.033705,-0.152978,-1.729367,0.823355,-0.146481,-1.576739,1.051161,-0.131984,-1.544013,0.870565,-0.078845,-1.539364,0.694143,-0.057930,-1.843402,1.053451,-0.075362,-1.902152,0.879732,-0.047352,-1.895609,0.698002
-0.151633,-1.735296,0.769319,-0.219743,-1.650605,0.630091,-0.242203,-1.725619,0.334070,-0.317662,-1.847058,0.051747,-0.082134,-1.838219,0.643457,-0.079336,-1.764588,0.344338,-0.097086,-1.701384,0.033717,-0.155687,-1.734221,0.823282,-0.150900,-1.581349,1.050948,-0.137695,-1.547367,0.870478,-0.084528,-1.540889,0.694123,-0.059900,-1.847188,1.053596,-0.076622,-1.905537,0.879676,-0.049328,-1.898512,0.697853
-0.154516,-1.739920,0.769174,-0.223248,-1.654792,0.630547,-0.247134,-1.731130,0.334977,-0.317584,-1.848361,0.049551,-0.085083,-1.842100,0.642689,-0.080775,-1.766622,0.344042,-0.097108,-1.701481,0.033738,-0.158454,-1.738992,0.823152,-0.155069,-1.586009,1.050740,-0.143384,-1.550903,0.870374,-0.090569,-1.542629,0.693993,-0.062360,-1.851260,1.053679,-0.078184,-1.909228,0.879550,-0.050994,-1.901552,0.697740
-0.157439,-1.744560,0.768905,-0.226524,-1.658852,0.630835,-0.251532,-1.735950,0.335556,-0.317769,-1.849182,0.047485,-0.088099,-1.846057,0.641841,-0.081654,-1.768802,0.343687,-0.097153,-1.701541,0.033789,-0.161306,-1.743785,0.822894,-0.159050,-1.590686,1.050388,-0.148921,-1.554654,0.870103,-0.096857,-1.544587,0.693598,-0.065106,-1.855506,1.053641,-0.080101,-1.913299,0.879383,-0.052372,-1.904883,0.697694
-0.160383,-1.749208,0.768574,-0.229684,-1.662848,0.631041,-0.255666,-1.740424,0.335973,-0.318060,-1.849771,0.045524,-0.091148,-1.850051,0.640957,-0.082250,-1.771062,0.343321,-0.097202,-1.701594,0.033882,-0.164201,-1.748587,0.822572,-0.162941,-1.595371,1.049965,-0.154389,-1.558518,0.869757,-0.103291,-1.546662,0.693084,-0.068000,-1.859838,1.053545,-0.082196,-1.917561,0.879197,-0.053608,-1.908350,0.697686
-0.163392,-1.753903,0.768279,-0.232669,-1.666603,0.631344,-0.258849,-1.743990,0.336243,-0.318245,-1.850247,0.044001,-0.094205,-1.853936,0.640017,-0.083016,-1.773259,0.342917,-0.097254,-1.701675,0.033924,-0.167240,-1.753501,0.822280,-0.166640,-1.600127,1.049542,-0.159525,-1.562822,0.869358,-0.110122,-1.549468,0.692306,-0.071202,-1.864417,1.053481,-0.084697,-1.922312,0.879134,-0.054767,-1.912357,0.697893
-0.166437,-1.758566,0.767980,-0.235628,-1.670262,0.631661,-0.261807,-1.747345,0.336481,-0.318360,-1.850726,0.042625,-0.097273,-1.857742,0.639059,-0.083824,-1.775424,0.342509,-0.097299,-1.701783,0.033963,-0.170337,-1.758403,0.821982,-0.170318,-1.604889,1.049124,-0.164547,-1.567253,0.868956,-0.116967,-1.552566,0.691505,-0.074463,-1.869029,1.053389,-0.087286,-1.927134,0.879060,-0.056050,-1.916515,0.698093
-0.169553,-1.763163,0.767674,-0.238537,-1.673724,0.632004,-0.264316,-1.750278,0.336649,-0.318367,-1.851223,0.041462,-0.100362,-1.861396,0.638059,-0.084722,-1.777521,0.342062,-0.097337,-1.701931,0.033947,-0.173549,-1.763281,0.821671,-0.173946,-1.609658,1.048718,-0.169330,-1.571926,0.868533,-0.123794,-1.556210,0.690628,-0.077830,-1.873704,1.053238,-0.090048,-1.932100,0.878962,-0.057575,-1.920982,0.698260
-0.172669,-1.767700,0.767369,-0.241407,-1.677015,0.632403,-0.266135,-1.752577,0.336700,-0.318252,-1.851705,0.040544,-0.103503,-1.864933,0.637000,-0.085688,-1.779582,0.341560,-0.097358,-1.702136,0.033865,-0.176749,-1.768115,0.821358,-0.177380,-1.614431,1.048343,-0.173857,-1.576730,0.868126,-0.130374,-1.560372,0.689763,-0.081311,-1.878495,1.053061,-0.093032,-1.937320,0.878894,-0.059399,-1.925919,0.698433
-0.175786,-1.772207,0.767064,-0.244258,-1.680225,0.632836,-0.267606,-1.754563,0.336709,-0.318078,-1.852187,0.039766,-0.106670,-1.868408,0.635917,-0.086687,-1.781627,0.341044,-0.097369,-1.702377,0.033770,-0.179945,-1.772926,0.821044,-0.180712,-1.619205,1.047984,-0.178252,-1.581598,0.867730,-0.136826,-1.564788,0.688918,-0.084847,-1.883345,1.052869,-0.096131,-1.942669,0.878841,-0.061378,-1.931094,0.698610
-0.178821,-1.776630,0.766822,-0.247088,-1.683312,0.633407,-0.269055,-1.756452,0.336873,-0.317904,-1.852626,0.039173,-0.109751,-1.871707,0.634854,-0.086392,-1.783882,0.340552,-0.097405,-1.702724,0.033790,-0.183033,-1.777661,0.820793,-0.183778,-1.623976,1.047738,-0.182220,-1.586701,0.867405,-0.142623,-1.569839,0.688178,-0.088429,-1.888306,1.052712,-0.099433,-1.948289,0.878892,-0.063898,-1.936946,0.698802
-0.181846,-1.781063,0.766615,-0.249967,-1.686428,0.634048,-0.270536,-1.758293,0.337100,-0.317767,-1.852972,0.038644,-0.112788,-1.874950,0.633816,-0.085881,-1.786177,0.340113,-0.097472,-1.703127,0.033883,-0.186104,-1.782413,0.820573,-0.186782,-1.628740,1.047512,-0.186022,-1.591863,0.867092,-0.148113,-1.575056,0.687489,-0.091919,-1.893246,1.052573,-0.102797,-1.953922,0.878986,-0.066659,-1.942907,0.698998
-0.184852,-1.785517,0.766478,-0.252950,-1.689591,0.634820,-0.272085,-1.760028,0.337432,-0.317709,-1.853123,0.038202,-0.115740,-1.878091,0.632814,-0.084938,-1.788533,0.339745,-0.097609,-1.703607,0.034077,-0.189139,-1.787195,0.820422,-0.189669,-1.633490,1.047327,-0.189496,-1.597145,0.866799,-0.152985,-1.580608,0.686875,-0.095223,-1.898147,1.052476,-0.106277,-1.959580,0.879166,-0.069887,-1.949081,0.699201
-0.187801,-1.790066,0.766420,-0.255949,-1.692765,0.635795,-0.273636,-1.761728,0.337971,-0.317673,-1.853254,0.037985,-0.118582,-1.881127,0.631804,-0.083864,-1.791000,0.339363,-0.097685,-1.704431,0.034211,-0.192128,-1.792111,0.820345,-0.192531,-1.638299,1.047169,-0.192726,-1.602567,0.866519,-0.157249,-1.586421,0.686353,-0.098443,-1.903082,1.052484,-0.109956,-1.965355,0.879503,-0.073647,-1.955571,0.699481
-0.190722,-1.794661,0.766403,-0.258957,-1.695951,0.636880,-0.275190,-1.763415,0.338629,-0.317650,-1.853374,0.037904,-0.121369,-1.884105,0.630800,-0.082728,-1.793526,0.339010,-0.097740,-1.705443,0.034352,-0.195094,-1.797094,0.820302,-0.195373,-1.643138,1.047022,-0.195827,-1.608059,0.866246,-0.161206,-1.592364,0.685873,-0.101618,-1.908036,1.052541,-0.113739,-1.971188,0.879921,-0.077679,-1.962219,0.699801
-0.193725,-1.799314,0.766682,-0.261724,-1.699178,0.638135,-0.276561,-1.765015,0.339446,-0.317591,-1.853319,0.037988,-0.124010,-1.887188,0.630272,-0.080268,-1.796749,0.339202,-0.097831,-1.707447,0.035036,-0.198249,-1.802144,0.820542,-0.198031,-1.647957,1.047104,-0.198605,-1.613654,0.866178,-0.164388,-1.598606,0.685673,-0.104771,-1.913026,1.052811,-0.117786,-1.976913,0.880526,-0.082463,-1.968901,0.700206
-0.196781,-1.803953,0.767018,-0.264390,-1.702325,0.639447,-0.277836,-1.766591,0.340348,-0.317457,-1.853293,0.038190,-0.126551,-1.890185,0.629867,-0.076621,-1.800284,0.339691,-0.097808,-1.710027,0.036037,-0.201516,-1.807203,0.820827,-0.200667,-1.652771,1.047219,-0.201304,-1.619259,0.866144,-0.167323,-1.604920,0.685537,-0.107982,-1.918037,1.053099,-0.121863,-1.982594,0.881132,-0.087362,-1.975516,0.700606
-0.199942,-1.808565,0.767466,-0.266853,-1.705303,0.640862,-0.278920,-1.768113,0.341391,-0.317169,-1.853326,0.038581,-0.128894,-1.893022,0.629694,-0.070593,-1.804462,0.340774,-0.097549,-1.713958,0.037649,-0.205005,-1.812282,0.821205,-0.203268,-1.657572,1.047404,-0.203851,-1.624885,0.866177,-0.169765,-1.611376,0.685528,-0.111314,-1.923089,1.053428,-0.125998,-1.988190,0.881734,-0.092479,-1.982001,0.700985
-0.203348,-1.813023,0.767723,-0.269266,-1.708105,0.641994,-0.279858,-1.769586,0.342188,-0.316688,-1.853470,0.038787,-0.131124,-1.895651,0.629530,-0.063148,-1.808849,0.342332,-0.097107,-1.719120,0.039672,-0.208862,-1.817244,0.821371,-0.205970,-1.662352,1.047438,-0.206458,-1.630457,0.866067,-0.171860,-1.617859,0.685448,-0.114778,-1.928132,1.053397,-0.130227,-1.993731,0.881960,-0.097685,-1.988275,0.701003
-0.206876,-1.817404,0.767884,-0.271658,-1.710826,0.643001,-0.280724,-1.771040,0.342884,-0.316111,-1.853676,0.038928,-0.133295,-1.898181,0.629402,-0.055012,-1.813447,0.344367,-0.096567,-1.725637,0.042079,-0.212903,-1.822146,0.821423,-0.208711,-1.667127,1.047388,-0.209088,-1.636005,0.865880,-0.173780,-1.624354,0.685334,-0.118313,-1.933181,1.053174,-0.134511,-1.999247,0.881988,-0.102949,-1.994444,0.700832
-0.210273,-1.821467,0.767594,-0.272936,-1.713167,0.643191,-0.281114,-1.772485,0.342864,-0.315709,-1.854127,0.038538,-0.134750,-1.900708,0.629367,-0.046105,-1.817573,0.347168,-0.095315,-1.735167,0.044483,-0.217139,-1.826766,0.820973,-0.211534,-1.671906,1.047024,-0.211639,-1.641412,0.865408,-0.174982,-1.630893,0.685064,-0.122102,-1.938295,1.052302,-0.138809,-2.004833,0.881349,-0.107821,-2.000464,0.700074
-0.213384,-1.825833,0.767345,-0.273471,-1.715797,0.643267,-0.281104,-1.774020,0.342701,-0.315473,-1.854511,0.038037,-0.136419,-1.904245,0.629543,-0.038851,-1.821759,0.350351,-0.093537,-1.745307,0.047022,-0.221063,-1.831579,0.820563,-0.214198,-1.676878,1.046693,-0.214026,-1.647010,0.864971,-0.175901,-1.637692,0.684869,-0.125772,-1.943609,1.051545,-0.142889,-2.010606,0.880814,-0.112407,-2.006680,0.699435
-0.215924,-1.830804,0.767179,-0.272501,-1.719019,0.643069,-0.280236,-1.775722,0.342190,-0.315466,-1.854717,0.037235,-0.138530,-1.909778,0.630036,-0.034917,-1.825808,0.353701,-0.091072,-1.753911,0.049520,-0.224365,-1.836782,0.820257,-0.216571,-1.682194,1.046438,-0.216097,-1.652972,0.864610,-0.176253,-1.645013,0.684817,-0.129199,-1.949275,1.051066,-0.146512,-2.016735,0.880538,-0.116392,-2.013295,0.699088
-0.217917,-1.835735,0.767639,-0.271240,-1.722751,0.643193,-0.279301,-1.777663,0.341961,-0.315587,-1.854828,0.036656,-0.140727,-1.916021,0.631277,-0.029956,-1.832193,0.357837,-0.089589,-1.764635,0.053341,-0.226865,-1.841703,0.820641,-0.218381,-1.687189,1.046846,-0.217788,-1.658497,0.864932,-0.176253,-1.651881,0.685471,-0.132145,-1.954642,1.051414,-0.149407,-2.022227,0.880934,-0.119707,-2.019427,0.699401
-0.219636,-1.840647,0.768413,-0.269825,-1.726773,0.643473,-0.278239,-1.779741,0.341869,-0.315581,-1.854885,0.036179,-0.142996,-1.922612,0.632900,-0.024565,-1.839910,0.362454,-0.088707,-1.776885,0.057932,-0.228959,-1.846481,0.821371,-0.219894,-1.692018,1.047583,-0.219286,-1.663801,0.865595,-0.176092,-1.658523,0.686487,-0.134832,-1.959847,1.052176,-0.151925,-2.027396,0.881667,-0.122683,-2.025321,0.700047
-0.220948,-1.844229,0.769402,-0.269446,-1.729908,0.644199,-0.278136,-1.781533,0.342351,-0.315661,-1.854830,0.036219,-0.144578,-1.927087,0.634414,-0.016143,-1.852630,0.366168,-0.090277,-1.796398,0.062556,-0.230442,-1.849973,0.822345,-0.220866,-1.695993,1.048846,-0.220869,-1.668061,0.866808,-0.176367,-1.663696,0.687999,-0.137376,-1.964326,1.053092,-0.154413,-2.031308,0.882353,-0.125397,-2.030038,0.700674
-0.222156,-1.847648,0.770448,-0.268968,-1.732985,0.644907,-0.277955,-1.783324,0.342831,-0.315697,-1.854832,0.036289,-0.146346,-1.931632,0.635926,-0.009132,-1.867860,0.369262,-0.093106,-1.816639,0.067314,-0.231785,-1.853260,0.823385,-0.221629,-1.699836,1.050218,-0.222309,-1.672187,0.868134,-0.176632,-1.668668,0.689603,-0.139943,-1.968735,1.054063,-0.156857,-2.035022,0.883041,-0.127924,-2.034425,0.701332
-0.223154,-1.850741,0.771606,-0.268296,-1.735926,0.645577,-0.277664,-1.785112,0.343298,-0.315730,-1.854965,0.036405,-0.148478,-1.936297,0.637420,-0.004695,-1.887772,0.370909,-0.097551,-1.837700,0.071376,-0.232848,-1.856139,0.824561,-0.221972,-1.703420,1.051812,-0.223456,-1.676052,0.869684,-0.176871,-1.673269,0.691372,-0.142558,-1.973011,1.055146,-0.159215,-2.038351,0.883735,-0.130062,-2.038167,0.702049
-0.223880,-1.853677,0.772828,-0.267649,-1.738842,0.646327,-0.277441,-1.786790,0.343849,-0.315711,-1.854851,0.036566,-0.150169,-1.940577,0.638848,-0.002672,-1.909641,0.371622,-0.102886,-1.860558,0.074312,-0.233696,-1.858902,0.825783,-0.221954,-1.706841,1.053412,-0.224245,-1.679596,0.871271,-0.177327,-1.677376,0.693040,-0.144866,-1.977116,1.056250,-0.161294,-2.041626,0.884502,-0.131648,-2.041459,0.702895
-0.224471,-1.856534,0.774082,-0.267016,-1.741748,0.647120,-0.277248,-1.788408,0.344446,-0.315657,-1.854604,0.036759,-0.151646,-1.944663,0.640251,-0.002140,-1.932542,0.372486,-0.108336,-1.884018,0.077181,-0.234436,-1.861605,0.827029,-0.221767,-1.710187,1.055019,-0.224862,-1.682976,0.872881,-0.177894,-1.681231,0.694664,-0.147034,-1.981132,1.057363,-0.163237,-2.044871,0.885306,-0.132948,-2.044528,0.703808
-0.224597,-1.859944,0.775274,-0.265642,-1.745221,0.647769,-0.276584,-1.790349,0.344872,-0.315633,-1.854610,0.036846,-0.152990,-1.949604,0.641580,-0.004482,-1.956483,0.372902,-0.113592,-1.907663,0.078721,-0.234760,-1.864827,0.828205,-0.221153,-1.713822,1.056403,-0.224770,-1.686581,0.874278,-0.178666,-1.684992,0.695839,-0.148640,-1.985374,1.058489,-0.164521,-2.048559,0.886199,-0.133496,-2.047772,0.704833
-0.224642,-1.863530,0.776378,-0.264191,-1.748812,0.648397,-0.275831,-1.792351,0.345276,-0.315569,-1.854647,0.036925,-0.154442,-1.954719,0.642784,-0.007565,-1.979838,0.374132,-0.117727,-1.931312,0.080308,-0.234955,-1.868220,0.829301,-0.220320,-1.717573,1.057661,-0.224482,-1.690231,0.875563,-0.179479,-1.688622,0.696846,-0.150052,-1.989719,1.059535,-0.165600,-2.052414,0.887038,-0.133794,-2.051137,0.705815
-0.224526,-1.867468,0.777306,-0.262585,-1.752626,0.648977,-0.274930,-1.794485,0.345623,-0.315483,-1.854785,0.036969,-0.156085,-1.960185,0.643706,-0.011621,-2.001908,0.375683,-0.120782,-1.955451,0.081167,-0.234893,-1.871956,0.830239,-0.219032,-1.721549,1.058665,-0.223784,-1.693978,0.876614,-0.180360,-1.692012,0.697507,-0.151056,-1.994279,1.060426,-0.166271,-2.056609,0.887769,-0.133609,-2.054749,0.706708
-0.223987,-1.871533,0.777916,-0.260726,-1.756387,0.649464,-0.273953,-1.796563,0.345893,-0.315484,-1.854825,0.036970,-0.157508,-1.965550,0.644127,-0.016507,-2.020951,0.376674,-0.122775,-1.979882,0.080328,-0.234318,-1.875853,0.830871,-0.217412,-1.725646,1.059345,-0.222670,-1.697782,0.877352,-0.181133,-1.695212,0.697802,-0.151707,-1.998934,1.061095,-0.166536,-2.060970,0.888300,-0.132898,-2.058656,0.707424
-0.223236,-1.875662,0.778367,-0.258738,-1.760130,0.649901,-0.272909,-1.798613,0.346127,-0.315473,-1.854806,0.036954,-0.158830,-1.970848,0.644305,-0.021955,-2.038377,0.377465,-0.124773,-2.004692,0.079008,-0.233487,-1.879830,0.831350,-0.215626,-1.729804,1.059861,-0.221343,-1.701612,0.877932,-0.181846,-1.698303,0.697930,-0.152181,-2.003628,1.061654,-0.166598,-2.065412,0.888735,-0.131923,-2.062721,0.708059
-0.222006,-1.879950,0.778474,-0.256685,-1.763912,0.650214,-0.271872,-1.800669,0.346250,-0.315530,-1.854756,0.036847,-0.159903,-1.976033,0.643912,-0.028104,-2.051891,0.376804,-0.125726,-2.029469,0.075597,-0.232005,-1.884008,0.831514,-0.213452,-1.734230,1.060124,-0.219625,-1.705454,0.878300,-0.182187,-1.701017,0.697882,-0.151952,-2.008500,1.061882,-0.166185,-2.070081,0.888875,-0.130406,-2.067034,0.708418
-0.220591,-1.884327,0.778521,-0.254526,-1.767753,0.650523,-0.270763,-1.802776,0.346382,-0.315548,-1.854758,0.036772,-0.160760,-1.981176,0.643441,-0.033889,-2.064540,0.376255,-0.126777,-2.054143,0.072937,-0.230316,-1.888291,0.831618,-0.211134,-1.738755,1.060327,-0.217663,-1.709367,0.878612,-0.182255,-1.703736,0.697816,-0.151528,-2.013445,1.062064,-0.165619,-2.074818,0.888970,-0.128776,-2.071494,0.708732
-0.218808,-1.888882,0.778445,-0.252158,-1.771697,0.650827,-0.269569,-1.804980,0.346529,-0.315601,-1.854862,0.036752,-0.161164,-1.986269,0.642789,-0.038652,-2.075661,0.375635,-0.127230,-2.078229,0.070873,-0.228213,-1.892785,0.831602,-0.208529,-1.743475,1.060411,-0.215222,-1.713429,0.878809,-0.181786,-1.706485,0.697679,-0.150711,-2.018547,1.062152,-0.164743,-2.079694,0.888973,-0.126925,-2.076227,0.708942
-0.216737,-1.893721,0.778242,-0.249576,-1.775892,0.651057,-0.268262,-1.807245,0.346604,-0.315638,-1.854818,0.036662,-0.161384,-1.991577,0.641962,-0.043475,-2.085786,0.374519,-0.128383,-2.100774,0.069066,-0.225777,-1.897573,0.831464,-0.205693,-1.748475,1.060370,-0.212461,-1.717783,0.878878,-0.180794,-1.709562,0.697481,-0.149538,-2.023892,1.062131,-0.163472,-2.084741,0.888838,-0.124950,-2.081184,0.708961
-0.214523,-1.898702,0.777975,-0.246881,-1.780216,0.651249,-0.266868,-1.809544,0.346651,-0.315611,-1.854701,0.036554,-0.161517,-1.996977,0.641060,-0.048323,-2.095374,0.373213,-0.129724,-2.122329,0.067617,-0.223173,-1.902512,0.831262,-0.202746,-1.753616,1.060265,-0.209540,-1.722285,0.878882,-0.179537,-1.712798,0.697263,-0.148185,-2.029355,1.062052,-0.162000,-2.089871,0.888633,-0.122909,-2.086252,0.708882
-0.212041,-1.904356,0.777585,-0.243979,-1.785155,0.651395,-0.265425,-1.812190,0.346656,-0.315666,-1.854639,0.036408,-0.161514,-2.002962,0.639965,-0.054004,-2.103008,0.370542,-0.132563,-2.141523,0.065439,-0.220272,-1.908133,0.830938,-0.199483,-1.759211,1.059889,-0.206102,-1.727210,0.878618,-0.177164,-1.716725,0.696878,-0.146341,-2.035225,1.061931,-0.159936,-2.095409,0.888380,-0.120561,-2.091757,0.708695
-0.209458,-1.910212,0.777181,-0.241001,-1.790304,0.651537,-0.263927,-1.814950,0.346675,-0.315685,-1.854605,0.036299,-0.161448,-2.009106,0.638848,-0.060687,-2.109396,0.367077,-0.135260,-2.160011,0.062722,-0.217277,-1.913963,0.830593,-0.196078,-1.764947,1.059443,-0.202577,-1.732284,0.878286,-0.174447,-1.720889,0.696474,-0.144354,-2.041228,1.061811,-0.157731,-2.101084,0.888132,-0.118121,-2.097402,0.708501
-0.206671,-1.916474,0.776748,-0.237887,-1.795862,0.651675,-0.262385,-1.817928,0.346710,-0.315747,-1.854622,0.036232,-0.161246,-2.015596,0.637667,-0.069358,-2.113364,0.362038,-0.137365,-2.176755,0.058492,-0.214095,-1.920206,0.830212,-0.192383,-1.770957,1.058860,-0.198877,-1.737646,0.877819,-0.171053,-1.725547,0.696008,-0.142082,-2.047497,1.061701,-0.155255,-2.107036,0.887899,-0.115508,-2.103330,0.708297
-0.203753,-1.923023,0.776549,-0.234755,-1.801967,0.651830,-0.260785,-1.821111,0.346773,-0.315751,-1.854600,0.036200,-0.160587,-2.022469,0.636947,-0.076320,-2.117116,0.357932,-0.137052,-2.188514,0.054592,-0.210815,-1.926686,0.830063,-0.188545,-1.777036,1.058395,-0.194963,-1.743070,0.877471,-0.166998,-1.730460,0.695720,-0.139464,-2.053788,1.061860,-0.152467,-2.113062,0.887956,-0.112649,-2.109282,0.708366
-0.200772,-1.929717,0.776467,-0.231614,-1.808345,0.651994,-0.259132,-1.824392,0.346869,-0.315679,-1.854548,0.036225,-0.159701,-2.029529,0.636467,-0.082450,-2.120728,0.354375,-0.135466,-2.197266,0.050822,-0.207486,-1.933285,0.830028,-0.184633,-1.783152,1.057985,-0.190938,-1.748530,0.877181,-0.162608,-1.735506,0.695520,-0.136668,-2.060089,1.062151,-0.149516,-2.119125,0.888157,-0.109659,-2.115246,0.708571
-0.197562,-1.936863,0.776689,-0.228400,-1.815655,0.652037,-0.257457,-1.828154,0.346876,-0.315700,-1.854686,0.036200,-0.158245,-2.037385,0.636649,-0.088160,-2.124751,0.351463,-0.136248,-2.199188,0.046565,-0.204009,-1.940215,0.830295,-0.180515,-1.789309,1.057678,-0.186536,-1.754236,0.876951,-0.157649,-1.741156,0.695380,-0.133794,-2.066441,1.062916,-0.146499,-2.125361,0.888874,-0.106496,-2.121419,0.709319
-0.194283,-1.944087,0.777096,-0.225054,-1.823240,0.652062,-0.255667,-1.832013,0.346914,-0.315664,-1.854798,0.036258,-0.156527,-2.045491,0.637224,-0.093664,-2.128730,0.349107,-0.136926,-2.200939,0.042943,-0.200516,-1.947178,0.830741,-0.176351,-1.795500,1.057541,-0.182078,-1.760001,0.876888,-0.152596,-1.746914,0.695413,-0.130885,-2.072818,1.063856,-0.143424,-2.131601,0.889758,-0.103250,-2.127611,0.710241
-0.190861,-1.951466,0.777872,-0.221444,-1.831379,0.652055,-0.253688,-1.836075,0.346979,-0.315600,-1.854877,0.036415,-0.154276,-2.054107,0.638559,-0.098662,-2.132704,0.347632,-0.137260,-2.202393,0.040250,-0.196994,-1.954208,0.831551,-0.172097,-1.801760,1.057757,-0.177512,-1.765876,0.877170,-0.147357,-1.752875,0.695802,-0.127920,-2.079258,1.065148,-0.140252,-2.137858,0.890974,-0.099855,-2.133842,0.711506
-0.187298,-1.959046,0.778649,-0.217751,-1.839832,0.651965,-0.251637,-1.840262,0.347029,-0.315518,-1.854945,0.036622,-0.151750,-2.062977,0.640004,-0.102801,-2.136759,0.346600,-0.137490,-2.203510,0.038093,-0.193326,-1.961422,0.832361,-0.167831,-1.808295,1.058046,-0.172607,-1.772239,0.877477,-0.141675,-1.759539,0.696220,-0.124849,-2.085952,1.066412,-0.137030,-2.144489,0.892208,-0.096319,-2.140443,0.712809
-0.183664,-1.966726,0.779427,-0.214020,-1.848446,0.651838,-0.249543,-1.844516,0.347113,-0.315413,-1.855011,0.036932,-0.149087,-2.071969,0.641514,-0.106573,-2.140845,0.345893,-0.137787,-2.204458,0.036347,-0.189584,-1.968730,0.833171,-0.163564,-1.814968,1.058370,-0.167530,-1.778851,0.877796,-0.135769,-1.766564,0.696654,-0.121728,-2.092769,1.067663,-0.133784,-2.151306,0.893451,-0.092708,-2.147229,0.714131
-0.180051,-1.974410,0.780166,-0.210139,-1.857321,0.651406,-0.247136,-1.848685,0.346949,-0.315345,-1.855122,0.037149,-0.146255,-2.081228,0.643271,-0.107518,-2.145343,0.346049,-0.137838,-2.204991,0.035628,-0.185859,-1.975960,0.833944,-0.159019,-1.821706,1.058714,-0.162343,-1.785754,0.878094,-0.129612,-1.774147,0.697083,-0.118719,-2.099705,1.068798,-0.130417,-2.158252,0.894567,-0.089031,-2.154307,0.715316
-0.176453,-1.982082,0.780845,-0.206191,-1.866215,0.650885,-0.244352,-1.852553,0.346751,-0.315243,-1.855244,0.037489,-0.143474,-2.090515,0.645023,-0.108420,-2.149820,0.346334,-0.137924,-2.205413,0.035085,-0.182146,-1.983171,0.834652,-0.154460,-1.828494,1.059032,-0.157145,-1.792763,0.878359,-0.123388,-1.781987,0.697486,-0.115759,-2.106692,1.069840,-0.127049,-2.165266,0.895593,-0.085301,-2.161500,0.716422
-0.172886,-1.989731,0.781403,-0.202102,-1.875138,0.650176,-0.240830,-1.855819,0.346412,-0.315111,-1.855408,0.037935,-0.140795,-2.099870,0.646744,-0.109155,-2.154286,0.346737,-0.137927,-2.205671,0.034698,-0.178462,-1.990344,0.835237,-0.149863,-1.835379,1.059307,-0.151933,-1.799970,0.878563,-0.117051,-1.790318,0.697837,-0.112884,-2.113787,1.070694,-0.123678,-2.172417,0.896437,-0.081480,-2.168919,0.717365
-0.169398,-1.997369,0.781764,-0.197977,-1.884089,0.649241,-0.237260,-1.859064,0.345959,-0.314990,-1.855589,0.038351,-0.138077,-2.109217,0.648338,-0.109829,-2.158700,0.347132,-0.137944,-2.205830,0.034365,-0.174918,-1.997505,0.835613,-0.145348,-1.842242,1.059354,-0.146826,-1.807308,0.878512,-0.110663,-1.798906,0.697974,-0.110110,-2.120849,1.071337,-0.120418,-2.179622,0.897100,-0.077682,-2.176476,0.718147
-0.165950,-2.005000,0.782027,-0.193836,-1.893064,0.648203,-0.233638,-1.862314,0.345509,-0.314812,-1.855806,0.038839,-0.135344,-2.118552,0.649879,-0.110485,-2.163062,0.347592,-0.137984,-2.205894,0.034155,-0.171444,-2.004658,0.835883,-0.140880,-1.849099,1.059287,-0.141776,-1.814719,0.878334,-0.104251,-1.807635,0.698017,-0.107396,-2.127894,1.071872,-0.117217,-2.186856,0.897672,-0.073891,-2.184106,0.718853
-0.162636,-2.012496,0.781818,-0.189487,-1.901962,0.646596,-0.228670,-1.864257,0.344607,-0.314674,-1.856029,0.039314,-0.132610,-2.127815,0.651073,-0.111258,-2.167372,0.347825,-0.137970,-2.206015,0.033778,-0.168193,-2.011661,0.835665,-0.136683,-1.855849,1.058764,-0.136854,-1.822420,0.877629,-0.097623,-1.817071,0.697613,-0.105125,-2.134840,1.071952,-0.114298,-2.194113,0.897824,-0.070288,-2.191918,0.719165
-0.159387,-2.019948,0.781491,-0.185118,-1.910867,0.644852,-0.223424,-1.865967,0.343735,-0.314457,-1.856274,0.039966,-0.129918,-2.137051,0.652215,-0.112147,-2.171620,0.348122,-0.137978,-2.206065,0.033515,-0.165032,-2.018616,0.835322,-0.132606,-1.862600,1.058151,-0.131995,-1.830157,0.876835,-0.090981,-1.826590,0.697172,-0.102951,-2.141772,1.071885,-0.111493,-2.201376,0.897839,-0.066751,-2.199772,0.719358
-0.156270,-2.027311,0.780929,-0.180706,-1.919766,0.642813,-0.217681,-1.867173,0.342783,-0.314235,-1.856461,0.040782,-0.127300,-2.146251,0.653231,-0.113248,-2.175796,0.348408,-0.138004,-2.206069,0.033287,-0.162051,-2.025476,0.834733,-0.128756,-1.869345,1.057357,-0.127252,-1.837948,0.875861,-0.084305,-1.836254,0.696627,-0.100946,-2.148683,1.071526,-0.108912,-2.208647,0.897576,-0.063356,-2.207698,0.719299
-0.153290,-2.034625,0.780239,-0.176444,-1.928437,0.640830,-0.211815,-1.868268,0.342038,-0.313752,-1.856885,0.041861,-0.124751,-2.155172,0.653961,-0.113430,-2.180055,0.348607,-0.138040,-2.206115,0.033102,-0.159204,-2.032333,0.834012,-0.125179,-1.875992,1.056383,-0.122736,-1.845678,0.874711,-0.077791,-1.845945,0.695962,-0.099076,-2.155464,1.071096,-0.106483,-2.215820,0.897257,-0.060059,-2.215524,0.719201
-0.150378,-2.041915,0.779485,-0.172257,-1.937002,0.638882,-0.205884,-1.869352,0.341499,-0.313093,-1.857543,0.043205,-0.122243,-2.163947,0.654553,-0.113141,-2.184342,0.348791,-0.138049,-2.206158,0.032994,-0.156423,-2.039188,0.833222,-0.121742,-1.882592,1.055318,-0.118339,-1.853384,0.873479,-0.071370,-1.855660,0.695266,-0.097273,-2.162178,1.070628,-0.104131,-2.222944,0.896910,-0.056810,-2.223301,0.719089
-0.147759,-2.049052,0.778753,-0.168290,-1.944993,0.637285,-0.199100,-1.869476,0.341509,-0.312042,-1.858591,0.045338,-0.119672,-2.172100,0.654814,-0.112004,-2.188496,0.348771,-0.138107,-2.206236,0.032825,-0.154010,-2.046013,0.832449,-0.118938,-1.889066,1.054243,-0.114395,-1.860928,0.872259,-0.065211,-1.865182,0.694683,-0.095726,-2.168719,1.070217,-0.102103,-2.229843,0.896606,-0.053920,-2.230730,0.719016
-0.145217,-2.056038,0.778132,-0.164306,-1.952654,0.635943,-0.192064,-1.869324,0.341982,-0.310786,-1.859982,0.048056,-0.117101,-2.179927,0.655046,-0.110854,-2.192469,0.348787,-0.138163,-2.206267,0.032757,-0.151718,-2.052740,0.831782,-0.116270,-1.895451,1.053282,-0.110637,-1.868384,0.871165,-0.059264,-1.874537,0.694266,-0.094172,-2.175155,1.069882,-0.100121,-2.236605,0.896370,-0.051118,-2.237943,0.719006
-0.142828,-2.062723,0.777734,-0.160291,-1.959642,0.635094,-0.184494,-1.868518,0.343152,-0.309122,-1.861823,0.051618,-0.114520,-2.187117,0.655210,-0.109680,-2.196100,0.348801,-0.138235,-2.206238,0.032753,-0.149666,-2.059274,0.831332,-0.113866,-1.901651,1.052546,-0.107240,-1.875649,0.870305,-0.053709,-1.883526,0.694115,-0.092600,-2.181384,1.069705,-0.098234,-2.243092,0.896273,-0.048500,-2.244723,0.719114
-0.140577,-2.069011,0.777492,-0.156120,-1.965881,0.634642,-0.175641,-1.866580,0.345048,-0.306728,-1.863816,0.056313,-0.112091,-2.193653,0.655274,-0.108549,-2.199450,0.348774,-0.138286,-2.206275,0.032755,-0.147799,-2.065503,0.831036,-0.111675,-1.907666,1.052052,-0.104240,-1.882764,0.869684,-0.048625,-1.892158,0.694216,-0.091124,-2.187426,1.069600,-0.096382,-2.249325,0.896224,-0.046045,-2.251116,0.719238
-0.138395,-2.075101,0.777329,-0.151871,-1.971753,0.634407,-0.166206,-1.864155,0.347514,-0.303956,-1.866061,0.061911,-0.109738,-2.199862,0.655287,-0.107425,-2.202647,0.348738,-0.138299,-2.206317,0.032786,-0.146023,-2.071578,0.830816,-0.109588,-1.913588,1.051676,-0.101440,-1.889803,0.869184,-0.043779,-1.900594,0.694460,-0.089697,-2.193374,1.069530,-0.094550,-2.255429,0.896198,-0.043676,-2.257316,0.719369
-0.136562,-2.080426,0.777359,-0.147696,-1.976511,0.634631,-0.154368,-1.860279,0.350877,-0.298969,-1.869654,0.068897,-0.107909,-2.205074,0.655215,-0.106559,-2.205344,0.348656,-0.138355,-2.206325,0.032784,-0.144551,-2.076986,0.830798,-0.107602,-1.919126,1.051668,-0.099246,-1.896155,0.869075,-0.039660,-1.907955,0.695066,-0.088217,-2.198952,1.069426,-0.092709,-2.261115,0.896126,-0.041525,-2.262904,0.719384
-0.134805,-2.085439,0.777388,-0.143644,-1.980950,0.634921,-0.142570,-1.857415,0.354247,-0.293591,-1.873264,0.076025,-0.106227,-2.209959,0.655112,-0.105748,-2.207880,0.348566,-0.138388,-2.206335,0.032791,-0.143120,-2.082089,0.830784,-0.105598,-1.924462,1.051724,-0.097228,-1.902282,0.869025,-0.035788,-1.914844,0.695717,-0.086697,-2.204334,1.069252,-0.090834,-2.266622,0.895989,-0.039377,-2.268294,0.719324
-0.133200,-2.089826,0.777417,-0.139837,-1.984735,0.635294,-0.130589,-1.856313,0.357068,-0.287772,-1.875848,0.082614,-0.104841,-2.214191,0.654946,-0.105073,-2.210120,0.348430,-0.138431,-2.206401,0.032755,-0.141771,-2.086588,0.830780,-0.103564,-1.929397,1.051909,-0.095562,-1.907958,0.869094,-0.032411,-1.920801,0.696424,-0.085098,-2.209329,1.068938,-0.088887,-2.271773,0.895724,-0.037234,-2.273286,0.719116
-0.131677,-2.093469,0.777391,-0.136352,-1.987896,0.635583,-0.119116,-1.860388,0.357471,-0.282251,-1.876793,0.086386,-0.103601,-2.217741,0.654772,-0.104464,-2.212006,0.348294,-0.138473,-2.206449,0.032722,-0.140458,-2.090341,0.830726,-0.101647,-1.933843,1.052235,-0.094183,-1.913031,0.869313,-0.029617,-1.925828,0.697162,-0.083592,-2.213851,1.068444,-0.087032,-2.276447,0.895281,-0.035265,-2.277794,0.718710
-0.130195,-2.096741,0.777337,-0.133029,-1.990749,0.635840,-0.107491,-1.866864,0.356880,-0.275586,-1.875374,0.088550,-0.102434,-2.220949,0.654595,-0.103883,-2.213708,0.348160,-0.138502,-2.206475,0.032694,-0.139163,-2.093722,0.830647,-0.099794,-1.938046,1.052629,-0.092957,-1.917799,0.869607,-0.027132,-1.930344,0.697911,-0.082134,-2.218134,1.067858,-0.085221,-2.280881,0.894746,-0.033382,-2.282060,0.718203
-0.128613,-2.099354,0.777470,-0.129836,-1.992748,0.636470,-0.094671,-1.876909,0.355230,-0.266685,-1.874682,0.089305,-0.101348,-2.223309,0.654370,-0.103330,-2.214962,0.347976,-0.138545,-2.206438,0.032614,-0.137685,-2.096508,0.830771,-0.097951,-1.941776,1.053338,-0.091884,-1.921845,0.870242,-0.025623,-1.933438,0.698658,-0.080562,-2.221943,1.067422,-0.083524,-2.284874,0.894375,-0.031643,-2.286107,0.717837
-0.127003,-2.101742,0.777603,-0.126801,-1.994616,0.637049,-0.082797,-1.886925,0.353872,-0.255790,-1.872862,0.088969,-0.100321,-2.225495,0.654181,-0.102795,-2.216145,0.347831,-0.138562,-2.206432,0.032571,-0.136150,-2.099057,0.830899,-0.096087,-1.945355,1.054111,-0.090803,-1.925554,0.870965,-0.024421,-1.936042,0.699367,-0.078974,-2.225601,1.066948,-0.081872,-2.288648,0.893943,-0.029978,-2.289953,0.717403
-0.125339,-2.103676,0.777738,-0.124077,-1.996203,0.637483,-0.073797,-1.897117,0.352221,-0.244586,-1.872490,0.086653,-0.099415,-2.227335,0.654064,-0.102307,-2.217202,0.347755,-0.138547,-2.206515,0.032584,-0.134499,-2.101134,0.831037,-0.094173,-1.948632,1.055014,-0.089688,-1.928596,0.871863,-0.023773,-1.937755,0.700014,-0.077349,-2.228960,1.066400,-0.080312,-2.291984,0.893387,-0.028464,-2.293400,0.716830
-0.123624,-2.105268,0.777908,-0.121430,-1.997414,0.637973,-0.067077,-1.904433,0.351393,-0.233566,-1.872771,0.083848,-0.098716,-2.228797,0.653898,-0.101928,-2.218048,0.347627,-0.138550,-2.206518,0.032534,-0.132741,-2.102875,0.831220,-0.092109,-1.951606,1.055967,-0.088471,-1.930975,0.872857,-0.023643,-1.938538,0.700519,-0.075786,-2.232021,1.065909,-0.078854,-2.294889,0.892841,-0.027043,-2.296447,0.716271
-0.121884,-2.106688,0.778096,-0.118818,-1.998441,0.638491,-0.061625,-1.910340,0.350910,-0.223051,-1.873748,0.080906,-0.098120,-2.230063,0.653708,-0.101600,-2.218781,0.347474,-0.138556,-2.206473,0.032453,-0.130929,-2.104448,0.831426,-0.089974,-1.954432,1.056943,-0.087204,-1.933024,0.873901,-0.023780,-1.938865,0.700977,-0.074259,-2.234932,1.065442,-0.077455,-2.297577,0.892294,-0.025673,-2.299292,0.715715
-0.120223,-2.107568,0.778320,-0.116421,-1.999019,0.638963,-0.058915,-1.911863,0.351164,-0.214037,-1.874064,0.077694,-0.097660,-2.230841,0.653606,-0.101323,-2.219286,0.347401,-0.138554,-2.206458,0.032436,-0.129177,-2.105447,0.831670,-0.087608,-1.956694,1.057900,-0.085802,-1.933911,0.875008,-0.024446,-1.937688,0.701287,-0.072920,-2.237290,1.065025,-0.076064,-2.299591,0.891752,-0.024410,-2.301398,0.715133
-0.118507,-2.108298,0.778563,-0.113968,-1.999457,0.639448,-0.056607,-1.912884,0.351451,-0.205252,-1.874231,0.074562,-0.097147,-2.231460,0.653526,-0.101013,-2.219722,0.347347,-0.138546,-2.206465,0.032437,-0.127380,-2.106292,0.831929,-0.085149,-1.958769,1.058831,-0.084366,-1.934489,0.876121,-0.025271,-1.936121,0.701588,-0.071629,-2.239456,1.064657,-0.074727,-2.301403,0.891258,-0.023216,-2.303260,0.714596
-0.116680,-2.108732,0.778841,-0.111405,-1.999609,0.639956,-0.055064,-1.912869,0.351816,-0.196930,-1.873883,0.071473,-0.096526,-2.231772,0.653485,-0.100644,-2.220031,0.347328,-0.138542,-2.206520,0.032474,-0.125492,-2.106825,0.832221,-0.082495,-1.960459,1.059716,-0.082862,-1.934444,0.877241,-0.026401,-1.933767,0.701827,-0.070422,-2.241236,1.064396,-0.073484,-2.302812,0.890867,-0.022150,-2.304633,0.714155
-0.114626,-2.108851,0.778969,-0.108736,-1.999549,0.640228,-0.053886,-1.913343,0.351645,-0.188692,-1.872740,0.068054,-0.095922,-2.231851,0.653345,-0.100290,-2.220192,0.347207,-0.138546,-2.206498,0.032407,-0.123304,-2.107007,0.832372,-0.079716,-1.961756,1.060456,-0.081111,-1.933925,0.878253,-0.027599,-1.930925,0.701939,-0.069309,-2.242617,1.064103,-0.072385,-2.303735,0.890414,-0.021097,-2.305481,0.713690
-0.112460,-2.108814,0.779021,-0.106014,-1.999385,0.640384,-0.052915,-1.914038,0.351220,-0.180484,-1.871249,0.064584,-0.095329,-2.231804,0.653159,-0.099945,-2.220275,0.347039,-0.138551,-2.206437,0.032290,-0.120965,-2.107015,0.832452,-0.076878,-1.962856,1.061121,-0.079228,-1.933168,0.879221,-0.028815,-1.927807,0.702051,-0.068250,-2.243790,1.063793,-0.071364,-2.304410,0.889931,-0.020055,-2.306063,0.713215
-0.110409,-2.108023,0.779107,-0.103666,-1.998567,0.640486,-0.052239,-1.915498,0.350357,-0.172167,-1.867616,0.061145,-0.094754,-2.231063,0.653092,-0.099612,-2.220014,0.346974,-0.138543,-2.206428,0.032257,-0.118700,-2.106252,0.832570,-0.073959,-1.963323,1.061873,-0.077283,-1.931729,0.880311,-0.030172,-1.924071,0.702316,-0.067360,-2.244324,1.063450,-0.070710,-2.304283,0.889364,-0.019212,-2.305735,0.712697
-0.108381,-2.107053,0.779189,-0.101460,-1.997573,0.640580,-0.051745,-1.916793,0.349502,-0.163869,-1.863959,0.057935,-0.094152,-2.230124,0.653029,-0.099266,-2.219637,0.346909,-0.138527,-2.206409,0.032220,-0.116442,-2.105313,0.832687,-0.071096,-1.963617,1.062626,-0.075370,-1.930166,0.881418,-0.031477,-1.920249,0.702709,-0.066496,-2.244665,1.063102,-0.070136,-2.303954,0.888791,-0.018413,-2.305152,0.712186
-0.106401,-2.105723,0.779263,-0.099536,-1.996220,0.640657,-0.051541,-1.917786,0.348639,-0.155746,-1.859854,0.055005,-0.093492,-2.228808,0.652966,-0.098887,-2.219042,0.346839,-0.138491,-2.206371,0.032171,-0.114196,-2.104019,0.832799,-0.068333,-1.963561,1.063385,-0.073536,-1.928358,0.882536,-0.032712,-1.916320,0.703227,-0.065666,-2.244637,1.062746,-0.069710,-2.303232,0.888210,-0.017692,-2.304063,0.711686
-0.104443,-2.103990,0.779376,-0.097788,-1.994470,0.640745,-0.053279,-1.917815,0.347696,-0.149959,-1.856344,0.052088,-0.092873,-2.227079,0.652944,-0.098544,-2.218244,0.346805,-0.138480,-2.206341,0.032151,-0.111970,-2.102331,0.832949,-0.065636,-1.963193,1.064231,-0.071742,-1.926369,0.883735,-0.033648,-1.912435,0.703961,-0.064895,-2.244277,1.062379,-0.069353,-2.302126,0.887603,-0.017106,-2.302529,0.711149
-0.102495,-2.102054,0.779507,-0.096129,-1.992518,0.640846,-0.056026,-1.917317,0.346780,-0.145391,-1.853245,0.049302,-0.092274,-2.225139,0.652946,-0.098226,-2.217343,0.346796,-0.138496,-2.206317,0.032154,-0.109755,-2.100447,0.833116,-0.062978,-1.962669,1.065113,-0.069962,-1.924287,0.884977,-0.034421,-1.908554,0.704828,-0.064165,-2.243743,1.062004,-0.069039,-2.300819,0.886985,-0.016591,-2.300767,0.710596
-0.100718,-2.099740,0.779534,-0.094671,-1.990305,0.640755,-0.058917,-1.916075,0.345889,-0.146186,-1.852236,0.047735,-0.091788,-2.222924,0.652964,-0.097966,-2.216306,0.346800,-0.138489,-2.206319,0.032156,-0.107705,-2.098158,0.833176,-0.060600,-1.961671,1.065863,-0.068579,-1.922133,0.886016,-0.034966,-1.904849,0.705642,-0.063477,-2.242719,1.061533,-0.068715,-2.299062,0.886287,-0.016286,-2.298658,0.709891
-0.098971,-2.097338,0.779669,-0.093294,-1.987868,0.640883,-0.061841,-1.914839,0.345234,-0.146825,-1.851642,0.046277,-0.091346,-2.220493,0.652975,-0.097723,-2.215161,0.346800,-0.138482,-2.206320,0.032152,-0.105669,-2.095816,0.833346,-0.058237,-1.960604,1.066703,-0.067165,-1.919990,0.887140,-0.035256,-1.901330,0.706595,-0.062769,-2.241611,1.061170,-0.068383,-2.297213,0.885700,-0.016065,-2.296487,0.709271
-0.097287,-2.094762,0.780019,-0.092072,-1.984985,0.641442,-0.064817,-1.913678,0.344965,-0.147146,-1.851943,0.044946,-0.090991,-2.217635,0.652970,-0.097509,-2.213801,0.346784,-0.138465,-2.206314,0.032127,-0.103660,-2.093370,0.833738,-0.055890,-1.959397,1.067735,-0.065696,-1.917875,0.888424,-0.035056,-1.898200,0.707769,-0.061996,-2.240351,1.061027,-0.068014,-2.295193,0.885331,-0.016007,-2.294198,0.708814
-0.095655,-2.092068,0.780403,-0.090990,-1.981944,0.642068,-0.067998,-1.912539,0.344785,-0.147601,-1.852515,0.043671,-0.090492,-2.214618,0.652984,-0.097239,-2.212331,0.346795,-0.138474,-2.206280,0.032143,-0.101733,-2.090814,0.834159,-0.053690,-1.957975,1.068743,-0.064115,-1.915769,0.889625,-0.034387,-1.895345,0.708904,-0.061240,-2.238867,1.060959,-0.067822,-2.292884,0.885027,-0.016149,-2.291740,0.708413
-0.094051,-2.089315,0.780804,-0.089976,-1.978823,0.642732,-0.071294,-1.911398,0.344697,-0.148141,-1.853137,0.042509,-0.089923,-2.211521,0.653010,-0.096950,-2.210806,0.346826,-0.138510,-2.206233,0.032191,-0.099848,-2.088203,0.834593,-0.051563,-1.956444,1.069733,-0.062479,-1.913667,0.890779,-0.033483,-1.892628,0.710014,-0.060496,-2.237266,1.060928,-0.067718,-2.290422,0.884758,-0.016395,-2.289189,0.708042
-0.092569,-2.086414,0.781246,-0.088965,-1.975513,0.643481,-0.074195,-1.910209,0.344756,-0.148435,-1.853567,0.041594,-0.089315,-2.208235,0.653056,-0.096615,-2.209187,0.346886,-0.138506,-2.206194,0.032273,-0.098144,-2.085455,0.835061,-0.049641,-1.954685,1.070706,-0.060726,-1.911473,0.891868,-0.031812,-1.890206,0.711118,-0.059745,-2.235437,1.060948,-0.067717,-2.287551,0.884496,-0.016762,-2.286221,0.707676
-0.091120,-2.083489,0.781661,-0.087989,-1.972157,0.644226,-0.077161,-1.908905,0.344892,-0.148671,-1.853650,0.040800,-0.088628,-2.204903,0.653064,-0.096244,-2.207543,0.346917,-0.138509,-2.206163,0.032342,-0.096502,-2.082684,0.835498,-0.047811,-1.952811,1.071599,-0.058919,-1.909228,0.892854,-0.029884,-1.887935,0.712127,-0.059011,-2.233492,1.060983,-0.067677,-2.284544,0.884251,-0.017124,-2.283106,0.707319
-0.089740,-2.080515,0.782020,-0.087086,-1.968711,0.644956,-0.080224,-1.907407,0.345099,-0.148731,-1.853200,0.040104,-0.087786,-2.201482,0.652992,-0.095781,-2.205848,0.346878,-0.138484,-2.206148,0.032360,-0.094984,-2.079865,0.835874,-0.046160,-1.950708,1.072340,-0.057003,-1.906883,0.893641,-0.027450,-1.885967,0.712953,-0.058301,-2.231324,1.061052,-0.067557,-2.281280,0.884034,-0.017462,-2.279711,0.706973
-0.088387,-2.077549,0.782347,-0.086233,-1.965273,0.645660,-0.083131,-1.905939,0.345345,-0.148799,-1.852932,0.039492,-0.086708,-2.198069,0.652898,-0.095216,-2.204137,0.346828,-0.138488,-2.206129,0.032394,-0.093548,-2.077041,0.836212,-0.044726,-1.948370,1.072945,-0.055041,-1.904409,0.894252,-0.024681,-1.884017,0.713638,-0.057629,-2.228935,1.061217,-0.067381,-2.277808,0.883921,-0.017720,-2.276083,0.706745
-0.087047,-2.074588,0.782659,-0.085405,-1.961842,0.646356,-0.085965,-1.904494,0.345639,-0.148882,-1.852767,0.038968,-0.085512,-2.194659,0.652793,-0.094598,-2.202418,0.346780,-0.138503,-2.206108,0.032449,-0.092152,-2.074215,0.836533,-0.043400,-1.945914,1.073480,-0.053056,-1.901872,0.894775,-0.021753,-1.882084,0.714256,-0.056973,-2.226434,1.061431,-0.067175,-2.274229,0.883865,-0.017940,-2.272334,0.706577
-0.085730,-2.071658,0.782839,-0.084582,-1.958486,0.646889,-0.088721,-1.903071,0.345838,-0.148937,-1.852605,0.038395,-0.084067,-2.191321,0.652601,-0.093846,-2.200708,0.346655,-0.138512,-2.206066,0.032458,-0.090853,-2.071397,0.836713,-0.042372,-1.943263,1.073808,-0.051069,-1.899244,0.895053,-0.018415,-1.880297,0.714681,-0.056456,-2.223753,1.061638,-0.066958,-2.270545,0.883820,-0.018141,-2.268451,0.706420
-0.084428,-2.068710,0.782963,-0.083743,-1.955186,0.647312,-0.090846,-1.901603,0.345984,-0.149003,-1.852450,0.037919,-0.082619,-2.188033,0.652419,-0.093091,-2.199029,0.346549,-0.138507,-2.206043,0.032494,-0.089564,-2.068542,0.836838,-0.041395,-1.940535,1.074067,-0.049037,-1.896589,0.895251,-0.014972,-1.878544,0.715045,-0.055939,-2.220998,1.061809,-0.066720,-2.266815,0.883752,-0.018283,-2.264528,0.706251
-0.083154,-2.065727,0.782977,-0.082870,-1.951996,0.647504,-0.091688,-1.900030,0.345938,-0.149059,-1.852271,0.037506,-0.081164,-2.184846,0.652253,-0.092333,-2.197412,0.346467,-0.138477,-2.206060,0.032562,-0.088296,-2.065612,0.836853,-0.040523,-1.937655,1.074191,-0.046913,-1.893879,0.895289,-0.011305,-1.876840,0.715281,-0.055430,-2.218098,1.061914,-0.066446,-2.262998,0.883636,-0.018306,-2.260537,0.706057
-0.081954,-2.062834,0.782900,-0.082027,-1.948962,0.647549,-0.091959,-1.898459,0.345770,-0.149152,-1.852089,0.037098,-0.079725,-2.181811,0.652055,-0.091601,-2.195843,0.346357,-0.138478,-2.206032,0.032610,-0.087111,-2.062747,0.836776,-0.039753,-1.934689,1.074146,-0.044742,-1.891218,0.895130,-0.007531,-1.875284,0.715342,-0.054931,-2.215123,1.062007,-0.066037,-2.259246,0.883540,-0.018192,-2.256578,0.705884
-0.080791,-2.059985,0.782777,-0.081200,-1.946005,0.647521,-0.091940,-1.896890,0.345541,-0.149256,-1.851908,0.036694,-0.078295,-2.178852,0.651841,-0.090878,-2.194300,0.346237,-0.138486,-2.205987,0.032655,-0.085968,-2.059913,0.836652,-0.039033,-1.931680,1.074016,-0.042548,-1.888583,0.894881,-0.003713,-1.873806,0.715334,-0.054437,-2.212111,1.062094,-0.065562,-2.255527,0.883454,-0.018009,-2.252633,0.705722
-0.079887,-2.057314,0.782687,-0.080837,-1.943230,0.647523,-0.092111,-1.895390,0.345357,-0.149344,-1.851705,0.036313,-0.077151,-2.176069,0.651657,-0.090296,-2.192847,0.346144,-0.138497,-2.205968,0.032711,-0.085011,-2.057250,0.836569,-0.038365,-1.928690,1.073818,-0.040471,-1.886107,0.894541,0.000178,-1.872541,0.715297,-0.053821,-2.209133,1.062270,-0.064890,-2.252055,0.883507,-0.017490,-2.248978,0.705740
-0.079081,-2.054732,0.782639,-0.080605,-1.940497,0.647607,-0.092244,-1.893925,0.345258,-0.149384,-1.851569,0.036015,-0.075950,-2.173323,0.651473,-0.089680,-2.191402,0.346056,-0.138498,-2.205948,0.032783,-0.084179,-2.054685,0.836525,-0.037796,-1.925721,1.073612,-0.038460,-1.883678,0.894199,0.003988,-1.871397,0.715277,-0.053184,-2.206184,1.062511,-0.064219,-2.248665,0.883639,-0.016954,-2.245421,0.705840
-0.078472,-2.052327,0.782672,-0.080635,-1.937849,0.647855,-0.092297,-1.892525,0.345318,-0.149329,-1.851556,0.035871,-0.074639,-2.170651,0.651290,-0.088997,-2.189975,0.345971,-0.138487,-2.205929,0.032875,-0.083596,-2.052318,0.836559,-0.037426,-1.922796,1.073390,-0.036580,-1.881342,0.893846,0.007645,-1.870483,0.715263,-0.052505,-2.203297,1.062878,-0.063557,-2.245443,0.883928,-0.016389,-2.242063,0.706102
-0.078111,-2.050092,0.782711,-0.081003,-1.935336,0.648144,-0.092429,-1.891159,0.345428,-0.149300,-1.851560,0.035775,-0.073163,-2.168091,0.651082,-0.088144,-2.188593,0.345861,-0.138487,-2.205906,0.032976,-0.083341,-2.050132,0.836590,-0.037420,-1.919908,1.073095,-0.034896,-1.879079,0.893431,0.010934,-1.869609,0.715174,-0.051852,-2.200466,1.063283,-0.062852,-2.242281,0.884250,-0.015790,-2.238780,0.706397
-0.077876,-2.047942,0.782752,-0.081542,-1.932897,0.648452,-0.092581,-1.889813,0.345564,-0.149243,-1.851572,0.035702,-0.071606,-2.165578,0.650866,-0.087186,-2.187242,0.345743,-0.138448,-2.205906,0.033090,-0.083248,-2.048038,0.836620,-0.037594,-1.917044,1.072764,-0.033309,-1.876850,0.892997,0.014033,-1.868740,0.715072,-0.051217,-2.197665,1.063704,-0.062135,-2.239149,0.884587,-0.015185,-2.235533,0.706704
-0.077617,-2.045914,0.782797,-0.081760,-1.930676,0.648678,-0.092677,-1.888620,0.345640,-0.149220,-1.851570,0.035613,-0.070477,-2.163300,0.650741,-0.086340,-2.186063,0.345705,-0.138452,-2.205868,0.033265,-0.083092,-2.046039,0.836656,-0.037699,-1.914346,1.072475,-0.031726,-1.874761,0.892630,0.016814,-1.868043,0.714968,-0.050587,-2.195020,1.064097,-0.061260,-2.236202,0.884896,-0.014329,-2.232349,0.707018
-0.077340,-2.043913,0.782815,-0.081913,-1.928495,0.648865,-0.092770,-1.887455,0.345686,-0.149190,-1.851551,0.035504,-0.069488,-2.161064,0.650597,-0.085604,-2.184901,0.345651,-0.138439,-2.205819,0.033408,-0.082894,-2.044068,0.836668,-0.037767,-1.911760,1.072207,-0.030165,-1.872756,0.892305,0.019538,-1.867396,0.714917,-0.049970,-2.192478,1.064423,-0.060342,-2.233424,0.885149,-0.013404,-2.229300,0.707282
-0.077029,-2.041964,0.782779,-0.081936,-1.926388,0.648979,-0.092878,-1.886338,0.345670,-0.149191,-1.851492,0.035350,-0.068777,-2.158918,0.650416,-0.085109,-2.183769,0.345558,-0.138445,-2.205731,0.033473,-0.082609,-2.042152,0.836630,-0.037757,-1.909392,1.071981,-0.028644,-1.870927,0.892041,0.022164,-1.866878,0.714930,-0.049373,-2.190142,1.064613,-0.059327,-2.230983,0.885294,-0.012331,-2.226527,0.707452
-0.076631,-2.040098,0.782750,-0.081707,-1.924382,0.649079,-0.092871,-1.885305,0.345651,-0.149192,-1.851452,0.035225,-0.068194,-2.156894,0.650261,-0.084647,-2.182767,0.345494,-0.138443,-2.205726,0.033561,-0.082227,-2.040314,0.836600,-0.037672,-1.907190,1.071815,-0.027249,-1.869212,0.891851,0.024655,-1.866537,0.715031,-0.048776,-2.187966,1.064773,-0.058179,-2.228768,0.885417,-0.011040,-2.223986,0.707619
-0.076191,-2.038273,0.782725,-0.081351,-1.922427,0.649172,-0.092807,-1.884314,0.345632,-0.149196,-1.851422,0.035118,-0.067676,-2.154930,0.650121,-0.084203,-2.181829,0.345447,-0.138443,-2.205762,0.033665,-0.081796,-2.038515,0.836575,-0.037552,-1.905072,1.071680,-0.025918,-1.867552,0.891702,0.027063,-1.866285,0.715185,-0.048180,-2.185871,1.064917,-0.056964,-2.226665,0.885529,-0.009640,-2.221561,0.707787
-0.075689,-2.036472,0.782646,-0.080758,-1.920419,0.649272,-0.092633,-1.883347,0.345620,-0.149180,-1.851455,0.035034,-0.067226,-2.152932,0.649866,-0.083762,-2.180880,0.345289,-0.138417,-2.205757,0.033655,-0.081319,-2.036758,0.836493,-0.037461,-1.903082,1.071544,-0.025096,-1.865965,0.891536,0.028909,-1.865957,0.715322,-0.047789,-2.183894,1.064991,-0.055672,-2.224772,0.885584,-0.008037,-2.219492,0.707928
-0.075172,-2.034772,0.782565,-0.080167,-1.918532,0.649355,-0.092483,-1.882433,0.345603,-0.149167,-1.851466,0.034952,-0.066783,-2.151053,0.649626,-0.083354,-2.179981,0.345144,-0.138406,-2.205740,0.033653,-0.080817,-2.035091,0.836412,-0.037279,-1.901173,1.071389,-0.024324,-1.864483,0.891338,0.030551,-1.865660,0.715395,-0.047403,-2.181996,1.065078,-0.054429,-2.222999,0.885666,-0.006409,-2.217605,0.708117
-0.074622,-2.033271,0.782483,-0.079581,-1.916885,0.649401,-0.092380,-1.881627,0.345571,-0.149152,-1.851433,0.034862,-0.066355,-2.149415,0.649418,-0.083010,-2.179183,0.345023,-0.138419,-2.205702,0.033661,-0.080263,-2.033606,0.836330,-0.036917,-1.899424,1.071195,-0.023649,-1.863217,0.891071,0.031806,-1.865421,0.715322,-0.047021,-2.180253,1.065190,-0.053281,-2.221466,0.885799,-0.004730,-2.216079,0.708395
-0.074150,-2.031869,0.782448,-0.079039,-1.915378,0.649459,-0.092165,-1.880883,0.345555,-0.149138,-1.851417,0.034816,-0.065966,-2.147916,0.649293,-0.082627,-2.178488,0.344980,-0.138421,-2.205710,0.033748,-0.079797,-2.032210,0.836295,-0.036578,-1.897794,1.071049,-0.023192,-1.862088,0.890836,0.032512,-1.865166,0.715181,-0.046742,-2.178626,1.065332,-0.052272,-2.220063,0.885971,-0.003067,-2.214741,0.708745
-0.073716,-2.030517,0.782438,-0.078520,-1.913940,0.649523,-0.091896,-1.880170,0.345548,-0.149125,-1.851410,0.034793,-0.065598,-2.146487,0.649211,-0.082225,-2.177844,0.344978,-0.138419,-2.205742,0.033878,-0.079375,-2.030858,0.836284,-0.036251,-1.896222,1.070929,-0.022845,-1.861028,0.890617,0.032942,-1.864903,0.715006,-0.046512,-2.177056,1.065490,-0.051333,-2.218725,0.886162,-0.001412,-2.213498,0.709134
-0.073418,-2.029402,0.782379,-0.078214,-1.912688,0.649585,-0.091799,-1.879551,0.345550,-0.149072,-1.851380,0.034749,-0.065491,-2.145245,0.649030,-0.082069,-2.177190,0.344856,-0.138427,-2.205595,0.033833,-0.079035,-2.029754,0.836230,-0.035919,-1.894915,1.070760,-0.022443,-1.860406,0.890323,0.032887,-1.864906,0.714580,-0.046366,-2.175746,1.065598,-0.050595,-2.217698,0.886321,0.000228,-2.212546,0.709547
-0.073105,-2.028346,0.782352,-0.077832,-1.911533,0.649643,-0.091628,-1.878990,0.345554,-0.149020,-1.851378,0.034726,-0.065330,-2.144102,0.648916,-0.081895,-2.176610,0.344803,-0.138455,-2.205501,0.033862,-0.078707,-2.028701,0.836205,-0.035580,-1.893671,1.070623,-0.022100,-1.859828,0.890063,0.032612,-1.864892,0.714141,-0.046223,-2.174499,1.065725,-0.049895,-2.216731,0.886501,0.001819,-2.211616,0.709985
-0.072761,-2.027410,0.782387,-0.077303,-1.910572,0.649696,-0.091308,-1.878546,0.345562,-0.148968,-1.851431,0.034742,-0.065064,-2.143155,0.648938,-0.081682,-2.176179,0.344886,-0.138517,-2.205514,0.034035,-0.078399,-2.027749,0.836236,-0.035227,-1.892556,1.070550,-0.021876,-1.859339,0.889868,0.031903,-1.864846,0.713671,-0.046091,-2.173379,1.065890,-0.049273,-2.215886,0.886721,0.003311,-2.210726,0.710464
-0.072412,-2.026557,0.782334,-0.076708,-1.909657,0.649693,-0.090982,-1.878100,0.345523,-0.148943,-1.851430,0.034724,-0.064747,-2.142254,0.648846,-0.081426,-2.175756,0.344852,-0.138544,-2.205490,0.034091,-0.078115,-2.026887,0.836177,-0.034943,-1.891561,1.070412,-0.021733,-1.858942,0.889615,0.030879,-1.864808,0.713075,-0.046137,-2.172374,1.065970,-0.048770,-2.215159,0.886860,0.004655,-2.209988,0.710858
-0.072061,-2.025744,0.782239,-0.076081,-1.908765,0.649664,-0.090653,-1.877652,0.345462,-0.148933,-1.851400,0.034690,-0.064404,-2.141376,0.648697,-0.081150,-2.175337,0.344760,-0.138555,-2.205445,0.034090,-0.077843,-2.026071,0.836073,-0.034691,-1.890625,1.070241,-0.021631,-1.858591,0.889333,0.029699,-1.864758,0.712424,-0.046270,-2.171426,1.066009,-0.048329,-2.214490,0.886958,0.005923,-2.209326,0.711213
-0.071749,-2.025141,0.782154,-0.075679,-1.908129,0.649609,-0.090539,-1.877346,0.345387,-0.148933,-1.851397,0.034613,-0.064122,-2.140745,0.648588,-0.080953,-2.175055,0.344696,-0.138535,-2.205483,0.034090,-0.077557,-2.025454,0.835986,-0.034423,-1.889874,1.070076,-0.021636,-1.858361,0.889061,0.028275,-1.864769,0.711753,-0.046344,-2.170663,1.066064,-0.047990,-2.213995,0.887074,0.006892,-2.208856,0.711525
-0.071446,-2.024590,0.782087,-0.075278,-1.907553,0.649563,-0.090402,-1.877067,0.345325,-0.148940,-1.851389,0.034557,-0.063853,-2.140176,0.648505,-0.080770,-2.174810,0.344655,-0.138510,-2.205538,0.034109,-0.077279,-2.024886,0.835916,-0.034138,-1.889173,1.069924,-0.021688,-1.858137,0.888809,0.026790,-1.864749,0.711108,-0.046421,-2.169951,1.066136,-0.047691,-2.213528,0.887202,0.007783,-2.208445,0.711837
-0.071161,-2.024142,0.782055,-0.074880,-1.907099,0.649537,-0.090217,-1.876839,0.345286,-0.148959,-1.851370,0.034543,-0.063612,-2.139729,0.648473,-0.080616,-2.174639,0.344661,-0.138475,-2.205627,0.034163,-0.077019,-2.024416,0.835882,-0.033821,-1.888574,1.069800,-0.021830,-1.857929,0.888592,0.025181,-1.864695,0.710502,-0.046508,-2.169338,1.066239,-0.047468,-2.213114,0.887352,0.008523,-2.208150,0.712148
