pelvis_x,pelvis_y,pelvis_z,left_hip_roll_link_x,left_hip_roll_link_y,left_hip_roll_link_z,left_knee_link_x,left_knee_link_y,left_knee_link_z,left_ankle_roll_link_x,left_ankle_roll_link_y,left_ankle_roll_link_z,right_hip_roll_link_x,right_hip_roll_link_y,right_hip_roll_link_z,right_knee_link_x,right_knee_link_y,right_knee_link_z,right_ankle_roll_link_x,right_ankle_roll_link_y,right_ankle_roll_link_z,torso_link_x,torso_link_y,torso_link_z,left_shoulder_roll_link_x,left_shoulder_roll_link_y,left_shoulder_roll_link_z,left_elbow_link_x,left_elbow_link_y,left_elbow_link_z,left_wrist_yaw_link_x,left_wrist_yaw_link_y,left_wrist_yaw_link_z,right_shoulder_roll_link_x,right_shoulder_roll_link_y,right_shoulder_roll_link_z,right_elbow_link_x,right_elbow_link_y,right_elbow_link_z,right_wrist_yaw_link_x,right_wrist_yaw_link_y,right_wrist_yaw_link_z
0.126780,-0.339968,0.038896,0.125905,-0.392192,-0.007519,0.072685,-0.196696,-0.002539,0.000621,-0.002800,0.008294,0.049425,-0.397046,0.080168,-0.132039,-0.193003,0.010627,-0.001774,-0.013341,-0.035143,0.140579,-0.324267,0.040809,0.150070,-0.332515,0.043689,0.205619,-0.346520,0.044236,0.274703,-0.358088,0.062545,0.083057,-0.326783,0.046127,0.113540,-0.314424,0.040737,0.138501,-0.303853,0.046788
0.123491,-0.339777,0.036275,0.123394,-0.392035,-0.009881,0.076411,-0.193535,-0.004577,0.000918,-0.002837,0.008781,0.047939,-0.396295,0.078056,-0.120419,-0.193272,0.012590,-0.001545,-0.012127,-0.031187,0.137053,-0.324050,0.038059,0.147969,-0.332097,0.040478,0.200166,-0.352584,0.039264,0.266162,-0.371995,0.056775,0.079031,-0.326023,0.043650,0.113684,-0.313148,0.037918,0.143973,-0.302696,0.045346
0.119010,-0.339383,0.032166,0.120762,-0.391640,-0.013581,0.083551,-0.188082,-0.007957,0.001323,-0.003022,0.009502,0.046912,-0.395075,0.074608,-0.104467,-0.193531,0.014433,-0.001220,-0.010575,-0.026653,0.131789,-0.323643,0.033718,0.144395,-0.331311,0.035505,0.191904,-0.360768,0.031877,0.253678,-0.392153,0.048312,0.073636,-0.324836,0.039645,0.113591,-0.312485,0.033827,0.151518,-0.301932,0.043310
0.113761,-0.338686,0.026589,0.118643,-0.390920,-0.018615,0.094470,-0.180193,-0.012651,0.001815,-0.003362,0.010485,0.047194,-0.393335,0.069796,-0.085853,-0.193603,0.015503,-0.000892,-0.008850,-0.022415,0.124980,-0.322955,0.027789,0.139155,-0.330113,0.028891,0.181091,-0.370306,0.022439,0.237708,-0.417595,0.037628,0.067337,-0.323250,0.034024,0.112908,-0.313305,0.028665,0.160122,-0.302384,0.040782
0.108295,-0.337593,0.019940,0.117155,-0.389829,-0.024651,0.108020,-0.170496,-0.018172,0.002360,-0.003780,0.011692,0.049271,-0.391088,0.063949,-0.066956,-0.193298,0.015430,-0.000677,-0.007151,-0.019122,0.117209,-0.321902,0.020688,0.132447,-0.328556,0.021224,0.168670,-0.380129,0.011909,0.219325,-0.446087,0.025808,0.060710,-0.321375,0.027097,0.111214,-0.316014,0.022882,0.168139,-0.304683,0.037947
0.102978,-0.336040,0.012868,0.115565,-0.388311,-0.031085,0.121842,-0.160139,-0.023704,0.002952,-0.004206,0.013044,0.052899,-0.388338,0.057616,-0.049621,-0.192500,0.014333,-0.000620,-0.005651,-0.016868,0.109220,-0.320435,0.013127,0.124809,-0.326694,0.013330,0.155895,-0.389208,0.001468,0.199671,-0.474815,0.014104,0.054279,-0.319293,0.019537,0.108173,-0.320124,0.017032,0.173975,-0.308858,0.035041
0.097828,-0.333993,0.006092,0.112574,-0.386193,-0.037156,0.133514,-0.150183,-0.028361,0.003634,-0.004653,0.014538,0.057159,-0.384973,0.051318,-0.034405,-0.191183,0.012684,-0.000675,-0.004456,-0.015271,0.101624,-0.318559,0.005910,0.116863,-0.324454,0.005968,0.143833,-0.396739,-0.007889,0.179544,-0.501128,0.003516,0.048519,-0.316948,0.012212,0.103735,-0.324396,0.011669,0.176663,-0.314259,0.032336
0.092572,-0.331430,0.000236,0.107009,-0.383165,-0.042079,0.141540,-0.141152,-0.031389,0.004439,-0.005157,0.016356,0.060831,-0.380759,0.045405,-0.020858,-0.189363,0.011017,-0.000775,-0.003574,-0.013796,0.094690,-0.316317,-0.000266,0.109042,-0.321627,-0.000342,0.132994,-0.402237,-0.015565,0.159295,-0.523123,-0.005373,0.043898,-0.314164,0.005950,0.098235,-0.327435,0.007268,0.175956,-0.319801,0.030074
0.086844,-0.328329,-0.004257,0.098423,-0.378883,-0.045210,0.145504,-0.133091,-0.032261,0.005350,-0.005613,0.018818,0.062859,-0.375433,0.040055,-0.008494,-0.187015,0.009701,-0.000888,-0.002908,-0.012055,0.088313,-0.313761,-0.004920,0.101442,-0.318013,-0.005307,0.123237,-0.405561,-0.021323,0.139010,-0.539887,-0.012281,0.040814,-0.310801,0.001318,0.092267,-0.328292,0.004134,0.172053,-0.324279,0.028351
0.080385,-0.324719,-0.007162,0.087287,-0.373136,-0.046151,0.145680,-0.125926,-0.030685,0.006343,-0.005750,0.022237,0.062762,-0.368863,0.035323,0.002493,-0.184047,0.008854,-0.000999,-0.002294,-0.009946,0.082114,-0.310969,-0.007839,0.093829,-0.313595,-0.008805,0.113896,-0.406797,-0.025146,0.118787,-0.551339,-0.017022,0.039484,-0.306917,-0.001496,0.086395,-0.326737,0.002333,0.165297,-0.326649,0.027066
0.073138,-0.320784,-0.008460,0.074790,-0.365978,-0.044756,0.142759,-0.119696,-0.026575,0.007468,-0.005354,0.026850,0.060833,-0.361161,0.031169,0.011377,-0.180383,0.008360,-0.001067,-0.001583,-0.007631,0.075580,-0.308144,-0.009053,0.085731,-0.308602,-0.010864,0.104053,-0.406066,-0.027146,0.098917,-0.557815,-0.019428,0.039905,-0.302812,-0.002612,0.080979,-0.323195,0.001738,0.156067,-0.326270,0.026002
0.065208,-0.316921,-0.008295,0.062301,-0.357763,-0.041100,0.137764,-0.114532,-0.020070,0.008853,-0.004539,0.032788,0.057915,-0.352710,0.027458,0.017604,-0.176096,0.007973,-0.001032,-0.000722,-0.005407,0.068244,-0.305672,-0.008776,0.076650,-0.303399,-0.011708,0.092869,-0.403386,-0.027585,0.079861,-0.559670,-0.019473,0.041933,-0.298906,-0.002283,0.076250,-0.318454,0.002172,0.144791,-0.323021,0.024946
0.056743,-0.313610,-0.006972,0.050695,-0.349048,-0.035526,0.131792,-0.110531,-0.011616,0.010629,-0.003770,0.039914,0.054840,-0.344053,0.023978,0.021258,-0.171430,0.007431,-0.000859,0.000246,-0.003556,0.059864,-0.303987,-0.007360,0.066378,-0.298294,-0.011778,0.079874,-0.398616,-0.026937,0.062067,-0.557011,-0.017477,0.045425,-0.295505,-0.000794,0.072510,-0.313260,0.003453,0.131981,-0.317151,0.023686
0.047833,-0.311111,-0.004950,0.039892,-0.340359,-0.028703,0.125524,-0.107683,-0.002032,0.012849,-0.003613,0.047617,0.052028,-0.335649,0.020510,0.022961,-0.166656,0.006546,-0.000561,0.001258,-0.002262,0.050505,-0.303263,-0.005270,0.055162,-0.293353,-0.011657,0.065058,-0.391447,-0.025839,0.045764,-0.549573,-0.014169,0.050332,-0.292615,0.001485,0.070262,-0.307973,0.005301,0.118258,-0.308981,0.021903
0.038523,-0.309252,-0.002759,0.028971,-0.331994,-0.021540,0.118940,-0.105873,0.007635,0.015429,-0.004467,0.054862,0.049555,-0.327667,0.016917,0.023492,-0.161904,0.005253,-0.000181,0.002265,-0.001559,0.040495,-0.303224,-0.003014,0.043558,-0.288407,-0.011857,0.048778,-0.381538,-0.024890,0.030877,-0.536823,-0.010485,0.056684,-0.289947,0.004032,0.070118,-0.302529,0.007260,0.104353,-0.298761,0.019152
0.028920,-0.307558,-0.000848,0.016802,-0.324051,-0.014923,0.111537,-0.104898,0.016435,0.018112,-0.006466,0.060608,0.047439,-0.320039,0.013216,0.023475,-0.157184,0.003641,0.000206,0.003179,-0.001326,0.030315,-0.303300,-0.001014,0.032090,-0.283260,-0.012600,0.031634,-0.368819,-0.024398,0.017135,-0.518281,-0.007253,0.064507,-0.287172,0.006243,0.072553,-0.296726,0.008769,0.091041,-0.286796,0.015025
0.019275,-0.305601,0.000513,0.002736,-0.316626,-0.009483,0.102863,-0.104507,0.023784,0.020501,-0.009612,0.064244,0.045747,-0.312698,0.009569,0.023255,-0.152539,0.001913,0.000505,0.003846,-0.001330,0.020500,-0.302989,0.000480,0.021019,-0.277930,-0.013778,0.014401,-0.353790,-0.024313,0.004266,-0.493862,-0.005032,0.073756,-0.284179,0.007588,0.077657,-0.290558,0.009336,0.079030,-0.273607,0.009359
0.009941,-0.303243,0.001220,-0.013069,-0.309941,-0.005528,0.092910,-0.104483,0.029495,0.022201,-0.014050,0.065715,0.044495,-0.305746,0.006157,0.022920,-0.148113,0.000278,0.000633,0.004120,-0.001353,0.011526,-0.302115,0.001365,0.010307,-0.272674,-0.015115,-0.002076,-0.337512,-0.024384,-0.007883,-0.463990,-0.004179,0.084291,-0.281114,0.007717,0.085123,-0.284265,0.008648,0.068905,-0.259889,0.002302
0.001257,-0.300624,0.001255,-0.029761,-0.304262,-0.003098,0.082063,-0.104793,0.033643,0.022974,-0.020384,0.065279,0.043595,-0.299400,0.003069,0.022437,-0.144082,-0.001160,0.000565,0.003995,-0.001289,0.003669,-0.300799,0.001606,-0.000313,-0.267813,-0.016394,-0.017121,-0.321311,-0.024403,-0.019402,-0.429496,-0.004974,0.095855,-0.278187,0.006493,0.094433,-0.278114,0.006591,0.061154,-0.246290,-0.005768
-0.006566,-0.297979,0.000642,-0.046131,-0.299762,-0.002049,0.070771,-0.105719,0.036397,0.022774,-0.029890,0.063187,0.042939,-0.293841,0.000281,0.021797,-0.140557,-0.002405,0.000328,0.003610,-0.001136,-0.003082,-0.299277,0.001199,-0.011179,-0.263534,-0.017560,-0.030477,-0.306353,-0.024338,-0.030433,-0.391493,-0.007621,0.108031,-0.275466,0.003968,0.105045,-0.272213,0.003232,0.056137,-0.233321,-0.014372
-0.013498,-0.295460,-0.000572,-0.060978,-0.296427,-0.002177,0.059357,-0.107809,0.037860,0.021583,-0.044482,0.059534,0.042453,-0.289115,-0.002264,0.021069,-0.137573,-0.003489,-0.000019,0.003122,-0.000921,-0.009027,-0.297695,0.000155,-0.022456,-0.259842,-0.018715,-0.042423,-0.293264,-0.024340,-0.041213,-0.351290,-0.012133,0.120180,-0.272813,0.000304,0.116395,-0.266525,-0.001239,0.053927,-0.221479,-0.023056
-0.019707,-0.292987,-0.002351,-0.073351,-0.294004,-0.003337,0.048176,-0.111685,0.037930,0.019103,-0.066372,0.054367,0.041992,-0.285067,-0.004605,0.020335,-0.135084,-0.004431,-0.000397,0.002627,-0.000646,-0.014672,-0.295956,-0.001528,-0.033947,-0.256603,-0.020051,-0.053613,-0.281944,-0.024664,-0.052067,-0.310267,-0.018252,0.131412,-0.269926,-0.004359,0.127782,-0.260940,-0.006629,0.054176,-0.211319,-0.031512
-0.025523,-0.290138,-0.004675,-0.082683,-0.291902,-0.005462,0.037810,-0.118019,0.036222,0.014363,-0.097468,0.047955,0.041214,-0.281243,-0.006775,0.019586,-0.132904,-0.005246,-0.000727,0.002167,-0.000329,-0.020587,-0.293630,-0.003852,-0.045154,-0.253572,-0.021712,-0.064736,-0.271701,-0.025504,-0.063410,-0.269694,-0.025476,0.140660,-0.266418,-0.009974,0.138329,-0.255243,-0.012845,0.056202,-0.203209,-0.039633
-0.031277,-0.286170,-0.007459,-0.088847,-0.289117,-0.008388,0.028852,-0.127918,0.032119,0.005453,-0.138621,0.041018,0.039707,-0.276798,-0.008825,0.018729,-0.130625,-0.005989,-0.000967,0.001774,-0.000043,-0.027190,-0.290016,-0.006736,-0.055564,-0.250400,-0.023618,-0.076227,-0.261633,-0.026787,-0.075716,-0.230648,-0.033069,0.146869,-0.261888,-0.016491,0.147091,-0.249030,-0.019834,0.059279,-0.196994,-0.047395
-0.037076,-0.280265,-0.010423,-0.092161,-0.284412,-0.011630,0.021391,-0.143244,0.025020,-0.010461,-0.189199,0.034836,0.037377,-0.270618,-0.010798,0.017727,-0.127665,-0.006739,-0.001130,0.001467,0.000103,-0.034512,-0.284403,-0.009880,-0.064933,-0.246666,-0.025347,-0.088181,-0.251025,-0.028063,-0.089422,-0.194102,-0.040089,0.149227,-0.255993,-0.023593,0.153252,-0.241795,-0.027322,0.062938,-0.191997,-0.054558
-0.042686,-0.271960,-0.013032,-0.093323,-0.276796,-0.014312,0.015015,-0.165978,0.014796,-0.036561,-0.247762,0.031358,0.034733,-0.261757,-0.012641,0.016715,-0.123479,-0.007509,-0.001251,0.001231,0.000065,-0.042122,-0.276474,-0.012716,-0.073384,-0.241985,-0.026234,-0.100456,-0.239591,-0.028617,-0.104823,-0.161011,-0.045534,0.147345,-0.248536,-0.030473,0.156254,-0.233240,-0.034525,0.067065,-0.187440,-0.060365
-0.047635,-0.261500,-0.014568,-0.093164,-0.266004,-0.015328,0.009717,-0.196479,0.002314,-0.075172,-0.314022,0.033367,0.032697,-0.249896,-0.014155,0.015964,-0.117821,-0.008174,-0.001338,0.001018,-0.000048,-0.049308,-0.266603,-0.014488,-0.081306,-0.236187,-0.025597,-0.112788,-0.227516,-0.027711,-0.121983,-0.132221,-0.048577,0.141318,-0.239592,-0.035867,0.155759,-0.223581,-0.040137,0.071744,-0.182829,-0.063552
-0.051464,-0.249793,-0.014351,-0.092351,-0.252582,-0.013690,0.006666,-0.232092,-0.010431,-0.126360,-0.390511,0.044259,0.032064,-0.235502,-0.015069,0.015725,-0.110865,-0.008500,-0.001346,0.000750,-0.000008,-0.055393,-0.255773,-0.014489,-0.089167,-0.229470,-0.022958,-0.124832,-0.215308,-0.024797,-0.140660,-0.108262,-0.048740,0.131683,-0.229597,-0.038477,0.151526,-0.213586,-0.042762,0.076965,-0.177941,-0.062783
-0.053916,-0.237954,-0.012091,-0.091302,-0.237609,-0.009016,0.007292,-0.267940,-0.021086,-0.187185,-0.481601,0.066868,0.033006,-0.219587,-0.015205,0.016072,-0.103125,-0.008305,-0.001214,0.000339,0.000379,-0.059918,-0.245096,-0.012408,-0.097296,-0.222350,-0.018209,-0.136220,-0.203476,-0.019694,-0.160240,-0.089148,-0.045972,0.119257,-0.219260,-0.037586,0.143401,-0.204246,-0.041605,0.082480,-0.172517,-0.057355
-0.054968,-0.226764,-0.008176,-0.090401,-0.222343,-0.001966,0.010905,-0.299837,-0.028325,-0.252014,-0.589843,0.101506,0.034960,-0.203344,-0.014637,0.016836,-0.095244,-0.007609,-0.000929,-0.000249,0.001119,-0.062638,-0.235238,-0.008621,-0.105713,-0.215383,-0.011755,-0.146678,-0.192201,-0.012742,-0.179791,-0.074346,-0.040691,0.104942,-0.209274,-0.033518,0.131557,-0.196317,-0.036977,0.087928,-0.166127,-0.047705
-0.054793,-0.216447,-0.003656,-0.090284,-0.208016,0.005781,0.013241,-0.326943,-0.032743,-0.313571,-0.712769,0.144597,0.036919,-0.187880,-0.013689,0.017657,-0.087776,-0.006655,-0.000568,-0.000903,0.002010,-0.063471,-0.226197,-0.004166,-0.114074,-0.208898,-0.004518,-0.156147,-0.181251,-0.004826,-0.198253,-0.062958,-0.033753,0.089649,-0.200053,-0.027596,0.116825,-0.190053,-0.030253,0.093018,-0.158413,-0.035416
-0.053713,-0.206861,0.000185,-0.091799,-0.195687,0.012178,0.007922,-0.351921,-0.036402,-0.364362,-0.843057,0.189348,0.037976,-0.174051,-0.012792,0.018165,-0.081060,-0.005788,-0.000264,-0.001354,0.002762,-0.062528,-0.217568,-0.000322,-0.121777,-0.202945,0.002323,-0.164800,-0.170235,0.002862,-0.214710,-0.054027,-0.026261,0.074338,-0.191684,-0.021573,0.100688,-0.185254,-0.023264,0.097494,-0.149475,-0.022661
-0.052101,-0.197851,0.002396,-0.095653,-0.186107,0.015721,-0.009951,-0.378839,-0.041388,-0.398292,-0.971483,0.228347,0.037848,-0.162353,-0.012269,0.018218,-0.075196,-0.005270,-0.000118,-0.001318,0.003171,-0.060151,-0.209012,0.001960,-0.128208,-0.197411,0.007735,-0.172929,-0.158948,0.009243,-0.228636,-0.046759,-0.019256,0.060047,-0.184039,-0.016876,0.084783,-0.181508,-0.017520,0.100922,-0.140008,-0.011400
-0.050289,-0.189473,0.002698,-0.102053,-0.179646,0.015968,-0.040867,-0.410902,-0.048591,-0.411934,-1.089608,0.256219,0.037080,-0.152896,-0.012205,0.018046,-0.070150,-0.005162,-0.000122,-0.000733,0.003219,-0.056868,-0.200545,0.002384,-0.133001,-0.192152,0.011130,-0.180787,-0.147532,0.013673,-0.239972,-0.040565,-0.013473,0.047773,-0.176906,-0.014136,0.070272,-0.178389,-0.013715,0.102634,-0.131041,-0.002779
-0.048507,-0.181983,0.001421,-0.110696,-0.176332,0.013451,-0.080615,-0.449615,-0.057425,-0.404870,-1.190575,0.270609,0.036740,-0.145471,-0.012451,0.018131,-0.065869,-0.005330,-0.000174,0.000119,0.003057,-0.053235,-0.192503,0.001255,-0.136187,-0.187056,0.012438,-0.188448,-0.136412,0.016038,-0.249008,-0.034968,-0.009245,0.038246,-0.170061,-0.013183,0.057575,-0.175544,-0.011718,0.101971,-0.123461,0.003014
-0.046912,-0.175640,-0.000778,-0.121098,-0.175919,0.009245,-0.122344,-0.495260,-0.066303,-0.379071,-1.269066,0.271401,0.037804,-0.139634,-0.012751,0.018938,-0.062255,-0.005558,-0.000162,0.000821,0.002894,-0.049689,-0.185289,-0.000788,-0.138173,-0.182039,0.012008,-0.195756,-0.126097,0.016660,-0.256201,-0.029513,-0.006530,0.031774,-0.163277,-0.013342,0.046552,-0.172679,-0.010881,0.098549,-0.117620,0.006503
-0.045712,-0.170501,-0.003171,-0.133088,-0.177889,0.004602,-0.159393,-0.547677,-0.073213,-0.337842,-1.322013,0.259314,0.040636,-0.134674,-0.012915,0.020740,-0.059013,-0.005696,-0.000032,0.001181,0.002858,-0.046525,-0.179114,-0.003016,-0.139599,-0.177006,0.010466,-0.202388,-0.117003,0.016146,-0.262077,-0.023746,-0.005004,0.028258,-0.156302,-0.013798,0.036861,-0.169513,-0.010393,0.092332,-0.113259,0.008529
-0.045287,-0.166315,-0.005124,-0.147151,-0.181467,0.000728,-0.187463,-0.606625,-0.076096,-0.284677,-1.349888,0.234939,0.044844,-0.129583,-0.012941,0.023732,-0.055586,-0.005787,0.000213,0.001361,0.002894,-0.044008,-0.173877,-0.004777,-0.141128,-0.171846,0.008564,-0.207980,-0.109347,0.015218,-0.267150,-0.017296,-0.004160,0.027351,-0.148867,-0.013889,0.028212,-0.165782,-0.009576,0.083530,-0.109733,0.009869
-0.046176,-0.162643,-0.006200,-0.164232,-0.185814,-0.001396,-0.205426,-0.671546,-0.073048,-0.222418,-1.356944,0.198711,0.049419,-0.123287,-0.013020,0.028302,-0.051396,-0.006056,0.000546,0.001663,0.002794,-0.042442,-0.169263,-0.005604,-0.143253,-0.166516,0.006995,-0.212217,-0.103175,0.014531,-0.271742,-0.010088,-0.003439,0.028614,-0.140791,-0.013289,0.020458,-0.161316,-0.008079,0.072482,-0.106375,0.010970
-0.048824,-0.159133,-0.006262,-0.184881,-0.190371,-0.001287,-0.214847,-0.740844,-0.062586,-0.153092,-1.349374,0.151643,0.053036,-0.115205,-0.013407,0.035185,-0.046258,-0.006762,0.000910,0.002294,0.002398,-0.042085,-0.164976,-0.005346,-0.146133,-0.161150,0.006190,-0.214835,-0.098509,0.014467,-0.275743,-0.002561,-0.002399,0.031532,-0.132142,-0.012060,0.013610,-0.156135,-0.005943,0.059572,-0.102863,0.011825
-0.053286,-0.155761,-0.005554,-0.208274,-0.195098,0.000798,-0.218988,-0.811061,-0.044037,-0.078475,-1.332371,0.096124,0.054410,-0.105761,-0.014266,0.045175,-0.040640,-0.008004,0.001234,0.003298,0.001792,-0.043020,-0.160944,-0.004265,-0.149562,-0.156074,0.006115,-0.215636,-0.095468,0.014935,-0.278586,0.004288,-0.000953,0.035409,-0.123307,-0.010587,0.007796,-0.150474,-0.003565,0.045140,-0.099427,0.011997
-0.059189,-0.152855,-0.004662,-0.232059,-0.200408,0.003869,-0.222007,-0.876608,-0.017985,-0.000893,-1.307990,0.035905,0.052638,-0.096373,-0.015602,0.058268,-0.035544,-0.009649,0.001487,0.004529,0.001261,-0.045196,-0.157361,-0.003005,-0.153123,-0.151710,0.006234,-0.214602,-0.094273,0.015342,-0.279523,0.009153,0.000524,0.039312,-0.114895,-0.009463,0.003142,-0.144698,-0.001581,0.029436,-0.096762,0.010782
-0.065970,-0.150972,-0.004295,-0.253288,-0.206945,0.006564,-0.228363,-0.930195,0.013383,0.076197,-1.274646,-0.024748,0.047453,-0.088943,-0.017247,0.072511,-0.032104,-0.011382,0.001729,0.005574,0.001034,-0.048594,-0.154643,-0.002353,-0.156494,-0.148479,0.005749,-0.212008,-0.095158,0.014853,-0.277959,0.010778,0.001374,0.042228,-0.107579,-0.009293,-0.000393,-0.139219,-0.000667,0.012686,-0.095707,0.007543
-0.073068,-0.150868,-0.004933,-0.269492,-0.215504,0.007671,-0.241662,-0.963343,0.046071,0.147686,-1.227505,-0.081835,0.039405,-0.085365,-0.018788,0.083398,-0.031148,-0.012702,0.002069,0.005905,0.001150,-0.053228,-0.153460,-0.002851,-0.159665,-0.146848,0.004007,-0.208379,-0.098341,0.012816,-0.273547,0.008161,0.001042,0.043408,-0.102016,-0.010373,-0.003067,-0.134550,-0.001182,-0.004735,-0.096997,0.002151
-0.079832,-0.153581,-0.006540,-0.278895,-0.227005,0.006515,-0.262367,-0.966538,0.074362,0.206292,-1.158948,-0.131568,0.029925,-0.087347,-0.019492,0.084678,-0.033002,-0.012856,0.002535,0.005286,0.001626,-0.058905,-0.154833,-0.004495,-0.162905,-0.147441,0.000831,-0.204284,-0.104083,0.009105,-0.266074,0.000539,-0.000576,0.042685,-0.098868,-0.012377,-0.005162,-0.131428,-0.002820,-0.022140,-0.101233,-0.004704
-0.085381,-0.160307,-0.008524,-0.279933,-0.242082,0.003143,-0.285482,-0.930189,0.091641,0.242827,-1.059897,-0.170013,0.021037,-0.096176,-0.018450,0.070782,-0.037552,-0.010962,0.002998,0.004000,0.002663,-0.065030,-0.160040,-0.006689,-0.166546,-0.151011,-0.003420,-0.200219,-0.112671,0.004180,-0.255440,-0.012610,-0.003063,0.040525,-0.098772,-0.014305,-0.006708,-0.130758,-0.004549,-0.038513,-0.108812,-0.011566
-0.088841,-0.171814,-0.010015,-0.271370,-0.260268,-0.001695,-0.301146,-0.848433,0.092506,0.248653,-0.924031,-0.193620,0.014586,-0.112016,-0.015092,0.040179,-0.044400,-0.006486,0.003262,0.002584,0.004594,-0.070792,-0.170052,-0.008527,-0.170806,-0.158072,-0.008051,-0.196694,-0.124147,-0.001144,-0.241879,-0.031251,-0.005682,0.037669,-0.102060,-0.014874,-0.007461,-0.133147,-0.005050,-0.052711,-0.119515,-0.016732
-0.090058,-0.187549,-0.010380,-0.253810,-0.279460,-0.006740,-0.300061,-0.725793,0.075898,0.220601,-0.754898,-0.201059,0.011173,-0.132938,-0.009843,-0.001762,-0.052838,0.000112,0.003221,0.001393,0.007561,-0.075730,-0.184610,-0.009311,-0.175848,-0.168261,-0.012415,-0.194406,-0.137806,-0.006110,-0.226235,-0.054229,-0.007773,0.034498,-0.108256,-0.013232,-0.007264,-0.138180,-0.003491,-0.063926,-0.131916,-0.019034
-0.090209,-0.205157,-0.009639,-0.231453,-0.296390,-0.010592,-0.280812,-0.581803,0.047252,0.165583,-0.570782,-0.195043,0.009495,-0.154638,-0.004376,-0.042814,-0.061709,0.007097,0.002938,0.000489,0.011173,-0.080211,-0.201620,-0.008975,-0.181966,-0.179947,-0.016203,-0.194248,-0.151926,-0.010350,-0.209998,-0.078989,-0.009054,0.030557,-0.115779,-0.009546,-0.006539,-0.144061,-0.000132,-0.072185,-0.143245,-0.018479
-0.091505,-0.221157,-0.008442,-0.211538,-0.308026,-0.012130,-0.252376,-0.446558,0.017014,0.099963,-0.400134,-0.182065,0.006812,-0.171777,-0.001000,-0.068899,-0.069480,0.012019,0.002587,-0.000121,0.014454,-0.085294,-0.217701,-0.008076,-0.189583,-0.190738,-0.019429,-0.196979,-0.164309,-0.013885,-0.194946,-0.102274,-0.009618,0.024753,-0.122426,-0.004971,-0.006328,-0.148256,0.003755,-0.078439,-0.150335,-0.016232
-0.095866,-0.232693,-0.007570,-0.200601,-0.313034,-0.010910,-0.228679,-0.346900,-0.004626,0.041958,-0.267695,-0.169583,0.000581,-0.180636,-0.001370,-0.071971,-0.074815,0.013036,0.002316,-0.000299,0.016289,-0.091969,-0.229921,-0.007341,-0.198905,-0.198810,-0.022183,-0.202740,-0.173541,-0.016874,-0.182510,-0.121699,-0.009692,0.016160,-0.126597,-0.000932,-0.007753,-0.149017,0.006695,-0.083953,-0.151381,-0.013832
-0.103576,-0.239078,-0.007470,-0.200379,-0.312277,-0.007420,-0.219857,-0.293300,-0.013071,0.002342,-0.182033,-0.162617,-0.009920,-0.181192,-0.005522,-0.054225,-0.077373,0.010013,0.002160,0.000114,0.016183,-0.100375,-0.237416,-0.007230,-0.209522,-0.203978,-0.024520,-0.210763,-0.179977,-0.019476,-0.173224,-0.137041,-0.009512,0.004681,-0.128334,0.001693,-0.011361,-0.146584,0.007889,-0.089437,-0.147136,-0.012259
-0.113111,-0.241830,-0.008189,-0.207083,-0.307952,-0.002904,-0.227287,-0.277829,-0.010499,-0.018794,-0.134913,-0.161993,-0.023313,-0.176788,-0.012080,-0.024724,-0.078085,0.004445,0.002057,0.001058,0.014661,-0.109640,-0.241528,-0.007855,-0.220386,-0.207566,-0.026554,-0.219562,-0.185477,-0.021925,-0.166643,-0.150129,-0.009388,-0.009051,-0.129231,0.002876,-0.016972,-0.142976,0.007466,-0.094657,-0.140383,-0.011557
-0.122208,-0.243273,-0.009544,-0.214470,-0.301954,0.001355,-0.244501,-0.282786,-0.002599,-0.027516,-0.110975,-0.164749,-0.037348,-0.171651,-0.019379,0.007450,-0.078519,-0.001706,0.001937,0.002186,0.012856,-0.118404,-0.244491,-0.009112,-0.230222,-0.211292,-0.028483,-0.227523,-0.192143,-0.024504,-0.161789,-0.163451,-0.009678,-0.024238,-0.131358,0.003198,-0.023998,-0.140623,0.006145,-0.098794,-0.134156,-0.011113
-0.129145,-0.245030,-0.011270,-0.217690,-0.294822,0.004775,-0.261578,-0.291394,0.005620,-0.029416,-0.097748,-0.166110,-0.050379,-0.168442,-0.026446,0.036959,-0.079840,-0.007168,0.001768,0.003073,0.011631,-0.125521,-0.247933,-0.010782,-0.238022,-0.216220,-0.030426,-0.233504,-0.201145,-0.027355,-0.157796,-0.178682,-0.010589,-0.040325,-0.136140,0.003388,-0.031854,-0.141065,0.004716,-0.101075,-0.130242,-0.010188
-0.133325,-0.247499,-0.013178,-0.215108,-0.286143,0.007435,-0.270220,-0.293839,0.011678,-0.026927,-0.089167,-0.162252,-0.061876,-0.167640,-0.033146,0.061599,-0.082284,-0.011656,0.001553,0.003460,0.011112,-0.130466,-0.252273,-0.012684,-0.243350,-0.222438,-0.032391,-0.237123,-0.212397,-0.030446,-0.154373,-0.196057,-0.012155,-0.057032,-0.143901,0.003912,-0.040220,-0.144581,0.003657,-0.101190,-0.128900,-0.008347
-0.135101,-0.250285,-0.015311,-0.207754,-0.275762,0.009423,-0.267056,-0.287598,0.014955,-0.021003,-0.083418,-0.152387,-0.071938,-0.168519,-0.039710,0.080423,-0.085425,-0.015435,0.001295,0.003346,0.010906,-0.133359,-0.257046,-0.014851,-0.246346,-0.229354,-0.034476,-0.238644,-0.224986,-0.033797,-0.151866,-0.214691,-0.014476,-0.074213,-0.154074,0.004746,-0.049137,-0.150618,0.002979,-0.099355,-0.129480,-0.005629
-0.135283,-0.252861,-0.017890,-0.197735,-0.264350,0.010468,-0.253540,-0.274323,0.015419,-0.013319,-0.079483,-0.138668,-0.080687,-0.170236,-0.046248,0.092841,-0.088695,-0.018786,0.000984,0.002878,0.010572,-0.134783,-0.261559,-0.017499,-0.247490,-0.236190,-0.036922,-0.238621,-0.237825,-0.037573,-0.151004,-0.233341,-0.017837,-0.091691,-0.165703,0.005479,-0.058933,-0.158436,0.002371,-0.096188,-0.131134,-0.002392
-0.134756,-0.254862,-0.021009,-0.186966,-0.252869,0.010302,-0.233368,-0.256489,0.013231,-0.006296,-0.075655,-0.124191,-0.088162,-0.172161,-0.052580,0.098567,-0.091658,-0.021800,0.000618,0.002193,0.009842,-0.135529,-0.265316,-0.020727,-0.247298,-0.242333,-0.039860,-0.237589,-0.250076,-0.041846,-0.152552,-0.250995,-0.022452,-0.109137,-0.177845,0.005677,-0.069968,-0.167475,0.001545,-0.092525,-0.133216,0.001007
-0.134258,-0.256026,-0.024376,-0.176667,-0.241744,0.009180,-0.210079,-0.235954,0.009087,-0.001610,-0.070378,-0.110958,-0.094585,-0.173773,-0.058312,0.097640,-0.094057,-0.024407,0.000228,0.001294,0.008598,-0.136341,-0.268046,-0.024247,-0.246084,-0.247422,-0.042994,-0.235884,-0.261235,-0.046277,-0.157020,-0.267026,-0.028117,-0.126041,-0.189762,0.005199,-0.082303,-0.177366,0.000485,-0.089235,-0.135460,0.004425
-0.134283,-0.256062,-0.027361,-0.167353,-0.230625,0.007899,-0.186093,-0.214165,0.004339,0.000802,-0.063556,-0.099212,-0.100589,-0.174723,-0.062965,0.090232,-0.095880,-0.026437,-0.000128,0.000000,0.006822,-0.137690,-0.269520,-0.027426,-0.243830,-0.251272,-0.045583,-0.233534,-0.270977,-0.050086,-0.164456,-0.281038,-0.034137,-0.141818,-0.200974,0.004234,-0.095496,-0.187770,-0.000589,-0.087098,-0.138055,0.007837
-0.135058,-0.254640,-0.029338,-0.158982,-0.218778,0.007272,-0.162680,-0.192519,0.000455,0.002326,-0.056614,-0.088140,-0.107163,-0.175109,-0.066101,0.076495,-0.097490,-0.027679,-0.000381,-0.002052,0.004581,-0.139693,-0.269418,-0.029624,-0.240130,-0.253733,-0.046775,-0.230166,-0.278974,-0.052375,-0.174358,-0.292746,-0.039651,-0.156005,-0.211261,0.003053,-0.108701,-0.198301,-0.001483,-0.086717,-0.141618,0.011073
-0.136618,-0.251543,-0.030053,-0.151160,-0.205689,0.007552,-0.140304,-0.172243,-0.001779,0.004483,-0.051283,-0.077046,-0.115274,-0.175570,-0.067466,0.056862,-0.099607,-0.027959,-0.000459,-0.005325,0.002047,-0.142229,-0.267401,-0.030570,-0.234276,-0.254605,-0.046093,-0.224986,-0.284821,-0.052620,-0.185723,-0.302017,-0.044131,-0.168448,-0.220656,0.001724,-0.121032,-0.208595,-0.002278,-0.088412,-0.147010,0.013655
-0.138911,-0.246876,-0.029727,-0.143445,-0.191491,0.008332,-0.119330,-0.154196,-0.002520,0.007901,-0.048291,-0.066087,-0.125368,-0.176947,-0.067095,0.032877,-0.103021,-0.027181,-0.000268,-0.010213,-0.000426,-0.145164,-0.263405,-0.030463,-0.225575,-0.253719,-0.043706,-0.217023,-0.288160,-0.050953,-0.197258,-0.308938,-0.047637,-0.179309,-0.229359,0.000055,-0.131950,-0.218456,-0.003312,-0.092090,-0.155058,0.014958
-0.141848,-0.241194,-0.028795,-0.135627,-0.176987,0.009022,-0.100697,-0.138899,-0.002383,0.012000,-0.046921,-0.056109,-0.136997,-0.179706,-0.065258,0.007794,-0.108174,-0.025277,0.000315,-0.016927,-0.002222,-0.148492,-0.257919,-0.029732,-0.213845,-0.251130,-0.040275,-0.205647,-0.288888,-0.048008,-0.207696,-0.313697,-0.050585,-0.188843,-0.237557,-0.002152,-0.141413,-0.227922,-0.004846,-0.097268,-0.166301,0.014631
-0.145242,-0.235367,-0.027500,-0.127773,-0.163278,0.009473,-0.085874,-0.126564,-0.001712,0.015412,-0.045498,-0.047890,-0.148871,-0.183562,-0.062273,-0.013818,-0.114943,-0.022083,0.001414,-0.025561,-0.002498,-0.152264,-0.251949,-0.028633,-0.199730,-0.247232,-0.036515,-0.191116,-0.287251,-0.044489,-0.216092,-0.316329,-0.053220,-0.197118,-0.245217,-0.004736,-0.149792,-0.237170,-0.006674,-0.103364,-0.180795,0.012984
-0.148747,-0.230218,-0.025688,-0.120029,-0.151257,0.010171,-0.075912,-0.116978,-0.000305,0.016845,-0.042396,-0.041482,-0.159349,-0.187632,-0.058274,-0.027380,-0.122817,-0.017233,0.003148,-0.036414,-0.000371,-0.156401,-0.246574,-0.027035,-0.184503,-0.242559,-0.032821,-0.174744,-0.283683,-0.040789,-0.222043,-0.316531,-0.055295,-0.203940,-0.251966,-0.007042,-0.157685,-0.246268,-0.008036,-0.110125,-0.198022,0.010976
-0.151911,-0.226115,-0.022923,-0.112351,-0.141282,0.011840,-0.070390,-0.109440,0.002242,0.015864,-0.036955,-0.036165,-0.167119,-0.191006,-0.053080,-0.029652,-0.131339,-0.010089,0.005722,-0.050316,0.004911,-0.160610,-0.242354,-0.024521,-0.169443,-0.237433,-0.029162,-0.158482,-0.278528,-0.036898,-0.225680,-0.313757,-0.056156,-0.209047,-0.257187,-0.008172,-0.165732,-0.254937,-0.007967,-0.117819,-0.216916,0.009755
-0.154340,-0.222794,-0.018775,-0.104375,-0.133163,0.014855,-0.067220,-0.102910,0.005999,0.013066,-0.029751,-0.030957,-0.171644,-0.193293,-0.046204,-0.019553,-0.140392,0.000210,0.009532,-0.068635,0.013860,-0.164485,-0.239000,-0.020659,-0.155286,-0.231777,-0.025171,-0.144191,-0.271904,-0.032504,-0.227404,-0.307557,-0.055057,-0.212405,-0.260304,-0.007410,-0.174450,-0.262531,-0.005799,-0.127031,-0.236074,0.010107
-0.155822,-0.219515,-0.013056,-0.095585,-0.126432,0.018944,-0.063628,-0.096391,0.010471,0.009588,-0.022085,-0.025224,-0.173172,-0.194738,-0.037071,0.001562,-0.150063,0.014473,0.015129,-0.092729,0.026590,-0.167668,-0.235538,-0.015237,-0.142154,-0.225270,-0.020339,-0.133070,-0.263826,-0.027169,-0.227450,-0.298001,-0.051404,-0.214390,-0.261072,-0.004507,-0.184073,-0.268268,-0.001458,-0.138196,-0.254070,0.012189
-0.156349,-0.215460,-0.005911,-0.085757,-0.120750,0.023378,-0.057677,-0.089403,0.014840,0.006431,-0.015213,-0.019003,-0.172468,-0.195941,-0.025388,0.030015,-0.160285,0.032937,0.022973,-0.123170,0.042554,-0.169913,-0.230838,-0.008354,-0.129834,-0.217654,-0.014256,-0.125472,-0.254381,-0.020556,-0.225601,-0.285918,-0.044931,-0.215679,-0.259665,0.000321,-0.194444,-0.271533,0.004627,-0.151221,-0.269750,0.015663
-0.156016,-0.210202,0.002218,-0.075286,-0.116218,0.027364,-0.049180,-0.082302,0.018370,0.004110,-0.009894,-0.012915,-0.170476,-0.197534,-0.011450,0.060328,-0.170653,0.054801,0.033103,-0.159206,0.060330,-0.171035,-0.224221,-0.000400,-0.118018,-0.208928,-0.006882,-0.121027,-0.243815,-0.012664,-0.221281,-0.272787,-0.035859,-0.216868,-0.256530,0.006570,-0.205043,-0.272120,0.011795,-0.165461,-0.282456,0.019994
-0.154900,-0.203990,0.010691,-0.064907,-0.113398,0.030292,-0.039316,-0.076109,0.020597,0.002708,-0.006397,-0.007846,-0.168076,-0.200159,0.003836,0.086114,-0.180701,0.078104,0.044876,-0.198576,0.077760,-0.170877,-0.215842,0.008026,-0.106354,-0.199410,0.001293,-0.118825,-0.232537,-0.003982,-0.213904,-0.260337,-0.025009,-0.218067,-0.252189,0.013596,-0.215193,-0.270375,0.019394,-0.179995,-0.292201,0.024660
-0.152958,-0.197735,0.018773,-0.054904,-0.113005,0.031706,-0.029300,-0.071890,0.021191,0.002066,-0.004661,-0.004634,-0.165997,-0.204745,0.019241,0.101339,-0.190544,0.100117,0.056812,-0.237440,0.092672,-0.169324,-0.206686,0.016200,-0.094498,-0.189717,0.009320,-0.117626,-0.221124,0.004575,-0.203206,-0.250088,-0.013685,-0.218873,-0.247197,0.020715,-0.224331,-0.267176,0.026864,-0.193977,-0.299714,0.029215
-0.150014,-0.192629,0.025759,-0.044540,-0.115469,0.031187,-0.019262,-0.070094,0.019776,0.001948,-0.004409,-0.003863,-0.164826,-0.212560,0.033626,0.102572,-0.201595,0.118317,0.066553,-0.270977,0.104134,-0.166331,-0.198122,0.023393,-0.082275,-0.180659,0.016130,-0.116171,-0.210266,0.011984,-0.189403,-0.242990,-0.003292,-0.218730,-0.242155,0.027282,-0.232159,-0.263632,0.033730,-0.206788,-0.306152,0.033285
-0.145890,-0.189406,0.031168,-0.032522,-0.120495,0.028503,-0.008391,-0.070289,0.016106,0.002137,-0.005210,-0.005617,-0.164758,-0.224305,0.046295,0.092547,-0.217031,0.131660,0.070998,-0.296132,0.113630,-0.161983,-0.191119,0.029073,-0.069832,-0.172902,0.021008,-0.113586,-0.200476,0.017573,-0.173297,-0.239063,0.005192,-0.217343,-0.237517,0.032810,-0.238613,-0.260486,0.039600,-0.218032,-0.312384,0.036583
-0.140593,-0.187518,0.034947,-0.018455,-0.126696,0.024077,0.003608,-0.071396,0.010675,0.002489,-0.006507,-0.009155,-0.165028,-0.238308,0.057048,0.082544,-0.241684,0.141214,0.066671,-0.316207,0.124872,-0.156572,-0.185477,0.033114,-0.057617,-0.166436,0.023983,-0.109641,-0.191580,0.021393,-0.156240,-0.237036,0.011619,-0.214786,-0.233152,0.037052,-0.243739,-0.257461,0.044194,-0.227520,-0.318190,0.038930
-0.134367,-0.184902,0.037494,-0.004036,-0.131615,0.019325,0.014986,-0.072271,0.005190,0.002903,-0.007643,-0.012817,-0.163678,-0.249579,0.065839,0.088942,-0.281156,0.149078,0.050379,-0.342863,0.141565,-0.150532,-0.179653,0.035834,-0.046160,-0.160324,0.025826,-0.104567,-0.182530,0.024212,-0.139793,-0.234482,0.016633,-0.211330,-0.228104,0.040011,-0.247557,-0.253145,0.047384,-0.235305,-0.322079,0.040244
-0.127448,-0.178989,0.039390,0.007535,-0.132577,0.016248,0.022188,-0.072283,0.002101,0.003253,-0.007974,-0.014598,-0.158504,-0.251814,0.072272,0.122652,-0.340264,0.155877,0.020197,-0.390531,0.164370,-0.144104,-0.171655,0.037750,-0.035784,-0.153255,0.027573,-0.098500,-0.172066,0.027014,-0.125071,-0.228888,0.021156,-0.207176,-0.221129,0.041870,-0.249921,-0.245788,0.049196,-0.241662,-0.322237,0.040472
-0.119773,-0.168525,0.041007,0.013842,-0.128223,0.016276,0.022407,-0.071457,0.003137,0.003388,-0.007131,-0.013245,-0.148835,-0.241750,0.075530,0.178333,-0.421068,0.159064,-0.023365,-0.465231,0.189606,-0.137002,-0.160530,0.039233,-0.026374,-0.144637,0.029899,-0.091008,-0.159882,0.030366,-0.112221,-0.219174,0.025718,-0.202287,-0.211767,0.042879,-0.250449,-0.234632,0.049780,-0.246949,-0.318027,0.039551
-0.111001,-0.154701,0.042341,0.015228,-0.119613,0.019248,0.016374,-0.070071,0.007945,0.003234,-0.005283,-0.009049,-0.136553,-0.222179,0.074984,0.233727,-0.521014,0.154168,-0.076440,-0.557699,0.210884,-0.128507,-0.147210,0.040364,-0.017331,-0.135248,0.032824,-0.081179,-0.147183,0.034155,-0.100461,-0.206381,0.030206,-0.196429,-0.201000,0.043278,-0.248637,-0.220647,0.049358,-0.251447,-0.310683,0.037454
-0.100890,-0.140498,0.043161,0.014560,-0.109761,0.023483,0.008408,-0.068257,0.014181,0.002837,-0.003101,-0.003641,-0.125201,-0.200535,0.070896,0.261745,-0.632172,0.138342,-0.131868,-0.648538,0.222209,-0.118020,-0.133944,0.041040,-0.007867,-0.126793,0.035909,-0.068196,-0.136035,0.037835,-0.088636,-0.192880,0.034119,-0.189422,-0.190791,0.043242,-0.244150,-0.206008,0.048150,-0.255275,-0.302467,0.034261
-0.089617,-0.128846,0.043220,0.015216,-0.101824,0.026890,0.003406,-0.066098,0.019055,0.002302,-0.001363,0.001031,-0.117880,-0.184222,0.064430,0.246124,-0.742404,0.113118,-0.180804,-0.721244,0.220161,-0.105550,-0.122891,0.041121,0.002523,-0.120844,0.038640,-0.051866,-0.128170,0.040834,-0.075790,-0.180937,0.036987,-0.181368,-0.182944,0.042802,-0.237058,-0.192829,0.046261,-0.258385,-0.295101,0.030146
-0.077715,-0.121172,0.042312,0.019277,-0.097358,0.028126,0.003766,-0.063886,0.020942,0.001687,-0.000479,0.003690,-0.115677,-0.176711,0.056950,0.188713,-0.838180,0.084042,-0.215616,-0.771383,0.204278,-0.091716,-0.115093,0.040435,0.013745,-0.118115,0.040641,-0.032690,-0.124288,0.042765,-0.061338,-0.171793,0.038569,-0.172647,-0.178288,0.041763,-0.227852,-0.182290,0.043588,-0.260565,-0.288867,0.025260
-0.065752,-0.117188,0.040252,0.027083,-0.095896,0.027003,0.008831,-0.062005,0.019854,0.001012,-0.000324,0.004117,-0.117461,-0.176883,0.049329,0.105189,-0.907724,0.057778,-0.232645,-0.805668,0.176367,-0.077361,-0.110384,0.038750,0.025205,-0.118441,0.041695,-0.011617,-0.124098,0.043430,-0.044967,-0.165638,0.038844,-0.163718,-0.176639,0.039735,-0.217251,-0.174638,0.039865,-0.261424,-0.282917,0.019685
-0.054077,-0.115609,0.036914,0.037701,-0.095767,0.024174,0.016379,-0.060599,0.016857,0.000335,-0.000468,0.002917,-0.120703,-0.180860,0.041776,0.015445,-0.943367,0.039053,-0.233243,-0.834900,0.139594,-0.063183,-0.107918,0.035847,0.036189,-0.121146,0.041706,0.010214,-0.126718,0.042796,-0.026582,-0.162003,0.037952,-0.154889,-0.177223,0.036306,-0.205984,-0.169679,0.034865,-0.260388,-0.276203,0.013524
-0.042803,-0.115068,0.032303,0.049523,-0.095351,0.020560,0.024172,-0.059525,0.013206,-0.000232,-0.000524,0.000976,-0.122677,-0.184456,0.034074,-0.064353,-0.942780,0.029144,-0.222489,-0.867598,0.097571,-0.049561,-0.106793,0.031647,0.046259,-0.125430,0.040664,0.031674,-0.131076,0.040959,-0.006309,-0.160165,0.036123,-0.146194,-0.179152,0.031263,-0.194644,-0.167187,0.028605,-0.256780,-0.268258,0.007014
-0.031901,-0.114790,0.026573,0.060871,-0.093942,0.016899,0.030729,-0.058633,0.009769,-0.000597,-0.000351,-0.001034,-0.121612,-0.185062,0.025872,-0.125483,-0.909131,0.026078,-0.206453,-0.907198,0.053540,-0.036516,-0.106492,0.026271,0.055500,-0.130661,0.038589,0.051918,-0.136215,0.038083,0.015619,-0.159420,0.033592,-0.137406,-0.181773,0.024713,-0.183635,-0.167020,0.021375,-0.249983,-0.259450,0.000505
-0.021231,-0.114751,0.019999,0.070680,-0.091811,0.013589,0.035535,-0.057945,0.006899,-0.000759,-0.000023,-0.002806,-0.117204,-0.182284,0.016897,-0.166520,-0.850030,0.026042,-0.189661,-0.952351,0.010106,-0.023774,-0.106992,0.020015,0.064482,-0.136510,0.035533,0.070619,-0.141451,0.034366,0.039049,-0.159190,0.030557,-0.128205,-0.184832,0.017060,-0.173206,-0.169011,0.013628,-0.239631,-0.250713,-0.005641
-0.010516,-0.115345,0.012961,0.078917,-0.089661,0.010792,0.038927,-0.057572,0.004644,-0.000810,0.000339,-0.004234,-0.110174,-0.177298,0.007137,-0.190712,-0.775405,0.025236,-0.174077,-0.998922,-0.030356,-0.010901,-0.108525,0.013294,0.073903,-0.142879,0.031654,0.087924,-0.146347,0.030078,0.063845,-0.159035,0.027234,-0.118428,-0.188356,0.008925,-0.163491,-0.172767,0.005862,-0.225758,-0.242983,-0.011102
0.000621,-0.116933,0.005929,0.086408,-0.088125,0.008579,0.041714,-0.057563,0.002970,-0.000866,0.000708,-0.005231,-0.101417,-0.171704,-0.003058,-0.202999,-0.695119,0.021212,-0.159703,-1.042117,-0.065344,0.002506,-0.111261,0.006590,0.084158,-0.149712,0.027277,0.104176,-0.150615,0.025604,0.089598,-0.158677,0.023914,-0.108202,-0.192402,0.001033,-0.154505,-0.177587,-0.001444,-0.208869,-0.236742,-0.015594
0.012496,-0.119686,-0.000592,0.094120,-0.087713,0.006958,0.044685,-0.057949,0.001806,-0.000990,0.001129,-0.005766,-0.091582,-0.166857,-0.013032,-0.208360,-0.617148,0.013076,-0.145848,-1.077695,-0.092651,0.016661,-0.115198,0.000397,0.095204,-0.156894,0.022837,0.119731,-0.154119,0.021366,0.115483,-0.158078,0.020900,-0.097845,-0.196893,-0.005901,-0.146059,-0.182611,-0.007844,-0.189818,-0.231968,-0.018883
0.025133,-0.123725,-0.006159,0.102427,-0.088996,0.005871,0.048207,-0.058884,0.001023,-0.001181,0.001585,-0.005936,-0.081224,-0.163771,-0.022064,-0.211440,-0.546542,0.000853,-0.132060,-1.102362,-0.111350,0.031501,-0.120313,-0.004858,0.106774,-0.164290,0.018714,0.134989,-0.156973,0.017678,0.140527,-0.157460,0.018365,-0.087630,-0.201669,-0.011300,-0.137723,-0.187153,-0.012955,-0.169513,-0.228418,-0.020824
0.038159,-0.129269,-0.010485,0.110870,-0.092571,0.005269,0.052108,-0.060670,0.000521,-0.001401,0.001940,-0.005896,-0.071005,-0.163118,-0.029669,-0.216366,-0.485212,-0.015207,-0.118458,-1.113915,-0.122371,0.046642,-0.126719,-0.008890,0.118592,-0.171834,0.015078,0.150392,-0.159606,0.014601,0.164017,-0.157219,0.016249,-0.077616,-0.206604,-0.014830,-0.128932,-0.190949,-0.016516,-0.148642,-0.225916,-0.021380
0.050927,-0.136585,-0.013492,0.118552,-0.098802,0.005189,0.055873,-0.063598,0.000319,-0.001584,0.002040,-0.005726,-0.061587,-0.165151,-0.035764,-0.226412,-0.432515,-0.034961,-0.105595,-1.111234,-0.128161,0.061439,-0.134674,-0.011624,0.130321,-0.179546,0.011839,0.166183,-0.162658,0.011931,0.185643,-0.157773,0.014282,-0.067632,-0.211641,-0.016451,-0.119161,-0.194147,-0.018446,-0.127628,-0.224424,-0.020633
0.062778,-0.145862,-0.015303,0.124713,-0.107665,0.005711,0.058998,-0.067791,0.000525,-0.001653,0.001818,-0.005404,-0.053376,-0.169710,-0.040598,-0.243868,-0.386219,-0.058431,-0.093974,-1.093858,-0.131961,0.075160,-0.144445,-0.013205,0.141387,-0.187471,0.008714,0.182085,-0.166688,0.009303,0.205298,-0.159387,0.012117,-0.057370,-0.216732,-0.016369,-0.107990,-0.197058,-0.018852,-0.106771,-0.223900,-0.018796
0.073260,-0.157126,-0.016172,0.129040,-0.118877,0.006837,0.061226,-0.073185,0.001188,-0.001566,0.001289,-0.004903,-0.046418,-0.176435,-0.044529,-0.270162,-0.343399,-0.085668,-0.083322,-1.061074,-0.137193,0.087200,-0.156161,-0.013916,0.151026,-0.195592,0.005364,0.197286,-0.171884,0.006360,0.222881,-0.162027,0.009487,-0.046514,-0.221788,-0.014905,-0.095062,-0.199925,-0.017971,-0.086340,-0.224203,-0.016186
0.082209,-0.170223,-0.016366,0.131618,-0.132095,0.008425,0.062567,-0.079589,0.002209,-0.001376,0.000529,-0.004275,-0.040457,-0.184978,-0.047784,-0.305440,-0.301460,-0.116162,-0.072168,-1.010911,-0.146693,0.097245,-0.169728,-0.014051,0.158607,-0.203806,0.001536,0.210815,-0.177981,0.002902,0.238333,-0.165360,0.006316,-0.034861,-0.226700,-0.012375,-0.080082,-0.202892,-0.016067,-0.066550,-0.225148,-0.013139
0.089728,-0.184801,-0.016044,0.132824,-0.147007,0.010232,0.063229,-0.086723,0.003374,-0.001219,-0.000279,-0.003643,-0.035074,-0.195093,-0.050248,-0.347192,-0.259613,-0.147726,-0.058484,-0.939893,-0.161386,0.105339,-0.184766,-0.013770,0.163959,-0.211977,-0.002735,0.222040,-0.184473,-0.000954,0.251844,-0.168933,0.002838,-0.022360,-0.231428,-0.009019,-0.062925,-0.206132,-0.013339,-0.047500,-0.226671,-0.009897
0.096065,-0.200247,-0.015104,0.133253,-0.163321,0.011996,0.063572,-0.094290,0.004448,-0.001192,-0.000856,-0.003143,-0.029834,-0.206666,-0.051247,-0.389067,-0.220076,-0.175662,-0.041523,-0.844413,-0.179044,0.111803,-0.200546,-0.012944,0.167397,-0.220003,-0.006915,0.230904,-0.190909,-0.004602,0.263938,-0.172414,-0.000250,-0.009077,-0.236032,-0.004964,-0.043764,-0.209911,-0.009857,-0.029150,-0.228863,-0.006500
0.101424,-0.215713,-0.013062,0.133563,-0.180803,0.013528,0.064016,-0.102100,0.005275,-0.001266,-0.000980,-0.002850,-0.024377,-0.219729,-0.049431,-0.421755,-0.187363,-0.193581,-0.023501,-0.723735,-0.194525,0.116980,-0.216028,-0.011045,0.169533,-0.227800,-0.009897,0.237798,-0.197038,-0.006907,0.275310,-0.175707,-0.001756,0.004845,-0.240604,-0.000135,-0.023078,-0.214443,-0.005492,-0.011338,-0.231799,-0.002693
0.105830,-0.230274,-0.009124,0.134188,-0.199333,0.014775,0.064865,-0.110147,0.005841,-0.001307,-0.000659,-0.002718,-0.018351,-0.234391,-0.043066,-0.436271,-0.165366,-0.196054,-0.009024,-0.583210,-0.201906,0.121001,-0.230064,-0.007237,0.171028,-0.235211,-0.010288,0.243246,-0.202744,-0.006495,0.286525,-0.178936,-0.000275,0.019199,-0.245130,0.005780,-0.001550,-0.219684,0.000100,0.006205,-0.235335,0.002062
0.109243,-0.243189,-0.002566,0.135194,-0.218827,0.015816,0.066167,-0.118537,0.006279,-0.001209,-0.000127,-0.002572,-0.011221,-0.250615,-0.030830,-0.427612,-0.154524,-0.181417,-0.001906,-0.435425,-0.197151,0.123811,-0.241757,-0.000776,0.172384,-0.242009,-0.007008,0.247591,-0.207966,-0.002334,0.297753,-0.182393,0.005226,0.033719,-0.249459,0.013161,0.020095,-0.225329,0.007293,0.023802,-0.239122,0.008365
0.111795,-0.254144,0.006705,0.136435,-0.239011,0.016766,0.067765,-0.127277,0.006781,-0.000987,0.000324,-0.002175,-0.002257,-0.267968,-0.012791,-0.396326,-0.151838,-0.152623,-0.002085,-0.297540,-0.179610,0.125440,-0.250816,0.008421,0.173801,-0.248057,0.000084,0.250801,-0.212793,0.005648,0.308653,-0.186575,0.014805,0.048092,-0.253478,0.022045,0.041197,-0.231089,0.016111,0.041702,-0.242897,0.016437
0.113853,-0.263351,0.017719,0.137744,-0.259195,0.017648,0.069430,-0.136107,0.007463,-0.000752,0.000519,-0.001346,0.009039,-0.285500,0.008968,-0.347386,-0.153459,-0.115835,-0.005776,-0.185256,-0.151994,0.126189,-0.257717,0.019358,0.175132,-0.253555,0.009855,0.252497,-0.217653,0.016237,0.318429,-0.192232,0.027205,0.061915,-0.257355,0.031717,0.061168,-0.237030,0.025836,0.059874,-0.246814,0.025692
0.115753,-0.271456,0.028526,0.138854,-0.278282,0.018313,0.070923,-0.144492,0.008258,-0.000573,0.000475,-0.000099,0.022335,-0.301902,0.030652,-0.287817,-0.156930,-0.078100,-0.008670,-0.106585,-0.119426,0.126498,-0.263566,0.030063,0.176014,-0.259067,0.020087,0.252170,-0.223330,0.027125,0.326064,-0.200282,0.040047,0.074662,-0.261601,0.040679,0.079450,-0.243632,0.034975,0.077943,-0.251472,0.034703
0.117463,-0.279201,0.036965,0.139227,-0.295144,0.018490,0.071967,-0.151822,0.008920,-0.000408,0.000348,0.001318,0.036356,-0.315956,0.048233,-0.224718,-0.161289,-0.045266,-0.008819,-0.059610,-0.087798,0.126601,-0.269560,0.038373,0.176113,-0.265201,0.028305,0.249494,-0.230596,0.035756,0.330663,-0.211473,0.050672,0.085799,-0.266758,0.047235,0.095533,-0.251444,0.041841,0.095375,-0.257527,0.041806
0.118571,-0.286972,0.041751,0.138219,-0.309136,0.017919,0.072276,-0.157718,0.009154,-0.000190,0.000279,0.002548,0.049552,-0.327039,0.059384,-0.164079,-0.166027,-0.020507,-0.006806,-0.035570,-0.061634,0.126301,-0.276321,0.043008,0.175295,-0.272137,0.032932,0.244509,-0.239693,0.040497,0.331742,-0.225987,0.057330,0.095018,-0.272950,0.050362,0.109090,-0.260586,0.045420,0.111823,-0.265116,0.045997
0.118624,-0.294583,0.043002,0.135570,-0.320303,0.016464,0.071716,-0.162200,0.008768,0.000057,0.000276,0.003331,0.061009,-0.335297,0.064401,-0.110091,-0.170510,-0.003965,-0.004060,-0.024378,-0.042618,0.125132,-0.283585,0.044092,0.173600,-0.279455,0.033915,0.237628,-0.250179,0.041275,0.329300,-0.243333,0.059833,0.102364,-0.279708,0.050173,0.120128,-0.270550,0.045821,0.127329,-0.273616,0.047393
0.117560,-0.301450,0.041801,0.131744,-0.329088,0.014164,0.070474,-0.165550,0.007763,0.000236,0.000208,0.003649,0.070822,-0.341290,0.065317,-0.064807,-0.174082,0.006216,-0.001549,-0.018551,-0.029892,0.122801,-0.290506,0.042702,0.171097,-0.286393,0.032344,0.229504,-0.261250,0.039191,0.323681,-0.262599,0.059167,0.108098,-0.286238,0.047589,0.128986,-0.280445,0.043937,0.142178,-0.281917,0.046864
0.115844,-0.306984,0.039306,0.127751,-0.335874,0.011182,0.069033,-0.168044,0.006302,0.000308,-0.000077,0.003702,0.079748,-0.345497,0.064222,-0.028372,-0.176330,0.012255,0.000405,-0.014157,-0.021571,0.119539,-0.296258,0.039987,0.167830,-0.292291,0.029519,0.220873,-0.272166,0.035587,0.315377,-0.282756,0.056567,0.112489,-0.291851,0.043648,0.136196,-0.289418,0.040736,0.156575,-0.288971,0.045303
0.114243,-0.310894,0.036204,0.124596,-0.340844,0.007725,0.067934,-0.169807,0.004598,0.000338,-0.000623,0.003747,0.088575,-0.348140,0.062282,0.000108,-0.177200,0.015692,0.001770,-0.009924,-0.016046,0.116052,-0.300433,0.036636,0.163925,-0.296851,0.026307,0.212369,-0.282439,0.031403,0.304906,-0.302825,0.052891,0.115766,-0.296231,0.039051,0.142302,-0.296940,0.036836,0.170430,-0.294215,0.043189
0.113424,-0.313272,0.032737,0.122799,-0.344213,0.003924,0.067512,-0.170897,0.002763,0.000412,-0.001337,0.003907,0.097590,-0.349444,0.059863,0.021549,-0.176973,0.017330,0.002569,-0.005956,-0.012338,0.113166,-0.303086,0.032905,0.159697,-0.300174,0.023088,0.204349,-0.291839,0.027098,0.292706,-0.322008,0.048561,0.118227,-0.299460,0.034115,0.147759,-0.302912,0.032495,0.183409,-0.297719,0.040620
0.113688,-0.314525,0.028950,0.122315,-0.346485,-0.000239,0.067840,-0.171433,0.000729,0.000534,-0.002050,0.004091,0.106410,-0.349926,0.057081,0.036422,-0.176165,0.017649,0.002851,-0.002732,-0.009883,0.111485,-0.304586,0.028870,0.155611,-0.302645,0.019973,0.196827,-0.300399,0.022841,0.279089,-0.339829,0.043764,0.120277,-0.301912,0.028940,0.152922,-0.307639,0.027804,0.195175,-0.300064,0.037545
0.114997,-0.315211,0.024860,0.122882,-0.348403,-0.004907,0.069011,-0.171541,-0.001720,0.000635,-0.002611,0.004101,0.114195,-0.350389,0.054108,0.045042,-0.175371,0.017096,0.002729,-0.000539,-0.008268,0.111288,-0.305424,0.024578,0.152092,-0.304763,0.016989,0.189610,-0.308434,0.018673,0.264274,-0.356222,0.038595,0.122271,-0.304073,0.023560,0.158056,-0.311635,0.022820,0.205614,-0.301946,0.033952
0.117182,-0.315877,0.020479,0.124443,-0.350679,-0.010243,0.071595,-0.171062,-0.004824,0.000658,-0.002933,0.003851,0.120125,-0.351638,0.051136,0.048114,-0.175087,0.016105,0.002382,0.000692,-0.007159,0.112603,-0.306075,0.020059,0.149303,-0.306948,0.014114,0.182531,-0.316475,0.014536,0.248528,-0.371465,0.033078,0.124287,-0.306345,0.018039,0.163299,-0.315312,0.017613,0.214847,-0.303728,0.029911
0.120055,-0.316950,0.015787,0.127189,-0.353756,-0.016334,0.076886,-0.169240,-0.008759,0.000620,-0.003000,0.003518,0.123827,-0.354179,0.048223,0.046882,-0.175581,0.014965,0.001985,0.001293,-0.006347,0.115262,-0.306928,0.015293,0.147062,-0.309385,0.011198,0.175580,-0.325058,0.010242,0.232226,-0.385988,0.027116,0.126103,-0.308892,0.012492,0.168609,-0.318763,0.012272,0.223061,-0.305269,0.025551
0.123324,-0.318702,0.010728,0.131115,-0.357768,-0.023158,0.086600,-0.164729,-0.013600,0.000616,-0.002858,0.003490,0.125462,-0.358098,0.045243,0.042771,-0.176837,0.013731,0.001646,0.001663,-0.005797,0.118851,-0.308267,0.010208,0.144965,-0.311966,0.007917,0.168804,-0.334415,0.005454,0.215740,-0.400068,0.020465,0.127434,-0.311582,0.007063,0.173817,-0.321751,0.006905,0.230317,-0.306100,0.021006
0.126430,-0.321229,0.005273,0.135475,-0.362609,-0.030558,0.101883,-0.156208,-0.019240,0.000796,-0.002627,0.004181,0.125421,-0.363091,0.041971,0.036957,-0.178620,0.012304,0.001391,0.002072,-0.005574,0.122678,-0.310243,0.004762,0.142617,-0.314357,0.003855,0.162133,-0.344231,-0.000203,0.199244,-0.413518,0.012828,0.128259,-0.314054,0.001877,0.178754,-0.323846,0.001629,0.236531,-0.305680,0.016384
0.128571,-0.324429,-0.000477,0.138733,-0.367988,-0.038199,0.122063,-0.143429,-0.025250,0.001283,-0.002483,0.005850,0.123954,-0.368590,0.038254,0.030344,-0.180631,0.010620,0.001196,0.002535,-0.005662,0.125894,-0.312828,-0.000952,0.139836,-0.316143,-0.001284,0.155338,-0.353683,-0.006924,0.182685,-0.425620,0.004065,0.128968,-0.315880,-0.002961,0.183342,-0.324598,-0.003436,0.241578,-0.303545,0.011782
0.128977,-0.328036,-0.006258,0.139161,-0.373485,-0.045563,0.144101,-0.127972,-0.030805,0.002100,-0.002581,0.008514,0.121097,-0.373928,0.034114,0.023995,-0.182659,0.008793,0.001010,0.002864,-0.005836,0.127759,-0.315838,-0.006663,0.136718,-0.316999,-0.007490,0.148175,-0.361799,-0.014582,0.165954,-0.435435,-0.005652,0.130215,-0.316737,-0.007344,0.187544,-0.323729,-0.008147,0.245359,-0.299443,0.007323
0.127214,-0.331720,-0.011709,0.135596,-0.378631,-0.052044,0.163544,-0.112809,-0.034880,0.003162,-0.002982,0.011989,0.116941,-0.378497,0.029711,0.019484,-0.184609,0.007072,0.000786,0.002875,-0.005716,0.127842,-0.319022,-0.012007,0.133494,-0.316793,-0.014461,0.140539,-0.367885,-0.022789,0.149073,-0.442276,-0.015896,0.132606,-0.316498,-0.011167,0.191277,-0.321261,-0.012347,0.247771,-0.293432,0.003158
0.123273,-0.335207,-0.016513,0.127761,-0.382990,-0.057111,0.176603,-0.100777,-0.036634,0.004373,-0.003649,0.016027,0.111955,-0.381816,0.025203,0.018500,-0.186379,0.005638,0.000519,0.002573,-0.005013,0.126029,-0.322185,-0.016675,0.130252,-0.315576,-0.021776,0.132471,-0.371728,-0.031076,0.132188,-0.445956,-0.026174,0.136463,-0.315218,-0.014356,0.194428,-0.317477,-0.015908,0.248698,-0.285828,-0.000596
0.117485,-0.338342,-0.020472,0.116061,-0.386208,-0.060380,0.181777,-0.093202,-0.035665,0.005733,-0.004573,0.020474,0.107072,-0.383514,0.020616,0.021741,-0.187696,0.004418,0.000258,0.002136,-0.003767,0.122429,-0.325259,-0.020485,0.126733,-0.313487,-0.029052,0.124032,-0.373505,-0.039045,0.115422,-0.446659,-0.036079,0.141842,-0.313032,-0.016869,0.196980,-0.312767,-0.018749,0.248117,-0.277027,-0.003871
0.110373,-0.341079,-0.023460,0.101239,-0.388014,-0.061577,0.179914,-0.089746,-0.031956,0.007353,-0.005982,0.025381,0.103479,-0.383296,0.015883,0.028207,-0.188103,0.003121,0.000068,0.001757,-0.002347,0.117309,-0.328283,-0.023332,0.122373,-0.310654,-0.035966,0.115197,-0.373563,-0.046379,0.098804,-0.444656,-0.045296,0.148710,-0.310049,-0.018641,0.199100,-0.307491,-0.020780,0.246192,-0.267398,-0.006595
0.102506,-0.343390,-0.025355,0.084238,-0.388210,-0.060503,0.173198,-0.089232,-0.025695,0.009338,-0.008557,0.030995,0.102256,-0.380948,0.010975,0.035850,-0.187113,0.001475,-0.000016,0.001548,-0.001169,0.110978,-0.331302,-0.025108,0.116513,-0.307153,-0.042207,0.105837,-0.372232,-0.052779,0.082341,-0.440107,-0.053518,0.156985,-0.306304,-0.019568,0.201073,-0.301913,-0.021866,0.243182,-0.257312,-0.008657
0.094312,-0.345151,-0.026077,0.066227,-0.386645,-0.057152,0.164091,-0.090560,-0.017280,0.011562,-0.013578,0.037579,0.104001,-0.376351,0.005992,0.042974,-0.184430,-0.000573,0.000000,0.001554,-0.000426,0.103607,-0.334210,-0.025751,0.108595,-0.303028,-0.047477,0.095744,-0.369716,-0.057965,0.066093,-0.433060,-0.060418,0.166317,-0.301785,-0.019631,0.203129,-0.296177,-0.021968,0.239213,-0.247170,-0.010070
0.085935,-0.345983,-0.025777,0.048523,-0.383162,-0.051976,0.154615,-0.093369,-0.007607,0.013339,-0.022913,0.045062,0.108472,-0.369479,0.001098,0.048940,-0.180053,-0.002876,0.000085,0.001784,-0.000062,0.095118,-0.336578,-0.025425,0.098275,-0.298327,-0.051581,0.084622,-0.366053,-0.061762,0.050161,-0.423571,-0.065730,0.175801,-0.296479,-0.019152,0.205300,-0.290281,-0.021415,0.234153,-0.237356,-0.011236
0.077235,-0.345174,-0.024941,0.032335,-0.377549,-0.046001,0.145740,-0.098615,0.001651,0.013006,-0.038803,0.052751,0.114424,-0.360353,-0.003568,0.053700,-0.174223,-0.005229,0.000196,0.002183,0.000065,0.085281,-0.337560,-0.024627,0.085546,-0.293083,-0.054476,0.072183,-0.361124,-0.064159,0.034660,-0.411859,-0.069309,0.183911,-0.290383,-0.018889,0.207374,-0.284099,-0.020996,0.227764,-0.228214,-0.012978
0.067985,-0.341796,-0.024182,0.018518,-0.369506,-0.040468,0.137102,-0.108910,0.008263,0.007634,-0.063552,0.059572,0.119861,-0.348994,-0.007869,0.057072,-0.167295,-0.007422,0.000279,0.002590,0.000090,0.073992,-0.336054,-0.023968,0.070804,-0.287300,-0.056122,0.058375,-0.354781,-0.065158,0.019770,-0.398430,-0.071036,0.188824,-0.283518,-0.019714,0.208948,-0.277527,-0.021605,0.219963,-0.220131,-0.016109
0.058171,-0.335105,-0.023768,0.007550,-0.358645,-0.036038,0.127663,-0.127841,0.010294,-0.006686,-0.099562,0.065076,0.122787,-0.335392,-0.011604,0.058627,-0.159600,-0.009222,0.000276,0.002776,0.000155,0.061537,-0.331197,-0.023696,0.054737,-0.281033,-0.056204,0.043572,-0.347074,-0.064490,0.005747,-0.384094,-0.070594,0.189030,-0.276010,-0.021970,0.209470,-0.270724,-0.023549,0.210923,-0.213704,-0.020735
0.048197,-0.325008,-0.023307,-0.000406,-0.344626,-0.032192,0.117196,-0.157957,0.007175,-0.033722,-0.149979,0.070593,0.122144,-0.319527,-0.014537,0.058139,-0.151353,-0.010416,0.000160,0.002542,0.000406,0.048679,-0.322923,-0.023390,0.037992,-0.274526,-0.054031,0.028418,-0.338425,-0.061503,-0.007196,-0.369800,-0.067392,0.183945,-0.268189,-0.025024,0.208238,-0.264229,-0.026113,0.200911,-0.209753,-0.025857
0.038802,-0.312252,-0.021952,-0.005596,-0.327457,-0.027494,0.107082,-0.198625,0.000114,-0.075541,-0.219319,0.079400,0.118320,-0.301501,-0.016556,0.055978,-0.142635,-0.010945,-0.000026,0.001831,0.000888,0.036475,-0.312137,-0.022171,0.020860,-0.268236,-0.048846,0.013377,-0.329521,-0.055466,-0.019065,-0.356295,-0.060827,0.174119,-0.260568,-0.027508,0.204342,-0.258789,-0.027841,0.190059,-0.209056,-0.029722
0.030741,-0.298170,-0.019031,-0.008880,-0.307845,-0.020635,0.099071,-0.245774,-0.008544,-0.131385,-0.312641,0.095328,0.112804,-0.281776,-0.017778,0.053019,-0.133496,-0.010977,-0.000172,0.000782,0.001487,0.025926,-0.300327,-0.019340,0.003297,-0.262675,-0.040401,-0.001569,-0.320954,-0.046153,-0.030088,-0.343876,-0.050771,0.160919,-0.253663,-0.028116,0.196752,-0.254980,-0.027419,0.178303,-0.211914,-0.030730
0.024425,-0.284166,-0.014581,-0.011632,-0.287288,-0.011461,0.092893,-0.294027,-0.016594,-0.197352,-0.432712,0.120599,0.107136,-0.261347,-0.018500,0.050099,-0.124136,-0.010813,-0.000202,-0.000316,0.001996,0.017664,-0.288882,-0.014923,-0.014653,-0.258201,-0.029344,-0.016732,-0.312884,-0.034231,-0.040453,-0.332449,-0.037893,0.145942,-0.247799,-0.026397,0.184709,-0.252900,-0.024485,0.165584,-0.217868,-0.028298
0.019770,-0.271225,-0.009389,-0.015280,-0.267690,-0.001176,0.085215,-0.339463,-0.022957,-0.266729,-0.576897,0.154408,0.101943,-0.241618,-0.019017,0.047510,-0.114979,-0.010696,-0.000163,-0.001132,0.002269,0.011812,-0.278549,-0.009704,-0.032400,-0.254876,-0.017078,-0.032248,-0.304939,-0.021134,-0.049995,-0.321735,-0.023525,0.130571,-0.243025,-0.022964,0.168309,-0.252132,-0.019825,0.152093,-0.225688,-0.023144
0.016271,-0.259684,-0.004543,-0.020907,-0.250708,0.008339,0.071021,-0.381001,-0.027783,-0.331028,-0.736536,0.193050,0.096817,-0.223913,-0.019479,0.044996,-0.106541,-0.010693,-0.000200,-0.001460,0.002313,0.008027,-0.269312,-0.004781,-0.048819,-0.252439,-0.005218,-0.047842,-0.296341,-0.008508,-0.058196,-0.311319,-0.009176,0.115863,-0.239103,-0.019093,0.148803,-0.251919,-0.014886,0.138285,-0.233669,-0.016887
0.013195,-0.249320,-0.000925,-0.029256,-0.237292,0.015459,0.046200,-0.420048,-0.031890,-0.381814,-0.899609,0.231218,0.091064,-0.208936,-0.019881,0.042236,-0.099176,-0.010726,-0.000393,-0.001319,0.002248,0.005626,-0.260637,-0.001042,-0.062832,-0.250347,0.004956,-0.063021,-0.286157,0.002347,-0.064600,-0.300436,0.003898,0.102586,-0.235519,-0.016049,0.128221,-0.251430,-0.011020,0.124624,-0.240129,-0.011282
0.009831,-0.239674,0.001050,-0.040896,-0.227665,0.019363,0.009610,-0.459281,-0.036064,-0.412668,-1.054358,0.263564,0.084562,-0.196587,-0.020156,0.039357,-0.092906,-0.010701,-0.000642,-0.000925,0.002196,0.003793,-0.251911,0.001087,-0.074000,-0.247911,0.012718,-0.077401,-0.273640,0.010705,-0.069357,-0.287842,0.014798,0.091261,-0.231575,-0.014610,0.108549,-0.250000,-0.008972,0.111257,-0.243917,-0.007579
0.005693,-0.230408,0.001406,-0.056173,-0.221612,0.020096,-0.036189,-0.501467,-0.040531,-0.420245,-1.191355,0.285884,0.078005,-0.186209,-0.020284,0.036951,-0.087457,-0.010605,-0.000737,-0.000534,0.002196,0.001815,-0.242816,0.001621,-0.082630,-0.244559,0.017850,-0.090761,-0.258593,0.016377,-0.073419,-0.272075,0.022868,0.082178,-0.226626,-0.014940,0.091051,-0.247274,-0.008786,0.097920,-0.244699,-0.006288
0.000605,-0.221507,0.000498,-0.075063,-0.218722,0.018425,-0.085695,-0.548825,-0.044680,-0.404170,-1.303904,0.295579,0.072424,-0.176961,-0.020345,0.035665,-0.082401,-0.010547,-0.000546,-0.000278,0.002173,-0.000737,-0.233490,0.000903,-0.089465,-0.240075,0.020554,-0.102906,-0.241573,0.019610,-0.078240,-0.251990,0.027682,0.075424,-0.220335,-0.016683,0.076151,-0.243198,-0.010001,0.084095,-0.242861,-0.007274
-0.005373,-0.213197,-0.001095,-0.097178,-0.218454,0.015618,-0.132442,-0.602953,-0.047047,-0.366327,-1.388106,0.291345,0.068519,-0.168026,-0.020503,0.035814,-0.077267,-0.010717,-0.000107,-0.000093,0.001953,-0.003978,-0.224395,-0.000490,-0.095360,-0.234626,0.021379,-0.113589,-0.223721,0.021003,-0.085193,-0.227159,0.029178,0.070915,-0.212726,-0.019138,0.063712,-0.237850,-0.011882,0.069285,-0.239098,-0.009970
-0.012076,-0.205721,-0.002737,-0.121885,-0.220201,0.013051,-0.171255,-0.664843,-0.045665,-0.310107,-1.443035,0.272514,0.066338,-0.158731,-0.020916,0.037390,-0.071670,-0.011306,0.000458,0.000197,0.001355,-0.007818,-0.216006,-0.001922,-0.101114,-0.228561,0.021063,-0.122631,-0.206280,0.021330,-0.095046,-0.197965,0.027756,0.068377,-0.204015,-0.021501,0.053369,-0.231240,-0.013674,0.053233,-0.233949,-0.013623
-0.019313,-0.199207,-0.003971,-0.148246,-0.223485,0.011655,-0.199686,-0.734383,-0.038639,-0.239830,-1.470407,0.238873,0.065380,-0.148776,-0.021625,0.040393,-0.065551,-0.012373,0.001046,0.000642,0.000348,-0.012122,-0.208593,-0.002942,-0.107387,-0.222219,0.020250,-0.130063,-0.190178,0.021255,-0.107729,-0.165487,0.024157,0.067293,-0.194456,-0.023171,0.044703,-0.223283,-0.014868,0.036013,-0.227624,-0.017567
-0.026927,-0.193727,-0.004703,-0.174871,-0.228161,0.011536,-0.218274,-0.809212,-0.024703,-0.160216,-1.473502,0.191325,0.064794,-0.138526,-0.022500,0.045011,-0.059405,-0.013785,0.001603,0.000982,-0.000850,-0.016860,-0.202239,-0.003473,-0.114533,-0.215873,0.019225,-0.136079,-0.175919,0.021055,-0.122386,-0.131389,0.019178,0.066901,-0.184346,-0.023967,0.037302,-0.213978,-0.015363,0.018024,-0.220200,-0.021427
-0.034849,-0.189420,-0.005186,-0.199993,-0.234355,0.012063,-0.230131,-0.883659,-0.003622,-0.075902,-1.455842,0.132742,0.063434,-0.129069,-0.023315,0.051279,-0.054210,-0.015265,0.002099,0.000770,-0.001861,-0.022164,-0.196976,-0.003799,-0.122395,-0.209748,0.017810,-0.140863,-0.163683,0.020517,-0.137611,-0.097749,0.013413,0.066279,-0.174092,-0.024123,0.030767,-0.203626,-0.015428,-0.000082,-0.211929,-0.025106
-0.043083,-0.186528,-0.005872,-0.221816,-0.242266,0.012243,-0.240075,-0.948785,0.023382,0.008705,-1.419851,0.067893,0.060001,-0.121953,-0.023865,0.058197,-0.050990,-0.016468,0.002510,-0.000225,-0.002349,-0.028234,-0.192891,-0.004395,-0.130334,-0.204072,0.015531,-0.144540,-0.153448,0.019122,-0.151861,-0.066720,0.007214,0.064531,-0.164247,-0.024119,0.024691,-0.192916,-0.015504,-0.017536,-0.203369,-0.028643
-0.051549,-0.185425,-0.007197,-0.238784,-0.252113,0.011056,-0.252919,-0.993755,0.053116,0.088901,-1.365211,0.002195,0.053586,-0.118859,-0.023940,0.062829,-0.050403,-0.016934,0.002824,-0.001811,-0.002142,-0.035143,-0.190226,-0.005710,-0.137632,-0.199250,0.011970,-0.147366,-0.145158,0.016419,-0.163973,-0.040125,0.000839,0.061041,-0.155558,-0.024466,0.018669,-0.182864,-0.016037,-0.033644,-0.195308,-0.032109
-0.059897,-0.186696,-0.009404,-0.249464,-0.264192,0.007623,-0.270721,-1.007784,0.080166,0.158774,-1.287673,-0.059604,0.044369,-0.121362,-0.023195,0.060575,-0.052697,-0.015992,0.003071,-0.003631,-0.001154,-0.042728,-0.189513,-0.007994,-0.143976,-0.196028,0.007021,-0.149900,-0.138960,0.012298,-0.173506,-0.019297,-0.005400,0.055626,-0.148988,-0.025489,0.012384,-0.174686,-0.017299,-0.047918,-0.188623,-0.035511
-0.067453,-0.191114,-0.012389,-0.252227,-0.278596,0.001459,-0.290115,-0.982056,0.097673,0.210922,-1.180337,-0.113562,0.033851,-0.130541,-0.021155,0.047570,-0.057913,-0.012880,0.003320,-0.005555,0.000818,-0.050613,-0.191622,-0.011145,-0.149589,-0.195370,0.000925,-0.152859,-0.135345,0.007015,-0.180655,-0.005174,-0.011150,0.048441,-0.145539,-0.027045,0.005702,-0.169562,-0.019122,-0.060059,-0.184121,-0.038563
-0.073391,-0.199260,-0.015651,-0.245397,-0.294437,-0.007134,-0.301964,-0.911919,0.099457,0.237835,-1.038480,-0.155694,0.024254,-0.146252,-0.017536,0.024245,-0.065914,-0.007241,0.003632,-0.007692,0.004157,-0.058313,-0.197428,-0.014661,-0.155003,-0.197965,-0.005849,-0.156806,-0.134884,0.001052,-0.185870,0.001707,-0.016082,0.039670,-0.145844,-0.028358,-0.001315,-0.168246,-0.020716,-0.069862,-0.182286,-0.040471
-0.077161,-0.210880,-0.018450,-0.228356,-0.309283,-0.016813,-0.295080,-0.799834,0.082917,0.235104,-0.865897,-0.181726,0.017258,-0.166450,-0.012713,-0.003215,-0.076091,0.000295,0.003990,-0.010052,0.009086,-0.065405,-0.207142,-0.017784,-0.160846,-0.203708,-0.012695,-0.162064,-0.137638,-0.004984,-0.189610,0.001586,-0.019870,0.029261,-0.149739,-0.028242,-0.008519,-0.170586,-0.020919,-0.077234,-0.182907,-0.040138
-0.079072,-0.224432,-0.020168,-0.203246,-0.319683,-0.025456,-0.263133,-0.658249,0.051289,0.205200,-0.678392,-0.188773,0.012761,-0.187249,-0.007935,-0.025893,-0.087045,0.007934,0.004300,-0.012295,0.015025,-0.071811,-0.219702,-0.019847,-0.167850,-0.211501,-0.018956,-0.169010,-0.142626,-0.010416,-0.192464,-0.004066,-0.022151,0.016853,-0.156077,-0.025755,-0.015871,-0.175188,-0.018897,-0.082447,-0.184744,-0.036878
-0.080555,-0.237330,-0.020638,-0.175746,-0.322788,-0.030942,-0.210732,-0.509767,0.013591,0.158825,-0.500678,-0.178237,0.008606,-0.204079,-0.004950,-0.037656,-0.096718,0.013303,0.004463,-0.013856,0.020318,-0.078026,-0.232766,-0.020616,-0.176840,-0.219521,-0.024071,-0.178316,-0.147874,-0.014645,-0.195364,-0.012628,-0.022613,0.001916,-0.162988,-0.020829,-0.023608,-0.179637,-0.014787,-0.086375,-0.185659,-0.031060
-0.083582,-0.247020,-0.020194,-0.153278,-0.318101,-0.032109,-0.153854,-0.381482,-0.018746,0.110847,-0.356577,-0.157286,0.001872,-0.213642,-0.005073,-0.038501,-0.103220,0.014666,0.004430,-0.014307,0.023001,-0.084931,-0.243646,-0.020368,-0.188352,-0.225957,-0.027772,-0.190641,-0.151338,-0.017379,-0.199391,-0.021322,-0.021230,-0.015945,-0.168675,-0.014327,-0.032257,-0.181555,-0.009652,-0.090286,-0.183583,-0.024011
-0.089415,-0.252333,-0.019385,-0.141077,-0.307902,-0.029307,-0.112644,-0.294070,-0.037227,0.072374,-0.257861,-0.136545,-0.009076,-0.215593,-0.008305,-0.033265,-0.105922,0.012011,0.004206,-0.013686,0.022215,-0.093181,-0.250739,-0.019641,-0.202010,-0.229917,-0.030179,-0.205894,-0.152193,-0.018768,-0.205194,-0.028659,-0.018429,-0.036624,-0.172396,-0.007482,-0.042443,-0.180020,-0.004763,-0.095201,-0.177888,-0.017172
-0.097758,-0.253908,-0.018575,-0.139200,-0.295604,-0.024015,-0.100085,-0.252199,-0.040024,0.045804,-0.199851,-0.124513,-0.023659,-0.212468,-0.013323,-0.027606,-0.105818,0.007007,0.003816,-0.012496,0.018854,-0.102667,-0.254223,-0.018835,-0.216299,-0.231779,-0.031604,-0.222877,-0.151379,-0.019239,-0.212608,-0.035108,-0.014941,-0.059374,-0.174871,-0.001188,-0.054645,-0.176161,-0.000826,-0.101360,-0.169867,-0.011236
-0.107119,-0.253244,-0.017769,-0.143140,-0.283197,-0.017797,-0.114528,-0.243884,-0.031406,0.027307,-0.167215,-0.122829,-0.040124,-0.207720,-0.018470,-0.024867,-0.104687,0.001757,0.003271,-0.011358,0.014708,-0.112558,-0.255357,-0.018011,-0.229089,-0.232628,-0.032236,-0.239773,-0.150814,-0.019156,-0.220960,-0.042373,-0.011424,-0.083133,-0.177649,0.004293,-0.069067,-0.172268,0.002206,-0.108310,-0.161719,-0.006008
-0.115913,-0.251430,-0.016831,-0.147277,-0.270264,-0.011589,-0.142417,-0.249600,-0.017930,0.012825,-0.144541,-0.126626,-0.057178,-0.203672,-0.022833,-0.025467,-0.103949,-0.002539,0.002575,-0.010673,0.011084,-0.121826,-0.255226,-0.017072,-0.238551,-0.233328,-0.032083,-0.255023,-0.152101,-0.018697,-0.229695,-0.052009,-0.008317,-0.107008,-0.182036,0.009044,-0.085603,-0.170315,0.004689,-0.115406,-0.155057,-0.000968
-0.123252,-0.248777,-0.015886,-0.148061,-0.255459,-0.005908,-0.168733,-0.253784,-0.004854,0.000959,-0.123256,-0.129543,-0.074419,-0.201058,-0.026501,-0.027980,-0.104221,-0.005888,0.001740,-0.010563,0.008263,-0.129737,-0.254186,-0.016153,-0.243783,-0.234122,-0.031272,-0.267777,-0.155887,-0.018104,-0.238668,-0.064612,-0.006045,-0.130432,-0.188492,0.012966,-0.103765,-0.171213,0.006700,-0.122145,-0.150336,0.004030
-0.128990,-0.245325,-0.015483,-0.144966,-0.238621,-0.001393,-0.185600,-0.250384,0.005052,-0.008277,-0.101692,-0.128453,-0.091612,-0.199772,-0.030095,-0.030494,-0.105532,-0.008930,0.000773,-0.010957,0.005893,-0.136005,-0.252200,-0.015796,-0.244827,-0.234866,-0.030318,-0.277729,-0.162064,-0.017918,-0.247945,-0.079909,-0.005247,-0.152880,-0.196699,0.015530,-0.122651,-0.175019,0.007830,-0.128121,-0.147348,0.008535
-0.133422,-0.241321,-0.016333,-0.139575,-0.221306,0.001160,-0.192967,-0.240673,0.010847,-0.015213,-0.081376,-0.124170,-0.108090,-0.199501,-0.034213,-0.031735,-0.107546,-0.012277,-0.000370,-0.011572,0.003540,-0.140728,-0.249350,-0.016700,-0.242318,-0.235349,-0.030018,-0.284758,-0.170191,-0.018888,-0.257516,-0.097259,-0.006700,-0.173559,-0.205867,0.016002,-0.141109,-0.181397,0.007475,-0.132913,-0.145919,0.011839
-0.137036,-0.237223,-0.018840,-0.134113,-0.205673,0.001284,-0.194056,-0.228060,0.012495,-0.020595,-0.063883,-0.119056,-0.122979,-0.199844,-0.039140,-0.031978,-0.109625,-0.016205,-0.001788,-0.011892,0.000899,-0.144291,-0.245972,-0.019258,-0.237093,-0.235371,-0.031056,-0.288752,-0.179753,-0.021613,-0.267250,-0.116072,-0.011004,-0.191457,-0.214970,0.013935,-0.158085,-0.189820,0.005323,-0.136207,-0.146219,0.013493
-0.140349,-0.233434,-0.022832,-0.130284,-0.193143,-0.000801,-0.191467,-0.214843,0.010488,-0.024812,-0.049907,-0.114714,-0.135741,-0.200323,-0.044769,-0.033339,-0.111015,-0.020605,-0.003559,-0.011367,-0.002204,-0.147235,-0.242480,-0.023292,-0.229976,-0.234717,-0.033642,-0.289607,-0.190258,-0.026222,-0.277015,-0.136003,-0.018284,-0.205745,-0.222990,0.009500,-0.172913,-0.199550,0.001604,-0.138096,-0.148674,0.013540
-0.143675,-0.230075,-0.027664,-0.128621,-0.183863,-0.004329,-0.186197,-0.201916,0.005781,-0.027554,-0.039680,-0.111347,-0.146352,-0.200537,-0.050651,-0.038833,-0.111173,-0.025080,-0.005645,-0.009738,-0.005792,-0.149997,-0.239115,-0.028159,-0.221681,-0.233229,-0.037395,-0.287279,-0.201298,-0.032266,-0.286726,-0.156903,-0.028071,-0.216159,-0.229236,0.003425,-0.185347,-0.209666,-0.003062,-0.139209,-0.153699,0.012319
-0.146925,-0.226957,-0.032555,-0.128402,-0.176990,-0.008430,-0.178254,-0.189591,-0.000418,-0.028135,-0.033395,-0.108301,-0.155016,-0.200314,-0.056155,-0.050442,-0.110039,-0.029112,-0.007881,-0.007235,-0.009648,-0.152668,-0.235840,-0.033082,-0.212712,-0.230931,-0.041523,-0.281815,-0.212567,-0.038878,-0.296227,-0.178630,-0.039389,-0.223074,-0.233574,-0.003344,-0.195414,-0.219216,-0.008019,-0.140498,-0.161476,0.010132
-0.149645,-0.223741,-0.036862,-0.128127,-0.171329,-0.012469,-0.167301,-0.178037,-0.007019,-0.026013,-0.031118,-0.104797,-0.161856,-0.199719,-0.060647,-0.067522,-0.108082,-0.032225,-0.010029,-0.004527,-0.013272,-0.154964,-0.232422,-0.037428,-0.203268,-0.228030,-0.045140,-0.273373,-0.223839,-0.045080,-0.305110,-0.200892,-0.050998,-0.227273,-0.236388,-0.009972,-0.203297,-0.227446,-0.012808,-0.142809,-0.171857,0.007103
-0.151345,-0.220134,-0.040167,-0.126355,-0.165903,-0.016083,-0.153030,-0.167180,-0.013315,-0.021156,-0.032469,-0.100329,-0.166946,-0.198967,-0.063627,-0.086782,-0.106131,-0.034057,-0.011767,-0.002555,-0.015970,-0.156478,-0.228599,-0.040781,-0.193285,-0.224782,-0.047530,-0.262211,-0.234923,-0.050066,-0.312598,-0.223271,-0.061663,-0.229628,-0.238282,-0.015858,-0.209320,-0.233956,-0.017153,-0.146559,-0.184338,0.003342
-0.151856,-0.216011,-0.042194,-0.122406,-0.160179,-0.019008,-0.135493,-0.156611,-0.018929,-0.014126,-0.036449,-0.094723,-0.170566,-0.198279,-0.064776,-0.103725,-0.105099,-0.034369,-0.012658,-0.002299,-0.017079,-0.157005,-0.224208,-0.042862,-0.182648,-0.221342,-0.048247,-0.248653,-0.245615,-0.053316,-0.317579,-0.245350,-0.070333,-0.230849,-0.239721,-0.020602,-0.213930,-0.238705,-0.020809,-0.151649,-0.198064,-0.000812
-0.151428,-0.211467,-0.042727,-0.116489,-0.154038,-0.020901,-0.115451,-0.145810,-0.023553,-0.005970,-0.041529,-0.088035,-0.173242,-0.197779,-0.063964,-0.114491,-0.105695,-0.033037,-0.012258,-0.004509,-0.016174,-0.156692,-0.219310,-0.043445,-0.171409,-0.217743,-0.047127,-0.233051,-0.255664,-0.054596,-0.318800,-0.266783,-0.076257,-0.231365,-0.240857,-0.023899,-0.217595,-0.241930,-0.023433,-0.157630,-0.211920,-0.004697
-0.150515,-0.206863,-0.041555,-0.109297,-0.147691,-0.021281,-0.094504,-0.134520,-0.026717,0.001947,-0.045918,-0.080432,-0.175441,-0.197490,-0.061210,-0.117089,-0.108274,-0.030037,-0.010329,-0.009584,-0.013166,-0.155940,-0.214291,-0.042320,-0.159832,-0.213992,-0.044264,-0.215796,-0.264743,-0.053919,-0.315166,-0.287258,-0.079042,-0.231373,-0.241610,-0.025423,-0.220698,-0.244045,-0.024534,-0.164042,-0.224810,-0.007441
-0.149496,-0.202767,-0.038454,-0.101506,-0.141553,-0.019583,-0.074791,-0.122919,-0.027746,0.008206,-0.047892,-0.072071,-0.177216,-0.197345,-0.056572,-0.111428,-0.112927,-0.025384,-0.006977,-0.017824,-0.008247,-0.155215,-0.209823,-0.039280,-0.148268,-0.210160,-0.039914,-0.197350,-0.272437,-0.051431,-0.306031,-0.306403,-0.078607,-0.231036,-0.241893,-0.024767,-0.223539,-0.245507,-0.023522,-0.170749,-0.236003,-0.008184
-0.148608,-0.199684,-0.033212,-0.093596,-0.136018,-0.015291,-0.058284,-0.111465,-0.025942,0.011763,-0.046240,-0.062989,-0.178247,-0.197143,-0.050060,-0.098107,-0.119758,-0.019063,-0.002524,-0.030011,-0.001787,-0.154927,-0.206539,-0.034137,-0.137004,-0.206346,-0.034312,-0.178263,-0.278244,-0.047241,-0.291424,-0.323673,-0.075039,-0.230686,-0.241740,-0.021520,-0.226430,-0.246613,-0.019894,-0.178034,-0.245274,-0.006342
-0.148072,-0.197702,-0.025785,-0.085948,-0.131220,-0.008235,-0.046013,-0.100628,-0.020969,0.012442,-0.040773,-0.053159,-0.178206,-0.196524,-0.041659,-0.076753,-0.129091,-0.010983,0.002802,-0.047816,0.005809,-0.155421,-0.204591,-0.026869,-0.126195,-0.202547,-0.027578,-0.159174,-0.281590,-0.041368,-0.272075,-0.338236,-0.068504,-0.230834,-0.241232,-0.015556,-0.229722,-0.247287,-0.013569,-0.186407,-0.252715,-0.001894
-0.148172,-0.196327,-0.016555,-0.078837,-0.126997,0.000985,-0.037672,-0.090790,-0.013338,0.011074,-0.032604,-0.042785,-0.177039,-0.195145,-0.031450,-0.045438,-0.141383,-0.000924,0.009127,-0.073529,0.014254,-0.156974,-0.203412,-0.017860,-0.115872,-0.198607,-0.019835,-0.140807,-0.281927,-0.033885,-0.249190,-0.349016,-0.059317,-0.231964,-0.240379,-0.007419,-0.233727,-0.247101,-0.005229,-0.196239,-0.258404,0.004392
-0.149098,-0.194692,-0.006506,-0.072135,-0.123092,0.010782,-0.031813,-0.082300,-0.004613,0.009042,-0.023805,-0.032628,-0.174903,-0.193007,-0.019755,-0.002455,-0.156711,0.011408,0.016920,-0.108792,0.023472,-0.159694,-0.201940,-0.008078,-0.106016,-0.194381,-0.011427,-0.123898,-0.278970,-0.025152,-0.224002,-0.355041,-0.048077,-0.234272,-0.239154,0.001523,-0.238579,-0.245622,0.003624,-0.207425,-0.262285,0.011013
-0.150640,-0.192107,0.002928,-0.065037,-0.119435,0.018965,-0.026449,-0.075415,0.002972,0.007504,-0.016480,-0.023939,-0.172007,-0.190746,-0.007292,0.050017,-0.174101,0.026036,0.026623,-0.152549,0.033447,-0.163304,-0.199266,0.001057,-0.096637,-0.190012,-0.003064,-0.108954,-0.272976,-0.015960,-0.197276,-0.355994,-0.035761,-0.237458,-0.237653,0.009416,-0.244132,-0.242913,0.011120,-0.219184,-0.264355,0.016277
-0.152025,-0.188683,0.010305,-0.056262,-0.116396,0.023670,-0.019598,-0.070043,0.007353,0.006834,-0.011797,-0.017913,-0.168705,-0.189719,0.004735,0.103269,-0.191418,0.042142,0.037983,-0.199428,0.043937,-0.166954,-0.195370,0.008121,-0.087863,-0.186101,0.004219,-0.095973,-0.264884,-0.007482,-0.169091,-0.352569,-0.023679,-0.240638,-0.236180,0.014680,-0.249909,-0.239805,0.015847,-0.230126,-0.264965,0.019111
-0.152162,-0.185533,0.014745,-0.044814,-0.114912,0.024179,-0.009566,-0.065516,0.007344,0.006649,-0.009652,-0.015098,-0.165628,-0.191716,0.014937,0.144539,-0.206608,0.057966,0.049449,-0.240826,0.054546,-0.169358,-0.191342,0.012253,-0.080008,-0.183544,0.009373,-0.084429,-0.256089,-0.000938,-0.139126,-0.346195,-0.013174,-0.242405,-0.235100,0.016737,-0.255110,-0.237566,0.017521,-0.238648,-0.264848,0.019579
-0.150224,-0.184061,0.016363,-0.030910,-0.116207,0.021108,0.004720,-0.060703,0.002892,0.006321,-0.009120,-0.015160,-0.163256,-0.197962,0.022576,0.165879,-0.220205,0.071786,0.058108,-0.270430,0.065480,-0.169349,-0.188611,0.013608,-0.073588,-0.182949,0.011955,-0.073651,-0.247754,0.003063,-0.107350,-0.338121,-0.004992,-0.241175,-0.234409,0.016247,-0.258730,-0.236947,0.017049,-0.243558,-0.264570,0.018719
-0.146147,-0.184471,0.016389,-0.016607,-0.120849,0.016090,0.022750,-0.054590,-0.004818,0.005537,-0.009188,-0.016974,-0.160848,-0.207387,0.028370,0.174151,-0.237661,0.083426,0.060381,-0.291991,0.078383,-0.166538,-0.187445,0.013453,-0.069243,-0.183847,0.012765,-0.063317,-0.239924,0.005200,-0.074604,-0.328327,0.001386,-0.235770,-0.233234,0.014762,-0.259757,-0.237089,0.016003,-0.244562,-0.263615,0.017874
-0.140617,-0.184730,0.016765,-0.005621,-0.127627,0.011364,0.041127,-0.047149,-0.013186,0.004490,-0.009165,-0.018876,-0.155868,-0.215451,0.034235,0.191494,-0.269329,0.094464,0.052988,-0.322151,0.096018,-0.161504,-0.186022,0.013744,-0.067492,-0.184395,0.013858,-0.053630,-0.231181,0.007478,-0.042555,-0.315195,0.007795,-0.225914,-0.229764,0.014003,-0.257351,-0.235290,0.015830,-0.242270,-0.260012,0.017963
-0.134481,-0.181386,0.019210,-0.001879,-0.133468,0.009267,0.053607,-0.039893,-0.018520,0.003579,-0.008641,-0.019137,-0.145310,-0.215610,0.041677,0.239901,-0.326995,0.105994,0.033617,-0.381765,0.120270,-0.155234,-0.181326,0.016170,-0.068363,-0.182246,0.017544,-0.045026,-0.219506,0.012217,-0.012953,-0.296610,0.016422,-0.212260,-0.222152,0.015073,-0.250882,-0.228368,0.017213,-0.237724,-0.251456,0.019045
-0.128037,-0.172085,0.024272,-0.007173,-0.135129,0.011411,0.053959,-0.035401,-0.017517,0.002988,-0.007363,-0.016709,-0.128471,-0.203605,0.050170,0.319195,-0.418023,0.115783,0.001562,-0.479301,0.149758,-0.148227,-0.171507,0.021239,-0.071035,-0.176253,0.024929,-0.037638,-0.204003,0.020580,0.013242,-0.271988,0.028358,-0.195983,-0.210033,0.018034,-0.239916,-0.214957,0.019882,-0.231805,-0.237442,0.020342
-0.120831,-0.157673,0.031126,-0.019501,-0.131539,0.017807,0.040385,-0.035711,-0.009306,0.002573,-0.005307,-0.011789,-0.108482,-0.181273,0.057369,0.399639,-0.540104,0.118600,-0.041003,-0.600804,0.179332,-0.140102,-0.157606,0.028112,-0.073871,-0.167510,0.035248,-0.031022,-0.185969,0.031863,0.036135,-0.243486,0.042894,-0.178263,-0.195313,0.022127,-0.224296,-0.196809,0.023004,-0.224930,-0.220401,0.020786
-0.112165,-0.141834,0.038324,-0.033729,-0.124713,0.026692,0.017821,-0.040643,0.003663,0.002114,-0.002804,-0.005649,-0.090694,-0.156132,0.061198,0.439996,-0.679758,0.110711,-0.087735,-0.717531,0.202334,-0.130116,-0.142963,0.035372,-0.074992,-0.158677,0.046564,-0.024428,-0.168235,0.044181,0.056355,-0.215109,0.058165,-0.160037,-0.181268,0.026435,-0.204336,-0.177825,0.025828,-0.217122,-0.204516,0.019729
-0.101841,-0.128745,0.044727,-0.044230,-0.118378,0.035380,-0.004321,-0.047579,0.016856,0.001560,-0.000441,0.000170,-0.079364,-0.136946,0.061682,0.415881,-0.815959,0.094348,-0.128884,-0.805163,0.213816,-0.118039,-0.131012,0.041934,-0.073084,-0.152272,0.057068,-0.017329,-0.153442,0.055748,0.074276,-0.190530,0.072377,-0.142037,-0.170747,0.030388,-0.181020,-0.161798,0.028060,-0.208272,-0.193299,0.017306
-0.090440,-0.120939,0.049783,-0.047466,-0.115604,0.041560,-0.017448,-0.053139,0.026146,0.001004,0.001257,0.004592,-0.075697,-0.129135,0.060615,0.333192,-0.927163,0.077222,-0.155057,-0.857535,0.212088,-0.104494,-0.123585,0.047285,-0.067830,-0.149516,0.065740,-0.009716,-0.142870,0.065532,0.089725,-0.171575,0.084457,-0.124921,-0.165039,0.033699,-0.156015,-0.150891,0.029682,-0.198296,-0.188167,0.014179
-0.078941,-0.118759,0.053176,-0.042902,-0.117268,0.044163,-0.018251,-0.055467,0.029718,0.000498,0.002077,0.007172,-0.078225,-0.133050,0.059686,0.219143,-0.997862,0.067411,-0.161743,-0.885419,0.197990,-0.090543,-0.120755,0.051115,-0.059717,-0.150355,0.072127,-0.001963,-0.136436,0.073054,0.102282,-0.158173,0.093867,-0.109314,-0.164005,0.036001,-0.131375,-0.145623,0.030550,-0.187068,-0.188659,0.010987
-0.068065,-0.120975,0.054509,-0.032282,-0.122084,0.043428,-0.009700,-0.055429,0.028397,-0.000010,0.002136,0.007846,-0.084082,-0.145044,0.059093,0.104110,-1.021640,0.068405,-0.151271,-0.905773,0.173351,-0.077024,-0.121546,0.052991,-0.049520,-0.154034,0.075923,0.005501,-0.133248,0.077982,0.111685,-0.149110,0.100227,-0.095740,-0.166758,0.036703,-0.108984,-0.145549,0.030242,-0.174276,-0.193335,0.008026
-0.057882,-0.125697,0.053375,-0.018254,-0.127707,0.040403,0.001356,-0.055988,0.024621,-0.000587,0.001722,0.006667,-0.089996,-0.159755,0.057701,0.009042,-1.000539,0.077861,-0.131034,-0.931838,0.140092,-0.064178,-0.124625,0.052432,-0.037871,-0.159550,0.076869,0.012445,-0.132118,0.080043,0.117978,-0.142776,0.103210,-0.084534,-0.172174,0.035231,-0.090079,-0.149785,0.028285,-0.159469,-0.200443,0.005284
-0.047901,-0.131159,0.049615,-0.003191,-0.132069,0.036264,0.008120,-0.060355,0.020908,-0.001207,0.001099,0.003727,-0.093151,-0.172455,0.054095,-0.057699,-0.942435,0.089802,-0.109533,-0.969112,0.100274,-0.051710,-0.128773,0.049203,-0.025072,-0.165903,0.074889,0.018960,-0.131931,0.079153,0.121358,-0.137697,0.102637,-0.075789,-0.179154,0.031379,-0.075119,-0.157237,0.024488,-0.142340,-0.208336,0.002675
-0.037527,-0.136319,0.043483,0.011389,-0.134312,0.031810,0.007076,-0.070143,0.018671,-0.001791,0.000392,-0.000761,-0.092121,-0.180746,0.047537,-0.097652,-0.858209,0.097964,-0.092751,-1.016107,0.056625,-0.039112,-0.133208,0.043517,-0.011136,-0.172288,0.070188,0.025455,-0.131941,0.075505,0.121957,-0.132861,0.098517,-0.069318,-0.186786,0.025490,-0.063984,-0.166763,0.019125,-0.122978,-0.215761,0.000247
-0.026467,-0.141040,0.035628,0.024785,-0.134955,0.027354,-0.001007,-0.084559,0.017916,-0.002316,-0.000381,-0.006349,-0.087273,-0.184910,0.038293,-0.117773,-0.759687,0.098278,-0.082580,-1.067099,0.012942,-0.025994,-0.137711,0.036043,0.004048,-0.178218,0.063261,0.032537,-0.131909,0.069572,0.119742,-0.127766,0.091051,-0.064659,-0.194433,0.018391,-0.056206,-0.177296,0.012884,-0.101869,-0.221987,-0.001734
-0.014851,-0.145829,0.026970,0.036750,-0.135331,0.022984,-0.012279,-0.100820,0.017777,-0.002844,-0.001180,-0.012276,-0.080186,-0.186876,0.027391,-0.126423,-0.658290,0.089687,-0.077616,-1.114826,-0.026175,-0.012279,-0.142515,0.027755,0.020442,-0.183545,0.054831,0.040737,-0.132046,0.062046,0.114644,-0.122313,0.080685,-0.061115,-0.201725,0.011160,-0.051083,-0.187918,0.006672,-0.079732,-0.226707,-0.002849
-0.003069,-0.151344,0.018505,0.047205,-0.136743,0.018895,-0.021879,-0.115283,0.017310,-0.003419,-0.001859,-0.017517,-0.072525,-0.188670,0.016091,-0.131022,-0.563831,0.073408,-0.075340,-1.152289,-0.056534,0.001756,-0.148056,0.019680,0.037618,-0.188388,0.045738,0.050229,-0.132832,0.053733,0.106804,-0.116705,0.068166,-0.057882,-0.208483,0.004831,-0.047738,-0.197911,0.001348,-0.057441,-0.229875,-0.002718
0.008480,-0.158038,0.011048,0.056203,-0.139859,0.015491,-0.025768,-0.124741,0.016013,-0.003964,-0.002252,-0.021021,-0.065299,-0.191425,0.005344,-0.137650,-0.483046,0.051292,-0.074144,-1.173771,-0.076267,0.015620,-0.154751,0.012616,0.054737,-0.193018,0.036724,0.060762,-0.134810,0.045342,0.096683,-0.111370,0.054412,-0.054226,-0.214653,0.000115,-0.045242,-0.206782,-0.002512,-0.035994,-0.231583,-0.001218
0.019602,-0.166055,0.005011,0.063982,-0.144662,0.013187,-0.022139,-0.127722,0.013937,-0.004324,-0.002327,-0.022140,-0.058861,-0.195366,-0.004514,-0.151754,-0.418219,0.024255,-0.074025,-1.175475,-0.087383,0.028899,-0.162853,0.006927,0.070857,-0.197718,0.028227,0.071876,-0.138397,0.037291,0.084962,-0.106806,0.040241,-0.049630,-0.220257,-0.002730,-0.042731,-0.214275,-0.004739,-0.016327,-0.232045,0.001429
0.030326,-0.175326,0.000376,0.070833,-0.150841,0.012154,-0.012177,-0.125282,0.011551,-0.004438,-0.002226,-0.021010,-0.053360,-0.200349,-0.013647,-0.178415,-0.366891,-0.008162,-0.075603,-1.155722,-0.095548,0.041450,-0.172402,0.002552,0.085344,-0.202684,0.020338,0.083188,-0.143764,0.029657,0.072389,-0.103390,0.026197,-0.043825,-0.225377,-0.003846,-0.039489,-0.220352,-0.005518,0.000930,-0.231625,0.004749
0.040698,-0.185671,-0.003117,0.076894,-0.158196,0.012209,0.000592,-0.120501,0.009459,-0.004397,-0.002142,-0.018513,-0.049054,-0.206347,-0.022255,-0.220940,-0.323429,-0.046547,-0.078172,-1.114197,-0.107472,0.053308,-0.183217,-0.000771,0.098048,-0.207989,0.012992,0.094427,-0.150826,0.022372,0.059738,-0.101318,0.012684,-0.036744,-0.230128,-0.003604,-0.034977,-0.225128,-0.005220,0.015515,-0.230827,0.008165
0.050542,-0.196791,-0.005669,0.082179,-0.166728,0.012929,0.012450,-0.116645,0.008051,-0.004346,-0.002156,-0.015767,-0.046227,-0.213517,-0.030063,-0.277948,-0.282308,-0.089295,-0.078484,-1.050280,-0.127011,0.064383,-0.194873,-0.003221,0.109145,-0.213616,0.006267,0.105254,-0.159309,0.015518,0.047831,-0.100705,0.000273,-0.028459,-0.234634,-0.002408,-0.028888,-0.228792,-0.004235,0.027390,-0.230212,0.011151
0.059419,-0.208218,-0.007201,0.086847,-0.176492,0.013847,0.021626,-0.115402,0.007287,-0.004333,-0.002204,-0.013544,-0.044856,-0.222043,-0.036056,-0.341207,-0.241594,-0.130951,-0.072148,-0.961784,-0.152432,0.074287,-0.206708,-0.004696,0.118925,-0.219481,0.000600,0.115160,-0.168835,0.009540,0.037523,-0.101719,-0.010113,-0.019163,-0.238991,-0.000543,-0.021164,-0.231556,-0.002813,0.036627,-0.230280,0.013385
0.066804,-0.219378,-0.007290,0.091352,-0.187526,0.014638,0.028647,-0.116621,0.006822,-0.004300,-0.002166,-0.012024,-0.044466,-0.232051,-0.038632,-0.397179,-0.204193,-0.163166,-0.057449,-0.846020,-0.177010,0.082430,-0.217939,-0.004765,0.127717,-0.225452,-0.003229,0.123629,-0.179002,0.005230,0.029615,-0.104663,-0.017318,-0.009143,-0.243248,0.001966,-0.011961,-0.233681,-0.000917,0.043411,-0.231421,0.014923
0.072304,-0.229799,-0.005321,0.096228,-0.199892,0.015234,0.034943,-0.119420,0.006379,-0.004164,-0.001969,-0.010957,-0.044368,-0.243646,-0.036183,-0.432647,-0.175358,-0.178400,-0.038133,-0.703786,-0.192895,0.088298,-0.227923,-0.002820,0.135870,-0.231409,-0.004352,0.130362,-0.189484,0.003472,0.024739,-0.110041,-0.020322,0.001264,-0.247446,0.005377,-0.001581,-0.235555,0.001818,0.048050,-0.233924,0.016241
0.075802,-0.239351,-0.000822,0.101696,-0.213685,0.015823,0.041314,-0.123298,0.006029,-0.003891,-0.001620,-0.009947,-0.043995,-0.256885,-0.027874,-0.440715,-0.158234,-0.173890,-0.021529,-0.543706,-0.195357,0.091698,-0.236455,0.001613,0.143598,-0.237343,-0.002230,0.135326,-0.200145,0.004828,0.023247,-0.118556,-0.018692,0.011711,-0.251687,0.010075,0.009529,-0.237734,0.005915,0.050922,-0.237972,0.018063
0.077485,-0.248338,0.006185,0.107464,-0.228960,0.016703,0.047563,-0.128303,0.006099,-0.003487,-0.001178,-0.008657,-0.042918,-0.271635,-0.014192,-0.422746,-0.151499,-0.152790,-0.013039,-0.382725,-0.184316,0.092827,-0.243910,0.008513,0.150759,-0.243397,0.002960,0.138590,-0.211073,0.009144,0.025131,-0.130947,-0.012897,0.021847,-0.256151,0.016286,0.020738,-0.240867,0.011746,0.052420,-0.243604,0.021062
0.077806,-0.257365,0.014983,0.112896,-0.245583,0.018050,0.053074,-0.134534,0.006847,-0.002985,-0.000721,-0.006917,-0.040582,-0.287416,0.003031,-0.385585,-0.150993,-0.121930,-0.012327,-0.240876,-0.162963,0.092182,-0.251113,0.017165,0.156842,-0.249822,0.010182,0.140185,-0.222452,0.015425,0.030083,-0.147705,-0.004337,0.031342,-0.261067,0.023801,0.031214,-0.245524,0.019207,0.052930,-0.250729,0.025528
0.077360,-0.267017,0.024212,0.117339,-0.263061,0.019732,0.057422,-0.141701,0.008195,-0.002432,-0.000315,-0.004791,-0.036207,-0.303337,0.021017,-0.337175,-0.153082,-0.088527,-0.014743,-0.133151,-0.135710,0.090373,-0.258969,0.026199,0.161214,-0.256894,0.017751,0.140124,-0.234400,0.022043,0.037718,-0.168874,0.004983,0.039916,-0.266666,0.031780,0.040066,-0.252026,0.027494,0.052831,-0.259200,0.031081
0.076685,-0.277538,0.032183,0.120293,-0.280451,0.021330,0.060463,-0.149117,0.009752,-0.001880,-0.000005,-0.002541,-0.029107,-0.318176,0.036685,-0.283648,-0.156331,-0.058097,-0.015802,-0.063983,-0.107052,0.087939,-0.268080,0.033914,0.163379,-0.264840,0.023821,0.138537,-0.246922,0.027223,0.047780,-0.194016,0.013006,0.047408,-0.273154,0.038851,0.046640,-0.260386,0.035176,0.052472,-0.268845,0.036634
0.076041,-0.288695,0.037440,0.121393,-0.296557,0.022346,0.062162,-0.155989,0.011042,-0.001374,0.000182,-0.000503,-0.019214,-0.330705,0.047551,-0.228879,-0.160717,-0.033862,-0.014030,-0.027654,-0.080912,0.085198,-0.278490,0.038857,0.163080,-0.273717,0.027036,0.135797,-0.259892,0.029656,0.060113,-0.222199,0.018250,0.053814,-0.280599,0.043580,0.050827,-0.270288,0.040705,0.052133,-0.279380,0.040776
0.075327,-0.299811,0.039384,0.120430,-0.310365,0.022457,0.062534,-0.161724,0.011746,-0.000943,0.000223,0.001087,-0.007352,-0.340172,0.052662,-0.175676,-0.166134,-0.016820,-0.010492,-0.013242,-0.059863,0.082200,-0.289610,0.040452,0.160347,-0.283261,0.027079,0.132501,-0.272989,0.029039,0.074405,-0.251952,0.020306,0.059254,-0.288775,0.045153,0.053185,-0.281065,0.043127,0.051987,-0.290251,0.042439
0.074258,-0.309989,0.038513,0.117541,-0.321432,0.021623,0.061784,-0.166080,0.011793,-0.000588,0.000091,0.002195,0.005081,-0.346599,0.052971,-0.126813,-0.171824,-0.006099,-0.006809,-0.010028,-0.044552,0.078829,-0.300384,0.039227,0.155561,-0.292859,0.024765,0.129292,-0.285676,0.026164,0.089953,-0.281415,0.019900,0.063911,-0.297125,0.043752,0.054803,-0.291775,0.042496,0.052094,-0.300639,0.041365
0.072696,-0.318451,0.036032,0.113327,-0.329959,0.020011,0.060448,-0.169084,0.011286,-0.000272,-0.000241,0.002965,0.016897,-0.350660,0.050659,-0.084640,-0.176755,0.000281,-0.003858,-0.010475,-0.033949,0.075046,-0.309723,0.036415,0.149365,-0.301775,0.021514,0.126590,-0.297434,0.022394,0.105704,-0.308851,0.018358,0.067984,-0.304966,0.040329,0.056936,-0.301493,0.039675,0.052401,-0.309707,0.038018
0.070849,-0.324810,0.033096,0.108667,-0.336501,0.017803,0.059344,-0.170781,0.010328,0.000064,-0.000781,0.003591,0.027713,-0.353200,0.047829,-0.050110,-0.180196,0.004342,-0.001702,-0.010639,-0.026368,0.071078,-0.316948,0.033174,0.142385,-0.309449,0.018551,0.124449,-0.308075,0.018862,0.120593,-0.333222,0.016831,0.071648,-0.311769,0.035957,0.060537,-0.309667,0.035715,0.052757,-0.316927,0.033116
0.069180,-0.329109,0.030252,0.104299,-0.341609,0.015040,0.059426,-0.170937,0.008864,0.000455,-0.001486,0.004172,0.037812,-0.354821,0.045552,-0.022852,-0.181949,0.007308,-0.000120,-0.009319,-0.020498,0.067394,-0.321946,0.030054,0.135015,-0.315672,0.016391,0.122707,-0.317878,0.015975,0.133943,-0.354446,0.015794,0.075028,-0.317324,0.031286,0.065918,-0.316246,0.031308,0.052998,-0.322224,0.027210
0.068089,-0.331709,0.027434,0.100458,-0.345705,0.011595,0.061688,-0.168908,0.006646,0.000903,-0.002261,0.004685,0.047443,-0.355863,0.043821,-0.002263,-0.182288,0.009468,0.000993,-0.006941,-0.015813,0.064517,-0.325048,0.026997,0.127514,-0.320561,0.014885,0.121358,-0.327490,0.013481,0.145729,-0.373275,0.015082,0.078283,-0.321723,0.026440,0.072764,-0.321572,0.026662,0.053164,-0.325892,0.020620
0.067664,-0.333202,0.024333,0.096840,-0.349258,0.007280,0.067199,-0.163732,0.003351,0.001396,-0.002992,0.005085,0.056260,-0.356711,0.042166,0.011732,-0.181788,0.010651,0.001599,-0.004480,-0.012295,0.062801,-0.326865,0.023722,0.120215,-0.324448,0.013578,0.120795,-0.337682,0.010859,0.156536,-0.390976,0.014238,0.081771,-0.325261,0.021296,0.080537,-0.326155,0.021737,0.053713,-0.328403,0.013617
0.067662,-0.334357,0.020739,0.092921,-0.352961,0.001937,0.077103,-0.154406,-0.001258,0.001925,-0.003578,0.005459,0.063354,-0.358040,0.040266,0.018929,-0.181124,0.010794,0.001695,-0.002629,-0.009957,0.062316,-0.328148,0.020058,0.113530,-0.327732,0.012018,0.121615,-0.349032,0.007659,0.167186,-0.408883,0.012857,0.086035,-0.328289,0.015805,0.088933,-0.330440,0.016529,0.055440,-0.330187,0.006546
0.067699,-0.335957,0.016628,0.088391,-0.357636,-0.004514,0.092274,-0.140353,-0.007172,0.002469,-0.003942,0.006072,0.067792,-0.360720,0.038128,0.019542,-0.180892,0.010142,0.001406,-0.001485,-0.008592,0.062873,-0.329627,0.015999,0.107781,-0.330721,0.009840,0.124089,-0.361575,0.003629,0.178201,-0.427861,0.010724,0.091500,-0.331062,0.010099,0.097975,-0.334575,0.011153,0.059054,-0.331456,-0.000254
0.067460,-0.338570,0.012062,0.083293,-0.363884,-0.012035,0.112393,-0.122155,-0.013983,0.003004,-0.004052,0.007255,0.069150,-0.365387,0.035898,0.014531,-0.181454,0.009089,0.000918,-0.000755,-0.007852,0.064124,-0.331810,0.011604,0.103115,-0.333509,0.006729,0.127777,-0.374628,-0.001340,0.189413,-0.447902,0.007785,0.098133,-0.333623,0.004425,0.107678,-0.338312,0.005769,0.064756,-0.332142,-0.006568
0.066729,-0.342380,0.007131,0.077702,-0.371753,-0.020339,0.134960,-0.102170,-0.020792,0.003517,-0.003978,0.009200,0.067719,-0.372037,0.033618,0.005475,-0.182859,0.007919,0.000359,-0.000141,-0.007424,0.065601,-0.334887,0.006927,0.099562,-0.335958,0.002413,0.131625,-0.387001,-0.007276,0.199983,-0.468100,0.004065,0.105436,-0.335799,-0.000974,0.117736,-0.341105,0.000508,0.072175,-0.331960,-0.012309
0.065281,-0.347155,0.001965,0.071325,-0.380631,-0.028815,0.155370,-0.084245,-0.026362,0.004006,-0.003901,0.011780,0.064325,-0.379875,0.031120,-0.005725,-0.184837,0.006692,-0.000220,0.000433,-0.007142,0.066718,-0.338734,0.002045,0.097044,-0.337793,-0.003248,0.134477,-0.397480,-0.014129,0.208820,-0.487064,-0.000355,0.112822,-0.337293,-0.005941,0.127564,-0.342363,-0.004563,0.080708,-0.330542,-0.017452
0.062842,-0.352308,-0.003252,0.063524,-0.389360,-0.036632,0.168552,-0.072261,-0.029577,0.004434,-0.004036,0.014564,0.059995,-0.387496,0.028092,-0.017033,-0.186875,0.005288,-0.000782,0.000870,-0.006985,0.066838,-0.342971,-0.002905,0.095303,-0.338722,-0.010149,0.135564,-0.405261,-0.021722,0.215097,-0.503512,-0.005294,0.119982,-0.337799,-0.010473,0.136642,-0.341689,-0.009467,0.089945,-0.327558,-0.022022
0.059204,-0.357015,-0.008317,0.053774,-0.396545,-0.043010,0.171191,-0.068406,-0.029904,0.004675,-0.004536,0.017006,0.055673,-0.393301,0.024231,-0.026339,-0.188383,0.003546,-0.001267,0.001071,-0.006984,0.065469,-0.347010,-0.007751,0.093900,-0.338507,-0.017913,0.134662,-0.410051,-0.029716,0.218482,-0.516633,-0.010438,0.126963,-0.337071,-0.014728,0.144783,-0.338984,-0.014313,0.099825,-0.322792,-0.026108
0.054372,-0.360439,-0.013046,0.042074,-0.401018,-0.047508,0.163154,-0.072284,-0.027556,0.004553,-0.005503,0.018772,0.052097,-0.396027,0.019439,-0.031598,-0.188911,0.001440,-0.001628,0.001035,-0.007084,0.062438,-0.350181,-0.012326,0.092365,-0.336982,-0.025994,0.131902,-0.411894,-0.037659,0.218995,-0.526030,-0.015394,0.133953,-0.334939,-0.018929,0.152111,-0.334430,-0.019227,0.110443,-0.316192,-0.029846
0.048557,-0.361986,-0.017327,0.029011,-0.402257,-0.050189,0.147632,-0.081106,-0.023299,0.003984,-0.007135,0.020042,0.049771,-0.395157,0.013928,-0.031266,-0.188312,-0.000848,-0.001881,0.000856,-0.007086,0.057889,-0.351917,-0.016517,0.090275,-0.334075,-0.033856,0.127520,-0.410995,-0.045117,0.216678,-0.531494,-0.019842,0.140990,-0.331331,-0.023265,0.158856,-0.328403,-0.024265,0.121724,-0.307904,-0.033381
0.042064,-0.361429,-0.021175,0.015605,-0.400481,-0.051604,0.130201,-0.090715,-0.018104,0.003108,-0.009960,0.021600,0.048996,-0.390974,0.008142,-0.024966,-0.186696,-0.003028,-0.002075,0.000650,-0.006751,0.052084,-0.351891,-0.020337,0.087137,-0.329816,-0.041139,0.121690,-0.407665,-0.051804,0.211382,-0.532874,-0.023700,0.147738,-0.326265,-0.027859,0.165120,-0.321333,-0.029437,0.133237,-0.298288,-0.036873
0.035195,-0.358869,-0.024775,0.003215,-0.396376,-0.052614,0.117045,-0.097238,-0.012882,0.002188,-0.015187,0.024585,0.049976,-0.384273,0.002532,-0.013909,-0.184246,-0.004916,-0.002228,0.000496,-0.006004,0.045201,-0.350044,-0.023980,0.082202,-0.324304,-0.047750,0.114448,-0.402318,-0.057686,0.202758,-0.530080,-0.027205,0.153388,-0.319823,-0.032801,0.170716,-0.313596,-0.034748,0.144237,-0.287907,-0.040491
0.028267,-0.354616,-0.028401,-0.006532,-0.390686,-0.054049,0.112865,-0.098911,-0.008361,0.001138,-0.025300,0.030061,0.052884,-0.375969,-0.002602,-0.000556,-0.181099,-0.006522,-0.002287,0.000400,-0.004989,0.037284,-0.346555,-0.027747,0.074498,-0.317718,-0.053782,0.105693,-0.395436,-0.062882,0.190430,-0.523137,-0.030766,0.156708,-0.312167,-0.038083,0.175103,-0.305512,-0.040144,0.153830,-0.277501,-0.044287
0.021647,-0.349056,-0.032150,-0.011983,-0.383823,-0.056221,0.119259,-0.097147,-0.005016,-0.001275,-0.044912,0.038847,0.057676,-0.366768,-0.007094,0.012392,-0.177342,-0.007922,-0.002190,0.000302,-0.003913,0.028374,-0.341777,-0.031763,0.063207,-0.310411,-0.059171,0.095283,-0.387510,-0.067331,0.174269,-0.512277,-0.034546,0.156321,-0.303653,-0.043439,0.177500,-0.297465,-0.045344,0.161145,-0.267959,-0.048019
0.015708,-0.342440,-0.035614,-0.011957,-0.375467,-0.058428,0.134332,-0.095998,-0.002917,-0.008070,-0.081383,0.051941,0.063626,-0.356818,-0.010837,0.022931,-0.173003,-0.009105,-0.001947,0.000110,-0.002860,0.018707,-0.336079,-0.035631,0.048220,-0.302988,-0.063257,0.083232,-0.379006,-0.070354,0.154655,-0.498041,-0.037955,0.151137,-0.294958,-0.048185,0.177173,-0.289959,-0.049696,0.165540,-0.260232,-0.051025
0.010751,-0.334660,-0.037784,-0.006302,-0.364355,-0.058827,0.153749,-0.100022,-0.001545,-0.023673,-0.144053,0.071271,0.069068,-0.345451,-0.013784,0.030064,-0.167936,-0.009974,-0.001644,-0.000240,-0.001811,0.008861,-0.329609,-0.038301,0.030476,-0.296195,-0.064624,0.069887,-0.370304,-0.070527,0.132578,-0.481223,-0.039506,0.140741,-0.286978,-0.051235,0.173690,-0.283526,-0.052192,0.166777,-0.255124,-0.052273
0.006948,-0.325215,-0.037398,0.003744,-0.348712,-0.055080,0.172586,-0.111820,0.000097,-0.052032,-0.241134,0.099913,0.071791,-0.331395,-0.016006,0.033532,-0.161758,-0.010488,-0.001385,-0.000736,-0.000797,-0.000231,-0.322144,-0.038423,0.011761,-0.290574,-0.061550,0.055910,-0.361567,-0.066152,0.109444,-0.462561,-0.037331,0.125532,-0.280464,-0.051398,0.166907,-0.278554,-0.051722,0.165050,-0.253022,-0.050585
0.004331,-0.313541,-0.033634,0.015549,-0.327413,-0.045638,0.186747,-0.131110,0.002882,-0.093906,-0.374891,0.140965,0.069986,-0.313576,-0.017690,0.033489,-0.154025,-0.010754,-0.001213,-0.001235,0.000015,-0.007450,-0.313218,-0.035059,-0.005930,-0.286135,-0.052949,0.042011,-0.352595,-0.056220,0.086631,-0.442432,-0.030200,0.106620,-0.275618,-0.047890,0.156707,-0.275197,-0.047507,0.160828,-0.253713,-0.045029
0.002765,-0.299548,-0.026701,0.025582,-0.301167,-0.030854,0.193315,-0.156227,0.006721,-0.145070,-0.537896,0.195238,0.063173,-0.292065,-0.019062,0.030417,-0.144598,-0.010970,-0.001117,-0.001509,0.000408,-0.011862,-0.302502,-0.028311,-0.021121,-0.282301,-0.039237,0.028585,-0.342875,-0.041257,0.065044,-0.420843,-0.018396,0.085585,-0.271949,-0.040775,0.142832,-0.273415,-0.039509,0.154604,-0.256415,-0.035335
0.001955,-0.283963,-0.017879,0.030439,-0.272753,-0.013086,0.190435,-0.186840,0.010100,-0.196992,-0.713437,0.259210,0.052603,-0.268405,-0.020281,0.025262,-0.133923,-0.011303,-0.001070,-0.001409,0.000274,-0.013126,-0.290209,-0.019405,-0.033301,-0.278228,-0.022470,0.015489,-0.331805,-0.023431,0.044892,-0.397655,-0.003852,0.064179,-0.268531,-0.031059,0.125019,-0.273069,-0.028571,0.146683,-0.259995,-0.022111
0.001536,-0.268098,-0.008979,0.028113,-0.245894,0.004325,0.177598,-0.225483,0.010502,-0.239946,-0.880786,0.324887,0.040975,-0.244925,-0.021381,0.019516,-0.122902,-0.011798,-0.001048,-0.001034,-0.000305,-0.011717,-0.277104,-0.010182,-0.042896,-0.273250,-0.005557,0.002084,-0.318940,-0.005736,0.025719,-0.372729,0.010624,0.043931,-0.264488,-0.020367,0.103275,-0.273941,-0.016222,0.136975,-0.263266,-0.006773
0.001182,-0.253125,-0.001599,0.018737,-0.223484,0.018477,0.156151,-0.276601,0.005568,-0.266645,-1.022526,0.381801,0.031434,-0.223509,-0.022313,0.015001,-0.112422,-0.012405,-0.001013,-0.000679,-0.001126,-0.008786,-0.264038,-0.002344,-0.050844,-0.267168,0.008975,-0.012479,-0.304052,0.009271,0.006589,-0.345840,0.022517,0.025741,-0.259396,-0.010450,0.078021,-0.275648,-0.004277,0.124839,-0.265298,0.008727
0.000607,-0.239437,0.003351,0.004129,-0.206417,0.027835,0.129012,-0.343883,-0.005610,-0.274090,-1.129654,0.419922,0.026224,-0.204748,-0.023056,0.013469,-0.102930,-0.013087,-0.000908,-0.000616,-0.002013,-0.005739,-0.251407,0.003066,-0.058028,-0.260209,0.019850,-0.028742,-0.287085,0.020342,-0.013549,-0.316569,0.030419,0.009762,-0.253351,-0.002765,0.050101,-0.277533,0.005560,0.109205,-0.265658,0.022254
-0.000573,-0.226657,0.005691,-0.013622,-0.193794,0.032318,0.099258,-0.427679,-0.021710,-0.263025,-1.202129,0.432139,0.025675,-0.188057,-0.023742,0.016351,-0.094420,-0.013906,-0.000709,-0.000887,-0.002895,-0.003773,-0.239055,0.005777,-0.064868,-0.252765,0.027060,-0.046392,-0.268193,0.027561,-0.035339,-0.284462,0.034058,-0.004279,-0.246723,0.001786,0.020829,-0.278690,0.012056,0.089085,-0.264518,0.031893
-0.002856,-0.214226,0.005741,-0.033393,-0.184092,0.032818,0.068568,-0.523957,-0.039252,-0.236317,-1.245824,0.415708,0.028250,-0.172501,-0.024654,0.024839,-0.086759,-0.014997,-0.000477,-0.001268,-0.003742,-0.003549,-0.226666,0.006100,-0.071292,-0.245141,0.031267,-0.064122,-0.247879,0.031724,-0.058641,-0.249454,0.033829,-0.016576,-0.239833,0.002997,-0.008046,-0.278183,0.014727,0.064200,-0.262534,0.036382
-0.006622,-0.202041,0.004028,-0.055081,-0.176345,0.030542,0.036798,-0.625330,-0.053624,-0.197683,-1.268229,0.372275,0.031717,-0.157619,-0.026078,0.039888,-0.080000,-0.016443,-0.000328,-0.001390,-0.004409,-0.005098,-0.214284,0.004618,-0.077073,-0.237496,0.033148,-0.080182,-0.227064,0.033645,-0.082630,-0.212197,0.030303,-0.026984,-0.232802,0.001338,-0.034668,-0.275374,0.013923,0.035253,-0.260504,0.035443
-0.011790,-0.190706,0.001075,-0.078669,-0.170683,0.026497,0.002819,-0.723448,-0.060679,-0.151018,-1.274830,0.306513,0.034603,-0.143791,-0.028101,0.061404,-0.074397,-0.018159,-0.000329,-0.000962,-0.004621,-0.007944,-0.202547,0.001905,-0.082232,-0.229961,0.033061,-0.093240,-0.206956,0.033788,-0.106288,-0.173967,0.024001,-0.035113,-0.225636,-0.002265,-0.057668,-0.270198,0.010629,0.003672,-0.258969,0.029820
-0.017738,-0.181328,-0.002694,-0.103408,-0.168119,0.021290,-0.034426,-0.810933,-0.058105,-0.100072,-1.267378,0.224376,0.036814,-0.132084,-0.030508,0.086856,-0.070185,-0.019900,-0.000408,0.000012,-0.004170,-0.011393,-0.192538,-0.001604,-0.087201,-0.222810,0.031096,-0.102936,-0.188786,0.032285,-0.128812,-0.136268,0.015428,-0.040562,-0.218419,-0.006761,-0.076569,-0.263209,0.006078,-0.028939,-0.258053,0.020989
-0.023656,-0.175109,-0.006903,-0.127853,-0.169958,0.015241,-0.075557,-0.881567,-0.046024,-0.048278,-1.244397,0.132144,0.039072,-0.123819,-0.032832,0.110810,-0.067408,-0.021357,-0.000391,0.001140,-0.003139,-0.014923,-0.185435,-0.005577,-0.092627,-0.216500,0.027295,-0.109803,-0.173566,0.029162,-0.149677,-0.100509,0.005218,-0.043102,-0.211428,-0.011235,-0.091742,-0.255398,0.001421,-0.061217,-0.257629,0.010693
-0.029030,-0.173028,-0.011183,-0.150404,-0.177314,0.008518,-0.120784,-0.929230,-0.027005,0.001122,-1.202868,0.036353,0.041951,-0.120271,-0.034440,0.126349,-0.065983,-0.022183,-0.000129,0.001810,-0.001866,-0.018464,-0.182211,-0.009698,-0.099077,-0.211621,0.021815,-0.114877,-0.161978,0.024520,-0.168496,-0.068005,-0.005795,-0.042785,-0.205127,-0.015050,-0.104021,-0.247905,-0.002479,-0.092181,-0.257578,0.000528
-0.033802,-0.175783,-0.015211,-0.169523,-0.191009,0.001056,-0.169191,-0.947064,-0.005863,0.044472,-1.139209,-0.056042,0.045450,-0.122695,-0.034589,0.127283,-0.065910,-0.021905,0.000397,0.001592,-0.000638,-0.022380,-0.183532,-0.013692,-0.106882,-0.208846,0.014925,-0.119331,-0.154413,0.018555,-0.184948,-0.040115,-0.016693,-0.039971,-0.200142,-0.017885,-0.114241,-0.241785,-0.005133,-0.121148,-0.257953,-0.008350
-0.038107,-0.183855,-0.018810,-0.183436,-0.211559,-0.007554,-0.217146,-0.928141,0.011019,0.076871,-1.049282,-0.137785,0.049260,-0.132402,-0.032509,0.109542,-0.067356,-0.019881,0.001083,0.000604,0.000590,-0.027145,-0.189812,-0.017412,-0.116179,-0.208893,0.006912,-0.124238,-0.151072,0.011497,-0.198777,-0.018261,-0.026673,-0.035266,-0.197199,-0.019712,-0.122868,-0.237861,-0.006437,-0.147637,-0.258994,-0.015369
-0.042009,-0.197337,-0.021956,-0.190153,-0.238653,-0.017747,-0.257760,-0.868362,0.017533,0.092413,-0.929821,-0.201966,0.053087,-0.150169,-0.027726,0.072249,-0.070536,-0.015542,0.001771,-0.000590,0.002196,-0.033041,-0.201124,-0.020848,-0.127021,-0.212334,-0.001938,-0.130462,-0.151902,0.003607,-0.209832,-0.003611,-0.035147,-0.029472,-0.196907,-0.020655,-0.129867,-0.236518,-0.006569,-0.171357,-0.260932,-0.020513
-0.045691,-0.215364,-0.024648,-0.188821,-0.270140,-0.029157,-0.283390,-0.771128,0.010817,0.086857,-0.783189,-0.243484,0.056441,-0.174779,-0.020675,0.019882,-0.075459,-0.008957,0.002320,-0.001498,0.004587,-0.040151,-0.216789,-0.023977,-0.139462,-0.219123,-0.011213,-0.138674,-0.156229,-0.004699,-0.218158,0.003548,-0.041659,-0.023597,-0.199291,-0.020826,-0.134819,-0.237345,-0.005827,-0.192210,-0.263484,-0.024118
-0.049942,-0.235598,-0.026773,-0.181832,-0.301527,-0.039931,-0.290149,-0.650707,-0.006337,0.061814,-0.622321,-0.261020,0.058113,-0.201797,-0.013138,-0.035856,-0.081616,-0.001377,0.002666,-0.002065,0.007769,-0.048544,-0.234917,-0.026605,-0.153541,-0.228152,-0.020234,-0.149414,-0.162383,-0.012710,-0.224145,0.004389,-0.045744,-0.018814,-0.203360,-0.020231,-0.137181,-0.238834,-0.004529,-0.210231,-0.265346,-0.026644
-0.056248,-0.254576,-0.028080,-0.175207,-0.327182,-0.047133,-0.280834,-0.529764,-0.026138,0.026467,-0.469229,-0.258249,0.056204,-0.224400,-0.007771,-0.078495,-0.087880,0.004951,0.002844,-0.002494,0.011148,-0.058423,-0.252614,-0.028336,-0.169184,-0.237402,-0.028070,-0.163069,-0.167929,-0.019469,-0.228576,0.001379,-0.046919,-0.016228,-0.207262,-0.018819,-0.136569,-0.238669,-0.003002,-0.225490,-0.264377,-0.028524
-0.066045,-0.269150,-0.028305,-0.175686,-0.343044,-0.048361,-0.264162,-0.430529,-0.040024,-0.006488,-0.345354,-0.243176,0.049108,-0.236676,-0.006635,-0.094608,-0.092924,0.007947,0.002956,-0.002875,0.013824,-0.070009,-0.267098,-0.028768,-0.186076,-0.244889,-0.033844,-0.179740,-0.170745,-0.024090,-0.232388,-0.002914,-0.044903,-0.016543,-0.209201,-0.016624,-0.133042,-0.234821,-0.001608,-0.238008,-0.258719,-0.030076
-0.079629,-0.278023,-0.027393,-0.186422,-0.348778,-0.043388,-0.251102,-0.365448,-0.043512,-0.028154,-0.261108,-0.225507,0.036662,-0.237044,-0.009862,-0.081536,-0.096012,0.007022,0.003104,-0.003149,0.015248,-0.083248,-0.277011,-0.027810,-0.203608,-0.249772,-0.037154,-0.199091,-0.170223,-0.026196,-0.236252,-0.007282,-0.039901,-0.019871,-0.208524,-0.013905,-0.127245,-0.226783,-0.000742,-0.247673,-0.248143,-0.031494
-0.095696,-0.282047,-0.025616,-0.204926,-0.347293,-0.034299,-0.249717,-0.333763,-0.037771,-0.037257,-0.213165,-0.212736,0.020357,-0.228763,-0.015718,-0.048213,-0.097431,0.003367,0.003312,-0.003345,0.015611,-0.097545,-0.282795,-0.025821,-0.220925,-0.252703,-0.038206,-0.220305,-0.167578,-0.026053,-0.240318,-0.012360,-0.032635,-0.025818,-0.206074,-0.011151,-0.120264,-0.215922,-0.000788,-0.254161,-0.234388,-0.032864
-0.111908,-0.283070,-0.023427,-0.224779,-0.341969,-0.023980,-0.260581,-0.325003,-0.027211,-0.037370,-0.190029,-0.206823,0.002408,-0.217173,-0.021954,-0.008652,-0.098097,-0.001030,0.003537,-0.003665,0.015599,-0.111792,-0.285868,-0.023399,-0.237019,-0.255157,-0.037503,-0.242150,-0.165003,-0.024239,-0.244337,-0.019756,-0.024022,-0.033824,-0.203588,-0.008867,-0.113247,-0.204647,-0.001980,-0.256969,-0.220159,-0.034169
-0.125997,-0.282503,-0.021237,-0.239298,-0.334321,-0.014521,-0.276730,-0.326029,-0.015982,-0.031925,-0.179728,-0.204359,-0.015472,-0.206495,-0.027119,0.025732,-0.098871,-0.004633,0.003742,-0.004332,0.015812,-0.124701,-0.287410,-0.021078,-0.250817,-0.258387,-0.035451,-0.263175,-0.164457,-0.021246,-0.248007,-0.030732,-0.014835,-0.043505,-0.202712,-0.007382,-0.107049,-0.195136,-0.004372,-0.255575,-0.207652,-0.035358
-0.136584,-0.280780,-0.019437,-0.244435,-0.324109,-0.006970,-0.289550,-0.327471,-0.006376,-0.022747,-0.174060,-0.200722,-0.032701,-0.198827,-0.030893,0.049374,-0.100353,-0.006855,0.003961,-0.005518,0.016473,-0.135215,-0.287740,-0.019288,-0.261265,-0.262788,-0.032360,-0.281999,-0.166936,-0.017484,-0.251239,-0.045540,-0.005749,-0.054796,-0.204380,-0.006918,-0.102107,-0.188594,-0.007991,-0.249568,-0.197746,-0.036540
-0.143365,-0.277799,-0.018516,-0.239548,-0.311055,-0.002017,-0.295241,-0.326113,0.000653,-0.012018,-0.168384,-0.194376,-0.049595,-0.195061,-0.033581,0.061302,-0.103109,-0.007732,0.004307,-0.007422,0.017557,-0.142767,-0.286547,-0.018486,-0.267468,-0.267904,-0.028734,-0.297578,-0.172484,-0.013580,-0.254185,-0.063667,0.002373,-0.067864,-0.208747,-0.007715,-0.098572,-0.185302,-0.012944,-0.238661,-0.190222,-0.038030
-0.146837,-0.273589,-0.018895,-0.226578,-0.295919,-0.000195,-0.295476,-0.322567,0.004684,-0.003328,-0.159545,-0.187108,-0.066617,-0.195615,-0.035547,0.062817,-0.107672,-0.007485,0.004904,-0.010294,0.018995,-0.147356,-0.283542,-0.019031,-0.268914,-0.272799,-0.025333,-0.309344,-0.180582,-0.010425,-0.257154,-0.084390,0.008455,-0.082835,-0.215357,-0.009849,-0.096538,-0.185052,-0.019120,-0.222769,-0.184479,-0.039971
-0.147978,-0.268582,-0.020475,-0.208853,-0.280122,-0.001204,-0.293098,-0.317347,0.005899,0.000121,-0.145124,-0.180780,-0.083758,-0.200097,-0.036975,0.056361,-0.114093,-0.006337,0.005785,-0.014280,0.020720,-0.149531,-0.278962,-0.020770,-0.265693,-0.276460,-0.022805,-0.317226,-0.190516,-0.008775,-0.260609,-0.107088,0.011600,-0.099444,-0.223306,-0.012816,-0.096189,-0.187469,-0.025693,-0.202260,-0.180104,-0.041798
-0.148007,-0.263430,-0.022362,-0.190160,-0.264767,-0.003354,-0.288748,-0.309283,0.005569,-0.002064,-0.124662,-0.174680,-0.100511,-0.206786,-0.037884,0.045174,-0.121599,-0.004510,0.006840,-0.019243,0.022647,-0.150283,-0.273586,-0.022779,-0.258549,-0.278097,-0.021234,-0.321573,-0.201605,-0.008760,-0.265223,-0.131235,0.011558,-0.116843,-0.231405,-0.015417,-0.097761,-0.192070,-0.031033,-0.178240,-0.177026,-0.042141
-0.148156,-0.258589,-0.023169,-0.173873,-0.250092,-0.004066,-0.281379,-0.296918,0.005888,-0.007191,-0.100708,-0.165985,-0.116333,-0.213044,-0.038185,0.032634,-0.128851,-0.002173,0.007888,-0.024798,0.024717,-0.150788,-0.268274,-0.023670,-0.248608,-0.277283,-0.020032,-0.322958,-0.213308,-0.009766,-0.271859,-0.156342,0.008823,-0.133845,-0.238479,-0.016221,-0.101459,-0.198214,-0.033350,-0.152561,-0.175332,-0.039449
-0.149322,-0.254000,-0.021736,-0.161921,-0.235594,-0.001247,-0.270467,-0.280319,0.008942,-0.011540,-0.077607,-0.152241,-0.131026,-0.216543,-0.037677,0.021160,-0.134649,0.000663,0.008812,-0.030536,0.026977,-0.152033,-0.263390,-0.022301,-0.236902,-0.273946,-0.018274,-0.321858,-0.225231,-0.010777,-0.281384,-0.181947,0.004278,-0.149557,-0.243766,-0.014329,-0.107444,-0.205150,-0.031639,-0.127507,-0.175025,-0.032897
-0.151721,-0.249127,-0.017744,-0.154042,-0.220508,0.005559,-0.256846,-0.261145,0.015536,-0.012806,-0.058761,-0.133230,-0.144619,-0.216328,-0.036106,0.011465,-0.138496,0.004140,0.009620,-0.036237,0.029564,-0.154448,-0.258619,-0.018381,-0.224004,-0.268352,-0.015217,-0.318360,-0.237062,-0.010890,-0.294301,-0.207663,-0.001268,-0.163854,-0.247215,-0.009855,-0.115828,-0.212224,-0.026234,-0.105307,-0.175946,-0.022904
-0.154814,-0.243365,-0.011811,-0.148059,-0.204330,0.015107,-0.241765,-0.241296,0.024826,-0.011043,-0.044879,-0.110873,-0.157049,-0.213019,-0.033347,0.002712,-0.140678,0.008342,0.010389,-0.041904,0.032531,-0.157775,-0.253324,-0.012565,-0.210044,-0.261112,-0.010650,-0.312042,-0.248516,-0.009656,-0.310313,-0.233233,-0.007295,-0.177229,-0.249470,-0.003825,-0.126482,-0.219121,-0.018586,-0.087628,-0.177881,-0.010919
-0.157675,-0.236540,-0.005117,-0.141302,-0.187196,0.025346,-0.225782,-0.221811,0.034934,-0.007828,-0.034541,-0.087853,-0.168156,-0.208234,-0.029626,-0.006600,-0.141961,0.013056,0.011167,-0.047734,0.035650,-0.161266,-0.247143,-0.006047,-0.195022,-0.253142,-0.004939,-0.302083,-0.259364,-0.007161,-0.328051,-0.258538,-0.013530,-0.190166,-0.251479,0.002374,-0.138772,-0.225941,-0.010514,-0.075210,-0.180773,0.001265
-0.159569,-0.229141,0.001148,-0.132213,-0.170005,0.034482,-0.208588,-0.202829,0.043911,-0.004809,-0.026007,-0.066346,-0.177962,-0.203768,-0.025551,-0.017665,-0.143216,0.017753,0.011949,-0.054120,0.038412,-0.164114,-0.240327,-0.000002,-0.179105,-0.245390,0.001136,-0.287579,-0.269491,-0.003961,-0.345246,-0.283468,-0.019834,-0.202627,-0.253947,0.007599,-0.151579,-0.233019,-0.003405,-0.067893,-0.184883,0.012227
-0.160248,-0.222102,0.006158,-0.120881,-0.154176,0.041495,-0.189413,-0.184058,0.050348,-0.002838,-0.018431,-0.047581,-0.186698,-0.200978,-0.021852,-0.030756,-0.145139,0.021832,0.012722,-0.061587,0.040266,-0.165782,-0.233599,0.004791,-0.162701,-0.238507,0.006630,-0.268064,-0.278895,-0.000916,-0.359393,-0.307622,-0.026111,-0.214022,-0.256965,0.011299,-0.163757,-0.240594,0.002168,-0.065081,-0.190764,0.021250
-0.159804,-0.216315,0.009557,-0.108349,-0.141098,0.046055,-0.167384,-0.165095,0.053467,-0.001951,-0.011838,-0.032029,-0.194409,-0.200440,-0.019031,-0.045086,-0.148081,0.024912,0.013489,-0.070614,0.040910,-0.166081,-0.227719,0.008019,-0.146374,-0.232690,0.010724,-0.244074,-0.287530,0.001119,-0.368547,-0.330024,-0.032154,-0.223565,-0.260061,0.013474,-0.174682,-0.248499,0.006296,-0.066279,-0.198907,0.028190
-0.158402,-0.212163,0.011345,-0.095598,-0.131531,0.048210,-0.141971,-0.145662,0.053035,-0.001753,-0.006527,-0.019745,-0.200659,-0.201881,-0.017201,-0.059091,-0.152007,0.026920,0.014263,-0.081488,0.040353,-0.165107,-0.223067,0.009696,-0.130712,-0.227794,0.012960,-0.217353,-0.295112,0.001650,-0.371720,-0.349135,-0.037487,-0.230708,-0.262558,0.014376,-0.184426,-0.256042,0.009250,-0.071236,-0.209216,0.033108
-0.156211,-0.209314,0.011704,-0.083072,-0.125270,0.048167,-0.113803,-0.126088,0.049402,-0.001772,-0.002684,-0.010626,-0.204787,-0.204351,-0.016169,-0.070906,-0.156641,0.028017,0.015067,-0.094339,0.038798,-0.163207,-0.219424,0.009978,-0.116161,-0.223513,0.013352,-0.190323,-0.301090,0.000730,-0.368650,-0.363302,-0.041400,-0.235432,-0.263936,0.014176,-0.193474,-0.262193,0.011053,-0.079674,-0.220756,0.035949
-0.153509,-0.206843,0.010878,-0.070748,-0.121228,0.046212,-0.085176,-0.107669,0.043513,-0.001650,-0.000334,-0.004510,-0.206508,-0.206654,-0.015613,-0.078757,-0.161711,0.028542,0.015957,-0.109163,0.036613,-0.160960,-0.216038,0.009066,-0.102829,-0.219500,0.012337,-0.165071,-0.304834,-0.001121,-0.359219,-0.371425,-0.043192,-0.238243,-0.264000,0.012812,-0.202264,-0.266021,0.011394,-0.091008,-0.232084,0.036469
-0.150727,-0.203655,0.009127,-0.058377,-0.117921,0.042708,-0.059267,-0.092205,0.036650,-0.001230,0.000618,-0.001125,-0.206340,-0.207876,-0.015222,-0.081213,-0.167119,0.029015,0.017036,-0.125480,0.034465,-0.159033,-0.211950,0.007185,-0.090378,-0.215460,0.010588,-0.142576,-0.305941,-0.003173,-0.343110,-0.373470,-0.042483,-0.239870,-0.262873,0.010062,-0.210868,-0.267139,0.009850,-0.104312,-0.241947,0.034398
-0.148307,-0.199060,0.006705,-0.045657,-0.114170,0.038068,-0.038338,-0.080900,0.029892,-0.000579,0.000400,-0.000005,-0.205555,-0.207834,-0.014825,-0.077751,-0.172921,0.029988,0.018368,-0.141600,0.033401,-0.157910,-0.206516,0.004581,-0.078194,-0.211342,0.008755,-0.122708,-0.304426,-0.004791,-0.319977,-0.370503,-0.039375,-0.240846,-0.260938,0.005740,-0.218989,-0.265915,0.006194,-0.118534,-0.249867,0.029666
-0.146472,-0.193226,0.003831,-0.032274,-0.109716,0.032690,-0.022509,-0.073716,0.023710,0.000073,-0.000618,-0.000557,-0.205768,-0.207309,-0.014459,-0.069642,-0.179294,0.031739,0.019730,-0.154172,0.034684,-0.157634,-0.199859,0.001499,-0.065775,-0.207515,0.007235,-0.104784,-0.300712,-0.005632,-0.289854,-0.364172,-0.034423,-0.241272,-0.258796,-0.000086,-0.226210,-0.263376,0.000616,-0.132819,-0.256299,0.022583
-0.145063,-0.187225,0.000782,-0.017895,-0.105454,0.026946,-0.010121,-0.069796,0.018021,0.000469,-0.001986,-0.002244,-0.208314,-0.207915,-0.014163,-0.059751,-0.186974,0.034236,0.020267,-0.159195,0.039649,-0.157744,-0.192928,-0.001736,-0.053083,-0.204720,0.006172,-0.088126,-0.295345,-0.005618,-0.253315,-0.355789,-0.028367,-0.240848,-0.257126,-0.006888,-0.232226,-0.260817,-0.006145,-0.146747,-0.262302,0.013938
-0.143577,-0.182443,-0.001868,-0.002391,-0.103050,0.021269,0.000798,-0.068307,0.012632,0.000476,-0.003263,-0.004653,-0.213467,-0.211333,-0.013465,-0.049514,-0.198479,0.037706,0.018265,-0.155377,0.049793,-0.157457,-0.186947,-0.004498,-0.040569,-0.203610,0.005772,-0.072299,-0.288457,-0.004601,-0.211237,-0.345365,-0.021635,-0.239028,-0.256322,-0.013541,-0.236813,-0.259133,-0.012774,-0.160277,-0.268790,0.005015
-0.141363,-0.179480,-0.003087,0.013593,-0.103884,0.016335,0.011096,-0.068772,0.007768,0.000158,-0.004108,-0.007297,-0.219607,-0.217814,-0.011039,-0.034310,-0.219560,0.043263,0.011238,-0.148777,0.066632,-0.155992,-0.182404,-0.005728,-0.028912,-0.204073,0.006698,-0.057063,-0.279191,-0.001958,-0.164630,-0.331129,-0.013904,-0.235196,-0.255995,-0.018484,-0.239671,-0.258083,-0.017635,-0.173414,-0.275616,-0.002630
-0.137822,-0.177237,-0.001680,0.028162,-0.107772,0.013094,0.019911,-0.070673,0.004302,-0.000249,-0.004361,-0.009335,-0.222897,-0.224789,-0.005191,-0.002668,-0.259182,0.052365,-0.003578,-0.154771,0.090611,-0.152843,-0.178279,-0.004253,-0.018691,-0.204859,0.010032,-0.042219,-0.265657,0.003362,-0.114948,-0.310156,-0.004218,-0.228929,-0.254778,-0.020323,-0.240397,-0.256034,-0.019405,-0.185893,-0.281105,-0.007699
-0.132507,-0.173232,0.002970,0.038660,-0.112562,0.012480,0.025296,-0.073028,0.003428,-0.000467,-0.004036,-0.009657,-0.218513,-0.227304,0.004825,0.055702,-0.326294,0.064810,-0.028305,-0.192633,0.119499,-0.147867,-0.172435,0.000457,-0.010156,-0.204027,0.016540,-0.027412,-0.245924,0.012072,-0.064533,-0.280272,0.008131,-0.220269,-0.250869,-0.018623,-0.238691,-0.250760,-0.017789,-0.197148,-0.282706,-0.009784
-0.125171,-0.165392,0.010229,0.043264,-0.115401,0.014799,0.025837,-0.074593,0.005800,-0.000330,-0.003262,-0.007509,-0.203620,-0.221102,0.017659,0.136656,-0.424023,0.076989,-0.063083,-0.273328,0.147924,-0.141159,-0.163277,0.007661,-0.003076,-0.200201,0.025734,-0.012005,-0.219708,0.023577,-0.016284,-0.242243,0.022560,-0.209753,-0.243249,-0.014270,-0.234524,-0.241083,-0.013737,-0.206552,-0.278743,-0.009608
-0.115837,-0.153987,0.018310,0.042498,-0.114908,0.019267,0.022112,-0.074645,0.010770,0.000133,-0.002246,-0.003202,-0.180017,-0.206223,0.030135,0.216179,-0.545195,0.082893,-0.104805,-0.390015,0.169044,-0.132840,-0.151345,0.015525,0.003309,-0.193693,0.035691,0.004777,-0.189411,0.035811,0.027545,-0.200460,0.037046,-0.198027,-0.232658,-0.009032,-0.228051,-0.228129,-0.008910,-0.213629,-0.269986,-0.008592
-0.104852,-0.141782,0.025187,0.039090,-0.112229,0.024258,0.016666,-0.073479,0.016506,0.000761,-0.001263,0.001879,-0.153575,-0.187538,0.039021,0.262318,-0.673479,0.078171,-0.146989,-0.521582,0.177387,-0.122963,-0.139266,0.022084,0.010008,-0.186432,0.044005,0.023306,-0.159374,0.046248,0.066258,-0.161180,0.049201,-0.185411,-0.221361,-0.004588,-0.219335,-0.214946,-0.004747,-0.218068,-0.259531,-0.008036
-0.092863,-0.132254,0.029622,0.036098,-0.110042,0.028165,0.012448,-0.072071,0.021012,0.001368,-0.000587,0.006086,-0.130486,-0.171460,0.042862,0.256660,-0.789919,0.064157,-0.181519,-0.647158,0.171018,-0.111647,-0.130100,0.026241,0.017694,-0.180728,0.049094,0.042938,-0.133818,0.053276,0.100409,-0.129491,0.057645,-0.171811,-0.211824,-0.001758,-0.208263,-0.204700,-0.001853,-0.219627,-0.250977,-0.008504
-0.080674,-0.127591,0.031479,0.034966,-0.110633,0.030161,0.011130,-0.071234,0.023121,0.001786,-0.000326,0.008395,-0.113698,-0.161996,0.042360,0.206015,-0.879765,0.048023,-0.201631,-0.757883,0.151850,-0.099222,-0.125663,0.028005,0.026257,-0.178006,0.050745,0.061997,-0.115139,0.056727,0.130792,-0.107326,0.062493,-0.156962,-0.205465,-0.000451,-0.194810,-0.199065,-0.000056,-0.218132,-0.246547,-0.009795
-0.068919,-0.128005,0.031284,0.035176,-0.114713,0.030295,0.012637,-0.071093,0.022748,0.001896,-0.000322,0.008666,-0.102188,-0.159319,0.039260,0.134928,-0.935205,0.038419,-0.204544,-0.856836,0.123907,-0.086115,-0.126058,0.027974,0.034949,-0.178421,0.049675,0.078583,-0.103616,0.057375,0.157832,-0.093636,0.064755,-0.140668,-0.202364,-0.000181,-0.179310,-0.197884,0.001072,-0.213549,-0.246470,-0.011393
-0.057661,-0.132235,0.029622,0.035487,-0.121456,0.029080,0.015827,-0.071279,0.020522,0.001711,-0.000277,0.007356,-0.092642,-0.160967,0.035014,0.068465,-0.954300,0.040034,-0.192244,-0.951145,0.090701,-0.072503,-0.130174,0.026720,0.042973,-0.181252,0.046826,0.091668,-0.098214,0.056161,0.181676,-0.085979,0.065488,-0.122879,-0.201753,-0.000594,-0.162362,-0.199828,0.001735,-0.205963,-0.249515,-0.012947
-0.046276,-0.138481,0.026914,0.035385,-0.129290,0.027095,0.019387,-0.071554,0.017347,0.001433,-0.000038,0.005139,-0.081758,-0.163971,0.030292,0.020205,-0.939123,0.051261,-0.169844,-1.044949,0.053904,-0.058115,-0.136437,0.024585,0.050036,-0.185513,0.043041,0.101640,-0.097571,0.053843,0.202464,-0.082172,0.065413,-0.103733,-0.202689,-0.001580,-0.144486,-0.203269,0.001844,-0.195488,-0.253923,-0.014407
-0.033870,-0.145199,0.023522,0.035551,-0.136791,0.024822,0.022370,-0.072226,0.014124,0.001316,0.000248,0.002679,-0.068007,-0.166446,0.025245,-0.008956,-0.894880,0.066100,-0.142546,-1.137088,0.014431,-0.042437,-0.143438,0.021841,0.056467,-0.190419,0.039057,0.109963,-0.100653,0.051025,0.220354,-0.081244,0.064954,-0.083626,-0.204497,-0.003051,-0.125941,-0.206915,0.001278,-0.182268,-0.258193,-0.015840
-0.019915,-0.151528,0.019853,0.037237,-0.143198,0.022650,0.024371,-0.073927,0.011566,0.001460,0.000265,0.000534,-0.052172,-0.168043,0.019904,-0.025283,-0.829617,0.078037,-0.113380,-1.222585,-0.025461,-0.025154,-0.150291,0.018849,0.062976,-0.195528,0.035492,0.118275,-0.106881,0.048190,0.235369,-0.083433,0.064330,-0.063209,-0.206870,-0.004755,-0.106816,-0.210063,0.000118,-0.166588,-0.261456,-0.017223
-0.004546,-0.157288,0.016283,0.041371,-0.148442,0.020834,0.025504,-0.077077,0.010028,0.001735,-0.000191,-0.000938,-0.036456,-0.169413,0.014318,-0.036094,-0.753380,0.082939,-0.083027,-1.295471,-0.061449,-0.006432,-0.156681,0.015979,0.070279,-0.200669,0.032684,0.127550,-0.115902,0.045604,0.247379,-0.089531,0.063546,-0.043185,-0.209724,-0.006350,-0.087207,-0.212525,-0.001380,-0.148867,-0.263412,-0.018440
0.011649,-0.162753,0.012980,0.048147,-0.152946,0.019388,0.026260,-0.081570,0.009396,0.001913,-0.001038,-0.001706,-0.022862,-0.171438,0.008519,-0.046318,-0.676372,0.079747,-0.051140,-1.350749,-0.088488,0.013156,-0.162742,0.013398,0.078818,-0.205831,0.030541,0.137778,-0.127330,0.043178,0.256313,-0.100143,0.062358,-0.024045,-0.213059,-0.007640,-0.067297,-0.214455,-0.003008,-0.129497,-0.264103,-0.019417
0.028014,-0.168471,0.009826,0.057109,-0.157441,0.018058,0.027295,-0.086870,0.009147,0.001810,-0.001948,-0.002074,-0.012127,-0.174794,0.002458,-0.057895,-0.606815,0.069574,-0.017914,-1.384753,-0.102960,0.032875,-0.168941,0.010963,0.088651,-0.211129,0.028543,0.148228,-0.140693,0.040462,0.262362,-0.115311,0.060293,-0.005965,-0.216937,-0.008688,-0.047355,-0.216254,-0.004723,-0.108678,-0.263795,-0.020178
0.044009,-0.175139,0.006534,0.067352,-0.162743,0.016523,0.029212,-0.092274,0.008655,0.001336,-0.002547,-0.002455,-0.003777,-0.179832,-0.004019,-0.070664,-0.549499,0.054420,0.014918,-1.394813,-0.104026,0.052041,-0.175977,0.008338,0.099486,-0.216774,0.025955,0.158007,-0.155506,0.036822,0.265909,-0.134476,0.056789,0.011109,-0.221482,-0.009675,-0.027705,-0.218507,-0.006539,-0.086446,-0.262969,-0.020731
0.059204,-0.183437,0.002872,0.077701,-0.169480,0.014693,0.032353,-0.097169,0.007584,0.000547,-0.002628,-0.003040,0.003156,-0.186562,-0.011107,-0.083597,-0.505285,0.036137,0.043978,-1.379394,-0.093803,0.070108,-0.184598,0.005250,0.110789,-0.222991,0.022148,0.166512,-0.171302,0.031738,0.267289,-0.156576,0.051403,0.027328,-0.226835,-0.010672,-0.008675,-0.221856,-0.008323,-0.062837,-0.262264,-0.020925
0.073263,-0.193827,-0.001170,0.087020,-0.177967,0.012783,0.036644,-0.101316,0.006034,-0.000322,-0.002231,-0.003718,0.009534,-0.194763,-0.018881,-0.096240,-0.471363,0.015583,0.065050,-1.338526,-0.077009,0.086688,-0.195358,0.001662,0.121983,-0.229915,0.016847,0.173593,-0.187600,0.025044,0.266643,-0.180230,0.043996,0.042853,-0.233065,-0.011536,0.009470,-0.226801,-0.009753,-0.037999,-0.262307,-0.020445
0.086030,-0.206417,-0.005347,0.094678,-0.188336,0.011080,0.041607,-0.105033,0.004350,-0.000967,-0.001546,-0.004290,0.015907,-0.204275,-0.027086,-0.110281,-0.442161,-0.008043,0.074521,-1.273374,-0.060551,0.101557,-0.208394,-0.002197,0.132652,-0.237508,0.010193,0.179455,-0.203859,0.016990,0.263943,-0.203962,0.034777,0.057780,-0.240093,-0.011965,0.026630,-0.233473,-0.010435,-0.012179,-0.263504,-0.018947
0.097655,-0.220942,-0.009222,0.100912,-0.200704,0.009682,0.046643,-0.109073,0.002822,-0.001241,-0.000801,-0.004675,0.022510,-0.215238,-0.035048,-0.129937,-0.411157,-0.036908,0.071007,-1.184636,-0.052519,0.114714,-0.223349,-0.005907,0.142618,-0.245546,0.002710,0.184439,-0.219525,0.008190,0.259044,-0.226403,0.024280,0.072082,-0.247675,-0.011588,0.042987,-0.241486,-0.010071,0.014325,-0.265885,-0.016233
0.108564,-0.236792,-0.012260,0.106721,-0.215109,0.008482,0.051427,-0.114209,0.001569,-0.001239,-0.000222,-0.004859,0.029299,-0.227984,-0.041755,-0.159403,-0.373671,-0.072423,0.056481,-1.071267,-0.059546,0.126450,-0.239427,-0.008935,0.151866,-0.253660,-0.004773,0.188876,-0.234167,-0.000484,0.251784,-0.246428,0.013291,0.085600,-0.255425,-0.010030,0.059016,-0.249957,-0.008519,0.041151,-0.269107,-0.012310
0.119216,-0.253084,-0.013903,0.113259,-0.231320,0.007335,0.056063,-0.120809,0.000624,-0.001148,0.000006,-0.004761,0.036058,-0.242711,-0.045985,-0.198230,-0.329590,-0.112187,0.035940,-0.931845,-0.083070,0.137264,-0.255540,-0.010684,0.160469,-0.261399,-0.011222,0.193085,-0.247620,-0.008035,0.242226,-0.263282,0.002781,0.098108,-0.262876,-0.006929,0.075270,-0.257749,-0.005726,0.067847,-0.272599,-0.007304
0.129750,-0.268854,-0.013584,0.121118,-0.248871,0.006217,0.060868,-0.128725,0.000032,-0.001033,-0.000148,-0.004203,0.042657,-0.259320,-0.046373,-0.238711,-0.283842,-0.148907,0.015247,-0.768920,-0.117205,0.147533,-0.270561,-0.010510,0.168564,-0.268314,-0.015569,0.197358,-0.259993,-0.013505,0.230915,-0.276738,-0.006200,0.109455,-0.269554,-0.001953,0.092091,-0.263884,-0.001584,0.093941,-0.275799,-0.001241
0.139802,-0.283350,-0.010723,0.130011,-0.267365,0.005265,0.066034,-0.137519,-0.000096,-0.000805,-0.000511,-0.002981,0.049296,-0.277566,-0.041521,-0.268513,-0.243604,-0.173155,-0.001465,-0.593190,-0.150634,0.157158,-0.283638,-0.007760,0.176284,-0.274086,-0.016907,0.201812,-0.271562,-0.016109,0.218867,-0.287221,-0.012622,0.119727,-0.275111,0.005185,0.109481,-0.267954,0.004192,0.119096,-0.278378,0.006119
0.148655,-0.296230,-0.004842,0.138991,-0.286685,0.004686,0.071457,-0.146780,0.000375,-0.000354,-0.000882,-0.000940,0.056511,-0.297238,-0.030383,-0.277014,-0.214154,-0.178219,-0.012635,-0.422933,-0.171777,0.165508,-0.294398,-0.001926,0.183639,-0.278660,-0.014673,0.206268,-0.282642,-0.015357,0.207271,-0.295761,-0.015635,0.129234,-0.279471,0.014612,0.127158,-0.270318,0.011951,0.143164,-0.280377,0.015179
0.155607,-0.307468,0.004071,0.146933,-0.306780,0.004563,0.076795,-0.156235,0.001466,0.000320,-0.001261,0.001923,0.064828,-0.318019,-0.012940,-0.260808,-0.196558,-0.163417,-0.018249,-0.277428,-0.174017,0.171779,-0.302896,0.006983,0.190448,-0.282280,-0.008884,0.210272,-0.293469,-0.011246,0.197060,-0.303662,-0.014868,0.138234,-0.282861,0.026000,0.144605,-0.271930,0.021706,0.165998,-0.282178,0.026058
0.160293,-0.317093,0.015174,0.152944,-0.327219,0.004628,0.081650,-0.165566,0.002892,0.001077,-0.001840,0.005323,0.074310,-0.339156,0.009240,-0.225117,-0.188389,-0.133973,-0.018907,-0.168642,-0.158083,0.175462,-0.309364,0.018078,0.196347,-0.285367,-0.000349,0.213196,-0.304113,-0.004481,0.188569,-0.312000,-0.010759,0.146616,-0.285701,0.038277,0.161045,-0.273906,0.032707,0.187187,-0.284352,0.038102
0.162774,-0.324967,0.026748,0.156562,-0.346953,0.004226,0.085852,-0.174113,0.004006,0.001719,-0.002749,0.008676,0.084346,-0.359326,0.033144,-0.180707,-0.185991,-0.098144,-0.015898,-0.097350,-0.130538,0.176608,-0.313974,0.029603,0.200908,-0.288341,0.009414,0.214363,-0.314458,0.003568,0.181483,-0.321344,-0.004573,0.153841,-0.288422,0.049662,0.175510,-0.277097,0.043374,0.206016,-0.287472,0.049790
0.163447,-0.330761,0.036728,0.157822,-0.364525,0.002548,0.089858,-0.180643,0.003968,0.002119,-0.003834,0.011319,0.093874,-0.376919,0.055286,-0.138371,-0.186250,-0.063629,-0.011229,-0.055739,-0.099744,0.175788,-0.316739,0.039482,0.203837,-0.291473,0.018659,0.213247,-0.324329,0.011274,0.175217,-0.331930,0.002037,0.159252,-0.291315,0.058168,0.187121,-0.281901,0.051783,0.221768,-0.291979,0.059233
0.162879,-0.334130,0.043412,0.157211,-0.378601,-0.001073,0.095146,-0.183330,0.002005,0.002300,-0.004692,0.012845,0.101919,-0.390570,0.072867,-0.104403,-0.187182,-0.035216,-0.006852,-0.033236,-0.072082,0.173856,-0.317580,0.046027,0.205065,-0.294796,0.025951,0.209689,-0.333664,0.017241,0.169434,-0.343998,0.007591,0.162541,-0.294431,0.062262,0.195403,-0.288321,0.056402,0.234145,-0.298109,0.064934
0.161643,-0.334978,0.045865,0.155530,-0.388504,-0.007020,0.104143,-0.180091,-0.002431,0.002389,-0.004931,0.013272,0.108117,-0.399652,0.084432,-0.079558,-0.187825,-0.014483,-0.003797,-0.021113,-0.050516,0.171606,-0.316534,0.048321,0.204598,-0.298075,0.030386,0.203911,-0.342515,0.020517,0.164312,-0.357788,0.011073,0.163991,-0.297558,0.061283,0.200402,-0.296146,0.056587,0.243402,-0.305886,0.066293
0.160182,-0.333670,0.043938,0.153652,-0.394547,-0.015452,0.119197,-0.169494,-0.009561,0.002481,-0.004395,0.012933,0.112917,-0.404527,0.089899,-0.061251,-0.187955,-0.000886,-0.002047,-0.014048,-0.035322,0.169469,-0.313940,0.046215,0.202304,-0.300945,0.031523,0.196400,-0.350889,0.020599,0.160424,-0.373146,0.011969,0.164256,-0.300347,0.055452,0.202544,-0.305082,0.052590,0.250065,-0.315165,0.063596
0.158731,-0.331018,0.038108,0.152261,-0.397979,-0.026345,0.140819,-0.152014,-0.019137,0.002541,-0.003219,0.012200,0.117306,-0.406463,0.090258,-0.046749,-0.187755,0.006982,-0.001043,-0.009525,-0.025481,0.167422,-0.310448,0.040158,0.198002,-0.303157,0.029318,0.187831,-0.358582,0.017447,0.158436,-0.389194,0.010253,0.163883,-0.302557,0.045640,0.202431,-0.314741,0.045227,0.254510,-0.325671,0.057620
0.157343,-0.328056,0.029297,0.151689,-0.400544,-0.039418,0.166561,-0.130662,-0.030310,0.002461,-0.001723,0.011306,0.122153,-0.407206,0.087130,-0.035178,-0.187488,0.010650,-0.000257,-0.006574,-0.019659,0.165165,-0.306851,0.031037,0.191810,-0.304759,0.024128,0.179064,-0.365195,0.011521,0.158787,-0.404496,0.006339,0.163040,-0.304224,0.033091,0.200730,-0.324557,0.035501,0.256783,-0.336974,0.049227
0.155944,-0.325747,0.018673,0.151911,-0.403792,-0.053978,0.191909,-0.110010,-0.041714,0.002230,-0.000309,0.010427,0.127545,-0.408356,0.082215,-0.027501,-0.187292,0.011495,0.000517,-0.004758,-0.016605,0.162435,-0.303901,0.020006,0.184345,-0.306062,0.016657,0.171054,-0.370307,0.003664,0.161466,-0.417593,0.000912,0.161670,-0.305634,0.019192,0.198150,-0.333769,0.024396,0.256777,-0.348427,0.039187
0.154393,-0.324760,0.007424,0.152682,-0.408460,-0.068867,0.212723,-0.094022,-0.051786,0.002046,0.000608,0.009952,0.132562,-0.410780,0.076746,-0.024976,-0.187177,0.010677,0.001153,-0.003647,-0.015249,0.159210,-0.302183,0.008273,0.176458,-0.307421,0.007785,0.164601,-0.373647,-0.005148,0.165964,-0.427491,-0.005303,0.159769,-0.307115,0.005298,0.195384,-0.341535,0.012829,0.254511,-0.359137,0.028214
0.152528,-0.325326,-0.003441,0.153714,-0.414174,-0.082592,0.227144,-0.084355,-0.059122,0.002244,0.000739,0.010630,0.135719,-0.414315,0.071200,-0.027444,-0.187116,0.009096,0.001381,-0.002735,-0.014734,0.155698,-0.302021,-0.003098,0.168791,-0.309026,-0.001608,0.160091,-0.375100,-0.014026,0.171429,-0.433744,-0.011682,0.157433,-0.308829,-0.007414,0.192951,-0.347102,0.001636,0.250252,-0.367996,0.017020
0.150186,-0.327193,-0.013183,0.154784,-0.419634,-0.093637,0.235579,-0.080302,-0.062696,0.003110,0.000107,0.013391,0.135850,-0.417889,0.065416,-0.032576,-0.187123,0.007363,0.001038,-0.001629,-0.014425,0.152098,-0.303391,-0.013309,0.161564,-0.310808,-0.010765,0.157397,-0.374588,-0.022267,0.176962,-0.436222,-0.017714,0.154707,-0.310698,-0.018081,0.191016,-0.349953,-0.008488,0.244427,-0.373814,0.006301
0.147171,-0.329763,-0.021282,0.155661,-0.423178,-0.100774,0.239467,-0.079907,-0.061914,0.004755,-0.000865,0.019019,0.132849,-0.419992,0.059006,-0.036371,-0.187293,0.005829,0.000231,-0.000271,-0.013889,0.148320,-0.305954,-0.021805,0.154732,-0.312512,-0.019095,0.156025,-0.372015,-0.029366,0.181926,-0.434894,-0.022960,0.151563,-0.312462,-0.026208,0.189360,-0.349941,-0.017021,0.237508,-0.375572,-0.003294
0.143187,-0.332373,-0.027295,0.155856,-0.423422,-0.103176,0.240166,-0.081148,-0.056537,0.007159,-0.001524,0.027939,0.127706,-0.419278,0.051786,-0.034645,-0.187757,0.004684,-0.000710,0.001047,-0.012841,0.143897,-0.309248,-0.028131,0.148227,-0.313856,-0.026127,0.155402,-0.367395,-0.034946,0.186068,-0.429858,-0.027013,0.148101,-0.313838,-0.031551,0.187594,-0.347364,-0.023514,0.230007,-0.372723,-0.011119
0.137901,-0.334575,-0.030746,0.154508,-0.419694,-0.100390,0.238513,-0.082662,-0.046594,0.010331,-0.001414,0.040144,0.121840,-0.415016,0.043980,-0.025089,-0.188490,0.004014,-0.001447,0.001920,-0.011136,0.138249,-0.312923,-0.031806,0.142050,-0.314658,-0.031404,0.155062,-0.361015,-0.038657,0.189390,-0.421489,-0.029455,0.144757,-0.314654,-0.033932,0.185508,-0.342904,-0.027477,0.222507,-0.365351,-0.016482
0.131178,-0.336254,-0.031241,0.150698,-0.412142,-0.092399,0.234804,-0.084081,-0.032468,0.014434,-0.000784,0.055068,0.116342,-0.407279,0.036108,-0.008848,-0.189086,0.003735,-0.001821,0.002144,-0.008860,0.131112,-0.316838,-0.032425,0.136177,-0.314853,-0.034529,0.154613,-0.353388,-0.040207,0.191841,-0.410418,-0.029947,0.142200,-0.314858,-0.033183,0.183280,-0.337350,-0.028438,0.215579,-0.354085,-0.018805
0.123301,-0.337569,-0.028788,0.143989,-0.401655,-0.079867,0.228929,-0.085976,-0.015129,0.019672,-0.000789,0.071436,0.111676,-0.396904,0.028688,0.009848,-0.188848,0.003544,-0.001882,0.001845,-0.006385,0.122824,-0.320995,-0.029982,0.130519,-0.314419,-0.035431,0.153638,-0.345017,-0.039605,0.193108,-0.397288,-0.028504,0.141012,-0.314431,-0.029354,0.181423,-0.331242,-0.026259,0.209639,-0.339816,-0.017951
0.114972,-0.338819,-0.024063,0.134682,-0.389706,-0.064374,0.220619,-0.089289,0.003755,0.025970,-0.003114,0.087375,0.107903,-0.385306,0.022012,0.026211,-0.187271,0.003059,-0.001761,0.001340,-0.004188,0.114226,-0.325397,-0.025150,0.125002,-0.313278,-0.034651,0.151740,-0.336170,-0.037438,0.192680,-0.382531,-0.025767,0.141389,-0.313294,-0.022968,0.180552,-0.324654,-0.021438,0.204888,-0.323371,-0.014495
0.107028,-0.340244,-0.018361,0.123628,-0.378057,-0.048295,0.209881,-0.094503,0.022044,0.032730,-0.009257,0.100910,0.105057,-0.374110,0.016127,0.037557,-0.184469,0.002068,-0.001558,0.000911,-0.002573,0.106274,-0.329892,-0.019247,0.119632,-0.311289,-0.033319,0.148698,-0.326881,-0.034852,0.190147,-0.366406,-0.022951,0.143082,-0.311280,-0.015136,0.181128,-0.317251,-0.015180,0.201378,-0.305334,-0.009705
0.100043,-0.341753,-0.013224,0.111787,-0.368192,-0.034242,0.197407,-0.101170,0.037619,0.039028,-0.020159,0.110554,0.103314,-0.364570,0.010950,0.043978,-0.181032,0.000622,-0.001312,0.000682,-0.001547,0.099547,-0.334011,-0.013866,0.114394,-0.308279,-0.032731,0.144548,-0.317096,-0.033143,0.185457,-0.349225,-0.021383,0.145521,-0.308192,-0.007421,0.183178,-0.308586,-0.009158,0.199054,-0.286108,-0.005225
0.094004,-0.342711,-0.009957,0.099822,-0.360656,-0.024293,0.184630,-0.108264,0.048830,0.044085,-0.036541,0.115575,0.102817,-0.356979,0.006330,0.047098,-0.177464,-0.001103,-0.001053,0.000641,-0.000952,0.093894,-0.336880,-0.010371,0.109049,-0.304107,-0.033780,0.139484,-0.306827,-0.033201,0.178920,-0.331513,-0.021907,0.148016,-0.303868,-0.001533,0.186093,-0.298450,-0.005094,0.197701,-0.266150,-0.002607
0.088280,-0.341984,-0.009280,0.087978,-0.354786,-0.019445,0.173190,-0.115316,0.054570,0.047368,-0.059357,0.115865,0.103396,-0.350510,0.002085,0.048544,-0.173779,-0.002974,-0.000838,0.000721,-0.000656,0.088438,-0.337347,-0.009540,0.103079,-0.298698,-0.036632,0.133642,-0.296188,-0.035188,0.170941,-0.313906,-0.024586,0.149873,-0.298239,0.001058,0.188691,-0.287049,-0.004330,0.196873,-0.246126,-0.002934
0.081964,-0.338322,-0.011272,0.076348,-0.349116,-0.019585,0.164113,-0.123700,0.053963,0.047887,-0.089446,0.111725,0.104477,-0.343693,-0.001929,0.049237,-0.169581,-0.004915,-0.000727,0.000854,-0.000588,0.081992,-0.334314,-0.011491,0.095867,-0.292080,-0.040790,0.126934,-0.285357,-0.038603,0.161694,-0.296933,-0.028823,0.150383,-0.291356,-0.000535,0.189687,-0.274936,-0.007545,0.195922,-0.226892,-0.006661
0.074375,-0.330854,-0.015473,0.065317,-0.342142,-0.023792,0.157387,-0.137155,0.046065,0.043254,-0.126557,0.103945,0.105250,-0.335179,-0.005686,0.049436,-0.164440,-0.006781,-0.000733,0.001012,-0.000628,0.073624,-0.327118,-0.015786,0.086998,-0.284392,-0.045385,0.119080,-0.274596,-0.042585,0.151013,-0.280983,-0.033713,0.148773,-0.283392,-0.006369,0.188248,-0.262808,-0.014603,0.194131,-0.209403,-0.013609
0.065367,-0.319416,-0.020991,0.055668,-0.332829,-0.030570,0.152419,-0.160708,0.030124,0.029730,-0.169352,0.094216,0.104973,-0.324211,-0.008960,0.049070,-0.158150,-0.008304,-0.000805,0.001200,-0.000550,0.063016,-0.315799,-0.021544,0.076382,-0.275895,-0.049405,0.109769,-0.264327,-0.046155,0.138510,-0.266519,-0.038283,0.144320,-0.274639,-0.015569,0.184221,-0.251340,-0.024509,0.190813,-0.194666,-0.022967
0.055266,-0.304608,-0.026559,0.048117,-0.320630,-0.037864,0.149110,-0.197948,0.006580,0.003862,-0.217581,0.085572,0.103227,-0.310570,-0.011443,0.048067,-0.150729,-0.009189,-0.000878,0.001410,-0.000103,0.050479,-0.301175,-0.027480,0.064110,-0.266977,-0.051762,0.098735,-0.255170,-0.048277,0.123762,-0.254224,-0.041527,0.136638,-0.265499,-0.026405,0.177877,-0.241107,-0.035491,0.185318,-0.183631,-0.033300
0.044608,-0.287599,-0.030695,0.042648,-0.305321,-0.043214,0.148417,-0.248067,-0.021895,-0.035359,-0.274998,0.082361,0.099976,-0.294311,-0.012937,0.046518,-0.142280,-0.009279,-0.000911,0.001602,0.000836,0.036767,-0.284672,-0.032055,0.050293,-0.258106,-0.051373,0.085774,-0.247786,-0.047918,0.106505,-0.244876,-0.042411,0.125926,-0.256434,-0.036607,0.169429,-0.232511,-0.045316,0.177042,-0.176947,-0.042699
0.033953,-0.269764,-0.032072,0.038203,-0.286991,-0.044358,0.151402,-0.305070,-0.050485,-0.085546,-0.349802,0.089257,0.095398,-0.275664,-0.013450,0.044640,-0.132905,-0.008629,-0.000899,0.001782,0.002199,0.022943,-0.267901,-0.033850,0.035196,-0.249694,-0.047418,0.070871,-0.242638,-0.044289,0.086895,-0.239100,-0.040086,0.112995,-0.247836,-0.043962,0.158747,-0.225722,-0.051844,0.165573,-0.174679,-0.049183
0.023878,-0.252315,-0.029996,0.033001,-0.266212,-0.040077,0.157123,-0.360495,-0.073922,-0.141724,-0.450797,0.109251,0.089700,-0.255132,-0.013183,0.042618,-0.122730,-0.007468,-0.000842,0.002061,0.003770,0.010295,-0.252154,-0.032058,0.019499,-0.241944,-0.039678,0.054405,-0.239788,-0.037179,0.065724,-0.237248,-0.034210,0.099057,-0.239881,-0.046970,0.145538,-0.220658,-0.053674,0.150973,-0.176182,-0.051280
0.014996,-0.236064,-0.024656,0.025255,-0.244090,-0.030656,0.161314,-0.408092,-0.088803,-0.197753,-0.581328,0.141570,0.083150,-0.233543,-0.012449,0.040516,-0.111998,-0.006111,-0.000724,0.002549,0.005257,0.000134,-0.238129,-0.026769,0.004263,-0.234848,-0.028678,0.037160,-0.238849,-0.027082,0.044349,-0.239333,-0.025082,0.085411,-0.232534,-0.045270,0.129837,-0.217038,-0.050547,0.133945,-0.180254,-0.048520
0.007831,-0.221444,-0.016983,0.013856,-0.222090,-0.017650,0.157566,-0.447015,-0.094862,-0.247192,-0.735431,0.181031,0.076273,-0.211929,-0.011580,0.038338,-0.101120,-0.004879,-0.000516,0.003158,0.006375,-0.006635,-0.226003,-0.018874,-0.009552,-0.228330,-0.015518,0.020034,-0.239032,-0.015000,0.024281,-0.244887,-0.013492,0.073139,-0.225699,-0.039609,0.112323,-0.214472,-0.043335,0.115633,-0.185477,-0.041599
0.002595,-0.208661,-0.008265,-0.001317,-0.201721,-0.003176,0.140495,-0.481485,-0.094404,-0.283900,-0.899310,0.219554,0.069941,-0.191321,-0.010836,0.036171,-0.090602,-0.004007,-0.000198,0.003595,0.006927,-0.009921,-0.215711,-0.009694,-0.021593,-0.222352,-0.001581,0.003687,-0.239308,-0.002148,0.006657,-0.252801,-0.000495,0.062874,-0.219315,-0.031423,0.094088,-0.212523,-0.033619,0.097096,-0.190578,-0.032065
-0.000915,-0.197803,0.000222,-0.019564,-0.184252,0.010718,0.108569,-0.517994,-0.090625,-0.303112,-1.056910,0.248884,0.065157,-0.172553,-0.010378,0.034268,-0.080866,-0.003616,0.000224,0.003653,0.006860,-0.010460,-0.207121,-0.000598,-0.032216,-0.216850,0.011700,-0.011666,-0.238657,0.010219,-0.008173,-0.261357,0.012678,0.054732,-0.213281,-0.022303,0.076055,-0.210752,-0.023106,0.078779,-0.194598,-0.021733
-0.003220,-0.188792,0.007408,-0.039831,-0.170493,0.022391,0.064681,-0.562348,-0.086048,-0.302586,-1.195347,0.262840,0.062674,-0.156105,-0.010301,0.033040,-0.072086,-0.003747,0.000700,0.003457,0.006227,-0.009434,-0.199994,0.007225,-0.042176,-0.211594,0.023030,-0.026233,-0.236292,0.020921,-0.020730,-0.268471,0.024691,0.048396,-0.207331,-0.013641,0.058591,-0.208702,-0.013233,0.060427,-0.196874,-0.012206
-0.004978,-0.181266,0.012539,-0.061183,-0.160670,0.030749,0.014533,-0.617688,-0.081639,-0.282796,-1.307246,0.258325,0.062663,-0.141999,-0.010670,0.032934,-0.064198,-0.004406,0.001154,0.003370,0.005126,-0.007995,-0.193864,0.012934,-0.052193,-0.206229,0.031517,-0.040396,-0.231758,0.029094,-0.032061,-0.272045,0.034381,0.043317,-0.201077,-0.006490,0.041688,-0.205864,-0.005060,0.041482,-0.196972,-0.004701
-0.006830,-0.174621,0.015301,-0.083060,-0.154445,0.035372,-0.035924,-0.683336,-0.076590,-0.246133,-1.390404,0.235447,0.064579,-0.129842,-0.011485,0.034312,-0.057060,-0.005554,0.001509,0.003663,0.003676,-0.006975,-0.188080,0.016171,-0.062617,-0.200485,0.036926,-0.054345,-0.224991,0.034469,-0.043163,-0.270394,0.041122,0.038938,-0.194241,-0.001503,0.025460,-0.201748,0.000736,0.021644,-0.194722,-0.000023
-0.009293,-0.168322,0.015843,-0.105230,-0.151256,0.036522,-0.082868,-0.754454,-0.068807,-0.196025,-1.446371,0.197024,0.067287,-0.119180,-0.012655,0.037413,-0.050701,-0.007078,0.001729,0.004311,0.002053,-0.006818,-0.182113,0.017097,-0.073299,-0.194382,0.039632,-0.067809,-0.216386,0.037368,-0.054513,-0.262708,0.044883,0.034894,-0.186858,0.001124,0.010380,-0.196117,0.003913,0.001134,-0.190335,0.001498
-0.012661,-0.162315,0.014610,-0.127551,-0.150821,0.034883,-0.126071,-0.822945,-0.056079,-0.136508,-1.478632,0.147376,0.069440,-0.109966,-0.014037,0.042454,-0.045515,-0.008805,0.001866,0.005016,0.000501,-0.007623,-0.175924,0.016187,-0.083719,-0.188222,0.040203,-0.080106,-0.206768,0.038295,-0.065997,-0.249297,0.045905,0.031094,-0.179260,0.001641,-0.002972,-0.189212,0.004723,-0.019442,-0.184460,0.000111
-0.016989,-0.157119,0.012089,-0.149841,-0.153391,0.031213,-0.168686,-0.879649,-0.037405,-0.071917,-1.490589,0.090838,0.069924,-0.102730,-0.015500,0.049610,-0.042199,-0.010553,0.002069,0.005356,-0.000709,-0.009273,-0.170030,0.013960,-0.093283,-0.182380,0.038984,-0.090479,-0.197138,0.037527,-0.077171,-0.231400,0.044335,0.027616,-0.171863,0.000622,-0.014321,-0.181712,0.003840,-0.039355,-0.178018,-0.003365
-0.022157,-0.153533,0.008686,-0.171902,-0.159545,0.026151,-0.214988,-0.916986,-0.013715,-0.006349,-1.483710,0.030893,0.068151,-0.098279,-0.016920,0.058445,-0.041318,-0.012134,0.002462,0.005019,-0.001365,-0.011566,-0.165209,0.010837,-0.101609,-0.177134,0.036073,-0.098440,-0.188320,0.035104,-0.087583,-0.210687,0.040240,0.024560,-0.164976,-0.001229,-0.023814,-0.174448,0.002136,-0.057862,-0.171910,-0.007755
-0.027921,-0.152273,0.004758,-0.193367,-0.169795,0.020220,-0.266993,-0.930567,0.012252,0.056689,-1.456221,-0.029625,0.064173,-0.097319,-0.018104,0.066810,-0.042744,-0.013278,0.002972,0.004093,-0.001367,-0.014304,-0.162177,0.007170,-0.108659,-0.172706,0.031572,-0.103952,-0.180810,0.031104,-0.096953,-0.188875,0.033881,0.022055,-0.158819,-0.003281,-0.031777,-0.168155,0.000407,-0.074215,-0.166818,-0.011896
-0.033867,-0.153911,0.000668,-0.213122,-0.184410,0.013799,-0.321921,-0.918682,0.036506,0.113660,-1.402641,-0.087648,0.058698,-0.100443,-0.018667,0.070270,-0.045545,-0.013501,0.003313,0.003085,-0.000697,-0.017331,-0.161565,0.003286,-0.114745,-0.169475,0.025777,-0.107439,-0.174914,0.025836,-0.105214,-0.167650,0.025867,0.020351,-0.153714,-0.005087,-0.038414,-0.163459,-0.000804,-0.087768,-0.163252,-0.014962
-0.039412,-0.158964,-0.003225,-0.228833,-0.203337,0.007066,-0.372081,-0.880349,0.054498,0.159674,-1.315036,-0.139178,0.052976,-0.108246,-0.018027,0.063559,-0.048586,-0.012110,0.003235,0.002476,0.000718,-0.020601,-0.164023,-0.000519,-0.120474,-0.168058,0.019108,-0.109737,-0.170935,0.019757,-0.112524,-0.148623,0.017024,0.019761,-0.150155,-0.006387,-0.043706,-0.160896,-0.001222,-0.098201,-0.161664,-0.016594
-0.044019,-0.167721,-0.006603,-0.237530,-0.225834,0.000109,-0.407363,-0.814689,0.062185,0.188327,-1.187286,-0.179483,0.048418,-0.120906,-0.015702,0.044159,-0.051339,-0.008552,0.002774,0.002225,0.003049,-0.024257,-0.170064,-0.003996,-0.126618,-0.169029,0.011968,-0.112008,-0.169047,0.013297,-0.119254,-0.133001,0.008157,0.020425,-0.148554,-0.007014,-0.047509,-0.160696,-0.000749,-0.105681,-0.162269,-0.016803
-0.047605,-0.179729,-0.009211,-0.237485,-0.249903,-0.006676,-0.419218,-0.723557,0.057762,0.194422,-1.021598,-0.204423,0.045897,-0.137229,-0.011848,0.015513,-0.054080,-0.003033,0.002200,0.001849,0.006357,-0.028635,-0.179570,-0.006914,-0.133945,-0.172408,0.004734,-0.115603,-0.168889,0.006841,-0.125968,-0.121007,-0.000028,0.022110,-0.148785,-0.006821,-0.049708,-0.162392,0.000624,-0.110812,-0.164615,-0.015801
-0.050846,-0.193445,-0.010829,-0.230093,-0.272216,-0.012228,-0.404396,-0.615457,0.043311,0.178329,-0.832838,-0.212348,0.044998,-0.154114,-0.007575,-0.013603,-0.057259,0.003113,0.001761,0.001007,0.010200,-0.034159,-0.191396,-0.008980,-0.143058,-0.177400,-0.002093,-0.121845,-0.169329,0.000875,-0.133382,-0.111585,-0.006837,0.024160,-0.149963,-0.005656,-0.050340,-0.164652,0.002850,-0.114489,-0.167323,-0.013871
-0.055007,-0.206599,-0.011265,-0.219891,-0.289152,-0.014995,-0.366969,-0.505919,0.024715,0.147631,-0.645328,-0.205449,0.043852,-0.167494,-0.004580,-0.034257,-0.060732,0.007847,0.001525,-0.000113,0.013485,-0.041172,-0.203613,-0.009860,-0.154273,-0.182717,-0.007825,-0.131766,-0.168822,-0.003939,-0.142282,-0.102849,-0.011558,0.025630,-0.150806,-0.003413,-0.049641,-0.165704,0.005791,-0.117738,-0.168512,-0.011338
-0.061292,-0.217241,-0.010491,-0.212219,-0.298560,-0.013835,-0.318036,-0.412347,0.009047,0.112986,-0.482286,-0.189813,0.039913,-0.174529,-0.004199,-0.043191,-0.063716,0.009555,0.001452,-0.001011,0.014916,-0.049790,-0.214370,-0.009387,-0.167479,-0.187326,-0.011844,-0.145800,-0.166279,-0.007025,-0.153271,-0.093228,-0.013703,0.025508,-0.150406,-0.000206,-0.047994,-0.164223,0.009095,-0.121449,-0.166762,-0.008664
-0.070148,-0.224680,-0.008839,-0.210217,-0.300944,-0.009025,-0.272820,-0.346799,0.001035,0.081183,-0.355416,-0.173805,0.031290,-0.175377,-0.006617,-0.044087,-0.065558,0.008010,0.001506,-0.001365,0.013865,-0.059865,-0.222749,-0.007843,-0.182035,-0.191008,-0.014061,-0.163539,-0.161757,-0.008344,-0.166397,-0.082499,-0.013408,0.022960,-0.148816,0.003456,-0.045820,-0.160082,0.012087,-0.125975,-0.161949,-0.006496
-0.081052,-0.229564,-0.006980,-0.213448,-0.298868,-0.002298,-0.244787,-0.311684,0.001234,0.052319,-0.262663,-0.164675,0.017685,-0.172907,-0.010873,-0.043406,-0.066474,0.004373,0.001670,-0.001239,0.010869,-0.071035,-0.228964,-0.005951,-0.196796,-0.194321,-0.015044,-0.183738,-0.156420,-0.008522,-0.180991,-0.071904,-0.011487,0.017515,-0.146998,0.006747,-0.043507,-0.154426,0.013928,-0.130823,-0.155306,-0.005474
-0.092844,-0.233095,-0.005522,-0.218832,-0.294921,0.004318,-0.238913,-0.300337,0.007011,0.023899,-0.194657,-0.164736,0.000283,-0.170553,-0.015617,-0.045214,-0.067438,0.000254,0.001896,-0.000941,0.007246,-0.082775,-0.233849,-0.004422,-0.210332,-0.198083,-0.015541,-0.204641,-0.151852,-0.008363,-0.195981,-0.063302,-0.008956,0.009153,-0.146253,0.008973,-0.041452,-0.149069,0.014077,-0.134791,-0.148711,-0.005800
-0.104258,-0.236103,-0.004624,-0.222748,-0.290008,0.009762,-0.249408,-0.301491,0.015010,-0.003339,-0.143180,-0.170208,-0.019175,-0.170276,-0.019896,-0.049462,-0.069435,-0.003264,0.002093,-0.000762,0.004203,-0.094405,-0.238122,-0.003488,-0.221266,-0.202820,-0.015881,-0.224491,-0.149284,-0.008242,-0.210459,-0.058089,-0.006455,-0.001824,-0.147617,0.009995,-0.040153,-0.145673,0.012657,-0.136543,-0.143745,-0.007000
-0.114323,-0.238665,-0.004074,-0.222748,-0.283390,0.014088,-0.264689,-0.305051,0.022962,-0.024571,-0.105025,-0.174357,-0.039320,-0.172186,-0.023438,-0.053949,-0.072876,-0.005929,0.002165,-0.000832,0.002267,-0.105166,-0.241919,-0.002960,-0.228610,-0.208485,-0.015907,-0.241934,-0.149207,-0.008031,-0.224081,-0.056644,-0.004197,-0.015107,-0.151543,0.010175,-0.040218,-0.145187,0.010292,-0.135209,-0.141121,-0.008227
-0.122570,-0.240324,-0.003707,-0.218224,-0.274030,0.017648,-0.275182,-0.305645,0.029918,-0.035140,-0.080088,-0.172263,-0.059487,-0.175476,-0.026439,-0.057035,-0.077558,-0.007992,0.002035,-0.001111,0.001332,-0.114442,-0.244823,-0.002655,-0.231941,-0.214514,-0.015414,-0.256176,-0.151443,-0.007546,-0.237108,-0.058475,-0.002368,-0.030592,-0.157900,0.009923,-0.042249,-0.147761,0.007586,-0.130621,-0.140696,-0.008838
-0.129044,-0.240620,-0.003653,-0.210136,-0.261823,0.020420,-0.277235,-0.302169,0.035481,-0.034613,-0.067321,-0.163205,-0.079372,-0.179356,-0.029213,-0.058614,-0.082947,-0.009778,0.001655,-0.001483,0.001024,-0.121987,-0.246281,-0.002678,-0.231409,-0.220132,-0.014530,-0.266900,-0.155492,-0.006924,-0.250123,-0.062751,-0.001423,-0.048180,-0.166150,0.009342,-0.046674,-0.153060,0.004808,-0.123160,-0.141969,-0.008684
-0.134110,-0.239533,-0.004204,-0.200183,-0.247860,0.022036,-0.271687,-0.295047,0.039117,-0.026974,-0.062734,-0.149654,-0.098418,-0.183336,-0.031967,-0.059182,-0.088503,-0.011471,0.001033,-0.001872,0.001021,-0.127968,-0.246130,-0.003308,-0.227621,-0.224762,-0.013705,-0.274074,-0.160898,-0.006601,-0.263582,-0.068796,-0.001977,-0.067350,-0.175589,0.008269,-0.053641,-0.160679,0.002000,-0.113527,-0.144657,-0.007912
-0.138169,-0.237588,-0.005534,-0.189898,-0.233844,0.022192,-0.260638,-0.284286,0.040130,-0.017771,-0.060746,-0.134846,-0.115555,-0.187104,-0.034748,-0.058645,-0.093853,-0.013116,0.000252,-0.002269,0.001181,-0.132798,-0.244847,-0.004721,-0.221484,-0.228250,-0.013448,-0.277774,-0.167450,-0.007049,-0.277468,-0.076363,-0.004485,-0.086983,-0.185527,0.006552,-0.062977,-0.170356,-0.000727,-0.102635,-0.148959,-0.006638
-0.141503,-0.235565,-0.007538,-0.180175,-0.221209,0.021001,-0.245548,-0.269418,0.038138,-0.011016,-0.057072,-0.120945,-0.129575,-0.190330,-0.037506,-0.056371,-0.098740,-0.014703,-0.000550,-0.002690,0.001467,-0.136945,-0.243311,-0.006824,-0.214032,-0.230801,-0.014058,-0.278135,-0.175146,-0.008513,-0.291284,-0.085657,-0.009006,-0.105683,-0.195365,0.004261,-0.074210,-0.181858,-0.003087,-0.091614,-0.155365,-0.004825
-0.144307,-0.234033,-0.009840,-0.171375,-0.210505,0.019073,-0.227109,-0.250369,0.033527,-0.007787,-0.050497,-0.108524,-0.139809,-0.192563,-0.040168,-0.052307,-0.102850,-0.016222,-0.001238,-0.003156,0.001792,-0.140810,-0.242295,-0.009249,-0.206240,-0.232743,-0.015439,-0.275401,-0.184012,-0.010860,-0.304285,-0.097208,-0.015131,-0.122314,-0.204627,0.001701,-0.086618,-0.194729,-0.004740,-0.081799,-0.164234,-0.002422
-0.146753,-0.233079,-0.011954,-0.163674,-0.201423,0.017274,-0.205873,-0.228007,0.027407,-0.006830,-0.042413,-0.097085,-0.146465,-0.193310,-0.042678,-0.047583,-0.105784,-0.017677,-0.001724,-0.003733,0.001953,-0.144639,-0.242076,-0.011512,-0.198834,-0.234332,-0.017135,-0.269983,-0.193914,-0.013610,-0.315636,-0.111559,-0.022035,-0.136313,-0.212980,-0.000750,-0.099353,-0.208192,-0.005500,-0.074610,-0.175534,0.000430
-0.148961,-0.232379,-0.013509,-0.157247,-0.193292,0.016324,-0.182741,-0.203942,0.021099,-0.006197,-0.034984,-0.085974,-0.150409,-0.192254,-0.044999,-0.043725,-0.107292,-0.019080,-0.001972,-0.004555,0.001736,-0.148436,-0.242398,-0.013235,-0.192152,-0.235677,-0.018562,-0.262431,-0.204439,-0.016157,-0.324357,-0.128874,-0.028687,-0.147643,-0.220253,-0.002842,-0.111633,-0.221334,-0.005449,-0.071276,-0.188876,0.003333
-0.150923,-0.231488,-0.014383,-0.152221,-0.185607,0.016521,-0.158985,-0.179890,0.015586,-0.004638,-0.029560,-0.074957,-0.152663,-0.189445,-0.047109,-0.041177,-0.107545,-0.020433,-0.002005,-0.005771,0.001091,-0.151939,-0.242733,-0.014284,-0.186101,-0.236773,-0.019298,-0.253326,-0.214945,-0.018035,-0.329320,-0.148682,-0.034146,-0.156558,-0.226436,-0.004534,-0.122947,-0.233462,-0.004853,-0.072493,-0.203775,0.005786
-0.152474,-0.230144,-0.014644,-0.148573,-0.178276,0.017799,-0.136066,-0.157233,0.011372,-0.002031,-0.026204,-0.064241,-0.153967,-0.185284,-0.048966,-0.038567,-0.107183,-0.021679,-0.001911,-0.007485,0.000246,-0.154715,-0.242644,-0.014713,-0.180276,-0.237579,-0.019192,-0.243125,-0.224801,-0.019049,-0.329472,-0.169997,-0.037813,-0.163372,-0.231649,-0.005875,-0.133140,-0.244331,-0.003926,-0.078256,-0.219870,0.007483
-0.153385,-0.228409,-0.014373,-0.146167,-0.171582,0.020006,-0.115552,-0.137037,0.008728,0.000967,-0.024112,-0.054178,-0.154598,-0.180324,-0.050469,-0.033333,-0.107076,-0.022653,-0.001839,-0.009774,-0.000336,-0.156361,-0.242032,-0.014593,-0.174236,-0.238091,-0.018302,-0.232077,-0.233652,-0.019227,-0.324163,-0.191680,-0.039502,-0.168281,-0.236048,-0.006829,-0.142320,-0.254042,-0.002662,-0.088022,-0.236875,0.008475
-0.153521,-0.226612,-0.013553,-0.144859,-0.165988,0.023084,-0.098971,-0.120202,0.007904,0.003502,-0.022274,-0.045024,-0.154466,-0.175055,-0.051454,-0.023293,-0.107962,-0.023100,-0.001948,-0.012781,-0.000158,-0.156734,-0.241161,-0.013908,-0.167827,-0.238370,-0.016782,-0.220296,-0.241498,-0.018724,-0.313322,-0.212740,-0.039363,-0.171283,-0.239701,-0.007238,-0.150675,-0.262697,-0.000878,-0.101060,-0.254317,0.009074
-0.152949,-0.225208,-0.012100,-0.144513,-0.161897,0.027065,-0.087313,-0.107278,0.009086,0.004987,-0.019953,-0.036821,-0.153365,-0.169823,-0.051751,-0.008075,-0.110211,-0.022751,-0.002314,-0.016867,0.001071,-0.156050,-0.240523,-0.012584,-0.161309,-0.238535,-0.014827,-0.207923,-0.248543,-0.017743,-0.297447,-0.232433,-0.037735,-0.172267,-0.242555,-0.006905,-0.158376,-0.270187,0.001626,-0.116730,-0.271389,0.009633
-0.151936,-0.224592,-0.009924,-0.144868,-0.159438,0.031960,-0.080419,-0.098144,0.012218,0.005320,-0.016889,-0.029363,-0.151206,-0.164874,-0.051193,0.010918,-0.113935,-0.021348,-0.002837,-0.022795,0.003397,-0.154837,-0.240623,-0.010550,-0.155174,-0.238727,-0.012620,-0.195253,-0.254984,-0.016460,-0.277495,-0.250264,-0.034989,-0.171299,-0.244577,-0.005691,-0.165625,-0.276284,0.004937,-0.134522,-0.287137,0.010419
-0.150867,-0.224938,-0.006948,-0.145363,-0.158350,0.037654,-0.076924,-0.092011,0.016949,0.004889,-0.013286,-0.022273,-0.148061,-0.160420,-0.049531,0.032319,-0.119381,-0.018488,-0.003230,-0.031865,0.006934,-0.153795,-0.241740,-0.007761,-0.149810,-0.239056,-0.010238,-0.182714,-0.260901,-0.014930,-0.254700,-0.266001,-0.031392,-0.168893,-0.245913,-0.003560,-0.172670,-0.280843,0.008983,-0.153940,-0.300773,0.011563
-0.150186,-0.226071,-0.003152,-0.145164,-0.158023,0.043818,-0.074880,-0.087837,0.022700,0.004384,-0.009630,-0.015242,-0.144082,-0.156602,-0.046360,0.056954,-0.127208,-0.013409,-0.003093,-0.045870,0.012275,-0.153694,-0.243762,-0.004223,-0.145301,-0.239521,-0.007625,-0.170758,-0.266238,-0.013074,-0.230352,-0.279657,-0.027080,-0.166003,-0.246879,-0.000646,-0.179699,-0.283842,0.013467,-0.174309,-0.311753,0.013000
-0.150353,-0.227485,0.001294,-0.143457,-0.157652,0.049838,-0.072563,-0.084739,0.028714,0.004544,-0.006460,-0.008291,-0.139374,-0.153367,-0.041325,0.088177,-0.138210,-0.005071,-0.001981,-0.066808,0.020478,-0.155276,-0.246188,-0.000139,-0.141518,-0.239997,-0.004753,-0.159802,-0.270824,-0.010839,-0.205619,-0.291368,-0.022187,-0.163714,-0.247795,0.002595,-0.186665,-0.285301,0.017750,-0.194606,-0.319626,0.014353
-0.151741,-0.228490,0.005805,-0.139763,-0.156439,0.054786,-0.068943,-0.082164,0.034034,0.005908,-0.004268,-0.001908,-0.133957,-0.150387,-0.034541,0.129607,-0.152535,0.007397,0.000605,-0.096474,0.032415,-0.159085,-0.248318,0.003881,-0.138401,-0.240313,-0.001889,-0.150235,-0.274425,-0.008471,-0.181437,-0.301251,-0.017080,-0.162871,-0.248826,0.005256,-0.193248,-0.285308,0.020807,-0.213427,-0.324016,0.014875
-0.154415,-0.228465,0.009345,-0.133875,-0.153834,0.057472,-0.063647,-0.079878,0.037482,0.008584,-0.003466,0.002996,-0.127792,-0.147343,-0.026783,0.181660,-0.169039,0.024188,0.005222,-0.136092,0.047966,-0.165215,-0.249502,0.006785,-0.136098,-0.240406,0.000290,-0.142403,-0.276849,-0.006611,-0.158421,-0.309372,-0.012427,-0.163842,-0.249999,0.006069,-0.198999,-0.284195,0.021398,-0.229194,-0.324895,0.013576
-0.157853,-0.227159,0.010783,-0.125293,-0.149825,0.056651,-0.056568,-0.077909,0.037793,0.012070,-0.004251,0.005302,-0.120873,-0.144672,-0.019089,0.239294,-0.185434,0.044725,0.012434,-0.185943,0.065759,-0.173021,-0.249380,0.007445,-0.134761,-0.240421,0.000989,-0.136420,-0.278091,-0.006023,-0.136748,-0.315892,-0.008943,-0.166455,-0.251345,0.003903,-0.203473,-0.282617,0.018563,-0.240472,-0.322877,0.009665
-0.160748,-0.224978,0.009583,-0.112660,-0.145206,0.051527,-0.047426,-0.076509,0.034050,0.015267,-0.006400,0.004128,-0.113424,-0.144350,-0.011987,0.292616,-0.199429,0.067934,0.022639,-0.244684,0.083752,-0.180906,-0.248063,0.005364,-0.134118,-0.240711,-0.000126,-0.131878,-0.278441,-0.007028,-0.116092,-0.321241,-0.006889,-0.169990,-0.253049,-0.001421,-0.206144,-0.281396,0.012335,-0.246158,-0.319227,0.003208
-0.161163,-0.223045,0.006420,-0.094075,-0.141630,0.042416,-0.035711,-0.076096,0.026318,0.016852,-0.009158,-0.000585,-0.106197,-0.149871,-0.005008,0.330408,-0.210566,0.092550,0.035586,-0.308698,0.100375,-0.186355,-0.246161,0.001332,-0.133193,-0.241666,-0.002397,-0.127752,-0.278409,-0.008995,-0.095842,-0.326059,-0.005641,-0.173202,-0.255385,-0.008434,-0.206161,-0.281108,0.004287,-0.245511,-0.315446,-0.004337
-0.157174,-0.222676,0.003270,-0.068628,-0.141142,0.031158,-0.021249,-0.077115,0.016109,0.015960,-0.011424,-0.007681,-0.100509,-0.164631,0.003123,0.345400,-0.221978,0.117218,0.049411,-0.373079,0.115596,-0.186504,-0.244381,-0.002478,-0.130437,-0.243321,-0.004076,-0.122721,-0.278310,-0.010235,-0.075633,-0.330627,-0.003640,-0.174502,-0.258344,-0.014100,-0.202365,-0.281483,-0.002636,-0.238256,-0.312469,-0.010272
-0.147794,-0.224200,0.002674,-0.038192,-0.145034,0.020731,-0.005094,-0.079743,0.006158,0.012728,-0.012218,-0.014946,-0.097545,-0.189009,0.013662,0.338945,-0.240983,0.140432,0.059754,-0.435482,0.131040,-0.179260,-0.242659,-0.003296,-0.124291,-0.244863,-0.002874,-0.115828,-0.277618,-0.008520,-0.055904,-0.334036,0.001094,-0.172471,-0.261133,-0.015022,-0.193850,-0.280936,-0.005311,-0.224900,-0.309800,-0.011778
-0.133580,-0.225947,0.006428,-0.007739,-0.152542,0.014030,0.010113,-0.083573,-0.000593,0.008255,-0.011186,-0.019910,-0.097269,-0.218212,0.026836,0.321410,-0.277603,0.160213,0.060209,-0.500206,0.148622,-0.164420,-0.239506,0.000817,-0.113910,-0.244536,0.002983,-0.107042,-0.274695,-0.002115,-0.038058,-0.333891,0.009991,-0.166620,-0.262101,-0.009315,-0.180858,-0.276818,-0.002172,-0.206950,-0.305282,-0.007543
-0.116443,-0.224679,0.014522,0.016703,-0.160655,0.012511,0.021087,-0.087560,-0.002314,0.003963,-0.008775,-0.020903,-0.098152,-0.243559,0.041290,0.305722,-0.341060,0.173673,0.044684,-0.576840,0.168314,-0.143967,-0.232510,0.009807,-0.099571,-0.240392,0.013737,-0.097232,-0.267553,0.009220,-0.023976,-0.327329,0.023008,-0.157844,-0.259501,0.002175,-0.165199,-0.266714,0.005772,-0.186671,-0.296085,0.001339
-0.098749,-0.217680,0.025169,0.031344,-0.165745,0.015591,0.025804,-0.090465,0.000881,0.000858,-0.005889,-0.017787,-0.098309,-0.257390,0.054565,0.297303,-0.435603,0.177222,0.010595,-0.672035,0.186937,-0.121207,-0.220060,0.021658,-0.082493,-0.231576,0.027849,-0.087467,-0.255318,0.023950,-0.015072,-0.312958,0.038400,-0.148033,-0.252690,0.016345,-0.149571,-0.250170,0.015594,-0.166270,-0.280485,0.012044
-0.082292,-0.204921,0.035916,0.036702,-0.166002,0.021186,0.024895,-0.091572,0.007133,-0.000782,-0.003308,-0.011935,-0.096893,-0.257875,0.064431,0.289066,-0.557598,0.168208,-0.039138,-0.781650,0.199303,-0.099296,-0.202951,0.033624,-0.064200,-0.219124,0.042703,-0.078114,-0.239166,0.039450,-0.011501,-0.292136,0.053421,-0.138935,-0.242749,0.029698,-0.136067,-0.229469,0.024333,-0.146934,-0.259123,0.021808
-0.067744,-0.189380,0.044909,0.036815,-0.162562,0.026939,0.021230,-0.091106,0.013934,-0.001213,-0.001315,-0.005424,-0.094211,-0.249512,0.070020,0.266832,-0.695360,0.147207,-0.096580,-0.891816,0.200993,-0.080115,-0.184397,0.043613,-0.045896,-0.205560,0.055734,-0.068527,-0.221817,0.053145,-0.012168,-0.268354,0.065438,-0.131087,-0.231950,0.040045,-0.125034,-0.208743,0.030542,-0.128466,-0.234825,0.029329
-0.054790,-0.175335,0.051372,0.036459,-0.158486,0.031280,0.018088,-0.090035,0.019344,-0.000861,0.000204,-0.000003,-0.090768,-0.239334,0.071857,0.220488,-0.832044,0.118958,-0.151341,-0.987967,0.190577,-0.064007,-0.168475,0.050734,-0.028214,-0.193679,0.065209,-0.057562,-0.206139,0.063306,-0.015520,-0.245275,0.072718,-0.123623,-0.222583,0.046905,-0.115164,-0.192081,0.034412,-0.109815,-0.211339,0.034797
-0.042681,-0.166258,0.055233,0.038791,-0.156737,0.033694,0.017552,-0.089514,0.022535,-0.000108,0.001332,0.003492,-0.086746,-0.232797,0.070965,0.150892,-0.950357,0.090707,-0.193738,-1.062602,0.169832,-0.050220,-0.158313,0.054931,-0.011290,-0.185503,0.070363,-0.044382,-0.194080,0.069178,-0.020287,-0.225190,0.074590,-0.115027,-0.216158,0.050773,-0.104581,-0.182029,0.036797,-0.090021,-0.192035,0.038921
-0.030779,-0.163703,0.056556,0.044762,-0.158757,0.034331,0.020143,-0.090363,0.023552,0.000733,0.001858,0.005058,-0.082414,-0.232221,0.067958,0.067994,-1.036768,0.068863,-0.217255,-1.115988,0.142112,-0.037576,-0.155168,0.056380,0.005059,-0.181906,0.071150,-0.028884,-0.186442,0.070713,-0.025570,-0.208758,0.071254,-0.104161,-0.213298,0.052228,-0.091969,-0.179174,0.038216,-0.068831,-0.179131,0.042027
-0.018772,-0.167253,0.055278,0.053700,-0.164154,0.033547,0.025248,-0.092718,0.022833,0.001422,0.001535,0.005122,-0.078421,-0.237160,0.062743,-0.015832,-1.083381,0.056055,-0.219868,-1.152521,0.110175,-0.024964,-0.158417,0.055174,0.021141,-0.182695,0.067973,-0.011625,-0.183043,0.068295,-0.030510,-0.195536,0.063550,-0.090818,-0.213901,0.051530,-0.077074,-0.182499,0.038539,-0.046669,-0.173388,0.043841
-0.006514,-0.175054,0.051317,0.064150,-0.171242,0.031705,0.031664,-0.095975,0.020929,0.001782,0.000537,0.004213,-0.075220,-0.245255,0.054821,-0.091177,-1.087711,0.050239,-0.204188,-1.177509,0.074999,-0.011525,-0.166130,0.051375,0.037172,-0.186879,0.061540,0.006524,-0.182934,0.062616,-0.034101,-0.184561,0.052770,-0.075534,-0.217274,0.048702,-0.060505,-0.190032,0.037280,-0.024245,-0.174154,0.043836
0.006221,-0.184721,0.044823,0.074637,-0.178070,0.029147,0.038105,-0.099178,0.018364,0.001715,-0.000513,0.002791,-0.072361,-0.253383,0.043875,-0.153331,-1.052149,0.046235,-0.176337,-1.195357,0.036490,0.003333,-0.175957,0.045197,0.053107,-0.193137,0.052789,0.024745,-0.184796,0.054616,-0.035296,-0.174845,0.040448,-0.059024,-0.222363,0.043821,-0.043191,-0.199571,0.034084,-0.002217,-0.179810,0.041694
0.019730,-0.194327,0.036347,0.084231,-0.183438,0.026180,0.043693,-0.101652,0.015561,0.001232,-0.001044,0.001195,-0.068626,-0.259123,0.030277,-0.201154,-0.983922,0.038817,-0.143720,-1.208321,-0.004388,0.019860,-0.186040,0.037180,0.068647,-0.200373,0.042810,0.042540,-0.187503,0.045389,-0.033168,-0.165834,0.028116,-0.041752,-0.228182,0.037248,-0.025909,-0.209359,0.029046,0.018852,-0.188463,0.037545
0.034117,-0.203023,0.026813,0.092711,-0.187351,0.023082,0.048194,-0.103376,0.012826,0.000478,-0.000967,-0.000332,-0.062852,-0.261757,0.015199,-0.234960,-0.894501,0.025569,-0.112699,-1.215918,-0.043893,0.037828,-0.195533,0.028181,0.083446,-0.208042,0.032692,0.059799,-0.190564,0.036019,-0.027034,-0.157710,0.017056,-0.023921,-0.234194,0.029658,-0.009097,-0.218447,0.022717,0.038382,-0.198552,0.031917
0.049106,-0.211025,0.017272,0.100380,-0.190757,0.020106,0.051907,-0.104878,0.010362,-0.000313,-0.000584,-0.001618,-0.054615,-0.262241,0.000220,-0.255398,-0.797281,0.007568,-0.087519,-1.215439,-0.076209,0.056524,-0.204562,0.019174,0.097316,-0.216111,0.023284,0.076683,-0.194180,0.027317,-0.016518,-0.151414,0.008040,-0.005741,-0.240394,0.021893,0.007131,-0.226653,0.015879,0.055764,-0.209139,0.025493
0.064141,-0.219181,0.008563,0.107766,-0.194937,0.017427,0.055333,-0.106826,0.008269,-0.000923,-0.000168,-0.002589,-0.044388,-0.262431,-0.013291,-0.264282,-0.703831,-0.012557,-0.070694,-1.203293,-0.096714,0.075003,-0.213830,0.010928,0.110258,-0.224797,0.014987,0.093395,-0.198967,0.019618,-0.001604,-0.148342,0.001196,0.012404,-0.247105,0.014714,0.022921,-0.234281,0.009256,0.070562,-0.219860,0.018870
0.078617,-0.228480,0.001112,0.115289,-0.201027,0.015084,0.058851,-0.109740,0.006518,-0.001252,0.000278,-0.003309,-0.033264,-0.264233,-0.024625,-0.266067,-0.620475,-0.033455,-0.063590,-1.176507,-0.105430,0.092403,-0.224185,0.003827,0.122389,-0.234339,0.007708,0.109946,-0.205529,0.012777,0.017418,-0.149794,-0.003898,0.030069,-0.254700,0.008612,0.038584,-0.241840,0.003340,0.082788,-0.230702,0.012447
0.092057,-0.239691,-0.005012,0.123031,-0.209801,0.013017,0.062546,-0.113949,0.005015,-0.001340,0.000847,-0.003899,-0.022460,-0.269021,-0.033699,-0.267576,-0.547252,-0.056188,-0.065890,-1.133723,-0.107613,0.108148,-0.236294,-0.002074,0.133869,-0.244843,0.001073,0.126085,-0.214080,0.006412,0.040089,-0.156406,-0.007878,0.046973,-0.263384,0.003803,0.054412,-0.249852,-0.001577,0.092978,-0.241753,0.006530
0.104190,-0.253103,-0.009810,0.130719,-0.221594,0.011190,0.066254,-0.119631,0.003733,-0.001308,0.001443,-0.004377,-0.012712,-0.277343,-0.040591,-0.275123,-0.480106,-0.082665,-0.074220,-1.074946,-0.110748,0.121951,-0.250377,-0.006771,0.144876,-0.256151,-0.005218,0.141404,-0.224295,0.000269,0.065833,-0.167862,-0.011210,0.063055,-0.273038,0.000420,0.070434,-0.258637,-0.005210,0.101961,-0.253001,0.001539
0.114960,-0.268370,-0.013090,0.137915,-0.236324,0.009652,0.069755,-0.126783,0.002765,-0.001246,0.001789,-0.004589,-0.003857,-0.288919,-0.045010,-0.290762,-0.415087,-0.112751,-0.081824,-0.999824,-0.120189,0.133752,-0.266030,-0.010055,0.155539,-0.267741,-0.011067,0.155519,-0.235392,-0.005501,0.093836,-0.182981,-0.013932,0.078339,-0.283144,-0.001279,0.086304,-0.268113,-0.007122,0.110491,-0.264181,-0.001867
0.124487,-0.284613,-0.014400,0.144241,-0.253642,0.008456,0.072947,-0.135181,0.002223,-0.001134,0.001683,-0.004340,0.005095,-0.302991,-0.046094,-0.310463,-0.351996,-0.142516,-0.081135,-0.905930,-0.136426,0.143649,-0.282272,-0.011455,0.165835,-0.278784,-0.015915,0.168220,-0.246386,-0.010311,0.122940,-0.200108,-0.015659,0.092784,-0.292856,-0.000839,0.101427,-0.277737,-0.006710,0.119001,-0.274743,-0.002863
0.132981,-0.300791,-0.013211,0.149545,-0.273192,0.007538,0.075888,-0.144506,0.002098,-0.000870,0.001134,-0.003559,0.015436,-0.318853,-0.042683,-0.326105,-0.295058,-0.165304,-0.068640,-0.789808,-0.155457,0.151837,-0.297915,-0.010415,0.175552,-0.288418,-0.018975,0.179594,-0.256451,-0.013399,0.151759,-0.217696,-0.015852,0.106184,-0.301288,0.002261,0.115192,-0.286745,-0.003389,0.127584,-0.284061,-0.000687
0.140686,-0.316113,-0.009228,0.154004,-0.294717,0.006666,0.078768,-0.154501,0.002218,-0.000396,0.000259,-0.002336,0.028104,-0.336177,-0.033931,-0.330500,-0.250127,-0.175177,-0.048143,-0.651802,-0.171534,0.158568,-0.312025,-0.006610,0.184394,-0.296122,-0.019617,0.190005,-0.265254,-0.014191,0.178954,-0.234804,-0.014146,0.118156,-0.307912,0.008317,0.127131,-0.294561,0.003122,0.136108,-0.291811,0.005045
0.147832,-0.330165,-0.002637,0.158126,-0.317842,0.005539,0.081855,-0.164953,0.002359,0.000239,-0.000837,-0.000797,0.043267,-0.354836,-0.019883,-0.321646,-0.220618,-0.170145,-0.028415,-0.501213,-0.180064,0.164118,-0.324151,-0.000201,0.192133,-0.301976,-0.017619,0.199876,-0.273078,-0.012528,0.203473,-0.251253,-0.010526,0.128240,-0.312831,0.017078,0.136969,-0.301102,0.012492,0.144337,-0.298216,0.014039
0.154585,-0.342762,0.005822,0.162547,-0.341755,0.003930,0.085451,-0.175469,0.002378,0.000945,-0.002011,0.001035,0.060299,-0.374434,-0.001722,-0.302516,-0.205455,-0.152672,-0.016481,-0.355941,-0.178834,0.168769,-0.334247,0.008079,0.198695,-0.306631,-0.013223,0.209472,-0.280686,-0.008688,0.224766,-0.267441,-0.005294,0.136153,-0.316729,0.027569,0.144684,-0.306799,0.023639,0.152059,-0.303972,0.025186
0.160957,-0.353771,0.014933,0.167665,-0.365143,0.001722,0.089838,-0.185317,0.002211,0.001678,-0.003042,0.003211,0.078014,-0.394021,0.018396,-0.277071,-0.200377,-0.127543,-0.012900,-0.234802,-0.167765,0.172779,-0.342475,0.017019,0.204145,-0.311005,-0.007116,0.218864,-0.288986,-0.003355,0.242943,-0.284051,0.000960,0.141977,-0.320526,0.038206,0.150552,-0.312390,0.034903,0.159161,-0.309960,0.036737
0.166772,-0.363062,0.023252,0.173406,-0.386539,-0.001208,0.095290,-0.193485,0.001726,0.002432,-0.003760,0.005714,0.094957,-0.412312,0.037892,-0.246936,-0.200844,-0.099366,-0.013339,-0.147978,-0.148433,0.176326,-0.349037,0.025180,0.208691,-0.315823,-0.000379,0.228002,-0.298643,0.002406,0.258646,-0.301774,0.007339,0.146047,-0.324934,0.047223,0.155047,-0.318565,0.044503,0.165615,-0.316941,0.046789
0.171683,-0.370515,0.029492,0.179337,-0.404790,-0.005087,0.102218,-0.198848,0.000620,0.003174,-0.004212,0.008380,0.109713,-0.428187,0.054540,-0.211711,-0.203920,-0.071399,-0.013487,-0.093513,-0.123708,0.179407,-0.354048,0.031283,0.212671,-0.321252,0.005725,0.236664,-0.309734,0.007368,0.272575,-0.320969,0.012776,0.148628,-0.330131,0.053222,0.158615,-0.325585,0.051064,0.171392,-0.325274,0.053853
0.175301,-0.376030,0.032893,0.185036,-0.419321,-0.010177,0.111273,-0.200353,-0.001478,0.003857,-0.004634,0.011004,0.121223,-0.441043,0.067095,-0.171834,-0.208180,-0.045681,-0.011854,-0.061827,-0.097116,0.181777,-0.357492,0.034563,0.216383,-0.326875,0.010120,0.244341,-0.321642,0.010515,0.284992,-0.341359,0.016383,0.149735,-0.335733,0.055568,0.161475,-0.333103,0.053956,0.176414,-0.334755,0.057233
0.177359,-0.379596,0.033314,0.190324,-0.430107,-0.016611,0.123110,-0.197297,-0.004760,0.004474,-0.005254,0.013504,0.129065,-0.450790,0.075338,-0.130750,-0.212706,-0.023617,-0.009078,-0.042900,-0.072035,0.183045,-0.359347,0.034860,0.219795,-0.332014,0.012170,0.250332,-0.333374,0.011297,0.295695,-0.362104,0.017706,0.149253,-0.341055,0.054381,0.163544,-0.340396,0.053288,0.180574,-0.344737,0.057040
0.177824,-0.381381,0.030994,0.195217,-0.437518,-0.024339,0.137926,-0.189623,-0.009124,0.005089,-0.006150,0.015937,0.133543,-0.457638,0.079624,-0.094134,-0.216518,-0.006293,-0.006224,-0.030302,-0.051048,0.182864,-0.359766,0.032376,0.222411,-0.336108,0.011622,0.254073,-0.344110,0.009521,0.304428,-0.382270,0.016653,0.147130,-0.345440,0.050208,0.164477,-0.346813,0.049634,0.183734,-0.354478,0.053900
0.176867,-0.381707,0.026235,0.199765,-0.442141,-0.033271,0.155365,-0.177868,-0.014305,0.005784,-0.007254,0.018403,0.135517,-0.461916,0.080422,-0.066772,-0.218798,0.005719,-0.003932,-0.021149,-0.035486,0.181057,-0.359064,0.027381,0.223466,-0.338872,0.008412,0.255395,-0.353553,0.005122,0.311269,-0.401280,0.013277,0.143394,-0.348458,0.043652,0.163827,-0.352035,0.043667,0.185677,-0.363439,0.048549
0.174729,-0.380903,0.019304,0.203984,-0.444616,-0.043370,0.174986,-0.162662,-0.020031,0.006635,-0.008456,0.021037,0.135995,-0.463986,0.078210,-0.049986,-0.219297,0.012683,-0.002377,-0.014422,-0.025279,0.177646,-0.357544,0.020125,0.222315,-0.340258,0.002635,0.254527,-0.361825,-0.001838,0.316636,-0.418985,0.007753,0.138070,-0.349944,0.035203,0.161252,-0.356012,0.035942,0.186126,-0.371349,0.041572
0.171615,-0.379200,0.010575,0.207817,-0.445450,-0.054478,0.196558,-0.144443,-0.025934,0.007784,-0.009733,0.024159,0.135706,-0.464183,0.073554,-0.041606,-0.218367,0.015643,-0.001465,-0.009664,-0.019276,0.172821,-0.355387,0.010992,0.218685,-0.340387,-0.005298,0.251892,-0.369106,-0.010953,0.320957,-0.435354,0.000557,0.131236,-0.349975,0.025321,0.156687,-0.358790,0.026920,0.184881,-0.378066,0.033416
0.167671,-0.376769,0.000730,0.211027,-0.444862,-0.065938,0.219601,-0.123904,-0.031240,0.009548,-0.011294,0.028398,0.134935,-0.462671,0.067111,-0.037599,-0.216656,0.015968,-0.001020,-0.006471,-0.015915,0.166900,-0.352741,0.000695,0.212668,-0.339514,-0.014560,0.247861,-0.375313,-0.021313,0.324299,-0.450041,-0.007420,0.123233,-0.348800,0.014656,0.150401,-0.360401,0.017180,0.181991,-0.383395,0.024620
0.162988,-0.373787,-0.009211,0.213143,-0.442680,-0.076407,0.242872,-0.102444,-0.034614,0.012474,-0.013702,0.034654,0.133713,-0.459289,0.059490,-0.033599,-0.214752,0.014842,-0.000894,-0.004433,-0.013803,0.160224,-0.349856,-0.009704,0.204545,-0.337911,-0.024052,0.242573,-0.380053,-0.031674,0.326243,-0.462248,-0.015031,0.114722,-0.346685,0.004174,0.142920,-0.360798,0.007583,0.177750,-0.386955,0.015988
0.157618,-0.370382,-0.018087,0.213659,-0.438308,-0.084120,0.264920,-0.081583,-0.034422,0.017244,-0.017845,0.043986,0.132131,-0.453487,0.051117,-0.025996,-0.212924,0.012986,-0.000991,-0.003208,-0.012042,0.153023,-0.347027,-0.019009,0.194585,-0.335717,-0.032679,0.235890,-0.382840,-0.040816,0.326097,-0.471026,-0.021191,0.106434,-0.343750,-0.004968,0.134838,-0.359821,-0.000810,0.172502,-0.388179,0.008506
0.151589,-0.366463,-0.024869,0.212419,-0.430843,-0.087478,0.285369,-0.061700,-0.029232,0.024487,-0.024642,0.057541,0.130465,-0.444480,0.042290,-0.013112,-0.210936,0.010691,-0.001238,-0.002542,-0.010259,0.145325,-0.344357,-0.026167,0.182981,-0.332881,-0.039514,0.227522,-0.383381,-0.047781,0.323245,-0.475700,-0.025072,0.098864,-0.339947,-0.011754,0.126644,-0.357233,-0.007057,0.166435,-0.386447,0.003022
0.144965,-0.361598,-0.028834,0.209901,-0.419362,-0.085557,0.305512,-0.041550,-0.018196,0.034657,-0.034603,0.076438,0.129005,-0.431586,0.033396,0.003958,-0.208035,0.008101,-0.001573,-0.002205,-0.008413,0.137023,-0.341537,-0.030454,0.170014,-0.329235,-0.043789,0.217239,-0.381681,-0.051865,0.317343,-0.475997,-0.026097,0.092236,-0.335166,-0.015630,0.118700,-0.352813,-0.010656,0.159585,-0.381290,-0.000067
0.137897,-0.355087,-0.029665,0.207124,-0.403255,-0.078337,0.327692,-0.019139,-0.001201,0.048179,-0.047585,0.101510,0.127740,-0.414532,0.025000,0.021847,-0.203259,0.005454,-0.001933,-0.001975,-0.006551,0.128079,-0.337851,-0.031561,0.156296,-0.324607,-0.044916,0.205034,-0.377945,-0.052603,0.308292,-0.471897,-0.023949,0.086663,-0.329348,-0.016646,0.111355,-0.346474,-0.011690,0.152035,-0.372582,-0.000931
0.130602,-0.346193,-0.027539,0.205154,-0.382442,-0.066659,0.354284,0.006851,0.021098,0.065779,-0.062936,0.132938,0.126167,-0.393576,0.017657,0.036782,-0.195955,0.003063,-0.002235,-0.001718,-0.004720,0.118677,-0.332384,-0.029669,0.142790,-0.318864,-0.042661,0.191134,-0.372377,-0.049882,0.296149,-0.463446,-0.018708,0.082237,-0.322509,-0.015421,0.105012,-0.338321,-0.010762,0.144071,-0.360628,-0.000229
0.123232,-0.334361,-0.023145,0.204487,-0.357408,-0.051995,0.386917,0.035844,0.047179,0.088613,-0.079848,0.169800,0.123396,-0.369371,0.011620,0.046460,-0.186097,0.001119,-0.002395,-0.001447,-0.003015,0.109185,-0.324301,-0.025460,0.130524,-0.311888,-0.037313,0.175889,-0.364968,-0.044090,0.281108,-0.450611,-0.010946,0.078974,-0.314666,-0.012970,0.100035,-0.328604,-0.008821,0.136118,-0.346088,0.001083
0.115780,-0.319312,-0.017534,0.204691,-0.329077,-0.036134,0.425674,0.064243,0.074337,0.117693,-0.097245,0.209363,0.118529,-0.342731,0.006773,0.050634,-0.174192,-0.000418,-0.002386,-0.001256,-0.001616,0.099994,-0.313003,-0.019962,0.120251,-0.303519,-0.029664,0.159665,-0.355402,-0.036058,0.263523,-0.433150,-0.001637,0.076789,-0.305743,-0.010467,0.096588,-0.317598,-0.006926,0.128579,-0.329758,0.001991
0.108191,-0.301018,-0.011830,0.204563,-0.298641,-0.020849,0.468133,0.084369,0.098256,0.152702,-0.112796,0.246252,0.111134,-0.314457,0.002815,0.050454,-0.160937,-0.001727,-0.002265,-0.001204,-0.000699,0.091446,-0.298161,-0.014272,0.112295,-0.293516,-0.020757,0.142866,-0.343190,-0.026833,0.243888,-0.410677,0.008062,0.075568,-0.295519,-0.008957,0.094568,-0.305461,-0.005986,0.121729,-0.312339,0.001678
0.100599,-0.279675,-0.006942,0.202731,-0.267375,-0.007605,0.509284,0.084819,0.113072,0.191284,-0.121884,0.272399,0.101562,-0.285268,-0.000494,0.047506,-0.146933,-0.002949,-0.002126,-0.001269,-0.000325,0.083885,-0.279740,-0.009287,0.106572,-0.281623,-0.011587,0.126018,-0.328019,-0.017399,0.222710,-0.382991,0.017045,0.075174,-0.283694,-0.009100,0.093634,-0.292195,-0.006549,0.115699,-0.294349,-0.000264
0.093447,-0.255741,-0.003368,0.198336,-0.236427,0.002700,0.543375,0.054040,0.112882,0.230263,-0.118534,0.278957,0.090885,-0.255802,-0.003252,0.043242,-0.132611,-0.004111,-0.002024,-0.001382,-0.000407,0.077717,-0.258082,-0.005515,0.102651,-0.267735,-0.002847,0.109791,-0.309993,-0.008428,0.200350,-0.350426,0.024453,0.075361,-0.270085,-0.011007,0.093256,-0.277735,-0.008675,0.110424,-0.276188,-0.003747
0.087374,-0.229993,-0.001095,0.191393,-0.206621,0.009962,0.566679,-0.013229,0.094796,0.268475,-0.099075,0.260129,0.080436,-0.226602,-0.005460,0.038769,-0.118265,-0.005158,-0.001946,-0.001452,-0.000769,0.073345,-0.233982,-0.002968,0.099917,-0.252084,0.005212,0.094920,-0.289558,-0.000124,0.176906,-0.313854,0.029838,0.075792,-0.254824,-0.014208,0.092802,-0.262111,-0.011927,0.105608,-0.258255,-0.008223
0.082947,-0.203508,0.000340,0.182664,-0.178430,0.014848,0.578340,-0.110362,0.061713,0.308284,-0.066052,0.216584,0.071230,-0.198163,-0.007094,0.034776,-0.104145,-0.006003,-0.001842,-0.001387,-0.001223,0.071051,-0.208658,-0.001208,0.097867,-0.235292,0.012731,0.082103,-0.267228,0.007747,0.152293,-0.274370,0.033194,0.076228,-0.238439,-0.017818,0.091725,-0.245544,-0.015526,0.100847,-0.240971,-0.012871
0.080443,-0.177508,0.001558,0.173169,-0.152193,0.018329,0.577909,-0.218677,0.022157,0.353134,-0.028537,0.155503,0.063612,-0.171052,-0.008151,0.031509,-0.090581,-0.006567,-0.001663,-0.001173,-0.001614,0.070893,-0.183507,0.000369,0.096380,-0.218218,0.019963,0.071929,-0.243389,0.015551,0.126542,-0.233021,0.034777,0.076657,-0.221718,-0.020921,0.089752,-0.228385,-0.018715,0.095855,-0.224623,-0.016948
0.079746,-0.153043,0.002962,0.163704,-0.128287,0.021035,0.562416,-0.313651,-0.013379,0.402672,0.002167,0.087051,0.057274,-0.145911,-0.008657,0.028842,-0.077996,-0.006803,-0.001385,-0.000907,-0.001850,0.072631,-0.159679,0.002152,0.095728,-0.201632,0.026937,0.064796,-0.218249,0.023409,0.100095,-0.190746,0.034857,0.077133,-0.205395,-0.022992,0.086942,-0.210910,-0.021135,0.090596,-0.209096,-0.020119
0.080393,-0.130689,0.004568,0.154702,-0.107014,0.023033,0.527167,-0.373855,-0.037043,0.450344,0.018341,0.020399,0.051583,-0.123238,-0.008692,0.026458,-0.066731,-0.006726,-0.001028,-0.000695,-0.001922,0.075717,-0.137755,0.004142,0.096337,-0.185908,0.033341,0.060795,-0.191852,0.031053,0.073801,-0.148320,0.033620,0.077510,-0.189856,-0.024013,0.083569,-0.193170,-0.022892,0.085227,-0.193780,-0.022505
0.081755,-0.110477,0.006173,0.146447,-0.088296,0.024188,0.470336,-0.387860,-0.046083,0.486360,0.019266,-0.037984,0.046024,-0.103081,-0.008390,0.024084,-0.056822,-0.006419,-0.000657,-0.000538,-0.001890,0.079423,-0.117729,0.006115,0.098505,-0.170919,0.038688,0.059646,-0.164151,0.037987,0.048604,-0.106180,0.031233,0.077372,-0.175005,-0.024218,0.079959,-0.175039,-0.024233,0.079955,-0.177838,-0.024363
0.083308,-0.092055,0.007609,0.139289,-0.071609,0.024562,0.396577,-0.356798,-0.042476,0.503572,0.010666,-0.084274,0.040549,-0.085004,-0.007878,0.021695,-0.047994,-0.005979,-0.000348,-0.000363,-0.001810,0.083085,-0.099243,0.007874,0.102273,-0.156179,0.042580,0.060763,-0.135158,0.043769,0.025236,-0.064412,0.027958,0.076262,-0.160384,-0.023771,0.076381,-0.156390,-0.025207,0.074934,-0.160609,-0.025761
0.084860,-0.074957,0.008796,0.133644,-0.056296,0.024372,0.315901,-0.292908,-0.031121,0.501416,0.001180,-0.117231,0.035616,-0.068391,-0.007230,0.019535,-0.039894,-0.005459,-0.000137,-0.000160,-0.001682,0.086387,-0.081849,0.009318,0.107431,-0.141147,0.044848,0.063463,-0.105162,0.048159,0.004172,-0.023129,0.024182,0.073968,-0.145454,-0.022727,0.072955,-0.137227,-0.025664,0.070224,-0.141832,-0.026573
0.086628,-0.058785,0.009631,0.129834,-0.041913,0.023691,0.239230,-0.215107,-0.017900,0.485478,-0.001787,-0.138255,0.031877,-0.052788,-0.006511,0.017944,-0.032284,-0.004908,-0.000014,-0.000008,-0.001500,0.089507,-0.065179,0.010338,0.113579,-0.125494,0.045537,0.067197,-0.074899,0.051108,-0.014230,0.017017,0.020332,0.070636,-0.129867,-0.021182,0.069575,-0.117683,-0.025518,0.065810,-0.121618,-0.026699
0.089019,-0.043212,0.009917,0.127853,-0.028236,0.022329,0.174396,-0.142694,-0.007972,0.463962,0.005541,-0.150594,0.029705,-0.037933,-0.005866,0.017098,-0.025018,-0.004456,0.000052,0.000067,-0.001363,0.092975,-0.048932,0.010756,0.120183,-0.109180,0.044858,0.071652,-0.045466,0.052719,-0.029642,0.054749,0.016807,0.066643,-0.113553,-0.019404,0.065889,-0.097881,-0.024954,0.061654,-0.100254,-0.026242
0.092190,-0.027834,0.009479,0.127100,-0.014994,0.020040,0.124480,-0.089097,-0.004401,0.443781,0.023482,-0.157721,0.028941,-0.023521,-0.005461,0.016885,-0.017882,-0.004260,0.000088,0.000156,-0.001430,0.097181,-0.032745,0.010434,0.126632,-0.092333,0.043202,0.076634,-0.017911,0.053264,-0.041826,0.088678,0.014004,0.062367,-0.096604,-0.017792,0.061438,-0.077799,-0.024402,0.057719,-0.077979,-0.025517
0.095719,-0.012108,0.008371,0.126321,-0.001679,0.016857,0.088183,-0.058406,-0.007511,0.428193,0.050218,-0.161896,0.029032,-0.009021,-0.005297,0.017003,-0.010534,-0.004323,0.000127,0.000367,-0.001741,0.101906,-0.016154,0.009462,0.132286,-0.075096,0.041148,0.081792,0.007138,0.053223,-0.050735,0.117898,0.012405,0.058045,-0.079140,-0.016708,0.055888,-0.057294,-0.024309,0.053917,-0.054888,-0.024910
0.098736,0.004426,0.006955,0.124042,0.012309,0.013236,0.061291,-0.046127,-0.015280,0.416269,0.082351,-0.163742,0.029420,0.006177,-0.005148,0.017178,-0.002644,-0.004429,0.000206,0.000681,-0.002121,0.106332,0.001191,0.008209,0.136555,-0.057638,0.039366,0.086462,0.029471,0.053186,-0.056495,0.142085,0.012531,0.053811,-0.061312,-0.016302,0.049239,-0.036356,-0.024880,0.050077,-0.031095,-0.024678
0.100474,0.021803,0.005710,0.119335,0.027286,0.009857,0.038306,-0.043046,-0.024623,0.403366,0.114616,-0.162846,0.029802,0.022367,-0.004748,0.017279,0.005895,-0.004308,0.000337,0.000980,-0.002320,0.109570,0.019208,0.007137,0.139007,-0.040241,0.038362,0.089837,0.048987,0.053594,-0.059233,0.161159,0.014703,0.049807,-0.043399,-0.016470,0.041926,-0.015340,-0.025982,0.046011,-0.007008,-0.024858
0.100702,0.039547,0.004952,0.112286,0.043055,0.007243,0.013982,-0.039846,-0.032845,0.382209,0.140238,-0.158670,0.030051,0.039294,-0.004007,0.017261,0.014871,-0.003851,0.000478,0.001168,-0.002214,0.111201,0.037347,0.006532,0.139464,-0.023309,0.038277,0.091326,0.065509,0.054521,-0.058935,0.175037,0.018797,0.046202,-0.025812,-0.016968,0.034703,0.005099,-0.027289,0.041605,0.016588,-0.025355
0.099682,0.056936,0.004725,0.103808,0.059049,0.005568,-0.014927,-0.030628,-0.038460,0.345191,0.152791,-0.150975,0.030016,0.056318,-0.003037,0.017049,0.023874,-0.003137,0.000555,0.001219,-0.001859,0.111350,0.054880,0.006417,0.138036,-0.007202,0.038901,0.090782,0.078876,0.055699,-0.055533,0.183715,0.024231,0.043127,-0.008942,-0.017553,0.028361,0.024338,-0.028484,0.036811,0.038744,-0.026081
0.097802,0.073326,0.004948,0.095002,0.074688,0.004845,-0.048017,-0.014356,-0.041055,0.288324,0.148617,-0.139753,0.029477,0.072800,-0.002022,0.016543,0.032511,-0.002323,0.000524,0.001150,-0.001387,0.110364,0.071201,0.006706,0.135062,0.007880,0.039895,0.088470,0.089112,0.056749,-0.049095,0.187437,0.030206,0.040639,0.006967,-0.017994,0.023412,0.042033,-0.029313,0.031579,0.058640,-0.026953
0.095329,0.088244,0.005637,0.086619,0.089647,0.005273,-0.081271,0.005956,-0.040666,0.215231,0.128353,-0.125369,0.028322,0.088373,-0.001115,0.015724,0.040575,-0.001545,0.000413,0.000995,-0.000921,0.108555,0.085853,0.007424,0.131010,0.021842,0.041039,0.085008,0.096452,0.057446,-0.039839,0.186670,0.036032,0.038771,0.021770,-0.017973,0.019940,0.058096,-0.029485,0.025843,0.075749,-0.027744
0.092439,0.101341,0.006977,0.078938,0.103868,0.007321,-0.109591,0.025644,-0.037408,0.137641,0.096840,-0.109074,0.026763,0.102962,-0.000408,0.014748,0.048074,-0.000889,0.000286,0.000829,-0.000520,0.106168,0.098455,0.008774,0.126379,0.034574,0.042337,0.081352,0.101276,0.057839,-0.027954,0.181983,0.041324,0.037564,0.035306,-0.017070,0.017609,0.072571,-0.028648,0.019590,0.089923,-0.028026
0.089327,0.112419,0.009130,0.071969,0.117352,0.011323,-0.129963,0.041005,-0.031635,0.070257,0.061463,-0.093001,0.025355,0.116580,0.000076,0.013920,0.055105,-0.000372,0.000168,0.000756,-0.000161,0.103407,0.108780,0.010928,0.121569,0.045970,0.043869,0.078629,0.104108,0.058090,-0.013505,0.174060,0.045920,0.037002,0.047432,-0.014981,0.015795,0.085646,-0.026594,0.012919,0.101496,-0.027380
0.086186,0.121500,0.011941,0.065713,0.129884,0.016921,-0.142527,0.050800,-0.024188,0.022983,0.029568,-0.079133,0.024771,0.129075,0.000378,0.013565,0.061666,0.000052,0.000043,0.000847,0.000252,0.100370,0.116916,0.013719,0.116719,0.056106,0.045488,0.077696,0.105633,0.058146,0.003421,0.163820,0.049610,0.036922,0.058194,-0.011813,0.013855,0.097738,-0.023534,0.006077,0.111298,-0.025746
0.083110,0.128819,0.014866,0.060275,0.141018,0.023008,-0.149207,0.056121,-0.016258,-0.003169,0.006249,-0.068161,0.025486,0.140088,0.000539,0.013896,0.067592,0.000424,-0.000094,0.001073,0.000794,0.096997,0.123262,0.016582,0.111662,0.065317,0.046706,0.078747,0.106641,0.057612,0.022495,0.152361,0.052007,0.037036,0.067904,-0.008111,0.011483,0.109409,-0.020089,-0.000516,0.120440,-0.023518
0.080093,0.134682,0.017238,0.055780,0.150327,0.028325,-0.151955,0.059114,-0.008885,-0.013692,-0.006559,-0.059470,0.027632,0.149274,0.000509,0.014978,0.072662,0.000693,-0.000194,0.001320,0.001414,0.093166,0.128309,0.018836,0.106101,0.074067,0.046908,0.081344,0.107866,0.055954,0.043104,0.140703,0.052696,0.037057,0.077008,-0.004530,0.008921,0.121085,-0.016914,-0.006294,0.129895,-0.021251
0.077132,0.139313,0.018606,0.052211,0.157640,0.032093,-0.152134,0.061600,-0.002620,-0.015403,-0.009820,-0.052087,0.031133,0.156503,0.000146,0.016783,0.076752,0.000705,-0.000202,0.001467,0.001946,0.088866,0.132388,0.020027,0.099828,0.082751,0.045660,0.084792,0.109798,0.052814,0.064411,0.129575,0.051468,0.036799,0.085883,-0.001437,0.006815,0.132811,-0.014301,-0.010680,0.140110,-0.019253
0.074312,0.142808,0.018843,0.049377,0.163013,0.034135,-0.150613,0.064363,0.002387,-0.013258,-0.006548,-0.045496,0.035899,0.161839,-0.000680,0.019254,0.079876,0.000315,-0.000127,0.001470,0.002230,0.084286,0.135618,0.020048,0.092812,0.091574,0.042857,0.088464,0.112602,0.048144,0.085463,0.119462,0.048414,0.036171,0.094729,0.001170,0.005772,0.144253,-0.012115,-0.013303,0.150896,-0.017461
0.071783,0.145210,0.018043,0.047052,0.166553,0.034574,-0.147651,0.067254,0.006096,-0.010059,-0.000611,-0.039703,0.041818,0.165387,-0.001959,0.022293,0.082115,-0.000484,-0.000042,0.001378,0.002246,0.079735,0.138024,0.019014,0.085154,0.100529,0.038681,0.091927,0.116137,0.042165,0.105343,0.110725,0.043885,0.035123,0.103542,0.003445,0.005963,0.154905,-0.010079,-0.014145,0.161621,-0.015647
0.069651,0.146622,0.016361,0.045135,0.168331,0.033512,-0.142540,0.069766,0.008380,-0.007205,0.004721,-0.034875,0.048554,0.167218,-0.003525,0.025695,0.083533,-0.001543,-0.000007,0.001272,0.002111,0.075503,0.139699,0.017102,0.077065,0.109409,0.033486,0.094942,0.120053,0.035265,0.123380,0.103562,0.038386,0.033651,0.112143,0.005418,0.007099,0.164287,-0.008089,-0.013505,0.171530,-0.013723
0.067888,0.147242,0.013927,0.043660,0.168410,0.030941,-0.133639,0.071624,0.009039,-0.005234,0.007870,-0.031035,0.055423,0.167403,-0.005137,0.029116,0.084155,-0.002645,-0.000009,0.001192,0.001976,0.071756,0.140834,0.014455,0.068880,0.117889,0.027658,0.097476,0.123902,0.027864,0.139262,0.097853,0.032416,0.031842,0.120253,0.006911,0.008734,0.172057,-0.006314,-0.011781,0.179994,-0.011859
0.066310,0.147280,0.010869,0.042608,0.166903,0.026884,-0.119192,0.072979,0.007962,-0.004150,0.008986,-0.028013,0.061522,0.166057,-0.006585,0.032119,0.083991,-0.003601,0.000011,0.001127,0.001940,0.068502,0.141627,0.011217,0.061033,0.125657,0.021517,0.099663,0.127239,0.020300,0.152936,0.093151,0.026331,0.029930,0.127606,0.007697,0.010614,0.178017,-0.005005,-0.009221,0.186606,-0.010315
0.064598,0.146807,0.007406,0.041691,0.163991,0.021626,-0.098764,0.074136,0.005333,-0.003711,0.009043,-0.025554,0.066030,0.163353,-0.007741,0.034299,0.083092,-0.004308,0.000075,0.001061,0.002028,0.065567,0.142099,0.007619,0.053933,0.132480,0.015300,0.101645,0.129671,0.012814,0.164420,0.088858,0.020343,0.028262,0.134003,0.007758,0.012802,0.182047,-0.004210,-0.005833,0.191142,-0.009160
0.062346,0.145670,0.003919,0.040241,0.159927,0.015869,-0.074399,0.075180,0.001774,-0.003633,0.008842,-0.023448,0.068503,0.159527,-0.008568,0.035429,0.081588,-0.004749,0.000136,0.001018,0.002211,0.062600,0.141997,0.004045,0.047779,0.138178,0.009228,0.103358,0.130892,0.005619,0.173662,0.084416,0.014634,0.027177,0.139273,0.007419,0.015522,0.184021,-0.003631,-0.001514,0.193453,-0.008123
0.059137,0.143570,0.000908,0.037341,0.155040,0.010646,-0.050259,0.075875,-0.001728,-0.003643,0.008630,-0.021522,0.069008,0.154891,-0.009104,0.035569,0.079671,-0.004971,0.000136,0.001032,0.002445,0.059108,0.140871,0.000994,0.042445,0.142572,0.003569,0.104433,0.130717,-0.001009,0.180509,0.079419,0.009479,0.026890,0.143224,0.007240,0.018886,0.183823,-0.002729,0.003730,0.193410,-0.006692
0.054653,0.140255,-0.001150,0.032201,0.149705,0.006982,-0.030562,0.075891,-0.004135,-0.003467,0.008241,-0.019565,0.068124,0.149827,-0.009406,0.035104,0.077560,-0.005034,0.000078,0.001088,0.002723,0.054576,0.138314,-0.001074,0.037476,0.145511,-0.001376,0.104349,0.129158,-0.006732,0.184702,0.073678,0.005208,0.027414,0.145685,0.007758,0.022701,0.181500,-0.001012,0.009613,0.191020,-0.004399
0.048816,0.135693,-0.002009,0.024628,0.144262,0.005468,-0.017410,0.075072,-0.004783,-0.002898,0.007411,-0.017315,0.066802,0.144698,-0.009537,0.034674,0.075427,-0.004992,0.000032,0.001132,0.003083,0.048634,0.134188,-0.001941,0.032210,0.146961,-0.005387,0.102721,0.126459,-0.011279,0.185895,0.067287,0.002027,0.028541,0.146611,0.009228,0.026518,0.177419,0.001684,0.015573,0.186621,-0.001114
0.041886,0.130110,-0.001783,0.015284,0.138900,0.005985,-0.010264,0.073511,-0.003685,-0.001912,0.006043,-0.014646,0.065936,0.139725,-0.009555,0.034914,0.073341,-0.004893,0.000065,0.001126,0.003568,0.041261,0.128712,-0.001750,0.026064,0.147039,-0.008445,0.099528,0.123018,-0.014585,0.183789,0.060618,-0.000132,0.029883,0.146128,0.011488,0.029903,0.172232,0.005080,0.021013,0.180942,0.002836
0.034481,0.123933,-0.000906,0.005587,0.133614,0.007742,-0.007127,0.071411,-0.001504,-0.000722,0.004336,-0.011741,0.065735,0.134906,-0.009498,0.036052,0.071226,-0.004768,0.000183,0.001100,0.004179,0.032981,0.122411,-0.000949,0.018962,0.145918,-0.010691,0.095166,0.119201,-0.016770,0.178410,0.054169,-0.001548,0.031013,0.144455,0.014009,0.032739,0.166577,0.008541,0.025673,0.174862,0.006784
0.027489,0.117684,0.000075,-0.002658,0.128291,0.009643,-0.006003,0.068934,0.000781,0.000339,0.002707,-0.009066,0.065386,0.130072,-0.009351,0.037614,0.068899,-0.004603,0.000332,0.001123,0.004849,0.024887,0.115963,-0.000069,0.011619,0.143684,-0.012261,0.090316,0.115182,-0.017984,0.170373,0.048298,-0.002461,0.031656,0.141755,0.016103,0.035299,0.160732,0.011331,0.029839,0.168985,0.010017
0.021845,0.111853,0.000730,-0.007815,0.122888,0.010778,-0.005566,0.066163,0.002341,0.001014,0.001551,-0.007090,0.063505,0.125068,-0.009084,0.038580,0.066209,-0.004366,0.000434,0.001247,0.005441,0.018334,0.109996,0.000494,0.005315,0.140281,-0.013161,0.085670,0.110914,-0.018283,0.160843,0.043020,-0.002881,0.031767,0.138055,0.017171,0.038031,0.154470,0.012903,0.034151,0.163334,0.012051
0.018206,0.106760,0.000866,-0.009015,0.117542,0.010766,-0.005095,0.063170,0.002822,0.001235,0.001019,-0.006009,0.059153,0.119906,-0.008735,0.038003,0.063154,-0.004078,0.000447,0.001448,0.005778,0.014339,0.104891,0.000584,0.001193,0.135629,-0.013322,0.081572,0.106263,-0.017676,0.151098,0.038055,-0.002641,0.031460,0.133325,0.016921,0.041258,0.147298,0.013073,0.039176,0.157400,0.012764
0.016713,0.102475,0.000515,-0.006443,0.112514,0.009787,-0.004220,0.060077,0.002377,0.001113,0.000974,-0.005658,0.052539,0.114786,-0.008441,0.035633,0.059883,-0.003844,0.000384,0.001600,0.005718,0.013120,0.100686,0.000242,-0.000384,0.129817,-0.012753,0.077800,0.101193,-0.016281,0.141923,0.033119,-0.001632,0.030847,0.127640,0.015452,0.045013,0.138897,0.012050,0.045116,0.150515,0.012385
0.017005,0.098834,-0.000157,-0.001102,0.108020,0.008334,-0.002774,0.057028,0.001456,0.000833,0.001108,-0.005653,0.044864,0.109947,-0.008355,0.032065,0.056577,-0.003792,0.000305,0.001554,0.005241,0.014109,0.097150,-0.000380,0.000110,0.123203,-0.011641,0.073658,0.095846,-0.014410,0.133219,0.028197,-0.000016,0.029919,0.121292,0.013198,0.049057,0.129444,0.010314,0.051802,0.142273,0.011389
0.018450,0.095538,-0.000956,0.005696,0.104078,0.006890,-0.000780,0.054111,0.000512,0.000571,0.001143,-0.005630,0.037546,0.105498,-0.008551,0.028298,0.053372,-0.003988,0.000266,0.001269,0.004453,0.016351,0.093934,-0.001116,0.001829,0.116306,-0.010323,0.068373,0.090446,-0.012525,0.124103,0.023604,0.001713,0.028555,0.114721,0.010740,0.052948,0.119526,0.008435,0.058822,0.132679,0.010342
0.020375,0.092225,-0.001726,0.012675,0.100430,0.005723,0.001534,0.051316,-0.000192,0.000432,0.000977,-0.005400,0.031535,0.101298,-0.008965,0.025110,0.050323,-0.004384,0.000274,0.000884,0.003532,0.018935,0.090677,-0.001833,0.004092,0.109570,-0.009154,0.061575,0.085089,-0.011085,0.113440,0.019776,0.002877,0.026640,0.108310,0.008583,0.056098,0.109761,0.006891,0.065624,0.121992,0.009742
0.022181,0.088534,-0.002350,0.018722,0.096583,0.004863,0.003801,0.048545,-0.000604,0.000436,0.000706,-0.004962,0.027081,0.096957,-0.009381,0.022735,0.047389,-0.004805,0.000283,0.000605,0.002690,0.021196,0.087064,-0.002420,0.006588,0.103173,-0.008361,0.053570,0.079608,-0.010368,0.100461,0.016936,0.002867,0.024215,0.102208,0.007037,0.057887,0.100473,0.005980,0.071616,0.110545,0.009916
0.023389,0.084197,-0.002724,0.023017,0.092030,0.004221,0.005720,0.045673,-0.000790,0.000546,0.000506,-0.004396,0.023877,0.092030,-0.009508,0.020975,0.044442,-0.004993,0.000236,0.000546,0.002143,0.022714,0.082878,-0.002768,0.009201,0.097032,-0.007957,0.045179,0.073669,-0.010368,0.085063,0.014917,0.001392,0.021477,0.096324,0.006191,0.057861,0.091677,0.005792,0.076300,0.098737,0.010963
0.023684,0.079154,-0.002782,0.025220,0.086543,0.003724,0.007184,0.042631,-0.000818,0.000721,0.000458,-0.003765,0.021352,0.086304,-0.009147,0.019474,0.041381,-0.004775,0.000110,0.000703,0.002001,0.023255,0.078074,-0.002805,0.011736,0.090952,-0.007777,0.037293,0.066992,-0.010826,0.067710,0.013256,-0.001454,0.018640,0.090463,0.005949,0.055924,0.083264,0.006214,0.079424,0.087090,0.012749
0.022994,0.073564,-0.002558,0.025567,0.080300,0.003348,0.008262,0.039436,-0.000733,0.000953,0.000499,-0.003106,0.018988,0.079927,-0.008343,0.017920,0.038232,-0.004191,-0.000086,0.001038,0.002171,0.022783,0.072773,-0.002560,0.013865,0.084767,-0.007625,0.030498,0.059520,-0.011419,0.049159,0.011472,-0.005310,0.015813,0.084466,0.006070,0.052377,0.075149,0.006967,0.080995,0.076181,0.014932
0.021558,0.067689,-0.002183,0.024789,0.073693,0.003060,0.009094,0.036153,-0.000586,0.001238,0.000499,-0.002459,0.016613,0.073246,-0.007325,0.016170,0.035106,-0.003447,-0.000340,0.001502,0.002435,0.021493,0.067181,-0.002173,0.015319,0.078418,-0.007398,0.024971,0.051471,-0.011913,0.030225,0.009329,-0.009736,0.013017,0.078277,0.006273,0.047784,0.067310,0.007731,0.081158,0.066471,0.017090
0.019862,0.061781,-0.001826,0.023850,0.067068,0.002767,0.009866,0.032848,-0.000473,0.001528,0.000379,-0.001884,0.014511,0.066570,-0.006318,0.014350,0.032053,-0.002727,-0.000641,0.001950,0.002650,0.019774,0.061518,-0.001820,0.016052,0.071971,-0.007110,0.020541,0.043337,-0.012221,0.011622,0.006967,-0.014316,0.010245,0.071969,0.006342,0.042747,0.059802,0.008266,0.080025,0.058165,0.018849
0.018409,0.056037,-0.001629,0.023524,0.060638,0.002337,0.010730,0.029606,-0.000513,0.001717,0.000174,-0.001452,0.013182,0.060097,-0.005460,0.012812,0.029027,-0.002134,-0.000927,0.002152,0.002791,0.018037,0.055987,-0.001655,0.016190,0.065589,-0.006848,0.016792,0.035745,-0.012363,-0.006113,0.004799,-0.018703,0.007459,0.065713,0.006169,0.037721,0.052753,0.008457,0.077599,0.051176,0.019954
0.017457,0.050572,-0.001691,0.023963,0.054515,0.001674,0.011612,0.026526,-0.000792,0.001698,0.000005,-0.001237,0.012869,0.053944,-0.004855,0.011844,0.025986,-0.001753,-0.001078,0.001942,0.002819,0.016565,0.050709,-0.001773,0.015900,0.059438,-0.006720,0.013279,0.029198,-0.012429,-0.022547,0.003193,-0.022646,0.004625,0.059680,0.005734,0.032940,0.046286,0.008284,0.073843,0.045155,0.020277
0.016926,0.045381,-0.002019,0.024635,0.048716,0.000799,0.012149,0.023665,-0.001286,0.001436,-0.000019,-0.001274,0.013288,0.048140,-0.004562,0.011390,0.022952,-0.001655,-0.000970,0.001333,0.002637,0.015460,0.045683,-0.002164,0.015371,0.053607,-0.006791,0.009747,0.023857,-0.012508,-0.037257,0.002232,-0.025972,0.001843,0.053960,0.005108,0.028468,0.040450,0.007827,0.068810,0.039642,0.019852
0.016556,0.040394,-0.002470,0.024794,0.043177,-0.000132,0.011986,0.020998,-0.001852,0.000995,0.000113,-0.001497,0.013833,0.042627,-0.004477,0.011097,0.019973,-0.001759,-0.000580,0.000441,0.002253,0.014695,0.040843,-0.002657,0.014838,0.048130,-0.006998,0.006187,0.019613,-0.012591,-0.049842,0.001750,-0.028536,-0.000603,0.048580,0.004473,0.024327,0.035245,0.007275,0.062774,0.034306,0.018904
0.016139,0.035637,-0.002800,0.024105,0.037887,-0.000912,0.011163,0.018485,-0.002299,0.000488,0.000320,-0.001735,0.014025,0.037388,-0.004342,0.010635,0.017097,-0.001819,-0.000008,-0.000618,0.001862,0.014182,0.036229,-0.002999,0.014531,0.043095,-0.007171,0.002745,0.016306,-0.012569,-0.060037,0.001570,-0.030216,-0.002406,0.043624,0.004059,0.020593,0.030726,0.006864,0.056287,0.029147,0.017785
0.015640,0.031331,-0.002838,0.022845,0.033045,-0.001397,0.010129,0.016193,-0.002503,0.000016,0.000518,-0.001807,0.013768,0.032602,-0.003950,0.009937,0.014438,-0.001618,0.000587,-0.001729,0.001695,0.013824,0.032067,-0.003023,0.014556,0.038702,-0.007165,-0.000370,0.013857,-0.012349,-0.067796,0.001610,-0.031018,-0.003477,0.039292,0.003992,0.017405,0.027032,0.006730,0.050100,0.024462,0.016817
0.015144,0.027799,-0.002601,0.021570,0.029015,-0.001579,0.009365,0.014291,-0.002471,-0.000363,0.000673,-0.001654,0.013261,0.028613,-0.003324,0.009165,0.012191,-0.001156,0.001075,-0.002742,0.001813,0.013551,0.028674,-0.002763,0.014838,0.035197,-0.006971,-0.002950,0.012209,-0.011958,-0.073280,0.001823,-0.031148,-0.003983,0.035832,0.004212,0.014895,0.024292,0.006843,0.044935,0.020635,0.016158
0.014748,0.025264,-0.002247,0.020661,0.026085,-0.001563,0.009037,0.012917,-0.002312,-0.000629,0.000788,-0.001365,0.012756,0.025703,-0.002658,0.008520,0.010526,-0.000611,0.001408,-0.003525,0.002092,0.013337,0.026252,-0.002390,0.015206,0.032720,-0.006694,-0.004845,0.011235,-0.011527,-0.076814,0.002120,-0.030932,-0.004180,0.033388,0.004545,0.013127,0.022496,0.007064,0.041212,0.017895,0.015797
