joint_0,joint_1,joint_2,joint_3,joint_4,joint_5,joint_6,joint_7,joint_8,joint_9,joint_10,joint_11,joint_12,joint_13,joint_14,joint_15,joint_16,joint_17,joint_18,joint_19,joint_20,joint_21,joint_22,joint_23,joint_24,joint_25,joint_26,joint_27,joint_28
-0.078298,0.388088,0.016943,1.045030,1.089173,0.414113,0.260683,-0.232203,-0.341697,0.027661,-1.121909,-0.129911,-0.107969,0.213893,0.277840,-0.021902,0.039529,-0.580153,-0.410903,0.563264,0.322455,-0.050054,0.045515,-0.247217,0.368566,0.004437,-0.058848,0.188655,0.162032
-0.102690,0.296713,0.000827,1.048664,1.088642,0.412462,0.266188,-0.197073,-0.357559,0.037546,-1.000699,-0.106044,-0.148725,0.221836,0.247241,-0.072147,0.072785,-0.586977,-0.421629,0.589677,0.262298,-0.045091,0.055398,-0.185017,0.242487,0.010749,-0.004244,0.172115,0.142727
-0.151473,0.113963,-0.031406,1.055933,1.087580,0.409160,0.277199,-0.126813,-0.389282,0.057314,-0.758279,-0.058309,-0.230236,0.237723,0.186044,-0.172636,0.139297,-0.600625,-0.443080,0.642503,0.141984,-0.035166,0.075163,-0.060615,-0.009670,0.023373,0.104963,0.139034,0.104117
-0.154774,0.125350,-0.022135,1.104015,1.064411,0.379263,0.269515,-0.103818,-0.280863,0.314979,-0.579873,-0.044307,-0.264539,0.087402,0.092159,-0.234132,0.101627,-0.597542,-0.487067,0.490398,0.142478,-0.113715,-0.029970,-0.056048,-0.101461,0.019038,0.066271,0.138172,-0.019334
-0.156425,0.131044,-0.017499,1.128056,1.052827,0.364314,0.265673,-0.092320,-0.226653,0.443812,-0.490670,-0.037306,-0.281690,0.012241,0.045217,-0.264880,0.082792,-0.596000,-0.509060,0.414346,0.142726,-0.152990,-0.082537,-0.053764,-0.147356,0.016870,0.046925,0.137742,-0.081059
-0.068403,0.252096,-0.043142,1.182179,1.039476,0.356412,0.222613,-0.087064,-0.078737,0.646885,-0.379588,-0.040812,-0.358358,-0.070846,-0.054237,-0.372988,-0.039850,-0.576399,-0.553419,0.110394,0.427008,-0.177408,-0.101688,0.030066,-0.115992,-0.063655,-0.027696,0.111576,-0.138769
-0.069502,0.277236,-0.075811,1.194120,1.034925,0.363439,0.184023,-0.110094,-0.059046,0.666851,-0.376153,-0.042367,-0.337546,-0.087078,-0.057416,-0.382867,-0.059109,-0.583383,-0.542239,-0.035274,0.372251,-0.193784,-0.149760,0.044630,-0.179452,-0.058468,-0.028110,0.067813,-0.163406
-0.071698,0.327515,-0.141147,1.218002,1.025822,0.377493,0.106843,-0.156153,-0.019663,0.706783,-0.369283,-0.045477,-0.295921,-0.119541,-0.063773,-0.402625,-0.097627,-0.597352,-0.519878,-0.326611,0.262738,-0.226536,-0.245905,0.073759,-0.306372,-0.048093,-0.028938,-0.019714,-0.212678
-0.172876,0.235903,-0.185126,1.193296,0.947202,0.328832,0.015895,-0.205012,-0.032648,0.808206,-0.196026,-0.091506,-0.271172,-0.110056,-0.146360,-0.410120,-0.091120,-0.538975,-0.491403,-0.639814,0.126395,-0.175090,-0.226676,0.164776,-0.252971,-0.029938,-0.010696,-0.102566,-0.109946
-0.223465,0.190096,-0.207115,1.180944,0.907891,0.304501,-0.029579,-0.229442,-0.039140,0.858918,-0.109397,-0.114521,-0.258797,-0.105314,-0.187654,-0.413868,-0.087866,-0.509787,-0.477165,-0.796416,0.058224,-0.149367,-0.217062,0.210285,-0.226271,-0.020861,-0.001574,-0.143992,-0.058579
-0.436649,-0.033893,-0.202506,1.125942,0.851648,0.292996,-0.169923,-0.262847,-0.157604,0.833309,-0.009743,-0.144244,-0.184902,-0.045073,-0.199234,-0.439420,-0.056836,-0.476644,-0.468673,-1.039392,-0.100794,-0.097647,-0.240433,0.435853,-0.247178,0.018669,0.077586,-0.118710,-0.098323
-0.435209,-0.015439,-0.196458,1.072586,0.805353,0.265782,-0.231324,-0.281309,-0.128787,0.805826,-0.007365,-0.163481,-0.164753,0.004919,-0.190582,-0.443101,-0.051763,-0.459462,-0.484732,-1.090657,-0.121768,-0.112191,-0.216762,0.492095,-0.139357,0.043240,0.018432,-0.157705,-0.080556
-0.432329,0.021468,-0.184363,0.965874,0.712765,0.211354,-0.354127,-0.318233,-0.071153,0.750860,-0.002609,-0.201955,-0.124456,0.104901,-0.173277,-0.450462,-0.041617,-0.425096,-0.516848,-1.193188,-0.163715,-0.141281,-0.169419,0.604578,0.076286,0.092382,-0.099877,-0.235694,-0.045022
-0.412963,0.047741,-0.098673,0.877550,0.644281,0.124408,-0.386754,-0.288332,-0.017038,0.733674,0.001050,-0.224096,-0.064036,0.216579,-0.170330,-0.419804,-0.016449,-0.399292,-0.546285,-1.160143,-0.148224,-0.177659,-0.182239,0.700877,0.031739,0.087202,-0.059538,-0.288231,-0.147703
-0.403280,0.060878,-0.055827,0.833388,0.610039,0.080935,-0.403068,-0.273381,0.010020,0.725082,0.002880,-0.235167,-0.033826,0.272419,-0.168856,-0.404474,-0.003865,-0.386391,-0.561003,-1.143621,-0.140478,-0.195848,-0.188649,0.749027,0.009466,0.084613,-0.039369,-0.314500,-0.199043
-0.468029,0.064614,-0.031689,0.689457,0.503020,-0.025640,-0.551316,-0.314850,0.088840,0.682625,0.007828,-0.208411,-0.054079,0.370569,-0.136909,-0.312666,0.039504,-0.172110,-0.600385,-0.922982,0.000488,-0.341184,-0.083188,0.544608,-0.020106,0.070773,-0.028233,-0.234973,-0.135354
-0.510198,0.057633,-0.036711,0.642585,0.466110,-0.048354,-0.619157,-0.354587,0.103608,0.654741,0.010171,-0.200524,-0.063567,0.388984,-0.142957,-0.283835,0.050208,-0.114740,-0.613277,-0.835534,0.068011,-0.355076,-0.048410,0.496908,-0.010644,0.050087,0.007060,-0.164284,-0.097412
-0.594535,0.043670,-0.046754,0.548839,0.392288,-0.093784,-0.754838,-0.434063,0.133143,0.598974,0.014857,-0.184750,-0.082543,0.425813,-0.155052,-0.226174,0.071618,0.000000,-0.639062,-0.660637,0.203058,-0.382859,0.021147,0.401507,0.008279,0.008716,0.077644,-0.022907,-0.021528
-0.745065,-0.017274,-0.067408,0.507717,0.339911,-0.086958,-0.855803,-0.530856,0.121695,0.596286,0.011277,-0.178071,-0.086710,0.405887,-0.145072,-0.153232,0.061475,0.000000,-0.559669,-0.533575,0.325338,-0.379528,0.097486,0.258096,-0.105203,-0.051077,0.022922,0.031940,0.039252
-0.820330,-0.047746,-0.077735,0.487155,0.313722,-0.083545,-0.906286,-0.579253,0.115972,0.594942,0.009487,-0.174732,-0.088794,0.395924,-0.140082,-0.116761,0.056404,0.000000,-0.519973,-0.470045,0.386478,-0.377862,0.135655,0.186391,-0.161945,-0.080974,-0.004440,0.059363,0.069641
-0.967756,-0.118715,-0.006775,0.464772,0.281149,-0.056756,-0.901114,-0.670343,0.082953,0.628588,0.003843,-0.270412,-0.079575,0.352653,-0.133231,-0.102141,0.073796,0.000000,-0.496102,-0.428347,0.472444,-0.049342,0.165743,0.130389,0.085184,-0.174591,0.033805,0.137097,0.140806
-0.960113,-0.116211,0.013887,0.447651,0.260807,-0.052771,-0.818640,-0.704186,0.091615,0.588029,0.003754,-0.285953,-0.074616,0.354505,-0.143460,-0.101261,0.075181,0.000000,-0.471583,-0.349615,0.469842,0.012660,0.180991,0.084688,0.040947,-0.119168,0.044225,0.092956,0.139592
-0.944827,-0.111204,0.055210,0.413407,0.220121,-0.044801,-0.653692,-0.771870,0.108940,0.506912,0.003578,-0.317036,-0.064698,0.358209,-0.163916,-0.099501,0.077952,0.000000,-0.422543,-0.192150,0.464637,0.136664,0.211487,-0.006713,-0.047529,-0.008324,0.065066,0.004673,0.137165
-0.874901,-0.096428,0.106839,0.538678,0.267221,-0.003515,-0.205334,-0.764813,0.179557,0.630251,0.002760,-0.295196,-0.124121,0.182803,-0.136840,-0.080863,0.059274,0.000000,-0.443102,0.079887,0.496082,0.232911,0.252554,-0.034056,-0.028222,0.049869,0.060812,-0.018647,0.201095
-0.839938,-0.089041,0.132653,0.601314,0.290771,0.017128,0.018844,-0.761284,0.214866,0.691921,0.002351,-0.284277,-0.153833,0.095100,-0.123302,-0.071544,0.049936,0.000000,-0.453382,0.215905,0.511805,0.281035,0.273088,-0.047727,-0.018569,0.078965,0.058684,-0.030307,0.233060
-0.698511,-0.017774,0.232171,0.487399,0.270375,0.064548,0.268694,-0.663487,0.364208,1.015041,0.022468,-0.276817,-0.227737,-0.762814,-0.118420,-0.069254,0.029954,0.956097,-0.418873,0.473056,0.457442,0.352113,0.315017,-0.360849,0.069417,0.026205,0.043732,0.109930,0.103855
-0.639371,-0.002080,0.210257,0.170574,0.260119,0.082349,-0.332103,-0.665338,0.369900,0.877493,0.022678,-0.230689,-0.254655,-0.857475,-0.119661,-0.069254,0.016210,0.518741,-0.404627,0.543607,0.435768,0.347047,0.333587,-0.371532,0.141239,0.035448,0.026755,0.148695,0.118115
-0.521090,0.029309,0.166429,-0.463076,0.239607,0.117950,-1.533696,-0.669040,0.381283,0.602396,0.023098,-0.138433,-0.308490,-1.046798,-0.122142,-0.069252,-0.011279,-0.355972,-0.376135,0.684711,0.392420,0.336914,0.370728,-0.392898,0.284881,0.053934,-0.007199,0.226226,0.146636
-0.470816,0.113734,0.121315,-0.812783,0.144941,0.048080,-1.789886,-0.661156,0.415743,1.072297,0.011837,-0.104999,-0.300497,-0.977901,-0.090214,-0.048876,-0.024560,-0.427673,-0.288156,0.610241,0.253397,0.384340,0.310825,-0.412977,0.359895,0.006117,-0.000566,0.255555,0.153969
-0.445679,0.155947,0.098758,-0.987636,0.097608,0.013145,-1.917982,-0.657215,0.432972,1.307248,0.006207,-0.088282,-0.296501,-0.943452,-0.074249,-0.038687,-0.031200,-0.463523,-0.244166,0.573006,0.183885,0.408053,0.280874,-0.423016,0.397402,-0.017791,0.002751,0.270220,0.157636
-0.420383,0.230084,0.049527,-1.066878,-0.019916,-0.087431,-1.286379,-0.607612,0.391863,2.438144,0.002721,-0.032810,-0.124897,-0.929518,-0.083354,0.018476,-0.027329,0.297386,-0.247928,0.274946,-0.227233,0.450490,0.009184,-0.257313,-0.082871,0.030316,0.024469,0.182254,-0.094853
-0.338063,0.210088,0.039709,-1.043756,-0.031353,-0.084276,-0.937018,-0.594752,0.337549,2.539575,0.003772,-0.002499,-0.087169,-0.963462,-0.075663,0.048232,-0.039995,0.335335,-0.230271,0.161321,-0.289196,0.421569,-0.078251,-0.215619,0.016446,0.058986,-0.011449,0.108528,-0.086550
-0.173425,0.170096,0.020074,-0.997513,-0.054228,-0.077967,-0.238297,-0.569031,0.228922,2.742437,0.005874,0.058122,-0.011713,-1.031350,-0.060283,0.107743,-0.065326,0.411232,-0.194959,-0.065929,-0.413123,0.363729,-0.253122,-0.132232,0.215082,0.116326,-0.083284,-0.038923,-0.069943
0.072532,0.080547,0.007366,-0.938130,-0.044322,-0.046080,0.437587,-0.581006,0.097225,2.486343,0.013376,0.144811,0.042201,-0.980582,-0.084369,0.158546,-0.097098,0.168502,-0.203538,-0.188255,-0.386626,0.266972,-0.328844,0.012322,0.071879,0.105074,-0.149430,-0.126072,-0.131194
0.195510,0.035773,0.001012,-0.908438,-0.039369,-0.030136,0.775529,-0.586993,0.031376,2.358297,0.017127,0.188156,0.069158,-0.955198,-0.096413,0.183947,-0.112984,0.047137,-0.207827,-0.249419,-0.373378,0.218593,-0.366704,0.084599,0.000277,0.099448,-0.182503,-0.169646,-0.161819
0.500793,0.003143,-0.098301,-0.910996,-0.032223,0.004325,1.273137,-0.662651,-0.004662,1.814427,0.021700,0.270137,0.149131,-0.641911,-0.083450,0.249114,-0.129254,-0.074204,-0.200087,-0.248491,-0.556673,0.096130,-0.483992,0.075853,-0.433780,0.006404,-0.039719,-0.064661,-0.191487
0.536203,-0.022345,-0.125946,-0.996568,-0.020408,0.020251,1.193328,-0.681105,-0.036967,1.559680,0.021609,0.292192,0.190553,-0.633856,-0.082048,0.266706,-0.123716,-0.117998,-0.212211,-0.221176,-0.585946,0.067933,-0.507708,0.006920,-0.357631,-0.022290,-0.039776,-0.077521,-0.174071
0.607023,-0.073320,-0.181234,-1.167712,0.003223,0.052101,1.033712,-0.718013,-0.101576,1.050185,0.021426,0.336300,0.273399,-0.617747,-0.079242,0.301889,-0.112639,-0.205586,-0.236459,-0.166547,-0.644494,0.011537,-0.555139,-0.130945,-0.205331,-0.079678,-0.039888,-0.103240,-0.139240
0.572308,-0.101552,-0.284904,-1.486375,-0.014865,0.042974,0.576064,-0.863764,-0.130964,0.462768,0.019038,0.330477,0.346924,-0.343978,-0.115627,0.313779,-0.098723,-0.476906,-0.266553,-0.091453,-0.678751,0.057335,-0.566461,-0.097718,-0.316304,-0.062407,-0.022703,-0.090367,-0.117481
0.554950,-0.115667,-0.336739,-1.645707,-0.023908,0.038411,0.347241,-0.936640,-0.145658,0.169060,0.017844,0.327565,0.383687,-0.207094,-0.133820,0.319724,-0.091766,-0.612566,-0.281600,-0.053905,-0.695879,0.080234,-0.572122,-0.081104,-0.371791,-0.053772,-0.014111,-0.083930,-0.106602
0.303294,-0.329277,-0.537447,-2.425058,-0.252422,-0.008864,-0.504184,-1.153045,-0.288586,-0.872426,0.081009,0.210379,0.512086,0.448916,-0.079669,0.302705,-0.080753,0.000000,-0.165815,-0.109187,-0.773442,0.178134,-0.618174,-0.142513,0.038085,-0.030237,-0.196198,-0.049750,-0.020357
0.282360,-0.429326,-0.559028,-2.587352,-0.308981,-0.013036,-0.732186,-1.237877,-0.332919,-1.210179,0.198643,0.168915,0.536590,0.563447,-0.144582,0.290871,-0.075369,0.000000,-0.201494,-0.108250,-0.771015,0.217404,-0.616660,-0.168645,-0.137015,-0.011228,-0.097323,-0.072386,-0.072855
0.240491,-0.629424,-0.602190,-2.911938,-0.422100,-0.021379,-1.188189,-1.407542,-0.421583,-1.885686,0.433911,0.085988,0.585599,0.792510,-0.274407,0.267201,-0.064602,0.000000,-0.272852,-0.106376,-0.766160,0.295944,-0.613632,-0.220909,-0.487213,0.026789,0.100425,-0.117660,-0.177852
0.395840,-0.797242,-0.537944,-3.067377,-0.538891,-0.017466,-1.518602,-1.284019,-0.433630,-2.608913,0.715849,0.027919,0.544212,1.073020,-0.384306,0.218597,-0.058370,0.000000,-0.217433,-0.028368,-0.606292,0.335338,-0.463033,-0.236469,-0.351001,0.009772,0.038906,-0.122877,-0.192110
0.473514,-0.881151,-0.505821,-3.145096,-0.597286,-0.015509,-1.683808,-1.222258,-0.439654,-2.970527,0.856817,-0.001116,0.523519,1.213275,-0.439255,0.194294,-0.055254,0.000000,-0.189724,0.010636,-0.526358,0.355035,-0.387733,-0.244249,-0.282894,0.001263,0.008147,-0.125485,-0.199239
0.931988,-0.802672,-0.435828,-2.698767,-0.503216,0.035614,-1.687296,-1.135646,-0.361221,-3.910752,0.691747,-0.090292,0.455133,1.672875,-0.314342,0.130048,-0.033666,0.000000,-0.179492,0.194342,-0.404631,0.333087,-0.200804,-0.081319,0.202264,0.062147,-0.066912,-0.123157,0.118627
0.959379,-0.710746,-0.411257,-2.172143,-0.366851,0.078358,-1.377421,-1.133420,-0.341057,-3.882955,0.457152,-0.135504,0.448917,1.880442,-0.192416,0.125767,-0.016038,0.000000,-0.202649,0.136253,-0.383955,0.314602,-0.152116,-0.113736,0.119984,0.049216,-0.016679,-0.121234,0.095990
1.014162,-0.526894,-0.362113,-1.118894,-0.094122,0.163847,-0.757672,-1.128970,-0.300730,-3.827362,-0.012036,-0.225927,0.436486,2.295577,0.051436,0.117204,0.019219,0.000000,-0.248964,0.020075,-0.342604,0.277630,-0.054739,-0.178571,-0.044578,0.023354,0.083787,-0.117388,0.050717
0.316366,0.148275,-0.162618,0.241309,0.452867,0.121881,-0.067717,-0.979848,0.002705,-1.328391,-1.076780,-0.263513,0.397843,-0.044923,0.552328,0.175024,0.083447,0.000000,-0.373764,-0.011248,-0.298004,0.124303,0.002897,-0.099683,-0.043029,0.003019,0.078787,-0.088626,0.017703
-0.032533,0.485860,-0.062871,0.921411,0.726361,0.100898,0.277260,-0.905287,0.154422,-0.078905,-1.609152,-0.282306,0.378522,-1.215173,0.802774,0.203935,0.115560,0.000000,-0.436163,-0.026910,-0.275704,0.047640,0.031714,-0.060240,-0.042255,-0.007148,0.076288,-0.074246,0.001197
-0.085841,-0.180341,-0.101044,0.509045,0.181313,-0.008707,-0.367989,-0.931068,0.017726,-0.307340,-0.255689,-0.282293,0.259986,-1.177926,0.153140,0.230478,0.179553,1.103110,-0.313932,0.044560,-0.081373,-0.112921,0.113656,-0.157390,0.013545,-0.066790,0.056166,-0.078676,0.084169
-0.105718,-0.254174,-0.107207,0.201911,0.016079,-0.081259,-0.722799,-0.910082,-0.009462,-0.444577,-0.131635,-0.289466,0.227200,-0.976289,0.123658,0.218219,0.179150,2.050152,-0.341334,0.075468,-0.024225,-0.167834,0.134043,-0.112716,0.036347,-0.071593,0.045990,-0.033363,0.069090
-0.145472,-0.401840,-0.119531,-0.412356,-0.314391,-0.226363,-1.432418,-0.868111,-0.063837,-0.719052,0.116473,-0.303813,0.161628,-0.573016,0.064695,0.193701,0.178344,3.944236,-0.396139,0.137283,0.090072,-0.277659,0.174817,-0.023367,0.081950,-0.081200,0.025639,0.057264,0.038933
0.235838,-0.503649,-0.085344,-0.272721,-0.353848,-0.204346,-1.396642,-0.829485,-0.048907,-1.389853,0.436442,-0.276942,0.119395,-0.411315,-0.098592,0.158697,0.188293,2.084554,-0.399072,0.229160,0.118439,-0.327815,0.171484,0.060200,0.119568,-0.029160,0.024805,0.067305,0.112381
0.426493,-0.554553,-0.068251,-0.202903,-0.373577,-0.193337,-1.378754,-0.810172,-0.041442,-1.725253,0.596426,-0.263507,0.098279,-0.330465,-0.180236,0.141196,0.193267,1.154714,-0.400538,0.275098,0.132623,-0.352893,0.169818,0.101984,0.138378,-0.003140,0.024388,0.072325,0.149104
0.378541,-0.524434,0.044141,-0.289938,-0.553208,-0.348198,-1.253922,-0.587488,0.029353,-1.397926,0.857862,-0.216276,0.022503,-0.073076,-0.296905,0.097067,0.192035,1.253226,-0.402166,0.254159,0.231514,-0.385190,0.129763,0.032653,-0.171766,-0.045511,0.077397,0.136877,-0.017301
0.405242,-0.522664,0.071272,-0.282575,-0.593119,-0.394183,-1.003976,-0.504840,0.027126,-1.382156,0.930518,-0.170783,-0.004469,0.011562,-0.329965,0.082814,0.189853,1.192787,-0.395356,0.274432,0.263802,-0.388913,0.132501,0.047182,-0.079874,-0.061633,0.041014,0.146545,0.024772
0.458646,-0.519125,0.125532,-0.267850,-0.672939,-0.486153,-0.504084,-0.339544,0.022671,-1.350617,1.075830,-0.079796,-0.058412,0.180838,-0.396085,0.054309,0.185490,1.071909,-0.381736,0.314979,0.328377,-0.396359,0.137976,0.076238,0.103909,-0.093878,-0.031752,0.165881,0.108918
0.364106,-0.499987,0.128243,-0.252517,-0.655765,-0.516002,-0.369009,-0.257871,-0.001452,-1.092878,1.062456,-0.005403,-0.072148,0.119155,-0.372092,0.034077,0.185994,0.911036,-0.363743,0.294656,0.307230,-0.369604,0.065368,0.137303,0.035532,-0.039010,-0.006570,0.139433,0.059979
0.316835,-0.490419,0.129598,-0.244851,-0.647178,-0.530927,-0.301471,-0.217034,-0.013514,-0.964009,1.055769,0.031794,-0.079017,0.088314,-0.360096,0.023961,0.186246,0.830599,-0.354746,0.284495,0.296656,-0.356226,0.029064,0.167835,0.001344,-0.011576,0.006020,0.126209,0.035510
0.249129,-0.368346,0.074606,-0.242660,-0.614061,-0.572681,-0.297910,-0.168875,0.032469,-0.649035,0.960529,0.120068,-0.054865,0.000943,-0.332803,-0.002784,0.182064,0.477856,-0.299513,0.199841,0.153877,-0.253994,-0.166165,0.058716,-0.217607,-0.052652,0.012535,0.137339,-0.045779
0.254618,-0.325963,0.075356,-0.261010,-0.611548,-0.591447,-0.258398,-0.127504,0.057435,-0.592332,0.915276,0.137393,-0.043069,0.019229,-0.313595,-0.019890,0.173851,0.443114,-0.254807,0.204135,0.110210,-0.200139,-0.220934,0.054660,-0.206614,-0.050027,0.015977,0.127467,-0.053014
0.265597,-0.241197,0.076857,-0.297711,-0.606521,-0.628978,-0.179374,-0.044762,0.107367,-0.478926,0.824771,0.172042,-0.019476,0.055801,-0.275181,-0.054102,0.157426,0.373631,-0.165394,0.212722,0.022877,-0.092429,-0.330471,0.046548,-0.184628,-0.044776,0.022860,0.107723,-0.067486
0.172719,-0.155176,0.144044,-0.314812,-0.464487,-0.586623,0.061837,0.066655,0.087701,-0.296830,0.512498,0.229889,-0.032519,0.063337,-0.066897,-0.089503,0.087440,0.592277,0.061620,0.139707,0.143424,0.019666,-0.296745,-0.037166,-0.228496,-0.048834,-0.060684,0.011350,-0.116460
0.126280,-0.112166,0.177637,-0.323362,-0.393470,-0.565446,0.182442,0.122364,0.077868,-0.205782,0.356362,0.258813,-0.039041,0.067105,0.037245,-0.107203,0.052447,0.701600,0.175126,0.103199,0.203698,0.075713,-0.279881,-0.079023,-0.250431,-0.050863,-0.102456,-0.036837,-0.140947
-0.017819,-0.177337,0.182405,-0.298089,-0.230424,-0.446628,0.454376,0.268418,0.035160,-0.114647,0.159922,0.261371,-0.158687,0.045117,0.310920,-0.137911,-0.034104,0.786315,0.484306,-0.222968,0.320415,0.292436,-0.197362,0.051051,-0.240299,0.038067,-0.008085,-0.227024,0.006975
0.025400,-0.151041,0.194818,-0.279161,-0.197757,-0.423907,0.472681,0.315979,0.082923,-0.140230,0.149272,0.219452,-0.172717,0.051465,0.326220,-0.149045,-0.064787,0.663251,0.584185,-0.348266,0.304021,0.370618,-0.191059,0.129635,-0.265136,0.064020,0.026067,-0.295690,0.016650
0.111839,-0.098447,0.219644,-0.241306,-0.132423,-0.378466,0.509293,0.411102,0.178448,-0.191394,0.127973,0.135614,-0.200778,0.064161,0.356821,-0.171314,-0.126151,0.417123,0.783941,-0.598862,0.271234,0.526983,-0.178453,0.286805,-0.314811,0.115925,0.094371,-0.433024,0.036000
0.163153,-0.160353,0.202467,-0.242144,-0.205143,-0.414861,0.508541,0.533639,0.237211,-0.267468,0.325223,0.088034,-0.185229,0.183320,0.391756,-0.121678,-0.125710,0.202736,1.016578,-0.770620,0.221108,0.589422,-0.150158,0.222048,-0.270677,0.082100,0.043169,-0.474780,-0.027829
0.188810,-0.191307,0.193878,-0.242563,-0.241503,-0.433059,0.508165,0.594907,0.266592,-0.305505,0.423848,0.064245,-0.177454,0.242899,0.409224,-0.096859,-0.125489,0.095543,1.132897,-0.856499,0.196044,0.620642,-0.136011,0.189670,-0.248610,0.065187,0.017568,-0.495657,-0.059744
0.235229,-0.344392,0.271311,-0.151403,-0.214428,-0.369562,0.618541,1.117018,0.441502,-0.198946,0.835775,0.056334,-0.098756,0.203471,0.594609,-0.064533,-0.115749,-0.018363,1.573060,-0.694551,0.020807,0.598165,-0.155540,0.071148,-0.220754,0.131723,0.054455,-0.389960,-0.165849
0.198927,-0.429738,0.275141,-0.101001,-0.165620,-0.323761,0.667094,1.280104,0.426482,-0.146372,0.922756,0.102353,-0.096846,0.189705,0.764668,-0.060032,-0.115009,-0.056450,1.744930,-0.552670,0.041752,0.538384,-0.106208,-0.000867,-0.118326,0.130380,0.015876,-0.321374,-0.116081
0.126323,-0.600431,0.282802,-0.000198,-0.068002,-0.232159,0.764201,1.606275,0.396443,-0.041223,1.096716,0.194391,-0.093026,0.162172,1.104787,-0.051030,-0.113530,-0.132624,2.088672,-0.268908,0.083642,0.418822,-0.007544,-0.144899,0.086531,0.127695,-0.061284,-0.184202,-0.016546
0.046579,-0.790493,0.231302,0.087662,0.058025,-0.135998,0.785523,1.919355,0.345152,-0.030645,1.180436,0.298470,-0.076814,0.173507,1.394869,-0.037598,-0.108894,-0.101846,2.506373,0.056670,0.073887,0.219012,0.027550,-0.144066,0.038411,0.106315,-0.033231,-0.020069,0.016326
0.006707,-0.885524,0.205552,0.131591,0.121038,-0.087918,0.796184,2.075896,0.319507,-0.025356,1.222296,0.350509,-0.068708,0.179175,1.539910,-0.030882,-0.106577,-0.086457,2.715223,0.219458,0.069010,0.119108,0.045097,-0.143650,0.014351,0.095625,-0.019205,0.061998,0.032761
-0.030147,-0.769756,0.052717,0.224466,0.393600,-0.025250,0.736719,2.347519,0.310090,-0.019632,0.787852,0.403425,-0.046555,0.198080,1.837105,0.015215,-0.101252,-0.102296,4.378518,0.341776,0.064523,-0.098662,0.058308,-0.196305,-0.006393,-0.044742,0.010221,0.173678,0.039897
-0.105654,-0.629605,0.205358,0.345689,0.626746,0.046397,0.898374,1.980857,0.267583,0.029959,0.353665,0.413093,-0.020817,0.140291,2.053174,0.032290,-0.084024,-0.129050,3.483069,0.300729,0.032359,-0.154313,0.073041,-0.201219,-0.004259,-0.065008,0.015378,0.195107,0.024053
-0.256667,-0.349301,0.510640,0.588135,1.093038,0.189692,1.221683,1.247532,0.182567,0.129141,-0.514711,0.432429,0.030659,0.024713,2.485310,0.066441,-0.049568,-0.182559,1.692171,0.218636,-0.031968,-0.265614,0.102507,-0.211048,0.000009,-0.105540,0.025692,0.237964,-0.007634
-0.221597,-0.592658,0.392567,0.661533,0.313081,0.261118,1.116598,0.483789,0.268708,0.268853,1.072676,0.451725,0.035161,-0.082949,1.557793,0.099067,-0.042817,-0.215095,0.564057,0.253669,-0.108788,-0.380250,0.109926,-0.087847,0.025198,-0.116992,-0.007634,0.198260,-0.003558
-0.204061,-0.714337,0.333530,0.698232,-0.076897,0.296832,1.064056,0.101917,0.311778,0.338710,1.866370,0.461373,0.037412,-0.136780,1.094035,0.115380,-0.039441,-0.231363,0.000000,0.271186,-0.147198,-0.437568,0.113636,-0.026246,0.037793,-0.122717,-0.024296,0.178408,-0.001520
0.289612,-0.636869,-0.053848,0.317446,-1.863651,0.067753,0.595620,-0.664884,0.375808,-0.272332,3.917390,0.434983,0.089595,0.244113,-1.394077,0.068348,-0.022553,-0.116571,0.000000,0.172200,-0.206856,-0.397507,0.203496,0.068345,0.209182,-0.026024,-0.037958,0.171664,-0.058106
0.258722,-0.306322,-0.080425,0.303462,-2.178774,0.058456,0.567188,-1.203741,0.339763,-0.226948,3.752457,0.423690,0.099598,0.217939,-1.408302,0.057945,-0.013245,-0.104817,0.000000,0.141009,-0.191979,-0.355463,0.258886,0.018251,0.245174,-0.025838,-0.030915,0.137944,-0.064311
0.196941,0.354772,-0.133578,0.275494,-2.809020,0.039863,0.510323,-2.281456,0.267673,-0.136182,3.422593,0.401103,0.119604,0.165591,-1.436752,0.037140,0.005371,-0.081308,0.000000,0.078628,-0.162227,-0.271375,0.369666,-0.081937,0.317158,-0.025466,-0.016830,0.070503,-0.076721
0.124501,0.810510,-0.181174,0.307247,-2.900717,0.066957,0.509813,-2.472227,0.176677,-0.090240,2.846280,0.376428,0.099074,0.112755,-1.364646,0.009582,0.017710,-0.116369,-0.577018,0.040717,-0.063132,-0.167162,0.498353,-0.054144,0.513201,-0.016481,-0.074704,0.051338,0.006427
0.088282,1.038379,-0.204972,0.323124,-2.946565,0.080505,0.509558,-2.567613,0.131179,-0.067269,2.558123,0.364090,0.088809,0.086337,-1.328593,-0.004197,0.023880,-0.133899,-0.865527,0.021762,-0.013584,-0.115056,0.562697,-0.040248,0.611223,-0.011989,-0.103640,0.041755,0.048001
-0.085153,1.301147,0.007959,0.411856,-2.565220,0.161890,0.710915,-2.524361,-0.047002,0.002620,1.594228,0.271463,0.070238,0.057277,-1.156509,-0.062532,0.056367,-0.141781,-2.781484,-0.074878,0.106877,0.032537,0.623397,-0.058769,0.473416,0.098998,0.121726,-0.057466,0.137742
-0.050091,1.217387,0.036233,0.394783,-2.362632,0.160288,0.741283,-2.063017,-0.053937,-0.002362,1.364735,0.242477,0.066934,0.034073,-1.071468,-0.087941,0.039673,-0.164546,-2.681161,-0.090777,0.193298,0.079690,0.628309,-0.060429,0.530471,0.069716,0.048420,-0.103272,0.179709
0.020034,1.049869,0.092781,0.360638,-1.957457,0.157083,0.802019,-1.140330,-0.067806,-0.012326,0.905748,0.184503,0.060326,-0.012334,-0.901387,-0.138759,0.006285,-0.210077,-2.480515,-0.122573,0.366139,0.173997,0.638133,-0.063750,0.644580,0.011151,-0.098191,-0.194884,0.263643
0.007367,0.765648,0.109038,0.317588,-1.556685,0.139387,0.808151,-0.300354,-0.120936,-0.030864,0.369617,0.141202,0.092736,-0.023761,-0.760545,-0.170905,-0.039517,-0.303035,-1.911316,-0.111214,0.422974,0.191470,0.517918,-0.068987,0.364406,-0.010069,-0.022871,-0.097029,0.220882
0.001034,0.623538,0.117167,0.296063,-1.356298,0.130539,0.811217,0.119634,-0.147501,-0.040133,0.101552,0.119552,0.108941,-0.029475,-0.690124,-0.186978,-0.062419,-0.349515,-1.626716,-0.105534,0.451391,0.200207,0.457810,-0.071606,0.224319,-0.020679,0.014790,-0.048102,0.199501
-0.079572,0.107338,0.128163,0.194196,-0.792963,0.076388,0.813603,1.309597,-0.252243,-0.044338,-0.652422,0.102706,0.147635,-0.027526,-0.429710,-0.191907,-0.085049,-0.305012,-0.671721,0.238618,0.237887,0.107149,0.212045,-0.086486,-0.121898,0.066525,0.244741,-0.106576,0.165037
-0.056335,0.009442,0.137744,0.157491,-0.661879,0.044961,0.806721,1.627780,-0.262219,-0.053107,-0.815264,0.108498,0.177681,-0.035592,-0.354517,-0.183469,-0.083112,-0.271071,-0.580605,0.310783,0.166415,0.077374,0.162352,-0.083922,-0.080697,0.040361,0.174005,-0.030000,0.142080
-0.009862,-0.186352,0.156905,0.084081,-0.399710,-0.017892,0.792956,2.264146,-0.282172,-0.070645,-1.140947,0.120080,0.237774,-0.051726,-0.204133,-0.166593,-0.079237,-0.203189,-0.398373,0.455114,0.023471,0.017824,0.062968,-0.078793,0.001705,-0.011966,0.032533,0.123154,0.096167
-0.064086,-0.255750,0.152942,0.099964,-0.135216,-0.016448,0.805223,2.518048,-0.381913,-0.050093,-1.452703,0.121428,0.261088,-0.057285,-0.116636,-0.106277,-0.049462,-0.272646,-0.421586,0.341393,-0.091630,-0.000939,0.021473,0.036636,-0.011461,-0.076660,0.033045,0.175860,-0.004043
-0.091199,-0.290448,0.150961,0.107906,-0.002968,-0.015725,0.811357,2.645000,-0.431783,-0.039817,-1.608582,0.122102,0.272746,-0.060065,-0.072888,-0.076119,-0.034575,-0.307374,-0.433193,0.284532,-0.149181,-0.010321,0.000726,0.094350,-0.018044,-0.109007,0.033300,0.202212,-0.054148
-0.125268,-0.170169,0.050234,0.084948,0.258538,-0.086028,0.736308,2.788903,-0.480497,-0.041340,-2.009525,0.070900,0.246727,-0.054169,0.113206,-0.017688,0.008093,-0.297027,-0.150761,0.191907,-0.280876,-0.008265,-0.074122,0.028793,-0.013053,0.031584,0.049006,0.140955,-0.066655
-0.138906,-0.115969,0.057236,0.085154,0.331474,-0.100954,0.729002,2.816881,-0.502260,-0.043433,-2.088965,0.041707,0.252329,-0.042153,0.143025,-0.003828,0.023541,-0.317725,0.006571,0.144123,-0.308536,0.021241,-0.084394,0.015745,0.008529,0.020382,0.025076,0.100806,-0.060714
-0.166182,-0.007568,0.071241,0.085566,0.477346,-0.130806,0.714388,2.872836,-0.545785,-0.047621,-2.247845,-0.016680,0.263535,-0.018120,0.202665,0.023892,0.054437,-0.359120,0.321235,0.048557,-0.363856,0.080252,-0.104939,-0.010349,0.051694,-0.002021,-0.022783,0.020510,-0.048831
-0.134646,0.471564,0.018050,0.096631,0.832461,-0.197180,0.639583,2.969535,-0.486441,-0.044049,-2.926052,-0.085077,0.187628,-0.010338,0.537192,0.098889,0.114137,-0.346403,2.167963,-0.013981,-0.296076,0.099702,-0.049962,0.043888,0.070752,-0.012104,-0.046731,-0.045696,-0.030414
-0.118877,0.711130,-0.008546,0.102163,1.010019,-0.230367,0.602180,3.017885,-0.456769,-0.042263,-3.265155,-0.119276,0.149674,-0.006447,0.704455,0.136388,0.143987,-0.340044,3.091328,-0.045251,-0.262186,0.109427,-0.022473,0.071006,0.080280,-0.017145,-0.058705,-0.078800,-0.021206
-0.110271,1.157675,-0.037763,0.088117,1.431562,-0.340248,0.456502,3.368641,-0.444556,-0.037195,-3.938639,-0.174800,0.100657,0.039378,1.004456,0.236160,0.184371,-0.409169,4.051470,-0.087948,-0.124898,0.101895,0.021386,-0.088379,-0.030575,-0.007028,0.011839,0.016142,-0.022506
-0.107785,1.152704,-0.006571,0.138882,1.236994,-0.308622,0.456843,2.719690,-0.431255,-0.032248,-3.696773,-0.197245,0.072748,0.043392,0.857526,0.249616,0.178445,-0.423167,3.349066,-0.061551,-0.052564,0.093428,0.058345,-0.059732,-0.003467,-0.006326,-0.016522,0.005448,-0.016201
-0.102813,1.142761,0.055813,0.240412,0.847858,-0.245368,0.457524,1.421789,-0.404651,-0.022354,-3.213042,-0.242134,0.016930,0.051422,0.563665,0.276528,0.166595,-0.451163,1.944258,-0.008757,0.092103,0.076493,0.132262,-0.002437,0.050747,-0.004924,-0.073244,-0.015940,-0.003591
-0.137713,0.915087,0.056218,0.401861,0.717501,-0.125133,0.429564,0.194400,-0.356941,-0.010469,-2.502548,-0.300475,-0.061619,0.075206,0.174443,0.286515,0.154500,-0.469046,0.648086,0.077781,0.138249,0.032746,0.134324,-0.038358,0.060754,0.024113,0.004808,0.004707,0.040287
-0.155163,0.801250,0.056420,0.482585,0.652323,-0.065015,0.415583,-0.419295,-0.333086,-0.004527,-2.147301,-0.329645,-0.100894,0.087098,-0.020167,0.291509,0.148452,-0.477988,0.000000,0.121050,0.161322,0.010872,0.135355,-0.056318,0.065758,0.038632,0.043834,0.015031,0.062226
-0.009719,0.707029,0.032909,0.829522,0.944394,0.243444,0.320227,-0.375455,-0.112483,0.001304,-1.670090,-0.366720,-0.166813,0.169326,0.555620,0.269596,0.106637,-0.555969,0.000000,0.287799,0.135974,-0.101813,0.119559,-0.109173,-0.024879,0.009198,0.042789,0.056093,0.021227
-0.006650,0.584546,0.036790,0.819116,0.917281,0.226347,0.302837,-0.311068,-0.118536,0.004328,-1.410878,-0.346613,-0.177038,0.171609,0.427697,0.252183,0.094696,-0.543258,-0.028152,0.356411,0.173807,-0.122274,0.123700,-0.059968,-0.001580,0.007669,0.045831,0.094243,0.016630
-0.000514,0.339581,0.044553,0.798303,0.863054,0.192153,0.268056,-0.182294,-0.130642,0.010377,-0.892456,-0.306397,-0.197488,0.176176,0.171850,0.217358,0.070815,-0.517837,-0.084457,0.493636,0.249474,-0.163196,0.131983,0.038440,0.045017,0.004611,0.051916,0.170542,0.007438
-0.018243,0.210557,0.006025,0.796217,0.835193,0.176414,0.207379,-0.116132,-0.099705,0.018172,-0.605247,-0.276745,-0.226675,0.189678,0.054706,0.203135,0.058454,-0.519776,-0.125140,0.590598,0.214148,-0.241314,0.105363,-0.054634,0.058638,-0.028320,-0.006607,0.193478,0.021382
-0.027108,0.146046,-0.013238,0.795175,0.821263,0.168545,0.177040,-0.083051,-0.084236,0.022069,-0.461642,-0.261919,-0.241268,0.196429,-0.003866,0.196024,0.052274,-0.520746,-0.145481,0.639079,0.196484,-0.280373,0.092053,-0.101171,0.065448,-0.044785,-0.035868,0.204946,0.028354
0.027696,0.140961,-0.040677,0.849448,0.845453,0.209673,0.106532,-0.144190,0.043011,0.028487,-0.252401,-0.269235,-0.278221,0.204488,-0.087367,0.127981,0.013762,-0.540176,-0.392032,0.603023,0.099049,-0.358912,-0.016125,-0.076005,-0.051235,-0.023973,-0.003491,0.183982,-0.019506
0.057402,0.146958,-0.048238,0.848043,0.836555,0.207855,0.090285,-0.159869,0.074672,0.030025,-0.178470,-0.274796,-0.292287,0.207319,-0.138446,0.108091,0.001060,-0.532728,-0.472926,0.508759,0.108353,-0.351248,-0.035887,-0.080885,-0.029491,-0.033238,-0.029575,0.194621,-0.031007
0.116813,0.158951,-0.063359,0.845232,0.818759,0.204219,0.057791,-0.191227,0.137996,0.033103,-0.030609,-0.285918,-0.320420,0.212981,-0.240604,0.068310,-0.024342,-0.517832,-0.634713,0.320231,0.126963,-0.335920,-0.075409,-0.090646,0.013997,-0.051769,-0.081744,0.215899,-0.054008
0.174892,0.242957,-0.091471,0.838199,0.796670,0.203809,0.001574,-0.232367,0.187776,0.038779,-0.009782,-0.293722,-0.320626,0.209313,-0.272332,0.033970,-0.027945,-0.486248,-0.629339,0.093147,0.090000,-0.300646,-0.112967,0.015675,-0.048762,-0.090119,-0.013348,0.160519,-0.090349
0.203931,0.284960,-0.105527,0.834682,0.785626,0.203604,-0.026534,-0.252938,0.212666,0.041617,0.000631,-0.297623,-0.320729,0.207479,-0.288196,0.016800,-0.029747,-0.470456,-0.626653,-0.020396,0.071518,-0.283009,-0.131747,0.068836,-0.080142,-0.109294,0.020850,0.132829,-0.108519
0.176099,0.332833,-0.137497,0.866355,0.808031,0.239879,-0.077709,-0.321415,0.214920,0.046065,-0.081774,-0.241936,-0.326181,0.204796,-0.265737,-0.026464,-0.080243,-0.479762,-0.597725,-0.129697,0.073884,-0.337669,-0.143495,0.181774,-0.125578,0.036745,-0.004191,0.069880,-0.027505
0.166384,0.315327,-0.117206,0.883046,0.831850,0.266251,-0.059599,-0.295146,0.189105,0.045192,-0.100167,-0.218678,-0.333041,0.205561,-0.252980,-0.054153,-0.085540,-0.497264,-0.608917,-0.162572,0.101973,-0.315859,-0.138100,0.166179,-0.105726,0.024989,-0.014654,0.050811,-0.063504
0.146955,0.280314,-0.076625,0.916427,0.879489,0.318997,-0.023380,-0.242609,0.137475,0.043444,-0.136954,-0.172162,-0.346762,0.207092,-0.227468,-0.109529,-0.096135,-0.532267,-0.631299,-0.228320,0.158150,-0.272241,-0.127312,0.134987,-0.066023,0.001478,-0.035581,0.012673,-0.135502
0.103998,0.287640,-0.020200,1.008353,0.941435,0.342873,0.027365,-0.208347,0.086430,0.217059,-0.187722,-0.113234,-0.329686,0.115509,-0.201333,-0.192176,-0.104885,-0.562484,-0.639881,-0.204500,0.203124,-0.214391,-0.134541,0.218147,-0.107625,0.036730,0.018807,0.049637,-0.085060
0.082520,0.291303,0.008012,1.054316,0.972407,0.354811,0.052738,-0.191216,0.060908,0.303866,-0.213106,-0.083770,-0.321148,0.069718,-0.188266,-0.233499,-0.109260,-0.577593,-0.644172,-0.192590,0.225611,-0.185466,-0.138155,0.259728,-0.128427,0.054356,0.046001,0.068119,-0.059839
-0.268830,0.276059,-0.012482,1.256557,0.998985,0.359356,-0.070315,-0.244477,0.011454,0.978864,-0.283725,-0.072369,-0.368646,-0.229519,-0.143426,-0.260934,-0.055371,-0.621974,-0.664220,-0.320629,0.338421,-0.091134,-0.076357,0.132078,-0.100944,0.019913,0.035255,-0.035250,-0.051419
-0.349144,0.248625,-0.005034,1.270494,1.001129,0.353243,-0.099819,-0.249543,-0.021551,1.031016,-0.331321,-0.057512,-0.357704,-0.236773,-0.113587,-0.270844,-0.035573,-0.598792,-0.638034,-0.298296,0.304816,-0.071361,-0.089740,0.145852,-0.140572,-0.001554,0.042269,-0.037661,-0.060803
-0.509771,0.193757,0.009862,1.298366,1.005419,0.341016,-0.158828,-0.259676,-0.087561,1.135320,-0.426513,-0.027800,-0.335821,-0.251280,-0.053909,-0.290664,0.004023,-0.552428,-0.585662,-0.253630,0.237606,-0.031815,-0.116504,0.173400,-0.219827,-0.044487,0.056298,-0.042485,-0.079569
-0.596222,0.007125,0.005779,1.290404,0.964496,0.320113,-0.226464,-0.283812,-0.079376,1.132034,-0.150638,-0.048038,-0.352993,-0.207423,-0.171333,-0.277334,0.045254,-0.528151,-0.574171,-0.293835,0.246568,-0.013025,-0.108789,0.110393,-0.173427,-0.020388,0.027582,-0.094487,-0.022777
-0.639447,-0.086192,0.003738,1.286422,0.944035,0.309662,-0.260282,-0.295879,-0.075284,1.130392,-0.012701,-0.058157,-0.361579,-0.185494,-0.230045,-0.270669,0.065870,-0.516012,-0.568426,-0.313938,0.251049,-0.003630,-0.104932,0.078889,-0.150227,-0.008338,0.013224,-0.120488,0.005619
-0.811028,-0.150442,-0.030964,1.182590,0.836993,0.228233,-0.476069,-0.420769,-0.085481,1.088794,-0.009732,-0.095362,-0.316998,-0.099534,-0.237584,-0.257874,0.120517,-0.402889,-0.547169,-0.381382,0.152153,0.050186,-0.151337,0.064596,-0.180202,-0.007049,0.021496,-0.083202,0.008214
-0.875315,-0.157201,-0.067083,1.120841,0.787335,0.189292,-0.589224,-0.487510,-0.073188,1.048000,-0.007509,-0.127452,-0.295003,-0.046517,-0.239472,-0.248683,0.135074,-0.358250,-0.568267,-0.418570,0.112113,0.081286,-0.173721,0.067146,-0.166440,-0.007270,0.001869,-0.087889,0.003096
-1.003887,-0.170717,-0.139322,0.997343,0.688019,0.111412,-0.815535,-0.620990,-0.048604,0.966413,-0.003063,-0.191630,-0.251013,0.059516,-0.243250,-0.230300,0.164189,-0.268971,-0.610461,-0.492947,0.032033,0.143487,-0.218489,0.072245,-0.138916,-0.007712,-0.037386,-0.097264,-0.007141
-1.049592,-0.069465,-0.157828,0.838394,0.553756,-0.013365,-0.966323,-0.722082,0.071760,1.015275,0.001166,-0.285686,-0.202763,0.037381,-0.261842,-0.211303,0.184988,0.060341,-0.580857,-0.575747,-0.029389,0.221205,-0.227106,0.105549,-0.174050,0.034508,-0.009105,-0.145815,0.009074
-1.072444,-0.018839,-0.167082,0.758919,0.486624,-0.075753,-1.041717,-0.772628,0.131941,1.039706,0.003280,-0.332715,-0.178638,0.026314,-0.271138,-0.201805,0.195387,0.224998,-0.566055,-0.617148,-0.060099,0.260063,-0.231414,0.122201,-0.191617,0.055618,0.005036,-0.170090,0.017182
-1.133899,0.067674,-0.210251,0.666565,0.426030,-0.068382,-1.013383,-0.874458,0.270625,1.268101,0.002294,-0.344570,-0.231321,-0.618103,-0.281658,-0.212401,0.172112,1.053385,-0.523574,-0.427117,0.026525,0.237858,-0.130084,0.085826,-0.017168,0.040729,-0.025711,-0.197898,0.012841
-1.013680,0.081241,-0.182583,0.405748,0.428688,-0.038887,-1.398993,-0.834749,0.300250,1.064213,0.000823,-0.348440,-0.287197,-0.630855,-0.269397,-0.225303,0.127573,0.643668,-0.519090,-0.427655,0.123762,0.234911,-0.065371,-0.015154,-0.033055,0.033142,-0.031106,-0.155787,0.047731
-0.773241,0.108373,-0.127248,-0.115886,0.434005,0.020103,-2.170213,-0.755330,0.359500,0.656438,-0.002117,-0.356180,-0.398948,-0.656360,-0.244875,-0.251106,0.038497,-0.175765,-0.510122,-0.428731,0.318235,0.229018,0.064055,-0.217114,-0.064830,0.017968,-0.041896,-0.071564,0.117511
-0.639245,0.176519,-0.038321,-0.741634,0.329906,-0.020280,-2.880621,-0.636366,0.378531,0.982374,-0.003749,-0.332166,-0.415365,-0.747386,-0.218116,-0.290755,-0.060228,-0.250292,-0.439221,-0.425584,0.448079,0.249538,0.133609,-0.199477,-0.010523,-0.025002,-0.044327,-0.011630,0.066292
-0.572246,0.210592,0.006143,-1.054508,0.277857,-0.040472,-3.235825,-0.576884,0.388047,1.145343,-0.004565,-0.320160,-0.423573,-0.792899,-0.204736,-0.310580,-0.109590,-0.287556,-0.403771,-0.424011,0.513001,0.259799,0.168386,-0.190659,0.016631,-0.046487,-0.045542,0.018337,0.040682
-0.326992,0.281222,-0.003321,-1.312009,0.086751,-0.128339,-2.298198,-0.603930,0.323782,2.016056,-0.005014,-0.265494,-0.184608,-0.841819,-0.169680,-0.334670,-0.172348,-0.177752,-0.316563,-0.414117,0.133238,0.256677,0.077662,0.015706,-0.030975,0.036242,-0.018718,-0.100731,-0.009197
-0.229697,0.272759,0.016946,-1.255955,0.067544,-0.131959,-1.730365,-0.582669,0.283804,2.218839,-0.004695,-0.218394,-0.099139,-0.837065,-0.170441,-0.327615,-0.173489,-0.046218,-0.283608,-0.390877,-0.033098,0.206987,0.027521,0.083485,0.036035,0.056377,-0.011469,-0.070812,-0.004944
-0.035107,0.255834,0.057480,-1.143847,0.029130,-0.139197,-0.594699,-0.540149,0.203849,2.624404,-0.004058,-0.124193,0.071799,-0.827555,-0.171963,-0.313503,-0.175771,0.216851,-0.217697,-0.344396,-0.365771,0.107607,-0.072763,0.219045,0.170054,0.096647,0.003028,-0.010972,0.003562
0.194453,0.171554,0.070668,-1.030866,0.004931,-0.100241,0.308966,-0.528259,0.105707,2.480090,-0.007418,-0.048341,0.153578,-0.657876,-0.145103,-0.261398,-0.187724,0.158959,-0.171988,-0.269195,-0.487527,-0.056764,-0.097032,0.206746,0.146633,0.012820,-0.025533,-0.074836,-0.072075
0.309232,0.129414,0.077263,-0.974375,-0.007169,-0.080763,0.760798,-0.522315,0.056635,2.407933,-0.009098,-0.010415,0.194468,-0.573036,-0.131673,-0.235346,-0.193700,0.130013,-0.149134,-0.231594,-0.548404,-0.138949,-0.109166,0.200597,0.134922,-0.029093,-0.039814,-0.106768,-0.109894
0.570933,-0.009130,-0.008710,-0.922850,-0.002083,-0.010912,1.425942,-0.589982,-0.036432,1.876098,0.026516,0.080619,0.277848,-0.113532,-0.131018,-0.119806,-0.224428,-0.382848,-0.226178,-0.119113,-0.577040,-0.349596,-0.180387,0.179654,0.270700,-0.085740,-0.100408,-0.000705,-0.064156
0.605394,-0.041256,-0.059353,-0.988893,0.003622,0.024273,1.368658,-0.632598,-0.053590,1.646304,0.036181,0.082338,0.306007,-0.058402,-0.134183,-0.083604,-0.231193,-0.469192,-0.222399,-0.130099,-0.587195,-0.345061,-0.185505,0.172632,0.157216,-0.096438,-0.070226,0.033284,-0.068065
0.674315,-0.105508,-0.160641,-1.120979,0.015030,0.094644,1.254091,-0.717828,-0.087906,1.186715,0.055511,0.085774,0.362326,0.051857,-0.140513,-0.011201,-0.244721,-0.641880,-0.214841,-0.152071,-0.607506,-0.335991,-0.195740,0.158588,-0.069753,-0.117835,-0.009863,0.101263,-0.075882
0.625358,-0.215630,-0.293322,-1.551021,-0.099723,0.044148,0.860157,-0.898046,-0.157192,0.506254,0.073198,0.046215,0.405327,0.257516,-0.133332,0.041808,-0.229738,-0.318957,-0.146023,-0.138651,-0.563501,-0.183861,-0.179189,0.115396,0.017946,-0.134186,-0.049788,0.127115,-0.037614
0.600879,-0.270691,-0.359663,-1.766042,-0.157099,0.018899,0.663190,-0.988155,-0.191836,0.166023,0.082041,0.026436,0.426827,0.360345,-0.129741,0.068313,-0.222247,-0.157496,-0.111615,-0.131941,-0.541499,-0.107796,-0.170914,0.093800,0.061795,-0.142362,-0.069750,0.140041,-0.018480
0.568652,-0.361358,-0.511711,-2.511888,-0.253139,0.055422,-0.486926,-1.218623,-0.294818,-1.053518,0.136998,-0.040372,0.544050,0.711522,-0.157870,0.102810,-0.173655,0.000000,-0.190589,-0.182939,-0.568115,0.127072,-0.101119,-0.050004,0.098596,-0.024650,-0.044373,0.064593,-0.039031
0.609196,-0.405623,-0.523892,-2.670416,-0.282170,0.045716,-0.806965,-1.212102,-0.286501,-1.442372,0.204366,-0.081483,0.532304,0.803275,-0.169438,0.109718,-0.147686,0.000000,-0.185829,-0.151664,-0.535499,0.209641,-0.073953,-0.088674,0.074945,-0.002169,-0.012519,-0.000423,-0.021407
0.690284,-0.494155,-0.548254,-2.987472,-0.340233,0.026305,-1.447042,-1.199060,-0.269867,-2.220079,0.339101,-0.163704,0.508814,0.986781,-0.192575,0.123534,-0.095748,0.000000,-0.176310,-0.089114,-0.470266,0.374780,-0.019619,-0.166015,0.027642,0.042794,0.051188,-0.130455,0.013841
0.902651,-0.668475,-0.502003,-2.860600,-0.411677,0.035809,-1.487067,-1.165699,-0.318995,-2.987930,0.583301,-0.181447,0.473265,1.228516,-0.298657,0.149750,-0.070894,0.000000,-0.124654,0.030693,-0.382401,0.412340,0.037308,-0.192273,0.166385,0.097197,-0.015628,-0.108593,0.052179
1.008835,-0.755635,-0.478878,-2.797165,-0.447398,0.040561,-1.507080,-1.149019,-0.343559,-3.371855,0.705401,-0.190319,0.455490,1.349384,-0.351698,0.162857,-0.058468,0.000000,-0.098826,0.090596,-0.338468,0.431120,0.065771,-0.205402,0.235756,0.124399,-0.049036,-0.097662,0.071348
1.181433,-0.511645,-0.356027,-1.674042,-0.005548,0.220924,-1.037043,-1.046237,-0.289952,-3.902562,-0.090960,-0.232523,0.432068,1.401176,0.059809,0.209753,-0.009899,0.000000,-0.106105,0.198013,-0.367386,0.421032,0.046510,-0.322499,0.015164,0.028132,0.122105,-0.066902,0.034555
1.036856,-0.405085,-0.322139,-1.168336,0.148125,0.248278,-0.749092,-1.011094,-0.233970,-3.554856,-0.292862,-0.225285,0.409316,1.335159,0.174054,0.232453,0.006050,0.000000,-0.117659,0.246890,-0.314593,0.394595,0.046282,-0.310034,0.054236,0.033922,0.083816,-0.031763,0.052091
0.747701,-0.191966,-0.254363,-0.156925,0.455470,0.302984,-0.173190,-0.940810,-0.122007,-2.859445,-0.696665,-0.210809,0.363810,1.203124,0.402545,0.277853,0.037950,0.000000,-0.140765,0.344642,-0.209007,0.341721,0.045826,-0.285102,0.132380,0.045501,0.007237,0.038513,0.087162
0.181082,-0.039568,-0.055007,0.704804,0.522848,0.195791,0.453336,-0.745332,0.105077,-0.718255,-0.429251,-0.196270,0.330027,-0.762121,0.249612,0.347264,0.093865,0.000000,-0.158394,0.392029,-0.160692,0.280864,0.014389,-0.161387,0.078218,0.011200,0.018776,0.016714,0.048932
-0.102227,0.036631,0.044670,1.135668,0.556537,0.142195,0.766599,-0.647593,0.218620,0.352340,-0.295544,-0.189000,0.313136,-1.744743,0.173146,0.381969,0.121823,0.000000,-0.167208,0.415723,-0.136535,0.250436,-0.001330,-0.099529,0.051136,-0.005951,0.024545,0.005814,0.029817
-0.708730,-0.218419,0.060654,-0.026221,0.019434,-0.163816,-0.412818,-0.548630,-0.030726,1.026435,0.027830,-0.109737,0.194103,-1.219429,0.122534,0.478430,0.173618,6.025681,-0.213190,0.278853,0.132934,0.026611,0.157571,-0.244063,0.169172,0.029073,-0.082056,0.064037,0.090482
-0.365903,-0.223672,0.040407,-0.006460,0.028919,-0.168442,-0.404873,-0.548220,-0.029719,0.337978,0.032084,-0.095312,0.157761,-1.014543,0.136610,0.498787,0.190398,4.654886,-0.240887,0.297822,0.161903,-0.016043,0.174166,-0.198943,0.098595,0.011962,-0.052608,0.029285,0.065808
0.319750,-0.234180,-0.000087,0.033064,0.047889,-0.177694,-0.388982,-0.547401,-0.027704,-1.038935,0.040591,-0.066461,0.085077,-0.604770,0.164761,0.539503,0.223960,1.913296,-0.296281,0.335761,0.219841,-0.101352,0.207356,-0.108705,-0.042559,-0.022260,0.006288,-0.040220,0.016460
0.360366,-0.180996,0.043036,-0.048704,-0.019975,-0.265546,-0.454115,-0.428701,-0.014759,-1.043191,0.051983,0.020387,0.069563,-0.408251,0.168985,0.556599,0.256283,1.344786,-0.174488,0.342200,0.161496,-0.203655,0.173506,-0.100697,0.074018,-0.026844,-0.021412,0.020873,0.004902
0.380673,-0.154404,0.064597,-0.089588,-0.053907,-0.309472,-0.486681,-0.369351,-0.008287,-1.045319,0.057678,0.063811,0.061807,-0.309991,0.171097,0.565148,0.272444,1.060530,-0.113592,0.345420,0.132324,-0.254806,0.156580,-0.096693,0.132306,-0.029135,-0.035262,0.051419,-0.000878
0.462390,-0.106888,0.181713,-0.142658,-0.093173,-0.417835,-0.147896,-0.080899,0.018315,-1.067584,0.081797,0.273969,0.021523,-0.036461,0.207779,0.539275,0.289536,0.547423,-0.124484,0.626521,0.085739,-0.351827,0.066608,0.073117,0.110390,-0.049280,0.003428,0.142570,0.087876
0.481192,-0.134868,0.207549,-0.148431,-0.092374,-0.412218,-0.080634,0.021225,-0.016363,-1.100878,0.127306,0.355363,0.013313,-0.009109,0.176015,0.515387,0.273224,0.435114,-0.116279,0.676023,0.128432,-0.365287,0.031317,0.043255,0.022650,-0.044255,0.007184,0.162942,0.063026
0.518798,-0.190826,0.259222,-0.159979,-0.090778,-0.400986,0.053891,0.225472,-0.085718,-1.167468,0.218326,0.518150,-0.003107,0.045594,0.112488,0.467612,0.240600,0.210497,-0.099868,0.775028,0.213817,-0.392207,-0.039264,-0.016471,-0.152830,-0.034203,0.014696,0.203685,0.013326
0.450471,-0.262853,0.217862,-0.173307,-0.145579,-0.399028,0.046618,0.214990,-0.089254,-1.067050,0.382965,0.610887,0.016484,0.022449,-0.035398,0.403775,0.194154,0.046369,0.032517,0.875204,0.111585,-0.362543,-0.210518,-0.038813,-0.396779,-0.087590,0.071936,0.207840,-0.025232
0.416307,-0.298866,0.197183,-0.179971,-0.172979,-0.398049,0.042981,0.209749,-0.091022,-1.016841,0.465285,0.657256,0.026280,0.010876,-0.109341,0.371857,0.170930,-0.035695,0.098710,0.925292,0.060470,-0.347711,-0.296144,-0.049984,-0.518754,-0.114283,0.100556,0.209917,-0.044510
0.266061,-0.275119,0.117515,-0.192113,-0.100424,-0.390967,0.008341,0.212054,-0.092852,-0.836235,0.211401,0.676002,0.047191,-0.038550,-0.053124,0.257644,0.104791,-0.135945,0.027386,0.803862,0.011435,-0.228256,-0.403170,-0.154510,-0.495702,-0.063788,-0.035201,0.182672,-0.082623
0.248422,-0.229968,0.114082,-0.200985,-0.065859,-0.384276,0.046062,0.207639,-0.077663,-0.789911,0.105602,0.664340,0.051287,-0.042906,-0.034219,0.205239,0.082089,-0.064636,0.048147,0.711725,0.000319,-0.145396,-0.402907,-0.220299,-0.347888,-0.048048,-0.043076,0.148401,-0.078226
0.213145,-0.139667,0.107214,-0.218728,0.003272,-0.370892,0.121505,0.198811,-0.047285,-0.697261,-0.105996,0.641016,0.059478,-0.051617,0.003591,0.100430,0.036685,0.077982,0.089670,0.527453,-0.021914,0.020324,-0.402381,-0.351877,-0.052259,-0.016567,-0.058825,0.079860,-0.069432
0.171112,-0.058487,0.075244,-0.179256,0.102661,-0.335886,0.252544,0.222207,-0.025603,-0.550740,-0.261555,0.665110,0.047918,-0.136051,0.057295,0.009297,0.024722,0.283094,0.136530,0.462863,-0.023277,0.147492,-0.320137,-0.309443,-0.279238,0.023094,0.045281,-0.015287,-0.114844
0.150096,-0.017897,0.059259,-0.159520,0.152355,-0.318383,0.318063,0.233905,-0.014762,-0.477479,-0.339335,0.677157,0.042137,-0.178268,0.084146,-0.036270,0.018741,0.385650,0.159959,0.430568,-0.023959,0.211076,-0.279014,-0.288225,-0.392727,0.042925,0.097335,-0.062860,-0.137549
-0.002614,-0.093492,0.076295,-0.152146,0.143889,-0.235360,0.496580,0.352496,-0.041200,-0.231249,-0.237541,0.657272,0.037577,-0.246643,0.179429,-0.215983,-0.014326,0.564551,0.208442,0.323389,-0.087858,0.383391,-0.168952,-0.399731,-0.251265,0.082093,0.067751,-0.419497,0.020581
-0.049447,-0.132428,0.089765,-0.141303,0.132023,-0.223558,0.550703,0.370892,-0.038746,-0.159952,-0.173811,0.631990,0.036814,-0.262424,0.238095,-0.265004,-0.024060,0.570574,0.236710,0.318751,-0.076299,0.407301,-0.163587,-0.340683,-0.206158,0.122881,0.054059,-0.445735,0.019006
-0.143111,-0.210299,0.116703,-0.119616,0.108292,-0.199954,0.658949,0.407685,-0.033837,-0.017358,-0.046353,0.581425,0.035290,-0.293984,0.355427,-0.363046,-0.043528,0.582619,0.293246,0.309477,-0.053179,0.455121,-0.152857,-0.222586,-0.115944,0.204458,0.026675,-0.498213,0.015855
-0.053717,-0.137770,0.119887,-0.076317,0.105903,-0.213610,0.636308,0.491936,0.069001,-0.021865,-0.000797,0.492035,0.015293,-0.208828,0.498122,-0.387453,-0.053070,0.276035,0.600205,0.065835,0.016837,0.469505,-0.129079,-0.279733,-0.084586,0.122373,0.022711,-0.505605,-0.036200
-0.009021,-0.101505,0.121479,-0.054668,0.104708,-0.220438,0.624987,0.534062,0.120420,-0.024118,0.021981,0.447340,0.005295,-0.166250,0.569470,-0.399656,-0.057841,0.122743,0.753684,-0.055987,0.051845,0.476696,-0.117189,-0.308306,-0.068907,0.081331,0.020730,-0.509301,-0.062227
0.022932,-0.175013,0.070658,-0.105990,-0.107883,-0.353910,0.591419,0.749810,0.188183,-0.022169,0.360719,0.313481,-0.042833,0.096959,0.623002,-0.358625,-0.025107,-0.040355,1.674202,-0.422770,0.201520,0.455679,-0.015010,0.101639,0.418783,0.100329,-0.175801,-0.340013,0.028285
0.027291,-0.371865,0.065346,-0.069306,-0.154899,-0.310699,0.624290,1.132709,0.223076,-0.014935,0.775810,0.288992,-0.077665,0.127122,0.637959,-0.348787,-0.019873,-0.017826,1.872782,-0.454203,0.214560,0.400127,0.027238,0.148962,0.288670,0.083034,-0.094986,-0.345265,0.013490
0.036010,-0.765570,0.054722,0.004063,-0.248930,-0.224276,0.690031,1.898507,0.292863,-0.000467,1.605993,0.240014,-0.147328,0.187446,0.667873,-0.329112,-0.009405,0.027234,2.269942,-0.517071,0.240641,0.289024,0.111734,0.243608,0.028445,0.048444,0.066644,-0.355770,-0.016101
0.142773,-0.881281,0.057081,0.097907,-0.132518,-0.102641,0.743131,2.299551,0.386124,0.002983,1.915422,0.218678,-0.159378,0.130507,0.875290,-0.334120,-0.040410,-0.000854,2.991737,-0.454649,0.253673,0.104295,0.097415,0.369697,0.055554,0.126449,0.038427,-0.297894,0.061769
0.196155,-0.939136,0.058260,0.144829,-0.074311,-0.041824,0.769681,2.500073,0.432755,0.004709,2.070137,0.208010,-0.165403,0.102037,0.978999,-0.336624,-0.055913,-0.014898,3.352635,-0.423439,0.260189,0.011930,0.090256,0.432742,0.069109,0.165452,0.024318,-0.268955,0.100705
0.194248,-0.435215,0.282533,0.183015,0.403946,-0.072911,0.926718,2.119589,0.438305,0.086044,0.830932,0.105928,-0.049005,0.079755,1.511089,-0.259430,-0.066389,-0.092014,2.771361,-0.350030,0.140233,-0.147021,-0.073396,0.343297,0.045164,0.054934,0.038119,-0.089094,0.055224
0.006111,-0.319078,0.405881,0.335025,0.503628,-0.005043,1.030822,1.562038,0.390863,0.368750,0.509729,0.050532,0.016925,-0.080400,1.771066,-0.223906,-0.048312,-0.143119,1.847574,-0.347545,0.050543,-0.171996,-0.129958,0.265585,-0.001729,0.013412,0.025677,-0.016911,0.024732
-0.370164,-0.086803,0.652577,0.639044,0.702993,0.130692,1.239029,0.446937,0.295980,0.934162,-0.132676,-0.060258,0.148786,-0.400710,2.291020,-0.152860,-0.012159,-0.245328,0.000000,-0.342575,-0.128837,-0.221947,-0.243083,0.110159,-0.095516,-0.069631,0.000792,0.127453,-0.036251
-0.212826,-1.067524,0.225085,0.580080,-1.209470,0.215127,0.655939,-0.583027,0.390232,0.767420,3.644865,-0.201285,0.168546,-0.290004,-0.816180,-0.180408,-0.007193,-0.162579,0.000000,-0.228668,-0.221567,-0.208751,-0.177904,0.193957,-0.114877,-0.072061,-0.024998,0.187712,-0.070801
-0.134158,-1.557884,0.011339,0.550597,-2.165701,0.257344,0.364394,-1.098010,0.437358,0.684049,5.533636,-0.271798,0.178426,-0.234651,-2.369780,-0.194182,-0.004710,-0.121205,0.000000,-0.171715,-0.267931,-0.202153,-0.145315,0.235856,-0.124557,-0.073276,-0.037893,0.217841,-0.088076
0.196860,-0.289989,-0.148670,0.129662,-3.890153,0.061383,0.027626,-3.167886,0.325942,-0.097953,5.108678,-0.311779,0.214096,0.245259,-2.832617,-0.191691,0.003081,-0.065083,0.000000,0.016798,-0.254456,-0.238273,0.044410,0.241676,0.090701,-0.067051,-0.006294,0.338523,0.038545
0.220731,0.208834,-0.189135,0.117778,-4.054193,0.067701,-0.028568,-3.497365,0.300477,-0.170461,4.641729,-0.310900,0.174796,0.299982,-2.632247,-0.172293,0.000688,-0.073996,0.000000,0.044166,-0.154507,-0.262380,0.156401,0.192716,0.164043,-0.064079,-0.017862,0.332318,0.054271
0.268474,1.206479,-0.270066,0.094011,-4.382273,0.080337,-0.140955,-4.156322,0.249546,-0.315477,3.707830,-0.309143,0.096198,0.409428,-2.231506,-0.133497,-0.004098,-0.091822,0.000000,0.098904,0.045390,-0.310593,0.380382,0.094796,0.310728,-0.058134,-0.040996,0.319907,0.085723
0.068938,1.566149,-0.173000,0.253766,-3.869543,0.187402,-0.025189,-3.888168,0.163165,-0.051299,2.847647,-0.283074,0.026343,0.274017,-1.490260,-0.108221,-0.019884,-0.117620,-1.414594,0.145527,0.200963,-0.326388,0.543565,0.091934,0.292226,-0.088865,0.003762,0.319898,0.082213
-0.030830,1.745984,-0.124467,0.333643,-3.613178,0.240934,0.032694,-3.754091,0.119975,0.080789,2.417555,-0.270039,-0.008584,0.206311,-1.119637,-0.095583,-0.027777,-0.130518,-2.121891,0.168838,0.278749,-0.334285,0.625157,0.090503,0.282976,-0.104231,0.026141,0.319894,0.080458
-0.342007,1.359422,0.130854,0.510491,-2.636799,0.356111,0.351686,-2.473074,-0.014008,0.435551,1.451198,-0.244578,-0.062523,0.007239,-0.202840,-0.033834,-0.043869,-0.179493,-3.615084,0.169312,0.316046,-0.385408,0.685419,0.181916,0.111823,-0.049559,-0.016779,0.290688,0.156746
-0.271890,1.144198,0.154749,0.470910,-2.351492,0.340971,0.384491,-1.827974,-0.036663,0.300495,1.135767,-0.203820,-0.073622,0.045305,-0.134419,-0.015349,-0.068689,-0.212282,-3.294746,0.212011,0.328082,-0.400136,0.646256,0.208908,0.157825,-0.053907,0.000563,0.261689,0.164251
-0.131658,0.713750,0.202539,0.391750,-1.780878,0.310691,0.450102,-0.537774,-0.081971,0.030384,0.504903,-0.122304,-0.095819,0.121436,0.002422,0.021623,-0.118327,-0.277858,-2.654070,0.297409,0.352153,-0.429590,0.567931,0.262891,0.249829,-0.062603,0.035246,0.203689,0.179261
0.029355,0.269608,0.223462,0.277944,-1.201193,0.245784,0.504848,0.722294,-0.106124,-0.259229,-0.177839,-0.041349,-0.088465,0.171503,-0.204027,0.081413,-0.150586,-0.278803,-1.620259,0.270525,0.332484,-0.441151,0.443345,0.141451,0.157172,-0.104832,0.011044,0.201329,0.078337
0.109862,0.047537,0.233923,0.221042,-0.911350,0.213330,0.532221,1.352329,-0.118200,-0.404035,-0.519210,-0.000871,-0.084787,0.196537,-0.307251,0.111308,-0.166715,-0.279275,-1.103353,0.257083,0.322650,-0.446931,0.381052,0.080730,0.110843,-0.125946,-0.001057,0.200149,0.027875
0.172062,-0.570870,0.240926,0.106142,-0.151260,0.141678,0.633182,2.844599,-0.287957,-0.718963,-1.326930,0.128856,-0.059339,0.258308,-0.218727,0.182332,-0.168916,-0.249695,-0.324001,0.191031,0.136423,-0.282902,0.135505,0.080142,0.056701,-0.100516,0.045380,0.273945,0.025791
0.138515,-0.644710,0.211664,0.104748,0.009788,0.119380,0.625671,3.083183,-0.314531,-0.712353,-1.439115,0.150574,-0.054507,0.253606,0.018077,0.206181,-0.155631,-0.281133,-0.432764,0.181609,0.071232,-0.229143,0.066501,0.028414,0.016071,-0.089754,0.043117,0.241998,-0.010732
0.071421,-0.792391,0.153138,0.101958,0.331886,0.074786,0.610648,3.560350,-0.367679,-0.699133,-1.663486,0.194010,-0.044843,0.244201,0.491684,0.253879,-0.129061,-0.344011,-0.650289,0.162765,-0.059148,-0.121626,-0.071508,-0.075044,-0.065188,-0.068229,0.038590,0.178104,-0.083777
-0.073192,-0.591100,0.121219,0.118785,0.429528,-0.014643,0.584558,3.525945,-0.374897,-0.304222,-1.764361,0.210823,-0.018853,0.048558,0.607015,0.266477,-0.087100,-0.298895,-0.617979,0.083941,-0.127734,0.053636,-0.163034,-0.100035,-0.097183,-0.040392,0.007878,0.088680,-0.125790
-0.145498,-0.490454,0.105260,0.127198,0.478349,-0.059357,0.571513,3.508742,-0.378507,-0.106767,-1.814799,0.219229,-0.005858,-0.049264,0.664681,0.272776,-0.066120,-0.276338,-0.601824,0.044528,-0.162027,0.141267,-0.208797,-0.112531,-0.113181,-0.026474,-0.007478,0.043968,-0.146796
-0.137998,0.148429,0.021412,0.111447,0.647284,-0.174303,0.516186,2.963136,-0.411542,-0.151842,-2.349769,0.199032,0.007746,0.061302,0.845292,0.320473,0.008560,-0.387447,1.224154,-0.154066,-0.169421,0.413647,-0.269340,-0.164846,-0.078920,0.022884,-0.019418,-0.082316,-0.061834
-0.144304,0.396985,0.017522,0.087838,0.960338,-0.210374,0.502460,3.204703,-0.432227,-0.169404,-2.933561,0.198406,0.009362,0.082240,1.020965,0.320922,0.036276,-0.377916,2.513991,-0.194798,-0.153008,0.475760,-0.256283,-0.185637,-0.103803,0.051237,-0.006088,-0.126149,-0.082504
-0.156914,0.894096,0.009744,0.040618,1.586444,-0.282515,0.475008,3.687837,-0.473595,-0.204528,-4.101146,0.197154,0.012593,0.124117,1.372310,0.321819,0.091707,-0.358853,5.093666,-0.276260,-0.120183,0.599985,-0.230169,-0.227217,-0.153568,0.107944,0.020570,-0.213815,-0.123845
-0.196234,0.862270,0.025906,0.147697,1.469910,-0.244509,0.471329,3.152820,-0.432318,-0.090919,-3.710125,0.182677,-0.017035,0.080962,0.956714,0.302791,0.122757,-0.393021,3.605440,-0.226455,-0.097201,0.659735,-0.164170,-0.279728,-0.161447,0.107782,0.008341,-0.281777,-0.062752
-0.215893,0.846357,0.033987,0.201236,1.411643,-0.225506,0.469490,2.885312,-0.411680,-0.034114,-3.514615,0.175438,-0.031849,0.059384,0.748916,0.293278,0.138282,-0.410105,2.861326,-0.201552,-0.085711,0.689610,-0.131171,-0.305984,-0.165386,0.107700,0.002227,-0.315759,-0.032205
-0.176334,0.807539,0.094904,0.387631,0.841491,-0.049223,0.556060,0.369460,-0.297362,-0.030995,-2.634806,0.198790,-0.149597,0.083491,0.518162,0.229060,0.124826,-0.436045,1.273095,-0.028721,0.030064,0.590397,0.031722,-0.264585,-0.026244,0.098460,0.002620,-0.221969,0.027574
-0.184029,0.649731,0.126636,0.453200,0.836799,-0.003667,0.571969,0.106540,-0.275650,-0.027181,-2.302138,0.184597,-0.173864,0.106178,0.393609,0.201682,0.110179,-0.443563,0.781349,0.015261,0.097986,0.563899,0.054009,-0.277014,-0.055369,0.085143,0.019360,-0.208698,0.022163
-0.199418,0.334116,0.190100,0.584338,0.827415,0.087446,0.603788,-0.419300,-0.232225,-0.019553,-1.636802,0.156212,-0.222399,0.151551,0.144503,0.146927,0.080886,-0.458599,-0.202144,0.103224,0.233830,0.510904,0.098584,-0.301872,-0.113618,0.058509,0.052841,-0.182156,0.011340
-0.126486,0.313544,0.180246,0.720718,0.985991,0.161458,0.586766,-0.157989,-0.122948,-0.007011,-1.509961,0.170316,-0.239967,0.193367,0.346839,0.139793,0.079573,-0.493190,-0.351098,0.143529,0.248420,0.328540,0.115230,-0.254038,-0.062311,0.103725,0.000098,-0.086423,0.041270
-0.090019,0.303259,0.175319,0.788908,1.065280,0.198465,0.578256,-0.027333,-0.068309,-0.000741,-1.446541,0.177368,-0.248751,0.214275,0.448006,0.136227,0.078917,-0.510485,-0.425574,0.163681,0.255715,0.237358,0.123553,-0.230121,-0.036658,0.126333,-0.026273,-0.038557,0.056235
0.007429,0.104548,0.123293,0.735194,0.892369,0.086896,0.452512,0.066408,0.027765,0.000462,-0.700154,0.158605,-0.161918,0.244908,0.109381,0.110876,0.078599,-0.518017,-0.448407,0.207497,0.131040,0.013633,-0.000869,-0.195825,-0.034011,0.020663,0.043518,-0.047794,-0.038967
0.026974,0.101861,0.109759,0.718425,0.851830,0.068409,0.409599,0.081668,0.053221,0.001679,-0.603118,0.119318,-0.142134,0.248372,0.067547,0.109767,0.078136,-0.514937,-0.358944,0.124855,0.087699,-0.047244,-0.011455,-0.093107,-0.053301,0.011982,0.024892,-0.036310,-0.049039
0.066064,0.096488,0.082689,0.684887,0.770752,0.031434,0.323773,0.112188,0.104132,0.004114,-0.409045,0.040743,-0.102567,0.255300,-0.016120,0.107548,0.077209,-0.508777,-0.180018,-0.040430,0.001016,-0.168997,-0.032626,0.112328,-0.091879,-0.005379,-0.012361,-0.013342,-0.069183
0.088874,0.073927,0.071241,0.708788,0.764277,0.059513,0.283316,0.051822,0.168165,0.011798,-0.250343,-0.026217,-0.138721,0.270891,-0.084692,0.079160,0.055403,-0.496843,-0.363731,-0.104796,0.040207,-0.239815,-0.015880,0.147403,0.025133,-0.029682,0.018876,0.045887,-0.032967
0.100278,0.062647,0.065517,0.720739,0.761039,0.073552,0.263087,0.021639,0.200182,0.015640,-0.170992,-0.059697,-0.156798,0.278687,-0.118978,0.064967,0.044501,-0.490877,-0.455588,-0.136979,0.059803,-0.275223,-0.007507,0.164940,0.083638,-0.041834,0.034495,0.075502,-0.014860
0.178834,0.130089,0.044389,0.751717,0.758290,0.100580,0.164296,-0.045966,0.288037,0.036860,-0.008341,-0.126101,-0.218743,0.283347,-0.200017,0.009429,0.003406,-0.467749,-0.619345,-0.066755,0.348682,-0.320535,0.159928,0.184620,0.072203,-0.027112,-0.062191,0.117289,0.020875
0.172275,0.161861,0.022985,0.765494,0.752972,0.116303,0.130451,-0.067106,0.287966,0.082247,-0.007538,-0.125561,-0.219430,0.256997,-0.216359,-0.032947,-0.016741,-0.460434,-0.619770,0.004548,0.405722,-0.332111,0.171257,0.148044,0.083249,-0.013009,-0.017475,0.108021,0.025044
0.159158,0.225404,-0.019822,0.793050,0.742335,0.147748,0.062760,-0.109385,0.287823,0.173021,-0.005934,-0.124482,-0.220805,0.204298,-0.249043,-0.117699,-0.057035,-0.445805,-0.620621,0.147155,0.519801,-0.355264,0.193917,0.074893,0.105339,0.015196,0.071957,0.089487,0.033381
-0.026342,0.207926,-0.038509,0.864566,0.745941,0.181767,-0.052153,-0.200988,0.245472,0.371176,-0.072782,-0.238232,-0.216552,0.113930,-0.218661,-0.228257,-0.091818,-0.415966,-0.596341,0.194377,0.572374,-0.278152,0.170854,0.148716,0.094785,0.045156,0.036095,0.082824,0.094578
-0.119091,0.199187,-0.047852,0.900324,0.747744,0.198776,-0.109609,-0.246790,0.224296,0.470254,-0.106207,-0.295108,-0.214425,0.068745,-0.203470,-0.283535,-0.109210,-0.401046,-0.584202,0.217988,0.598660,-0.239596,0.159323,0.185627,0.089508,0.060136,0.018165,0.079492,0.125176
-0.552327,0.129381,0.022746,1.192074,0.848556,0.297576,-0.204046,-0.282813,0.111718,1.231199,-0.225843,-0.422167,-0.228042,-0.281675,-0.136926,-0.379099,-0.134525,-0.451934,-0.630578,-0.032333,0.707508,-0.185577,0.190297,0.084789,0.086574,-0.029093,0.010174,0.104831,0.101936
-0.640322,0.105369,0.018627,1.247641,0.881581,0.306764,-0.225242,-0.297718,0.080377,1.321778,-0.269850,-0.410304,-0.240228,-0.302986,-0.118480,-0.385354,-0.118280,-0.460037,-0.652145,0.012670,0.720530,-0.215557,0.187502,0.132352,0.053777,-0.040522,0.024873,0.121144,0.084597
-0.816311,0.057344,0.010390,1.358775,0.947631,0.325139,-0.267634,-0.327528,0.017696,1.502936,-0.357865,-0.386578,-0.264599,-0.345607,-0.081586,-0.397865,-0.085790,-0.476242,-0.695280,0.102677,0.746573,-0.275517,0.181911,0.227478,-0.011817,-0.063381,0.054269,0.153768,0.049919
-0.917565,0.026977,-0.007607,1.347582,0.951597,0.313469,-0.383737,-0.392222,0.004447,1.460537,-0.425419,-0.436538,-0.284603,-0.289653,-0.021875,-0.384308,-0.029942,-0.430703,-0.666689,-0.007985,0.649294,-0.314944,0.171916,0.210955,-0.074641,-0.035960,0.065025,0.131788,0.007601
-0.968192,0.011793,-0.016606,1.341986,0.953580,0.307634,-0.441788,-0.424569,-0.002178,1.439338,-0.459196,-0.461518,-0.294606,-0.261676,0.007981,-0.377529,-0.002019,-0.407934,-0.652393,-0.063316,0.600654,-0.334657,0.166919,0.202693,-0.106053,-0.022249,0.070404,0.120798,-0.013558
-0.846864,-0.004831,-0.021966,1.105783,0.848185,0.216561,-0.511154,-0.458770,0.054641,0.979254,-0.455310,-0.486249,-0.323070,-0.062025,0.008037,-0.374817,0.061315,-0.333138,-0.575322,-0.050061,0.369388,-0.428903,0.126507,0.278883,0.067343,0.005387,0.014777,0.101096,0.176181
-0.854421,-0.059422,-0.040345,1.054135,0.806427,0.201622,-0.560163,-0.495178,0.069678,0.890647,-0.356438,-0.501717,-0.330270,-0.040109,-0.046209,-0.358920,0.069850,-0.315356,-0.569582,-0.094436,0.318600,-0.444939,0.094991,0.285709,0.017660,-0.015123,0.008700,0.085871,0.132352
-0.869536,-0.168604,-0.077105,0.950840,0.722910,0.171743,-0.658182,-0.567996,0.099753,0.713432,-0.158694,-0.532655,-0.344669,0.003722,-0.154701,-0.327125,0.086920,-0.279791,-0.558101,-0.183188,0.217023,-0.477011,0.031958,0.299360,-0.081706,-0.056144,-0.003454,0.055419,0.044695
-1.009855,-0.232380,-0.091906,0.896976,0.631171,0.154591,-0.783662,-0.629043,0.141959,0.887782,-0.034055,-0.564959,-0.381589,-0.190931,-0.191292,-0.336618,0.085732,-0.034892,-0.501391,-0.258197,0.119631,-0.457993,0.018263,0.219877,-0.084775,-0.055452,0.004373,0.120557,0.020003
-1.080015,-0.264268,-0.099307,0.870044,0.585302,0.146015,-0.846402,-0.659567,0.163062,0.974957,0.028265,-0.581111,-0.400049,-0.288257,-0.209587,-0.341364,0.085139,0.087558,-0.473036,-0.295701,0.070935,-0.448483,0.011415,0.180135,-0.086310,-0.055106,0.008286,0.153126,0.007657
-1.259881,-0.066924,-0.156011,0.870093,0.592443,0.158867,-1.267571,-0.765452,0.313073,1.444708,0.019393,-0.655129,-0.405527,-0.661021,-0.227745,-0.322322,0.054198,0.374766,-0.477248,-0.496776,0.104701,-0.244331,-0.016043,0.328058,0.055375,-0.061025,-0.049120,0.060318,-0.061989
-1.192705,0.020476,-0.127902,0.794538,0.613278,0.168715,-1.352173,-0.748249,0.377918,1.528158,0.015274,-0.655560,-0.409874,-0.672280,-0.222434,-0.314917,0.039027,0.196463,-0.475089,-0.575970,0.108661,-0.190904,-0.000160,0.242669,0.053836,-0.065518,-0.056368,0.054054,-0.049306
-1.058355,0.195277,-0.071684,0.643428,0.654946,0.188410,-1.521377,-0.713842,0.507607,1.695058,0.007036,-0.656422,-0.418569,-0.694799,-0.211811,-0.300105,0.008685,-0.160142,-0.470770,-0.734358,0.116581,-0.084050,0.031607,0.071891,0.050757,-0.074503,-0.070864,0.041525,-0.023940
-0.626277,0.356977,0.092511,0.349514,0.527213,0.075649,-0.928759,-0.459392,0.587160,2.206188,0.009711,-0.624731,-0.466530,-0.445307,-0.168968,-0.302498,-0.045366,-0.660154,-0.429835,-0.785596,0.265333,0.016036,0.122755,0.108733,0.146228,-0.036435,-0.088672,-0.034219,-0.034497
-0.410238,0.437827,0.174609,0.202558,0.463347,0.019268,-0.632451,-0.332167,0.626936,2.461753,0.011049,-0.608885,-0.490511,-0.320561,-0.147547,-0.303695,-0.072391,-0.910160,-0.409367,-0.811214,0.339709,0.066079,0.168328,0.127153,0.193964,-0.017401,-0.097576,-0.072091,-0.039775
-0.089919,0.404057,0.310132,0.002158,0.233601,-0.094834,0.500032,-0.059236,0.440674,3.521495,0.003615,-0.385969,-0.396908,-0.678948,-0.100556,-0.318247,-0.163834,-0.067641,-0.318107,-0.693823,0.248049,0.054295,0.161369,0.138282,0.055122,0.067027,-0.038039,-0.138878,-0.055351
-0.097179,0.293729,0.296480,-0.114529,0.174336,-0.122095,0.637702,-0.046891,0.298464,3.578173,0.000863,-0.328473,-0.311796,-0.600307,-0.080500,-0.307878,-0.186634,-0.032932,-0.296272,-0.653414,0.111092,0.080215,0.069616,0.137247,-0.018308,0.031119,-0.018934,-0.145225,-0.056046
-0.111699,0.073073,0.269175,-0.347905,0.055807,-0.176616,0.913042,-0.022202,0.014046,3.691528,-0.004642,-0.213481,-0.141571,-0.443024,-0.040387,-0.287139,-0.232235,0.036485,-0.252602,-0.572596,-0.162821,0.132054,-0.113890,0.135177,-0.165170,-0.040697,0.019278,-0.157918,-0.057438
-0.084649,0.017227,0.123789,-0.793261,-0.003155,-0.197769,0.564871,-0.128345,-0.105633,3.311118,-0.002193,-0.045323,0.073794,-0.149319,-0.064117,-0.224103,-0.257505,-0.299180,-0.266065,-0.377802,-0.453203,0.045465,-0.345902,0.172245,-0.308063,-0.021705,0.013155,-0.111482,-0.138930
-0.071124,-0.010696,0.051096,-1.015939,-0.032636,-0.208346,0.390785,-0.181417,-0.165472,3.120913,-0.000968,0.038756,0.181476,-0.002467,-0.075982,-0.192585,-0.270140,-0.467012,-0.272797,-0.280405,-0.598394,0.002171,-0.461909,0.190779,-0.379510,-0.012209,0.010094,-0.088264,-0.179677
0.178088,0.081676,-0.144650,-1.850705,-0.059528,-0.147764,-0.203952,-0.304605,-0.160114,1.925676,0.003944,0.251799,0.434492,0.014948,-0.074001,-0.082312,-0.306375,-0.489681,-0.105978,-0.081085,-0.694941,-0.074501,-0.619540,0.087980,0.280078,0.000720,-0.332118,-0.079629,-0.169643
0.184217,0.008960,-0.212325,-2.082853,-0.104754,-0.133519,-0.269221,-0.357011,-0.201561,1.514025,0.056129,0.271259,0.468658,0.148447,-0.100152,-0.048746,-0.311803,-0.326454,-0.084966,-0.072507,-0.689409,-0.045003,-0.595286,0.052357,0.225183,-0.015174,-0.278697,-0.067909,-0.173524
0.196477,-0.136472,-0.347677,-2.547150,-0.195204,-0.105030,-0.399761,-0.461823,-0.284457,0.690722,0.160497,0.310180,0.536990,0.415446,-0.152453,0.018386,-0.322657,0.000000,-0.042942,-0.055350,-0.678347,0.013994,-0.546777,-0.018889,0.115392,-0.046961,-0.171856,-0.044468,-0.181287
0.289634,-0.459466,-0.449051,-2.826361,-0.350468,-0.084512,-0.436561,-0.573629,-0.357857,-0.261309,0.721317,0.304877,0.586016,0.640311,-0.432955,0.073924,-0.305447,0.000000,-0.055092,-0.136092,-0.615900,0.122820,-0.475159,0.056933,0.038218,0.041736,-0.085793,0.064563,-0.109753
0.336213,-0.620962,-0.499738,-2.965966,-0.428100,-0.074253,-0.454962,-0.629532,-0.394557,-0.737325,1.001727,0.302226,0.610529,0.752744,-0.573205,0.101693,-0.296842,0.000000,-0.061166,-0.176463,-0.584677,0.177233,-0.439349,0.094845,-0.000368,0.086085,-0.042761,0.119078,-0.073986
0.336275,-0.675406,-0.621496,-3.230537,-0.449073,-0.026111,-1.096562,-0.893093,-0.485842,-1.875504,0.970250,0.234508,0.733000,0.873682,-0.579974,0.157172,-0.233282,0.000000,-0.111235,-0.294746,-0.564215,0.488605,-0.301085,-0.145329,-0.128923,-0.061354,0.027696,0.008699,-0.001635
0.482985,-0.632949,-0.628883,-3.177999,-0.448625,-0.038446,-1.197936,-0.886317,-0.453684,-2.288580,0.925402,0.198123,0.781068,0.983432,-0.554352,0.173693,-0.204085,0.000000,-0.100320,-0.289950,-0.593342,0.562439,-0.301865,-0.203656,-0.159126,-0.036891,0.056616,-0.068442,-0.011794
0.776405,-0.548035,-0.643659,-3.072921,-0.447730,-0.063114,-1.400684,-0.872763,-0.389369,-3.114731,0.835705,0.125353,0.877204,1.202932,-0.503108,0.206737,-0.145690,0.000000,-0.078490,-0.280357,-0.651596,0.710106,-0.303426,-0.320309,-0.219532,0.012035,0.114454,-0.222724,-0.032111
0.892836,-0.447501,-0.659011,-2.371220,-0.263231,0.016363,-1.343206,-0.997675,-0.373091,-3.466103,0.451854,0.040628,0.964322,1.514781,-0.318197,0.243363,-0.066509,0.000000,-0.143176,-0.247024,-0.729935,0.780296,-0.292461,-0.283390,-0.055984,0.045647,0.053629,-0.232924,0.015953
0.951052,-0.397234,-0.666687,-2.020370,-0.170981,0.056102,-1.314467,-1.060131,-0.364952,-3.641789,0.259929,-0.001734,1.007881,1.670706,-0.225742,0.261676,-0.026918,0.000000,-0.175520,-0.230357,-0.769104,0.815392,-0.286978,-0.264930,0.025790,0.062453,0.023217,-0.238025,0.039985
0.792661,0.642831,-0.412898,0.138102,0.843279,0.291970,-0.752593,-1.074287,0.095462,-1.745428,-1.491567,-0.106994,1.084369,-1.030879,0.630637,0.321024,0.114520,0.000000,-0.399426,-0.110255,-0.818367,0.761762,-0.265381,-0.361189,-0.032753,0.199744,-0.000361,-0.153505,0.006429
0.708439,0.627513,-0.339439,0.373319,0.885739,0.275886,-0.644951,-1.029998,0.113861,-1.420090,-1.508431,-0.120058,1.060564,-1.321866,0.654411,0.350292,0.158167,0.000000,-0.426473,-0.031034,-0.745879,0.705872,-0.213634,-0.352262,0.002811,0.138059,0.023610,-0.167663,0.021138
0.539996,0.596876,-0.192520,0.843754,0.970658,0.243720,-0.429668,-0.941420,0.150660,-0.769413,-1.542158,-0.146186,1.012955,-1.903841,0.701959,0.408828,0.245461,0.000000,-0.480568,0.127407,-0.600902,0.594091,-0.110139,-0.334409,0.073940,0.014688,0.071553,-0.195981,0.050556
-0.014387,0.017831,-0.296884,0.057615,0.257180,-0.031980,-1.063932,-1.014277,0.003025,-0.423551,-0.491740,-0.171216,0.825660,-1.382415,0.254748,0.457582,0.303459,3.903696,-0.419517,0.258357,-0.257729,0.431252,0.107546,-0.436960,0.127460,0.058059,0.039451,-0.156903,0.087383
-0.291579,-0.271692,-0.349067,-0.335455,-0.099558,-0.169831,-1.381065,-1.050705,-0.070792,-0.250620,0.033470,-0.183730,0.732013,-1.121702,0.031143,0.481959,0.332457,5.855544,-0.388991,0.323832,-0.086142,0.349832,0.216388,-0.488236,0.154220,0.079745,0.023400,-0.137365,0.105797
0.307072,-0.514076,-0.309695,-0.204827,-0.216808,-0.130416,-1.200350,-1.076587,-0.073622,-1.529798,0.379938,-0.164375,0.543968,-0.895015,-0.074740,0.525076,0.398935,1.797372,-0.412859,0.627676,0.104803,0.027755,0.388654,-0.063384,0.083899,0.009795,0.053504,0.055736,0.190791
0.287041,-0.517689,-0.273376,-0.222830,-0.308029,-0.174786,-1.135853,-1.038602,-0.048356,-1.452813,0.491655,-0.152216,0.485815,-0.754322,-0.103681,0.532487,0.408521,1.683716,-0.355216,0.626517,0.148066,-0.066148,0.417652,-0.144625,0.091703,-0.021073,0.082583,0.056257,0.221841
0.246980,-0.524914,-0.200738,-0.258837,-0.490470,-0.263526,-1.006857,-0.962632,0.002177,-1.298844,0.715089,-0.127899,0.369508,-0.472935,-0.161564,0.547310,0.427694,1.456403,-0.239930,0.624198,0.234591,-0.253955,0.475647,-0.307107,0.107310,-0.082809,0.140741,0.057299,0.283940
0.369022,-0.436635,-0.051995,-0.242078,-0.534156,-0.298205,-0.547437,-0.763512,0.069032,-1.306200,0.767319,-0.049060,0.260655,-0.274363,-0.166391,0.518483,0.405751,1.537943,-0.199921,0.664291,0.337003,-0.402771,0.518869,-0.081759,0.118251,-0.062489,0.110127,0.187356,0.252998
0.430043,-0.392495,0.022377,-0.233699,-0.556000,-0.315545,-0.317727,-0.663952,0.102460,-1.309878,0.793434,-0.009640,0.206229,-0.175077,-0.168804,0.504070,0.394779,1.578713,-0.179916,0.684337,0.388209,-0.477179,0.540479,0.030915,0.123722,-0.052330,0.094821,0.252385,0.237527
0.657436,-0.437139,0.280830,-0.106118,-0.330080,-0.162464,0.033917,-0.309373,-0.014236,-1.776538,0.662539,0.222129,0.027435,-0.134254,0.024977,0.422929,0.289747,0.802899,0.001155,0.757157,0.544807,-0.627873,0.513217,0.040605,-0.021657,-0.071161,0.091992,0.228136,0.169403
0.648450,-0.428776,0.304368,-0.067143,-0.236570,-0.131371,-0.033982,-0.205980,-0.035691,-1.755676,0.588876,0.319041,-0.026691,-0.138709,0.094557,0.397195,0.251242,0.591385,0.022542,0.810250,0.553450,-0.651984,0.456427,0.113971,-0.047660,-0.071872,0.072938,0.292237,0.173310
0.630478,-0.412051,0.351444,0.010807,-0.049549,-0.069186,-0.169779,0.000806,-0.078602,-1.713953,0.441550,0.512864,-0.134944,-0.147619,0.233715,0.345726,0.174230,0.168359,0.065317,0.916436,0.570737,-0.700207,0.342847,0.260704,-0.099666,-0.073293,0.034829,0.420438,0.181126
0.504860,-0.425622,0.324715,-0.072008,-0.164606,-0.182869,-0.057897,0.046447,-0.069386,-1.483281,0.483903,0.581137,-0.157711,0.019846,0.234379,0.305060,0.141631,0.125653,0.140669,0.832438,0.348890,-0.664203,0.168768,-0.003396,-0.087897,-0.168479,-0.018888,0.376225,-0.004023
0.442052,-0.432407,0.311350,-0.113415,-0.222134,-0.239710,-0.001956,0.069267,-0.064778,-1.367945,0.505080,0.615273,-0.169095,0.103578,0.234712,0.284727,0.125331,0.104300,0.178345,0.790440,0.237967,-0.646201,0.081729,-0.135446,-0.082013,-0.216072,-0.045747,0.354118,-0.096597
0.365934,-0.485070,0.219026,-0.213146,-0.322807,-0.346640,0.194476,0.224184,-0.028154,-1.299182,0.522795,0.728719,-0.226097,0.405854,0.365971,0.134020,0.078732,0.072055,0.358487,0.913176,-0.107675,-0.486907,-0.133438,-0.181452,0.041670,-0.076562,-0.011823,0.271748,-0.133472
0.415243,-0.412371,0.212418,-0.212058,-0.293276,-0.348202,0.251826,0.265570,0.019915,-1.268164,0.484454,0.785065,-0.221550,0.476083,0.416646,0.088212,0.059268,0.040588,0.436079,0.849316,-0.171154,-0.389742,-0.184085,-0.203399,-0.007917,-0.099556,-0.029740,0.239060,-0.178997
0.513861,-0.266974,0.199201,-0.209882,-0.234213,-0.351325,0.366525,0.348342,0.116053,-1.206128,0.407772,0.897757,-0.212454,0.616540,0.517997,-0.003404,0.020339,-0.022347,0.591263,0.721595,-0.298111,-0.195411,-0.285380,-0.247293,-0.107090,-0.145545,-0.065573,0.173686,-0.270048
0.462677,-0.248663,0.208105,-0.234639,-0.162824,-0.346150,0.464982,0.519770,0.108491,-1.087047,0.289011,0.862794,-0.271645,0.656994,0.636969,-0.094430,-0.051225,-0.037465,0.762222,0.291054,-0.171611,0.054179,-0.319436,-0.338385,0.178087,-0.039619,-0.201322,0.079690,-0.129041
0.437086,-0.239508,0.212557,-0.247018,-0.127130,-0.343563,0.514211,0.605484,0.104710,-1.027507,0.229631,0.845312,-0.301240,0.677221,0.696455,-0.139942,-0.087008,-0.045024,0.847702,0.075783,-0.108361,0.178975,-0.336463,-0.383931,0.320675,0.013344,-0.269197,0.032693,-0.058537
0.356898,-0.251462,0.248263,-0.218728,0.040927,-0.328006,0.695707,0.912069,0.086673,-0.884374,0.061286,0.695096,-0.293734,0.653629,0.805910,-0.302054,-0.187528,-0.133708,0.917047,-0.372412,0.001391,0.626425,-0.411741,-0.011768,-0.212185,0.135649,-0.090162,-0.393617,-0.193348
0.215891,-0.267721,0.241138,-0.183263,0.075025,-0.328568,0.728513,0.969415,0.076506,-0.621170,0.035784,0.651910,-0.272364,0.518535,0.841838,-0.322419,-0.180396,-0.148552,0.901308,-0.494948,-0.020108,0.702074,-0.406771,0.103598,-0.209656,0.162550,-0.077736,-0.502502,-0.189523
-0.066122,-0.300240,0.226888,-0.112333,0.143223,-0.329692,0.794125,1.084108,0.056173,-0.094761,-0.015221,0.565538,-0.229623,0.248348,0.913695,-0.363148,-0.166133,-0.178239,0.869829,-0.740020,-0.063107,0.853372,-0.396831,0.334329,-0.204597,0.216352,-0.052883,-0.720272,-0.181873
-0.017891,-0.227237,0.212586,-0.072646,0.246924,-0.302354,0.826413,1.298708,0.094259,-0.068217,-0.103752,0.514783,-0.180103,0.212694,0.948740,-0.402586,-0.142485,-0.162844,1.160311,-0.734057,-0.119133,0.868866,-0.363631,0.445378,-0.180573,0.307249,-0.028046,-0.891422,-0.136440
0.006224,-0.190735,0.205436,-0.052802,0.298775,-0.288685,0.842557,1.406009,0.113302,-0.054944,-0.148018,0.489405,-0.155342,0.194868,0.966263,-0.422306,-0.130661,-0.155147,1.305552,-0.731075,-0.147146,0.876614,-0.347031,0.500903,-0.168561,0.352697,-0.015627,-0.976997,-0.113723
0.104747,-0.230804,0.225602,0.016024,0.365915,-0.202668,0.928475,1.722833,0.237923,-0.054306,0.117920,0.443028,-0.220749,0.156510,1.031355,-0.507223,-0.143905,-0.095665,1.893620,-0.299218,-0.084828,0.726618,-0.269127,0.271114,-0.234717,0.367601,0.103966,-0.920631,-0.033284
0.116126,-0.275072,0.239397,0.019891,0.337275,-0.161642,0.967131,1.666956,0.256958,-0.053055,0.253024,0.425676,-0.226959,0.129605,1.032505,-0.533302,-0.160404,-0.082484,2.243778,-0.183330,-0.096173,0.646182,-0.247232,0.202691,-0.277639,0.320189,0.089398,-0.750794,-0.015391
0.138884,-0.363607,0.266987,0.027623,0.279995,-0.079590,1.044443,1.555202,0.295028,-0.050554,0.523231,0.390971,-0.239378,0.075797,1.034806,-0.585461,-0.193401,-0.056122,2.944094,0.048446,-0.118865,0.485312,-0.203440,0.065845,-0.363484,0.225366,0.060263,-0.411119,0.020395
0.156523,-0.097520,0.447500,0.098855,0.377064,-0.045499,1.239529,0.838622,0.336528,0.000550,0.117665,0.331777,-0.232180,0.030288,1.277620,-0.565995,-0.206790,-0.133055,2.744285,0.334180,-0.035541,0.337163,-0.158989,-0.098402,-0.296395,0.108759,0.074456,-0.375957,-0.054196
0.165343,0.035524,0.537756,0.134472,0.425598,-0.028454,1.337072,0.480332,0.357277,0.026102,-0.085118,0.302180,-0.228581,0.007534,1.399027,-0.556262,-0.213485,-0.171522,2.644380,0.477047,0.006121,0.263089,-0.136764,-0.180526,-0.262850,0.050456,0.081552,-0.358376,-0.091491
-0.076375,-0.167153,0.875193,0.454887,0.204490,0.220334,1.655045,-1.417556,0.226911,0.101416,0.451608,0.219070,-0.151509,-0.005397,1.556523,-0.434102,-0.180614,-0.320075,0.000000,1.697854,-0.065335,-0.112889,-0.045798,-2.031093,-0.113980,-0.206078,0.019281,-0.660817,-0.054802
0.051393,-0.491738,0.642150,0.413544,-0.572445,0.239068,1.391664,-1.424304,0.290075,0.032583,2.018027,0.158903,-0.138600,0.044570,0.097979,-0.350402,-0.177283,-0.269458,0.000000,1.501086,-0.066143,-0.165446,0.009306,-1.621892,-0.058753,-0.214605,0.019937,-0.452388,-0.027402
0.306928,-1.140910,0.176063,0.330857,-2.126315,0.276536,0.864903,-1.437798,0.416401,-0.105082,5.150865,0.038568,-0.112781,0.144502,-2.819109,-0.183003,-0.170621,-0.168223,0.000000,1.107550,-0.067760,-0.270560,0.119514,-0.803489,0.051701,-0.231658,0.021249,-0.035531,0.027398
0.346043,-0.358723,0.046940,0.272203,-2.709348,0.219903,0.700190,-2.204677,0.431071,-0.117993,4.565649,-0.146931,-0.059241,0.151689,-2.634868,-0.002927,-0.169711,-0.150811,0.000000,0.198619,-0.043516,-0.301120,0.115632,0.555222,0.156950,0.037710,0.022798,0.581620,0.048840
0.365600,0.032371,-0.017622,0.242876,-3.000864,0.191586,0.617833,-2.588117,0.438406,-0.124448,4.273041,-0.239681,-0.032471,0.155282,-2.542747,0.087111,-0.169256,-0.142105,0.000000,-0.255847,-0.031394,-0.316401,0.113692,1.234577,0.209574,0.172394,0.023573,0.890196,0.059561
0.434831,0.945475,-0.127136,0.246350,-3.152721,0.189393,0.488892,-2.564004,0.459475,-0.128573,3.175701,-0.361502,-0.067914,0.160291,-2.013732,0.238776,-0.209983,-0.120565,-0.163488,-0.906195,0.234797,-0.277140,0.237579,1.494410,0.331112,-0.040531,-0.032185,1.305258,0.120293
0.366403,0.879811,-0.079631,0.271574,-3.022881,0.191808,0.530186,-2.237841,0.412506,-0.103044,2.889231,-0.368061,-0.070851,0.147638,-1.798775,0.270506,-0.218127,-0.105053,-1.201484,-0.831323,0.265263,-0.308130,0.247875,1.181580,0.277267,-0.131896,-0.012627,1.193028,0.136197
0.229547,0.748483,0.015380,0.322024,-2.763200,0.196639,0.612774,-1.585516,0.318569,-0.051985,2.316290,-0.381178,-0.076724,0.122332,-1.368860,0.333965,-0.234416,-0.074029,-3.277476,-0.681580,0.326196,-0.370109,0.268466,0.555921,0.169578,-0.314624,0.026489,0.968567,0.168007
0.089780,0.351589,-0.044842,0.301735,-2.462218,0.141363,0.434287,-0.419974,0.248245,0.063235,1.782572,-0.348654,-0.031709,0.069755,-0.978011,0.346273,-0.222319,-0.121084,-3.224290,-0.143121,0.265130,-0.460339,0.242606,0.091055,0.140748,-0.260105,0.102799,0.519994,0.152738
0.019897,0.153142,-0.074953,0.291591,-2.311727,0.113725,0.345044,0.162798,0.213084,0.120845,1.515713,-0.332392,-0.009202,0.043467,-0.782587,0.352428,-0.216270,-0.144611,-3.197697,0.126109,0.234597,-0.505453,0.229676,-0.141377,0.126333,-0.232846,0.140954,0.295707,0.145103
0.041650,-0.113162,-0.085750,0.270322,-1.612739,0.102566,0.271676,1.438606,0.139827,0.048780,0.311590,-0.304339,0.096032,0.041311,-0.312908,0.312553,-0.199862,-0.349892,-1.766795,0.492759,0.108633,-0.563686,0.226790,-0.361930,0.242471,-0.020039,0.019560,-0.147045,0.050025
0.009578,-0.210762,-0.071871,0.253133,-1.374562,0.090821,0.268672,1.788203,0.074164,0.032648,-0.069340,-0.307355,0.104872,0.057479,-0.258652,0.290911,-0.190091,-0.311249,-1.426840,0.465794,0.109493,-0.502895,0.242313,-0.316326,0.268534,-0.019071,0.017033,-0.102027,0.063784
-0.054565,-0.405963,-0.044111,0.218757,-0.898208,0.067330,0.262664,2.487395,-0.057161,0.000385,-0.831200,-0.313388,0.122551,0.089816,-0.150139,0.247626,-0.170550,-0.233961,-0.746932,0.411862,0.111213,-0.381314,0.273360,-0.225118,0.320661,-0.017135,0.011980,-0.011991,0.091300
-0.085946,-0.516875,0.045323,0.167542,-0.542041,0.059622,0.320830,2.958579,-0.171826,-0.069975,-1.340017,-0.281355,0.142261,0.104211,-0.099640,0.185201,-0.150821,-0.161375,-0.587990,0.352426,0.095052,-0.322090,0.284508,0.014986,0.281567,-0.032366,0.012036,0.225703,0.041453
-0.101636,-0.572331,0.090040,0.141935,-0.363958,0.055768,0.349913,3.194171,-0.229159,-0.105156,-1.594425,-0.265339,0.152115,0.111409,-0.074391,0.153988,-0.140956,-0.125082,-0.508519,0.322707,0.086972,-0.292479,0.290083,0.135037,0.262020,-0.039982,0.012065,0.344549,0.016530
-0.093319,-0.400478,0.091155,0.195061,-0.101613,0.067741,0.329885,3.119081,-0.280099,-0.138632,-1.992990,-0.186580,0.113974,0.097189,0.462796,0.081750,-0.102650,-0.271185,-0.488568,0.352889,0.066583,-0.316225,0.255693,-0.004117,0.126751,0.005053,0.039517,0.362923,0.104860
-0.130354,-0.388009,0.117846,0.184267,-0.101506,0.030154,0.343626,3.037651,-0.321349,-0.098047,-1.977372,-0.164020,0.120047,0.078674,0.543273,0.069499,-0.085465,-0.288622,-0.501015,0.323315,0.057129,-0.293398,0.233672,0.028525,0.111965,-0.046916,0.030866,0.339832,0.096996
-0.204425,-0.363070,0.171229,0.162679,-0.101293,-0.045020,0.371107,2.874793,-0.403849,-0.016877,-1.946136,-0.118898,0.132193,0.041642,0.704227,0.044999,-0.051096,-0.323496,-0.525907,0.264165,0.038221,-0.247743,0.189629,0.093808,0.082393,-0.150855,0.013565,0.293649,0.081269
-0.259911,-0.393498,0.113166,0.146565,-0.057395,-0.130526,0.300542,2.862179,-0.434043,-0.008616,-1.639884,-0.111664,0.132747,0.046765,0.566299,0.049642,-0.027776,-0.358470,-0.526420,0.183350,-0.056890,-0.244715,0.048063,0.002646,-0.035239,-0.052999,0.045629,0.144837,0.071760
-0.287654,-0.408711,0.084135,0.138508,-0.035446,-0.173279,0.265260,2.855872,-0.449139,-0.004485,-1.486757,-0.108047,0.133024,0.049327,0.497335,0.051963,-0.016116,-0.375956,-0.526676,0.142942,-0.104445,-0.243201,-0.022720,-0.042934,-0.094055,-0.004072,0.061662,0.070431,0.067006
-0.159695,0.646210,0.043525,0.210559,0.623251,-0.242553,0.146810,2.828669,-0.319285,0.001127,-2.474551,-0.090297,0.104178,0.047498,1.021479,0.131970,0.045385,-0.404135,3.115460,-0.109044,-0.140081,-0.188363,-0.095179,-0.126165,0.007490,-0.067276,-0.047183,-0.084348,-0.061363
-0.152226,0.824592,0.033532,0.237246,0.676146,-0.244986,0.164239,2.368351,-0.345638,-0.001242,-2.623483,-0.075019,0.076792,0.056845,1.030097,0.132205,0.070722,-0.434714,3.461021,-0.179288,-0.122762,-0.111403,-0.071982,-0.051922,-0.002379,-0.061814,-0.026203,-0.070345,-0.056831
-0.137287,1.181354,0.013547,0.290620,0.781935,-0.249850,0.199097,1.447715,-0.398346,-0.005979,-2.921349,-0.044461,0.022019,0.075540,1.047333,0.132675,0.121398,-0.495870,4.152144,-0.319775,-0.088123,0.042515,-0.025588,0.096564,-0.022115,-0.050889,0.015756,-0.042338,-0.047768
-0.138611,1.104464,0.045947,0.415634,0.493928,-0.197254,0.195935,-0.180075,-0.399616,0.000883,-2.444941,-0.015565,-0.023560,0.079532,0.846243,0.113527,0.184741,-0.513388,3.150202,-0.256156,-0.146813,0.146730,0.011898,0.046683,-0.052684,0.014103,0.018994,-0.115106,-0.015950
-0.139274,1.066018,0.062147,0.478141,0.349925,-0.170956,0.194355,-0.993970,-0.400251,0.004314,-2.206737,-0.001117,-0.046349,0.081528,0.745698,0.103953,0.216412,-0.522147,2.649231,-0.224347,-0.176159,0.198838,0.030642,0.021743,-0.067968,0.046600,0.020613,-0.151490,-0.000041
-0.121982,0.596859,0.042625,0.753648,0.737731,0.029335,0.197588,-0.681856,-0.314358,0.027947,-1.295710,-0.041659,-0.186548,0.147229,0.026986,0.022236,0.233101,-0.452878,0.557058,-0.151305,-0.145935,0.271779,0.084647,-0.054912,-0.114890,0.154334,0.038152,-0.148562,-0.056762
-0.100399,0.565670,0.030394,0.838593,0.828661,0.087061,0.171130,-0.641451,-0.260867,0.038297,-1.163760,-0.050782,-0.209714,0.163699,-0.007484,-0.002017,0.223873,-0.449342,0.272580,-0.098130,-0.137690,0.298138,0.066440,-0.069431,-0.063268,0.107175,0.018177,-0.123358,-0.066621
-0.057233,0.503291,0.005932,1.008482,1.010520,0.202512,0.118216,-0.560642,-0.153884,0.058997,-0.899861,-0.069029,-0.256046,0.196638,-0.076423,-0.050523,0.205416,-0.442269,-0.296376,0.008222,-0.121200,0.350854,0.030026,-0.098468,0.039977,0.012858,-0.021772,-0.072950,-0.086337
-0.035702,0.532770,-0.068704,1.112645,1.117496,0.312177,0.083693,-0.551074,-0.109167,0.072533,-0.862649,-0.039689,-0.318342,0.211647,-0.062258,-0.097002,0.149319,-0.469321,-0.392717,0.066173,-0.043367,0.329740,0.057054,-0.188054,0.014069,-0.022795,-0.021832,-0.146399,-0.088282
-0.024937,0.547509,-0.106021,1.164726,1.170985,0.367009,0.066431,-0.546290,-0.086808,0.079301,-0.844043,-0.025019,-0.349490,0.219151,-0.055176,-0.120241,0.121271,-0.482847,-0.440887,0.095149,-0.004451,0.319183,0.070567,-0.232847,0.001116,-0.040622,-0.021862,-0.183123,-0.089255
-0.116933,0.422875,-0.138443,1.244460,1.219699,0.482151,0.070370,-0.514032,-0.126434,0.162755,-0.756796,0.067188,-0.356581,0.173255,-0.043026,-0.251784,0.008992,-0.524519,-0.482732,0.245579,-0.008708,0.175188,-0.005032,-0.077073,-0.162427,0.034375,0.004979,-0.083110,0.008018
-0.251127,0.375428,-0.124159,1.328814,1.205107,0.502584,0.031573,-0.514138,-0.129206,0.481587,-0.664258,0.068407,-0.318577,0.019972,-0.084672,-0.302238,-0.044755,-0.552378,-0.496914,0.309470,-0.032581,0.127996,-0.064443,-0.015535,-0.156750,0.064120,-0.008103,-0.083245,-0.019653
-0.519516,0.280535,-0.095591,1.497523,1.175923,0.543450,-0.046023,-0.514350,-0.134748,1.119253,-0.479181,0.070845,-0.242567,-0.286594,-0.167962,-0.403147,-0.152248,-0.608096,-0.525277,0.437250,-0.080327,0.033613,-0.183266,0.107540,-0.145398,0.123611,-0.034267,-0.083515,-0.074993
-0.532075,0.369324,-0.145475,1.616444,1.236037,0.632340,-0.166389,-0.556039,-0.084729,1.254942,-0.499518,0.072160,-0.223450,-0.313127,-0.184891,-0.446848,-0.235420,-0.769258,-0.615771,0.511086,-0.047240,-0.036815,-0.202020,0.123493,-0.150251,0.063888,-0.044872,-0.084972,-0.120799
-0.538355,0.413719,-0.170417,1.675904,1.266094,0.676785,-0.226572,-0.576883,-0.059720,1.322786,-0.509687,0.072818,-0.213891,-0.326393,-0.193355,-0.468699,-0.277006,-0.849840,-0.661018,0.548004,-0.030697,-0.072030,-0.211397,0.131469,-0.152678,0.034027,-0.050175,-0.085701,-0.143702
-0.479033,0.634742,-0.198153,1.813547,1.401232,0.768714,-0.319410,-0.635836,0.088396,1.396857,-0.728078,0.025277,-0.207595,-0.350278,-0.101007,-0.457228,-0.311526,-0.938925,-0.569453,0.542191,-0.065950,-0.133020,-0.175967,-0.016811,-0.025065,-0.068388,-0.072422,-0.043672,-0.169639
-0.527152,0.586014,-0.162620,1.823001,1.424135,0.773136,-0.323420,-0.613410,0.047999,1.405828,-0.751472,-0.002900,-0.206325,-0.339964,-0.072979,-0.433981,-0.295026,-0.900032,-0.586042,0.428198,-0.064635,-0.126019,-0.136751,0.023756,0.023050,-0.056311,-0.052705,0.013980,-0.153125
-0.623391,0.488557,-0.091553,1.841910,1.469941,0.781979,-0.331441,-0.568560,-0.032794,1.423771,-0.798260,-0.059252,-0.203786,-0.319336,-0.016923,-0.387487,-0.262025,-0.822247,-0.619218,0.200213,-0.062004,-0.112016,-0.058318,0.104888,0.119281,-0.032157,-0.013270,0.129283,-0.120097
-0.511805,0.487776,0.007702,1.763200,1.441929,0.716462,-0.250823,-0.459077,-0.024088,1.343016,-0.796735,-0.063304,-0.214124,-0.247349,-0.011247,-0.295067,-0.197238,-0.746784,-0.592612,0.041377,-0.007375,-0.143151,0.033685,0.155138,0.122851,-0.033775,-0.004853,0.034273,-0.046282
-0.456011,0.487386,0.057329,1.723844,1.427923,0.683704,-0.210514,-0.404335,-0.019736,1.302638,-0.795973,-0.065330,-0.219293,-0.211356,-0.008409,-0.248856,-0.164844,-0.709053,-0.579309,-0.038041,0.019940,-0.158719,0.079687,0.180263,0.124635,-0.034584,-0.000644,-0.013232,-0.009375
-0.490024,0.161765,0.074447,1.524625,1.172524,0.508820,-0.376060,-0.274291,0.033699,1.263712,-0.133760,-0.179866,-0.251980,0.029963,-0.309019,-0.130639,-0.082023,-0.655579,-0.541795,-0.198938,0.028419,-0.155733,0.046481,0.276475,0.030547,0.050632,0.034005,-0.038278,0.013331
-0.497015,0.162559,0.073305,1.404555,1.079270,0.430466,-0.474249,-0.263880,0.066871,1.220097,-0.092145,-0.214128,-0.260524,0.147148,-0.315559,-0.094773,-0.062132,-0.577148,-0.522223,-0.221474,0.069588,-0.151711,0.034287,0.283864,0.049607,0.014666,0.025411,-0.041671,0.021704
-0.510995,0.164149,0.071022,1.164417,0.892763,0.273757,-0.670627,-0.243058,0.133215,1.132868,-0.008914,-0.282650,-0.277611,0.381519,-0.328640,-0.023042,-0.022349,-0.420285,-0.483079,-0.266545,0.151927,-0.143666,0.009899,0.298643,0.087726,-0.057266,0.008223,-0.048456,0.038450
-0.526262,0.134568,0.077213,0.906871,0.716117,0.096008,-0.668886,-0.230282,0.145171,0.967701,0.003997,-0.339041,-0.273248,0.527304,-0.322192,0.055856,0.034760,-0.140095,-0.504367,-0.299947,0.167023,-0.113285,-0.033636,0.139440,0.024614,-0.065712,0.014738,0.070223,0.043400
-0.533895,0.119778,0.080308,0.778098,0.627794,0.007134,-0.668016,-0.223894,0.151149,0.885118,0.010452,-0.367236,-0.271066,0.600197,-0.318968,0.095305,0.063314,0.000000,-0.515010,-0.316647,0.174571,-0.098094,-0.055404,0.059839,-0.006942,-0.069935,0.017995,0.129563,0.045875
-0.518947,0.098117,0.038343,0.722911,0.565887,-0.113091,-0.516152,-0.261894,0.108005,0.751717,0.001579,-0.299775,-0.350545,0.545687,-0.307056,0.219020,0.193370,0.000000,-0.491337,-0.212933,0.446988,-0.124208,0.061183,0.078874,-0.058945,-0.005594,0.011118,0.211512,0.019216
-0.551942,0.094573,0.016342,0.735115,0.558977,-0.122030,-0.484414,-0.296113,0.110659,0.774008,-0.002568,-0.320368,-0.353752,0.421447,-0.309081,0.239847,0.222497,0.078621,-0.494329,-0.257448,0.431163,-0.101081,0.056206,0.055385,-0.057842,-0.016595,0.027603,0.183993,0.040145
-0.617932,0.087483,-0.027660,0.759525,0.545158,-0.139910,-0.420938,-0.364549,0.115966,0.818590,-0.010862,-0.361553,-0.360165,0.172966,-0.313129,0.281501,0.280751,0.235863,-0.500311,-0.346477,0.399513,-0.054828,0.046252,0.008406,-0.055636,-0.038597,0.060571,0.128956,0.082004
-0.749074,0.100480,-0.090911,0.745010,0.498589,-0.101963,-0.294683,-0.462062,0.159091,1.027841,-0.003867,-0.411035,-0.326122,-0.311598,-0.318875,0.277358,0.284538,1.243833,-0.461867,-0.404931,0.272726,-0.029725,-0.003303,-0.010896,-0.118023,-0.039880,0.021845,0.076577,0.059080
-0.814645,0.106978,-0.122536,0.737752,0.475304,-0.082989,-0.231556,-0.510819,0.180654,1.132466,-0.000370,-0.435776,-0.309101,-0.553880,-0.321748,0.275287,0.286431,1.747819,-0.442645,-0.434158,0.209332,-0.017173,-0.028081,-0.020547,-0.149216,-0.040522,0.002483,0.050388,0.047618
-0.749230,0.169266,-0.136677,0.385382,0.563742,0.088801,-0.967678,-0.527125,0.309776,1.063378,-0.007761,-0.487033,-0.361434,-1.465543,-0.293049,0.210190,0.207762,1.797380,-0.444420,-0.471523,0.167547,0.003519,-0.028600,-0.128957,-0.110286,0.084769,-0.058387,-0.036271,0.037969
-0.657210,0.218001,-0.124880,-0.058396,0.563534,0.127246,-1.714906,-0.509070,0.361131,0.872229,-0.009309,-0.484151,-0.394662,-1.284785,-0.279985,0.160409,0.154795,0.936274,-0.440315,-0.473012,0.241368,0.044321,0.009120,-0.107655,-0.030243,0.023763,-0.069325,0.004037,0.023306
-0.473169,0.315472,-0.101286,-0.945953,0.563118,0.204135,-3.209360,-0.472961,0.463840,0.489931,-0.012405,-0.478388,-0.461116,-0.923267,-0.253855,0.060847,0.048862,-0.785938,-0.432105,-0.475990,0.389012,0.125924,0.084558,-0.065051,0.129842,-0.098250,-0.091199,0.084653,-0.006019
-0.375119,0.408673,-0.069184,-1.359742,0.451089,0.164951,-3.269739,-0.407943,0.545669,1.189849,-0.001177,-0.486868,-0.424893,-0.832480,-0.216817,-0.008885,-0.001754,-0.759689,-0.419936,-0.533909,0.273089,0.147647,0.132387,-0.206505,-0.024502,0.016094,-0.030901,-0.024581,-0.000272
-0.326094,0.455273,-0.053133,-1.566637,0.395074,0.145359,-3.299928,-0.375434,0.586584,1.539808,0.004437,-0.491108,-0.406782,-0.787087,-0.198298,-0.043751,-0.027062,-0.746565,-0.413851,-0.562869,0.215127,0.158508,0.156301,-0.277232,-0.101674,0.073267,-0.000752,-0.079198,0.002602
-0.308123,0.313254,-0.066557,-1.490375,0.216669,0.051169,-1.638333,-0.396237,0.418236,2.651836,0.036659,-0.361393,-0.242157,-0.914023,-0.159711,-0.203940,-0.103626,-0.059024,-0.353887,-0.382209,0.093509,0.182362,0.062124,-0.023086,0.110401,0.057389,-0.036805,-0.036854,-0.019878
-0.241119,0.260761,-0.074233,-1.481697,0.151889,0.027713,-1.119480,-0.396735,0.338232,2.673290,0.035349,-0.318569,-0.172780,-0.873851,-0.153833,-0.229431,-0.114879,-0.004448,-0.339857,-0.417676,0.002701,0.141151,0.039862,-0.033453,0.102774,0.046527,-0.025812,-0.056335,-0.018784
-0.107110,0.155777,-0.089584,-1.464341,0.022329,-0.019199,-0.081776,-0.397731,0.178225,2.716198,0.032730,-0.232920,-0.034026,-0.793507,-0.142076,-0.280412,-0.137385,0.104703,-0.311799,-0.488609,-0.178916,0.058730,-0.004660,-0.054187,0.087520,0.024803,-0.003827,-0.095298,-0.016596
0.060359,0.081661,-0.151347,-1.572546,-0.075848,-0.071492,0.491969,-0.425818,0.061637,2.333962,0.016044,-0.182456,0.072118,-0.417532,-0.106859,-0.287080,-0.149431,-0.109787,-0.304600,-0.614260,-0.242904,-0.026863,-0.033129,0.042395,0.036578,0.015961,-0.027575,-0.096333,-0.042266
0.144093,0.044603,-0.182229,-1.626649,-0.124937,-0.097638,0.778841,-0.439862,0.003343,2.142844,0.007701,-0.157224,0.125189,-0.229544,-0.089250,-0.290413,-0.155454,-0.217032,-0.301000,-0.677086,-0.274898,-0.069659,-0.047364,0.090686,0.011107,0.011541,-0.039449,-0.096851,-0.055101
0.459998,0.029495,-0.238813,-2.024043,-0.160647,-0.133625,0.779190,-0.581584,-0.083623,1.104723,-0.003041,-0.082812,0.389046,0.466291,-0.149899,-0.252772,-0.134706,-1.278194,-0.311294,-0.772523,-0.487491,-0.177391,-0.212134,0.255606,0.000116,0.025422,-0.016176,-0.111083,-0.096336
0.477204,-0.002839,-0.301161,-2.250360,-0.186980,-0.122334,0.587952,-0.637099,-0.125077,0.733511,0.010804,-0.057124,0.420623,0.455393,-0.144949,-0.243594,-0.128172,-1.118467,-0.297437,-0.752842,-0.474792,-0.176753,-0.184146,0.310641,0.075903,-0.001803,-0.049537,-0.089744,-0.055965
0.511614,-0.067507,-0.425857,-2.702994,-0.239648,-0.099754,0.205477,-0.748128,-0.207984,-0.008914,0.038494,-0.005749,0.483777,0.433598,-0.135049,-0.225238,-0.115104,-0.799012,-0.269722,-0.713480,-0.449393,-0.175477,-0.128170,0.420712,0.227476,-0.056253,-0.116259,-0.047067,0.024777
0.555852,-0.160750,-0.469164,-2.883456,-0.267077,-0.064338,0.013161,-0.873167,-0.288143,-0.738482,0.090398,0.001691,0.558822,0.476778,-0.144412,-0.215825,-0.097640,-0.266337,-0.242660,-0.643720,-0.462305,-0.140697,-0.125035,0.277656,0.019664,0.011002,-0.013270,-0.072393,-0.016225
0.577971,-0.207371,-0.490817,-2.973687,-0.280792,-0.046630,-0.082996,-0.935686,-0.328222,-1.103266,0.116351,0.005411,0.596345,0.498368,-0.149093,-0.211119,-0.088907,0.000000,-0.229129,-0.608840,-0.468761,-0.123307,-0.123467,0.206128,-0.084242,0.044629,0.038224,-0.085056,-0.036726
0.834559,-0.410119,-0.515203,-2.515105,-0.293644,0.003133,0.233485,-0.941613,-0.396016,-2.117409,0.351259,0.007043,0.608011,0.570865,-0.243262,-0.182576,-0.048017,0.000000,-0.221338,-0.412754,-0.361694,0.062957,-0.047132,0.057234,-0.089807,-0.033567,0.033828,-0.058282,-0.028323
0.886656,-0.544002,-0.542358,-2.356293,-0.348883,0.007474,0.354941,-0.991054,-0.462840,-2.531926,0.485235,-0.004211,0.624759,0.728848,-0.313794,-0.171008,-0.034154,0.000000,-0.209137,-0.363201,-0.372303,0.116807,-0.058428,0.019344,-0.032873,-0.027477,0.020750,-0.084330,0.003950
0.990849,-0.811766,-0.596669,-2.038669,-0.459362,0.016156,0.597853,-1.089937,-0.596488,-3.360960,0.753187,-0.026719,0.658255,1.044814,-0.454856,-0.147872,-0.006429,0.000000,-0.184733,-0.264094,-0.393521,0.224508,-0.081021,-0.056438,0.080993,-0.015296,-0.005406,-0.136424,0.068494
1.034020,-0.652223,-0.585464,-1.403367,-0.207484,0.094555,0.764036,-1.147037,-0.604191,-3.688458,0.230705,-0.088389,0.696574,0.930867,-0.195480,-0.105265,0.029425,0.000000,-0.243523,-0.328044,-0.458533,0.331284,-0.109745,-0.045780,0.034687,-0.019485,0.007765,-0.081499,0.058111
1.055605,-0.572452,-0.579861,-1.085716,-0.081545,0.133755,0.847127,-1.175587,-0.608042,-3.852206,-0.030536,-0.119224,0.715734,0.873893,-0.065791,-0.083962,0.047353,0.000000,-0.272918,-0.360019,-0.491039,0.384672,-0.124108,-0.040451,0.011534,-0.021580,0.014350,-0.054036,0.052920
0.804192,-0.028415,-0.411864,0.510508,0.475873,0.219379,1.536051,-1.061334,-0.328670,-2.381043,-0.957065,-0.193866,0.757114,-0.800960,0.364808,-0.007043,0.131977,0.000000,-0.332487,-0.429899,-0.610875,0.400676,-0.151525,-0.070360,-0.012784,0.052403,0.011915,0.018536,0.003557
0.650874,-0.065344,-0.375525,0.639074,0.433200,0.194488,1.342333,-1.071468,-0.265633,-1.913683,-0.747335,-0.216858,0.741143,-0.953924,0.261559,0.031991,0.161453,0.000000,-0.333119,-0.424885,-0.598909,0.380960,-0.136946,-0.118749,0.043455,0.056405,-0.006660,-0.002847,0.002215
0.344238,-0.139201,-0.302846,0.896206,0.347854,0.144706,0.954899,-1.091736,-0.139558,-0.978962,-0.327875,-0.262842,0.709201,-1.259851,0.055062,0.110058,0.220404,0.000000,-0.334385,-0.414857,-0.574978,0.341527,-0.107787,-0.215527,0.155935,0.064410,-0.043809,-0.045613,-0.000468
-0.247604,-0.257023,-0.294584,0.190587,0.004346,-0.066665,-0.038043,-1.077843,-0.227839,-0.413146,-0.218847,-0.239158,0.670528,-0.909106,0.064800,0.179401,0.279569,3.548142,-0.251119,-0.307667,-0.481101,0.277994,-0.013246,-0.109638,0.205174,0.015539,-0.043508,-0.039276,0.048094
-0.543526,-0.315934,-0.290452,-0.162222,-0.167409,-0.172351,-0.534514,-1.070897,-0.271980,-0.130237,-0.164334,-0.227315,0.651191,-0.733733,0.069669,0.214073,0.309151,5.322212,-0.209486,-0.254071,-0.434162,0.246227,0.034025,-0.056694,0.229794,-0.008897,-0.043358,-0.036107,0.072374
0.066216,-0.333353,-0.146281,-0.235343,-0.046149,-0.142272,-0.997219,-0.958196,-0.264885,-1.418563,-0.272912,-0.162512,0.463900,-0.437029,0.178877,0.290385,0.346355,1.425171,-0.294621,0.030829,-0.102364,0.070320,0.234214,0.001005,0.146800,0.080722,0.028222,-0.034154,0.072209
0.086554,-0.324212,-0.108693,-0.279690,-0.069981,-0.168211,-1.175483,-0.909917,-0.229282,-1.454475,-0.274669,-0.144480,0.396440,-0.352868,0.202916,0.309748,0.341704,1.155020,-0.275933,0.115648,-0.049692,0.026945,0.259931,-0.012547,0.145966,0.024755,0.036603,-0.014885,0.084501
0.127231,-0.305930,-0.033518,-0.368383,-0.117645,-0.220091,-1.532009,-0.813358,-0.158076,-1.526299,-0.278183,-0.108416,0.261522,-0.184545,0.250995,0.348474,0.332400,0.614717,-0.238557,0.285285,0.055652,-0.059806,0.311365,-0.039651,0.144299,-0.087179,0.053364,0.023654,0.109086
0.269619,-0.289759,0.088584,-0.338234,-0.166291,-0.273926,-1.143593,-0.625884,-0.093653,-1.562699,-0.117908,-0.018107,0.164860,-0.049618,0.191772,0.378778,0.307786,0.572209,-0.244709,0.477743,0.152066,-0.152725,0.311611,-0.055617,0.145208,-0.084912,0.040468,0.101607,0.179331
0.340813,-0.281673,0.149635,-0.323160,-0.190613,-0.300843,-0.949385,-0.532147,-0.061441,-1.580899,-0.037771,0.027047,0.116529,0.017846,0.162161,0.393930,0.295478,0.550956,-0.247785,0.573971,0.200273,-0.199184,0.311733,-0.063600,0.145662,-0.083779,0.034020,0.140583,0.214454
0.401925,-0.316139,0.266511,-0.303853,-0.194778,-0.328829,-0.168930,-0.259518,-0.098485,-1.599155,-0.012146,0.218900,-0.059537,0.262170,0.183884,0.390283,0.198883,0.543558,-0.265607,0.785011,0.377172,-0.248555,0.260543,-0.139508,0.023655,0.029627,0.054534,0.268609,0.152539
0.382360,-0.331485,0.260031,-0.302990,-0.185045,-0.322330,-0.113789,-0.194334,-0.111805,-1.562307,-0.003080,0.278241,-0.087474,0.291382,0.189735,0.381564,0.165921,0.530187,-0.249888,0.826970,0.369614,-0.215226,0.211623,-0.216985,-0.014333,-0.022762,0.027453,0.268148,0.121523
0.343230,-0.362176,0.247069,-0.301263,-0.165580,-0.309331,-0.003505,-0.063967,-0.138444,-1.488610,0.015053,0.396921,-0.143348,0.349806,0.201436,0.364126,0.099995,0.503444,-0.218451,0.910887,0.354499,-0.148569,0.113783,-0.371937,-0.090310,-0.127540,-0.026709,0.267227,0.059491
0.273682,-0.395834,0.228380,-0.263255,-0.198899,-0.308111,-0.054066,-0.015561,-0.089822,-1.246051,0.214908,0.430401,-0.120759,0.266074,0.100134,0.328636,0.049887,0.325679,-0.222770,0.953376,0.158803,-0.050544,-0.063334,-0.368530,-0.057744,-0.102759,-0.058931,0.161405,0.046831
0.238908,-0.412663,0.219036,-0.244252,-0.215559,-0.307501,-0.079346,0.008642,-0.065512,-1.124772,0.314836,0.447140,-0.109464,0.224208,0.049483,0.310891,0.024833,0.236797,-0.224929,0.974620,0.060956,-0.001531,-0.151892,-0.366827,-0.041461,-0.090368,-0.075042,0.108494,0.040501
0.166727,-0.288133,0.146836,-0.246345,-0.229676,-0.372038,-0.005371,0.052727,0.041467,-0.745971,0.257730,0.425677,-0.087408,0.194797,0.085968,0.236281,-0.031601,0.260303,-0.217206,0.715812,-0.095226,0.164963,-0.275213,-0.357190,-0.025789,0.121142,-0.135615,0.043736,-0.148279
0.156289,-0.253188,0.137235,-0.250431,-0.236380,-0.379781,0.024009,0.065662,0.073148,-0.659283,0.243626,0.400410,-0.083185,0.177132,0.093052,0.200725,-0.047583,0.244962,-0.176222,0.609737,-0.095090,0.209677,-0.264359,-0.339143,0.015348,0.126749,-0.143348,-0.035167,-0.158094
0.135413,-0.183300,0.118032,-0.258602,-0.249786,-0.395268,0.082769,0.091531,0.136509,-0.485907,0.215419,0.349877,-0.074740,0.141801,0.107220,0.129613,-0.079548,0.214281,-0.094254,0.397587,-0.094818,0.299106,-0.242651,-0.303049,0.097623,0.137963,-0.158814,-0.192973,-0.177723
0.001387,-0.174557,0.068739,-0.274550,-0.279415,-0.411519,0.116425,0.115371,0.131029,-0.204607,0.197404,0.342642,-0.043984,0.063955,0.122132,0.100825,-0.126133,0.231860,-0.001433,0.160932,-0.094987,0.300603,-0.245733,-0.166420,0.062106,0.079312,-0.096361,-0.234264,-0.126569
-0.065626,-0.170186,0.044093,-0.282524,-0.294229,-0.419645,0.133253,0.127290,0.128289,-0.063957,0.188397,0.339025,-0.028606,0.025032,0.129588,0.086431,-0.149425,0.240649,0.044978,0.042604,-0.095072,0.301352,-0.247275,-0.098106,0.044348,0.049987,-0.065135,-0.254909,-0.100992
-0.075547,-0.307847,-0.010707,-0.304017,-0.482390,-0.429629,0.168247,0.133615,0.100689,-0.061767,0.612479,0.331154,0.019156,0.111063,-0.094734,0.003932,-0.205101,0.226020,0.176188,-0.027207,-0.024875,0.237994,-0.171508,-0.093176,0.047631,0.158792,-0.030170,-0.369483,0.018776
-0.085950,-0.330066,-0.023678,-0.308928,-0.525266,-0.439008,0.137846,0.127829,0.108455,-0.057639,0.683080,0.292060,0.050417,0.150497,-0.111134,-0.020897,-0.197247,0.166166,0.228784,-0.052518,-0.033879,0.221152,-0.155071,-0.099182,0.038885,0.167274,-0.029817,-0.361501,-0.010189
-0.106758,-0.374505,-0.049620,-0.318751,-0.611018,-0.457765,0.077043,0.116258,0.123986,-0.049384,0.824282,0.213870,0.112940,0.229364,-0.143933,-0.070554,-0.181537,0.046458,0.333978,-0.103140,-0.051888,0.187469,-0.122198,-0.111195,0.021394,0.184239,-0.029110,-0.345537,-0.068119
-0.073166,-0.337058,-0.063370,-0.356302,-0.684123,-0.524014,0.068589,0.169703,0.154885,-0.042744,0.837863,0.151566,0.190364,0.306493,-0.128802,-0.097369,-0.159029,-0.019017,0.666899,-0.093857,-0.064449,0.181565,-0.101856,0.057797,0.101090,0.043289,0.013439,-0.305946,-0.050549
-0.056371,-0.318334,-0.070245,-0.375077,-0.720675,-0.557138,0.064363,0.196425,0.170334,-0.039424,0.844654,0.120414,0.229077,0.345058,-0.121236,-0.110777,-0.147775,-0.051754,0.833360,-0.089216,-0.070730,0.178614,-0.091685,0.142293,0.140938,-0.027185,0.034713,-0.286151,-0.041763
0.018442,-0.382920,-0.047197,-0.293789,-0.788047,-0.514086,0.086187,0.454706,0.326872,-0.027867,1.245734,0.046978,0.218485,0.424663,-0.013210,-0.162698,-0.093049,-0.024417,1.311939,0.070385,-0.048657,0.078288,-0.006414,0.044365,-0.049714,0.021424,0.085749,-0.039247,-0.053992
0.079927,-0.480776,-0.033803,-0.288854,-0.878266,-0.517238,0.116241,0.685962,0.401334,-0.027674,1.589549,0.020743,0.180894,0.457713,0.014535,-0.174220,-0.089283,0.072574,1.459150,0.104796,0.006871,0.050601,0.024151,0.028361,-0.009009,-0.003498,0.072923,0.001085,-0.003032
0.202899,-0.676487,-0.007014,-0.278984,-1.058705,-0.523541,0.176350,1.148475,0.550257,-0.027289,2.277179,-0.031725,0.105710,0.523813,0.070025,-0.197263,-0.081753,0.266555,1.753573,0.173618,0.117928,-0.004774,0.085280,-0.003648,0.072400,-0.053343,0.047271,0.081749,0.098888
0.308550,-0.791983,0.012668,-0.255715,-1.089106,-0.462157,0.176430,1.530622,0.709693,-0.013773,2.666994,-0.081835,0.050313,0.462516,0.293695,-0.232507,-0.113755,0.358644,2.612613,0.276788,0.144327,-0.124804,0.065548,0.090276,-0.091749,0.007382,0.058746,0.087420,0.088563
0.361376,-0.849731,0.022509,-0.244080,-1.104307,-0.431465,0.176471,1.721696,0.789410,-0.007015,2.861902,-0.106890,0.022614,0.431868,0.405529,-0.250129,-0.129755,0.404688,3.042134,0.328374,0.157526,-0.184819,0.055683,0.137239,-0.173824,0.037744,0.064484,0.090255,0.083401
0.715396,-0.891020,0.170806,-0.058550,-0.488762,-0.246317,0.249998,3.170156,1.066382,0.000517,2.824690,-0.145691,-0.024203,0.114401,1.034828,-0.274363,-0.217155,0.249522,4.637207,0.223315,0.128812,-0.308282,-0.026527,0.224168,-0.455461,-0.101669,0.104207,0.040302,0.083551
0.627035,-0.848602,0.390826,0.102705,-0.017495,-0.147104,0.488951,3.201016,0.976068,0.038036,2.268152,-0.114446,-0.023474,0.070089,1.420736,-0.260147,-0.213262,0.090901,3.813879,0.203328,0.159819,-0.349184,-0.009252,0.275831,-0.393197,-0.084591,0.075657,0.112991,0.037004
0.450312,-0.763764,0.830865,0.425216,0.925038,0.051322,0.966856,3.262734,0.795439,0.113074,1.155077,-0.051955,-0.022017,-0.018534,2.192552,-0.231715,-0.205475,-0.226340,2.167224,0.163352,0.221831,-0.430988,0.025297,0.379157,-0.268671,-0.050436,0.018558,0.258369,-0.056089
0.139841,-0.983075,0.841085,0.596279,0.578069,0.200676,1.053011,2.384803,0.439236,0.100255,1.726475,0.044409,-0.081770,0.057597,1.709371,-0.158532,-0.114220,-0.341671,0.722408,0.137774,0.258638,-0.465463,0.187679,0.281875,-0.039782,-0.113010,0.027184,0.313166,-0.059368
-0.015394,-1.092730,0.846194,0.681810,0.404585,0.275352,1.096088,1.945838,0.261134,0.093845,2.012174,0.092591,-0.111646,0.095663,1.467781,-0.121940,-0.068592,-0.399337,0.000000,0.124986,0.277042,-0.482701,0.268870,0.233234,0.074663,-0.144297,0.031497,0.340565,-0.061008
-0.039549,-0.870702,0.272567,0.409663,-1.476594,0.192261,0.568099,0.388177,0.006832,-0.062826,3.398741,0.354308,-0.068253,0.175694,-1.474145,-0.123797,0.028421,-0.144434,0.000000,0.514546,-0.042086,-0.547428,0.330870,0.405153,0.006889,-0.066687,0.149526,0.218804,0.093595
-0.072439,-0.536028,0.240999,0.434530,-1.864534,0.231250,0.594904,-0.311881,-0.053412,-0.059416,3.146400,0.395331,-0.095717,0.156957,-1.401074,-0.133472,0.040056,-0.155253,0.000000,0.563308,-0.041427,-0.537361,0.322305,0.358184,0.085142,-0.015485,0.132041,0.171848,0.108627
-0.138218,0.133319,0.177862,0.484263,-2.640414,0.309228,0.648514,-1.711999,-0.173902,-0.052594,2.641717,0.477377,-0.150646,0.119483,-1.254933,-0.152822,0.063326,-0.176892,0.000000,0.660832,-0.040110,-0.517226,0.305175,0.264246,0.241648,0.086919,0.097070,0.077936,0.138690
-0.047422,0.785860,-0.011799,0.456838,-2.943583,0.272377,0.380517,-1.962189,-0.080594,-0.084078,2.082384,0.428854,-0.159621,0.151259,-1.067793,-0.094543,0.035419,-0.174598,0.000000,0.438602,-0.008213,-0.329300,0.159401,0.110402,0.116159,-0.070844,0.012622,0.139190,0.064641
-0.002024,1.112131,-0.106629,0.443126,-3.095168,0.253952,0.246518,-2.087284,-0.033941,-0.099819,1.802718,0.404593,-0.164109,0.167147,-0.974223,-0.065403,0.021465,-0.173452,0.000000,0.327487,0.007735,-0.235337,0.086514,0.033480,0.053414,-0.149725,-0.029602,0.169817,0.027616
0.050295,1.613496,0.013760,0.563870,-2.920014,0.262163,0.382565,-2.364852,0.034699,-0.046989,1.009850,0.281926,-0.196077,0.112718,-0.568415,-0.007989,-0.006354,-0.299878,-2.569315,0.077761,0.156189,0.089446,-0.012703,0.056266,-0.181273,-0.108653,-0.056574,0.138927,-0.020171
0.010781,1.501932,0.058970,0.553696,-2.740486,0.235333,0.456140,-2.096288,0.013039,-0.035305,0.779445,0.265569,-0.213462,0.121964,-0.571591,0.018278,-0.015941,-0.268913,-3.158409,0.090850,0.177683,0.140331,-0.044736,0.026844,-0.199330,-0.048033,-0.051169,0.059288,-0.043695
-0.068246,1.278803,0.149390,0.533349,-2.381430,0.181672,0.603289,-1.559159,-0.030279,-0.011939,0.318634,0.232857,-0.248232,0.140457,-0.577942,0.070812,-0.035115,-0.206982,-4.336597,0.117028,0.220671,0.242100,-0.108801,-0.031998,-0.235445,0.073208,-0.040361,-0.099989,-0.090744
-0.093700,1.049577,0.193237,0.445316,-1.818252,0.079433,0.612938,-0.752383,-0.132657,-0.015144,-0.430577,0.237747,-0.221776,0.105794,-0.719903,0.098828,-0.031182,-0.208400,-3.243783,0.097955,0.154998,0.356832,-0.117725,-0.324789,-0.266506,0.090128,-0.002079,-0.198922,-0.037895
-0.106426,0.934963,0.215161,0.401300,-1.536663,0.028313,0.617763,-0.348995,-0.183846,-0.016747,-0.805183,0.240192,-0.208548,0.088462,-0.790883,0.112836,-0.029216,-0.209110,-2.697376,0.088418,0.122162,0.414197,-0.122187,-0.471184,-0.282036,0.098587,0.017062,-0.248388,-0.011470
-0.223047,0.633666,0.255169,0.293813,-0.833505,-0.037927,0.566123,0.549826,-0.346684,-0.018402,-1.761530,0.238143,-0.097002,0.089332,-0.966127,0.161905,-0.015904,-0.360931,-1.024653,0.126334,-0.056857,0.454091,-0.187036,-0.794527,-0.135304,0.020109,0.022682,-0.379890,-0.104337
-0.223247,0.482216,0.257183,0.272350,-0.711597,-0.063648,0.561537,0.840092,-0.370153,-0.017436,-1.786340,0.216612,-0.075355,0.082788,-0.698421,0.165906,-0.003818,-0.344346,-1.078670,0.116212,-0.085577,0.466074,-0.168328,-0.731823,-0.113816,0.053101,0.007121,-0.366603,-0.091752
-0.223647,0.179318,0.261210,0.229425,-0.467781,-0.115091,0.552366,1.420625,-0.417092,-0.015502,-1.835961,0.173549,-0.032062,0.069699,-0.163011,0.173908,0.020354,-0.311177,-1.186703,0.095968,-0.143017,0.490040,-0.130913,-0.606416,-0.070841,0.119085,-0.024002,-0.340030,-0.066583
-0.253105,0.107256,0.291935,0.231551,-0.252985,-0.135496,0.524015,1.593805,-0.463940,-0.017499,-1.839013,0.154653,-0.037344,0.064696,0.079120,0.169632,0.039007,-0.396315,-0.606749,0.084576,-0.052856,0.470065,-0.050800,-0.284842,-0.034890,0.071839,-0.023362,-0.161262,-0.072203
-0.267834,0.071224,0.307298,0.232614,-0.145587,-0.145699,0.509839,1.680395,-0.487364,-0.018498,-1.840539,0.145205,-0.039986,0.062195,0.200186,0.167494,0.048333,-0.438884,-0.316772,0.078880,-0.007775,0.460078,-0.010743,-0.124054,-0.016914,0.048217,-0.023042,-0.071878,-0.075013
-0.269229,0.107416,0.351052,0.259972,0.404685,-0.213460,0.553004,2.150882,-0.482988,-0.024668,-2.032948,0.051528,-0.093145,0.091266,0.047789,0.219920,0.078278,-0.488039,1.138767,-0.054946,0.138951,0.320374,0.068121,-0.158231,0.075309,0.074631,-0.034374,0.061803,0.033159
-0.252631,0.276859,0.328059,0.271641,0.766951,-0.234019,0.536242,2.508551,-0.461268,-0.024775,-2.479294,0.059401,-0.105515,0.104802,0.405523,0.229162,0.089343,-0.507725,2.294004,0.014971,0.156547,0.246301,0.071790,-0.133696,0.035320,0.020010,-0.016833,0.074539,0.033552
-0.219435,0.615745,0.282072,0.294978,1.491485,-0.275137,0.502719,3.223890,-0.417827,-0.024990,-3.371986,0.075145,-0.130254,0.131875,1.120993,0.247645,0.111474,-0.547098,4.604479,0.154806,0.191739,0.098155,0.079129,-0.084628,-0.044659,-0.089233,0.018250,0.100010,0.034340
-0.222461,0.551201,0.220603,0.421165,1.425719,-0.221265,0.402533,2.495946,-0.359564,-0.013931,-2.942001,0.014458,-0.142093,0.167634,0.795275,0.277551,0.130692,-0.547288,3.208806,0.130508,0.200468,-0.014822,0.054235,-0.111238,-0.056569,-0.099942,0.053218,0.065654,0.039592
-0.223974,0.518929,0.189868,0.484258,1.392835,-0.194329,0.352440,2.131974,-0.330432,-0.008402,-2.727008,-0.015885,-0.148012,0.185514,0.632416,0.292504,0.140301,-0.547382,2.510969,0.118359,0.204833,-0.071311,0.041789,-0.124543,-0.062524,-0.105296,0.070701,0.048476,0.042218
-0.190651,0.891871,0.008790,0.713477,0.910604,-0.104269,0.208803,-0.711707,-0.271929,0.009958,-2.025629,-0.058228,-0.154257,0.211292,0.202312,0.305061,0.168937,-0.564798,1.385637,0.003324,0.221323,-0.131021,0.013908,0.017518,0.000078,0.041519,0.019641,0.167268,0.060207
-0.153579,0.933732,-0.024718,0.820771,1.027443,-0.026567,0.171179,-0.713418,-0.222773,0.019251,-2.019939,-0.062366,-0.164494,0.225295,0.332818,0.299932,0.175849,-0.556148,1.218959,-0.002923,0.203326,-0.133425,0.020876,0.052172,-0.032774,0.008822,0.018174,0.142511,0.040563
-0.079434,1.017453,-0.091733,1.035357,1.261122,0.128836,0.095930,-0.716840,-0.124460,0.037836,-2.008557,-0.070642,-0.184967,0.253300,0.593828,0.289674,0.189672,-0.538848,0.885605,-0.015417,0.167331,-0.138234,0.034811,0.121481,-0.098478,-0.056574,0.015241,0.092997,0.001275
-0.096816,0.883890,-0.099005,1.092254,1.292661,0.184202,0.042574,-0.691562,-0.151194,0.046290,-1.773455,-0.142733,-0.129984,0.287805,0.467509,0.213453,0.147305,-0.525364,0.650858,-0.167810,0.123225,-0.088993,-0.024807,0.075108,-0.077010,-0.033000,0.033967,0.094182,-0.001284
-0.105506,0.817108,-0.102641,1.120702,1.308430,0.211886,0.015896,-0.678923,-0.164562,0.050517,-1.655904,-0.178778,-0.102493,0.305058,0.404349,0.175343,0.126121,-0.518622,0.533485,-0.244006,0.101173,-0.064373,-0.054617,0.051921,-0.066276,-0.021214,0.043330,0.094775,-0.002563
-0.157768,0.292280,-0.127772,1.288787,1.360032,0.348202,0.078518,-0.344237,-0.167448,0.170048,-0.769009,-0.113208,-0.203670,0.220432,-0.094126,0.080726,0.070913,-0.503524,-0.235169,-0.020689,0.237426,-0.133978,0.043041,0.104415,-0.057728,-0.074048,-0.002449,-0.036787,-0.030405
-0.214124,0.253714,-0.115191,1.344689,1.384274,0.377289,0.095272,-0.303217,-0.170530,0.321428,-0.738930,-0.106838,-0.214814,0.149968,-0.109783,0.057932,0.052363,-0.521015,-0.335949,-0.060880,0.230734,-0.174267,0.047983,0.091181,-0.032022,-0.023663,0.001703,0.009349,-0.036239
-0.326836,0.176581,-0.090029,1.456491,1.432758,0.435463,0.128780,-0.221176,-0.176694,0.624187,-0.678771,-0.094099,-0.237100,0.009040,-0.141096,0.012344,0.015263,-0.555996,-0.537509,-0.141263,0.217352,-0.254846,0.057868,0.064713,0.019391,0.077106,0.010007,0.101620,-0.047908
-0.267164,0.222680,-0.088786,1.484449,1.459911,0.447641,0.115038,-0.192576,-0.104913,0.640526,-0.663892,-0.086375,-0.239017,0.022875,-0.126243,-0.035786,-0.000899,-0.579687,-0.595879,0.017771,0.164645,-0.286024,0.036610,0.178778,0.001949,0.032424,0.016739,0.057079,-0.045762
-0.237328,0.245730,-0.088165,1.498428,1.473488,0.453730,0.108167,-0.178276,-0.069023,0.648695,-0.656452,-0.082513,-0.239975,0.029793,-0.118816,-0.059851,-0.008979,-0.591533,-0.625065,0.097287,0.138291,-0.301613,0.025982,0.235811,-0.006772,0.010083,0.020106,0.034808,-0.044689
-0.387813,0.336626,-0.104601,1.685964,1.527000,0.487540,0.038810,-0.118167,-0.014269,1.240050,-0.705493,-0.070855,-0.260350,-0.256518,-0.105152,-0.181697,-0.054402,-0.593975,-0.670500,0.240508,0.192978,-0.369204,0.053676,0.333025,0.106783,0.066413,-0.014912,0.112738,-0.085507
-0.415214,0.368794,-0.094699,1.731017,1.546637,0.512730,-0.005476,-0.120004,0.007909,1.349342,-0.733429,-0.086374,-0.245608,-0.290347,-0.083855,-0.199503,-0.062385,-0.581151,-0.663775,0.233271,0.146350,-0.361770,0.044458,0.353199,0.125183,0.004222,-0.017886,0.109902,-0.078426
-0.470014,0.433128,-0.074894,1.821122,1.585909,0.563111,-0.094049,-0.123678,0.052265,1.567927,-0.789301,-0.117412,-0.216124,-0.358006,-0.041261,-0.235117,-0.078350,-0.555504,-0.650325,0.218797,0.053093,-0.346903,0.026021,0.393546,0.161982,-0.120160,-0.023834,0.104228,-0.064262
-0.496391,0.293818,-0.050343,1.730169,1.428324,0.469920,-0.095944,-0.055398,0.046510,1.609532,-0.467191,-0.127684,-0.189921,-0.347098,-0.198076,-0.221209,-0.059220,-0.375900,-0.624171,0.171750,0.004122,-0.379416,-0.001738,0.384813,0.106887,-0.045492,-0.000061,0.129877,-0.065630
-0.509580,0.224162,-0.038068,1.684692,1.349532,0.423325,-0.096892,-0.021257,0.043633,1.630334,-0.306137,-0.132820,-0.176819,-0.341644,-0.276484,-0.214255,-0.049656,-0.286097,-0.611095,0.148226,-0.020363,-0.395672,-0.015618,0.380446,0.079340,-0.008158,0.011826,0.142701,-0.066314
-0.650931,0.218453,-0.041995,1.546946,1.089534,0.253881,-0.253558,-0.024641,0.111895,2.009775,-0.023273,-0.188347,-0.125503,-0.459732,-0.412274,-0.190615,-0.010123,0.300373,-0.523822,0.095710,-0.069743,-0.389274,-0.039665,0.285701,0.012893,-0.055015,0.016982,0.001283,-0.048201
-0.644972,0.276195,-0.019813,1.486506,1.005694,0.195711,-0.240700,-0.018690,0.170212,2.105287,-0.020291,-0.191381,-0.116171,-0.347623,-0.389055,-0.198588,-0.002265,0.334054,-0.500072,0.153137,-0.081530,-0.392617,-0.051817,0.368253,-0.022358,-0.029988,0.017502,0.034922,-0.069026
-0.633052,0.391678,0.024550,1.365627,0.838015,0.079370,-0.214984,-0.006790,0.286847,2.296312,-0.014328,-0.197451,-0.097507,-0.123405,-0.342616,-0.214534,0.013449,0.401417,-0.452571,0.267992,-0.105105,-0.399302,-0.076121,0.533356,-0.092860,0.020067,0.018541,0.102200,-0.110677
-0.799059,0.446859,0.082126,1.264389,0.686664,0.000560,-0.386415,0.076675,0.341078,2.700052,-0.009518,-0.148828,-0.120991,-0.200160,-0.302723,-0.266141,-0.004553,1.046796,-0.388828,0.467228,0.005020,-0.387768,-0.044154,0.467533,0.077284,-0.005546,-0.015418,0.101345,-0.008568
-0.882063,0.474449,0.110913,1.213769,0.610988,-0.038845,-0.472130,0.118407,0.368194,2.901922,-0.007113,-0.124517,-0.132733,-0.238537,-0.282777,-0.291944,-0.013554,1.369486,-0.356957,0.566846,0.060083,-0.382000,-0.028170,0.434621,0.162356,-0.018353,-0.032397,0.100918,0.042486
-1.370894,0.429102,0.176430,1.075809,0.423226,-0.068818,-0.594800,0.174694,0.390583,3.639545,-0.000833,-0.046615,-0.172929,-0.731995,-0.243618,-0.288054,-0.076447,3.464683,-0.333555,0.745833,0.153612,-0.450833,-0.031489,0.350686,-0.110586,-0.064306,0.017936,0.166835,-0.002878
-1.424379,0.391209,0.181192,0.764685,0.384124,-0.051414,-0.983603,0.191407,0.372753,3.364000,0.001281,-0.004100,-0.184741,-0.792663,-0.227976,-0.316544,-0.106779,3.239708,-0.302590,0.909475,0.179367,-0.457878,-0.030665,0.458290,-0.098397,-0.050259,0.010620,0.157761,0.023564
-1.531351,0.315424,0.190717,0.142438,0.305920,-0.016605,-1.761208,0.224833,0.337093,2.812911,0.005508,0.080932,-0.208366,-0.914001,-0.196690,-0.373523,-0.167441,2.789759,-0.240660,1.236759,0.230877,-0.471969,-0.029018,0.673499,-0.074021,-0.022163,-0.004013,0.139614,0.076447
-1.341770,0.269962,0.179316,-1.216137,0.268590,0.066210,-3.280786,0.217424,0.277714,1.365478,0.005922,0.137139,-0.192821,-0.718528,-0.160161,-0.403029,-0.225961,-0.324085,-0.173259,1.256138,0.282937,-0.434260,-0.002217,0.350494,-0.030394,0.040951,-0.052966,0.227726,0.023696
-1.246979,0.247231,0.173616,-1.895424,0.249924,0.107618,-4.040575,0.213719,0.248025,0.641761,0.006129,0.165243,-0.185048,-0.620792,-0.141896,-0.417783,-0.255220,-1.881006,-0.139559,1.265828,0.308967,-0.415406,0.011183,0.188991,-0.008580,0.072508,-0.077443,0.271782,-0.002680
-1.198957,0.187023,0.208115,-3.020706,0.096402,0.059771,-4.852674,0.225686,0.149106,0.290684,0.012932,0.219865,-0.078709,-0.288109,-0.149490,-0.383911,-0.271458,-1.618273,-0.121673,1.275271,0.097341,-0.111930,-0.026833,0.050861,-0.088677,-0.239712,0.076097,0.255174,0.094976
-0.953251,0.152812,0.220141,-2.876679,0.099391,0.097939,-4.387979,0.250202,0.111919,0.019334,0.011240,0.222775,-0.052800,-0.177007,-0.126841,-0.342588,-0.264553,-1.855461,-0.101245,1.140517,0.052959,-0.056039,-0.013144,-0.071371,-0.051834,-0.188547,0.064340,0.212784,0.040082
-0.461839,0.084390,0.244193,-2.588625,0.105369,0.174273,-3.458591,0.299233,0.037546,-0.523365,0.007856,0.228596,-0.000982,0.045196,-0.081542,-0.259943,-0.250744,-2.329839,-0.060389,0.871008,-0.035804,0.055743,0.014234,-0.315836,0.021852,-0.086217,0.040824,0.128004,-0.069704
-0.234648,0.025332,0.274631,-1.699744,0.055953,0.148849,-1.930583,0.348794,-0.027146,-0.712016,0.009505,0.251892,0.008967,-0.000317,-0.086481,-0.146597,-0.208777,-1.417315,-0.039032,0.691487,-0.079287,0.190653,0.039606,-0.347234,0.144363,-0.051073,0.029276,-0.038293,0.034777
-0.121053,-0.004197,0.289850,-1.255304,0.031244,0.136136,-1.166578,0.373574,-0.059491,-0.806342,0.010329,0.263540,0.013942,-0.023073,-0.088951,-0.089924,-0.187794,-0.961053,-0.028353,0.601726,-0.101028,0.258107,0.052292,-0.362934,0.205619,-0.033500,0.023501,-0.121442,0.087018
0.054439,-0.038117,0.219281,-0.047862,0.017534,0.140138,0.553598,0.407751,-0.063043,-1.107237,0.012952,0.277971,-0.088118,-0.325310,-0.053425,0.106079,-0.161221,0.030929,-0.067944,0.372436,0.073693,0.405339,0.117992,-0.376989,0.161787,-0.105455,0.032386,-0.408461,-0.022497
0.123368,-0.025273,0.201082,0.076995,0.009109,0.123953,0.753135,0.433035,-0.055613,-1.174855,0.013439,0.302268,-0.096919,-0.305558,-0.044549,0.154597,-0.149362,0.290860,-0.049125,0.333809,0.128251,0.417703,0.119090,-0.429294,0.171717,-0.040101,0.012001,-0.344037,0.014517
0.261225,0.000416,0.164684,0.326711,-0.007741,0.091583,1.152209,0.483601,-0.040753,-1.310089,0.014414,0.350864,-0.114523,-0.266055,-0.026798,0.251634,-0.125644,0.810722,-0.011487,0.256555,0.237368,0.442432,0.121286,-0.533903,0.191576,0.090606,-0.028770,-0.215189,0.088546
0.316818,-0.071698,0.172433,0.155298,0.013000,0.101012,0.808202,0.523889,-0.168364,-1.516826,0.014782,0.381213,-0.058761,0.101722,-0.050951,0.301043,-0.074468,0.448685,-0.013875,0.098606,0.183284,0.559548,0.094473,-0.681061,0.182185,0.036750,-0.022693,-0.082728,0.038802
0.344615,-0.107755,0.176307,0.069592,0.023370,0.105727,0.636198,0.544032,-0.232169,-1.620194,0.014967,0.396388,-0.030880,0.285611,-0.063027,0.325748,-0.048880,0.267667,-0.015069,0.019632,0.156242,0.618106,0.081067,-0.754641,0.177489,0.009822,-0.019655,-0.016497,0.013929
0.312634,-0.147688,0.056627,-0.514598,-0.015593,0.156344,-0.723872,0.467064,-0.260364,-1.845435,0.011663,0.400506,0.009137,0.795341,-0.042817,0.327057,-0.010475,-0.258003,0.011655,-0.129069,-0.019346,0.637014,0.008436,-0.713030,-0.045809,0.059902,0.031303,-0.059208,-0.007658
0.287992,-0.163001,0.027230,-0.583678,-0.034922,0.158610,-0.942039,0.431374,-0.281014,-1.840401,0.010878,0.402288,0.032700,0.869089,-0.044476,0.311467,-0.005739,-0.267462,0.021760,-0.149595,-0.044790,0.612463,-0.019492,-0.628773,-0.038673,0.072592,0.029955,-0.058205,-0.022358
0.238707,-0.193626,-0.031563,-0.721840,-0.073581,0.163142,-1.378371,0.359995,-0.322313,-1.830334,0.009307,0.405853,0.079825,1.016584,-0.047794,0.280286,0.003733,-0.286381,0.041970,-0.190647,-0.095678,0.563360,-0.075349,-0.460260,-0.024402,0.097971,0.027258,-0.056199,-0.051760
0.515590,-0.195146,-0.022672,-0.460671,-0.105470,0.182094,-0.801508,0.372168,-0.329256,-1.990387,0.007774,0.406936,0.088308,1.327204,-0.029620,0.225930,-0.002354,-1.154548,0.079283,-0.209869,-0.045250,0.483531,-0.053316,-0.436590,0.025458,0.039291,-0.035664,-0.146785,-0.008735
0.654031,-0.195907,-0.018227,-0.330086,-0.121414,0.191571,-0.513077,0.378255,-0.332728,-2.070414,0.007008,0.407477,0.092550,1.482515,-0.020532,0.198751,-0.005397,-1.588631,0.097940,-0.219481,-0.020036,0.443616,-0.042300,-0.424755,0.050388,0.009950,-0.067126,-0.192078,0.012777
0.582711,-0.212816,-0.003237,0.046646,-0.105006,0.233570,0.492146,0.344739,-0.334949,-1.071343,0.002670,0.438216,0.087983,0.050691,-0.009858,0.059993,-0.012337,-0.508644,0.157697,0.182495,0.016564,0.283188,0.002114,-0.178888,-0.058132,-0.049990,0.024608,-0.178425,0.069135
0.562153,-0.232669,0.001922,-0.019658,-0.171046,0.185024,0.614370,0.342232,-0.346033,-1.092299,0.004132,0.420213,0.088477,0.101492,-0.002683,0.040805,-0.008872,-0.361917,0.168724,0.161349,0.034599,0.225530,0.028863,-0.209946,-0.043410,-0.044031,0.010370,-0.160428,0.026482
0.521035,-0.272375,0.012241,-0.152265,-0.303126,0.087934,0.858818,0.337218,-0.368201,-1.134211,0.007057,0.384207,0.089466,0.203095,0.011667,0.002429,-0.001941,-0.068462,0.190780,0.119059,0.070669,0.110214,0.082362,-0.272062,-0.013968,-0.032111,-0.018107,-0.124434,-0.058823
0.540403,-0.234593,-0.020632,-0.199489,-0.334313,0.059856,0.883883,0.275686,-0.343387,-1.151150,0.006119,0.305207,0.151118,0.184999,0.009368,-0.037530,0.045697,0.052143,0.225427,0.101731,-0.099675,0.089822,0.083103,-0.137741,0.073744,-0.066781,-0.007747,-0.103912,-0.015734
0.550087,-0.215702,-0.037069,-0.223101,-0.349907,0.045817,0.896416,0.244920,-0.330980,-1.159620,0.005651,0.265707,0.181944,0.175951,0.008218,-0.057510,0.069516,0.112446,0.242751,0.093067,-0.184847,0.079626,0.083474,-0.070581,0.117600,-0.084116,-0.002567,-0.093652,0.005811
0.533814,-0.162712,-0.013065,-0.323148,-0.379023,0.021727,0.681768,0.237710,-0.261975,-1.076606,0.005563,0.148437,0.219755,0.229872,0.040768,-0.066378,0.142331,0.164237,0.231888,-0.024482,-0.347804,-0.037662,0.094929,0.135938,0.184721,-0.045358,-0.021437,-0.135812,0.010143
0.552471,-0.131992,-0.024950,-0.354599,-0.394341,-0.002135,0.561961,0.213101,-0.237356,-1.104778,0.006448,0.102015,0.209325,0.275677,0.025392,-0.055013,0.162459,0.105490,0.235878,-0.137702,-0.333780,-0.072479,0.111724,0.110192,0.164463,-0.017309,-0.020274,-0.060734,0.001060
0.589785,-0.070553,-0.048720,-0.417501,-0.424975,-0.049860,0.322348,0.163883,-0.188117,-1.161124,0.008217,0.009172,0.188465,0.367286,-0.005358,-0.032284,0.202715,-0.012003,0.243857,-0.364142,-0.305732,-0.142114,0.145315,0.058699,0.123947,0.038789,-0.017947,0.089421,-0.017105
0.585872,0.004466,-0.088176,-0.435762,-0.434198,-0.092221,0.272559,0.097162,-0.151842,-1.097109,0.007215,-0.058042,0.185702,0.357410,-0.005594,-0.010436,0.239997,0.054779,0.284290,-0.397269,-0.288327,-0.142663,0.156614,0.189918,0.143156,-0.003777,-0.045002,0.075700,-0.009363
0.583916,0.041976,-0.107904,-0.444893,-0.438810,-0.113402,0.247664,0.063801,-0.133705,-1.065101,0.006715,-0.091649,0.184321,0.352473,-0.005712,0.000489,0.258637,0.088170,0.304507,-0.413833,-0.279624,-0.142937,0.162263,0.255528,0.152761,-0.025059,-0.058529,0.068840,-0.005491
0.621020,0.132933,-0.142591,-0.441562,-0.426250,-0.135835,0.153326,-0.002852,-0.097061,-1.041481,0.010568,-0.153255,0.178093,0.339774,-0.047436,0.020096,0.270090,0.174476,0.240863,-0.478877,-0.204220,-0.201566,0.164541,0.239165,0.192386,0.041724,-0.017007,0.030084,-0.022704
0.508820,0.130926,-0.144159,-0.409784,-0.400981,-0.115166,0.101018,-0.024609,-0.105067,-0.830535,0.008894,-0.178653,0.180594,0.229283,-0.051484,0.016527,0.269376,0.161991,0.250947,-0.492025,-0.217955,-0.196377,0.155588,0.220769,0.152381,0.046255,-0.014021,0.052494,0.003156
0.284422,0.126913,-0.147295,-0.346226,-0.350443,-0.073827,-0.003599,-0.068123,-0.121078,-0.408642,0.005546,-0.229450,0.185596,0.008302,-0.059581,0.009391,0.267948,0.137022,0.271114,-0.518321,-0.245426,-0.185999,0.137683,0.183977,0.072372,0.055315,-0.008049,0.097313,0.054876
0.188494,0.140067,-0.148664,-0.307370,-0.312006,-0.078541,-0.051661,-0.085420,-0.109854,-0.206503,0.004599,-0.277118,0.142475,-0.082475,-0.057229,0.005171,0.249681,0.115425,0.246486,-0.516417,-0.122445,-0.165914,0.137683,0.191757,0.035306,0.069347,0.005926,0.081778,0.054091
0.140531,0.146645,-0.149349,-0.287942,-0.292787,-0.080897,-0.075692,-0.094068,-0.104243,-0.105434,0.004126,-0.300952,0.120915,-0.127863,-0.056053,0.003061,0.240547,0.104627,0.234172,-0.515465,-0.060954,-0.155872,0.137683,0.195648,0.016773,0.076363,0.012913,0.074011,0.053698
0.020047,0.059677,-0.157798,-0.285020,-0.283387,-0.104690,-0.142929,-0.121845,-0.130083,-0.096713,0.004473,-0.327094,0.064348,-0.076614,-0.039222,-0.022647,0.208441,0.114724,0.180973,-0.309121,-0.034958,-0.207052,0.104227,0.294730,0.082483,0.070797,-0.030491,0.051883,0.053646
0.012029,0.095338,-0.181374,-0.312472,-0.305478,-0.137518,-0.190225,-0.167811,-0.089702,-0.070642,0.005368,-0.359867,0.062171,-0.063721,-0.041188,-0.009046,0.209254,0.145905,0.184143,-0.380518,-0.068126,-0.198511,0.083325,0.211406,0.014721,0.052255,-0.009270,0.086642,0.023132
-0.004007,0.166659,-0.228525,-0.367378,-0.349660,-0.203175,-0.284817,-0.259742,-0.008940,-0.018501,0.007157,-0.425412,0.057817,-0.037935,-0.045121,0.018155,0.210880,0.208266,0.190484,-0.523313,-0.134461,-0.181428,0.041521,0.044758,-0.120804,0.015172,0.033172,0.156160,-0.037897
0.010902,0.254875,-0.285094,-0.391894,-0.373826,-0.244793,-0.396684,-0.371094,0.084209,0.015678,0.039049,-0.512464,0.033909,-0.019998,-0.066036,0.045049,0.235424,0.218033,0.200278,-0.679684,-0.172926,-0.080756,0.060604,-0.051876,-0.034792,-0.033429,0.022959,0.094837,-0.020967
0.018357,0.298983,-0.313378,-0.404152,-0.385909,-0.265602,-0.452618,-0.426769,0.130783,0.032767,0.054994,-0.555991,0.021956,-0.011030,-0.076494,0.058495,0.247697,0.222917,0.205174,-0.757869,-0.192159,-0.030420,0.070145,-0.100193,0.008214,-0.057729,0.017852,0.064175,-0.012502
0.053822,0.192934,-0.150122,-0.309589,-0.303895,-0.209658,-0.262837,-0.254265,0.091458,0.004007,0.095414,-0.533907,-0.028603,-0.023556,-0.064524,0.062993,0.217774,0.166309,0.152593,-0.926564,-0.048532,-0.011001,0.075395,0.082705,0.125507,0.044461,-0.043574,0.067880,0.028216
0.048273,0.160138,-0.112898,-0.292713,-0.287410,-0.186942,-0.218827,-0.214063,0.062599,-0.006800,0.079432,-0.510346,-0.045321,-0.027443,-0.051649,0.049240,0.178552,0.160724,0.158478,-0.902305,0.021993,-0.018919,0.066198,0.162604,0.070582,0.038687,-0.035779,0.034886,0.010341
0.037176,0.094547,-0.038449,-0.258962,-0.254441,-0.141511,-0.130807,-0.133660,0.004882,-0.028413,0.047466,-0.463223,-0.078758,-0.035217,-0.025899,0.021733,0.100107,0.149556,0.170248,-0.853788,0.163043,-0.034754,0.047804,0.322401,-0.039268,0.027138,-0.020190,-0.031103,-0.025411
0.060686,0.055935,0.032949,-0.225037,-0.227936,-0.113287,-0.044347,-0.035276,-0.015684,-0.032403,0.056260,-0.393968,-0.111253,-0.045825,-0.017919,0.012030,0.061481,0.137308,0.154923,-0.826368,0.214245,-0.098596,0.040487,0.286642,-0.119863,0.022640,0.019100,-0.017783,0.050477
0.072440,0.036629,0.068648,-0.208075,-0.214684,-0.099175,-0.001117,0.013916,-0.025967,-0.034399,0.060657,-0.359341,-0.127501,-0.051128,-0.013930,0.007178,0.042168,0.131185,0.147260,-0.812657,0.239847,-0.130516,0.036829,0.268762,-0.160160,0.020392,0.038746,-0.011123,0.088422
0.119012,0.032474,0.097795,-0.225186,-0.237485,-0.114139,0.086757,0.064127,-0.041972,-0.040443,0.067819,-0.174430,-0.188810,-0.057273,-0.030427,-0.026478,-0.001951,0.157956,0.176965,-0.468990,0.321507,-0.226064,0.084912,0.177180,-0.039946,0.065843,0.013525,0.017606,-0.006620
0.111431,0.025995,0.080459,-0.209482,-0.219368,-0.112225,0.075686,0.060405,-0.045577,-0.048217,0.060564,-0.134631,-0.183889,-0.051589,-0.029740,-0.036703,-0.006005,0.136401,0.163005,-0.385448,0.275938,-0.198047,0.062609,0.161062,-0.030024,0.027410,0.008127,0.041157,-0.009272
0.096270,0.013038,0.045786,-0.178074,-0.183135,-0.108398,0.053542,0.052960,-0.052788,-0.063766,0.046054,-0.055032,-0.174047,-0.040223,-0.028366,-0.057155,-0.014114,0.093290,0.135083,-0.218364,0.184799,-0.142014,0.018003,0.128825,-0.010180,-0.049457,-0.002668,0.088259,-0.014578
0.077964,0.008682,0.026105,-0.152644,-0.159914,-0.090980,0.047384,0.061592,-0.034455,-0.019675,0.062898,-0.004844,-0.170173,-0.043150,-0.017599,-0.072204,-0.016523,0.116986,0.103486,-0.176421,0.098137,-0.085154,-0.010390,0.087034,-0.003597,-0.038320,-0.004886,0.047538,-0.022365
0.068812,0.006503,0.016264,-0.139930,-0.148304,-0.082271,0.044304,0.065907,-0.025288,0.002371,0.071320,0.020250,-0.168236,-0.044613,-0.012216,-0.079729,-0.017728,0.128834,0.087687,-0.155450,0.054806,-0.056723,-0.024587,0.066139,-0.000305,-0.032752,-0.005995,0.027177,-0.026258
0.013525,-0.045836,0.014800,-0.141745,-0.145050,-0.098085,0.062063,0.034138,-0.066233,-0.027689,0.036340,-0.008821,-0.142596,-0.006849,-0.020814,-0.118588,-0.025983,0.111091,0.080875,-0.254313,-0.044927,0.113322,-0.106870,-0.070732,-0.042574,0.044656,0.006546,-0.095283,-0.061934
0.036009,-0.019066,0.015413,-0.118616,-0.121066,-0.082618,0.067877,0.052598,-0.038869,-0.014989,0.035609,0.004925,-0.137971,-0.017710,-0.004251,-0.114212,-0.028797,0.100487,0.080063,-0.290713,-0.030103,0.143549,-0.117258,-0.050154,-0.052442,0.034339,0.002932,-0.103190,-0.079049
0.080975,0.034476,0.016639,-0.072357,-0.073098,-0.051685,0.079505,0.089519,0.015859,0.010411,0.034146,0.032419,-0.128721,-0.039431,0.028874,-0.105460,-0.034425,0.079279,0.078438,-0.363513,-0.000456,0.204005,-0.138034,-0.009000,-0.072179,0.013707,-0.004296,-0.119006,-0.113277
0.118424,0.063385,0.000193,-0.075772,-0.082212,-0.064117,0.084107,0.079645,0.022249,0.006855,0.036285,0.054708,-0.131954,-0.051299,-0.008604,-0.094513,-0.041134,0.073584,0.074995,-0.463346,0.049928,0.253277,-0.109249,0.119633,-0.038328,0.047685,-0.024392,-0.088390,-0.023360
0.137148,0.077839,-0.008029,-0.077480,-0.086769,-0.070333,0.086409,0.074708,0.025444,0.005077,0.037354,0.065853,-0.133570,-0.057233,-0.027343,-0.089040,-0.044488,0.070737,0.073274,-0.513262,0.075120,0.277913,-0.094857,0.183949,-0.021402,0.064674,-0.034440,-0.073082,0.021599
0.079103,0.034865,-0.036664,-0.052500,-0.058437,-0.054819,0.049833,0.049349,-0.017340,-0.027673,0.015361,0.089346,-0.093694,-0.023920,-0.016116,-0.069850,-0.038040,0.013514,0.049852,-0.562792,0.061993,0.281496,-0.088674,-0.007152,-0.155259,0.058265,0.001803,-0.209985,-0.055087
0.074376,0.033846,-0.038693,-0.044446,-0.049658,-0.051699,0.046503,0.054651,-0.013736,-0.018464,0.011612,0.104113,-0.087949,-0.031186,-0.008176,-0.059596,-0.030116,0.018934,0.052772,-0.554565,0.043160,0.269582,-0.079106,-0.025076,-0.103171,0.052314,0.000986,-0.221616,-0.033149
0.064922,0.031808,-0.042750,-0.028338,-0.032101,-0.045460,0.039841,0.065255,-0.006528,-0.000046,0.004116,0.133646,-0.076458,-0.045717,0.007706,-0.039088,-0.014268,0.029774,0.058613,-0.538110,0.005495,0.245755,-0.059971,-0.060924,0.001004,0.040410,-0.000646,-0.244877,0.010727
0.064922,0.031808,-0.042750,-0.028338,-0.032101,-0.045460,0.039841,0.065255,-0.006528,-0.000046,0.004116,0.133646,-0.076458,-0.045717,0.007706,-0.039088,-0.014268,0.029774,0.058613,-0.538110,0.005495,0.245755,-0.059971,-0.060924,0.001004,0.040410,-0.000646,-0.244877,0.010727
