pelvis_x,pelvis_y,pelvis_z,left_hip_roll_link_x,left_hip_roll_link_y,left_hip_roll_link_z,left_knee_link_x,left_knee_link_y,left_knee_link_z,left_ankle_roll_link_x,left_ankle_roll_link_y,left_ankle_roll_link_z,right_hip_roll_link_x,right_hip_roll_link_y,right_hip_roll_link_z,right_knee_link_x,right_knee_link_y,right_knee_link_z,right_ankle_roll_link_x,right_ankle_roll_link_y,right_ankle_roll_link_z,torso_link_x,torso_link_y,torso_link_z,left_shoulder_roll_link_x,left_shoulder_roll_link_y,left_shoulder_roll_link_z,left_elbow_link_x,left_elbow_link_y,left_elbow_link_z,left_wrist_yaw_link_x,left_wrist_yaw_link_y,left_wrist_yaw_link_z,right_shoulder_roll_link_x,right_shoulder_roll_link_y,right_shoulder_roll_link_z,right_elbow_link_x,right_elbow_link_y,right_elbow_link_z,right_wrist_yaw_link_x,right_wrist_yaw_link_y,right_wrist_yaw_link_z
0.001309,0.007145,0.647157,0.118936,0.005687,0.528537,0.167129,-0.212760,0.319489,0.215295,-0.082903,0.035596,-0.113249,0.023970,0.527530,-0.173928,-0.195663,0.323038,-0.187855,-0.063535,0.036240,0.001360,-0.004894,0.699918,0.132379,-0.200961,0.843698,0.150825,-0.195165,0.660342,0.070457,-0.340757,0.580750,-0.144914,-0.174439,0.862591,-0.156048,-0.175254,0.678602,-0.088677,-0.336244,0.619132
0.001305,0.006984,0.647065,0.118939,0.005551,0.528468,0.167136,-0.212904,0.319429,0.215288,-0.082907,0.035603,-0.113239,0.023925,0.527463,-0.173918,-0.195754,0.323021,-0.187845,-0.063526,0.036270,0.001362,-0.005096,0.699816,0.132356,-0.201369,0.843334,0.150924,-0.195455,0.659993,0.070569,-0.341090,0.580466,-0.144906,-0.174689,0.862454,-0.155870,-0.175444,0.678454,-0.088477,-0.336393,0.618901
0.001301,0.006794,0.646953,0.118958,0.005389,0.528393,0.167159,-0.213065,0.319354,0.215282,-0.082913,0.035599,-0.113216,0.023826,0.527359,-0.173910,-0.195900,0.322971,-0.187824,-0.063519,0.036293,0.001353,-0.005322,0.699695,0.132315,-0.201746,0.843034,0.150993,-0.195750,0.659707,0.070673,-0.341441,0.580247,-0.144930,-0.174977,0.862261,-0.155730,-0.175668,0.678251,-0.088279,-0.336571,0.618638
0.001296,0.006544,0.646801,0.119006,0.005175,0.528302,0.167217,-0.213262,0.319248,0.215278,-0.082920,0.035574,-0.113166,0.023619,0.527181,-0.173906,-0.196152,0.322854,-0.187780,-0.063518,0.036298,0.001321,-0.005593,0.699539,0.132238,-0.202060,0.842867,0.151001,-0.196056,0.659548,0.070760,-0.341828,0.580158,-0.145020,-0.175342,0.861954,-0.155668,-0.175960,0.677936,-0.088086,-0.336806,0.618315
0.001292,0.006287,0.646641,0.119080,0.004938,0.528220,0.167271,-0.213492,0.319156,0.215261,-0.082910,0.035588,-0.113093,0.023367,0.526962,-0.173919,-0.196458,0.322719,-0.187775,-0.063536,0.036304,0.001282,-0.005860,0.699377,0.132085,-0.202364,0.842762,0.150944,-0.196395,0.659452,0.070760,-0.342214,0.580089,-0.145183,-0.175629,0.861662,-0.155645,-0.176248,0.677633,-0.087959,-0.337052,0.618017
0.001288,0.006025,0.646476,0.119166,0.004689,0.528144,0.167322,-0.213739,0.319070,0.215238,-0.082891,0.035621,-0.113008,0.023091,0.526724,-0.173942,-0.196791,0.322573,-0.187789,-0.063564,0.036309,0.001239,-0.006124,0.699211,0.131893,-0.202662,0.842689,0.150854,-0.196751,0.659387,0.070717,-0.342599,0.580031,-0.145383,-0.175877,0.861376,-0.155641,-0.176533,0.677336,-0.087865,-0.337303,0.617733
0.001306,0.005721,0.646289,0.119190,0.004274,0.527955,0.167356,-0.214134,0.318863,0.215251,-0.082918,0.035590,-0.112971,0.022847,0.526531,-0.173951,-0.197097,0.322461,-0.187758,-0.063555,0.036346,0.001229,-0.006414,0.699028,0.131753,-0.202909,0.842686,0.150795,-0.197074,0.659391,0.070749,-0.342956,0.580005,-0.145539,-0.176111,0.861115,-0.155541,-0.176773,0.677061,-0.087712,-0.337505,0.617418
0.001327,0.005426,0.646156,0.119222,0.003889,0.527826,0.167396,-0.214480,0.318695,0.215261,-0.082926,0.035584,-0.112925,0.022629,0.526390,-0.173948,-0.197348,0.322367,-0.187736,-0.063548,0.036376,0.001218,-0.006702,0.698897,0.131587,-0.203175,0.842730,0.150731,-0.197399,0.659443,0.070782,-0.343310,0.580014,-0.145723,-0.176369,0.860857,-0.155438,-0.177028,0.676788,-0.087560,-0.337736,0.617136
0.001354,0.005153,0.646130,0.119270,0.003564,0.527817,0.167449,-0.214728,0.318608,0.215267,-0.082896,0.035625,-0.112864,0.022465,0.526352,-0.173922,-0.197485,0.322311,-0.187730,-0.063546,0.036392,0.001204,-0.006985,0.698870,0.131370,-0.203478,0.842864,0.150656,-0.197728,0.659591,0.070815,-0.343659,0.580091,-0.145965,-0.176671,0.860604,-0.155328,-0.177314,0.676516,-0.087407,-0.338024,0.616919
0.001378,0.004830,0.646143,0.119309,0.003259,0.527841,0.167485,-0.214937,0.318532,0.215252,-0.082913,0.035634,-0.112821,0.022207,0.526358,-0.173909,-0.197674,0.322252,-0.187717,-0.063560,0.036418,0.001201,-0.007323,0.698880,0.131228,-0.203840,0.842970,0.150628,-0.198048,0.659710,0.070889,-0.343983,0.580112,-0.146127,-0.177058,0.860418,-0.155205,-0.177661,0.676315,-0.087263,-0.338398,0.616815
0.001401,0.004484,0.646176,0.119344,0.002964,0.527882,0.167513,-0.215125,0.318460,0.215228,-0.082952,0.035628,-0.112787,0.021903,0.526386,-0.173901,-0.197889,0.322191,-0.187701,-0.063583,0.036450,0.001204,-0.007688,0.698909,0.131124,-0.204230,0.843060,0.150624,-0.198364,0.659813,0.070983,-0.344293,0.580105,-0.146250,-0.177487,0.860264,-0.155076,-0.178038,0.676149,-0.087124,-0.338815,0.616768
0.001463,0.004175,0.646348,0.119408,0.002736,0.528046,0.167573,-0.215197,0.318461,0.215252,-0.082944,0.035661,-0.112728,0.021615,0.526548,-0.173864,-0.197968,0.322135,-0.187668,-0.063586,0.036431,0.001250,-0.008012,0.699078,0.131042,-0.204575,0.843315,0.150692,-0.198633,0.660086,0.071171,-0.344531,0.580197,-0.146351,-0.177850,0.860254,-0.154951,-0.178300,0.676128,-0.087018,-0.339146,0.616912
0.001515,0.003878,0.646549,0.119454,0.002498,0.528227,0.167612,-0.215249,0.318447,0.215262,-0.082936,0.035671,-0.112684,0.021358,0.526746,-0.173838,-0.198010,0.322107,-0.187651,-0.063585,0.036424,0.001289,-0.008323,0.699277,0.130968,-0.204903,0.843591,0.150735,-0.198913,0.660377,0.071289,-0.344772,0.580340,-0.146443,-0.178199,0.860290,-0.154824,-0.178561,0.676153,-0.086919,-0.339481,0.617106
0.001547,0.003602,0.646808,0.119462,0.002240,0.528440,0.167608,-0.215263,0.318404,0.215246,-0.082930,0.035637,-0.112670,0.021160,0.527013,-0.173835,-0.197978,0.322131,-0.187667,-0.063575,0.036439,0.001312,-0.008609,0.699534,0.130907,-0.205200,0.843912,0.150728,-0.199214,0.660704,0.071267,-0.345020,0.580583,-0.146517,-0.178520,0.860419,-0.154692,-0.178820,0.676272,-0.086833,-0.339825,0.617401
0.001579,0.003305,0.647151,0.119492,0.001965,0.528756,0.167626,-0.215242,0.318413,0.215244,-0.082927,0.035635,-0.112633,0.020988,0.527352,-0.173824,-0.197890,0.322201,-0.187667,-0.063574,0.036466,0.001326,-0.008929,0.699872,0.130827,-0.205572,0.844269,0.150730,-0.199576,0.661070,0.071247,-0.345372,0.580951,-0.146609,-0.178915,0.860583,-0.154599,-0.179199,0.676427,-0.086790,-0.340275,0.617696
0.001612,0.002998,0.647535,0.119531,0.001681,0.529124,0.167653,-0.215205,0.318447,0.215249,-0.082925,0.035649,-0.112583,0.020830,0.527726,-0.173808,-0.197774,0.322293,-0.187657,-0.063578,0.036498,0.001336,-0.009264,0.700250,0.130737,-0.205980,0.844644,0.150736,-0.199968,0.661456,0.071230,-0.345777,0.581384,-0.146710,-0.179346,0.860764,-0.154525,-0.179636,0.676600,-0.086769,-0.340779,0.617991
0.001668,0.002724,0.648021,0.119578,0.001433,0.529575,0.167701,-0.215102,0.318539,0.215249,-0.082935,0.035673,-0.112524,0.020733,0.528210,-0.173731,-0.197504,0.322382,-0.187655,-0.063586,0.036452,0.001376,-0.009571,0.700728,0.130635,-0.206413,0.845088,0.150752,-0.200437,0.661912,0.071129,-0.346230,0.581924,-0.146812,-0.179716,0.861049,-0.154496,-0.179981,0.676880,-0.086780,-0.341164,0.618334
0.001713,0.002455,0.648520,0.119612,0.001187,0.530037,0.167741,-0.214978,0.318623,0.215246,-0.082937,0.035685,-0.112476,0.020654,0.528712,-0.173680,-0.197217,0.322495,-0.187660,-0.063579,0.036429,0.001409,-0.009876,0.701219,0.130557,-0.206850,0.845505,0.150772,-0.200894,0.662340,0.071032,-0.346670,0.582439,-0.146888,-0.180097,0.861365,-0.154473,-0.180327,0.677191,-0.086774,-0.341531,0.618683
0.001738,0.002195,0.649047,0.119620,0.000943,0.530519,0.167768,-0.214812,0.318691,0.215232,-0.082926,0.035671,-0.112451,0.020611,0.529250,-0.173681,-0.196895,0.322656,-0.187680,-0.063545,0.036448,0.001428,-0.010177,0.701736,0.130528,-0.207298,0.845871,0.150799,-0.201325,0.662713,0.070941,-0.347083,0.582901,-0.146909,-0.180500,0.861742,-0.154464,-0.180675,0.677567,-0.086737,-0.341863,0.619044
0.001775,0.001916,0.649555,0.119656,0.000731,0.531003,0.167803,-0.214648,0.318794,0.215222,-0.082933,0.035681,-0.112406,0.020519,0.529760,-0.173634,-0.196620,0.322780,-0.187685,-0.063553,0.036434,0.001462,-0.010505,0.702233,0.130500,-0.207817,0.846167,0.150832,-0.201793,0.663017,0.070876,-0.347570,0.583339,-0.146921,-0.180929,0.862097,-0.154478,-0.181050,0.677923,-0.086693,-0.342209,0.619389
0.001818,0.001627,0.650054,0.119704,0.000534,0.531489,0.167840,-0.214487,0.318915,0.215215,-0.082950,0.035704,-0.112351,0.020402,0.530256,-0.173564,-0.196367,0.322884,-0.187683,-0.063581,0.036406,0.001503,-0.010846,0.702719,0.130474,-0.208371,0.846427,0.150866,-0.202281,0.663286,0.070822,-0.348092,0.583765,-0.146929,-0.181369,0.862442,-0.154503,-0.181438,0.678268,-0.086644,-0.342562,0.619725
0.001865,0.001391,0.650488,0.119776,0.000455,0.531937,0.167912,-0.214256,0.319052,0.215234,-0.082944,0.035720,-0.112283,0.020274,0.530678,-0.173508,-0.196184,0.322985,-0.187679,-0.063563,0.036427,0.001561,-0.011140,0.703139,0.130526,-0.208915,0.846511,0.151021,-0.202762,0.663383,0.070843,-0.348585,0.584021,-0.146844,-0.181770,0.862786,-0.154561,-0.181796,0.678619,-0.086647,-0.342861,0.619978
0.001901,0.001162,0.650891,0.119816,0.000352,0.532333,0.167957,-0.214068,0.319155,0.215243,-0.082942,0.035725,-0.112244,0.020157,0.531084,-0.173463,-0.196002,0.323078,-0.187674,-0.063552,0.036437,0.001611,-0.011420,0.703530,0.130572,-0.209419,0.846602,0.151116,-0.203256,0.663480,0.070795,-0.349087,0.584276,-0.146768,-0.182141,0.863117,-0.154625,-0.182152,0.678956,-0.086657,-0.343161,0.620224
0.001916,0.000946,0.651231,0.119794,0.000197,0.532624,0.167949,-0.213964,0.319190,0.215229,-0.082944,0.035705,-0.112261,0.020064,0.531456,-0.173441,-0.195821,0.323155,-0.187666,-0.063554,0.036425,0.001644,-0.011672,0.703861,0.130604,-0.209843,0.846710,0.151093,-0.203778,0.663579,0.070614,-0.349608,0.584533,-0.146707,-0.182454,0.863420,-0.154701,-0.182507,0.679266,-0.086679,-0.343464,0.620456
0.001931,0.000717,0.651512,0.119783,0.000058,0.532873,0.167983,-0.213875,0.319220,0.215234,-0.082946,0.035686,-0.112270,0.019947,0.531769,-0.173423,-0.195702,0.323216,-0.187674,-0.063576,0.036419,0.001674,-0.011942,0.704132,0.130628,-0.210287,0.846759,0.151135,-0.204335,0.663626,0.070414,-0.350153,0.584807,-0.146660,-0.182817,0.863619,-0.154859,-0.182899,0.679474,-0.086823,-0.343846,0.620648
0.001946,0.000483,0.651763,0.119778,-0.000074,0.533100,0.168038,-0.213793,0.319247,0.215249,-0.082948,0.035669,-0.112275,0.019818,0.532051,-0.173407,-0.195615,0.323269,-0.187689,-0.063608,0.036416,0.001702,-0.012221,0.704372,0.130649,-0.210742,0.846777,0.151209,-0.204908,0.663647,0.070203,-0.350708,0.585090,-0.146620,-0.183205,0.863766,-0.155057,-0.183309,0.679631,-0.087029,-0.344266,0.620821
0.001977,0.000317,0.651953,0.119834,-0.000098,0.533319,0.168062,-0.213675,0.319316,0.215232,-0.082938,0.035675,-0.112227,0.019710,0.532235,-0.173380,-0.195560,0.323292,-0.187672,-0.063567,0.036430,0.001742,-0.012435,0.704549,0.130679,-0.211181,0.846665,0.151245,-0.205450,0.663533,0.069927,-0.351185,0.585177,-0.146556,-0.183507,0.863882,-0.155273,-0.183609,0.679761,-0.087344,-0.344604,0.620939
0.002012,0.000144,0.652129,0.119901,-0.000128,0.533532,0.168100,-0.213571,0.319389,0.215228,-0.082932,0.035692,-0.112167,0.019586,0.532400,-0.173347,-0.195535,0.323310,-0.187663,-0.063539,0.036449,0.001785,-0.012655,0.704714,0.130725,-0.211611,0.846547,0.151291,-0.205979,0.663412,0.069693,-0.351656,0.585242,-0.146480,-0.183821,0.863987,-0.155461,-0.183916,0.679879,-0.087608,-0.344947,0.621066
0.002058,-0.000043,0.652279,0.119995,-0.000170,0.533735,0.168165,-0.213496,0.319470,0.215247,-0.082932,0.035728,-0.112083,0.019427,0.532525,-0.173300,-0.195570,0.323318,-0.187668,-0.063539,0.036477,0.001835,-0.012887,0.704853,0.130802,-0.212026,0.846418,0.151360,-0.206482,0.663279,0.069544,-0.352120,0.585265,-0.146377,-0.184160,0.864070,-0.155595,-0.184237,0.679973,-0.087772,-0.345299,0.621208
0.002064,-0.000192,0.652353,0.120015,-0.000221,0.533835,0.168165,-0.213467,0.319486,0.215243,-0.082932,0.035728,-0.112063,0.019369,0.532614,-0.173279,-0.195554,0.323331,-0.187665,-0.063550,0.036478,0.001852,-0.013085,0.704914,0.130865,-0.212420,0.846176,0.151368,-0.206955,0.663030,0.069362,-0.352586,0.585207,-0.146285,-0.184484,0.864077,-0.155777,-0.184551,0.679994,-0.088102,-0.345667,0.621211
0.002051,-0.000321,0.652390,0.119999,-0.000278,0.533883,0.168134,-0.213462,0.319469,0.215227,-0.082932,0.035710,-0.112075,0.019362,0.532686,-0.173270,-0.195511,0.323347,-0.187658,-0.063567,0.036465,0.001853,-0.013266,0.704938,0.130921,-0.212803,0.845880,0.151346,-0.207413,0.662722,0.069164,-0.353052,0.585108,-0.146200,-0.184799,0.864046,-0.155985,-0.184860,0.679977,-0.088514,-0.346044,0.621144
0.002093,-0.000468,0.652417,0.120026,-0.000416,0.533904,0.168174,-0.213563,0.319456,0.215240,-0.082943,0.035737,-0.112040,0.019324,0.532745,-0.173256,-0.195505,0.323366,-0.187676,-0.063575,0.036478,0.001903,-0.013443,0.704957,0.130960,-0.213126,0.845712,0.151342,-0.207783,0.662548,0.069054,-0.353446,0.585094,-0.146137,-0.185030,0.864032,-0.156087,-0.185168,0.679973,-0.088635,-0.346330,0.621058
0.002128,-0.000601,0.652406,0.120047,-0.000527,0.533891,0.168197,-0.213658,0.319427,0.215246,-0.082948,0.035749,-0.112012,0.019293,0.532770,-0.173240,-0.195513,0.323372,-0.187681,-0.063577,0.036488,0.001947,-0.013610,0.704937,0.131007,-0.213441,0.845486,0.151359,-0.208118,0.662318,0.069013,-0.353823,0.585006,-0.146066,-0.185266,0.863974,-0.156195,-0.185453,0.679925,-0.088765,-0.346598,0.620937
0.002151,-0.000708,0.652318,0.120056,-0.000582,0.533810,0.168186,-0.213739,0.319368,0.215238,-0.082939,0.035734,-0.112000,0.019277,0.532728,-0.173220,-0.195551,0.323350,-0.187658,-0.063567,0.036490,0.001983,-0.013756,0.704839,0.131074,-0.213742,0.845145,0.151415,-0.208384,0.661977,0.069110,-0.354168,0.584769,-0.145978,-0.185511,0.863828,-0.156314,-0.185692,0.679790,-0.088914,-0.346829,0.620747
0.002187,-0.000829,0.652186,0.120100,-0.000640,0.533706,0.168203,-0.213867,0.319327,0.215216,-0.082927,0.035755,-0.111960,0.019179,0.532611,-0.173211,-0.195684,0.323277,-0.187658,-0.063563,0.036484,0.002029,-0.013906,0.704700,0.131141,-0.214012,0.844815,0.151471,-0.208594,0.661647,0.069127,-0.354388,0.584503,-0.145891,-0.185716,0.863676,-0.156405,-0.185911,0.679649,-0.088943,-0.347023,0.620606
0.002229,-0.000957,0.652032,0.120162,-0.000701,0.533591,0.168233,-0.214019,0.319296,0.215188,-0.082913,0.035796,-0.111904,0.019040,0.532457,-0.173207,-0.195863,0.323179,-0.187668,-0.063561,0.036474,0.002079,-0.014056,0.704540,0.131207,-0.214266,0.844490,0.151526,-0.208776,0.661323,0.069103,-0.354546,0.584222,-0.145804,-0.185901,0.863521,-0.156481,-0.186121,0.679504,-0.088912,-0.347197,0.620488
0.002222,-0.001050,0.651749,0.120124,-0.000761,0.533303,0.168239,-0.214237,0.319176,0.215184,-0.082941,0.035765,-0.111944,0.018952,0.532226,-0.173235,-0.196077,0.323075,-0.187664,-0.063576,0.036466,0.002087,-0.014166,0.704252,0.131254,-0.214421,0.844100,0.151568,-0.208835,0.660935,0.069138,-0.354619,0.583869,-0.145752,-0.186071,0.863216,-0.156512,-0.186325,0.679204,-0.088781,-0.347348,0.620231
0.002224,-0.001135,0.651475,0.120100,-0.000831,0.533028,0.168233,-0.214473,0.319070,0.215169,-0.082953,0.035767,-0.111970,0.018871,0.531999,-0.173259,-0.196290,0.322982,-0.187659,-0.063582,0.036473,0.002101,-0.014264,0.703975,0.131304,-0.214550,0.843740,0.151618,-0.208877,0.660578,0.069178,-0.354666,0.583533,-0.145698,-0.186214,0.862932,-0.156539,-0.186505,0.678926,-0.088644,-0.347478,0.620007
0.002242,-0.001204,0.651220,0.120101,-0.000921,0.532777,0.168203,-0.214745,0.318993,0.215134,-0.082931,0.035836,-0.111967,0.018804,0.531777,-0.173277,-0.196497,0.322910,-0.187652,-0.063568,0.036508,0.002127,-0.014337,0.703720,0.131360,-0.214630,0.843443,0.151688,-0.208885,0.660284,0.069228,-0.354660,0.583235,-0.145639,-0.186305,0.862693,-0.156563,-0.186640,0.678692,-0.088498,-0.347569,0.619848
0.002246,-0.001280,0.650890,0.120085,-0.001021,0.532450,0.168182,-0.215036,0.318856,0.215114,-0.082940,0.035838,-0.111980,0.018740,0.531486,-0.173311,-0.196728,0.322799,-0.187638,-0.063583,0.036500,0.002140,-0.014419,0.703387,0.131424,-0.214718,0.843052,0.151749,-0.208907,0.659895,0.069285,-0.354629,0.582749,-0.145573,-0.186423,0.862374,-0.156586,-0.186787,0.678379,-0.088414,-0.347690,0.619592
0.002244,-0.001359,0.650522,0.120061,-0.001124,0.532086,0.168167,-0.215335,0.318690,0.215102,-0.082964,0.035808,-0.112001,0.018676,0.531162,-0.173353,-0.196972,0.322667,-0.187621,-0.063612,0.036470,0.002146,-0.014506,0.703017,0.131492,-0.214810,0.842613,0.151805,-0.208937,0.659458,0.069346,-0.354586,0.582171,-0.145504,-0.186555,0.862017,-0.156609,-0.186939,0.678027,-0.088362,-0.347827,0.619286
0.002241,-0.001407,0.650203,0.120042,-0.001170,0.531775,0.168179,-0.215599,0.318605,0.215123,-0.082968,0.035853,-0.112024,0.018581,0.530874,-0.173417,-0.197233,0.322563,-0.187639,-0.063592,0.036503,0.002144,-0.014552,0.702700,0.131514,-0.214789,0.842364,0.151970,-0.208884,0.659226,0.069531,-0.354494,0.581838,-0.145501,-0.186646,0.861657,-0.156657,-0.187074,0.677670,-0.088356,-0.347913,0.618855
0.002254,-0.001468,0.649887,0.120044,-0.001236,0.531467,0.168183,-0.215865,0.318498,0.215136,-0.082980,0.035873,-0.112027,0.018465,0.530577,-0.173450,-0.197507,0.322438,-0.187645,-0.063588,0.036515,0.002156,-0.014605,0.702386,0.131535,-0.214774,0.842136,0.152117,-0.208854,0.659013,0.069728,-0.354416,0.581478,-0.145497,-0.186714,0.861319,-0.156686,-0.187198,0.677335,-0.088369,-0.348005,0.618451
0.002299,-0.001555,0.649574,0.120088,-0.001346,0.531164,0.168170,-0.216137,0.318345,0.215133,-0.083005,0.035845,-0.111987,0.018306,0.530264,-0.173425,-0.197805,0.322273,-0.187626,-0.063619,0.036483,0.002196,-0.014673,0.702078,0.131554,-0.214767,0.841951,0.152232,-0.208869,0.658837,0.069950,-0.354367,0.581063,-0.145489,-0.186739,0.861027,-0.156676,-0.187301,0.677043,-0.088418,-0.348111,0.618098
0.002323,-0.001589,0.649359,0.120109,-0.001410,0.530951,0.168202,-0.216322,0.318257,0.215135,-0.082995,0.035851,-0.111968,0.018210,0.530049,-0.173435,-0.198016,0.322187,-0.187622,-0.063607,0.036508,0.002213,-0.014687,0.701868,0.131580,-0.214661,0.841902,0.152344,-0.208792,0.658798,0.070093,-0.354179,0.580772,-0.145488,-0.186751,0.860803,-0.156648,-0.187376,0.676817,-0.088457,-0.348190,0.617803
0.002338,-0.001597,0.649192,0.120119,-0.001452,0.530784,0.168257,-0.216464,0.318201,0.215139,-0.082965,0.035873,-0.111960,0.018146,0.529884,-0.173464,-0.198184,0.322141,-0.187625,-0.063575,0.036561,0.002218,-0.014674,0.701707,0.131609,-0.214506,0.841921,0.152455,-0.208668,0.658826,0.070198,-0.353919,0.580544,-0.145490,-0.186757,0.860613,-0.156611,-0.187437,0.676625,-0.088492,-0.348255,0.617537
0.002327,-0.001590,0.649025,0.120077,-0.001471,0.530595,0.168210,-0.216576,0.318105,0.215089,-0.082966,0.035834,-0.112000,0.018151,0.529750,-0.173501,-0.198252,0.322083,-0.187634,-0.063573,0.036536,0.002201,-0.014662,0.701542,0.131559,-0.214431,0.841883,0.152437,-0.208691,0.658790,0.070109,-0.353824,0.580358,-0.145561,-0.186763,0.860373,-0.156587,-0.187426,0.676379,-0.088438,-0.348243,0.617324
0.002323,-0.001577,0.648860,0.120054,-0.001475,0.530421,0.168202,-0.216679,0.318033,0.215074,-0.082961,0.035815,-0.112022,0.018151,0.529608,-0.173532,-0.198332,0.322027,-0.187638,-0.063566,0.036521,0.002190,-0.014643,0.701379,0.131537,-0.214337,0.841843,0.152458,-0.208695,0.658752,0.070111,-0.353743,0.580179,-0.145607,-0.186780,0.860136,-0.156534,-0.187439,0.676135,-0.088329,-0.348260,0.617158
0.002335,-0.001551,0.648697,0.120072,-0.001451,0.530274,0.168271,-0.216762,0.318008,0.215134,-0.082946,0.035840,-0.112008,0.018142,0.529446,-0.173552,-0.198436,0.321975,-0.187629,-0.063552,0.036529,0.002190,-0.014611,0.701218,0.131570,-0.214207,0.841798,0.152555,-0.208663,0.658711,0.070302,-0.353695,0.580013,-0.145601,-0.186819,0.859902,-0.156423,-0.187499,0.675895,-0.088110,-0.348336,0.617085
0.002330,-0.001538,0.648497,0.120074,-0.001430,0.530089,0.168244,-0.216874,0.317950,0.215127,-0.082954,0.035838,-0.112015,0.018055,0.529236,-0.173563,-0.198640,0.321887,-0.187628,-0.063578,0.036529,0.002175,-0.014578,0.701023,0.131550,-0.214061,0.841778,0.152631,-0.208719,0.658696,0.070571,-0.353780,0.579854,-0.145645,-0.186787,0.859676,-0.156366,-0.187494,0.675663,-0.087987,-0.348381,0.617065
0.002316,-0.001532,0.648278,0.120069,-0.001411,0.529884,0.168167,-0.216999,0.317875,0.215087,-0.082975,0.035823,-0.112032,0.017929,0.529000,-0.173570,-0.198893,0.321782,-0.187632,-0.063623,0.036527,0.002152,-0.014546,0.700811,0.131503,-0.213908,0.841770,0.152695,-0.208820,0.658694,0.070878,-0.353931,0.579698,-0.145713,-0.186719,0.859454,-0.156335,-0.187457,0.675435,-0.087912,-0.348409,0.617071
0.002298,-0.001502,0.648063,0.120043,-0.001422,0.529660,0.168212,-0.217136,0.317794,0.215122,-0.082958,0.035820,-0.112064,0.017833,0.528774,-0.173638,-0.199102,0.321683,-0.187634,-0.063592,0.036546,0.002133,-0.014475,0.700606,0.131562,-0.213640,0.841784,0.152880,-0.208855,0.658713,0.071460,-0.354126,0.579605,-0.145679,-0.186632,0.859317,-0.156273,-0.187544,0.675298,-0.087708,-0.348506,0.617126
0.002283,-0.001474,0.647842,0.120021,-0.001438,0.529431,0.168228,-0.217284,0.317708,0.215138,-0.082944,0.035816,-0.112092,0.017744,0.528543,-0.173681,-0.199306,0.321578,-0.187635,-0.063578,0.036550,0.002120,-0.014409,0.700394,0.131609,-0.213411,0.841755,0.153075,-0.208910,0.658693,0.072002,-0.354344,0.579533,-0.145649,-0.186524,0.859192,-0.156262,-0.187588,0.675175,-0.087599,-0.348565,0.617161
0.002276,-0.001449,0.647609,0.120006,-0.001463,0.529192,0.168186,-0.217454,0.317611,0.215115,-0.082933,0.035812,-0.112111,0.017670,0.528303,-0.173679,-0.199502,0.321460,-0.187633,-0.063598,0.036520,0.002119,-0.014352,0.700170,0.131632,-0.213261,0.841642,0.153287,-0.209004,0.658596,0.072463,-0.354615,0.579503,-0.145625,-0.186375,0.859088,-0.156354,-0.187543,0.675079,-0.087681,-0.348548,0.617156
0.002281,-0.001414,0.647438,0.120013,-0.001452,0.529027,0.168197,-0.217549,0.317555,0.215154,-0.082942,0.035805,-0.112108,0.017645,0.528129,-0.173707,-0.199630,0.321403,-0.187621,-0.063605,0.036522,0.002124,-0.014300,0.700003,0.131699,-0.213123,0.841546,0.153524,-0.209059,0.658516,0.072988,-0.354875,0.579506,-0.145566,-0.186331,0.858966,-0.156360,-0.187633,0.674961,-0.087652,-0.348636,0.617076
0.002292,-0.001374,0.647297,0.120030,-0.001422,0.528899,0.168236,-0.217606,0.317520,0.215225,-0.082962,0.035795,-0.112093,0.017645,0.527987,-0.173750,-0.199724,0.321377,-0.187602,-0.063606,0.036540,0.002133,-0.014251,0.699864,0.131789,-0.212989,0.841459,0.153772,-0.209093,0.658443,0.073545,-0.355128,0.579527,-0.145490,-0.186340,0.858836,-0.156323,-0.187789,0.674834,-0.087567,-0.348775,0.616959
0.002253,-0.001294,0.647252,0.119948,-0.001304,0.528824,0.168154,-0.217556,0.317515,0.215188,-0.082936,0.035787,-0.112179,0.017714,0.527989,-0.173749,-0.199695,0.321396,-0.187617,-0.063607,0.036545,0.002110,-0.014180,0.699817,0.131804,-0.212919,0.841379,0.153964,-0.209130,0.658382,0.073755,-0.355282,0.579664,-0.145478,-0.186322,0.858768,-0.156418,-0.187820,0.674773,-0.087666,-0.348831,0.616961
0.002231,-0.001212,0.647223,0.119903,-0.001170,0.528785,0.168118,-0.217485,0.317542,0.215177,-0.082923,0.035788,-0.112230,0.017776,0.527991,-0.173748,-0.199661,0.321413,-0.187629,-0.063609,0.036544,0.002101,-0.014109,0.699785,0.131863,-0.212848,0.841290,0.154202,-0.209140,0.658313,0.073984,-0.355408,0.579817,-0.145421,-0.186326,0.858723,-0.156494,-0.187887,0.674736,-0.087740,-0.348918,0.616984
0.002243,-0.001128,0.647227,0.119930,-0.001006,0.528817,0.168174,-0.217370,0.317630,0.215217,-0.082939,0.035809,-0.112212,0.017825,0.527990,-0.173745,-0.199619,0.321424,-0.187633,-0.063612,0.036531,0.002122,-0.014039,0.699785,0.132012,-0.212773,0.841182,0.154532,-0.209096,0.658227,0.074252,-0.355479,0.580001,-0.145275,-0.186374,0.858720,-0.156530,-0.188023,0.674745,-0.087765,-0.349069,0.617047
0.002253,-0.001004,0.647249,0.119961,-0.000863,0.528862,0.168162,-0.217238,0.317677,0.215233,-0.082948,0.035790,-0.112184,0.017937,0.528000,-0.173709,-0.199550,0.321476,-0.187626,-0.063614,0.036548,0.002137,-0.013920,0.699806,0.132116,-0.212667,0.841104,0.154767,-0.209053,0.658164,0.074409,-0.355523,0.580177,-0.145162,-0.186297,0.858793,-0.156623,-0.188062,0.674832,-0.087828,-0.349128,0.617231
0.002262,-0.000860,0.647280,0.119993,-0.000730,0.528914,0.168117,-0.217098,0.317704,0.215237,-0.082953,0.035751,-0.112151,0.018080,0.528014,-0.173656,-0.199467,0.321547,-0.187613,-0.063614,0.036581,0.002150,-0.013776,0.699836,0.132197,-0.212546,0.841040,0.154955,-0.209010,0.658112,0.074510,-0.355552,0.580349,-0.145066,-0.186159,0.858904,-0.156745,-0.188051,0.674958,-0.087908,-0.349142,0.617474
0.002259,-0.000679,0.647237,0.119962,-0.000706,0.528827,0.168152,-0.217132,0.317692,0.215238,-0.082934,0.035761,-0.112172,0.018235,0.527971,-0.173635,-0.199385,0.321568,-0.187608,-0.063599,0.036569,0.002168,-0.013550,0.699803,0.132387,-0.212175,0.841051,0.155180,-0.208791,0.658124,0.074610,-0.355411,0.580637,-0.144866,-0.185847,0.859137,-0.156769,-0.187963,0.675208,-0.087827,-0.349032,0.617784
0.002272,-0.000506,0.647153,0.119954,-0.000721,0.528704,0.168173,-0.217215,0.317645,0.215234,-0.082935,0.035752,-0.112167,0.018372,0.527875,-0.173633,-0.199342,0.321572,-0.187605,-0.063589,0.036558,0.002201,-0.013323,0.699732,0.132558,-0.211824,0.841018,0.155372,-0.208580,0.658092,0.074625,-0.355246,0.580877,-0.144672,-0.185455,0.859396,-0.156801,-0.187801,0.675485,-0.087811,-0.348869,0.618116
0.002314,-0.000347,0.646988,0.119995,-0.000814,0.528512,0.168163,-0.217393,0.317530,0.215220,-0.082976,0.035707,-0.112110,0.018474,0.527672,-0.173673,-0.199380,0.321545,-0.187604,-0.063587,0.036548,0.002265,-0.013092,0.699583,0.132692,-0.211516,0.840898,0.155502,-0.208384,0.657970,0.074470,-0.355031,0.581020,-0.144489,-0.184901,0.859707,-0.156846,-0.187489,0.675815,-0.087925,-0.348602,0.618491
0.002351,-0.000155,0.646805,0.120127,-0.000896,0.528381,0.168218,-0.217550,0.317460,0.215229,-0.082973,0.035710,-0.111967,0.018516,0.527347,-0.173670,-0.199533,0.321468,-0.187614,-0.063589,0.036547,0.002304,-0.012801,0.699422,0.132822,-0.211083,0.840833,0.155572,-0.208088,0.657895,0.074433,-0.354769,0.581123,-0.144305,-0.184214,0.860106,-0.156818,-0.187131,0.676230,-0.087967,-0.348305,0.618993
0.002386,0.000054,0.646614,0.120304,-0.000972,0.528283,0.168308,-0.217695,0.317413,0.215248,-0.082948,0.035738,-0.111781,0.018527,0.526962,-0.173645,-0.199745,0.321366,-0.187628,-0.063593,0.036552,0.002330,-0.012480,0.699255,0.132950,-0.210589,0.840794,0.155612,-0.207743,0.657842,0.074453,-0.354482,0.581203,-0.144121,-0.183459,0.860548,-0.156753,-0.186749,0.676686,-0.087973,-0.347991,0.619557
0.002405,0.000237,0.646538,0.120393,-0.001113,0.528211,0.168349,-0.217839,0.317335,0.215263,-0.082955,0.035725,-0.111686,0.018459,0.526724,-0.173648,-0.199901,0.321250,-0.187622,-0.063597,0.036514,0.002365,-0.012153,0.699212,0.133149,-0.209974,0.840978,0.155583,-0.207308,0.657995,0.074485,-0.354145,0.581479,-0.143868,-0.182621,0.861243,-0.156533,-0.186361,0.677393,-0.087951,-0.347746,0.620428
0.002419,0.000428,0.646513,0.120437,-0.001216,0.528159,0.168378,-0.217942,0.317280,0.215267,-0.082962,0.035715,-0.111632,0.018460,0.526585,-0.173649,-0.199965,0.321196,-0.187620,-0.063600,0.036491,0.002401,-0.011838,0.699213,0.133333,-0.209414,0.841166,0.155526,-0.206896,0.658151,0.074462,-0.353792,0.581713,-0.143634,-0.181868,0.861887,-0.156290,-0.186021,0.678044,-0.087941,-0.347556,0.621227
0.002422,0.000638,0.646586,0.120390,-0.001246,0.528148,0.168381,-0.217963,0.317271,0.215249,-0.082970,0.035708,-0.111665,0.018597,0.526645,-0.173647,-0.199845,0.321263,-0.187625,-0.063600,0.036496,0.002438,-0.011547,0.699304,0.133490,-0.208958,0.841362,0.155418,-0.206532,0.658314,0.074330,-0.353408,0.581863,-0.143439,-0.181286,0.862429,-0.156004,-0.185779,0.678588,-0.087954,-0.347482,0.621886
0.002449,0.000871,0.646776,0.120392,-0.001152,0.528287,0.168372,-0.217799,0.317336,0.215260,-0.082955,0.035702,-0.111653,0.018811,0.526823,-0.173603,-0.199606,0.321404,-0.187632,-0.063591,0.036523,0.002486,-0.011272,0.699503,0.133607,-0.208625,0.841568,0.155320,-0.206180,0.658493,0.074221,-0.353061,0.582061,-0.143289,-0.180837,0.862909,-0.155678,-0.185566,0.679061,-0.087912,-0.347467,0.622582
0.002487,0.001115,0.647025,0.120419,-0.000995,0.528502,0.168355,-0.217543,0.317439,0.215285,-0.082930,0.035697,-0.111618,0.019063,0.527059,-0.173536,-0.199307,0.321581,-0.187641,-0.063576,0.036560,0.002540,-0.011005,0.699756,0.133704,-0.208354,0.841778,0.155225,-0.205835,0.658681,0.074124,-0.352733,0.582284,-0.143163,-0.180454,0.863358,-0.155330,-0.185368,0.679498,-0.087844,-0.347481,0.623297
0.002507,0.001315,0.647338,0.120466,-0.000782,0.528811,0.168358,-0.217173,0.317577,0.215303,-0.082915,0.035660,-0.111580,0.019172,0.527309,-0.173506,-0.199030,0.321655,-0.187646,-0.063580,0.036496,0.002576,-0.010779,0.700075,0.133802,-0.208117,0.842046,0.155098,-0.205551,0.658923,0.073894,-0.352337,0.582419,-0.143032,-0.180103,0.863894,-0.154992,-0.185151,0.680024,-0.087757,-0.347503,0.624211
0.002521,0.001514,0.647651,0.120489,-0.000590,0.529102,0.168371,-0.216836,0.317718,0.215309,-0.082910,0.035634,-0.111564,0.019282,0.527573,-0.173464,-0.198765,0.321747,-0.187656,-0.063588,0.036455,0.002610,-0.010549,0.700393,0.133887,-0.207860,0.842347,0.154956,-0.205282,0.659200,0.073614,-0.351925,0.582570,-0.142917,-0.179733,0.864437,-0.154636,-0.184940,0.680555,-0.087585,-0.347497,0.625118
0.002524,0.001711,0.647961,0.120464,-0.000441,0.529355,0.168407,-0.216569,0.317865,0.215294,-0.082926,0.035629,-0.111592,0.019394,0.527865,-0.173400,-0.198525,0.321875,-0.187672,-0.063604,0.036460,0.002637,-0.010311,0.700713,0.133946,-0.207563,0.842717,0.154787,-0.205041,0.659543,0.073232,-0.351483,0.582754,-0.142831,-0.179326,0.864990,-0.154247,-0.184741,0.681095,-0.087244,-0.347437,0.626011
0.002543,0.001881,0.648197,0.120487,-0.000392,0.529555,0.168423,-0.216405,0.317946,0.215291,-0.082933,0.035620,-0.111568,0.019456,0.528038,-0.173389,-0.198352,0.321936,-0.187698,-0.063599,0.036438,0.002665,-0.010076,0.700963,0.133988,-0.207200,0.843127,0.154620,-0.204794,0.659928,0.072761,-0.351010,0.583034,-0.142767,-0.178850,0.865525,-0.153932,-0.184512,0.681622,-0.086923,-0.347282,0.626763
0.002568,0.002036,0.648395,0.120533,-0.000394,0.529728,0.168428,-0.216294,0.317994,0.215293,-0.082936,0.035609,-0.111518,0.019494,0.528152,-0.173404,-0.198212,0.321961,-0.187730,-0.063584,0.036401,0.002692,-0.009844,0.701178,0.134021,-0.206806,0.843555,0.154454,-0.204542,0.660334,0.072245,-0.350520,0.583360,-0.142714,-0.178338,0.866050,-0.153655,-0.184268,0.682142,-0.086610,-0.347078,0.627445
0.002605,0.002149,0.648530,0.120560,-0.000445,0.529815,0.168438,-0.216246,0.317978,0.215308,-0.082928,0.035578,-0.111483,0.019540,0.528243,-0.173384,-0.198097,0.321984,-0.187727,-0.063551,0.036387,0.002739,-0.009666,0.701327,0.134083,-0.206501,0.843861,0.154268,-0.204350,0.660612,0.071683,-0.350200,0.583798,-0.142630,-0.177918,0.866486,-0.153269,-0.184095,0.682569,-0.086087,-0.346897,0.628015
0.002633,0.002250,0.648623,0.120579,-0.000507,0.529867,0.168449,-0.216233,0.317952,0.215316,-0.082920,0.035551,-0.111453,0.019599,0.528300,-0.173361,-0.198006,0.322008,-0.187732,-0.063539,0.036376,0.002773,-0.009509,0.701432,0.134110,-0.206240,0.844112,0.154075,-0.204171,0.660838,0.071111,-0.349889,0.584185,-0.142583,-0.177542,0.866830,-0.152917,-0.183934,0.682903,-0.085567,-0.346722,0.628515
0.002646,0.002325,0.648630,0.120585,-0.000590,0.529849,0.168462,-0.216286,0.317905,0.215309,-0.082914,0.035530,-0.111433,0.019682,0.528289,-0.173332,-0.197964,0.322037,-0.187752,-0.063569,0.036370,0.002782,-0.009394,0.701448,0.134069,-0.206064,0.844253,0.153869,-0.204016,0.660962,0.070516,-0.349597,0.584473,-0.142610,-0.177254,0.866992,-0.152634,-0.183798,0.683054,-0.085055,-0.346560,0.628873
0.002682,0.002374,0.648639,0.120590,-0.000680,0.529812,0.168461,-0.216382,0.317873,0.215323,-0.082926,0.035543,-0.111417,0.019722,0.528298,-0.173337,-0.197917,0.322045,-0.187743,-0.063575,0.036351,0.002824,-0.009305,0.701466,0.134062,-0.205912,0.844400,0.153633,-0.203875,0.661085,0.069879,-0.349289,0.584715,-0.142605,-0.176989,0.867159,-0.152332,-0.183661,0.683211,-0.084529,-0.346418,0.629298
0.002729,0.002409,0.648649,0.120594,-0.000774,0.529767,0.168454,-0.216499,0.317849,0.215347,-0.082945,0.035572,-0.111404,0.019741,0.528317,-0.173359,-0.197867,0.322043,-0.187720,-0.063570,0.036326,0.002881,-0.009230,0.701484,0.134071,-0.205771,0.844550,0.153382,-0.203740,0.661208,0.069223,-0.348973,0.584936,-0.142583,-0.176736,0.867329,-0.152020,-0.183523,0.683370,-0.083996,-0.346287,0.629758
0.002691,0.002479,0.648665,0.120594,-0.000731,0.529812,0.168409,-0.216449,0.317876,0.215321,-0.082926,0.035587,-0.111405,0.019764,0.528290,-0.173353,-0.197898,0.322069,-0.187732,-0.063560,0.036372,0.002828,-0.009141,0.701505,0.133943,-0.205666,0.844666,0.153018,-0.203696,0.661300,0.068547,-0.348801,0.585132,-0.142708,-0.176560,0.867375,-0.151880,-0.183409,0.683405,-0.083770,-0.346220,0.630044
0.002668,0.002533,0.648689,0.120600,-0.000720,0.529852,0.168385,-0.216429,0.317901,0.215310,-0.082917,0.035607,-0.111401,0.019757,0.528272,-0.173349,-0.197930,0.322079,-0.187735,-0.063552,0.036402,0.002795,-0.009062,0.701535,0.133843,-0.205548,0.844815,0.152672,-0.203661,0.661424,0.067920,-0.348655,0.585357,-0.142804,-0.176366,0.867465,-0.151724,-0.183274,0.683485,-0.083539,-0.346123,0.630337
0.002677,0.002551,0.648730,0.120616,-0.000772,0.529882,0.168405,-0.216470,0.317920,0.215329,-0.082927,0.035640,-0.111386,0.019692,0.528274,-0.173347,-0.197968,0.322055,-0.187716,-0.063549,0.036398,0.002801,-0.009001,0.701585,0.133798,-0.205405,0.845030,0.152364,-0.203645,0.661611,0.067392,-0.348563,0.585643,-0.142842,-0.176133,0.867643,-0.151535,-0.183098,0.683654,-0.083299,-0.345970,0.630641
0.002630,0.002579,0.648741,0.120568,-0.000826,0.529879,0.168386,-0.216499,0.317897,0.215323,-0.082935,0.035630,-0.111428,0.019691,0.528264,-0.173369,-0.197964,0.322033,-0.187717,-0.063569,0.036364,0.002752,-0.008944,0.701603,0.133684,-0.205316,0.845155,0.151995,-0.203663,0.661710,0.066864,-0.348538,0.585841,-0.142944,-0.175930,0.867760,-0.151411,-0.182939,0.683762,-0.083175,-0.345842,0.630848
0.002556,0.002610,0.648738,0.120489,-0.000881,0.529859,0.168349,-0.216521,0.317855,0.215304,-0.082943,0.035599,-0.111500,0.019722,0.528248,-0.173402,-0.197938,0.322011,-0.187729,-0.063600,0.036314,0.002676,-0.008888,0.701605,0.133537,-0.205254,0.845236,0.151595,-0.203697,0.661765,0.066335,-0.348548,0.585993,-0.143077,-0.175740,0.867846,-0.151320,-0.182788,0.683840,-0.083107,-0.345728,0.631005
0.002510,0.002665,0.648821,0.120409,-0.000850,0.529907,0.168321,-0.216468,0.317892,0.215328,-0.082920,0.035629,-0.111576,0.019802,0.528360,-0.173441,-0.197860,0.322115,-0.187739,-0.063562,0.036394,0.002640,-0.008833,0.701688,0.133474,-0.205244,0.845292,0.151277,-0.203788,0.661795,0.065992,-0.348695,0.586159,-0.143123,-0.175642,0.867963,-0.151178,-0.182676,0.683948,-0.082991,-0.345629,0.631123
0.002457,0.002696,0.648876,0.120341,-0.000847,0.529942,0.168292,-0.216432,0.317902,0.215342,-0.082912,0.035632,-0.111641,0.019850,0.528426,-0.173478,-0.197807,0.322166,-0.187744,-0.063544,0.036426,0.002596,-0.008800,0.701743,0.133391,-0.205273,0.845305,0.150948,-0.203901,0.661783,0.065653,-0.348871,0.586279,-0.143181,-0.175536,0.868079,-0.151076,-0.182563,0.684057,-0.082920,-0.345536,0.631256
0.002391,0.002678,0.648875,0.120295,-0.000901,0.529950,0.168263,-0.216433,0.317860,0.215335,-0.082935,0.035583,-0.111683,0.019833,0.528396,-0.173512,-0.197805,0.322114,-0.187740,-0.063565,0.036361,0.002535,-0.008810,0.701743,0.133267,-0.205381,0.845232,0.150595,-0.204058,0.661686,0.065322,-0.349106,0.586308,-0.143264,-0.175413,0.868195,-0.151055,-0.182447,0.684169,-0.082939,-0.345454,0.631418
0.002301,0.002692,0.648916,0.120228,-0.000891,0.530007,0.168233,-0.216383,0.317884,0.215334,-0.082929,0.035590,-0.111751,0.019826,0.528409,-0.173551,-0.197797,0.322103,-0.187746,-0.063568,0.036343,0.002450,-0.008791,0.701785,0.133145,-0.205441,0.845202,0.150287,-0.204161,0.661638,0.065019,-0.349274,0.586379,-0.143351,-0.175296,0.868335,-0.151051,-0.182356,0.684307,-0.082927,-0.345372,0.631596
0.002199,0.002721,0.648980,0.120150,-0.000850,0.530088,0.168202,-0.216309,0.317942,0.215336,-0.082908,0.035625,-0.111832,0.019823,0.528444,-0.173592,-0.197786,0.322112,-0.187757,-0.063562,0.036349,0.002354,-0.008757,0.701849,0.133024,-0.205478,0.845195,0.150000,-0.204236,0.661615,0.064730,-0.349408,0.586472,-0.143441,-0.175183,0.868488,-0.151057,-0.182277,0.684457,-0.082901,-0.345291,0.631780
0.002110,0.002737,0.649004,0.120096,-0.000835,0.530142,0.168130,-0.216247,0.317945,0.215324,-0.082923,0.035600,-0.111884,0.019853,0.528440,-0.173641,-0.197777,0.322128,-0.187751,-0.063549,0.036364,0.002267,-0.008748,0.701870,0.132952,-0.205560,0.845082,0.149755,-0.204327,0.661485,0.064471,-0.349526,0.586410,-0.143482,-0.175150,0.868579,-0.151165,-0.182275,0.684553,-0.083005,-0.345281,0.631856
0.002027,0.002743,0.649040,0.120039,-0.000828,0.530199,0.168074,-0.216192,0.317955,0.215317,-0.082933,0.035587,-0.111940,0.019873,0.528454,-0.173683,-0.197763,0.322144,-0.187748,-0.063546,0.036371,0.002187,-0.008747,0.701904,0.132864,-0.205651,0.844997,0.149505,-0.204408,0.661385,0.064225,-0.349660,0.586408,-0.143537,-0.175108,0.868681,-0.151284,-0.182275,0.684659,-0.083149,-0.345280,0.631924
0.001955,0.002733,0.649101,0.119976,-0.000838,0.530265,0.168054,-0.216154,0.317981,0.215319,-0.082937,0.035596,-0.112002,0.019873,0.528505,-0.173708,-0.197739,0.322158,-0.187750,-0.063564,0.036364,0.002122,-0.008760,0.701965,0.132748,-0.205760,0.844969,0.149243,-0.204469,0.661344,0.064008,-0.349827,0.586523,-0.143621,-0.175051,0.868802,-0.151422,-0.182278,0.684785,-0.083373,-0.345295,0.631977
0.001873,0.002726,0.649182,0.119881,-0.000803,0.530335,0.167998,-0.216088,0.318029,0.215323,-0.082932,0.035622,-0.112099,0.019896,0.528605,-0.173739,-0.197682,0.322205,-0.187748,-0.063568,0.036380,0.002047,-0.008785,0.702041,0.132650,-0.205866,0.844953,0.149073,-0.204469,0.661322,0.063906,-0.349944,0.586651,-0.143707,-0.175098,0.868850,-0.151553,-0.182331,0.684835,-0.083619,-0.345390,0.632009
0.001786,0.002721,0.649271,0.119769,-0.000745,0.530408,0.167925,-0.216008,0.318088,0.215327,-0.082921,0.035657,-0.112212,0.019932,0.528730,-0.173775,-0.197610,0.322269,-0.187745,-0.063565,0.036407,0.001969,-0.008816,0.702125,0.132560,-0.205971,0.844943,0.148948,-0.204439,0.661309,0.063862,-0.350036,0.586784,-0.143794,-0.175197,0.868862,-0.151678,-0.182408,0.684848,-0.083875,-0.345524,0.632032
0.001689,0.002630,0.649342,0.119652,-0.000802,0.530458,0.167879,-0.215980,0.318068,0.215310,-0.082933,0.035624,-0.112327,0.019910,0.528825,-0.173862,-0.197526,0.322243,-0.187765,-0.063560,0.036339,0.001881,-0.008931,0.702191,0.132454,-0.206178,0.844890,0.148772,-0.204454,0.661250,0.063893,-0.350197,0.586772,-0.143888,-0.175339,0.868891,-0.151954,-0.182436,0.684879,-0.084543,-0.345742,0.632145
0.001608,0.002535,0.649415,0.119565,-0.000846,0.530527,0.167841,-0.215944,0.318066,0.215308,-0.082942,0.035606,-0.112415,0.019859,0.528910,-0.173927,-0.197494,0.322235,-0.187773,-0.063563,0.036312,0.001802,-0.009047,0.702260,0.132343,-0.206373,0.844870,0.148634,-0.204441,0.661229,0.063991,-0.350312,0.586733,-0.143993,-0.175481,0.868906,-0.152240,-0.182440,0.684896,-0.085248,-0.345928,0.632193
0.001555,0.002435,0.649495,0.119540,-0.000867,0.530631,0.167819,-0.215895,0.318101,0.215333,-0.082948,0.035621,-0.112448,0.019753,0.528974,-0.173950,-0.197568,0.322263,-0.187757,-0.063586,0.036363,0.001741,-0.009165,0.702335,0.132226,-0.206541,0.844915,0.148572,-0.204373,0.661281,0.064225,-0.350339,0.586638,-0.144117,-0.175621,0.868894,-0.152550,-0.182397,0.684884,-0.086024,-0.346052,0.632110
0.001493,0.002356,0.649548,0.119488,-0.000881,0.530697,0.167776,-0.215858,0.318116,0.215345,-0.082941,0.035630,-0.112503,0.019701,0.529029,-0.173985,-0.197581,0.322270,-0.187760,-0.063565,0.036384,0.001670,-0.009265,0.702384,0.132102,-0.206680,0.844946,0.148544,-0.204277,0.661322,0.064485,-0.350320,0.586507,-0.144255,-0.175767,0.868826,-0.152885,-0.182319,0.684815,-0.086780,-0.346106,0.631920
0.001426,0.002288,0.649588,0.119422,-0.000892,0.530743,0.167722,-0.215826,0.318121,0.215349,-0.082928,0.035635,-0.112570,0.019675,0.529081,-0.174025,-0.197562,0.322267,-0.187773,-0.063523,0.036390,0.001595,-0.009355,0.702420,0.131976,-0.206804,0.844970,0.148532,-0.204168,0.661358,0.064758,-0.350279,0.586357,-0.144400,-0.175916,0.868729,-0.153231,-0.182225,0.684718,-0.087525,-0.346124,0.631676
0.001378,0.002184,0.649563,0.119356,-0.000947,0.530714,0.167728,-0.215865,0.318093,0.215318,-0.082919,0.035625,-0.112633,0.019662,0.529096,-0.174027,-0.197566,0.322256,-0.187778,-0.063550,0.036369,0.001537,-0.009493,0.702388,0.131873,-0.206987,0.844908,0.148595,-0.204111,0.661314,0.065129,-0.350277,0.586078,-0.144529,-0.176170,0.868504,-0.153631,-0.182202,0.684496,-0.088259,-0.346125,0.631114
0.001340,0.002073,0.649518,0.119308,-0.000986,0.530676,0.167726,-0.215910,0.318070,0.215300,-0.082923,0.035619,-0.112680,0.019625,0.529087,-0.174032,-0.197606,0.322236,-0.187773,-0.063572,0.036358,0.001488,-0.009641,0.702336,0.131766,-0.207191,0.844823,0.148677,-0.204086,0.661250,0.065485,-0.350288,0.585781,-0.144663,-0.176434,0.868246,-0.153995,-0.182192,0.684241,-0.088915,-0.346106,0.630479
0.001325,0.001949,0.649434,0.119298,-0.000993,0.530618,0.167708,-0.215965,0.318060,0.215306,-0.082955,0.035624,-0.112697,0.019537,0.529030,-0.174042,-0.197714,0.322199,-0.187746,-0.063584,0.036365,0.001461,-0.009806,0.702244,0.131647,-0.207437,0.844692,0.148796,-0.204121,0.661144,0.065811,-0.350323,0.585449,-0.144805,-0.176715,0.867925,-0.154288,-0.182204,0.683919,-0.089416,-0.346049,0.629695
0.001290,0.001840,0.649373,0.119270,-0.000962,0.530586,0.167667,-0.215973,0.318062,0.215301,-0.082946,0.035641,-0.112736,0.019443,0.528995,-0.174086,-0.197821,0.322179,-0.187747,-0.063570,0.036402,0.001417,-0.009956,0.702174,0.131571,-0.207646,0.844565,0.149000,-0.204152,0.661047,0.066285,-0.350402,0.585148,-0.144909,-0.177009,0.867640,-0.154703,-0.182162,0.683641,-0.089911,-0.345900,0.628999
0.001246,0.001739,0.649324,0.119234,-0.000912,0.530565,0.167616,-0.215956,0.318072,0.215290,-0.082917,0.035665,-0.112786,0.019347,0.528971,-0.174147,-0.197926,0.322169,-0.187760,-0.063542,0.036454,0.001366,-0.010099,0.702116,0.131516,-0.207836,0.844440,0.149246,-0.204180,0.660953,0.066833,-0.350501,0.584863,-0.144993,-0.177311,0.867374,-0.155179,-0.182094,0.683386,-0.090403,-0.345705,0.628348
0.001257,0.001602,0.649208,0.119268,-0.000857,0.530510,0.167636,-0.215984,0.318098,0.215296,-0.082930,0.035693,-0.112762,0.019275,0.528886,-0.174102,-0.198026,0.322107,-0.187752,-0.063565,0.036434,0.001353,-0.010306,0.701985,0.131393,-0.208174,0.844225,0.149520,-0.204311,0.660782,0.067261,-0.350619,0.584503,-0.145155,-0.177753,0.866861,-0.155702,-0.182202,0.682886,-0.090781,-0.345628,0.627470
0.001263,0.001462,0.649099,0.119279,-0.000809,0.530442,0.167652,-0.216002,0.318097,0.215304,-0.082947,0.035691,-0.112761,0.019215,0.528827,-0.174081,-0.198106,0.322064,-0.187738,-0.063582,0.036424,0.001342,-0.010516,0.701861,0.131304,-0.208507,0.844002,0.149822,-0.204459,0.660602,0.067724,-0.350761,0.584139,-0.145283,-0.178219,0.866364,-0.156219,-0.182333,0.682404,-0.091128,-0.345566,0.626620
0.001260,0.001316,0.649005,0.119240,-0.000776,0.530350,0.167658,-0.215997,0.318043,0.215313,-0.082969,0.035626,-0.112806,0.019176,0.528821,-0.174108,-0.198148,0.322056,-0.187712,-0.063589,0.036432,0.001334,-0.010735,0.701752,0.131284,-0.208829,0.843762,0.150178,-0.204641,0.660403,0.068257,-0.350951,0.583767,-0.145344,-0.178733,0.865897,-0.156727,-0.182514,0.681958,-0.091411,-0.345537,0.625824
0.001242,0.001203,0.648930,0.119166,-0.000766,0.530250,0.167638,-0.216046,0.318015,0.215301,-0.082958,0.035628,-0.112884,0.019144,0.528836,-0.174140,-0.198169,0.322047,-0.187717,-0.063586,0.036433,0.001317,-0.010900,0.701667,0.131273,-0.209028,0.843628,0.150528,-0.204798,0.660308,0.068791,-0.351127,0.583510,-0.145397,-0.179131,0.865527,-0.157270,-0.182628,0.681614,-0.091699,-0.345418,0.625105
0.001218,0.001105,0.648864,0.119075,-0.000768,0.530146,0.167606,-0.216123,0.317999,0.215277,-0.082930,0.035664,-0.112978,0.019116,0.528861,-0.174174,-0.198181,0.322037,-0.187738,-0.063577,0.036430,0.001296,-0.011039,0.701593,0.131266,-0.209166,0.843547,0.150875,-0.204942,0.660264,0.069325,-0.351295,0.583312,-0.145447,-0.179473,0.865205,-0.157831,-0.182707,0.681322,-0.091989,-0.345253,0.624425
0.001270,0.000994,0.648902,0.119128,-0.000711,0.530209,0.167620,-0.216071,0.318058,0.215292,-0.082955,0.035685,-0.112936,0.019054,0.528933,-0.174185,-0.198177,0.322056,-0.187715,-0.063569,0.036451,0.001335,-0.011204,0.701619,0.131245,-0.209421,0.843513,0.151245,-0.205225,0.660272,0.069801,-0.351580,0.583216,-0.145499,-0.179850,0.864928,-0.158247,-0.182907,0.681068,-0.092131,-0.345243,0.623891
0.001293,0.000905,0.648921,0.119147,-0.000613,0.530251,0.167623,-0.215986,0.318111,0.215304,-0.082963,0.035692,-0.112928,0.019013,0.528996,-0.174194,-0.198171,0.322075,-0.187708,-0.063573,0.036464,0.001350,-0.011352,0.701625,0.131245,-0.209660,0.843417,0.151626,-0.205496,0.660217,0.070285,-0.351865,0.583079,-0.145529,-0.180248,0.864632,-0.158643,-0.183129,0.680796,-0.092306,-0.345281,0.623357
0.001260,0.000862,0.648902,0.119099,-0.000432,0.530253,0.167605,-0.215835,0.318148,0.215309,-0.082939,0.035669,-0.112991,0.019016,0.529040,-0.174198,-0.198160,0.322094,-0.187733,-0.063597,0.036465,0.001320,-0.011466,0.701590,0.131288,-0.209869,0.843196,0.152027,-0.205745,0.660036,0.070786,-0.352151,0.582860,-0.145516,-0.180687,0.864299,-0.158999,-0.183394,0.680487,-0.092544,-0.345416,0.622819
0.001255,0.000799,0.648906,0.119110,-0.000350,0.530303,0.167611,-0.215753,0.318197,0.215298,-0.082939,0.035674,-0.112984,0.019060,0.529075,-0.174194,-0.198084,0.322096,-0.187750,-0.063592,0.036433,0.001305,-0.011595,0.701579,0.131313,-0.210126,0.842983,0.152377,-0.206059,0.659859,0.071218,-0.352516,0.582693,-0.145508,-0.181092,0.864026,-0.159318,-0.183675,0.680237,-0.092771,-0.345603,0.622411
0.001262,0.000726,0.648922,0.119149,-0.000318,0.530375,0.167629,-0.215707,0.318250,0.215279,-0.082952,0.035693,-0.112941,0.019125,0.529104,-0.174187,-0.197976,0.322091,-0.187762,-0.063572,0.036385,0.001298,-0.011731,0.701580,0.131329,-0.210407,0.842772,0.152702,-0.206406,0.659682,0.071615,-0.352921,0.582551,-0.145501,-0.181480,0.863783,-0.159618,-0.183965,0.680016,-0.092992,-0.345816,0.622067
0.001230,0.000690,0.648911,0.119068,-0.000252,0.530348,0.167564,-0.215656,0.318241,0.215298,-0.082966,0.035665,-0.113018,0.019249,0.529190,-0.174191,-0.197863,0.322168,-0.187741,-0.063595,0.036393,0.001277,-0.011837,0.701553,0.131360,-0.210676,0.842484,0.152990,-0.206764,0.659422,0.071934,-0.353316,0.582329,-0.145472,-0.181850,0.863536,-0.159840,-0.184288,0.679788,-0.093187,-0.346099,0.621760
0.001215,0.000655,0.648924,0.119022,-0.000185,0.530357,0.167530,-0.215593,0.318258,0.215309,-0.082964,0.035658,-0.113062,0.019346,0.529277,-0.174187,-0.197770,0.322244,-0.187725,-0.063590,0.036425,0.001269,-0.011933,0.701551,0.131390,-0.210917,0.842257,0.153257,-0.207105,0.659222,0.072251,-0.353718,0.582194,-0.145445,-0.182183,0.863329,-0.160005,-0.184620,0.679595,-0.093317,-0.346404,0.621533
0.001236,0.000624,0.648982,0.119047,-0.000113,0.530438,0.167561,-0.215507,0.318326,0.215307,-0.082930,0.035695,-0.113039,0.019386,0.529364,-0.174168,-0.197717,0.322319,-0.187719,-0.063528,0.036505,0.001287,-0.012010,0.701598,0.131417,-0.211104,0.842155,0.153485,-0.207410,0.659141,0.072563,-0.354133,0.582234,-0.145421,-0.182447,0.863201,-0.160057,-0.184969,0.679475,-0.093318,-0.346754,0.621469
0.001241,0.000552,0.649007,0.119077,-0.000054,0.530510,0.167572,-0.215424,0.318369,0.215298,-0.082948,0.035685,-0.113013,0.019396,0.529403,-0.174155,-0.197673,0.322327,-0.187731,-0.063551,0.036481,0.001284,-0.012137,0.701609,0.131431,-0.211373,0.841966,0.153662,-0.207759,0.658970,0.072835,-0.354582,0.582155,-0.145408,-0.182793,0.863012,-0.160106,-0.185378,0.679292,-0.093307,-0.347176,0.621392
0.001238,0.000461,0.649015,0.119110,0.000000,0.530578,0.167574,-0.215341,0.318402,0.215286,-0.082993,0.035652,-0.112985,0.019390,0.529419,-0.174146,-0.197634,0.322300,-0.187751,-0.063616,0.036404,0.001272,-0.012289,0.701603,0.131438,-0.211682,0.841734,0.153814,-0.208130,0.658754,0.073086,-0.355049,0.582017,-0.145401,-0.183179,0.862793,-0.160153,-0.185816,0.679077,-0.093289,-0.347634,0.621308
0.001250,0.000425,0.649075,0.119088,0.000132,0.530633,0.167601,-0.215208,0.318465,0.215306,-0.082955,0.035666,-0.113016,0.019422,0.529548,-0.174137,-0.197546,0.322360,-0.187737,-0.063605,0.036425,0.001293,-0.012384,0.701649,0.131514,-0.211878,0.841601,0.153975,-0.208336,0.658631,0.073333,-0.355356,0.581999,-0.145340,-0.183544,0.862607,-0.160056,-0.186263,0.678889,-0.093093,-0.348113,0.621324
0.001257,0.000389,0.649133,0.119073,0.000241,0.530694,0.167600,-0.215090,0.318520,0.215311,-0.082937,0.035672,-0.113037,0.019461,0.529662,-0.174127,-0.197459,0.322414,-0.187734,-0.063595,0.036442,0.001306,-0.012476,0.701693,0.131571,-0.212071,0.841472,0.154103,-0.208540,0.658511,0.073534,-0.355656,0.581984,-0.145295,-0.183886,0.862433,-0.159980,-0.186695,0.678714,-0.092921,-0.348587,0.621380
0.001255,0.000352,0.649185,0.119073,0.000306,0.530768,0.167545,-0.215003,0.318559,0.215283,-0.082960,0.035661,-0.113039,0.019513,0.529747,-0.174116,-0.197373,0.322460,-0.187753,-0.063586,0.036449,0.001300,-0.012562,0.701734,0.131591,-0.212260,0.841354,0.154162,-0.208741,0.658397,0.073645,-0.355940,0.581976,-0.145282,-0.184183,0.862285,-0.159947,-0.187098,0.678566,-0.092799,-0.349054,0.621513
0.001282,0.000300,0.649272,0.119085,0.000353,0.530857,0.167588,-0.214923,0.318622,0.215298,-0.082954,0.035682,-0.113028,0.019541,0.529872,-0.174071,-0.197265,0.322492,-0.187742,-0.063582,0.036432,0.001328,-0.012658,0.701810,0.131688,-0.212402,0.841311,0.154292,-0.208882,0.658358,0.073856,-0.356183,0.582048,-0.145203,-0.184515,0.862173,-0.159814,-0.187562,0.678452,-0.092524,-0.349538,0.621624
0.001325,0.000239,0.649376,0.119105,0.000391,0.530955,0.167680,-0.214847,0.318697,0.215335,-0.082934,0.035719,-0.113010,0.019556,0.530018,-0.174011,-0.197146,0.322517,-0.187716,-0.063582,0.036403,0.001372,-0.012760,0.701904,0.131823,-0.212522,0.841305,0.154457,-0.208992,0.658356,0.074118,-0.356405,0.582159,-0.145092,-0.184865,0.862080,-0.159629,-0.188056,0.678355,-0.092172,-0.350031,0.621724
0.001289,0.000194,0.649480,0.119034,0.000488,0.531044,0.167599,-0.214683,0.318716,0.215316,-0.082950,0.035660,-0.113086,0.019601,0.530191,-0.174046,-0.197037,0.322612,-0.187740,-0.063618,0.036423,0.001343,-0.012861,0.701995,0.131807,-0.212743,0.841223,0.154429,-0.209167,0.658274,0.073949,-0.356579,0.582223,-0.145116,-0.185195,0.861950,-0.159587,-0.188479,0.678221,-0.092047,-0.350490,0.621795
0.001282,0.000157,0.649590,0.119008,0.000592,0.531155,0.167569,-0.214518,0.318764,0.215308,-0.082950,0.035631,-0.113118,0.019635,0.530349,-0.174047,-0.196930,0.322685,-0.187754,-0.063625,0.036440,0.001340,-0.012950,0.702092,0.131840,-0.212924,0.841165,0.154438,-0.209301,0.658215,0.073853,-0.356710,0.582271,-0.145094,-0.185512,0.861841,-0.159497,-0.188889,0.678108,-0.091846,-0.350925,0.621884
0.001332,0.000137,0.649712,0.119071,0.000711,0.531306,0.167640,-0.214354,0.318871,0.215319,-0.082921,0.035661,-0.113063,0.019645,0.530479,-0.173977,-0.196828,0.322715,-0.187751,-0.063575,0.036447,0.001387,-0.013011,0.702204,0.131970,-0.213022,0.841156,0.154525,-0.209351,0.658201,0.073902,-0.356755,0.582287,-0.144982,-0.185805,0.861777,-0.159311,-0.189277,0.678041,-0.091493,-0.351310,0.622010
0.001367,0.000096,0.649821,0.119124,0.000811,0.531450,0.167666,-0.214205,0.318959,0.215322,-0.082916,0.035675,-0.113017,0.019660,0.530600,-0.173955,-0.196730,0.322757,-0.187745,-0.063576,0.036441,0.001417,-0.013101,0.702301,0.132016,-0.213214,0.841097,0.154523,-0.209438,0.658139,0.073799,-0.356784,0.582220,-0.144944,-0.186099,0.861678,-0.159209,-0.189658,0.677938,-0.091264,-0.351714,0.622126
0.001395,0.000045,0.649923,0.119171,0.000901,0.531591,0.167670,-0.214064,0.319039,0.215321,-0.082922,0.035680,-0.112975,0.019677,0.530717,-0.173955,-0.196634,0.322804,-0.187738,-0.063602,0.036428,0.001439,-0.013205,0.702390,0.132021,-0.213453,0.841013,0.154476,-0.209544,0.658052,0.073621,-0.356807,0.582111,-0.144942,-0.186394,0.861561,-0.159149,-0.190036,0.677818,-0.091098,-0.352127,0.622238
0.001445,0.000003,0.650027,0.119175,0.000973,0.531668,0.167661,-0.213966,0.319086,0.215329,-0.082954,0.035665,-0.112977,0.019687,0.530887,-0.173936,-0.196552,0.322894,-0.187735,-0.063592,0.036481,0.001505,-0.013289,0.702484,0.132136,-0.213610,0.840961,0.154534,-0.209622,0.657994,0.073568,-0.356833,0.582072,-0.144831,-0.186655,0.861520,-0.159011,-0.190402,0.677777,-0.090800,-0.352468,0.622322
0.001495,-0.000047,0.650138,0.119209,0.001033,0.531779,0.167671,-0.213859,0.319144,0.215333,-0.082968,0.035663,-0.112946,0.019709,0.531039,-0.173906,-0.196451,0.322963,-0.187739,-0.063582,0.036506,0.001562,-0.013384,0.702583,0.132231,-0.213804,0.840885,0.154575,-0.209706,0.657915,0.073506,-0.356855,0.581984,-0.144737,-0.186928,0.861476,-0.158914,-0.190758,0.677735,-0.090574,-0.352804,0.622380
0.001545,-0.000113,0.650262,0.119302,0.001068,0.531959,0.167718,-0.213736,0.319225,0.215330,-0.082946,0.035686,-0.112852,0.019752,0.531153,-0.173854,-0.196311,0.322989,-0.187758,-0.063571,0.036474,0.001602,-0.013502,0.702693,0.132286,-0.214073,0.840763,0.154580,-0.209800,0.657791,0.073425,-0.356869,0.581796,-0.144676,-0.187225,0.861425,-0.158894,-0.191093,0.677688,-0.090494,-0.353132,0.622386
0.001592,-0.000175,0.650354,0.119348,0.001112,0.532067,0.167737,-0.213623,0.319258,0.215333,-0.082952,0.035658,-0.112807,0.019796,0.531279,-0.173815,-0.196184,0.323031,-0.187755,-0.063582,0.036450,0.001649,-0.013617,0.702772,0.132350,-0.214316,0.840641,0.154640,-0.209871,0.657673,0.073438,-0.356867,0.581586,-0.144613,-0.187528,0.861327,-0.158880,-0.191407,0.677594,-0.090384,-0.353407,0.622299
0.001638,-0.000236,0.650431,0.119369,0.001161,0.532139,0.167742,-0.213516,0.319267,0.215341,-0.082972,0.035606,-0.112786,0.019839,0.531412,-0.173783,-0.196062,0.323080,-0.187741,-0.063604,0.036429,0.001701,-0.013730,0.702836,0.132419,-0.214547,0.840519,0.154726,-0.209931,0.657557,0.073498,-0.356856,0.581364,-0.144548,-0.187834,0.861204,-0.158868,-0.191709,0.677475,-0.090260,-0.353657,0.622167
0.001668,-0.000296,0.650581,0.119387,0.001196,0.532289,0.167728,-0.213423,0.319351,0.215343,-0.082971,0.035647,-0.112770,0.019848,0.531593,-0.173740,-0.195957,0.323152,-0.187756,-0.063594,0.036457,0.001731,-0.013829,0.702976,0.132474,-0.214702,0.840551,0.154831,-0.209933,0.657600,0.073631,-0.356793,0.581248,-0.144507,-0.188089,0.861182,-0.159044,-0.191879,0.677468,-0.090357,-0.353763,0.622071
0.001699,-0.000361,0.650714,0.119410,0.001217,0.532423,0.167724,-0.213330,0.319407,0.215337,-0.082973,0.035656,-0.112750,0.019842,0.531750,-0.173705,-0.195862,0.323201,-0.187767,-0.063588,0.036465,0.001764,-0.013927,0.703100,0.132528,-0.214859,0.840570,0.154921,-0.209961,0.657626,0.073753,-0.356774,0.581148,-0.144462,-0.188321,0.861174,-0.159184,-0.192046,0.677475,-0.090446,-0.353872,0.621969
0.001732,-0.000436,0.650815,0.119441,0.001210,0.532524,0.167741,-0.213240,0.319407,0.215316,-0.082985,0.035600,-0.112721,0.019809,0.531860,-0.173687,-0.195789,0.323205,-0.187774,-0.063589,0.036433,0.001799,-0.014027,0.703195,0.132583,-0.215018,0.840560,0.154980,-0.210043,0.657619,0.073850,-0.356847,0.581083,-0.144406,-0.188505,0.861197,-0.159254,-0.192210,0.677507,-0.090517,-0.353985,0.621857
0.001764,-0.000512,0.650953,0.119480,0.001235,0.532681,0.167779,-0.213141,0.319489,0.215318,-0.082977,0.035632,-0.112684,0.019796,0.532013,-0.173655,-0.195707,0.323261,-0.187762,-0.063590,0.036449,0.001830,-0.014143,0.703323,0.132630,-0.215216,0.840549,0.155111,-0.210096,0.657622,0.074059,-0.356891,0.580986,-0.144365,-0.188760,0.861182,-0.159384,-0.192349,0.677504,-0.090639,-0.354062,0.621682
0.001796,-0.000589,0.651110,0.119523,0.001275,0.532865,0.167827,-0.213039,0.319612,0.215333,-0.082959,0.035707,-0.112645,0.019793,0.532187,-0.173615,-0.195621,0.323343,-0.187741,-0.063592,0.036489,0.001859,-0.014266,0.703468,0.132674,-0.215434,0.840537,0.155280,-0.210136,0.657630,0.074324,-0.356919,0.580874,-0.144330,-0.189049,0.861147,-0.159545,-0.192476,0.677481,-0.090787,-0.354121,0.621477
0.001798,-0.000656,0.651141,0.119477,0.001228,0.532853,0.167795,-0.213045,0.319562,0.215328,-0.082963,0.035663,-0.112688,0.019786,0.532271,-0.173630,-0.195569,0.323358,-0.187761,-0.063585,0.036481,0.001871,-0.014351,0.703494,0.132701,-0.215548,0.840506,0.155381,-0.210182,0.657610,0.074490,-0.356989,0.580829,-0.144308,-0.189188,0.861116,-0.159710,-0.192485,0.677464,-0.090909,-0.354062,0.621319
0.001807,-0.000732,0.651156,0.119457,0.001165,0.532840,0.167793,-0.213077,0.319522,0.215332,-0.082966,0.035639,-0.112707,0.019746,0.532317,-0.173645,-0.195561,0.323353,-0.187774,-0.063584,0.036472,0.001888,-0.014436,0.703507,0.132735,-0.215642,0.840486,0.155502,-0.210227,0.657602,0.074709,-0.357065,0.580779,-0.144278,-0.189306,0.861097,-0.159885,-0.192488,0.677461,-0.091045,-0.354005,0.621189
0.001832,-0.000824,0.651138,0.119488,0.001069,0.532825,0.167850,-0.213162,0.319502,0.215358,-0.082965,0.035655,-0.112676,0.019637,0.532287,-0.173660,-0.195642,0.323308,-0.187770,-0.063595,0.036462,0.001913,-0.014523,0.703490,0.132783,-0.215696,0.840490,0.155664,-0.210268,0.657620,0.075036,-0.357155,0.580719,-0.144235,-0.189380,0.861103,-0.160078,-0.192480,0.677486,-0.091206,-0.353949,0.621113
0.001848,-0.000885,0.651026,0.119491,0.001001,0.532702,0.167864,-0.213298,0.319448,0.215349,-0.082976,0.035658,-0.112677,0.019523,0.532179,-0.173658,-0.195799,0.323244,-0.187765,-0.063611,0.036466,0.001939,-0.014571,0.703381,0.132852,-0.215703,0.840397,0.155796,-0.210306,0.657534,0.075223,-0.357218,0.580625,-0.144163,-0.189388,0.861073,-0.160216,-0.192444,0.677473,-0.091320,-0.353852,0.620957
0.001859,-0.000930,0.650866,0.119480,0.000946,0.532526,0.167856,-0.213459,0.319379,0.215322,-0.082992,0.035655,-0.112693,0.019407,0.532032,-0.173648,-0.195993,0.323170,-0.187759,-0.063630,0.036478,0.001966,-0.014600,0.703226,0.132932,-0.215686,0.840255,0.155913,-0.210341,0.657395,0.075340,-0.357267,0.580514,-0.144077,-0.189363,0.861024,-0.160326,-0.192395,0.677442,-0.091411,-0.353735,0.620760
0.001905,-0.000963,0.650637,0.119514,0.000884,0.532287,0.167898,-0.213658,0.319281,0.215300,-0.082932,0.035675,-0.112665,0.019271,0.531797,-0.173687,-0.196191,0.323019,-0.187787,-0.063560,0.036460,0.002028,-0.014604,0.703004,0.133058,-0.215615,0.840079,0.156122,-0.210331,0.657227,0.075627,-0.357343,0.580427,-0.143944,-0.189272,0.860965,-0.160471,-0.192276,0.677407,-0.091583,-0.353607,0.620662
0.001976,-0.001008,0.650383,0.119516,0.000783,0.531974,0.167908,-0.213940,0.319151,0.215292,-0.082913,0.035691,-0.112664,0.019158,0.531595,-0.173710,-0.196393,0.322915,-0.187792,-0.063542,0.036463,0.002129,-0.014623,0.702757,0.133237,-0.215557,0.839865,0.156348,-0.210356,0.657017,0.075905,-0.357446,0.580310,-0.143757,-0.189206,0.860883,-0.160553,-0.192206,0.677350,-0.091715,-0.353534,0.620537
0.002095,-0.001078,0.650077,0.119455,0.000604,0.531509,0.167854,-0.214388,0.318958,0.215315,-0.082972,0.035699,-0.112716,0.019090,0.531455,-0.173705,-0.196600,0.322904,-0.187755,-0.063627,0.036506,0.002307,-0.014670,0.702457,0.133525,-0.215525,0.839577,0.156608,-0.210452,0.656722,0.076164,-0.357603,0.580132,-0.143459,-0.189191,0.860757,-0.160509,-0.192230,0.677248,-0.091767,-0.353573,0.620358
0.002258,-0.001095,0.649852,0.119512,0.000516,0.531193,0.167908,-0.214661,0.318828,0.215309,-0.082971,0.035696,-0.112655,0.019050,0.531323,-0.173691,-0.196722,0.322871,-0.187744,-0.063642,0.036526,0.002511,-0.014669,0.702237,0.133799,-0.215490,0.839340,0.156819,-0.210527,0.656474,0.076430,-0.357759,0.579980,-0.143167,-0.189115,0.860701,-0.160451,-0.192223,0.677214,-0.091837,-0.353604,0.620281
0.002442,-0.001086,0.649668,0.119629,0.000475,0.530951,0.168016,-0.214846,0.318729,0.215289,-0.082941,0.035686,-0.112537,0.019024,0.531194,-0.173673,-0.196802,0.322828,-0.187746,-0.063621,0.036533,0.002726,-0.014644,0.702056,0.134066,-0.215453,0.839129,0.157007,-0.210591,0.656249,0.076700,-0.357913,0.579842,-0.142878,-0.189007,0.860679,-0.160387,-0.192200,0.677216,-0.091916,-0.353633,0.620254
0.002658,-0.001065,0.649557,0.119875,0.000478,0.530883,0.168108,-0.214931,0.318715,0.215310,-0.082942,0.035698,-0.112285,0.019094,0.531071,-0.173536,-0.196764,0.322769,-0.187740,-0.063613,0.036466,0.002948,-0.014638,0.701941,0.134333,-0.215563,0.838808,0.157086,-0.210750,0.655903,0.076783,-0.358089,0.579528,-0.142576,-0.188999,0.860641,-0.160331,-0.192132,0.677200,-0.092019,-0.353594,0.620131
0.002876,-0.001041,0.649521,0.120121,0.000489,0.530883,0.168227,-0.214958,0.318726,0.215329,-0.082943,0.035704,-0.112034,0.019183,0.531027,-0.173399,-0.196692,0.322777,-0.187728,-0.063609,0.036445,0.003166,-0.014633,0.701900,0.134581,-0.215658,0.838597,0.157195,-0.210874,0.655673,0.076908,-0.358234,0.579326,-0.142304,-0.189022,0.860618,-0.160231,-0.192088,0.677192,-0.092054,-0.353569,0.620016
0.003100,-0.001012,0.649634,0.120365,0.000519,0.531019,0.168400,-0.214869,0.318787,0.215344,-0.082942,0.035699,-0.111781,0.019312,0.531144,-0.173261,-0.196552,0.322916,-0.187704,-0.063615,0.036517,0.003378,-0.014629,0.702006,0.134795,-0.215724,0.838606,0.157365,-0.210928,0.655678,0.077119,-0.358318,0.579346,-0.142091,-0.189109,0.860626,-0.160042,-0.192093,0.677201,-0.091950,-0.353572,0.619916
0.003355,-0.000961,0.649710,0.120615,0.000517,0.531089,0.168507,-0.214844,0.318798,0.215341,-0.082951,0.035675,-0.111518,0.019475,0.531237,-0.173084,-0.196356,0.323000,-0.187703,-0.063608,0.036516,0.003626,-0.014593,0.702077,0.134990,-0.215761,0.838626,0.157457,-0.210961,0.655685,0.077170,-0.358345,0.579386,-0.141889,-0.189082,0.860646,-0.159812,-0.192009,0.677217,-0.091791,-0.353462,0.619774
0.003626,-0.000900,0.649767,0.120867,0.000498,0.531126,0.168581,-0.214852,0.318784,0.215328,-0.082965,0.035640,-0.111250,0.019655,0.531317,-0.172887,-0.196133,0.323056,-0.187713,-0.063596,0.036479,0.003891,-0.014540,0.702132,0.135175,-0.215784,0.838650,0.157511,-0.210982,0.655693,0.077141,-0.358342,0.579435,-0.141693,-0.188997,0.860671,-0.159563,-0.191881,0.677237,-0.091605,-0.353295,0.619613
0.003942,-0.000888,0.649957,0.121173,0.000474,0.531290,0.168827,-0.214799,0.318856,0.215356,-0.082954,0.035659,-0.110941,0.019663,0.531490,-0.172677,-0.195969,0.323096,-0.187690,-0.063592,0.036454,0.004201,-0.014509,0.702327,0.135468,-0.215674,0.838978,0.157650,-0.210874,0.656002,0.077214,-0.358223,0.579792,-0.141415,-0.188932,0.860872,-0.159100,-0.191828,0.677420,-0.091108,-0.353224,0.619782
0.004225,-0.000860,0.650135,0.121433,0.000447,0.531423,0.169014,-0.214758,0.318906,0.215373,-0.082953,0.035661,-0.110679,0.019655,0.531655,-0.172506,-0.195840,0.323146,-0.187676,-0.063605,0.036445,0.004486,-0.014450,0.702514,0.135759,-0.215501,0.839327,0.157754,-0.210717,0.656329,0.077219,-0.358040,0.580171,-0.141137,-0.188801,0.861125,-0.158646,-0.191710,0.677656,-0.090636,-0.353101,0.620028
0.004445,-0.000802,0.650288,0.121601,0.000416,0.531494,0.169084,-0.214742,0.318909,0.215367,-0.082971,0.035634,-0.110512,0.019615,0.531806,-0.172414,-0.195781,0.323217,-0.187682,-0.063650,0.036467,0.004722,-0.014336,0.702682,0.136044,-0.215199,0.839720,0.157787,-0.210464,0.656691,0.077086,-0.357729,0.580594,-0.140862,-0.188535,0.861482,-0.158209,-0.191460,0.677998,-0.090212,-0.352877,0.620428
0.004653,-0.000687,0.650478,0.121784,0.000319,0.531601,0.169145,-0.214745,0.318891,0.215362,-0.082933,0.035628,-0.110322,0.019597,0.531935,-0.172344,-0.195674,0.323252,-0.187686,-0.063600,0.036477,0.004937,-0.014121,0.702898,0.136400,-0.214630,0.840312,0.157771,-0.210030,0.657237,0.077043,-0.357270,0.581120,-0.140526,-0.188103,0.862034,-0.157764,-0.191185,0.678542,-0.089735,-0.352644,0.621127
0.004855,-0.000543,0.650686,0.121974,0.000187,0.531725,0.169202,-0.214756,0.318865,0.215358,-0.082866,0.035634,-0.110122,0.019590,0.532052,-0.172284,-0.195542,0.323269,-0.187689,-0.063504,0.036481,0.005140,-0.013855,0.703137,0.136792,-0.213925,0.841003,0.157729,-0.209506,0.657874,0.077052,-0.356741,0.581703,-0.140159,-0.187586,0.862682,-0.157314,-0.190897,0.679186,-0.089231,-0.352406,0.621976
0.005114,-0.000526,0.650819,0.122190,-0.000074,0.531756,0.169342,-0.214943,0.318804,0.215363,-0.082938,0.035604,-0.109890,0.019516,0.532139,-0.172140,-0.195518,0.323280,-0.187675,-0.063584,0.036448,0.005359,-0.013724,0.703300,0.136998,-0.213254,0.841971,0.157616,-0.209135,0.658800,0.076761,-0.356310,0.582702,-0.140053,-0.187319,0.862873,-0.157003,-0.190862,0.679361,-0.088934,-0.352349,0.622074
0.005358,-0.000509,0.650970,0.122368,-0.000304,0.531792,0.169470,-0.215103,0.318760,0.215373,-0.082976,0.035600,-0.109697,0.019461,0.532274,-0.172028,-0.195450,0.323311,-0.187670,-0.063632,0.036428,0.005558,-0.013605,0.703479,0.137198,-0.212559,0.842993,0.157521,-0.208749,0.659784,0.076425,-0.355846,0.583790,-0.139973,-0.187161,0.862962,-0.156706,-0.190854,0.679433,-0.088665,-0.352299,0.621995
0.005570,-0.000494,0.651158,0.122470,-0.000468,0.531838,0.169575,-0.215212,0.318751,0.215393,-0.082946,0.035648,-0.109582,0.019445,0.532502,-0.171982,-0.195291,0.323382,-0.187688,-0.063611,0.036435,0.005719,-0.013512,0.703690,0.137386,-0.211819,0.844125,0.157463,-0.208336,0.660887,0.076000,-0.355315,0.585056,-0.139946,-0.187223,0.862849,-0.156436,-0.190900,0.679296,-0.088451,-0.352262,0.621559
0.005771,-0.000478,0.651293,0.122528,-0.000673,0.531795,0.169564,-0.215393,0.318669,0.215369,-0.082921,0.035665,-0.109508,0.019414,0.532695,-0.171934,-0.195154,0.323410,-0.187702,-0.063563,0.036423,0.005875,-0.013403,0.703851,0.137466,-0.211080,0.845268,0.157445,-0.207999,0.662015,0.075560,-0.354780,0.586253,-0.140008,-0.187149,0.862737,-0.156056,-0.190806,0.679142,-0.088232,-0.352126,0.621099
0.005965,-0.000461,0.651401,0.122563,-0.000899,0.531708,0.169494,-0.215610,0.318549,0.215325,-0.082900,0.035668,-0.109456,0.019375,0.532870,-0.171884,-0.195028,0.323417,-0.187716,-0.063500,0.036401,0.006028,-0.013287,0.703987,0.137490,-0.210341,0.846413,0.157447,-0.207698,0.663153,0.075114,-0.354239,0.587410,-0.140114,-0.187010,0.862623,-0.155619,-0.190643,0.678979,-0.088007,-0.351937,0.620619
0.006161,-0.000486,0.651485,0.122627,-0.001151,0.531634,0.169610,-0.215873,0.318497,0.215359,-0.082944,0.035713,-0.109374,0.019312,0.533011,-0.171790,-0.195000,0.323463,-0.187691,-0.063552,0.036415,0.006196,-0.013226,0.704094,0.137587,-0.209775,0.847298,0.157657,-0.207512,0.664049,0.074996,-0.353821,0.588216,-0.140111,-0.186928,0.862583,-0.154869,-0.190647,0.678878,-0.087296,-0.351986,0.620594
0.006337,-0.000507,0.651511,0.122698,-0.001378,0.531533,0.169690,-0.216113,0.318411,0.215379,-0.082976,0.035721,-0.109286,0.019265,0.533081,-0.171725,-0.194987,0.323477,-0.187674,-0.063591,0.036408,0.006349,-0.013175,0.704139,0.137659,-0.209331,0.847971,0.157815,-0.207432,0.664730,0.074812,-0.353486,0.588779,-0.140105,-0.186827,0.862533,-0.154081,-0.190613,0.678767,-0.086531,-0.352041,0.620702
0.006472,-0.000521,0.651421,0.122784,-0.001553,0.531376,0.169700,-0.216306,0.318255,0.215373,-0.082984,0.035653,-0.109185,0.019248,0.533006,-0.171716,-0.195004,0.323429,-0.187670,-0.063601,0.036361,0.006470,-0.013142,0.704061,0.137684,-0.209131,0.848224,0.157869,-0.207566,0.664984,0.074494,-0.353321,0.588865,-0.140100,-0.186679,0.862466,-0.153221,-0.190498,0.678637,-0.085669,-0.352108,0.621084
0.006592,-0.000515,0.651348,0.122916,-0.001667,0.531304,0.169776,-0.216460,0.318211,0.215368,-0.082971,0.035680,-0.109044,0.019238,0.532905,-0.171638,-0.195081,0.323414,-0.187676,-0.063565,0.036405,0.006584,-0.013102,0.703996,0.137803,-0.209007,0.848269,0.157954,-0.207570,0.665026,0.074375,-0.353095,0.588685,-0.139978,-0.186538,0.862520,-0.152311,-0.190386,0.678636,-0.084569,-0.352121,0.621657
0.006705,-0.000498,0.651284,0.123072,-0.001750,0.531273,0.169885,-0.216596,0.318224,0.215362,-0.082948,0.035755,-0.108882,0.019231,0.532790,-0.171526,-0.195189,0.323417,-0.187687,-0.063504,0.036495,0.006693,-0.013059,0.703937,0.137970,-0.208921,0.848211,0.158055,-0.207510,0.664961,0.074356,-0.352837,0.588374,-0.139798,-0.186399,0.862635,-0.151374,-0.190276,0.678703,-0.083351,-0.352106,0.622329
0.006803,-0.000559,0.651086,0.123208,-0.001848,0.531111,0.169904,-0.216777,0.318121,0.215352,-0.082981,0.035721,-0.108748,0.019113,0.532553,-0.171502,-0.195392,0.323299,-0.187668,-0.063560,0.036450,0.006795,-0.013101,0.703743,0.138104,-0.208963,0.847977,0.158084,-0.207441,0.664716,0.074327,-0.352625,0.587923,-0.139646,-0.186353,0.862598,-0.150493,-0.190358,0.678625,-0.081893,-0.352063,0.622595
0.006899,-0.000620,0.650871,0.123330,-0.001995,0.530917,0.169949,-0.217008,0.317994,0.215353,-0.082997,0.035696,-0.108623,0.018997,0.532300,-0.171472,-0.195606,0.323176,-0.187655,-0.063597,0.036414,0.006895,-0.013133,0.703535,0.138248,-0.208947,0.847777,0.158072,-0.207273,0.664501,0.074308,-0.352333,0.587482,-0.139488,-0.186268,0.862582,-0.149704,-0.190448,0.678580,-0.080395,-0.351944,0.622822
0.006992,-0.000685,0.650621,0.123427,-0.002239,0.530656,0.170047,-0.217337,0.317821,0.215376,-0.082978,0.035688,-0.108515,0.018883,0.532018,-0.171430,-0.195845,0.323041,-0.187652,-0.063598,0.036397,0.006993,-0.013143,0.703297,0.138411,-0.208815,0.847647,0.157977,-0.206904,0.664344,0.074307,-0.351877,0.587061,-0.139316,-0.186108,0.862611,-0.149098,-0.190553,0.678593,-0.078819,-0.351672,0.622960
0.007058,-0.000719,0.650372,0.123518,-0.002412,0.530423,0.170079,-0.217646,0.317712,0.215367,-0.082988,0.035723,-0.108420,0.018758,0.531725,-0.171423,-0.196138,0.322946,-0.187647,-0.063575,0.036456,0.007058,-0.013126,0.703060,0.138503,-0.208665,0.847540,0.157719,-0.206475,0.664204,0.074063,-0.351339,0.586698,-0.139218,-0.185925,0.862600,-0.148716,-0.190703,0.678580,-0.077334,-0.351343,0.622964
0.007110,-0.000739,0.650125,0.123605,-0.002550,0.530204,0.170078,-0.217943,0.317635,0.215341,-0.083012,0.035779,-0.108332,0.018626,0.531426,-0.171434,-0.196458,0.322870,-0.187641,-0.063541,0.036553,0.007106,-0.013095,0.702824,0.138559,-0.208505,0.847446,0.157379,-0.206015,0.664072,0.073700,-0.350760,0.586365,-0.139157,-0.185732,0.862570,-0.148446,-0.190875,0.678553,-0.075899,-0.350980,0.622901
0.007130,-0.000789,0.649758,0.123655,-0.002666,0.529860,0.170192,-0.218200,0.317449,0.215355,-0.082960,0.035735,-0.108292,0.018411,0.531008,-0.171393,-0.196842,0.322626,-0.187629,-0.063555,0.036492,0.007108,-0.013090,0.702470,0.138568,-0.208241,0.847412,0.156659,-0.205330,0.663971,0.073013,-0.349896,0.585898,-0.139179,-0.185657,0.862282,-0.148525,-0.191168,0.678282,-0.074643,-0.350680,0.622687
0.007146,-0.000845,0.649427,0.123684,-0.002794,0.529542,0.170241,-0.218483,0.317293,0.215361,-0.082948,0.035722,-0.108268,0.018229,0.530647,-0.171389,-0.197177,0.322430,-0.187613,-0.063570,0.036453,0.007104,-0.013099,0.702151,0.138536,-0.208016,0.847411,0.155899,-0.204667,0.663907,0.072227,-0.349082,0.585584,-0.139244,-0.185611,0.861976,-0.148695,-0.191439,0.677995,-0.073532,-0.350359,0.622421
0.007153,-0.000912,0.649170,0.123672,-0.002944,0.529275,0.170162,-0.218816,0.317196,0.215354,-0.083016,0.035770,-0.108277,0.018114,0.530401,-0.171458,-0.197417,0.322331,-0.187591,-0.063586,0.036458,0.007088,-0.013136,0.701902,0.138422,-0.207869,0.847478,0.155059,-0.204047,0.663916,0.071248,-0.348370,0.585571,-0.139395,-0.185625,0.861634,-0.149048,-0.191670,0.677674,-0.072703,-0.350009,0.622054
0.007096,-0.000977,0.649029,0.123601,-0.003061,0.529114,0.170097,-0.219016,0.317121,0.215340,-0.083023,0.035801,-0.108352,0.017958,0.530253,-0.171541,-0.197638,0.322253,-0.187606,-0.063591,0.036484,0.007014,-0.013163,0.701770,0.138315,-0.207653,0.847675,0.154166,-0.203313,0.664055,0.070295,-0.347601,0.585711,-0.139544,-0.185638,0.861450,-0.149494,-0.191880,0.677516,-0.072058,-0.349679,0.621866
0.007007,-0.001039,0.648944,0.123499,-0.003162,0.529006,0.170040,-0.219150,0.317056,0.215323,-0.082999,0.035824,-0.108460,0.017782,0.530155,-0.171631,-0.197849,0.322186,-0.187641,-0.063591,0.036520,0.006911,-0.013183,0.701696,0.138210,-0.207403,0.847938,0.153245,-0.202523,0.664263,0.069354,-0.346807,0.585932,-0.139692,-0.185649,0.861344,-0.149985,-0.192080,0.677438,-0.071507,-0.349355,0.621766
0.006897,-0.001086,0.648952,0.123364,-0.003172,0.528981,0.169991,-0.219142,0.317031,0.215329,-0.083004,0.035800,-0.108608,0.017637,0.530166,-0.171699,-0.197948,0.322127,-0.187616,-0.063577,0.036512,0.006796,-0.013209,0.701709,0.138102,-0.207239,0.848181,0.152319,-0.201922,0.664452,0.068603,-0.346371,0.586238,-0.139837,-0.185712,0.861285,-0.150519,-0.192227,0.677406,-0.071490,-0.349247,0.621794
0.006767,-0.001133,0.649004,0.123227,-0.003160,0.529019,0.169944,-0.219094,0.317051,0.215336,-0.083014,0.035798,-0.108758,0.017502,0.530211,-0.171761,-0.198027,0.322087,-0.187600,-0.063578,0.036506,0.006662,-0.013245,0.701764,0.137995,-0.207125,0.848391,0.151420,-0.201315,0.664616,0.067981,-0.345984,0.586513,-0.139974,-0.185798,0.861277,-0.151068,-0.192337,0.677425,-0.071604,-0.349183,0.621941
0.006599,-0.001182,0.649146,0.123087,-0.003104,0.529185,0.169899,-0.218966,0.317163,0.215347,-0.083032,0.035842,-0.108913,0.017387,0.530321,-0.171814,-0.198063,0.322085,-0.187600,-0.063611,0.036504,0.006491,-0.013300,0.701905,0.137893,-0.207110,0.848539,0.150577,-0.200692,0.664729,0.067617,-0.345689,0.586722,-0.140097,-0.185930,0.861370,-0.151649,-0.192377,0.677543,-0.071977,-0.349213,0.622327
0.006431,-0.001220,0.649376,0.122940,-0.003044,0.529416,0.169818,-0.218747,0.317248,0.215329,-0.083026,0.035829,-0.109076,0.017267,0.530512,-0.171907,-0.198028,0.322094,-0.187622,-0.063606,0.036495,0.006329,-0.013334,0.702136,0.137811,-0.207062,0.848776,0.149832,-0.200039,0.664941,0.067474,-0.345409,0.586991,-0.140195,-0.185983,0.861625,-0.152173,-0.192299,0.677820,-0.072580,-0.349253,0.622829
0.006263,-0.001252,0.649649,0.122788,-0.002982,0.529680,0.169720,-0.218484,0.317320,0.215297,-0.083008,0.035786,-0.109244,0.017144,0.530743,-0.172020,-0.197956,0.322108,-0.187656,-0.063581,0.036484,0.006170,-0.013357,0.702411,0.137738,-0.206998,0.849058,0.149137,-0.199372,0.665205,0.067446,-0.345135,0.587287,-0.140281,-0.185997,0.861960,-0.152670,-0.192162,0.678177,-0.073297,-0.349298,0.623389
0.006065,-0.001306,0.649937,0.122556,-0.003002,0.529911,0.169646,-0.218331,0.317409,0.215311,-0.083006,0.035812,-0.109484,0.017032,0.531027,-0.172103,-0.197870,0.322142,-0.187655,-0.063592,0.036465,0.005981,-0.013393,0.702703,0.137604,-0.206880,0.849471,0.148596,-0.198724,0.665613,0.067704,-0.344816,0.587478,-0.140442,-0.186010,0.862274,-0.153188,-0.191892,0.678505,-0.074245,-0.349261,0.623763
0.005869,-0.001337,0.650227,0.122330,-0.003000,0.530149,0.169552,-0.218147,0.317493,0.215318,-0.083005,0.035819,-0.109716,0.016960,0.531316,-0.172197,-0.197758,0.322202,-0.187652,-0.063597,0.036461,0.005789,-0.013410,0.702997,0.137425,-0.206773,0.849888,0.148125,-0.198116,0.666034,0.067954,-0.344470,0.587645,-0.140647,-0.186001,0.862555,-0.153687,-0.191577,0.678796,-0.075239,-0.349176,0.624004
0.005678,-0.001321,0.650523,0.122119,-0.002949,0.530403,0.169417,-0.217903,0.317567,0.215310,-0.083007,0.035789,-0.109931,0.016968,0.531612,-0.172312,-0.197596,0.322311,-0.187644,-0.063591,0.036486,0.005593,-0.013390,0.703294,0.137156,-0.206684,0.850314,0.147793,-0.197588,0.666475,0.068180,-0.344077,0.587772,-0.140940,-0.185948,0.862769,-0.154147,-0.191171,0.679009,-0.076325,-0.348997,0.623979
0.005472,-0.001312,0.650838,0.121922,-0.002855,0.530709,0.169321,-0.217592,0.317677,0.215310,-0.082992,0.035765,-0.110135,0.016968,0.531906,-0.172391,-0.197421,0.322389,-0.187650,-0.063594,0.036473,0.005370,-0.013389,0.703608,0.136896,-0.206607,0.850742,0.147596,-0.197160,0.666923,0.068348,-0.343666,0.587885,-0.141232,-0.186006,0.862924,-0.154559,-0.190838,0.679161,-0.077340,-0.348839,0.623785
0.005257,-0.001306,0.651164,0.121732,-0.002738,0.531042,0.169243,-0.217247,0.317805,0.215313,-0.082969,0.035743,-0.110335,0.016964,0.532199,-0.172453,-0.197240,0.322453,-0.187663,-0.063600,0.036442,0.005135,-0.013397,0.703931,0.136640,-0.206536,0.851170,0.147466,-0.196782,0.667375,0.068486,-0.343248,0.587993,-0.141524,-0.186120,0.863051,-0.154947,-0.190542,0.679282,-0.078321,-0.348691,0.623507
0.005075,-0.001277,0.651549,0.121571,-0.002569,0.531439,0.169109,-0.216878,0.318007,0.215298,-0.082990,0.035767,-0.110508,0.017012,0.532568,-0.172542,-0.196997,0.322598,-0.187667,-0.063590,0.036468,0.004928,-0.013398,0.704310,0.136360,-0.206525,0.851625,0.147462,-0.196592,0.667857,0.068402,-0.342753,0.587993,-0.141837,-0.186254,0.863154,-0.155337,-0.190176,0.679377,-0.079396,-0.348479,0.623102
0.004892,-0.001252,0.651930,0.121404,-0.002410,0.531826,0.169000,-0.216501,0.318188,0.215289,-0.083002,0.035770,-0.110684,0.017060,0.532936,-0.172615,-0.196748,0.322730,-0.187672,-0.063590,0.036475,0.004721,-0.013402,0.704685,0.136079,-0.206506,0.852092,0.147536,-0.196438,0.668354,0.068405,-0.342304,0.588023,-0.142154,-0.186393,0.863247,-0.155687,-0.189796,0.679461,-0.080387,-0.348216,0.622658
0.004707,-0.001234,0.652304,0.121226,-0.002271,0.532193,0.168943,-0.216111,0.318330,0.215297,-0.082994,0.035730,-0.110869,0.017110,0.533300,-0.172652,-0.196487,0.322838,-0.187679,-0.063610,0.036441,0.004511,-0.013410,0.705053,0.135795,-0.206470,0.852582,0.147771,-0.196353,0.668881,0.068583,-0.341947,0.588111,-0.142475,-0.186541,0.863323,-0.155960,-0.189389,0.679521,-0.081209,-0.347860,0.622139
0.004527,-0.001192,0.652749,0.121035,-0.002105,0.532615,0.168848,-0.215671,0.318501,0.215312,-0.082974,0.035710,-0.111064,0.017224,0.533758,-0.172719,-0.196127,0.323010,-0.187689,-0.063578,0.036450,0.004313,-0.013402,0.705491,0.135552,-0.206454,0.853075,0.148159,-0.196373,0.669416,0.068947,-0.341718,0.588223,-0.142750,-0.186704,0.863467,-0.156125,-0.188991,0.679648,-0.081854,-0.347514,0.621784
0.004350,-0.001137,0.653231,0.120837,-0.001924,0.533065,0.168734,-0.215206,0.318686,0.215332,-0.082947,0.035702,-0.111265,0.017370,0.534263,-0.172800,-0.195718,0.323215,-0.187702,-0.063522,0.036480,0.004121,-0.013387,0.705964,0.135329,-0.206448,0.853570,0.148624,-0.196444,0.669957,0.069405,-0.341552,0.588349,-0.143003,-0.186875,0.863647,-0.156236,-0.188598,0.679810,-0.082412,-0.347170,0.621512
0.004210,-0.001133,0.653604,0.120693,-0.001743,0.533442,0.168662,-0.214820,0.318874,0.215332,-0.082979,0.035694,-0.111414,0.017488,0.534662,-0.172843,-0.195360,0.323341,-0.187725,-0.063564,0.036413,0.003975,-0.013449,0.706322,0.135175,-0.206642,0.853769,0.149157,-0.196684,0.670205,0.070015,-0.341610,0.588202,-0.143171,-0.187159,0.863716,-0.156191,-0.188335,0.679858,-0.082699,-0.346930,0.621204
0.004082,-0.001117,0.653956,0.120575,-0.001563,0.533807,0.168611,-0.214423,0.319039,0.215341,-0.082982,0.035671,-0.111537,0.017611,0.535029,-0.172876,-0.195024,0.323468,-0.187742,-0.063583,0.036368,0.003842,-0.013493,0.706660,0.135049,-0.206824,0.853929,0.149698,-0.196954,0.670413,0.070702,-0.341792,0.588113,-0.143305,-0.187403,0.863811,-0.156107,-0.188057,0.679934,-0.082950,-0.346686,0.620955
0.003981,-0.001075,0.654268,0.120506,-0.001384,0.534148,0.168601,-0.214001,0.319153,0.215366,-0.082926,0.035613,-0.111609,0.017744,0.535332,-0.172889,-0.194735,0.323597,-0.187748,-0.063555,0.036369,0.003736,-0.013503,0.706959,0.134982,-0.206979,0.854014,0.150256,-0.197286,0.670539,0.071540,-0.342221,0.588142,-0.143373,-0.187568,0.863959,-0.155947,-0.187750,0.680064,-0.083130,-0.346437,0.620823
0.003883,-0.001074,0.654560,0.120483,-0.001246,0.534511,0.168555,-0.213671,0.319322,0.215366,-0.082943,0.035618,-0.111638,0.017819,0.535577,-0.172894,-0.194530,0.323705,-0.187759,-0.063557,0.036378,0.003628,-0.013552,0.707239,0.134905,-0.207205,0.854044,0.150779,-0.197707,0.670609,0.072503,-0.342792,0.588059,-0.143441,-0.187741,0.864126,-0.155722,-0.187545,0.680211,-0.083149,-0.346262,0.620752
0.003787,-0.001092,0.654841,0.120483,-0.001128,0.534886,0.168491,-0.213385,0.319518,0.215353,-0.082997,0.035655,-0.111645,0.017866,0.535794,-0.172894,-0.194366,0.323803,-0.187774,-0.063573,0.036390,0.003519,-0.013619,0.707508,0.134823,-0.207466,0.854045,0.151283,-0.198171,0.670650,0.073529,-0.343435,0.587923,-0.143510,-0.187918,0.864304,-0.155465,-0.187391,0.680367,-0.083089,-0.346125,0.620712
0.003721,-0.001111,0.654972,0.120408,-0.001060,0.535022,0.168465,-0.213234,0.319582,0.215354,-0.082977,0.035659,-0.111717,0.017958,0.535960,-0.172907,-0.194189,0.323867,-0.187767,-0.063554,0.036377,0.003462,-0.013687,0.707627,0.134796,-0.207715,0.853913,0.151668,-0.198622,0.670544,0.074398,-0.344160,0.587844,-0.143524,-0.188109,0.864326,-0.155155,-0.187362,0.680369,-0.082902,-0.346125,0.620644
0.003663,-0.001151,0.655092,0.120326,-0.001026,0.535130,0.168439,-0.213118,0.319622,0.215356,-0.082961,0.035656,-0.111796,0.018040,0.536128,-0.172926,-0.194019,0.323930,-0.187764,-0.063548,0.036360,0.003414,-0.013775,0.707735,0.134765,-0.207969,0.853802,0.152006,-0.199085,0.670455,0.075214,-0.344898,0.587796,-0.143545,-0.188325,0.864318,-0.154861,-0.187389,0.680342,-0.082728,-0.346185,0.620556
0.003620,-0.001233,0.655189,0.120227,-0.001059,0.535185,0.168411,-0.213072,0.319615,0.215362,-0.082952,0.035636,-0.111887,0.018099,0.536302,-0.172954,-0.193865,0.323991,-0.187768,-0.063570,0.036336,0.003382,-0.013902,0.707822,0.134725,-0.208233,0.853732,0.152248,-0.199571,0.670399,0.075920,-0.345663,0.587804,-0.143581,-0.188591,0.864252,-0.154596,-0.187530,0.680257,-0.082579,-0.346363,0.620430
0.003604,-0.001331,0.655324,0.120172,-0.001048,0.535302,0.168369,-0.212991,0.319666,0.215366,-0.082975,0.035644,-0.111940,0.018125,0.536506,-0.172967,-0.193749,0.324095,-0.187769,-0.063575,0.036380,0.003373,-0.014057,0.707943,0.134720,-0.208550,0.853655,0.152450,-0.200083,0.670332,0.076527,-0.346452,0.587854,-0.143582,-0.188942,0.864168,-0.154343,-0.187775,0.680158,-0.082446,-0.346671,0.620355
0.003601,-0.001437,0.655477,0.120140,-0.001013,0.535449,0.168320,-0.212893,0.319747,0.215370,-0.083014,0.035666,-0.111973,0.018136,0.536725,-0.172972,-0.193651,0.324219,-0.187770,-0.063571,0.036458,0.003376,-0.014227,0.708081,0.134733,-0.208893,0.853575,0.152632,-0.200608,0.670259,0.077085,-0.347254,0.587927,-0.143566,-0.189336,0.864076,-0.154098,-0.188072,0.680052,-0.082322,-0.347044,0.620305
0.003568,-0.001577,0.655577,0.120111,-0.000892,0.535594,0.168322,-0.212697,0.319824,0.215358,-0.082991,0.035657,-0.112012,0.018144,0.536887,-0.172987,-0.193511,0.324243,-0.187781,-0.063565,0.036418,0.003353,-0.014472,0.708155,0.134753,-0.209449,0.853217,0.152770,-0.201205,0.669910,0.077344,-0.348096,0.587902,-0.143536,-0.189920,0.863836,-0.153835,-0.188498,0.679799,-0.082297,-0.347592,0.620092
0.003550,-0.001728,0.655654,0.120089,-0.000773,0.535716,0.168320,-0.212524,0.319898,0.215354,-0.082977,0.035653,-0.112040,0.018180,0.537043,-0.172985,-0.193358,0.324275,-0.187788,-0.063563,0.036379,0.003345,-0.014742,0.708203,0.134774,-0.210081,0.852776,0.152899,-0.201861,0.669478,0.077516,-0.348959,0.587802,-0.143501,-0.190558,0.863527,-0.153578,-0.188981,0.679479,-0.082236,-0.348190,0.619843
0.003561,-0.001900,0.655684,0.120082,-0.000657,0.535795,0.168314,-0.212395,0.319964,0.215364,-0.082983,0.035656,-0.112049,0.018271,0.537190,-0.172949,-0.193181,0.324323,-0.187786,-0.063572,0.036339,0.003368,-0.015060,0.708196,0.134798,-0.210862,0.852170,0.153009,-0.202637,0.668880,0.077512,-0.349863,0.587549,-0.143457,-0.191304,0.863082,-0.153331,-0.189578,0.679023,-0.082102,-0.348889,0.619527
0.003594,-0.002087,0.655696,0.120110,-0.000557,0.535872,0.168329,-0.212286,0.320030,0.215362,-0.082987,0.035664,-0.112021,0.018360,0.537316,-0.172902,-0.193046,0.324399,-0.187773,-0.063571,0.036353,0.003412,-0.015400,0.708170,0.134806,-0.211730,0.851484,0.153172,-0.203477,0.668211,0.077312,-0.350823,0.587435,-0.143418,-0.192040,0.862631,-0.153138,-0.190198,0.678564,-0.081968,-0.349619,0.619290
0.003638,-0.002283,0.655700,0.120156,-0.000464,0.535950,0.168354,-0.212187,0.320096,0.215353,-0.082990,0.035674,-0.111975,0.018449,0.537433,-0.172850,-0.192933,0.324490,-0.187755,-0.063566,0.036396,0.003467,-0.015750,0.708134,0.134807,-0.212639,0.850757,0.153360,-0.204348,0.667504,0.077019,-0.351810,0.587390,-0.143382,-0.192771,0.862175,-0.152974,-0.190830,0.678103,-0.081834,-0.350363,0.619094
0.003657,-0.002464,0.655560,0.120130,-0.000420,0.535833,0.168355,-0.212227,0.320067,0.215343,-0.082953,0.035679,-0.112001,0.018482,0.537434,-0.172880,-0.192949,0.324541,-0.187760,-0.063553,0.036456,0.003511,-0.016053,0.707962,0.134873,-0.213362,0.850017,0.153567,-0.205205,0.666774,0.076437,-0.352596,0.587291,-0.143286,-0.193414,0.861695,-0.152934,-0.191496,0.677625,-0.081765,-0.351113,0.618880
0.003708,-0.002661,0.655402,0.120167,-0.000434,0.535718,0.168379,-0.212326,0.320034,0.215345,-0.082938,0.035696,-0.111965,0.018454,0.537371,-0.172885,-0.193025,0.324536,-0.187754,-0.063556,0.036483,0.003580,-0.016350,0.707778,0.134921,-0.214044,0.849346,0.153798,-0.206082,0.666115,0.075915,-0.353404,0.587240,-0.143203,-0.193957,0.861274,-0.152962,-0.192159,0.677209,-0.081710,-0.351848,0.618759
0.003824,-0.002890,0.655208,0.120331,-0.000559,0.535605,0.168449,-0.212545,0.319991,0.215370,-0.082967,0.035737,-0.111804,0.018302,0.537179,-0.172840,-0.193219,0.324420,-0.187725,-0.063588,0.036446,0.003695,-0.016635,0.707569,0.134934,-0.214646,0.848816,0.154075,-0.207002,0.665601,0.075512,-0.354264,0.587287,-0.143149,-0.194302,0.860975,-0.153123,-0.192820,0.676920,-0.081684,-0.352555,0.618829
0.003949,-0.003047,0.654995,0.120500,-0.000698,0.535452,0.168539,-0.212768,0.319903,0.215356,-0.082962,0.035742,-0.111635,0.018171,0.536948,-0.172770,-0.193429,0.324296,-0.187707,-0.063592,0.036423,0.003819,-0.016811,0.707351,0.134985,-0.215026,0.848412,0.154366,-0.207889,0.665203,0.075170,-0.355121,0.587476,-0.143058,-0.194456,0.860787,-0.153352,-0.193417,0.676747,-0.081753,-0.353190,0.618959
0.004078,-0.003168,0.654774,0.120671,-0.000844,0.535277,0.168640,-0.212993,0.319792,0.215323,-0.082939,0.035728,-0.111462,0.018052,0.536698,-0.172689,-0.193646,0.324169,-0.187696,-0.063582,0.036407,0.003947,-0.016934,0.707129,0.135055,-0.215296,0.848071,0.154662,-0.208758,0.664865,0.074857,-0.355975,0.587735,-0.142949,-0.194516,0.860655,-0.153616,-0.193983,0.676636,-0.081870,-0.353788,0.619120
0.004219,-0.003283,0.654664,0.120854,-0.001139,0.535192,0.168701,-0.213315,0.319706,0.215335,-0.082977,0.035772,-0.111260,0.018000,0.536544,-0.172643,-0.193787,0.324148,-0.187693,-0.063584,0.036454,0.004078,-0.017023,0.707026,0.135033,-0.215537,0.847931,0.154859,-0.209673,0.664727,0.074354,-0.356762,0.588080,-0.142918,-0.194379,0.860752,-0.154032,-0.194414,0.676759,-0.082181,-0.354244,0.619443
0.004363,-0.003389,0.654561,0.121039,-0.001451,0.535102,0.168791,-0.213635,0.319605,0.215346,-0.082996,0.035804,-0.111055,0.017930,0.536384,-0.172577,-0.193936,0.324106,-0.187686,-0.063593,0.036480,0.004216,-0.017090,0.706932,0.135048,-0.215703,0.847839,0.155095,-0.210521,0.664640,0.074022,-0.357527,0.588434,-0.142851,-0.194184,0.860925,-0.154447,-0.194813,0.676964,-0.082516,-0.354672,0.619827
0.004516,-0.003479,0.654468,0.121228,-0.001797,0.535003,0.168938,-0.213953,0.319470,0.215353,-0.082978,0.035813,-0.110846,0.017822,0.536212,-0.172469,-0.194102,0.324021,-0.187675,-0.063617,0.036467,0.004368,-0.017110,0.706857,0.135139,-0.215724,0.847843,0.155409,-0.211233,0.664650,0.074031,-0.358257,0.588808,-0.142709,-0.193872,0.861250,-0.154859,-0.195148,0.677329,-0.082896,-0.355044,0.620337
0.004667,-0.003567,0.654474,0.121443,-0.002207,0.535001,0.169067,-0.214237,0.319328,0.215359,-0.082971,0.035793,-0.110610,0.017683,0.536085,-0.172380,-0.194232,0.323925,-0.187668,-0.063606,0.036444,0.004520,-0.017099,0.706887,0.135219,-0.215694,0.847982,0.155639,-0.211937,0.664790,0.073891,-0.358963,0.589348,-0.142560,-0.193380,0.861852,-0.155233,-0.195329,0.677973,-0.083306,-0.355270,0.621063
0.004817,-0.003654,0.654529,0.121669,-0.002650,0.535049,0.169188,-0.214505,0.319182,0.215366,-0.082971,0.035761,-0.110359,0.017527,0.535981,-0.172299,-0.194343,0.323825,-0.187663,-0.063579,0.036416,0.004673,-0.017072,0.706970,0.135294,-0.215641,0.848189,0.155823,-0.212639,0.664996,0.073677,-0.359658,0.589970,-0.142408,-0.192795,0.862591,-0.155588,-0.195429,0.678758,-0.083733,-0.355419,0.621895
0.004927,-0.003710,0.654645,0.121838,-0.003035,0.535146,0.169280,-0.214747,0.319124,0.215357,-0.082982,0.035801,-0.110172,0.017354,0.535950,-0.172218,-0.194496,0.323804,-0.187661,-0.063597,0.036463,0.004804,-0.017011,0.707114,0.135384,-0.215577,0.848384,0.155960,-0.213268,0.665186,0.073431,-0.360081,0.590177,-0.142224,-0.192125,0.863489,-0.155820,-0.195361,0.679697,-0.084105,-0.355373,0.622720
0.005042,-0.003761,0.654752,0.122015,-0.003371,0.535247,0.169381,-0.214935,0.319063,0.215354,-0.082984,0.035815,-0.109978,0.017225,0.535923,-0.172123,-0.194607,0.323787,-0.187655,-0.063607,0.036498,0.004936,-0.016968,0.707242,0.135466,-0.215583,0.848498,0.156071,-0.213893,0.665298,0.073131,-0.360497,0.590335,-0.142049,-0.191548,0.864273,-0.155988,-0.195305,0.680518,-0.084403,-0.355335,0.623427
0.005166,-0.003805,0.654838,0.122206,-0.003613,0.535352,0.169501,-0.215014,0.318996,0.215359,-0.082967,0.035776,-0.109769,0.017184,0.535908,-0.172002,-0.194631,0.323778,-0.187643,-0.063601,0.036509,0.005071,-0.016962,0.707340,0.135536,-0.215729,0.848455,0.156133,-0.214507,0.665251,0.072721,-0.360896,0.590395,-0.141891,-0.191161,0.864836,-0.156032,-0.195281,0.681104,-0.084550,-0.355316,0.623899
0.005277,-0.003872,0.654896,0.122376,-0.003763,0.535449,0.169615,-0.215061,0.318981,0.215366,-0.082954,0.035774,-0.109587,0.017171,0.535902,-0.171898,-0.194607,0.323758,-0.187639,-0.063600,0.036484,0.005191,-0.017024,0.707398,0.135600,-0.216015,0.848261,0.156029,-0.215047,0.665037,0.072061,-0.361230,0.590402,-0.141752,-0.191012,0.865155,-0.156031,-0.195238,0.681437,-0.084574,-0.355238,0.624100
0.005381,-0.003950,0.654939,0.122536,-0.003867,0.535542,0.169725,-0.215092,0.318992,0.215374,-0.082941,0.035790,-0.109418,0.017172,0.535901,-0.171801,-0.194560,0.323732,-0.187638,-0.063602,0.036441,0.005304,-0.017120,0.707435,0.135661,-0.216371,0.847991,0.155843,-0.215550,0.664739,0.071275,-0.361529,0.590383,-0.141623,-0.190984,0.865352,-0.156006,-0.195187,0.681643,-0.084537,-0.355131,0.624165
0.005489,-0.004039,0.654948,0.122629,-0.003968,0.535547,0.169717,-0.215191,0.318973,0.215364,-0.082977,0.035803,-0.109312,0.017206,0.535949,-0.171767,-0.194525,0.323800,-0.187648,-0.063606,0.036491,0.005437,-0.017243,0.707435,0.135732,-0.216796,0.847620,0.155558,-0.215861,0.664332,0.070044,-0.361521,0.590431,-0.141483,-0.191007,0.865471,-0.155672,-0.195038,0.681744,-0.084135,-0.354883,0.624075
0.005601,-0.004138,0.654929,0.122733,-0.004098,0.535524,0.169757,-0.215314,0.318929,0.215363,-0.082993,0.035806,-0.109198,0.017190,0.535951,-0.171708,-0.194538,0.323814,-0.187648,-0.063616,0.036509,0.005576,-0.017360,0.707410,0.135813,-0.217169,0.847282,0.155252,-0.216102,0.663954,0.068828,-0.361451,0.590501,-0.141333,-0.190974,0.865622,-0.155257,-0.194820,0.681871,-0.083626,-0.354548,0.623996
0.005724,-0.004256,0.654855,0.122861,-0.004287,0.535443,0.169890,-0.215486,0.318834,0.215378,-0.082968,0.035789,-0.109064,0.017075,0.535858,-0.171598,-0.194647,0.323722,-0.187630,-0.063637,0.036464,0.005726,-0.017465,0.707338,0.135914,-0.217438,0.847008,0.154905,-0.216205,0.663636,0.067635,-0.361261,0.590610,-0.141163,-0.190826,0.865836,-0.154680,-0.194462,0.682052,-0.082904,-0.354039,0.623941
0.005828,-0.004353,0.654780,0.122972,-0.004491,0.535363,0.169941,-0.215706,0.318757,0.215378,-0.082973,0.035811,-0.108942,0.016982,0.535761,-0.171560,-0.194769,0.323677,-0.187613,-0.063615,0.036488,0.005857,-0.017541,0.707267,0.136066,-0.217633,0.846734,0.154413,-0.216177,0.663300,0.066279,-0.360908,0.590668,-0.140945,-0.190656,0.866101,-0.153943,-0.194029,0.682275,-0.082030,-0.353465,0.623947
0.005922,-0.004438,0.654705,0.123074,-0.004702,0.535285,0.169950,-0.215949,0.318690,0.215372,-0.082992,0.035853,-0.108828,0.016899,0.535662,-0.171557,-0.194897,0.323656,-0.187595,-0.063571,0.036547,0.005979,-0.017602,0.707196,0.136243,-0.217790,0.846460,0.153848,-0.216082,0.662956,0.064844,-0.360471,0.590704,-0.140701,-0.190475,0.866390,-0.153125,-0.193559,0.682521,-0.081080,-0.352860,0.623986
0.005974,-0.004548,0.654567,0.123135,-0.004907,0.535144,0.169996,-0.216174,0.318566,0.215340,-0.082982,0.035833,-0.108760,0.016769,0.535499,-0.171540,-0.195064,0.323545,-0.187620,-0.063574,0.036519,0.006050,-0.017686,0.707064,0.136328,-0.217923,0.846229,0.153116,-0.215870,0.662653,0.063492,-0.360002,0.590653,-0.140570,-0.190347,0.866524,-0.152154,-0.193110,0.682595,-0.080033,-0.352360,0.624015
0.006037,-0.004667,0.654439,0.123198,-0.005116,0.535006,0.170043,-0.216405,0.318446,0.215326,-0.082982,0.035819,-0.108689,0.016649,0.535357,-0.171519,-0.195215,0.323448,-0.187632,-0.063581,0.036494,0.006132,-0.017785,0.706940,0.136413,-0.218083,0.845997,0.152370,-0.215674,0.662351,0.062172,-0.359557,0.590569,-0.140441,-0.190248,0.866637,-0.151112,-0.192657,0.682648,-0.078935,-0.351871,0.624041
0.006122,-0.004803,0.654328,0.123265,-0.005335,0.534875,0.170090,-0.216647,0.318333,0.215348,-0.083001,0.035816,-0.108610,0.016547,0.535256,-0.171490,-0.195332,0.323378,-0.187622,-0.063595,0.036476,0.006235,-0.017913,0.706830,0.136498,-0.218299,0.845763,0.151595,-0.215509,0.662051,0.060917,-0.359161,0.590410,-0.140314,-0.190206,0.866710,-0.149932,-0.192195,0.682658,-0.077739,-0.351403,0.624058
0.006171,-0.004919,0.654246,0.123308,-0.005507,0.534781,0.170115,-0.216825,0.318241,0.215352,-0.083003,0.035810,-0.108562,0.016442,0.535177,-0.171486,-0.195474,0.323347,-0.187607,-0.063599,0.036511,0.006297,-0.018020,0.706750,0.136540,-0.218464,0.845602,0.150841,-0.215252,0.661833,0.059747,-0.358674,0.590256,-0.140243,-0.190174,0.866771,-0.148721,-0.191797,0.682660,-0.076413,-0.350982,0.624135
0.006203,-0.005025,0.654179,0.123337,-0.005656,0.534707,0.170130,-0.216970,0.318160,0.215347,-0.082995,0.035803,-0.108528,0.016334,0.535109,-0.171493,-0.195627,0.323337,-0.187590,-0.063599,0.036573,0.006338,-0.018118,0.706685,0.136560,-0.218603,0.845477,0.150096,-0.214949,0.661659,0.058621,-0.358140,0.590107,-0.140199,-0.190147,0.866826,-0.147494,-0.191433,0.682661,-0.075022,-0.350586,0.624249
0.006243,-0.005155,0.654182,0.123399,-0.005858,0.534707,0.170163,-0.217123,0.318107,0.215335,-0.082982,0.035825,-0.108467,0.016129,0.535055,-0.171484,-0.195776,0.323242,-0.187608,-0.063580,0.036562,0.006382,-0.018208,0.706697,0.136603,-0.218627,0.845568,0.149392,-0.214653,0.661703,0.057731,-0.357713,0.590129,-0.140139,-0.190059,0.867036,-0.146330,-0.191261,0.682831,-0.073506,-0.350314,0.624587
0.006291,-0.005290,0.654212,0.123454,-0.006052,0.534723,0.170204,-0.217256,0.318061,0.215333,-0.082982,0.035838,-0.108411,0.015949,0.535050,-0.171468,-0.195888,0.323181,-0.187612,-0.063586,0.036552,0.006435,-0.018313,0.706734,0.136664,-0.218675,0.845666,0.148731,-0.214395,0.661759,0.056950,-0.357361,0.590150,-0.140068,-0.190040,0.867222,-0.145220,-0.191216,0.682985,-0.071950,-0.350148,0.624972
0.006356,-0.005434,0.654296,0.123493,-0.006229,0.534768,0.170261,-0.217349,0.318028,0.215349,-0.083011,0.035832,-0.108368,0.015818,0.535142,-0.171441,-0.195926,0.323185,-0.187588,-0.063645,0.036547,0.006508,-0.018447,0.706821,0.136760,-0.218771,0.845779,0.148154,-0.214215,0.661835,0.056387,-0.357158,0.590162,-0.139972,-0.190157,0.867358,-0.144218,-0.191419,0.683100,-0.070318,-0.350189,0.625442
0.006405,-0.005501,0.654415,0.123534,-0.006273,0.534877,0.170293,-0.217308,0.318053,0.215347,-0.083005,0.035834,-0.108324,0.015805,0.535272,-0.171403,-0.195836,0.323213,-0.187593,-0.063639,0.036536,0.006553,-0.018529,0.706936,0.136831,-0.218846,0.845874,0.147674,-0.213975,0.661904,0.055907,-0.356897,0.590189,-0.139914,-0.190343,0.867392,-0.143445,-0.191748,0.683121,-0.068813,-0.350321,0.625866
0.006445,-0.005529,0.654552,0.123575,-0.006250,0.535017,0.170312,-0.217201,0.318106,0.215337,-0.082983,0.035839,-0.108280,0.015852,0.535420,-0.171360,-0.195682,0.323255,-0.187614,-0.063599,0.036524,0.006585,-0.018584,0.707066,0.136889,-0.218912,0.845960,0.147242,-0.213705,0.661972,0.055469,-0.356608,0.590223,-0.139876,-0.190563,0.867374,-0.142787,-0.192138,0.683095,-0.067372,-0.350496,0.626270
0.006516,-0.005587,0.654707,0.123645,-0.006216,0.535177,0.170350,-0.217065,0.318159,0.215356,-0.082978,0.035823,-0.108213,0.015852,0.535593,-0.171326,-0.195571,0.323327,-0.187602,-0.063565,0.036560,0.006650,-0.018675,0.707214,0.136963,-0.219034,0.846046,0.147046,-0.213491,0.662052,0.055284,-0.356406,0.590311,-0.139821,-0.190834,0.867349,-0.142376,-0.192659,0.683070,-0.065970,-0.350710,0.626715
0.006570,-0.005651,0.654860,0.123700,-0.006200,0.535333,0.170382,-0.216951,0.318215,0.215365,-0.082984,0.035816,-0.108161,0.015841,0.535758,-0.171284,-0.195470,0.323384,-0.187600,-0.063568,0.036568,0.006699,-0.018767,0.707360,0.137050,-0.219137,0.846136,0.146889,-0.213306,0.662137,0.055148,-0.356222,0.590372,-0.139753,-0.191109,0.867348,-0.142030,-0.193257,0.683071,-0.064623,-0.350996,0.627211
0.006591,-0.005725,0.655008,0.123724,-0.006217,0.535483,0.170400,-0.216877,0.318277,0.215354,-0.083009,0.035823,-0.108139,0.015805,0.535907,-0.171228,-0.195390,0.323408,-0.187615,-0.063645,0.036521,0.006717,-0.018861,0.707503,0.137161,-0.219200,0.846232,0.146812,-0.213177,0.662230,0.055108,-0.356073,0.590376,-0.139660,-0.191392,0.867396,-0.141816,-0.194010,0.683126,-0.063384,-0.351433,0.627804
0.006634,-0.005771,0.655150,0.123794,-0.006202,0.535645,0.170471,-0.216752,0.318333,0.215359,-0.082995,0.035813,-0.108074,0.015767,0.536026,-0.171163,-0.195330,0.323429,-0.187601,-0.063634,0.036522,0.006752,-0.018918,0.707642,0.137249,-0.219227,0.846360,0.146777,-0.213046,0.662357,0.055121,-0.355945,0.590446,-0.139587,-0.191595,0.867452,-0.141777,-0.194695,0.683192,-0.062342,-0.351797,0.628395
0.006689,-0.005802,0.655290,0.123887,-0.006171,0.535814,0.170568,-0.216601,0.318386,0.215372,-0.082960,0.035795,-0.107987,0.015728,0.536129,-0.171095,-0.195281,0.323450,-0.187573,-0.063579,0.036546,0.006794,-0.018958,0.707779,0.137326,-0.219237,0.846504,0.146763,-0.212914,0.662501,0.055160,-0.355826,0.590549,-0.139525,-0.191759,0.867511,-0.141825,-0.195345,0.683264,-0.061399,-0.352122,0.628985
0.006712,-0.005854,0.655415,0.123915,-0.006170,0.535942,0.170548,-0.216529,0.318436,0.215360,-0.082961,0.035809,-0.107964,0.015690,0.536250,-0.171109,-0.195202,0.323467,-0.187613,-0.063601,0.036517,0.006794,-0.019019,0.707903,0.137331,-0.219184,0.846787,0.146929,-0.212800,0.662795,0.055424,-0.355733,0.590759,-0.139571,-0.192008,0.867418,-0.142083,-0.195996,0.683185,-0.060680,-0.352412,0.629317
0.006745,-0.005919,0.655533,0.123940,-0.006172,0.536056,0.170545,-0.216466,0.318480,0.215358,-0.082968,0.035818,-0.107941,0.015662,0.536383,-0.171107,-0.195125,0.323502,-0.187631,-0.063617,0.036509,0.006806,-0.019103,0.708018,0.137353,-0.219167,0.847037,0.147105,-0.212693,0.663056,0.055696,-0.355644,0.590932,-0.139604,-0.192308,0.867281,-0.142353,-0.196614,0.683061,-0.060005,-0.352653,0.629540
0.006798,-0.006012,0.655638,0.123961,-0.006182,0.536142,0.170578,-0.216419,0.318513,0.215378,-0.082989,0.035814,-0.107919,0.015652,0.536541,-0.171068,-0.195053,0.323575,-0.187604,-0.063622,0.036542,0.006841,-0.019231,0.708115,0.137408,-0.219224,0.847219,0.147299,-0.212600,0.663252,0.055984,-0.355561,0.591031,-0.139608,-0.192712,0.867057,-0.142651,-0.197163,0.682847,-0.059413,-0.352805,0.629548
0.006822,-0.006103,0.655711,0.123956,-0.006196,0.536193,0.170608,-0.216373,0.318513,0.215379,-0.082974,0.035794,-0.107927,0.015611,0.536653,-0.171063,-0.194981,0.323571,-0.187606,-0.063596,0.036518,0.006841,-0.019345,0.708184,0.137413,-0.219205,0.847474,0.147488,-0.212442,0.663522,0.056323,-0.355451,0.591206,-0.139675,-0.193075,0.866797,-0.142965,-0.197582,0.682594,-0.058968,-0.352877,0.629473
0.006831,-0.006193,0.655768,0.123936,-0.006213,0.536227,0.170636,-0.216327,0.318497,0.215370,-0.082941,0.035765,-0.107950,0.015554,0.536742,-0.171073,-0.194909,0.323528,-0.187623,-0.063554,0.036463,0.006824,-0.019452,0.708238,0.137393,-0.219148,0.847764,0.147674,-0.212253,0.663828,0.056687,-0.355328,0.591418,-0.139773,-0.193417,0.866518,-0.143288,-0.197936,0.682320,-0.058598,-0.352908,0.629355
0.006843,-0.006356,0.655873,0.123935,-0.006349,0.536311,0.170615,-0.216401,0.318517,0.215351,-0.082979,0.035804,-0.107957,0.015353,0.536845,-0.171050,-0.195038,0.323552,-0.187619,-0.063609,0.036523,0.006825,-0.019604,0.708347,0.137425,-0.219145,0.848055,0.147799,-0.212130,0.664130,0.056878,-0.355250,0.591728,-0.139784,-0.193641,0.866527,-0.143435,-0.198095,0.682332,-0.058323,-0.352817,0.629315
0.006847,-0.006509,0.655956,0.123932,-0.006477,0.536376,0.170604,-0.216457,0.318511,0.215343,-0.082997,0.035817,-0.107967,0.015156,0.536920,-0.171044,-0.195161,0.323550,-0.187617,-0.063637,0.036565,0.006821,-0.019746,0.708433,0.137459,-0.219135,0.848312,0.147938,-0.211983,0.664398,0.057097,-0.355149,0.591992,-0.139791,-0.193838,0.866536,-0.143527,-0.198162,0.682340,-0.058076,-0.352668,0.629234
0.006839,-0.006644,0.655995,0.123925,-0.006589,0.536401,0.170613,-0.216476,0.318450,0.215360,-0.082975,0.035779,-0.107981,0.014968,0.536941,-0.171071,-0.195269,0.323496,-0.187619,-0.063610,0.036573,0.006806,-0.019867,0.708476,0.137494,-0.219109,0.848501,0.148107,-0.211789,0.664601,0.057372,-0.355005,0.592167,-0.139791,-0.193982,0.866543,-0.143505,-0.198048,0.682341,-0.057884,-0.352405,0.629077
0.006829,-0.006786,0.656048,0.123923,-0.006713,0.536451,0.170620,-0.216532,0.318435,0.215370,-0.082973,0.035792,-0.107988,0.014782,0.536968,-0.171083,-0.195368,0.323438,-0.187618,-0.063618,0.036558,0.006786,-0.019996,0.708532,0.137498,-0.219113,0.848697,0.148207,-0.211601,0.664811,0.057553,-0.354857,0.592356,-0.139820,-0.194113,0.866558,-0.143479,-0.197798,0.682348,-0.057815,-0.352054,0.628862
0.006818,-0.006933,0.656107,0.123925,-0.006845,0.536513,0.170627,-0.216606,0.318443,0.215376,-0.082982,0.035831,-0.107992,0.014596,0.536999,-0.171088,-0.195462,0.323379,-0.187616,-0.063644,0.036533,0.006763,-0.020130,0.708595,0.137486,-0.219132,0.848897,0.148271,-0.211416,0.665024,0.057687,-0.354707,0.592551,-0.139863,-0.194237,0.866578,-0.143451,-0.197481,0.682357,-0.057806,-0.351659,0.628618
0.006802,-0.007114,0.656240,0.123858,-0.006986,0.536586,0.170652,-0.216621,0.318415,0.215369,-0.082981,0.035809,-0.108062,0.014420,0.537170,-0.171103,-0.195502,0.323402,-0.187599,-0.063658,0.036568,0.006748,-0.020313,0.708729,0.137479,-0.219211,0.849162,0.148203,-0.211309,0.665294,0.057533,-0.354549,0.592831,-0.139910,-0.194470,0.866589,-0.143251,-0.197200,0.682355,-0.057641,-0.351305,0.628348
0.006790,-0.007273,0.656376,0.123792,-0.007114,0.536660,0.170653,-0.216635,0.318393,0.215364,-0.082977,0.035796,-0.108129,0.014276,0.537346,-0.171126,-0.195510,0.323430,-0.187590,-0.063655,0.036600,0.006739,-0.020475,0.708864,0.137476,-0.219285,0.849410,0.148107,-0.211217,0.665545,0.057344,-0.354423,0.593134,-0.139947,-0.194671,0.866619,-0.143015,-0.196890,0.682373,-0.057472,-0.350934,0.628088
0.006785,-0.007389,0.656516,0.123727,-0.007219,0.536735,0.170608,-0.216647,0.318383,0.215365,-0.082968,0.035801,-0.108192,0.014191,0.537530,-0.171165,-0.195452,0.323470,-0.187597,-0.063619,0.036625,0.006740,-0.020592,0.709005,0.137481,-0.219346,0.849624,0.147956,-0.211158,0.665755,0.057086,-0.354363,0.593483,-0.139965,-0.194804,0.866689,-0.142705,-0.196522,0.682433,-0.057294,-0.350531,0.627844
0.006767,-0.007520,0.656664,0.123696,-0.007283,0.536867,0.170585,-0.216601,0.318411,0.215367,-0.082967,0.035808,-0.108227,0.014078,0.537688,-0.171187,-0.195418,0.323481,-0.187601,-0.063612,0.036622,0.006729,-0.020739,0.709149,0.137497,-0.219514,0.849709,0.147769,-0.211159,0.665837,0.056761,-0.354330,0.593676,-0.139956,-0.194982,0.866788,-0.142375,-0.196204,0.682522,-0.057042,-0.350164,0.627671
0.006743,-0.007658,0.656816,0.123683,-0.007327,0.537028,0.170573,-0.216526,0.318458,0.215369,-0.082971,0.035818,-0.108248,0.013951,0.537833,-0.171201,-0.195396,0.323477,-0.187602,-0.063620,0.036604,0.006712,-0.020900,0.709295,0.137519,-0.219734,0.849732,0.147564,-0.211190,0.665855,0.056403,-0.354312,0.593790,-0.139933,-0.195183,0.866900,-0.142034,-0.195913,0.682628,-0.056755,-0.349816,0.627536
0.006747,-0.007833,0.656973,0.123736,-0.007407,0.537230,0.170677,-0.216440,0.318513,0.215352,-0.082976,0.035808,-0.108199,0.013825,0.537954,-0.171123,-0.195380,0.323451,-0.187607,-0.063676,0.036548,0.006712,-0.021107,0.709443,0.137547,-0.220061,0.849687,0.147361,-0.211395,0.665803,0.056290,-0.354665,0.593915,-0.139893,-0.195456,0.866996,-0.141655,-0.195795,0.682719,-0.056448,-0.349721,0.627579
0.006756,-0.007986,0.657131,0.123778,-0.007477,0.537417,0.170724,-0.216359,0.318557,0.215342,-0.082980,0.035800,-0.108159,0.013736,0.538095,-0.171081,-0.195331,0.323456,-0.187608,-0.063689,0.036526,0.006719,-0.021294,0.709592,0.137563,-0.220368,0.849657,0.147165,-0.211546,0.665768,0.056192,-0.355025,0.594174,-0.139868,-0.195703,0.867079,-0.141297,-0.195656,0.682798,-0.056246,-0.349654,0.627617
0.006776,-0.008096,0.657290,0.123794,-0.007527,0.537575,0.170658,-0.216285,0.318579,0.215346,-0.082982,0.035796,-0.108140,0.013719,0.538273,-0.171109,-0.195218,0.323522,-0.187599,-0.063615,0.036569,0.006740,-0.021438,0.709743,0.137554,-0.220634,0.849656,0.146986,-0.211590,0.665769,0.056121,-0.355398,0.594702,-0.139872,-0.195895,0.867136,-0.140982,-0.195471,0.682853,-0.056254,-0.349637,0.627644
0.006784,-0.008224,0.657518,0.123798,-0.007613,0.537789,0.170664,-0.216209,0.318639,0.215342,-0.082980,0.035816,-0.108135,0.013647,0.538504,-0.171086,-0.195131,0.323593,-0.187595,-0.063597,0.036608,0.006753,-0.021584,0.709966,0.137574,-0.220838,0.849778,0.146860,-0.211512,0.665896,0.056162,-0.355763,0.595517,-0.139850,-0.196055,0.867335,-0.140709,-0.195285,0.683050,-0.056340,-0.349610,0.627737
0.006786,-0.008362,0.657780,0.123795,-0.007718,0.538032,0.170708,-0.216130,0.318718,0.215335,-0.082976,0.035849,-0.108138,0.013547,0.538762,-0.171038,-0.195057,0.323667,-0.187593,-0.063606,0.036644,0.006762,-0.021732,0.710225,0.137608,-0.221010,0.849961,0.146762,-0.211374,0.666087,0.056264,-0.356122,0.596477,-0.139815,-0.196197,0.867604,-0.140458,-0.195099,0.683319,-0.056464,-0.349577,0.627862
0.006808,-0.008537,0.657952,0.123784,-0.007827,0.538173,0.170707,-0.216097,0.318726,0.215352,-0.082990,0.035835,-0.108145,0.013465,0.538974,-0.171047,-0.194945,0.323692,-0.187590,-0.063632,0.036600,0.006796,-0.021940,0.710389,0.137640,-0.221309,0.849976,0.146772,-0.211246,0.666123,0.056155,-0.356401,0.597518,-0.139783,-0.196468,0.867688,-0.140308,-0.195114,0.683404,-0.056694,-0.349665,0.627577
0.006825,-0.008677,0.658133,0.123781,-0.007876,0.538339,0.170716,-0.216013,0.318768,0.215357,-0.082997,0.035829,-0.108148,0.013419,0.539188,-0.171052,-0.194803,0.323726,-0.187592,-0.063635,0.036564,0.006822,-0.022121,0.710559,0.137664,-0.221603,0.849968,0.146766,-0.211140,0.666135,0.056020,-0.356695,0.598560,-0.139757,-0.196740,0.867751,-0.140199,-0.195166,0.683467,-0.056901,-0.349784,0.627355
0.006831,-0.008746,0.658329,0.123792,-0.007806,0.538554,0.170743,-0.215826,0.318876,0.215337,-0.082991,0.035841,-0.108141,0.013444,0.539407,-0.171048,-0.194604,0.323777,-0.187604,-0.063588,0.036546,0.006831,-0.022247,0.710741,0.137674,-0.221887,0.849913,0.146729,-0.211074,0.666098,0.055825,-0.357024,0.599598,-0.139743,-0.197018,0.867771,-0.140172,-0.195291,0.683487,-0.057063,-0.349969,0.627259
0.006837,-0.008868,0.658545,0.123815,-0.007804,0.538786,0.170747,-0.215682,0.318970,0.215323,-0.082984,0.035863,-0.108128,0.013336,0.539615,-0.171031,-0.194560,0.323838,-0.187600,-0.063578,0.036590,0.006838,-0.022399,0.710949,0.137671,-0.222116,0.850013,0.146649,-0.211070,0.666208,0.055501,-0.357343,0.600769,-0.139747,-0.197258,0.867875,-0.140154,-0.195484,0.683591,-0.057302,-0.350256,0.627245
0.006844,-0.009017,0.658771,0.123845,-0.007834,0.539028,0.170737,-0.215558,0.319057,0.215312,-0.082976,0.035889,-0.108111,0.013161,0.539819,-0.171009,-0.194593,0.323904,-0.187588,-0.063586,0.036666,0.006843,-0.022565,0.711171,0.137662,-0.222318,0.850190,0.146547,-0.211097,0.666391,0.055112,-0.357655,0.602009,-0.139760,-0.197479,0.868021,-0.140142,-0.195710,0.683736,-0.057580,-0.350594,0.627271
0.006870,-0.009169,0.658895,0.123899,-0.007927,0.539174,0.170808,-0.215507,0.319072,0.215311,-0.083008,0.035850,-0.108059,0.013047,0.539919,-0.170923,-0.194572,0.323864,-0.187581,-0.063638,0.036596,0.006858,-0.022736,0.711290,0.137639,-0.222551,0.850262,0.146418,-0.211304,0.666460,0.054768,-0.358003,0.602714,-0.139783,-0.197713,0.868046,-0.140231,-0.196030,0.683759,-0.058017,-0.351045,0.627146
0.006887,-0.009286,0.659022,0.123937,-0.007989,0.539317,0.170845,-0.215451,0.319103,0.215313,-0.083024,0.035839,-0.108023,0.012971,0.540031,-0.170873,-0.194528,0.323857,-0.187579,-0.063653,0.036563,0.006862,-0.022872,0.711412,0.137598,-0.222730,0.850373,0.146316,-0.211512,0.666567,0.054562,-0.358385,0.603384,-0.139831,-0.197925,0.868042,-0.140363,-0.196319,0.683754,-0.058470,-0.351465,0.627037
0.006888,-0.009333,0.659154,0.123942,-0.007993,0.539454,0.170816,-0.215383,0.319166,0.215323,-0.083007,0.035883,-0.108018,0.012970,0.540167,-0.170893,-0.194440,0.323915,-0.187590,-0.063594,0.036605,0.006845,-0.022937,0.711540,0.137522,-0.222801,0.850563,0.146267,-0.211720,0.666750,0.054628,-0.358837,0.603985,-0.139927,-0.198094,0.867983,-0.140581,-0.196543,0.683694,-0.058957,-0.351826,0.626961
0.006876,-0.009429,0.659231,0.123935,-0.008026,0.539536,0.170830,-0.215354,0.319193,0.215301,-0.082990,0.035897,-0.108032,0.012856,0.540238,-0.170918,-0.194474,0.323912,-0.187594,-0.063591,0.036619,0.006822,-0.023039,0.711616,0.137466,-0.222883,0.850714,0.146238,-0.211958,0.666891,0.054805,-0.359344,0.604463,-0.139999,-0.198263,0.867942,-0.140855,-0.196802,0.683652,-0.059541,-0.352288,0.627031
0.006856,-0.009549,0.659282,0.123922,-0.008076,0.539590,0.170866,-0.215343,0.319201,0.215262,-0.082973,0.035895,-0.108056,0.012685,0.540276,-0.170945,-0.194569,0.323879,-0.187594,-0.063616,0.036618,0.006796,-0.023160,0.711667,0.137421,-0.222970,0.850844,0.146220,-0.212211,0.667013,0.055039,-0.359878,0.604878,-0.140058,-0.198433,0.867911,-0.141155,-0.197078,0.683620,-0.060173,-0.352801,0.627174
0.006918,-0.009642,0.659260,0.124000,-0.008152,0.539582,0.170963,-0.215402,0.319181,0.215307,-0.082997,0.035886,-0.107981,0.012575,0.540237,-0.170874,-0.194670,0.323833,-0.187557,-0.063665,0.036599,0.006846,-0.023251,0.711646,0.137412,-0.223061,0.850893,0.146329,-0.212554,0.667051,0.055615,-0.360482,0.604864,-0.140072,-0.198528,0.867830,-0.141473,-0.197306,0.683539,-0.060855,-0.353295,0.627307
0.006956,-0.009710,0.659230,0.124037,-0.008194,0.539556,0.170989,-0.215448,0.319156,0.215331,-0.083012,0.035876,-0.107946,0.012507,0.540212,-0.170846,-0.194737,0.323808,-0.187540,-0.063675,0.036601,0.006880,-0.023327,0.711614,0.137408,-0.223166,0.850869,0.146446,-0.212903,0.667018,0.056266,-0.361093,0.604692,-0.140075,-0.198630,0.867742,-0.141791,-0.197555,0.683451,-0.061550,-0.353817,0.627440
0.006945,-0.009731,0.659183,0.123994,-0.008168,0.539493,0.170872,-0.215467,0.319120,0.215311,-0.083010,0.035864,-0.107990,0.012522,0.540215,-0.170906,-0.194733,0.323827,-0.187561,-0.063606,0.036648,0.006882,-0.023370,0.711561,0.137416,-0.223299,0.850700,0.146581,-0.213260,0.666840,0.057067,-0.361719,0.604201,-0.140055,-0.198747,0.867640,-0.142107,-0.197847,0.683351,-0.062269,-0.354398,0.627572
0.006958,-0.009810,0.659202,0.123936,-0.008159,0.539468,0.170856,-0.215506,0.319148,0.215289,-0.083000,0.035914,-0.108050,0.012503,0.540321,-0.170938,-0.194683,0.323859,-0.187562,-0.063593,0.036661,0.006911,-0.023486,0.711571,0.137402,-0.223521,0.850608,0.146817,-0.213602,0.666753,0.058014,-0.362302,0.603676,-0.140067,-0.198973,0.867501,-0.142437,-0.198207,0.683214,-0.063014,-0.355072,0.627722
0.006983,-0.009918,0.659253,0.123872,-0.008159,0.539462,0.170890,-0.215555,0.319208,0.215265,-0.082986,0.035996,-0.108117,0.012467,0.540480,-0.170956,-0.194608,0.323899,-0.187552,-0.063609,0.036658,0.006955,-0.023639,0.711612,0.137377,-0.223789,0.850556,0.147104,-0.213935,0.666711,0.059035,-0.362861,0.603136,-0.140095,-0.199254,0.867343,-0.142774,-0.198601,0.683058,-0.063774,-0.355790,0.627883
0.007055,-0.010033,0.659268,0.123875,-0.008188,0.539437,0.170888,-0.215543,0.319142,0.215283,-0.083019,0.035913,-0.108104,0.012538,0.540609,-0.170912,-0.194473,0.323958,-0.187553,-0.063671,0.036622,0.007027,-0.023820,0.711610,0.137328,-0.224155,0.850408,0.147465,-0.214277,0.666585,0.060156,-0.363418,0.602482,-0.140151,-0.199619,0.867024,-0.143201,-0.198976,0.682743,-0.064729,-0.356483,0.627719
0.007105,-0.010113,0.659307,0.123871,-0.008176,0.539451,0.170879,-0.215494,0.319120,0.215301,-0.083025,0.035869,-0.108100,0.012632,0.540748,-0.170881,-0.194319,0.324031,-0.187553,-0.063681,0.036617,0.007072,-0.023966,0.711632,0.137266,-0.224462,0.850303,0.147816,-0.214541,0.666503,0.061207,-0.363871,0.601904,-0.140225,-0.199965,0.866717,-0.143641,-0.199323,0.682441,-0.065693,-0.357119,0.627502
0.007110,-0.010123,0.659395,0.123851,-0.008082,0.539543,0.170860,-0.215372,0.319187,0.215317,-0.082980,0.035902,-0.108115,0.012770,0.540906,-0.170874,-0.194128,0.324133,-0.187551,-0.063586,0.036674,0.007061,-0.024039,0.711704,0.137182,-0.224648,0.850284,0.148148,-0.214650,0.666511,0.062113,-0.364120,0.601475,-0.140332,-0.200274,0.866436,-0.144110,-0.199617,0.682166,-0.066672,-0.357647,0.627177
0.007079,-0.010181,0.659430,0.123841,-0.008088,0.539603,0.170831,-0.215359,0.319226,0.215289,-0.082980,0.035934,-0.108129,0.012722,0.540928,-0.170905,-0.194125,0.324111,-0.187560,-0.063582,0.036653,0.007006,-0.024109,0.711736,0.137058,-0.224684,0.850429,0.148424,-0.214702,0.666679,0.062823,-0.364274,0.601299,-0.140485,-0.200442,0.866268,-0.144595,-0.199899,0.682003,-0.067641,-0.358163,0.627006
0.007031,-0.010262,0.659437,0.123836,-0.008144,0.539647,0.170797,-0.215402,0.319250,0.215238,-0.083002,0.035964,-0.108142,0.012580,0.540882,-0.170956,-0.194216,0.324027,-0.187574,-0.063622,0.036594,0.006929,-0.024178,0.711748,0.136913,-0.224646,0.850656,0.148672,-0.214725,0.666927,0.063436,-0.364382,0.601249,-0.140661,-0.200541,0.866156,-0.145087,-0.200176,0.681896,-0.068605,-0.358673,0.626913
0.007044,-0.010285,0.659406,0.123845,-0.008287,0.539591,0.170862,-0.215497,0.319162,0.215288,-0.082998,0.035925,-0.108122,0.012567,0.540837,-0.170913,-0.194281,0.324025,-0.187542,-0.063686,0.036592,0.006919,-0.024168,0.711725,0.136871,-0.224475,0.850893,0.149015,-0.214710,0.667180,0.064219,-0.364469,0.601162,-0.140732,-0.200502,0.866107,-0.145507,-0.200330,0.681854,-0.069440,-0.359009,0.626821
0.007025,-0.010286,0.659412,0.123831,-0.008426,0.539572,0.170853,-0.215580,0.319092,0.215306,-0.083000,0.035900,-0.108125,0.012548,0.540811,-0.170916,-0.194322,0.324020,-0.187531,-0.063697,0.036598,0.006877,-0.024124,0.711743,0.136785,-0.224246,0.851216,0.149325,-0.214659,0.667520,0.064903,-0.364480,0.601164,-0.140843,-0.200382,0.866145,-0.145938,-0.200421,0.681900,-0.070271,-0.359281,0.626838
0.006946,-0.010247,0.659495,0.123770,-0.008557,0.539630,0.170694,-0.215637,0.319058,0.215263,-0.083013,0.035906,-0.108178,0.012516,0.540821,-0.171012,-0.194316,0.324007,-0.187561,-0.063601,0.036622,0.006772,-0.024015,0.711845,0.136615,-0.223897,0.851713,0.149569,-0.214533,0.668034,0.065386,-0.364342,0.601342,-0.141036,-0.200099,0.866355,-0.146394,-0.200386,0.682116,-0.071096,-0.359426,0.627069
0.006888,-0.010256,0.659616,0.123707,-0.008645,0.539712,0.170681,-0.215644,0.319076,0.215243,-0.083002,0.035932,-0.108244,0.012388,0.540892,-0.171054,-0.194347,0.323977,-0.187569,-0.063598,0.036609,0.006706,-0.023964,0.711983,0.136548,-0.223611,0.852182,0.149856,-0.214454,0.668519,0.065876,-0.364214,0.601447,-0.141127,-0.199933,0.866598,-0.146727,-0.200457,0.682365,-0.071838,-0.359705,0.627362
0.006841,-0.010289,0.659758,0.123642,-0.008711,0.539807,0.170742,-0.215626,0.319119,0.215235,-0.082978,0.035967,-0.108319,0.012211,0.540992,-0.171069,-0.194395,0.323938,-0.187567,-0.063641,0.036576,0.006659,-0.023942,0.712139,0.136533,-0.223356,0.852638,0.150165,-0.214396,0.668988,0.066371,-0.364091,0.601516,-0.141166,-0.199826,0.866857,-0.146999,-0.200581,0.682631,-0.072539,-0.360051,0.627687
0.006851,-0.010373,0.659863,0.123666,-0.008738,0.539925,0.170773,-0.215524,0.319117,0.215273,-0.083018,0.035896,-0.108294,0.012194,0.541103,-0.171003,-0.194359,0.323986,-0.187528,-0.063680,0.036588,0.006668,-0.024055,0.712237,0.136547,-0.223555,0.852606,0.150385,-0.214517,0.668975,0.066728,-0.364049,0.600956,-0.141150,-0.200010,0.866876,-0.147215,-0.200642,0.682656,-0.073186,-0.360313,0.627714
0.006831,-0.010447,0.660009,0.123656,-0.008724,0.540082,0.170755,-0.215389,0.319159,0.215292,-0.083043,0.035865,-0.108308,0.012162,0.541251,-0.170984,-0.194298,0.324037,-0.187509,-0.063678,0.036609,0.006648,-0.024157,0.712374,0.136528,-0.223742,0.852617,0.150531,-0.214606,0.669004,0.066993,-0.363938,0.600380,-0.141166,-0.200183,0.866932,-0.147413,-0.200679,0.682716,-0.073829,-0.360543,0.627739
0.006747,-0.010498,0.660233,0.123580,-0.008630,0.540318,0.170639,-0.215189,0.319288,0.215272,-0.083039,0.035913,-0.108399,0.012100,0.541475,-0.171059,-0.194187,0.324092,-0.187529,-0.063592,0.036650,0.006572,-0.024238,0.712591,0.136446,-0.223907,0.852715,0.150528,-0.214633,0.669115,0.067074,-0.363689,0.599770,-0.141247,-0.200334,0.867060,-0.147578,-0.200667,0.682845,-0.074463,-0.360710,0.627762
0.006709,-0.010639,0.660409,0.123592,-0.008709,0.540532,0.170684,-0.215093,0.319345,0.215255,-0.083005,0.035929,-0.108392,0.011964,0.541596,-0.171050,-0.194169,0.324067,-0.187564,-0.063598,0.036616,0.006529,-0.024392,0.712763,0.136424,-0.224121,0.852775,0.150504,-0.214706,0.669182,0.067361,-0.363639,0.599192,-0.141262,-0.200488,0.867249,-0.147712,-0.200675,0.683037,-0.075040,-0.360867,0.627799
0.006692,-0.010826,0.660559,0.123650,-0.008875,0.540733,0.170809,-0.215049,0.319366,0.215238,-0.082956,0.035929,-0.108335,0.011792,0.541666,-0.170997,-0.194197,0.324001,-0.187607,-0.063652,0.036545,0.006504,-0.024582,0.712912,0.136430,-0.224358,0.852816,0.150468,-0.214801,0.669225,0.067751,-0.363686,0.598629,-0.141242,-0.200645,0.867469,-0.147830,-0.200693,0.683261,-0.075590,-0.361018,0.627844
0.006720,-0.010969,0.660608,0.123668,-0.008992,0.540777,0.170785,-0.215080,0.319320,0.215280,-0.083008,0.035884,-0.108310,0.011758,0.541749,-0.170986,-0.194190,0.324049,-0.187546,-0.063637,0.036589,0.006539,-0.024758,0.712952,0.136458,-0.224667,0.852666,0.150436,-0.214910,0.669079,0.068268,-0.363929,0.598123,-0.141202,-0.200862,0.867460,-0.147794,-0.200678,0.683251,-0.075914,-0.361064,0.627545
0.006717,-0.011122,0.660697,0.123650,-0.009106,0.540853,0.170747,-0.215100,0.319305,0.215299,-0.083040,0.035871,-0.108324,0.011683,0.541865,-0.170995,-0.194180,0.324084,-0.187511,-0.063627,0.036621,0.006545,-0.024939,0.713033,0.136472,-0.224958,0.852575,0.150347,-0.215003,0.668989,0.068712,-0.364178,0.597750,-0.141177,-0.201075,0.867515,-0.147751,-0.200674,0.683305,-0.076195,-0.361130,0.627384
0.006648,-0.011298,0.660864,0.123560,-0.009216,0.540997,0.170684,-0.215098,0.319350,0.215275,-0.083034,0.035922,-0.108418,0.011529,0.542048,-0.171046,-0.194165,0.324095,-0.187527,-0.063627,0.036625,0.006495,-0.025131,0.713196,0.136457,-0.225214,0.852605,0.150143,-0.215061,0.669014,0.069009,-0.364446,0.597645,-0.141182,-0.201279,0.867699,-0.147696,-0.200692,0.683487,-0.076391,-0.361235,0.627496
0.006647,-0.011502,0.660989,0.123605,-0.009373,0.541158,0.170743,-0.215080,0.319353,0.215254,-0.083007,0.035917,-0.108371,0.011388,0.542139,-0.171013,-0.194189,0.324078,-0.187554,-0.063645,0.036615,0.006485,-0.025358,0.713314,0.136400,-0.225560,0.852592,0.149973,-0.215268,0.668998,0.069423,-0.364964,0.597623,-0.141227,-0.201512,0.867769,-0.147705,-0.200704,0.683556,-0.076665,-0.361314,0.627420
0.006680,-0.011720,0.661092,0.123718,-0.009553,0.541329,0.170863,-0.215053,0.319335,0.215235,-0.082970,0.035884,-0.108255,0.011254,0.542183,-0.170938,-0.194231,0.324047,-0.187586,-0.063673,0.036597,0.006494,-0.025604,0.713410,0.136323,-0.225951,0.852559,0.149820,-0.215548,0.668962,0.069897,-0.365605,0.597641,-0.141292,-0.201759,0.867783,-0.147746,-0.200714,0.683570,-0.076977,-0.361380,0.627250
0.006700,-0.011853,0.661116,0.123738,-0.009628,0.541373,0.170798,-0.215126,0.319358,0.215273,-0.083029,0.035928,-0.108229,0.011245,0.542244,-0.170939,-0.194204,0.324083,-0.187519,-0.063639,0.036629,0.006506,-0.025785,0.713421,0.136227,-0.226320,0.852411,0.149662,-0.215903,0.668810,0.069998,-0.366098,0.597489,-0.141378,-0.202016,0.867609,-0.147702,-0.200735,0.683392,-0.077133,-0.361379,0.626760
0.006680,-0.011991,0.661161,0.123714,-0.009694,0.541429,0.170747,-0.215159,0.319378,0.215280,-0.083047,0.035963,-0.108252,0.011189,0.542318,-0.170968,-0.194193,0.324095,-0.187478,-0.063607,0.036645,0.006480,-0.025961,0.713456,0.136112,-0.226639,0.852336,0.149506,-0.216263,0.668728,0.070094,-0.366595,0.597417,-0.141488,-0.202261,0.867481,-0.147675,-0.200789,0.683261,-0.077270,-0.361418,0.626384
0.006577,-0.012139,0.661249,0.123601,-0.009740,0.541511,0.170720,-0.215113,0.319392,0.215228,-0.082986,0.035980,-0.108374,0.011036,0.542417,-0.171053,-0.194214,0.324060,-0.187491,-0.063582,0.036630,0.006377,-0.026128,0.713539,0.135957,-0.226860,0.852406,0.149350,-0.216632,0.668789,0.070183,-0.367103,0.597505,-0.141646,-0.202482,0.867446,-0.147684,-0.200909,0.683221,-0.077370,-0.361539,0.626235
0.006563,-0.012368,0.661279,0.123559,-0.009901,0.541532,0.170717,-0.215205,0.319359,0.215218,-0.083015,0.035977,-0.108409,0.010961,0.542516,-0.171053,-0.194246,0.324108,-0.187487,-0.063643,0.036664,0.006366,-0.026413,0.713554,0.135845,-0.227377,0.852198,0.149210,-0.217256,0.668572,0.070151,-0.367794,0.597314,-0.141738,-0.202857,0.867283,-0.147739,-0.201111,0.683058,-0.077542,-0.361758,0.625976
0.006592,-0.012637,0.661280,0.123551,-0.010119,0.541524,0.170726,-0.215367,0.319302,0.215228,-0.083089,0.035963,-0.108400,0.010925,0.542616,-0.171009,-0.194283,0.324199,-0.187476,-0.063746,0.036723,0.006400,-0.026756,0.713536,0.135755,-0.228043,0.851851,0.149077,-0.218008,0.668216,0.070060,-0.368578,0.596984,-0.141798,-0.203307,0.867055,-0.147816,-0.201353,0.682833,-0.077750,-0.362026,0.625661
0.006595,-0.012778,0.661163,0.123495,-0.010147,0.541398,0.170648,-0.215480,0.319250,0.215252,-0.083089,0.035983,-0.108448,0.010980,0.542621,-0.171040,-0.194211,0.324185,-0.187449,-0.063675,0.036703,0.006418,-0.026983,0.713396,0.135682,-0.228584,0.851351,0.149035,-0.218491,0.667723,0.069879,-0.368983,0.596480,-0.141847,-0.203698,0.866671,-0.147916,-0.201572,0.682453,-0.077838,-0.362229,0.625251
0.006588,-0.012935,0.661082,0.123451,-0.010175,0.541318,0.170620,-0.215552,0.319213,0.215247,-0.083059,0.035999,-0.108492,0.010937,0.542621,-0.171079,-0.194209,0.324141,-0.187440,-0.063613,0.036685,0.006423,-0.027205,0.713297,0.135615,-0.229043,0.850985,0.149007,-0.218900,0.667361,0.069748,-0.369381,0.596215,-0.141897,-0.204054,0.866373,-0.148019,-0.201819,0.682158,-0.077892,-0.362444,0.624927
0.006561,-0.013124,0.661071,0.123433,-0.010203,0.541330,0.170689,-0.215540,0.319206,0.215185,-0.082971,0.036009,-0.108529,0.010697,0.542611,-0.171132,-0.194348,0.324040,-0.187465,-0.063571,0.036673,0.006401,-0.027421,0.713279,0.135561,-0.229338,0.850883,0.149009,-0.219161,0.667266,0.069716,-0.369768,0.596428,-0.141949,-0.204341,0.866250,-0.148130,-0.202123,0.682038,-0.077879,-0.362682,0.624775
0.006599,-0.013364,0.661028,0.123517,-0.010314,0.541358,0.170737,-0.215610,0.319190,0.215183,-0.083021,0.035994,-0.108449,0.010559,0.542576,-0.171111,-0.194483,0.324020,-0.187473,-0.063664,0.036676,0.006422,-0.027723,0.713218,0.135479,-0.229863,0.850600,0.148963,-0.219578,0.666991,0.069708,-0.370386,0.596539,-0.142020,-0.204780,0.865953,-0.148426,-0.202510,0.681749,-0.078065,-0.362995,0.624411
0.006668,-0.013629,0.660969,0.123651,-0.010465,0.541394,0.170774,-0.215723,0.319170,0.215211,-0.083139,0.035968,-0.108309,0.010472,0.542530,-0.171053,-0.194617,0.324041,-0.187472,-0.063823,0.036686,0.006465,-0.028068,0.713137,0.135384,-0.230501,0.850225,0.148893,-0.220073,0.666625,0.069714,-0.371119,0.596598,-0.142101,-0.205295,0.865567,-0.148814,-0.202939,0.681376,-0.078350,-0.363343,0.623941
0.006705,-0.013698,0.660893,0.123670,-0.010358,0.541355,0.170824,-0.215662,0.319181,0.215245,-0.083061,0.035986,-0.108289,0.010591,0.542553,-0.170990,-0.194510,0.324063,-0.187427,-0.063698,0.036714,0.006482,-0.028234,0.713035,0.135293,-0.230878,0.849925,0.148805,-0.220233,0.666337,0.069791,-0.371544,0.596692,-0.142214,-0.205788,0.864966,-0.149211,-0.203290,0.680788,-0.078670,-0.363634,0.623279
0.006723,-0.013781,0.660826,0.123676,-0.010255,0.541330,0.170836,-0.215605,0.319199,0.215246,-0.082994,0.036007,-0.108284,0.010681,0.542578,-0.170968,-0.194415,0.324078,-0.187415,-0.063601,0.036728,0.006477,-0.028411,0.712943,0.135159,-0.231257,0.849668,0.148674,-0.220407,0.666091,0.069812,-0.371955,0.596790,-0.142373,-0.206288,0.864356,-0.149639,-0.203692,0.680189,-0.079007,-0.363966,0.622596
0.006707,-0.013891,0.660778,0.123657,-0.010159,0.541334,0.170771,-0.215553,0.319233,0.215181,-0.082949,0.036034,-0.108308,0.010711,0.542604,-0.171028,-0.194345,0.324078,-0.187470,-0.063561,0.036716,0.006430,-0.028611,0.712870,0.134937,-0.231643,0.849498,0.148456,-0.220607,0.665932,0.069721,-0.372340,0.596893,-0.142624,-0.206801,0.863730,-0.150129,-0.204198,0.679573,-0.079381,-0.364382,0.621872
0.006774,-0.014091,0.660638,0.123686,-0.010172,0.541222,0.170816,-0.215647,0.319199,0.215181,-0.083010,0.036011,-0.108275,0.010735,0.542600,-0.170995,-0.194372,0.324121,-0.187457,-0.063654,0.036730,0.006482,-0.028921,0.712699,0.134886,-0.232197,0.849079,0.148411,-0.220981,0.665524,0.069819,-0.372748,0.596392,-0.142695,-0.207495,0.863004,-0.150570,-0.204870,0.678863,-0.079799,-0.364968,0.620950
0.006885,-0.014336,0.660451,0.123740,-0.010241,0.541052,0.170916,-0.215815,0.319132,0.215214,-0.083123,0.035964,-0.108213,0.010755,0.542582,-0.170916,-0.194447,0.324188,-0.187410,-0.063814,0.036757,0.006583,-0.029287,0.712479,0.134922,-0.232836,0.848535,0.148451,-0.221443,0.664991,0.070011,-0.373167,0.595590,-0.142676,-0.208279,0.862227,-0.150986,-0.205625,0.678105,-0.080240,-0.365638,0.619931
0.006937,-0.014398,0.660220,0.123728,-0.010177,0.540817,0.170853,-0.215917,0.319039,0.215239,-0.083084,0.035954,-0.108221,0.010847,0.542485,-0.170967,-0.194427,0.324173,-0.187357,-0.063722,0.036767,0.006634,-0.029427,0.712225,0.134894,-0.233162,0.848097,0.148504,-0.221729,0.664562,0.069940,-0.373168,0.594683,-0.142713,-0.208685,0.861587,-0.151343,-0.206094,0.677479,-0.080596,-0.366063,0.619187
0.006988,-0.014476,0.660034,0.123754,-0.010148,0.540657,0.170830,-0.216024,0.318993,0.215244,-0.083043,0.035984,-0.108191,0.010904,0.542392,-0.170977,-0.194452,0.324168,-0.187339,-0.063659,0.036800,0.006678,-0.029575,0.712020,0.134862,-0.233486,0.847715,0.148586,-0.222049,0.664190,0.069937,-0.373204,0.593794,-0.142749,-0.209060,0.861049,-0.151724,-0.206562,0.676956,-0.080998,-0.366513,0.618586
0.007040,-0.014588,0.659943,0.123857,-0.010190,0.540646,0.170884,-0.216138,0.319041,0.215210,-0.083000,0.036095,-0.108087,0.010891,0.542306,-0.170904,-0.194563,0.324182,-0.187392,-0.063654,0.036879,0.006707,-0.029737,0.711913,0.134824,-0.233808,0.847445,0.148727,-0.222440,0.663929,0.070071,-0.373312,0.592943,-0.142783,-0.209373,0.860719,-0.152155,-0.207032,0.676644,-0.081492,-0.367011,0.618276
0.007113,-0.014723,0.659746,0.123942,-0.010273,0.540498,0.170925,-0.216310,0.318965,0.215196,-0.083028,0.036083,-0.107993,0.010902,0.542158,-0.170861,-0.194635,0.324127,-0.187403,-0.063695,0.036843,0.006764,-0.029930,0.711700,0.134794,-0.234184,0.847051,0.148967,-0.222865,0.663554,0.070225,-0.373420,0.591992,-0.142808,-0.209729,0.860250,-0.152550,-0.207556,0.676191,-0.082003,-0.367606,0.617877
0.007197,-0.014870,0.659496,0.124019,-0.010376,0.540281,0.170958,-0.216509,0.318827,0.215190,-0.083092,0.036010,-0.107904,0.010926,0.541980,-0.170833,-0.194686,0.324038,-0.187393,-0.063761,0.036749,0.006834,-0.030138,0.711433,0.134767,-0.234587,0.846596,0.149256,-0.223309,0.663122,0.070390,-0.373526,0.590991,-0.142829,-0.210107,0.859711,-0.152927,-0.208108,0.675669,-0.082522,-0.368248,0.617436
0.007299,-0.014929,0.659423,0.124087,-0.010409,0.540194,0.170998,-0.216567,0.318759,0.215233,-0.083073,0.035979,-0.107827,0.010992,0.541981,-0.170782,-0.194645,0.324069,-0.187327,-0.063717,0.036777,0.006939,-0.030238,0.711347,0.134815,-0.234816,0.846368,0.149694,-0.223490,0.662929,0.070744,-0.373470,0.590400,-0.142775,-0.210313,0.859467,-0.153191,-0.208490,0.675441,-0.082851,-0.368720,0.617375
0.007377,-0.014978,0.659401,0.124150,-0.010460,0.540169,0.171023,-0.216632,0.318739,0.215239,-0.083059,0.035994,-0.107756,0.011022,0.541996,-0.170761,-0.194631,0.324113,-0.187289,-0.063692,0.036823,0.007012,-0.030309,0.711319,0.134821,-0.234969,0.846277,0.150113,-0.223657,0.662871,0.071066,-0.373430,0.590023,-0.142763,-0.210422,0.859348,-0.153500,-0.208814,0.675338,-0.083259,-0.369147,0.617436
0.007402,-0.015008,0.659484,0.124204,-0.010550,0.540266,0.171022,-0.216712,0.318815,0.215173,-0.083056,0.036100,-0.107697,0.010979,0.542039,-0.170799,-0.194671,0.324182,-0.187309,-0.063703,0.036905,0.007024,-0.030319,0.711408,0.134742,-0.234971,0.846459,0.150491,-0.223795,0.663085,0.071324,-0.373424,0.590073,-0.142836,-0.210339,0.859479,-0.153900,-0.209024,0.675486,-0.083825,-0.369486,0.617739
0.007474,-0.014975,0.659489,0.124280,-0.010667,0.540233,0.171091,-0.216790,0.318745,0.215169,-0.083038,0.036067,-0.107618,0.010907,0.541983,-0.170761,-0.194753,0.324146,-0.187313,-0.063703,0.036911,0.007103,-0.030218,0.711432,0.134848,-0.234719,0.846675,0.150997,-0.223766,0.663323,0.071808,-0.373339,0.590217,-0.142718,-0.210021,0.859817,-0.154177,-0.209097,0.675846,-0.084268,-0.369670,0.618207
0.007569,-0.014911,0.659455,0.124366,-0.010798,0.540135,0.171197,-0.216867,0.318601,0.215197,-0.083012,0.035964,-0.107528,0.010819,0.541879,-0.170683,-0.194856,0.324059,-0.187309,-0.063698,0.036878,0.007216,-0.030061,0.711425,0.135048,-0.234339,0.846907,0.151568,-0.223653,0.663572,0.072406,-0.373215,0.590408,-0.142505,-0.209583,0.860257,-0.154394,-0.209101,0.676311,-0.084650,-0.369776,0.618758
0.007661,-0.014822,0.659624,0.124550,-0.010955,0.540311,0.171263,-0.216889,0.318627,0.215222,-0.083036,0.035984,-0.107342,0.010691,0.541849,-0.170609,-0.194909,0.323990,-0.187237,-0.063698,0.036836,0.007293,-0.029845,0.711631,0.135146,-0.233823,0.847526,0.151940,-0.223433,0.664198,0.072879,-0.373041,0.591017,-0.142397,-0.208974,0.860969,-0.154548,-0.208974,0.677039,-0.085037,-0.369827,0.619701
0.007729,-0.014773,0.659815,0.124678,-0.011081,0.540496,0.171312,-0.216885,0.318676,0.215225,-0.083060,0.036012,-0.107215,0.010575,0.541898,-0.170559,-0.194950,0.323991,-0.187200,-0.063712,0.036850,0.007353,-0.029701,0.711849,0.135240,-0.233448,0.848043,0.152290,-0.223284,0.664726,0.073368,-0.372983,0.591580,-0.142296,-0.208542,0.861574,-0.154704,-0.208906,0.677662,-0.085441,-0.369925,0.620486
0.007748,-0.014802,0.660050,0.124693,-0.011145,0.540700,0.171326,-0.216830,0.318769,0.215181,-0.083084,0.036056,-0.107202,0.010483,0.542103,-0.170558,-0.194968,0.324129,-0.187232,-0.063755,0.036977,0.007381,-0.029700,0.712092,0.135326,-0.233356,0.848359,0.152599,-0.223277,0.665058,0.073889,-0.373155,0.592049,-0.142208,-0.208463,0.861969,-0.154861,-0.208963,0.678073,-0.085877,-0.370121,0.620954
0.007816,-0.014827,0.660185,0.124785,-0.011117,0.540846,0.171446,-0.216667,0.318796,0.215202,-0.083046,0.036006,-0.107118,0.010430,0.542206,-0.170478,-0.194921,0.324140,-0.187220,-0.063734,0.036978,0.007452,-0.029726,0.712226,0.135444,-0.233371,0.848452,0.152983,-0.223189,0.665181,0.074732,-0.373314,0.592184,-0.142093,-0.208498,0.862132,-0.155036,-0.208949,0.678255,-0.086425,-0.370243,0.621070
0.007909,-0.014849,0.660269,0.124916,-0.011044,0.540964,0.171620,-0.216450,0.318791,0.215257,-0.082976,0.035909,-0.106998,0.010397,0.542258,-0.170358,-0.194842,0.324086,-0.187185,-0.063683,0.036916,0.007545,-0.029766,0.712305,0.135577,-0.233439,0.848434,0.153405,-0.223059,0.665199,0.075737,-0.373463,0.592154,-0.141963,-0.208589,0.862178,-0.155220,-0.208899,0.678322,-0.087030,-0.370328,0.621012
0.008009,-0.014944,0.660421,0.125104,-0.011096,0.541189,0.171583,-0.216394,0.318869,0.215260,-0.083054,0.035928,-0.106817,0.010272,0.542313,-0.170319,-0.194822,0.324047,-0.187175,-0.063672,0.036875,0.007623,-0.029860,0.712457,0.135610,-0.233546,0.848586,0.153581,-0.222907,0.665379,0.076310,-0.373482,0.592263,-0.141933,-0.208630,0.862325,-0.155285,-0.208695,0.678475,-0.087561,-0.370232,0.620920
0.008085,-0.015042,0.660568,0.125251,-0.011191,0.541385,0.171610,-0.216367,0.318928,0.215251,-0.083089,0.035951,-0.106675,0.010135,0.542374,-0.170272,-0.194855,0.324036,-0.187174,-0.063692,0.036873,0.007684,-0.029945,0.712607,0.135660,-0.233613,0.848753,0.153697,-0.222748,0.665564,0.076885,-0.373522,0.592379,-0.141882,-0.208631,0.862546,-0.155327,-0.208469,0.678701,-0.088075,-0.370118,0.620909
0.008110,-0.015149,0.660706,0.125313,-0.011370,0.541524,0.171761,-0.216398,0.318949,0.215218,-0.083040,0.035984,-0.106611,0.009972,0.542445,-0.170208,-0.194992,0.324082,-0.187189,-0.063773,0.036952,0.007712,-0.030015,0.712755,0.135745,-0.233602,0.848946,0.153693,-0.222571,0.665757,0.077464,-0.373605,0.592507,-0.141791,-0.208548,0.862915,-0.155323,-0.208200,0.679076,-0.088556,-0.369972,0.621064
0.008166,-0.015182,0.660670,0.125341,-0.011514,0.541434,0.171809,-0.216507,0.318833,0.215232,-0.083029,0.035922,-0.106577,0.009899,0.542401,-0.170199,-0.195064,0.324044,-0.187181,-0.063757,0.036953,0.007785,-0.030007,0.712730,0.135890,-0.233486,0.848994,0.153768,-0.222333,0.665804,0.077956,-0.373621,0.592644,-0.141643,-0.208384,0.863125,-0.155192,-0.207810,0.679286,-0.088842,-0.369668,0.621035
0.008237,-0.015178,0.660546,0.125352,-0.011640,0.541230,0.171806,-0.216656,0.318647,0.215270,-0.083037,0.035813,-0.106556,0.009870,0.542301,-0.170217,-0.195102,0.323965,-0.187162,-0.063694,0.036917,0.007880,-0.029960,0.712619,0.136066,-0.233318,0.848969,0.153881,-0.222064,0.665777,0.078406,-0.373604,0.592784,-0.141465,-0.208178,0.863255,-0.154997,-0.207361,0.679416,-0.089032,-0.369285,0.620914
0.008308,-0.015202,0.660506,0.125456,-0.011772,0.541198,0.171868,-0.216844,0.318658,0.215259,-0.083029,0.035911,-0.106453,0.009725,0.542183,-0.170117,-0.195291,0.323887,-0.187139,-0.063721,0.036924,0.007957,-0.029927,0.712595,0.136165,-0.233177,0.849056,0.153943,-0.221764,0.665869,0.078806,-0.373496,0.592928,-0.141353,-0.207896,0.863535,-0.154822,-0.206909,0.679692,-0.089038,-0.368882,0.621123
0.008369,-0.015237,0.660477,0.125545,-0.011903,0.541172,0.171924,-0.217001,0.318648,0.215241,-0.083015,0.035977,-0.106367,0.009573,0.542084,-0.170063,-0.195468,0.323822,-0.187134,-0.063736,0.036942,0.008029,-0.029910,0.712580,0.136276,-0.233074,0.849107,0.153985,-0.221506,0.665922,0.079088,-0.373374,0.593020,-0.141223,-0.207641,0.863837,-0.154638,-0.206502,0.679991,-0.088994,-0.368511,0.621364
0.008408,-0.015298,0.660471,0.125599,-0.012033,0.541155,0.171970,-0.217098,0.318599,0.215210,-0.082991,0.035979,-0.106316,0.009410,0.542025,-0.170102,-0.195625,0.323783,-0.187166,-0.063727,0.036982,0.008091,-0.029928,0.712585,0.136412,-0.233047,0.849086,0.153986,-0.221335,0.665896,0.079128,-0.373226,0.593008,-0.141060,-0.207441,0.864182,-0.154437,-0.206188,0.680334,-0.088852,-0.368205,0.621666
0.008461,-0.015350,0.660460,0.125610,-0.012137,0.541089,0.172020,-0.217195,0.318535,0.215232,-0.083026,0.035940,-0.106304,0.009317,0.542031,-0.170079,-0.195700,0.323769,-0.187145,-0.063777,0.036980,0.008179,-0.029957,0.712581,0.136602,-0.233055,0.849003,0.154060,-0.221246,0.665808,0.079225,-0.373131,0.592880,-0.140846,-0.207344,0.864436,-0.154242,-0.205965,0.680590,-0.088692,-0.367962,0.621826
0.008522,-0.015399,0.660447,0.125598,-0.012229,0.540999,0.172071,-0.217291,0.318463,0.215279,-0.083091,0.035882,-0.106312,0.009259,0.542069,-0.170025,-0.195736,0.323768,-0.187096,-0.063857,0.036955,0.008280,-0.029992,0.712572,0.136820,-0.233079,0.848889,0.154171,-0.221198,0.665689,0.079351,-0.373062,0.592696,-0.140608,-0.207299,0.864643,-0.154050,-0.205789,0.680802,-0.088522,-0.367751,0.621915
0.008546,-0.015303,0.660580,0.125680,-0.012131,0.541178,0.172048,-0.217124,0.318556,0.215284,-0.083012,0.035935,-0.106231,0.009361,0.542143,-0.170008,-0.195556,0.323787,-0.187121,-0.063761,0.036937,0.008304,-0.029898,0.712703,0.136858,-0.233064,0.848880,0.154148,-0.221054,0.665683,0.079158,-0.372799,0.592616,-0.140545,-0.207142,0.864885,-0.153980,-0.205563,0.681045,-0.088445,-0.367453,0.621970
0.008570,-0.015243,0.660702,0.125755,-0.012059,0.541342,0.172044,-0.216979,0.318636,0.215274,-0.082959,0.035969,-0.106156,0.009428,0.542215,-0.169994,-0.195428,0.323820,-0.187151,-0.063696,0.036944,0.008330,-0.029843,0.712822,0.136909,-0.233083,0.848856,0.154138,-0.220953,0.665661,0.078961,-0.372595,0.592573,-0.140471,-0.207049,0.865098,-0.153901,-0.205423,0.681258,-0.088369,-0.367245,0.621993
0.008596,-0.015256,0.660802,0.125819,-0.012039,0.541476,0.172082,-0.216879,0.318693,0.215235,-0.082961,0.035964,-0.106095,0.009424,0.542286,-0.169983,-0.195404,0.323880,-0.187192,-0.063692,0.036998,0.008359,-0.029867,0.712919,0.136985,-0.233175,0.848802,0.154154,-0.220937,0.665609,0.078753,-0.372508,0.592605,-0.140377,-0.207082,0.865252,-0.153803,-0.205456,0.681412,-0.088295,-0.367216,0.621951
0.008629,-0.015275,0.660821,0.125827,-0.012041,0.541473,0.172139,-0.216884,0.318702,0.215249,-0.083021,0.035938,-0.106088,0.009404,0.542328,-0.169939,-0.195404,0.323891,-0.187165,-0.063779,0.036969,0.008414,-0.029890,0.712936,0.137150,-0.233206,0.848698,0.154234,-0.220873,0.665503,0.078691,-0.372411,0.592576,-0.140202,-0.207132,0.865359,-0.153697,-0.205534,0.681524,-0.088208,-0.367243,0.621909
0.008666,-0.015297,0.660799,0.125807,-0.012055,0.541402,0.172206,-0.216940,0.318687,0.215289,-0.083111,0.035901,-0.106110,0.009375,0.542354,-0.169877,-0.195416,0.323878,-0.187104,-0.063912,0.036897,0.008483,-0.029913,0.712914,0.137358,-0.233208,0.848569,0.154344,-0.220783,0.665371,0.078702,-0.372310,0.592516,-0.139986,-0.207190,0.865443,-0.153589,-0.205633,0.681615,-0.088114,-0.367297,0.621866
0.008663,-0.015142,0.660791,0.125836,-0.011914,0.541419,0.172096,-0.216792,0.318669,0.215258,-0.083025,0.035863,-0.106081,0.009512,0.542313,-0.169920,-0.195295,0.323873,-0.187147,-0.063757,0.036907,0.008477,-0.029752,0.712908,0.137358,-0.233052,0.848544,0.154330,-0.220620,0.665347,0.078565,-0.372147,0.592619,-0.139978,-0.206995,0.865495,-0.153604,-0.205508,0.681668,-0.088119,-0.367157,0.621887
0.008670,-0.015041,0.660770,0.125881,-0.011827,0.541432,0.172051,-0.216722,0.318678,0.215231,-0.082969,0.035868,-0.106037,0.009592,0.542256,-0.169937,-0.195253,0.323868,-0.187185,-0.063661,0.036929,0.008481,-0.029646,0.712888,0.137393,-0.232950,0.848487,0.154339,-0.220504,0.665288,0.078523,-0.372060,0.592672,-0.139934,-0.206868,0.865541,-0.153609,-0.205449,0.681718,-0.088122,-0.367094,0.621929
0.008699,-0.015050,0.660722,0.125957,-0.011849,0.541435,0.172136,-0.216809,0.318745,0.215212,-0.082975,0.035958,-0.105962,0.009559,0.542167,-0.169901,-0.195366,0.323865,-0.187210,-0.063682,0.036975,0.008507,-0.029651,0.712840,0.137497,-0.232954,0.848365,0.154395,-0.220486,0.665162,0.078671,-0.372125,0.592621,-0.139820,-0.206877,0.865578,-0.153592,-0.205521,0.681762,-0.088118,-0.367187,0.622015
0.008732,-0.015086,0.660641,0.125978,-0.011833,0.541358,0.172212,-0.216863,0.318743,0.215243,-0.083014,0.035958,-0.105947,0.009512,0.542108,-0.169858,-0.195442,0.323826,-0.187170,-0.063772,0.036931,0.008554,-0.029701,0.712755,0.137616,-0.233031,0.848168,0.154493,-0.220501,0.664968,0.078956,-0.372216,0.592390,-0.139697,-0.206991,0.865499,-0.153531,-0.205652,0.681687,-0.088046,-0.367360,0.622065
0.008767,-0.015136,0.660543,0.125971,-0.011799,0.541241,0.172285,-0.216900,0.318707,0.215300,-0.083070,0.035913,-0.105962,0.009459,0.542065,-0.169812,-0.195498,0.323769,-0.187096,-0.063897,0.036843,0.008612,-0.029774,0.712651,0.137742,-0.233146,0.847936,0.154612,-0.220533,0.664739,0.079308,-0.372319,0.592069,-0.139569,-0.207156,0.865362,-0.153447,-0.205812,0.681553,-0.087941,-0.367573,0.622098
0.008713,-0.015007,0.660477,0.125881,-0.011752,0.541135,0.172109,-0.216889,0.318616,0.215262,-0.083003,0.035870,-0.106040,0.009621,0.542028,-0.169876,-0.195376,0.323764,-0.187158,-0.063751,0.036846,0.008562,-0.029633,0.712588,0.137695,-0.232969,0.847925,0.154573,-0.220419,0.664724,0.079435,-0.372251,0.591983,-0.139616,-0.206981,0.865343,-0.153474,-0.205696,0.681532,-0.088072,-0.367497,0.622067
0.008681,-0.014934,0.660445,0.125826,-0.011751,0.541074,0.172013,-0.216923,0.318579,0.215236,-0.082969,0.035876,-0.106088,0.009703,0.542010,-0.169935,-0.195324,0.323777,-0.187200,-0.063662,0.036874,0.008533,-0.029545,0.712561,0.137674,-0.232838,0.847953,0.154556,-0.220348,0.664748,0.079596,-0.372227,0.591925,-0.139636,-0.206847,0.865376,-0.153479,-0.205616,0.681564,-0.088185,-0.367459,0.622094
0.008691,-0.014973,0.660480,0.125837,-0.011842,0.541102,0.172077,-0.217049,0.318650,0.215230,-0.083002,0.035981,-0.106076,0.009625,0.542027,-0.169985,-0.195414,0.323825,-0.187201,-0.063688,0.036953,0.008546,-0.029561,0.712601,0.137706,-0.232797,0.848059,0.154581,-0.220362,0.664849,0.079825,-0.372292,0.591923,-0.139602,-0.206795,0.865514,-0.153440,-0.205607,0.681700,-0.088261,-0.367497,0.622235
0.008682,-0.015017,0.660488,0.125858,-0.011938,0.541114,0.172139,-0.217089,0.318620,0.215236,-0.083035,0.035948,-0.106059,0.009480,0.541971,-0.169973,-0.195560,0.323771,-0.187170,-0.063756,0.036936,0.008537,-0.029564,0.712621,0.137743,-0.232689,0.848194,0.154591,-0.220289,0.664978,0.080048,-0.372249,0.591896,-0.139563,-0.206682,0.865712,-0.153351,-0.205585,0.681894,-0.088193,-0.367492,0.622452
0.008663,-0.015064,0.660483,0.125884,-0.012035,0.541119,0.172201,-0.217086,0.318540,0.215248,-0.083068,0.035847,-0.106041,0.009301,0.541880,-0.169928,-0.195732,0.323665,-0.187122,-0.063846,0.036871,0.008518,-0.029560,0.712630,0.137783,-0.232547,0.848342,0.154593,-0.220173,0.665121,0.080268,-0.372151,0.591858,-0.139521,-0.206539,0.865939,-0.153238,-0.205556,0.682115,-0.088053,-0.367465,0.622708
0.008599,-0.014917,0.660579,0.125894,-0.012072,0.541239,0.172110,-0.217060,0.318581,0.215237,-0.083019,0.035909,-0.106024,0.009354,0.541848,-0.169941,-0.195679,0.323641,-0.187171,-0.063757,0.036866,0.008441,-0.029340,0.712745,0.137698,-0.232215,0.848635,0.154415,-0.220129,0.665387,0.079763,-0.371819,0.591862,-0.139580,-0.206045,0.866387,-0.153200,-0.205275,0.682556,-0.087780,-0.367029,0.622986
0.008527,-0.014810,0.660650,0.125857,-0.012102,0.541312,0.172041,-0.217051,0.318611,0.215221,-0.082998,0.035951,-0.106054,0.009397,0.541844,-0.169974,-0.195647,0.323648,-0.187205,-0.063712,0.036878,0.008364,-0.029181,0.712830,0.137613,-0.231975,0.848853,0.154261,-0.220158,0.665583,0.079161,-0.371515,0.591827,-0.139645,-0.205692,0.866707,-0.153138,-0.205088,0.682867,-0.087436,-0.366684,0.623175
0.008436,-0.014784,0.660671,0.125726,-0.012118,0.541289,0.172017,-0.217075,0.318619,0.215192,-0.083033,0.035954,-0.106181,0.009422,0.541897,-0.170047,-0.195656,0.323717,-0.187207,-0.063754,0.036927,0.008283,-0.029143,0.712854,0.137531,-0.231917,0.848924,0.154152,-0.220336,0.665639,0.078367,-0.371267,0.591710,-0.139723,-0.205625,0.866773,-0.153023,-0.205090,0.682920,-0.086952,-0.366520,0.623184
0.008377,-0.014776,0.660766,0.125597,-0.012128,0.541306,0.172007,-0.217019,0.318599,0.215213,-0.083023,0.035915,-0.106309,0.009427,0.542039,-0.170067,-0.195577,0.323758,-0.187191,-0.063754,0.036927,0.008241,-0.029123,0.712953,0.137525,-0.231839,0.849089,0.154100,-0.220469,0.665788,0.077770,-0.371121,0.591852,-0.139733,-0.205598,0.866909,-0.152745,-0.205073,0.683036,-0.086286,-0.366345,0.623304
0.008332,-0.014777,0.660899,0.125468,-0.012135,0.541342,0.172003,-0.216922,0.318566,0.215259,-0.082991,0.035855,-0.106437,0.009421,0.542227,-0.170061,-0.195454,0.323786,-0.187164,-0.063734,0.036902,0.008219,-0.029111,0.713090,0.137558,-0.231750,0.849300,0.154075,-0.220579,0.665984,0.077271,-0.371027,0.592122,-0.139710,-0.205593,0.867079,-0.152384,-0.205046,0.683183,-0.085531,-0.366164,0.623482
0.008299,-0.014758,0.661099,0.125478,-0.012145,0.541559,0.171918,-0.216785,0.318628,0.215239,-0.083013,0.035851,-0.106425,0.009435,0.542364,-0.170087,-0.195312,0.323815,-0.187174,-0.063704,0.036879,0.008182,-0.029078,0.713293,0.137503,-0.231745,0.849481,0.153865,-0.220609,0.666149,0.076575,-0.370891,0.592455,-0.139745,-0.205454,0.867397,-0.151910,-0.204748,0.683468,-0.084795,-0.365756,0.623759
0.008250,-0.014778,0.661268,0.125456,-0.012170,0.541739,0.171877,-0.216683,0.318687,0.215223,-0.083026,0.035858,-0.106447,0.009417,0.542494,-0.170121,-0.195217,0.323843,-0.187190,-0.063698,0.036865,0.008137,-0.029094,0.713464,0.137478,-0.231800,0.849571,0.153651,-0.220610,0.666227,0.075936,-0.370709,0.592606,-0.139750,-0.205402,0.867672,-0.151400,-0.204477,0.683711,-0.084078,-0.365374,0.623935
0.008169,-0.014878,0.661378,0.125371,-0.012224,0.541844,0.171924,-0.216652,0.318741,0.215217,-0.083020,0.035889,-0.106534,0.009334,0.542609,-0.170170,-0.195216,0.323869,-0.187217,-0.063739,0.036869,0.008077,-0.029208,0.713568,0.137514,-0.231978,0.849480,0.153430,-0.220554,0.666129,0.075407,-0.370436,0.592391,-0.139696,-0.205526,0.867861,-0.150822,-0.204262,0.683871,-0.083397,-0.365045,0.623906
0.008121,-0.014963,0.661448,0.125310,-0.012260,0.541901,0.171926,-0.216603,0.318735,0.215225,-0.082997,0.035870,-0.106596,0.009284,0.542698,-0.170208,-0.195177,0.323867,-0.187220,-0.063737,0.036847,0.008044,-0.029312,0.713633,0.137555,-0.232121,0.849402,0.153206,-0.220383,0.666048,0.075131,-0.370173,0.592178,-0.139651,-0.205668,0.867936,-0.150251,-0.203983,0.683918,-0.082685,-0.364651,0.623804
0.008091,-0.015040,0.661498,0.125261,-0.012287,0.541936,0.171906,-0.216545,0.318697,0.215241,-0.082963,0.035826,-0.106646,0.009249,0.542773,-0.170240,-0.195120,0.323852,-0.187210,-0.063714,0.036812,0.008024,-0.029410,0.713678,0.137599,-0.232247,0.849330,0.152980,-0.220156,0.665976,0.074981,-0.369916,0.591965,-0.139611,-0.205819,0.867953,-0.149684,-0.203672,0.683910,-0.081957,-0.364225,0.623668
0.008080,-0.015182,0.661568,0.125253,-0.012478,0.542005,0.171796,-0.216684,0.318698,0.215228,-0.083015,0.035886,-0.106639,0.009217,0.542851,-0.170250,-0.195104,0.323890,-0.187209,-0.063691,0.036853,0.008003,-0.029565,0.713744,0.137512,-0.232454,0.849357,0.152589,-0.219893,0.666008,0.074792,-0.369716,0.591910,-0.139700,-0.205942,0.867967,-0.149134,-0.203341,0.683896,-0.081252,-0.363764,0.623483
0.008050,-0.015359,0.661590,0.125205,-0.012702,0.542002,0.171742,-0.216859,0.318648,0.215218,-0.083041,0.035917,-0.106677,0.009095,0.542888,-0.170274,-0.195183,0.323882,-0.187203,-0.063696,0.036880,0.007970,-0.029740,0.713767,0.137453,-0.232608,0.849411,0.152268,-0.219602,0.666070,0.074775,-0.369529,0.591863,-0.139770,-0.206073,0.867979,-0.148621,-0.203069,0.683887,-0.080606,-0.363380,0.623326
0.007982,-0.015607,0.661519,0.125076,-0.012994,0.541854,0.171801,-0.217103,0.318496,0.215215,-0.083019,0.035889,-0.106807,0.008794,0.542844,-0.170324,-0.195451,0.323785,-0.187185,-0.063760,0.036877,0.007916,-0.029958,0.713704,0.137449,-0.232658,0.849519,0.152089,-0.219254,0.666192,0.075099,-0.369364,0.591830,-0.139801,-0.206220,0.867991,-0.148184,-0.202911,0.683882,-0.080081,-0.363145,0.623216
0.007922,-0.015815,0.661500,0.125018,-0.013245,0.541817,0.171785,-0.217284,0.318403,0.215217,-0.083015,0.035892,-0.106865,0.008537,0.542795,-0.170400,-0.195647,0.323684,-0.187185,-0.063754,0.036870,0.007849,-0.030136,0.713693,0.137386,-0.232698,0.849687,0.151891,-0.218984,0.666370,0.075405,-0.369157,0.591616,-0.139888,-0.206321,0.868027,-0.147901,-0.202759,0.683905,-0.079775,-0.362904,0.623031
0.007866,-0.016002,0.661507,0.124995,-0.013476,0.541834,0.171733,-0.217432,0.318339,0.215222,-0.083020,0.035911,-0.106889,0.008301,0.542744,-0.170487,-0.195808,0.323582,-0.187193,-0.063715,0.036861,0.007776,-0.030294,0.713709,0.137295,-0.232732,0.849883,0.151683,-0.218753,0.666576,0.075702,-0.368926,0.591313,-0.140001,-0.206397,0.868074,-0.147695,-0.202609,0.683944,-0.079577,-0.362659,0.622811
0.007812,-0.016167,0.661564,0.125014,-0.013632,0.541945,0.171686,-0.217496,0.318353,0.215199,-0.083014,0.035960,-0.106875,0.008098,0.542719,-0.170482,-0.195961,0.323512,-0.187194,-0.063678,0.036885,0.007689,-0.030446,0.713769,0.137118,-0.232823,0.850104,0.151546,-0.218634,0.666815,0.075908,-0.368722,0.591041,-0.140201,-0.206506,0.868061,-0.147641,-0.202555,0.683923,-0.079528,-0.362528,0.622584
0.007747,-0.016356,0.661601,0.124983,-0.013793,0.542005,0.171663,-0.217568,0.318333,0.215185,-0.083015,0.035976,-0.106913,0.007866,0.542712,-0.170503,-0.196135,0.323447,-0.187184,-0.063674,0.036905,0.007603,-0.030627,0.713809,0.136967,-0.232935,0.850293,0.151459,-0.218568,0.667023,0.076093,-0.368563,0.590795,-0.140377,-0.206673,0.868019,-0.147600,-0.202616,0.683875,-0.079480,-0.362535,0.622403
0.007660,-0.016595,0.661600,0.124854,-0.013961,0.541961,0.171685,-0.217655,0.318247,0.215190,-0.083028,0.035924,-0.107053,0.007578,0.542741,-0.170577,-0.196351,0.323390,-0.187156,-0.063735,0.036917,0.007519,-0.030865,0.713810,0.136869,-0.233090,0.850421,0.151470,-0.218611,0.667169,0.076237,-0.368498,0.590596,-0.140503,-0.206960,0.867922,-0.147583,-0.202904,0.683772,-0.079439,-0.362817,0.622311
0.007577,-0.016768,0.661673,0.124767,-0.014081,0.542028,0.171671,-0.217672,0.318236,0.215204,-0.083026,0.035928,-0.107142,0.007430,0.542820,-0.170623,-0.196398,0.323363,-0.187152,-0.063757,0.036899,0.007420,-0.031051,0.713879,0.136722,-0.233247,0.850583,0.151493,-0.218760,0.667345,0.076311,-0.368577,0.590581,-0.140678,-0.207242,0.867812,-0.147701,-0.203220,0.683660,-0.079486,-0.363119,0.622243
0.007496,-0.016908,0.661783,0.124701,-0.014177,0.542151,0.171640,-0.217654,0.318263,0.215222,-0.083016,0.035959,-0.107206,0.007353,0.542925,-0.170653,-0.196360,0.323351,-0.187159,-0.063759,0.036865,0.007315,-0.031211,0.713984,0.136551,-0.233404,0.850761,0.151522,-0.218964,0.667537,0.076352,-0.368728,0.590659,-0.140876,-0.207522,0.867696,-0.147885,-0.203548,0.683542,-0.079578,-0.363432,0.622187
0.007424,-0.017024,0.661977,0.124656,-0.014268,0.542355,0.171607,-0.217544,0.318286,0.215207,-0.082973,0.035951,-0.107250,0.007281,0.543094,-0.170693,-0.196301,0.323397,-0.187179,-0.063695,0.036912,0.007218,-0.031335,0.714177,0.136386,-0.233519,0.851048,0.151623,-0.219300,0.667829,0.076331,-0.369032,0.591005,-0.141059,-0.207714,0.867735,-0.148207,-0.203857,0.683584,-0.079824,-0.363739,0.622308
0.007348,-0.017169,0.662178,0.124604,-0.014356,0.542567,0.171583,-0.217440,0.318330,0.215204,-0.082961,0.035951,-0.107306,0.007154,0.543268,-0.170724,-0.196285,0.323432,-0.187180,-0.063677,0.036945,0.007123,-0.031489,0.714375,0.136246,-0.233666,0.851317,0.151763,-0.219712,0.668101,0.076356,-0.369427,0.591359,-0.141215,-0.207953,0.867790,-0.148520,-0.204256,0.683641,-0.080070,-0.364152,0.622476
0.007262,-0.017371,0.662392,0.124539,-0.014436,0.542795,0.171581,-0.217349,0.318416,0.215226,-0.083011,0.035967,-0.107385,0.006917,0.543455,-0.170738,-0.196354,0.323444,-0.187142,-0.063755,0.036950,0.007030,-0.031705,0.714585,0.136158,-0.233880,0.851548,0.151980,-0.220275,0.668333,0.076469,-0.370008,0.591729,-0.141314,-0.208287,0.867876,-0.148813,-0.204837,0.683730,-0.080315,-0.364777,0.622738
0.007158,-0.017538,0.662602,0.124490,-0.014487,0.543058,0.171569,-0.217194,0.318501,0.215210,-0.083033,0.035963,-0.107439,0.006810,0.543631,-0.170752,-0.196303,0.323464,-0.187139,-0.063769,0.036937,0.006908,-0.031909,0.714785,0.136038,-0.234176,0.851633,0.152136,-0.220828,0.668423,0.076616,-0.370607,0.591918,-0.141436,-0.208657,0.867900,-0.149179,-0.205341,0.683762,-0.080614,-0.365327,0.622963
0.007045,-0.017686,0.662811,0.124450,-0.014523,0.543339,0.171552,-0.217006,0.318586,0.215174,-0.083041,0.035948,-0.107481,0.006768,0.543801,-0.170767,-0.196194,0.323487,-0.187154,-0.063752,0.036916,0.006773,-0.032107,0.714980,0.135903,-0.234513,0.851643,0.152261,-0.221377,0.668442,0.076779,-0.371215,0.592016,-0.141570,-0.209046,0.867893,-0.149581,-0.205808,0.683765,-0.080938,-0.365838,0.623169
0.006932,-0.017814,0.662997,0.124344,-0.014571,0.543535,0.171460,-0.216859,0.318609,0.215180,-0.082972,0.035945,-0.107582,0.006775,0.544006,-0.170837,-0.196014,0.323524,-0.187189,-0.063663,0.036907,0.006648,-0.032283,0.715152,0.135728,-0.234825,0.851678,0.152314,-0.221818,0.668487,0.076914,-0.371833,0.592328,-0.141745,-0.209371,0.867854,-0.149968,-0.206131,0.683735,-0.081296,-0.366208,0.623296
0.006825,-0.017991,0.663189,0.124225,-0.014664,0.543718,0.171397,-0.216767,0.318638,0.215190,-0.082952,0.035949,-0.107698,0.006710,0.544229,-0.170902,-0.195900,0.323568,-0.187202,-0.063645,0.036902,0.006535,-0.032501,0.715334,0.135589,-0.235143,0.851753,0.152377,-0.222272,0.668570,0.077100,-0.372479,0.592667,-0.141889,-0.209736,0.867843,-0.150317,-0.206504,0.683734,-0.081639,-0.366605,0.623367
0.006728,-0.018263,0.663397,0.124078,-0.014849,0.543879,0.171395,-0.216789,0.318682,0.215207,-0.083030,0.035967,-0.107847,0.006501,0.544490,-0.170957,-0.195917,0.323626,-0.187169,-0.063766,0.036905,0.006446,-0.032802,0.715534,0.135519,-0.235473,0.851907,0.152462,-0.222750,0.668728,0.077392,-0.373178,0.593060,-0.141971,-0.210180,0.867891,-0.150587,-0.206976,0.683790,-0.081952,-0.367057,0.623324
0.006603,-0.018458,0.663588,0.123980,-0.014959,0.544089,0.171328,-0.216717,0.318735,0.215199,-0.083033,0.035991,-0.107950,0.006334,0.544659,-0.171002,-0.195937,0.323645,-0.187175,-0.063772,0.036928,0.006312,-0.033017,0.715719,0.135379,-0.235728,0.852053,0.152403,-0.223148,0.668871,0.077477,-0.373735,0.593379,-0.142117,-0.210488,0.867959,-0.150860,-0.207286,0.683863,-0.082225,-0.367344,0.623334
0.006465,-0.018612,0.663770,0.123906,-0.015031,0.544324,0.171231,-0.216598,0.318795,0.215178,-0.082999,0.036018,-0.108031,0.006188,0.544784,-0.171042,-0.195960,0.323645,-0.187200,-0.063723,0.036962,0.006154,-0.033188,0.715897,0.135202,-0.235945,0.852194,0.152272,-0.223505,0.669007,0.077458,-0.374220,0.593662,-0.142297,-0.210729,0.868036,-0.151134,-0.207516,0.683945,-0.082479,-0.367549,0.623370
0.006321,-0.018810,0.663863,0.123807,-0.015083,0.544464,0.171173,-0.216477,0.318789,0.215178,-0.082975,0.035973,-0.108143,0.006000,0.544848,-0.171098,-0.196016,0.323572,-0.187188,-0.063696,0.036925,0.006000,-0.033420,0.715980,0.135060,-0.236242,0.852173,0.152180,-0.223745,0.668994,0.077562,-0.374641,0.593819,-0.142447,-0.211090,0.867968,-0.151383,-0.207708,0.683884,-0.082799,-0.367733,0.623207
0.006173,-0.019043,0.663941,0.123685,-0.015152,0.544581,0.171122,-0.216407,0.318797,0.215180,-0.082978,0.035953,-0.108277,0.005803,0.544927,-0.171172,-0.196086,0.323519,-0.187172,-0.063705,0.036897,0.005847,-0.033700,0.716045,0.134934,-0.236603,0.852096,0.152099,-0.223997,0.668927,0.077699,-0.375053,0.593858,-0.142585,-0.211548,0.867834,-0.151648,-0.207961,0.683760,-0.083169,-0.367988,0.622968
0.006017,-0.019345,0.663991,0.123515,-0.015256,0.544651,0.171084,-0.216440,0.318832,0.215186,-0.083034,0.035983,-0.108457,0.005590,0.545036,-0.171284,-0.196185,0.323506,-0.187149,-0.063784,0.036886,0.005694,-0.034073,0.716075,0.134841,-0.237090,0.851903,0.152038,-0.224275,0.668751,0.077900,-0.375448,0.593658,-0.142698,-0.212201,0.867570,-0.151943,-0.208336,0.683510,-0.083638,-0.368382,0.622576
0.005845,-0.019633,0.664073,0.123322,-0.015356,0.544742,0.170979,-0.216429,0.318842,0.215184,-0.083033,0.036003,-0.108657,0.005408,0.545182,-0.171381,-0.196247,0.323514,-0.187164,-0.063778,0.036923,0.005507,-0.034431,0.716138,0.134625,-0.237515,0.851889,0.151930,-0.224380,0.668770,0.077955,-0.375596,0.593598,-0.142955,-0.212838,0.867219,-0.152264,-0.208576,0.683170,-0.084128,-0.368590,0.621961
0.005664,-0.019915,0.664170,0.123118,-0.015455,0.544843,0.170842,-0.216396,0.318840,0.215178,-0.083003,0.036018,-0.108866,0.005241,0.545347,-0.171469,-0.196291,0.323534,-0.187197,-0.063728,0.036983,0.005303,-0.034780,0.716217,0.134347,-0.237911,0.851963,0.151797,-0.224400,0.668886,0.077937,-0.375622,0.593607,-0.143285,-0.213466,0.866823,-0.152599,-0.208749,0.682784,-0.084628,-0.368702,0.621234
0.005464,-0.020230,0.664593,0.122890,-0.015618,0.545226,0.170731,-0.216167,0.318899,0.215201,-0.083032,0.035971,-0.109100,0.005022,0.545799,-0.171557,-0.196135,0.323607,-0.187118,-0.063741,0.036967,0.005095,-0.035139,0.716628,0.134131,-0.238255,0.852368,0.151703,-0.224069,0.669354,0.077790,-0.374789,0.593137,-0.143545,-0.213994,0.866949,-0.152869,-0.208743,0.682925,-0.085181,-0.368524,0.620624
0.005245,-0.020564,0.665197,0.122630,-0.015734,0.545785,0.170625,-0.215792,0.319055,0.215220,-0.083052,0.035950,-0.109364,0.004853,0.546459,-0.171638,-0.195815,0.323773,-0.187059,-0.063759,0.036962,0.004864,-0.035544,0.717212,0.133862,-0.238689,0.852900,0.151657,-0.223613,0.669981,0.077741,-0.373614,0.592387,-0.143870,-0.214661,0.867089,-0.153220,-0.208688,0.683088,-0.085797,-0.368220,0.619870
0.004988,-0.020936,0.666163,0.122308,-0.015757,0.546695,0.170529,-0.215127,0.319408,0.215232,-0.083054,0.035983,-0.109690,0.004780,0.547534,-0.171707,-0.195165,0.324129,-0.187040,-0.063789,0.036981,0.004586,-0.036044,0.718142,0.133491,-0.239303,0.853689,0.151706,-0.222906,0.670928,0.077957,-0.371769,0.591102,-0.144323,-0.215607,0.867256,-0.153732,-0.208537,0.683296,-0.086535,-0.367663,0.618829
0.004670,-0.021385,0.667569,0.121956,-0.015703,0.548074,0.170344,-0.214058,0.319937,0.215211,-0.083042,0.036013,-0.110050,0.004735,0.549040,-0.171770,-0.194186,0.324643,-0.187034,-0.063796,0.037014,0.004225,-0.036674,0.719497,0.132939,-0.240139,0.854812,0.151892,-0.221680,0.672326,0.078717,-0.368917,0.589213,-0.144978,-0.216792,0.867561,-0.154454,-0.208060,0.683676,-0.087421,-0.366310,0.616964
0.004322,-0.021872,0.669194,0.121588,-0.015610,0.549689,0.170115,-0.212785,0.320560,0.215172,-0.083023,0.036051,-0.110428,0.004704,0.550762,-0.171831,-0.193039,0.325242,-0.187034,-0.063787,0.037064,0.003822,-0.037369,0.721062,0.132297,-0.241089,0.856099,0.152138,-0.220196,0.673975,0.079945,-0.365603,0.587173,-0.145733,-0.218092,0.867930,-0.155282,-0.207417,0.684153,-0.088438,-0.364529,0.614737
0.003923,-0.022506,0.671550,0.121194,-0.015533,0.552012,0.169901,-0.210948,0.321418,0.215185,-0.083056,0.036045,-0.110846,0.004504,0.553142,-0.171818,-0.191509,0.326002,-0.186962,-0.063825,0.037082,0.003366,-0.038208,0.723357,0.131658,-0.242051,0.858197,0.152773,-0.217873,0.676630,0.081103,-0.360215,0.584853,-0.146518,-0.219540,0.868983,-0.156368,-0.206187,0.685399,-0.089565,-0.361492,0.612157
0.003488,-0.023170,0.674160,0.120785,-0.015463,0.554594,0.169679,-0.208886,0.322367,0.215184,-0.083079,0.036042,-0.111279,0.004293,0.555745,-0.171801,-0.189793,0.326838,-0.186907,-0.063861,0.037101,0.002869,-0.039078,0.725905,0.131021,-0.243015,0.860538,0.153419,-0.215317,0.679638,0.082516,-0.354237,0.582654,-0.147303,-0.221023,0.870293,-0.157496,-0.204741,0.686969,-0.090597,-0.357797,0.609433
0.002980,-0.023894,0.677281,0.120347,-0.015406,0.557694,0.169446,-0.206375,0.323489,0.215159,-0.083082,0.036032,-0.111741,0.004060,0.558792,-0.171772,-0.187710,0.327815,-0.186880,-0.063899,0.037108,0.002292,-0.040010,0.728962,0.130392,-0.243979,0.863371,0.154099,-0.212292,0.683304,0.084206,-0.347046,0.580482,-0.148093,-0.222585,0.872124,-0.158710,-0.202871,0.689167,-0.091380,-0.352811,0.606365
0.002447,-0.024559,0.681039,0.119835,-0.015165,0.561369,0.169135,-0.203248,0.324882,0.215137,-0.083083,0.036062,-0.112284,0.003922,0.562495,-0.171688,-0.185033,0.329052,-0.186879,-0.063907,0.037152,0.001704,-0.040897,0.732650,0.129784,-0.244863,0.866836,0.154948,-0.208726,0.687817,0.086472,-0.338923,0.579009,-0.148874,-0.224163,0.874497,-0.159765,-0.200632,0.692014,-0.092218,-0.346693,0.603144
0.001902,-0.025192,0.685116,0.119285,-0.014830,0.565336,0.168777,-0.199791,0.326439,0.215097,-0.083074,0.036168,-0.112868,0.003832,0.566531,-0.171584,-0.182034,0.330451,-0.186899,-0.063882,0.037267,0.001110,-0.041762,0.736654,0.129182,-0.245709,0.870619,0.155851,-0.204903,0.692836,0.089100,-0.330330,0.578236,-0.149649,-0.225747,0.877138,-0.160743,-0.198211,0.695237,-0.093254,-0.339915,0.600130
0.001311,-0.025878,0.689798,0.118660,-0.014257,0.569912,0.168410,-0.195378,0.328145,0.215132,-0.083118,0.036076,-0.113519,0.004068,0.571290,-0.171361,-0.178037,0.332087,-0.186862,-0.063935,0.037223,0.000502,-0.042822,0.741215,0.128746,-0.247117,0.874211,0.156958,-0.200862,0.698018,0.091932,-0.320988,0.577521,-0.150248,-0.227903,0.880020,-0.161642,-0.195714,0.698910,-0.094709,-0.332645,0.597277
0.000711,-0.026547,0.694706,0.118052,-0.013556,0.574760,0.168050,-0.190518,0.329984,0.215155,-0.083144,0.036032,-0.114154,0.004406,0.576275,-0.171073,-0.173638,0.333817,-0.186854,-0.063984,0.037190,-0.000116,-0.043905,0.745985,0.128312,-0.248672,0.877810,0.158049,-0.196928,0.703414,0.094794,-0.311402,0.577212,-0.150831,-0.230166,0.883010,-0.162523,-0.193316,0.702816,-0.096260,-0.325066,0.594733
0.000092,-0.027184,0.700066,0.117482,-0.012601,0.580141,0.167714,-0.184802,0.332042,0.215172,-0.083148,0.035994,-0.114756,0.004948,0.581703,-0.170646,-0.168474,0.335685,-0.186888,-0.064055,0.037093,-0.000753,-0.045033,0.751176,0.127888,-0.250517,0.881417,0.159167,-0.193180,0.709062,0.097682,-0.301284,0.577026,-0.151386,-0.232649,0.886220,-0.163363,-0.191110,0.707075,-0.097772,-0.316924,0.592260
-0.000517,-0.027727,0.705815,0.116923,-0.011388,0.585932,0.167327,-0.178259,0.334253,0.215177,-0.083145,0.035969,-0.115350,0.005683,0.587542,-0.170160,-0.162577,0.337727,-0.186953,-0.064037,0.037065,-0.001373,-0.046108,0.756736,0.127527,-0.252427,0.885182,0.159925,-0.189888,0.714865,0.100376,-0.289886,0.576282,-0.151865,-0.235227,0.889642,-0.163864,-0.189198,0.711607,-0.098783,-0.307740,0.589458
-0.001120,-0.028223,0.711759,0.116367,-0.010044,0.591942,0.166905,-0.171253,0.336627,0.215135,-0.083118,0.036136,-0.115943,0.006518,0.593597,-0.169654,-0.156260,0.339943,-0.187046,-0.063945,0.037238,-0.001984,-0.047156,0.762477,0.127198,-0.254357,0.889017,0.160490,-0.186834,0.720800,0.103116,-0.277620,0.575701,-0.152303,-0.237838,0.893159,-0.164198,-0.187431,0.716314,-0.099672,-0.297780,0.586834
