pelvis_x,pelvis_y,pelvis_z,left_hip_roll_link_x,left_hip_roll_link_y,left_hip_roll_link_z,left_knee_link_x,left_knee_link_y,left_knee_link_z,left_ankle_roll_link_x,left_ankle_roll_link_y,left_ankle_roll_link_z,right_hip_roll_link_x,right_hip_roll_link_y,right_hip_roll_link_z,right_knee_link_x,right_knee_link_y,right_knee_link_z,right_ankle_roll_link_x,right_ankle_roll_link_y,right_ankle_roll_link_z,torso_link_x,torso_link_y,torso_link_z,left_shoulder_roll_link_x,left_shoulder_roll_link_y,left_shoulder_roll_link_z,left_elbow_link_x,left_elbow_link_y,left_elbow_link_z,left_wrist_yaw_link_x,left_wrist_yaw_link_y,left_wrist_yaw_link_z,right_shoulder_roll_link_x,right_shoulder_roll_link_y,right_shoulder_roll_link_z,right_elbow_link_x,right_elbow_link_y,right_elbow_link_z,right_wrist_yaw_link_x,right_wrist_yaw_link_y,right_wrist_yaw_link_z
0.030995,-0.010170,-0.015550,0.001301,-0.013850,-0.006818,0.028878,0.001164,0.008101,-0.001813,-0.007659,0.002564,-0.014838,-0.011528,-0.007825,0.026832,-0.000903,-0.001836,0.012073,0.019821,0.000505,0.034349,0.017975,-0.023344,0.026938,-0.027059,-0.029148,-0.021395,-0.005577,0.007807,-0.026091,0.002045,-0.004666,0.012749,-0.044245,-0.021168,0.032134,-0.038229,0.003615,-0.001784,0.036916,-0.038182
0.025867,-0.014242,-0.012881,0.002458,-0.015804,-0.007957,0.032241,0.002150,0.009360,-0.000915,-0.003691,0.003354,-0.016011,-0.012408,-0.010677,0.032948,-0.000707,-0.004155,0.009316,0.015343,-0.000963,0.028126,0.004690,-0.017052,0.018482,-0.026246,-0.021774,-0.021630,-0.008466,0.009103,-0.024636,-0.007500,-0.020364,0.011055,-0.045439,-0.015391,0.029793,-0.039424,0.006716,0.000320,0.014273,-0.026954
0.019311,-0.018033,-0.011241,0.003864,-0.018043,-0.009484,0.037004,0.003050,0.010555,0.000023,-0.000379,0.003837,-0.017270,-0.013545,-0.013871,0.039530,-0.000329,-0.006547,0.007158,0.011843,-0.002493,0.020244,-0.010215,-0.011062,0.008780,-0.025598,-0.014485,-0.020974,-0.012683,0.009870,-0.021334,-0.017661,-0.033052,0.008116,-0.048180,-0.010024,0.026215,-0.042121,0.009007,0.007081,-0.005118,-0.011902
0.012521,-0.019861,-0.012082,0.005559,-0.020082,-0.010977,0.042538,0.003484,0.011401,0.000967,0.001431,0.003839,-0.017887,-0.014729,-0.016478,0.044772,0.000099,-0.008249,0.006627,0.010413,-0.003600,0.012000,-0.024194,-0.006585,-0.000123,-0.025397,-0.008664,-0.018889,-0.017887,0.010137,-0.015905,-0.025576,-0.035870,0.004636,-0.052924,-0.006291,0.021911,-0.046855,0.009197,0.017895,-0.015144,0.003039
0.007168,-0.018811,-0.015571,0.007777,-0.021405,-0.011851,0.047458,0.003334,0.011781,0.001992,0.001770,0.003508,-0.016846,-0.015616,-0.017678,0.047124,0.000416,-0.008709,0.007709,0.010612,-0.003916,0.005151,-0.035632,-0.003747,-0.006252,-0.025827,-0.004585,-0.014984,-0.023491,0.010479,-0.009272,-0.028832,-0.026003,0.002018,-0.059452,-0.004306,0.017753,-0.053589,0.006609,0.028651,-0.016147,0.012288
0.004662,-0.015515,-0.019792,0.010797,-0.021537,-0.011685,0.049998,0.002924,0.011678,0.003104,0.001173,0.003146,-0.013225,-0.015746,-0.017221,0.046044,0.000614,-0.007948,0.009165,0.010743,-0.003439,0.001232,-0.044130,-0.001859,-0.008406,-0.026909,-0.001658,-0.008863,-0.029035,0.011416,-0.003814,-0.026515,-0.007836,0.001471,-0.066629,-0.003250,0.014248,-0.061438,0.001443,0.033919,-0.015407,0.012101
0.005353,-0.011566,-0.021741,0.014714,-0.020062,-0.010386,0.048847,0.002777,0.011028,0.004115,-0.000006,0.002897,-0.006607,-0.014618,-0.015431,0.042147,0.000822,-0.006531,0.009660,0.009419,-0.002566,0.000781,-0.049710,-0.000267,-0.006493,-0.028415,0.000729,-0.000105,-0.034350,0.012852,-0.002553,-0.019529,0.008973,0.003289,-0.072623,-0.002292,0.011115,-0.068828,-0.005476,0.030670,-0.021366,0.003025
0.008257,-0.008158,-0.019571,0.019430,-0.016834,-0.008160,0.043912,0.003167,0.009715,0.004735,-0.001709,0.002609,0.002750,-0.011958,-0.012870,0.036619,0.001131,-0.005166,0.008946,0.006825,-0.001841,0.002966,-0.052296,0.001222,-0.001631,-0.029889,0.002765,0.011164,-0.039398,0.014087,-0.007328,-0.010273,0.014846,0.006888,-0.075715,-0.001209,0.007694,-0.074154,-0.013131,0.019806,-0.037013,-0.011088
0.011698,-0.005426,-0.014103,0.024906,-0.012362,-0.005470,0.036333,0.003926,0.007706,0.004761,-0.003608,0.002002,0.014001,-0.008116,-0.010126,0.030280,0.001522,-0.004265,0.007675,0.004404,-0.001605,0.006109,-0.052064,0.002478,0.004090,-0.030858,0.004319,0.023499,-0.043930,0.014162,-0.017193,-0.001319,0.004702,0.011236,-0.075274,-0.000258,0.003713,-0.076560,-0.020647,0.004565,-0.058455,-0.026163
0.014414,-0.002960,-0.008320,0.031344,-0.007915,-0.003016,0.027732,0.004688,0.005161,0.004160,-0.004649,0.000926,0.025906,-0.004181,-0.007814,0.023150,0.001962,-0.003789,0.006396,0.003450,-0.001838,0.008807,-0.049786,0.003317,0.008384,-0.031004,0.005170,0.034201,-0.047272,0.012223,-0.028734,0.007092,-0.020963,0.015117,-0.072054,0.000326,-0.000491,-0.076199,-0.027366,-0.011322,-0.078728,-0.039502
0.016236,-0.000596,-0.005386,0.039019,-0.005034,-0.001530,0.019350,0.005221,0.002420,0.003072,-0.003625,-0.000489,0.037129,-0.001524,-0.006527,0.014865,0.002466,-0.003457,0.005185,0.004122,-0.002302,0.010746,-0.046519,0.003630,0.009850,-0.030233,0.005141,0.040555,-0.048542,0.007935,-0.038423,0.018673,-0.057997,0.017334,-0.067465,0.000640,-0.004417,-0.073773,-0.032671,-0.023894,-0.092113,-0.048764
0.017890,0.001368,-0.006791,0.047899,-0.004720,-0.001397,0.011664,0.005564,-0.000093,0.001859,-0.000658,-0.001840,0.046760,-0.001053,-0.006591,0.005291,0.003057,-0.003012,0.004001,0.005509,-0.002783,0.012595,-0.043027,0.003319,0.008584,-0.028798,0.004087,0.041360,-0.047348,0.001732,-0.045013,0.038689,-0.102079,0.017179,-0.062505,0.000933,-0.007695,-0.069843,-0.035884,-0.029591,-0.095668,-0.051015
0.020243,0.002571,-0.011825,0.057435,-0.006904,-0.002388,0.004529,0.005904,-0.001993,0.001085,0.002154,-0.002599,0.054781,-0.002730,-0.007829,-0.005332,0.003749,-0.002298,0.002893,0.006204,-0.003151,0.015233,-0.039531,0.002208,0.005830,-0.027335,0.001847,0.037444,-0.044287,-0.005471,-0.049928,0.068233,-0.151222,0.014965,-0.057262,0.001186,-0.009862,-0.064496,-0.036417,-0.027459,-0.088997,-0.044343
0.023634,0.003038,-0.018464,0.066724,-0.010569,-0.003787,-0.002406,0.006395,-0.003074,0.001221,0.002432,-0.002396,0.061859,-0.005678,-0.009606,-0.016511,0.004541,-0.001244,0.001874,0.004950,-0.003325,0.019034,-0.035720,0.000099,0.003060,-0.026408,-0.001680,0.030908,-0.040458,-0.012853,-0.055589,0.100871,-0.205052,0.011998,-0.051177,0.000971,-0.010190,-0.057500,-0.033995,-0.020365,-0.074279,-0.030455
0.027778,0.003168,-0.024636,0.074875,-0.014356,-0.004847,-0.009275,0.007040,-0.003409,0.002180,0.000030,-0.001293,0.068508,-0.008706,-0.011201,-0.027430,0.005384,0.000059,0.000869,0.001436,-0.003301,0.023745,-0.030876,-0.002986,0.001366,-0.025897,-0.006310,0.023833,-0.036399,-0.019776,-0.063275,0.125992,-0.262129,0.009792,-0.043579,-0.000155,-0.008165,-0.048669,-0.028681,-0.012849,-0.056031,-0.014599
0.032146,0.003245,-0.028852,0.081212,-0.017183,-0.005205,-0.015838,0.007729,-0.003322,0.003286,-0.002817,0.000203,0.074463,-0.010867,-0.012184,-0.036873,0.006156,0.001312,-0.000208,-0.003264,-0.003189,0.028893,-0.024258,-0.006723,0.001420,-0.025080,-0.011521,0.017337,-0.031700,-0.025423,-0.072090,0.135991,-0.318966,0.009100,-0.034119,-0.002210,-0.004246,-0.038160,-0.020790,-0.007524,-0.039019,-0.002017
0.036338,0.003117,-0.030103,0.085206,-0.018447,-0.004898,-0.021655,0.008344,-0.003207,0.003928,-0.004046,0.001496,0.078922,-0.011712,-0.012417,-0.043544,0.006732,0.002234,-0.001389,-0.007446,-0.003056,0.034126,-0.015625,-0.010710,0.003426,-0.023420,-0.016784,0.011302,-0.025688,-0.028965,-0.079586,0.130038,-0.372003,0.009570,-0.022935,-0.004815,0.000074,-0.026518,-0.010926,-0.003698,-0.025169,0.005888
0.040079,0.002473,-0.027837,0.086404,-0.017936,-0.004072,-0.026360,0.008812,-0.003291,0.004142,-0.003611,0.002296,0.081237,-0.011205,-0.011815,-0.046653,0.007062,0.002821,-0.002543,-0.010017,-0.002791,0.039153,-0.005455,-0.014702,0.006723,-0.021073,-0.021882,0.004737,-0.018271,-0.030479,-0.083339,0.111494,-0.419726,0.010160,-0.010528,-0.007527,0.003155,-0.014360,-0.000107,0.000910,-0.012722,0.012064
0.043001,0.001425,-0.022423,0.084628,-0.015779,-0.002753,-0.029700,0.009047,-0.003517,0.004320,-0.002318,0.002694,0.081256,-0.009530,-0.010302,-0.046283,0.007127,0.003249,-0.003244,-0.010745,-0.002267,0.043470,0.005223,-0.018475,0.009594,-0.018522,-0.026742,-0.003370,-0.010054,-0.031412,-0.082500,0.083236,-0.462030,0.009824,0.002450,-0.009957,0.004309,-0.002004,0.010263,0.007462,0.000517,0.020657
0.044626,0.000688,-0.015475,0.080220,-0.012484,-0.000905,-0.031360,0.008899,-0.003610,0.004489,0.000090,0.002910,0.079207,-0.007000,-0.007981,-0.043293,0.006851,0.003595,-0.003002,-0.009752,-0.001565,0.046356,0.015072,-0.021555,0.009850,-0.015881,-0.031009,-0.013202,-0.001874,-0.033767,-0.078571,0.046948,-0.497426,0.007990,0.015261,-0.011628,0.004101,0.010519,0.018628,0.014469,0.012547,0.033061
0.044706,0.001018,-0.009149,0.073992,-0.008830,0.001376,-0.031014,0.008262,-0.003278,0.004183,0.004458,0.003092,0.075490,-0.004080,-0.005210,-0.038888,0.006174,0.003799,-0.001803,-0.007407,-0.000892,0.047306,0.022679,-0.023317,0.006074,-0.012937,-0.034042,-0.023890,0.005513,-0.038840,-0.074701,0.006961,-0.521161,0.004776,0.027136,-0.012035,0.003613,0.023057,0.023598,0.018338,0.016583,0.046628
0.043599,0.002337,-0.004674,0.066839,-0.005555,0.003738,-0.028755,0.007261,-0.002415,0.003038,0.010074,0.003301,0.070509,-0.001297,-0.002522,-0.033987,0.005219,0.003790,-0.000226,-0.004486,-0.000390,0.046577,0.027138,-0.023496,-0.001342,-0.009861,-0.035472,-0.034016,0.011420,-0.046698,-0.073441,-0.027359,-0.526425,0.001006,0.037575,-0.011036,0.003407,0.035093,0.024332,0.015617,0.006934,0.056967
0.042182,0.003465,-0.001549,0.059407,-0.003055,0.005604,-0.025378,0.006303,-0.001254,0.001388,0.014009,0.003525,0.064533,0.000930,-0.000508,-0.028809,0.004325,0.003494,0.001155,-0.001853,-0.000132,0.045222,0.028762,-0.022545,-0.010220,-0.007377,-0.035667,-0.042246,0.015352,-0.056336,-0.074845,-0.046129,-0.508305,-0.002102,0.046591,-0.009148,0.003167,0.045903,0.020930,0.005197,-0.013568,0.061343
0.041253,0.002931,0.001620,0.052040,-0.001329,0.006351,-0.021991,0.005826,-0.000334,0.000226,0.013143,0.003624,0.057708,0.002390,0.000386,-0.023114,0.003832,0.002837,0.002269,0.000091,-0.000184,0.044398,0.029035,-0.021357,-0.017848,-0.005900,-0.035453,-0.047553,0.017357,-0.065857,-0.077094,-0.046851,-0.467861,-0.003580,0.054397,-0.007298,0.002229,0.054770,0.014570,-0.011271,-0.032808,0.059895
0.041020,0.000248,0.005445,0.044934,-0.000197,0.005649,-0.019208,0.005937,-0.000161,0.000424,0.006986,0.003362,0.050223,0.003023,0.000116,-0.016930,0.003834,0.001886,0.003279,0.001520,-0.000496,0.044562,0.029559,-0.020551,-0.022498,-0.004803,-0.035341,-0.049244,0.018074,-0.072711,-0.078999,-0.036025,-0.412749,-0.003280,0.060850,-0.006132,0.000253,0.061082,0.007123,-0.030400,-0.037200,0.054633
0.041164,-0.003536,0.008924,0.038235,0.000428,0.003771,-0.016735,0.006272,-0.000762,0.001884,-0.001537,0.002623,0.042410,0.002851,-0.000862,-0.011006,0.004118,0.000963,0.004030,0.002838,-0.000794,0.045350,0.030969,-0.020062,-0.024001,-0.002927,-0.035124,-0.047177,0.018262,-0.074527,-0.081604,-0.022159,-0.352938,-0.001920,0.065454,-0.005565,-0.002567,0.064577,0.000360,-0.048036,-0.020309,0.048941
0.041254,-0.006512,0.010155,0.031995,0.000498,0.001483,-0.013730,0.006255,-0.001621,0.003611,-0.008271,0.001568,0.034653,0.001999,-0.001859,-0.006448,0.004319,0.000453,0.004124,0.004229,-0.000755,0.046047,0.032815,-0.019464,-0.023154,0.000320,-0.034290,-0.042072,0.018362,-0.070259,-0.087172,-0.009312,-0.294586,-0.000637,0.067859,-0.005054,-0.005519,0.065670,-0.004656,-0.060537,0.015510,0.047990
0.040954,-0.007213,0.007916,0.026094,0.000018,-0.000435,-0.009506,0.005555,-0.002076,0.004633,-0.010851,0.000548,0.027250,0.000755,-0.002399,-0.003836,0.004169,0.000472,0.003463,0.005375,-0.000318,0.046029,0.034217,-0.018595,-0.020775,0.004477,-0.032676,-0.035473,0.018529,-0.060693,-0.096321,0.001886,-0.237808,-0.000437,0.068101,-0.004282,-0.007329,0.065384,-0.007439,-0.067212,0.062948,0.057069
0.039979,-0.005529,0.002816,0.020288,-0.000750,-0.001587,-0.003989,0.004335,-0.001749,0.004657,-0.009627,-0.000124,0.020379,-0.000437,-0.002436,-0.002607,0.003688,0.000772,0.002410,0.005565,0.000265,0.044914,0.034528,-0.017701,-0.017188,0.008368,-0.030581,-0.029170,0.018794,-0.047856,-0.105933,0.010097,-0.180584,-0.001721,0.066419,-0.003437,-0.006605,0.064675,-0.007477,-0.071657,0.113320,0.077714
0.038167,-0.002618,-0.002838,0.014295,-0.001285,-0.001982,0.002300,0.003090,-0.000703,0.003982,-0.006341,-0.000350,0.014083,-0.001090,-0.002160,-0.001305,0.003102,0.000959,0.001380,0.004166,0.000690,0.042660,0.033639,-0.017036,-0.012317,0.010812,-0.028356,-0.024275,0.019045,-0.033990,-0.110655,0.012841,-0.124191,-0.004013,0.063223,-0.002877,-0.003149,0.063726,-0.004191,-0.078703,0.158708,0.106406
0.035616,-0.000014,-0.006362,0.007847,-0.001017,-0.001814,0.008607,0.002264,0.000697,0.003144,-0.002809,-0.000253,0.008237,-0.000856,-0.001697,0.001513,0.002599,0.000766,0.000528,0.001255,0.000833,0.039601,0.031969,-0.016508,-0.006129,0.011286,-0.026064,-0.020571,0.019013,-0.021053,-0.107498,0.009123,-0.073838,-0.006206,0.059237,-0.002698,0.001244,0.061972,0.002387,-0.089369,0.193154,0.137312
0.032548,0.001358,-0.006279,0.000733,0.000338,-0.001232,0.014421,0.001965,0.002129,0.002650,-0.000605,0.000036,0.002584,0.000346,-0.001022,0.006478,0.002171,0.000146,-0.000095,-0.002042,0.000752,0.036136,0.030070,-0.015759,0.000971,0.010118,-0.023503,-0.016830,0.018401,-0.010727,-0.098670,0.000677,-0.034306,-0.007428,0.055184,-0.002657,0.004087,0.058785,0.011242,-0.100300,0.211580,0.164381
0.029030,0.001649,-0.003117,-0.007091,0.002558,-0.000241,0.019713,0.001934,0.003564,0.002784,-0.000683,0.000548,-0.003141,0.002293,-0.000065,0.013193,0.001677,-0.000778,-0.000321,-0.004107,0.000569,0.032332,0.028081,-0.014414,0.008077,0.008091,-0.020387,-0.012019,0.017095,-0.004124,-0.088866,-0.009208,-0.006539,-0.007748,0.051155,-0.002344,0.004406,0.054054,0.020875,-0.108167,0.209261,0.181348
0.025020,0.001782,0.001034,-0.015371,0.005048,0.001140,0.024802,0.001725,0.005103,0.003463,-0.002635,0.001306,-0.009102,0.004526,0.001178,0.020548,0.000950,-0.001787,0.000010,-0.004150,0.000389,0.027999,0.025664,-0.012238,0.014124,0.005881,-0.016517,-0.006250,0.015212,-0.001116,-0.079913,-0.017198,0.011101,-0.007903,0.046630,-0.001394,0.003087,0.048155,0.029956,-0.112764,0.186589,0.183756
0.020648,0.002604,0.003879,-0.023519,0.007184,0.002600,0.030011,0.001021,0.006619,0.004293,-0.004986,0.002048,-0.015285,0.006488,0.002539,0.027294,-0.000093,-0.002703,0.000805,-0.002882,0.000236,0.023129,0.022524,-0.009240,0.018316,0.003781,-0.011961,-0.000467,0.012880,-0.000403,-0.069178,-0.021015,0.020037,-0.008421,0.041344,0.000326,0.001206,0.041650,0.037481,-0.115750,0.154570,0.172673
0.016265,0.004154,0.004297,-0.030786,0.008579,0.003569,0.035368,-0.000132,0.007746,0.004871,-0.006666,0.002321,-0.021445,0.007745,0.003623,0.032612,-0.001347,-0.003534,0.001766,-0.001593,-0.000006,0.018094,0.018825,-0.005721,0.020341,0.001737,-0.007148,0.004681,0.009915,-0.000654,-0.053194,-0.020470,0.021402,-0.009200,0.035847,0.002610,-0.001112,0.035162,0.042656,-0.118032,0.131078,0.154509
0.012220,0.005757,0.002824,-0.036602,0.009172,0.003707,0.040457,-0.001419,0.008261,0.005119,-0.007718,0.001966,-0.027136,0.008233,0.004040,0.036402,-0.002540,-0.004434,0.002628,-0.000703,-0.000496,0.013374,0.014938,-0.002097,0.020307,-0.000595,-0.002624,0.009282,0.005798,-0.001395,-0.031439,-0.017735,0.017715,-0.009831,0.031022,0.005091,-0.004056,0.029335,0.044875,-0.118428,0.128528,0.135857
0.008630,0.006730,0.001061,-0.040824,0.009229,0.003292,0.044523,-0.002549,0.008320,0.005307,-0.008529,0.001327,-0.031842,0.008305,0.003774,0.039138,-0.003404,-0.005474,0.003253,0.000440,-0.001222,0.009160,0.010823,0.001408,0.018541,-0.003821,0.001355,0.013337,0.000088,-0.002738,-0.006060,-0.016255,0.013180,-0.010121,0.027145,0.007566,-0.007104,0.024600,0.043887,-0.113768,0.145167,0.118844
0.005271,0.006850,0.000540,-0.043562,0.009189,0.002923,0.046906,-0.003387,0.008211,0.005637,-0.009094,0.000845,-0.035100,0.008428,0.003237,0.041430,-0.003789,-0.006458,0.003494,0.002361,-0.001888,0.005178,0.005910,0.004809,0.015378,-0.008535,0.004900,0.015969,-0.007056,-0.004691,0.020731,-0.019518,0.012617,-0.010302,0.023577,0.010036,-0.009166,0.020886,0.039907,-0.100447,0.168110,0.101294
0.001709,0.006267,0.001787,-0.044779,0.009345,0.002865,0.047425,-0.003826,0.008026,0.005904,-0.009064,0.000608,-0.036593,0.008742,0.002865,0.043515,-0.003656,-0.007021,0.003159,0.004388,-0.002105,0.000915,-0.000255,0.008102,0.011063,-0.014616,0.008188,0.015969,-0.014642,-0.007070,0.048007,-0.030535,0.021590,-0.010785,0.019327,0.012435,-0.009651,0.017582,0.033502,-0.077026,0.183462,0.080472
-0.002284,0.005272,0.004073,-0.044187,0.009564,0.002919,0.046310,-0.003738,0.007739,0.005636,-0.007932,0.000465,-0.036273,0.008969,0.002755,0.044967,-0.003094,-0.006932,0.002221,0.005141,-0.001732,-0.003850,-0.007353,0.011151,0.005821,-0.020781,0.011258,0.012960,-0.021014,-0.009902,0.075739,-0.050508,0.048084,-0.011666,0.013804,0.014542,-0.009059,0.013812,0.025413,-0.046045,0.183803,0.056092
-0.006327,0.004252,0.006030,-0.041650,0.009399,0.002913,0.043822,-0.003128,0.007513,0.004494,-0.005304,0.000468,-0.034419,0.008781,0.002705,0.044903,-0.002358,-0.006326,0.001000,0.004112,-0.001053,-0.008660,-0.014481,0.013916,-0.000077,-0.025232,0.014133,0.007461,-0.024437,-0.013596,0.104423,-0.075538,0.102599,-0.012434,0.007098,0.016250,-0.008491,0.008820,0.016678,-0.013579,0.168851,0.029966
-0.009506,0.003634,0.006666,-0.037655,0.008568,0.003017,0.040103,-0.002263,0.007627,0.002516,-0.001549,0.000880,-0.031542,0.008193,0.002528,0.042608,-0.001775,-0.005621,0.000020,0.002300,-0.000580,-0.012549,-0.020848,0.016539,-0.006360,-0.026936,0.016868,-0.000065,-0.023949,-0.018337,0.135026,-0.094722,0.193137,-0.012238,-0.000248,0.017720,-0.008822,0.002227,0.008846,0.013043,0.141870,0.003825
-0.011018,0.003624,0.006027,-0.033292,0.007315,0.003440,0.035432,-0.001550,0.008037,0.000135,0.001889,0.001689,-0.028274,0.007538,0.002259,0.038183,-0.001558,-0.005156,-0.000361,0.001079,-0.000629,-0.014692,-0.026077,0.019073,-0.012865,-0.026203,0.019335,-0.009464,-0.020091,-0.023016,0.168034,-0.094828,0.316126,-0.010577,-0.007576,0.019109,-0.010496,-0.005895,0.003594,0.028073,0.106227,-0.021325
-0.010899,0.003928,0.005127,-0.029740,0.006260,0.004047,0.030458,-0.001272,0.008255,-0.002033,0.003281,0.002404,-0.025317,0.007122,0.002091,0.032803,-0.001675,-0.004961,-0.000193,0.000943,-0.001070,-0.015073,-0.029985,0.021318,-0.019591,-0.024239,0.021182,-0.020111,-0.015038,-0.024928,0.201662,-0.070453,0.450473,-0.007882,-0.014251,0.020368,-0.013863,-0.014971,0.001776,0.029708,0.064734,-0.043718
-0.010244,0.003887,0.005335,-0.027743,0.005948,0.004469,0.026079,-0.001440,0.007774,-0.003524,0.002014,0.002445,-0.023343,0.007041,0.002182,0.028352,-0.001925,-0.004857,0.000217,0.001536,-0.001494,-0.014698,-0.032448,0.023074,-0.026735,-0.022439,0.022177,-0.030484,-0.011839,-0.021064,0.231182,-0.030128,0.562984,-0.005465,-0.019626,0.021406,-0.019280,-0.023877,0.002854,0.020931,0.021229,-0.059841
-0.010621,0.003063,0.007509,-0.027409,0.006577,0.004491,0.023070,-0.001862,0.006523,-0.004225,-0.000735,0.001615,-0.022712,0.007278,0.002595,0.026469,-0.002143,-0.004699,0.000627,0.002221,-0.001567,-0.015083,-0.033445,0.024343,-0.034669,-0.021871,0.022390,-0.038860,-0.013060,-0.010092,0.250684,0.009703,0.624739,-0.004839,-0.022995,0.022266,-0.026725,-0.031066,0.005445,0.008049,-0.018447,-0.065866
-0.013060,0.001715,0.011312,-0.028305,0.007937,0.004272,0.021773,-0.002333,0.004942,-0.004277,-0.002826,0.000263,-0.023240,0.007798,0.003292,0.027561,-0.002328,-0.004507,0.000973,0.002418,-0.001274,-0.017291,-0.032967,0.025186,-0.043580,-0.022953,0.021984,-0.044254,-0.019550,0.006739,0.255999,0.038483,0.626228,-0.006964,-0.023629,0.023021,-0.035408,-0.034901,0.008513,-0.002290,-0.048232,-0.060506
-0.017339,0.000599,0.015258,-0.029721,0.009424,0.004189,0.022000,-0.002782,0.003751,-0.003882,-0.002915,-0.000902,-0.024305,0.008476,0.004076,0.030547,-0.002579,-0.004426,0.001209,0.001978,-0.000881,-0.021167,-0.030830,0.025518,-0.052813,-0.025448,0.020966,-0.046671,-0.030062,0.026320,0.246403,0.059682,0.579031,-0.011842,-0.020933,0.023648,-0.043852,-0.034110,0.011928,-0.005512,-0.065243,-0.046894
-0.022029,0.000264,0.017646,-0.030930,0.010307,0.004435,0.023070,-0.003242,0.003417,-0.003182,-0.001357,-0.001314,-0.025242,0.009021,0.004632,0.033498,-0.002922,-0.004542,0.001246,0.001324,-0.000670,-0.025320,-0.026809,0.025099,-0.060608,-0.028797,0.019202,-0.046932,-0.041793,0.044952,0.224144,0.084840,0.505079,-0.018416,-0.014819,0.023984,-0.050392,-0.028355,0.015771,-0.000030,-0.071604,-0.032028
-0.025183,0.000647,0.017701,-0.031363,0.010269,0.004757,0.023906,-0.003717,0.003646,-0.002289,0.000634,-0.001087,-0.025615,0.009127,0.004750,0.034588,-0.003239,-0.004736,0.001129,0.000937,-0.000727,-0.027823,-0.021145,0.023737,-0.064851,-0.032452,0.016618,-0.046525,-0.051418,0.059290,0.192455,0.118584,0.423904,-0.024842,-0.006177,0.023817,-0.053693,-0.018708,0.019363,0.012520,-0.072705,-0.023790
-0.025246,0.001329,0.015956,-0.030676,0.009646,0.004763,0.023266,-0.004139,0.003599,-0.001444,0.002373,-0.000878,-0.025142,0.008763,0.004531,0.032764,-0.003382,-0.004759,0.001103,0.000877,-0.000952,-0.027190,-0.014810,0.021617,-0.064340,-0.035963,0.013499,-0.047218,-0.056215,0.066903,0.153166,0.149152,0.345352,-0.029306,0.003149,0.023195,-0.053196,-0.007442,0.021486,0.027367,-0.072923,-0.026578
-0.021736,0.002055,0.013707,-0.028793,0.009101,0.004488,0.020193,-0.004423,0.002730,-0.001054,0.003883,-0.001132,-0.023511,0.008253,0.004400,0.027938,-0.003303,-0.004360,0.001351,0.000867,-0.001142,-0.023057,-0.009010,0.019369,-0.059434,-0.038992,0.010512,-0.050062,-0.055099,0.066523,0.105387,0.155600,0.269733,-0.030929,0.011335,0.022578,-0.049535,0.003044,0.021547,0.038268,-0.072368,-0.037909
-0.015441,0.002812,0.012152,-0.025932,0.009107,0.004380,0.014509,-0.004481,0.001222,-0.001371,0.004991,-0.001680,-0.020482,0.007955,0.004864,0.020824,-0.003032,-0.003300,0.001759,0.000528,-0.000972,-0.016277,-0.004267,0.017547,-0.051627,-0.041402,0.008170,-0.054374,-0.049143,0.058020,0.046485,0.126267,0.193737,-0.030012,0.017834,0.022374,-0.044654,0.011442,0.020149,0.041009,-0.067657,-0.049108
-0.008124,0.003422,0.011756,-0.022481,0.009566,0.004630,0.006958,-0.004195,-0.000404,-0.002198,0.004969,-0.002093,-0.016331,0.007820,0.006001,0.012630,-0.002551,-0.001488,0.002068,-0.000267,-0.000187,-0.008526,-0.000032,0.016116,-0.042708,-0.043177,0.006361,-0.057839,-0.041044,0.042667,-0.024716,0.069477,0.116518,-0.027695,0.023600,0.022433,-0.040997,0.017972,0.018561,0.035938,-0.056326,-0.050896
-0.001959,0.003336,0.011924,-0.018752,0.009722,0.004720,-0.001085,-0.003491,-0.001808,-0.003051,0.003590,-0.002192,-0.012135,0.007280,0.007107,0.004705,-0.001800,0.000733,0.002121,-0.000965,0.001061,-0.001786,0.004744,0.014593,-0.034300,-0.044052,0.004578,-0.058079,-0.033579,0.023560,-0.104184,0.006001,0.041184,-0.025615,0.029946,0.022201,-0.040023,0.023848,0.017955,0.026778,-0.041185,-0.039992
0.001013,0.002188,0.011143,-0.014958,0.008587,0.003819,-0.007953,-0.002477,-0.002896,-0.003589,0.002123,-0.002127,-0.009392,0.005624,0.007135,-0.001829,-0.000828,0.002700,0.001818,-0.000760,0.002282,0.002038,0.010787,0.012510,-0.027823,-0.043304,0.002427,-0.054474,-0.028059,0.004846,-0.180935,-0.045232,-0.026799,-0.025480,0.037257,0.021142,-0.041342,0.030291,0.018940,0.017188,-0.030094,-0.021127
-0.000731,0.000477,0.007735,-0.011499,0.005625,0.001603,-0.011925,-0.001448,-0.003478,-0.003790,0.002351,-0.002027,-0.009184,0.002542,0.005600,-0.006306,0.000123,0.003933,0.001022,0.000244,0.003093,0.001391,0.018242,0.009582,-0.024366,-0.040106,-0.000237,-0.048544,-0.024005,-0.010319,-0.239877,-0.072442,-0.080410,-0.028442,0.044795,0.018820,-0.043412,0.037754,0.021377,0.008924,-0.029881,-0.003056
-0.007919,-0.000796,0.000961,-0.009101,0.001005,-0.001480,-0.011661,-0.000674,-0.003087,-0.003825,0.004427,-0.001697,-0.011731,-0.001624,0.002717,-0.008397,0.000784,0.004231,-0.000228,0.000879,0.003293,-0.004578,0.027044,0.005570,-0.024208,-0.034161,-0.003529,-0.042552,-0.020110,-0.021125,-0.269269,-0.069473,-0.111712,-0.034680,0.051374,0.014760,-0.045019,0.045730,0.024356,0.002553,-0.039331,0.007606
-0.020291,-0.001450,-0.008307,-0.008335,-0.004774,-0.004919,-0.006915,-0.000158,-0.001434,-0.003829,0.006599,-0.000910,-0.016699,-0.006238,-0.001353,-0.007840,0.001147,0.003326,-0.001488,0.000196,0.002560,-0.015621,0.037253,0.000095,-0.026442,-0.025903,-0.007770,-0.037928,-0.015330,-0.028421,-0.267865,-0.039027,-0.115080,-0.043561,0.055961,0.008432,-0.046019,0.053076,0.026255,-0.001765,-0.049108,0.009890
-0.036621,-0.002833,-0.017892,-0.008887,-0.011326,-0.008927,0.001050,0.000395,0.000947,-0.003725,0.007337,0.000050,-0.023636,-0.010988,-0.006914,-0.004427,0.001542,0.000926,-0.002232,-0.001649,0.000561,-0.030350,0.048873,-0.007239,-0.029362,-0.016064,-0.013383,-0.034892,-0.009219,-0.032832,-0.245126,0.001909,-0.091913,-0.054160,0.057746,-0.000473,-0.046920,0.058504,0.025087,-0.004902,-0.049745,0.007117
-0.055091,-0.006724,-0.025417,-0.009542,-0.018342,-0.014044,0.009887,0.001302,0.002949,-0.003264,0.006783,0.000548,-0.031748,-0.015987,-0.014035,0.001543,0.002355,-0.002686,-0.002402,-0.003994,-0.002453,-0.046801,0.061323,-0.016144,-0.031550,-0.005030,-0.020157,-0.032919,-0.001762,-0.033449,-0.213576,0.029034,-0.051669,-0.065691,0.055994,-0.011356,-0.048166,0.060927,0.019348,-0.008941,-0.039624,0.002292
-0.073625,-0.013153,-0.029497,-0.009037,-0.025127,-0.019836,0.017170,0.002539,0.003904,-0.002300,0.005874,0.000373,-0.039249,-0.021092,-0.021567,0.008662,0.003595,-0.006381,-0.002448,-0.006595,-0.005456,-0.063063,0.073166,-0.025039,-0.032638,0.007310,-0.026616,-0.031005,0.006724,-0.028482,-0.180398,0.029767,-0.006535,-0.077464,0.050095,-0.022254,-0.049849,0.059591,0.008758,-0.015264,-0.025557,-0.005127
-0.089703,-0.019425,-0.030345,-0.006885,-0.030275,-0.024422,0.021137,0.003647,0.004018,-0.001061,0.005091,0.000005,-0.043420,-0.025258,-0.027182,0.014297,0.004758,-0.008728,-0.002740,-0.009361,-0.007256,-0.077179,0.082438,-0.031633,-0.032871,0.020981,-0.030631,-0.027802,0.015653,-0.017590,-0.145774,0.013565,0.035983,-0.088320,0.039871,-0.030566,-0.051685,0.054084,-0.005969,-0.022563,-0.017197,-0.017965
-0.100140,-0.021769,-0.029360,-0.003426,-0.032171,-0.025702,0.020808,0.004071,0.003760,-0.000095,0.004461,-0.000014,-0.041953,-0.026968,-0.028675,0.015439,0.005228,-0.008801,-0.003048,-0.011377,-0.007249,-0.086650,0.087335,-0.034426,-0.032015,0.035108,-0.030964,-0.022241,0.024385,-0.003512,-0.107439,0.000851,0.075029,-0.096190,0.025805,-0.034555,-0.053031,0.044282,-0.023806,-0.027909,-0.021061,-0.037770
-0.101887,-0.018398,-0.027915,0.000784,-0.030101,-0.023090,0.015810,0.003645,0.003126,0.000029,0.004164,0.000276,-0.034506,-0.025468,-0.025467,0.010239,0.004865,-0.006551,-0.002805,-0.010981,-0.005603,-0.088788,0.086876,-0.033611,-0.028987,0.047757,-0.028143,-0.014478,0.032480,0.009055,-0.064787,0.003944,0.111239,-0.098648,0.008967,-0.034245,-0.053272,0.030284,-0.043440,-0.030307,-0.037679,-0.063185
-0.093963,-0.011057,-0.026188,0.005543,-0.024864,-0.017992,0.006366,0.002760,0.001621,-0.001006,0.004838,0.000279,-0.022864,-0.021455,-0.019024,-0.000795,0.004160,-0.002707,-0.001933,-0.007455,-0.002989,-0.082376,0.081410,-0.030663,-0.022808,0.056858,-0.023897,-0.006092,0.039749,0.016316,-0.018625,0.020746,0.141115,-0.094377,-0.009181,-0.031101,-0.052606,0.012531,-0.062815,-0.032478,-0.062385,-0.090652
-0.078915,-0.003584,-0.023087,0.010959,-0.018216,-0.012606,-0.006466,0.002073,-0.001096,-0.003128,0.007160,-0.000524,-0.009580,-0.016456,-0.011855,-0.014871,0.003779,0.001540,-0.001249,-0.002416,-0.000261,-0.069281,0.072718,-0.027271,-0.014021,0.061524,-0.019951,0.001137,0.045951,0.016950,0.030455,0.043043,0.157423,-0.084399,-0.026922,-0.027062,-0.052273,-0.007782,-0.079170,-0.038408,-0.088528,-0.115016
-0.062075,0.001042,-0.017519,0.016859,-0.011847,-0.008286,-0.020631,0.002044,-0.004507,-0.005796,0.010785,-0.001883,0.003329,-0.011726,-0.005978,-0.028256,0.003988,0.005044,-0.001758,0.001161,0.001869,-0.054157,0.063288,-0.024511,-0.005162,0.062541,-0.017204,0.006801,0.050374,0.011268,0.080871,0.065006,0.154286,-0.071961,-0.042536,-0.023646,-0.053493,-0.028382,-0.089677,-0.049169,-0.110531,-0.129719
-0.048889,0.002430,-0.009965,0.022385,-0.006847,-0.005037,-0.033336,0.002669,-0.007264,-0.008060,0.013820,-0.002774,0.014522,-0.007844,-0.002091,-0.037955,0.004543,0.007222,-0.003536,0.001552,0.003123,-0.042159,0.055019,-0.022630,0.000389,0.061582,-0.015652,0.011908,0.051967,-0.000186,0.127014,0.083283,0.131015,-0.061087,-0.054788,-0.021456,-0.056060,-0.046347,-0.092136,-0.061311,-0.124521,-0.128434
-0.042425,0.002103,-0.002810,0.026398,-0.003797,-0.002448,-0.041806,0.003561,-0.008191,-0.008983,0.014094,-0.002340,0.022822,-0.005082,-0.000013,-0.042639,0.005040,0.008111,-0.005543,-0.000459,0.003613,-0.036476,0.048393,-0.021350,0.000376,0.059984,-0.014791,0.017069,0.050326,-0.016729,0.159468,0.093744,0.091664,-0.054765,-0.063307,-0.020284,-0.058135,-0.059175,-0.085557,-0.069294,-0.127355,-0.108452
-0.042640,0.001605,0.001097,0.028305,-0.002930,-0.000753,-0.044262,0.004255,-0.007302,-0.008320,0.011392,-0.000872,0.027189,-0.003731,0.000408,-0.042523,0.005279,0.007903,-0.006707,-0.003036,0.003455,-0.037324,0.042836,-0.020324,-0.005006,0.058262,-0.014117,0.020913,0.046693,-0.036736,0.170307,0.092225,0.042312,-0.053767,-0.068467,-0.019624,-0.057573,-0.065810,-0.070710,-0.069494,-0.117047,-0.073333
-0.047148,0.001450,0.000344,0.028355,-0.004050,-0.000671,-0.040608,0.004462,-0.005685,-0.006829,0.008165,0.000371,0.027296,-0.003932,-0.000872,-0.038738,0.005280,0.006678,-0.007048,-0.005408,0.002627,-0.042455,0.037711,-0.019415,-0.013268,0.056516,-0.013393,0.020731,0.043803,-0.057343,0.158886,0.078988,-0.010706,-0.056558,-0.071079,-0.019146,-0.053618,-0.067144,-0.050197,-0.062302,-0.094933,-0.032291
-0.052510,0.001547,-0.004388,0.027102,-0.006439,-0.002345,-0.032383,0.004131,-0.004367,-0.005702,0.007445,0.000412,0.023855,-0.005390,-0.003439,-0.032821,0.005097,0.004745,-0.007430,-0.007892,0.001346,-0.048439,0.032827,-0.018685,-0.020945,0.054921,-0.012645,0.014902,0.044287,-0.075228,0.132224,0.060685,-0.061212,-0.060254,-0.072247,-0.018791,-0.047613,-0.065844,-0.027602,-0.051267,-0.066456,0.003981
-0.055612,0.001949,-0.011136,0.024746,-0.009080,-0.004861,-0.021966,0.003363,-0.003496,-0.005437,0.009625,-0.000563,0.018234,-0.007390,-0.006142,-0.026348,0.004714,0.002840,-0.008226,-0.010156,0.000219,-0.052179,0.028169,-0.018225,-0.025237,0.053704,-0.011988,0.004792,0.048816,-0.088030,0.099821,0.045778,-0.104084,-0.062053,-0.073113,-0.018609,-0.042117,-0.065156,-0.006244,-0.041004,-0.038925,0.028780
-0.054894,0.002843,-0.017734,0.021155,-0.011016,-0.006954,-0.011591,0.002329,-0.002705,-0.005339,0.011547,-0.001638,0.011881,-0.009079,-0.007839,-0.020510,0.004090,0.001574,-0.008666,-0.010674,-0.000314,-0.052169,0.023513,-0.018010,-0.025201,0.052962,-0.011451,-0.005638,0.055623,-0.095361,0.068113,0.037079,-0.137076,-0.060410,-0.074258,-0.018608,-0.039184,-0.067070,0.011453,-0.035236,-0.018540,0.042205
-0.050765,0.004054,-0.022340,0.016437,-0.011621,-0.007976,-0.002840,0.001218,-0.001927,-0.004314,0.009424,-0.002241,0.006025,-0.009780,-0.008221,-0.015744,0.003237,0.000857,-0.007801,-0.008524,-0.000475,-0.048840,0.018554,-0.017848,-0.021979,0.052802,-0.010911,-0.012346,0.061944,-0.098398,0.039160,0.029765,-0.160774,-0.055378,-0.075389,-0.018693,-0.039183,-0.071321,0.023825,-0.035066,-0.009107,0.048881
-0.044889,0.004863,-0.023667,0.011336,-0.010769,-0.008107,0.003317,0.000227,-0.001567,-0.002085,0.002678,-0.002550,0.001510,-0.009304,-0.007718,-0.011732,0.002237,0.000196,-0.005711,-0.004880,-0.000751,-0.043765,0.013272,-0.017461,-0.018000,0.053517,-0.010186,-0.013841,0.065956,-0.098313,0.013563,0.017943,-0.174937,-0.048124,-0.075800,-0.018683,-0.040763,-0.076030,0.029755,-0.038344,-0.011861,0.052887
-0.039014,0.004417,-0.021392,0.007000,-0.008964,-0.007855,0.006434,-0.000475,-0.001905,0.000595,-0.005619,-0.002919,-0.001405,-0.008121,-0.006858,-0.007912,0.001230,-0.000540,-0.003326,-0.001788,-0.001178,-0.038529,0.008018,-0.016656,-0.015639,0.055299,-0.009214,-0.011713,0.067397,-0.095158,-0.006503,0.002602,-0.175146,-0.040097,-0.075057,-0.018421,-0.041647,-0.079114,0.028959,-0.041217,-0.024857,0.054732
-0.034268,0.002497,-0.016552,0.004302,-0.007138,-0.007476,0.006792,-0.000845,-0.002599,0.002756,-0.011866,-0.003253,-0.002941,-0.007027,-0.005895,-0.004156,0.000344,-0.001001,-0.001413,-0.000026,-0.001333,-0.034149,0.003388,-0.015518,-0.016063,0.057880,-0.008181,-0.008757,0.066826,-0.088224,-0.018059,-0.008330,-0.155860,-0.032433,-0.073207,-0.017977,-0.039866,-0.079349,0.022532,-0.040552,-0.042551,0.052290
-0.031023,-0.000002,-0.011307,0.003347,-0.006079,-0.006794,0.005457,-0.001068,-0.002891,0.003909,-0.014582,-0.003083,-0.003377,-0.006497,-0.004876,-0.001059,-0.000426,-0.000919,-0.000233,0.000950,-0.000968,-0.031015,0.000104,-0.014465,-0.018832,0.060708,-0.007495,-0.006721,0.064890,-0.077171,-0.020621,-0.007705,-0.118337,-0.025792,-0.070563,-0.017712,-0.034821,-0.076695,0.012903,-0.035277,-0.057594,0.043736
-0.028826,-0.001593,-0.007838,0.003581,-0.005978,-0.005502,0.003715,-0.001488,-0.002285,0.004030,-0.014032,-0.002149,-0.002890,-0.006417,-0.003781,0.000474,-0.001231,-0.000433,0.000221,0.001586,-0.000306,-0.028782,-0.001187,-0.014041,-0.022361,0.063358,-0.007614,-0.005800,0.062285,-0.062613,-0.017209,0.004332,-0.073817,-0.020367,-0.067447,-0.018039,-0.027270,-0.071940,0.002783,-0.026622,-0.064699,0.029803
-0.026523,-0.001414,-0.007051,0.004319,-0.006466,-0.003591,0.002236,-0.002346,-0.000992,0.003305,-0.010700,-0.000748,-0.001794,-0.006403,-0.002582,0.000049,-0.002198,0.000153,0.000218,0.001831,0.000272,-0.026374,-0.000225,-0.014589,-0.024915,0.065617,-0.008820,-0.005664,0.059843,-0.045784,-0.011815,0.021364,-0.036982,-0.015917,-0.063993,-0.019073,-0.018454,-0.066005,-0.006021,-0.017551,-0.063343,0.013865
-0.023041,0.000097,-0.008145,0.005151,-0.007000,-0.001472,0.000899,-0.003569,0.000288,0.002065,-0.005257,0.000510,-0.000576,-0.006207,-0.001338,-0.001768,-0.003271,0.000625,0.000306,0.001764,0.000558,-0.022687,0.002793,-0.016130,-0.025448,0.067303,-0.011136,-0.006207,0.058203,-0.028037,-0.007067,0.036552,-0.016328,-0.012041,-0.060007,-0.020623,-0.009634,-0.059466,-0.012751,-0.010818,-0.056677,0.000019
-0.018362,0.001599,-0.009397,0.005994,-0.007284,0.000261,-0.000641,-0.004799,0.000966,0.000774,0.000511,0.001190,0.000420,-0.005869,-0.000302,-0.003781,-0.004254,0.000855,0.000771,0.001454,0.000524,-0.017581,0.007427,-0.018528,-0.023829,0.068134,-0.014403,-0.007291,0.057352,-0.010791,-0.004124,0.046955,-0.010514,-0.008663,-0.055005,-0.022511,-0.002285,-0.052534,-0.017025,-0.006955,-0.048142,-0.008927
-0.013570,0.001776,-0.009419,0.006911,-0.007433,0.001159,-0.002440,-0.005650,0.000930,-0.000150,0.004179,0.001283,0.001126,-0.005678,0.000192,-0.004956,-0.004994,0.000776,0.001166,0.000267,0.000247,-0.012039,0.013102,-0.021563,-0.020526,0.067746,-0.018301,-0.008411,0.056641,0.004307,-0.003123,0.053540,-0.011906,-0.006223,-0.048533,-0.024643,0.002150,-0.045211,-0.018468,-0.004573,-0.039286,-0.011949
-0.009802,0.000123,-0.007866,0.007910,-0.007730,0.001120,-0.004311,-0.005978,0.000408,-0.000552,0.004641,0.001022,0.001552,-0.005936,0.000021,-0.004970,-0.005485,0.000460,0.000825,-0.002483,-0.000109,-0.007238,0.019004,-0.024724,-0.016211,0.065846,-0.022202,-0.009031,0.055373,0.015662,-0.003309,0.058160,-0.012329,-0.005268,-0.040474,-0.026661,0.003255,-0.037297,-0.017005,-0.002548,-0.029983,-0.009338
-0.007247,-0.002805,-0.005348,0.008868,-0.008221,0.000376,-0.006089,-0.005935,-0.000394,-0.000587,0.003132,0.000543,0.001633,-0.006640,-0.000584,-0.004176,-0.005828,0.000079,-0.000182,-0.005917,-0.000388,-0.003574,0.024149,-0.027151,-0.011489,0.062481,-0.025190,-0.009077,0.053423,0.022536,-0.003943,0.060452,-0.006996,-0.005844,-0.031022,-0.027783,0.002172,-0.028369,-0.013303,-0.001174,-0.019505,-0.002550
-0.005205,-0.005793,-0.002912,0.009646,-0.008639,-0.000676,-0.007678,-0.005785,-0.001422,-0.000586,0.001801,-0.000189,0.001367,-0.007451,-0.001219,-0.003246,-0.006111,-0.000235,-0.001000,-0.007617,-0.000547,-0.000621,0.027717,-0.028131,-0.006633,0.058149,-0.026548,-0.008939,0.051339,0.025686,-0.005711,0.057550,0.004042,-0.007339,-0.020570,-0.027336,0.000762,-0.018124,-0.008918,-0.001210,-0.007155,0.005641
-0.002873,-0.007652,-0.001367,0.010173,-0.008634,-0.001551,-0.008953,-0.005718,-0.002546,-0.000751,0.001359,-0.001109,0.001092,-0.007913,-0.001492,-0.002823,-0.006363,-0.000386,-0.000953,-0.005913,-0.000587,0.002195,0.029271,-0.027625,-0.001404,0.053454,-0.026210,-0.009125,0.049856,0.027186,-0.010407,0.047433,0.016796,-0.008817,-0.009864,-0.025391,0.000233,-0.007056,-0.006029,-0.002788,0.007065,0.011307
0.000138,-0.007668,-0.000785,0.010388,-0.007923,-0.001662,-0.009788,-0.005829,-0.003414,-0.000896,0.000488,-0.001847,0.001513,-0.007631,-0.001028,-0.003302,-0.006598,-0.000246,-0.000224,-0.001747,-0.000434,0.005136,0.028630,-0.026083,0.004768,0.048565,-0.024557,-0.009950,0.049241,0.029455,-0.018416,0.032565,0.026489,-0.009307,-0.000151,-0.022626,0.000634,0.003276,-0.006847,-0.005809,0.021106,0.010101
0.003869,-0.005783,-0.000588,0.010253,-0.006360,-0.000545,-0.010183,-0.006163,-0.003697,-0.000618,-0.002323,-0.001993,0.003291,-0.006373,0.000400,-0.004682,-0.006861,0.000240,0.000481,0.002030,-0.000049,0.008224,0.025791,-0.023817,0.012337,0.043142,-0.021868,-0.011186,0.048974,0.034160,-0.026906,0.019031,0.031457,-0.007824,0.007425,-0.019655,0.001309,0.011066,-0.013030,-0.010624,0.030236,-0.001123
0.008140,-0.002656,-0.000191,0.009966,-0.004136,0.001674,-0.010262,-0.006680,-0.003406,0.000139,-0.006609,-0.001526,0.006482,-0.004250,0.002497,-0.006498,-0.007197,0.000815,0.000628,0.002937,0.000342,0.011423,0.021150,-0.020870,0.021288,0.036876,-0.018242,-0.011730,0.047958,0.041770,-0.031109,0.011480,0.034742,-0.003448,0.012879,-0.016807,0.001471,0.015612,-0.025328,-0.016964,0.029587,-0.022044
0.012449,0.000467,0.000574,0.010001,-0.001880,0.004177,-0.010112,-0.007182,-0.002860,0.000859,-0.009901,-0.000860,0.010354,-0.001815,0.004387,-0.007925,-0.007548,0.000970,0.000167,0.000590,0.000320,0.014520,0.015561,-0.017452,0.031106,0.029919,-0.013987,-0.009882,0.045000,0.051770,-0.027412,0.009244,0.041364,0.004241,0.017533,-0.014458,0.000610,0.017784,-0.043221,-0.022246,0.019340,-0.048126
0.016044,0.002311,0.001632,0.010708,-0.000294,0.005948,-0.009698,-0.007399,-0.002430,0.000979,-0.009883,-0.000483,0.013717,0.000197,0.005217,-0.008091,-0.007731,0.000419,-0.000507,-0.003051,-0.000291,0.017052,0.009796,-0.014059,0.040939,0.022546,-0.009694,-0.004434,0.039204,0.062914,-0.015201,0.007495,0.053307,0.014739,0.022809,-0.013079,-0.000903,0.019233,-0.064411,-0.022494,0.007032,-0.073367
0.018448,0.002316,0.002937,0.011823,0.000401,0.006435,-0.008921,-0.007195,-0.002352,0.000562,-0.006469,-0.000640,0.015525,0.001312,0.004884,-0.006569,-0.007570,-0.000542,-0.000760,-0.005038,-0.001122,0.018636,0.003956,-0.010986,0.049808,0.014556,-0.005766,0.004332,0.030173,0.073330,0.003540,0.002158,0.067452,0.026740,0.028985,-0.012686,-0.001299,0.021346,-0.084838,-0.015751,0.002282,-0.094304
0.019936,0.001018,0.004288,0.012513,0.000536,0.005862,-0.007684,-0.006658,-0.002554,0.000194,-0.001849,-0.001157,0.015400,0.001542,0.004085,-0.003743,-0.007046,-0.001211,-0.000207,-0.003874,-0.001509,0.019418,-0.002357,-0.007991,0.056858,0.005409,-0.002111,0.014798,0.018177,0.081027,0.025478,-0.005986,0.079207,0.038753,0.035291,-0.012567,0.002068,0.024926,-0.099994,-0.003664,0.008190,-0.110682
0.021395,-0.000354,0.005174,0.011939,0.000552,0.005033,-0.005901,-0.005968,-0.002524,0.000266,0.001207,-0.001450,0.013749,0.001269,0.003680,-0.000641,-0.006321,-0.001055,0.000865,-0.000818,-0.001042,0.020097,-0.009288,-0.004659,0.061606,-0.005034,0.001517,0.024991,0.004243,0.084778,0.046846,-0.012438,0.087474,0.049672,0.040986,-0.011795,0.011105,0.030394,-0.106840,0.010700,0.019687,-0.122633
0.023674,-0.000842,0.005296,0.009747,0.000729,0.004747,-0.003588,-0.005221,-0.001676,0.000622,0.001101,-0.000951,0.011315,0.001012,0.004064,0.001862,-0.005611,-0.000134,0.001819,0.001759,0.000121,0.021455,-0.016351,-0.000965,0.064035,-0.016251,0.005028,0.033309,-0.010120,0.084495,0.064066,-0.014701,0.094527,0.058935,0.045975,-0.009968,0.025615,0.037745,-0.104635,0.025622,0.031224,-0.128808
0.027027,-0.000451,0.005292,0.006153,0.001371,0.005215,-0.000999,-0.004429,-0.000101,0.000912,-0.001867,0.000229,0.008636,0.001292,0.005025,0.003789,-0.005052,0.000919,0.002447,0.003058,0.001347,0.023857,-0.022771,0.002672,0.064433,-0.027596,0.007973,0.038681,-0.023591,0.080797,0.074335,-0.015831,0.101293,0.066419,0.050589,-0.007374,0.043194,0.046312,-0.094260,0.040949,0.043223,-0.127346
0.031109,0.000037,0.006560,0.001745,0.002927,0.005988,0.001367,-0.003639,0.001219,0.001037,-0.005831,0.001171,0.005961,0.002508,0.006058,0.005922,-0.004656,0.001313,0.003153,0.004152,0.001928,0.027142,-0.027993,0.005819,0.063157,-0.038821,0.009958,0.040568,-0.035563,0.074526,0.076286,-0.021340,0.104533,0.072389,0.055405,-0.004562,0.060246,0.055020,-0.077111,0.056416,0.058881,-0.117097
0.035462,-0.000118,0.010048,-0.002761,0.005632,0.006498,0.003014,-0.002953,0.001279,0.001149,-0.008425,0.000972,0.003516,0.004712,0.006798,0.008851,-0.004329,0.000704,0.004226,0.005953,0.001581,0.030960,-0.031968,0.008444,0.060582,-0.050042,0.011031,0.038967,-0.046064,0.066631,0.070720,-0.033871,0.099337,0.077394,0.061425,-0.001787,0.073398,0.063235,-0.054531,0.070557,0.077376,-0.097320
0.040033,-0.000971,0.015240,-0.006783,0.009077,0.006643,0.003719,-0.002409,0.000110,0.001403,-0.008165,-0.000276,0.001603,0.007456,0.007278,0.012187,-0.003937,-0.000475,0.005185,0.007894,0.000725,0.035199,-0.035200,0.010905,0.057198,-0.061389,0.011659,0.034361,-0.055275,0.057905,0.060632,-0.051904,0.083703,0.081880,0.069754,0.001199,0.080705,0.071133,-0.027879,0.081529,0.093439,-0.067304
0.045130,-0.001855,0.020385,-0.010052,0.012374,0.006865,0.003597,-0.001951,-0.001190,0.001783,-0.005202,-0.001500,0.000468,0.010051,0.007848,0.014763,-0.003415,-0.001350,0.005150,0.008744,0.000159,0.039972,-0.038468,0.013593,0.053493,-0.072680,0.012372,0.027709,-0.063248,0.048601,0.049778,-0.071755,0.060496,0.085704,0.080544,0.004893,0.082148,0.079066,0.001136,0.088908,0.102720,-0.027397
0.050729,-0.001757,0.023683,-0.012548,0.014839,0.007749,0.002997,-0.001568,-0.001486,0.002075,-0.000817,-0.001658,0.000236,0.012117,0.008840,0.015546,-0.002888,-0.001396,0.003858,0.008063,0.000307,0.045068,-0.042150,0.016688,0.049468,-0.083209,0.013476,0.020396,-0.070057,0.038757,0.040727,-0.088770,0.035813,0.088132,0.092564,0.009589,0.079191,0.086911,0.030326,0.094140,0.105516,0.019369
0.055871,0.000122,0.024363,-0.014298,0.016459,0.009568,0.002372,-0.001388,-0.000509,0.002054,0.003408,-0.000595,0.000991,0.013841,0.010297,0.014339,-0.002619,-0.000865,0.002137,0.006531,0.000836,0.049492,-0.045727,0.020176,0.044316,-0.091860,0.015040,0.013768,-0.075975,0.029047,0.034177,-0.097956,0.015941,0.088378,0.104115,0.015127,0.073775,0.094295,0.057346,0.098769,0.105568,0.066772
0.059057,0.003731,0.022981,-0.015274,0.017674,0.012016,0.002048,-0.001514,0.001092,0.001831,0.005710,0.001010,0.002749,0.015609,0.011915,0.011746,-0.002738,-0.000413,0.001201,0.005079,0.001054,0.051892,-0.048174,0.023832,0.036935,-0.097732,0.016872,0.008313,-0.081287,0.020669,0.029567,-0.096779,0.004705,0.086069,0.113944,0.020904,0.067460,0.100910,0.080204,0.102428,0.106637,0.106667
0.059534,0.007827,0.021012,-0.015410,0.018820,0.014249,0.001835,-0.001796,0.002298,0.001856,0.004624,0.002264,0.005289,0.017450,0.013140,0.008610,-0.003014,-0.000482,0.001462,0.003971,0.000570,0.051766,-0.048874,0.027102,0.027065,-0.100834,0.018400,0.003299,-0.085902,0.014094,0.025715,-0.088235,0.001731,0.081266,0.121007,0.026110,0.061049,0.106120,0.097404,0.102860,0.110036,0.131571
0.058173,0.010519,0.020005,-0.014620,0.019826,0.015344,0.000872,-0.001861,0.002347,0.002357,0.000553,0.002603,0.008065,0.018943,0.013441,0.005494,-0.003004,-0.001053,0.002201,0.002772,-0.000480,0.050221,-0.047896,0.029282,0.015879,-0.102034,0.018863,-0.002470,-0.089284,0.008543,0.021023,-0.078945,0.002369,0.074406,0.124087,0.030144,0.054648,0.108670,0.107746,0.097798,0.114284,0.137728
0.056873,0.010544,0.020588,-0.012906,0.020298,0.014917,-0.001729,-0.001467,0.001169,0.002919,-0.003897,0.002029,0.010358,0.019532,0.012683,0.002499,-0.002452,-0.001737,0.002448,0.001123,-0.001609,0.049291,-0.045440,0.030040,0.005342,-0.102200,0.017859,-0.009400,-0.090811,0.003096,0.013950,-0.072813,0.000471,0.066336,0.122437,0.032951,0.047958,0.107450,0.110371,0.086836,0.116705,0.127207
0.057035,0.008152,0.021825,-0.010527,0.019723,0.013298,-0.005838,-0.000747,-0.000574,0.002877,-0.006290,0.001044,0.011576,0.018786,0.011230,-0.000585,-0.001495,-0.001982,0.001964,-0.000775,-0.002247,0.050355,-0.041396,0.029617,-0.003064,-0.101440,0.015627,-0.016795,-0.090119,-0.002122,0.004129,-0.067842,-0.006910,0.058072,0.116682,0.034873,0.040649,0.102577,0.105357,0.071789,0.115460,0.106919
0.058608,0.004774,0.021664,-0.007943,0.017713,0.011058,-0.010097,-0.000075,-0.002007,0.002015,-0.006435,0.000235,0.011502,0.016513,0.009553,-0.003971,-0.000512,-0.001442,0.001182,-0.002541,-0.002097,0.053189,-0.035626,0.028366,-0.009058,-0.099203,0.012643,-0.023831,-0.087064,-0.006204,-0.006767,-0.060175,-0.016646,0.050179,0.108487,0.036102,0.032581,0.095316,0.094279,0.055494,0.110064,0.084357
0.060485,0.002000,0.018512,-0.005539,0.014395,0.008590,-0.012960,0.000227,-0.002741,0.000748,-0.005426,-0.000214,0.010360,0.013001,0.007900,-0.007588,0.000126,-0.000299,0.000522,-0.003876,-0.001357,0.056424,-0.028520,0.026305,-0.013277,-0.094967,0.009130,-0.030433,-0.081621,-0.008561,-0.015754,-0.049449,-0.021513,0.042382,0.099189,0.036428,0.023812,0.086880,0.079900,0.040345,0.100514,0.063879
0.061539,0.000775,0.012739,-0.003528,0.010662,0.006239,-0.013889,0.000061,-0.003021,-0.000276,-0.003698,-0.000521,0.008672,0.009165,0.006478,-0.010938,0.000232,0.000922,0.000164,-0.004099,-0.000487,0.058669,-0.021094,0.023363,-0.016545,-0.088740,0.005209,-0.036868,-0.074101,-0.009241,-0.020820,-0.038492,-0.015845,0.033929,0.088955,0.035663,0.014529,0.077561,0.065083,0.027548,0.086816,0.046854
0.061248,0.001003,0.006653,-0.001977,0.007693,0.004461,-0.013546,-0.000384,-0.003190,-0.000705,-0.001066,-0.000849,0.007039,0.006137,0.005568,-0.013263,-0.000075,0.001827,0.000172,-0.002348,0.000225,0.059240,-0.014594,0.019884,-0.019297,-0.080983,0.001338,-0.042869,-0.065291,-0.008311,-0.022712,-0.029608,-0.000217,0.024358,0.077207,0.034125,0.005011,0.066938,0.051786,0.016899,0.069412,0.033787
0.059727,0.001586,0.002876,-0.000776,0.006049,0.003524,-0.013083,-0.000641,-0.003256,-0.000732,0.001944,-0.001022,0.005982,0.004501,0.005151,-0.014065,-0.000367,0.002295,0.000350,0.000887,0.000705,0.058268,-0.009962,0.016605,-0.021383,-0.072281,-0.001704,-0.047561,-0.056114,-0.005504,-0.024349,-0.023586,0.018863,0.014018,0.063649,0.032535,-0.004463,0.054657,0.040897,0.006941,0.049521,0.025022
0.057587,0.001294,0.002598,0.000305,0.005469,0.003285,-0.013341,-0.000292,-0.003049,-0.000769,0.003980,-0.000784,0.005877,0.004074,0.004831,-0.013638,-0.000207,0.002352,0.000212,0.003269,0.000904,0.056487,-0.007496,0.014232,-0.022220,-0.063104,-0.003256,-0.050063,-0.047119,-0.000704,-0.028326,-0.020945,0.033797,0.004014,0.048909,0.031555,-0.013738,0.040952,0.032638,-0.003930,0.029027,0.020400
0.055670,0.000014,0.005140,0.001315,0.005579,0.003521,-0.014496,0.000590,-0.002613,-0.000917,0.004201,-0.000161,0.006869,0.004454,0.004457,-0.012968,0.000426,0.002149,-0.000483,0.002762,0.000817,0.054806,-0.006878,0.013186,-0.021234,-0.053779,-0.003015,-0.049948,-0.038372,0.005451,-0.034734,-0.021323,0.040520,-0.004381,0.034329,0.031570,-0.022773,0.026657,0.026911,-0.016106,0.009952,0.019492
0.054500,-0.001079,0.008758,0.002029,0.006371,0.004247,-0.016113,0.001464,-0.002208,-0.000895,0.003136,0.000553,0.008791,0.005451,0.004469,-0.012917,0.001118,0.001991,-0.001302,-0.000066,0.000636,0.053685,-0.007511,0.013594,-0.018382,-0.044560,-0.001009,-0.047468,-0.029727,0.011711,-0.041240,-0.022190,0.039027,-0.010535,0.021208,0.032703,-0.031412,0.012896,0.023370,-0.028830,-0.006589,0.021648
0.053840,-0.000808,0.011715,0.002312,0.007803,0.005440,-0.017516,0.001862,-0.002028,-0.000505,0.001928,0.001067,0.011188,0.006847,0.005303,-0.013593,0.001474,0.002188,-0.001565,-0.002685,0.000684,0.052815,-0.008850,0.015244,-0.014325,-0.035711,0.002414,-0.043567,-0.021127,0.016895,-0.045382,-0.020776,0.030884,-0.014829,0.010242,0.034776,-0.039231,0.000755,0.021522,-0.041287,-0.020843,0.025315
0.052964,0.000819,0.012970,0.002449,0.009315,0.006731,-0.018264,0.001785,-0.002016,0.000063,0.001047,0.001322,0.013574,0.008092,0.006725,-0.014616,0.001484,0.002848,-0.001149,-0.003378,0.001157,0.051529,-0.010477,0.017609,-0.010076,-0.027566,0.006599,-0.039515,-0.012743,0.020295,-0.046702,-0.017464,0.017430,-0.018200,0.001575,0.037327,-0.045718,-0.009000,0.021032,-0.052599,-0.032724,0.028114
0.051438,0.002886,0.012516,0.002947,0.010182,0.007735,-0.018454,0.001537,-0.001919,0.000420,0.000154,0.001521,0.015751,0.008672,0.008083,-0.015751,0.001390,0.003817,-0.000616,-0.002567,0.001968,0.049551,-0.012078,0.020089,-0.006363,-0.020457,0.010813,-0.036224,-0.004862,0.021529,-0.046231,-0.014737,0.000316,-0.021285,-0.004969,0.039830,-0.050644,-0.016210,0.021886,-0.060871,-0.039679,0.028477
0.049573,0.004627,0.011308,0.004069,0.010292,0.008487,-0.018643,0.001344,-0.001597,0.000309,-0.000755,0.001861,0.017812,0.008693,0.009022,-0.017036,0.001343,0.004768,-0.000427,-0.001389,0.002795,0.047311,-0.013441,0.022205,-0.003256,-0.014524,0.014466,-0.033718,0.002328,0.020152,-0.044225,-0.012169,-0.016840,-0.023988,-0.009775,0.041870,-0.054039,-0.021348,0.023973,-0.063965,-0.038357,0.027046
0.048082,0.005768,0.010640,0.005674,0.010231,0.009164,-0.019457,0.001256,-0.001331,-0.000263,-0.000711,0.002170,0.019770,0.008742,0.009600,-0.018409,0.001336,0.005363,-0.000282,-0.000012,0.003266,0.045569,-0.014404,0.023552,-0.000330,-0.009565,0.017110,-0.031102,0.008753,0.015713,-0.039463,-0.005259,-0.028279,-0.025733,-0.013288,0.043061,-0.055732,-0.024999,0.026510,-0.062267,-0.029647,0.025935
0.047350,0.006076,0.011306,0.007398,0.010521,0.009574,-0.021107,0.001351,-0.001607,-0.001038,0.001050,0.002042,0.021337,0.009156,0.009823,-0.019479,0.001406,0.005398,0.000423,0.001903,0.003165,0.044752,-0.014807,0.023805,0.002886,-0.005168,0.018452,-0.027091,0.014250,0.008476,-0.031096,0.008637,-0.029359,-0.026098,-0.015771,0.043060,-0.055293,-0.027334,0.028327,-0.059515,-0.020268,0.026698
0.047123,0.005211,0.013162,0.008864,0.011032,0.009286,-0.023163,0.001806,-0.002506,-0.001554,0.003588,0.001410,0.022188,0.009693,0.009400,-0.019805,0.001709,0.004835,0.001606,0.003752,0.002484,0.044661,-0.014548,0.022913,0.006625,-0.001035,0.018526,-0.020869,0.018511,-0.000081,-0.020367,0.024762,-0.021131,-0.025269,-0.017236,0.041805,-0.052759,-0.028245,0.028902,-0.059284,-0.017513,0.029434
0.046901,0.003273,0.015325,0.009819,0.011312,0.008171,-0.024850,0.002672,-0.003629,-0.001380,0.004905,0.000622,0.022294,0.009989,0.008106,-0.019372,0.002313,0.003735,0.002476,0.004297,0.001333,0.044785,-0.013627,0.021072,0.010891,0.002806,0.017604,-0.012747,0.021390,-0.008030,-0.009939,0.034035,-0.010726,-0.023938,-0.017563,0.039549,-0.049163,-0.027792,0.028767,-0.060888,-0.022951,0.033764
0.046473,0.001156,0.016735,0.010246,0.011251,0.006564,-0.025621,0.003687,-0.004659,-0.000493,0.004215,-0.000099,0.021922,0.010027,0.006212,-0.018667,0.003047,0.002280,0.002576,0.003474,-0.000107,0.044806,-0.012061,0.018507,0.015521,0.006082,0.015909,-0.004019,0.023111,-0.014261,-0.001916,0.031846,-0.005754,-0.022751,-0.016581,0.036614,-0.045827,-0.026164,0.028832,-0.059945,-0.031715,0.039864
0.045975,-0.000058,0.016675,0.010395,0.011082,0.004942,-0.025424,0.004466,-0.005592,0.000618,0.002676,-0.000856,0.021413,0.009970,0.004380,-0.018243,0.003683,0.000887,0.002267,0.002745,-0.001464,0.044733,-0.009819,0.015469,0.020198,0.008502,0.013609,0.003962,0.023988,-0.018610,0.003321,0.022215,-0.008161,-0.021825,-0.014097,0.033291,-0.043086,-0.023285,0.029608,-0.052924,-0.036783,0.047904
0.045629,-0.000120,0.015013,0.010685,0.010780,0.003536,-0.024540,0.004877,-0.006391,0.001315,0.001793,-0.001683,0.021010,0.009682,0.003063,-0.018340,0.004205,0.000100,0.001988,0.003203,-0.002232,0.044745,-0.007004,0.012372,0.024670,0.009840,0.011041,0.010694,0.023991,-0.021029,0.007047,0.013195,-0.013788,-0.020664,-0.009993,0.029920,-0.040053,-0.018820,0.030999,-0.040214,-0.033728,0.056776
0.045590,0.000244,0.012151,0.011472,0.009953,0.002257,-0.023323,0.005087,-0.006854,0.001290,0.001991,-0.002374,0.020800,0.008766,0.002170,-0.018940,0.004743,0.000185,0.001554,0.004116,-0.002153,0.045028,-0.004095,0.009685,0.028984,0.009873,0.008676,0.016574,0.022732,-0.021278,0.011434,0.009684,-0.017249,-0.018445,-0.004355,0.026814,-0.035665,-0.012668,0.032511,-0.025039,-0.022769,0.063845
0.045822,0.000350,0.008875,0.012749,0.008515,0.001040,-0.022085,0.005246,-0.006929,0.000717,0.002963,-0.002785,0.020794,0.007192,0.001481,-0.019902,0.005296,0.000933,0.000639,0.003977,-0.001435,0.045530,-0.001919,0.007755,0.033220,0.008369,0.006940,0.022172,0.019765,-0.019349,0.017972,0.010928,-0.016672,-0.014529,0.002571,0.024155,-0.029619,-0.005169,0.033699,-0.010860,-0.007454,0.066138
0.045907,0.000374,0.006114,0.014088,0.007125,0.000135,-0.021011,0.005279,-0.006854,0.000016,0.004400,-0.003042,0.021050,0.005596,0.001167,-0.020885,0.005649,0.001945,-0.000436,0.002476,-0.000479,0.045718,-0.001182,0.006808,0.036927,0.005301,0.006138,0.027596,0.014872,-0.015685,0.025768,0.013299,-0.014326,-0.008880,0.010554,0.022037,-0.022259,0.003295,0.034476,0.000091,0.008147,0.062276
0.045119,0.000839,0.004562,0.015043,0.006540,-0.000128,-0.020104,0.005076,-0.006850,-0.000460,0.005740,-0.003300,0.021651,0.004686,0.001541,-0.021335,0.005637,0.002936,-0.000914,0.000755,0.000455,0.044794,-0.001913,0.006857,0.039186,0.001130,0.006318,0.032403,0.008350,-0.010892,0.031850,0.014136,-0.013537,-0.002127,0.019344,0.020419,-0.014004,0.012561,0.034833,0.007338,0.021231,0.053713
0.042986,0.001665,0.004316,0.015576,0.006716,0.000250,-0.019245,0.004743,-0.006784,-0.000590,0.005913,-0.003418,0.022531,0.004540,0.002415,-0.020833,0.005333,0.003708,-0.000469,-0.000072,0.001215,0.042387,-0.003339,0.007503,0.039415,-0.003273,0.007053,0.035756,0.001232,-0.005467,0.033956,0.013251,-0.014907,0.004769,0.028266,0.018998,-0.005215,0.022238,0.034379,0.012154,0.030799,0.043762
0.039821,0.002229,0.004886,0.015927,0.006898,0.000968,-0.018324,0.004516,-0.006266,-0.000425,0.004130,-0.003030,0.023370,0.004697,0.003124,-0.019439,0.004919,0.004022,0.000512,0.000052,0.001593,0.039015,-0.004436,0.008055,0.037998,-0.007206,0.007601,0.036605,-0.005000,0.000191,0.032970,0.011616,-0.015363,0.011049,0.036115,0.017336,0.003591,0.031234,0.032619,0.016403,0.037519,0.034966
0.036509,0.002231,0.005541,0.016104,0.006507,0.001790,-0.017176,0.004440,-0.005058,-0.000074,0.000821,-0.001949,0.023719,0.004780,0.003220,-0.017576,0.004454,0.003721,0.001424,0.000567,0.001433,0.035667,-0.004694,0.008054,0.035981,-0.010649,0.007459,0.034197,-0.009278,0.005659,0.031934,0.009078,-0.011156,0.016574,0.041902,0.015215,0.011719,0.038268,0.029719,0.020785,0.042300,0.027658
0.033557,0.002137,0.005666,0.015694,0.005667,0.002681,-0.015396,0.004247,-0.003347,0.000327,-0.002365,-0.000471,0.023204,0.004794,0.002887,-0.015510,0.003860,0.002931,0.001945,0.001134,0.000858,0.032773,-0.004301,0.007560,0.034050,-0.014029,0.006701,0.028701,-0.011621,0.010483,0.032688,0.004046,-0.001433,0.021601,0.045741,0.012755,0.018455,0.042924,0.026676,0.024267,0.044463,0.020996
0.030349,0.002669,0.004984,0.014186,0.004896,0.003640,-0.012367,0.003621,-0.001554,0.000610,-0.003532,0.000829,0.021598,0.004935,0.002602,-0.012963,0.003078,0.001949,0.002109,0.001696,0.000192,0.029586,-0.003612,0.006884,0.031766,-0.017422,0.005715,0.021200,-0.012867,0.014336,0.034170,-0.004407,0.011519,0.025966,0.048648,0.010171,0.023124,0.045892,0.024626,0.025328,0.042455,0.014643
0.025553,0.003990,0.003761,0.011296,0.004534,0.004569,-0.007644,0.002554,0.000091,0.000668,-0.002023,0.001617,0.018755,0.005304,0.002582,-0.009219,0.002177,0.000954,0.002006,0.002039,-0.000323,0.024760,-0.002582,0.006189,0.027927,-0.020244,0.004744,0.013009,-0.013848,0.017096,0.034017,-0.015071,0.024452,0.028676,0.051513,0.007562,0.025138,0.048207,0.024058,0.023654,0.037037,0.009278
0.018390,0.005498,0.002826,0.006927,0.004605,0.005344,-0.001301,0.001412,0.001714,0.000587,0.000738,0.002059,0.014569,0.005869,0.002717,-0.003614,0.001315,-0.000046,0.001546,0.001799,-0.000614,0.017634,-0.000795,0.005427,0.021785,-0.021786,0.003760,0.005087,-0.014845,0.018667,0.030754,-0.025523,0.034699,0.028619,0.054527,0.004987,0.024330,0.050532,0.024635,0.020464,0.032616,0.005863
0.009407,0.006586,0.003062,0.000971,0.005176,0.005973,0.006190,0.000618,0.003520,0.000555,0.002429,0.002494,0.009111,0.006663,0.002978,0.003945,0.000634,-0.001008,0.000652,0.000925,-0.000624,0.008868,0.002134,0.004530,0.013779,-0.021793,0.002649,-0.002037,-0.015625,0.018809,0.023751,-0.033355,0.040826,0.025587,0.057442,0.002577,0.021296,0.053089,0.025475,0.017113,0.033862,0.004307
0.000061,0.007570,0.004581,-0.006628,0.006621,0.006654,0.014396,0.000294,0.005466,0.000599,0.002025,0.002970,0.002825,0.007980,0.003632,0.012741,0.000186,-0.001808,-0.000421,-0.000173,-0.000326,-0.000112,0.006255,0.003527,0.005117,-0.020442,0.001383,-0.008138,-0.015774,0.017461,0.012238,-0.036363,0.042969,0.020467,0.060082,0.000493,0.017131,0.055931,0.025484,0.013702,0.040858,0.002931
-0.008195,0.009724,0.006384,-0.015589,0.009402,0.007663,0.023136,0.000202,0.007254,0.000576,0.000272,0.003187,-0.003458,0.010283,0.004977,0.021328,-0.000057,-0.002441,-0.001131,-0.000917,0.000081,-0.008042,0.011233,0.002529,-0.003087,-0.017973,0.000065,-0.013194,-0.014998,0.015300,-0.003719,-0.032843,0.042374,0.014536,0.062522,-0.001143,0.012654,0.059046,0.023640,0.009398,0.048750,0.000056
-0.014387,0.014288,0.006929,-0.025106,0.013596,0.009116,0.032104,0.000040,0.008549,0.000490,-0.001744,0.002859,-0.008832,0.013816,0.006988,0.027900,-0.000117,-0.003063,-0.000916,-0.000766,0.000189,-0.014157,0.016504,0.001627,-0.010228,-0.014351,-0.001174,-0.017217,-0.013129,0.013643,-0.021006,-0.022201,0.040700,0.008692,0.064813,-0.002246,0.008049,0.062231,0.019354,0.003990,0.052860,-0.003724
-0.017969,0.021148,0.005228,-0.033839,0.018535,0.010717,0.040255,-0.000158,0.009177,0.000584,-0.003530,0.002043,-0.012702,0.018140,0.009157,0.030906,0.000120,-0.003772,0.000521,0.000554,-0.000303,-0.017956,0.021536,0.000717,-0.016039,-0.009147,-0.002366,-0.020034,-0.009893,0.013555,-0.033747,-0.005400,0.039824,0.003264,0.066591,-0.002864,0.003354,0.064974,0.012772,-0.001382,0.053078,-0.006070
-0.018689,0.028052,0.001584,-0.039989,0.022686,0.011580,0.045683,0.000183,0.009173,0.000927,-0.004840,0.001130,-0.014915,0.021933,0.010396,0.029717,0.001030,-0.004496,0.002741,0.002450,-0.001380,-0.018954,0.025998,-0.000590,-0.020166,-0.001907,-0.003833,-0.021309,-0.004914,0.015170,-0.037092,0.013811,0.040939,-0.001485,0.067138,-0.003341,-0.000904,0.066555,0.004707,-0.005082,0.052112,-0.006474
-0.016546,0.031381,-0.002752,-0.041705,0.024084,0.010417,0.046417,0.001868,0.008618,0.001234,-0.005409,0.000509,-0.015639,0.023361,0.009279,0.024828,0.003135,-0.005084,0.004492,0.003413,-0.002764,-0.016754,0.029626,-0.002702,-0.021991,0.007149,-0.005945,-0.020878,0.001928,0.017727,-0.030740,0.028006,0.042783,-0.004713,0.065831,-0.004220,-0.003624,0.066293,-0.003717,-0.006185,0.050897,-0.008092
-0.011809,0.028607,-0.006764,-0.037991,0.021476,0.006295,0.041650,0.005227,0.007417,0.001265,-0.005095,0.000189,-0.015164,0.021091,0.005022,0.017299,0.006670,-0.005288,0.004682,0.002480,-0.004005,-0.011388,0.031861,-0.005519,-0.021003,0.016741,-0.008602,-0.019018,0.010080,0.019943,-0.018609,0.029389,0.041560,-0.005142,0.062253,-0.005747,-0.003536,0.063613,-0.011367,-0.004814,0.047971,-0.014725
-0.005208,0.020507,-0.010455,-0.029490,0.015370,-0.000422,0.032395,0.009718,0.005442,0.001058,-0.003623,-0.000139,-0.013722,0.015331,-0.001573,0.008100,0.011220,-0.004747,0.003448,0.000538,-0.004603,-0.003797,0.031692,-0.008226,-0.017404,0.024917,-0.010983,-0.016289,0.018211,0.020500,-0.005882,0.016394,0.033565,-0.002164,0.055801,-0.007506,0.000192,0.057956,-0.017276,-0.001705,0.042519,-0.026600
0.001773,0.010830,-0.014387,-0.018344,0.007895,-0.007935,0.021078,0.014300,0.002953,0.000653,-0.000452,-0.000652,-0.011308,0.007936,-0.008391,-0.001936,0.015889,-0.003212,0.001808,-0.000631,-0.004237,0.003967,0.028139,-0.009814,-0.012290,0.030099,-0.012006,-0.013096,0.024686,0.018638,0.002833,-0.004357,0.018101,0.003118,0.045679,-0.008738,0.007272,0.048907,-0.020796,0.002495,0.035758,-0.039934
0.006977,0.003621,-0.018595,-0.007200,0.001560,-0.014054,0.010448,0.018148,0.000626,0.000042,0.004149,-0.001177,-0.007669,0.001359,-0.013358,-0.011759,0.019888,-0.000804,0.000394,-0.000442,-0.002930,0.009256,0.021227,-0.009841,-0.007229,0.032210,-0.011084,-0.009474,0.028632,0.014410,0.003292,-0.025147,-0.002508,0.008216,0.031705,-0.009057,0.015960,0.036644,-0.021742,0.007695,0.029286,-0.049617
0.008277,0.000759,-0.022060,0.001915,-0.002012,-0.017414,0.002479,0.020974,-0.000895,-0.000576,0.008263,-0.001382,-0.002550,-0.002644,-0.015574,-0.020038,0.022879,0.001951,-0.001081,0.000091,-0.001048,0.009872,0.012415,-0.008479,-0.003653,0.032924,-0.008257,-0.005297,0.030685,0.008410,-0.008480,-0.046314,-0.026732,0.010786,0.015052,-0.008611,0.023539,0.022187,-0.020457,0.013751,0.023110,-0.051575
0.004339,0.001621,-0.023255,0.008243,-0.002556,-0.017818,-0.002224,0.022827,-0.001345,-0.001014,0.009946,-0.001062,0.003920,-0.003526,-0.015439,-0.025553,0.024815,0.004227,-0.003082,0.000007,0.000748,0.004809,0.003866,-0.005840,-0.002525,0.034606,-0.003613,-0.000596,0.032488,0.001448,-0.035034,-0.077828,-0.058261,0.009856,-0.002057,-0.007523,0.027461,0.007118,-0.017764,0.019014,0.015519,-0.043996
-0.005104,0.004453,-0.021458,0.012223,-0.000871,-0.015987,-0.004139,0.023754,-0.000990,-0.001434,0.009641,-0.000430,0.010945,-0.001780,-0.014085,-0.027718,0.025617,0.005142,-0.005214,-0.000234,0.001618,-0.005788,-0.002810,-0.001570,-0.004403,0.038914,0.003103,0.004283,0.035446,-0.005591,-0.076185,-0.133071,-0.104932,0.005763,-0.017260,-0.005452,0.026387,-0.006818,-0.014707,0.020323,0.005006,-0.028220
-0.019440,0.007755,-0.017817,0.014882,0.001719,-0.013370,-0.003916,0.023689,-0.000646,-0.002042,0.009743,-0.000232,0.017182,0.001324,-0.012768,-0.026841,0.025211,0.004223,-0.006242,0.000607,0.000957,-0.021072,-0.007411,0.004845,-0.009695,0.046297,0.012234,0.008636,0.040075,-0.011879,-0.128255,-0.220666,-0.170698,-0.000781,-0.028764,-0.001771,0.020589,-0.017873,-0.012074,0.015514,-0.007652,-0.008893
-0.037243,0.010747,-0.014953,0.017139,0.003791,-0.011619,-0.001788,0.022672,-0.001110,-0.002640,0.011519,-0.001193,0.021447,0.004114,-0.012434,-0.023998,0.023808,0.001785,-0.005391,0.002769,-0.001131,-0.039701,-0.011740,0.013832,-0.018799,0.056059,0.024055,0.011445,0.045982,-0.016969,-0.183021,-0.335442,-0.247772,-0.009230,-0.035901,0.004286,0.011963,-0.024665,-0.010040,0.005969,-0.019235,0.007383
-0.056013,0.013318,-0.015157,0.019315,0.004328,-0.011488,0.002141,0.021062,-0.002224,-0.002726,0.013247,-0.003033,0.023505,0.005338,-0.013305,-0.020622,0.021982,-0.001145,-0.003426,0.004730,-0.003770,-0.059617,-0.019865,0.025975,-0.031902,0.066176,0.039006,0.011693,0.051782,-0.021431,-0.227324,-0.450106,-0.317341,-0.018650,-0.039753,0.013760,0.003950,-0.027045,-0.008425,-0.003417,-0.025162,0.014474
-0.072226,0.016037,-0.018752,0.020967,0.003402,-0.012123,0.007356,0.019348,-0.002848,-0.001854,0.011752,-0.004423,0.024236,0.005052,-0.014598,-0.018042,0.020334,-0.003373,-0.001967,0.004460,-0.005824,-0.077945,-0.036809,0.041976,-0.048546,0.073310,0.057575,0.008945,0.055096,-0.027414,-0.247190,-0.519935,-0.359485,-0.026760,-0.043098,0.027629,0.001029,-0.026667,-0.007523,-0.006631,-0.021267,0.009054
-0.082553,0.019997,-0.024084,0.021205,0.002395,-0.011781,0.013007,0.017728,-0.002088,0.000000,0.005484,-0.004302,0.025029,0.004636,-0.014852,-0.017004,0.019059,-0.004197,-0.001847,0.001370,-0.006610,-0.091779,-0.065149,0.061763,-0.067370,0.073994,0.079333,0.003754,0.053382,-0.038049,-0.237178,-0.510775,-0.365733,-0.030225,-0.049239,0.045687,0.007145,-0.026440,-0.008702,0.000341,-0.008309,-0.007977
-0.085783,0.026076,-0.028962,0.019440,0.003136,-0.009393,0.018516,0.015971,-0.000350,0.002181,-0.003979,-0.003100,0.026904,0.005672,-0.012924,-0.017301,0.017875,-0.003717,-0.002569,-0.003204,-0.006205,-0.099641,-0.101873,0.083352,-0.086334,0.066448,0.101873,-0.002524,0.045176,-0.055497,-0.207315,-0.431784,-0.345692,-0.026789,-0.060597,0.065507,0.023309,-0.029414,-0.013989,0.017286,0.003671,-0.031613
-0.083598,0.034016,-0.032150,0.015883,0.006413,-0.005419,0.023817,0.013786,0.001089,0.003706,-0.013038,-0.002279,0.029808,0.008587,-0.008815,-0.017923,0.016391,-0.002509,-0.003230,-0.007423,-0.005094,-0.102207,-0.138711,0.102643,-0.103293,0.051383,0.120768,-0.008288,0.030594,-0.079200,-0.178007,-0.335505,-0.321982,-0.017518,-0.078220,0.082680,0.045843,-0.038171,-0.024621,0.039413,-0.000266,-0.054940
-0.079121,0.042126,-0.033747,0.011340,0.011141,-0.001279,0.028901,0.011248,0.001519,0.004115,-0.018385,-0.002648,0.032423,0.012256,-0.003695,-0.017742,0.014515,-0.001095,-0.003499,-0.010384,-0.003668,-0.101308,-0.165955,0.114745,-0.116349,0.031473,0.131045,-0.012075,0.011069,-0.105647,-0.164645,-0.277510,-0.315046,-0.006724,-0.101878,0.092544,0.066866,-0.054712,-0.039529,0.058540,-0.027751,-0.072600
-0.074466,0.047844,-0.034449,0.006699,0.014927,0.001749,0.033275,0.008841,0.001506,0.003798,-0.018667,-0.003491,0.032749,0.014826,0.000692,-0.016151,0.012537,0.000180,-0.003594,-0.011948,-0.002180,-0.098064,-0.176602,0.116150,-0.123787,0.010528,0.129418,-0.012575,-0.010813,-0.129498,-0.165646,-0.273011,-0.327747,0.000792,-0.129847,0.092307,0.077402,-0.079866,-0.055073,0.065492,-0.072615,-0.082782
-0.069637,0.048816,-0.034614,0.002607,0.015640,0.002940,0.036115,0.007123,0.002033,0.003459,-0.014821,-0.003549,0.029204,0.014918,0.002784,-0.013046,0.010890,0.000952,-0.003567,-0.011749,-0.000977,-0.092097,-0.168284,0.106214,-0.124027,-0.007138,0.115730,-0.008579,-0.031382,-0.145328,-0.164848,-0.290366,-0.342073,0.002802,-0.158656,0.082020,0.071757,-0.112180,-0.066495,0.054357,-0.121138,-0.085524
-0.063539,0.043930,-0.033947,-0.000609,0.012725,0.001910,0.036973,0.006420,0.003225,0.003489,-0.009303,-0.002536,0.021492,0.012234,0.001879,-0.008378,0.009901,0.000936,-0.002949,-0.009211,-0.000385,-0.082571,-0.143106,0.087108,-0.115915,-0.017703,0.092864,0.000664,-0.046597,-0.149345,-0.145270,-0.283100,-0.332413,0.000325,-0.183725,0.064062,0.050692,-0.147293,-0.069771,0.026763,-0.162643,-0.079395
-0.055725,0.033862,-0.031873,-0.003021,0.007314,-0.001340,0.036221,0.006708,0.004322,0.003752,-0.004584,-0.001283,0.010721,0.007452,-0.001519,-0.002032,0.009648,0.000251,-0.001336,-0.004607,-0.000331,-0.069786,-0.106536,0.062845,-0.099191,-0.019258,0.065661,0.014700,-0.053360,-0.140322,-0.101685,-0.228551,-0.285417,-0.004346,-0.200887,0.042162,0.021277,-0.178693,-0.062092,-0.008289,-0.193178,-0.060977
-0.047164,0.020933,-0.028132,-0.005071,0.001313,-0.006032,0.034883,0.007632,0.004709,0.003799,-0.001750,-0.000662,-0.001131,0.001868,-0.006012,0.005778,0.009915,-0.000687,0.000834,0.000488,-0.000422,-0.055726,-0.065934,0.038125,-0.074932,-0.012540,0.039560,0.031513,-0.050573,-0.119614,-0.042424,-0.140212,-0.208986,-0.010076,-0.207720,0.020626,-0.006698,-0.199748,-0.041171,-0.039456,-0.210854,-0.027435
-0.039737,0.008300,-0.023218,-0.007311,-0.003614,-0.010738,0.034214,0.008606,0.004476,0.003358,-0.000348,-0.000853,-0.012062,-0.003029,-0.010148,0.014252,0.010227,-0.001710,0.002485,0.004220,-0.000502,-0.043303,-0.028737,0.017057,-0.045779,-0.000077,0.019094,0.048435,-0.039356,-0.090635,0.018736,-0.048182,-0.123190,-0.017569,-0.203747,0.003341,-0.025533,-0.205894,-0.005204,-0.058201,-0.210851,0.021767
-0.035244,-0.001340,-0.018330,-0.010078,-0.006689,-0.014160,0.035275,0.009044,0.004159,0.002640,0.000469,-0.001476,-0.020860,-0.006191,-0.013103,0.022470,0.010091,-0.002998,0.002992,0.005937,-0.000793,-0.035065,-0.000461,0.002041,-0.015441,0.015665,0.006662,0.063904,-0.022338,-0.057857,0.071922,0.028184,-0.044700,-0.028168,-0.189618,-0.007388,-0.032647,-0.195708,0.045765,-0.061121,-0.188196,0.085389
-0.034537,-0.006894,-0.014629,-0.013423,-0.008118,-0.015745,0.038449,0.008666,0.004329,0.002142,0.000855,-0.001943,-0.027479,-0.007522,-0.014695,0.030113,0.009298,-0.004571,0.002770,0.006420,-0.001367,-0.032148,0.016554,-0.006509,0.012635,0.033593,0.002344,0.078382,-0.002335,-0.025523,0.114412,0.089222,0.019769,-0.042249,-0.166302,-0.011291,-0.030328,-0.170626,0.108506,-0.050136,-0.145726,0.160545
-0.037042,-0.009078,-0.012187,-0.017272,-0.008531,-0.015627,0.043048,0.007615,0.005286,0.002239,0.000392,-0.001766,-0.032595,-0.007636,-0.014989,0.037483,0.007978,-0.006006,0.002649,0.006618,-0.001836,-0.033833,0.022768,-0.009461,0.036524,0.053931,0.004797,0.093431,0.018977,0.003226,0.147427,0.142896,0.069456,-0.058545,-0.135098,-0.009475,-0.023362,-0.134184,0.176833,-0.031128,-0.096094,0.241154
-0.040926,-0.009454,-0.009807,-0.021483,-0.008226,-0.014172,0.047570,0.006233,0.006875,0.002960,-0.001085,-0.000834,-0.036665,-0.007064,-0.014013,0.044688,0.006360,-0.006822,0.002966,0.006552,-0.001754,-0.037967,0.019892,-0.007944,0.056088,0.077277,0.012427,0.109851,0.041610,0.026578,0.171135,0.188981,0.104037,-0.074488,-0.098125,-0.003383,-0.016643,-0.091384,0.243373,-0.011367,-0.053595,0.317127
-0.044018,-0.009108,-0.006252,-0.025699,-0.007041,-0.011659,0.050611,0.004715,0.008570,0.004028,-0.003214,0.000524,-0.039354,-0.005860,-0.011817,0.050950,0.004547,-0.006925,0.003475,0.005738,-0.001115,-0.042101,0.009750,-0.002872,0.072291,0.103539,0.023947,0.126510,0.066601,0.044075,0.182566,0.216013,0.122013,-0.087082,-0.058315,0.005686,-0.013627,-0.047755,0.301484,0.003025,-0.024582,0.376984
-0.044867,-0.008101,-0.001621,-0.029214,-0.004806,-0.008412,0.051553,0.002976,0.009661,0.005144,-0.005438,0.001650,-0.039818,-0.003886,-0.008707,0.054844,0.002511,-0.006675,0.003867,0.004302,-0.000409,-0.044569,-0.005542,0.004792,0.086250,0.131174,0.038033,0.140429,0.094547,0.056602,0.178350,0.213515,0.121966,-0.093867,-0.018810,0.016328,-0.015443,-0.007986,0.346165,0.008851,-0.005769,0.412919
-0.043221,-0.006025,0.002849,-0.031068,-0.001672,-0.004969,0.050332,0.000836,0.009437,0.006211,-0.007096,0.001822,-0.037390,-0.001203,-0.005269,0.055248,0.000204,-0.006594,0.004003,0.003113,-0.000248,-0.044851,-0.022912,0.013617,0.098583,0.157279,0.052799,0.148074,0.124437,0.066192,0.159437,0.185489,0.104636,-0.093765,0.017618,0.026762,-0.020906,0.025094,0.373995,0.006515,0.009804,0.423876
-0.039761,-0.002910,0.006358,-0.030343,0.001883,-0.001716,0.046771,-0.001695,0.007692,0.007105,-0.007302,0.000839,-0.031930,0.001846,-0.001950,0.052135,-0.002337,-0.006864,0.003792,0.002914,-0.000781,-0.043240,-0.038564,0.021947,0.109288,0.178983,0.066090,0.147519,0.153705,0.075906,0.132617,0.149520,0.075192,-0.087367,0.048953,0.035246,-0.027889,0.050519,0.382861,-0.001116,0.025835,0.413947
-0.035389,0.000473,0.009502,-0.026577,0.005204,0.001595,0.040371,-0.004338,0.005189,0.007436,-0.005599,-0.000516,-0.023757,0.004771,0.001339,0.046465,-0.004978,-0.007001,0.003219,0.003612,-0.001415,-0.040237,-0.049234,0.028563,0.118093,0.195049,0.076332,0.139985,0.179266,0.089610,0.107122,0.123960,0.044366,-0.076307,0.074149,0.040774,-0.035204,0.068358,0.371765,-0.011092,0.040801,0.388695
-0.030521,0.003034,0.013509,-0.020070,0.007681,0.005496,0.030782,-0.006708,0.003154,0.006903,-0.003024,-0.001002,-0.013540,0.007089,0.004945,0.039347,-0.007538,-0.006258,0.002496,0.004445,-0.001326,-0.035998,-0.053272,0.032864,0.125050,0.205916,0.082817,0.129073,0.198635,0.110892,0.089613,0.118076,0.026145,-0.062077,0.093049,0.043096,-0.043202,0.078819,0.340814,-0.021899,0.051157,0.352716
-0.025049,0.003975,0.018806,-0.011724,0.008977,0.009904,0.018390,-0.008524,0.002138,0.005752,-0.001601,-0.000080,-0.002261,0.008458,0.008774,0.031391,-0.009814,-0.004404,0.001880,0.004679,-0.000277,-0.030356,-0.050727,0.034536,0.131001,0.212295,0.085360,0.118411,0.210506,0.141213,0.081396,0.130343,0.031947,-0.045377,0.106027,0.042195,-0.052631,0.082078,0.291757,-0.033209,0.054864,0.307832
-0.019067,0.003180,0.024592,-0.002477,0.009104,0.013948,0.004504,-0.009697,0.001667,0.004456,-0.002033,0.001636,0.009033,0.008781,0.012130,0.022841,-0.011608,-0.001980,0.001274,0.004030,0.001219,-0.023532,-0.042905,0.033494,0.137294,0.214078,0.084208,0.110078,0.214658,0.178666,0.079523,0.150757,0.065269,-0.026552,0.113638,0.038115,-0.063080,0.078852,0.228798,-0.044526,0.052092,0.251949
-0.013480,0.001363,0.029486,0.007072,0.008371,0.016793,-0.009017,-0.010340,0.000984,0.003148,-0.002632,0.003081,0.019620,0.008301,0.014330,0.014046,-0.012834,0.000193,0.000307,0.002514,0.002426,-0.016729,-0.032105,0.030238,0.144517,0.210382,0.080257,0.104735,0.211140,0.218277,0.080891,0.167022,0.120959,-0.006338,0.116335,0.031336,-0.072303,0.070873,0.158238,-0.053747,0.044903,0.181864
-0.009568,-0.000123,0.032314,0.016408,0.007253,0.018408,-0.020427,-0.010766,-0.000151,0.001679,-0.001477,0.003675,0.029172,0.007499,0.015378,0.005540,-0.013660,0.001654,-0.001055,0.000335,0.002968,-0.011653,-0.021479,0.025968,0.151376,0.200042,0.074926,0.102490,0.199316,0.253434,0.085588,0.173118,0.188325,0.014121,0.114293,0.023006,-0.076629,0.060610,0.086685,-0.057243,0.037239,0.099190
-0.007844,-0.000072,0.032470,0.024759,0.006129,0.019394,-0.028735,-0.011376,-0.001416,0.000059,0.000952,0.003570,0.037365,0.006745,0.015898,-0.002256,-0.014449,0.002512,-0.002202,-0.001719,0.002974,-0.009240,-0.014326,0.022104,0.155194,0.181969,0.069490,0.103234,0.177952,0.277389,0.096012,0.172126,0.254503,0.033881,0.107484,0.014616,-0.072111,0.050476,0.019422,-0.052170,0.033107,0.012554
-0.007435,0.001599,0.030128,0.031350,0.005061,0.020168,-0.034123,-0.012374,-0.002486,-0.001507,0.002584,0.003162,0.043607,0.006007,0.016435,-0.009247,-0.015445,0.003153,-0.002422,-0.002242,0.002814,-0.008820,-0.012797,0.019592,0.153672,0.155592,0.064476,0.106163,0.146706,0.284419,0.113415,0.170832,0.307285,0.052504,0.096046,0.007426,-0.056063,0.042155,-0.040016,-0.038558,0.033150,-0.066839
-0.006592,0.003634,0.026365,0.036038,0.003875,0.020513,-0.037898,-0.013534,-0.003474,-0.002890,0.002791,0.002595,0.047401,0.004983,0.016926,-0.015562,-0.016510,0.003811,-0.001705,-0.000456,0.002728,-0.008530,-0.016965,0.018679,0.146112,0.121556,0.059703,0.109421,0.107569,0.270950,0.136370,0.174165,0.338445,0.069785,0.080699,0.002200,-0.028558,0.036304,-0.089500,-0.018590,0.033863,-0.131118
-0.003836,0.004369,0.022834,0.039404,0.002469,0.019973,-0.041741,-0.014340,-0.004745,-0.004073,0.002941,0.001796,0.048972,0.003493,0.016952,-0.021342,-0.017220,0.004482,-0.000823,0.002466,0.002733,-0.006571,-0.025116,0.019275,0.133188,0.082099,0.054903,0.110987,0.064480,0.236724,0.161823,0.184042,0.345561,0.085534,0.062984,-0.000673,0.007015,0.032625,-0.127966,0.005749,0.031352,-0.177499
0.001230,0.003045,0.020867,0.042144,0.001016,0.018522,-0.046679,-0.014418,-0.006451,-0.004956,0.003757,0.000810,0.049331,0.001725,0.016341,-0.026683,-0.017245,0.005123,-0.000551,0.004225,0.002772,-0.002262,-0.034965,0.021274,0.116091,0.040456,0.050132,0.110094,0.021344,0.185268,0.185723,0.197942,0.329430,0.099749,0.045006,-0.001133,0.045031,0.030129,-0.155359,0.033736,0.025490,-0.206071
0.007916,0.000345,0.020657,0.044576,-0.000129,0.016688,-0.052617,-0.013819,-0.008387,-0.005372,0.003938,-0.000141,0.049667,0.000127,0.015382,-0.031729,-0.016614,0.005733,-0.000898,0.003784,0.002792,0.003816,-0.044679,0.024384,0.096036,-0.000497,0.045511,0.107233,-0.019578,0.123136,0.202597,0.206075,0.289480,0.112729,0.028547,0.000308,0.080034,0.027502,-0.172676,0.064840,0.019347,-0.217859
0.015024,-0.002220,0.021250,0.046759,-0.000740,0.015172,-0.058727,-0.012921,-0.010161,-0.005331,0.002295,-0.000809,0.050710,-0.000917,0.014547,-0.036706,-0.015639,0.006329,-0.001226,0.002142,0.002755,0.010438,-0.053089,0.027917,0.074268,-0.039238,0.040830,0.102645,-0.057657,0.058547,0.206635,0.194233,0.224118,0.124725,0.014143,0.002570,0.108835,0.023454,-0.181601,0.096781,0.014624,-0.215927
0.021580,-0.003391,0.021343,0.048819,-0.000927,0.014462,-0.064165,-0.012147,-0.011398,-0.005166,0.000147,-0.001034,0.052610,-0.001337,0.014166,-0.041827,-0.014655,0.006976,-0.001141,0.000437,0.002703,0.016588,-0.059336,0.031042,0.052157,-0.075364,0.035655,0.095342,-0.092769,-0.000019,0.194913,0.153514,0.137562,0.135498,0.001041,0.004555,0.130665,0.016978,-0.183768,0.124839,0.008999,-0.206728
0.027322,-0.002865,0.020204,0.050871,-0.000969,0.014595,-0.068484,-0.011712,-0.011962,-0.005332,0.000345,-0.000855,0.055121,-0.001325,0.014240,-0.047127,-0.013802,0.007702,-0.001122,-0.001633,0.002713,0.022059,-0.062478,0.033112,0.031159,-0.108424,0.029616,0.083886,-0.124186,-0.045654,0.169425,0.086691,0.045260,0.144300,-0.011836,0.005638,0.145651,0.007517,-0.180407,0.144001,-0.001010,-0.197072
0.032680,-0.001342,0.018017,0.052675,-0.001035,0.015090,-0.071590,-0.011500,-0.012074,-0.005993,0.003960,-0.000542,0.057641,-0.001114,0.014395,-0.052334,-0.012980,0.008348,-0.002062,-0.004886,0.002730,0.027421,-0.061485,0.033594,0.012661,-0.136993,0.022401,0.067892,-0.150268,-0.074686,0.135669,0.005700,-0.030015,0.150252,-0.024882,0.005538,0.153602,-0.004855,-0.172720,0.152252,-0.015185,-0.188744
0.038117,-0.000134,0.015561,0.053654,-0.001234,0.015170,-0.073450,-0.011117,-0.012049,-0.006792,0.008879,-0.000341,0.059166,-0.000971,0.014048,-0.056759,-0.011943,0.008651,-0.004133,-0.008833,0.002599,0.033302,-0.055652,0.031942,-0.002338,-0.158853,0.013736,0.048571,-0.169115,-0.086634,0.099599,-0.073608,-0.069694,0.152678,-0.037603,0.003974,0.154347,-0.019257,-0.162228,0.151499,-0.028637,-0.177862
0.043382,-0.000559,0.013552,0.053395,-0.001855,0.014132,-0.073892,-0.010152,-0.011984,-0.007140,0.012136,-0.000260,0.058539,-0.001306,0.012694,-0.059346,-0.010473,0.008509,-0.006303,-0.011518,0.002279,0.039537,-0.045148,0.027843,-0.013691,-0.172103,0.003627,0.027869,-0.179687,-0.082687,0.065740,-0.135394,-0.069351,0.151150,-0.049183,0.000704,0.148638,-0.034146,-0.150524,0.145390,-0.035643,-0.160405
0.047470,-0.003273,0.012171,0.052001,-0.003246,0.011597,-0.072635,-0.008483,-0.011884,-0.006721,0.012861,-0.000296,0.055062,-0.002552,0.010143,-0.059077,-0.008566,0.008011,-0.007184,-0.011195,0.001876,0.045062,-0.031273,0.021579,-0.022246,-0.176274,-0.007375,0.007362,-0.182463,-0.064847,0.036895,-0.169561,-0.038881,0.145424,-0.059138,-0.004120,0.138271,-0.047896,-0.138742,0.136549,-0.034260,-0.137460
0.049467,-0.007741,0.011053,0.049737,-0.005337,0.007708,-0.069408,-0.006395,-0.011866,-0.005588,0.012043,-0.000629,0.049027,-0.004719,0.006684,-0.055648,-0.006489,0.007277,-0.006338,-0.008072,0.001491,0.048729,-0.016206,0.014068,-0.029191,-0.172451,-0.018208,-0.011943,-0.179000,-0.036410,0.014566,-0.176894,0.007119,0.135496,-0.067534,-0.009739,0.125443,-0.059370,-0.127225,0.125352,-0.027983,-0.114838
0.049408,-0.012115,0.009579,0.046445,-0.007378,0.003393,-0.063971,-0.004444,-0.011889,-0.003934,0.010125,-0.001301,0.041724,-0.007086,0.003189,-0.049879,-0.004676,0.006417,-0.004555,-0.004207,0.001176,0.050210,-0.002448,0.006597,-0.035134,-0.162427,-0.027538,-0.029153,-0.170787,-0.002300,-0.000342,-0.165093,0.059608,0.121821,-0.074656,-0.014901,0.112005,-0.068064,-0.115720,0.110751,-0.023361,-0.098133
0.048274,-0.013895,0.007187,0.041659,-0.008315,0.000261,-0.056227,-0.003182,-0.011438,-0.002065,0.006488,-0.001865,0.034842,-0.008438,0.000889,-0.043370,-0.003530,0.005591,-0.002896,-0.001517,0.000974,0.050097,0.007792,0.000499,-0.039930,-0.147783,-0.034032,-0.043350,-0.158541,0.031900,-0.007160,-0.138304,0.116203,0.105495,-0.080477,-0.018217,0.098878,-0.073893,-0.104051,0.092503,-0.025234,-0.088294
0.047310,-0.011430,0.003761,0.035394,-0.007453,-0.000333,-0.046634,-0.002869,-0.009936,-0.000470,0.001390,-0.001755,0.029685,-0.007808,0.000664,-0.037603,-0.003193,0.004950,-0.001715,-0.000157,0.000907,0.049382,0.013163,-0.003184,-0.043269,-0.129765,-0.036771,-0.054008,-0.142553,0.061487,-0.006576,-0.095459,0.173629,0.088179,-0.084472,-0.018639,0.085960,-0.076999,-0.092731,0.072780,-0.033544,-0.081773
0.047529,-0.005293,0.000040,0.028589,-0.004815,0.001600,-0.036625,-0.003288,-0.007599,0.000454,-0.002986,-0.001010,0.026710,-0.005124,0.002381,-0.033237,-0.003414,0.004500,-0.000700,0.000967,0.000897,0.049129,0.013659,-0.004094,-0.045035,-0.109784,-0.035741,-0.061318,-0.123471,0.083458,-0.002296,-0.040237,0.222103,0.071756,-0.086024,-0.015926,0.072763,-0.077732,-0.082938,0.055270,-0.044558,-0.074773
0.049818,0.001866,-0.002444,0.022576,-0.000975,0.004683,-0.028314,-0.003836,-0.005485,0.000740,-0.004207,-0.000317,0.025612,-0.001170,0.005003,-0.030097,-0.003670,0.004100,0.000407,0.002475,0.000797,0.050572,0.010778,-0.002775,-0.045004,-0.089618,-0.032056,-0.066197,-0.102354,0.096338,0.000372,0.015728,0.249858,0.057945,-0.084986,-0.010799,0.059164,-0.076751,-0.075935,0.042592,-0.054483,-0.067053
0.055156,0.007080,-0.002244,0.018142,0.003282,0.007379,-0.023379,-0.003900,-0.004495,0.000721,-0.002053,-0.000218,0.025752,0.003003,0.007389,-0.027746,-0.003512,0.003632,0.001381,0.003585,0.000525,0.055153,0.007057,-0.000522,-0.042517,-0.071017,-0.027646,-0.070189,-0.080006,0.099602,-0.000096,0.065606,0.253580,0.047960,-0.081882,-0.004691,0.045553,-0.075038,-0.072427,0.034721,-0.061318,-0.061761
0.064368,0.008904,0.000836,0.015122,0.007196,0.009057,-0.022029,-0.003227,-0.004519,0.000656,0.001064,-0.000505,0.026467,0.006597,0.008976,-0.026054,-0.002815,0.003164,0.001710,0.002733,0.000164,0.064028,0.005002,0.001087,-0.036853,-0.055284,-0.024592,-0.075227,-0.056660,0.093194,0.002388,0.118629,0.242910,0.042195,-0.077616,0.000779,0.032465,-0.073634,-0.072060,0.029513,-0.064684,-0.062444
0.077422,0.007881,0.005335,0.012736,0.010173,0.009903,-0.022921,-0.001996,-0.004729,0.000635,0.002240,-0.000559,0.027051,0.009175,0.009811,-0.025182,-0.001747,0.002922,0.001178,-0.000695,-0.000067,0.077236,0.005975,0.000732,-0.028137,-0.043263,-0.024490,-0.083054,-0.032610,0.077258,0.017383,0.192066,0.233105,0.039904,-0.072849,0.004335,0.020184,-0.073041,-0.073144,0.024023,-0.066257,-0.070189
0.092849,0.005653,0.008994,0.010174,0.011965,0.010180,-0.024001,-0.000591,-0.004507,0.000770,0.000692,-0.000104,0.026633,0.010609,0.010135,-0.024990,-0.000558,0.003052,0.000238,-0.004999,0.000007,0.093160,0.009830,-0.002242,-0.017949,-0.035531,-0.028026,-0.094472,-0.009043,0.052095,0.047528,0.292052,0.232370,0.039188,-0.067435,0.005407,0.008511,-0.072684,-0.072937,0.015343,-0.069898,-0.082026
0.107799,0.003707,0.010252,0.006951,0.012710,0.009899,-0.023486,0.000690,-0.003803,0.001234,-0.001786,0.000611,0.024349,0.011079,0.010040,-0.024565,0.000550,0.003352,-0.000232,-0.006975,0.000306,0.108732,0.015457,-0.007613,-0.009048,-0.032402,-0.034825,-0.109005,0.011970,0.018204,0.081588,0.402512,0.234508,0.037507,-0.060304,0.004240,-0.003319,-0.070942,-0.068700,0.001545,-0.077877,-0.090658
0.118748,0.002652,0.009147,0.002927,0.012763,0.009053,-0.020298,0.001734,-0.002777,0.002098,-0.002949,0.001235,0.019795,0.011043,0.009395,-0.022460,0.001441,0.003252,0.000445,-0.004584,0.000424,0.120278,0.021612,-0.014330,-0.004541,-0.033658,-0.043562,-0.125265,0.028317,-0.023466,0.098507,0.488371,0.221492,0.032419,-0.049911,0.001783,-0.016568,-0.065803,-0.058787,-0.016919,-0.085587,-0.086798
0.122497,0.002204,0.006902,-0.001788,0.012399,0.007702,-0.014015,0.002582,-0.001494,0.003226,-0.002487,0.001602,0.013293,0.010939,0.007939,-0.017493,0.002095,0.002160,0.002257,0.001155,-0.000132,0.124537,0.027302,-0.020979,-0.007062,-0.038361,-0.052486,-0.141656,0.038586,-0.070701,0.080554,0.510197,0.173998,0.022022,-0.034978,-0.000711,-0.032570,-0.055620,-0.042908,-0.036965,-0.082754,-0.064762
0.117095,0.001478,0.004706,-0.006763,0.011528,0.005660,-0.004840,0.003417,-0.000040,0.004382,-0.002116,0.001632,0.005680,0.010692,0.005334,-0.009453,0.002707,-0.000066,0.004399,0.006868,-0.001508,0.119579,0.031835,-0.026605,-0.018057,-0.045099,-0.060311,-0.156853,0.042075,-0.118996,0.026087,0.448227,0.085207,0.005141,-0.015177,-0.002399,-0.051828,-0.039569,-0.021870,-0.055089,-0.062327,-0.027605
0.102489,-0.000526,0.002754,-0.011123,0.009613,0.002371,0.006272,0.004576,0.001386,0.005364,-0.003453,0.001267,-0.002149,0.009563,0.001276,0.000732,0.003659,-0.002919,0.005678,0.009392,-0.003287,0.105414,0.034917,-0.031253,-0.037233,-0.052459,-0.066832,-0.169921,0.038603,-0.161884,-0.048032,0.321935,-0.030470,-0.018301,0.008535,-0.003360,-0.073115,-0.017782,0.002424,-0.070000,-0.027504,0.013790
0.080583,-0.004170,0.000123,-0.013767,0.005988,-0.002581,0.017796,0.006331,0.002640,0.006048,-0.006141,0.000618,-0.009564,0.006657,-0.004234,0.011325,0.005252,-0.005530,0.005457,0.008073,-0.004758,0.084006,0.036792,-0.035611,-0.062583,-0.059222,-0.072609,-0.180261,0.028851,-0.193638,-0.117184,0.181171,-0.142737,-0.046756,0.034209,-0.004353,-0.093516,0.008712,0.026902,-0.082545,0.011155,0.047907
0.054547,-0.008673,-0.004654,-0.013892,0.000372,-0.008921,0.028285,0.008551,0.003751,0.006394,-0.008286,-0.000049,-0.016199,0.001661,-0.010729,0.020380,0.007406,-0.007240,0.004329,0.004922,-0.005483,0.058533,0.038207,-0.040241,-0.090963,-0.064321,-0.078167,-0.187393,0.014755,-0.212319,-0.164457,0.070761,-0.222853,-0.077099,0.059658,-0.006154,-0.109718,0.038169,0.048014,-0.093565,0.044566,0.069317
0.027573,-0.012638,-0.012605,-0.011267,-0.006943,-0.015810,0.036953,0.010697,0.004784,0.006413,-0.008552,-0.000534,-0.021700,-0.004958,-0.017532,0.026422,0.009711,-0.007963,0.003489,0.002488,-0.005577,0.032165,0.040191,-0.045335,-0.118771,-0.066992,-0.083650,-0.190717,-0.001027,-0.219789,-0.187945,0.003649,-0.259069,-0.105730,0.083130,-0.009271,-0.119668,0.068389,0.063062,-0.102890,0.070396,0.078884
0.001714,-0.015199,-0.023386,-0.006095,-0.015297,-0.022359,0.043658,0.012276,0.005789,0.006082,-0.007410,-0.000769,-0.025527,-0.012354,-0.024086,0.029041,0.011758,-0.008012,0.003433,0.001648,-0.005415,0.006983,0.043850,-0.050942,-0.142708,-0.066986,-0.088988,-0.189597,-0.016270,-0.218751,-0.195495,-0.032987,-0.258385,-0.130048,0.103484,-0.014026,-0.123412,0.097075,0.071142,-0.109884,0.091631,0.079261
-0.022416,-0.016588,-0.035112,0.001234,-0.023918,-0.027951,0.048444,0.013253,0.006862,0.005317,-0.006204,-0.000672,-0.027076,-0.019719,-0.030011,0.029019,0.013382,-0.007690,0.003527,0.001443,-0.005164,-0.016286,0.050172,-0.057105,-0.160706,-0.064386,-0.094115,-0.183719,-0.029750,-0.210727,-0.194550,-0.052949,-0.236131,-0.149127,0.119912,-0.020605,-0.122468,0.122174,0.072916,-0.113596,0.111979,0.071863
-0.044817,-0.017657,-0.045335,0.010178,-0.032027,-0.032333,0.051173,0.013955,0.007995,0.004155,-0.005370,-0.000220,-0.026094,-0.026437,-0.035034,0.027731,0.014611,-0.007143,0.002861,0.000661,-0.004752,-0.037512,0.059745,-0.063908,-0.172354,-0.059224,-0.099149,-0.173076,-0.040959,-0.197354,-0.186952,-0.057545,-0.204192,-0.163074,0.131510,-0.029078,-0.118128,0.142064,0.069602,-0.112257,0.131742,0.057734
-0.064773,-0.019048,-0.052348,0.019839,-0.038844,-0.035558,0.051559,0.014640,0.008852,0.002910,-0.004094,0.000356,-0.023031,-0.032033,-0.038921,0.026189,0.015490,-0.006457,0.001332,-0.000682,-0.004137,-0.055942,0.072307,-0.071429,-0.178180,-0.051490,-0.104388,-0.157706,-0.049490,-0.182380,-0.170751,-0.043865,-0.167655,-0.171778,0.137122,-0.039369,-0.110192,0.155498,0.062259,-0.103593,0.146407,0.039625
-0.080086,-0.020745,-0.055655,0.028800,-0.043636,-0.037668,0.049426,0.015273,0.009023,0.002002,-0.001654,0.000744,-0.018950,-0.036089,-0.041339,0.024514,0.016006,-0.005609,-0.000112,-0.001213,-0.003346,-0.069523,0.086313,-0.079333,-0.178314,-0.041464,-0.109780,-0.138145,-0.054418,-0.170685,-0.144121,-0.017894,-0.129914,-0.174103,0.135683,-0.050835,-0.097421,0.161383,0.051896,-0.086373,0.149190,0.022064
-0.087579,-0.022262,-0.055586,0.035446,-0.045880,-0.038429,0.044895,0.015676,0.008500,0.001604,0.001448,0.000946,-0.014975,-0.038252,-0.041853,0.022140,0.016167,-0.004410,-0.000380,0.000420,-0.002336,-0.075392,0.098994,-0.086408,-0.171823,-0.029676,-0.114279,-0.116396,-0.053770,-0.165060,-0.106928,0.009375,-0.096603,-0.168111,0.126799,-0.061877,-0.079173,0.158687,0.039957,-0.062162,0.135874,0.009074
-0.084725,-0.023088,-0.052841,0.038656,-0.045441,-0.037546,0.038456,0.015756,0.007652,0.001563,0.003788,0.001221,-0.011702,-0.038320,-0.040289,0.018456,0.016064,-0.002765,0.000586,0.003888,-0.001105,-0.071385,0.107304,-0.090894,-0.157304,-0.016336,-0.116053,-0.095773,-0.044707,-0.164661,-0.060237,0.039274,-0.071745,-0.152111,0.111084,-0.070422,-0.056431,0.146724,0.028393,-0.035604,0.108047,0.001704
-0.071475,-0.022857,-0.048265,0.038177,-0.042493,-0.035059,0.031065,0.015503,0.006739,0.001613,0.004104,0.001619,-0.009097,-0.036258,-0.036994,0.013415,0.015797,-0.000971,0.001712,0.007101,0.000091,-0.057693,0.109471,-0.091602,-0.134151,-0.000977,-0.113643,-0.079047,-0.024905,-0.166796,-0.006047,0.090555,-0.052156,-0.125972,0.089895,-0.075226,-0.031331,0.125675,0.019121,-0.012006,0.072572,-0.002114
-0.051106,-0.021213,-0.042743,0.034445,-0.037335,-0.031395,0.024164,0.014881,0.005670,0.001549,0.002305,0.001761,-0.006913,-0.032194,-0.032598,0.007837,0.015356,0.000407,0.001980,0.008061,0.000833,-0.037603,0.106119,-0.088817,-0.103526,0.017006,-0.107035,-0.066763,0.005640,-0.169789,0.051751,0.180676,-0.030299,-0.092026,0.064573,-0.076810,-0.005925,0.096838,0.013234,0.006425,0.038032,-0.004807
-0.029371,-0.017890,-0.037145,0.028349,-0.030514,-0.027142,0.019367,0.013841,0.004332,0.001296,-0.000163,0.001232,-0.005161,-0.026577,-0.027692,0.003216,0.014631,0.000990,0.001472,0.006591,0.000905,-0.016647,0.099946,-0.084156,-0.068495,0.037467,-0.097709,-0.057595,0.043976,-0.173826,0.106316,0.302779,-0.004323,-0.054914,0.035821,-0.077149,0.018601,0.062395,0.010541,0.022048,0.010211,-0.005959
-0.012251,-0.013203,-0.032226,0.021159,-0.023151,-0.022863,0.017825,0.012476,0.003035,0.000955,-0.001440,0.000152,-0.004158,-0.020377,-0.022831,0.001110,0.013575,0.000828,0.001104,0.004087,0.000488,-0.000453,0.094109,-0.079454,-0.033285,0.059454,-0.087613,-0.049796,0.085290,-0.179188,0.148161,0.422467,0.016661,-0.020032,0.003960,-0.078303,0.041802,0.024966,0.009740,0.039081,-0.010589,-0.002238
-0.003498,-0.008288,-0.028439,0.014261,-0.016807,-0.019090,0.019701,0.011053,0.002416,0.000806,-0.001125,-0.000821,-0.004229,-0.014891,-0.018703,0.002395,0.012285,0.000187,0.001545,0.001986,-0.000079,0.007569,0.090557,-0.075585,-0.001891,0.082207,-0.077920,-0.041641,0.124838,-0.184189,0.167530,0.497329,0.018923,0.008701,-0.030251,-0.081110,0.063294,-0.012884,0.009018,0.059312,-0.028295,0.008747
-0.003244,-0.004497,-0.025865,0.008634,-0.012651,-0.016302,0.024105,0.009826,0.002764,0.001101,-0.000479,-0.001190,-0.005444,-0.011077,-0.015978,0.006784,0.010922,-0.000820,0.002625,0.000820,-0.000682,0.007451,0.089326,-0.072166,0.023415,0.105849,-0.068571,-0.030931,0.159348,-0.185352,0.158892,0.503427,-0.004579,0.030243,-0.065502,-0.084886,0.082179,-0.049513,0.006523,0.080484,-0.047129,0.024430
-0.008452,-0.002428,-0.024312,0.004533,-0.010738,-0.014700,0.029516,0.008837,0.003680,0.001779,-0.000597,-0.001096,-0.007505,-0.009025,-0.014836,0.012883,0.009595,-0.002201,0.003576,0.000350,-0.001416,0.002136,0.088883,-0.068252,0.042771,0.130693,-0.058880,-0.015398,0.187282,-0.179419,0.125913,0.449143,-0.048534,0.046046,-0.100847,-0.088212,0.097118,-0.085007,0.000601,0.098574,-0.069078,0.037720
-0.014887,-0.001620,-0.023399,0.001700,-0.010189,-0.013908,0.034407,0.007953,0.004595,0.002440,-0.001215,-0.000912,-0.009745,-0.008099,-0.014670,0.018814,0.008363,-0.003708,0.003623,0.000122,-0.002182,-0.004444,0.087079,-0.063284,0.057967,0.155868,-0.048482,0.005686,0.208160,-0.164972,0.082512,0.366926,-0.098204,0.058421,-0.136323,-0.090020,0.107097,-0.120787,-0.009764,0.111170,-0.094719,0.041814
-0.019329,-0.001150,-0.022646,-0.000169,-0.009987,-0.013128,0.037742,0.007031,0.005338,0.002647,-0.001442,-0.000712,-0.011355,-0.007516,-0.014467,0.023085,0.007257,-0.004806,0.002579,0.000070,-0.002603,-0.009370,0.082350,-0.057475,0.070841,0.178952,-0.037795,0.030566,0.221821,-0.142858,0.046320,0.290958,-0.136878,0.068939,-0.172177,-0.090095,0.112271,-0.157809,-0.024104,0.118336,-0.124702,0.034680
-0.020701,-0.000430,-0.021630,-0.001157,-0.009525,-0.011817,0.039135,0.006025,0.005922,0.002267,-0.000806,-0.000439,-0.011812,-0.006782,-0.013596,0.025198,0.006254,-0.005208,0.001146,0.000903,-0.002512,-0.011661,0.074551,-0.051451,0.082149,0.197088,-0.027670,0.055931,0.228270,-0.115920,0.028439,0.238895,-0.153345,0.077636,-0.207514,-0.088736,0.113998,-0.194833,-0.039739,0.120527,-0.158991,0.019741
-0.019856,0.000458,-0.020043,-0.001149,-0.008662,-0.010097,0.038686,0.005017,0.006177,0.001567,0.000578,-0.000234,-0.011065,-0.005767,-0.012181,0.025626,0.005285,-0.005183,0.000433,0.003395,-0.002221,-0.012031,0.064772,-0.045608,0.091497,0.208446,-0.018671,0.078551,0.227992,-0.087839,0.028880,0.209091,-0.146352,0.082947,-0.239788,-0.085989,0.113661,-0.228354,-0.052005,0.116572,-0.194692,0.003921
-0.018547,0.001035,-0.017669,0.000024,-0.007563,-0.008425,0.036714,0.004199,0.005941,0.001032,0.002128,-0.000229,-0.009201,-0.004612,-0.010735,0.025182,0.004372,-0.005143,0.000937,0.006848,-0.002135,-0.012009,0.054368,-0.039792,0.097892,0.212894,-0.010672,0.096172,0.222127,-0.061171,0.041001,0.190461,-0.123467,0.082305,-0.265469,-0.081236,0.111057,-0.254155,-0.055563,0.104702,-0.225146,-0.004566
-0.018076,0.001011,-0.014541,0.002405,-0.006501,-0.007031,0.033544,0.003776,0.005378,0.000989,0.002853,-0.000254,-0.006058,-0.003547,-0.009580,0.024156,0.003695,-0.005128,0.002057,0.008856,-0.002278,-0.012753,0.044159,-0.033502,0.100403,0.211655,-0.003105,0.107758,0.212143,-0.036214,0.057994,0.174180,-0.094548,0.073493,-0.281143,-0.073471,0.103894,-0.269135,-0.046246,0.085464,-0.242234,0.001342
-0.018160,0.000670,-0.011168,0.005766,-0.005618,-0.005778,0.029279,0.003804,0.004826,0.001326,0.001946,-0.000005,-0.001405,-0.002684,-0.008642,0.021914,0.003446,-0.004830,0.002742,0.007447,-0.002374,-0.013989,0.034296,-0.026317,0.098917,0.206280,0.004502,0.113644,0.199256,-0.012066,0.074538,0.158350,-0.065147,0.056290,-0.284450,-0.061937,0.089323,-0.272223,-0.022648,0.062411,-0.241698,0.024573
-0.016908,0.000609,-0.008308,0.009581,-0.004813,-0.004436,0.023687,0.004136,0.004376,0.001559,-0.000281,0.000564,0.004502,-0.001938,-0.007622,0.017440,0.003636,-0.003989,0.002508,0.003322,-0.002200,-0.013920,0.024517,-0.018150,0.094680,0.197531,0.012227,0.115312,0.184123,0.011195,0.085372,0.145308,-0.035459,0.033114,-0.274707,-0.046613,0.066364,-0.264142,0.013326,0.039227,-0.227140,0.062117
-0.012278,0.001074,-0.006330,0.013228,-0.003855,-0.003000,0.016474,0.004571,0.003760,0.001272,-0.002347,0.001156,0.010750,-0.001168,-0.006321,0.010443,0.004110,-0.002623,0.001734,-0.000751,-0.001752,-0.010565,0.014575,-0.009318,0.089873,0.185014,0.019755,0.114337,0.167031,0.031544,0.086134,0.137142,-0.004477,0.007856,-0.252974,-0.028370,0.036968,-0.246538,0.057430,0.016624,-0.207134,0.106651
-0.003966,0.001658,-0.004857,0.016266,-0.002607,-0.001734,0.007863,0.005001,0.002638,0.000470,-0.002706,0.001387,0.016264,-0.000333,-0.004816,0.001987,0.004707,-0.000996,0.001084,-0.002665,-0.001160,-0.003537,0.004717,-0.000520,0.086212,0.167900,0.026483,0.111264,0.148273,0.046171,0.076284,0.133314,0.025552,-0.016296,-0.221576,-0.008849,0.004825,-0.221203,0.105008,-0.007685,-0.187368,0.150988
0.006050,0.001728,-0.003143,0.018560,-0.001158,-0.000872,-0.001113,0.005422,0.001017,-0.000503,-0.000936,0.001143,0.020401,0.000487,-0.003361,-0.006030,0.005313,0.000560,0.000812,-0.002511,-0.000558,0.005381,-0.004131,0.007360,0.083719,0.146177,0.031700,0.105650,0.128277,0.053488,0.059560,0.130208,0.048516,-0.038247,-0.183444,0.010003,-0.026750,-0.189846,0.152373,-0.036224,-0.167046,0.191754
0.014755,0.001000,-0.000785,0.020193,0.000169,-0.000365,-0.009005,0.005841,-0.000601,-0.001334,0.001921,0.000734,0.023086,0.001129,-0.002144,-0.012030,0.005819,0.001863,0.000655,-0.001671,0.000049,0.013347,-0.010834,0.013663,0.080801,0.121331,0.034952,0.097247,0.107471,0.054110,0.040904,0.122592,0.058202,-0.058638,-0.141642,0.026629,-0.056048,-0.154325,0.196783,-0.068429,-0.143436,0.229189
0.019921,-0.000401,0.002001,0.021311,0.000946,0.000011,-0.014716,0.006247,-0.001536,-0.001930,0.004024,0.000675,0.024547,0.001375,-0.001229,-0.015425,0.006138,0.002933,0.000310,-0.001156,0.000756,0.018175,-0.015000,0.018311,0.075570,0.095812,0.036373,0.086897,0.086175,0.050227,0.023285,0.107120,0.052970,-0.078218,-0.099053,0.040329,-0.082722,-0.116885,0.235753,-0.099233,-0.117647,0.263900
0.021161,-0.002180,0.004692,0.022017,0.000948,0.000370,-0.017969,0.006624,-0.001492,-0.002312,0.004147,0.001215,0.025044,0.001148,-0.000687,-0.016443,0.006259,0.003753,-0.000167,-0.000978,0.001512,0.019315,-0.017659,0.021813,0.067286,0.071560,0.036694,0.076105,0.064587,0.044252,0.006995,0.085208,0.036424,-0.096269,-0.058083,0.051150,-0.106550,-0.080045,0.267090,-0.121612,-0.093825,0.294352
0.019796,-0.003868,0.006861,0.022280,0.000501,0.000654,-0.019149,0.006905,-0.000874,-0.002429,0.002755,0.002020,0.024859,0.000788,-0.000608,-0.015755,0.006218,0.004041,-0.000523,-0.000830,0.001933,0.017753,-0.021062,0.025057,0.056843,0.048870,0.037008,0.065960,0.042783,0.037875,-0.008885,0.062097,0.013428,-0.110244,-0.020534,0.059551,-0.126199,-0.046125,0.289654,-0.131864,-0.073753,0.317283
0.017953,-0.004697,0.008250,0.021895,0.000409,0.000861,-0.018817,0.006909,-0.000477,-0.002150,0.001507,0.002411,0.024399,0.000950,-0.000848,-0.014338,0.006018,0.003508,-0.000733,-0.000926,0.001600,0.015241,-0.027493,0.029059,0.046160,0.026867,0.038484,0.056809,0.020968,0.031973,-0.024487,0.043056,-0.013534,-0.116872,0.012223,0.066182,-0.139008,-0.016803,0.303564,-0.132387,-0.055075,0.329844
0.017405,-0.003879,0.008727,0.020639,0.001344,0.001274,-0.017412,0.006439,-0.000704,-0.001442,0.001605,0.002060,0.024129,0.002104,-0.000892,-0.013146,0.005591,0.002320,-0.000999,-0.001704,0.000576,0.013362,-0.037747,0.034525,0.037204,0.005260,0.041938,0.048819,0.000078,0.027092,-0.038402,0.030507,-0.043692,-0.113876,0.039002,0.071579,-0.142193,0.006946,0.309313,-0.128352,-0.035910,0.331281
0.018625,-0.001262,0.008434,0.018590,0.003258,0.002351,-0.015255,0.005492,-0.001122,-0.000529,0.002826,0.001417,0.024330,0.004109,-0.000153,-0.012422,0.004864,0.001121,-0.001381,-0.002900,-0.000507,0.012755,-0.050426,0.041266,0.031300,-0.014529,0.047301,0.042399,-0.017977,0.023852,-0.048909,0.024076,-0.075233,-0.101168,0.058769,0.075683,-0.134654,0.024574,0.306763,-0.121838,-0.019513,0.323029
0.020487,0.002340,0.007919,0.016252,0.005458,0.004269,-0.012566,0.004320,-0.000960,0.000194,0.004077,0.001231,0.024943,0.006331,0.001511,-0.011431,0.003865,0.000502,-0.001707,-0.003621,-0.000956,0.012756,-0.062610,0.048053,0.028712,-0.030160,0.053441,0.037899,-0.031174,0.022757,-0.055774,0.022768,-0.104480,-0.080932,0.070755,0.077629,-0.117737,0.035744,0.295036,-0.110399,-0.012062,0.307097
0.020907,0.005582,0.007906,0.014311,0.007229,0.006543,-0.009402,0.003241,-0.000044,0.000480,0.004539,0.001646,0.025616,0.008078,0.003636,-0.009095,0.002750,0.000569,-0.001686,-0.003261,-0.000553,0.011813,-0.071189,0.053123,0.028626,-0.040070,0.058575,0.035230,-0.038680,0.023599,-0.060265,0.027370,-0.126696,-0.056650,0.074614,0.076154,-0.094293,0.040459,0.273310,-0.091250,-0.015325,0.284115
0.018227,0.007369,0.008794,0.013268,0.008270,0.008227,-0.005750,0.002410,0.000951,0.000430,0.004205,0.002005,0.025858,0.008939,0.005466,-0.004887,0.001714,0.000974,-0.000886,-0.001637,0.000365,0.008655,-0.073921,0.054981,0.029821,-0.044250,0.061017,0.033970,-0.041114,0.025307,-0.062961,0.040937,-0.136607,-0.031477,0.070633,0.070281,-0.067069,0.039224,0.241786,-0.065159,-0.023167,0.253037
0.012432,0.007375,0.010381,0.013229,0.008590,0.008656,-0.001799,0.001776,0.001269,0.000367,0.003619,0.001634,0.025334,0.008887,0.006417,0.000763,0.000857,0.001228,0.001016,0.001274,0.001214,0.003353,-0.070225,0.053097,0.031595,-0.043856,0.059961,0.033606,-0.039697,0.026662,-0.061462,0.066179,-0.130094,-0.006907,0.059903,0.059954,-0.037969,0.032850,0.202165,-0.035549,-0.026794,0.212988
0.005221,0.006066,0.012044,0.013941,0.008249,0.008001,0.001956,0.001203,0.000899,0.000510,0.003303,0.000643,0.024216,0.008204,0.006342,0.006644,0.000155,0.000993,0.003547,0.004808,0.001542,-0.002656,-0.061733,0.048236,0.033992,-0.040497,0.055969,0.033493,-0.035412,0.027092,-0.050834,0.102079,-0.107660,0.017288,0.044223,0.046370,-0.008434,0.022126,0.157519,-0.005168,-0.022792,0.165410
-0.001080,0.004431,0.013138,0.014971,0.007371,0.007140,0.004919,0.000607,0.000540,0.000769,0.003461,-0.000182,0.023234,0.007342,0.005596,0.011267,-0.000485,0.000285,0.005393,0.007360,0.001289,-0.007554,-0.051759,0.042101,0.037143,-0.035439,0.050679,0.032951,-0.028723,0.026539,-0.027533,0.143676,-0.075551,0.041797,0.025648,0.031668,0.020103,0.007831,0.111683,0.025097,-0.015076,0.114362
-0.004787,0.003645,0.013278,0.015992,0.006318,0.007033,0.006673,-0.000004,0.000873,0.000823,0.004199,-0.000146,0.023254,0.006776,0.004914,0.013505,-0.001156,-0.000524,0.005529,0.007701,0.000774,-0.010168,-0.043497,0.036399,0.040573,-0.028909,0.045825,0.031712,-0.019642,0.024688,0.005774,0.184405,-0.042398,0.066338,0.005871,0.018040,0.046440,-0.008955,0.068431,0.054662,-0.010491,0.064758
-0.005423,0.004608,0.012415,0.016965,0.005653,0.008146,0.007068,-0.000599,0.001947,0.000467,0.005712,0.000790,0.024753,0.006873,0.005011,0.013050,-0.001914,-0.001005,0.004232,0.006441,0.000377,-0.010273,-0.038285,0.032017,0.043239,-0.020218,0.042286,0.030122,-0.008110,0.020839,0.038949,0.217322,-0.015514,0.089272,-0.014126,0.006884,0.070007,-0.026746,0.030650,0.081895,-0.014355,0.020476
-0.003492,0.007303,0.010823,0.018052,0.005761,0.010126,0.006164,-0.001158,0.003119,-0.000004,0.007693,0.002026,0.027516,0.007686,0.006014,0.010428,-0.002697,-0.001043,0.002740,0.005446,0.000195,-0.008259,-0.035165,0.028755,0.044259,-0.008804,0.039743,0.028673,0.005514,0.014875,0.058831,0.235072,-0.000301,0.108374,-0.033714,-0.001574,0.090577,-0.043881,-0.000134,0.104468,-0.028242,-0.015706
0.000082,0.010400,0.009085,0.019374,0.006449,0.011902,0.004132,-0.001597,0.003535,0.000115,0.008744,0.002804,0.030723,0.008754,0.007248,0.006604,-0.003270,-0.000848,0.001996,0.005690,0.000045,-0.004632,-0.031781,0.025598,0.043649,0.004868,0.036980,0.027339,0.020344,0.008205,0.056645,0.231058,-0.000789,0.121952,-0.051879,-0.008117,0.107427,-0.058898,-0.023634,0.120261,-0.048550,-0.041030
0.004504,0.011803,0.007910,0.020969,0.006916,0.012343,0.001162,-0.001676,0.002873,0.001158,0.007324,0.002836,0.033378,0.009191,0.007709,0.002524,-0.003299,-0.000596,0.001849,0.006079,-0.000166,0.000292,-0.025957,0.021410,0.042389,0.019369,0.032709,0.025248,0.035450,0.003594,0.032604,0.201753,-0.018525,0.129468,-0.067100,-0.013860,0.118891,-0.070994,-0.040348,0.127658,-0.067173,-0.053254
0.009358,0.010053,0.007661,0.022922,0.006216,0.011065,-0.002547,-0.001091,0.001711,0.002505,0.003530,0.002558,0.034839,0.008215,0.006826,-0.001184,-0.002582,-0.000180,0.001429,0.004711,-0.000227,0.006319,-0.017141,0.015731,0.041746,0.032985,0.026476,0.020773,0.050368,0.004145,-0.005909,0.149138,-0.050761,0.131441,-0.078177,-0.019425,0.123048,-0.080330,-0.051553,0.125696,-0.076089,-0.053394
0.014384,0.005483,0.007911,0.025321,0.003972,0.008548,-0.006592,0.000240,0.000926,0.003134,-0.000700,0.002596,0.035060,0.005723,0.004769,-0.004259,-0.001222,0.000571,0.000267,0.001228,0.000111,0.012990,-0.006805,0.009086,0.042547,0.044241,0.019011,0.011892,0.065170,0.012191,-0.050684,0.082450,-0.090278,0.129016,-0.085014,-0.024622,0.119219,-0.087644,-0.059796,0.114993,-0.073180,-0.047804
0.019076,0.000119,0.007634,0.028022,0.000825,0.005568,-0.010252,0.001945,0.000657,0.002715,-0.003254,0.002898,0.034476,0.002477,0.002190,-0.006705,0.000364,0.001472,-0.001080,-0.002367,0.000687,0.019305,0.002533,0.002598,0.045170,0.052049,0.011803,-0.003198,0.080327,0.028164,-0.097189,0.017428,-0.126977,0.123640,-0.088379,-0.028856,0.109217,-0.093151,-0.068682,0.099053,-0.064288,-0.046430
0.022634,-0.003628,0.006088,0.030603,-0.001895,0.002775,-0.012788,0.003342,0.000209,0.001859,-0.003352,0.002744,0.033795,-0.000301,-0.000163,-0.008665,0.001638,0.002034,-0.001591,-0.003472,0.000985,0.023982,0.008919,-0.002669,0.050011,0.055763,0.006318,-0.025343,0.096598,0.049753,-0.142633,-0.027600,-0.150252,0.116820,-0.088937,-0.031683,0.097216,-0.095736,-0.081043,0.083960,-0.059096,-0.057416
0.024456,-0.004441,0.003526,0.032616,-0.003163,0.000791,-0.013969,0.003929,-0.000848,0.001344,-0.001768,0.001796,0.033767,-0.001697,-0.001645,-0.010404,0.002259,0.002017,-0.000919,-0.001518,0.000724,0.026237,0.011979,-0.006152,0.057500,0.055275,0.003344,-0.053972,0.114681,0.072220,-0.181165,-0.037321,-0.152870,0.109663,-0.086615,-0.032964,0.087790,-0.093379,-0.096592,0.075295,-0.062538,-0.081354
0.024822,-0.002677,0.001002,0.033826,-0.002941,0.000206,-0.014248,0.003743,-0.001962,0.001426,-0.000158,0.000736,0.034862,-0.001574,-0.001931,-0.012300,0.002272,0.001697,0.000212,0.001257,0.000137,0.026491,0.012674,-0.007881,0.067418,0.051027,0.002694,-0.087095,0.134512,0.089863,-0.205286,-0.006563,-0.136653,0.102345,-0.080868,-0.032648,0.083251,-0.084671,-0.111453,0.074461,-0.068292,-0.109559
0.024999,0.000194,-0.000397,0.034156,-0.001837,0.001132,-0.014444,0.003233,-0.002331,0.001837,0.000048,0.000466,0.036930,-0.000353,-0.001235,-0.014609,0.002006,0.001394,0.000693,0.001792,-0.000476,0.026302,0.012218,-0.008324,0.078287,0.043956,0.003380,-0.121562,0.154733,0.097799,-0.214984,0.052800,-0.115507,0.094130,-0.071488,-0.030627,0.082309,-0.070167,-0.120484,0.077910,-0.062697,-0.129164
0.026328,0.002552,-0.000047,0.033625,-0.000378,0.002911,-0.015267,0.002882,-0.001964,0.002184,-0.001221,0.001034,0.039195,0.001438,-0.000194,-0.017068,0.001783,0.001061,0.000008,-0.000870,-0.001115,0.027252,0.011225,-0.008049,0.087448,0.035522,0.004237,-0.153358,0.172799,0.093748,-0.223067,0.113126,-0.109481,0.084020,-0.059193,-0.026850,0.081237,-0.052388,-0.120728,0.079828,-0.038453,-0.132447
0.028881,0.003278,0.002184,0.032495,0.001175,0.004522,-0.016984,0.002968,-0.001548,0.002324,-0.002538,0.001771,0.040683,0.003268,0.000634,-0.018770,0.001762,0.000602,-0.001337,-0.004489,-0.001750,0.029533,0.009625,-0.007380,0.091795,0.027643,0.004619,-0.178162,0.185638,0.079216,-0.246944,0.145052,-0.131398,0.071425,-0.045601,-0.021518,0.076551,-0.034504,-0.113318,0.075845,-0.003514,-0.122083
0.031147,0.002038,0.005904,0.031308,0.002535,0.005252,-0.019193,0.003524,-0.001573,0.002536,-0.002342,0.002160,0.040770,0.004529,0.001131,-0.018683,0.001957,0.000320,-0.002133,-0.005527,-0.001970,0.031632,0.007069,-0.006314,0.088897,0.022052,0.004602,-0.192396,0.190506,0.058762,-0.293501,0.134378,-0.177326,0.056458,-0.032565,-0.015139,0.067105,-0.018741,-0.102553,0.065467,0.026891,-0.106718
0.031303,-0.000643,0.009999,0.030530,0.003272,0.004967,-0.020915,0.004340,-0.001928,0.003276,-0.000581,0.002219,0.039401,0.004695,0.001431,-0.016534,0.002312,0.000689,-0.001427,-0.002390,-0.001323,0.031643,0.003270,-0.004722,0.078051,0.019302,0.004599,-0.194290,0.185599,0.037741,-0.352346,0.087203,-0.229946,0.039970,-0.021253,-0.008367,0.054213,-0.005649,-0.093110,0.051910,0.045199,-0.092431
0.028843,-0.003642,0.012885,0.030059,0.003040,0.003962,-0.021176,0.005058,-0.002164,0.004561,0.001284,0.002241,0.036914,0.003665,0.001556,-0.013175,0.002732,0.001758,0.000531,0.002974,0.000099,0.028933,-0.001874,-0.002544,0.060577,0.018376,0.004886,-0.184364,0.170309,0.020808,-0.403191,0.021452,-0.271326,0.023491,-0.011576,-0.001702,0.040096,0.005443,-0.087525,0.039061,0.054295,-0.080373
0.024827,-0.005843,0.013521,0.029191,0.001945,0.002753,-0.019634,0.005358,-0.001933,0.005727,0.001988,0.002404,0.033711,0.001983,0.001364,-0.009861,0.003060,0.002906,0.002428,0.006708,0.001545,0.024462,-0.008238,0.000222,0.039183,0.017376,0.005523,-0.165367,0.145481,0.011779,-0.429394,-0.044859,-0.292890,0.008863,-0.002467,0.004669,0.026058,0.015291,-0.085556,0.027763,0.058275,-0.071229
0.020659,-0.006667,0.012369,0.027148,0.000671,0.001931,-0.016647,0.005135,-0.001191,0.006010,0.001790,0.002682,0.030078,0.000671,0.000838,-0.007107,0.003082,0.003233,0.003173,0.006329,0.002101,0.019621,-0.015292,0.003498,0.016946,0.014719,0.006469,-0.141694,0.113723,0.013239,-0.426086,-0.100183,-0.294411,-0.002522,0.007234,0.010692,0.011736,0.023973,-0.085545,0.015145,0.056902,-0.067962
0.016934,-0.006229,0.011046,0.023654,0.000051,0.001977,-0.012848,0.004550,-0.000023,0.005287,0.001731,0.003076,0.026184,0.000591,0.000280,-0.004424,0.002664,0.002311,0.002869,0.002657,0.001422,0.015139,-0.021878,0.006879,-0.003523,0.009982,0.007448,-0.117643,0.078864,0.025378,-0.398166,-0.139749,-0.275626,-0.010459,0.018098,0.016054,-0.004170,0.031128,-0.086285,-0.002117,0.049150,-0.072697
0.013583,-0.005052,0.010793,0.019043,0.000413,0.002957,-0.008777,0.003898,0.001479,0.004082,0.002033,0.003675,0.022111,0.001783,0.000117,-0.001213,0.001922,0.000611,0.002427,-0.000939,0.000062,0.011173,-0.026367,0.009481,-0.020528,0.003838,0.007721,-0.095009,0.044118,0.045641,-0.352520,-0.161595,-0.231452,-0.015955,0.029994,0.020056,-0.022358,0.036744,-0.087741,-0.024268,0.037545,-0.083126
0.010815,-0.003508,0.011376,0.013885,0.001568,0.004350,-0.004797,0.003330,0.002914,0.003007,0.001930,0.004247,0.017943,0.003558,0.000571,0.002310,0.001163,-0.000915,0.002578,-0.001148,-0.001033,0.008114,-0.027454,0.010318,-0.033323,-0.002793,0.006325,-0.072342,0.010533,0.070156,-0.292337,-0.162237,-0.156685,-0.020392,0.042240,0.022049,-0.041948,0.041358,-0.090375,-0.048361,0.027655,-0.094196
0.009614,-0.001371,0.011597,0.008597,0.003408,0.005460,-0.001180,0.002704,0.003457,0.002395,0.000919,0.004070,0.014023,0.005356,0.001622,0.005111,0.000588,-0.001710,0.003302,0.002490,-0.001418,0.006938,-0.025059,0.009027,-0.041627,-0.009590,0.002822,-0.047192,-0.022368,0.095616,-0.218111,-0.138554,-0.054509,-0.024516,0.053767,0.022044,-0.060923,0.045403,-0.094258,-0.070771,0.024695,-0.103030
0.011264,0.002045,0.010658,0.003415,0.006149,0.006238,0.001793,0.001800,0.002646,0.002279,-0.000643,0.002735,0.011216,0.007337,0.003267,0.006002,0.000124,-0.001915,0.003884,0.006800,-0.001408,0.008700,-0.020594,0.006215,-0.045009,-0.017055,-0.002171,-0.019232,-0.054496,0.119811,-0.133423,-0.095797,0.061018,-0.028010,0.063430,0.020859,-0.077304,0.048669,-0.099034,-0.089091,0.030208,-0.110900
0.016431,0.007151,0.008704,-0.001275,0.009761,0.007438,0.003779,0.000658,0.001182,0.002386,-0.002276,0.000953,0.010577,0.009924,0.005581,0.004197,-0.000391,-0.001851,0.003516,0.007722,-0.001466,0.013758,-0.016483,0.003085,-0.042880,-0.026187,-0.007251,0.009077,-0.084385,0.140939,-0.049101,-0.050560,0.171127,-0.029771,0.070499,0.019612,-0.089572,0.050730,-0.104508,-0.102143,0.040411,-0.120380
0.024599,0.013297,0.006143,-0.004695,0.013393,0.009583,0.004415,-0.000395,0.000326,0.002173,-0.003962,-0.000047,0.012381,0.012845,0.008344,-0.000379,-0.000885,-0.001482,0.002145,0.004548,-0.001587,0.021401,-0.015144,0.000747,-0.035280,-0.037829,-0.011025,0.034435,-0.110309,0.157077,0.019758,-0.021150,0.261051,-0.028628,0.075051,0.019085,-0.096264,0.051886,-0.110845,-0.109046,0.048411,-0.131666
0.034092,0.018723,0.003043,-0.005934,0.015698,0.011887,0.003498,-0.001043,0.000406,0.001226,-0.005611,0.000030,0.015486,0.014930,0.010736,-0.006816,-0.001058,-0.000586,0.000681,0.000812,-0.001428,0.030021,-0.017820,-0.000143,-0.023692,-0.051843,-0.012673,0.054439,-0.131176,0.166410,0.062826,-0.014191,0.324733,-0.024238,0.077870,0.019559,-0.096080,0.053419,-0.117974,-0.108597,0.050085,-0.142235
0.042389,0.021395,-0.000449,-0.004681,0.015759,0.012690,0.001279,-0.001244,0.000492,-0.000187,-0.006668,0.000256,0.017938,0.014980,0.011663,-0.013140,-0.000755,0.000667,-0.000005,0.000227,-0.000892,0.037381,-0.024008,0.000716,-0.011034,-0.066731,-0.011907,0.067407,-0.146083,0.167662,0.081652,-0.022186,0.363899,-0.017803,0.079823,0.021097,-0.089054,0.056685,-0.124849,-0.099933,0.048199,-0.149411
0.046534,0.020144,-0.003463,-0.001700,0.013597,0.011028,-0.001331,-0.001150,-0.000265,-0.001166,-0.006856,-0.000223,0.018320,0.012757,0.010502,-0.016956,-0.000222,0.001586,-0.000234,0.002321,-0.000350,0.040845,-0.031969,0.003409,-0.000816,-0.080268,-0.008735,0.071762,-0.154007,0.160401,0.087323,-0.034182,0.383559,-0.012033,0.081222,0.023720,-0.077457,0.062012,-0.129566,-0.084313,0.049715,-0.152273
0.043957,0.015326,-0.004936,0.001633,0.009846,0.007447,-0.002971,-0.000920,-0.001522,-0.001022,-0.006806,-0.001177,0.016453,0.008993,0.007477,-0.016721,0.000093,0.001508,-0.001062,0.003237,-0.000277,0.038004,-0.039770,0.007647,0.004007,-0.090703,-0.003554,0.066846,-0.154848,0.145471,0.090391,-0.046998,0.386621,-0.009994,0.081822,0.027177,-0.065042,0.068572,-0.130433,-0.066005,0.059076,-0.150992
0.033737,0.008698,-0.004997,0.004390,0.005161,0.003252,-0.002542,-0.000689,-0.002280,-0.000034,-0.007203,-0.001838,0.012973,0.004598,0.003430,-0.012744,-0.000062,0.000440,-0.002563,0.000767,-0.000764,0.027895,-0.045952,0.012566,0.002045,-0.097521,0.002608,0.054606,-0.150704,0.125367,0.093404,-0.064977,0.371341,-0.013367,0.081390,0.030684,-0.055044,0.075170,-0.127041,-0.050462,0.074767,-0.145400
0.017429,0.002588,-0.005219,0.006615,0.000073,-0.000597,0.000063,-0.000660,-0.002133,0.000809,-0.007535,-0.001990,0.008756,0.000128,-0.000659,-0.006926,-0.000611,-0.000942,-0.003309,-0.002911,-0.001464,0.011914,-0.049652,0.016970,-0.006033,-0.101310,0.008284,0.039690,-0.145372,0.103562,0.093418,-0.090557,0.334743,-0.021390,0.080048,0.033156,-0.048726,0.080858,-0.120425,-0.041075,0.091428,-0.135591
-0.001455,-0.001274,-0.006893,0.008868,-0.004696,-0.003705,0.003748,-0.001026,-0.001639,0.000849,-0.006527,-0.002119,0.004940,-0.003976,-0.003983,-0.001420,-0.001351,-0.001952,-0.002113,-0.004349,-0.001978,-0.006587,-0.050574,0.019933,-0.017760,-0.103047,0.012267,0.027011,-0.141933,0.082697,0.090091,-0.118926,0.280219,-0.031377,0.077960,0.033828,-0.045525,0.084825,-0.112524,-0.037692,0.103483,-0.124145
-0.018898,-0.002555,-0.009200,0.011453,-0.008121,-0.005695,0.006707,-0.001728,-0.001477,0.000323,-0.004046,-0.002558,0.003033,-0.006979,-0.005948,0.002511,-0.002144,-0.002393,0.000138,-0.003287,-0.002148,-0.023656,-0.048874,0.021205,-0.029731,-0.103326,0.014171,0.018976,-0.140561,0.063391,0.089135,-0.143760,0.221960,-0.040151,0.074938,0.032650,-0.044193,0.086143,-0.105582,-0.037863,0.107106,-0.116172
-0.031399,-0.002114,-0.009690,0.014153,-0.009377,-0.005859,0.007283,-0.002398,-0.001507,-0.000195,-0.001769,-0.002782,0.004255,-0.008071,-0.006124,0.004521,-0.002891,-0.002333,0.001217,-0.002203,-0.001909,-0.035748,-0.044843,0.021048,-0.038441,-0.101840,0.014312,0.015316,-0.138604,0.045174,0.098070,-0.165572,0.180994,-0.044947,0.070652,0.030088,-0.043497,0.083991,-0.101601,-0.038879,0.101325,-0.115549
-0.036285,-0.001160,-0.006765,0.016620,-0.008481,-0.003775,0.004684,-0.002639,-0.001056,-0.000600,-0.001174,-0.001959,0.008495,-0.007100,-0.004429,0.004572,-0.003430,-0.001682,0.000130,-0.002160,-0.001099,-0.040083,-0.038570,0.019671,-0.040867,-0.097468,0.013066,0.015342,-0.132782,0.028418,0.120831,-0.190598,0.176241,-0.043433,0.065138,0.026483,-0.041924,0.078184,-0.101679,-0.038950,0.088601,-0.121380
-0.032350,-0.000661,-0.001249,0.018856,-0.006275,-0.000277,-0.000742,-0.002348,-0.000175,-0.001193,-0.001305,-0.000255,0.014202,-0.004892,-0.001517,0.002782,-0.003567,-0.000375,-0.001774,-0.001593,0.000247,-0.035349,-0.030091,0.016880,-0.035194,-0.089013,0.010451,0.019462,-0.121412,0.014912,0.157243,-0.221709,0.217402,-0.034086,0.058799,0.021627,-0.037356,0.069425,-0.105621,-0.037474,0.073087,-0.129396
-0.021070,-0.001226,0.004593,0.021202,-0.003829,0.002749,-0.007601,-0.001716,0.000082,-0.002001,0.000202,0.001030,0.019573,-0.002691,0.001273,-0.000207,-0.003217,0.001185,-0.002559,0.000416,0.001601,-0.022998,-0.019919,0.012434,-0.021906,-0.076095,0.006482,0.028133,-0.105091,0.006993,0.205128,-0.253492,0.301285,-0.017574,0.051908,0.015136,-0.027873,0.059115,-0.112087,-0.034321,0.057423,-0.136371
-0.006806,-0.003058,0.008958,0.023919,-0.002081,0.003888,-0.013832,-0.000948,-0.000867,-0.002565,0.003678,0.001039,0.023711,-0.001407,0.002664,-0.003172,-0.002448,0.002309,-0.001893,0.001967,0.002314,-0.007476,-0.009227,0.006697,-0.004169,-0.059467,0.001782,0.040049,-0.085962,0.006955,0.259671,-0.276457,0.410766,0.002448,0.044448,0.007238,-0.013323,0.048938,-0.119074,-0.028488,0.041912,-0.141742
0.005350,-0.005806,0.011034,0.026886,-0.001827,0.003202,-0.017435,-0.000086,-0.002053,-0.002401,0.006321,0.000491,0.026496,-0.001410,0.002186,-0.004981,-0.001399,0.002676,-0.000866,0.000865,0.002259,0.005965,0.000706,0.000662,0.013653,-0.040615,-0.002522,0.052209,-0.066510,0.017016,0.310719,-0.282686,0.519125,0.020967,0.036516,-0.001066,0.004009,0.040194,-0.124355,-0.017867,0.027509,-0.145302
0.012677,-0.008508,0.010443,0.029580,-0.003333,0.001638,-0.017414,0.000822,-0.002136,-0.001490,0.005425,0.000565,0.027791,-0.002588,0.000291,-0.005278,-0.000293,0.002488,-0.000126,-0.001961,0.001801,0.014433,0.009092,-0.004709,0.028438,-0.021174,-0.005595,0.061640,-0.048533,0.038363,0.343939,-0.267328,0.600984,0.034691,0.028461,-0.008669,0.020524,0.032992,-0.125993,-0.001092,0.018504,-0.145299
0.015907,-0.009886,0.007312,0.031280,-0.005699,-0.000014,-0.014312,0.001495,-0.001217,-0.000246,0.001871,0.001179,0.027451,-0.004239,-0.001991,-0.004497,0.000495,0.001986,0.000758,-0.003384,0.001205,0.018487,0.015563,-0.008962,0.039400,-0.002613,-0.007327,0.066367,-0.032486,0.069222,0.348061,-0.229864,0.643431,0.043493,0.020423,-0.014932,0.033287,0.026078,-0.123085,0.020222,0.019504,-0.139842
0.017423,-0.009237,0.002866,0.031547,-0.007315,-0.001361,-0.009794,0.001612,-0.000582,0.000880,-0.000690,0.001243,0.026007,-0.005341,-0.003632,-0.003307,0.000650,0.001230,0.002017,-0.002064,0.000485,0.020395,0.019782,-0.012047,0.047054,0.013863,-0.008063,0.065014,-0.017572,0.104228,0.322367,-0.177206,0.648890,0.049104,0.012143,-0.019676,0.041415,0.018005,-0.116348,0.041258,0.028116,-0.129328
0.018886,-0.007323,-0.001033,0.030781,-0.007508,-0.002248,-0.005563,0.001311,-0.000801,0.001664,-0.000048,0.000434,0.024551,-0.005504,-0.004282,-0.002143,0.000339,0.000429,0.002865,0.000267,-0.000180,0.021849,0.021423,-0.014137,0.051642,0.027274,-0.008292,0.056706,-0.002951,0.136449,0.276890,-0.122518,0.628546,0.053049,0.003601,-0.023007,0.046205,0.008811,-0.107829,0.056457,0.033261,-0.116424
0.020671,-0.005991,-0.003336,0.029943,-0.007240,-0.002846,-0.002499,0.001193,-0.001106,0.002079,0.001974,-0.000328,0.023628,-0.005410,-0.004521,-0.001128,0.000180,-0.000021,0.002599,0.001728,-0.000418,0.023396,0.020367,-0.015576,0.052591,0.036696,-0.008646,0.042194,0.010650,0.160178,0.225231,-0.076786,0.593177,0.055911,-0.004548,-0.025228,0.050104,0.000192,-0.099587,0.063164,0.025190,-0.103914
0.022812,-0.006388,-0.004401,0.029396,-0.007626,-0.003596,-0.000560,0.001622,-0.000836,0.002251,0.001459,-0.000356,0.022699,-0.005835,-0.005148,-0.000237,0.000528,-0.000098,0.001870,0.002574,-0.000280,0.025206,0.016785,-0.016695,0.049081,0.041300,-0.009743,0.024598,0.020730,0.171915,0.177507,-0.041847,0.548716,0.057751,-0.011569,-0.026595,0.055003,-0.006214,-0.092337,0.063518,0.006810,-0.093462
0.025557,-0.007665,-0.004997,0.028306,-0.008262,-0.004555,0.000755,0.002168,-0.000505,0.002518,-0.003267,-0.000191,0.021080,-0.006427,-0.006121,0.000541,0.000913,-0.000379,0.001941,0.003451,-0.000459,0.027496,0.011226,-0.017464,0.040814,0.040885,-0.011731,0.007962,0.024972,0.169937,0.139216,-0.013617,0.497339,0.058421,-0.017390,-0.027010,0.060760,-0.010398,-0.085243,0.062383,-0.008874,-0.086010
0.029014,-0.007760,-0.005283,0.025606,-0.007716,-0.004927,0.001930,0.002035,-0.000831,0.003186,-0.009449,-0.000587,0.019025,-0.005998,-0.006418,0.001129,0.000501,-0.001342,0.002964,0.003284,-0.001466,0.030279,0.004824,-0.017582,0.028553,0.036415,-0.014205,-0.005346,0.023469,0.154641,0.113372,0.009372,0.439552,0.057577,-0.022220,-0.026155,0.065079,-0.013558,-0.077034,0.062880,-0.012422,-0.081282
0.033052,-0.005392,-0.005216,0.021370,-0.005453,-0.003727,0.003279,0.000946,-0.001420,0.004058,-0.012223,-0.001253,0.017375,-0.004010,-0.005102,0.001366,-0.000916,-0.002585,0.003925,0.001150,-0.002823,0.033467,-0.000709,-0.017149,0.014390,0.029804,-0.016872,-0.015465,0.018825,0.129385,0.100100,0.023163,0.375007,0.055071,-0.025456,-0.024179,0.065164,-0.016367,-0.067278,0.063853,-0.005587,-0.075765
0.037807,-0.000991,-0.005432,0.016681,-0.002459,-0.000991,0.005051,-0.000610,-0.001281,0.004543,-0.009334,-0.001343,0.016345,-0.001248,-0.002326,0.001101,-0.002629,-0.003147,0.004293,-0.000830,-0.003470,0.037429,-0.003663,-0.017067,0.001550,0.022996,-0.020118,-0.023309,0.014235,0.099419,0.094184,0.023120,0.303891,0.051486,-0.025510,-0.022040,0.059946,-0.018031,-0.056536,0.061642,0.003856,-0.063118
0.043688,0.003994,-0.006698,0.012276,0.000127,0.002081,0.007417,-0.001965,-0.000284,0.004394,-0.003379,-0.000792,0.015286,0.001170,0.000825,0.000472,-0.003751,-0.002633,0.004686,0.000701,-0.002978,0.042806,-0.003312,-0.018311,-0.006638,0.017037,-0.024415,-0.029020,0.011721,0.069269,0.086421,0.009462,0.229132,0.047826,-0.021073,-0.020760,0.050845,-0.017099,-0.045332,0.053915,0.010406,-0.039470
0.050310,0.008057,-0.008314,0.008014,0.002209,0.004348,0.010186,-0.002752,0.000784,0.004012,0.001030,-0.000274,0.013735,0.003032,0.003290,0.000200,-0.003985,-0.001747,0.005450,0.005278,-0.002035,0.049271,-0.000605,-0.020675,-0.008317,0.011833,-0.029084,-0.032942,0.011967,0.041804,0.069720,-0.011785,0.156061,0.044363,-0.012422,-0.020239,0.040397,-0.012854,-0.033216,0.041645,0.013152,-0.008845
0.055958,0.009930,-0.008053,0.003844,0.004192,0.005681,0.012584,-0.002788,0.001513,0.003896,0.002112,0.000023,0.012057,0.004860,0.004577,0.001276,-0.003565,-0.001547,0.005550,0.007950,-0.001634,0.054994,0.002188,-0.022617,-0.004063,0.006818,-0.032173,-0.037286,0.015140,0.019719,0.042981,-0.032738,0.088983,0.040190,-0.001187,-0.019117,0.030392,-0.005659,-0.019147,0.028022,0.013822,0.018534
0.059001,0.008734,-0.004534,0.000617,0.005790,0.006392,0.013581,-0.001888,0.002306,0.004101,0.002093,0.000683,0.010684,0.006686,0.004553,0.003933,-0.002681,-0.002329,0.003901,0.005243,-0.002032,0.058192,0.002757,-0.022605,0.003795,0.001987,-0.031976,-0.045150,0.021324,0.006392,0.008248,-0.049146,0.029314,0.034435,0.011169,-0.016026,0.021472,0.003835,-0.002934,0.016167,0.014943,0.034663
0.059963,0.004597,0.000738,-0.000669,0.006098,0.006235,0.012623,-0.000118,0.003345,0.004374,0.003564,0.001932,0.009203,0.007611,0.003228,0.006954,-0.001292,-0.003370,0.001386,-0.000010,-0.002656,0.059250,-0.000204,-0.020351,0.012967,-0.001799,-0.028418,-0.057272,0.030092,0.004252,-0.033054,-0.062054,-0.021668,0.027837,0.024301,-0.010695,0.014016,0.015319,0.013854,0.007689,0.018013,0.039876
0.061524,-0.000851,0.004548,-0.000292,0.004885,0.004746,0.010092,0.001918,0.003970,0.004525,0.006045,0.003014,0.006844,0.006887,0.001090,0.008442,0.000492,-0.003691,0.000393,-0.001951,-0.002819,0.060656,-0.007014,-0.016487,0.022354,-0.003598,-0.022595,-0.070369,0.039939,0.012544,-0.078013,-0.073076,-0.059448,0.022572,0.038202,-0.003655,0.008644,0.028316,0.028553,0.002658,0.021972,0.040073
0.066097,-0.005050,0.005150,0.000057,0.003318,0.002477,0.007047,0.003365,0.003558,0.004473,0.007107,0.003112,0.003750,0.005134,-0.000662,0.007432,0.002142,-0.002936,0.002026,0.000923,-0.002337,0.064574,-0.017488,-0.011395,0.031566,-0.003341,-0.015337,-0.079060,0.048426,0.027127,-0.117762,-0.078704,-0.077831,0.020233,0.051862,0.004767,0.005692,0.041444,0.039089,0.000481,0.024778,0.039282
0.073687,-0.006071,0.003595,-0.001314,0.003066,0.001024,0.004554,0.003783,0.002462,0.004150,0.005895,0.002388,0.001070,0.004051,-0.000806,0.004562,0.003049,-0.001596,0.004570,0.004087,-0.001566,0.070885,-0.030744,-0.005044,0.039825,-0.001953,-0.006932,-0.079022,0.052891,0.042286,-0.139452,-0.072359,-0.074399,0.020165,0.063410,0.014530,0.004620,0.052924,0.045147,0.000936,0.027260,0.036866
0.082251,-0.003752,0.001872,-0.004802,0.004821,0.001501,0.003263,0.003423,0.001606,0.003498,0.004026,0.001645,-0.000447,0.004876,0.000819,0.001192,0.003073,-0.000544,0.005382,0.003199,-0.001055,0.077763,-0.044507,0.002085,0.045748,-0.000728,0.001794,-0.068200,0.051055,0.052730,-0.134928,-0.053618,-0.053774,0.020010,0.071843,0.025033,0.004252,0.062102,0.047906,0.004646,0.034213,0.031804
0.089544,0.000630,0.000615,-0.009623,0.007851,0.003482,0.003490,0.002813,0.001485,0.002492,0.003239,0.001315,-0.001458,0.007383,0.003215,-0.001630,0.002570,-0.000366,0.003983,-0.000171,-0.001158,0.083468,-0.055342,0.008571,0.048033,-0.000742,0.008958,-0.046328,0.041404,0.054688,-0.106543,-0.033125,-0.025638,0.017738,0.078035,0.034730,0.003476,0.069957,0.048713,0.012048,0.050289,0.026660
0.094055,0.005453,-0.000885,-0.014778,0.010850,0.005542,0.005434,0.002239,0.001802,0.001307,0.003470,0.001100,-0.003298,0.010313,0.005150,-0.003222,0.001961,-0.001072,0.002513,-0.000806,-0.001879,0.086979,-0.060339,0.012863,0.046007,-0.002792,0.012623,-0.015083,0.023724,0.046303,-0.063837,-0.025550,-0.000363,0.012863,0.083566,0.041829,0.001621,0.077739,0.047994,0.020983,0.074292,0.024763
0.094689,0.009256,-0.003109,-0.019487,0.012853,0.006329,0.009087,0.001729,0.001867,0.000568,0.003476,0.000417,-0.006558,0.012354,0.005875,-0.002929,0.001491,-0.002266,0.002997,0.003172,-0.002924,0.087431,-0.058791,0.014190,0.039648,-0.007550,0.011993,0.020987,-0.000430,0.027948,-0.015978,-0.037609,0.013997,0.005894,0.088895,0.045199,-0.001746,0.085399,0.045338,0.025750,0.098104,0.024854
0.090767,0.010744,-0.005648,-0.022958,0.013294,0.005128,0.013900,0.001416,0.001308,0.001003,0.002421,-0.000885,-0.010659,0.012591,0.005112,-0.000475,0.001407,-0.003356,0.004888,0.007795,-0.003766,0.084096,-0.052287,0.012683,0.029658,-0.015495,0.007573,0.055110,-0.028008,0.002579,0.031588,-0.063696,0.013040,-0.002656,0.093217,0.044726,-0.007291,0.091615,0.040373,0.020725,0.112861,0.022006
0.082849,0.009296,-0.008039,-0.024383,0.011781,0.002069,0.018728,0.001636,0.000534,0.002449,0.000319,-0.002231,-0.014555,0.010637,0.002935,0.003315,0.002017,-0.003731,0.005840,0.008106,-0.003810,0.077311,-0.043406,0.009043,0.017774,-0.026630,0.000612,0.081139,-0.055553,-0.024776,0.074764,-0.092235,-0.002804,-0.012347,0.095821,0.041229,-0.015969,0.095087,0.033389,0.005791,0.116701,0.014066
0.072921,0.005789,-0.010461,-0.023456,0.008446,-0.001872,0.022310,0.002535,0.000295,0.003669,-0.002338,-0.002866,-0.017395,0.006982,-0.000166,0.006618,0.003309,-0.003237,0.004582,0.003772,-0.002980,0.068733,-0.034377,0.004264,0.006575,-0.040399,-0.007401,0.096007,-0.080183,-0.049135,0.108157,-0.114884,-0.027982,-0.022361,0.096818,0.036087,-0.028162,0.095430,0.025233,-0.013344,0.114925,0.003922
0.062951,0.002362,-0.013249,-0.020636,0.004370,-0.005369,0.023892,0.003747,0.000745,0.003645,-0.004591,-0.002684,-0.018624,0.003063,-0.003388,0.007855,0.004686,-0.002557,0.002398,-0.001157,-0.002128,0.059974,-0.026474,-0.000612,-0.001669,-0.055837,-0.015034,0.099540,-0.099865,-0.067804,0.126091,-0.130308,-0.054534,-0.031675,0.096600,0.030621,-0.042621,0.093173,0.016890,-0.030794,0.112241,-0.005176
0.053062,0.000768,-0.016055,-0.016680,0.000976,-0.007545,0.023487,0.004698,0.001313,0.002743,-0.005002,-0.002197,-0.017970,0.000375,-0.006056,0.006905,0.005394,-0.002680,0.001639,-0.002876,-0.002366,0.050951,-0.019936,-0.004808,-0.006445,-0.071670,-0.021222,0.092781,-0.113440,-0.080506,0.125481,-0.141462,-0.076757,-0.039886,0.095394,0.025535,-0.056619,0.089605,0.009168,-0.044983,0.107314,-0.013200
0.041230,0.000945,-0.017908,-0.012034,-0.001194,-0.008419,0.021691,0.005192,0.001560,0.002184,-0.002687,-0.001742,-0.015667,-0.000726,-0.008017,0.005109,0.005241,-0.003880,0.003187,-0.000845,-0.003886,0.039712,-0.014136,-0.008020,-0.009575,-0.086322,-0.025522,0.077265,-0.120920,-0.087758,0.107248,-0.150309,-0.093105,-0.047757,0.093652,0.020841,-0.067535,0.086688,0.002498,-0.057357,0.096575,-0.021113
0.024853,0.001367,-0.018069,-0.006789,-0.002824,-0.008658,0.019324,0.005537,0.001728,0.002519,0.001339,-0.001118,-0.012498,-0.001176,-0.009593,0.004145,0.004744,-0.005437,0.005742,0.003337,-0.005686,0.023929,-0.008001,-0.010309,-0.014190,-0.098012,-0.028043,0.055657,-0.123640,-0.089640,0.075853,-0.154196,-0.103654,-0.056783,0.092294,0.016274,-0.074469,0.086418,-0.003137,-0.068593,0.081643,-0.027744
0.002909,0.000612,-0.016635,-0.000979,-0.004937,-0.009002,0.016998,0.006109,0.002266,0.003037,0.004557,-0.000100,-0.009327,-0.002211,-0.011156,0.004838,0.004572,-0.006330,0.007401,0.008093,-0.006503,0.002830,-0.000653,-0.011789,-0.022489,-0.105057,-0.029045,0.032008,-0.123438,-0.085674,0.038321,-0.146825,-0.107299,-0.067912,0.092040,0.011753,-0.078447,0.089500,-0.008052,-0.077227,0.069994,-0.030871
-0.022679,-0.001689,-0.014287,0.005307,-0.007871,-0.009912,0.014719,0.006983,0.003051,0.002675,0.005217,0.001011,-0.006476,-0.004369,-0.012852,0.006732,0.004968,-0.006122,0.007346,0.011934,-0.005922,-0.021621,0.007834,-0.012450,-0.033824,-0.106356,-0.028595,0.010444,-0.121239,-0.075222,0.002741,-0.124062,-0.102078,-0.080203,0.092396,0.007504,-0.081078,0.094360,-0.012861,-0.081219,0.067265,-0.030607
-0.047072,-0.005078,-0.011590,0.011891,-0.011069,-0.011430,0.011850,0.007979,0.003402,0.001164,0.004100,0.001596,-0.003595,-0.007216,-0.014598,0.008498,0.005684,-0.005212,0.005978,0.012893,-0.004620,-0.044781,0.016036,-0.012217,-0.044600,-0.101964,-0.026628,-0.006670,-0.116469,-0.058040,-0.024518,-0.089941,-0.087019,-0.090318,0.091624,0.003894,-0.082682,0.097744,-0.018720,-0.079839,0.070544,-0.030566
-0.064040,-0.008720,-0.008554,0.018298,-0.013498,-0.012952,0.007604,0.008904,0.002925,-0.000847,0.003784,0.001498,-0.000105,-0.009656,-0.015988,0.008812,0.006339,-0.004261,0.004155,0.010107,-0.003545,-0.060743,0.021802,-0.011058,-0.049976,-0.093360,-0.023225,-0.019075,-0.108042,-0.034575,-0.041447,-0.055853,-0.062965,-0.093415,0.088123,0.001245,-0.081415,0.096882,-0.027133,-0.073912,0.071324,-0.035672
-0.068728,-0.011654,-0.004806,0.023687,-0.014249,-0.013304,0.001748,0.009650,0.002092,-0.002573,0.006070,0.001360,0.004248,-0.010562,-0.016245,0.007190,0.006781,-0.003430,0.002727,0.005888,-0.002921,-0.064910,0.023747,-0.009084,-0.046104,-0.082948,-0.018762,-0.027185,-0.095949,-0.005729,-0.049850,-0.032459,-0.032002,-0.085346,0.081955,-0.000347,-0.074344,0.091403,-0.039012,-0.064550,0.064851,-0.048759
-0.060575,-0.013390,-0.000194,0.027334,-0.013110,-0.011802,-0.005024,0.010210,0.001624,-0.003733,0.010156,0.001835,0.009124,-0.009569,-0.014914,0.004257,0.007164,-0.002433,0.002148,0.003929,-0.002304,-0.056746,0.022202,-0.006698,-0.031905,-0.072811,-0.013859,-0.030709,-0.081728,0.027165,-0.051603,-0.022438,0.004110,-0.065178,0.074610,-0.001300,-0.059739,0.083088,-0.053982,-0.051783,0.054647,-0.068557
-0.044303,-0.014485,0.004692,0.029220,-0.010801,-0.009430,-0.011221,0.010680,0.001395,-0.004481,0.013593,0.002522,0.013677,-0.007475,-0.012789,0.001298,0.007730,-0.001323,0.002019,0.004835,-0.001525,-0.040739,0.018807,-0.004689,-0.009872,-0.063435,-0.009223,-0.029070,-0.067226,0.061616,-0.046147,-0.021099,0.045313,-0.036346,0.067113,-0.002691,-0.038621,0.073808,-0.070711,-0.034535,0.047361,-0.090372
-0.027625,-0.015893,0.008510,0.029912,-0.008571,-0.008210,-0.015052,0.011146,0.000602,-0.004965,0.015036,0.002291,0.016838,-0.005674,-0.011506,-0.000478,0.008510,-0.000713,0.001434,0.005392,-0.001069,-0.024282,0.015494,-0.003894,0.014601,-0.053428,-0.005401,-0.022981,-0.052963,0.093697,-0.032582,-0.022826,0.092336,-0.005300,0.058859,-0.005749,-0.014229,0.064112,-0.087589,-0.012235,0.044706,-0.108642
-0.017050,-0.017469,0.009816,0.029766,-0.007447,-0.008964,-0.015107,0.011484,-0.000726,-0.005077,0.015244,0.000954,0.017704,-0.005063,-0.011847,-0.000410,0.009190,-0.000979,0.000237,0.003338,-0.001287,-0.013716,0.013878,-0.004569,0.035433,-0.040771,-0.002550,-0.015096,-0.038062,0.119555,-0.013765,-0.025778,0.143250,0.021577,0.048655,-0.010914,0.009773,0.053802,-0.102951,0.013291,0.041564,-0.119173
-0.014937,-0.017604,0.007965,0.028385,-0.007640,-0.010254,-0.010979,0.011324,-0.001159,-0.004573,0.015098,-0.000087,0.015941,-0.005438,-0.012811,0.001570,0.009284,-0.001642,-0.000347,0.001171,-0.001725,-0.011457,0.014950,-0.006162,0.048497,-0.024879,-0.000453,-0.008693,-0.021949,0.137307,0.002790,-0.030181,0.190722,0.040589,0.036509,-0.017405,0.030469,0.043095,-0.114898,0.037658,0.032275,-0.120098
-0.019581,-0.014779,0.003664,0.024962,-0.008414,-0.010058,-0.003493,0.010330,0.000474,-0.003381,0.013798,0.000492,0.011992,-0.005866,-0.012723,0.005105,0.008514,-0.001916,0.001117,0.003273,-0.001629,-0.015962,0.018743,-0.007845,0.053143,-0.007681,0.001096,-0.005596,-0.005800,0.146867,0.009164,-0.033671,0.223417,0.051358,0.023864,-0.023865,0.045667,0.032508,-0.121258,0.056150,0.018210,-0.112171
-0.027416,-0.009422,-0.001226,0.019234,-0.008600,-0.008083,0.005592,0.008607,0.003414,-0.001793,0.009979,0.002181,0.006931,-0.005606,-0.010991,0.009611,0.007097,-0.001576,0.004337,0.009681,-0.000820,-0.023731,0.024340,-0.009348,0.051819,0.007457,0.001876,-0.005389,0.008114,0.148307,0.003471,-0.031604,0.231389,0.055591,0.012374,-0.029438,0.053709,0.022034,-0.120085,0.066462,0.007152,-0.098201
-0.035197,-0.003911,-0.004602,0.012182,-0.007611,-0.005742,0.014190,0.006800,0.005847,-0.000400,0.003964,0.003416,0.002031,-0.004679,-0.008472,0.014367,0.005644,-0.000975,0.007023,0.014852,0.000300,-0.031395,0.030625,-0.011146,0.048183,0.018111,0.001296,-0.006341,0.018374,0.141385,-0.007409,-0.022999,0.211774,0.055290,0.003063,-0.034129,0.054078,0.011467,-0.110636,0.069221,0.004429,-0.081233
-0.040818,-0.000500,-0.005326,0.005726,-0.005887,-0.004193,0.020452,0.005612,0.006966,0.000272,-0.002005,0.003609,-0.001612,-0.003553,-0.006331,0.018441,0.004686,-0.000505,0.007067,0.013676,0.001258,-0.036669,0.037053,-0.013755,0.044936,0.024267,-0.001030,-0.006535,0.025260,0.126482,-0.012959,-0.012411,0.170598,0.051867,-0.003433,-0.038154,0.048375,0.001629,-0.094157,0.066066,0.007428,-0.063322
-0.043032,0.000664,-0.003878,0.001567,-0.004179,-0.003198,0.023145,0.005158,0.007263,0.000177,-0.005673,0.003446,-0.003252,-0.002405,-0.004939,0.020586,0.004254,-0.000350,0.004853,0.007447,0.001720,-0.038301,0.043488,-0.016909,0.042713,0.027600,-0.004721,-0.004218,0.029650,0.105162,-0.008127,-0.003248,0.118916,0.046443,-0.006585,-0.041143,0.040301,-0.005423,-0.073681,0.058175,0.010435,-0.046037
-0.041161,0.001144,-0.001844,0.000218,-0.002735,-0.001999,0.021877,0.004922,0.007156,-0.000167,-0.006379,0.003495,-0.002638,-0.001075,-0.003901,0.019573,0.004001,-0.000467,0.002724,0.002174,0.001542,-0.035831,0.049371,-0.019591,0.040687,0.029575,-0.008730,0.001752,0.031725,0.079798,0.003341,0.007366,0.065805,0.040260,-0.006335,-0.042203,0.034014,-0.007821,-0.052806,0.047223,0.011513,-0.030912
-0.035350,0.001917,-0.000595,0.001131,-0.001499,-0.000734,0.017152,0.004439,0.006254,-0.000178,-0.004782,0.003378,-0.000215,0.000246,-0.002952,0.015028,0.003725,-0.000599,0.002138,0.001451,0.000904,-0.029637,0.053463,-0.020932,0.038116,0.030380,-0.012070,0.010708,0.031306,0.052962,0.014496,0.023837,0.014290,0.034311,-0.003582,-0.040748,0.031954,-0.005420,-0.034330,0.036713,0.012450,-0.019006
-0.026810,0.002137,-0.000374,0.003473,-0.000708,-0.000475,0.010179,0.003852,0.004082,0.000140,-0.001658,0.002416,0.002926,0.000837,-0.002523,0.008048,0.003630,-0.000518,0.002156,0.003031,0.000186,-0.020962,0.054615,-0.020877,0.035243,0.029508,-0.014339,0.019633,0.029171,0.026920,0.021783,0.044784,-0.036253,0.028731,0.000026,-0.037081,0.033807,0.000070,-0.019623,0.030784,0.015280,-0.010779
-0.017477,0.000564,-0.000499,0.006426,-0.000735,-0.001788,0.002530,0.003661,0.001107,0.000216,0.002431,0.000722,0.005550,0.000258,-0.003119,0.000775,0.003979,-0.000263,0.001041,0.002768,-0.000347,-0.011628,0.052709,-0.019844,0.032807,0.026936,-0.015490,0.024791,0.027205,0.003606,0.025125,0.063817,-0.084948,0.022913,0.003052,-0.032000,0.037089,0.006327,-0.008794,0.031504,0.021561,-0.005699
-0.009256,-0.002280,-0.000223,0.008860,-0.001384,-0.003606,-0.004237,0.004008,-0.001260,-0.000315,0.006447,-0.000611,0.006906,-0.000909,-0.004230,-0.004876,0.004582,0.000058,-0.001381,-0.000013,-0.000562,-0.003493,0.048748,-0.017946,0.030994,0.023551,-0.015286,0.024474,0.026886,-0.014942,0.023979,0.076478,-0.127501,0.016324,0.005201,-0.026037,0.038709,0.011819,-0.001205,0.037675,0.032594,-0.001116
-0.003425,-0.004273,0.000628,0.009447,-0.001782,-0.004148,-0.008914,0.004424,-0.001921,-0.001041,0.008796,-0.000618,0.006919,-0.001521,-0.004499,-0.008148,0.004851,0.000500,-0.003567,-0.002456,-0.000365,0.002067,0.044059,-0.014943,0.029146,0.020496,-0.013386,0.020036,0.027962,-0.026666,0.016278,0.083195,-0.158544,0.009097,0.007216,-0.019375,0.036642,0.016240,0.003987,0.045550,0.047091,0.006647
-0.000419,-0.004101,0.001684,0.007613,-0.001205,-0.003014,-0.010924,0.004351,-0.001324,-0.001158,0.008559,0.000294,0.005798,-0.001053,-0.003304,-0.009196,0.004429,0.001029,-0.004099,-0.002324,0.000121,0.004560,0.039445,-0.010996,0.026403,0.018277,-0.010053,0.014119,0.028880,-0.030618,0.001553,0.085212,-0.174880,0.001918,0.009781,-0.012489,0.030794,0.019807,0.007389,0.050130,0.059421,0.018027
0.000168,-0.002789,0.002480,0.004127,0.000127,-0.001739,-0.010408,0.003764,-0.000980,-0.000342,0.006287,0.000690,0.003586,-0.000090,-0.001661,-0.008271,0.003615,0.001294,-0.003062,-0.000371,0.000485,0.004519,0.035026,-0.007040,0.022487,0.016568,-0.006425,0.008377,0.028251,-0.027635,-0.016586,0.080967,-0.176536,-0.004421,0.012648,-0.006414,0.022484,0.022346,0.009218,0.046978,0.062916,0.028101
-0.000555,-0.002357,0.002898,0.000338,0.001258,-0.001837,-0.008043,0.003141,-0.001568,0.000921,0.002987,-0.000078,0.000319,0.000426,-0.001023,-0.005575,0.003025,0.001011,-0.001685,0.001296,0.000457,0.003280,0.030757,-0.004097,0.017986,0.014844,-0.003716,0.003326,0.025668,-0.019357,-0.031818,0.068854,-0.164897,-0.009255,0.014965,-0.002074,0.013106,0.023203,0.009488,0.034728,0.055291,0.030633
-0.001175,-0.003323,0.003228,-0.003081,0.001567,-0.002791,-0.004747,0.002819,-0.002048,0.001775,-0.000963,-0.000959,-0.003390,0.000293,-0.001425,-0.001890,0.002861,0.000465,-0.001184,0.001568,0.000326,0.002334,0.026838,-0.002357,0.014030,0.013028,-0.002220,-0.000262,0.021407,-0.006930,-0.038586,0.051327,-0.140187,-0.012085,0.016142,0.000526,0.003430,0.021895,0.008260,0.016447,0.039587,0.023806
-0.000734,-0.004088,0.003721,-0.006253,0.001474,-0.002715,-0.001415,0.002544,-0.001175,0.001671,-0.004818,-0.000652,-0.006288,0.000223,-0.001445,0.001294,0.002682,0.000266,-0.001951,0.000550,0.000586,0.002479,0.023454,-0.001196,0.011434,0.011382,-0.001300,-0.001244,0.015894,0.008632,-0.034562,0.032654,-0.101647,-0.012756,0.016042,0.002144,-0.005863,0.018588,0.005635,-0.002023,0.020537,0.010933
0.000488,-0.002818,0.003993,-0.009122,0.001901,-0.000865,0.001380,0.001764,0.000545,0.000807,-0.006338,0.000460,-0.007378,0.000893,-0.000049,0.002794,0.001953,0.000577,-0.003335,-0.001352,0.001210,0.003193,0.020330,-0.000037,0.009836,0.009968,-0.000308,0.000421,0.009594,0.025052,-0.021228,0.013578,-0.050420,-0.011802,0.014501,0.003365,-0.013350,0.014045,0.001575,-0.015575,0.002102,-0.003059
0.000897,0.000486,0.003145,-0.010925,0.003018,0.001354,0.003605,0.000318,0.001332,0.000056,-0.003712,0.000746,-0.006833,0.002041,0.002032,0.002822,0.000674,0.000855,-0.004038,-0.003383,0.001551,0.002834,0.016981,0.001064,0.007791,0.008590,0.000769,0.003245,0.003058,0.038878,-0.003199,-0.008177,0.008101,-0.010470,0.011278,0.004049,-0.017096,0.009384,-0.003947,-0.022177,-0.012018,-0.014330
-0.001395,0.003860,0.000834,-0.010778,0.003761,0.002107,0.005496,-0.001250,0.000521,0.000176,0.001482,-0.000370,-0.005752,0.002675,0.003024,0.002754,-0.000635,0.000417,-0.003218,-0.004079,0.001026,-0.000242,0.013502,0.001662,0.004033,0.007260,0.001539,0.005898,-0.003182,0.047415,0.013794,-0.032272,0.064649,-0.010141,0.006582,0.003693,-0.016124,0.005689,-0.010241,-0.022706,-0.019054,-0.021076
-0.007229,0.005000,-0.001884,-0.008412,0.002759,0.001124,0.006950,-0.002119,-0.000490,0.000867,0.005272,-0.001516,-0.005034,0.002009,0.001914,0.003780,-0.001472,-0.000827,-0.001441,-0.002361,-0.000209,-0.006503,0.010834,0.001471,-0.001412,0.006426,0.001731,0.008770,-0.008766,0.049962,0.026318,-0.053008,0.109242,-0.011646,0.001245,0.002098,-0.011565,0.003391,-0.015261,-0.019087,-0.020095,-0.024028
-0.015957,0.002907,-0.003393,-0.004202,-0.000411,-0.000591,0.007399,-0.001927,-0.000108,0.000994,0.005591,-0.001189,-0.004739,-0.000094,-0.000765,0.005899,-0.001748,-0.002176,-0.000162,0.000708,-0.001320,-0.015067,0.010070,0.000505,-0.007737,0.006596,0.001266,0.013414,-0.013565,0.046392,0.036177,-0.061268,0.136115,-0.015153,-0.003882,-0.000470,-0.005802,0.002039,-0.015894,-0.012433,-0.020283,-0.024874
-0.025961,-0.001605,-0.003325,0.001113,-0.004901,-0.002428,0.006476,-0.001106,0.001326,0.000033,0.003910,0.000243,-0.004510,-0.003376,-0.003721,0.008070,-0.001686,-0.002673,-0.000156,0.002285,-0.001487,-0.024380,0.011492,-0.001149,-0.014911,0.007778,-0.000058,0.020734,-0.017656,0.034673,0.049446,-0.047908,0.146520,-0.020437,-0.008591,-0.003584,-0.000193,0.000878,-0.009358,-0.002933,-0.024380,-0.022587
-0.035119,-0.006394,-0.003015,0.006411,-0.009226,-0.004482,0.004573,-0.000535,0.002077,-0.001090,0.002178,0.001128,-0.004125,-0.007251,-0.005909,0.009027,-0.001588,-0.001909,-0.000791,0.000755,-0.000589,-0.032673,0.014165,-0.003327,-0.024008,0.009277,-0.002523,0.029874,-0.021154,0.011000,0.070406,-0.009026,0.144813,-0.026704,-0.013395,-0.006798,0.005963,-0.000673,0.005131,0.008351,-0.032745,-0.012419
-0.040993,-0.008909,-0.003874,0.010314,-0.012000,-0.006206,0.002427,-0.000890,0.001382,-0.001105,0.000339,0.000791,-0.003345,-0.010507,-0.006621,0.007964,-0.001781,-0.000308,-0.000877,-0.002031,0.000786,-0.038001,0.016324,-0.005420,-0.035473,0.010030,-0.005823,0.038305,-0.023708,-0.026197,0.094904,0.046708,0.130378,-0.032077,-0.019250,-0.009423,0.013741,-0.003567,0.025461,0.018510,-0.041855,0.009522
-0.041582,-0.007393,-0.005711,0.012022,-0.012369,-0.005912,0.000289,-0.002232,0.000355,-0.000056,-0.001911,0.000296,-0.001474,-0.011584,-0.005226,0.004799,-0.002565,0.001388,0.000103,-0.002575,0.001975,-0.038755,0.016386,-0.006313,-0.047350,0.009397,-0.008659,0.042688,-0.024047,-0.071882,0.110380,0.096779,0.095174,-0.033830,-0.027330,-0.010601,0.022329,-0.009853,0.047107,0.024717,-0.047865,0.040143
-0.036723,-0.002098,-0.007058,0.012192,-0.010337,-0.002515,-0.002231,-0.004062,0.000330,0.000726,-0.002910,0.000820,0.002388,-0.009787,-0.001654,0.000108,-0.003931,0.002743,0.001534,0.000027,0.002726,-0.034775,0.014142,-0.005275,-0.055762,0.007987,-0.009572,0.040545,-0.020276,-0.114888,0.104732,0.117655,0.032396,-0.029754,-0.038725,-0.010192,0.029498,-0.021887,0.064712,0.026824,-0.050132,0.068195
-0.028572,0.004380,-0.006865,0.012611,-0.006972,0.002598,-0.005482,-0.005612,0.001049,0.000179,-0.000652,0.001985,0.008326,-0.006181,0.002753,-0.005099,-0.005339,0.003596,0.002080,0.002584,0.003022,-0.027722,0.011275,-0.003041,-0.057101,0.007768,-0.008387,0.032352,-0.011051,-0.143805,0.076840,0.103270,-0.051175,-0.019402,-0.053888,-0.009629,0.034585,-0.040264,0.073848,0.027202,-0.052640,0.080478
-0.020109,0.008571,-0.005392,0.014635,-0.003995,0.006402,-0.009139,-0.006235,0.001204,-0.001473,0.004029,0.002466,0.014981,-0.002876,0.005667,-0.009677,-0.006041,0.003706,0.000709,0.001358,0.002711,-0.019861,0.010395,-0.001550,-0.049564,0.011018,-0.006414,0.022412,0.003296,-0.153009,0.038785,0.069583,-0.132820,-0.003912,-0.072112,-0.011284,0.040078,-0.062740,0.072247,0.028640,-0.061480,0.071648
-0.012974,0.008675,-0.003567,0.017913,-0.002707,0.007175,-0.012217,-0.005779,0.000406,-0.003117,0.007483,0.001904,0.020285,-0.001263,0.005659,-0.012654,-0.005742,0.002851,-0.002200,-0.003385,0.001647,-0.012440,0.013024,-0.002174,-0.033254,0.018807,-0.004901,0.017007,0.020594,-0.143643,0.007605,0.039526,-0.186181,0.015117,-0.091456,-0.016433,0.049405,-0.085446,0.060567,0.033503,-0.079117,0.049531
-0.006912,0.005871,-0.002089,0.020749,-0.003092,0.005949,-0.013566,-0.004717,-0.000285,-0.003720,0.006903,0.001342,0.022961,-0.001091,0.003505,-0.013529,-0.004860,0.001278,-0.004820,-0.007503,0.000091,-0.005451,0.018175,-0.004344,-0.009854,0.030266,-0.003546,0.020598,0.037751,-0.119978,-0.005842,0.024646,-0.197643,0.036241,-0.109354,-0.023912,0.063360,-0.105163,0.042485,0.043889,-0.101078,0.029841
-0.001161,0.002976,-0.001376,0.021710,-0.004032,0.004744,-0.012398,-0.003805,-0.000003,-0.003016,0.003391,0.001553,0.023175,-0.001262,0.001213,-0.012375,-0.004094,-0.000339,-0.005437,-0.007781,-0.001348,0.001188,0.022828,-0.006198,0.017636,0.043168,-0.000889,0.032910,0.052178,-0.085785,-0.002082,0.021004,-0.171887,0.057822,-0.123770,-0.031087,0.079233,-0.120653,0.023333,0.059976,-0.119503,0.023525
0.004019,0.001931,-0.001935,0.020739,-0.004433,0.004106,-0.008500,-0.003509,0.000609,-0.001558,0.000700,0.001761,0.021834,-0.001202,-0.000010,-0.009574,-0.003819,-0.001477,-0.004081,-0.005360,-0.002222,0.006630,0.023924,-0.006447,0.045516,0.055108,0.003979,0.049361,0.062657,-0.043893,0.010142,0.018643,-0.123422,0.077563,-0.134065,-0.036041,0.093146,-0.132255,0.007581,0.078004,-0.129289,0.028612
0.007184,0.002750,-0.004089,0.018786,-0.004116,0.003209,-0.002128,-0.003785,0.000446,-0.000130,0.000806,0.000771,0.019685,-0.001186,-0.000382,-0.005345,-0.003987,-0.002092,-0.002184,-0.003546,-0.002469,0.009287,0.020260,-0.005218,0.070287,0.064240,0.010548,0.064520,0.068892,0.002298,0.021700,0.011816,-0.065004,0.092712,-0.140645,-0.038522,0.102600,-0.140419,-0.003015,0.092115,-0.129839,0.034557
0.006803,0.004376,-0.007148,0.016751,-0.003680,0.001855,0.006040,-0.004331,-0.000207,0.000904,0.001565,-0.001077,0.017187,-0.001520,-0.000506,0.000431,-0.004447,-0.002441,-0.000811,-0.003225,-0.002242,0.007865,0.012871,-0.003188,0.089195,0.069276,0.017613,0.075674,0.070212,0.048129,0.029733,0.001850,-0.004055,0.100967,-0.143625,-0.038976,0.107052,-0.144418,-0.009277,0.099026,-0.122865,0.033274
0.002506,0.005690,-0.009324,0.015083,-0.003705,0.001044,0.014743,-0.004880,0.000071,0.001623,-0.000562,-0.002132,0.014838,-0.001946,-0.000581,0.007784,-0.005134,-0.002860,0.000180,-0.002208,-0.001808,0.002368,0.003882,-0.000588,0.100362,0.069318,0.024238,0.083773,0.065051,0.088412,0.038706,-0.006502,0.054017,0.101471,-0.142075,-0.037434,0.107214,-0.142404,-0.013069,0.099952,-0.110653,0.024786
-0.004345,0.005670,-0.008986,0.014114,-0.004247,0.001311,0.022150,-0.005233,0.001701,0.002178,-0.006026,-0.001641,0.013137,-0.002094,-0.000755,0.016006,-0.005905,-0.003650,0.001265,0.000948,-0.001563,-0.005523,-0.004968,0.002578,0.103039,0.064016,0.029734,0.091485,0.052092,0.118349,0.055407,-0.010143,0.104163,0.095178,-0.134906,-0.033705,0.104321,-0.132967,-0.015803,0.097913,-0.095101,0.013859
-0.011117,0.003517,-0.005963,0.014224,-0.004968,0.001661,0.026494,-0.005216,0.003249,0.002690,-0.011387,-0.000726,0.012265,-0.002113,-0.001417,0.023593,-0.006435,-0.004821,0.002289,0.004331,-0.001770,-0.013001,-0.013000,0.005837,0.098013,0.053783,0.033234,0.100328,0.031996,0.134156,0.082334,-0.008425,0.143781,0.084256,-0.122369,-0.028133,0.099437,-0.116848,-0.017833,0.094239,-0.077134,0.004156
-0.015184,-0.000537,-0.001412,0.015433,-0.005460,0.001046,0.026968,-0.004791,0.003251,0.003338,-0.012891,-0.000692,0.012114,-0.002383,-0.002521,0.028948,-0.006513,-0.005862,0.002726,0.005029,-0.002174,-0.017471,-0.020285,0.008450,0.087393,0.039614,0.034025,0.109023,0.007829,0.134037,0.114659,0.000240,0.172585,0.070899,-0.106348,-0.021485,0.092511,-0.097081,-0.018667,0.087933,-0.057882,-0.003603
-0.015196,-0.004741,0.003318,0.017133,-0.005428,0.000196,0.024099,-0.004221,0.002163,0.004153,-0.010121,-0.001168,0.012681,-0.002734,-0.003095,0.031124,-0.006357,-0.006080,0.002569,0.002975,-0.002192,-0.017804,-0.026992,0.010273,0.073494,0.022760,0.032318,0.113978,-0.016198,0.119148,0.141827,0.017777,0.188193,0.056430,-0.089093,-0.014125,0.082070,-0.077297,-0.017487,0.077620,-0.040115,-0.009526
-0.011468,-0.006942,0.007235,0.018609,-0.004850,0.000874,0.019249,-0.003956,0.001671,0.004715,-0.005832,-0.000760,0.014190,-0.002534,-0.002136,0.029927,-0.006416,-0.005280,0.002463,0.000873,-0.001607,-0.014545,-0.033025,0.011919,0.057674,0.004613,0.029190,0.111270,-0.036490,0.093383,0.151698,0.039202,0.183483,0.041347,-0.071825,-0.005840,0.066529,-0.059699,-0.013642,0.063265,-0.026962,-0.012625
-0.005426,-0.006497,0.009531,0.019863,-0.004145,0.003435,0.013689,-0.004232,0.002463,0.004425,-0.002788,0.000909,0.016736,-0.001676,0.000070,0.025677,-0.006815,-0.003927,0.002923,0.000662,-0.000826,-0.009155,-0.038108,0.013927,0.040085,-0.013421,0.025594,0.098557,-0.051207,0.061792,0.135904,0.049989,0.151020,0.025994,-0.054475,0.003398,0.046194,-0.044245,-0.007027,0.045844,-0.019256,-0.011529
0.001194,-0.004853,0.009732,0.021719,-0.003996,0.006122,0.007991,-0.004793,0.003489,0.003202,-0.001378,0.002683,0.019979,-0.000991,0.002028,0.019222,-0.007173,-0.002621,0.003767,0.001635,-0.000366,-0.003155,-0.041900,0.016083,0.020388,-0.030243,0.021614,0.075960,-0.060454,0.028928,0.095026,0.036493,0.091694,0.010985,-0.036434,0.012815,0.023691,-0.029446,0.001693,0.026166,-0.014755,-0.006413
0.006964,-0.004088,0.008377,0.024965,-0.004759,0.007023,0.002103,-0.005110,0.003418,0.001695,-0.000269,0.003345,0.023372,-0.001351,0.002523,0.012017,-0.007064,-0.001629,0.004429,0.002232,-0.000323,0.002321,-0.043929,0.017681,-0.001230,-0.045198,0.016800,0.045917,-0.065610,-0.001677,0.040218,-0.000642,0.019096,-0.003018,-0.017487,0.021192,0.002103,-0.014003,0.011180,0.004914,-0.009723,0.000755
0.011300,-0.005156,0.007048,0.029464,-0.006099,0.006036,-0.004156,-0.004864,0.002130,0.000687,0.001367,0.002939,0.026579,-0.002677,0.001709,0.005628,-0.006519,-0.000906,0.004523,0.002067,-0.000427,0.006852,-0.043586,0.018254,-0.023331,-0.057781,0.011004,0.012484,-0.068201,-0.027046,-0.011601,-0.045818,-0.045720,-0.015493,0.001696,0.027695,-0.016983,0.001975,0.019864,-0.016465,-0.001848,0.007941
0.014778,-0.007616,0.007077,0.034208,-0.007418,0.004486,-0.010649,-0.004174,0.000548,0.000358,0.002893,0.002392,0.029524,-0.004234,0.000604,0.000810,-0.005930,-0.000298,0.003902,0.001441,-0.000382,0.010989,-0.040525,0.017834,-0.043131,-0.067313,0.004708,-0.019625,-0.069046,-0.044362,-0.047163,-0.081392,-0.085286,-0.025672,0.019718,0.032154,-0.033351,0.016975,0.026484,-0.035872,0.007351,0.014032
0.018701,-0.010467,0.008153,0.038188,-0.008525,0.003366,-0.016737,-0.003428,-0.000553,0.000223,0.003254,0.002293,0.032104,-0.005595,-0.000148,-0.002814,-0.005582,0.000313,0.002515,0.000218,-0.000108,0.015866,-0.035169,0.016635,-0.057310,-0.073020,-0.001312,-0.046210,-0.068115,-0.051443,-0.064105,-0.099719,-0.093489,-0.032131,0.035077,0.034627,-0.046673,0.029087,0.030430,-0.051631,0.013685,0.017681
0.023877,-0.012660,0.008558,0.040996,-0.009594,0.002645,-0.021374,-0.003033,-0.001180,-0.000206,0.002300,0.002375,0.034135,-0.006821,-0.000638,-0.006046,-0.005476,0.000887,0.000582,-0.001633,0.000229,0.022029,-0.028819,0.014798,-0.063587,-0.074441,-0.006360,-0.064966,-0.064913,-0.047790,-0.069707,-0.102903,-0.075467,-0.033380,0.046693,0.035050,-0.055758,0.037095,0.031693,-0.062831,0.015161,0.016557
0.029656,-0.013134,0.007038,0.042609,-0.010483,0.002144,-0.023561,-0.003299,-0.001732,-0.000755,0.000785,0.002102,0.035646,-0.007767,-0.000972,-0.009163,-0.005578,0.001237,-0.001268,-0.003109,0.000370,0.028523,-0.023160,0.012605,-0.062157,-0.071760,-0.009815,-0.076315,-0.058999,-0.035149,-0.072409,-0.095017,-0.042757,-0.029275,0.053997,0.033536,-0.059191,0.040968,0.030627,-0.068392,0.015538,0.009686
0.034227,-0.011285,0.004265,0.042973,-0.010558,0.002283,-0.023022,-0.004313,-0.002321,-0.000777,-0.000512,0.001420,0.036936,-0.007842,-0.000735,-0.011621,-0.006007,0.001232,-0.002312,-0.002933,0.000217,0.033324,-0.019423,0.010693,-0.055699,-0.065731,-0.011096,-0.082566,-0.050455,-0.017046,-0.075183,-0.079547,-0.008149,-0.021651,0.056842,0.030780,-0.056322,0.041690,0.027791,-0.066503,0.021536,0.000445
0.035983,-0.007875,0.002302,0.042154,-0.009421,0.003480,-0.020577,-0.005766,-0.002732,0.000048,-0.001257,0.000737,0.038122,-0.006746,0.000496,-0.012451,-0.006846,0.000999,-0.002242,-0.001119,-0.000020,0.034890,-0.017754,0.009730,-0.047704,-0.057300,-0.009992,-0.085704,-0.040089,0.002328,-0.076643,-0.063410,0.018696,-0.013198,0.055600,0.027795,-0.047594,0.040683,0.023838,-0.056109,0.034846,-0.004854
0.034787,-0.005044,0.002839,0.040642,-0.007501,0.005210,-0.017695,-0.007068,-0.002957,0.001372,-0.001466,0.000250,0.038768,-0.005097,0.002401,-0.010879,-0.007903,0.000820,-0.001268,0.000928,-0.000003,0.033417,-0.017325,0.009832,-0.040210,-0.047376,-0.007020,-0.085947,-0.029138,0.019463,-0.075436,-0.055812,0.034855,-0.005463,0.051240,0.025155,-0.034232,0.039090,0.019139,-0.039195,0.047010,-0.002610
0.032229,-0.004732,0.006057,0.039063,-0.005617,0.006373,-0.015525,-0.007795,-0.003355,0.002578,-0.001396,-0.000308,0.038286,-0.003847,0.004121,-0.006880,-0.008853,0.000800,0.000155,0.001929,0.000368,0.030827,-0.017160,0.010552,-0.032668,-0.036962,-0.003137,-0.082261,-0.018728,0.032757,-0.071180,-0.058411,0.044786,0.002176,0.045176,0.022777,-0.017976,0.037295,0.013412,-0.020424,0.045292,0.004614
0.030824,-0.006845,0.010890,0.037492,-0.004116,0.006736,-0.014297,-0.008055,-0.004014,0.003223,-0.001512,-0.001063,0.036713,-0.003156,0.005242,-0.001460,-0.009634,0.000706,0.001590,0.001893,0.000789,0.029660,-0.017034,0.011570,-0.022743,-0.027376,0.001095,-0.073630,-0.009740,0.042837,-0.062944,-0.060627,0.055884,0.011747,0.038955,0.020578,-0.000982,0.035054,0.005952,-0.003509,0.026059,0.010875
0.032672,-0.009202,0.015872,0.035405,-0.002655,0.007429,-0.013531,-0.008375,-0.004361,0.003176,-0.002132,-0.001544,0.034933,-0.002212,0.006279,0.003671,-0.010538,0.000234,0.002756,0.001760,0.000830,0.031677,-0.017810,0.013231,-0.008303,-0.020128,0.006003,-0.059461,-0.003108,0.051102,-0.049571,-0.050121,0.071379,0.024983,0.033766,0.019081,0.014893,0.032056,-0.003563,0.011521,0.000532,0.011593
0.038276,-0.009385,0.019718,0.032648,-0.000762,0.009656,-0.012746,-0.009248,-0.003879,0.002664,-0.002900,-0.001277,0.034190,-0.000268,0.008080,0.006943,-0.011862,-0.000539,0.003645,0.002322,0.000424,0.036944,-0.021059,0.016193,0.011171,-0.016544,0.012365,-0.039166,0.000037,0.057306,-0.030714,-0.027324,0.086268,0.042233,0.029785,0.019019,0.029587,0.028320,-0.014555,0.027231,-0.014866,0.004268
0.046284,-0.006591,0.021615,0.030568,0.001551,0.013304,-0.012293,-0.010787,-0.003012,0.002129,-0.002831,-0.000574,0.035744,0.002399,0.010942,0.007403,-0.013583,-0.001064,0.004439,0.003783,-0.000013,0.043878,-0.028085,0.020615,0.035067,-0.017492,0.020585,-0.011664,-0.001311,0.058476,-0.004236,-0.009104,0.088106,0.062789,0.025990,0.020372,0.045789,0.024195,-0.025764,0.047005,-0.012333,-0.013142
0.054554,-0.001786,0.021454,0.032078,0.003684,0.017223,-0.013924,-0.012713,-0.002883,0.001826,-0.001322,-0.000214,0.041189,0.004727,0.014419,0.004149,-0.015457,-0.000784,0.005176,0.006123,-0.000040,0.050456,-0.038869,0.025836,0.063525,-0.023446,0.030333,0.025018,-0.007655,0.050244,0.038125,-0.026078,0.057015,0.086188,0.021134,0.022008,0.068130,0.020394,-0.035782,0.076406,0.004350,-0.039838
0.062118,0.003490,0.019888,0.040472,0.004837,0.020653,-0.020644,-0.014575,-0.004169,0.001720,0.000760,-0.000366,0.052746,0.005879,0.017831,-0.004594,-0.017306,0.000402,0.005634,0.009460,0.000261,0.056050,-0.051970,0.030864,0.098990,-0.034917,0.040919,0.073909,-0.019133,0.029286,0.109757,-0.124385,-0.039772,0.113576,0.015251,0.022429,0.101192,0.018091,-0.043085,0.125693,0.028795,-0.065970
0.070614,0.008172,0.018059,0.057958,0.004559,0.023906,-0.035674,-0.015981,-0.006673,0.001929,0.001337,-0.000259,0.072751,0.005817,0.020872,-0.021345,-0.019028,0.002291,0.005806,0.013773,0.000391,0.062577,-0.066047,0.035192,0.146203,-0.053231,0.052006,0.138749,-0.036257,-0.005151,0.222934,-0.361132,-0.251671,0.148460,0.010149,0.020869,0.148093,0.018449,-0.045272,0.209218,0.065343,-0.069876
0.083576,0.011725,0.017193,0.085183,0.003045,0.027643,-0.061117,-0.016704,-0.010113,0.002947,-0.001019,0.000839,0.102630,0.004976,0.023744,-0.047923,-0.020395,0.004881,0.006315,0.018342,0.000035,0.073600,-0.081502,0.039133,0.210713,-0.080915,0.064018,0.223475,-0.060618,-0.051563,0.386518,-0.775052,-0.630517,0.196169,0.008354,0.017621,0.210581,0.021757,-0.038179,0.341182,0.139193,-0.023057
0.103513,0.013624,0.018336,0.121957,0.000915,0.031826,-0.097334,-0.016668,-0.014982,0.005060,-0.005386,0.002546,0.142436,0.003631,0.026761,-0.084086,-0.021084,0.008425,0.007892,0.021858,-0.000658,0.091524,-0.099917,0.043415,0.296530,-0.120669,0.077869,0.332402,-0.094712,-0.108230,0.612217,-1.343671,-1.193759,0.261607,0.011841,0.013361,0.290408,0.027681,-0.016144,0.530445,0.291630,0.099696
0.129192,0.013207,0.022198,0.168168,-0.001363,0.035696,-0.143349,-0.015919,-0.022269,0.007695,-0.009009,0.003612,0.191350,0.001666,0.029918,-0.127685,-0.020956,0.012969,0.010490,0.023528,-0.001388,0.115158,-0.121601,0.048632,0.403767,-0.173198,0.094375,0.470269,-0.140655,-0.175406,0.919110,-1.968202,-1.889261,0.346406,0.021689,0.008433,0.390972,0.037076,0.025960,0.776224,0.551350,0.308364
0.155882,0.010136,0.028947,0.223797,-0.003871,0.038637,-0.197659,-0.014600,-0.032362,0.009837,-0.009854,0.003213,0.248354,-0.001205,0.032942,-0.176185,-0.020148,0.018184,0.013367,0.024056,-0.002031,0.140053,-0.144265,0.055162,0.527510,-0.235647,0.113937,0.640086,-0.198427,-0.254749,1.323995,-2.513840,-2.599856,0.447698,0.038143,0.002976,0.517548,0.053064,0.090325,1.066201,0.901407,0.587877
0.178662,0.004940,0.037987,0.288194,-0.007025,0.040801,-0.258869,-0.012925,-0.044574,0.011100,-0.008500,0.001726,0.312448,-0.005119,0.035715,-0.228280,-0.018795,0.023768,0.016036,0.024963,-0.002572,0.161616,-0.164304,0.063304,0.659243,-0.302027,0.136489,0.839198,-0.264804,-0.345060,1.822170,-2.883684,-3.197857,0.559371,0.060031,-0.002559,0.674555,0.078982,0.175365,1.380541,1.283770,0.900743
0.195944,-0.000911,0.048085,0.359620,-0.010887,0.042906,-0.326092,-0.011150,-0.057896,0.011989,-0.007139,0.000083,0.382587,-0.009881,0.038639,-0.284569,-0.016764,0.029866,0.018600,0.026670,-0.002895,0.178386,-0.179011,0.073089,0.790462,-0.365510,0.161326,1.057419,-0.333986,-0.438536,2.377196,-3.068310,-3.610288,0.674552,0.084021,-0.007420,0.860920,0.114604,0.276207,1.702257,1.646319,1.208472
0.210637,-0.005495,0.057923,0.435743,-0.014752,0.045716,-0.399327,-0.009562,-0.072004,0.012938,-0.006774,-0.001329,0.457889,-0.014985,0.042649,-0.347221,-0.013719,0.037035,0.020942,0.027684,-0.002707,0.193160,-0.187382,0.083895,0.916141,-0.421173,0.186754,1.280443,-0.399936,-0.523070,2.930139,-3.131678,-3.841801,0.787678,0.105324,-0.011096,1.067890,0.155175,0.384719,2.026571,1.977528,1.497890
0.228701,-0.007376,0.066555,0.514735,-0.017653,0.049672,-0.479568,-0.008421,-0.087302,0.013402,-0.006023,-0.002847,0.537816,-0.019978,0.048710,-0.418997,-0.009360,0.045870,0.022070,0.026055,-0.001656,0.211732,-0.189195,0.094371,1.035370,-0.467143,0.209946,1.496620,-0.459003,-0.589438,3.419929,-3.151584,-3.941133,0.895193,0.120145,-0.013691,1.282396,0.195234,0.489419,2.358965,2.285473,1.783178
0.256200,-0.006629,0.073443,0.595986,-0.019423,0.054616,-0.568156,-0.007785,-0.104113,0.012254,-0.003036,-0.004772,0.621798,-0.025001,0.056997,-0.501877,-0.003470,0.056634,0.020771,0.021278,0.000463,0.240145,-0.183948,0.102807,1.148394,-0.503170,0.227383,1.701500,-0.511178,-0.636214,3.800223,-3.167638,-3.945161,0.994474,0.127645,-0.015753,1.493743,0.233671,0.578175,2.700897,2.551153,2.072576
0.296040,-0.005087,0.078506,0.679670,-0.020967,0.059684,-0.665478,-0.007346,-0.122153,0.009142,0.001820,-0.006834,0.708540,-0.030826,0.066500,-0.595545,0.004224,0.069101,0.016904,0.014475,0.003562,0.281430,-0.171289,0.107837,1.252173,-0.528270,0.236087,1.896897,-0.559625,-0.668664,4.046488,-3.170512,-3.845301,1.081696,0.129203,-0.017738,1.698102,0.274801,0.644122,3.035075,2.718547,2.329325
0.345954,-0.005199,0.082395,0.765318,-0.023209,0.063700,-0.769669,-0.006550,-0.140826,0.005285,0.005880,-0.008572,0.795693,-0.038047,0.075640,-0.696388,0.013988,0.082530,0.011732,0.007227,0.007228,0.333365,-0.152584,0.109196,1.338525,-0.540007,0.235292,2.086301,-0.608902,-0.694515,4.155290,-3.126480,-3.597379,1.151007,0.125766,-0.019562,1.897336,0.324359,0.690031,3.324358,2.735878,2.473332
0.399318,-0.008211,0.086275,0.850326,-0.025961,0.065916,-0.875858,-0.005009,-0.159652,0.002746,0.006758,-0.010002,0.879804,-0.046204,0.083268,-0.797648,0.025640,0.095653,0.006904,0.000915,0.010766,0.389092,-0.131439,0.107985,1.397680,-0.536188,0.227309,2.270162,-0.662101,-0.720265,4.140579,-3.011974,-3.167044,1.197000,0.116634,-0.020640,2.093105,0.384144,0.726001,3.527997,2.603145,2.434994
0.448351,-0.013344,0.090915,0.929503,-0.028108,0.066438,-0.976279,-0.002836,-0.178027,0.002853,0.004490,-0.011608,0.956266,-0.053872,0.089079,-0.890777,0.038127,0.106894,0.003304,-0.003238,0.013380,0.440394,-0.112176,0.106042,1.425280,-0.517705,0.216536,2.442918,-0.718013,-0.748863,4.032092,-2.835797,-2.580515,1.218941,0.101280,-0.020451,2.280449,0.449538,0.761522,3.625623,2.378993,2.216000
0.487352,-0.018673,0.096015,0.996344,-0.028794,0.065975,-1.061891,-0.000552,-0.194713,0.005306,0.001047,-0.013692,1.019868,-0.059664,0.093279,-0.967670,0.049723,0.115018,0.000884,-0.004541,0.014594,0.481187,-0.097695,0.104804,1.426637,-0.490129,0.207093,2.593180,-0.770817,-0.778824,3.874275,-2.637151,-1.938713,1.222432,0.081824,-0.019075,2.446187,0.511382,0.798889,3.631397,2.144831,1.897945
0.514194,-0.022676,0.100589,1.045848,-0.028165,0.065274,-1.125760,0.001313,-0.208079,0.008671,-0.001699,-0.015976,1.066673,-0.063124,0.096146,-1.023351,0.058844,0.119790,-0.000727,-0.003474,0.014567,0.509197,-0.088593,0.104631,1.413983,-0.461909,0.200956,2.708832,-0.813426,-0.805703,3.716802,-2.462642,-1.372347,1.216515,0.062790,-0.017177,2.575199,0.560787,0.833514,3.585813,1.960684,1.589902
0.530037,-0.024982,0.103854,1.077142,-0.027029,0.064744,-1.166362,0.002529,-0.217126,0.011557,-0.003159,-0.017893,1.096219,-0.064732,0.097917,-1.057891,0.064837,0.121983,-0.001776,-0.001439,0.013930,0.525672,-0.083782,0.105074,1.399264,-0.440001,0.197901,2.784734,-0.842003,-0.825508,3.596266,-2.340608,-0.969712,1.208949,0.048260,-0.015503,2.660362,0.593620,0.859677,3.531222,1.845630,1.364841
