joint_0,joint_1,joint_2,joint_3,joint_4,joint_5,joint_6,joint_7,joint_8,joint_9,joint_10,joint_11,joint_12,joint_13,joint_14,joint_15,joint_16,joint_17,joint_18,joint_19,joint_20,joint_21,joint_22,joint_23,joint_24,joint_25,joint_26,joint_27,joint_28
-0.036743,-0.049735,-0.025233,0.018088,0.019810,-0.035721,0.012217,0.016790,0.000000,0.027663,0.028775,0.015389,-0.037009,-0.029504,-0.005545,0.064488,0.077896,0.013977,-0.028572,0.048940,0.029627,-0.061854,0.020688,-0.019491,-0.096180,-0.013763,0.032729,0.012479,-0.070040
-0.029768,-0.046043,-0.012525,0.010850,0.009035,-0.023620,0.017431,0.018733,0.000000,0.028782,0.039183,0.003769,-0.025384,-0.029597,-0.018858,0.043243,0.056244,0.004929,-0.015691,0.038248,0.024117,-0.052267,0.018694,0.006824,-0.054232,-0.008682,0.000292,-0.018072,-0.069485
-0.015818,-0.038660,0.012890,-0.003626,-0.012515,0.000582,0.027859,0.022621,0.000000,0.031021,0.059999,-0.019469,-0.002135,-0.029782,-0.045485,0.000754,0.012940,-0.013167,0.010071,0.016864,0.013097,-0.033093,0.014704,0.059453,0.029662,0.001479,-0.064582,-0.079174,-0.068376
-0.004505,-0.031517,-0.003416,-0.018153,-0.027411,0.003114,0.033854,0.033771,0.000000,0.042877,0.069438,-0.019072,-0.010698,-0.043721,-0.056375,-0.004299,0.013316,0.002204,0.007167,0.012833,0.017699,-0.013122,0.020062,0.056451,0.007625,0.004148,-0.009263,-0.080979,0.011146
0.001152,-0.027945,-0.011569,-0.025416,-0.034859,0.004380,0.036851,0.039346,0.000000,0.048805,0.074158,-0.018874,-0.014979,-0.050690,-0.061820,-0.006825,0.013504,0.009890,0.005715,0.010818,0.019999,-0.003137,0.022741,0.054951,-0.003394,0.005482,0.018397,-0.081881,0.050907
0.020564,-0.008976,0.050123,0.033287,0.027949,0.029206,0.023526,0.029691,0.000000,0.063046,0.073739,-0.010924,0.012152,-0.063066,-0.028884,-0.021505,0.025232,-0.007056,-0.026867,0.011857,0.010454,0.011632,0.014245,-0.012373,-0.085668,0.020899,0.108524,0.014242,0.041775
0.017158,-0.009828,0.051242,0.031994,0.026768,0.035522,0.027173,0.030972,0.000000,0.053012,0.055991,-0.014287,0.007167,-0.056547,-0.029781,-0.023615,0.025485,-0.003956,-0.015330,0.011996,0.001557,0.009449,0.014445,-0.025760,-0.076296,0.020096,0.076696,0.018401,0.016040
0.010346,-0.011530,0.053479,0.029409,0.024408,0.048153,0.034469,0.033533,0.000000,0.032945,0.020496,-0.021014,-0.002804,-0.043509,-0.031575,-0.027835,0.025990,0.002244,0.007745,0.012273,-0.016237,0.005084,0.014845,-0.052535,-0.057553,0.018491,0.013040,0.026721,-0.035431
0.007614,-0.003388,0.028573,0.007697,0.002763,0.041145,0.019434,0.013773,0.000000,0.012815,0.016087,-0.006793,-0.001746,-0.029282,-0.023825,-0.022234,0.025756,0.005146,0.008711,0.011315,-0.025356,0.023929,-0.010240,-0.038356,0.002717,-0.075437,0.011146,0.016283,-0.002302
0.006248,0.000683,0.016120,-0.003158,-0.008059,0.037641,0.011917,0.003893,0.000000,0.002750,0.013883,0.000318,-0.001218,-0.022168,-0.019949,-0.019433,0.025639,0.006598,0.009195,0.010836,-0.029915,0.033351,-0.022782,-0.031267,0.032852,-0.122401,0.010200,0.011064,0.014263
0.019383,0.033596,0.003913,-0.012101,-0.019969,0.049862,0.001877,-0.012063,0.000000,-0.022091,-0.035738,0.006807,0.017188,-0.011139,-0.011515,-0.011065,0.017325,0.037597,-0.004304,0.007743,-0.037847,0.049316,-0.032916,0.068888,0.011974,-0.126896,-0.064089,-0.078827,-0.042543
0.028577,0.036929,0.013018,-0.003285,-0.009741,0.046139,0.004380,-0.010434,0.000000,-0.032514,-0.043509,-0.000343,0.014651,-0.009381,-0.005663,-0.012465,0.019978,0.016109,-0.002677,-0.002831,-0.040672,0.048020,-0.032366,0.057600,0.027465,-0.120774,-0.059899,-0.082528,-0.045083
0.046964,0.043595,0.031228,0.014348,0.010717,0.038694,0.009386,-0.007177,0.000000,-0.053362,-0.059052,-0.014643,0.009577,-0.005866,0.006040,-0.015265,0.025285,-0.026867,0.000577,-0.023977,-0.046323,0.045429,-0.031266,0.035025,0.058447,-0.108532,-0.051521,-0.089930,-0.050162
0.049548,0.036471,0.037188,0.019827,0.011996,0.029191,0.025992,0.000239,0.000000,-0.071899,-0.077295,-0.020552,-0.014743,-0.002038,0.017170,-0.007586,0.015494,-0.012746,-0.017084,-0.013771,-0.043975,0.028656,-0.024879,-0.028239,0.016190,-0.173015,0.001516,-0.204858,0.019160
0.050840,0.032909,0.040167,0.022566,0.012635,0.024439,0.034294,0.003947,0.000000,-0.081167,-0.086417,-0.023507,-0.026903,-0.000123,0.022735,-0.003746,0.010598,-0.005685,-0.025915,-0.008668,-0.042802,0.020269,-0.021686,-0.059871,-0.004938,-0.205257,0.028034,-0.262321,0.053820
0.053058,0.054570,0.029836,0.032929,0.027582,0.028622,0.037464,0.003875,0.000000,-0.103490,-0.140730,-0.036314,-0.023180,0.038991,0.052678,0.013518,0.003463,0.052441,0.031489,-0.024230,-0.018906,0.018904,-0.008982,0.019805,-0.053909,-0.217736,-0.003706,-0.335156,0.042026
0.055635,0.051194,0.031790,0.038012,0.028464,0.018663,0.039872,0.001778,0.000000,-0.109990,-0.140138,-0.033657,-0.024061,0.033179,0.054666,0.016995,0.003341,0.027413,0.018376,-0.022105,-0.010379,0.014884,-0.005628,0.051702,-0.028775,-0.208249,-0.012906,-0.342620,0.023394
0.060790,0.044442,0.035699,0.048179,0.030227,-0.001256,0.044688,-0.002417,0.000000,-0.122988,-0.138953,-0.028344,-0.025824,0.021553,0.058642,0.023948,0.003098,-0.022644,-0.007848,-0.017855,0.006674,0.006844,0.001081,0.115496,0.021495,-0.189276,-0.031306,-0.357547,-0.013869
0.045402,0.040697,0.004832,0.026217,0.017227,-0.006726,0.037403,-0.001717,0.000000,-0.118649,-0.139871,-0.022740,-0.034763,0.035814,0.046787,0.029622,0.000025,0.014904,0.017700,0.004571,0.027123,-0.016937,-0.007600,0.149269,0.016178,-0.180477,-0.010422,-0.418379,-0.014939
0.037708,0.038824,-0.010602,0.015235,0.010727,-0.009461,0.033760,-0.001366,0.000000,-0.116479,-0.140330,-0.019938,-0.039232,0.042945,0.040859,0.032458,-0.001511,0.033678,0.030473,0.015783,0.037347,-0.028827,-0.011941,0.166155,0.013519,-0.176077,0.000020,-0.448794,-0.015474
0.019644,0.020750,-0.055804,-0.010242,-0.020531,-0.036584,0.023951,-0.007794,0.000000,-0.112896,-0.105000,-0.014981,-0.050349,0.047347,0.034912,0.075646,-0.007103,0.017306,0.003525,0.007329,0.055711,-0.064764,-0.016863,0.214137,-0.059307,-0.058207,0.080564,-0.491339,0.052414
0.022141,0.025796,-0.041913,0.000522,-0.007315,-0.028470,0.017898,-0.011849,0.000000,-0.101743,-0.103352,-0.027416,-0.049865,0.041180,0.036368,0.061711,-0.009373,0.000985,0.001181,0.000739,0.050493,-0.051961,-0.002609,0.292434,-0.031644,-0.029280,0.043218,-0.472875,0.050405
0.027133,0.035888,-0.014132,0.022051,0.019118,-0.012241,0.005792,-0.019959,0.000000,-0.079436,-0.100057,-0.052285,-0.048897,0.028844,0.039280,0.033840,-0.013913,-0.031659,-0.003508,-0.012440,0.040055,-0.026357,0.025899,0.449027,0.023683,0.028572,-0.031474,-0.435947,0.046387
0.012895,0.019969,-0.015690,0.019510,0.009723,-0.007537,0.007760,-0.016665,0.000000,-0.068305,-0.082552,-0.058438,-0.047318,0.009302,0.024255,0.049955,-0.039119,-0.032451,-0.003140,-0.040419,0.016571,-0.037902,0.013129,0.231057,0.130773,-0.040685,-0.097283,-0.362255,0.059887
0.005776,0.012009,-0.016469,0.018240,0.005025,-0.005185,0.008743,-0.015018,0.000000,-0.062739,-0.073800,-0.061514,-0.046529,-0.000468,0.016742,0.058012,-0.051722,-0.032847,-0.002956,-0.054408,0.004829,-0.043675,0.006743,0.122072,0.184318,-0.075314,-0.130188,-0.325409,0.066637
-0.010954,-0.006241,-0.057823,-0.023261,-0.026610,-0.030865,0.008562,-0.008710,0.000000,-0.053723,-0.041167,-0.060366,-0.046574,0.032942,0.018529,0.061293,-0.045030,0.046615,0.003000,-0.051043,-0.000586,-0.039786,-0.002093,0.141858,0.004942,-0.008731,-0.099406,-0.148874,0.083245
-0.011641,-0.008489,-0.057224,-0.026717,-0.030087,-0.033536,0.009692,-0.003997,0.000000,-0.049409,-0.034958,-0.058691,-0.044039,0.027463,0.010302,0.058353,-0.041743,0.038664,0.001674,-0.045396,0.000530,-0.033190,-0.005526,0.132284,0.017814,-0.017308,-0.108458,-0.163626,0.024863
-0.013014,-0.012985,-0.056026,-0.033630,-0.037041,-0.038878,0.011954,0.005431,0.000000,-0.040780,-0.022541,-0.055341,-0.038969,0.016505,-0.006150,0.052473,-0.035168,0.022762,-0.000977,-0.034100,0.002760,-0.019999,-0.012391,0.113135,0.043556,-0.034462,-0.126561,-0.193129,-0.091901
-0.025185,-0.027255,-0.030126,-0.005751,-0.003095,-0.038699,0.005362,0.001329,0.000000,-0.024124,-0.022873,-0.059252,-0.044872,0.011084,0.004200,0.045113,-0.038563,0.011262,-0.006827,-0.015086,-0.018199,-0.004153,-0.029577,0.093723,-0.128252,-0.119872,0.016991,-0.102527,0.090498
-0.031271,-0.034389,-0.017177,0.008189,0.013878,-0.038610,0.002066,-0.000722,0.000000,-0.015796,-0.023038,-0.061208,-0.047824,0.008374,0.009375,0.041433,-0.040260,0.005511,-0.009752,-0.005579,-0.028678,0.003771,-0.038170,0.084017,-0.214157,-0.162576,0.088767,-0.057225,0.181698
-0.017724,-0.018336,-0.003978,0.025816,0.019588,-0.018793,0.011016,0.008275,0.000000,0.008347,-0.013289,-0.035074,-0.051831,-0.017033,0.005581,0.023846,-0.026527,0.011714,-0.007779,0.008514,0.013312,-0.015223,0.064707,0.052903,-0.148686,-0.070600,-0.158992,0.067432,-0.002637
-0.026093,-0.025965,-0.007199,0.019740,0.017593,-0.020181,0.005346,0.005348,0.000000,0.012991,-0.004274,-0.029563,-0.047345,-0.016202,0.000134,0.026385,-0.028067,-0.003524,0.005376,0.021641,0.015742,-0.022811,0.039552,0.047622,-0.236228,-0.046673,-0.099715,0.029199,0.062467
-0.042830,-0.041224,-0.013642,0.007588,0.013602,-0.022955,-0.005992,-0.000505,0.000000,0.022280,0.013758,-0.018541,-0.038372,-0.014539,-0.010761,0.031465,-0.031147,-0.033999,0.031684,0.047894,0.020602,-0.037986,-0.010757,0.037060,-0.411312,0.001180,0.018840,-0.047267,0.192676
-0.041623,-0.033969,-0.034064,-0.012614,-0.012289,-0.024559,-0.003669,0.002906,0.000000,0.041847,0.033680,-0.001991,-0.033442,-0.023785,-0.024792,0.026481,-0.025802,0.017736,0.011780,0.018303,0.039798,-0.020898,0.001392,0.067718,-0.247316,-0.046269,-0.065794,0.070746,0.116556
-0.041020,-0.030341,-0.044275,-0.022714,-0.025235,-0.025361,-0.002507,0.004612,0.000000,0.051631,0.043641,0.006284,-0.030978,-0.028407,-0.031807,0.023988,-0.023129,0.043603,0.001827,0.003508,0.049396,-0.012354,0.007467,0.083047,-0.165318,-0.069993,-0.108111,0.129753,0.078496
-0.056434,-0.042783,-0.008080,0.008580,0.005387,0.000623,-0.022563,-0.009961,0.000000,0.071025,0.066297,0.012760,-0.026667,-0.020454,-0.034443,0.008250,-0.014555,-0.019999,-0.003747,0.008885,0.041254,-0.024743,0.018340,0.044020,-0.029020,-0.027882,-0.132798,0.046213,0.038908
-0.052718,-0.040697,-0.004396,0.006177,0.006136,-0.001197,-0.020526,-0.005477,0.000000,0.079343,0.069023,0.014796,-0.023316,-0.033731,-0.035596,0.008448,-0.015666,-0.005296,0.001832,0.004567,0.044569,-0.022428,0.010681,0.030930,-0.085344,-0.018240,-0.109446,0.030913,0.024140
-0.045286,-0.036525,0.002972,0.001372,0.007634,-0.004837,-0.016452,0.003493,0.000000,0.095980,0.074476,0.018867,-0.016615,-0.060287,-0.037901,0.008843,-0.017889,0.024110,0.012988,-0.004070,0.051198,-0.017797,-0.004637,0.004750,-0.197992,0.001044,-0.062742,0.000312,-0.005396
-0.050582,-0.045425,0.008374,0.008894,0.010175,-0.008058,-0.016227,0.000875,0.000000,0.095675,0.080556,0.013655,-0.014279,-0.045377,-0.034470,0.008945,-0.015698,0.002275,0.002257,-0.009140,0.032237,0.014151,-0.011876,0.008345,-0.233653,-0.003244,-0.028240,0.009986,0.014960
-0.053229,-0.049875,0.011075,0.012654,0.011445,-0.009669,-0.016115,-0.000434,0.000000,0.095522,0.083596,0.011049,-0.013111,-0.037922,-0.032754,0.008997,-0.014602,-0.008643,-0.003108,-0.011675,0.022757,0.030126,-0.015496,0.010143,-0.251484,-0.005388,-0.010989,0.014822,0.025138
-0.052539,-0.038159,0.014881,-0.002418,-0.010298,0.022117,-0.026659,-0.005697,0.000000,0.098004,0.093291,0.015857,-0.003895,-0.042667,-0.053994,0.018491,-0.034592,0.013652,-0.028515,-0.033257,0.009958,-0.011935,0.011222,-0.084129,-0.187091,0.060200,0.062897,-0.018741,-0.040332
-0.042052,-0.030653,0.010150,-0.008790,-0.009321,0.020688,-0.024478,-0.000740,0.000000,0.092767,0.089473,0.015427,-0.002447,-0.041228,-0.052508,0.014259,-0.028386,0.008860,-0.006415,-0.025344,0.003035,0.000404,0.011299,-0.043032,-0.159339,0.092450,0.077521,-0.002599,-0.019540
-0.021079,-0.015643,0.000690,-0.021535,-0.007367,0.017831,-0.020115,0.009175,0.000000,0.082294,0.081836,0.014568,0.000449,-0.038350,-0.049536,0.005795,-0.015973,-0.000725,0.037785,-0.009518,-0.010811,0.025084,0.011453,0.039162,-0.103834,0.156950,0.106768,0.029685,0.022046
-0.012319,-0.010948,0.024685,-0.003340,-0.007350,0.024366,-0.007207,0.004382,0.000000,0.064768,0.069679,0.007607,0.008324,-0.038240,-0.043942,-0.003617,-0.019127,-0.010515,0.002021,-0.054236,-0.030051,0.001414,0.008770,-0.065605,-0.072775,0.273874,0.123213,0.273858,0.000489
-0.007939,-0.008601,0.036682,0.005757,-0.007342,0.027633,-0.000753,0.001985,0.000000,0.056005,0.063601,0.004127,0.012261,-0.038185,-0.041145,-0.008323,-0.020704,-0.015411,-0.015861,-0.076595,-0.039671,-0.010422,0.007429,-0.117989,-0.057245,0.332336,0.131436,0.395945,-0.010289
-0.019276,-0.012120,0.036029,0.009422,0.011612,0.039771,-0.013416,-0.008107,0.000000,0.042361,0.030191,-0.028213,0.016136,-0.023015,-0.006551,-0.014142,-0.007740,-0.014656,0.016626,-0.063747,-0.010720,-0.026691,-0.019787,-0.574840,0.013654,0.352520,0.064252,0.723887,-0.092904
-0.020688,-0.014945,0.035108,0.006824,0.003765,0.033732,-0.010635,-0.005423,0.000000,0.042999,0.035746,-0.027685,0.012258,-0.024160,-0.014581,-0.011342,-0.006191,-0.001916,0.001936,-0.049160,-0.012382,-0.025012,-0.024791,-0.564152,0.040006,0.334705,0.045484,0.658090,-0.092836
-0.023510,-0.020596,0.033266,0.001626,-0.011928,0.021654,-0.005074,-0.000055,0.000000,0.044274,0.046856,-0.026627,0.004501,-0.026449,-0.030642,-0.005740,-0.003094,0.023562,-0.027443,-0.019987,-0.015705,-0.021656,-0.034798,-0.542777,0.092711,0.299074,0.007947,0.526497,-0.092701
-0.015602,-0.009884,0.010582,-0.029389,-0.020543,0.030312,-0.021875,-0.001516,0.000000,0.049696,0.060339,-0.037201,0.016795,-0.023430,-0.029234,0.001850,-0.004869,0.002692,0.006872,0.010520,-0.018126,0.006587,-0.048177,-0.439327,0.067861,0.295316,0.016360,0.428786,-0.032881
-0.011648,-0.004528,-0.000760,-0.044897,-0.024851,0.034640,-0.030275,-0.002246,0.000000,0.052407,0.067080,-0.042488,0.022942,-0.021921,-0.028530,0.005645,-0.005757,-0.007744,0.024029,0.025773,-0.019336,0.020709,-0.054866,-0.387602,0.055437,0.293437,0.020566,0.379930,-0.002971
0.003483,0.009592,0.025635,-0.003651,-0.020750,0.019726,-0.015670,-0.010236,0.000000,0.058748,0.073893,-0.039908,-0.003916,-0.035647,-0.049373,0.020604,-0.016385,-0.013323,-0.017496,0.061377,0.001500,0.059218,-0.018824,-0.287547,0.045568,0.143356,0.033904,0.127207,0.010875
0.001116,0.007932,0.014315,-0.007670,-0.014434,0.013573,-0.017387,-0.005685,0.000000,0.061297,0.069288,-0.031767,-0.000882,-0.031903,-0.043428,0.033165,-0.020119,-0.007873,-0.004066,0.066082,0.005040,0.054036,-0.025404,-0.399590,0.085107,0.057410,0.057593,0.106413,0.018560
-0.003619,0.004613,-0.008324,-0.015707,-0.001802,0.001265,-0.020822,0.003416,0.000000,0.066397,0.060078,-0.015485,0.005186,-0.024415,-0.031538,0.058286,-0.027587,0.003026,0.022794,0.075492,0.012118,0.043674,-0.038565,-0.623676,0.164186,-0.114481,0.104973,0.064825,0.033930
-0.009987,-0.010250,0.010844,-0.008091,-0.011570,-0.000891,-0.013449,-0.002540,0.000000,0.040410,0.048698,-0.022519,-0.017121,-0.017182,-0.019179,0.047138,-0.022701,-0.013614,-0.010233,0.070336,-0.004095,0.002944,-0.001257,-0.273060,0.170861,0.000164,0.061818,0.010560,-0.065592
-0.013171,-0.017681,0.020429,-0.004282,-0.016453,-0.001968,-0.009763,-0.005519,0.000000,0.027416,0.043008,-0.026035,-0.028274,-0.013566,-0.012999,0.041564,-0.020259,-0.021934,-0.026747,0.067758,-0.012202,-0.017421,0.017397,-0.097752,0.174199,0.057487,0.040240,-0.016572,-0.115353
-0.027906,-0.009985,0.001668,-0.003365,0.013661,0.016309,-0.032798,-0.018055,0.000000,0.011820,0.000250,-0.020322,-0.017320,0.000835,0.004037,0.058927,-0.029275,-0.024046,0.022812,0.000048,-0.009548,-0.061311,-0.022343,0.043931,0.083068,0.015687,0.017805,0.042944,-0.025772
-0.027881,-0.011541,-0.003379,-0.008478,-0.000272,0.003729,-0.024036,-0.015356,0.000000,0.003849,-0.002220,-0.015451,-0.023348,0.006673,0.009017,0.064221,-0.031426,-0.000357,0.010811,-0.008970,-0.008506,-0.050147,-0.027412,0.101283,0.047240,-0.083883,0.043859,0.026604,-0.007159
-0.027831,-0.014652,-0.013474,-0.018703,-0.028140,-0.021431,-0.006511,-0.009959,0.000000,-0.012091,-0.007160,-0.005708,-0.035403,0.018348,0.018978,0.074809,-0.035729,0.047023,-0.013190,-0.027007,-0.006421,-0.027819,-0.037550,0.215988,-0.024418,-0.283022,0.095967,-0.006076,0.030066
-0.004864,-0.013958,-0.013650,-0.017379,-0.006403,-0.033253,0.000233,0.007737,0.000000,-0.023788,-0.003781,-0.005144,-0.035905,0.022175,0.010754,0.069031,-0.034145,-0.016874,-0.008498,-0.019905,0.007345,-0.027449,-0.016878,0.354147,0.106441,-0.193343,-0.023741,-0.020338,0.039971
0.006620,-0.013611,-0.013738,-0.016717,0.004465,-0.039165,0.003605,0.016586,0.000000,-0.029637,-0.002092,-0.004862,-0.036156,0.024089,0.006643,0.066141,-0.033353,-0.048823,-0.006152,-0.016354,0.014228,-0.027265,-0.006541,0.423226,0.171871,-0.148504,-0.083595,-0.027469,0.044924
0.030688,0.028625,0.028874,0.042686,0.038655,-0.042243,0.013045,0.011204,0.000000,0.024390,0.003033,0.011841,-0.020186,-0.013156,0.007358,0.055186,-0.022079,0.012447,0.009214,-0.032130,0.034893,0.012268,0.011563,-0.061839,0.174948,-0.259110,0.000718,-0.113622,-0.056409
0.039949,0.029246,0.011249,0.037522,0.033239,-0.054749,0.016458,0.016016,0.000000,0.031440,0.017041,0.027455,-0.016888,-0.019647,0.003820,0.060146,-0.008781,0.001474,0.006293,-0.030628,0.038899,0.004576,0.014761,-0.071587,0.140240,-0.236176,0.004791,-0.024351,-0.014175
0.058472,0.030488,-0.024001,0.027195,0.022407,-0.079761,0.023285,0.025640,0.000000,0.045540,0.045058,0.058683,-0.010293,-0.032628,-0.003256,0.070066,0.017814,-0.020473,0.000452,-0.027625,0.046911,-0.010808,0.021157,-0.091081,0.070825,-0.190308,0.012936,0.154189,0.070293
0.091307,0.036439,-0.051421,-0.007610,-0.011315,-0.122037,0.058365,0.068235,0.000000,0.046310,0.079283,0.072491,-0.014511,-0.029390,-0.026050,0.054994,0.046093,0.003474,0.017843,0.018885,0.043726,-0.002033,0.044570,0.107897,0.038276,-0.053129,-0.010925,0.116252,0.007003
0.107725,0.039414,-0.065132,-0.025013,-0.028176,-0.143175,0.075905,0.089533,0.000000,0.046695,0.096395,0.079395,-0.016621,-0.027771,-0.037446,0.047458,0.060233,0.015447,0.026539,0.042139,0.042134,0.002354,0.056277,0.207386,0.022002,0.015460,-0.022856,0.097284,-0.024641
0.148484,0.108697,-0.054710,-0.010723,-0.015057,-0.122753,0.045320,0.049224,0.000000,0.025853,0.053619,0.091640,-0.007895,-0.024242,-0.034942,0.010400,0.097484,-0.013032,0.050862,0.068803,-0.006397,0.040473,0.061558,-0.042563,0.071366,-0.009569,0.015752,0.077497,0.004873
0.126827,0.098422,-0.035991,0.009103,0.004919,-0.098930,0.034830,0.034560,0.000000,0.017513,0.029048,0.076928,-0.014688,-0.015910,-0.013056,0.000419,0.097913,-0.002983,0.026865,0.053691,-0.028967,0.047280,0.064733,-0.051932,0.092762,-0.006439,0.002952,0.125344,0.003985
0.083513,0.077870,0.001449,0.048755,0.044870,-0.051284,0.013850,0.005233,0.000000,0.000833,-0.020095,0.047502,-0.028274,0.000755,0.030718,-0.019543,0.098770,0.017114,-0.021130,0.023469,-0.074108,0.060896,0.071081,-0.070669,0.135554,-0.000179,-0.022649,0.221039,0.002209
0.061963,0.050170,-0.007625,0.024233,0.032290,-0.042674,0.011726,0.008965,0.000000,-0.043734,-0.050956,0.041189,-0.036557,0.020396,0.044905,-0.021758,0.105971,-0.011982,-0.021949,0.036713,-0.086508,-0.000325,0.022695,-0.106989,0.089356,0.078390,-0.016986,0.142284,-0.054591
0.051187,0.036321,-0.012162,0.011971,0.026001,-0.038369,0.010664,0.010831,0.000000,-0.066018,-0.066386,0.038032,-0.040698,0.030217,0.051999,-0.022866,0.109572,-0.026531,-0.022359,0.043335,-0.092708,-0.030936,-0.001498,-0.125149,0.066257,0.117674,-0.014154,0.102907,-0.082991
0.065303,0.067359,-0.059874,-0.033568,-0.032216,-0.045751,0.006834,-0.010519,0.000000,-0.102006,-0.091467,0.031006,-0.024830,0.045732,0.036524,-0.021354,0.113437,-0.026841,0.022692,-0.000079,-0.091799,0.003984,-0.030709,-0.224329,0.096690,0.179512,-0.082887,0.013976,-0.032836
0.065260,0.070987,-0.051128,-0.018877,-0.018126,-0.035555,0.006974,-0.010645,0.000000,-0.094317,-0.088513,0.025318,-0.026882,0.047645,0.038285,-0.023305,0.115616,-0.012977,0.013259,-0.017169,-0.070702,0.026231,-0.025168,-0.205423,0.069325,0.141547,-0.055562,0.007407,-0.008925
0.065174,0.078242,-0.033636,0.010506,0.010052,-0.015164,0.007256,-0.010898,0.000000,-0.078939,-0.082605,0.013942,-0.030987,0.051472,0.041807,-0.027207,0.119974,0.014750,-0.005607,-0.051349,-0.028510,0.070724,-0.014087,-0.167612,0.014597,0.065617,-0.000914,-0.005732,0.038897
0.091734,0.087991,-0.021507,-0.000267,-0.004505,-0.024331,0.018198,0.003892,0.000000,-0.058538,-0.057673,0.018353,-0.018148,0.034373,0.033453,-0.028853,0.096438,0.021043,-0.001749,-0.088233,0.000890,0.059683,0.032098,-0.035132,-0.034706,0.083931,-0.026014,-0.017310,0.067519
0.105014,0.092865,-0.015443,-0.005654,-0.011784,-0.028914,0.023669,0.011287,0.000000,-0.048337,-0.045208,0.020558,-0.011728,0.025823,0.029276,-0.029676,0.084670,0.024189,0.000180,-0.106675,0.015591,0.054162,0.055190,0.031108,-0.059357,0.093088,-0.038564,-0.023099,0.081831
0.089271,0.077344,-0.002337,0.015524,0.015353,-0.024912,0.016664,0.010170,0.000000,-0.028828,-0.029783,0.015737,-0.020581,-0.015287,-0.011502,-0.038528,0.107031,-0.061132,0.059655,-0.084986,0.047139,-0.013202,0.032913,0.022152,-0.039458,0.080099,0.079729,-0.082971,0.003090
0.075883,0.060416,0.004153,0.021778,0.022658,-0.020064,0.019973,0.016184,0.000000,-0.017883,-0.021716,0.016624,-0.018989,-0.012603,-0.000547,-0.038550,0.100247,-0.039204,0.028379,-0.085884,0.053635,-0.021263,0.025183,-0.002346,-0.066740,0.066432,0.055484,-0.074601,-0.002160
0.049106,0.026561,0.017133,0.034287,0.037269,-0.010370,0.026590,0.028211,0.000000,0.004009,-0.005583,0.018398,-0.015805,-0.007237,0.021362,-0.038593,0.086677,0.004652,-0.034171,-0.087680,0.066627,-0.037384,0.009723,-0.051343,-0.121303,0.039098,0.006995,-0.057860,-0.012660
0.038892,0.038034,0.011400,0.027485,0.024828,0.002403,0.004069,0.002473,0.000000,0.016643,-0.009984,0.016070,-0.007673,-0.011929,0.007099,-0.055545,0.083747,0.022752,-0.003163,-0.096199,0.064223,-0.008954,-0.022565,0.162297,-0.069599,0.005548,0.036954,-0.098809,0.014254
0.033785,0.043770,0.008533,0.024084,0.018607,0.008790,-0.007191,-0.010397,0.000000,0.022960,-0.012184,0.014906,-0.003607,-0.014276,-0.000032,-0.064021,0.082281,0.031803,0.012341,-0.100459,0.063020,0.005261,-0.038708,0.269116,-0.043747,-0.011227,0.051934,-0.119284,0.027711
0.021694,0.002764,-0.013925,-0.019819,-0.006884,-0.000929,0.009514,0.019484,0.000000,-0.008329,0.018779,-0.022625,-0.005574,0.008478,-0.000801,-0.066378,0.060583,0.000402,0.002195,-0.074885,0.006249,-0.006014,-0.008334,0.073303,-0.004435,0.071212,-0.079367,0.007055,0.065277
0.028882,0.016943,-0.013527,-0.014890,-0.007448,0.000735,0.007480,0.013355,0.000000,-0.004687,0.013188,-0.020825,0.002684,0.006477,-0.003247,-0.067442,0.060716,0.012711,-0.004890,-0.064622,0.009857,0.008696,-0.009735,0.039233,0.001739,0.042358,-0.034916,0.039361,0.043412
0.043259,0.045301,-0.012732,-0.005034,-0.008575,0.004063,0.003410,0.001098,0.000000,0.002596,0.002006,-0.017225,0.019199,0.002476,-0.008140,-0.069568,0.060982,0.037329,-0.019061,-0.044096,0.017073,0.038114,-0.012537,-0.028907,0.014086,-0.015350,0.053986,0.103972,-0.000317
0.035529,0.029882,-0.004713,0.013733,0.012091,0.000720,0.008143,0.004375,0.000000,-0.001934,-0.005583,-0.020288,0.010107,-0.002531,-0.001748,-0.064503,0.064202,0.003823,0.004946,-0.016267,0.004773,0.028927,0.005998,-0.016684,-0.006931,0.002154,0.008573,0.037063,0.007290
0.031664,0.022173,-0.000704,0.023116,0.022425,-0.000951,0.010510,0.006014,0.000000,-0.004199,-0.009377,-0.021819,0.005561,-0.005034,0.001448,-0.061971,0.065812,-0.012930,0.016950,-0.002352,-0.001377,0.024333,0.015265,-0.010573,-0.017440,0.010905,-0.014134,0.003609,0.011093
0.005121,0.003723,-0.002212,0.022908,0.020634,0.003842,-0.011307,-0.011338,0.000000,-0.010808,-0.008401,-0.041313,-0.001128,0.007038,0.019776,-0.051305,0.063281,-0.039045,-0.040776,0.033402,-0.007492,0.013444,0.022367,0.015729,-0.013045,0.023462,-0.032332,-0.040563,-0.020725
0.011635,0.006766,-0.015739,0.016950,0.014775,-0.008369,-0.003296,-0.005631,0.000000,-0.012656,-0.008101,-0.031395,-0.002628,0.004614,0.012787,-0.044647,0.063077,-0.022985,-0.021865,0.047544,0.002480,0.013122,0.012926,0.027406,-0.010193,0.007279,-0.012827,-0.051000,-0.006588
0.024662,0.012853,-0.042793,0.005035,0.003059,-0.032791,0.012726,0.005784,0.000000,-0.016354,-0.007503,-0.011559,-0.005627,-0.000234,-0.001192,-0.031332,0.062667,0.009134,0.015958,0.075828,0.022423,0.012479,-0.005956,0.050761,-0.004488,-0.025086,0.026183,-0.071872,0.021684
0.016918,0.011079,-0.044773,-0.002416,-0.004144,-0.029002,0.005100,0.001141,0.000000,-0.017332,-0.005498,-0.010773,-0.011650,0.010746,-0.002181,-0.022279,0.053878,0.003263,0.020612,0.059578,0.027087,0.003744,0.004046,-0.036192,-0.013964,-0.013119,0.007513,-0.040623,0.015639
0.013046,0.010192,-0.045763,-0.006142,-0.007746,-0.027107,0.001288,-0.001180,0.000000,-0.017821,-0.004495,-0.010380,-0.014661,0.016235,-0.002675,-0.017753,0.049483,0.000328,0.022940,0.051454,0.029418,-0.000623,0.009048,-0.079669,-0.018702,-0.007135,-0.001821,-0.024999,0.012616
0.010192,-0.011115,-0.030918,-0.008865,-0.003580,-0.044390,0.007839,0.007063,0.000000,-0.025234,0.006745,-0.012769,-0.022430,0.006871,0.003017,-0.010647,0.014377,-0.028695,-0.025169,0.038914,0.023845,-0.000603,0.013575,0.039184,-0.005769,0.025814,-0.027396,0.064588,0.023278
0.010309,-0.005373,-0.032949,-0.003591,-0.000688,-0.036504,0.006785,0.004426,0.000000,-0.023037,-0.000157,-0.005767,-0.023214,0.006179,0.002789,-0.014524,0.012704,-0.016853,-0.021069,0.050672,0.020647,-0.011354,0.015084,0.054527,-0.032476,0.011650,0.000608,0.044867,0.027639
0.010543,0.006112,-0.037013,0.006957,0.005096,-0.020732,0.004678,-0.000846,0.000000,-0.018643,-0.013962,0.008236,-0.024780,0.004795,0.002333,-0.022279,0.009358,0.006830,-0.012868,0.074188,0.014252,-0.032856,0.018102,0.085212,-0.085890,-0.016679,0.056615,0.005427,0.036361
-0.010636,-0.004119,-0.017283,0.005469,0.008963,0.000554,-0.014242,-0.014937,0.000000,-0.018729,-0.020332,0.010651,-0.018598,0.017997,0.011496,-0.018488,-0.001560,0.018258,-0.020804,0.060490,-0.024587,-0.058620,0.011192,0.058872,-0.022887,0.003617,-0.034523,-0.026130,-0.064935
-0.021225,-0.009234,-0.007418,0.004725,0.010896,0.011197,-0.023701,-0.021982,0.000000,-0.018772,-0.023518,0.011859,-0.015507,0.024599,0.016078,-0.016593,-0.007019,0.023973,-0.024771,0.053641,-0.044007,-0.071503,0.007737,0.045702,0.008614,0.013764,-0.080091,-0.041909,-0.115583
-0.002804,0.006602,-0.008891,0.021970,0.009400,-0.001392,-0.003815,-0.021621,0.000000,-0.026075,-0.038642,0.030043,0.014518,-0.000393,0.007130,-0.024901,-0.026516,-0.007109,0.043220,0.104452,-0.105003,-0.039736,-0.054409,-0.031155,0.120769,-0.026121,-0.056055,0.045877,0.071933
-0.002269,0.001301,-0.013682,0.007368,-0.000547,0.001677,-0.004726,-0.016711,0.000000,-0.026257,-0.024945,0.036491,0.023929,0.003655,0.002639,-0.023202,-0.034151,-0.010802,0.014438,0.100882,-0.107172,-0.040286,-0.056541,0.010013,0.043454,0.016326,-0.010086,0.025264,0.035781
-0.001198,-0.009302,-0.023265,-0.021835,-0.020440,0.007813,-0.006549,-0.006890,0.000000,-0.026622,0.002450,0.049388,0.042753,0.011752,-0.006344,-0.019804,-0.049421,-0.018189,-0.043125,0.093740,-0.111509,-0.041387,-0.060805,0.092348,-0.111174,0.101219,0.081851,-0.015963,-0.036525
-0.009068,-0.009962,-0.003468,-0.009205,-0.006715,0.017653,-0.009295,-0.007384,0.000000,-0.018044,-0.003768,0.046926,0.052544,0.007836,-0.002335,-0.015424,-0.060018,-0.014218,-0.014003,0.082649,-0.107596,-0.019688,-0.040026,-0.019091,0.021774,0.025208,0.005261,-0.020576,-0.027522
-0.013003,-0.010293,0.006430,-0.002890,0.000148,0.022573,-0.010667,-0.007632,0.000000,-0.013754,-0.006877,0.045694,0.057440,0.005879,-0.000330,-0.013235,-0.065316,-0.012233,0.000558,0.077104,-0.105639,-0.008838,-0.029636,-0.074811,0.088249,-0.012797,-0.033034,-0.022883,-0.023021
-0.032741,-0.028814,0.030543,0.026788,0.022620,0.032345,0.005100,-0.002778,0.000000,0.006112,-0.008007,0.037860,0.058281,-0.008092,-0.001682,-0.004353,-0.095045,0.009887,0.005026,0.068668,-0.080989,-0.016907,0.005793,-0.086678,0.015939,0.045731,-0.019923,0.041120,-0.048388
-0.039778,-0.033829,0.019112,0.011912,0.010127,0.034464,-0.002861,-0.006199,0.000000,0.009136,0.002193,0.035145,0.054283,-0.006137,-0.003965,0.002135,-0.087588,0.016261,-0.005600,0.057906,-0.065129,-0.015920,0.014514,-0.064819,-0.008678,0.032144,0.010895,0.048791,-0.055216
-0.053852,-0.043859,-0.003751,-0.017840,-0.014859,0.038702,-0.018783,-0.013042,0.000000,0.015185,0.022595,0.029715,0.046288,-0.002228,-0.008530,0.015109,-0.072674,0.029009,-0.026851,0.036383,-0.033407,-0.013945,0.031957,-0.021101,-0.057911,0.004971,0.072530,0.064133,-0.068871
-0.052729,-0.042508,-0.004644,-0.027596,-0.025926,0.032246,-0.025331,-0.018625,0.000000,0.011742,0.025945,0.024785,0.066592,-0.004343,-0.012542,0.034893,-0.111979,-0.006045,-0.016814,0.044836,0.002795,-0.018756,-0.003515,-0.007259,-0.015214,0.008293,0.024441,-0.006254,-0.045741
-0.052167,-0.041832,-0.005090,-0.032474,-0.031460,0.029018,-0.028606,-0.021416,0.000000,0.010021,0.027620,0.022320,0.076743,-0.005400,-0.014548,0.044785,-0.131631,-0.023572,-0.011796,0.049063,0.020895,-0.021162,-0.021251,-0.000338,0.006134,0.009955,0.000397,-0.041448,-0.034176
-0.091002,-0.073053,0.001015,-0.028818,-0.021263,0.052253,-0.014883,-0.002027,0.000000,0.021293,0.019401,0.008855,0.042806,0.010404,-0.022559,0.047874,-0.160785,0.028923,0.003022,-0.002720,0.062878,-0.064739,-0.021538,0.080537,-0.007559,0.078669,0.023223,0.003811,0.029527
-0.088835,-0.071582,0.011262,-0.018080,-0.015628,0.053322,-0.018939,-0.012517,0.000000,0.015134,0.015606,0.002165,0.042036,0.004463,-0.018926,0.052575,-0.165045,-0.005263,0.000636,-0.003878,0.066764,-0.052907,-0.027862,0.052573,0.000441,0.051122,0.024424,-0.015302,0.053465
-0.084500,-0.068640,0.031755,0.003397,-0.004359,0.055458,-0.027049,-0.033497,0.000000,0.002815,0.008014,-0.011213,0.040496,-0.007421,-0.011660,0.061975,-0.173564,-0.073636,-0.004136,-0.006194,0.074536,-0.029244,-0.040510,-0.003357,0.016441,-0.003973,0.026825,-0.053528,0.101341
-0.071359,-0.042616,0.043520,0.012996,0.009326,0.060882,-0.033243,-0.032606,0.000000,0.025023,0.000573,-0.017948,0.050020,-0.005798,0.003585,0.061070,-0.184806,0.007500,-0.016979,-0.010462,0.089454,-0.005397,-0.029724,-0.060923,-0.004482,-0.013194,0.039885,-0.014539,0.076556
-0.064788,-0.029604,0.049402,0.017796,0.016168,0.063594,-0.036340,-0.032161,0.000000,0.036128,-0.003147,-0.021315,0.054781,-0.004986,0.011207,0.060617,-0.190427,0.048068,-0.023400,-0.012595,0.096914,0.006526,-0.024331,-0.089706,-0.014944,-0.017805,0.046416,0.004955,0.064164
-0.057875,-0.038881,0.007672,-0.028363,-0.034731,0.048573,-0.019489,-0.026905,0.000000,-0.013121,-0.011601,-0.036737,0.012764,0.014838,-0.008850,0.074772,-0.155810,-0.001029,0.027490,-0.023221,0.091929,-0.035817,-0.015935,0.020431,0.024232,0.085040,0.033239,0.030047,-0.066193
-0.065942,-0.045778,0.007736,-0.027101,-0.029902,0.043106,-0.024804,-0.027558,0.000000,-0.014331,-0.011716,-0.042478,0.007350,0.019182,-0.000479,0.081340,-0.147589,-0.000717,0.007959,-0.024513,0.068380,-0.024412,-0.019864,-0.000708,0.003222,0.023101,0.031650,-0.010683,-0.033804
-0.082076,-0.059570,0.007864,-0.024577,-0.020246,0.032171,-0.035435,-0.028862,0.000000,-0.016751,-0.011945,-0.053959,-0.003476,0.027869,0.016263,0.094477,-0.131146,-0.000093,-0.031102,-0.027096,0.021282,-0.001603,-0.027722,-0.042986,-0.038798,-0.100776,0.028473,-0.092144,0.030975
-0.064464,-0.056087,0.016522,-0.008424,-0.010045,0.005102,0.001044,-0.003030,0.000000,-0.014777,-0.020864,-0.054388,-0.018038,0.009819,0.012612,0.093874,-0.111142,0.016537,0.020316,-0.012100,0.020262,-0.028804,-0.026009,-0.017927,0.000229,-0.016274,0.010632,-0.051529,-0.027591
-0.055658,-0.054345,0.020851,-0.000348,-0.004944,-0.008432,0.019283,0.009886,0.000000,-0.013790,-0.025324,-0.054603,-0.025318,0.000794,0.010787,0.093572,-0.101140,0.024852,0.046024,-0.004602,0.019752,-0.042404,-0.025152,-0.005397,0.019742,0.025977,0.001712,-0.031222,-0.056874
-0.071325,-0.062710,0.029782,0.022300,0.032668,0.010459,-0.027418,-0.021979,0.000000,-0.009409,-0.024483,-0.064509,-0.045546,0.019761,0.029562,0.096211,-0.073315,-0.026798,-0.030160,-0.009288,0.000326,-0.029586,-0.026051,-0.092405,0.012897,0.017395,0.035495,0.070075,0.017933
-0.061491,-0.055337,0.021509,0.014034,0.019984,0.008874,-0.017539,-0.015564,0.000000,-0.010377,-0.016814,-0.062332,-0.051484,0.014649,0.018284,0.085832,-0.060880,-0.019738,-0.028762,0.000087,-0.002773,-0.031609,-0.017316,-0.086457,0.020426,0.014113,0.017486,0.047131,0.004888
-0.041821,-0.040591,0.004962,-0.002497,-0.005385,0.005703,0.002218,-0.002734,0.000000,-0.012313,-0.001477,-0.057979,-0.063359,0.004427,-0.004271,0.065074,-0.036009,-0.005617,-0.025967,0.018835,-0.008970,-0.035655,0.000155,-0.074561,0.035484,0.007548,-0.018532,0.001243,-0.021201
-0.047793,-0.046041,-0.003732,-0.014925,-0.015558,-0.004943,0.005192,0.000294,0.000000,-0.024153,-0.020233,-0.060018,-0.068199,0.015117,0.008756,0.058534,-0.029086,0.007412,0.015265,0.023630,-0.010069,-0.030395,-0.019514,0.013852,0.024985,0.006448,-0.013175,0.040966,-0.003555
-0.050780,-0.048766,-0.008079,-0.021139,-0.020644,-0.010265,0.006679,0.001808,0.000000,-0.030073,-0.029612,-0.061038,-0.070619,0.020463,0.015269,0.055263,-0.025625,0.013926,0.035881,0.026027,-0.010619,-0.027765,-0.029349,0.058058,0.019735,0.005898,-0.010497,0.060827,0.005269
-0.063028,-0.038338,0.009782,-0.002123,-0.007924,0.026981,-0.025169,-0.033239,0.000000,-0.017799,-0.028807,-0.053868,-0.074083,0.023383,0.013416,0.025522,-0.011636,-0.004191,-0.004557,0.014292,-0.023544,-0.033520,-0.041568,-0.041314,-0.025848,-0.018049,0.021578,-0.028772,0.032434
-0.055768,-0.038174,0.011049,-0.005321,-0.005026,0.019688,-0.019231,-0.022925,0.000000,-0.020564,-0.027158,-0.051941,-0.073724,0.021423,0.016825,0.021949,-0.011427,-0.005893,-0.007768,0.014320,-0.025344,-0.032031,-0.034414,-0.014122,0.014430,-0.015754,-0.032406,-0.019541,0.020139
-0.041249,-0.037848,0.013584,-0.011716,0.000770,0.005101,-0.007356,-0.002298,0.000000,-0.026093,-0.023861,-0.048087,-0.073008,0.017503,0.023645,0.014803,-0.011010,-0.009299,-0.014191,0.014378,-0.028944,-0.029054,-0.020105,0.040260,0.094987,-0.011164,-0.140373,-0.001080,-0.004452
-0.037479,-0.020312,0.029329,0.006624,0.003723,0.013910,-0.002822,-0.010880,0.000000,-0.020947,-0.039809,-0.042924,-0.073741,0.016240,0.012422,0.005993,-0.008715,0.021208,0.014163,0.007474,-0.014955,-0.037029,-0.032983,0.111066,-0.006913,0.008923,0.018656,-0.075889,-0.020500
-0.035595,-0.011544,0.037202,0.015793,0.005199,0.018315,-0.000555,-0.015171,0.000000,-0.018375,-0.047783,-0.040342,-0.074108,0.015608,0.006810,0.001588,-0.007568,0.036462,0.028340,0.004022,-0.007961,-0.041017,-0.039422,0.146469,-0.057863,0.018967,0.098171,-0.113293,-0.028524
-0.042039,-0.034479,0.010324,-0.004954,0.001951,0.026350,-0.027631,-0.030579,0.000000,-0.048709,-0.043602,-0.044589,-0.076455,0.024463,0.037527,-0.001325,-0.003393,-0.041111,-0.043589,-0.034415,-0.018472,-0.050503,-0.035462,-0.099315,-0.022110,-0.017557,0.021665,-0.004145,0.032541
-0.038788,-0.028428,0.009512,-0.009487,-0.005533,0.019266,-0.017545,-0.021876,0.000000,-0.044118,-0.040298,-0.041723,-0.071962,0.024642,0.029537,-0.004986,-0.002329,-0.023084,-0.025304,-0.032852,-0.016147,-0.036312,-0.025709,-0.082873,-0.020924,-0.019759,-0.013805,0.013177,0.004072
-0.032287,-0.016326,0.007888,-0.018553,-0.020500,0.005097,0.002625,-0.004469,0.000000,-0.034937,-0.033689,-0.035992,-0.062976,0.025002,0.013558,-0.012308,-0.000200,0.012970,0.011266,-0.029726,-0.011496,-0.007931,-0.006204,-0.049989,-0.018552,-0.024161,-0.084745,0.047821,-0.052865
-0.036843,-0.028125,-0.005086,-0.021764,-0.024864,0.005556,0.000143,-0.010657,0.000000,-0.038084,-0.037107,-0.026462,-0.069827,0.029760,0.016238,-0.015167,-0.002007,0.015129,0.013633,-0.033841,-0.007008,-0.023040,-0.028131,0.020963,0.028102,0.019366,-0.033488,0.016045,0.022192
-0.039121,-0.034025,-0.011574,-0.023369,-0.027046,0.005786,-0.001097,-0.013751,0.000000,-0.039657,-0.038817,-0.021697,-0.073253,0.032139,0.017578,-0.016597,-0.002911,0.016209,0.014817,-0.035899,-0.004764,-0.030594,-0.039095,0.056439,0.051430,0.041130,-0.007860,0.000158,0.059720
-0.036829,-0.017077,0.004838,-0.004608,-0.001073,0.019820,-0.027333,-0.028787,0.000000,-0.030452,-0.032390,-0.022330,-0.066462,0.025705,0.028868,-0.007613,-0.003229,-0.016722,-0.032796,-0.036700,0.015529,-0.014022,-0.009732,0.022613,-0.021750,-0.015761,0.001772,0.004404,0.018377
-0.033368,-0.021850,0.000515,-0.006796,-0.004854,0.004675,-0.009390,-0.013446,0.000000,-0.033296,-0.036757,-0.016990,-0.065402,0.022522,0.022342,-0.006019,-0.005916,-0.000624,-0.015666,-0.029393,0.012453,-0.014759,-0.011749,0.015142,-0.011017,-0.012107,0.007392,0.005489,0.046234
-0.026447,-0.031396,-0.008132,-0.011172,-0.012416,-0.025614,0.026495,0.017235,0.000000,-0.038985,-0.045490,-0.006310,-0.063284,0.016155,0.009291,-0.002832,-0.011290,0.031572,0.018595,-0.014779,0.006300,-0.016235,-0.015783,0.000198,0.010449,-0.004797,0.018631,0.007659,0.101948
-0.034343,-0.030276,0.003888,-0.001926,-0.001036,-0.000597,0.002809,-0.005478,0.000000,-0.037686,-0.045626,-0.004513,-0.052375,0.020065,0.024034,0.000757,-0.021370,-0.008532,0.008804,-0.014044,0.016353,-0.017770,-0.016327,-0.031619,-0.022883,0.015992,0.038817,0.012277,0.009895
-0.038291,-0.029715,0.009898,0.002697,0.004654,0.011911,-0.009034,-0.016834,0.000000,-0.037036,-0.045694,-0.003614,-0.046921,0.022020,0.031406,0.002552,-0.026410,-0.028584,0.003908,-0.013677,0.021380,-0.018538,-0.016599,-0.047528,-0.039548,0.026387,0.048909,0.014585,-0.036132
-0.024530,-0.011466,0.013193,-0.008147,0.001829,0.014710,-0.010279,-0.006561,0.000000,-0.030745,-0.042815,0.004395,-0.004125,0.015951,0.015414,0.000701,-0.074971,0.008353,-0.004479,-0.015408,0.016987,0.016506,-0.015573,0.060708,0.039786,-0.047440,-0.026548,-0.068920,0.013771
-0.016683,-0.006943,0.007217,-0.007055,-0.001479,0.009170,-0.004730,-0.006787,0.000000,-0.034153,-0.041604,0.002682,-0.007690,0.016321,0.018401,0.001941,-0.061032,0.004912,-0.000858,-0.005899,0.014657,0.014120,-0.005776,0.017714,0.018542,-0.045412,-0.006548,-0.045270,0.007757
-0.000991,0.002103,-0.004734,-0.004870,-0.008096,-0.001910,0.006369,-0.007239,0.000000,-0.040970,-0.039182,-0.000746,-0.014818,0.017061,0.024375,0.004422,-0.033155,-0.001970,0.006383,0.013120,0.009997,0.009349,0.013817,-0.068274,-0.023945,-0.041355,0.033451,0.002030,-0.004273
-0.021507,-0.015094,-0.001447,-0.006132,-0.010330,0.001591,0.005711,-0.007021,0.000000,-0.033677,-0.037868,0.007191,-0.000595,0.019613,0.014555,0.016544,-0.052506,0.029659,0.000444,0.013589,0.009374,-0.021686,-0.004028,-0.007878,-0.013545,0.027784,0.017480,-0.017380,-0.002660
-0.031765,-0.023693,0.000197,-0.006763,-0.011447,0.003342,0.005382,-0.006911,0.000000,-0.030030,-0.037211,0.011160,0.006516,0.020889,0.009644,0.022605,-0.062182,0.045474,-0.002525,0.013823,0.009062,-0.037204,-0.012951,0.022321,-0.008344,0.062354,0.009494,-0.027085,-0.001854
-0.009288,0.000615,0.018318,0.018847,0.020470,0.016600,-0.016019,-0.015849,0.000000,-0.008866,-0.023975,0.008399,0.025479,-0.003009,0.021571,0.016312,-0.051855,-0.044307,-0.014127,0.015329,0.022878,-0.017902,-0.003089,-0.048608,0.062984,0.000770,-0.047883,0.059497,-0.049238
-0.003672,0.003635,0.012428,0.013026,0.009416,0.009825,-0.008777,-0.011162,0.000000,-0.001392,-0.012921,0.011663,0.028325,-0.006757,0.005947,0.019318,-0.055356,-0.023905,-0.003436,0.021064,0.024455,-0.016971,-0.008830,-0.018349,0.053893,0.031248,-0.029926,0.032859,-0.029929
0.007560,0.009674,0.000649,0.001383,-0.012691,-0.003724,0.005708,-0.001789,0.000000,0.013554,0.009187,0.018191,0.034018,-0.014251,-0.025302,0.025330,-0.062360,0.016901,0.017944,0.032533,0.027610,-0.015108,-0.020312,0.042169,0.035710,0.092203,0.005987,-0.020418,0.008689
-0.004761,0.004369,-0.010501,-0.004541,-0.004932,-0.004286,-0.010521,-0.003757,0.000000,0.038500,0.035552,0.012326,0.027940,-0.017877,-0.024992,0.026504,-0.044389,0.003040,-0.000847,0.009782,0.032705,-0.006120,0.000814,-0.015149,-0.026474,0.032864,0.022381,0.043389,-0.016705
-0.010922,0.001717,-0.016075,-0.007503,-0.001053,-0.004566,-0.018636,-0.004741,0.000000,0.050973,0.048734,0.009393,0.024902,-0.019689,-0.024837,0.027091,-0.035404,-0.003891,-0.010243,-0.001594,0.035253,-0.001626,0.011377,-0.043808,-0.057566,0.003195,0.030578,0.075292,-0.029401
-0.006473,0.012381,-0.023614,-0.010550,-0.022676,-0.011933,-0.012022,-0.004479,0.000000,0.080763,0.067323,0.023725,0.038550,-0.061175,-0.067512,0.039512,-0.049185,0.001498,0.041696,0.023639,0.017003,-0.008505,-0.010604,0.073920,0.103888,-0.044197,-0.036643,0.004764,-0.071612
-0.020225,0.008444,-0.002908,0.010080,0.006709,0.003470,-0.035332,-0.018894,0.000000,0.097965,0.062209,0.014446,0.031561,-0.057879,-0.043327,0.035052,-0.044640,0.004115,0.010122,0.017390,0.009035,-0.002439,-0.005720,0.016343,0.048170,-0.042874,-0.023184,0.014808,-0.025350
-0.047729,0.000569,0.038505,0.051340,0.065481,0.034275,-0.081952,-0.047723,0.000000,0.132369,0.051981,-0.004111,0.017581,-0.051287,0.005043,0.026132,-0.035549,0.009349,-0.053026,0.004894,-0.006901,0.009694,0.004048,-0.098812,-0.063265,-0.040228,0.003733,0.034896,0.067173
-0.029049,0.002836,0.004661,0.028978,0.021271,0.008714,-0.034288,-0.026644,0.000000,0.094262,0.040137,-0.004687,0.002334,-0.055252,-0.011957,0.016576,-0.028494,-0.001838,0.002909,0.036126,-0.012445,0.016445,0.008120,-0.088873,0.009430,-0.037525,-0.008736,0.004792,0.013472
-0.019709,0.003970,-0.012262,0.017797,-0.000833,-0.004066,-0.010456,-0.016105,0.000000,0.075209,0.034214,-0.004975,-0.005289,-0.057235,-0.020457,0.011798,-0.024966,-0.007432,0.030877,0.051742,-0.015217,0.019821,0.010156,-0.083903,0.045778,-0.036173,-0.014971,-0.010260,-0.013379
-0.026157,-0.027008,-0.026980,-0.017729,-0.006748,-0.057014,0.021444,0.037324,0.000000,0.033220,0.002382,-0.027775,-0.002818,0.004798,0.011549,0.002933,-0.017446,0.062630,0.033188,0.040775,-0.007332,-0.000871,-0.012273,0.108579,0.025026,0.111543,0.016498,0.068126,-0.007111
-0.019697,-0.028055,-0.010223,-0.007870,-0.004090,-0.042590,0.030367,0.034712,0.000000,0.012759,-0.007712,-0.027150,-0.002283,0.000617,0.017016,-0.001042,-0.014103,0.030171,0.021834,0.033174,-0.014708,-0.004033,-0.000894,0.078823,0.022049,0.087799,-0.006218,0.004815,-0.031596
-0.006777,-0.030148,0.023293,0.011848,0.001226,-0.013743,0.048214,0.029487,0.000000,-0.028163,-0.027899,-0.025899,-0.001212,-0.007745,0.027950,-0.008992,-0.007416,-0.034749,-0.000874,0.017971,-0.029459,-0.010358,0.021865,0.019311,0.016096,0.040310,-0.051650,-0.121808,-0.080564
-0.001057,-0.011666,0.024843,0.013577,0.024527,-0.003897,0.034896,0.036751,0.000000,-0.013334,-0.043937,-0.019306,-0.000046,0.008838,0.042160,-0.025764,0.006542,0.004737,0.018904,0.008277,-0.002917,-0.001977,0.028137,0.058507,-0.019484,0.016772,0.029150,0.008029,-0.048780
0.001802,-0.002425,0.025618,0.014442,0.036178,0.001026,0.028236,0.040382,0.000000,-0.005919,-0.051956,-0.016009,0.000536,0.017130,0.049265,-0.034150,0.013521,0.024481,0.028793,0.003430,0.010354,0.002214,0.031272,0.078106,-0.037275,0.005002,0.069549,0.072947,-0.032888
0.035241,0.048816,0.023768,0.005554,-0.007219,0.019256,0.040147,0.019263,0.000000,-0.024008,-0.065482,-0.003129,0.014167,-0.007317,0.000106,-0.063148,0.031512,0.044342,0.045028,-0.028368,-0.008683,0.011697,0.034077,0.253589,0.025615,-0.019683,-0.031592,-0.048800,0.015630
0.044627,0.057846,0.021347,0.001173,-0.006860,0.019469,0.025188,0.009593,0.000000,-0.021956,-0.058092,0.003155,0.025467,0.000108,0.012601,-0.066325,0.037508,0.023420,0.027065,-0.041943,-0.009804,0.022230,0.023652,0.385920,-0.016260,-0.035859,-0.016232,-0.088083,0.029524
0.063400,0.075907,0.016504,-0.007591,-0.006141,0.019893,-0.004731,-0.009749,0.000000,-0.017853,-0.043312,0.015725,0.048067,0.014957,0.037593,-0.072680,0.049502,-0.018423,-0.008862,-0.069092,-0.012047,0.043295,0.002804,0.650582,-0.100012,-0.068212,0.014488,-0.166648,0.057311
0.121114,0.117782,0.052433,-0.001662,-0.003046,-0.005999,0.017484,0.009894,0.000000,-0.014591,-0.037609,0.019548,0.052754,-0.019731,0.015604,-0.105421,0.038958,-0.013593,-0.002253,-0.067071,-0.021529,0.059480,0.021298,1.122017,0.049228,0.129658,-0.063259,-0.113164,0.040618
0.149971,0.138720,0.070397,0.001302,-0.001499,-0.018945,0.028591,0.019716,0.000000,-0.012960,-0.034758,0.021459,0.055098,-0.037074,0.004609,-0.121791,0.033687,-0.011178,0.001052,-0.066061,-0.026270,0.067573,0.030545,1.357734,0.123848,0.228592,-0.102133,-0.086422,0.032271
0.122105,0.118529,0.169138,0.032956,0.028907,0.103566,0.035953,0.025627,0.000000,0.002697,-0.042436,-0.044412,0.071034,0.000605,0.019754,-0.198840,-0.062809,0.039457,0.044530,-0.167411,-0.066524,0.086827,0.068044,0.403506,-0.154978,0.030852,0.134529,-0.153023,-0.055665
0.105710,0.113442,0.201109,0.038712,0.029824,0.133815,0.022798,0.010331,0.000000,0.006419,-0.049920,-0.065094,0.090353,-0.009396,0.020772,-0.212623,-0.084627,0.040508,0.032477,-0.208406,-0.097504,0.084205,0.080613,0.259721,-0.106373,-0.002050,0.086846,-0.116041,-0.075694
0.072920,0.103269,0.265050,0.050225,0.031657,0.194315,-0.003513,-0.020262,0.000000,0.013865,-0.064888,-0.106457,0.128993,-0.029398,0.022808,-0.240188,-0.128264,0.042610,0.008370,-0.290397,-0.159464,0.078963,0.105753,-0.027848,-0.009164,-0.067855,-0.008518,-0.042079,-0.115752
0.081844,0.120733,0.250195,0.044099,0.049834,0.214088,-0.028302,-0.025013,0.000000,0.031947,-0.056567,-0.097083,0.137599,-0.037598,0.021049,-0.199891,-0.070398,0.035058,0.022021,-0.317531,-0.177807,0.096657,0.131757,0.323754,0.035667,-0.042054,-0.007032,-0.046635,0.006355
0.086306,0.129465,0.242767,0.041036,0.058923,0.223975,-0.040696,-0.027388,0.000000,0.040988,-0.052407,-0.092397,0.141901,-0.041699,0.020170,-0.179742,-0.041464,0.031282,0.028847,-0.331098,-0.186978,0.105504,0.144759,0.499555,0.058083,-0.029153,-0.006288,-0.048914,0.067408
0.067495,0.099363,0.196591,0.069457,0.059531,0.164453,-0.008266,-0.013866,0.000000,0.044285,-0.037225,-0.064321,0.075926,-0.043077,0.000719,-0.092715,0.063662,-0.003782,0.029627,-0.282281,-0.152284,0.089517,0.097825,0.695999,0.034757,0.040498,-0.074948,-0.187578,-0.084067
0.059028,0.079011,0.154658,0.054706,0.047391,0.128529,-0.004649,-0.008005,0.000000,0.041759,-0.023561,-0.062577,0.058216,-0.035186,0.003019,-0.067510,0.105605,-0.001521,0.017710,-0.246230,-0.129974,0.105406,0.047508,0.426001,-0.006321,-0.002042,-0.037465,-0.115140,-0.045668
0.042093,0.038306,0.070793,0.025203,0.023110,0.056681,0.002585,0.003718,0.000000,0.036707,0.003769,-0.059087,0.022797,-0.019405,0.007620,-0.017100,0.189492,0.003000,-0.006123,-0.174129,-0.085352,0.137182,-0.053125,-0.113997,-0.088477,-0.087122,0.037501,0.029737,0.031129
0.026648,0.010659,0.018642,0.009791,0.012300,-0.015262,0.028235,0.038152,0.000000,0.040169,0.035963,-0.007303,-0.001841,-0.028906,-0.010624,0.003417,0.222092,0.015717,-0.000653,-0.090100,-0.019952,0.107475,-0.052098,-0.081089,0.026893,-0.051116,-0.080644,-0.000332,0.029840
0.018926,-0.003165,-0.007434,0.002085,0.006895,-0.051233,0.041059,0.055369,0.000000,0.041900,0.052060,0.018589,-0.014160,-0.033657,-0.019746,0.013675,0.238392,0.022075,0.002082,-0.048086,0.012749,0.092621,-0.051585,-0.064635,0.084579,-0.033113,-0.139717,-0.015367,0.029195
0.003076,-0.009009,-0.038237,-0.031428,-0.026883,-0.043591,0.008101,0.018639,0.000000,0.045655,0.051162,0.046576,-0.052925,-0.023690,-0.032732,-0.004431,0.220254,-0.004283,0.024549,-0.006292,0.138880,0.039098,0.000125,-0.120104,-0.109684,0.035256,0.036592,0.030917,0.020732
0.014071,-0.000221,-0.022654,-0.012680,-0.011810,-0.042215,0.013995,0.025432,0.000000,0.058876,0.058638,0.064319,-0.051593,-0.039451,-0.033742,-0.026835,0.188340,-0.000437,0.011986,0.009395,0.187288,0.047049,0.022451,-0.131234,-0.110628,0.021097,0.029853,0.034866,0.036628
0.036063,0.017356,0.008510,0.024817,0.018335,-0.039462,0.025781,0.039017,0.000000,0.085319,0.073589,0.099807,-0.048927,-0.070971,-0.035762,-0.071642,0.124512,0.007255,-0.013142,0.040771,0.284103,0.062950,0.067102,-0.153494,-0.112517,-0.007220,0.016374,0.042766,0.068421
0.022213,0.003721,-0.009166,-0.006534,-0.005143,-0.030799,0.013587,0.033123,0.000000,0.085827,0.099703,0.098925,-0.065027,-0.046899,-0.053812,-0.108935,0.065485,0.009213,0.004906,0.034897,0.338227,0.067020,0.097780,-0.338285,-0.050717,-0.069660,0.010365,-0.002722,0.125614
0.015289,-0.003097,-0.018004,-0.022209,-0.016882,-0.026468,0.007491,0.030176,0.000000,0.086081,0.112760,0.098484,-0.073078,-0.034862,-0.062837,-0.127582,0.035972,0.010192,0.013930,0.031959,0.365288,0.069055,0.113119,-0.430680,-0.019818,-0.100880,0.007360,-0.025466,0.154210
0.014620,0.010092,0.017290,-0.011733,-0.017922,0.024896,0.008284,0.024636,0.000000,0.091839,0.106065,0.091152,-0.049734,-0.063665,-0.064116,-0.276342,-0.093823,0.000996,0.012190,-0.000847,0.387272,0.107831,0.059823,0.089200,0.094416,0.033868,-0.019136,0.103929,0.001228
0.004562,0.004478,0.029648,-0.010138,-0.012284,0.038285,-0.003441,0.014577,0.000000,0.090925,0.095458,0.086701,-0.040243,-0.050379,-0.053389,-0.284561,-0.115364,0.010933,0.007141,-0.005861,0.380035,0.074257,0.047152,0.077175,0.051348,0.011766,-0.001700,0.062971,0.023845
-0.015553,-0.006752,0.054363,-0.006946,-0.001006,0.065063,-0.026889,-0.005540,0.000000,0.089096,0.074244,0.077798,-0.021263,-0.023806,-0.031937,-0.300999,-0.158446,0.030806,-0.002958,-0.015889,0.365562,0.007110,0.021811,0.053127,-0.034786,-0.032436,0.033170,-0.018947,0.069079
0.012482,0.018666,0.049138,-0.007799,-0.007253,0.059936,-0.023898,-0.009923,0.000000,0.054711,0.056894,0.093453,-0.004993,-0.030679,-0.043608,-0.317237,-0.174230,-0.019125,-0.011414,-0.001518,0.330001,-0.013300,0.008387,0.232949,0.052550,0.021355,-0.001466,-0.071991,-0.039016
0.026500,0.031375,0.046526,-0.008225,-0.010377,0.057372,-0.022403,-0.012114,0.000000,0.037519,0.048219,0.101280,0.003142,-0.034116,-0.049444,-0.325356,-0.182123,-0.044091,-0.015642,0.005667,0.312220,-0.023505,0.001675,0.322861,0.096218,0.048250,-0.018784,-0.098513,-0.093064
0.015943,0.035673,0.027311,-0.008911,-0.012567,0.058346,-0.032392,-0.036169,0.000000,-0.006634,0.009291,0.061405,0.016941,0.011669,-0.014188,-0.310119,-0.171026,-0.006404,-0.008440,0.097581,0.161882,-0.011637,-0.057280,-0.010334,-0.035861,-0.031902,0.018098,-0.144390,0.146214
0.012718,0.029887,0.013387,-0.013830,-0.016653,0.039782,-0.026411,-0.030982,0.000000,-0.019096,-0.000547,0.074255,0.023039,0.018549,-0.011411,-0.294792,-0.159134,0.006363,-0.015279,0.136597,0.125189,-0.026320,-0.086221,0.038248,-0.011011,-0.034571,-0.008026,-0.121250,0.099600
0.006269,0.018314,-0.014461,-0.023667,-0.024824,0.002653,-0.014449,-0.020609,0.000000,-0.044020,-0.020224,0.099955,0.035235,0.032309,-0.005856,-0.264139,-0.135349,0.031898,-0.028958,0.214629,0.051804,-0.055685,-0.144101,0.135411,0.038689,-0.039910,-0.060273,-0.074971,0.006372
0.036727,0.045458,-0.026572,-0.029005,-0.033262,-0.003900,-0.015144,-0.031165,0.000000,-0.075790,-0.042351,0.119056,0.054491,0.037973,-0.003918,-0.235910,-0.104446,-0.031700,-0.006062,0.251470,-0.023680,-0.070522,-0.151978,0.055914,0.052636,0.017955,0.015707,0.006458,-0.009033
0.051956,0.059030,-0.032627,-0.031674,-0.037481,-0.007176,-0.015491,-0.036443,0.000000,-0.091674,-0.053415,0.128607,0.064119,0.040805,-0.002949,-0.221795,-0.088995,-0.063498,0.005385,0.269890,-0.061422,-0.077940,-0.155917,0.016165,0.059610,0.046888,0.053697,0.047173,-0.016736
0.050958,0.074351,0.011335,0.012358,0.005811,0.029149,-0.024973,-0.043344,0.000000,-0.067567,-0.068010,0.128624,0.115762,0.030773,0.018328,-0.187190,-0.089698,0.018584,-0.002697,0.265104,-0.128007,0.005810,-0.133942,-0.145169,-0.015743,-0.045842,0.058391,0.050949,-0.068257
0.049156,0.064692,0.011604,0.010044,0.005181,0.034571,-0.023245,-0.042493,0.000000,-0.075130,-0.066993,0.122738,0.116928,0.032264,0.020642,-0.157987,-0.077895,0.002621,-0.027504,0.230024,-0.143921,-0.000321,-0.096873,-0.136860,-0.007994,-0.017137,0.029717,0.058844,-0.055403
0.045551,0.045376,0.012141,0.005415,0.003920,0.045416,-0.019790,-0.040790,0.000000,-0.090258,-0.064960,0.110965,0.119258,0.035245,0.025270,-0.099582,-0.054287,-0.029305,-0.077119,0.159864,-0.175749,-0.012583,-0.022736,-0.120243,0.007503,0.040273,-0.027633,0.074634,-0.029694
0.038098,0.038583,0.019134,-0.004718,-0.005853,0.042223,-0.008922,-0.029808,0.000000,-0.104415,-0.075655,0.079733,0.119418,0.049388,0.027165,-0.059979,-0.052954,-0.034784,-0.016078,0.075415,-0.187695,0.014794,0.006239,-0.425930,0.040163,-0.027676,-0.041223,0.093451,-0.097126
0.034372,0.035187,0.022630,-0.009785,-0.010740,0.040627,-0.003488,-0.024317,0.000000,-0.111494,-0.081003,0.064117,0.119498,0.056460,0.028112,-0.040177,-0.052287,-0.037523,0.014442,0.033191,-0.193668,0.028482,0.020726,-0.578774,0.056493,-0.061651,-0.048019,0.102859,-0.130842
0.014169,0.019884,0.020509,-0.025049,-0.021734,0.053974,-0.015076,-0.036422,0.000000,-0.118800,-0.088563,0.021885,0.130287,0.064662,0.033706,0.013840,-0.054211,0.017246,-0.036183,-0.107138,-0.207748,0.069963,0.006431,-0.317947,-0.045070,-0.011554,0.056085,0.107955,0.093352
0.018567,0.023355,0.027408,-0.015773,-0.014391,0.057684,-0.010473,-0.033696,0.000000,-0.121896,-0.094246,0.016421,0.135798,0.067985,0.043514,0.035234,-0.046449,0.013683,-0.031133,-0.115298,-0.199261,0.071366,0.020867,-0.267743,-0.016480,-0.034481,0.025832,0.022710,0.043921
0.027362,0.030298,0.041205,0.002778,0.000294,0.065102,-0.001266,-0.028245,0.000000,-0.128088,-0.105611,0.005493,0.146819,0.074632,0.063128,0.078022,-0.030924,0.006559,-0.021032,-0.131617,-0.182287,0.074171,0.049740,-0.167334,0.040700,-0.080335,-0.034675,-0.147782,-0.054941
0.024387,0.029237,0.046570,0.007228,0.005414,0.059737,-0.010873,-0.038216,0.000000,-0.139673,-0.119945,-0.015042,0.135135,0.066389,0.055326,0.127037,-0.004994,-0.045511,-0.010101,-0.132017,-0.170132,0.055390,0.020288,-0.041970,0.038015,-0.003997,-0.009496,-0.101470,-0.043391
0.022899,0.028707,0.049253,0.009453,0.007974,0.057055,-0.015677,-0.043201,0.000000,-0.145465,-0.127112,-0.025309,0.129293,0.062267,0.051425,0.151545,0.007972,-0.071546,-0.004636,-0.132217,-0.164054,0.045999,0.005562,0.020711,0.036673,0.034172,0.003094,-0.078315,-0.037616
-0.018221,0.000257,0.013713,0.001502,-0.001046,0.026664,-0.008326,-0.035609,0.000000,-0.124158,-0.131171,-0.031208,0.090342,0.079451,0.056732,0.180766,0.051842,0.018473,0.022986,-0.079569,-0.124910,0.019104,0.003272,0.065277,-0.001366,0.085178,-0.029248,0.150011,-0.005155
-0.009993,-0.003442,0.006235,0.000237,-0.003268,0.011375,-0.000287,-0.027032,0.000000,-0.123341,-0.116097,-0.036664,0.084668,0.070827,0.055022,0.185293,0.063851,-0.001467,0.001003,-0.039326,-0.119261,0.014182,-0.007718,-0.019719,-0.037528,0.035713,0.006849,0.084752,0.025509
0.006462,-0.010840,-0.008721,-0.002292,-0.007711,-0.019203,0.015791,-0.009877,0.000000,-0.121708,-0.085949,-0.047575,0.073321,0.053581,0.051600,0.194348,0.087871,-0.041348,-0.042965,0.041160,-0.107961,0.004337,-0.029698,-0.189710,-0.109852,-0.063219,0.079043,-0.045764,0.086837
0.000554,-0.018727,-0.033226,-0.029021,-0.023539,-0.044085,0.021492,0.007135,0.000000,-0.108788,-0.068649,-0.048208,0.042378,0.064078,0.036349,0.196608,0.113256,-0.014604,-0.005467,0.096159,-0.076607,0.001212,-0.000552,0.031504,-0.066586,0.053696,0.028739,0.046382,0.001107
-0.002400,-0.022670,-0.045478,-0.042385,-0.031453,-0.056526,0.024342,0.015641,0.000000,-0.102328,-0.059999,-0.048525,0.026906,0.069327,0.028723,0.197739,0.125948,-0.001232,0.013282,0.123659,-0.060931,-0.000351,0.014021,0.142110,-0.044953,0.112153,0.003587,0.092456,-0.041758
-0.027945,-0.023024,-0.010544,0.015602,0.013770,-0.018433,-0.000066,-0.012925,0.000000,-0.042944,-0.049864,-0.059223,-0.000524,0.024835,0.026654,0.145285,0.116870,0.021593,-0.014584,0.153657,-0.052509,-0.010750,0.012217,-0.323114,-0.022742,-0.006903,-0.032792,0.138290,-0.021825
-0.027480,-0.020512,0.002132,0.024098,0.021185,-0.006143,-0.003505,-0.016150,0.000000,-0.036772,-0.051758,-0.064705,-0.005536,0.018656,0.028538,0.125796,0.105386,0.015557,-0.012035,0.150590,-0.055099,-0.007981,0.013066,-0.323118,-0.031325,-0.000506,-0.019335,0.124186,-0.006605
-0.026550,-0.015489,0.027485,0.041088,0.036014,0.018439,-0.010384,-0.022601,0.000000,-0.024430,-0.055547,-0.075669,-0.015560,0.006300,0.032306,0.086820,0.082417,0.003486,-0.006938,0.144456,-0.060279,-0.002444,0.014764,-0.323124,-0.048492,0.012287,0.007579,0.095977,0.023835
-0.040734,-0.029548,0.015118,0.012612,0.015253,0.017090,-0.018061,-0.022960,0.000000,-0.035094,-0.044131,-0.087357,-0.030135,0.020847,0.026011,0.067391,0.065691,-0.020107,-0.027059,0.127709,-0.073011,-0.009137,0.000175,-0.095941,0.018452,-0.011350,-0.016463,0.058184,0.019397
-0.047826,-0.036578,0.008934,-0.001626,0.004872,0.016415,-0.021900,-0.023140,0.000000,-0.040426,-0.038424,-0.093201,-0.037422,0.028120,0.022863,0.057676,0.057327,-0.031903,-0.037120,0.119336,-0.079377,-0.012483,-0.007119,0.017651,0.051924,-0.023169,-0.028483,0.039288,0.017178
-0.086489,-0.065510,-0.027188,-0.012936,-0.020104,-0.008555,-0.011084,-0.028282,0.000000,-0.048398,-0.055293,-0.093720,-0.064461,0.030025,0.020270,0.067136,0.077462,0.006119,0.031540,0.087089,-0.106689,-0.085781,-0.038027,-0.418347,-0.088858,-0.070764,0.062842,0.017586,0.027501
-0.103589,-0.081333,-0.025491,-0.007976,-0.010976,-0.008028,-0.013640,-0.025771,0.000000,-0.041482,-0.055712,-0.102240,-0.078658,0.028736,0.026745,0.069424,0.073656,0.012945,0.025246,0.070709,-0.095262,-0.107644,-0.044794,-0.493422,-0.027656,-0.003813,0.048063,0.030898,-0.015520
-0.137790,-0.112978,-0.022096,0.001943,0.007280,-0.006976,-0.018752,-0.020748,0.000000,-0.027652,-0.056552,-0.119280,-0.107054,0.026159,0.039694,0.074000,0.066046,0.026597,0.012658,0.037951,-0.072408,-0.151370,-0.058329,-0.643571,0.094748,0.130089,0.018505,0.057522,-0.101561
-0.143002,-0.130116,-0.041656,0.001862,0.005381,-0.019867,-0.007037,-0.011614,0.000000,-0.022957,-0.036196,-0.110680,-0.124555,0.025135,0.021649,0.106025,0.060499,0.002510,-0.003318,0.002245,-0.043787,-0.182279,-0.058986,-0.948932,0.089305,-0.069316,-0.066969,0.040901,-0.057758
-0.145608,-0.138685,-0.051435,0.001822,0.004431,-0.026313,-0.001180,-0.007047,0.000000,-0.020610,-0.026017,-0.106380,-0.133306,0.024623,0.012627,0.122038,0.057726,-0.009533,-0.011306,-0.015608,-0.029477,-0.197734,-0.059315,-1.101613,0.086583,-0.169019,-0.109706,0.032591,-0.035857
-0.138609,-0.122838,-0.028285,0.015648,0.009436,-0.012662,-0.026492,-0.026480,0.000000,0.033045,0.015936,-0.128671,-0.128403,-0.007053,0.018247,0.128398,0.005515,-0.007278,-0.046126,-0.171679,-0.001713,-0.190441,-0.087820,-0.019214,-0.077303,0.020278,0.049548,0.072360,0.101188
-0.115587,-0.104674,-0.042899,0.000729,-0.003938,-0.020932,-0.015033,-0.011968,0.000000,0.040376,0.025109,-0.120745,-0.133725,-0.014079,-0.000194,0.136503,-0.012320,0.008890,-0.017401,-0.161446,0.027701,-0.171994,-0.075701,0.054297,-0.053703,0.010886,0.036767,0.012477,0.066130
-0.069541,-0.068346,-0.072127,-0.029110,-0.030684,-0.037472,0.007883,0.017056,0.000000,0.055039,0.043455,-0.104894,-0.144369,-0.028130,-0.037076,0.152711,-0.047989,0.041226,0.040049,-0.140980,0.086529,-0.135100,-0.051464,0.201318,-0.006501,-0.007897,0.011204,-0.107290,-0.003987
-0.032965,-0.042387,-0.055858,-0.016721,-0.017906,-0.040174,0.023934,0.031435,0.000000,0.060778,0.057744,-0.123174,-0.140790,-0.036874,-0.035709,0.150958,-0.076162,0.025907,0.020062,-0.136183,0.085044,-0.097128,-0.020411,0.042779,0.003534,0.003791,0.029363,-0.109254,0.013963
-0.014677,-0.029408,-0.047724,-0.010527,-0.011517,-0.041525,0.031960,0.038624,0.000000,0.063647,0.064888,-0.132313,-0.139001,-0.041245,-0.035025,0.150081,-0.090248,0.018248,0.010069,-0.133784,0.084302,-0.078142,-0.004885,-0.036490,0.008551,0.009635,0.038442,-0.110236,0.022938
0.030566,-0.008630,-0.030426,0.018187,0.017543,-0.053536,0.047673,0.058080,0.000000,0.056841,0.050057,-0.124345,-0.131840,-0.042360,-0.015931,0.153679,-0.104099,0.000699,0.013830,-0.151237,0.107045,-0.021061,0.046405,-0.003152,0.045156,-0.018955,-0.053384,0.093581,0.019563
0.048237,0.008922,-0.029578,0.023613,0.020921,-0.059334,0.054117,0.061329,0.000000,0.056657,0.046698,-0.110254,-0.124797,-0.049974,-0.015662,0.154379,-0.106468,0.014997,0.012079,-0.119052,0.104874,-0.015241,0.046955,0.076839,0.024610,0.015698,-0.024867,0.046213,0.001117
0.083578,0.044024,-0.027882,0.034465,0.027677,-0.070931,0.067005,0.067828,0.000000,0.056287,0.039979,-0.082070,-0.110713,-0.065203,-0.015126,0.155780,-0.111206,0.043592,0.008575,-0.054681,0.100532,-0.003601,0.048053,0.236821,-0.016482,0.085004,0.032167,-0.048525,-0.035774
0.139153,0.084367,-0.053342,0.026786,0.018865,-0.102443,0.083538,0.077976,0.000000,0.024737,0.026778,-0.063372,-0.098479,-0.053716,-0.029845,0.156516,-0.073117,0.014294,0.037195,-0.038491,0.109517,0.045581,0.080105,-0.131088,0.005159,-0.083552,0.021929,0.001911,-0.051516
0.166941,0.104538,-0.066072,0.022947,0.014458,-0.118199,0.091804,0.083051,0.000000,0.008962,0.020177,-0.054023,-0.092363,-0.047972,-0.037205,0.156884,-0.054072,-0.000354,0.051505,-0.030397,0.114010,0.070172,0.096131,-0.315042,0.015979,-0.167830,0.016810,0.027129,-0.059387
0.160886,0.108722,-0.102632,0.015708,0.014042,-0.132258,0.074341,0.070964,0.000000,0.009974,0.021572,-0.031005,-0.075776,-0.041395,-0.016270,0.166517,0.005870,0.018543,0.000812,-0.048750,0.112693,0.134686,0.129309,-0.027700,0.069914,0.019847,0.033075,0.163059,-0.002056
0.140713,0.087526,-0.097913,0.016010,0.014805,-0.127442,0.075502,0.070772,0.000000,0.000161,0.014851,-0.035314,-0.076090,-0.032696,-0.009614,0.155363,0.018596,0.006037,-0.002767,-0.053332,0.103231,0.102973,0.123387,-0.038391,0.080916,0.048143,0.009335,0.102531,0.014381
0.100368,0.045133,-0.088474,0.016614,0.016333,-0.117809,0.077825,0.070387,0.000000,-0.019466,0.001409,-0.043933,-0.076717,-0.015299,0.003699,0.133055,0.044046,-0.018974,-0.009926,-0.062496,0.084307,0.039547,0.111545,-0.059774,0.102921,0.104736,-0.038145,-0.018524,0.047257
0.040461,0.008526,-0.080165,0.008863,0.006011,-0.096744,0.060317,0.052580,0.000000,-0.012287,-0.012083,-0.047970,-0.046173,-0.008231,0.002672,0.068074,0.045158,0.033396,0.014112,-0.066345,0.081977,-0.002648,0.061521,-0.382749,0.073832,0.027729,-0.046827,0.047838,-0.024640
0.010507,-0.009778,-0.076011,0.004987,0.000851,-0.086212,0.051563,0.043676,0.000000,-0.008698,-0.018829,-0.049989,-0.030901,-0.004697,0.002159,0.035584,0.045714,0.059580,0.026132,-0.068269,0.080811,-0.023745,0.036510,-0.544237,0.059287,-0.010774,-0.051168,0.081019,-0.060588
-0.022827,-0.032036,-0.067978,0.012019,0.019463,-0.061404,0.007483,0.014146,0.000000,0.010593,-0.006237,-0.004901,-0.013801,-0.018414,0.013640,-0.001330,0.131485,-0.022277,-0.001227,-0.138335,0.092921,-0.101656,0.028737,-0.807178,-0.030667,-0.109323,0.027331,0.072598,-0.041896
-0.007536,-0.015750,-0.073365,0.013996,0.017393,-0.063608,0.015063,0.019266,0.000000,0.018091,0.000052,0.011616,0.002412,-0.022660,0.004961,-0.014391,0.153705,-0.007345,0.007829,-0.131334,0.100328,-0.113638,0.041517,-0.670618,-0.023359,-0.042174,0.013222,0.055237,0.005295
0.023046,0.016823,-0.084139,0.017951,0.013255,-0.068016,0.030222,0.029506,0.000000,0.033088,0.012631,0.044650,0.034837,-0.031153,-0.012398,-0.040514,0.198143,0.022518,0.025941,-0.117331,0.115142,-0.137601,0.067077,-0.397498,-0.008743,0.092122,-0.014995,0.020515,0.099676
0.025947,0.012155,-0.069384,0.009399,0.007942,-0.084527,0.021517,0.025771,0.000000,0.042961,0.034583,0.050170,0.053287,-0.036391,-0.014892,-0.087253,0.241236,0.012316,0.003262,-0.131927,0.098590,-0.084251,0.058258,-0.061677,-0.048554,-0.015237,-0.001649,0.024895,0.058707
0.027398,0.009820,-0.062007,0.005123,0.005286,-0.092782,0.017164,0.023903,0.000000,0.047897,0.045558,0.052931,0.062512,-0.039010,-0.016139,-0.110623,0.262783,0.007215,-0.008077,-0.139225,0.090314,-0.057576,0.053848,0.106234,-0.068460,-0.068917,0.005024,0.027085,0.038222
0.025395,0.014777,-0.048774,0.011572,0.007425,-0.059242,0.022962,0.026861,0.000000,0.047994,0.039704,0.062499,0.074172,-0.038456,-0.037740,-0.177206,0.305428,0.005275,0.030686,-0.077898,0.032927,-0.039118,0.030851,0.152225,-0.060679,-0.009082,0.007391,-0.128625,0.074733
0.019805,0.011336,-0.043451,0.015032,0.011346,-0.053085,0.018290,0.023045,0.000000,0.047677,0.034503,0.058979,0.078068,-0.040623,-0.031925,-0.185470,0.321807,0.006159,0.022144,-0.063638,0.021893,-0.022876,0.020676,0.107571,-0.054259,-0.028111,0.028617,-0.092087,0.066394
0.008626,0.004452,-0.032804,0.021951,0.019187,-0.040772,0.008946,0.015411,0.000000,0.047042,0.024101,0.051940,0.085861,-0.044957,-0.020296,-0.201998,0.354566,0.007927,0.005060,-0.035118,-0.000173,0.009608,0.000327,0.018262,-0.041420,-0.066171,0.071070,-0.019011,0.049717
0.011325,-0.000478,-0.029990,0.011444,0.008549,-0.030282,0.007432,0.010166,0.000000,0.033994,0.034970,0.063159,0.072089,-0.034139,-0.022641,-0.203158,0.360820,-0.012421,-0.028286,-0.035712,0.002491,0.008909,0.033995,0.094430,-0.009644,-0.039615,-0.059171,-0.012473,0.019074
0.012674,-0.002943,-0.028583,0.006191,0.003230,-0.025037,0.006675,0.007543,0.000000,0.027469,0.040405,0.068768,0.065203,-0.028730,-0.023814,-0.203738,0.363947,-0.022595,-0.044959,-0.036009,0.003823,0.008560,0.050830,0.132514,0.006243,-0.026337,-0.124292,-0.009204,0.003752
0.052564,0.048183,-0.028706,-0.010605,-0.013693,-0.026326,0.015668,0.017674,0.000000,0.019351,0.018615,0.064346,0.027355,-0.023319,-0.023468,-0.208797,0.325711,0.019380,0.037855,0.010008,0.064960,0.027415,0.053812,0.022065,-0.132982,0.065105,0.016472,-0.059998,0.028728
0.044699,0.042623,-0.015054,-0.001090,-0.006265,-0.016897,0.012870,0.009681,0.000000,0.010681,0.004179,0.052432,0.004783,-0.020130,-0.015602,-0.205531,0.297013,0.015507,0.025682,0.022837,0.083803,0.037438,0.043284,0.046978,-0.111170,0.041038,0.014307,-0.051164,0.042487
0.028968,0.031503,0.012250,0.017940,0.008589,0.001961,0.007273,-0.006307,0.000000,-0.006659,-0.024691,0.028605,-0.040362,-0.013753,0.000132,-0.198998,0.239616,0.007760,0.001337,0.048494,0.121488,0.057482,0.022226,0.096805,-0.067545,-0.007095,0.009979,-0.033498,0.070004
0.005140,0.009040,0.024535,0.007667,0.005631,0.008446,0.009567,0.000797,0.000000,-0.025594,-0.039997,0.020432,-0.073785,0.004783,0.017710,-0.178532,0.164472,0.012741,0.004965,0.028737,0.140811,0.039705,0.001306,0.000776,0.006784,-0.067297,0.007277,0.034430,0.038998
-0.006773,-0.002192,0.030677,0.002530,0.004152,0.011688,0.010714,0.004349,0.000000,-0.035062,-0.047650,0.016345,-0.090496,0.014051,0.026498,-0.168299,0.126900,0.015232,0.006779,0.018858,0.150472,0.030816,-0.009154,-0.047239,0.043948,-0.097397,0.005926,0.068394,0.023495
-0.010235,-0.008250,0.016688,-0.009382,-0.012686,0.018472,0.001801,-0.009712,0.000000,-0.047307,-0.039139,0.029095,-0.114561,0.022161,0.017688,-0.110618,0.044281,-0.021710,-0.006326,0.015035,0.231750,-0.018336,-0.020686,0.002138,-0.074608,-0.080536,-0.032146,0.000297,-0.009626
-0.006466,-0.002217,0.019953,-0.007380,-0.008131,0.012557,0.003530,-0.006231,0.000000,-0.044371,-0.045458,0.023646,-0.129498,0.019953,0.019183,-0.096059,0.025208,-0.009415,0.004814,0.008098,0.233179,-0.005519,-0.014815,0.018468,-0.049329,-0.066030,-0.046586,-0.007352,0.000643
0.001073,0.009849,0.026484,-0.003375,0.000977,0.000729,0.006989,0.000730,0.000000,-0.038499,-0.058097,0.012749,-0.159373,0.015536,0.022174,-0.066940,-0.012939,0.015176,0.027093,-0.005776,0.236036,0.020114,-0.003072,0.051128,0.001229,-0.037019,-0.075467,-0.022649,0.021181
0.012407,0.009267,0.011909,-0.011560,-0.015096,-0.001032,0.019374,0.005876,0.000000,-0.044960,-0.032762,0.014943,-0.151930,0.017219,0.011846,-0.053475,-0.059313,0.016293,-0.007980,0.000257,0.251644,0.017813,-0.034043,0.051598,0.080263,-0.074676,-0.003269,-0.011315,0.065436
0.018075,0.008976,0.004621,-0.015653,-0.023132,-0.001913,0.025567,0.008448,0.000000,-0.048190,-0.020095,0.016040,-0.148208,0.018060,0.006682,-0.046742,-0.082500,0.016851,-0.025517,0.003274,0.259447,0.016662,-0.049528,0.051833,0.119780,-0.093504,0.032830,-0.005648,0.087563
0.003304,0.012800,0.058016,-0.017100,-0.017593,0.051390,-0.004087,-0.008710,0.000000,-0.029726,-0.043931,0.001355,-0.112106,0.014230,0.009962,-0.021402,-0.158184,-0.005234,0.042405,-0.038505,0.240451,0.015648,-0.043904,0.061719,-0.007378,-0.107202,-0.004583,-0.146372,-0.013830
-0.006863,0.003163,0.065982,-0.007927,-0.009062,0.056633,-0.005384,-0.011509,0.000000,-0.028335,-0.040805,0.000013,-0.094679,0.014963,0.015115,-0.025453,-0.166013,-0.004621,0.018692,-0.040373,0.233407,0.011902,-0.048345,0.048841,-0.003676,-0.109905,-0.015414,-0.135782,-0.010295
-0.027198,-0.016111,0.081913,0.010421,0.007999,0.067120,-0.007979,-0.017106,0.000000,-0.025553,-0.034554,-0.002673,-0.059826,0.016429,0.025420,-0.033554,-0.181672,-0.003394,-0.028735,-0.044110,0.219319,0.004409,-0.057226,0.023085,0.003728,-0.115312,-0.037077,-0.114602,-0.003225
-0.016431,0.002290,0.089787,0.008800,0.000483,0.083221,-0.007660,-0.019846,0.000000,-0.019010,-0.034738,0.004690,-0.019106,0.006395,0.000230,-0.042169,-0.179598,-0.002670,0.011488,-0.041474,0.171146,-0.005957,-0.057296,0.102516,0.104734,-0.090417,-0.054850,-0.214616,0.033291
-0.011047,0.011491,0.093724,0.007990,-0.003275,0.091271,-0.007500,-0.021216,0.000000,-0.015739,-0.034829,0.008372,0.001253,0.001378,-0.012365,-0.046477,-0.178561,-0.002308,0.031599,-0.040156,0.147059,-0.011140,-0.057331,0.142232,0.155237,-0.077970,-0.063737,-0.264624,0.051549
0.019537,0.026736,0.043266,-0.014188,-0.005471,0.043894,-0.011970,-0.007958,0.000000,-0.007374,-0.005382,0.034336,0.037673,-0.006671,0.001907,-0.032215,-0.091908,0.006386,-0.020500,-0.030332,0.108654,0.014344,-0.014317,-0.033379,-0.015214,-0.224606,-0.019669,-0.128831,0.007534
0.023438,0.028076,0.037529,-0.013732,-0.009862,0.037467,-0.010366,-0.008854,0.000000,-0.009254,-0.001358,0.042433,0.055068,-0.006818,-0.004288,-0.024908,-0.067407,-0.002184,-0.021061,-0.023996,0.085093,0.004495,-0.014145,-0.051034,-0.000412,-0.194211,-0.013796,-0.120694,0.000071
0.031239,0.030756,0.026057,-0.012820,-0.018645,0.024612,-0.007158,-0.010645,0.000000,-0.013014,0.006691,0.058626,0.089858,-0.007111,-0.016677,-0.010293,-0.018406,-0.019323,-0.022182,-0.011324,0.037971,-0.015205,-0.013800,-0.086344,0.029192,-0.133420,-0.002051,-0.104421,-0.014857
0.025390,0.030918,0.021261,-0.013254,-0.016811,0.022725,-0.003331,-0.006011,0.000000,-0.005234,-0.003196,0.060629,0.121586,-0.005753,-0.014670,-0.022486,-0.003319,0.005840,0.002474,-0.006576,0.011693,-0.027163,-0.031075,-0.235369,-0.034189,-0.093121,0.045957,-0.116321,0.000814
0.022466,0.030999,0.018863,-0.013471,-0.015895,0.021782,-0.001418,-0.003694,0.000000,-0.001345,-0.008140,0.061630,0.137451,-0.005074,-0.013666,-0.028582,0.004225,0.018421,0.014802,-0.004201,-0.001446,-0.033142,-0.039712,-0.309881,-0.065880,-0.072971,0.069961,-0.122270,0.008649
0.019648,0.033460,0.045229,0.021303,0.008926,0.057017,-0.010540,-0.030399,0.000000,-0.023328,-0.026962,0.030470,0.144814,-0.018460,-0.011480,-0.068876,0.040288,-0.049058,-0.007915,-0.056603,-0.032232,-0.025283,-0.019852,-0.246819,0.032030,-0.038792,0.023200,-0.013691,-0.052019
0.018247,0.033540,0.042431,0.019732,0.010669,0.051983,-0.014692,-0.029969,0.000000,-0.021645,-0.030328,0.024151,0.141807,-0.007305,-0.002882,-0.069703,0.054756,-0.029801,-0.018187,-0.049695,-0.039955,-0.018089,-0.008051,-0.206288,0.036711,-0.080988,0.007430,-0.039835,-0.037031
0.015446,0.033699,0.036835,0.016589,0.014156,0.041913,-0.022996,-0.029108,0.000000,-0.018278,-0.037061,0.011512,0.135791,0.015006,0.014313,-0.071356,0.083691,0.008713,-0.038729,-0.035881,-0.055400,-0.003700,0.015552,-0.125226,0.046073,-0.165381,-0.024109,-0.092124,-0.007054
0.008484,0.021178,-0.003720,-0.006490,-0.008922,0.006295,-0.011514,-0.020396,0.000000,-0.033690,-0.038539,0.013179,0.114551,0.015651,0.005750,-0.058578,0.104290,0.006854,-0.003162,-0.027881,-0.028200,-0.024578,0.001496,0.100107,-0.001886,-0.063674,-0.009670,-0.067604,0.025773
0.005003,0.014917,-0.023998,-0.018029,-0.020460,-0.011514,-0.005773,-0.016040,0.000000,-0.041395,-0.039278,0.014012,0.103930,0.015973,0.001468,-0.052190,0.114589,0.005925,0.014622,-0.023881,-0.014599,-0.035017,-0.005532,0.212773,-0.025866,-0.012820,-0.002451,-0.055344,0.042187
0.007235,0.002207,-0.030148,-0.003215,-0.012376,-0.035154,0.040151,0.017468,0.000000,-0.052968,-0.048476,-0.010244,0.062449,0.016314,0.005490,-0.045878,0.124455,0.024629,0.033456,0.074974,-0.024830,-0.056513,-0.038520,0.261915,-0.154825,0.035690,0.018393,-0.213067,0.033753
0.004238,-0.000322,-0.022413,-0.005333,-0.009752,-0.024803,0.024325,0.007748,0.000000,-0.049573,-0.043856,-0.000901,0.063206,0.015603,0.008972,-0.048718,0.119602,0.013288,0.014239,0.083409,-0.050822,-0.094148,-0.042226,0.369492,-0.112699,0.005544,0.021954,-0.195247,0.024040
-0.001756,-0.005379,-0.006944,-0.009570,-0.004503,-0.004101,-0.007325,-0.011691,0.000000,-0.042783,-0.034615,0.017787,0.064720,0.014182,0.015935,-0.054399,0.109896,-0.009395,-0.024194,0.100278,-0.102805,-0.169417,-0.049639,0.584646,-0.028445,-0.054748,0.029075,-0.159607,0.004615
0.020629,0.020971,-0.007847,0.005166,0.004233,-0.008177,0.008895,-0.004533,0.000000,-0.050524,-0.049974,0.051904,0.073375,0.015572,0.013475,-0.054139,0.098184,-0.005938,-0.018949,0.127517,-0.115313,-0.241437,-0.010138,0.169359,0.121986,-0.025710,-0.053544,-0.135429,-0.050298
0.031822,0.034146,-0.008299,0.012534,0.008602,-0.010215,0.017005,-0.000954,0.000000,-0.054395,-0.057653,0.068963,0.077702,0.016268,0.012244,-0.054010,0.092328,-0.004209,-0.016327,0.141137,-0.121567,-0.277447,0.009613,-0.038284,0.197201,-0.011191,-0.094853,-0.123340,-0.077755
-0.000168,0.014480,-0.003245,0.013222,0.005831,0.004855,-0.006909,-0.023764,0.000000,-0.041167,-0.069487,0.083803,0.037435,0.017834,0.034257,-0.025087,0.053555,0.021254,0.021669,0.049202,-0.090857,-0.397461,0.024121,-0.088154,-0.232704,0.028614,0.135918,-0.151012,0.056526
-0.009513,0.005611,-0.009072,0.007860,-0.000661,0.001502,-0.001918,-0.021249,0.000000,-0.046952,-0.068469,0.068998,0.021005,0.019496,0.024973,-0.022989,0.041014,0.016754,0.023834,0.043484,-0.081103,-0.387262,0.018395,0.052511,-0.132381,-0.008471,0.075916,-0.199900,0.017123
-0.028203,-0.012127,-0.020727,-0.002863,-0.013645,-0.005203,0.008065,-0.016221,0.000000,-0.058522,-0.066433,0.039389,-0.011854,0.022819,0.006404,-0.018792,0.015931,0.007753,0.028165,0.032046,-0.061595,-0.366865,0.006942,0.333840,0.068265,-0.082641,-0.044088,-0.297676,-0.061682
0.002077,0.007547,-0.026678,-0.026115,-0.026144,0.002911,-0.000845,-0.013969,0.000000,-0.057733,-0.041592,0.027062,-0.013680,0.032751,0.011128,-0.031087,0.008948,-0.007664,-0.018274,-0.009620,-0.081089,-0.316130,0.019545,0.412832,-0.038686,-0.138745,0.012079,-0.238245,-0.022117
0.017216,0.017384,-0.029654,-0.037741,-0.032394,0.006968,-0.005300,-0.012843,0.000000,-0.057338,-0.029172,0.020898,-0.014593,0.037717,0.013491,-0.037234,0.005456,-0.015373,-0.041494,-0.030453,-0.090836,-0.290762,0.025846,0.452328,-0.092161,-0.166797,0.040162,-0.208529,-0.002335
0.013915,0.012778,-0.006254,-0.003103,-0.003232,0.000512,0.026096,0.013601,0.000000,-0.047264,-0.047017,-0.022829,-0.036557,0.025915,0.010622,-0.031712,-0.024682,0.030042,-0.003034,-0.029407,-0.104016,-0.146191,0.039711,0.497439,-0.049041,-0.109444,0.047594,-0.102703,0.099271
0.008568,0.008442,0.006646,-0.004610,-0.004480,0.012589,0.016020,0.007043,0.000000,-0.040057,-0.039600,-0.035294,-0.030453,0.019710,0.010312,-0.029238,-0.041167,0.014736,-0.000032,-0.007531,-0.104767,-0.114414,0.028586,0.454354,-0.028799,-0.130034,0.021521,-0.182845,0.049272
-0.002128,-0.000229,0.032445,-0.007624,-0.006976,0.036742,-0.004132,-0.006074,0.000000,-0.025642,-0.024766,-0.060225,-0.018244,0.007302,0.009690,-0.024290,-0.074138,-0.015876,0.005972,0.036221,-0.106268,-0.050860,0.006334,0.368184,0.011684,-0.171214,-0.030625,-0.343131,-0.050725
0.004307,0.010881,0.009920,-0.010992,-0.020656,0.031337,0.000132,-0.014065,0.000000,-0.016499,-0.010725,-0.051676,-0.015716,0.007168,-0.002802,-0.017126,-0.083387,-0.005663,0.025129,0.062187,-0.115314,-0.052552,-0.036011,0.423121,0.029116,-0.052657,-0.013588,-0.187759,-0.026529
0.007524,0.016437,-0.001342,-0.012676,-0.027496,0.028634,0.002264,-0.018060,0.000000,-0.011927,-0.003705,-0.047402,-0.014452,0.007102,-0.009048,-0.013544,-0.088012,-0.000557,0.034707,0.075170,-0.119837,-0.053397,-0.057184,0.450589,0.037832,0.006621,-0.005069,-0.110072,-0.014430
0.003726,0.002064,0.001176,-0.004166,-0.008415,0.017492,0.010743,0.008694,0.000000,0.003644,0.006630,-0.057732,-0.019033,-0.009832,-0.007936,0.015888,-0.100224,0.020269,-0.049605,0.139477,-0.117924,0.088530,-0.052367,0.041404,0.048660,-0.138778,-0.074825,0.038285,0.022045
-0.008254,-0.006293,-0.001254,-0.006869,-0.005209,0.013382,-0.004865,-0.000409,0.000000,0.006539,0.009596,-0.059409,-0.032318,-0.005589,-0.005890,0.027106,-0.093433,0.005948,-0.037918,0.160991,-0.117964,0.102365,-0.062576,-0.076955,0.011380,-0.104608,-0.029789,0.050306,-0.000435
-0.032215,-0.023006,-0.006115,-0.012274,0.001203,0.005164,-0.036081,-0.018615,0.000000,0.012327,0.015528,-0.062764,-0.058889,0.002899,-0.001797,0.049542,-0.079852,-0.022693,-0.014544,0.204019,-0.118043,0.130036,-0.082993,-0.313675,-0.063180,-0.036268,0.060284,0.074349,-0.045395
-0.051966,-0.013465,0.001942,0.016515,0.009414,0.041767,-0.032416,-0.039905,0.000000,0.019814,-0.022507,-0.041671,-0.055701,-0.003270,0.000505,0.056026,-0.094947,0.009156,0.027518,0.201273,-0.133945,0.116873,-0.093193,-0.213249,-0.007461,-0.006380,0.005879,0.149388,-0.049020
-0.061841,-0.008694,0.005971,0.030910,0.013519,0.060069,-0.030583,-0.050550,0.000000,0.023557,-0.041524,-0.031124,-0.054107,-0.006354,0.001656,0.059267,-0.102494,0.025080,0.048549,0.199901,-0.141896,0.110292,-0.098293,-0.163036,0.020399,0.008564,-0.021323,0.186908,-0.050832
-0.057074,-0.045866,0.035929,0.033709,0.039329,0.056344,-0.016905,-0.016668,0.000000,-0.016887,-0.053684,-0.024816,-0.043843,-0.006492,0.050091,0.070237,-0.130270,0.003741,-0.041599,0.205588,-0.166801,0.121557,-0.074791,-0.087211,0.050033,-0.135482,-0.059179,0.183016,0.007687
-0.056950,-0.046564,0.039038,0.027146,0.031908,0.054069,-0.014756,-0.014683,0.000000,-0.018142,-0.045778,-0.021338,-0.039865,0.001487,0.037110,0.066692,-0.134193,-0.001255,-0.037921,0.178605,-0.166963,0.100831,-0.066306,-0.164482,0.032650,-0.101959,-0.021161,0.197630,-0.003669
-0.056702,-0.047961,0.045256,0.014022,0.017067,0.049518,-0.010457,-0.010713,0.000000,-0.020653,-0.029966,-0.014382,-0.031909,0.017446,0.011149,0.059603,-0.142037,-0.011247,-0.030565,0.124640,-0.167288,0.059379,-0.049336,-0.319022,-0.002115,-0.034911,0.054875,0.226859,-0.026380
-0.010058,-0.004088,0.027565,-0.015922,-0.017573,0.041651,0.000401,-0.005158,0.000000,-0.007058,-0.009135,0.002782,-0.019372,0.009752,-0.015256,0.049064,-0.138146,0.019637,0.040486,0.071672,-0.161169,0.028514,-0.018047,-0.177985,0.002296,0.081252,0.023501,0.277745,-0.030109
0.013264,0.017849,0.018720,-0.030895,-0.034894,0.037718,0.005831,-0.002380,0.000000,-0.000261,0.001280,0.011364,-0.013103,0.005904,-0.028459,0.043794,-0.136201,0.035079,0.076012,0.045188,-0.158109,0.013082,-0.002403,-0.107466,0.004501,0.139333,0.007814,0.303188,-0.031973
0.041546,0.015464,0.069582,0.036340,0.032221,0.030555,0.023970,0.022192,0.000000,0.009187,0.009906,0.007528,0.000846,-0.030032,0.016679,0.053214,-0.134490,-0.001221,-0.060015,0.063071,-0.128316,0.079733,0.009306,0.049973,-0.069970,0.017796,0.037999,0.029977,0.052528
0.057166,0.032883,0.062793,0.020963,0.022672,0.028809,0.017061,0.019285,0.000000,0.002575,0.010102,0.013758,0.006642,-0.020705,0.009597,0.056491,-0.125373,-0.015227,-0.032695,0.042079,-0.122010,0.081505,0.015998,-0.023539,-0.037494,0.025960,0.019228,0.028506,0.010138
0.088406,0.067720,0.049214,-0.009792,0.003574,0.025316,0.003241,0.013470,0.000000,-0.010650,0.010493,0.026218,0.018235,-0.002053,-0.004568,0.063045,-0.107138,-0.043240,0.021945,0.000096,-0.109397,0.085049,0.029382,-0.170565,0.027456,0.042289,-0.018314,0.025563,-0.074641
0.072234,0.079346,0.026754,-0.000042,-0.008106,0.032131,0.001795,-0.010421,0.000000,-0.014155,-0.015037,0.018879,0.011054,-0.002274,-0.021698,0.060520,-0.090753,0.020264,0.022988,-0.018382,-0.132459,0.065424,0.010801,-0.007139,0.032367,0.187595,0.021780,0.114670,-0.032516
0.064148,0.085158,0.015525,0.004833,-0.013946,0.035538,0.001072,-0.022367,0.000000,-0.015907,-0.027802,0.015210,0.007464,-0.002384,-0.030262,0.059258,-0.082560,0.052017,0.023510,-0.027621,-0.143989,0.055612,0.001511,0.074573,0.034822,0.260248,0.041827,0.159224,-0.011454
0.002947,-0.013536,-0.004120,0.002575,0.008445,-0.011578,0.011497,0.006358,0.000000,-0.054810,-0.028818,0.011696,0.014997,0.020221,0.025143,0.061807,-0.045402,-0.024408,-0.061779,0.006567,-0.119398,0.047250,-0.051423,-0.097244,-0.035031,0.260109,-0.023872,0.481238,-0.012387
-0.000275,-0.004337,-0.015838,-0.012142,-0.006082,-0.005505,-0.002994,-0.007533,0.000000,-0.056620,-0.033288,0.013185,0.017439,0.023762,0.017485,0.048423,-0.032400,-0.030733,-0.031032,-0.000118,-0.125289,0.042268,-0.036297,-0.136490,-0.020087,0.352500,-0.033805,0.577391,-0.026955
-0.006720,0.014062,-0.039272,-0.041576,-0.035135,0.006641,-0.031976,-0.035314,0.000000,-0.060239,-0.042229,0.016161,0.022323,0.030843,0.002168,0.021654,-0.006397,-0.043383,0.030464,-0.013487,-0.137073,0.032303,-0.006044,-0.214983,0.009802,0.537281,-0.053670,0.769695,-0.056089
0.029386,0.022504,-0.035519,-0.012470,-0.021397,-0.034032,0.029818,0.012477,0.000000,-0.050013,-0.040114,0.031931,0.030276,0.015799,-0.000305,0.006503,0.002462,0.020944,0.032564,0.077771,-0.114995,0.044259,0.009571,-0.195312,0.078188,0.446045,-0.061236,0.630509,-0.017933
0.047439,0.026726,-0.033643,0.002083,-0.014527,-0.054369,0.060715,0.036372,0.000000,-0.044900,-0.039057,0.039816,0.034252,0.008277,-0.001542,-0.001072,0.006891,0.053108,0.033614,0.123399,-0.103956,0.050237,0.017378,-0.185477,0.112381,0.400428,-0.065019,0.560916,0.001145
-0.008758,-0.022899,-0.005013,0.009216,0.014476,-0.017692,-0.002936,-0.004494,0.000000,-0.023507,-0.007542,0.026962,0.029043,-0.002828,0.022590,-0.017208,0.030596,0.000430,-0.063842,0.190565,-0.066807,0.046514,-0.016305,-0.272694,-0.201895,0.081650,0.174578,0.377368,-0.004741
-0.003129,-0.005916,-0.012020,0.005586,0.008884,-0.014981,-0.007682,-0.011360,0.000000,-0.023922,-0.018531,0.028849,0.029896,0.002697,0.011000,-0.028494,0.037858,-0.015231,-0.023872,0.188813,-0.067310,0.016289,-0.015259,-0.211559,-0.103229,0.136323,0.107509,0.391885,-0.007680
0.008129,0.028049,-0.026033,-0.001672,-0.002301,-0.009559,-0.017173,-0.025092,0.000000,-0.024751,-0.040509,0.032623,0.031604,0.013748,-0.012180,-0.051067,0.052383,-0.046553,0.056069,0.185308,-0.068318,-0.044161,-0.013167,-0.089288,0.094103,0.245669,-0.026629,0.420919,-0.013557
0.019554,0.001353,-0.024888,0.000455,-0.006527,-0.025046,0.038383,0.023570,0.000000,-0.036529,-0.026230,0.013142,0.034350,-0.003560,-0.007538,-0.041799,0.031504,0.004009,-0.000521,0.225800,-0.059968,-0.049439,0.005595,-0.122869,0.047073,0.134923,-0.058925,0.258992,0.026971
0.025266,-0.011995,-0.024315,0.001518,-0.008639,-0.032790,0.066161,0.047900,0.000000,-0.042418,-0.019090,0.003401,0.035723,-0.012214,-0.005217,-0.037165,0.021065,0.029289,-0.028817,0.246047,-0.055794,-0.052078,0.014976,-0.139660,0.023558,0.079550,-0.075073,0.178029,0.047235
-0.042082,-0.040133,-0.002325,-0.005578,0.005806,0.010186,-0.015204,-0.007935,0.000000,-0.000122,-0.005214,-0.043963,0.016941,0.009389,0.023737,-0.024240,0.031268,0.060896,-0.031698,0.116996,-0.037791,0.007917,0.034069,-0.184949,-0.059036,-0.014905,0.046957,0.283995,-0.043317
-0.029087,-0.021796,-0.005781,-0.004391,-0.002022,0.016947,-0.013126,-0.016064,0.000000,-0.005761,-0.009996,-0.048983,0.014790,0.006835,0.007377,-0.019704,0.028758,0.029173,0.006907,0.105639,-0.036959,-0.003251,0.026201,-0.193880,-0.026932,0.062452,0.047079,0.215209,-0.055801
-0.003097,0.014877,-0.012692,-0.002018,-0.017679,0.030469,-0.008970,-0.032322,0.000000,-0.017041,-0.019559,-0.059023,0.010489,0.001727,-0.025342,-0.010633,0.023738,-0.034272,0.084118,0.082924,-0.035296,-0.025585,0.010466,-0.211741,0.037276,0.217165,0.047323,0.077637,-0.080770
-0.038183,-0.041072,-0.003192,0.031760,0.029621,0.010423,0.002885,-0.003828,0.000000,-0.003170,-0.016350,-0.077338,-0.008019,-0.010003,0.009223,0.010948,0.013208,-0.029746,-0.034064,0.073681,-0.014944,-0.008956,-0.013069,-0.045087,-0.062167,0.119139,0.010506,0.069295,0.059162
-0.055726,-0.069047,0.001558,0.048649,0.053271,0.000400,0.008813,0.010419,0.000000,0.003766,-0.014745,-0.086496,-0.017273,-0.015869,0.026506,0.021738,0.007944,-0.027483,-0.093155,0.069059,-0.004768,-0.000642,-0.024837,0.038241,-0.111889,0.070126,-0.007902,0.065124,0.129128
-0.100322,-0.072709,-0.011206,0.020723,0.028842,0.014421,-0.039646,-0.026008,0.000000,0.038720,-0.003855,-0.053775,-0.035580,-0.014097,0.015185,0.037436,-0.006767,0.041552,-0.027139,-0.001772,0.021114,-0.030685,-0.024586,0.017256,0.015252,0.056445,-0.059799,0.114579,0.071792
-0.074806,-0.048468,-0.023509,0.006875,0.003500,0.015673,-0.027031,-0.026811,0.000000,0.028050,0.001713,-0.039662,-0.033122,-0.013065,-0.009808,0.028917,-0.014187,0.013482,0.016420,0.002763,0.028444,-0.064452,-0.018376,0.028117,0.001293,0.072500,-0.022448,0.028906,0.022079
-0.023775,0.000014,-0.048117,-0.020821,-0.047185,0.018178,-0.001800,-0.028418,0.000000,0.006709,0.012850,-0.011435,-0.028206,-0.011001,-0.059793,0.011881,-0.029029,-0.042658,0.103537,0.011832,0.043102,-0.131985,-0.005956,0.049838,-0.026625,0.104611,0.052254,-0.142440,-0.077348
-0.049264,-0.063701,-0.026542,-0.016144,-0.020338,-0.003560,0.017702,0.013740,0.000000,-0.005348,0.008701,-0.027083,-0.041606,0.004939,-0.008493,0.004434,-0.078960,-0.011393,-0.009945,0.057184,0.054925,-0.149014,-0.012572,0.270920,0.012778,0.018845,-0.012580,-0.097659,0.001058
-0.062009,-0.095558,-0.015755,-0.013806,-0.006915,-0.014429,0.027453,0.034819,0.000000,-0.011376,0.006627,-0.034906,-0.048307,0.012909,0.017156,0.000710,-0.103925,0.004239,-0.066686,0.079860,0.060837,-0.157528,-0.015880,0.381461,0.032480,-0.024038,-0.044997,-0.075269,0.040261
-0.108079,-0.093935,0.040035,0.015325,0.017396,0.058409,-0.009506,-0.005828,0.000000,0.014405,0.002146,-0.045844,-0.035110,-0.009980,0.025345,-0.054819,-0.144923,0.017353,-0.026820,0.065054,0.003223,-0.154622,-0.040044,0.179459,0.051561,-0.036229,-0.028210,-0.075179,0.010467
-0.105873,-0.089421,0.037472,0.004258,0.005544,0.066440,-0.012680,-0.010507,0.000000,0.011891,-0.002439,-0.048602,-0.044135,0.000318,0.011342,-0.062548,-0.151012,0.005665,0.013670,0.057881,0.004877,-0.143211,-0.024735,0.102527,0.057174,-0.024956,-0.025091,-0.070655,-0.036813
-0.101463,-0.080395,0.032345,-0.017875,-0.018161,0.082503,-0.019029,-0.019864,0.000000,0.006863,-0.011609,-0.054118,-0.062184,0.020914,-0.016665,-0.078004,-0.163188,-0.017712,0.094649,0.043534,0.008186,-0.120390,0.005883,-0.051337,0.068398,-0.002410,-0.018853,-0.061608,-0.131374
-0.129584,-0.117221,0.052088,0.023971,0.019772,0.065313,-0.011219,-0.013580,0.000000,0.025200,-0.001023,-0.068882,-0.077698,-0.014591,0.007060,-0.046228,-0.175257,-0.003146,-0.013523,0.030180,-0.002674,-0.006361,-0.012237,0.039434,-0.037289,-0.040658,0.102070,0.014481,0.038870
-0.143645,-0.135634,0.061959,0.044893,0.038739,0.056718,-0.007315,-0.010438,0.000000,0.034368,0.004270,-0.076264,-0.085455,-0.032344,0.018922,-0.030339,-0.181291,0.004137,-0.067609,0.023503,-0.008104,0.050654,-0.021297,0.084819,-0.090133,-0.059782,0.162532,0.052526,0.123992
-0.116826,-0.092071,0.037082,0.007264,0.009747,0.058738,-0.050562,-0.038825,0.000000,0.061437,0.032204,-0.065923,-0.074356,-0.014252,0.013144,0.005299,-0.138563,-0.008725,-0.038534,-0.077388,-0.010730,0.111693,0.022379,0.005814,0.036031,0.033899,-0.040194,0.126561,-0.100812
-0.098693,-0.086395,0.024629,0.002076,0.006643,0.036778,-0.024830,-0.010540,0.000000,0.055871,0.035287,-0.062414,-0.075785,-0.014342,-0.001211,0.021721,-0.136973,-0.002977,-0.003152,-0.064935,-0.009395,0.123817,0.012282,0.008460,0.028310,0.047467,-0.024808,0.058513,-0.065850
-0.062428,-0.075041,-0.000276,-0.008301,0.000436,-0.007140,0.026632,0.046029,0.000000,0.044739,0.041453,-0.055395,-0.078642,-0.014521,-0.029920,0.054565,-0.133794,0.008519,0.067610,-0.040028,-0.006726,0.148063,-0.007911,0.013752,0.012866,0.074602,0.005963,-0.077583,0.004073
-0.073383,-0.079015,0.016696,0.011666,0.013296,0.007605,0.015124,0.023722,0.000000,0.046363,0.025030,-0.050361,-0.088086,-0.032126,-0.014932,0.077797,-0.129205,0.027910,0.019966,-0.066673,-0.021998,0.135917,-0.028615,-0.023340,-0.043177,0.040152,0.056972,0.007757,0.002623
-0.078861,-0.081003,0.025182,0.021649,0.019726,0.014977,0.009369,0.012568,0.000000,0.047175,0.016819,-0.047843,-0.092808,-0.040929,-0.007438,0.089413,-0.126910,0.037606,-0.003856,-0.079995,-0.029634,0.129844,-0.038967,-0.041886,-0.071198,0.022928,0.082476,0.050427,0.001898
-0.044743,-0.045719,0.018048,0.022531,0.023192,0.015411,-0.005991,-0.005487,0.000000,0.019176,0.005472,0.004224,-0.076870,-0.007280,0.029798,0.108176,-0.101443,-0.021387,-0.012197,-0.064474,-0.013510,0.039424,-0.040383,0.047081,0.046792,0.061579,0.002932,-0.046836,-0.062563
-0.021802,-0.026754,0.009577,0.013432,0.010664,0.009819,0.004646,0.000418,0.000000,0.016872,0.006746,0.008269,-0.068241,-0.005577,0.016958,0.112851,-0.101359,-0.016195,-0.002477,-0.066566,-0.019272,0.030119,-0.022707,0.067899,0.060844,0.052944,-0.025280,-0.020415,-0.040707
0.024079,0.011176,-0.007364,-0.004766,-0.014391,-0.001365,0.025920,0.012229,0.000000,0.012263,0.009295,0.016360,-0.050983,-0.002171,-0.008723,0.122200,-0.101190,-0.005813,0.016961,-0.070752,-0.030794,0.011510,0.012646,0.109534,0.088947,0.035672,-0.081705,0.032425,0.003007
0.077580,0.061349,-0.011668,0.007671,0.002010,-0.025721,0.024518,0.020920,0.000000,0.009512,0.016910,0.043293,-0.034510,-0.017207,-0.010805,0.132329,-0.083553,0.007860,-0.038495,-0.036792,-0.011663,0.047073,0.024018,-0.015908,0.002654,-0.074971,-0.001218,-0.051470,-0.005507
0.104331,0.086435,-0.013819,0.013890,0.010211,-0.037899,0.023817,0.025266,0.000000,0.008136,0.020717,0.056759,-0.026273,-0.024725,-0.011846,0.137393,-0.074734,0.014697,-0.066223,-0.019813,-0.002097,0.064855,0.029703,-0.078630,-0.040492,-0.130293,0.039025,-0.093417,-0.009763
0.162292,0.127169,-0.027096,-0.037095,-0.036408,-0.057852,0.053390,0.041637,0.000000,-0.030670,-0.002679,0.066606,-0.008268,-0.006892,-0.013433,0.085089,-0.042215,0.031365,0.070967,0.009757,-0.032859,0.049388,0.028119,-0.092566,0.047860,-0.035112,0.014595,-0.031888,0.044129
0.126978,0.100293,-0.020625,-0.025478,-0.026648,-0.042826,0.040162,0.027618,0.000000,-0.034143,-0.009202,0.054001,-0.005777,0.000223,-0.004285,0.079432,-0.042948,0.002227,0.041672,0.025450,-0.046525,0.021555,0.018911,-0.051688,0.054546,-0.041249,-0.000727,-0.027916,0.009582
0.056351,0.046542,-0.007684,-0.002244,-0.007130,-0.012775,0.013708,-0.000418,0.000000,-0.041088,-0.022248,0.028791,-0.000794,0.014453,0.014010,0.068118,-0.044414,-0.056050,-0.016918,0.056835,-0.073858,-0.034113,0.000494,0.030067,0.067916,-0.053523,-0.031371,-0.019971,-0.059514
0.028011,0.021436,-0.021516,-0.009968,-0.019684,-0.016277,0.023608,0.005710,0.000000,-0.052005,-0.029079,0.051712,0.020822,0.019960,0.008824,0.063158,-0.056786,0.003484,-0.033567,0.131966,-0.096603,-0.051992,-0.015920,0.017806,0.031701,-0.029883,-0.024528,-0.050837,-0.028256
0.013840,0.008883,-0.028432,-0.013830,-0.025961,-0.018028,0.028558,0.008774,0.000000,-0.057464,-0.032494,0.063173,0.031630,0.022713,0.006232,0.060677,-0.062972,0.033251,-0.041891,0.169532,-0.107976,-0.060931,-0.024128,0.011676,0.013594,-0.018063,-0.021106,-0.066270,-0.012627
0.032365,0.022262,-0.037554,-0.074331,-0.058820,-0.025072,0.012937,0.017735,0.000000,-0.050347,-0.029254,0.080493,0.070628,0.010808,-0.002483,0.004161,-0.010461,-0.013968,0.078372,0.130774,-0.100526,-0.052119,-0.019478,-0.125108,-0.078817,-0.016470,0.097708,0.095456,-0.053081
0.045093,0.028207,-0.032054,-0.043201,-0.039223,-0.031494,0.028034,0.022811,0.000000,-0.038993,-0.018635,0.080611,0.075229,0.003802,-0.006826,-0.007212,0.003193,-0.014907,0.053656,0.152336,-0.106027,-0.054044,0.000343,-0.051506,0.003886,0.060614,0.026297,0.123769,0.006063
0.070549,0.040097,-0.021055,0.019060,-0.000028,-0.044339,0.058229,0.032961,0.000000,-0.016286,0.002604,0.080845,0.084431,-0.010208,-0.015512,-0.029960,0.030502,-0.016787,0.004223,0.195458,-0.117030,-0.057894,0.039985,0.095697,0.169292,0.214783,-0.116525,0.180396,0.124352
0.048667,0.039897,0.002979,0.022968,0.014939,-0.022219,0.008493,0.004501,0.000000,0.015042,0.015137,0.074577,0.098169,-0.018845,0.003614,-0.021168,0.047409,0.003283,-0.066946,0.148581,-0.092945,-0.032178,0.017817,-0.012116,-0.018288,-0.045045,-0.009260,0.113613,0.026511
0.037726,0.039797,0.014996,0.024922,0.022423,-0.011160,-0.016375,-0.009730,0.000000,0.030706,0.021404,0.071443,0.105039,-0.023164,0.013177,-0.016771,0.055863,0.013318,-0.102531,0.125142,-0.080903,-0.019320,0.006733,-0.066022,-0.112078,-0.174959,0.044373,0.080222,-0.022410
0.046238,0.044746,-0.042872,-0.017667,-0.006819,-0.041475,0.018728,0.033834,0.000000,0.048498,0.037701,0.103027,0.090269,-0.033846,-0.042686,-0.012504,0.069051,0.024779,0.073544,0.131810,-0.010862,-0.065767,-0.027163,0.085281,0.005125,0.075562,0.056589,-0.061508,0.096945
0.048335,0.043492,-0.048645,-0.014944,-0.012899,-0.047384,0.017948,0.024727,0.000000,0.037718,0.035762,0.097141,0.079107,-0.033668,-0.038437,-0.007707,0.074399,0.017461,0.055270,0.106053,0.002010,-0.058601,-0.020991,0.068855,-0.003662,0.079447,0.034802,-0.024747,0.046896
0.052528,0.040984,-0.060191,-0.009499,-0.025057,-0.059201,0.016388,0.006513,0.000000,0.016158,0.031883,0.085369,0.056784,-0.033312,-0.029937,0.001886,0.085095,0.002824,0.018721,0.054537,0.027755,-0.044268,-0.008649,0.036005,-0.021235,0.087217,-0.008771,0.048775,-0.053201
0.024776,0.032132,-0.030400,0.018044,0.011593,-0.036360,-0.006556,-0.011227,0.000000,0.010006,-0.000478,0.054902,0.046124,-0.006638,0.006824,0.011434,0.061433,0.007666,-0.036840,0.035425,0.025110,0.015317,-0.002090,-0.009768,-0.034441,-0.054126,-0.010446,-0.072851,0.014883
0.010900,0.027705,-0.015505,0.031816,0.029918,-0.024939,-0.018029,-0.020096,0.000000,0.006931,-0.016658,0.039668,0.040795,0.006699,0.025204,0.016208,0.049602,0.010087,-0.064621,0.025869,0.023788,0.045110,0.001189,-0.032654,-0.041045,-0.124797,-0.011284,-0.133663,0.048925
0.020835,0.011044,-0.047285,-0.031075,-0.022558,-0.056178,0.016273,0.020364,0.000000,-0.032791,-0.030659,0.037106,0.004538,0.013461,0.004656,0.017627,0.044287,-0.011203,0.051368,-0.019420,0.037816,-0.006805,0.047709,-0.004416,0.053636,0.012320,-0.041801,-0.129158,-0.053574
0.017303,0.004944,-0.042654,-0.024828,-0.021150,-0.052134,0.020035,0.018841,0.000000,-0.033665,-0.023369,0.031558,-0.003560,0.011713,0.001970,0.017493,0.040800,-0.013838,0.037824,-0.026883,0.032502,-0.020932,0.042688,0.014937,0.003238,0.013227,0.005849,-0.147225,-0.040387
0.010239,-0.007256,-0.033391,-0.012335,-0.018332,-0.044046,0.027558,0.015796,0.000000,-0.035412,-0.008787,0.020463,-0.019755,0.008217,-0.003402,0.017226,0.033825,-0.019107,0.010735,-0.041809,0.021874,-0.049185,0.032645,0.053644,-0.097559,0.015041,0.101150,-0.183359,-0.014012
-0.005809,0.005881,-0.013097,0.012603,0.007345,-0.024719,-0.001526,-0.011295,0.000000,-0.009389,-0.022219,0.023009,-0.015961,0.013010,0.013106,0.010527,0.016313,0.011131,-0.014219,-0.028165,0.011363,-0.011511,0.027934,-0.004642,-0.062115,-0.099407,0.066905,-0.171089,0.073857
-0.013833,0.012449,-0.002950,0.025072,0.020184,-0.015056,-0.016068,-0.024840,0.000000,0.003623,-0.028936,0.024281,-0.014064,0.015406,0.021360,0.007177,0.007557,0.026251,-0.026696,-0.021342,0.006107,0.007327,0.025578,-0.033785,-0.044393,-0.156630,0.049782,-0.164953,0.117791
0.013218,-0.002128,-0.016467,-0.035284,-0.018566,-0.023460,-0.005697,0.011223,0.000000,-0.014784,0.012202,0.009720,-0.016381,0.008868,-0.001756,0.009041,0.004723,-0.046242,0.019684,-0.023789,0.013331,-0.042966,0.028154,0.164866,0.016891,0.015817,-0.016678,-0.127920,-0.038947
0.005859,-0.007401,-0.017217,-0.025714,-0.016936,-0.030996,0.006293,0.017803,0.000000,0.000042,0.019641,0.010072,-0.016842,0.004944,-0.006151,0.009365,0.003286,-0.004671,0.010141,-0.001788,0.009326,-0.027621,0.017060,0.099847,-0.002906,-0.021872,-0.012724,-0.122596,-0.015725
-0.008858,-0.017946,-0.018718,-0.006573,-0.013675,-0.046068,0.030273,0.030962,0.000000,0.029694,0.034518,0.010775,-0.017765,-0.002904,-0.014941,0.010014,0.000410,0.078470,-0.008946,0.042213,0.001317,0.003069,-0.005128,-0.030191,-0.042500,-0.097251,-0.004815,-0.111947,0.030717
-0.032088,-0.016060,-0.015419,0.002654,-0.004532,-0.011212,-0.007167,-0.011858,0.000000,0.019330,0.003703,0.007125,-0.019355,-0.010205,-0.014346,0.008201,0.001581,0.018605,0.006401,0.058939,-0.008794,0.000911,-0.034292,0.024916,0.067950,-0.006815,-0.017058,-0.046363,-0.037273
-0.043702,-0.015117,-0.013770,0.007267,0.000039,0.006216,-0.025886,-0.033267,0.000000,0.014148,-0.011705,0.005300,-0.020151,-0.013855,-0.014049,0.007294,0.002167,-0.011328,0.014075,0.067302,-0.013849,-0.000168,-0.048873,0.052470,0.123176,0.038403,-0.023180,-0.013570,-0.071267
0.007070,0.003809,0.029973,0.007193,0.032568,0.006275,-0.025694,0.005113,0.000000,0.016090,0.011061,-0.003462,-0.003392,0.000047,0.020077,-0.000506,0.007139,-0.073388,0.020883,0.044278,-0.030905,0.011613,0.020568,-0.057206,-0.042960,0.100249,0.001439,0.180998,0.049580
0.009172,0.007588,0.019705,0.009248,0.018028,0.001476,-0.012307,0.002050,0.000000,0.019051,0.013738,0.000539,0.000789,-0.001937,0.005626,-0.000533,0.009125,-0.025170,-0.001465,0.047541,-0.031764,0.022059,0.022530,-0.017735,-0.026118,0.070347,-0.019577,0.155494,0.023995
0.013375,0.015146,-0.000831,0.013356,-0.011051,-0.008121,0.014467,-0.004076,0.000000,0.024973,0.019090,0.008540,0.009150,-0.005906,-0.023276,-0.000586,0.013097,0.071267,-0.046163,0.054067,-0.033480,0.042951,0.026455,0.061208,0.007564,0.010544,-0.061609,0.104485,-0.027175
0.052226,0.038301,-0.017456,-0.006937,-0.016940,-0.022729,0.020364,0.006972,0.000000,-0.009469,0.015080,0.029556,0.010126,-0.014386,-0.021458,-0.005292,0.030138,-0.011982,-0.007569,0.052486,-0.002546,0.048250,0.015537,0.036104,0.050204,0.043962,0.023069,0.088185,-0.031983
0.071651,0.049878,-0.025768,-0.017083,-0.019884,-0.030033,0.023313,0.012496,0.000000,-0.026690,0.013075,0.040063,0.010614,-0.018626,-0.020549,-0.007645,0.038658,-0.053607,0.011728,0.051696,0.012921,0.050900,0.010079,0.023552,0.071524,0.060671,0.065407,0.080035,-0.034387
0.094807,0.063722,-0.023474,-0.022471,-0.002335,-0.058714,0.027723,0.049441,0.000000,-0.012370,0.006373,-0.009168,-0.003263,0.013049,-0.000107,0.017364,0.051825,0.021719,0.053577,-0.087113,0.107790,0.160249,0.117130,-0.535142,0.095242,-0.019517,-0.038342,0.193478,-0.016911
0.065224,0.044934,-0.010700,-0.003130,0.005973,-0.034639,0.017406,0.026688,0.000000,-0.007811,0.004771,-0.024616,-0.007165,0.008424,0.001148,0.020841,0.048854,0.020986,0.013064,-0.133872,0.105069,0.145351,0.100530,-0.447187,0.049857,-0.024351,-0.054111,0.174831,0.018583
0.006058,0.007356,0.014849,0.035551,0.022588,0.013513,-0.003227,-0.018817,0.000000,0.001309,0.001566,-0.055513,-0.014969,-0.000825,0.003659,0.027794,0.042912,0.019519,-0.067961,-0.227389,0.099627,0.115554,0.067330,-0.271276,-0.040913,-0.034021,-0.085649,0.137537,0.089571
0.021408,0.037285,0.024936,0.036540,0.030833,0.027413,-0.019777,-0.030397,0.000000,-0.022528,-0.034604,-0.050578,0.002305,0.009994,0.021149,0.013894,0.067576,-0.024335,-0.037817,-0.190765,0.094121,0.057641,0.016413,0.059087,-0.056835,-0.006123,0.046724,-0.067745,0.017561
0.029082,0.052249,0.029979,0.037035,0.034955,0.034363,-0.028052,-0.036186,0.000000,-0.034447,-0.052689,-0.048110,0.010942,0.015404,0.029894,0.006945,0.079908,-0.046262,-0.022744,-0.172453,0.091368,0.028685,-0.009046,0.224268,-0.064796,0.007826,0.112910,-0.170386,-0.018444
0.052925,0.038356,-0.028083,-0.024095,-0.014925,-0.035276,0.013375,0.007549,0.000000,-0.061988,-0.045383,-0.004338,0.034372,0.008060,-0.005855,-0.008711,0.163912,-0.034984,0.072216,-0.112880,0.069455,-0.015401,0.040838,0.069487,0.087095,-0.037991,-0.104483,-0.122559,-0.162982
0.036575,0.028729,-0.029198,-0.008879,-0.010281,-0.036721,0.012916,0.000869,0.000000,-0.049024,-0.039362,0.009605,0.041174,0.011487,0.000240,-0.015363,0.174865,-0.003585,0.032725,-0.098572,0.055800,-0.006419,0.033722,0.064787,0.032263,-0.028730,-0.060473,-0.076047,-0.070983
0.003873,0.009477,-0.031429,0.021551,-0.000993,-0.039611,0.011999,-0.012490,0.000000,-0.023096,-0.027319,0.037492,0.054778,0.018342,0.012431,-0.028667,0.196771,0.059211,-0.046256,-0.069954,0.028491,0.011544,0.019490,0.055387,-0.077402,-0.010208,0.027548,0.016977,0.113013
0.000092,0.005648,-0.010103,0.011563,0.000893,-0.017964,-0.002914,-0.017231,0.000000,-0.023062,-0.026833,0.049217,0.078585,0.007340,0.008750,-0.064209,0.177041,-0.006039,-0.021229,-0.000294,0.024623,-0.000939,-0.001284,0.083244,-0.012246,-0.006484,-0.019470,-0.078921,0.089578
-0.001799,0.003734,0.000560,0.006569,0.001836,-0.007141,-0.010370,-0.019601,0.000000,-0.023046,-0.026590,0.055080,0.090489,0.001839,0.006909,-0.081980,0.167176,-0.038664,-0.008716,0.034536,0.022689,-0.007180,-0.011671,0.097172,0.020332,-0.004621,-0.042979,-0.126870,0.077861
0.005275,-0.005579,0.019534,0.006663,0.026207,-0.003838,0.001472,0.017178,0.000000,0.003505,-0.007975,0.086653,0.092854,-0.018372,-0.003300,-0.126155,0.178176,-0.032032,0.054567,0.096670,0.044691,-0.049223,-0.001843,0.196337,-0.126401,0.005548,0.030927,0.119416,-0.019581
0.014384,0.010729,0.022717,0.019508,0.024679,0.008250,-0.001028,0.003650,0.000000,0.015876,0.004144,0.096794,0.097377,-0.025105,-0.014511,-0.120987,0.160928,-0.006130,0.013501,0.111411,0.029216,-0.037594,0.001218,0.119283,-0.077221,-0.012447,0.016395,0.054360,-0.002771
0.032601,0.043344,0.029083,0.045200,0.021624,0.032425,-0.006028,-0.023408,0.000000,0.040619,0.028381,0.117077,0.106421,-0.038572,-0.036933,-0.110653,0.126433,0.045674,-0.068631,0.140892,-0.001735,-0.014334,0.007342,-0.034824,0.021141,-0.048437,-0.012669,-0.075754,0.030850
0.042641,0.039563,0.018260,0.003176,-0.008015,0.015520,-0.000632,-0.006202,0.000000,0.019059,0.025601,0.093077,0.092635,-0.035894,-0.033579,-0.098226,0.091122,0.021673,-0.022356,0.125563,-0.003824,0.051491,0.030984,0.042731,-0.045159,0.033914,0.023604,0.029800,0.019530
0.047661,0.037673,0.012849,-0.017837,-0.022835,0.007068,0.002065,0.002402,0.000000,0.008279,0.024211,0.081078,0.085741,-0.034555,-0.031901,-0.092013,0.073467,0.009672,0.000782,0.117898,-0.004868,0.084403,0.042805,0.081509,-0.078308,0.075089,0.041740,0.082576,0.013870
0.034690,0.017295,-0.000403,-0.037342,-0.023664,0.011907,0.015818,0.026607,0.000000,-0.009230,0.023743,0.059275,0.055566,0.002430,-0.038530,-0.054524,0.035077,-0.018814,0.044054,0.069758,-0.008781,0.092317,0.054734,-0.273581,-0.022117,0.016656,-0.035929,0.107530,-0.036680
0.026382,0.019230,0.004693,-0.020453,-0.018403,0.026323,0.003635,0.003702,0.000000,-0.007091,0.019852,0.049698,0.039260,-0.001345,-0.033292,-0.042166,0.024093,-0.010780,0.009339,0.043756,-0.013025,0.088558,0.034190,-0.287727,-0.023188,-0.013303,0.002030,0.092553,-0.024254
0.009767,0.023099,0.014885,0.013326,-0.007880,0.055154,-0.020729,-0.042108,0.000000,-0.002811,0.012070,0.030543,0.006648,-0.008895,-0.022818,-0.017449,0.002125,0.005289,-0.060092,-0.008247,-0.021515,0.081040,-0.006900,-0.316018,-0.025332,-0.073222,0.077949,0.062600,0.000598
0.005940,0.010513,0.031854,0.007575,-0.000383,0.043591,-0.004722,-0.015274,0.000000,-0.018506,-0.018491,-0.009424,-0.013752,-0.004554,-0.000750,0.003973,-0.034512,0.000154,-0.005680,-0.034505,-0.013406,0.048397,0.000639,-0.013751,0.021774,-0.054210,-0.000439,-0.038170,0.005344
0.004027,0.004220,0.040338,0.004699,0.003365,0.037810,0.003281,-0.001857,0.000000,-0.026354,-0.033771,-0.029408,-0.023952,-0.002384,0.010284,0.014683,-0.052831,-0.002414,0.021527,-0.047634,-0.009352,0.032075,0.004409,0.137382,0.045326,-0.044705,-0.039632,-0.088555,0.007717
0.037351,0.017992,0.031689,0.000731,-0.002701,0.026670,0.018250,0.004491,0.000000,-0.056938,-0.028131,-0.056956,-0.028980,0.010614,0.005797,0.053399,-0.087333,-0.021840,-0.020091,-0.079548,0.006170,0.019639,-0.011006,0.173600,-0.004781,-0.059169,0.008006,-0.030267,-0.057457
0.031550,0.021333,0.019161,-0.007398,-0.011284,0.025039,0.009449,-0.005730,0.000000,-0.059286,-0.032130,-0.067325,-0.042621,0.020353,0.004393,0.066282,-0.087308,-0.013454,-0.017633,-0.075900,-0.000705,0.007417,-0.010286,0.088014,-0.003711,-0.008968,0.002978,-0.045066,-0.023912
0.019948,0.028013,-0.005895,-0.023657,-0.028450,0.021776,-0.008154,-0.026171,0.000000,-0.063983,-0.040129,-0.088062,-0.069904,0.039833,0.001586,0.092048,-0.087259,0.003319,-0.012715,-0.068604,-0.014454,-0.017025,-0.008845,-0.083158,-0.001571,0.091432,-0.007079,-0.074666,0.043180
0.009301,-0.002245,-0.001802,-0.013510,-0.017675,-0.008488,0.022943,0.001233,0.000000,-0.077461,-0.047301,-0.085734,-0.065668,0.026416,0.007190,0.092557,-0.088551,0.001577,0.010563,-0.026530,-0.000850,-0.012602,-0.043108,0.065943,0.046692,0.044243,-0.025515,0.032468,-0.001990
0.003977,-0.017374,0.000245,-0.008437,-0.012288,-0.023620,0.038492,0.014936,0.000000,-0.084200,-0.050887,-0.084570,-0.063550,0.019708,0.009992,0.092811,-0.089197,0.000705,0.022202,-0.005493,0.005953,-0.010390,-0.060240,0.140494,0.070824,0.020648,-0.034734,0.086035,-0.024575
-0.001227,-0.007403,0.017686,0.008620,0.010432,0.009822,-0.000484,-0.006900,0.000000,-0.058261,-0.054874,-0.062943,-0.036834,0.022878,0.014174,0.062807,-0.080118,-0.005501,-0.019219,0.035138,-0.002997,-0.070380,-0.053954,-0.110460,0.080407,-0.023310,-0.064317,0.042584,-0.104592
-0.000038,0.002497,0.020867,0.016184,0.011430,0.018437,-0.004866,-0.019409,0.000000,-0.053877,-0.057300,-0.060846,-0.032506,0.018321,0.013499,0.053830,-0.078458,-0.006169,-0.020828,0.040801,-0.005714,-0.066458,-0.045216,-0.080140,-0.014586,-0.005440,0.015998,0.009985,-0.059598
0.002339,0.022298,0.027229,0.031310,0.013427,0.035668,-0.013630,-0.044427,0.000000,-0.045108,-0.062152,-0.056654,-0.023850,0.009206,0.012150,0.035876,-0.075139,-0.007506,-0.024045,0.052126,-0.011147,-0.058616,-0.027741,-0.019499,-0.204572,0.030300,0.176628,-0.055212,0.030389
0.019252,0.014178,0.000541,-0.012325,-0.009483,0.005410,-0.000358,-0.008124,0.000000,-0.054303,-0.031153,-0.054025,-0.014275,0.021105,0.000039,0.020590,-0.051725,-0.008433,-0.006812,0.038331,-0.007667,-0.043399,0.011193,0.156860,0.012452,0.066654,-0.027442,0.038186,0.016446
0.027709,0.010117,-0.012804,-0.034142,-0.020938,-0.009719,0.006278,0.010028,0.000000,-0.058901,-0.015653,-0.052711,-0.009488,0.027054,-0.006017,0.012947,-0.040018,-0.008896,0.001804,0.031433,-0.005927,-0.035791,0.030659,0.245039,0.120964,0.084831,-0.129477,0.084885,0.009474
0.003176,-0.001456,-0.019473,-0.029253,-0.029136,-0.001396,-0.005056,-0.014575,0.000000,-0.055457,-0.014520,-0.015575,0.018368,0.014011,-0.014660,0.002013,-0.034252,-0.001938,-0.012606,0.069271,-0.030358,-0.071615,-0.013456,-0.185818,0.077627,0.011381,-0.043328,0.021822,0.028951
-0.017964,-0.013590,-0.009727,-0.017601,-0.023712,0.006124,-0.011552,-0.025582,0.000000,-0.043283,-0.016465,-0.014813,0.018776,0.011966,-0.011812,-0.001882,-0.043081,0.000167,-0.016284,0.066487,-0.044419,-0.062131,-0.025490,-0.091326,0.045163,0.004627,-0.028065,0.035523,0.058972
-0.060242,-0.037858,0.009763,0.005705,-0.012863,0.021166,-0.024544,-0.047597,0.000000,-0.018933,-0.020356,-0.013289,0.019593,0.007876,-0.006116,-0.009672,-0.060740,0.004377,-0.023638,0.060918,-0.072540,-0.043164,-0.049557,0.097657,-0.019767,-0.008882,0.002459,0.062926,0.119015
-0.049416,-0.034699,0.042084,0.002212,0.003318,0.063212,-0.032857,-0.033936,0.000000,-0.026286,-0.016050,0.011613,0.059617,0.008064,-0.003338,-0.040280,-0.070334,-0.023202,-0.021299,0.010698,-0.080493,-0.040227,-0.030390,-0.118207,-0.008626,-0.101626,0.011667,0.005817,-0.080350
-0.044003,-0.033120,0.058245,0.000465,0.011409,0.084235,-0.037014,-0.027105,0.000000,-0.029962,-0.013897,0.024065,0.079629,0.008157,-0.001949,-0.055584,-0.075132,-0.036992,-0.020130,-0.014412,-0.084469,-0.038759,-0.020806,-0.226139,-0.003055,-0.147998,0.016270,-0.022738,-0.180033
0.039046,0.048773,0.039420,0.012578,0.005896,0.054982,-0.019459,-0.061014,0.000000,-0.132233,-0.112664,0.131596,0.118799,0.034131,0.010640,-0.048421,-0.035471,-0.032301,-0.050022,-0.114125,-0.073488,0.035034,0.051556,0.020049,-0.041190,0.261787,0.123770,0.056383,-0.072543
0.030596,0.048496,0.055922,0.023739,0.013162,0.078570,-0.016182,-0.071215,0.000000,-0.179138,-0.171720,0.163206,0.147506,0.071984,0.051879,-0.048314,-0.058795,-0.012408,-0.062590,-0.163294,-0.074640,0.026005,0.055293,0.819502,0.097052,0.569347,0.103314,-0.238815,-0.001467
0.013697,0.047940,0.088928,0.046061,0.027692,0.125745,-0.009627,-0.091618,0.000000,-0.272949,-0.289832,0.226427,0.204921,0.147690,0.134355,-0.048101,-0.105444,0.027376,-0.087724,-0.261630,-0.076943,0.007948,0.062768,2.418409,0.373537,1.184468,0.062401,-0.829210,0.140686
0.034666,0.062720,0.087866,0.020697,0.013584,0.152888,-0.000851,-0.105298,0.000000,-0.415187,-0.412153,0.387742,0.311166,0.213293,0.194237,-0.038987,-0.145195,0.010053,-0.063852,-0.331890,0.067976,0.018503,0.013747,3.707386,-0.876333,1.637137,0.907550,-2.118033,0.502712
0.045151,0.070109,0.087335,0.008015,0.006530,0.166459,0.003537,-0.112138,0.000000,-0.486306,-0.473313,0.468400,0.364289,0.246094,0.224177,-0.034430,-0.165071,0.001391,-0.051916,-0.367019,0.140436,0.023780,-0.010764,4.351874,-1.501269,1.863471,1.330125,-2.762444,0.683725
0.167860,0.195841,0.083130,-0.018729,-0.022324,0.179824,0.018183,-0.151287,0.000000,-0.720538,-0.671729,0.712486,0.574769,0.346732,0.285033,0.017880,-0.232263,-0.022366,-0.099113,-0.734040,0.273860,0.226572,0.139263,3.703622,-1.646748,1.816938,1.293472,-3.256842,1.323863
0.215976,0.234472,0.086550,-0.021390,-0.027786,0.165862,0.038700,-0.152006,0.000000,-0.806333,-0.745671,0.775088,0.641081,0.392576,0.328399,0.016331,-0.238666,0.000779,-0.108111,-0.787705,0.368853,0.303276,0.236865,3.611046,-1.634620,1.871926,1.293887,-3.360206,1.189527
0.312209,0.311733,0.093390,-0.026712,-0.038709,0.137937,0.079733,-0.153444,0.000000,-0.977923,-0.893555,0.900292,0.773705,0.484264,0.415132,0.013234,-0.251474,0.047069,-0.126107,-0.895034,0.558839,0.456685,0.432071,3.425893,-1.610362,1.981901,1.294716,-3.566933,0.920854
0.379596,0.407637,0.101538,-0.035994,-0.032492,0.172029,0.058103,-0.198162,0.000000,-1.173624,-1.100368,1.019486,0.861563,0.592082,0.512247,0.023773,-0.221135,0.023895,-0.099781,-0.953871,0.678265,0.514191,0.544531,3.850788,-2.511391,1.961052,1.890284,-3.983406,1.345280
0.413289,0.455589,0.105611,-0.040636,-0.029384,0.189075,0.047289,-0.220522,0.000000,-1.271474,-1.203775,1.079083,0.905492,0.645990,0.560805,0.029043,-0.205965,0.012307,-0.086617,-0.983289,0.737978,0.542944,0.600762,4.063236,-2.961905,1.950627,2.188068,-4.191642,1.557494
0.417448,0.457631,0.100952,0.001195,0.016382,0.130044,0.070411,-0.261437,0.000000,-1.587642,-1.528215,1.183224,0.939823,0.794219,0.718812,0.097460,-0.153610,-0.028455,-0.123737,-0.997596,0.699808,0.633869,0.722272,4.491917,-3.686901,1.505964,1.880232,-4.154685,2.946461
0.435950,0.471666,0.078186,-0.008135,0.013060,0.106826,0.091126,-0.257398,0.000000,-1.713477,-1.649550,1.173834,0.904608,0.865517,0.792033,0.122430,-0.138319,-0.007808,-0.106068,-0.979241,0.694642,0.716277,0.839948,4.171959,-3.246042,1.389115,1.722206,-3.874254,2.804284
0.472952,0.499735,0.032653,-0.026794,0.006415,0.060388,0.132556,-0.249320,0.000000,-1.965145,-1.892218,1.155052,0.834178,1.008113,0.938474,0.172369,-0.107736,0.033486,-0.070729,-0.942532,0.684311,0.881094,1.075302,3.532042,-2.364324,1.155419,1.406154,-3.313393,2.519929
0.531030,0.553553,0.025233,-0.048225,-0.002193,0.053228,0.133141,-0.273395,0.000000,-2.202113,-2.094062,0.989540,0.731941,1.158124,1.038121,0.116136,-0.039545,0.037803,-0.087560,-0.990728,0.736162,1.332719,1.502547,1.532140,-1.349235,1.335352,1.199517,-1.427643,1.256055
0.560068,0.580462,0.021523,-0.058941,-0.006497,0.049648,0.133434,-0.285433,0.000000,-2.320597,-2.194984,0.906783,0.680823,1.233130,1.087945,0.088019,-0.005450,0.039961,-0.095976,-1.014825,0.762087,1.558532,1.716170,0.532190,-0.841690,1.425319,1.096198,-0.484768,0.624117
0.560068,0.580462,0.021523,-0.058941,-0.006497,0.049648,0.133434,-0.285433,0.000000,-2.320597,-2.194984,0.906783,0.680823,1.233130,1.087945,0.088019,-0.005450,0.039961,-0.095976,-1.014825,0.762087,1.558532,1.716170,0.532190,-0.841690,1.425319,1.096198,-0.484768,0.624117
