joint_0,joint_1,joint_2,joint_3,joint_4,joint_5,joint_6,joint_7,joint_8,joint_9,joint_10,joint_11,joint_12,joint_13,joint_14,joint_15,joint_16,joint_17,joint_18,joint_19,joint_20,joint_21,joint_22,joint_23,joint_24,joint_25,joint_26,joint_27,joint_28
-1.093878,-1.128022,-0.039275,0.186320,-0.121838,-0.067247,-0.082190,0.068860,0.520000,1.243934,1.273607,-0.679093,-0.765858,-0.454900,-0.426697,0.229066,-0.076428,-0.229601,0.150915,-0.240620,0.328412,0.214003,0.158488,0.042046,-0.199673,0.092700,0.084816,0.263378,-0.315673
-1.094613,-1.129017,-0.039780,0.186682,-0.121442,-0.067961,-0.081946,0.069195,0.520000,1.244488,1.274183,-0.678785,-0.766598,-0.455491,-0.426808,0.230355,-0.074870,-0.229321,0.150344,-0.239641,0.329005,0.212766,0.158902,0.041657,-0.201596,0.092425,0.085471,0.263627,-0.317074
-1.095208,-1.129937,-0.040030,0.186899,-0.121261,-0.068434,-0.081597,0.069570,0.520000,1.245063,1.274967,-0.678710,-0.767106,-0.456082,-0.427185,0.231220,-0.073745,-0.229223,0.150030,-0.238876,0.329487,0.211721,0.159276,0.041793,-0.202681,0.092251,0.085477,0.263266,-0.318464
-1.095524,-1.130711,-0.039772,0.186827,-0.121512,-0.068422,-0.081040,0.070022,0.520000,1.245684,1.276167,-0.679099,-0.767149,-0.456678,-0.428095,0.231235,-0.073486,-0.229486,0.150231,-0.238539,0.329749,0.211059,0.159570,0.042982,-0.202088,0.092281,0.084185,0.261682,-0.319831
-1.095614,-1.131341,-0.039841,0.186464,-0.122060,-0.068360,-0.080363,0.070698,0.520000,1.246541,1.277555,-0.679481,-0.767363,-0.457553,-0.429222,0.231149,-0.073220,-0.229442,0.150375,-0.238282,0.330103,0.210796,0.159971,0.044111,-0.201935,0.092364,0.084000,0.260063,-0.319608
-1.095591,-1.131900,-0.040072,0.185955,-0.122757,-0.068272,-0.079626,0.071485,0.520000,1.247517,1.279039,-0.679858,-0.767662,-0.458566,-0.430459,0.231013,-0.072950,-0.229244,0.150489,-0.238066,0.330503,0.210734,0.160426,0.045210,-0.202003,0.092473,0.084368,0.258425,-0.318590
-1.095180,-1.132079,-0.039070,0.186621,-0.122198,-0.067688,-0.079155,0.072079,0.520000,1.248778,1.280513,-0.680077,-0.767419,-0.459828,-0.431036,0.230583,-0.072445,-0.229385,0.149952,-0.237828,0.330712,0.210966,0.160711,0.044963,-0.203716,0.092891,0.086538,0.258710,-0.317755
-1.094837,-1.132276,-0.038045,0.187261,-0.121663,-0.066978,-0.078612,0.072698,0.520000,1.249839,1.281633,-0.680362,-0.767276,-0.460959,-0.431632,0.230111,-0.071935,-0.229464,0.149645,-0.237589,0.330743,0.211155,0.161000,0.044448,-0.205242,0.093293,0.088072,0.259078,-0.317434
-1.094630,-1.132507,-0.036975,0.187849,-0.121174,-0.066015,-0.077922,0.073369,0.520000,1.250497,1.282043,-0.680783,-0.767332,-0.461829,-0.432264,0.229554,-0.071416,-0.229420,0.149800,-0.237343,0.330419,0.211257,0.161297,0.043397,-0.206393,0.093663,0.088333,0.259612,-0.318143
-1.094478,-1.132574,-0.036404,0.188003,-0.121119,-0.065192,-0.077534,0.073644,0.520000,1.250754,1.282365,-0.680918,-0.767367,-0.462414,-0.432740,0.229109,-0.070900,-0.229317,0.149974,-0.237117,0.329912,0.211736,0.161092,0.042630,-0.206339,0.092154,0.088556,0.259938,-0.318189
-1.094353,-1.132561,-0.036081,0.187940,-0.121280,-0.064439,-0.077295,0.073722,0.520000,1.250809,1.282642,-0.680912,-0.767391,-0.462858,-0.433139,0.228720,-0.070388,-0.229185,0.150158,-0.236900,0.329313,0.212403,0.160636,0.042004,-0.205682,0.089706,0.088760,0.260159,-0.317903
-1.093965,-1.131889,-0.036003,0.187698,-0.121680,-0.063442,-0.077258,0.073481,0.520000,1.250367,1.281928,-0.680776,-0.767048,-0.463081,-0.433369,0.228499,-0.070041,-0.228433,0.150072,-0.236745,0.328556,0.213389,0.159978,0.043382,-0.205443,0.087168,0.087478,0.258583,-0.318754
-1.093394,-1.131150,-0.035743,0.187632,-0.121875,-0.062519,-0.077170,0.073272,0.520000,1.249717,1.281058,-0.680783,-0.766754,-0.463268,-0.433483,0.228250,-0.069642,-0.228111,0.150018,-0.236802,0.327743,0.214349,0.159331,0.044534,-0.204893,0.084753,0.086280,0.256932,-0.319656
-1.092454,-1.130278,-0.035118,0.187919,-0.121660,-0.061745,-0.076982,0.073129,0.520000,1.248649,1.279877,-0.681076,-0.766563,-0.463386,-0.433362,0.227945,-0.069136,-0.228648,0.150030,-0.237281,0.326817,0.215258,0.158705,0.045235,-0.203724,0.082582,0.085250,0.255134,-0.320659
-1.091463,-1.129549,-0.034374,0.188316,-0.121420,-0.061161,-0.076463,0.073133,0.520000,1.247211,1.278331,-0.681487,-0.766858,-0.463426,-0.433018,0.227793,-0.068826,-0.228903,0.149688,-0.237557,0.325937,0.215831,0.158208,0.044670,-0.203400,0.079122,0.085280,0.251036,-0.320276
-1.090446,-1.128891,-0.033571,0.188767,-0.121168,-0.060672,-0.075777,0.073212,0.520000,1.245588,1.276602,-0.681957,-0.767396,-0.463429,-0.432564,0.227718,-0.068614,-0.229017,0.149170,-0.237730,0.325081,0.216236,0.157774,0.043472,-0.203499,0.075017,0.085841,0.245790,-0.319200
-1.089385,-1.127799,-0.032974,0.189425,-0.120616,-0.060100,-0.075027,0.073290,0.520000,1.243518,1.273788,-0.682683,-0.767859,-0.462649,-0.431510,0.227988,-0.068545,-0.227968,0.149800,-0.238215,0.324703,0.216614,0.157594,0.043869,-0.204577,0.070662,0.085766,0.239087,-0.318359
-1.088273,-1.126775,-0.032338,0.190186,-0.120047,-0.059727,-0.074230,0.073325,0.520000,1.241318,1.270985,-0.683356,-0.768341,-0.461985,-0.430417,0.228328,-0.068478,-0.227419,0.150167,-0.238657,0.324495,0.216912,0.157482,0.044903,-0.205153,0.066497,0.085508,0.232235,-0.317891
-1.087057,-1.125886,-0.031625,0.191149,-0.119442,-0.059752,-0.073336,0.073277,0.520000,1.238859,1.268206,-0.683923,-0.768857,-0.461554,-0.429244,0.228807,-0.068416,-0.227872,0.150010,-0.239014,0.324629,0.217049,0.157503,0.047213,-0.204723,0.062712,0.084882,0.225084,-0.318169
-1.086149,-1.125073,-0.031528,0.191674,-0.119098,-0.059886,-0.072588,0.073243,0.520000,1.236486,1.265408,-0.684378,-0.769552,-0.460838,-0.428308,0.229400,-0.068416,-0.227574,0.150364,-0.238923,0.325171,0.216710,0.157351,0.050198,-0.204399,0.059102,0.084674,0.216716,-0.318467
-1.085395,-1.124296,-0.031740,0.191978,-0.118883,-0.060076,-0.071913,0.073215,0.520000,1.234156,1.262602,-0.684777,-0.770337,-0.459979,-0.427491,0.230049,-0.068446,-0.226901,0.150974,-0.238607,0.325918,0.216134,0.157113,0.053521,-0.204129,0.055581,0.084674,0.207740,-0.318777
-1.085002,-1.123881,-0.032856,0.191773,-0.119294,-0.060807,-0.071434,0.073059,0.520000,1.231898,1.260502,-0.685076,-0.771344,-0.459032,-0.426793,0.231562,-0.068588,-0.226555,0.151044,-0.238460,0.327032,0.214838,0.156775,0.057804,-0.205315,0.054416,0.086286,0.197913,-0.317728
-1.084559,-1.123365,-0.033694,0.191784,-0.119440,-0.061377,-0.071076,0.072822,0.520000,1.229863,1.258435,-0.685625,-0.772341,-0.458209,-0.426065,0.232796,-0.068775,-0.226535,0.151068,-0.238446,0.328042,0.213799,0.156723,0.063652,-0.205948,0.053831,0.087150,0.188456,-0.316720
-1.084016,-1.122647,-0.033977,0.192225,-0.119058,-0.061621,-0.070960,0.072423,0.520000,1.228275,1.256434,-0.686670,-0.773319,-0.457632,-0.425280,0.233473,-0.069054,-0.227168,0.150998,-0.238694,0.328843,0.213272,0.157241,0.072633,-0.205474,0.054402,0.086520,0.179737,-0.315793
-1.083758,-1.122248,-0.034291,0.192615,-0.118863,-0.061772,-0.070805,0.072090,0.520000,1.226909,1.254783,-0.687839,-0.774266,-0.457446,-0.424795,0.234472,-0.069836,-0.227817,0.150935,-0.239503,0.329175,0.212514,0.157504,0.077254,-0.202859,0.053589,0.084575,0.172492,-0.314595
-1.083643,-1.122008,-0.034620,0.192980,-0.118763,-0.061876,-0.070630,0.071790,0.520000,1.225654,1.253307,-0.689069,-0.775196,-0.457455,-0.424460,0.235632,-0.070870,-0.228474,0.150876,-0.240591,0.329271,0.211641,0.157638,0.079696,-0.199173,0.052082,0.081971,0.165984,-0.313262
-1.083862,-1.122133,-0.035777,0.192515,-0.119295,-0.062493,-0.070459,0.071615,0.520000,1.224579,1.252483,-0.690277,-0.776128,-0.456796,-0.424089,0.236858,-0.071771,-0.227542,0.150936,-0.241612,0.329260,0.210845,0.157597,0.082533,-0.199074,0.051908,0.079983,0.163006,-0.311597
-1.084095,-1.122302,-0.036921,0.191980,-0.119897,-0.063164,-0.070265,0.071536,0.520000,1.223591,1.251784,-0.691450,-0.777008,-0.456247,-0.423883,0.238025,-0.072606,-0.226768,0.150969,-0.242520,0.329270,0.210181,0.157486,0.085178,-0.198718,0.051561,0.077814,0.159734,-0.311100
-1.084355,-1.122562,-0.038042,0.191308,-0.120637,-0.063941,-0.070026,0.071644,0.520000,1.222776,1.251333,-0.692557,-0.777788,-0.455917,-0.424006,0.239074,-0.073309,-0.226313,0.150950,-0.243202,0.329325,0.209781,0.157238,0.087441,-0.197846,0.050872,0.075282,0.155871,-0.312938
-1.084859,-1.123107,-0.038644,0.191193,-0.120699,-0.064715,-0.069919,0.071671,0.520000,1.222293,1.250876,-0.693742,-0.778685,-0.455695,-0.423922,0.239977,-0.074080,-0.226088,0.150813,-0.243503,0.328961,0.209698,0.156647,0.089316,-0.200411,0.048475,0.075622,0.153820,-0.311128
-1.085484,-1.123795,-0.038988,0.191357,-0.120422,-0.065488,-0.069877,0.071656,0.520000,1.221977,1.250415,-0.694966,-0.779642,-0.455528,-0.423735,0.240805,-0.074886,-0.225978,0.150618,-0.243615,0.328388,0.209773,0.155883,0.090996,-0.204695,0.045223,0.077398,0.152676,-0.307494
-1.085839,-1.124162,-0.039067,0.191873,-0.120030,-0.065863,-0.069657,0.071822,0.520000,1.222144,1.250149,-0.695668,-0.780678,-0.455868,-0.423623,0.241282,-0.075416,-0.225743,0.150463,-0.243445,0.328654,0.209469,0.157177,0.092054,-0.207668,0.043811,0.074218,0.154025,-0.307547
-1.086360,-1.124681,-0.039211,0.192268,-0.119678,-0.066267,-0.069550,0.071929,0.520000,1.222404,1.250064,-0.696259,-0.781625,-0.456192,-0.423620,0.241810,-0.075978,-0.225814,0.150570,-0.243012,0.328969,0.209013,0.157969,0.093006,-0.212393,0.042878,0.072223,0.154609,-0.306297
-1.087217,-1.125506,-0.039484,0.192419,-0.119406,-0.066726,-0.069670,0.071919,0.520000,1.222849,1.250339,-0.696630,-0.782393,-0.456483,-0.423836,0.242439,-0.076600,-0.226494,0.151204,-0.242054,0.329381,0.208253,0.157753,0.093748,-0.220619,0.042901,0.072600,0.153663,-0.302444
-1.088050,-1.126185,-0.040165,0.192167,-0.119652,-0.067217,-0.069743,0.071977,0.520000,1.223686,1.251013,-0.696670,-0.783062,-0.456959,-0.424332,0.242969,-0.077117,-0.226139,0.151439,-0.241688,0.330177,0.207835,0.157781,0.095102,-0.225565,0.041976,0.071284,0.155078,-0.300113
-1.088870,-1.126792,-0.041051,0.191713,-0.120157,-0.067725,-0.069793,0.072069,0.520000,1.224719,1.251885,-0.696544,-0.783681,-0.457527,-0.424968,0.243449,-0.077579,-0.225267,0.151476,-0.241618,0.331165,0.207588,0.157931,0.096763,-0.228872,0.040576,0.069122,0.157673,-0.298543
-1.089999,-1.127647,-0.041212,0.191884,-0.120049,-0.067712,-0.070245,0.071870,0.520000,1.226140,1.253211,-0.696289,-0.784214,-0.457936,-0.425657,0.243614,-0.077870,-0.225667,0.151401,-0.241440,0.331990,0.207093,0.158297,0.097643,-0.229452,0.040019,0.066466,0.158598,-0.297765
-1.091053,-1.128461,-0.041300,0.192008,-0.119926,-0.067736,-0.070655,0.071760,0.520000,1.227726,1.254592,-0.695993,-0.784681,-0.458611,-0.426368,0.243783,-0.078184,-0.225773,0.151438,-0.241349,0.332881,0.206645,0.158511,0.098262,-0.231159,0.039654,0.064277,0.159216,-0.297282
-1.091959,-1.129192,-0.041241,0.192035,-0.119773,-0.067833,-0.070984,0.071830,0.520000,1.229646,1.256081,-0.695616,-0.785013,-0.459816,-0.427126,0.243959,-0.078541,-0.225291,0.151697,-0.241430,0.333905,0.206289,0.158418,0.098357,-0.235119,0.039675,0.063022,0.159222,-0.297390
-1.092970,-1.130100,-0.041073,0.192213,-0.119570,-0.067994,-0.071309,0.071848,0.520000,1.231560,1.257692,-0.695343,-0.785299,-0.460724,-0.427816,0.244138,-0.078855,-0.225245,0.151743,-0.241613,0.334550,0.206572,0.158181,0.098524,-0.239792,0.039610,0.062458,0.159422,-0.297091
-1.094035,-1.131098,-0.040852,0.192466,-0.119341,-0.068187,-0.071631,0.071839,0.520000,1.233470,1.259364,-0.695122,-0.785561,-0.461482,-0.428471,0.244318,-0.079147,-0.225418,0.151680,-0.241846,0.335005,0.207174,0.157871,0.098727,-0.244822,0.039502,0.062238,0.159718,-0.296588
-1.095086,-1.131861,-0.040554,0.192418,-0.119547,-0.067745,-0.072164,0.071725,0.520000,1.235430,1.261230,-0.694805,-0.785639,-0.462336,-0.429551,0.244688,-0.079839,-0.225145,0.151110,-0.242512,0.335204,0.206935,0.158095,0.097044,-0.248563,0.040706,0.063496,0.159343,-0.297395
-1.095927,-1.132474,-0.040351,0.192242,-0.119733,-0.067331,-0.072654,0.071710,0.520000,1.237285,1.263020,-0.694496,-0.785688,-0.463160,-0.430601,0.244973,-0.080407,-0.224968,0.150982,-0.243018,0.335265,0.206944,0.158321,0.096183,-0.251750,0.042555,0.065046,0.159291,-0.297785
-1.096348,-1.132787,-0.040337,0.191812,-0.119881,-0.066975,-0.073056,0.071894,0.520000,1.238931,1.264656,-0.694205,-0.785679,-0.463927,-0.431592,0.245089,-0.080726,-0.224982,0.151738,-0.243209,0.335049,0.207445,0.158550,0.096967,-0.253827,0.045694,0.067182,0.159885,-0.297344
-1.096595,-1.133006,-0.039844,0.191745,-0.120028,-0.066487,-0.073200,0.071981,0.520000,1.240227,1.266050,-0.694052,-0.785512,-0.464692,-0.432471,0.245017,-0.081109,-0.225193,0.151778,-0.244293,0.334448,0.207474,0.158726,0.095655,-0.255282,0.051171,0.069646,0.165362,-0.297335
-1.096753,-1.133178,-0.039110,0.191860,-0.120175,-0.065935,-0.073215,0.072021,0.520000,1.241347,1.267322,-0.693970,-0.785267,-0.465456,-0.433293,0.244850,-0.081523,-0.225501,0.151461,-0.245825,0.333654,0.207265,0.158874,0.093295,-0.256427,0.057818,0.072275,0.173281,-0.297540
-1.097139,-1.133420,-0.038390,0.192048,-0.119942,-0.065139,-0.073484,0.071859,0.520000,1.242194,1.267926,-0.694534,-0.784944,-0.465916,-0.433424,0.244568,-0.081678,-0.225794,0.151793,-0.247100,0.333440,0.206731,0.158478,0.081798,-0.256154,0.064869,0.073560,0.187759,-0.299399
-1.097553,-1.133719,-0.037687,0.192185,-0.119867,-0.064465,-0.073696,0.071750,0.520000,1.243054,1.268641,-0.695088,-0.784699,-0.466399,-0.433716,0.244341,-0.081802,-0.225832,0.151832,-0.248084,0.333192,0.206231,0.157983,0.070515,-0.255354,0.071563,0.074469,0.200921,-0.301255
-1.098023,-1.134131,-0.037022,0.192217,-0.120106,-0.064031,-0.073798,0.071749,0.520000,1.243939,1.269578,-0.695620,-0.784609,-0.466928,-0.434329,0.244226,-0.081863,-0.225361,0.151283,-0.248483,0.332878,0.205798,0.157287,0.059659,-0.253500,0.077544,0.074628,0.211451,-0.303109
-1.098335,-1.134329,-0.036810,0.191630,-0.120516,-0.063425,-0.074235,0.071719,0.520000,1.244933,1.270785,-0.696364,-0.784273,-0.467397,-0.434914,0.244263,-0.081961,-0.225307,0.151421,-0.248273,0.332516,0.205930,0.156323,0.050873,-0.252143,0.083450,0.074955,0.220026,-0.303767
-1.098568,-1.134419,-0.036826,0.190732,-0.121014,-0.062732,-0.074841,0.071674,0.520000,1.245981,1.272126,-0.697214,-0.783814,-0.467835,-0.435484,0.244376,-0.082076,-0.225462,0.151901,-0.247757,0.332129,0.206344,0.155226,0.043121,-0.251034,0.089319,0.075367,0.227625,-0.303826
-1.098498,-1.134227,-0.036313,0.190659,-0.121429,-0.062338,-0.075154,0.071469,0.520000,1.247156,1.273604,-0.698012,-0.783893,-0.468548,-0.436472,0.244788,-0.082404,-0.225729,0.151551,-0.246530,0.332159,0.207528,0.154849,0.037370,-0.250123,0.092186,0.076045,0.230169,-0.303609
-1.098476,-1.134069,-0.036027,0.190505,-0.121717,-0.062066,-0.075502,0.071356,0.520000,1.248382,1.274990,-0.698648,-0.783910,-0.469186,-0.437340,0.245451,-0.082806,-0.225886,0.151470,-0.245208,0.332260,0.208609,0.154341,0.029378,-0.248420,0.093335,0.077197,0.232297,-0.303238
-1.098548,-1.133977,-0.036193,0.190191,-0.121753,-0.062041,-0.075918,0.071424,0.520000,1.249710,1.276191,-0.698957,-0.783807,-0.469675,-0.437971,0.246617,-0.083358,-0.225826,0.151926,-0.243698,0.332502,0.209482,0.153570,0.016905,-0.245137,0.091045,0.079296,0.233594,-0.302559
-1.098748,-1.134182,-0.035976,0.190029,-0.121985,-0.062059,-0.076187,0.071373,0.520000,1.250518,1.277165,-0.699408,-0.784149,-0.470018,-0.438355,0.247560,-0.083812,-0.226098,0.151721,-0.242292,0.332420,0.209541,0.153545,0.011443,-0.241719,0.091048,0.080533,0.233805,-0.303871
-1.099012,-1.134535,-0.035568,0.189944,-0.122314,-0.062098,-0.076383,0.071263,0.520000,1.251067,1.278026,-0.699928,-0.784715,-0.470290,-0.438615,0.248391,-0.084217,-0.226537,0.151186,-0.240937,0.332176,0.209193,0.153893,0.009488,-0.238235,0.092198,0.081337,0.233474,-0.306178
-1.099570,-1.134735,-0.035534,0.189876,-0.122040,-0.061772,-0.077039,0.070902,0.520000,1.251303,1.278031,-0.700335,-0.785061,-0.470273,-0.438534,0.249569,-0.084803,-0.227017,0.151642,-0.240936,0.331985,0.207967,0.153446,0.010367,-0.236574,0.092512,0.081693,0.234333,-0.306693
-1.100127,-1.134966,-0.035602,0.189707,-0.122046,-0.061698,-0.077519,0.070595,0.520000,1.251380,1.277986,-0.700644,-0.785528,-0.470139,-0.438354,0.250854,-0.085431,-0.227025,0.151859,-0.241115,0.331815,0.206964,0.152898,0.012393,-0.235629,0.090834,0.082571,0.234865,-0.306836
-1.100684,-1.135259,-0.035871,0.189333,-0.122609,-0.062126,-0.077650,0.070395,0.520000,1.251138,1.277843,-0.700758,-0.786236,-0.469772,-0.437974,0.252350,-0.086146,-0.226084,0.151595,-0.241655,0.331687,0.206407,0.152147,0.016712,-0.236118,0.085174,0.084490,0.234743,-0.306235
-1.100781,-1.135538,-0.036144,0.188985,-0.122737,-0.062791,-0.077645,0.070550,0.520000,1.250663,1.277767,-0.700861,-0.786954,-0.469329,-0.437759,0.253731,-0.086829,-0.226422,0.151425,-0.242053,0.331834,0.205858,0.151809,0.023795,-0.233989,0.081307,0.084015,0.234336,-0.305436
-1.100649,-1.135810,-0.036419,0.188651,-0.122648,-0.063575,-0.077573,0.070882,0.520000,1.250070,1.277725,-0.700958,-0.787677,-0.468847,-0.437626,0.255053,-0.087496,-0.227398,0.151302,-0.242380,0.332118,0.205313,0.151678,0.032260,-0.230551,0.078337,0.082343,0.233787,-0.304537
-1.100035,-1.135238,-0.035842,0.189504,-0.121874,-0.064419,-0.077312,0.071106,0.520000,1.250558,1.277786,-0.700721,-0.788081,-0.469110,-0.437479,0.256157,-0.087937,-0.227149,0.151486,-0.243023,0.332816,0.205558,0.151910,0.031023,-0.227052,0.073154,0.082358,0.231515,-0.305665
-1.099236,-1.134653,-0.035617,0.190255,-0.121210,-0.065514,-0.076983,0.071426,0.520000,1.251186,1.278127,-0.700172,-0.788419,-0.469503,-0.437402,0.257360,-0.088113,-0.227120,0.151612,-0.243635,0.333594,0.205650,0.152205,0.029591,-0.224248,0.068431,0.082453,0.231027,-0.305949
-1.098067,-1.134043,-0.036097,0.190799,-0.120761,-0.067110,-0.076517,0.071939,0.520000,1.252097,1.279028,-0.698999,-0.788625,-0.470156,-0.437468,0.258761,-0.087757,-0.227529,0.151621,-0.244188,0.334532,0.205434,0.152628,0.027770,-0.222831,0.064625,0.082712,0.234111,-0.304543
-1.096240,-1.133314,-0.037125,0.190647,-0.120988,-0.069550,-0.075350,0.073304,0.520000,1.253023,1.280614,-0.697549,-0.788915,-0.470744,-0.437989,0.259861,-0.086835,-0.227460,0.151978,-0.243810,0.335407,0.205393,0.153519,0.029928,-0.222066,0.063562,0.082494,0.236436,-0.304403
-1.094086,-1.132526,-0.038428,0.190146,-0.121551,-0.072414,-0.073832,0.075094,0.520000,1.253957,1.282542,-0.695961,-0.789247,-0.471299,-0.438737,0.260810,-0.085630,-0.227151,0.152509,-0.242967,0.336249,0.205440,0.154645,0.034075,-0.221626,0.063871,0.082036,0.238382,-0.304896
-1.091116,-1.130352,-0.039522,0.189932,-0.121852,-0.074869,-0.072925,0.076079,0.520000,1.254474,1.283614,-0.694128,-0.789405,-0.471784,-0.439436,0.261018,-0.083680,-0.227411,0.153526,-0.241591,0.336121,0.206250,0.155876,0.033224,-0.220198,0.063680,0.082352,0.239932,-0.304798
-1.088580,-1.128384,-0.040242,0.190114,-0.121754,-0.076847,-0.072229,0.076770,0.520000,1.254825,1.284195,-0.692590,-0.789699,-0.472102,-0.439697,0.261027,-0.081722,-0.227471,0.154063,-0.240518,0.335542,0.207195,0.157171,0.032185,-0.218343,0.063551,0.082411,0.242439,-0.304719
-1.086909,-1.126826,-0.040213,0.191089,-0.120857,-0.077873,-0.071952,0.076875,0.520000,1.254841,1.283793,-0.691639,-0.790264,-0.472087,-0.439083,0.260636,-0.079747,-0.227129,0.153641,-0.240048,0.334060,0.208413,0.158592,0.030772,-0.215632,0.063548,0.081958,0.246860,-0.304675
-1.085670,-1.125823,-0.040365,0.191574,-0.120211,-0.078727,-0.071717,0.077054,0.520000,1.253967,1.282774,-0.690816,-0.790995,-0.471679,-0.438185,0.260201,-0.077627,-0.227368,0.153202,-0.239314,0.332330,0.208407,0.159046,0.028632,-0.213845,0.065115,0.081618,0.249705,-0.305766
-1.084646,-1.125096,-0.040608,0.191813,-0.119691,-0.079494,-0.071504,0.077271,0.520000,1.252646,1.281446,-0.690055,-0.791809,-0.471075,-0.437145,0.259743,-0.075436,-0.227899,0.152755,-0.238447,0.330476,0.207788,0.159016,0.026129,-0.212520,0.067469,0.081335,0.251763,-0.307426
-1.083340,-1.123749,-0.041806,0.191142,-0.120335,-0.080409,-0.071367,0.077060,0.520000,1.250606,1.279617,-0.689435,-0.792306,-0.470160,-0.436415,0.259316,-0.073167,-0.228436,0.153208,-0.238449,0.328640,0.207868,0.158402,0.021643,-0.210586,0.071059,0.079677,0.252043,-0.308083
-1.082035,-1.122329,-0.042829,0.190764,-0.120698,-0.081120,-0.071228,0.076847,0.520000,1.248720,1.277847,-0.688929,-0.792844,-0.469207,-0.435649,0.258850,-0.070855,-0.228695,0.153474,-0.238792,0.327226,0.208392,0.157899,0.017534,-0.209199,0.073890,0.078566,0.252191,-0.308261
-1.080732,-1.120765,-0.043501,0.190974,-0.120497,-0.081423,-0.071083,0.076629,0.520000,1.247141,1.276195,-0.688650,-0.793463,-0.468178,-0.434813,0.258306,-0.068455,-0.228400,0.153361,-0.239819,0.326655,0.209807,0.157617,0.014182,-0.208907,0.075202,0.078548,0.252076,-0.307483
-1.078897,-1.119005,-0.043931,0.190969,-0.120587,-0.081910,-0.070719,0.076707,0.520000,1.245970,1.275041,-0.688283,-0.793826,-0.467490,-0.434144,0.257729,-0.066527,-0.227979,0.153326,-0.241584,0.326673,0.211000,0.158259,0.013479,-0.209602,0.076881,0.078027,0.251730,-0.306133
-1.076797,-1.117147,-0.044240,0.190856,-0.120822,-0.082488,-0.070245,0.076933,0.520000,1.245004,1.274137,-0.687872,-0.794061,-0.466974,-0.433558,0.257136,-0.064833,-0.227496,0.153330,-0.243717,0.326985,0.212084,0.159363,0.014102,-0.210789,0.078743,0.077256,0.251268,-0.304496
-1.075011,-1.115601,-0.044287,0.191166,-0.120515,-0.082987,-0.069912,0.077136,0.520000,1.244427,1.273541,-0.687557,-0.794473,-0.467280,-0.433788,0.256365,-0.062692,-0.228718,0.154523,-0.245417,0.327928,0.211820,0.160021,0.014545,-0.211578,0.080345,0.078851,0.249609,-0.304435
-1.073494,-1.114392,-0.044204,0.191602,-0.120062,-0.083388,-0.069513,0.077460,0.520000,1.244069,1.273107,-0.687224,-0.794852,-0.467532,-0.433799,0.255594,-0.060688,-0.229502,0.155091,-0.247135,0.329001,0.211394,0.160525,0.014498,-0.212913,0.081673,0.079960,0.248117,-0.304478
-1.072512,-1.113861,-0.043861,0.192288,-0.119317,-0.083595,-0.068981,0.078024,0.520000,1.244150,1.272995,-0.686856,-0.795168,-0.467676,-0.433372,0.254822,-0.058954,-0.229409,0.154407,-0.248888,0.330333,0.210647,0.160719,0.013471,-0.215339,0.082455,0.080100,0.246960,-0.304731
-1.071734,-1.113100,-0.043633,0.192837,-0.118820,-0.083547,-0.068899,0.078074,0.520000,1.244482,1.272796,-0.686535,-0.795322,-0.467915,-0.433230,0.253711,-0.057279,-0.228954,0.154344,-0.250812,0.331618,0.210468,0.160268,0.016717,-0.216731,0.082566,0.080839,0.244983,-0.304446
-1.071058,-1.112225,-0.043463,0.193319,-0.118448,-0.083371,-0.069043,0.077866,0.520000,1.244942,1.272552,-0.686237,-0.795394,-0.468200,-0.433231,0.252431,-0.055633,-0.228318,0.154591,-0.252821,0.332878,0.210573,0.159494,0.022099,-0.217606,0.082342,0.081878,0.242598,-0.303892
-1.070624,-1.112170,-0.043741,0.192923,-0.118586,-0.083390,-0.068853,0.078256,0.520000,1.244775,1.272927,-0.686689,-0.795505,-0.468031,-0.433247,0.251103,-0.054422,-0.228310,0.154635,-0.254319,0.333003,0.210453,0.159327,0.023565,-0.217694,0.083766,0.080291,0.242739,-0.302586
-1.070047,-1.111831,-0.044012,0.192625,-0.118735,-0.083375,-0.068703,0.078523,0.520000,1.244681,1.273191,-0.687106,-0.795452,-0.467901,-0.433311,0.249754,-0.053207,-0.228056,0.154537,-0.255612,0.333200,0.210626,0.159132,0.024350,-0.217660,0.084613,0.079592,0.243526,-0.301718
-1.069181,-1.110925,-0.044266,0.192524,-0.118906,-0.083294,-0.068635,0.078545,0.520000,1.244733,1.273231,-0.687450,-0.795068,-0.467852,-0.433474,0.248363,-0.051988,-0.227309,0.154156,-0.256494,0.333542,0.211389,0.158882,0.023772,-0.217378,0.084306,0.080672,0.245605,-0.301724
-1.068471,-1.110327,-0.044361,0.192799,-0.118664,-0.083280,-0.068472,0.078632,0.520000,1.244695,1.273120,-0.687856,-0.794866,-0.467902,-0.433509,0.247073,-0.050704,-0.227233,0.154255,-0.256819,0.333637,0.211967,0.159001,0.023438,-0.217517,0.084349,0.080843,0.246347,-0.301579
-1.067837,-1.109884,-0.044375,0.193261,-0.118216,-0.083299,-0.068262,0.078752,0.520000,1.244611,1.272932,-0.688292,-0.794754,-0.468003,-0.433480,0.245834,-0.049388,-0.227492,0.154594,-0.256866,0.333609,0.212454,0.159307,0.023227,-0.217865,0.084567,0.080561,0.246419,-0.301357
-1.067735,-1.109809,-0.044419,0.193719,-0.117803,-0.083222,-0.068488,0.078526,0.520000,1.244394,1.272764,-0.689119,-0.794777,-0.467862,-0.433085,0.244808,-0.048122,-0.228272,0.153778,-0.256198,0.333460,0.212723,0.159754,0.023541,-0.218126,0.085037,0.079914,0.245608,-0.301771
-1.067502,-1.109674,-0.044734,0.194058,-0.117508,-0.083389,-0.068554,0.078413,0.520000,1.244141,1.272602,-0.689747,-0.794830,-0.467770,-0.432829,0.243915,-0.046860,-0.228732,0.153341,-0.255247,0.333509,0.212985,0.160013,0.024089,-0.218330,0.085182,0.079658,0.244588,-0.301903
-1.067009,-1.109417,-0.045589,0.194159,-0.117447,-0.084045,-0.068300,0.078529,0.520000,1.243814,1.272452,-0.689978,-0.794942,-0.467775,-0.432853,0.243288,-0.045607,-0.228550,0.153660,-0.253730,0.333958,0.213235,0.159894,0.025104,-0.218420,0.084681,0.080181,0.243150,-0.301469
-1.066671,-1.109195,-0.046485,0.194111,-0.117530,-0.084625,-0.068198,0.078552,0.520000,1.243468,1.272342,-0.690193,-0.795175,-0.467560,-0.432896,0.242842,-0.044529,-0.228484,0.154072,-0.252539,0.334499,0.213310,0.159974,0.024381,-0.218699,0.084418,0.080331,0.242338,-0.301156
-1.066410,-1.108991,-0.047400,0.193988,-0.117684,-0.085167,-0.068172,0.078528,0.520000,1.243111,1.272252,-0.690401,-0.795468,-0.467235,-0.432950,0.242487,-0.043540,-0.228478,0.154531,-0.251510,0.335088,0.213297,0.160155,0.022787,-0.219073,0.084275,0.080295,0.241838,-0.300904
-1.066206,-1.109214,-0.048019,0.193811,-0.117756,-0.086055,-0.068015,0.078669,0.520000,1.242606,1.272387,-0.690656,-0.795917,-0.467098,-0.432890,0.242274,-0.043252,-0.229052,0.154028,-0.250731,0.335565,0.213285,0.160427,0.023571,-0.219189,0.084792,0.079747,0.243130,-0.300439
-1.066000,-1.109321,-0.048678,0.193739,-0.117770,-0.086785,-0.067879,0.078758,0.520000,1.242146,1.272384,-0.690772,-0.796381,-0.466974,-0.432834,0.241984,-0.042998,-0.229389,0.153606,-0.249718,0.335978,0.213058,0.160729,0.024661,-0.219838,0.085025,0.079759,0.244027,-0.299886
-1.065789,-1.109199,-0.049418,0.193878,-0.117668,-0.087200,-0.067786,0.078741,0.520000,1.241773,1.272105,-0.690607,-0.796877,-0.466878,-0.432787,0.241538,-0.042811,-0.229252,0.153349,-0.248234,0.336263,0.212401,0.161091,0.026366,-0.221556,0.084691,0.080892,0.244135,-0.299159
-1.066002,-1.109281,-0.049763,0.193987,-0.117489,-0.087189,-0.068071,0.078442,0.520000,1.241398,1.271698,-0.690394,-0.797249,-0.466518,-0.432557,0.241168,-0.042842,-0.228887,0.152933,-0.247024,0.335771,0.211229,0.161314,0.027543,-0.222014,0.084764,0.080201,0.243613,-0.300457
-1.066426,-1.109466,-0.049912,0.194082,-0.117271,-0.086965,-0.068545,0.078002,0.520000,1.241023,1.271228,-0.690157,-0.797559,-0.466026,-0.432236,0.240837,-0.042983,-0.228407,0.152437,-0.245952,0.334891,0.209799,0.161469,0.028457,-0.221841,0.085039,0.078599,0.242775,-0.302769
-1.066482,-1.109334,-0.050090,0.194521,-0.117083,-0.086993,-0.068621,0.077570,0.520000,1.240501,1.270455,-0.689556,-0.797269,-0.466034,-0.432093,0.240339,-0.043513,-0.228550,0.153302,-0.243863,0.332791,0.209004,0.160381,0.027834,-0.219426,0.084516,0.077478,0.243692,-0.301330
-1.066528,-1.109308,-0.050363,0.194669,-0.117094,-0.086959,-0.068715,0.077236,0.520000,1.239976,1.269956,-0.688826,-0.796790,-0.465961,-0.432040,0.239875,-0.044196,-0.228766,0.153591,-0.241845,0.330647,0.208198,0.159250,0.028034,-0.218557,0.084843,0.077276,0.244197,-0.300615
-1.066552,-1.109494,-0.050829,0.194232,-0.117502,-0.086803,-0.068846,0.077098,0.520000,1.239444,1.270005,-0.687838,-0.795935,-0.465726,-0.432167,0.239478,-0.045184,-0.229129,0.152728,-0.239970,0.328417,0.207370,0.158034,0.029881,-0.220780,0.086867,0.078914,0.243878,-0.301345
-1.066733,-1.109693,-0.050898,0.194048,-0.117637,-0.086450,-0.069032,0.076950,0.520000,1.239083,1.269930,-0.686900,-0.794884,-0.465569,-0.432214,0.239170,-0.046385,-0.229414,0.152448,-0.238317,0.326265,0.206977,0.157234,0.029499,-0.220345,0.087371,0.079019,0.243467,-0.301896
-1.066993,-1.109899,-0.050769,0.193990,-0.117634,-0.085998,-0.069246,0.076798,0.520000,1.238808,1.269792,-0.685986,-0.793735,-0.465452,-0.432220,0.238905,-0.047691,-0.229658,0.152459,-0.236775,0.324152,0.206800,0.156641,0.028003,-0.218580,0.087116,0.078358,0.243009,-0.302356
-1.067648,-1.110475,-0.050158,0.194526,-0.117181,-0.085351,-0.069144,0.076742,0.520000,1.238930,1.269632,-0.685229,-0.792570,-0.465614,-0.432254,0.238818,-0.049592,-0.229461,0.152560,-0.235402,0.322533,0.206462,0.156757,0.026270,-0.218261,0.088030,0.077960,0.243831,-0.303324
-1.068443,-1.111152,-0.049776,0.194764,-0.116979,-0.084662,-0.069201,0.076618,0.520000,1.239113,1.269676,-0.684526,-0.791484,-0.465736,-0.432333,0.238861,-0.051344,-0.229136,0.152448,-0.234244,0.321230,0.206143,0.157047,0.024973,-0.218435,0.088673,0.078177,0.244807,-0.304428
-1.069520,-1.112029,-0.049851,0.194407,-0.117276,-0.083888,-0.069577,0.076357,0.520000,1.239416,1.270128,-0.683931,-0.790558,-0.465781,-0.432504,0.239163,-0.052797,-0.228555,0.151911,-0.233516,0.320562,0.205864,0.157686,0.024551,-0.219593,0.088772,0.079628,0.246090,-0.305805
-1.070575,-1.112879,-0.049944,0.193855,-0.117795,-0.083243,-0.070083,0.075985,0.520000,1.239651,1.270647,-0.683436,-0.789226,-0.465868,-0.432755,0.239861,-0.055037,-0.228676,0.151574,-0.232619,0.320618,0.205489,0.157616,0.024406,-0.219897,0.088938,0.080117,0.245965,-0.306720
-1.071618,-1.113716,-0.050046,0.193206,-0.118424,-0.082663,-0.070655,0.075556,0.520000,1.239852,1.271199,-0.682989,-0.787691,-0.465976,-0.433046,0.240757,-0.057669,-0.229148,0.151338,-0.231638,0.321036,0.205066,0.157191,0.024399,-0.219774,0.089137,0.080125,0.245136,-0.307404
-1.073438,-1.115177,-0.050026,0.192629,-0.118849,-0.081618,-0.070953,0.075516,0.520000,1.240278,1.271587,-0.682812,-0.786835,-0.465768,-0.433497,0.241714,-0.060885,-0.228569,0.151399,-0.231692,0.322293,0.203771,0.156760,0.026010,-0.219926,0.090711,0.080589,0.245212,-0.306813
-1.075215,-1.116609,-0.049800,0.192268,-0.119162,-0.080551,-0.071332,0.075266,0.520000,1.240580,1.271899,-0.682769,-0.785995,-0.465678,-0.433876,0.242766,-0.064186,-0.228674,0.151412,-0.231770,0.323629,0.202713,0.156203,0.027062,-0.219917,0.091733,0.081078,0.244906,-0.305744
-1.076905,-1.117981,-0.049165,0.192336,-0.119249,-0.079442,-0.071873,0.074596,0.520000,1.240637,1.272059,-0.682993,-0.785185,-0.465827,-0.434109,0.244005,-0.067657,-0.230147,0.151329,-0.231894,0.325119,0.202128,0.155393,0.026994,-0.219588,0.091654,0.081614,0.243836,-0.303717
-1.078332,-1.118834,-0.048295,0.192596,-0.119062,-0.078224,-0.072538,0.073943,0.520000,1.241137,1.272071,-0.683352,-0.784184,-0.465943,-0.434037,0.245227,-0.071353,-0.229997,0.150989,-0.232103,0.326908,0.202020,0.154798,0.025776,-0.219678,0.091390,0.082412,0.243545,-0.302186
-1.079628,-1.119426,-0.047307,0.192952,-0.118739,-0.076952,-0.073264,0.073300,0.520000,1.241860,1.272008,-0.683778,-0.783089,-0.466043,-0.433813,0.246439,-0.075162,-0.229036,0.150521,-0.232355,0.328847,0.202151,0.154312,0.023982,-0.219977,0.091034,0.083340,0.243644,-0.300903
-1.080785,-1.120203,-0.047153,0.192384,-0.119433,-0.075981,-0.073654,0.072762,0.520000,1.241597,1.271776,-0.684513,-0.782833,-0.465746,-0.433990,0.247934,-0.078278,-0.229056,0.151071,-0.232819,0.330685,0.201434,0.153993,0.024391,-0.219492,0.092735,0.084005,0.244245,-0.302227
-1.082104,-1.121119,-0.046999,0.191842,-0.120032,-0.075119,-0.074150,0.072211,0.520000,1.241311,1.271542,-0.685363,-0.782686,-0.465362,-0.433999,0.249561,-0.081230,-0.229071,0.151230,-0.233310,0.332053,0.200946,0.153596,0.024376,-0.219427,0.093197,0.084638,0.244031,-0.302903
-1.083746,-1.122310,-0.046841,0.191351,-0.120436,-0.074475,-0.074859,0.071634,0.520000,1.240975,1.271303,-0.686442,-0.782756,-0.464805,-0.433674,0.251451,-0.083853,-0.229073,0.150608,-0.233852,0.332478,0.200914,0.153041,0.023517,-0.220203,0.091181,0.085208,0.242188,-0.302283
-1.085035,-1.123432,-0.046511,0.191182,-0.120637,-0.074373,-0.074838,0.071573,0.520000,1.240680,1.270885,-0.687530,-0.783117,-0.464608,-0.433422,0.253328,-0.086076,-0.228742,0.151015,-0.234094,0.332884,0.200338,0.152521,0.023158,-0.220199,0.090856,0.085420,0.241158,-0.302835
-1.086148,-1.124519,-0.046094,0.191175,-0.120736,-0.074542,-0.074452,0.071771,0.520000,1.240404,1.270379,-0.688622,-0.783623,-0.464592,-0.433206,0.255200,-0.088098,-0.228245,0.151935,-0.234186,0.333279,0.199490,0.152018,0.023050,-0.219804,0.091375,0.085454,0.240533,-0.303973
-1.087575,-1.125773,-0.045498,0.191621,-0.120083,-0.074333,-0.075001,0.071331,0.520000,1.240216,1.269889,-0.689912,-0.784534,-0.464197,-0.432615,0.257124,-0.089565,-0.228781,0.151332,-0.234371,0.333285,0.198898,0.151497,0.021202,-0.219546,0.091723,0.086164,0.241935,-0.303614
-1.088805,-1.126880,-0.045068,0.191902,-0.119683,-0.074155,-0.075352,0.071020,0.520000,1.240008,1.269553,-0.691159,-0.785564,-0.463904,-0.432249,0.258840,-0.090782,-0.229176,0.150757,-0.234370,0.333230,0.198266,0.151151,0.019473,-0.219138,0.092005,0.086514,0.242877,-0.303516
-1.089641,-1.127692,-0.044969,0.191852,-0.119791,-0.074041,-0.075307,0.070965,0.520000,1.239762,1.269523,-0.692318,-0.786831,-0.463816,-0.432335,0.260142,-0.091503,-0.229288,0.150237,-0.233993,0.333050,0.197553,0.151154,0.017982,-0.218428,0.092156,0.086143,0.242902,-0.303940
-1.090597,-1.128613,-0.045044,0.191554,-0.120102,-0.074140,-0.075203,0.070971,0.520000,1.239279,1.269119,-0.693518,-0.788195,-0.463513,-0.432160,0.261313,-0.092084,-0.229140,0.150543,-0.233520,0.332849,0.196945,0.150763,0.018259,-0.217928,0.092285,0.085880,0.243721,-0.304011
-1.091612,-1.129588,-0.045205,0.191131,-0.120515,-0.074346,-0.075070,0.071007,0.520000,1.238678,1.268527,-0.694739,-0.789607,-0.463104,-0.431854,0.262418,-0.092597,-0.228861,0.151260,-0.233000,0.332637,0.196390,0.150176,0.019420,-0.217533,0.092403,0.085670,0.244938,-0.303906
-1.092873,-1.130355,-0.045009,0.191088,-0.120673,-0.073806,-0.075573,0.070343,0.520000,1.238322,1.267950,-0.695817,-0.791089,-0.462636,-0.431586,0.262928,-0.092830,-0.228945,0.151169,-0.232714,0.332166,0.195719,0.149345,0.018594,-0.218050,0.092042,0.086102,0.244363,-0.303257
-1.093988,-1.131118,-0.044788,0.190982,-0.120774,-0.073412,-0.075958,0.069884,0.520000,1.237910,1.267407,-0.696855,-0.792563,-0.462208,-0.431249,0.263367,-0.093058,-0.229063,0.151014,-0.232428,0.331659,0.195079,0.148657,0.018311,-0.217762,0.091727,0.085453,0.243972,-0.302854
-1.094813,-1.131875,-0.044517,0.190748,-0.120758,-0.073310,-0.076105,0.069838,0.520000,1.237389,1.266930,-0.697817,-0.794023,-0.461858,-0.430777,0.263663,-0.093278,-0.229249,0.150730,-0.232140,0.331080,0.194498,0.148255,0.019116,-0.215862,0.091504,0.082646,0.243950,-0.302943
-1.095563,-1.132281,-0.043930,0.190880,-0.120684,-0.073032,-0.076161,0.069621,0.520000,1.236970,1.266134,-0.698676,-0.795498,-0.461533,-0.430528,0.263783,-0.093453,-0.228825,0.151013,-0.231991,0.330781,0.193757,0.147595,0.021338,-0.216000,0.091682,0.083019,0.242432,-0.303353
-1.096275,-1.132512,-0.043186,0.191196,-0.120580,-0.072666,-0.076172,0.069317,0.520000,1.236602,1.265178,-0.699482,-0.796980,-0.461221,-0.430392,0.263815,-0.093604,-0.228095,0.151580,-0.231910,0.330622,0.192937,0.146807,0.024267,-0.217158,0.092062,0.084982,0.240167,-0.303924
-1.097116,-1.133202,-0.042980,0.191097,-0.120541,-0.072139,-0.076725,0.068706,0.520000,1.235628,1.264306,-0.700374,-0.798510,-0.460732,-0.429641,0.263788,-0.093672,-0.228918,0.150708,-0.232598,0.330252,0.191927,0.146097,0.022281,-0.217600,0.091710,0.085416,0.240084,-0.303273
-1.097891,-1.133770,-0.042789,0.190907,-0.120652,-0.071753,-0.077076,0.068268,0.520000,1.234746,1.263500,-0.701209,-0.799949,-0.460239,-0.429051,0.263689,-0.093718,-0.229379,0.150202,-0.233255,0.329929,0.191200,0.145583,0.020623,-0.218018,0.091315,0.085140,0.240347,-0.303192
-1.098537,-1.134097,-0.042632,0.190536,-0.121062,-0.071651,-0.077023,0.068179,0.520000,1.234047,1.262826,-0.701929,-0.801208,-0.459739,-0.428779,0.263443,-0.093722,-0.229120,0.150427,-0.233850,0.329699,0.191042,0.145459,0.019624,-0.218389,0.090832,0.083445,0.241304,-0.304249
-1.099274,-1.134659,-0.042733,0.190101,-0.121559,-0.071540,-0.077021,0.067965,0.520000,1.233285,1.262084,-0.702458,-0.802605,-0.459144,-0.428455,0.263139,-0.093763,-0.228817,0.150700,-0.234527,0.329559,0.190581,0.144896,0.020043,-0.217827,0.091219,0.082775,0.241625,-0.303805
-1.100056,-1.135340,-0.042965,0.189633,-0.122100,-0.071425,-0.077043,0.067690,0.520000,1.232492,1.261308,-0.702892,-0.804070,-0.458501,-0.428103,0.262807,-0.093821,-0.228493,0.150996,-0.235245,0.329464,0.189969,0.144115,0.021172,-0.216799,0.092042,0.082618,0.241628,-0.302611
-1.100793,-1.135681,-0.042868,0.189541,-0.122121,-0.071028,-0.077589,0.067115,0.520000,1.231883,1.260660,-0.703338,-0.805399,-0.457987,-0.427526,0.262655,-0.093885,-0.228828,0.150340,-0.235979,0.329775,0.189689,0.143920,0.021624,-0.217234,0.091727,0.082653,0.241716,-0.302243
-1.101460,-1.136118,-0.042858,0.189405,-0.122218,-0.070935,-0.077777,0.066846,0.520000,1.231217,1.259925,-0.703678,-0.806707,-0.457536,-0.427079,0.262535,-0.094004,-0.228840,0.150027,-0.236567,0.330024,0.189394,0.143685,0.021927,-0.217454,0.091485,0.082801,0.241826,-0.301318
-1.101989,-1.136746,-0.043020,0.189182,-0.122467,-0.071447,-0.077247,0.067191,0.520000,1.230437,1.259015,-0.703804,-0.807973,-0.457213,-0.426893,0.262478,-0.094229,-0.228209,0.150399,-0.236862,0.330150,0.189069,0.143369,0.021931,-0.217245,0.091389,0.083174,0.241979,-0.299279
-1.102676,-1.137352,-0.042943,0.189143,-0.122487,-0.071459,-0.077191,0.067081,0.520000,1.229684,1.258103,-0.703895,-0.809020,-0.456812,-0.426412,0.262493,-0.094657,-0.228379,0.150575,-0.237143,0.330477,0.188713,0.143043,0.021298,-0.217703,0.091709,0.083950,0.242224,-0.299082
-1.103442,-1.137946,-0.042745,0.189197,-0.122394,-0.071221,-0.077372,0.066744,0.520000,1.228943,1.257189,-0.703967,-0.809959,-0.456372,-0.425784,0.262544,-0.095185,-0.228951,0.150653,-0.237417,0.330904,0.188343,0.142711,0.020348,-0.218494,0.092236,0.084928,0.242516,-0.299804
-1.103933,-1.138175,-0.042481,0.189034,-0.122358,-0.070926,-0.077577,0.066613,0.520000,1.228328,1.256332,-0.703879,-0.810041,-0.456053,-0.425476,0.262558,-0.096684,-0.228784,0.150564,-0.237725,0.331244,0.188673,0.142399,0.021562,-0.217698,0.091287,0.084397,0.241138,-0.299529
-1.104266,-1.138314,-0.042337,0.188893,-0.122387,-0.070743,-0.077672,0.066477,0.520000,1.227645,1.255500,-0.703825,-0.810195,-0.455726,-0.425108,0.262597,-0.097905,-0.228686,0.150547,-0.237843,0.331537,0.188955,0.142284,0.021916,-0.217327,0.090379,0.084266,0.240232,-0.299374
-1.104286,-1.138272,-0.042431,0.188796,-0.122549,-0.070781,-0.077544,0.066333,0.520000,1.226825,1.254717,-0.703840,-0.810491,-0.455385,-0.424621,0.262686,-0.098568,-0.228725,0.150674,-0.237580,0.331737,0.189142,0.142560,0.020551,-0.217806,0.089552,0.084935,0.240273,-0.299459
-1.104716,-1.138574,-0.042460,0.188673,-0.122756,-0.070749,-0.077430,0.066192,0.520000,1.226152,1.253959,-0.703696,-0.810503,-0.454993,-0.424329,0.263016,-0.099618,-0.228132,0.150683,-0.237309,0.331925,0.188708,0.142479,0.020393,-0.218077,0.090108,0.085285,0.239925,-0.299512
-1.105351,-1.139048,-0.042456,0.188538,-0.122985,-0.070683,-0.077323,0.066054,0.520000,1.225551,1.253215,-0.703473,-0.810373,-0.454575,-0.424137,0.263468,-0.100862,-0.227222,0.150633,-0.237032,0.332106,0.187964,0.142220,0.020840,-0.218244,0.091355,0.085475,0.239383,-0.299549
-1.105537,-1.139036,-0.042090,0.188915,-0.122575,-0.070351,-0.077643,0.065737,0.520000,1.225374,1.252736,-0.703305,-0.809863,-0.454635,-0.423705,0.263795,-0.101899,-0.228109,0.150350,-0.236726,0.332563,0.187606,0.142159,0.019867,-0.216984,0.091370,0.084517,0.240573,-0.300534
-1.105611,-1.138963,-0.041841,0.189175,-0.122387,-0.070154,-0.077818,0.065514,0.520000,1.225346,1.252477,-0.703072,-0.809297,-0.454770,-0.423586,0.264181,-0.103006,-0.228587,0.150281,-0.236304,0.333052,0.187267,0.141982,0.019500,-0.215906,0.091995,0.083919,0.241231,-0.301133
-1.105459,-1.138770,-0.041828,0.189203,-0.122641,-0.070229,-0.077704,0.065478,0.520000,1.225617,1.252661,-0.702708,-0.808617,-0.455055,-0.424092,0.264688,-0.104253,-0.228249,0.150640,-0.235654,0.333605,0.186965,0.141576,0.020344,-0.215192,0.093839,0.084038,0.240822,-0.300959
-1.105555,-1.138682,-0.042038,0.189112,-0.122740,-0.070314,-0.077915,0.065403,0.520000,1.226387,1.253372,-0.702462,-0.808058,-0.455413,-0.424592,0.265218,-0.105141,-0.228188,0.150623,-0.235458,0.334259,0.186842,0.141592,0.020041,-0.215722,0.094497,0.084486,0.241690,-0.301293
-1.105773,-1.138648,-0.042360,0.188962,-0.122761,-0.070406,-0.078287,0.065308,0.520000,1.227407,1.254347,-0.702274,-0.807560,-0.455807,-0.425089,0.265760,-0.105849,-0.228266,0.150418,-0.235490,0.334964,0.186810,0.141820,0.019165,-0.216873,0.094561,0.085097,0.243196,-0.301881
-1.105903,-1.138400,-0.042832,0.188751,-0.123214,-0.070644,-0.078528,0.065218,0.520000,1.229022,1.255693,-0.701799,-0.806789,-0.457030,-0.426439,0.266550,-0.106833,-0.228236,0.151252,-0.235017,0.335304,0.186640,0.141608,0.020643,-0.214795,0.093677,0.084365,0.243291,-0.303313
-1.106307,-1.138231,-0.042890,0.188953,-0.123080,-0.070575,-0.079234,0.064840,0.520000,1.230981,1.256937,-0.701510,-0.806158,-0.458188,-0.427306,0.267251,-0.107726,-0.228153,0.151455,-0.234669,0.335485,0.186591,0.141493,0.020970,-0.213832,0.092819,0.083901,0.243587,-0.303820
-1.107262,-1.138220,-0.042120,0.189980,-0.121770,-0.069889,-0.080874,0.063886,0.520000,1.233629,1.257977,-0.701593,-0.805806,-0.459213,-0.427205,0.267773,-0.108437,-0.227966,0.150394,-0.234571,0.335347,0.186785,0.141574,0.018994,-0.215097,0.092015,0.083976,0.244285,-0.302477
-1.107843,-1.138163,-0.042027,0.190559,-0.121345,-0.069715,-0.081559,0.063353,0.520000,1.235514,1.258780,-0.701686,-0.805759,-0.460318,-0.427444,0.268105,-0.109007,-0.228003,0.150452,-0.233849,0.335098,0.187114,0.141737,0.017216,-0.214908,0.091264,0.083801,0.244381,-0.302207
-1.108237,-1.138084,-0.042272,0.190915,-0.121362,-0.069796,-0.081768,0.063031,0.520000,1.237018,1.259464,-0.701786,-0.805865,-0.461463,-0.427853,0.268341,-0.109506,-0.228152,0.151070,-0.232814,0.334793,0.187510,0.141940,0.015538,-0.213993,0.090541,0.083501,0.244176,-0.302475
-1.108760,-1.138624,-0.042812,0.190560,-0.121497,-0.070937,-0.081340,0.063777,0.520000,1.237683,1.259512,-0.702341,-0.805921,-0.461367,-0.427622,0.268400,-0.109855,-0.226899,0.151734,-0.231999,0.334647,0.187493,0.141694,0.017710,-0.213492,0.092771,0.083831,0.245538,-0.302617
-1.109154,-1.139185,-0.043016,0.190403,-0.121578,-0.071789,-0.080732,0.064472,0.520000,1.237938,1.259357,-0.702884,-0.805967,-0.461355,-0.427282,0.268379,-0.110137,-0.226296,0.152170,-0.231335,0.334353,0.187412,0.141676,0.019286,-0.213051,0.094527,0.083707,0.245635,-0.303249
-1.109289,-1.139788,-0.042550,0.190640,-0.121554,-0.072063,-0.079768,0.065061,0.520000,1.237374,1.258799,-0.703402,-0.805991,-0.461510,-0.426723,0.268199,-0.110285,-0.226991,0.152153,-0.230976,0.333763,0.187205,0.142114,0.019672,-0.212729,0.095334,0.082674,0.243198,-0.304860
-1.109311,-1.140021,-0.042054,0.190912,-0.121063,-0.072141,-0.079070,0.065796,0.520000,1.237108,1.257921,-0.703788,-0.805992,-0.461333,-0.425880,0.267684,-0.110154,-0.226896,0.152531,-0.230810,0.333705,0.187165,0.142676,0.020843,-0.213119,0.095669,0.083257,0.243359,-0.305836
-1.109275,-1.140070,-0.041541,0.191200,-0.120340,-0.072121,-0.078505,0.066604,0.520000,1.236989,1.256882,-0.704109,-0.805982,-0.460990,-0.424894,0.267001,-0.109884,-0.226406,0.153107,-0.230742,0.333912,0.187210,0.143302,0.022405,-0.213865,0.095769,0.084648,0.244818,-0.306494
-1.108570,-1.139094,-0.041066,0.191312,-0.120484,-0.071736,-0.077702,0.066989,0.520000,1.236509,1.255572,-0.704171,-0.805698,-0.461137,-0.424892,0.265738,-0.109254,-0.225520,0.154007,-0.231309,0.333738,0.187444,0.143983,0.027476,-0.213352,0.095375,0.084016,0.243842,-0.306181
-1.107677,-1.137937,-0.040639,0.191335,-0.120621,-0.071346,-0.077199,0.067181,0.520000,1.236070,1.254410,-0.704108,-0.805189,-0.461135,-0.424640,0.264411,-0.108504,-0.225051,0.154549,-0.232148,0.333542,0.187888,0.144456,0.035195,-0.213678,0.094658,0.083692,0.242080,-0.305591
-1.106409,-1.136418,-0.040309,0.191183,-0.120744,-0.070948,-0.077293,0.066986,0.520000,1.235713,1.253544,-0.703794,-0.804227,-0.460835,-0.423888,0.262958,-0.107514,-0.225420,0.154372,-0.233530,0.333301,0.188754,0.144512,0.048206,-0.215678,0.093294,0.083981,0.238747,-0.304445
-1.103987,-1.134063,-0.039260,0.191150,-0.120805,-0.071068,-0.076944,0.067184,0.520000,1.235421,1.252792,-0.703403,-0.803172,-0.461230,-0.423576,0.260849,-0.106734,-0.225691,0.154326,-0.234871,0.332871,0.189944,0.144938,0.070647,-0.214693,0.095887,0.082716,0.236484,-0.303632
-1.100987,-1.131288,-0.037852,0.191176,-0.120835,-0.071447,-0.076372,0.067578,0.520000,1.235162,1.252097,-0.702973,-0.802070,-0.461971,-0.423484,0.258413,-0.106061,-0.225915,0.154348,-0.236192,0.332345,0.191295,0.145549,0.097802,-0.212216,0.100459,0.080674,0.234756,-0.302987
-1.098545,-1.128918,-0.034469,0.191835,-0.120257,-0.069376,-0.075653,0.068091,0.520000,1.235216,1.251248,-0.703862,-0.800650,-0.461959,-0.423089,0.254437,-0.107317,-0.225126,0.155238,-0.239540,0.331015,0.193032,0.146910,0.105872,-0.215316,0.101076,0.083364,0.231695,-0.304100
-1.096431,-1.126649,-0.030447,0.192609,-0.119660,-0.066700,-0.075197,0.068298,0.520000,1.235344,1.250249,-0.705164,-0.798843,-0.462147,-0.422673,0.250184,-0.109009,-0.224316,0.155888,-0.243709,0.329065,0.194716,0.148522,0.111066,-0.217443,0.101035,0.085101,0.229374,-0.305614
-1.094973,-1.124584,-0.025146,0.193614,-0.119027,-0.062813,-0.075267,0.067892,0.520000,1.235622,1.248952,-0.707293,-0.796263,-0.462735,-0.422217,0.245380,-0.111575,-0.223464,0.156055,-0.249516,0.325876,0.196295,0.150638,0.110509,-0.217627,0.099678,0.084931,0.228533,-0.307929
-1.093336,-1.122169,-0.020142,0.194496,-0.118031,-0.058532,-0.075833,0.067392,0.520000,1.236261,1.247820,-0.709234,-0.793511,-0.463487,-0.421796,0.241383,-0.112983,-0.222762,0.156495,-0.255867,0.322319,0.198228,0.153273,0.116984,-0.216913,0.098837,0.084790,0.227600,-0.307802
-1.091610,-1.119580,-0.015287,0.195316,-0.116852,-0.054052,-0.076647,0.066844,0.520000,1.237080,1.246772,-0.711082,-0.790673,-0.464321,-0.421393,0.237788,-0.113812,-0.222137,0.157072,-0.262489,0.318580,0.200338,0.156168,0.126975,-0.215752,0.098254,0.084664,0.226622,-0.306454
-1.090260,-1.117592,-0.011355,0.196706,-0.115662,-0.050763,-0.076812,0.066567,0.520000,1.237966,1.246028,-0.712369,-0.789154,-0.465183,-0.421379,0.235933,-0.112539,-0.222212,0.157665,-0.268135,0.315534,0.202129,0.158124,0.140895,-0.215056,0.099064,0.083165,0.222870,-0.308135
-1.089079,-1.116012,-0.008262,0.197800,-0.114714,-0.048193,-0.076905,0.066407,0.520000,1.238801,1.245556,-0.713620,-0.787990,-0.465886,-0.421318,0.234583,-0.110427,-0.222243,0.158019,-0.273059,0.312935,0.204237,0.159075,0.149415,-0.215183,0.099023,0.082416,0.220567,-0.309048
-1.088237,-1.115246,-0.006846,0.198304,-0.114252,-0.047059,-0.076853,0.066481,0.520000,1.239535,1.245632,-0.714802,-0.787534,-0.466275,-0.421166,0.234241,-0.106637,-0.222183,0.157897,-0.276542,0.311228,0.206980,0.158012,0.147135,-0.216952,0.097280,0.083166,0.221162,-0.308426
-1.087704,-1.115033,-0.006473,0.198500,-0.114006,-0.047364,-0.076289,0.067244,0.520000,1.240339,1.246351,-0.714948,-0.787571,-0.466853,-0.421378,0.234310,-0.102195,-0.221868,0.157884,-0.278344,0.310829,0.209130,0.156970,0.145514,-0.216415,0.096258,0.081553,0.221156,-0.307829
-1.087326,-1.115096,-0.006622,0.198541,-0.113868,-0.048389,-0.075468,0.068352,0.520000,1.241177,1.247392,-0.714576,-0.787854,-0.467526,-0.421773,0.234583,-0.097427,-0.221427,0.157925,-0.279306,0.311084,0.210982,0.155938,0.144221,-0.214723,0.095596,0.078759,0.220848,-0.307245
-1.087264,-1.115276,-0.007387,0.197913,-0.114405,-0.049261,-0.075306,0.068725,0.520000,1.242090,1.248416,-0.713645,-0.788913,-0.468000,-0.422428,0.234494,-0.093022,-0.221513,0.158416,-0.279431,0.313861,0.211764,0.155941,0.141819,-0.216917,0.096301,0.079491,0.221467,-0.306831
-1.086983,-1.115281,-0.007840,0.197659,-0.114642,-0.050105,-0.075026,0.069233,0.520000,1.243267,1.249588,-0.712358,-0.789944,-0.468789,-0.423103,0.233958,-0.089255,-0.221521,0.158656,-0.279244,0.317607,0.212705,0.156390,0.139194,-0.219129,0.096723,0.080088,0.222164,-0.306098
-1.086262,-1.114934,-0.007670,0.198156,-0.114275,-0.050894,-0.074510,0.070013,0.520000,1.244974,1.251060,-0.710362,-0.790923,-0.470208,-0.423818,0.232525,-0.086765,-0.221376,0.158393,-0.278428,0.323289,0.213964,0.157732,0.136124,-0.221380,0.096579,0.080415,0.223019,-0.304730
-1.085817,-1.114859,-0.007853,0.198025,-0.114378,-0.051510,-0.074238,0.070676,0.520000,1.246690,1.253054,-0.708384,-0.792224,-0.471146,-0.424894,0.230346,-0.085455,-0.221192,0.158491,-0.277730,0.330054,0.215305,0.159688,0.129359,-0.222394,0.095185,0.080622,0.222965,-0.302217
-1.085512,-1.114921,-0.008213,0.197581,-0.114715,-0.052040,-0.074088,0.071279,0.520000,1.248412,1.255309,-0.706414,-0.793685,-0.471843,-0.426151,0.227795,-0.084736,-0.220988,0.158770,-0.277091,0.337359,0.216686,0.161950,0.120745,-0.222790,0.093168,0.080770,0.222455,-0.299133
-1.085219,-1.114719,-0.007867,0.197346,-0.115074,-0.051542,-0.073923,0.071772,0.520000,1.250249,1.257431,-0.704591,-0.794680,-0.473117,-0.427433,0.222268,-0.086612,-0.220968,0.159014,-0.277108,0.345105,0.218842,0.163146,0.122529,-0.220902,0.093845,0.080387,0.224534,-0.299108
-1.085128,-1.114630,-0.007274,0.197143,-0.115319,-0.050776,-0.073992,0.072064,0.520000,1.252067,1.259340,-0.702857,-0.795485,-0.474124,-0.428501,0.216577,-0.088919,-0.220750,0.159156,-0.277225,0.352705,0.220327,0.164089,0.124072,-0.219875,0.094080,0.080353,0.225793,-0.298632
-1.085439,-1.114765,-0.006187,0.197004,-0.115340,-0.049475,-0.074529,0.071953,0.520000,1.253849,1.260825,-0.701301,-0.795910,-0.474600,-0.429140,0.210557,-0.092088,-0.220133,0.159097,-0.277543,0.360017,0.220470,0.164526,0.125135,-0.220571,0.093432,0.081016,0.225415,-0.297250
-1.085189,-1.114392,-0.005204,0.196848,-0.115485,-0.048276,-0.075007,0.071754,0.520000,1.254943,1.261963,-0.699432,-0.796010,-0.475214,-0.430012,0.204212,-0.095573,-0.220516,0.158869,-0.277573,0.366617,0.220204,0.164693,0.129794,-0.219520,0.093859,0.080987,0.223975,-0.298030
-1.084659,-1.113764,-0.004274,0.196684,-0.115692,-0.047128,-0.075455,0.071512,0.520000,1.255694,1.262927,-0.697406,-0.795947,-0.475896,-0.431001,0.197705,-0.099215,-0.221398,0.158556,-0.277460,0.372861,0.219734,0.164727,0.136251,-0.217595,0.094824,0.080611,0.222004,-0.299892
-1.084341,-1.113051,-0.003728,0.196506,-0.115944,-0.045962,-0.076103,0.070789,0.520000,1.255561,1.263113,-0.696178,-0.795608,-0.475663,-0.431284,0.191502,-0.102636,-0.221526,0.158387,-0.275508,0.376099,0.219501,0.163581,0.136044,-0.218313,0.094186,0.080973,0.219117,-0.296967
-1.084086,-1.112453,-0.003460,0.196229,-0.116277,-0.045166,-0.076631,0.070169,0.520000,1.255179,1.263102,-0.694693,-0.795147,-0.475292,-0.431513,0.185607,-0.105819,-0.221399,0.158082,-0.272776,0.378603,0.218974,0.161857,0.136809,-0.218533,0.093494,0.080813,0.216692,-0.294975
-1.083961,-1.112087,-0.003749,0.195756,-0.116773,-0.045113,-0.076920,0.069757,0.520000,1.254299,1.262697,-0.692694,-0.794443,-0.474646,-0.431630,0.180324,-0.108526,-0.220761,0.157503,-0.268484,0.379639,0.217861,0.158975,0.139518,-0.217759,0.092696,0.079607,0.215192,-0.294848
-1.083226,-1.111177,-0.004280,0.195176,-0.117438,-0.045191,-0.077223,0.069134,0.520000,1.252783,1.261850,-0.690313,-0.793353,-0.473886,-0.431708,0.175606,-0.110615,-0.221395,0.157381,-0.263454,0.379165,0.216450,0.155935,0.140636,-0.216706,0.093055,0.079921,0.215321,-0.295029
-1.082187,-1.109997,-0.004933,0.194542,-0.118188,-0.045334,-0.077533,0.068405,0.520000,1.250949,1.260782,-0.687741,-0.792070,-0.473070,-0.431767,0.171170,-0.112394,-0.222665,0.157489,-0.258057,0.377937,0.214892,0.152817,0.140959,-0.215514,0.093993,0.080995,0.216265,-0.295363
-1.081168,-1.108510,-0.004706,0.194789,-0.118072,-0.044751,-0.078033,0.067538,0.520000,1.249598,1.259422,-0.685168,-0.789755,-0.472455,-0.431401,0.167426,-0.114188,-0.222293,0.157435,-0.252755,0.375376,0.215008,0.150138,0.138056,-0.215829,0.093076,0.082163,0.217284,-0.296728
-1.080185,-1.107216,-0.004474,0.194990,-0.117968,-0.044060,-0.078498,0.066688,0.520000,1.248095,1.258082,-0.682714,-0.787417,-0.471809,-0.430988,0.164266,-0.115746,-0.222240,0.156885,-0.248154,0.372498,0.215001,0.148201,0.135319,-0.215989,0.092733,0.082758,0.218461,-0.297836
-1.079274,-1.106308,-0.004231,0.195098,-0.117890,-0.043152,-0.078893,0.065872,0.520000,1.246290,1.256783,-0.680494,-0.785031,-0.471104,-0.430482,0.162274,-0.116832,-0.222827,0.155343,-0.244957,0.368983,0.214750,0.147746,0.132914,-0.215839,0.093539,0.082205,0.219953,-0.298430
-1.078512,-1.105537,-0.003849,0.195004,-0.118007,-0.042307,-0.079072,0.065276,0.520000,1.244202,1.255270,-0.678900,-0.782643,-0.470117,-0.429939,0.161075,-0.117891,-0.223522,0.155021,-0.243448,0.365229,0.215046,0.147871,0.124395,-0.215035,0.092985,0.081380,0.221822,-0.300373
-1.077824,-1.104833,-0.003396,0.194808,-0.118222,-0.041495,-0.079142,0.064790,0.520000,1.241972,1.253650,-0.677617,-0.780253,-0.468987,-0.429377,0.160271,-0.118937,-0.224273,0.155310,-0.242785,0.361356,0.215615,0.148285,0.112820,-0.213906,0.091752,0.080420,0.223880,-0.302990
-1.077541,-1.104435,-0.002986,0.194307,-0.118656,-0.040415,-0.079443,0.064061,0.520000,1.239596,1.251878,-0.677180,-0.777647,-0.467694,-0.428703,0.160548,-0.120021,-0.223928,0.154586,-0.244927,0.357201,0.217014,0.148414,0.106461,-0.214807,0.091521,0.081542,0.226039,-0.301123
-1.077170,-1.103968,-0.002438,0.193992,-0.118944,-0.039261,-0.079652,0.063387,0.520000,1.237158,1.249993,-0.676851,-0.774931,-0.466335,-0.427832,0.161253,-0.120950,-0.223654,0.153964,-0.247233,0.353216,0.218442,0.148831,0.101106,-0.215137,0.090832,0.082058,0.226493,-0.300244
-1.076623,-1.103362,-0.001614,0.194048,-0.118938,-0.037959,-0.079678,0.062822,0.520000,1.234596,1.247881,-0.676741,-0.771995,-0.464842,-0.426570,0.162813,-0.121569,-0.223523,0.153543,-0.249866,0.349570,0.219925,0.149826,0.097759,-0.214323,0.089225,0.081365,0.223537,-0.301343
-1.076135,-1.102778,-0.000682,0.194192,-0.118830,-0.036765,-0.079895,0.062058,0.520000,1.231803,1.245482,-0.677042,-0.769292,-0.463514,-0.425463,0.165354,-0.121668,-0.224433,0.153341,-0.252506,0.346167,0.221033,0.150232,0.096920,-0.213562,0.089145,0.081175,0.221508,-0.302211
-1.075677,-1.102203,0.000303,0.194381,-0.118670,-0.035624,-0.080209,0.061194,0.520000,1.228894,1.242940,-0.677548,-0.766706,-0.462269,-0.424435,0.168385,-0.121509,-0.225864,0.153248,-0.255150,0.342886,0.221953,0.150343,0.097334,-0.212829,0.089828,0.081237,0.219942,-0.302963
-1.076041,-1.102198,0.000577,0.194411,-0.118691,-0.035090,-0.080375,0.060482,0.520000,1.226410,1.240317,-0.678172,-0.764900,-0.460680,-0.423300,0.172000,-0.120472,-0.225495,0.153708,-0.256742,0.340388,0.222335,0.150408,0.098640,-0.212856,0.091532,0.080652,0.222942,-0.303066
-1.076241,-1.102267,0.000702,0.194416,-0.118757,-0.034863,-0.080381,0.059941,0.520000,1.223944,1.237995,-0.678906,-0.763206,-0.459263,-0.422200,0.175706,-0.119195,-0.225524,0.153728,-0.257528,0.338003,0.222619,0.150254,0.098245,-0.213607,0.092246,0.080789,0.224637,-0.302556
-1.076112,-1.102484,0.000527,0.194370,-0.118911,-0.035247,-0.080065,0.059744,0.520000,1.221510,1.236276,-0.679857,-0.761740,-0.458192,-0.421168,0.179593,-0.117438,-0.226351,0.152869,-0.256705,0.335844,0.222705,0.149660,0.094451,-0.215804,0.090982,0.082370,0.223722,-0.300819
-1.076101,-1.102858,-0.000137,0.193790,-0.119382,-0.036129,-0.079635,0.059886,0.520000,1.219334,1.234903,-0.680821,-0.760892,-0.456910,-0.420441,0.183525,-0.115173,-0.226643,0.152759,-0.254782,0.334311,0.222730,0.149649,0.095081,-0.217135,0.092056,0.082945,0.224649,-0.300797
-1.076149,-1.103312,-0.001047,0.192942,-0.120011,-0.037259,-0.079149,0.060199,0.520000,1.217287,1.233703,-0.681792,-0.760354,-0.455524,-0.419866,0.187480,-0.112654,-0.226668,0.153025,-0.252309,0.333093,0.222723,0.149929,0.097923,-0.218035,0.094299,0.083016,0.226498,-0.301632
-1.076708,-1.103772,-0.001258,0.193254,-0.119735,-0.037628,-0.079150,0.059941,0.520000,1.216428,1.232705,-0.682976,-0.760365,-0.455027,-0.419333,0.190386,-0.110316,-0.226236,0.152733,-0.249236,0.332043,0.222508,0.150174,0.091461,-0.218489,0.094161,0.082360,0.229264,-0.302069
-1.077257,-1.104183,-0.001215,0.193736,-0.119312,-0.037751,-0.079220,0.059618,0.520000,1.215693,1.231670,-0.684270,-0.760475,-0.454654,-0.418762,0.192902,-0.108209,-0.225925,0.152493,-0.246224,0.330941,0.222348,0.150435,0.084999,-0.219116,0.094151,0.081974,0.231748,-0.302201
-1.077788,-1.104492,-0.000665,0.194558,-0.118591,-0.037382,-0.079428,0.059166,0.520000,1.215204,1.230559,-0.685784,-0.760787,-0.454528,-0.418116,0.194638,-0.106560,-0.225855,0.152354,-0.243335,0.329735,0.222299,0.150730,0.078536,-0.220086,0.094396,0.082125,0.233667,-0.301724
-1.078603,-1.105083,-0.000363,0.194810,-0.118286,-0.037040,-0.079789,0.058707,0.520000,1.214502,1.229677,-0.687531,-0.761389,-0.454111,-0.417596,0.195986,-0.105246,-0.226257,0.151813,-0.240780,0.328275,0.222116,0.150734,0.076617,-0.219717,0.094169,0.081796,0.234831,-0.301336
-1.079559,-1.105815,-0.000184,0.194777,-0.118189,-0.036712,-0.080227,0.058244,0.520000,1.213694,1.228908,-0.689395,-0.762138,-0.453548,-0.417139,0.197139,-0.104100,-0.226895,0.151070,-0.238394,0.326687,0.221867,0.150591,0.076970,-0.218678,0.093706,0.081226,0.235617,-0.300993
-1.081289,-1.107125,-0.000728,0.194519,-0.118591,-0.036883,-0.080449,0.057678,0.520000,1.212726,1.227802,-0.691269,-0.763427,-0.452948,-0.416733,0.198482,-0.102551,-0.226773,0.151701,-0.236652,0.324553,0.220151,0.149831,0.068603,-0.220455,0.092291,0.082483,0.235968,-0.300443
-1.083361,-1.108752,-0.001238,0.194359,-0.118810,-0.037043,-0.080721,0.057163,0.520000,1.211896,1.226688,-0.693314,-0.765000,-0.452373,-0.416199,0.199871,-0.101078,-0.226514,0.152206,-0.235238,0.322648,0.217998,0.148935,0.058735,-0.221008,0.092215,0.083444,0.236586,-0.300753
-1.086117,-1.111011,-0.001680,0.194398,-0.118665,-0.037183,-0.081096,0.056748,0.520000,1.211343,1.225557,-0.695700,-0.767141,-0.451850,-0.415405,0.201351,-0.099757,-0.225982,0.152459,-0.234479,0.321200,0.214971,0.147768,0.045864,-0.219113,0.094816,0.083815,0.237737,-0.302784
-1.088977,-1.113614,-0.002513,0.194435,-0.118557,-0.037580,-0.081237,0.056515,0.520000,1.210884,1.224833,-0.697913,-0.769632,-0.451347,-0.414972,0.203471,-0.098547,-0.225932,0.152393,-0.234434,0.320324,0.211325,0.146589,0.026885,-0.217327,0.093430,0.082475,0.238555,-0.303940
-1.091889,-1.116387,-0.003542,0.194472,-0.118469,-0.038107,-0.081261,0.056375,0.520000,1.210472,1.224313,-0.700041,-0.772298,-0.450855,-0.414719,0.205912,-0.097392,-0.226122,0.152167,-0.234746,0.319735,0.207371,0.145402,0.004853,-0.215596,0.090050,0.080281,0.239207,-0.304657
-1.094661,-1.118844,-0.004107,0.194785,-0.118280,-0.038360,-0.081791,0.055845,0.520000,1.211133,1.224632,-0.702614,-0.774866,-0.450996,-0.414354,0.208480,-0.097282,-0.226268,0.151244,-0.238180,0.319701,0.203562,0.143646,0.004468,-0.217142,0.090455,0.081272,0.240654,-0.302633
-1.096973,-1.120937,-0.004965,0.194799,-0.118359,-0.038778,-0.082091,0.055606,0.520000,1.211940,1.225134,-0.705029,-0.777541,-0.451277,-0.414358,0.211210,-0.097528,-0.226090,0.150896,-0.241409,0.320255,0.200122,0.142132,0.005554,-0.218216,0.090673,0.082007,0.240903,-0.301310
-1.098364,-1.122304,-0.006408,0.194217,-0.118972,-0.039528,-0.081934,0.055947,0.520000,1.213041,1.226003,-0.707127,-0.780428,-0.451840,-0.415100,0.214264,-0.098488,-0.225266,0.151697,-0.244228,0.321985,0.197420,0.141103,0.009581,-0.218346,0.090515,0.082231,0.238758,-0.301390
-1.099023,-1.123152,-0.007525,0.193883,-0.119330,-0.040331,-0.081455,0.056575,0.520000,1.214257,1.227158,-0.709591,-0.783244,-0.452578,-0.415814,0.217283,-0.100011,-0.224748,0.152098,-0.246952,0.323686,0.195477,0.140695,0.010436,-0.218275,0.090591,0.082819,0.236573,-0.301111
-1.099317,-1.123740,-0.008479,0.193672,-0.119561,-0.041162,-0.080816,0.057348,0.520000,1.215530,1.228456,-0.712237,-0.786024,-0.453402,-0.416514,0.220285,-0.101816,-0.224383,0.152300,-0.249627,0.325372,0.193914,0.140597,0.009706,-0.218104,0.090783,0.083588,0.234368,-0.300652
-1.098705,-1.123913,-0.009088,0.194036,-0.119210,-0.042233,-0.079862,0.058509,0.520000,1.216666,1.229457,-0.714724,-0.788661,-0.454250,-0.416833,0.223358,-0.103898,-0.224369,0.152576,-0.252652,0.327513,0.193493,0.141525,0.009643,-0.217201,0.090404,0.082520,0.236240,-0.300261
-1.097741,-1.123734,-0.009680,0.194508,-0.118792,-0.043419,-0.078780,0.059736,0.520000,1.217800,1.230391,-0.716929,-0.791157,-0.455249,-0.417146,0.226446,-0.106028,-0.224069,0.152818,-0.255033,0.329610,0.193188,0.142464,0.011180,-0.216709,0.090718,0.082023,0.237164,-0.300238
-1.096069,-1.122854,-0.010237,0.195197,-0.118238,-0.044838,-0.077440,0.061093,0.520000,1.218925,1.231190,-0.718570,-0.793371,-0.456553,-0.417449,0.229562,-0.108252,-0.223197,0.152989,-0.256127,0.331621,0.193116,0.143425,0.015917,-0.217039,0.092418,0.082666,0.236193,-0.300954
-1.093286,-1.121167,-0.011304,0.195733,-0.117861,-0.046887,-0.075769,0.062652,0.520000,1.219420,1.231726,-0.719838,-0.795341,-0.457628,-0.418046,0.232692,-0.109714,-0.222911,0.153733,-0.256897,0.333811,0.194028,0.145027,0.013295,-0.216935,0.090747,0.083104,0.236231,-0.301984
-1.089947,-1.119076,-0.012625,0.196192,-0.117572,-0.049251,-0.073933,0.064313,0.520000,1.219599,1.232129,-0.720918,-0.797188,-0.458587,-0.418790,0.235830,-0.110795,-0.222918,0.154763,-0.257505,0.336092,0.195432,0.146950,0.006994,-0.216616,0.087391,0.083441,0.236774,-0.303172
-1.086729,-1.116901,-0.014678,0.196506,-0.117291,-0.051896,-0.072446,0.065732,0.520000,1.219799,1.232561,-0.721538,-0.798704,-0.459415,-0.419115,0.239160,-0.110678,-0.222547,0.154780,-0.258480,0.338345,0.198125,0.149536,0.006440,-0.215217,0.087788,0.084102,0.240035,-0.303213
-1.083915,-1.115151,-0.016636,0.196826,-0.116995,-0.054445,-0.070936,0.067148,0.520000,1.219802,1.232858,-0.722245,-0.800225,-0.460069,-0.419307,0.242267,-0.110306,-0.222426,0.154724,-0.259546,0.340410,0.200185,0.152004,0.005672,-0.213599,0.088751,0.084289,0.242086,-0.302925
-1.081908,-1.114248,-0.018406,0.197159,-0.116668,-0.056801,-0.069380,0.068556,0.520000,1.219413,1.232886,-0.723123,-0.801760,-0.460375,-0.419233,0.244928,-0.109425,-0.222806,0.154526,-0.260796,0.342096,0.200976,0.154235,0.004477,-0.211541,0.090845,0.083526,0.241715,-0.301980
-1.081099,-1.114078,-0.020009,0.197336,-0.116548,-0.058736,-0.068173,0.069607,0.520000,1.219167,1.232644,-0.724083,-0.802683,-0.460539,-0.419180,0.246290,-0.108522,-0.222138,0.154808,-0.262123,0.343736,0.200923,0.155465,-0.003178,-0.210064,0.091400,0.082589,0.242672,-0.302473
-1.080888,-1.114273,-0.021529,0.197436,-0.116531,-0.060460,-0.067142,0.070481,0.520000,1.218993,1.232268,-0.725082,-0.803301,-0.460633,-0.419137,0.247001,-0.107608,-0.220946,0.155331,-0.263488,0.345352,0.200448,0.156195,-0.014063,-0.208878,0.091184,0.081566,0.244293,-0.303685
-1.081345,-1.114914,-0.022889,0.197676,-0.116141,-0.061688,-0.066992,0.070764,0.520000,1.219205,1.232143,-0.725180,-0.803577,-0.461002,-0.418864,0.246975,-0.104978,-0.221392,0.155306,-0.266255,0.347210,0.198415,0.156770,-0.030207,-0.209492,0.088998,0.082113,0.245744,-0.304523
-1.081496,-1.115229,-0.024356,0.197956,-0.115794,-0.062960,-0.066691,0.071149,0.520000,1.219567,1.232144,-0.724948,-0.803529,-0.461455,-0.418765,0.246687,-0.101904,-0.221539,0.155463,-0.268882,0.349217,0.196142,0.157600,-0.043619,-0.209959,0.088155,0.082377,0.246849,-0.304417
-1.081035,-1.114893,-0.026039,0.198315,-0.115529,-0.064321,-0.066087,0.071739,0.520000,1.220228,1.232397,-0.724055,-0.802832,-0.462078,-0.419013,0.245877,-0.097941,-0.221088,0.155982,-0.271228,0.351520,0.193390,0.158942,-0.051569,-0.210134,0.089997,0.082077,0.247260,-0.302423
-1.080516,-1.114649,-0.027427,0.198503,-0.115370,-0.066011,-0.065656,0.072254,0.520000,1.221088,1.233088,-0.723052,-0.801766,-0.462806,-0.419311,0.244132,-0.093116,-0.220842,0.156047,-0.273867,0.353492,0.191705,0.160107,-0.052802,-0.211105,0.089692,0.082044,0.247757,-0.301249
-1.079968,-1.114453,-0.028667,0.198606,-0.115264,-0.067867,-0.065313,0.072733,0.520000,1.222046,1.233999,-0.721993,-0.800516,-0.463586,-0.419633,0.241919,-0.087861,-0.220698,0.155885,-0.276652,0.355298,0.190553,0.161184,-0.050678,-0.212474,0.088314,0.082145,0.248299,-0.300485
-1.079460,-1.114158,-0.029642,0.198837,-0.115115,-0.069052,-0.064854,0.073270,0.520000,1.223005,1.234794,-0.720743,-0.799033,-0.464355,-0.420388,0.238375,-0.081752,-0.220592,0.156499,-0.278209,0.355956,0.189771,0.161801,-0.047633,-0.213688,0.088132,0.082293,0.245727,-0.298990
-1.079064,-1.113931,-0.030511,0.199138,-0.114889,-0.070113,-0.064488,0.073731,0.520000,1.223959,1.235484,-0.719564,-0.797471,-0.465167,-0.421027,0.234666,-0.075316,-0.220469,0.156942,-0.279482,0.356394,0.189313,0.162215,-0.045482,-0.214773,0.087570,0.082865,0.243885,-0.297662
-1.078891,-1.113842,-0.031167,0.199577,-0.114505,-0.070929,-0.064309,0.074039,0.520000,1.224900,1.235966,-0.718525,-0.795754,-0.466067,-0.421433,0.230626,-0.068225,-0.220311,0.157043,-0.280185,0.356391,0.189506,0.162221,-0.045117,-0.215601,0.086247,0.084286,0.243505,-0.296668
-1.078665,-1.113851,-0.031767,0.199805,-0.114334,-0.071534,-0.064160,0.074242,0.520000,1.225580,1.236665,-0.717262,-0.794312,-0.466749,-0.421885,0.226562,-0.061008,-0.220559,0.156477,-0.280899,0.356441,0.189684,0.162901,-0.043228,-0.215794,0.085454,0.083103,0.243255,-0.296286
-1.078411,-1.113910,-0.032339,0.199929,-0.114269,-0.072035,-0.064027,0.074393,0.520000,1.226129,1.237473,-0.715886,-0.793008,-0.467324,-0.422362,0.222488,-0.053729,-0.221011,0.155578,-0.281619,0.356517,0.189855,0.163918,-0.040578,-0.215669,0.084928,0.080617,0.243071,-0.296211
-1.077360,-1.112947,-0.032913,0.199717,-0.114543,-0.072562,-0.063714,0.074747,0.520000,1.226516,1.237845,-0.714599,-0.792461,-0.467790,-0.422831,0.218312,-0.047215,-0.220623,0.156335,-0.281419,0.357816,0.190403,0.164994,-0.040136,-0.218329,0.086230,0.080946,0.241871,-0.295637
-1.076466,-1.112094,-0.033214,0.199695,-0.114668,-0.072900,-0.063456,0.074940,0.520000,1.226730,1.237929,-0.713551,-0.792366,-0.468193,-0.423143,0.214201,-0.041275,-0.220313,0.156849,-0.280962,0.359492,0.191152,0.165860,-0.039197,-0.220552,0.087050,0.081233,0.240848,-0.294787
-1.075887,-1.111464,-0.032969,0.200054,-0.114497,-0.072860,-0.063311,0.074814,0.520000,1.226597,1.237435,-0.712979,-0.793173,-0.468468,-0.423140,0.210221,-0.036483,-0.220158,0.156876,-0.279992,0.361922,0.192302,0.166304,-0.037261,-0.221903,0.086909,0.081432,0.240178,-0.293387
-1.075784,-1.111283,-0.032478,0.200208,-0.114384,-0.072691,-0.063119,0.074830,0.520000,1.226085,1.236635,-0.712570,-0.794649,-0.468372,-0.422786,0.206651,-0.033193,-0.219903,0.156975,-0.279417,0.364738,0.193096,0.166330,-0.037245,-0.221767,0.085563,0.081578,0.240867,-0.292607
-1.075919,-1.111327,-0.031865,0.200258,-0.114301,-0.072458,-0.062905,0.074917,0.520000,1.225383,1.235682,-0.712243,-0.796458,-0.468091,-0.422256,0.203285,-0.030655,-0.219599,0.157110,-0.279040,0.367748,0.193712,0.166147,-0.038190,-0.220889,0.083615,0.081696,0.242234,-0.292137
-1.076124,-1.111492,-0.031531,0.200070,-0.114555,-0.072088,-0.062869,0.074723,0.520000,1.224437,1.234899,-0.711661,-0.798750,-0.467648,-0.421902,0.201072,-0.029769,-0.220033,0.156984,-0.278740,0.372383,0.193345,0.165733,-0.038147,-0.222381,0.082004,0.081053,0.242240,-0.292330
-1.076253,-1.111536,-0.031132,0.199923,-0.114717,-0.071837,-0.062798,0.074598,0.520000,1.223550,1.233990,-0.711188,-0.801340,-0.467249,-0.421519,0.199151,-0.029265,-0.220221,0.157080,-0.278578,0.377046,0.193235,0.165437,-0.037778,-0.223367,0.080683,0.080122,0.242093,-0.292317
-1.076232,-1.111339,-0.030602,0.199855,-0.114698,-0.071822,-0.062659,0.074613,0.520000,1.222780,1.232828,-0.710933,-0.804527,-0.466938,-0.421075,0.197812,-0.029524,-0.219917,0.157622,-0.278693,0.381767,0.193637,0.165376,-0.036755,-0.223343,0.079943,0.078612,0.241640,-0.291893
-1.075984,-1.111154,-0.030364,0.199624,-0.115000,-0.071843,-0.062271,0.074730,0.520000,1.221881,1.232173,-0.710634,-0.807566,-0.466594,-0.420838,0.196743,-0.030710,-0.219592,0.157462,-0.278688,0.386800,0.193994,0.164695,-0.035723,-0.221737,0.078449,0.078547,0.241414,-0.290584
-1.075622,-1.110975,-0.030272,0.199311,-0.115462,-0.071881,-0.061760,0.074899,0.520000,1.220917,1.231771,-0.710314,-0.810530,-0.466233,-0.420705,0.195808,-0.032360,-0.219255,0.156952,-0.278623,0.391989,0.194327,0.163704,-0.034687,-0.219342,0.076579,0.079203,0.241301,-0.288833
-1.075556,-1.110719,-0.029111,0.198969,-0.115814,-0.070854,-0.061842,0.074725,0.520000,1.220322,1.230893,-0.710286,-0.812772,-0.465948,-0.420505,0.195380,-0.035524,-0.219359,0.157800,-0.279393,0.396798,0.194640,0.162826,-0.033452,-0.219489,0.074435,0.079112,0.238374,-0.289110
-1.075693,-1.110655,-0.027792,0.198811,-0.115995,-0.069721,-0.061949,0.074495,0.520000,1.219756,1.230077,-0.710286,-0.814666,-0.465649,-0.420203,0.194871,-0.038844,-0.219452,0.158174,-0.280200,0.401466,0.194878,0.161859,-0.032475,-0.219563,0.072237,0.078804,0.235658,-0.289316
-1.076237,-1.110978,-0.026153,0.199019,-0.115835,-0.068378,-0.062109,0.074153,0.520000,1.219245,1.229385,-0.710340,-0.815862,-0.465320,-0.419695,0.194200,-0.042478,-0.219520,0.157599,-0.281082,0.405852,0.194966,0.160715,-0.032014,-0.219488,0.069931,0.078062,0.233366,-0.289380
-1.076566,-1.110932,-0.024358,0.199195,-0.115826,-0.066714,-0.062262,0.073756,0.520000,1.218864,1.228691,-0.710246,-0.816244,-0.465192,-0.419690,0.193356,-0.046070,-0.219573,0.157829,-0.281912,0.409275,0.194847,0.159569,-0.029963,-0.217394,0.068123,0.076965,0.229074,-0.288714
-1.076787,-1.110702,-0.022483,0.199355,-0.115891,-0.064889,-0.062412,0.073331,0.520000,1.218550,1.227994,-0.710078,-0.816219,-0.465165,-0.419937,0.192427,-0.049641,-0.219619,0.158461,-0.282715,0.412217,0.194624,0.158422,-0.027119,-0.214289,0.066563,0.075690,0.223781,-0.287683
-1.076396,-1.110167,-0.021618,0.199071,-0.116001,-0.064011,-0.062651,0.073172,0.520000,1.218402,1.227886,-0.709392,-0.815466,-0.465298,-0.419899,0.191782,-0.051479,-0.219491,0.158051,-0.283322,0.414390,0.194911,0.158136,-0.027786,-0.214593,0.062071,0.075297,0.221205,-0.287533
-1.075927,-1.109606,-0.020867,0.198796,-0.116198,-0.063261,-0.062859,0.072995,0.520000,1.218217,1.227859,-0.708543,-0.814364,-0.465435,-0.419985,0.191284,-0.052827,-0.219535,0.157630,-0.283802,0.416092,0.195001,0.157853,-0.028807,-0.214601,0.058187,0.075021,0.218791,-0.287531
-1.075303,-1.108991,-0.020346,0.198540,-0.116571,-0.062769,-0.063002,0.072782,0.520000,1.217957,1.227993,-0.707371,-0.812567,-0.465577,-0.420319,0.191078,-0.053195,-0.219922,0.157186,-0.284028,0.416851,0.194697,0.157577,-0.030534,-0.214018,0.055518,0.074980,0.216702,-0.287828
-1.074795,-1.108372,-0.019921,0.198275,-0.116907,-0.062315,-0.063069,0.072662,0.520000,1.217852,1.227929,-0.706158,-0.810135,-0.465692,-0.420612,0.190629,-0.053262,-0.219805,0.157236,-0.284159,0.417085,0.194153,0.156955,-0.035241,-0.214701,0.053656,0.075899,0.214376,-0.287812
-1.074346,-1.107752,-0.019544,0.198006,-0.117225,-0.061879,-0.063097,0.072588,0.520000,1.217825,1.227766,-0.704925,-0.807386,-0.465793,-0.420885,0.190057,-0.053177,-0.219436,0.157532,-0.284244,0.417056,0.193491,0.156161,-0.041439,-0.216019,0.052197,0.077298,0.211930,-0.287639
-1.073953,-1.107083,-0.018639,0.198432,-0.117046,-0.060739,-0.063308,0.071980,0.520000,1.217359,1.227227,-0.704316,-0.804490,-0.466163,-0.421115,0.188680,-0.052371,-0.220417,0.157373,-0.285376,0.416411,0.192985,0.155764,-0.046375,-0.215378,0.051421,0.077762,0.211657,-0.288680
-1.073588,-1.106412,-0.017791,0.198826,-0.116833,-0.059699,-0.063602,0.071381,0.520000,1.216926,1.226621,-0.703833,-0.801654,-0.466309,-0.421173,0.187286,-0.051276,-0.221013,0.157010,-0.286369,0.415612,0.192623,0.155603,-0.050501,-0.214644,0.049801,0.077911,0.210860,-0.289420
-1.073279,-1.105738,-0.017054,0.199158,-0.116550,-0.058861,-0.064062,0.070799,0.520000,1.216560,1.225879,-0.703603,-0.798938,-0.466009,-0.420886,0.185858,-0.049603,-0.220839,0.156235,-0.287087,0.414504,0.192549,0.155914,-0.053006,-0.213723,0.046493,0.077429,0.209017,-0.289561
-1.073109,-1.105315,-0.017128,0.199028,-0.116728,-0.058735,-0.064292,0.070391,0.520000,1.215886,1.225109,-0.703339,-0.796647,-0.465695,-0.420771,0.184687,-0.047517,-0.220702,0.156172,-0.287645,0.413940,0.192058,0.155944,-0.051003,-0.213760,0.045220,0.077235,0.207665,-0.289046
-1.073009,-1.105016,-0.017608,0.198668,-0.117138,-0.058965,-0.064407,0.070070,0.520000,1.215058,1.224323,-0.703059,-0.794569,-0.465376,-0.420742,0.183643,-0.045225,-0.220584,0.156464,-0.288122,0.413648,0.191357,0.155833,-0.046748,-0.214278,0.044964,0.077186,0.206558,-0.288202
-1.072864,-1.104972,-0.018211,0.198603,-0.117385,-0.059668,-0.063604,0.070419,0.520000,1.213999,1.223354,-0.703264,-0.793320,-0.465050,-0.420632,0.182725,-0.042736,-0.220091,0.157134,-0.286623,0.413152,0.190227,0.155063,-0.041510,-0.217374,0.045677,0.077554,0.202297,-0.287527
-1.072780,-1.104979,-0.018659,0.198497,-0.117580,-0.060164,-0.063118,0.070574,0.520000,1.213008,1.222476,-0.703282,-0.792055,-0.464738,-0.420453,0.181751,-0.040344,-0.219825,0.157418,-0.284955,0.412135,0.188344,0.154219,-0.034120,-0.219628,0.045788,0.077993,0.198392,-0.287046
-1.072815,-1.105086,-0.018798,0.198305,-0.117670,-0.060246,-0.063264,0.070340,0.520000,1.212152,1.221784,-0.702926,-0.790761,-0.464454,-0.420134,0.180663,-0.038146,-0.220013,0.156934,-0.282949,0.410079,0.184956,0.153226,-0.022427,-0.220197,0.044693,0.078575,0.195200,-0.286954
-1.072402,-1.104667,-0.018955,0.198409,-0.117586,-0.060410,-0.063086,0.070250,0.520000,1.211141,1.220785,-0.701888,-0.789294,-0.464143,-0.419865,0.179580,-0.036182,-0.220132,0.156555,-0.280399,0.407773,0.180127,0.153023,-0.019040,-0.217757,0.044179,0.077504,0.192491,-0.287960
-1.071766,-1.103984,-0.019121,0.198659,-0.117413,-0.060614,-0.062746,0.070231,0.520000,1.210054,1.219632,-0.700509,-0.787740,-0.463817,-0.419620,0.178500,-0.034336,-0.220216,0.156229,-0.277576,0.405341,0.174578,0.153215,-0.019805,-0.213813,0.043955,0.075607,0.190025,-0.289515
-1.071769,-1.103694,-0.019186,0.198924,-0.117297,-0.060517,-0.062884,0.069755,0.520000,1.209230,1.218242,-0.698833,-0.786991,-0.463461,-0.418935,0.177998,-0.033265,-0.219791,0.156662,-0.276592,0.403524,0.166629,0.153698,-0.021568,-0.218467,0.044527,0.078325,0.187004,-0.288384
-1.071959,-1.103582,-0.019368,0.199081,-0.117310,-0.060487,-0.062923,0.069330,0.520000,1.208291,1.216872,-0.697453,-0.786571,-0.463071,-0.418435,0.177539,-0.032444,-0.219456,0.157139,-0.275722,0.401902,0.158884,0.154066,-0.020518,-0.221115,0.044358,0.079843,0.183006,-0.288042
-1.072523,-1.103825,-0.019782,0.199024,-0.117583,-0.060591,-0.062761,0.069006,0.520000,1.207121,1.215544,-0.696665,-0.786808,-0.462614,-0.418307,0.177163,-0.032126,-0.219301,0.157702,-0.275081,0.400670,0.151546,0.154204,-0.013841,-0.219750,0.042705,0.078962,0.177053,-0.289276
-1.072482,-1.103674,-0.020316,0.198501,-0.118106,-0.060533,-0.062778,0.068727,0.520000,1.205966,1.214712,-0.696124,-0.787081,-0.461959,-0.418084,0.176541,-0.031947,-0.219454,0.157337,-0.275274,0.399049,0.145224,0.154595,-0.005585,-0.220524,0.039930,0.079203,0.172288,-0.289718
-1.072137,-1.103326,-0.020909,0.197747,-0.118754,-0.060394,-0.062884,0.068470,0.520000,1.204819,1.214128,-0.695706,-0.787373,-0.461205,-0.417815,0.175796,-0.031838,-0.219762,0.156507,-0.275883,0.397232,0.139408,0.155112,0.003462,-0.222367,0.036594,0.080007,0.168117,-0.289765
-1.071859,-1.103070,-0.021034,0.197684,-0.118818,-0.060383,-0.062362,0.068742,0.520000,1.203874,1.213188,-0.696162,-0.788104,-0.460687,-0.417602,0.175162,-0.032331,-0.219161,0.156446,-0.276471,0.395152,0.136485,0.155906,0.013411,-0.223348,0.034406,0.080958,0.166063,-0.287779
-1.071688,-1.102902,-0.020901,0.197592,-0.118908,-0.060132,-0.062042,0.068883,0.520000,1.203073,1.212396,-0.696868,-0.788713,-0.460292,-0.417396,0.174577,-0.033155,-0.218866,0.156446,-0.276622,0.393056,0.134196,0.156478,0.022498,-0.223924,0.031805,0.081389,0.162406,-0.286794
-1.071730,-1.102906,-0.020252,0.197440,-0.119048,-0.059397,-0.062125,0.068761,0.520000,1.202560,1.211901,-0.698073,-0.789078,-0.460146,-0.417202,0.174092,-0.034637,-0.219184,0.156565,-0.275897,0.390931,0.133179,0.156605,0.029861,-0.223690,0.028381,0.080776,0.155544,-0.287808
-1.071644,-1.102689,-0.020054,0.197220,-0.119461,-0.058770,-0.062122,0.068480,0.520000,1.202230,1.211686,-0.699106,-0.789393,-0.460003,-0.417258,0.173749,-0.036305,-0.219297,0.157068,-0.274653,0.388625,0.132128,0.155885,0.038324,-0.223108,0.027327,0.080505,0.151789,-0.288339
-1.071494,-1.102360,-0.020080,0.196966,-0.120011,-0.058197,-0.062077,0.068119,0.520000,1.201992,1.211612,-0.700054,-0.789682,-0.459861,-0.417439,0.173478,-0.038065,-0.219308,0.157762,-0.273150,0.386228,0.131060,0.154741,0.047336,-0.222351,0.027460,0.080403,0.149587,-0.288627
-1.071419,-1.102319,-0.020057,0.196883,-0.120179,-0.057847,-0.061862,0.068293,0.520000,1.202064,1.211745,-0.701209,-0.790062,-0.460058,-0.417598,0.173796,-0.040070,-0.218903,0.156770,-0.270361,0.383869,0.132831,0.153694,0.048164,-0.221378,0.024684,0.078907,0.150353,-0.288187
-1.071584,-1.102444,-0.020082,0.196746,-0.120283,-0.057580,-0.061959,0.068284,0.520000,1.202195,1.211937,-0.702397,-0.790709,-0.460169,-0.417716,0.174338,-0.041938,-0.218784,0.156011,-0.267141,0.381510,0.134878,0.152442,0.046624,-0.221150,0.022592,0.078311,0.151359,-0.288195
-1.072229,-1.102904,-0.020204,0.196500,-0.120259,-0.057477,-0.062681,0.067912,0.520000,1.202442,1.212247,-0.703652,-0.791886,-0.460111,-0.417752,0.175329,-0.043536,-0.219238,0.155720,-0.263060,0.379149,0.137479,0.150782,0.040351,-0.222414,0.021867,0.079517,0.152846,-0.289103
-1.073268,-1.103174,-0.020165,0.196831,-0.120071,-0.056641,-0.063329,0.067114,0.520000,1.202838,1.211797,-0.704486,-0.793000,-0.460177,-0.417741,0.176449,-0.045434,-0.219054,0.156271,-0.259035,0.376470,0.139816,0.148918,0.036086,-0.222563,0.021739,0.079634,0.155834,-0.290084
-1.074505,-1.103348,-0.020046,0.197449,-0.119800,-0.055440,-0.063941,0.066103,0.520000,1.203309,1.210967,-0.705108,-0.794083,-0.460304,-0.417708,0.177635,-0.047484,-0.218553,0.157242,-0.255037,0.373632,0.142022,0.146952,0.032825,-0.222155,0.021910,0.079208,0.159572,-0.291100
-1.075646,-1.104265,-0.019327,0.198123,-0.119014,-0.054313,-0.064279,0.065770,0.520000,1.202971,1.209893,-0.705605,-0.794960,-0.460434,-0.416707,0.179040,-0.050090,-0.218478,0.156410,-0.250925,0.370296,0.144453,0.145457,0.031081,-0.221154,0.019201,0.078024,0.163232,-0.290946
-1.076785,-1.105196,-0.018547,0.198666,-0.118376,-0.053232,-0.064574,0.065476,0.520000,1.202609,1.208977,-0.706031,-0.795757,-0.460404,-0.415964,0.180373,-0.052774,-0.218503,0.155651,-0.247353,0.366957,0.146470,0.144131,0.027791,-0.220501,0.017162,0.077601,0.167185,-0.291020
-1.077919,-1.106155,-0.017642,0.198946,-0.118034,-0.052241,-0.064783,0.065262,0.520000,1.202196,1.208378,-0.706319,-0.796395,-0.460055,-0.415741,0.181565,-0.055614,-0.218728,0.155040,-0.244860,0.363611,0.147657,0.143144,0.021411,-0.220544,0.016463,0.078698,0.171722,-0.291547
-1.078120,-1.106237,-0.017090,0.198628,-0.118386,-0.051408,-0.064775,0.065159,0.520000,1.202054,1.208195,-0.706263,-0.796782,-0.459860,-0.416046,0.182547,-0.058377,-0.218335,0.155850,-0.243427,0.360388,0.148228,0.142783,0.017851,-0.220498,0.018088,0.079168,0.177277,-0.292150
-1.077855,-1.105880,-0.016716,0.198010,-0.119084,-0.050654,-0.064659,0.065111,0.520000,1.202049,1.208221,-0.706036,-0.797045,-0.459742,-0.416616,0.183423,-0.061101,-0.217634,0.157370,-0.242523,0.357226,0.148489,0.142735,0.015702,-0.220408,0.020875,0.079325,0.183341,-0.292789
-1.077024,-1.105571,-0.015324,0.198737,-0.118439,-0.050043,-0.064179,0.065555,0.520000,1.202233,1.208419,-0.705885,-0.797028,-0.460343,-0.416282,0.184487,-0.063791,-0.217658,0.156170,-0.241262,0.354659,0.150084,0.142921,0.016701,-0.221807,0.021231,0.080085,0.183940,-0.291738
-1.075881,-1.104913,-0.014068,0.199156,-0.117986,-0.049467,-0.063838,0.065941,0.520000,1.202284,1.208621,-0.705610,-0.796895,-0.460757,-0.416090,0.185617,-0.066299,-0.217963,0.155516,-0.240420,0.352219,0.151714,0.143241,0.016231,-0.222557,0.021750,0.080469,0.184510,-0.291536
-1.074113,-1.103559,-0.013084,0.198960,-0.117914,-0.048960,-0.063773,0.066210,0.520000,1.202071,1.208831,-0.705086,-0.796530,-0.460798,-0.416181,0.186878,-0.068441,-0.218828,0.155955,-0.240418,0.350031,0.153415,0.143829,0.012819,-0.222008,0.022596,0.080103,0.185022,-0.293029
-1.072668,-1.101972,-0.012549,0.198959,-0.118076,-0.048318,-0.063737,0.066001,0.520000,1.201788,1.208530,-0.704708,-0.796309,-0.460843,-0.416615,0.188088,-0.070256,-0.218422,0.156414,-0.240786,0.347382,0.154724,0.144045,0.012677,-0.221360,0.026348,0.080539,0.187315,-0.293679
-1.071385,-1.100269,-0.012239,0.199056,-0.118355,-0.047607,-0.063716,0.065554,0.520000,1.201470,1.207974,-0.704404,-0.796160,-0.460891,-0.417221,0.189273,-0.071908,-0.217382,0.156885,-0.241338,0.344502,0.155836,0.144075,0.014168,-0.220664,0.031553,0.081375,0.190499,-0.293908
-1.071326,-1.100540,-0.012321,0.199107,-0.118186,-0.047838,-0.063486,0.065681,0.520000,1.200374,1.207398,-0.704170,-0.795860,-0.460486,-0.416718,0.190509,-0.072816,-0.217870,0.155649,-0.241207,0.342114,0.156781,0.143046,0.012223,-0.221365,0.036755,0.080898,0.200124,-0.294156
-1.071332,-1.100626,-0.012638,0.198865,-0.118308,-0.047949,-0.063546,0.065531,0.520000,1.199242,1.206732,-0.703907,-0.795511,-0.460011,-0.416368,0.191478,-0.073464,-0.218485,0.155028,-0.241209,0.339609,0.157626,0.142320,0.009493,-0.221766,0.043805,0.080222,0.211672,-0.294695
-1.071466,-1.100345,-0.013423,0.198033,-0.119011,-0.047816,-0.064185,0.064824,0.520000,1.198037,1.205888,-0.703583,-0.795064,-0.459394,-0.416325,0.191911,-0.073592,-0.219352,0.155638,-0.241479,0.336867,0.158272,0.142200,0.005194,-0.221570,0.054551,0.079148,0.227066,-0.295817
-1.070878,-1.099895,-0.014134,0.197784,-0.119439,-0.048496,-0.063589,0.065074,0.520000,1.197037,1.205085,-0.702945,-0.794459,-0.459078,-0.416331,0.192041,-0.073542,-0.218934,0.156289,-0.239924,0.334567,0.159157,0.142391,0.001287,-0.220007,0.063472,0.077923,0.239676,-0.296175
-1.069930,-1.099360,-0.014806,0.197825,-0.119729,-0.049584,-0.062375,0.065801,0.520000,1.196139,1.204304,-0.702148,-0.793774,-0.458913,-0.416362,0.192019,-0.073404,-0.217871,0.156961,-0.237456,0.332488,0.160162,0.142738,-0.002422,-0.217759,0.071480,0.076623,0.250894,-0.296152
-1.070105,-1.099818,-0.014907,0.198010,-0.119440,-0.049938,-0.062433,0.065711,0.520000,1.195668,1.204153,-0.701609,-0.793193,-0.458969,-0.415910,0.191675,-0.072793,-0.217863,0.155684,-0.233644,0.331152,0.161092,0.142412,-0.007876,-0.221797,0.073113,0.080115,0.258442,-0.296247
-1.070167,-1.099937,-0.015147,0.198121,-0.119262,-0.050237,-0.062587,0.065484,0.520000,1.195190,1.203783,-0.701032,-0.792595,-0.458915,-0.415690,0.191105,-0.072035,-0.218167,0.155207,-0.229868,0.329806,0.161418,0.142107,-0.012107,-0.223861,0.075840,0.082265,0.266280,-0.296401
-1.070005,-1.099376,-0.015668,0.198088,-0.119308,-0.050428,-0.062930,0.064982,0.520000,1.194695,1.202973,-0.700380,-0.791963,-0.458640,-0.415934,0.190084,-0.070988,-0.219098,0.156328,-0.226162,0.328439,0.160535,0.141844,-0.013893,-0.221979,0.080753,0.081732,0.274698,-0.296672
-1.069614,-1.099349,-0.016165,0.198097,-0.119439,-0.050929,-0.062163,0.065454,0.520000,1.193964,1.202448,-0.700117,-0.791276,-0.458712,-0.416084,0.189248,-0.070358,-0.219018,0.156318,-0.221646,0.327240,0.159546,0.141956,-0.016350,-0.221038,0.083451,0.080554,0.279878,-0.296132
-1.069108,-1.099589,-0.016652,0.198127,-0.119611,-0.051585,-0.060840,0.066412,0.520000,1.193116,1.202066,-0.700049,-0.790562,-0.458956,-0.416189,0.188505,-0.069936,-0.218432,0.155742,-0.216725,0.326124,0.158505,0.142255,-0.019143,-0.220567,0.085042,0.079052,0.283438,-0.295188
-1.069950,-1.100391,-0.016698,0.198016,-0.119495,-0.051381,-0.061144,0.066253,0.520000,1.193114,1.201962,-0.700928,-0.790223,-0.458768,-0.415714,0.188020,-0.069311,-0.217215,0.155108,-0.214385,0.325368,0.158663,0.142937,-0.022842,-0.221747,0.084744,0.079991,0.289118,-0.296054
-1.070532,-1.100827,-0.016814,0.197928,-0.119536,-0.051042,-0.061406,0.065932,0.520000,1.192998,1.201762,-0.701908,-0.789927,-0.458632,-0.415566,0.187626,-0.068736,-0.216631,0.155246,-0.212272,0.324629,0.158598,0.143461,-0.026720,-0.222286,0.085993,0.080933,0.293422,-0.297170
-1.070594,-1.100530,-0.017068,0.197888,-0.119889,-0.050433,-0.061586,0.065285,0.520000,1.192657,1.201371,-0.703088,-0.789717,-0.458597,-0.416073,0.187413,-0.068261,-0.217317,0.156928,-0.210614,0.323923,0.158086,0.143670,-0.030955,-0.221541,0.090337,0.081879,0.294975,-0.298786
-1.071357,-1.101351,-0.017132,0.198523,-0.119297,-0.050225,-0.061528,0.065209,0.520000,1.192594,1.201044,-0.704635,-0.789878,-0.458797,-0.415889,0.187632,-0.067997,-0.217911,0.156247,-0.209140,0.323624,0.157907,0.143409,-0.031857,-0.222784,0.092719,0.082090,0.296361,-0.297602
-1.072472,-1.102732,-0.017100,0.199496,-0.118231,-0.050217,-0.061352,0.065417,0.520000,1.192669,1.200749,-0.706365,-0.790223,-0.459114,-0.415359,0.188067,-0.067838,-0.218461,0.154384,-0.207759,0.323529,0.157894,0.142912,-0.031092,-0.225022,0.094122,0.081932,0.297664,-0.295020
-1.074478,-1.104186,-0.017324,0.199910,-0.117655,-0.049928,-0.062144,0.064897,0.520000,1.193444,1.200672,-0.707440,-0.790935,-0.459396,-0.415055,0.188816,-0.067973,-0.217630,0.153841,-0.207794,0.323951,0.157281,0.142420,-0.030747,-0.224717,0.095251,0.080736,0.299955,-0.293584
-1.075974,-1.105156,-0.017795,0.200048,-0.117585,-0.049615,-0.062685,0.064361,0.520000,1.194005,1.200706,-0.708234,-0.791597,-0.459658,-0.415251,0.189394,-0.068257,-0.217360,0.154169,-0.207739,0.324520,0.155992,0.142053,-0.030184,-0.224691,0.096701,0.080287,0.300533,-0.293142
-1.076450,-1.105155,-0.018757,0.199631,-0.118528,-0.049251,-0.062721,0.063793,0.520000,1.194139,1.200963,-0.708462,-0.792161,-0.459878,-0.416447,0.189632,-0.068838,-0.218214,0.156240,-0.207502,0.325382,0.153352,0.141934,-0.029188,-0.225223,0.098793,0.081332,0.297684,-0.294689
-1.077435,-1.106429,-0.019288,0.199308,-0.118935,-0.049322,-0.062367,0.064067,0.520000,1.194032,1.201137,-0.709004,-0.792993,-0.459779,-0.416617,0.189720,-0.070417,-0.218441,0.156041,-0.206359,0.326481,0.150372,0.141682,-0.023769,-0.224968,0.099170,0.081080,0.295731,-0.294668
-1.078675,-1.108341,-0.019603,0.199032,-0.119073,-0.049611,-0.061818,0.064764,0.520000,1.193805,1.201270,-0.709702,-0.793959,-0.459521,-0.416274,0.189735,-0.072495,-0.218357,0.154708,-0.204762,0.327698,0.147221,0.141364,-0.016140,-0.224318,0.098689,0.080180,0.294226,-0.293863
-1.080837,-1.110219,-0.018802,0.199339,-0.118725,-0.048443,-0.062008,0.064647,0.520000,1.194093,1.201313,-0.710619,-0.794662,-0.459720,-0.415767,0.188638,-0.075394,-0.218010,0.154171,-0.203461,0.327762,0.144129,0.140564,-0.012551,-0.223287,0.097965,0.079616,0.292722,-0.293654
-1.082954,-1.112008,-0.018053,0.199424,-0.118615,-0.047114,-0.062262,0.064437,0.520000,1.194330,1.201264,-0.711591,-0.795544,-0.459714,-0.415540,0.187387,-0.078414,-0.217896,0.154445,-0.202303,0.327860,0.141264,0.140069,-0.010500,-0.222143,0.097466,0.079114,0.291309,-0.294390
-1.084984,-1.113616,-0.017406,0.199067,-0.118978,-0.045464,-0.062642,0.064040,0.520000,1.194468,1.201032,-0.712673,-0.796788,-0.459296,-0.415873,0.185827,-0.081678,-0.218251,0.156337,-0.201432,0.328023,0.138857,0.140187,-0.011527,-0.220775,0.097417,0.078737,0.290077,-0.297017
-1.087575,-1.115960,-0.016364,0.199546,-0.118582,-0.044158,-0.062867,0.063768,0.520000,1.194972,1.201011,-0.714051,-0.798342,-0.459587,-0.415732,0.184903,-0.085183,-0.218313,0.156067,-0.200829,0.327970,0.138729,0.139942,-0.010738,-0.221521,0.096604,0.080778,0.290367,-0.296240
-1.090448,-1.118673,-0.015125,0.200444,-0.117808,-0.043023,-0.063013,0.063559,0.520000,1.195659,1.201097,-0.715576,-0.800051,-0.460234,-0.415354,0.184296,-0.088809,-0.218231,0.154715,-0.200359,0.327808,0.139742,0.139516,-0.009042,-0.223324,0.095409,0.084029,0.291417,-0.293760
-1.092785,-1.120514,-0.014383,0.200589,-0.117613,-0.041848,-0.064024,0.062783,0.520000,1.196888,1.201741,-0.716895,-0.801538,-0.460519,-0.415091,0.184402,-0.091580,-0.218405,0.153944,-0.201906,0.327593,0.141976,0.139963,-0.008926,-0.222603,0.096087,0.083225,0.293948,-0.295776
-1.094759,-1.122242,-0.013891,0.200631,-0.117480,-0.041113,-0.064521,0.062572,0.520000,1.198005,1.202446,-0.718143,-0.803054,-0.460806,-0.415115,0.184836,-0.094320,-0.218465,0.153881,-0.203205,0.327405,0.144453,0.140209,-0.008756,-0.222037,0.097036,0.082729,0.295119,-0.297093
-1.096007,-1.123743,-0.013896,0.200465,-0.117471,-0.041256,-0.063988,0.063493,0.520000,1.198900,1.203275,-0.719251,-0.804627,-0.461097,-0.415713,0.185927,-0.096995,-0.218294,0.155233,-0.204006,0.327271,0.147414,0.140051,-0.008481,-0.221780,0.098528,0.082848,0.293567,-0.297012
-1.097475,-1.125323,-0.013562,0.200698,-0.117205,-0.041104,-0.063686,0.063967,0.520000,1.199827,1.203776,-0.720258,-0.806389,-0.461739,-0.416012,0.187483,-0.099580,-0.217736,0.155633,-0.205339,0.326831,0.150132,0.139479,-0.008948,-0.222643,0.099331,0.083988,0.293722,-0.296959
-1.099052,-1.126943,-0.013059,0.201131,-0.116811,-0.040804,-0.063498,0.064218,0.520000,1.200771,1.204112,-0.721215,-0.808245,-0.462558,-0.416161,0.189272,-0.102118,-0.216984,0.155556,-0.206939,0.326238,0.152729,0.138699,-0.009786,-0.224067,0.099790,0.085637,0.294731,-0.296921
-1.099947,-1.127857,-0.012698,0.201582,-0.116347,-0.040496,-0.063618,0.064109,0.520000,1.201154,1.204222,-0.721131,-0.809782,-0.462703,-0.415565,0.191435,-0.104147,-0.217412,0.155312,-0.208228,0.325968,0.153518,0.137892,-0.008844,-0.223131,0.101021,0.085696,0.293794,-0.298173
-1.100383,-1.128393,-0.012506,0.201850,-0.116133,-0.040299,-0.063525,0.064117,0.520000,1.201492,1.204357,-0.720965,-0.811147,-0.462815,-0.415226,0.193692,-0.106174,-0.217736,0.155262,-0.209560,0.325582,0.154120,0.137437,-0.007486,-0.221915,0.102080,0.085190,0.293386,-0.298987
-1.099901,-1.128169,-0.012654,0.201755,-0.116421,-0.040327,-0.063007,0.064362,0.520000,1.201737,1.204543,-0.720638,-0.812167,-0.462858,-0.415400,0.196136,-0.108198,-0.217852,0.155601,-0.210975,0.324967,0.154350,0.137690,-0.005296,-0.220136,0.102793,0.083556,0.294034,-0.298927
-1.098350,-1.126942,-0.012887,0.201908,-0.116381,-0.040841,-0.062516,0.064780,0.520000,1.201927,1.204881,-0.719772,-0.812857,-0.463202,-0.415616,0.198783,-0.109869,-0.217695,0.154831,-0.211711,0.324733,0.155292,0.138171,-0.005614,-0.220083,0.101294,0.083532,0.293005,-0.299037
-1.096263,-1.125213,-0.013163,0.202186,-0.116177,-0.041599,-0.062040,0.065285,0.520000,1.202090,1.205295,-0.718637,-0.813382,-0.463697,-0.415853,0.201531,-0.111363,-0.217401,0.153507,-0.212107,0.324691,0.156589,0.138765,-0.007186,-0.220892,0.098688,0.084312,0.291136,-0.299232
-1.093017,-1.122670,-0.013705,0.201444,-0.116905,-0.042756,-0.060972,0.066118,0.520000,1.201477,1.205242,-0.717305,-0.813548,-0.463835,-0.416122,0.203232,-0.112208,-0.216773,0.154926,-0.211912,0.324034,0.157576,0.139327,-0.009038,-0.219935,0.097986,0.084604,0.290499,-0.298349
-1.090478,-1.120664,-0.014118,0.200935,-0.117438,-0.043613,-0.060169,0.066670,0.520000,1.200794,1.205058,-0.716225,-0.813663,-0.463830,-0.416207,0.204821,-0.113067,-0.216729,0.155760,-0.211403,0.323104,0.158008,0.139705,-0.010071,-0.218844,0.097161,0.084590,0.289940,-0.298158
-1.089351,-1.119733,-0.014271,0.200890,-0.117581,-0.043868,-0.059895,0.066662,0.520000,1.199972,1.204613,-0.715649,-0.813679,-0.463541,-0.415927,0.206183,-0.113955,-0.217850,0.155421,-0.210266,0.321626,0.157325,0.139715,-0.009470,-0.217486,0.096090,0.083962,0.289541,-0.299348
-1.088791,-1.119305,-0.014702,0.200690,-0.117974,-0.044194,-0.059423,0.066776,0.520000,1.198932,1.204031,-0.714615,-0.813263,-0.463142,-0.415751,0.207447,-0.115091,-0.217780,0.154750,-0.207627,0.319694,0.156285,0.139397,-0.009114,-0.216852,0.095493,0.083472,0.288524,-0.299913
-1.088514,-1.119127,-0.015270,0.200414,-0.118493,-0.044554,-0.058852,0.066952,0.520000,1.197783,1.203381,-0.713351,-0.812630,-0.462688,-0.415626,0.208660,-0.116350,-0.217115,0.153912,-0.204236,0.317535,0.155067,0.138914,-0.008880,-0.216580,0.095132,0.083050,0.287199,-0.300166
-1.087866,-1.118682,-0.016021,0.198927,-0.119670,-0.045056,-0.058593,0.067306,0.520000,1.196776,1.202796,-0.711741,-0.811217,-0.462472,-0.415676,0.208743,-0.116559,-0.217395,0.155480,-0.201621,0.315524,0.154024,0.138525,-0.011383,-0.218156,0.094802,0.085004,0.289108,-0.301227
-1.086965,-1.118118,-0.016662,0.198063,-0.120454,-0.045686,-0.058032,0.067763,0.520000,1.195996,1.202423,-0.710129,-0.809713,-0.462396,-0.415812,0.208599,-0.116495,-0.217693,0.156553,-0.198574,0.313404,0.152944,0.138532,-0.012413,-0.218079,0.096014,0.085530,0.291583,-0.301106
-1.085554,-1.117316,-0.017084,0.198444,-0.120455,-0.046572,-0.056868,0.068422,0.520000,1.195670,1.202475,-0.708512,-0.808024,-0.462600,-0.416123,0.208000,-0.115885,-0.218028,0.156637,-0.194665,0.311063,0.151786,0.139331,-0.010499,-0.214693,0.100310,0.083199,0.295191,-0.298619
-1.084580,-1.116518,-0.017024,0.198904,-0.120156,-0.047017,-0.056698,0.068512,0.520000,1.195971,1.202778,-0.707021,-0.806061,-0.462977,-0.416050,0.207577,-0.114937,-0.217963,0.155298,-0.191693,0.309204,0.151142,0.139688,-0.010741,-0.215059,0.099409,0.083014,0.297464,-0.298089
-1.083826,-1.115722,-0.016724,0.199402,-0.119708,-0.047240,-0.057025,0.068317,0.520000,1.196585,1.203206,-0.705592,-0.803960,-0.463440,-0.415787,0.207241,-0.113820,-0.217696,0.153248,-0.189190,0.307586,0.150756,0.139822,-0.012062,-0.217300,0.095910,0.083901,0.299068,-0.298537
-1.082901,-1.114827,-0.017582,0.199049,-0.119844,-0.048070,-0.056651,0.068994,0.520000,1.197555,1.203960,-0.703531,-0.802155,-0.464117,-0.416640,0.206991,-0.112439,-0.217201,0.154719,-0.186554,0.307369,0.149440,0.139279,-0.010356,-0.217198,0.097421,0.085033,0.297838,-0.296598
-1.081934,-1.113957,-0.018554,0.198750,-0.120102,-0.049017,-0.056292,0.069488,0.520000,1.198309,1.204676,-0.701589,-0.800573,-0.464790,-0.417409,0.206837,-0.110951,-0.216852,0.155824,-0.184433,0.307409,0.148268,0.138859,-0.008979,-0.217271,0.099010,0.085729,0.297343,-0.295660
-1.080884,-1.113137,-0.019758,0.198560,-0.120603,-0.050201,-0.055964,0.069619,0.520000,1.198632,1.205313,-0.699881,-0.799437,-0.465457,-0.418008,0.206875,-0.109249,-0.216795,0.156198,-0.183342,0.307964,0.147383,0.138686,-0.008259,-0.217696,0.100754,0.085554,0.298318,-0.296724
-1.080388,-1.112495,-0.020366,0.198921,-0.120371,-0.050928,-0.056095,0.069394,0.520000,1.198833,1.205304,-0.698783,-0.798514,-0.465589,-0.417871,0.207103,-0.108020,-0.216642,0.155462,-0.182634,0.308467,0.147689,0.138644,-0.008454,-0.218384,0.099672,0.085345,0.296861,-0.296427
-1.080170,-1.111941,-0.020676,0.199557,-0.119773,-0.051427,-0.056456,0.068992,0.520000,1.198971,1.204970,-0.697990,-0.797698,-0.465455,-0.417367,0.207427,-0.107028,-0.216440,0.154169,-0.182116,0.308942,0.148592,0.138668,-0.009107,-0.219205,0.097176,0.085119,0.294188,-0.295448
-1.079753,-1.111720,-0.021622,0.198936,-0.120224,-0.052551,-0.056130,0.069400,0.520000,1.198315,1.204357,-0.697248,-0.797608,-0.465186,-0.417274,0.207780,-0.106143,-0.216664,0.155196,-0.182505,0.309699,0.148455,0.139622,-0.009195,-0.218133,0.097422,0.084283,0.291605,-0.296520
-1.079407,-1.111621,-0.022475,0.198439,-0.120647,-0.053593,-0.055729,0.069776,0.520000,1.197642,1.203890,-0.696616,-0.797679,-0.464952,-0.417235,0.208130,-0.105327,-0.216941,0.155953,-0.183042,0.310349,0.148037,0.140476,-0.008897,-0.218068,0.097687,0.084400,0.288660,-0.297327
-1.079203,-1.111766,-0.023143,0.198192,-0.121014,-0.054474,-0.055178,0.070092,0.520000,1.196934,1.203714,-0.696207,-0.798074,-0.464787,-0.417303,0.208474,-0.104650,-0.217323,0.156168,-0.183879,0.310786,0.147053,0.141129,-0.007824,-0.220019,0.097988,0.086423,0.284993,-0.297608
-1.079319,-1.111648,-0.023405,0.198444,-0.120867,-0.054969,-0.055209,0.069866,0.520000,1.196746,1.203270,-0.695747,-0.798393,-0.464527,-0.417041,0.208685,-0.104324,-0.217100,0.155883,-0.184442,0.311013,0.146823,0.141688,-0.007917,-0.221261,0.096000,0.087761,0.281571,-0.296130
-1.079595,-1.111399,-0.023464,0.198946,-0.120463,-0.055270,-0.055530,0.069370,0.520000,1.196818,1.202691,-0.695261,-0.798675,-0.464219,-0.416614,0.208828,-0.104173,-0.216575,0.155349,-0.184869,0.311136,0.146969,0.142199,-0.008592,-0.222149,0.092867,0.088757,0.278272,-0.293775
-1.079331,-1.111442,-0.023793,0.198240,-0.120834,-0.055739,-0.055644,0.069594,0.520000,1.196523,1.202935,-0.695067,-0.799002,-0.464042,-0.416649,0.209009,-0.104078,-0.217500,0.155743,-0.185345,0.311402,0.146110,0.142762,-0.005295,-0.221811,0.093183,0.088423,0.275714,-0.294554
-1.079214,-1.111590,-0.024138,0.197726,-0.121173,-0.056359,-0.055518,0.069950,0.520000,1.196524,1.203328,-0.694866,-0.799339,-0.463943,-0.416772,0.209197,-0.104013,-0.217594,0.155946,-0.185380,0.311589,0.145558,0.143104,-0.003298,-0.221869,0.092746,0.088169,0.273262,-0.294868
-1.079391,-1.111949,-0.024512,0.197594,-0.121447,-0.057280,-0.054913,0.070569,0.520000,1.197117,1.204018,-0.694650,-0.799694,-0.464001,-0.417071,0.209397,-0.104004,-0.216024,0.155767,-0.184536,0.311615,0.145619,0.143001,-0.003902,-0.222719,0.090801,0.088073,0.271023,-0.294254
-1.080033,-1.112270,-0.024820,0.197648,-0.121537,-0.057505,-0.055056,0.070332,0.520000,1.197504,1.204092,-0.694508,-0.800081,-0.464205,-0.417357,0.209561,-0.103973,-0.215652,0.155895,-0.183357,0.311439,0.145637,0.142315,-0.003404,-0.221360,0.090665,0.087731,0.270096,-0.294999
-1.080907,-1.112572,-0.025096,0.197793,-0.121537,-0.057380,-0.055574,0.069667,0.520000,1.197787,1.203858,-0.694402,-0.800484,-0.464482,-0.417638,0.209707,-0.103929,-0.215879,0.156176,-0.182011,0.311162,0.145634,0.141338,-0.002354,-0.218897,0.091433,0.087268,0.269824,-0.296424
-1.080765,-1.112496,-0.024496,0.197937,-0.120885,-0.057255,-0.056088,0.069769,0.520000,1.198109,1.204079,-0.694471,-0.800552,-0.464481,-0.417237,0.209697,-0.103787,-0.217347,0.156594,-0.181126,0.310544,0.145866,0.141749,-0.003498,-0.219756,0.093438,0.087297,0.273444,-0.295433
-1.080582,-1.112344,-0.024102,0.198122,-0.120525,-0.057225,-0.056334,0.069810,0.520000,1.198490,1.204354,-0.694460,-0.800536,-0.464520,-0.417124,0.209686,-0.103604,-0.217850,0.156565,-0.180175,0.309909,0.146307,0.142200,-0.003853,-0.220278,0.094845,0.086905,0.276554,-0.294953
-1.080315,-1.112041,-0.024119,0.198389,-0.120746,-0.057388,-0.056045,0.069729,0.520000,1.198989,1.204736,-0.694289,-0.800353,-0.464638,-0.417590,0.209674,-0.103342,-0.216425,0.155642,-0.179094,0.309239,0.147166,0.142729,-0.002629,-0.220127,0.095056,0.085673,0.278644,-0.295496
-1.079270,-1.111275,-0.024468,0.198250,-0.121084,-0.057842,-0.055637,0.069868,0.520000,1.198800,1.205038,-0.693698,-0.800151,-0.464926,-0.418019,0.209568,-0.102739,-0.216664,0.155490,-0.178044,0.309188,0.148131,0.143040,-0.001907,-0.219123,0.095935,0.086134,0.280408,-0.296136
-1.077837,-1.110278,-0.024983,0.197908,-0.121482,-0.058443,-0.055171,0.070118,0.520000,1.198266,1.205299,-0.692897,-0.799939,-0.465298,-0.418430,0.209415,-0.101966,-0.217736,0.155725,-0.177010,0.309447,0.149149,0.143241,-0.001436,-0.217693,0.097148,0.087442,0.282008,-0.296824
-1.075941,-1.109003,-0.025453,0.197459,-0.121529,-0.059617,-0.054617,0.071107,0.520000,1.198019,1.205427,-0.693080,-0.800004,-0.465037,-0.418432,0.209763,-0.100930,-0.217302,0.156796,-0.178752,0.311602,0.152354,0.145584,-0.012139,-0.215788,0.096758,0.086676,0.285878,-0.297162
-1.074636,-1.108105,-0.025667,0.197396,-0.121409,-0.060310,-0.054268,0.071641,0.520000,1.197863,1.205522,-0.693573,-0.800147,-0.464869,-0.418409,0.210180,-0.099953,-0.216882,0.157058,-0.181430,0.313704,0.155261,0.147594,-0.021082,-0.214791,0.096271,0.085593,0.289375,-0.296790
-1.074515,-1.107958,-0.025370,0.198107,-0.120958,-0.060040,-0.054333,0.071264,0.520000,1.197889,1.205553,-0.694683,-0.800447,-0.464885,-0.418336,0.210735,-0.099094,-0.216492,0.155698,-0.185977,0.315696,0.157573,0.148941,-0.026508,-0.215609,0.095590,0.083880,0.292125,-0.294999
-1.074087,-1.107212,-0.024871,0.198838,-0.120341,-0.059491,-0.054729,0.070656,0.520000,1.197438,1.204861,-0.695694,-0.800401,-0.464686,-0.417913,0.211013,-0.097743,-0.216979,0.154942,-0.189793,0.317579,0.158725,0.149269,-0.025326,-0.216746,0.095468,0.084815,0.290770,-0.294648
-1.073505,-1.106167,-0.024271,0.199579,-0.119642,-0.058804,-0.055290,0.069933,0.520000,1.196749,1.203807,-0.696657,-0.800182,-0.464377,-0.417315,0.211152,-0.096145,-0.217904,0.154487,-0.193242,0.319406,0.159299,0.149088,-0.020841,-0.218042,0.095624,0.087073,0.287363,-0.295017
-1.072447,-1.105400,-0.024833,0.199097,-0.119940,-0.059510,-0.055022,0.070083,0.520000,1.195509,1.202900,-0.696743,-0.799494,-0.464216,-0.417432,0.210978,-0.092866,-0.218603,0.155931,-0.195499,0.320795,0.158991,0.149905,-0.019451,-0.216300,0.094865,0.084983,0.284912,-0.298276
-1.071715,-1.104825,-0.025417,0.198919,-0.120146,-0.060244,-0.054764,0.070101,0.520000,1.194529,1.202113,-0.696551,-0.798671,-0.463987,-0.417427,0.210671,-0.089369,-0.218675,0.156586,-0.197471,0.321911,0.158863,0.150579,-0.018155,-0.215654,0.094290,0.083774,0.283391,-0.299696
-1.071638,-1.104636,-0.026046,0.199350,-0.120166,-0.061036,-0.054524,0.069851,0.520000,1.194067,1.201566,-0.695801,-0.797575,-0.463620,-0.417179,0.210097,-0.085434,-0.217491,0.155661,-0.198870,0.322481,0.159094,0.150969,-0.017048,-0.217202,0.094086,0.084325,0.283730,-0.297436
-1.071636,-1.104523,-0.026248,0.199582,-0.120148,-0.061396,-0.054582,0.069506,0.520000,1.193606,1.201030,-0.694817,-0.796004,-0.463473,-0.417004,0.208813,-0.081893,-0.217612,0.155236,-0.198876,0.322974,0.159075,0.150944,-0.015383,-0.217447,0.093956,0.083935,0.282152,-0.295644
-1.071672,-1.104448,-0.026237,0.199713,-0.120111,-0.061538,-0.054789,0.069114,0.520000,1.193145,1.200498,-0.693715,-0.794194,-0.463436,-0.416866,0.207174,-0.078549,-0.218385,0.155062,-0.198185,0.323427,0.158931,0.150710,-0.013439,-0.217041,0.093864,0.083076,0.279614,-0.294087
-1.071567,-1.104560,-0.025846,0.199846,-0.119587,-0.061615,-0.054760,0.069458,0.520000,1.193215,1.200338,-0.691982,-0.792337,-0.463804,-0.416932,0.204651,-0.074986,-0.219026,0.156153,-0.196252,0.324321,0.157947,0.150673,-0.009512,-0.219569,0.093975,0.083694,0.282003,-0.294479
-1.071279,-1.104345,-0.025392,0.200237,-0.119094,-0.061450,-0.054781,0.069531,0.520000,1.193533,1.200421,-0.690046,-0.790389,-0.464306,-0.417222,0.202231,-0.071767,-0.219148,0.156423,-0.194023,0.324905,0.157195,0.150698,-0.007127,-0.221113,0.093726,0.084022,0.283090,-0.294534
-1.070627,-1.103478,-0.024810,0.201141,-0.118661,-0.060802,-0.054901,0.069063,0.520000,1.194345,1.200989,-0.687705,-0.788261,-0.465077,-0.417961,0.200018,-0.069239,-0.218235,0.155051,-0.191206,0.324871,0.156908,0.150845,-0.007823,-0.220690,0.092757,0.083769,0.281575,-0.293917
-1.069774,-1.102687,-0.024445,0.201204,-0.118821,-0.060491,-0.054914,0.068939,0.520000,1.194726,1.201501,-0.685843,-0.786408,-0.465795,-0.418632,0.198053,-0.067416,-0.217801,0.154604,-0.188694,0.324794,0.157938,0.151464,-0.006969,-0.221594,0.093435,0.084241,0.282171,-0.293526
-1.068821,-1.101933,-0.024188,0.200847,-0.119278,-0.060350,-0.054872,0.068987,0.520000,1.194892,1.201985,-0.684222,-0.784693,-0.466486,-0.419270,0.196213,-0.065947,-0.217608,0.154619,-0.186336,0.324697,0.159626,0.152320,-0.005338,-0.223160,0.094937,0.085076,0.283822,-0.293249
-1.068127,-1.101588,-0.024196,0.200100,-0.119751,-0.060112,-0.054556,0.069519,0.520000,1.194707,1.202460,-0.683036,-0.783582,-0.466437,-0.420041,0.195122,-0.065245,-0.217984,0.155500,-0.184941,0.324521,0.161472,0.153415,-0.010810,-0.223602,0.095270,0.084357,0.285973,-0.293983
-1.067599,-1.101203,-0.024102,0.199691,-0.120119,-0.059585,-0.054483,0.069593,0.520000,1.194565,1.202857,-0.682042,-0.782797,-0.466464,-0.420707,0.194279,-0.064763,-0.218200,0.155687,-0.184066,0.324261,0.163244,0.154099,-0.016565,-0.224066,0.095004,0.084398,0.287824,-0.294468
-1.067404,-1.100741,-0.023804,0.199958,-0.120277,-0.058482,-0.054898,0.068751,0.520000,1.194509,1.203098,-0.681431,-0.782664,-0.466642,-0.421163,0.193930,-0.064721,-0.218094,0.154485,-0.184231,0.323830,0.164864,0.153961,-0.022885,-0.224572,0.093540,0.085957,0.289076,-0.294456
-1.067285,-1.100531,-0.023167,0.200109,-0.120285,-0.057610,-0.054992,0.068445,0.520000,1.194139,1.202728,-0.681620,-0.782939,-0.466733,-0.421178,0.194010,-0.065411,-0.218091,0.154372,-0.184921,0.323562,0.165832,0.153974,-0.023160,-0.224137,0.092456,0.085948,0.288313,-0.294349
-1.067205,-1.100446,-0.022360,0.200203,-0.120217,-0.056854,-0.054927,0.068408,0.520000,1.193612,1.202053,-0.682208,-0.783418,-0.466781,-0.420972,0.194303,-0.066468,-0.218139,0.154802,-0.185874,0.323375,0.166474,0.154062,-0.020412,-0.223230,0.091561,0.085155,0.286541,-0.294195
-1.066458,-1.100086,-0.021727,0.200218,-0.120271,-0.056321,-0.054562,0.068498,0.520000,1.192473,1.201490,-0.683347,-0.783997,-0.466569,-0.420856,0.195371,-0.068214,-0.218576,0.154400,-0.187465,0.323499,0.166867,0.153842,-0.016940,-0.223326,0.090378,0.085316,0.285936,-0.295344
-1.065827,-1.099660,-0.021343,0.200070,-0.120497,-0.055820,-0.054373,0.068383,0.520000,1.191287,1.200848,-0.684694,-0.784850,-0.466162,-0.420768,0.196697,-0.069961,-0.218845,0.154048,-0.188983,0.323485,0.167015,0.153636,-0.015180,-0.223400,0.090199,0.085375,0.285035,-0.295822
-1.065428,-1.099100,-0.021461,0.199597,-0.121066,-0.055385,-0.054536,0.067860,0.520000,1.190008,1.200045,-0.686455,-0.786248,-0.465365,-0.420737,0.198538,-0.071706,-0.218779,0.153793,-0.190355,0.323196,0.166674,0.153459,-0.016843,-0.223432,0.092027,0.085234,0.283541,-0.294958
-1.065242,-1.099144,-0.021497,0.199327,-0.121420,-0.055554,-0.054077,0.067885,0.520000,1.188458,1.199099,-0.688170,-0.787561,-0.464837,-0.420593,0.200389,-0.073477,-0.218747,0.154005,-0.190885,0.323179,0.166422,0.152597,-0.015524,-0.222498,0.092912,0.084723,0.284191,-0.294998
-1.065162,-1.099492,-0.021492,0.199158,-0.121665,-0.056027,-0.053307,0.068183,0.520000,1.186774,1.198081,-0.689861,-0.788832,-0.464443,-0.420393,0.202245,-0.075261,-0.218733,0.154449,-0.190995,0.323298,0.166215,0.151392,-0.012715,-0.221081,0.093325,0.084029,0.285912,-0.295490
-1.065187,-1.099640,-0.021139,0.199330,-0.121457,-0.055830,-0.053317,0.068045,0.520000,1.185609,1.196984,-0.691120,-0.789569,-0.463985,-0.420110,0.203501,-0.076863,-0.218843,0.154064,-0.190293,0.323238,0.164807,0.150313,-0.014924,-0.219473,0.092859,0.082742,0.286763,-0.297581
-1.065187,-1.099590,-0.020721,0.199654,-0.121228,-0.055461,-0.053414,0.067657,0.520000,1.184532,1.195838,-0.692337,-0.790219,-0.463619,-0.419840,0.204578,-0.078432,-0.218967,0.153648,-0.189477,0.323123,0.163478,0.149409,-0.016527,-0.219765,0.092750,0.083062,0.286963,-0.298773
-1.065141,-1.099144,-0.020177,0.200280,-0.120960,-0.054748,-0.053687,0.066769,0.520000,1.183630,1.194595,-0.693470,-0.790696,-0.463434,-0.419597,0.205296,-0.079935,-0.219117,0.153167,-0.188434,0.322900,0.162305,0.148854,-0.016916,-0.223856,0.093356,0.086595,0.285859,-0.298166
-1.064756,-1.098861,-0.020166,0.200034,-0.121149,-0.054640,-0.053694,0.066606,0.520000,1.182544,1.193972,-0.694550,-0.790982,-0.463012,-0.419596,0.205707,-0.080970,-0.219285,0.153031,-0.187667,0.322747,0.161437,0.149078,-0.013779,-0.223607,0.094689,0.086046,0.286622,-0.297837
-1.064201,-1.098658,-0.020422,0.199351,-0.121568,-0.054834,-0.053568,0.066807,0.520000,1.181365,1.193659,-0.695605,-0.791171,-0.462471,-0.419716,0.205966,-0.081770,-0.219463,0.153067,-0.187039,0.322629,0.160722,0.149691,-0.008879,-0.221188,0.096386,0.083456,0.288320,-0.297647
-1.064138,-1.098687,-0.020811,0.198766,-0.122151,-0.054862,-0.053670,0.066515,0.520000,1.180256,1.193368,-0.695916,-0.790804,-0.462191,-0.420009,0.206007,-0.082455,-0.219502,0.152815,-0.185653,0.322021,0.159289,0.149422,-0.012595,-0.219636,0.096614,0.082590,0.288757,-0.297068
-1.064497,-1.098959,-0.021006,0.198414,-0.122625,-0.054740,-0.053901,0.066004,0.520000,1.179391,1.193039,-0.696212,-0.790428,-0.461952,-0.420246,0.205969,-0.083317,-0.219499,0.152489,-0.184324,0.321133,0.158047,0.148912,-0.014421,-0.218732,0.096706,0.082028,0.289467,-0.295889
-1.065702,-1.099716,-0.020811,0.198528,-0.122882,-0.054316,-0.054391,0.065052,0.520000,1.179012,1.192632,-0.696478,-0.790037,-0.461794,-0.420368,0.205775,-0.084531,-0.219411,0.152016,-0.183105,0.319682,0.157183,0.147921,-0.012468,-0.219128,0.096528,0.082078,0.290726,-0.293508
-1.066690,-1.100410,-0.019969,0.198572,-0.122816,-0.053052,-0.055049,0.064373,0.520000,1.178486,1.192311,-0.696246,-0.788844,-0.461633,-0.420435,0.204970,-0.085938,-0.219875,0.151590,-0.182891,0.318072,0.156379,0.147313,-0.014832,-0.219300,0.094496,0.082311,0.290842,-0.295115
-1.067570,-1.101073,-0.018804,0.198582,-0.122588,-0.051367,-0.055789,0.063831,0.520000,1.177887,1.192033,-0.695765,-0.787252,-0.461470,-0.420474,0.203858,-0.087441,-0.220615,0.151187,-0.183180,0.316383,0.155604,0.146897,-0.019355,-0.219361,0.091536,0.082636,0.290387,-0.298716
-1.066790,-1.100097,-0.018016,0.198833,-0.122470,-0.050268,-0.056178,0.062611,0.520000,1.175242,1.189780,-0.693133,-0.784876,-0.460787,-0.420261,0.202890,-0.088150,-0.221261,0.150187,-0.185462,0.314913,0.156304,0.147928,-0.018954,-0.220185,0.096772,0.085112,0.291515,-0.300167
-1.066178,-1.099127,-0.016897,0.199308,-0.122207,-0.048696,-0.056502,0.061186,0.520000,1.171660,1.186345,-0.689869,-0.781926,-0.459347,-0.419223,0.201923,-0.089326,-0.221509,0.148935,-0.188728,0.313420,0.156825,0.149034,-0.002564,-0.218244,0.108159,0.087178,0.286738,-0.300196
-1.065904,-1.098168,-0.015119,0.200229,-0.121653,-0.046182,-0.056694,0.059354,0.520000,1.166201,1.180549,-0.685340,-0.777827,-0.456394,-0.416536,0.200961,-0.091435,-0.220962,0.147181,-0.193960,0.311882,0.156983,0.150289,0.045804,-0.210773,0.131848,0.088426,0.270154,-0.297383
-1.065210,-1.096914,-0.013361,0.200643,-0.121381,-0.043124,-0.056711,0.057248,0.520000,1.157897,1.172306,-0.677585,-0.771604,-0.452128,-0.412651,0.200182,-0.094339,-0.220761,0.145904,-0.200598,0.313241,0.157354,0.150564,0.119952,-0.228300,0.164591,0.106577,0.227794,-0.287328
-1.064307,-1.095512,-0.011615,0.200803,-0.121250,-0.039795,-0.056640,0.055005,0.520000,1.148171,1.162839,-0.668217,-0.764318,-0.447206,-0.408168,0.199493,-0.097640,-0.220733,0.144865,-0.207939,0.316050,0.157829,0.150349,0.206989,-0.258325,0.201860,0.133180,0.172545,-0.273654
-1.060950,-1.091595,-0.009952,0.200429,-0.121697,-0.036198,-0.056277,0.051979,0.520000,1.133760,1.149405,-0.653967,-0.752823,-0.440271,-0.402467,0.199851,-0.102286,-0.221180,0.142883,-0.222619,0.321527,0.162361,0.153134,0.281062,-0.291260,0.238199,0.159049,0.107408,-0.247177
-1.056631,-1.086906,-0.008221,0.200001,-0.122253,-0.032881,-0.055503,0.048939,0.520000,1.117633,1.134491,-0.638466,-0.740001,-0.432420,-0.395899,0.200177,-0.107059,-0.221165,0.140721,-0.238374,0.328904,0.168426,0.157872,0.353283,-0.323953,0.275637,0.184927,0.040204,-0.223386
-1.050386,-1.080671,-0.006353,0.199467,-0.123027,-0.030122,-0.053908,0.045870,0.520000,1.098075,1.116620,-0.620460,-0.724527,-0.422734,-0.387597,0.200442,-0.112088,-0.220223,0.138199,-0.256274,0.340081,0.177560,0.166513,0.421800,-0.356160,0.315275,0.210821,-0.031135,-0.204969
-1.042795,-1.072518,-0.004323,0.198747,-0.123677,-0.026682,-0.052746,0.041907,0.520000,1.074602,1.094613,-0.600070,-0.707296,-0.410893,-0.377352,0.200917,-0.116511,-0.219745,0.136203,-0.275352,0.353646,0.187844,0.177404,0.498816,-0.406388,0.354496,0.248627,-0.110803,-0.178063
-1.034529,-1.063406,-0.002210,0.197934,-0.124264,-0.022900,-0.051800,0.037497,0.520000,1.049173,1.070537,-0.578488,-0.689186,-0.397973,-0.366136,0.201498,-0.120630,-0.219499,0.134471,-0.295017,0.368406,0.198702,0.189419,0.580081,-0.465626,0.393509,0.292388,-0.194636,-0.146913
-1.026180,-1.054254,-0.000191,0.197958,-0.123937,-0.020299,-0.050392,0.032268,0.520000,1.017420,1.039973,-0.554824,-0.670389,-0.382089,-0.351759,0.203448,-0.123703,-0.220068,0.131996,-0.314969,0.382402,0.211380,0.203864,0.669919,-0.539364,0.423628,0.329993,-0.277730,-0.087984
-1.017461,-1.044821,0.001372,0.197795,-0.123675,-0.018163,-0.048570,0.027120,0.520000,0.983151,1.006982,-0.531347,-0.652297,-0.364778,-0.335919,0.205896,-0.126469,-0.220224,0.129875,-0.334554,0.396295,0.225705,0.220663,0.753358,-0.604285,0.451411,0.364437,-0.355215,-0.031899
-1.008002,-1.034826,0.002025,0.197259,-0.123547,-0.016955,-0.045918,0.022134,0.520000,0.943848,0.969138,-0.508246,-0.635614,-0.344616,-0.317149,0.209344,-0.128624,-0.219555,0.128460,-0.353405,0.409981,0.243327,0.242169,0.823999,-0.651571,0.474519,0.392560,-0.421482,0.018500
-0.997381,-1.023755,0.002530,0.196295,-0.123591,-0.015890,-0.043256,0.016666,0.520000,0.899805,0.927257,-0.488455,-0.620975,-0.321454,-0.296387,0.211666,-0.129415,-0.218799,0.126709,-0.373219,0.424704,0.269982,0.272220,0.854642,-0.678556,0.501226,0.416550,-0.450035,0.043621
-0.986180,-1.012146,0.002961,0.195116,-0.123721,-0.014897,-0.040587,0.010957,0.520000,0.853393,0.883357,-0.470320,-0.607358,-0.296791,-0.274628,0.213427,-0.129524,-0.217999,0.124789,-0.393516,0.439946,0.301152,0.306544,0.865286,-0.695390,0.529732,0.438474,-0.459731,0.056103
