pelvis_qw,pelvis_qx,pelvis_qy,pelvis_qz,left_hip_roll_link_qw,left_hip_roll_link_qx,left_hip_roll_link_qy,left_hip_roll_link_qz,left_knee_link_qw,left_knee_link_qx,left_knee_link_qy,left_knee_link_qz,left_ankle_roll_link_qw,left_ankle_roll_link_qx,left_ankle_roll_link_qy,left_ankle_roll_link_qz,right_hip_roll_link_qw,right_hip_roll_link_qx,right_hip_roll_link_qy,right_hip_roll_link_qz,right_knee_link_qw,right_knee_link_qx,right_knee_link_qy,right_knee_link_qz,right_ankle_roll_link_qw,right_ankle_roll_link_qx,right_ankle_roll_link_qy,right_ankle_roll_link_qz,torso_link_qw,torso_link_qx,torso_link_qy,torso_link_qz,left_shoulder_roll_link_qw,left_shoulder_roll_link_qx,left_shoulder_roll_link_qy,left_shoulder_roll_link_qz,left_elbow_link_qw,left_elbow_link_qx,left_elbow_link_qy,left_elbow_link_qz,left_wrist_yaw_link_qw,left_wrist_yaw_link_qx,left_wrist_yaw_link_qy,left_wrist_yaw_link_qz,right_shoulder_roll_link_qw,right_shoulder_roll_link_qx,right_shoulder_roll_link_qy,right_shoulder_roll_link_qz,right_elbow_link_qw,right_elbow_link_qx,right_elbow_link_qy,right_elbow_link_qz,right_wrist_yaw_link_qw,right_wrist_yaw_link_qx,right_wrist_yaw_link_qy,right_wrist_yaw_link_qz
0.035791,0.057367,-0.024901,0.997401,0.006259,0.176632,0.118691,0.977074,-0.050791,-0.067001,0.103921,0.991025,-0.040155,0.018635,-0.021761,0.998783,0.035561,0.045333,-0.012538,0.998260,0.082123,-0.102302,0.001762,0.991356,0.081901,0.000435,0.020598,0.996428,0.075188,-0.073479,0.000237,0.994458,0.089598,-0.037677,0.185831,0.977763,0.306141,-0.445734,0.311437,0.781413,0.222839,-0.513316,0.293526,0.775043,0.049571,0.022802,-0.181467,0.981882,-0.358245,-0.465195,-0.373525,0.718146,-0.315876,-0.519072,-0.328241,0.723218
0.032524,0.056506,-0.021924,0.997631,0.004458,0.178638,0.113513,0.977335,-0.051011,-0.069207,0.098490,0.991417,-0.040737,0.018241,-0.022027,0.998761,0.032603,0.045505,-0.017977,0.998270,0.082692,-0.104530,-0.003287,0.991072,0.081950,0.000336,0.020282,0.996430,0.072272,-0.074374,-0.002218,0.994606,0.087180,-0.035568,0.184032,0.978400,0.307689,-0.444493,0.310968,0.781698,0.223769,-0.512528,0.292736,0.775595,0.046344,0.021981,-0.183705,0.981642,-0.356944,-0.467232,-0.375522,0.716428,-0.314312,-0.520749,-0.330297,0.721757
0.029588,0.055836,-0.018837,0.997824,0.003164,0.180202,0.108334,0.977641,-0.051090,-0.071121,0.093023,0.991806,-0.041167,0.018090,-0.022818,0.998728,0.030000,0.046021,-0.023555,0.998212,0.083316,-0.106969,-0.008417,0.990730,0.082026,0.000251,0.020007,0.996429,0.069068,-0.075281,-0.004574,0.994757,0.084465,-0.033462,0.182260,0.979044,0.308915,-0.443218,0.310371,0.782176,0.224999,-0.511696,0.292200,0.775991,0.042901,0.020680,-0.185601,0.981470,-0.355401,-0.469351,-0.376754,0.715161,-0.312585,-0.522699,-0.331868,0.720375
0.027315,0.055548,-0.015530,0.997961,0.002803,0.180821,0.103119,0.978091,-0.051016,-0.072532,0.087428,0.992216,-0.041421,0.018369,-0.024709,0.998667,0.028108,0.047163,-0.029420,0.998058,0.084038,-0.109929,-0.013722,0.990285,0.082159,0.000096,0.019801,0.996422,0.065309,-0.076237,-0.006730,0.994926,0.081207,-0.031377,0.180531,0.979709,0.309553,-0.441890,0.309497,0.783021,0.226875,-0.510787,0.292162,0.776058,0.039044,0.018389,-0.186819,0.981446,-0.353372,-0.471687,-0.376445,0.714792,-0.310525,-0.525250,-0.332454,0.719139
0.027047,0.056272,-0.012233,0.997974,0.004573,0.180124,0.098200,0.978719,-0.051001,-0.073829,0.081741,0.992606,-0.041690,0.019069,-0.026666,0.998593,0.028288,0.049249,-0.035485,0.997755,0.084835,-0.113410,-0.019154,0.989735,0.082328,-0.000211,0.019657,0.996411,0.062135,-0.076937,-0.008506,0.995062,0.078392,-0.029912,0.179122,0.980242,0.310039,-0.439919,0.308105,0.784486,0.227612,-0.509123,0.290494,0.777560,0.035790,0.016810,-0.187940,0.981384,-0.353415,-0.472452,-0.376615,0.714177,-0.309884,-0.526854,-0.331966,0.718467
0.027781,0.057502,-0.008940,0.997919,0.007370,0.178730,0.093427,0.979425,-0.051069,-0.075137,0.076008,0.992960,-0.042046,0.019918,-0.028651,0.998506,0.029544,0.051777,-0.041652,0.997352,0.085757,-0.117193,-0.024648,0.989093,0.082591,-0.000637,0.019533,0.996392,0.059268,-0.077483,-0.010106,0.995179,0.075806,-0.028727,0.177860,0.980711,0.310452,-0.437592,0.306454,0.786269,0.227786,-0.507049,0.288004,0.779787,0.032854,0.015612,-0.189026,0.981298,-0.354470,-0.472423,-0.377035,0.713451,-0.309928,-0.527978,-0.330953,0.718091
0.030408,0.058099,-0.004494,0.997837,0.012499,0.176086,0.088386,0.980319,-0.050409,-0.075711,0.069970,0.993394,-0.041865,0.020475,-0.028860,0.998496,0.032897,0.055807,-0.048329,0.996728,0.086891,-0.121654,-0.030509,0.988291,0.082986,-0.001162,0.019730,0.996355,0.056664,-0.078019,-0.011418,0.995275,0.073450,-0.027862,0.176798,0.981107,0.311035,-0.434875,0.304618,0.788257,0.228132,-0.504054,0.286095,0.782327,0.030097,0.015395,-0.190430,0.981119,-0.359717,-0.470217,-0.379096,0.711187,-0.313763,-0.525967,-0.330916,0.717918
0.032950,0.058081,0.000225,0.997768,0.017573,0.173287,0.083194,0.981194,-0.049740,-0.075848,0.063850,0.993829,-0.041753,0.020957,-0.029101,0.998484,0.036334,0.060117,-0.055125,0.996005,0.088130,-0.126242,-0.036472,0.987404,0.083452,-0.001828,0.019990,0.996310,0.054273,-0.078608,-0.012788,0.995345,0.071303,-0.027013,0.175595,0.981505,0.311555,-0.432400,0.302800,0.790111,0.228245,-0.501326,0.284156,0.784749,0.027485,0.015502,-0.192057,0.980876,-0.365606,-0.467684,-0.381643,0.708486,-0.318885,-0.523340,-0.332413,0.716889
0.035322,0.056835,0.005492,0.997743,0.022617,0.170263,0.077681,0.982072,-0.048953,-0.074976,0.057541,0.994319,-0.041626,0.021417,-0.029448,0.998470,0.039858,0.065051,-0.062158,0.995146,0.089396,-0.130994,-0.042639,0.986423,0.083912,-0.002690,0.020400,0.996261,0.052279,-0.079385,-0.014249,0.995370,0.069568,-0.026279,0.174124,0.981912,0.311959,-0.430499,0.301000,0.791676,0.227906,-0.499221,0.282151,0.786910,0.025125,0.016184,-0.194097,0.980527,-0.372837,-0.464533,-0.385141,0.704889,-0.326627,-0.519462,-0.336948,0.714101
0.038529,0.055265,0.010364,0.997674,0.028292,0.166840,0.072251,0.982926,-0.048539,-0.073510,0.051149,0.994798,-0.041889,0.021968,-0.031000,0.998400,0.044453,0.070843,-0.069102,0.994098,0.090395,-0.135591,-0.048857,0.985422,0.084241,-0.004640,0.021215,0.996209,0.051374,-0.080888,-0.015552,0.995277,0.069020,-0.026231,0.172330,0.982268,0.312462,-0.429570,0.299111,0.792698,0.227837,-0.498312,0.280627,0.788050,0.023607,0.016889,-0.196087,0.980157,-0.378802,-0.462100,-0.388345,0.701542,-0.333596,-0.516407,-0.341634,0.710861
0.042152,0.053532,0.015039,0.997563,0.034239,0.163156,0.066865,0.983736,-0.048415,-0.071849,0.044746,0.995234,-0.042447,0.022464,-0.033115,0.998297,0.049702,0.076990,-0.076032,0.992885,0.091481,-0.140220,-0.055152,0.984341,0.084754,-0.007232,0.022152,0.996129,0.051003,-0.082743,-0.016771,0.995124,0.069050,-0.026518,0.170376,0.982599,0.312999,-0.429124,0.297175,0.793456,0.227888,-0.498000,0.279344,0.788689,0.022498,0.017621,-0.198043,0.979777,-0.384140,-0.460016,-0.391395,0.698306,-0.340179,-0.513740,-0.346382,0.707368
0.046935,0.052281,0.017812,0.997370,0.040784,0.158552,0.061352,0.984598,-0.048132,-0.069140,0.038411,0.995705,-0.042821,0.023406,-0.035219,0.998187,0.055996,0.082755,-0.082295,0.991586,0.091010,-0.142975,-0.061657,0.983602,0.084320,-0.012569,0.023737,0.996077,0.052742,-0.085614,-0.017103,0.994784,0.071333,-0.027657,0.167901,0.982831,0.314461,-0.430031,0.295484,0.793017,0.229508,-0.499421,0.277469,0.787982,0.023300,0.017537,-0.199372,0.979490,-0.385325,-0.459604,-0.392074,0.697543,-0.342349,-0.513751,-0.347557,0.705735
0.052233,0.050782,0.019709,0.997148,0.047525,0.153708,0.055901,0.985388,-0.047973,-0.066350,0.032219,0.996122,-0.043305,0.024208,-0.037516,0.998064,0.062697,0.087582,-0.088295,0.990254,0.090652,-0.144382,-0.068213,0.982997,0.084306,-0.018366,0.025151,0.995953,0.055222,-0.088666,-0.017187,0.994381,0.074365,-0.028962,0.165232,0.983021,0.316587,-0.431279,0.294018,0.792038,0.231640,-0.501231,0.275979,0.786732,0.024796,0.017322,-0.200506,0.979225,-0.385289,-0.459705,-0.392175,0.697440,-0.342658,-0.514157,-0.347508,0.705313
0.058564,0.048789,0.019855,0.996893,0.054770,0.148500,0.050556,0.986099,-0.047822,-0.063206,0.026251,0.996508,-0.043768,0.024911,-0.040277,0.997919,0.070000,0.090675,-0.093716,0.988987,0.090072,-0.142868,-0.074730,0.982798,0.084603,-0.024871,0.026424,0.995754,0.059194,-0.092094,-0.016784,0.993848,0.078912,-0.030612,0.162169,0.983126,0.320055,-0.433202,0.293007,0.789967,0.234808,-0.503815,0.275270,0.784386,0.027695,0.016830,-0.201265,0.979001,-0.382791,-0.460840,-0.391130,0.698652,-0.339229,-0.515355,-0.345019,0.707316
0.065435,0.045653,0.019141,0.996628,0.062263,0.143884,0.045321,0.986594,-0.047490,-0.060324,0.020473,0.996838,-0.044062,0.025247,-0.041760,0.997836,0.077432,0.091655,-0.098676,0.987860,0.089961,-0.138144,-0.080992,0.982987,0.085655,-0.030512,0.026747,0.995498,0.064269,-0.095658,-0.016200,0.993205,0.084546,-0.032420,0.159007,0.983116,0.325178,-0.435308,0.292660,0.786840,0.239708,-0.506663,0.275689,0.780915,0.031644,0.016157,-0.201691,0.978805,-0.378696,-0.462431,-0.389097,0.700964,-0.334533,-0.517044,-0.341842,0.709857
0.072572,0.041943,0.017998,0.996318,0.069872,0.139539,0.040134,0.986933,-0.047121,-0.057639,0.014814,0.997115,-0.044313,0.025336,-0.042574,0.997788,0.084903,0.091563,-0.103431,0.986767,0.089990,-0.131864,-0.087138,0.983321,0.087087,-0.035756,0.026594,0.995204,0.069899,-0.099281,-0.015525,0.992480,0.090719,-0.034324,0.155786,0.983017,0.331120,-0.437487,0.292650,0.783148,0.245466,-0.509616,0.276684,0.776843,0.036124,0.015398,-0.201969,0.978604,-0.373770,-0.464245,-0.386576,0.703798,-0.329175,-0.518966,-0.338324,0.712640
0.079454,0.037796,0.016731,0.995981,0.077133,0.136037,0.035053,0.987074,-0.046216,-0.055327,0.009456,0.997353,-0.044021,0.025184,-0.041761,0.997840,0.091901,0.089891,-0.108379,0.985763,0.095343,-0.124208,-0.091843,0.983386,0.093333,-0.038172,0.020556,0.994691,0.076053,-0.102290,-0.014787,0.991733,0.097280,-0.035932,0.153244,0.982732,0.339889,-0.437873,0.293602,0.778807,0.254144,-0.511449,0.277786,0.772441,0.041304,0.014494,-0.201628,0.978484,-0.367826,-0.466048,-0.382929,0.707721,-0.323214,-0.520367,-0.334205,0.716280
0.085357,0.034286,0.014781,0.995651,0.083202,0.133510,0.030146,0.987089,-0.045452,-0.054083,0.004259,0.997492,-0.043816,0.025149,-0.040895,0.997885,0.097831,0.087831,-0.114256,0.984713,0.108962,-0.118462,-0.094783,0.982400,0.107382,-0.038965,0.011624,0.993386,0.081919,-0.104829,-0.014164,0.991009,0.103495,-0.036964,0.151082,0.982393,0.349582,-0.437457,0.295238,0.774118,0.263906,-0.512006,0.279524,0.768160,0.046328,0.013625,-0.201179,0.978364,-0.362079,-0.467708,-0.379294,0.711536,-0.316881,-0.521662,-0.329749,0.720223
0.089312,0.032053,0.011467,0.995422,0.086924,0.133012,0.025601,0.986963,-0.044795,-0.054797,-0.000682,0.997492,-0.043656,0.025519,-0.040008,0.997919,0.101653,0.085054,-0.121926,0.983650,0.139195,-0.116094,-0.094061,0.978928,0.136989,-0.036625,-0.003108,0.989890,0.087206,-0.106426,-0.013765,0.990393,0.109028,-0.036791,0.149704,0.982012,0.361126,-0.435441,0.298256,0.768780,0.275856,-0.510023,0.282501,0.764182,0.051036,0.012838,-0.200467,0.978286,-0.356787,-0.469084,-0.375666,0.715219,-0.309850,-0.522741,-0.324596,0.724825
0.091296,0.030869,0.009171,0.995303,0.088926,0.133389,0.020966,0.986843,-0.044247,-0.055817,-0.005675,0.997444,-0.043615,0.025760,-0.039955,0.997917,0.103750,0.081911,-0.131059,0.982522,0.178104,-0.123125,-0.090489,0.972076,0.172653,-0.027257,-0.025611,0.984272,0.091047,-0.107275,-0.013752,0.989956,0.113087,-0.035297,0.148758,0.981752,0.372218,-0.432644,0.301981,0.763597,0.287479,-0.507309,0.286613,0.760162,0.054601,0.011495,-0.199551,0.978298,-0.352429,-0.470348,-0.371872,0.718525,-0.304598,-0.523098,-0.320435,0.728636
0.092295,0.030209,0.007385,0.995246,0.090073,0.134200,0.016290,0.986718,-0.043736,-0.056989,-0.010693,0.997359,-0.043623,0.025934,-0.040318,0.997897,0.104959,0.078584,-0.140914,0.981301,0.220948,-0.133941,-0.084391,0.962351,0.211537,-0.015218,-0.052574,0.975836,0.094161,-0.107753,-0.013932,0.989610,0.116405,-0.033140,0.148021,0.981551,0.383033,-0.429423,0.306065,0.758424,0.298893,-0.504186,0.291297,0.756046,0.057596,0.009880,-0.198522,0.978353,-0.348527,-0.471546,-0.367990,0.721635,-0.300220,-0.523093,-0.316774,0.732049
0.093310,0.031091,0.006088,0.995133,0.091434,0.133919,0.011418,0.986699,-0.042959,-0.056948,-0.015584,0.997331,-0.043314,0.026584,-0.042060,0.997822,0.105484,0.071596,-0.148452,0.980668,0.260777,-0.155282,-0.074091,0.949944,0.250409,-0.022514,-0.065742,0.965643,0.096118,-0.107263,-0.014037,0.989474,0.118366,-0.030886,0.147598,0.981453,0.389166,-0.426957,0.308997,0.755499,0.307568,-0.501627,0.296192,0.752358,0.059704,0.008957,-0.197251,0.978492,-0.347350,-0.472007,-0.365548,0.723141,-0.298300,-0.522962,-0.313867,0.734177
0.095111,0.032122,0.004981,0.994936,0.093620,0.133008,0.006650,0.986661,-0.042423,-0.056545,-0.020417,0.997289,-0.043230,0.027569,-0.044227,0.997705,0.106777,0.065584,-0.154486,0.980016,0.294633,-0.178976,-0.061789,0.936665,0.284000,-0.036176,-0.076192,0.955107,0.098113,-0.106570,-0.013990,0.989354,0.120273,-0.029123,0.147117,0.981347,0.393569,-0.424940,0.311050,0.753510,0.313806,-0.499636,0.299978,0.749602,0.061915,0.008187,-0.195857,0.978642,-0.346706,-0.472298,-0.363284,0.724400,-0.297496,-0.522947,-0.311412,0.735558
0.098486,0.033449,0.004252,0.994567,0.097447,0.130834,0.002102,0.986601,-0.042397,-0.055425,-0.025112,0.997246,-0.043608,0.029211,-0.047220,0.997505,0.109725,0.061526,-0.157524,0.979470,0.317345,-0.209166,-0.047028,0.923759,0.307452,-0.062136,-0.081115,0.946062,0.100187,-0.105480,-0.013644,0.989268,0.122076,-0.028355,0.146526,0.981236,0.394582,-0.423872,0.311320,0.753470,0.315276,-0.498873,0.301533,0.748869,0.064326,0.007708,-0.194229,0.978815,-0.347141,-0.472265,-0.361381,0.725164,-0.298951,-0.523174,-0.309869,0.735458
0.102445,0.035110,0.003809,0.994112,0.101904,0.128228,-0.002323,0.986493,-0.042079,-0.054053,-0.029528,0.997214,-0.043643,0.031000,-0.051059,0.997260,0.113197,0.059758,-0.154859,0.979609,0.325886,-0.240589,-0.030815,0.913764,0.317180,-0.089995,-0.078255,0.940837,0.102314,-0.103801,-0.013321,0.989232,0.123740,-0.027981,0.145706,0.981160,0.393502,-0.423221,0.310432,0.754766,0.313171,-0.498586,0.300126,0.750507,0.066864,0.007973,-0.192832,0.978919,-0.348899,-0.471764,-0.360653,0.725009,-0.301827,-0.522983,-0.309234,0.734687
0.106694,0.036938,0.003508,0.993599,0.106662,0.125385,-0.006664,0.986335,-0.041660,-0.052592,-0.033763,0.997175,-0.043546,0.032826,-0.055277,0.996981,0.116944,0.059177,-0.149336,0.980062,0.326987,-0.272624,-0.014250,0.904739,0.319624,-0.118686,-0.071741,0.937340,0.104469,-0.101829,-0.013016,0.989216,0.125333,-0.027807,0.144768,0.981102,0.391373,-0.422782,0.308955,0.756723,0.309274,-0.498538,0.297223,0.753305,0.069464,0.008612,-0.191553,0.978983,-0.351316,-0.471019,-0.360523,0.724390,-0.305406,-0.522571,-0.309062,0.733571
0.110396,0.038657,0.003728,0.993129,0.110918,0.123702,-0.010684,0.986043,-0.040941,-0.052103,-0.037782,0.997087,-0.043228,0.033796,-0.057375,0.996844,0.119834,0.060784,-0.135200,0.981665,0.313813,-0.301581,0.003134,0.900311,0.309294,-0.143494,-0.053399,0.938560,0.106719,-0.099642,-0.013008,0.989198,0.126934,-0.027799,0.143806,0.981038,0.388734,-0.422782,0.307384,0.758720,0.305059,-0.498054,0.294737,0.756314,0.072204,0.009077,-0.190620,0.978963,-0.353002,-0.470273,-0.360083,0.724275,-0.309171,-0.521875,-0.310119,0.732043
0.113866,0.040141,0.003888,0.992677,0.114903,0.122262,-0.014607,0.985716,-0.040178,-0.051672,-0.041688,0.996984,-0.042866,0.034713,-0.059358,0.996712,0.122297,0.062286,-0.119241,0.983334,0.298617,-0.327692,0.020152,0.896125,0.297480,-0.166624,-0.032652,0.939509,0.109089,-0.097488,-0.013120,0.989153,0.128661,-0.027752,0.142898,0.980947,0.386405,-0.422935,0.306129,0.760330,0.301094,-0.497739,0.292488,0.758979,0.075044,0.009463,-0.189765,0.978912,-0.354136,-0.469684,-0.359465,0.724410,-0.312165,-0.521084,-0.311252,0.730854
0.116876,0.041154,0.003930,0.992286,0.118369,0.121347,-0.018368,0.985356,-0.039266,-0.051287,-0.045426,0.996877,-0.042351,0.035592,-0.061176,0.996593,0.123949,0.063484,-0.099646,0.985229,0.280330,-0.348549,0.037241,0.893612,0.283596,-0.186736,-0.006638,0.940563,0.111695,-0.095404,-0.013463,0.989061,0.130637,-0.027626,0.142099,0.980805,0.384700,-0.423387,0.305524,0.761186,0.297648,-0.497759,0.290729,0.760998,0.078084,0.009689,-0.189067,0.978807,-0.354173,-0.469421,-0.358489,0.725046,-0.313636,-0.520129,-0.312531,0.730358
0.119490,0.042291,0.003907,0.991927,0.121400,0.120686,-0.021890,0.984996,-0.038635,-0.050954,-0.049001,0.996750,-0.042095,0.036498,-0.063318,0.996437,0.124947,0.064256,-0.077119,0.987072,0.259522,-0.363173,0.053772,0.893231,0.267587,-0.204859,0.021935,0.941249,0.114784,-0.093306,-0.013995,0.988900,0.133114,-0.027118,0.141516,0.980570,0.384316,-0.423722,0.305993,0.761005,0.296804,-0.498343,0.290696,0.760958,0.081541,0.010115,-0.188216,0.978685,-0.352762,-0.469365,-0.357094,0.726457,-0.312538,-0.519919,-0.311825,0.731279
0.121907,0.043488,0.003851,0.991581,0.124215,0.120145,-0.025289,0.984630,-0.038150,-0.050662,-0.052488,0.996606,-0.041975,0.037402,-0.065615,0.996260,0.125655,0.064845,-0.053093,0.988528,0.237363,-0.374125,0.070051,0.893746,0.250306,-0.221683,0.051563,0.941034,0.118113,-0.091205,-0.014623,0.988695,0.135843,-0.026421,0.141043,0.980283,0.384592,-0.423998,0.307004,0.760305,0.297261,-0.499210,0.291530,0.759892,0.085205,0.010647,-0.187285,0.978545,-0.350624,-0.469405,-0.355489,0.728251,-0.310156,-0.520075,-0.310125,0.732903
0.124780,0.044444,0.004078,0.991180,0.127522,0.119342,-0.028630,0.984213,-0.037338,-0.050010,-0.055791,0.996490,-0.041534,0.038672,-0.067280,0.996119,0.126445,0.066076,-0.022488,0.989515,0.204715,-0.373209,0.084113,0.900962,0.222839,-0.224948,0.084146,0.944807,0.121681,-0.089283,-0.015186,0.988429,0.138888,-0.025436,0.141159,0.979866,0.387348,-0.423858,0.309597,0.757928,0.300211,-0.498993,0.294392,0.757768,0.089123,0.010694,-0.186442,0.978357,-0.347157,-0.469522,-0.352839,0.731119,-0.306651,-0.520081,-0.307039,0.735668
0.128073,0.045141,0.004677,0.990726,0.131311,0.118399,-0.031992,0.983725,-0.036427,-0.049188,-0.059091,0.996374,-0.040989,0.039828,-0.068990,0.995979,0.127642,0.066987,0.009427,0.989511,0.169409,-0.366156,0.097394,0.909805,0.192582,-0.220409,0.117152,0.949003,0.125363,-0.087440,-0.015642,0.988126,0.142068,-0.024479,0.141435,0.979395,0.390434,-0.423514,0.312345,0.755406,0.303569,-0.498580,0.297748,0.755387,0.093135,0.010802,-0.185677,0.978127,-0.343742,-0.469506,-0.350228,0.733994,-0.303142,-0.519698,-0.304469,0.738456
0.132207,0.045319,0.006019,0.990167,0.136066,0.117184,-0.035408,0.983107,-0.035307,-0.048001,-0.062400,0.996271,-0.040209,0.040779,-0.070808,0.995845,0.129671,0.067212,0.043905,0.988302,0.129161,-0.347969,0.109569,0.922079,0.157082,-0.200842,0.152154,0.954901,0.129275,-0.085755,-0.015880,0.987766,0.145515,-0.023574,0.142026,0.978825,0.394196,-0.422771,0.315381,0.752601,0.307754,-0.497780,0.302073,0.752499,0.097331,0.011018,-0.185080,0.977830,-0.340446,-0.469245,-0.347704,0.736891,-0.299632,-0.518572,-0.302943,0.741303
0.136981,0.044697,0.007800,0.989534,0.141524,0.116308,-0.038836,0.982311,-0.034026,-0.046877,-0.065826,0.996148,-0.039313,0.041775,-0.072162,0.995742,0.132946,0.065095,0.073405,0.986255,0.096009,-0.320465,0.119845,0.934731,0.126697,-0.173738,0.183402,0.959232,0.133220,-0.084195,-0.015790,0.987377,0.149015,-0.022895,0.142683,0.978219,0.397554,-0.421910,0.318015,0.750206,0.311692,-0.497142,0.305722,0.749821,0.101473,0.011815,-0.184722,0.977467,-0.337568,-0.468531,-0.345863,0.739531,-0.296675,-0.517500,-0.301131,0.743974
0.142073,0.043673,0.009800,0.988844,0.147334,0.115564,-0.042278,0.981402,-0.032670,-0.045840,-0.069307,0.996006,-0.038369,0.042739,-0.073281,0.995656,0.136983,0.061932,0.100410,0.983523,0.067035,-0.287210,0.130596,0.946552,0.098985,-0.142217,0.213958,0.961352,0.137179,-0.082703,-0.015549,0.986965,0.152539,-0.022334,0.143365,0.977589,0.400708,-0.420990,0.320437,0.748011,0.315501,-0.496588,0.309022,0.747239,0.105582,0.012895,-0.184496,0.977061,-0.334895,-0.467597,-0.344374,0.742028,-0.293992,-0.516457,-0.299186,0.746544
0.148025,0.042214,0.012161,0.988007,0.154075,0.116174,-0.045526,0.980149,-0.031076,-0.046038,-0.073024,0.995782,-0.037264,0.044533,-0.076510,0.995377,0.142941,0.055778,0.115978,0.981329,0.052699,-0.244991,0.135720,0.958531,0.082020,-0.109360,0.230683,0.963379,0.140800,-0.081871,-0.014634,0.986539,0.155838,-0.022703,0.144368,0.976912,0.402415,-0.420438,0.321784,0.746826,0.317735,-0.495855,0.311224,0.745864,0.109301,0.013611,-0.183943,0.976746,-0.332140,-0.467512,-0.342888,0.744005,-0.291552,-0.516000,-0.298658,0.748028
0.153709,0.040948,0.014502,0.987161,0.160579,0.116868,-0.048828,0.978863,-0.029573,-0.046216,-0.076811,0.995535,-0.036253,0.046150,-0.079961,0.995069,0.148830,0.050491,0.127451,0.979314,0.043363,-0.201445,0.139772,0.968506,0.068360,-0.075397,0.236563,0.966271,0.144412,-0.081207,-0.013490,0.986087,0.159154,-0.023304,0.145491,0.976196,0.403771,-0.419950,0.322892,0.745890,0.319209,-0.495209,0.312933,0.744947,0.112969,0.014458,-0.183262,0.976444,-0.329312,-0.467602,-0.341556,0.745816,-0.288981,-0.515809,-0.297715,0.749531
0.158864,0.040069,0.016804,0.986344,0.166599,0.117805,-0.052210,0.977569,-0.028273,-0.046231,-0.080732,0.995262,-0.035429,0.047539,-0.083841,0.994714,0.154356,0.046671,0.130702,0.978219,0.042679,-0.157412,0.138832,0.976794,0.061896,-0.040396,0.218556,0.973021,0.148014,-0.080874,-0.011874,0.985602,0.162509,-0.024365,0.146859,0.975412,0.404427,-0.419587,0.323536,0.745460,0.319170,-0.494743,0.313673,0.744963,0.116545,0.015572,-0.182314,0.976185,-0.326348,-0.468043,-0.340522,0.747314,-0.286158,-0.516140,-0.295926,0.751093
0.162866,0.040225,0.016846,0.985684,0.171039,0.119182,-0.055537,0.976451,-0.027018,-0.045976,-0.084546,0.994992,-0.034630,0.048585,-0.087111,0.994410,0.158423,0.046800,0.128775,0.977818,0.051768,-0.126457,0.136355,0.981191,0.067306,-0.014976,0.188516,0.979647,0.151044,-0.080929,-0.009581,0.985162,0.165445,-0.025175,0.148164,0.974701,0.404778,-0.418965,0.323996,0.745419,0.319894,-0.493980,0.314271,0.744906,0.119569,0.016512,-0.181159,0.976018,-0.323870,-0.468383,-0.339410,0.748683,-0.283366,-0.516761,-0.294583,0.752251
0.166291,0.040899,0.015760,0.985102,0.174682,0.120787,-0.058833,0.975415,-0.025786,-0.045582,-0.088311,0.994715,-0.033846,0.049465,-0.090081,0.994129,0.161776,0.048883,0.124240,0.977754,0.065637,-0.102093,0.132471,0.983728,0.079204,0.004927,0.151794,0.985221,0.153779,-0.081161,-0.006944,0.984742,0.168157,-0.025849,0.149441,0.974024,0.404962,-0.418206,0.324368,0.745584,0.320986,-0.493061,0.314801,0.744822,0.122318,0.017381,-0.179897,0.975896,-0.321634,-0.468662,-0.338262,0.749991,-0.280590,-0.517518,-0.293463,0.753209
0.169874,0.042478,0.013622,0.984456,0.178287,0.122701,-0.062180,0.974316,-0.024683,-0.044923,-0.092231,0.994417,-0.033125,0.050216,-0.094133,0.993740,0.164548,0.057466,0.121338,0.977189,0.064187,-0.108215,0.129722,0.983535,0.079006,0.009063,0.126422,0.988784,0.156222,-0.080602,-0.002814,0.984424,0.170489,-0.025717,0.150480,0.973462,0.405630,-0.416863,0.325066,0.745669,0.321222,-0.490897,0.315387,0.745901,0.125127,0.018932,-0.178930,0.975689,-0.320479,-0.468827,-0.338401,0.750320,-0.278928,-0.517595,-0.291479,0.754542
0.172978,0.043835,0.010810,0.983890,0.181251,0.124691,-0.065450,0.973302,-0.023868,-0.044192,-0.096105,0.994103,-0.032658,0.051077,-0.098747,0.993264,0.167204,0.062010,0.118219,0.976843,0.063988,-0.109516,0.126469,0.983828,0.079467,0.013691,0.107091,0.990974,0.158285,-0.079997,0.001337,0.984147,0.172447,-0.025528,0.151405,0.972978,0.406275,-0.415600,0.325709,0.745742,0.321310,-0.488551,0.316639,0.746872,0.127661,0.020084,-0.178153,0.975480,-0.319405,-0.469080,-0.338375,0.750630,-0.277754,-0.517794,-0.290155,0.755349
0.175126,0.044748,0.006648,0.983506,0.182929,0.126853,-0.068567,0.972494,-0.023650,-0.043274,-0.099890,0.993776,-0.032712,0.052209,-0.104478,0.992617,0.169722,0.058501,0.114774,0.977036,0.066117,-0.101092,0.122421,0.985100,0.080890,0.019347,0.100177,0.991487,0.159625,-0.079334,0.005528,0.983969,0.173705,-0.025239,0.152095,0.972654,0.406910,-0.414500,0.326250,0.745771,0.321138,-0.485839,0.319237,0.747609,0.129645,0.020412,-0.177749,0.975285,-0.318514,-0.469523,-0.338000,0.750902,-0.277576,-0.518267,-0.290127,0.755100
0.175242,0.045352,0.002113,0.983478,0.182464,0.130116,-0.071295,0.971954,-0.023501,-0.042539,-0.103396,0.993452,-0.032630,0.052205,-0.111542,0.991851,0.170106,0.055874,0.111738,0.977475,0.067932,-0.093790,0.118967,0.986121,0.081969,0.022069,0.091397,0.992190,0.160040,-0.078811,0.008974,0.983918,0.174064,-0.025172,0.153067,0.972439,0.406887,-0.413339,0.326327,0.746394,0.321081,-0.483461,0.320337,0.748703,0.130662,0.020282,-0.177170,0.975257,-0.317748,-0.470268,-0.337441,0.751011,-0.277425,-0.519194,-0.289401,0.754798
0.174340,0.045800,-0.002609,0.983616,0.180891,0.133923,-0.073821,0.971542,-0.023409,-0.041889,-0.106754,0.993127,-0.032501,0.051640,-0.119258,0.990987,0.169437,0.053685,0.108897,0.978034,0.069595,-0.087043,0.115785,0.987003,0.082903,0.023323,0.081663,0.992932,0.159985,-0.078350,0.012046,0.983931,0.173962,-0.025207,0.154180,0.972281,0.406526,-0.412139,0.326174,0.747321,0.321073,-0.481243,0.320692,0.749983,0.131183,0.019935,-0.176503,0.975315,-0.317053,-0.471154,-0.336800,0.751037,-0.277296,-0.520335,-0.288334,0.754468
0.171073,0.046732,-0.006574,0.984127,0.176866,0.146303,-0.074180,0.970470,-0.020049,-0.049265,-0.109559,0.992556,-0.029569,0.045812,-0.124597,0.990708,0.165935,0.055500,0.106210,0.978828,0.070747,-0.084958,0.113288,0.987392,0.083723,0.022026,0.068861,0.993863,0.158853,-0.078299,0.014078,0.984092,0.172932,-0.025054,0.155360,0.972281,0.406666,-0.410686,0.326120,0.748068,0.319148,-0.478839,0.319120,0.753008,0.130500,0.018828,-0.176070,0.975507,-0.316495,-0.472543,-0.336081,0.750721,-0.276570,-0.522478,-0.286704,0.753875
0.167706,0.047338,-0.010355,0.984645,0.172565,0.158375,-0.074472,0.969326,-0.017078,-0.056108,-0.112106,0.991964,-0.026804,0.038911,-0.131527,0.990186,0.162316,0.057360,0.103383,0.979630,0.071979,-0.082856,0.110682,0.987777,0.084501,0.020554,0.058301,0.994504,0.157578,-0.078292,0.015969,0.984268,0.171772,-0.024924,0.156850,0.972251,0.407112,-0.409240,0.326397,0.748497,0.317943,-0.475907,0.318182,0.755768,0.129639,0.017723,-0.175298,0.975782,-0.315987,-0.474162,-0.335342,0.750245,-0.276001,-0.524655,-0.285033,0.753205
0.164143,0.047294,-0.013766,0.985206,0.167953,0.169877,-0.074703,0.968170,-0.014745,-0.061915,-0.114414,0.991392,-0.024285,0.029830,-0.141895,0.989134,0.158478,0.059326,0.100274,0.980464,0.073387,-0.080720,0.107850,0.988163,0.085228,0.018752,0.052229,0.994815,0.156057,-0.078391,0.017579,0.984476,0.170388,-0.024854,0.158960,0.972153,0.408204,-0.407819,0.327336,0.748268,0.318236,-0.471925,0.318523,0.757994,0.128469,0.016595,-0.173851,0.976215,-0.315551,-0.476265,-0.334532,0.749458,-0.275718,-0.526931,-0.283250,0.752391
0.160402,0.047849,-0.015371,0.985772,0.163733,0.180475,-0.075392,0.966921,-0.012011,-0.066843,-0.116673,0.990846,-0.021075,0.018008,-0.157460,0.987136,0.154543,0.061181,0.096970,0.981310,0.074482,-0.079143,0.104827,0.988534,0.085746,0.018266,0.050298,0.994879,0.154111,-0.078490,0.018810,0.984751,0.168589,-0.024741,0.161428,0.972063,0.409179,-0.407165,0.329012,0.747356,0.317659,-0.468745,0.319967,0.759600,0.126863,0.015198,-0.171976,0.976780,-0.314994,-0.478687,-0.333375,0.748664,-0.275684,-0.529799,-0.281322,0.751112
0.156570,0.048704,-0.016071,0.986334,0.159744,0.190624,-0.076272,0.965571,-0.009033,-0.071297,-0.118787,0.990315,-0.017734,0.004771,-0.175425,0.984322,0.150570,0.062999,0.093572,0.982143,0.075435,-0.077809,0.101717,0.988893,0.086181,0.018477,0.050444,0.994830,0.151949,-0.078595,0.019852,0.985058,0.166582,-0.024617,0.164075,0.971969,0.410095,-0.406916,0.331045,0.746090,0.316650,-0.465983,0.321946,0.760883,0.125035,0.013657,-0.169891,0.977403,-0.314387,-0.481283,-0.332041,0.747847,-0.275781,-0.532972,-0.279315,0.749580
0.150858,0.049849,-0.016410,0.987161,0.154042,0.199220,-0.076612,0.964735,-0.011464,-0.074879,-0.121881,0.989650,-0.020208,-0.008067,-0.206062,0.978297,0.144781,0.064397,0.090388,0.983220,0.075753,-0.077069,0.098864,0.989216,0.085968,0.017218,0.047799,0.995002,0.149047,-0.078802,0.020243,0.985477,0.163776,-0.025162,0.166754,0.971976,0.408704,-0.408974,0.333057,0.744831,0.313991,-0.464173,0.325145,0.761731,0.122433,0.011648,-0.166957,0.978264,-0.314253,-0.483673,-0.329863,0.747326,-0.275977,-0.535888,-0.277792,0.747992
0.143896,0.051189,-0.016578,0.988129,0.147391,0.207083,-0.077526,0.964045,-0.015721,-0.077483,-0.126086,0.988864,-0.025017,-0.020760,-0.233426,0.971831,0.137780,0.065677,0.087058,0.984441,0.075976,-0.076745,0.095969,0.989509,0.085672,0.015415,0.043603,0.995249,0.145939,-0.079033,0.020570,0.985917,0.160731,-0.026071,0.169347,0.972012,0.406246,-0.411467,0.334498,0.744157,0.309823,-0.463481,0.327140,0.763004,0.119617,0.009699,-0.163944,0.979142,-0.314621,-0.485474,-0.327581,0.747007,-0.276902,-0.538339,-0.275917,0.746583
0.134434,0.052918,-0.016403,0.989373,0.138883,0.213530,-0.079670,0.963727,-0.023627,-0.078131,-0.132574,0.987806,-0.033527,-0.033239,-0.254631,0.965885,0.128350,0.066717,0.083425,0.985959,0.076005,-0.077282,0.092964,0.989752,0.085178,0.012503,0.036277,0.995627,0.142426,-0.079311,0.020778,0.986404,0.157211,-0.027696,0.171774,0.972117,0.401647,-0.414800,0.334818,0.744659,0.302587,-0.465000,0.326772,0.765138,0.116377,0.007883,-0.160757,0.980077,-0.315981,-0.486063,-0.325091,0.747138,-0.279267,-0.539829,-0.273335,0.745575
0.126034,0.054679,-0.016089,0.990387,0.130589,0.221733,-0.077883,0.963180,-0.033982,-0.079808,-0.137085,0.986754,-0.044332,-0.039514,-0.263725,0.962768,0.119887,0.068804,0.079817,0.987179,0.075876,-0.079255,0.090108,0.989870,0.084742,0.010392,0.029707,0.995906,0.138654,-0.079511,0.020996,0.986921,0.153447,-0.029148,0.173887,0.972300,0.396450,-0.418164,0.334822,0.745560,0.293748,-0.466759,0.325665,0.767978,0.112872,0.006444,-0.157958,0.980952,-0.318722,-0.485355,-0.323140,0.747280,-0.282833,-0.539429,-0.271641,0.745140
0.118161,0.056455,-0.015705,0.991264,0.122350,0.230748,-0.074076,0.962444,-0.045531,-0.081975,-0.140830,0.985583,-0.056171,-0.042758,-0.267001,0.961107,0.111920,0.071442,0.076238,0.988209,0.075700,-0.081894,0.087369,0.989914,0.084361,0.008733,0.023557,0.996118,0.134750,-0.079674,0.021218,0.987443,0.149560,-0.030523,0.175837,0.972513,0.390949,-0.421541,0.334651,0.746640,0.284070,-0.468617,0.324189,0.771106,0.109232,0.005182,-0.155360,0.981787,-0.322149,-0.484004,-0.321452,0.747415,-0.286991,-0.538089,-0.270384,0.744976
0.112267,0.057753,-0.015297,0.991880,0.114634,0.234945,-0.064346,0.963078,-0.069428,-0.077877,-0.142916,0.984220,-0.079426,-0.032141,-0.267861,0.959640,0.106200,0.071786,0.073070,0.989055,0.075753,-0.081926,0.084552,0.990152,0.083945,0.007425,0.022045,0.996199,0.130272,-0.079911,0.021705,0.988014,0.145275,-0.030929,0.177141,0.972913,0.385232,-0.424729,0.334602,0.747826,0.276067,-0.470804,0.324658,0.772482,0.104980,0.004498,-0.153736,0.982509,-0.327472,-0.481236,-0.321139,0.747023,-0.292112,-0.535192,-0.271282,0.744746
0.106431,0.059004,-0.014951,0.992455,0.106706,0.237739,-0.053648,0.963958,-0.096175,-0.071675,-0.144832,0.982159,-0.105222,-0.020290,-0.268282,0.957362,0.100545,0.072068,0.069959,0.989850,0.075779,-0.082019,0.081788,0.990374,0.083529,0.006092,0.019974,0.996286,0.125744,-0.080186,0.022154,0.988569,0.140964,-0.031261,0.178346,0.973316,0.379341,-0.428056,0.334552,0.748962,0.268341,-0.473064,0.324776,0.773773,0.100644,0.003991,-0.152322,0.983185,-0.332941,-0.478379,-0.321166,0.746428,-0.297577,-0.532166,-0.272551,0.744287
0.100717,0.060161,-0.014729,0.992985,0.098458,0.237825,-0.041055,0.965432,-0.128657,-0.061409,-0.145817,0.978986,-0.136116,-0.006086,-0.267566,0.953857,0.095018,0.072178,0.066971,0.990594,0.075741,-0.082312,0.079134,0.990568,0.083087,0.004632,0.016790,0.996390,0.121121,-0.080530,0.022538,0.989109,0.136603,-0.031428,0.179362,0.973746,0.373110,-0.431661,0.334534,0.750030,0.261177,-0.475476,0.324211,0.774982,0.096150,0.003856,-0.151308,0.983792,-0.338712,-0.475333,-0.321891,0.745465,-0.303741,-0.528877,-0.274584,0.743394
0.094199,0.061497,-0.014395,0.993548,0.089723,0.236187,-0.028953,0.967123,-0.161062,-0.047703,-0.145075,0.975057,-0.166388,0.008161,-0.265581,0.949587,0.088752,0.071675,0.064143,0.991399,0.075388,-0.082572,0.076564,0.990776,0.082389,0.003644,0.014241,0.996492,0.116266,-0.080840,0.022568,0.989666,0.132033,-0.031337,0.180002,0.974261,0.366966,-0.434947,0.334195,0.751313,0.254054,-0.478798,0.323744,0.775499,0.091334,0.004397,-0.150810,0.984325,-0.344559,-0.472086,-0.323634,0.744094,-0.309683,-0.525655,-0.277036,0.742317
0.087276,0.062921,-0.014003,0.994096,0.080774,0.233594,-0.017124,0.968822,-0.193295,-0.032164,-0.142784,0.970162,-0.196197,0.022546,-0.262493,0.944508,0.082109,0.070889,0.061374,0.992203,0.074874,-0.082778,0.074009,0.990992,0.081562,0.002929,0.011981,0.996592,0.111294,-0.081133,0.022415,0.990217,0.127358,-0.031119,0.180453,0.974807,0.360860,-0.438075,0.333677,0.752682,0.246953,-0.482578,0.323289,0.775640,0.086356,0.005276,-0.150566,0.984807,-0.350437,-0.468732,-0.325870,0.742491,-0.315510,-0.522463,-0.279684,0.741122
0.078885,0.064848,-0.012808,0.994690,0.071369,0.231191,-0.007792,0.970256,-0.215121,-0.013651,-0.136061,0.966966,-0.215406,0.030687,-0.250594,0.943325,0.074083,0.069931,0.058326,0.993086,0.074193,-0.083922,0.071284,0.991146,0.080604,0.002270,0.011087,0.996682,0.105883,-0.081273,0.021871,0.990810,0.122303,-0.030160,0.180627,0.975452,0.355621,-0.440180,0.333161,0.754174,0.242107,-0.486121,0.321778,0.775583,0.080896,0.006721,-0.150689,0.985243,-0.355737,-0.465502,-0.328846,0.740688,-0.320632,-0.519824,-0.282914,0.739553
0.070518,0.066744,-0.011459,0.995209,0.061959,0.229484,0.001648,0.971337,-0.233510,0.003918,-0.127761,0.963916,-0.231669,0.036927,-0.234779,0.943316,0.066057,0.069361,0.055152,0.993873,0.073566,-0.085531,0.068513,0.991251,0.079738,0.001690,0.009991,0.996764,0.100408,-0.081358,0.021244,0.991387,0.117191,-0.029025,0.180931,0.976057,0.350901,-0.441777,0.332746,0.755633,0.238050,-0.489090,0.320694,0.775422,0.075374,0.008229,-0.150851,0.985644,-0.360571,-0.462415,-0.331796,0.738967,-0.325237,-0.517019,-0.286262,0.738218
0.062205,0.068585,-0.009806,0.995656,0.052526,0.229309,0.011386,0.971869,-0.245340,0.019547,-0.117360,0.962109,-0.242174,0.039471,-0.211519,0.946073,0.058057,0.069510,0.051782,0.994543,0.073063,-0.088163,0.065731,0.991246,0.079061,0.001177,0.008569,0.996832,0.094804,-0.081336,0.020461,0.991957,0.111965,-0.027537,0.181490,0.976610,0.347227,-0.442357,0.332574,0.757065,0.235569,-0.490924,0.320537,0.775085,0.069727,0.009865,-0.151095,0.986008,-0.364487,-0.459624,-0.334720,0.737467,-0.328827,-0.513893,-0.289860,0.737406
0.055324,0.070345,-0.008738,0.995949,0.044260,0.228597,0.021046,0.972287,-0.254153,0.033798,-0.105807,0.960765,-0.249840,0.043559,-0.194524,0.947546,0.051446,0.069607,0.048687,0.995057,0.072774,-0.090451,0.063150,0.991229,0.078600,0.000723,0.006930,0.996882,0.089487,-0.081017,0.019567,0.992495,0.106924,-0.026024,0.182155,0.977092,0.344092,-0.442102,0.332228,0.758796,0.234036,-0.491923,0.320590,0.774894,0.064374,0.011961,-0.151411,0.986300,-0.367935,-0.456900,-0.337987,0.735955,-0.331808,-0.510870,-0.293655,0.736670
0.049160,0.072064,-0.007963,0.996156,0.036586,0.227562,0.030652,0.972593,-0.261316,0.047257,-0.093625,0.959539,-0.256034,0.048380,-0.180623,0.948410,0.045527,0.069687,0.045721,0.995480,0.072596,-0.092546,0.060664,0.991204,0.078249,0.000320,0.005175,0.996920,0.084313,-0.080545,0.018613,0.993004,0.101970,-0.024501,0.182874,0.977527,0.341220,-0.441429,0.331799,0.760670,0.232966,-0.492513,0.320754,0.774774,0.059167,0.014290,-0.151761,0.986541,-0.371141,-0.454199,-0.341423,0.734431,-0.334481,-0.507883,-0.297543,0.735966
0.044435,0.073533,-0.008074,0.996270,0.029697,0.227554,0.040922,0.972452,-0.260116,0.055912,-0.079358,0.960685,-0.254474,0.056631,-0.165499,0.951129,0.040996,0.069340,0.043159,0.995816,0.072376,-0.094045,0.058381,0.991216,0.077838,-0.000008,0.004353,0.996957,0.079834,-0.079604,0.017469,0.993471,0.097466,-0.023574,0.183622,0.977869,0.338715,-0.440151,0.330728,0.762993,0.231057,-0.491605,0.319976,0.776243,0.054661,0.017257,-0.152116,0.986699,-0.373564,-0.451907,-0.345410,0.732749,-0.337051,-0.505868,-0.301283,0.734658
0.039896,0.074999,-0.008345,0.996350,0.022781,0.228185,0.051496,0.971988,-0.256349,0.061812,-0.064799,0.962427,-0.250599,0.063857,-0.149366,0.954365,0.036640,0.068981,0.040600,0.996118,0.072269,-0.095568,0.056114,0.991209,0.077546,-0.000280,0.003492,0.996983,0.075475,-0.078563,0.016227,0.993916,0.093020,-0.022838,0.184293,0.978193,0.336035,-0.438852,0.329380,0.765505,0.229022,-0.490626,0.318727,0.777977,0.050285,0.020196,-0.152455,0.986824,-0.375702,-0.449742,-0.349304,0.731140,-0.339559,-0.504011,-0.305355,0.733097
0.035729,0.076458,-0.008937,0.996392,0.015778,0.230204,0.062697,0.970992,-0.247837,0.062373,-0.049591,0.965519,-0.242321,0.069258,-0.131240,0.958781,0.032640,0.068572,0.038065,0.996385,0.072385,-0.097185,0.053901,0.991166,0.077489,-0.000486,0.002572,0.996990,0.071358,-0.077326,0.014795,0.994339,0.088698,-0.022471,0.184807,0.978506,0.333014,-0.437501,0.327474,0.768411,0.226746,-0.489495,0.316530,0.780250,0.046167,0.023078,-0.152774,0.986912,-0.377292,-0.447852,-0.353020,0.729695,-0.341949,-0.502487,-0.310094,0.731040
0.032198,0.077521,-0.009501,0.996425,0.009296,0.232638,0.073807,0.969714,-0.237711,0.057987,-0.034898,0.968975,-0.232537,0.070186,-0.114990,0.963212,0.029273,0.068080,0.035619,0.996614,0.072429,-0.098552,0.051684,0.991146,0.077345,-0.000653,0.001924,0.997002,0.067710,-0.075960,0.013189,0.994722,0.084762,-0.022291,0.184919,0.978838,0.329920,-0.436509,0.325357,0.771204,0.223570,-0.488533,0.314001,0.782787,0.042492,0.026104,-0.153196,0.986937,-0.378763,-0.445844,-0.356763,0.728341,-0.343610,-0.500732,-0.314042,0.729779
0.028983,0.078385,-0.010050,0.996451,0.003038,0.235228,0.084866,0.968223,-0.227103,0.050789,-0.020164,0.972337,-0.222243,0.068568,-0.099451,0.967479,0.026220,0.067551,0.033215,0.996818,0.072437,-0.099785,0.049463,0.991135,0.077157,-0.000793,0.001409,0.997018,0.064296,-0.074526,0.011499,0.995078,0.081019,-0.022204,0.184829,0.979174,0.326783,-0.435692,0.323136,0.773931,0.219937,-0.487649,0.311305,0.785440,0.039032,0.029200,-0.153662,0.986920,-0.380173,-0.443768,-0.360515,0.727026,-0.344911,-0.498853,-0.317592,0.728915
0.026455,0.078204,-0.010575,0.996530,-0.002597,0.238091,0.095542,0.966529,-0.216502,0.037303,-0.006768,0.975546,-0.212325,0.060896,-0.083922,0.971682,0.023829,0.067478,0.030675,0.996964,0.072513,-0.101045,0.047142,0.991115,0.077031,-0.000805,0.001246,0.997028,0.061353,-0.073149,0.009655,0.995385,0.077758,-0.021928,0.184096,0.979582,0.323698,-0.435528,0.321034,0.776191,0.217286,-0.487478,0.308850,0.787251,0.035969,0.032426,-0.154342,0.986830,-0.381593,-0.441384,-0.364268,0.725862,-0.346153,-0.497260,-0.321433,0.727730
0.024144,0.078056,-0.011175,0.996594,-0.008012,0.240633,0.105914,0.964787,-0.206645,0.021926,0.006572,0.978148,-0.203115,0.051538,-0.067353,0.975475,0.021649,0.067500,0.028097,0.997089,0.072525,-0.102307,0.044767,0.991095,0.076829,-0.000847,0.001042,0.997043,0.058592,-0.071848,0.007868,0.995662,0.074698,-0.021631,0.183148,0.980005,0.320583,-0.435634,0.318949,0.778281,0.214428,-0.487881,0.306303,0.788778,0.033084,0.035475,-0.155186,0.986694,-0.382881,-0.438951,-0.367781,0.724887,-0.347367,-0.495220,-0.325032,0.726944
0.022270,0.077975,-0.011927,0.996635,-0.012907,0.242648,0.115686,0.963105,-0.197628,0.003432,0.019220,0.980083,-0.194775,0.039413,-0.049174,0.978821,0.019896,0.067700,0.025444,0.997183,0.072404,-0.103597,0.042283,0.991079,0.076474,-0.000973,0.000753,0.997071,0.056205,-0.070710,0.006180,0.995893,0.072047,-0.021291,0.181763,0.980468,0.317426,-0.436286,0.316891,0.780048,0.211177,-0.489440,0.303560,0.789749,0.030573,0.038173,-0.156386,0.986484,-0.383908,-0.436444,-0.370820,0.724309,-0.348536,-0.492308,-0.328150,0.726962
0.021065,0.078041,-0.012654,0.996647,-0.016712,0.243175,0.124535,0.961809,-0.189104,-0.016473,0.031501,0.981313,-0.186761,0.025634,-0.030628,0.981593,0.018838,0.067546,0.022724,0.997279,0.072552,-0.104520,0.039668,0.991079,0.076363,-0.000992,0.000472,0.997079,0.054389,-0.069553,0.004506,0.996084,0.069930,-0.021054,0.180201,0.980915,0.314604,-0.437284,0.314982,0.781405,0.208789,-0.491201,0.301188,0.790199,0.028601,0.040959,-0.157625,0.986235,-0.384881,-0.433789,-0.373750,0.723882,-0.349522,-0.489626,-0.331159,0.726935
0.020193,0.078182,-0.013370,0.996645,-0.019954,0.242952,0.132920,0.960681,-0.181056,-0.037211,0.043740,0.981795,-0.178955,0.010952,-0.011782,0.983726,0.018127,0.067216,0.019970,0.997374,0.072832,-0.105258,0.036986,0.991084,0.076372,-0.000957,0.000192,0.997079,0.052857,-0.068388,0.002839,0.996254,0.068081,-0.020867,0.178550,0.981351,0.311953,-0.438457,0.313140,0.782550,0.206839,-0.493064,0.298991,0.790386,0.026896,0.043787,-0.158881,0.985959,-0.385830,-0.431057,-0.376623,0.723519,-0.350419,-0.487058,-0.334114,0.726876
0.019717,0.077706,-0.014435,0.996677,-0.022050,0.240411,0.139458,0.960348,-0.173103,-0.057232,0.055030,0.981698,-0.170982,-0.003684,0.005899,0.985250,0.017820,0.066123,0.017203,0.997504,0.073011,-0.105028,0.034051,0.991201,0.076223,-0.000913,0.000041,0.997090,0.051846,-0.067057,0.001312,0.996400,0.066728,-0.020319,0.176595,0.981809,0.310264,-0.439985,0.311940,0.782843,0.205764,-0.495867,0.296803,0.789737,0.025785,0.046417,-0.160339,0.985633,-0.386833,-0.428642,-0.379558,0.722885,-0.350987,-0.484250,-0.337080,0.727109
0.019477,0.077060,-0.015707,0.996712,-0.023558,0.236856,0.145193,0.960345,-0.164937,-0.076504,0.066225,0.981100,-0.162555,-0.018033,0.022099,0.986287,0.017752,0.064586,0.014479,0.997649,0.073243,-0.104302,0.031054,0.991359,0.076111,-0.000884,-0.000064,0.997099,0.050946,-0.065574,-0.000197,0.996546,0.065459,-0.019559,0.174337,0.982313,0.308850,-0.441506,0.310753,0.783017,0.205426,-0.498749,0.295085,0.788654,0.024816,0.049135,-0.161906,0.985270,-0.387853,-0.426287,-0.382701,0.722074,-0.351756,-0.481671,-0.340305,0.726948
0.019707,0.076074,-0.017390,0.996756,-0.023909,0.231303,0.149327,0.961056,-0.155810,-0.093984,0.076910,0.980293,-0.153115,-0.031638,0.035079,0.987079,0.018162,0.062159,0.011841,0.997831,0.073583,-0.102589,0.027938,0.991605,0.076079,-0.000888,-0.000075,0.997101,0.050271,-0.063790,-0.001669,0.996695,0.064363,-0.018379,0.171473,0.982912,0.307985,-0.443008,0.309610,0.782963,0.206557,-0.501795,0.294328,0.786706,0.024139,0.052024,-0.163700,0.984842,-0.388899,-0.424058,-0.386262,0.720926,-0.352911,-0.479563,-0.344059,0.726015
0.020186,0.074882,-0.019527,0.996797,-0.022569,0.221806,0.150586,0.963128,-0.144169,-0.106101,0.086888,0.980004,-0.140970,-0.036354,0.035279,0.988717,0.018780,0.060297,0.009044,0.997963,0.073872,-0.101607,0.024780,0.991769,0.076020,-0.000742,0.000167,0.997106,0.049975,-0.061891,-0.003104,0.996826,0.063585,-0.017448,0.168799,0.983443,0.307959,-0.443972,0.308493,0.782868,0.208359,-0.504344,0.293131,0.785046,0.023867,0.054904,-0.165560,0.984381,-0.389658,-0.422236,-0.389960,0.719593,-0.354192,-0.477812,-0.348136,0.724600
0.020790,0.073587,-0.021891,0.996832,-0.020334,0.210326,0.150399,0.965779,-0.130928,-0.115468,0.096177,0.979936,-0.127126,-0.036966,0.028535,0.990787,0.019502,0.058717,0.006168,0.998065,0.074131,-0.100993,0.021602,0.991886,0.075944,-0.000526,0.000538,0.997112,0.049867,-0.059938,-0.004520,0.996946,0.062967,-0.016645,0.166221,0.983935,0.308353,-0.444665,0.307394,0.782752,0.210496,-0.506640,0.291716,0.783523,0.023795,0.057777,-0.167450,0.983898,-0.390268,-0.420623,-0.393724,0.718156,-0.355525,-0.476248,-0.352374,0.722926
0.020344,0.071906,-0.024568,0.996901,-0.018340,0.199205,0.145894,0.968863,-0.112292,-0.120553,0.103539,0.980886,-0.107283,-0.033632,0.022592,0.993403,0.019199,0.056490,0.003031,0.998214,0.074678,-0.100400,0.018199,0.991974,0.076138,-0.000212,0.000981,0.997097,0.049837,-0.058042,-0.006056,0.997051,0.062443,-0.015851,0.163780,0.984391,0.309846,-0.444661,0.306475,0.782525,0.213413,-0.507422,0.290909,0.782528,0.023896,0.059644,-0.169446,0.983443,-0.389481,-0.420163,-0.396444,0.717356,-0.354818,-0.475389,-0.355888,0.722117
0.019776,0.070009,-0.027161,0.996980,-0.016354,0.187788,0.141123,0.971881,-0.095095,-0.122745,0.108926,0.981848,-0.088812,-0.028784,0.014066,0.995533,0.018781,0.054165,-0.000220,0.998355,0.075170,-0.099789,0.014659,0.992057,0.076265,0.000118,0.001555,0.997086,0.049963,-0.056185,-0.007615,0.997140,0.062073,-0.015188,0.161502,0.984801,0.311429,-0.444465,0.305551,0.782369,0.216720,-0.508038,0.290018,0.781549,0.024142,0.061415,-0.171399,0.982989,-0.388265,-0.419982,-0.398990,0.716709,-0.353746,-0.474981,-0.359099,0.721321
0.018959,0.067681,-0.029586,0.997088,-0.014399,0.175802,0.135862,0.974899,-0.081342,-0.119409,0.111156,0.983244,-0.073735,-0.020516,0.001712,0.997065,0.018130,0.051645,-0.003703,0.998494,0.075562,-0.099147,0.010847,0.992140,0.076268,0.000473,0.002393,0.997084,0.050404,-0.054401,-0.009227,0.997204,0.062008,-0.014788,0.159546,0.985130,0.313194,-0.443898,0.304603,0.782356,0.220809,-0.508336,0.288946,0.780607,0.024679,0.062994,-0.173275,0.982547,-0.386192,-0.420359,-0.401196,0.716377,-0.351946,-0.475477,-0.361710,0.720570
0.017947,0.065294,-0.030925,0.997225,-0.012905,0.165467,0.131503,0.977323,-0.075418,-0.112953,0.109814,0.984629,-0.066886,-0.012236,-0.008385,0.997650,0.017308,0.049549,-0.007610,0.998593,0.075964,-0.099250,0.006734,0.992136,0.076254,0.000713,0.002886,0.997084,0.050621,-0.052946,-0.010932,0.997254,0.061839,-0.014138,0.157427,0.985491,0.315046,-0.443221,0.303698,0.782348,0.224224,-0.508231,0.288352,0.779922,0.024991,0.063826,-0.175143,0.982154,-0.383352,-0.421394,-0.402627,0.716491,-0.348577,-0.476400,-0.362975,0.720962
0.016837,0.062877,-0.031720,0.997375,-0.011679,0.155951,0.127579,0.979421,-0.073624,-0.104985,0.106895,0.985967,-0.064350,-0.003864,-0.017065,0.997774,0.016390,0.047670,-0.011728,0.998660,0.076359,-0.099715,0.002468,0.992079,0.076217,0.000903,0.003205,0.997086,0.050716,-0.051655,-0.012686,0.997296,0.061609,-0.013364,0.155225,0.985866,0.316935,-0.442487,0.302812,0.782344,0.227294,-0.507919,0.287994,0.779368,0.025183,0.064286,-0.177008,0.981785,-0.380133,-0.422749,-0.403672,0.716820,-0.344424,-0.477518,-0.363572,0.721917
0.015759,0.060983,-0.032205,0.997495,-0.011329,0.150722,0.124103,0.980690,-0.077228,-0.102662,0.101850,0.986470,-0.066316,0.005901,-0.015205,0.997665,0.015516,0.046309,-0.016326,0.998673,0.076812,-0.100671,-0.002165,0.991948,0.076196,0.000951,0.003623,0.997086,0.050526,-0.051207,-0.014228,0.997308,0.061309,-0.012839,0.153345,0.986185,0.318009,-0.441799,0.301675,0.782736,0.229227,-0.507991,0.286326,0.779370,0.025047,0.063502,-0.178477,0.981573,-0.376202,-0.425207,-0.403509,0.717532,-0.340076,-0.479741,-0.363235,0.722673
0.014816,0.059709,-0.031446,0.997610,-0.010459,0.145420,0.120031,0.982006,-0.079495,-0.100154,0.096831,0.987053,-0.067739,0.013007,-0.015295,0.997501,0.014828,0.045174,-0.021269,0.998643,0.077279,-0.101889,-0.007103,0.991764,0.076151,0.000977,0.003930,0.997088,0.050194,-0.051048,-0.015797,0.997309,0.060973,-0.012016,0.151461,0.986508,0.319270,-0.441106,0.300867,0.782925,0.231051,-0.508044,0.284892,0.779322,0.024716,0.062513,-0.179913,0.981383,-0.372607,-0.427694,-0.403319,0.718036,-0.336215,-0.481960,-0.362908,0.723168
0.014144,0.059672,-0.028199,0.997719,-0.008584,0.139954,0.114781,0.983445,-0.079030,-0.097264,0.091704,0.987869,-0.067714,0.014827,-0.019562,0.997403,0.014524,0.044484,-0.026903,0.998542,0.077798,-0.103652,-0.012646,0.991486,0.076081,0.000938,0.004015,0.997093,0.049591,-0.051459,-0.017417,0.997291,0.060573,-0.010589,0.149571,0.986837,0.320909,-0.440395,0.300734,0.782706,0.232659,-0.508056,0.283942,0.779183,0.024006,0.061115,-0.181278,0.981237,-0.369685,-0.430256,-0.403081,0.718149,-0.333329,-0.484190,-0.362604,0.723167
0.013811,0.059444,-0.024884,0.997826,-0.006908,0.136926,0.109487,0.984488,-0.078578,-0.096878,0.086288,0.988430,-0.067727,0.015520,-0.023467,0.997307,0.014542,0.044395,-0.032765,0.998371,0.078545,-0.105694,-0.018287,0.991123,0.076221,0.000669,0.003809,0.997083,0.048687,-0.052186,-0.019097,0.997267,0.059975,-0.008925,0.147764,0.987162,0.322652,-0.439843,0.301007,0.782195,0.234377,-0.507858,0.283999,0.778776,0.022964,0.059304,-0.182564,0.981135,-0.367590,-0.433119,-0.403042,0.717525,-0.330591,-0.486878,-0.361725,0.723059
0.013647,0.059121,-0.021535,0.997925,-0.005324,0.135111,0.104173,0.985325,-0.078102,-0.097759,0.080726,0.988851,-0.067745,0.015630,-0.027194,0.997210,0.014733,0.044604,-0.038739,0.998145,0.079439,-0.107877,-0.023971,0.990695,0.076496,0.000284,0.003457,0.997064,0.047629,-0.053055,-0.020807,0.997238,0.059266,-0.007127,0.146002,0.987482,0.324428,-0.439354,0.301498,0.781545,0.236130,-0.507539,0.284571,0.778246,0.021757,0.057302,-0.183811,0.981049,-0.365898,-0.436121,-0.403114,0.716531,-0.327907,-0.489779,-0.360574,0.722897
0.014531,0.058589,-0.018395,0.998007,-0.002966,0.134442,0.098927,0.985967,-0.077959,-0.100004,0.074809,0.989103,-0.068096,0.015448,-0.028642,0.997148,0.015981,0.045236,-0.044855,0.997841,0.080033,-0.109473,-0.029906,0.990311,0.076469,-0.000214,0.003412,0.997066,0.046363,-0.054530,-0.022267,0.997187,0.058469,-0.005791,0.144606,0.987743,0.325493,-0.438455,0.301343,0.781667,0.238397,-0.507192,0.284756,0.777713,0.020309,0.054575,-0.184787,0.981052,-0.365432,-0.439138,-0.402846,0.715075,-0.327895,-0.492936,-0.361271,0.720405
0.016146,0.058324,-0.015236,0.998051,0.000128,0.133675,0.093658,0.986590,-0.077666,-0.102530,0.068813,0.989303,-0.068308,0.015281,-0.029553,0.997109,0.018001,0.046259,-0.051085,0.997460,0.080829,-0.111226,-0.035900,0.989852,0.076633,-0.000704,0.003431,0.997053,0.045354,-0.056032,-0.023549,0.997120,0.057911,-0.004652,0.143388,0.987960,0.326592,-0.437174,0.300995,0.782060,0.240222,-0.506447,0.284363,0.777780,0.019093,0.052092,-0.185712,0.981037,-0.365567,-0.441568,-0.402655,0.713616,-0.328296,-0.495918,-0.361374,0.718120
0.019226,0.058590,-0.012041,0.998024,0.004699,0.132717,0.088351,0.987197,-0.077080,-0.105594,0.062668,0.989435,-0.068229,0.015175,-0.029385,0.997121,0.021563,0.048054,-0.057548,0.996952,0.082015,-0.113305,-0.042018,0.989278,0.077154,-0.001184,0.003575,0.997012,0.044873,-0.057621,-0.024477,0.997029,0.057860,-0.003932,0.142515,0.988092,0.327796,-0.435149,0.300242,0.782975,0.241212,-0.504932,0.282796,0.779030,0.018341,0.050070,-0.186532,0.981001,-0.366928,-0.442849,-0.402591,0.712158,-0.329537,-0.498579,-0.360272,0.716260
0.023556,0.058602,-0.008099,0.997971,0.010776,0.130658,0.082822,0.987903,-0.076239,-0.107677,0.056368,0.989654,-0.067981,0.015299,-0.029550,0.997132,0.026618,0.052727,-0.064465,0.996170,0.083294,-0.117713,-0.048169,0.988375,0.077639,-0.001740,0.003825,0.996973,0.044880,-0.059488,-0.025310,0.996898,0.058305,-0.003780,0.141957,0.988147,0.329030,-0.432992,0.299243,0.784035,0.241789,-0.502856,0.281100,0.780805,0.017978,0.048231,-0.187809,0.980856,-0.369900,-0.443008,-0.402878,0.710357,-0.332099,-0.499223,-0.359182,0.715175
0.028510,0.058485,-0.003783,0.997874,0.017553,0.127965,0.077197,0.988614,-0.075359,-0.109399,0.050025,0.989874,-0.067761,0.015418,-0.029838,0.997136,0.032569,0.058749,-0.071648,0.995165,0.084905,-0.123413,-0.054389,0.987220,0.078354,-0.002453,0.004036,0.996914,0.045129,-0.061470,-0.026092,0.996747,0.058992,-0.003888,0.141557,0.988163,0.330266,-0.430749,0.298124,0.785176,0.242147,-0.500483,0.279335,0.782850,0.017810,0.046508,-0.189311,0.980653,-0.373677,-0.442594,-0.403317,0.708386,-0.335322,-0.498860,-0.358074,0.714479
0.033491,0.057410,0.001259,0.997788,0.024510,0.124707,0.071093,0.989340,-0.074175,-0.109615,0.043500,0.990248,-0.067364,0.015625,-0.029592,0.997167,0.038836,0.065152,-0.078826,0.993999,0.086583,-0.128516,-0.060706,0.986054,0.079152,-0.003402,0.003888,0.996849,0.045822,-0.063966,-0.026946,0.996535,0.060186,-0.004574,0.141007,0.988167,0.331674,-0.429292,0.296960,0.785822,0.242450,-0.498289,0.278302,0.784521,0.017923,0.044897,-0.191874,0.980228,-0.378639,-0.441538,-0.404486,0.705739,-0.339757,-0.497086,-0.359906,0.712698
0.038126,0.056174,0.006083,0.997674,0.030971,0.121626,0.065018,0.989960,-0.073143,-0.109799,0.037061,0.990566,-0.067146,0.015687,-0.029168,0.997193,0.044939,0.071182,-0.085874,0.992743,0.088490,-0.133244,-0.066978,0.984850,0.080224,-0.004638,0.003570,0.996760,0.046593,-0.066667,-0.027919,0.996296,0.061493,-0.005301,0.140253,0.988190,0.332830,-0.428212,0.295714,0.786392,0.243040,-0.496743,0.277323,0.785665,0.018051,0.043123,-0.194614,0.979765,-0.383203,-0.440756,-0.405480,0.703190,-0.344156,-0.495494,-0.361854,0.710706
0.042074,0.054623,0.010474,0.997565,0.036556,0.119069,0.058978,0.990458,-0.072220,-0.109661,0.030735,0.990865,-0.067056,0.015700,-0.028474,0.997219,0.050448,0.076649,-0.092594,0.991467,0.090368,-0.136975,-0.073079,0.983733,0.081406,-0.006222,0.003062,0.996657,0.047531,-0.069827,-0.029138,0.996000,0.063049,-0.006157,0.139085,0.988252,0.333514,-0.427927,0.294293,0.786790,0.244243,-0.496524,0.276462,0.785734,0.018220,0.040968,-0.197716,0.979233,-0.386965,-0.440542,-0.406189,0.700851,-0.348465,-0.494275,-0.364109,0.708300
0.045165,0.052756,0.013861,0.997489,0.040999,0.117264,0.053164,0.990829,-0.071458,-0.109255,0.024675,0.991135,-0.067092,0.015828,-0.028520,0.997213,0.055051,0.081416,-0.098893,0.990233,0.092442,-0.139554,-0.078806,0.982735,0.083027,-0.008360,0.002327,0.996509,0.048625,-0.073751,-0.030650,0.995619,0.064905,-0.007206,0.137608,0.988332,0.334685,-0.428010,0.292904,0.786766,0.245342,-0.496883,0.274965,0.785690,0.018299,0.038400,-0.200672,0.978734,-0.389829,-0.441231,-0.406570,0.698605,-0.350609,-0.494654,-0.364580,0.706733
0.047826,0.050730,0.016747,0.997426,0.044877,0.115821,0.047457,0.991120,-0.070783,-0.108745,0.018745,0.991369,-0.067198,0.015981,-0.028937,0.997192,0.059236,0.085812,-0.104988,0.988992,0.094678,-0.141584,-0.084341,0.981772,0.084963,-0.010785,0.001475,0.996325,0.049790,-0.078059,-0.032302,0.995181,0.066898,-0.008355,0.135971,0.988416,0.336093,-0.428283,0.291522,0.786530,0.246381,-0.497538,0.273141,0.785587,0.018321,0.035622,-0.203548,0.978245,-0.392256,-0.442370,-0.406777,0.696402,-0.351679,-0.495843,-0.364160,0.705585
0.049934,0.047956,0.017085,0.997454,0.047674,0.115254,0.042143,0.991296,-0.070687,-0.108367,0.013008,0.991509,-0.067833,0.016353,-0.029788,0.997118,0.062353,0.088736,-0.110472,0.987944,0.097472,-0.141357,-0.089233,0.981099,0.088105,-0.014876,-0.000182,0.996000,0.051568,-0.082852,-0.033544,0.994661,0.069614,-0.009574,0.134706,0.988391,0.339027,-0.428502,0.291117,0.785301,0.249042,-0.498397,0.271615,0.784732,0.018827,0.032641,-0.205590,0.977913,-0.393589,-0.444729,-0.406641,0.694223,-0.352499,-0.498834,-0.363211,0.703553
0.051974,0.044606,0.016673,0.997512,0.050241,0.115026,0.036989,0.991401,-0.070539,-0.108181,0.007423,0.991598,-0.068408,0.016630,-0.030555,0.997051,0.065176,0.090659,-0.115848,0.986971,0.100944,-0.139956,-0.093910,0.980512,0.092115,-0.018894,-0.002421,0.995566,0.053352,-0.087653,-0.034669,0.994117,0.072345,-0.010653,0.133512,0.988346,0.342450,-0.428678,0.291094,0.783727,0.252180,-0.499352,0.270653,0.783454,0.019362,0.029515,-0.207468,0.977605,-0.395040,-0.447247,-0.406396,0.691922,-0.353436,-0.501893,-0.362508,0.701267
0.053878,0.040106,0.014765,0.997633,0.052343,0.115515,0.032160,0.991404,-0.070261,-0.108294,0.002131,0.991631,-0.068827,0.016810,-0.031172,0.997000,0.067338,0.090634,-0.120986,0.986212,0.105620,-0.136132,-0.098184,0.980139,0.097629,-0.022732,-0.005816,0.994946,0.055165,-0.092464,-0.035573,0.993550,0.075132,-0.011439,0.132469,0.988269,0.346866,-0.428754,0.291853,0.781458,0.256286,-0.500481,0.270836,0.781335,0.019980,0.026109,-0.209036,0.977355,-0.396701,-0.450083,-0.405954,0.689387,-0.354590,-0.505084,-0.362317,0.698486
0.055364,0.035753,0.011946,0.997754,0.053788,0.116139,0.027671,0.991389,-0.070001,-0.108629,-0.002773,0.991611,-0.069217,0.016974,-0.031878,0.996948,0.068604,0.088368,-0.126247,0.985670,0.115223,-0.131163,-0.101132,0.979435,0.107905,-0.024685,-0.011529,0.993788,0.056789,-0.096711,-0.036543,0.993019,0.077618,-0.011744,0.131296,0.988230,0.351611,-0.428897,0.293111,0.778783,0.261224,-0.501311,0.272398,0.778620,0.020560,0.022793,-0.210401,0.977133,-0.398516,-0.452943,-0.405596,0.686672,-0.356560,-0.508091,-0.362092,0.695412
0.056640,0.031474,0.008671,0.997861,0.054883,0.116831,0.023349,0.991359,-0.069765,-0.109077,-0.007491,0.991554,-0.069615,0.017127,-0.032632,0.996893,0.069411,0.084982,-0.131564,0.985216,0.127255,-0.125521,-0.103603,0.978426,0.120508,-0.025685,-0.018460,0.992208,0.058328,-0.100669,-0.037547,0.992499,0.079958,-0.011801,0.130049,0.988208,0.356517,-0.429044,0.294623,0.775896,0.266573,-0.501955,0.274653,0.775594,0.021133,0.019525,-0.211668,0.976918,-0.400397,-0.455811,-0.405267,0.683869,-0.358927,-0.511001,-0.361834,0.692189
0.057085,0.027940,0.004545,0.997968,0.054865,0.118284,0.019608,0.991269,-0.069428,-0.110585,-0.011665,0.991370,-0.069853,0.017220,-0.033189,0.996856,0.069313,0.081394,-0.137992,0.984647,0.152739,-0.124880,-0.102316,0.974991,0.144874,-0.022626,-0.037419,0.988483,0.059383,-0.103533,-0.038672,0.992098,0.081581,-0.011428,0.128865,0.988235,0.360668,-0.428604,0.295818,0.773763,0.272018,-0.502436,0.276755,0.772639,0.021572,0.016227,-0.212603,0.976766,-0.401840,-0.458256,-0.404211,0.682012,-0.360858,-0.514382,-0.360594,0.689322
0.057528,0.024829,0.000889,0.998035,0.054921,0.119506,0.015793,0.991187,-0.069007,-0.112021,-0.015849,0.991180,-0.070029,0.017276,-0.033550,0.996831,0.069314,0.078197,-0.144324,0.983998,0.178905,-0.127564,-0.100113,0.970411,0.169434,-0.019590,-0.059098,0.983573,0.060243,-0.105868,-0.039771,0.991757,0.082904,-0.010766,0.127847,0.988264,0.364596,-0.427753,0.297045,0.771921,0.277069,-0.502461,0.278271,0.770280,0.021944,0.013282,-0.213371,0.976635,-0.403514,-0.460321,-0.403294,0.680173,-0.362852,-0.517188,-0.359445,0.686771
0.057967,0.022565,-0.001826,0.998062,0.055190,0.120272,0.011832,0.991135,-0.068380,-0.113308,-0.020033,0.991002,-0.070024,0.017264,-0.033509,0.996833,0.069535,0.075782,-0.150470,0.983250,0.206455,-0.137223,-0.095479,0.964069,0.194472,-0.016388,-0.085977,0.976995,0.060686,-0.107163,-0.040817,0.991548,0.083612,-0.009549,0.127183,0.988303,0.368075,-0.426135,0.298330,0.770668,0.281351,-0.501649,0.278609,0.769134,0.022154,0.011032,-0.213797,0.976565,-0.405684,-0.461630,-0.402670,0.678362,-0.365010,-0.518862,-0.358507,0.684852
0.059291,0.021669,-0.003664,0.997999,0.056576,0.120203,0.007713,0.991106,-0.067628,-0.114401,-0.024286,0.990833,-0.069920,0.017112,-0.033277,0.996851,0.070387,0.071577,-0.155001,0.982801,0.231059,-0.152536,-0.089034,0.956775,0.217345,-0.020037,-0.105939,0.970122,0.061634,-0.107714,-0.041416,0.991405,0.084676,-0.008339,0.127441,0.988190,0.371330,-0.424042,0.300000,0.769612,0.284615,-0.499859,0.279574,0.768748,0.022972,0.009880,-0.213430,0.976638,-0.407881,-0.462273,-0.402288,0.676832,-0.366947,-0.519515,-0.357956,0.683609
0.061057,0.021457,-0.005063,0.997891,0.058522,0.119709,0.003518,0.991076,-0.066814,-0.115415,-0.028568,0.990656,-0.069772,0.016872,-0.032944,0.996876,0.071550,0.066471,-0.158710,0.982483,0.254036,-0.170452,-0.081328,0.948576,0.238865,-0.027242,-0.122298,0.962935,0.062834,-0.107894,-0.041791,0.991294,0.085915,-0.007131,0.128158,0.988000,0.374472,-0.421714,0.301853,0.768644,0.287374,-0.497585,0.280840,0.768736,0.024092,0.009279,-0.212667,0.976784,-0.410091,-0.462573,-0.402031,0.675443,-0.368775,-0.519650,-0.357604,0.682707
0.063729,0.022738,-0.006030,0.997690,0.061493,0.118661,-0.000620,0.991029,-0.065619,-0.116500,-0.032653,0.990483,-0.069234,0.016600,-0.032114,0.996945,0.073317,0.058953,-0.162042,0.982289,0.278996,-0.196949,-0.070276,0.937248,0.263323,-0.047874,-0.129624,0.954760,0.064717,-0.107179,-0.041845,0.991248,0.087634,-0.006058,0.128908,0.987758,0.375803,-0.420047,0.303256,0.768354,0.289276,-0.495476,0.283647,0.768353,0.026086,0.009373,-0.211884,0.976902,-0.410966,-0.462371,-0.401421,0.675412,-0.370389,-0.519828,-0.357301,0.681856
0.066513,0.024256,-0.006840,0.997467,0.064612,0.117493,-0.004740,0.990958,-0.064472,-0.117638,-0.036722,0.990281,-0.068752,0.016356,-0.031355,0.997007,0.075197,0.051451,-0.165389,0.982011,0.303251,-0.225473,-0.057526,0.924063,0.287004,-0.071912,-0.135254,0.945602,0.066783,-0.106243,-0.041842,0.991212,0.089462,-0.005384,0.129753,0.987488,0.376208,-0.418720,0.304151,0.768526,0.289970,-0.493828,0.285502,0.768465,0.028307,0.009622,-0.210939,0.977042,-0.411277,-0.462133,-0.400600,0.675873,-0.371345,-0.519730,-0.356726,0.681712
0.069520,0.026246,-0.007336,0.997208,0.068027,0.116098,-0.008832,0.990866,-0.063418,-0.118857,-0.040773,0.990045,-0.068371,0.016191,-0.030754,0.997054,0.077317,0.043992,-0.168812,0.981626,0.326440,-0.258641,-0.042171,0.908165,0.309589,-0.102424,-0.137872,0.935230,0.069214,-0.104869,-0.041725,0.991197,0.091517,-0.005507,0.130798,0.987161,0.374765,-0.418067,0.304048,0.769627,0.288261,-0.493110,0.285470,0.769581,0.030980,0.010175,-0.209670,0.977228,-0.410459,-0.461826,-0.399357,0.677314,-0.370987,-0.519090,-0.355603,0.682979
0.073060,0.028052,-0.007351,0.996906,0.072058,0.114703,-0.012936,0.990698,-0.062280,-0.120191,-0.044872,0.989779,-0.067924,0.015997,-0.030401,0.997099,0.080063,0.038087,-0.169441,0.981544,0.342129,-0.292894,-0.025211,0.892483,0.325055,-0.136005,-0.134356,0.926170,0.071873,-0.103120,-0.041399,0.991205,0.093716,-0.005827,0.131698,0.986833,0.372773,-0.417456,0.303445,0.771162,0.285368,-0.492720,0.284153,0.771395,0.033969,0.011045,-0.208533,0.977363,-0.408635,-0.461141,-0.397749,0.679825,-0.369004,-0.518095,-0.353852,0.685713
0.076866,0.029765,-0.007124,0.996572,0.076390,0.113287,-0.017034,0.990475,-0.061115,-0.121619,-0.048972,0.989483,-0.067461,0.015752,-0.030149,0.997142,0.083134,0.032967,-0.168649,0.981611,0.353628,-0.327395,-0.007234,0.876189,0.336451,-0.170950,-0.127395,0.917250,0.074647,-0.101184,-0.040972,0.991217,0.095987,-0.006244,0.132529,0.986501,0.370501,-0.416857,0.302602,0.772911,0.281875,-0.492479,0.282199,0.773547,0.037113,0.012074,-0.207462,0.977464,-0.406300,-0.460260,-0.395958,0.682860,-0.366197,-0.516914,-0.351782,0.689166
0.081181,0.031651,-0.007059,0.996172,0.081113,0.112860,-0.020590,0.990080,-0.060314,-0.124375,-0.053010,0.988981,-0.067382,0.015211,-0.030918,0.997132,0.086724,0.030290,-0.159674,0.982886,0.351298,-0.357732,0.010598,0.865162,0.336400,-0.202088,-0.106487,0.913595,0.078152,-0.098731,-0.040355,0.991219,0.098877,-0.006336,0.133278,0.986114,0.368756,-0.416356,0.302408,0.774090,0.279707,-0.492215,0.280612,0.775078,0.041033,0.013785,-0.206633,0.977460,-0.402996,-0.459043,-0.394262,0.686609,-0.362701,-0.515361,-0.349821,0.693164
0.085708,0.033490,-0.007140,0.995732,0.085972,0.112949,-0.023818,0.989588,-0.059446,-0.127741,-0.056867,0.988390,-0.067229,0.014374,-0.031928,0.997123,0.090549,0.028351,-0.147908,0.984439,0.345022,-0.385054,0.028224,0.855510,0.333681,-0.230877,-0.080535,0.910421,0.081825,-0.096339,-0.039740,0.991183,0.101950,-0.006236,0.133993,0.985704,0.367617,-0.415801,0.302640,0.774840,0.278042,-0.491926,0.279605,0.776223,0.045075,0.015598,-0.205819,0.977427,-0.399421,-0.457929,-0.392654,0.690353,-0.358724,-0.513817,-0.347875,0.697347
0.090661,0.035236,-0.007516,0.995230,0.091112,0.114109,-0.026417,0.988929,-0.058423,-0.132260,-0.060414,0.987646,-0.066903,0.013018,-0.033472,0.997113,0.094794,0.027879,-0.130608,0.986498,0.331678,-0.406722,0.045329,0.850007,0.326423,-0.255257,-0.044919,0.908996,0.085835,-0.094072,-0.039122,0.991086,0.105395,-0.005752,0.134629,0.985258,0.367698,-0.415148,0.303707,0.774733,0.277393,-0.491611,0.279748,0.776604,0.049363,0.017611,-0.205031,0.977351,-0.395319,-0.457040,-0.391220,0.694106,-0.353795,-0.512309,-0.345953,0.701915
0.095888,0.037173,-0.007852,0.994667,0.096501,0.115474,-0.028701,0.988195,-0.057564,-0.137107,-0.063813,0.986821,-0.066701,0.010996,-0.035091,0.997095,0.099275,0.028354,-0.109015,0.988664,0.313390,-0.421591,0.061388,0.848693,0.315472,-0.271139,-0.007316,0.909345,0.090349,-0.091592,-0.038429,0.990945,0.109303,-0.004888,0.135288,0.984747,0.368923,-0.414296,0.305603,0.773861,0.278787,-0.491098,0.281484,0.775801,0.054099,0.020250,-0.203970,0.977271,-0.391312,-0.456158,-0.390345,0.697442,-0.349418,-0.511025,-0.344881,0.705562
0.101250,0.039205,-0.008168,0.994055,0.102015,0.116933,-0.030825,0.987405,-0.056763,-0.142137,-0.067138,0.985935,-0.066541,0.008617,-0.036750,0.997069,0.103868,0.029447,-0.085238,0.990494,0.292467,-0.432307,0.076994,0.849497,0.302583,-0.282461,0.031258,0.909771,0.095114,-0.089003,-0.037703,0.990763,0.113438,-0.003831,0.135964,0.984190,0.370709,-0.413338,0.307916,0.772602,0.281190,-0.490481,0.284021,0.774398,0.059053,0.023210,-0.202783,0.977166,-0.387342,-0.455277,-0.389757,0.700556,-0.345306,-0.509854,-0.344243,0.708738
0.106888,0.041058,-0.008030,0.993390,0.107907,0.118320,-0.033068,0.986541,-0.054660,-0.146728,-0.070089,0.985175,-0.064966,0.005697,-0.038924,0.997112,0.108636,0.030667,-0.058276,0.991898,0.268858,-0.431847,0.090455,0.856178,0.287247,-0.282722,0.070167,0.912488,0.099970,-0.086280,-0.036806,0.990559,0.117676,-0.002065,0.136713,0.983594,0.374388,-0.411496,0.311267,0.770465,0.285536,-0.488995,0.287596,0.772426,0.064189,0.026020,-0.201910,0.976952,-0.383582,-0.454221,-0.389061,0.703690,-0.342713,-0.508277,-0.344059,0.711214
0.112839,0.042692,-0.007648,0.992666,0.114155,0.119613,-0.035303,0.985604,-0.052409,-0.151199,-0.072978,0.984412,-0.063200,0.002438,-0.041375,0.997140,0.113721,0.031945,-0.031286,0.992506,0.245095,-0.426555,0.103075,0.864497,0.271003,-0.278185,0.106943,0.915278,0.105000,-0.083494,-0.035799,0.990314,0.122076,-0.000231,0.137525,0.982947,0.378341,-0.409300,0.314662,0.768322,0.290260,-0.487268,0.291218,0.770397,0.069498,0.028978,-0.201050,0.976683,-0.379949,-0.452915,-0.388376,0.706874,-0.339830,-0.506492,-0.343645,0.714066
0.119418,0.043889,-0.006780,0.991850,0.121115,0.120734,-0.037530,0.984554,-0.049902,-0.155395,-0.075765,0.983678,-0.061091,-0.001464,-0.044386,0.997144,0.119448,0.033085,-0.004313,0.992280,0.221325,-0.412956,0.113889,0.876078,0.253141,-0.264492,0.139679,0.920029,0.110380,-0.080584,-0.034568,0.990014,0.126805,0.001734,0.138459,0.982215,0.382868,-0.406411,0.318135,0.766180,0.295769,-0.485077,0.294926,0.768271,0.075162,0.032219,-0.200210,0.976334,-0.376587,-0.451119,-0.387711,0.710179,-0.336384,-0.504287,-0.342750,0.717679
0.126245,0.044677,-0.005178,0.990979,0.128467,0.121918,-0.039799,0.983386,-0.047438,-0.159200,-0.078641,0.982965,-0.058976,-0.005730,-0.047286,0.997122,0.125418,0.034375,0.023483,0.991230,0.193237,-0.391080,0.122224,0.891503,0.229238,-0.240962,0.169489,0.927718,0.115887,-0.077916,-0.033070,0.989649,0.131716,0.003447,0.139462,0.981422,0.387484,-0.403108,0.321194,0.764326,0.301133,-0.481848,0.299376,0.766496,0.080936,0.035294,-0.199224,0.975968,-0.372796,-0.449414,-0.386652,0.713828,-0.332731,-0.502148,-0.341582,0.721428
0.133191,0.045257,-0.003208,0.990051,0.136019,0.123096,-0.042098,0.982127,-0.044971,-0.162865,-0.081552,0.982243,-0.056825,-0.010235,-0.050123,0.997073,0.131502,0.035918,0.051662,0.989317,0.163307,-0.363080,0.130687,0.907978,0.202055,-0.211206,0.199271,0.935338,0.121462,-0.075371,-0.031451,0.989231,0.136719,0.005028,0.140494,0.980584,0.392149,-0.399602,0.324025,0.762591,0.306422,-0.478081,0.304172,0.764868,0.086766,0.038281,-0.198181,0.975567,-0.368771,-0.447761,-0.385400,0.717625,-0.328953,-0.500048,-0.340287,0.725222
0.139498,0.045498,0.000219,0.989177,0.143383,0.122968,-0.045488,0.980944,-0.042064,-0.163707,-0.084772,0.981959,-0.054128,-0.013975,-0.053155,0.997020,0.137175,0.035581,0.077564,0.986864,0.128917,-0.324787,0.134485,0.927258,0.167041,-0.173641,0.222277,0.944743,0.126777,-0.073359,-0.029477,0.988776,0.141569,0.005706,0.141232,0.979785,0.394784,-0.396244,0.324828,0.762642,0.309476,-0.474343,0.305683,0.765363,0.092308,0.040846,-0.197090,0.975175,-0.364302,-0.446055,-0.383479,0.721985,-0.325464,-0.497556,-0.339504,0.728868
0.145398,0.045600,0.004401,0.988312,0.150543,0.122759,-0.049133,0.979721,-0.039292,-0.163997,-0.088207,0.981723,-0.051471,-0.018149,-0.055868,0.996945,0.142628,0.034771,0.100032,0.984094,0.097962,-0.282533,0.138598,0.944123,0.133601,-0.134890,0.242275,0.951451,0.131703,-0.071673,-0.027466,0.988313,0.146102,0.006120,0.141864,0.979026,0.396911,-0.393167,0.325186,0.762978,0.311763,-0.470779,0.306406,0.766346,0.097445,0.043071,-0.196051,0.974789,-0.359605,-0.444521,-0.381323,0.726414,-0.321338,-0.495368,-0.338122,0.732820
0.150490,0.045426,0.010092,0.987516,0.157304,0.122467,-0.053295,0.978477,-0.036789,-0.163080,-0.092109,0.981615,-0.048897,-0.023081,-0.057987,0.996852,0.147574,0.032624,0.115699,0.981719,0.072939,-0.237099,0.139943,0.958582,0.103839,-0.096777,0.252994,0.956998,0.135844,-0.070630,-0.025352,0.987884,0.150001,0.006024,0.142293,0.978374,0.398004,-0.390644,0.324689,0.763916,0.312502,-0.467566,0.305583,0.768339,0.101767,0.044629,-0.195079,0.974472,-0.354495,-0.443319,-0.378679,0.731029,-0.315997,-0.493758,-0.335501,0.737420
0.154362,0.045120,0.015699,0.986859,0.162911,0.123009,-0.057494,0.977253,-0.034816,-0.162106,-0.096376,0.981438,-0.046774,-0.028397,-0.060524,0.996666,0.151227,0.032950,0.123668,0.980179,0.058645,-0.195232,0.139303,0.969041,0.083724,-0.057248,0.246089,0.963926,0.138993,-0.070157,-0.022808,0.987542,0.153113,0.006084,0.142616,0.977845,0.398628,-0.388518,0.324223,0.764872,0.312753,-0.465050,0.305635,0.769741,0.105199,0.045192,-0.193763,0.974344,-0.349220,-0.442829,-0.375322,0.735582,-0.310517,-0.492454,-0.332574,0.741932
0.157619,0.044748,0.021263,0.986256,0.167981,0.123933,-0.061717,0.976019,-0.033065,-0.161158,-0.100811,0.981209,-0.044785,-0.033952,-0.063257,0.996414,0.154248,0.034473,0.127779,0.979128,0.049554,-0.155403,0.137439,0.976988,0.069509,-0.016829,0.230051,0.970547,0.141644,-0.069972,-0.020050,0.987238,0.155833,0.006212,0.142885,0.977375,0.399021,-0.386597,0.323770,0.765832,0.312761,-0.462890,0.306122,0.770845,0.108185,0.045251,-0.192271,0.974310,-0.343853,-0.442694,-0.371589,0.740074,-0.304951,-0.491308,-0.329482,0.746366
0.160224,0.046052,0.021091,0.985780,0.171212,0.130398,-0.064048,0.974464,-0.029025,-0.164740,-0.104291,0.980378,-0.040905,-0.039043,-0.067281,0.996130,0.156347,0.041812,0.123455,0.979064,0.063989,-0.140780,0.135134,0.978685,0.081924,-0.002139,0.198142,0.976741,0.142835,-0.070837,-0.016225,0.987075,0.157517,0.006759,0.142832,0.977109,0.399212,-0.384942,0.323421,0.766713,0.312637,-0.460190,0.306463,0.772375,0.109691,0.044912,-0.190392,0.974526,-0.339978,-0.442719,-0.368203,0.743533,-0.300008,-0.491695,-0.324841,0.750140
0.162785,0.047846,0.020155,0.985295,0.174232,0.137821,-0.066145,0.972766,-0.024726,-0.169087,-0.107736,0.979383,-0.036754,-0.044909,-0.071991,0.995716,0.158172,0.052060,0.119190,0.978808,0.073631,-0.135793,0.132858,0.979024,0.091248,0.005487,0.162028,0.982543,0.143906,-0.071630,-0.011941,0.986923,0.159083,0.006912,0.142957,0.976836,0.399185,-0.383616,0.322946,0.767591,0.312116,-0.457575,0.306539,0.774107,0.111156,0.044769,-0.188415,0.974751,-0.337014,-0.442942,-0.365486,0.746086,-0.295977,-0.492260,-0.320539,0.753215
0.165259,0.050621,0.017688,0.984791,0.176771,0.147190,-0.067760,0.970822,-0.020025,-0.174927,-0.111143,0.978083,-0.032211,-0.052302,-0.078096,0.995052,0.159310,0.068145,0.115046,0.978131,0.073785,-0.150288,0.130939,0.977151,0.092833,-0.000019,0.117941,0.988672,0.144729,-0.072286,-0.006744,0.986804,0.160378,0.006280,0.143441,0.976557,0.398687,-0.382953,0.322218,0.768486,0.310770,-0.455139,0.306083,0.776263,0.112530,0.045013,-0.186244,0.974999,-0.335904,-0.443561,-0.364141,0.746876,-0.293799,-0.493195,-0.316967,0.754966
0.166135,0.052774,0.015409,0.984569,0.177688,0.157320,-0.069173,0.968965,-0.016301,-0.180806,-0.114780,0.976662,-0.028486,-0.061662,-0.085523,0.994018,0.159581,0.075441,0.111147,0.978002,0.072416,-0.154128,0.127214,0.977147,0.091614,0.000043,0.092338,0.991504,0.144376,-0.072451,-0.001863,0.986865,0.160395,0.005681,0.143698,0.976520,0.397862,-0.382949,0.321481,0.769225,0.309345,-0.453102,0.306196,0.777977,0.112832,0.045753,-0.184312,0.975297,-0.337058,-0.444257,-0.364726,0.745656,-0.294609,-0.494541,-0.316002,0.754173
0.166211,0.054615,0.013225,0.984488,0.177742,0.167821,-0.070472,0.967097,-0.013040,-0.186688,-0.118508,0.975158,-0.025170,-0.072003,-0.093567,0.992687,0.159456,0.078352,0.107402,0.978212,0.070269,-0.152666,0.122538,0.978131,0.089143,0.002964,0.076006,0.993110,0.143418,-0.072379,0.002855,0.987008,0.159757,0.005096,0.143836,0.976608,0.396861,-0.383277,0.320727,0.769892,0.307869,-0.451269,0.306581,0.779475,0.112587,0.046739,-0.182500,0.975619,-0.339336,-0.444971,-0.366301,0.743421,-0.296904,-0.496079,-0.316372,0.752105
0.162631,0.054213,0.009070,0.985155,0.172916,0.184483,-0.068565,0.965073,-0.014561,-0.197065,-0.123134,0.972518,-0.026546,-0.088520,-0.103094,0.990369,0.155569,0.080575,0.103808,0.979045,0.072653,-0.149778,0.119618,0.978764,0.090686,0.000927,0.055445,0.994334,0.141064,-0.073112,0.006597,0.987275,0.157891,0.004411,0.144104,0.976875,0.394942,-0.384551,0.320076,0.770514,0.306116,-0.450817,0.306925,0.780291,0.110696,0.047013,-0.180212,0.976248,-0.342189,-0.446246,-0.367785,0.740611,-0.302171,-0.498272,-0.318754,0.747539
0.158373,0.054079,0.005451,0.985882,0.167164,0.201502,-0.066222,0.962844,-0.016604,-0.207239,-0.127963,0.969743,-0.028553,-0.106632,-0.115062,0.987206,0.151095,0.082074,0.100222,0.979995,0.075558,-0.146278,0.116833,0.979410,0.092754,-0.000631,0.036415,0.995023,0.138481,-0.074201,0.009831,0.987533,0.155796,0.003265,0.144627,0.977139,0.392618,-0.385976,0.319088,0.771399,0.304052,-0.450672,0.306975,0.781162,0.108454,0.046807,-0.177803,0.976951,-0.344535,-0.447698,-0.368651,0.738213,-0.306944,-0.500602,-0.320836,0.743134
0.152764,0.054485,0.002903,0.986755,0.160028,0.219306,-0.063074,0.960374,-0.019545,-0.217045,-0.132960,0.966866,-0.031725,-0.127931,-0.131670,0.982492,0.145499,0.082146,0.096620,0.981197,0.079569,-0.141566,0.114244,0.980090,0.095976,-0.001207,0.020396,0.995174,0.135448,-0.075995,0.012047,0.987792,0.153240,0.001192,0.145656,0.977395,0.389476,-0.387702,0.317431,0.772809,0.301353,-0.451139,0.306444,0.782146,0.105507,0.045637,-0.175156,0.977807,-0.345898,-0.449564,-0.368240,0.736646,-0.310785,-0.503268,-0.322292,0.739096
0.147015,0.056168,-0.000040,0.987538,0.152900,0.233591,-0.061730,0.958252,-0.020630,-0.223253,-0.137242,0.964830,-0.035296,-0.145036,-0.160909,0.975616,0.139842,0.081082,0.093425,0.982416,0.081559,-0.135978,0.111222,0.981065,0.097159,-0.000502,0.012458,0.995191,0.132490,-0.077846,0.013931,0.988024,0.150636,-0.001521,0.147504,0.977522,0.386344,-0.389276,0.315776,0.774266,0.297144,-0.452025,0.304033,0.784183,0.102612,0.043822,-0.172010,0.978756,-0.346416,-0.451433,-0.366363,0.736195,-0.312602,-0.505733,-0.320922,0.737240
0.141192,0.058487,-0.003180,0.988248,0.145764,0.246093,-0.061249,0.956263,-0.020843,-0.227660,-0.141021,0.963249,-0.039731,-0.159951,-0.196009,0.966653,0.134166,0.079445,0.090397,0.983624,0.082532,-0.129945,0.107945,0.982166,0.097329,0.000872,0.008514,0.995215,0.129541,-0.079728,0.015643,0.988240,0.147979,-0.004563,0.149751,0.977577,0.383187,-0.390772,0.314120,0.775754,0.292128,-0.453104,0.300677,0.786734,0.099714,0.041680,-0.168621,0.979738,-0.346538,-0.453327,-0.363756,0.736266,-0.313435,-0.508121,-0.318147,0.736446
0.134524,0.059788,-0.004623,0.989094,0.138871,0.250527,-0.061266,0.956137,-0.029316,-0.226247,-0.147871,0.962334,-0.054831,-0.167712,-0.244262,0.953521,0.127604,0.079758,0.086514,0.984820,0.083223,-0.127425,0.104330,0.982829,0.097165,0.000605,0.007853,0.995237,0.126461,-0.080481,0.017073,0.988554,0.144916,-0.007033,0.153369,0.977460,0.381420,-0.393144,0.315236,0.774973,0.286473,-0.454095,0.298474,0.789078,0.096970,0.039156,-0.164427,0.980830,-0.347056,-0.455097,-0.360269,0.736645,-0.311908,-0.509869,-0.312313,0.738382
0.127019,0.061019,-0.004999,0.990009,0.131458,0.254177,-0.060300,0.956283,-0.040534,-0.224076,-0.155310,0.961262,-0.070657,-0.172478,-0.278668,0.942127,0.120247,0.080627,0.082349,0.986032,0.083671,-0.126158,0.100616,0.983341,0.096876,0.000277,0.006956,0.995272,0.123012,-0.080950,0.018279,0.988929,0.141464,-0.009096,0.156902,0.977388,0.379554,-0.396179,0.316977,0.773632,0.281206,-0.455695,0.298257,0.790132,0.093939,0.036421,-0.160289,0.981915,-0.348148,-0.456804,-0.356833,0.736745,-0.311454,-0.511487,-0.307360,0.739532
0.117839,0.062114,-0.003238,0.991083,0.123024,0.256282,-0.057429,0.957020,-0.057306,-0.220354,-0.163840,0.959852,-0.086959,-0.172953,-0.286415,0.938345,0.111323,0.082632,0.077654,0.987294,0.083689,-0.127407,0.096765,0.983565,0.096354,-0.000177,0.005636,0.995331,0.118851,-0.080848,0.019045,0.989432,0.137257,-0.010331,0.160284,0.977427,0.377488,-0.400530,0.319991,0.771157,0.276820,-0.458515,0.302003,0.788624,0.090359,0.033270,-0.156258,0.983012,-0.350353,-0.458342,-0.353508,0.736348,-0.313170,-0.512795,-0.304170,0.739220
0.110162,0.063966,-0.003086,0.991848,0.113617,0.256923,-0.048138,0.958522,-0.081167,-0.216835,-0.169723,0.957909,-0.110551,-0.161973,-0.290760,0.936484,0.103991,0.081729,0.074278,0.988427,0.083824,-0.125605,0.093559,0.984095,0.095821,-0.000484,0.004245,0.995389,0.114470,-0.080561,0.019356,0.989966,0.132776,-0.011501,0.163166,0.977556,0.373750,-0.405293,0.322214,0.769563,0.272939,-0.462968,0.306054,0.785809,0.086540,0.030287,-0.152715,0.984008,-0.353849,-0.458683,-0.350526,0.735889,-0.317959,-0.513487,-0.302421,0.737411
0.103235,0.066197,-0.003740,0.992445,0.103729,0.256655,-0.035658,0.960259,-0.108478,-0.213075,-0.174228,0.955236,-0.137736,-0.144985,-0.292735,0.935048,0.097434,0.079356,0.071502,0.989493,0.083984,-0.122292,0.090581,0.984777,0.095254,-0.000730,0.002725,0.995449,0.109971,-0.080183,0.019434,0.990505,0.128153,-0.012650,0.165786,0.977718,0.369173,-0.410263,0.324006,0.768385,0.269307,-0.468265,0.310187,0.782295,0.082600,0.027377,-0.149437,0.984935,-0.357974,-0.458440,-0.347717,0.735378,-0.324259,-0.513857,-0.301396,0.734825
0.095528,0.067870,-0.003673,0.993104,0.092837,0.251408,-0.020051,0.963210,-0.146686,-0.204288,-0.179359,0.951094,-0.174943,-0.126519,-0.294498,0.930945,0.090194,0.076290,0.068659,0.990621,0.084128,-0.119055,0.087488,0.985441,0.094695,-0.000805,0.002268,0.995503,0.104813,-0.079645,0.019459,0.991107,0.122887,-0.013541,0.168214,0.977967,0.363218,-0.414478,0.324744,0.768650,0.263083,-0.473942,0.308428,0.781690,0.077980,0.025344,-0.146986,0.985734,-0.365105,-0.455697,-0.346328,0.734231,-0.332549,-0.511411,-0.300880,0.733036
0.087411,0.068940,-0.003603,0.993777,0.081834,0.245542,-0.005080,0.965912,-0.185238,-0.193292,-0.183793,0.945804,-0.211916,-0.107131,-0.292943,0.926174,0.082503,0.073550,0.065612,0.991705,0.084277,-0.116064,0.084259,0.986066,0.094172,-0.000839,0.001736,0.995554,0.099544,-0.079334,0.019538,0.991673,0.117578,-0.014521,0.170761,0.978164,0.357317,-0.418484,0.325363,0.768983,0.256669,-0.478903,0.306830,0.781427,0.073188,0.023449,-0.144733,0.986482,-0.372603,-0.452457,-0.345048,0.733070,-0.340712,-0.508325,-0.300654,0.731525
0.078482,0.068809,-0.003523,0.994532,0.070488,0.238735,0.008662,0.968484,-0.224683,-0.178891,-0.187474,0.939345,-0.248940,-0.087112,-0.286101,0.921188,0.073941,0.071434,0.062255,0.992751,0.084476,-0.113626,0.080895,0.986615,0.093744,-0.000848,0.001192,0.995595,0.094064,-0.079473,0.019731,0.992193,0.112189,-0.015651,0.173568,0.978286,0.351532,-0.422063,0.325813,0.769502,0.249897,-0.482466,0.305673,0.781883,0.068057,0.021855,-0.142838,0.987162,-0.380864,-0.448202,-0.343998,0.731930,-0.348659,-0.503964,-0.301011,0.730650
0.068731,0.068615,-0.004145,0.995264,0.058363,0.234199,0.020979,0.970208,-0.259142,-0.163968,-0.189376,0.932790,-0.280823,-0.072688,-0.279194,0.915372,0.064537,0.068486,0.059265,0.993797,0.084515,-0.110535,0.077712,0.987218,0.093170,-0.000706,0.001106,0.995649,0.088209,-0.079873,0.019779,0.992697,0.106542,-0.016583,0.176016,0.978464,0.345707,-0.425428,0.325946,0.770232,0.243956,-0.485279,0.305857,0.781947,0.062490,0.020194,-0.141523,0.987754,-0.388967,-0.443978,-0.343162,0.730635,-0.356875,-0.499020,-0.302485,0.729467
0.058566,0.068386,-0.005116,0.995925,0.045860,0.230661,0.032570,0.971407,-0.290961,-0.148784,-0.190106,0.925778,-0.310012,-0.061182,-0.272341,0.908834,0.054706,0.065128,0.056419,0.994778,0.084463,-0.107085,0.074547,0.987847,0.092517,-0.000458,0.001174,0.995710,0.082165,-0.080411,0.019751,0.993173,0.100766,-0.017436,0.178284,0.978651,0.339861,-0.428696,0.325902,0.771039,0.238440,-0.487747,0.306697,0.781784,0.056701,0.018489,-0.140512,0.988281,-0.396981,-0.439783,-0.342394,0.729221,-0.365204,-0.493764,-0.304463,0.728097
0.047226,0.068838,-0.006162,0.996490,0.032787,0.233063,0.039774,0.971094,-0.306060,-0.133309,-0.186804,0.923937,-0.322567,-0.051923,-0.269248,0.905958,0.043692,0.061636,0.053694,0.995695,0.084628,-0.104424,0.071634,0.988333,0.092181,-0.000239,0.000943,0.995742,0.075456,-0.081241,0.019381,0.993645,0.094426,-0.018287,0.180313,0.978896,0.333864,-0.431655,0.325318,0.772254,0.232224,-0.490915,0.306603,0.781709,0.050173,0.016624,-0.139891,0.988755,-0.403770,-0.436751,-0.341992,0.727502,-0.371252,-0.489801,-0.305273,0.727376
0.036329,0.069248,-0.007159,0.996912,0.020517,0.237325,0.044687,0.970185,-0.313780,-0.118395,-0.181875,0.924363,-0.327939,-0.042977,-0.267274,0.905082,0.033079,0.058747,0.050907,0.996425,0.084718,-0.102306,0.068713,0.988754,0.091812,-0.000055,0.000858,0.995776,0.068777,-0.082078,0.018968,0.994069,0.088093,-0.019362,0.182268,0.979103,0.327849,-0.434629,0.324480,0.773515,0.226037,-0.493958,0.306077,0.781812,0.043640,0.014997,-0.139256,0.989181,-0.410165,-0.434167,-0.341986,0.725472,-0.376663,-0.486720,-0.305705,0.726480
0.026327,0.069583,-0.008059,0.997196,0.009908,0.245606,0.045057,0.968271,-0.306879,-0.104272,-0.174097,0.929862,-0.318970,-0.034435,-0.267556,0.908563,0.023285,0.057039,0.048113,0.996940,0.084672,-0.101369,0.065988,0.989040,0.091386,-0.000034,0.001277,0.995815,0.062165,-0.082914,0.018485,0.994444,0.081778,-0.020842,0.184078,0.979282,0.321799,-0.437608,0.323168,0.774924,0.219901,-0.496715,0.304734,0.782339,0.037106,0.013863,-0.138556,0.989562,-0.415797,-0.432440,-0.342831,0.722894,-0.380829,-0.485389,-0.305479,0.725293
0.017512,0.069757,-0.008719,0.997372,0.000344,0.251130,0.047154,0.966804,-0.304487,-0.091576,-0.166506,0.933369,-0.314779,-0.024134,-0.263683,0.911484,0.014636,0.056201,0.045223,0.997287,0.084418,-0.101083,0.063264,0.989269,0.090780,-0.000278,0.000193,0.995871,0.055695,-0.083769,0.018135,0.994762,0.075638,-0.022136,0.185474,0.979484,0.315978,-0.440274,0.321612,0.776455,0.214269,-0.499519,0.303083,0.782758,0.030642,0.013391,-0.137615,0.989921,-0.420437,-0.431643,-0.344612,0.719833,-0.383545,-0.486298,-0.304497,0.723664
0.009290,0.069849,-0.009260,0.997471,-0.008710,0.255240,0.050115,0.965539,-0.304326,-0.079690,-0.158985,0.935820,-0.312955,-0.013008,-0.257724,0.914039,0.006558,0.055816,0.042292,0.997523,0.084059,-0.101088,0.060556,0.989469,0.090089,-0.000619,-0.001627,0.995932,0.049295,-0.084640,0.017848,0.995031,0.069584,-0.023344,0.186661,0.979679,0.310268,-0.442783,0.319925,0.778026,0.208888,-0.502347,0.301265,0.783105,0.024212,0.013236,-0.136552,0.990249,-0.424571,-0.431304,-0.346867,0.716519,-0.385517,-0.488334,-0.303163,0.721803
0.001904,0.069992,-0.008285,0.997511,-0.017332,0.247982,0.060537,0.966716,-0.336738,-0.071437,-0.161362,0.924915,-0.344201,-0.000762,-0.265959,0.900439,-0.000581,0.055109,0.039018,0.997718,0.084294,-0.101175,0.057525,0.989621,0.089990,-0.000498,-0.001584,0.995941,0.043113,-0.085760,0.017763,0.995224,0.063757,-0.025102,0.187721,0.979829,0.305150,-0.445374,0.317971,0.779371,0.204265,-0.504162,0.299611,0.783792,0.017965,0.012893,-0.134971,0.990603,-0.426192,-0.432741,-0.348737,0.713778,-0.387058,-0.490236,-0.304437,0.719147
0.005422,-0.069872,0.007007,-0.997517,0.026012,-0.241581,-0.071827,-0.967369,0.365912,0.064434,0.161636,-0.914237,0.372316,-0.007922,0.261414,-0.890495,0.007657,-0.054640,-0.035556,-0.997843,-0.084533,0.101421,-0.054364,-0.989754,-0.089895,0.000313,0.001460,-0.995950,-0.037013,0.086888,-0.017681,-0.995373,-0.058004,0.026921,-0.188586,-0.979972,-0.300127,0.447819,-0.315781,-0.780810,-0.199516,0.506100,-0.297793,-0.784459,-0.011764,-0.012823,0.133416,-0.990907,0.427795,0.433971,0.350808,-0.711052,0.388995,0.491750,0.306886,-0.716021
0.012629,-0.069229,0.005121,-0.997508,0.034908,-0.237034,-0.084967,-0.967149,0.388970,0.060444,0.159069,-0.905398,0.395099,-0.007304,0.232979,-0.888574,0.014591,-0.054604,-0.031743,-0.997897,-0.084797,0.102075,-0.050976,-0.989844,-0.089817,0.000088,0.001139,-0.995958,-0.031076,0.088029,-0.017624,-0.995477,-0.052397,0.028844,-0.189082,-0.980138,-0.295291,0.449976,-0.313148,-0.782472,-0.194511,0.508280,-0.295663,-0.785112,-0.005655,-0.013323,0.131894,-0.991158,0.429377,0.434771,0.353262,-0.708389,0.391741,0.492459,0.311652,-0.711966
0.019844,-0.068828,0.003409,-0.997425,0.043096,-0.232839,-0.094934,-0.966911,0.405141,0.053983,0.153031,-0.899738,0.410632,-0.008934,0.210774,-0.887060,0.021525,-0.054452,-0.027843,-0.997896,-0.085039,0.102811,-0.047487,-0.989921,-0.089699,-0.000049,0.001118,-0.995968,-0.025214,0.088951,-0.017545,-0.995562,-0.046799,0.030688,-0.189274,-0.980328,-0.290293,0.451852,-0.310147,-0.784454,-0.190285,0.510489,-0.292629,-0.785850,0.000381,-0.014333,0.130853,-0.991298,0.432019,0.434260,0.356136,-0.705652,0.395274,0.491914,0.316747,-0.708132
0.027062,-0.068546,0.001782,-0.997279,0.050928,-0.228796,-0.103291,-0.966638,0.417829,0.046463,0.145130,-0.895655,0.422564,-0.011683,0.191581,-0.885776,0.028461,-0.054279,-0.023899,-0.997834,-0.085268,0.103524,-0.043951,-0.989990,-0.089561,-0.000203,0.001245,-0.995981,-0.019387,0.089761,-0.017452,-0.995622,-0.041203,0.032488,-0.189307,-0.980515,-0.285202,0.453571,-0.306961,-0.786580,-0.186442,0.512694,-0.289137,-0.786628,0.006380,-0.015599,0.130043,-0.991365,0.435179,0.433076,0.359216,-0.702871,0.399181,0.490707,0.322003,-0.704397
0.032546,-0.067878,0.000753,-0.997162,0.057064,-0.225174,-0.110357,-0.966365,0.425841,0.038371,0.135056,-0.893838,0.429884,-0.017737,0.173924,-0.885797,0.033699,-0.054256,-0.020134,-0.997755,-0.085485,0.104277,-0.040552,-0.990037,-0.089418,-0.000199,0.001985,-0.995992,-0.014113,0.090366,-0.017484,-0.995655,-0.036058,0.034390,-0.188988,-0.980714,-0.280689,0.455274,-0.303675,-0.788492,-0.182526,0.513908,-0.286279,-0.787799,0.011762,-0.016813,0.129778,-0.991331,0.439060,0.431197,0.362271,-0.700039,0.403849,0.488136,0.326572,-0.701413
0.037528,-0.066952,-0.000116,-0.997050,0.062735,-0.221898,-0.117147,-0.965972,0.432019,0.030371,0.124287,-0.892743,0.435352,-0.023920,0.158087,-0.885949,0.038445,-0.054247,-0.016453,-0.997652,-0.085723,0.104811,-0.037205,-0.990092,-0.089296,-0.000256,0.002598,-0.996002,-0.009154,0.090823,-0.017416,-0.995673,-0.031160,0.036279,-0.188378,-0.980932,-0.276162,0.456835,-0.300145,-0.790537,-0.178603,0.515105,-0.283362,-0.788970,0.016846,-0.018431,0.130004,-0.991199,0.443325,0.428759,0.365846,-0.696983,0.408424,0.485408,0.330845,-0.698649
0.041510,-0.065512,-0.000663,-0.996988,0.067512,-0.219394,-0.123425,-0.965440,0.434721,0.022454,0.112332,-0.893250,0.437168,-0.030678,0.146101,-0.886903,0.042210,-0.054204,-0.012934,-0.997553,-0.085999,0.105009,-0.033945,-0.990164,-0.089210,-0.000331,0.002971,-0.996008,-0.004826,0.090987,-0.017155,-0.995693,-0.026760,0.038145,-0.187200,-0.981216,-0.271623,0.458136,-0.296129,-0.792868,-0.174677,0.516293,-0.280327,-0.790156,0.021335,-0.020859,0.131218,-0.990904,0.448371,0.425228,0.370452,-0.693477,0.412840,0.482432,0.334542,-0.696350
0.045276,-0.064317,-0.000878,-0.996902,0.071961,-0.217832,-0.128226,-0.964847,0.431404,0.014731,0.098155,-0.896682,0.432708,-0.037448,0.137267,-0.890236,0.045777,-0.053824,-0.009553,-0.997455,-0.086250,0.105104,-0.030724,-0.990237,-0.089102,-0.000361,0.003242,-0.996017,-0.000859,0.091260,-0.016617,-0.995688,-0.022713,0.040172,-0.186045,-0.981457,-0.267590,0.459475,-0.292268,-0.794895,-0.171034,0.517593,-0.276681,-0.791387,0.025448,-0.022570,0.132700,-0.990572,0.451797,0.422784,0.374177,-0.690743,0.416708,0.479800,0.338568,-0.693915
0.048933,-0.063244,-0.000927,-0.996797,0.076246,-0.216732,-0.132291,-0.964216,0.424883,0.007138,0.082971,-0.901410,0.424943,-0.044069,0.130117,-0.894735,0.049250,-0.053285,-0.006240,-0.997345,-0.086485,0.105127,-0.027521,-0.990309,-0.088978,-0.000388,0.003463,-0.996028,0.002927,0.091586,-0.015942,-0.995665,-0.018842,0.042278,-0.184896,-0.981667,-0.263801,0.460826,-0.288485,-0.796759,-0.167525,0.518937,-0.272727,-0.792628,0.029373,-0.023929,0.134313,-0.990214,0.454417,0.420876,0.377458,-0.688400,0.420296,0.477325,0.342749,-0.691401
0.052408,-0.062866,-0.000627,-0.996645,0.080730,-0.217189,-0.136548,-0.963154,0.409190,0.003938,0.064801,-0.910137,0.408537,-0.045868,0.114687,-0.904345,0.052561,-0.052337,-0.002933,-0.997241,-0.086755,0.105422,-0.024254,-0.990339,-0.088888,-0.000427,0.003650,-0.996035,0.006224,0.091134,-0.014842,-0.995709,-0.015300,0.043621,-0.183635,-0.981907,-0.260874,0.462376,-0.285583,-0.797869,-0.165425,0.520430,-0.269604,-0.793159,0.032715,-0.025739,0.136534,-0.989760,0.456081,0.419310,0.381336,-0.686114,0.421223,0.476548,0.346751,-0.689374
0.055572,-0.062523,-0.000236,-0.996495,0.085010,-0.217473,-0.141096,-0.962066,0.392808,0.002358,0.046782,-0.918427,0.391619,-0.046214,0.098381,-0.913685,0.055570,-0.051468,0.000399,-0.997127,-0.086932,0.105712,-0.020944,-0.990368,-0.088702,-0.000441,0.003888,-0.996051,0.009265,0.090733,-0.013710,-0.995738,-0.012042,0.044816,-0.182416,-0.982126,-0.258301,0.463966,-0.283001,-0.798703,-0.163487,0.522098,-0.266834,-0.793401,0.035806,-0.027401,0.138836,-0.989288,0.457112,0.418094,0.384950,-0.684149,0.421584,0.475966,0.350375,-0.687721
0.058114,-0.062250,0.000338,-0.996367,0.088876,-0.217446,-0.146218,-0.960957,0.375468,0.003919,0.028947,-0.926375,0.373999,-0.043926,0.080253,-0.922905,0.057966,-0.050732,0.003776,-0.997022,-0.086933,0.106044,-0.017555,-0.990398,-0.088331,-0.000355,0.004220,-0.996082,0.011792,0.090438,-0.012507,-0.995754,-0.009352,0.045722,-0.181289,-0.982322,-0.256447,0.465650,-0.281064,-0.799004,-0.161880,0.524134,-0.264774,-0.793078,0.038397,-0.028753,0.141317,-0.988801,0.456892,0.417594,0.388054,-0.682846,0.420832,0.475799,0.353257,-0.686823
0.059407,-0.062022,0.001054,-0.996305,0.091585,-0.217173,-0.151360,-0.959968,0.355977,0.008555,0.010999,-0.934391,0.354443,-0.038338,0.059805,-0.932375,0.059119,-0.050122,0.007195,-0.996966,-0.087072,0.106302,-0.014115,-0.990414,-0.088092,-0.000263,0.004327,-0.996103,0.013831,0.089970,-0.011268,-0.995785,-0.007074,0.046733,-0.180214,-0.982491,-0.254570,0.467368,-0.279170,-0.799266,-0.160797,0.526089,-0.263401,-0.792461,0.040478,-0.030091,0.143727,-0.988331,0.456228,0.417480,0.391123,-0.681608,0.419699,0.475296,0.356533,-0.686170
0.060075,-0.061816,0.001841,-0.996276,0.093715,-0.216773,-0.156510,-0.959026,0.335366,0.014920,-0.007107,-0.941943,0.333794,-0.031047,0.038059,-0.941366,0.059650,-0.049574,0.010632,-0.996931,-0.087279,0.106526,-0.010649,-0.990415,-0.087920,-0.000162,0.004319,-0.996118,0.015629,0.089417,-0.010013,-0.995821,-0.005004,0.047799,-0.179162,-0.982645,-0.252683,0.469104,-0.277293,-0.799501,-0.159983,0.528006,-0.262367,-0.791693,0.042304,-0.031420,0.146098,-0.987866,0.455339,0.417553,0.394171,-0.680401,0.418377,0.474619,0.360002,-0.685636
0.058651,-0.061713,0.003241,-0.996364,0.093707,-0.216243,-0.160139,-0.958548,0.309555,0.024871,-0.025577,-0.950212,0.307970,-0.020683,0.016776,-0.951023,0.058109,-0.049296,0.014070,-0.996993,-0.087637,0.106483,-0.007147,-0.990419,-0.087898,-0.000116,0.004544,-0.996119,0.016419,0.088726,-0.008688,-0.995883,-0.003826,0.049223,-0.178061,-0.982780,-0.250373,0.470801,-0.275122,-0.799980,-0.158206,0.529787,-0.260679,-0.791418,0.043163,-0.033267,0.149172,-0.987308,0.454558,0.417234,0.397821,-0.678993,0.417139,0.475007,0.362878,-0.684604
0.057023,-0.061552,0.004843,-0.996462,0.093364,-0.215577,-0.162953,-0.958257,0.282958,0.035910,-0.043558,-0.957470,0.281292,-0.009380,-0.003731,-0.959569,0.056372,-0.048929,0.017534,-0.997056,-0.087956,0.106363,-0.003572,-0.990423,-0.087834,-0.000070,0.004754,-0.996124,0.016889,0.087917,-0.007333,-0.995958,-0.002923,0.050722,-0.176940,-0.982909,-0.248123,0.472451,-0.272924,-0.800461,-0.156326,0.531498,-0.258705,-0.791293,0.043691,-0.035143,0.152100,-0.986773,0.453570,0.417045,0.401372,-0.677678,0.415965,0.475273,0.365924,-0.683512
0.054989,-0.061273,0.006849,-0.996582,0.092350,-0.214636,-0.164143,-0.958363,0.254931,0.048747,-0.060367,-0.963841,0.253190,0.003622,-0.022468,-0.967149,0.054243,-0.048392,0.021049,-0.997132,-0.088194,0.106076,0.000150,-0.990439,-0.087681,-0.000039,0.004933,-0.996136,0.016713,0.086865,-0.005918,-0.996062,-0.002564,0.052360,-0.175784,-0.983032,-0.245989,0.474001,-0.270684,-0.800964,-0.154226,0.533059,-0.256170,-0.791479,0.043562,-0.037076,0.154746,-0.986297,0.452176,0.417119,0.404740,-0.676560,0.414926,0.475304,0.369320,-0.682295
0.052543,-0.060876,0.008878,-0.996722,0.089975,-0.211274,-0.162994,-0.959531,0.225762,0.061181,-0.075911,-0.969291,0.224095,0.015547,-0.032736,-0.973893,0.051695,-0.047616,0.024790,-0.997219,-0.088546,0.105523,0.004174,-0.990458,-0.087617,-0.000108,0.004500,-0.996144,0.016080,0.085539,-0.004491,-0.996195,-0.002589,0.053896,-0.174613,-0.983158,-0.244162,0.475357,-0.268586,-0.801425,-0.152691,0.534685,-0.253870,-0.791421,0.042934,-0.039073,0.157293,-0.985844,0.450392,0.417117,0.407717,-0.675964,0.412979,0.475906,0.371985,-0.681607
0.049891,-0.060421,0.010919,-0.996866,0.086899,-0.206695,-0.160689,-0.961200,0.195703,0.073200,-0.090535,-0.973728,0.194384,0.027201,-0.038430,-0.979795,0.048937,-0.046715,0.028643,-0.997298,-0.088944,0.104856,0.008347,-0.990467,-0.087595,-0.000206,0.003759,-0.996149,0.015221,0.084078,-0.003058,-0.996338,-0.002810,0.055385,-0.173436,-0.983283,-0.242489,0.476623,-0.266559,-0.801858,-0.151442,0.536349,-0.251687,-0.791233,0.042058,-0.041096,0.159791,-0.985398,0.448414,0.417080,0.410495,-0.675620,0.410577,0.476794,0.374280,-0.681182
0.045749,-0.059987,0.014501,-0.997045,0.080756,-0.195907,-0.153465,-0.965167,0.161016,0.078321,-0.102767,-0.978457,0.159212,0.024055,-0.025705,-0.986616,0.044736,-0.045754,0.032553,-0.997419,-0.089449,0.103769,0.012681,-0.990490,-0.087680,-0.000223,0.003946,-0.996141,0.013549,0.082558,-0.002013,-0.996492,-0.003823,0.056790,-0.172527,-0.983359,-0.242219,0.477697,-0.265320,-0.801711,-0.151233,0.537345,-0.250700,-0.790910,0.040253,-0.042484,0.162386,-0.984990,0.445553,0.417797,0.412438,-0.675887,0.407793,0.476512,0.376791,-0.681667
0.041707,-0.059654,0.017680,-0.997191,0.074450,-0.185158,-0.145781,-0.968980,0.126661,0.081060,-0.112419,-0.982216,0.124175,0.021202,-0.012047,-0.991961,0.040606,-0.044902,0.036747,-0.997489,-0.089964,0.102885,0.017249,-0.990466,-0.087763,-0.000237,0.003931,-0.996134,0.011747,0.081132,-0.001030,-0.996634,-0.005008,0.058059,-0.171630,-0.983436,-0.242224,0.478611,-0.264235,-0.801523,-0.151411,0.538271,-0.249890,-0.790503,0.038318,-0.043702,0.165010,-0.984578,0.442493,0.418590,0.414085,-0.676399,0.404698,0.476741,0.378538,-0.682383
0.037867,-0.059522,0.020052,-0.997307,0.067919,-0.174522,-0.137136,-0.972688,0.094111,0.079739,-0.118342,-0.985282,0.090731,0.017405,0.001113,-0.995723,0.036623,-0.044264,0.041514,-0.997485,-0.090516,0.102381,0.022296,-0.990368,-0.087839,-0.000272,0.003528,-0.996128,0.009685,0.079880,-0.000171,-0.996757,-0.006527,0.059041,-0.170753,-0.983522,-0.242770,0.479190,-0.263456,-0.801268,-0.152356,0.539039,-0.249425,-0.789944,0.036121,-0.044603,0.167691,-0.984168,0.439036,0.419521,0.415154,-0.677419,0.400978,0.477971,0.378767,-0.683591
0.035492,-0.059382,0.019958,-0.997405,0.062495,-0.164860,-0.129348,-0.975800,0.075810,0.075108,-0.117489,-0.987324,0.072008,0.014056,0.008950,-0.997265,0.033965,-0.044996,0.047763,-0.997266,-0.091305,0.103946,0.028245,-0.989980,-0.088004,-0.000310,0.002438,-0.996117,0.007882,0.079033,0.000510,-0.996841,-0.007959,0.059574,-0.169977,-0.983613,-0.243737,0.479500,-0.263079,-0.800913,-0.153607,0.539533,-0.249444,-0.789359,0.034220,-0.045090,0.170097,-0.983800,0.435911,0.420476,0.415796,-0.678451,0.397477,0.478823,0.379251,-0.684770
0.033850,-0.059237,0.018631,-0.997496,0.057756,-0.155637,-0.121966,-0.978553,0.065033,0.068994,-0.113421,-0.989013,0.061087,0.010659,0.013795,-0.997980,0.031948,-0.046396,0.054757,-0.996909,-0.092286,0.106569,0.034648,-0.989407,-0.088268,-0.000328,0.001020,-0.996096,0.006210,0.078392,0.001103,-0.996903,-0.009346,0.059887,-0.169251,-0.983707,-0.244914,0.479678,-0.262903,-0.800505,-0.155010,0.539891,-0.249704,-0.788757,0.032469,-0.045365,0.172367,-0.983452,0.432952,0.421441,0.416225,-0.679482,0.394085,0.479486,0.379866,-0.685925
0.031633,-0.058635,0.020098,-0.997576,0.055454,-0.156505,-0.118130,-0.979018,0.067519,0.074467,-0.107808,-0.989077,0.060926,0.001112,0.018392,-0.997972,0.029519,-0.046134,0.060733,-0.996650,-0.093222,0.106595,0.040637,-0.989088,-0.088621,-0.000478,-0.000140,-0.996065,0.004777,0.077898,0.001729,-0.996948,-0.010646,0.059188,-0.168407,-0.983881,-0.246939,0.479086,-0.263253,-0.800122,-0.157570,0.539924,-0.250022,-0.788126,0.030901,-0.045012,0.175204,-0.983017,0.430212,0.422463,0.416328,-0.680525,0.391003,0.480463,0.379753,-0.687066
0.029102,-0.058514,0.020558,-0.997650,0.052563,-0.157457,-0.114221,-0.979489,0.070343,0.080188,-0.101787,-0.989071,0.061591,-0.007091,0.022411,-0.997825,0.026709,-0.046378,0.067038,-0.996314,-0.094162,0.107110,0.046842,-0.988669,-0.088949,-0.000518,-0.001166,-0.996035,0.003470,0.077631,0.002352,-0.996973,-0.011912,0.058253,-0.167570,-0.984065,-0.249150,0.478298,-0.263749,-0.799745,-0.160319,0.539715,-0.250508,-0.787560,0.029473,-0.044268,0.178129,-0.982569,0.427557,0.423668,0.416228,-0.681509,0.387837,0.481542,0.379335,-0.688335
0.025942,-0.059355,0.019007,-0.997719,0.048487,-0.158566,-0.110172,-0.979984,0.073896,0.086393,-0.094980,-0.988966,0.063823,-0.012581,0.025308,-0.997561,0.023117,-0.047627,0.074004,-0.995852,-0.095156,0.108595,0.053479,-0.988075,-0.089261,-0.000342,-0.001918,-0.996006,0.002411,0.077812,0.002965,-0.996961,-0.013112,0.056840,-0.166748,-0.984273,-0.251733,0.477114,-0.264540,-0.799381,-0.163450,0.539020,-0.251329,-0.787131,0.028321,-0.042749,0.181234,-0.982102,0.425071,0.425248,0.415722,-0.682389,0.384502,0.482831,0.378308,-0.689866
0.022195,-0.060604,0.014904,-0.997804,0.042516,-0.157217,-0.104403,-0.981109,0.074158,0.090206,-0.087519,-0.989295,0.063636,-0.016108,0.026675,-0.997487,0.018651,-0.050870,0.082218,-0.995141,-0.096379,0.111992,0.060868,-0.987149,-0.089629,0.000045,-0.002921,-0.995971,0.000993,0.077953,0.003429,-0.996951,-0.014662,0.055359,-0.166123,-0.984441,-0.254638,0.475559,-0.265567,-0.799048,-0.166606,0.537898,-0.251846,-0.787072,0.026842,-0.041506,0.183914,-0.981699,0.423006,0.426845,0.415562,-0.682772,0.381784,0.484620,0.376986,-0.690844
0.018152,-0.062054,0.009526,-0.997862,0.035696,-0.154522,-0.097791,-0.982489,0.072927,0.092992,-0.079777,-0.989783,0.062455,-0.018526,0.027245,-0.997504,0.013631,-0.055014,0.091064,-0.994231,-0.097954,0.116476,0.068654,-0.985964,-0.090244,0.000659,-0.003996,-0.995911,-0.000619,0.078066,0.003816,-0.996941,-0.016397,0.053832,-0.165594,-0.984587,-0.257709,0.473802,-0.266717,-0.798724,-0.169786,0.536552,-0.252217,-0.787192,0.025186,-0.040403,0.186380,-0.981323,0.421142,0.428453,0.415570,-0.682912,0.379362,0.486655,0.375509,-0.691552
0.013152,-0.062141,0.003123,-0.997976,0.027889,-0.152992,-0.090968,-0.983636,0.071858,0.096337,-0.071509,-0.990173,0.061971,-0.018843,0.029179,-0.997473,0.007341,-0.060101,0.100089,-0.993134,-0.099669,0.120415,0.076639,-0.984730,-0.091104,0.001853,-0.005078,-0.995827,-0.002255,0.078564,0.004339,-0.996897,-0.018334,0.051693,-0.165164,-0.984740,-0.261870,0.472143,-0.268834,-0.797642,-0.173993,0.535156,-0.253343,-0.786862,0.023552,-0.037920,0.187852,-0.981182,0.418228,0.432038,0.414498,-0.683096,0.376254,0.489499,0.374513,-0.691782
0.007574,-0.062215,-0.003094,-0.998029,0.019627,-0.150899,-0.084302,-0.984753,0.071072,0.099391,-0.063287,-0.990487,0.061863,-0.019156,0.031190,-0.997413,0.000256,-0.065129,0.108926,-0.991914,-0.101487,0.123974,0.084616,-0.983448,-0.092167,0.003390,-0.005917,-0.995720,-0.004055,0.079179,0.004850,-0.996840,-0.020455,0.049601,-0.164769,-0.984872,-0.266127,0.470403,-0.270996,-0.796529,-0.178606,0.533899,-0.254837,-0.786199,0.021781,-0.035215,0.189082,-0.981088,0.415293,0.435573,0.412923,-0.683595,0.373582,0.492423,0.373697,-0.691597
0.000837,-0.062269,-0.008940,-0.998019,0.010404,-0.147854,-0.077958,-0.985877,0.070861,0.101585,-0.055169,-0.990765,0.062400,-0.019717,0.033342,-0.997299,-0.008189,-0.070201,0.117370,-0.990570,-0.103084,0.126558,0.092560,-0.982237,-0.093229,0.005426,-0.006348,-0.995610,-0.006185,0.080053,0.005336,-0.996757,-0.022954,0.047630,-0.164450,-0.984967,-0.270602,0.468534,-0.273234,-0.795358,-0.184041,0.532941,-0.257058,-0.784872,0.019735,-0.032048,0.189831,-0.981095,0.412327,0.439031,0.410340,-0.684732,0.371796,0.495537,0.373225,-0.690590
0.004872,0.062990,0.013705,0.997908,-0.002555,0.145357,0.071346,0.986800,-0.070276,-0.103612,0.047185,0.991009,-0.062578,0.020493,-0.035427,0.997201,0.015494,0.073920,-0.125432,0.989223,0.104391,-0.127799,-0.100513,0.981156,0.094352,-0.008209,0.006215,0.995486,0.008963,-0.081517,-0.005873,0.996614,0.026170,-0.046278,0.164038,0.985020,0.275278,-0.466568,0.275089,0.794269,0.189478,-0.531894,0.258016,0.783974,-0.017249,0.028961,-0.190562,0.981096,-0.410987,-0.441116,-0.407360,0.685977,-0.370085,-0.497293,-0.370362,0.691787
0.010067,0.064044,0.017930,0.997735,0.004582,0.143085,0.064611,0.987589,-0.069536,-0.105645,0.039284,0.991191,-0.062649,0.021289,-0.037456,0.997105,0.022239,0.076910,-0.133293,0.987838,0.105577,-0.128462,-0.108470,0.980094,0.095614,-0.011441,0.005795,0.995336,0.012075,-0.083294,-0.006424,0.996431,0.029757,-0.045249,0.163580,0.985042,0.280066,-0.464560,0.276743,0.793196,0.194930,-0.530816,0.258340,0.783260,-0.014531,0.025895,-0.191272,0.981088,-0.410450,-0.442519,-0.404160,0.687287,-0.368384,-0.498376,-0.366283,0.694084
0.012951,0.064457,0.018150,0.997671,0.008309,0.144615,0.058500,0.987722,-0.068728,-0.109742,0.032071,0.991062,-0.062593,0.021715,-0.038275,0.997069,0.025683,0.076941,-0.139373,0.986912,0.106007,-0.125780,-0.115163,0.979632,0.097042,-0.016304,0.002840,0.995143,0.015777,-0.085966,-0.007100,0.996148,0.034128,-0.044549,0.163252,0.984987,0.285936,-0.462383,0.278675,0.791696,0.201072,-0.529670,0.257655,0.782709,-0.011491,0.022592,-0.192024,0.981063,-0.411961,-0.442648,-0.400500,0.688440,-0.369596,-0.497836,-0.362392,0.695867
0.015927,0.064134,0.017132,0.997667,0.011798,0.146810,0.052777,0.987685,-0.068012,-0.114316,0.025122,0.990795,-0.062662,0.022013,-0.039148,0.997024,0.029081,0.076886,-0.145189,0.985983,0.107180,-0.122687,-0.121380,0.979146,0.099483,-0.021400,-0.000677,0.994809,0.019758,-0.088832,-0.007755,0.995820,0.038821,-0.043886,0.163118,0.984865,0.292802,-0.460390,0.281222,0.789444,0.207252,-0.528198,0.258356,0.781860,-0.008233,0.019241,-0.192598,0.981055,-0.413701,-0.442890,-0.396836,0.689363,-0.371022,-0.497183,-0.358705,0.697483
0.019088,0.062338,0.013637,0.997779,0.014757,0.150394,0.047818,0.987359,-0.067578,-0.119723,0.018662,0.990329,-0.063000,0.022178,-0.040154,0.996959,0.032375,0.076721,-0.150497,0.985097,0.109853,-0.118641,-0.126671,0.978678,0.103790,-0.026861,-0.005305,0.994222,0.024293,-0.092051,-0.008400,0.995422,0.044151,-0.043262,0.163364,0.984628,0.301652,-0.458729,0.285012,0.785711,0.213502,-0.526021,0.261821,0.780492,-0.004541,0.015833,-0.192853,0.981089,-0.415903,-0.443352,-0.393218,0.689814,-0.372888,-0.496299,-0.355480,0.698767
0.021983,0.059360,0.010021,0.997944,0.017404,0.153542,0.042874,0.987058,-0.066871,-0.123921,0.012474,0.989958,-0.063158,0.022127,-0.040549,0.996934,0.035816,0.078597,-0.156641,0.983872,0.118580,-0.117478,-0.130469,0.977300,0.113074,-0.029892,-0.015031,0.993023,0.028978,-0.095353,-0.009262,0.994979,0.049684,-0.042224,0.163768,0.984342,0.311105,-0.457144,0.289570,0.781270,0.222359,-0.524262,0.267973,0.777108,-0.000740,0.012206,-0.192235,0.981273,-0.416710,-0.445073,-0.389269,0.690458,-0.374255,-0.496816,-0.353090,0.698881
0.024745,0.055790,0.006343,0.998116,0.019865,0.156468,0.037922,0.986755,-0.066024,-0.127529,0.006400,0.989614,-0.063238,0.021952,-0.040661,0.996928,0.039303,0.081486,-0.163223,0.982432,0.130320,-0.117651,-0.133405,0.975386,0.124788,-0.031779,-0.027159,0.991302,0.033746,-0.098678,-0.010247,0.994494,0.055313,-0.040946,0.164211,0.984022,0.320827,-0.455526,0.294491,0.776429,0.232486,-0.522590,0.275443,0.772646,0.003139,0.008498,-0.191194,0.981510,-0.416780,-0.447404,-0.385171,0.691207,-0.375346,-0.498007,-0.351137,0.698432
0.027308,0.052064,0.003287,0.998265,0.022249,0.158181,0.033241,0.986600,-0.065291,-0.129438,0.000845,0.989435,-0.063378,0.022165,-0.041204,0.996892,0.043556,0.088955,-0.170960,0.980287,0.152569,-0.128292,-0.131796,0.971027,0.142450,-0.025966,-0.061705,0.987535,0.037893,-0.101507,-0.011525,0.994046,0.060288,-0.038565,0.164833,0.983722,0.330396,-0.453292,0.300047,0.771581,0.242971,-0.521676,0.281362,0.767890,0.006627,0.004071,-0.188825,0.981980,-0.414247,-0.451389,-0.379806,0.693105,-0.374044,-0.502079,-0.347707,0.697931
0.029774,0.048917,0.000899,0.998359,0.024747,0.158974,0.028408,0.986564,-0.064543,-0.130551,-0.004701,0.989327,-0.063534,0.022394,-0.041931,0.996847,0.047165,0.093459,-0.177606,0.978518,0.173651,-0.138983,-0.128794,0.966406,0.159378,-0.019352,-0.089802,0.982934,0.041942,-0.103946,-0.012777,0.993616,0.065068,-0.035919,0.165642,0.983381,0.339715,-0.450873,0.305829,0.766666,0.252768,-0.520474,0.287135,0.763393,0.010159,-0.000183,-0.186112,0.982476,-0.411398,-0.455235,-0.374198,0.695334,-0.372015,-0.506315,-0.343247,0.698163
0.032044,0.046932,-0.000151,0.998384,0.027521,0.157932,0.023307,0.986791,-0.063814,-0.130047,-0.010174,0.989400,-0.063710,0.022686,-0.042961,0.996785,0.049497,0.092079,-0.182025,0.977721,0.192610,-0.150257,-0.124549,0.961671,0.174422,-0.009812,-0.106018,0.978898,0.045783,-0.105642,-0.013955,0.993252,0.069475,-0.032801,0.166898,0.982976,0.348599,-0.448211,0.312098,0.761696,0.261286,-0.518833,0.292638,0.759542,0.013728,-0.004144,-0.182697,0.983065,-0.407995,-0.458832,-0.368087,0.698230,-0.368580,-0.510894,-0.336715,0.699828
0.033282,0.045709,-0.001398,0.998399,0.029248,0.156869,0.018093,0.987020,-0.063004,-0.129174,-0.015495,0.989497,-0.063804,0.022762,-0.043351,0.996761,0.050358,0.089999,-0.183840,0.977531,0.205582,-0.167988,-0.118650,0.956785,0.185632,-0.013749,-0.115887,0.975665,0.049301,-0.107263,-0.014922,0.992895,0.073505,-0.030023,0.168224,0.982546,0.355760,-0.446053,0.317782,0.757288,0.268714,-0.516815,0.299487,0.755647,0.017026,-0.007720,-0.179248,0.983626,-0.405104,-0.461829,-0.362208,0.701007,-0.363306,-0.512949,-0.331481,0.703571
0.034003,0.044867,-0.002744,0.998410,0.030448,0.155798,0.012823,0.987236,-0.062172,-0.128115,-0.020741,0.989591,-0.063867,0.022729,-0.043419,0.996754,0.050496,0.087574,-0.184352,0.977648,0.215460,-0.188906,-0.111799,0.951521,0.194678,-0.024421,-0.122377,0.972897,0.052658,-0.108841,-0.015781,0.992538,0.077338,-0.027400,0.169577,0.982096,0.362037,-0.444128,0.323175,0.753152,0.275567,-0.514551,0.306994,0.751701,0.020206,-0.011086,-0.175775,0.984161,-0.402442,-0.464516,-0.356435,0.703718,-0.357039,-0.513769,-0.326904,0.708307
0.035051,0.044470,-0.003544,0.998389,0.032108,0.154254,0.007649,0.987480,-0.061302,-0.126689,-0.025814,0.989710,-0.063862,0.022490,-0.043154,0.996772,0.051038,0.086410,-0.182422,0.978085,0.219957,-0.218248,-0.102844,0.945204,0.199265,-0.046154,-0.124847,0.970864,0.055435,-0.109696,-0.016361,0.992283,0.080352,-0.025613,0.170425,0.981755,0.363798,-0.442877,0.325976,0.751831,0.277733,-0.513791,0.311302,0.749650,0.022880,-0.013024,-0.173379,0.984503,-0.400449,-0.464966,-0.351616,0.706975,-0.351587,-0.511482,-0.325708,0.713223
0.036227,0.044191,-0.004333,0.998357,0.033869,0.152662,0.002604,0.987694,-0.060503,-0.125386,-0.030776,0.989783,-0.063891,0.022406,-0.043139,0.996772,0.051685,0.085219,-0.180149,0.978577,0.224560,-0.248687,-0.092883,0.937604,0.204041,-0.070229,-0.126449,0.968218,0.058083,-0.110359,-0.016886,0.992049,0.083160,-0.024171,0.171010,0.981456,0.364203,-0.441845,0.327832,0.751436,0.278337,-0.513168,0.313875,0.748778,0.025415,-0.014382,-0.171521,0.984748,-0.398660,-0.464756,-0.347418,0.710192,-0.347109,-0.509078,-0.324119,0.717845
0.037663,0.044148,-0.005099,0.998302,0.035845,0.150985,-0.002182,0.987884,-0.059796,-0.124305,-0.035517,0.989804,-0.063959,0.022659,-0.043629,0.996741,0.052533,0.083974,-0.177192,0.979179,0.229580,-0.281451,-0.081030,0.928177,0.209501,-0.098918,-0.126360,0.964550,0.060476,-0.110640,-0.017304,0.991868,0.085570,-0.023436,0.171089,0.981253,0.361916,-0.441275,0.327804,0.752886,0.275870,-0.512859,0.312984,0.750275,0.027645,-0.014606,-0.170752,0.984818,-0.397334,-0.463245,-0.344478,0.713347,-0.344705,-0.506411,-0.321767,0.721936
0.039473,0.043922,-0.005905,0.998237,0.038115,0.149347,-0.006655,0.988028,-0.059052,-0.123502,-0.039960,0.989779,-0.063939,0.022856,-0.044425,0.996702,0.053437,0.082355,-0.171355,0.980306,0.231151,-0.313289,-0.067870,0.918593,0.211593,-0.128933,-0.124567,0.960775,0.062972,-0.110370,-0.017771,0.991734,0.087911,-0.023027,0.170825,0.981102,0.358635,-0.440804,0.326854,0.755142,0.271589,-0.512430,0.310770,0.753045,0.029900,-0.013359,-0.170775,0.984766,-0.397171,-0.460774,-0.343505,0.715504,-0.343945,-0.503982,-0.319042,0.725201
0.041470,0.043604,-0.006730,0.998165,0.040530,0.147720,-0.010969,0.988138,-0.058304,-0.122856,-0.044248,0.989722,-0.063889,0.023007,-0.045367,0.996660,0.054393,0.080563,-0.164064,0.981649,0.230666,-0.344490,-0.054174,0.908397,0.211363,-0.159528,-0.121907,0.956564,0.065519,-0.109823,-0.018267,0.991621,0.090217,-0.022781,0.170388,0.980974,0.354853,-0.440378,0.325433,0.757786,0.266390,-0.511927,0.307880,0.756424,0.032162,-0.011380,-0.171206,0.984644,-0.397593,-0.457832,-0.343528,0.717146,-0.344027,-0.501669,-0.316138,0.728032
0.044103,0.042828,-0.007061,0.998084,0.043664,0.145703,-0.015167,0.988248,-0.057421,-0.122020,-0.048350,0.989685,-0.063669,0.022963,-0.045989,0.996646,0.055332,0.076752,-0.151288,0.983951,0.225056,-0.369293,-0.039489,0.900785,0.207640,-0.187206,-0.109430,0.953868,0.068285,-0.108845,-0.018679,0.991535,0.092607,-0.022886,0.169722,0.980864,0.351193,-0.439799,0.323457,0.760668,0.261748,-0.511202,0.305265,0.759588,0.034614,-0.008429,-0.172052,0.984444,-0.398517,-0.455176,-0.345320,0.717463,-0.347185,-0.499671,-0.316356,0.727812
0.047124,0.042126,-0.007133,0.997975,0.047233,0.143355,-0.019358,0.988354,-0.056503,-0.121075,-0.052392,0.989648,-0.063390,0.022885,-0.046707,0.996633,0.056598,0.072131,-0.137126,0.986301,0.218586,-0.390943,-0.024624,0.893744,0.203609,-0.212669,-0.093688,0.951072,0.071188,-0.107721,-0.018935,0.991448,0.095111,-0.022836,0.169052,0.980741,0.348164,-0.438986,0.321736,0.763256,0.257844,-0.510386,0.302785,0.762459,0.037243,-0.005400,-0.172850,0.984229,-0.399136,-0.452839,-0.347254,0.717664,-0.349907,-0.497931,-0.316901,0.727464
0.050923,0.041570,-0.006690,0.997815,0.051678,0.140356,-0.023530,0.988472,-0.055487,-0.119884,-0.056315,0.989635,-0.062970,0.022773,-0.047625,0.996618,0.058474,0.065876,-0.120210,0.988833,0.211080,-0.406635,-0.009098,0.888825,0.200064,-0.233922,-0.071357,0.948769,0.074370,-0.106305,-0.018869,0.991369,0.097848,-0.022475,0.168379,0.980596,0.346411,-0.437718,0.320536,0.765283,0.255437,-0.509403,0.300592,0.764791,0.040236,-0.002215,-0.173534,0.984003,-0.399147,-0.451121,-0.349451,0.717673,-0.351757,-0.496688,-0.318059,0.726916
0.055177,0.041037,-0.006362,0.997613,0.056510,0.136981,-0.027618,0.988575,-0.054653,-0.118619,-0.060149,0.989608,-0.062696,0.023036,-0.049549,0.996536,0.060762,0.058398,-0.101039,0.991307,0.202456,-0.416211,0.006525,0.886419,0.196195,-0.247906,-0.046360,0.947576,0.077580,-0.104457,-0.018495,0.991326,0.100574,-0.021212,0.167703,0.980464,0.346705,-0.435874,0.320570,0.766188,0.255359,-0.507804,0.300103,0.766071,0.043448,0.000803,-0.174016,0.983784,-0.398242,-0.449895,-0.351281,0.718053,-0.351555,-0.495716,-0.319880,0.726878
0.059659,0.040515,-0.006092,0.997378,0.061519,0.133396,-0.031649,0.988645,-0.053959,-0.117354,-0.063907,0.989562,-0.062537,0.023448,-0.051937,0.996415,0.063465,0.050385,-0.080658,0.993442,0.193556,-0.422492,0.022492,0.885173,0.192492,-0.258105,-0.019833,0.946539,0.080807,-0.102392,-0.017978,0.991294,0.103298,-0.019500,0.167016,0.980334,0.348031,-0.433739,0.321213,0.766530,0.256454,-0.505897,0.300461,0.766826,0.046772,0.003736,-0.174408,0.983555,-0.396866,-0.448923,-0.352934,0.718612,-0.350312,-0.494887,-0.322035,0.727092
0.065875,0.039825,-0.005881,0.997015,0.068135,0.130340,-0.035229,0.988498,-0.052929,-0.116763,-0.067392,0.989456,-0.061997,0.023473,-0.054860,0.996291,0.068013,0.042395,-0.055437,0.995240,0.178213,-0.419202,0.037659,0.889434,0.184541,-0.256189,0.015264,0.948725,0.084638,-0.100334,-0.017005,0.991201,0.106653,-0.017550,0.166320,0.980130,0.351245,-0.430792,0.322399,0.766227,0.260658,-0.502956,0.302682,0.766470,0.050784,0.006320,-0.174604,0.983308,-0.394451,-0.448678,-0.354032,0.719554,-0.348038,-0.494370,-0.322792,0.728199
0.072562,0.039046,-0.005492,0.996584,0.075228,0.127269,-0.038737,0.988252,-0.052031,-0.116219,-0.070860,0.989325,-0.061577,0.023230,-0.057382,0.996181,0.073417,0.035177,-0.028668,0.996268,0.159512,-0.412428,0.052677,0.895368,0.172764,-0.249352,0.049732,0.951579,0.088745,-0.098330,-0.015972,0.991060,0.110280,-0.015843,0.165598,0.979880,0.354789,-0.427770,0.323470,0.765836,0.264873,-0.499863,0.304690,0.766253,0.055048,0.008953,-0.174793,0.983024,-0.391783,-0.448442,-0.355029,0.720667,-0.345419,-0.494417,-0.323097,0.729278
0.080193,0.038090,-0.004747,0.996040,0.083292,0.124209,-0.042129,0.987856,-0.051335,-0.115703,-0.074341,0.989167,-0.061341,0.022517,-0.059159,0.996108,0.080087,0.029338,0.001019,0.996356,0.133510,-0.398859,0.067021,0.904762,0.152733,-0.232626,0.082917,0.956913,0.093398,-0.096438,-0.014803,0.990837,0.114445,-0.014619,0.164844,0.979548,0.358984,-0.424605,0.324322,0.765282,0.269109,-0.496489,0.306275,0.766339,0.059806,0.011689,-0.174947,0.982690,-0.388634,-0.448207,-0.355815,0.722129,-0.342137,-0.495573,-0.322477,0.730314
0.088651,0.037249,-0.003079,0.995361,0.092340,0.121435,-0.045412,0.987251,-0.050293,-0.115178,-0.077700,0.989023,-0.060625,0.020625,-0.061544,0.996048,0.087981,0.023795,0.029863,0.995390,0.105997,-0.378728,0.080365,0.915899,0.129480,-0.211039,0.112363,0.962326,0.098465,-0.094955,-0.013655,0.990506,0.119069,-0.014047,0.164140,0.979124,0.363116,-0.421579,0.324740,0.764828,0.273156,-0.493528,0.307132,0.766476,0.064845,0.014386,-0.175013,0.982323,-0.385645,-0.448141,-0.356646,0.723361,-0.339706,-0.495993,-0.322683,0.731072
0.097516,0.036462,-0.000949,0.994565,0.101861,0.118745,-0.048625,0.986489,-0.049118,-0.114737,-0.080956,0.988873,-0.059684,0.018059,-0.064182,0.995988,0.096603,0.018642,0.058306,0.993439,0.078299,-0.353706,0.094578,0.927263,0.105054,-0.185720,0.141138,0.966722,0.103735,-0.093679,-0.012524,0.990104,0.123919,-0.013813,0.163462,0.978639,0.367214,-0.418634,0.324925,0.764410,0.277109,-0.490786,0.307612,0.766625,0.070022,0.017056,-0.175056,0.981917,-0.382722,-0.448178,-0.357509,0.724464,-0.337685,-0.496069,-0.323317,0.731676
0.106995,0.035874,0.002031,0.993610,0.112170,0.116027,-0.052051,0.985518,-0.046587,-0.113219,-0.083904,0.988924,-0.057204,0.016048,-0.071119,0.995697,0.106234,0.012604,0.079678,0.991064,0.059697,-0.320647,0.105702,0.939387,0.086953,-0.154763,0.159558,0.971097,0.109434,-0.093026,-0.011503,0.989565,0.129312,-0.013876,0.162544,0.978093,0.371294,-0.416240,0.325060,0.763689,0.281599,-0.488000,0.308275,0.766502,0.075374,0.019967,-0.175063,0.981465,-0.380305,-0.447679,-0.358429,0.725590,-0.335675,-0.495770,-0.323630,0.732665
0.116363,0.034741,0.005450,0.992584,0.122455,0.113284,-0.055745,0.984411,-0.043407,-0.111229,-0.086827,0.989042,-0.054018,0.014104,-0.079019,0.995309,0.115891,0.007195,0.098570,0.988333,0.045410,-0.284276,0.116998,0.950493,0.072506,-0.122222,0.177210,0.973859,0.115151,-0.092553,-0.010388,0.988972,0.134777,-0.013897,0.161773,0.977482,0.375555,-0.413781,0.325382,0.762804,0.286244,-0.485454,0.309102,0.766065,0.080747,0.022587,-0.174965,0.980998,-0.377619,-0.447251,-0.358879,0.727033,-0.333838,-0.495539,-0.323775,0.733596
0.125519,0.032520,0.009747,0.991510,0.132738,0.110586,-0.060034,0.983131,-0.038836,-0.108151,-0.089830,0.989306,-0.049352,0.012425,-0.088982,0.994732,0.125343,0.002570,0.112409,0.985721,0.038414,-0.243921,0.126029,0.960803,0.064066,-0.088803,0.191151,0.975434,0.120905,-0.092438,-0.009075,0.988309,0.140391,-0.013814,0.161288,0.976773,0.380181,-0.411170,0.326091,0.761621,0.291201,-0.483374,0.310283,0.765033,0.086161,0.024637,-0.174618,0.980550,-0.374430,-0.446921,-0.358362,0.729137,-0.332383,-0.495415,-0.323557,0.734437
0.134763,0.030130,0.014873,0.990308,0.143325,0.108086,-0.064795,0.981620,-0.033335,-0.104248,-0.093071,0.989626,-0.043713,0.010440,-0.097127,0.994257,0.134743,-0.000721,0.122669,0.983258,0.034704,-0.200664,0.132685,0.970013,0.057894,-0.054968,0.203728,0.975767,0.126559,-0.092965,-0.007465,0.987565,0.146092,-0.013735,0.161299,0.975936,0.384968,-0.408630,0.327315,0.760057,0.296599,-0.481027,0.312093,0.763701,0.091435,0.025998,-0.174054,0.980137,-0.370857,-0.446575,-0.356766,0.731952,-0.329284,-0.495362,-0.321708,0.736677
0.144041,0.027653,0.020411,0.988975,0.154050,0.105559,-0.069801,0.979925,-0.027408,-0.100073,-0.096464,0.989914,-0.037602,0.008145,-0.104343,0.993797,0.144087,-0.003360,0.131132,0.980832,0.032804,-0.155745,0.138253,0.977524,0.052726,-0.020908,0.215643,0.974824,0.132147,-0.093817,-0.005706,0.986764,0.151823,-0.013669,0.161553,0.975020,0.389826,-0.406135,0.328773,0.758287,0.302209,-0.478552,0.314194,0.762194,0.096628,0.027009,-0.173392,0.979729,-0.367088,-0.446217,-0.354637,0.735098,-0.325362,-0.495335,-0.319045,0.739590
0.151753,0.027582,0.024912,0.987719,0.163147,0.105432,-0.074213,0.978141,-0.021909,-0.097460,-0.099991,0.989961,-0.032032,0.005365,-0.108243,0.993594,0.150444,0.012139,0.134411,0.979364,0.029063,-0.129648,0.138756,0.981373,0.046890,0.004759,0.212311,0.976065,0.137061,-0.095122,-0.003659,0.985978,0.157109,-0.012828,0.161684,0.974172,0.394282,-0.403474,0.330518,0.756643,0.308722,-0.476190,0.317065,0.759871,0.101189,0.027368,-0.172680,0.979384,-0.363744,-0.446071,-0.352199,0.738015,-0.320961,-0.495379,-0.314704,0.743333
0.158100,0.028548,0.026222,0.986662,0.170381,0.108829,-0.077368,0.976289,-0.016269,-0.098675,-0.103175,0.989623,-0.026606,0.002313,-0.112022,0.993347,0.155630,0.026336,0.135472,0.978127,0.031348,-0.108866,0.138239,0.983898,0.047496,0.020029,0.194817,0.979484,0.141885,-0.096536,-0.001381,0.985164,0.162362,-0.011960,0.161837,0.973296,0.398816,-0.400747,0.332278,0.754943,0.314712,-0.473552,0.319954,0.757849,0.105682,0.027672,-0.171961,0.979028,-0.360737,-0.445901,-0.349854,0.740704,-0.316784,-0.495363,-0.310582,0.746862
0.161731,0.031590,0.021151,0.986102,0.173734,0.119559,-0.078046,0.974388,-0.010388,-0.107207,-0.105616,0.988556,-0.021600,-0.000961,-0.115629,0.993057,0.158238,0.037952,0.132486,0.977736,0.045189,-0.098774,0.136651,0.984646,0.060010,0.013759,0.150127,0.986748,0.146497,-0.098102,0.001365,0.984334,0.167504,-0.010963,0.162060,0.972398,0.403451,-0.397851,0.334114,0.753200,0.319627,-0.470333,0.322900,0.756545,0.110017,0.027945,-0.171198,0.978676,-0.358436,-0.445622,-0.347725,0.742989,-0.313098,-0.495189,-0.306932,0.750033
0.164311,0.035042,0.017591,0.985629,0.176289,0.129522,-0.079436,0.972541,-0.004892,-0.114346,-0.108421,0.987495,-0.016800,-0.005438,-0.122065,0.992365,0.159293,0.053145,0.129660,0.977236,0.048697,-0.106038,0.134744,0.983986,0.064354,0.008882,0.108818,0.991937,0.150362,-0.098411,0.004447,0.983711,0.171709,-0.009138,0.162279,0.971647,0.408284,-0.394492,0.336346,0.751366,0.323973,-0.466465,0.325600,0.755934,0.114097,0.028035,-0.170630,0.978305,-0.356346,-0.445816,-0.345973,0.744693,-0.311096,-0.495205,-0.304339,0.751910
0.166363,0.038698,0.014788,0.985194,0.178445,0.139091,-0.081180,0.970681,0.000464,-0.120782,-0.111339,0.986415,-0.012077,-0.010546,-0.129841,0.991405,0.159479,0.070103,0.126864,0.976503,0.047137,-0.122017,0.132629,0.982497,0.064606,0.004991,0.068990,0.995511,0.153822,-0.098074,0.007705,0.983189,0.175426,-0.006897,0.162504,0.970964,0.413186,-0.390904,0.338775,0.749468,0.328012,-0.462277,0.328163,0.755657,0.118021,0.028045,-0.170138,0.977925,-0.354389,-0.446223,-0.344411,0.746106,-0.309969,-0.495293,-0.302281,0.753147
0.162488,0.040939,0.011583,0.985793,0.174733,0.151581,-0.083140,0.969319,0.007093,-0.127847,-0.113828,0.985215,-0.005989,-0.018312,-0.140374,0.989911,0.155262,0.072549,0.123608,0.977421,0.047040,-0.121831,0.129504,0.982941,0.064404,0.005360,0.050208,0.996646,0.153945,-0.096858,0.009414,0.983276,0.175753,-0.003110,0.162386,0.970944,0.416634,-0.387801,0.341698,0.747843,0.332207,-0.458159,0.332633,0.754377,0.118988,0.026255,-0.169570,0.977956,-0.352503,-0.448027,-0.342279,0.746899,-0.309077,-0.497107,-0.301580,0.752599
0.157634,0.042699,0.007531,0.986545,0.169646,0.165427,-0.084639,0.967828,0.012763,-0.135872,-0.116067,0.983821,-0.000956,-0.027735,-0.151869,0.988011,0.150129,0.073814,0.120494,0.978516,0.047220,-0.120114,0.126561,0.983527,0.064151,0.005020,0.033680,0.997359,0.153532,-0.095828,0.011068,0.983424,0.175576,0.000244,0.162559,0.970952,0.419096,-0.385153,0.344299,0.746642,0.335625,-0.454566,0.336702,0.753231,0.119419,0.024010,-0.168524,0.978142,-0.350296,-0.450352,-0.339659,0.747735,-0.307678,-0.499309,-0.300123,0.752297
0.150819,0.043495,0.001784,0.987602,0.161764,0.181958,-0.085219,0.966158,0.016438,-0.145931,-0.118235,0.982066,0.001837,-0.040471,-0.165699,0.985344,0.143187,0.072692,0.117644,0.979986,0.047949,-0.115381,0.123933,0.984393,0.063747,0.003205,0.021633,0.997726,0.152082,-0.095191,0.012592,0.983693,0.174401,0.002726,0.163296,0.971036,0.419653,-0.383432,0.346201,0.746335,0.337565,-0.452072,0.339937,0.752412,0.118818,0.020835,-0.166558,0.978625,-0.347409,-0.453771,-0.336059,0.748641,-0.305217,-0.502331,-0.297146,0.752470
0.144333,0.044892,-0.002865,0.988506,0.154226,0.197170,-0.085444,0.964385,0.017351,-0.154818,-0.120935,0.980360,0.001831,-0.056148,-0.180713,0.981930,0.136771,0.070964,0.114426,0.981409,0.049068,-0.110362,0.120941,0.985285,0.063773,0.002444,0.016549,0.997824,0.150122,-0.094678,0.013923,0.984025,0.172559,0.003468,0.164328,0.971189,0.418348,-0.383055,0.346654,0.747051,0.335698,-0.450881,0.340611,0.753656,0.117649,0.017654,-0.164306,0.979209,-0.345446,-0.457462,-0.332945,0.748694,-0.303508,-0.506294,-0.293987,0.751745
0.138006,0.046588,-0.006965,0.989310,0.146791,0.211686,-0.085426,0.962468,0.016902,-0.163111,-0.123977,0.978641,0.000201,-0.073233,-0.196348,0.977796,0.130627,0.068939,0.110993,0.982784,0.050377,-0.105168,0.117713,0.986177,0.064035,0.002235,0.014900,0.997834,0.147889,-0.094232,0.015160,0.984388,0.170364,0.003332,0.165508,0.971376,0.416098,-0.383354,0.346374,0.748283,0.331907,-0.450344,0.339995,0.755931,0.116174,0.014466,-0.161915,0.979836,-0.343969,-0.461299,-0.330083,0.748287,-0.302197,-0.510732,-0.290739,0.750534
0.133333,0.049285,-0.009069,0.989804,0.141708,0.220518,-0.085605,0.961230,0.013621,-0.166708,-0.127807,0.977593,-0.004811,-0.087353,-0.219230,0.971743,0.126036,0.068779,0.107648,0.983766,0.051192,-0.102568,0.114569,0.986779,0.064165,0.002311,0.014990,0.997824,0.145526,-0.093820,0.016138,0.984764,0.167818,0.001439,0.167066,0.971558,0.412298,-0.385372,0.345180,0.749900,0.326149,-0.451544,0.336867,0.759115,0.114404,0.012286,-0.159172,0.980523,-0.345367,-0.464591,-0.329110,0.746032,-0.305511,-0.514740,-0.289992,0.746733
0.128641,0.051792,-0.010441,0.990283,0.136968,0.226949,-0.086124,0.960373,0.008204,-0.168467,-0.132860,0.976678,-0.012133,-0.099352,-0.241426,0.965244,0.121355,0.069562,0.104092,0.984682,0.051869,-0.101268,0.111309,0.987251,0.064290,0.002330,0.014894,0.997817,0.143000,-0.093235,0.017126,0.985172,0.165056,-0.000479,0.168810,0.971730,0.408745,-0.387704,0.344425,0.750989,0.320344,-0.452713,0.334196,0.762065,0.112487,0.010402,-0.156460,0.981203,-0.347589,-0.467462,-0.328638,0.743410,-0.310211,-0.518156,-0.290226,0.742329
0.123918,0.053924,-0.010349,0.990772,0.133010,0.228636,-0.087429,0.960411,-0.001567,-0.166560,-0.140225,0.976008,-0.023398,-0.107219,-0.262356,0.958710,0.116502,0.072240,0.100164,0.985483,0.052308,-0.102586,0.107896,0.987471,0.064417,0.002220,0.014495,0.997815,0.140186,-0.092299,0.018134,0.985647,0.161903,-0.002436,0.170932,0.971887,0.405742,-0.390673,0.344550,0.751022,0.314519,-0.453854,0.332444,0.764575,0.110318,0.009110,-0.153800,0.981882,-0.351415,-0.469488,-0.329143,0.740103,-0.317635,-0.520384,-0.292408,0.736754
0.118705,0.055282,-0.009289,0.991346,0.129109,0.228715,-0.089375,0.960746,-0.012893,-0.162765,-0.148551,0.975333,-0.034916,-0.113888,-0.274684,0.954127,0.111105,0.076169,0.095816,0.986242,0.052515,-0.105624,0.104240,0.987532,0.064422,0.001990,0.014183,0.997820,0.137372,-0.091179,0.019278,0.986126,0.158709,-0.004337,0.173144,0.972015,0.402890,-0.393977,0.345093,0.750582,0.309223,-0.455050,0.332553,0.765976,0.108146,0.008346,-0.151408,0.982502,-0.355597,-0.470542,-0.329974,0.737060,-0.324511,-0.521428,-0.294837,0.732036
0.113246,0.056253,-0.007744,0.991943,0.125221,0.228015,-0.091656,0.961212,-0.025102,-0.158010,-0.157219,0.974518,-0.046452,-0.120033,-0.282769,0.950513,0.105483,0.080769,0.091291,0.986922,0.052687,-0.109443,0.100541,0.987491,0.064443,0.001770,0.013984,0.997822,0.134560,-0.089973,0.020495,0.986599,0.155493,-0.006217,0.175396,0.972121,0.400115,-0.397452,0.345830,0.749894,0.304202,-0.456277,0.333587,0.766806,0.105971,0.007838,-0.149149,0.983089,-0.359949,-0.471097,-0.330973,0.734140,-0.331106,-0.521859,-0.297392,0.727729
0.112140,0.058507,-0.008718,0.991930,0.123147,0.231498,-0.088367,0.960955,-0.031638,-0.157192,-0.158490,0.974254,-0.052929,-0.116142,-0.283726,0.950373,0.104505,0.081006,0.088388,0.987271,0.053306,-0.108115,0.097681,0.987891,0.064517,0.001437,0.013191,0.997828,0.132599,-0.088793,0.021528,0.986950,0.153011,-0.008705,0.177452,0.972123,0.397030,-0.401874,0.346488,0.748872,0.299712,-0.458443,0.335401,0.766491,0.104551,0.007574,-0.147606,0.983476,-0.362951,-0.470574,-0.331134,0.732924,-0.336336,-0.521695,-0.298067,0.725168
0.111068,0.060398,-0.009800,0.991927,0.120446,0.233917,-0.082781,0.961209,-0.043525,-0.155461,-0.160037,0.973820,-0.064644,-0.109295,-0.284649,0.950185,0.103609,0.080631,0.085654,0.987637,0.053958,-0.106126,0.094917,0.988340,0.064605,0.001218,0.012629,0.997830,0.130633,-0.087740,0.022471,0.987285,0.150526,-0.011370,0.179401,0.972125,0.393504,-0.406571,0.346912,0.748002,0.294978,-0.461485,0.336507,0.766018,0.103074,0.007335,-0.146281,0.983831,-0.365615,-0.469581,-0.330959,0.732315,-0.340529,-0.521314,-0.297924,0.723542
0.110062,0.061561,-0.011100,0.991954,0.116549,0.234192,-0.072587,0.962446,-0.066088,-0.151682,-0.161921,0.972834,-0.086773,-0.096330,-0.285112,0.949685,0.102871,0.079030,0.083259,0.988048,0.054664,-0.102832,0.092346,0.988893,0.064703,0.001217,0.012530,0.997825,0.128675,-0.086933,0.023243,0.987596,0.148061,-0.014376,0.181163,0.972137,0.389107,-0.411812,0.346912,0.747434,0.289740,-0.466267,0.336220,0.765246,0.101509,0.007151,-0.145377,0.984129,-0.367599,-0.467661,-0.330085,0.732945,-0.342665,-0.520522,-0.296119,0.723845
0.108842,0.062575,-0.012202,0.992013,0.112136,0.232754,-0.060526,0.964151,-0.093822,-0.145013,-0.163536,0.971300,-0.113569,-0.082355,-0.284870,0.948245,0.101987,0.076866,0.081008,0.988498,0.055291,-0.099175,0.089859,0.989461,0.064706,0.001149,0.012609,0.997824,0.127034,-0.086443,0.023813,0.987838,0.145946,-0.017638,0.182841,0.972089,0.384385,-0.417322,0.346731,0.746906,0.284249,-0.471604,0.335878,0.764184,0.100078,0.007534,-0.145189,0.984301,-0.369276,-0.465139,-0.329677,0.733890,-0.343979,-0.518744,-0.294694,0.725078
0.107515,0.063514,-0.013204,0.992085,0.107534,0.230405,-0.047512,0.965967,-0.124053,-0.136466,-0.164516,0.968980,-0.142529,-0.067493,-0.283679,0.945863,0.101026,0.074421,0.078821,0.988960,0.055861,-0.095332,0.087403,0.990026,0.064656,0.001051,0.012770,0.997825,0.125550,-0.086112,0.024281,0.988045,0.144005,-0.021031,0.184470,0.972004,0.379493,-0.422957,0.346449,0.746368,0.278625,-0.477206,0.335496,0.762945,0.098714,0.008201,-0.145357,0.984408,-0.370801,-0.462314,-0.329498,0.734985,-0.344888,-0.516473,-0.293452,0.726769
0.105179,0.064722,-0.014195,0.992243,0.102445,0.227256,-0.035864,0.967767,-0.152282,-0.123090,-0.163493,0.966917,-0.168751,-0.048667,-0.280532,0.943640,0.098994,0.072511,0.076635,0.989479,0.056220,-0.092695,0.085093,0.990458,0.064538,0.000991,0.012490,0.997837,0.123748,-0.086397,0.024406,0.988244,0.141991,-0.023909,0.185565,0.972025,0.375498,-0.428564,0.346522,0.745156,0.272722,-0.482780,0.335765,0.761451,0.096854,0.008774,-0.146092,0.984479,-0.371270,-0.459948,-0.329427,0.736264,-0.343758,-0.512600,-0.293591,0.729983
0.102230,0.065738,-0.015011,0.992473,0.097109,0.224495,-0.025158,0.969298,-0.178228,-0.108045,-0.161187,0.964666,-0.192314,-0.030214,-0.274003,0.941820,0.096327,0.070876,0.074333,0.990037,0.056546,-0.090509,0.082745,0.990840,0.064430,0.000937,0.012383,0.997845,0.121894,-0.086786,0.024467,0.988439,0.140004,-0.026418,0.186589,0.972052,0.371865,-0.433953,0.346867,0.743696,0.267547,-0.488208,0.336170,0.759646,0.094897,0.009487,-0.146881,0.984546,-0.371413,-0.457709,-0.329503,0.737552,-0.342373,-0.509170,-0.293795,0.732947
0.098056,0.066374,-0.015477,0.992844,0.091144,0.222611,-0.016353,0.970500,-0.199808,-0.090325,-0.157319,0.962896,-0.211089,-0.013239,-0.262079,0.941584,0.092389,0.069793,0.071813,0.990675,0.056827,-0.089226,0.080343,0.991138,0.064349,0.000894,0.012638,0.997847,0.119942,-0.087376,0.024405,0.988627,0.138077,-0.028185,0.187490,0.972105,0.368962,-0.438916,0.347798,0.741793,0.263827,-0.493367,0.336867,0.757301,0.092750,0.010481,-0.147774,0.984607,-0.370900,-0.455727,-0.329867,0.738874,-0.340497,-0.506630,-0.294150,0.735434
0.093565,0.066899,-0.015840,0.993237,0.084993,0.222051,-0.008255,0.971288,-0.216433,-0.071879,-0.151521,0.961785,-0.224953,0.000908,-0.249344,0.941925,0.088087,0.069084,0.069389,0.991289,0.056909,-0.088510,0.078074,0.991379,0.064154,0.001019,0.012882,0.997856,0.117739,-0.088135,0.024170,0.988830,0.136035,-0.029350,0.188416,0.972179,0.366674,-0.442941,0.348883,0.740023,0.261941,-0.498241,0.338100,0.754209,0.090312,0.011358,-0.148632,0.984694,-0.369804,-0.454079,-0.330088,0.740337,-0.338463,-0.504686,-0.294165,0.737701
0.088915,0.067369,-0.016151,0.993627,0.078738,0.222113,-0.000509,0.971836,-0.230477,-0.053128,-0.144638,0.960801,-0.236395,0.013539,-0.236187,0.942417,0.083603,0.068571,0.067011,0.991876,0.056891,-0.088058,0.075870,0.991591,0.063902,0.001247,0.013118,0.997869,0.115411,-0.088980,0.023846,0.989037,0.133937,-0.030217,0.189356,0.972261,0.364694,-0.446499,0.350042,0.738314,0.260965,-0.502977,0.339574,0.750733,0.087727,0.012180,-0.149471,0.984791,-0.368417,-0.452588,-0.330237,0.741873,-0.336352,-0.503028,-0.294010,0.739857
0.084041,0.067774,-0.016030,0.994026,0.072490,0.223519,0.006422,0.971979,-0.236571,-0.033760,-0.134858,0.961617,-0.239836,0.022705,-0.224716,0.944175,0.078926,0.067994,0.064586,0.992460,0.057007,-0.087886,0.073674,0.991765,0.063769,0.001198,0.013618,0.997871,0.112781,-0.089785,0.023319,0.989280,0.131609,-0.030491,0.190192,0.972408,0.363138,-0.448604,0.350807,0.737441,0.259832,-0.506201,0.340352,0.748604,0.084788,0.013476,-0.150064,0.984942,-0.367688,-0.451605,-0.331528,0.742258,-0.334162,-0.501975,-0.294421,0.741400
0.079233,0.068234,-0.015884,0.994391,0.066331,0.224792,0.013253,0.972056,-0.240205,-0.014669,-0.123876,0.962674,-0.241056,0.031529,-0.213102,0.946301,0.074318,0.067389,0.062180,0.993010,0.057080,-0.087805,0.071484,0.991929,0.063607,0.001191,0.014056,0.997875,0.110072,-0.090467,0.022756,0.989536,0.129178,-0.030677,0.191079,0.972554,0.361535,-0.450286,0.351370,0.736936,0.258780,-0.508900,0.340918,0.746879,0.081801,0.014764,-0.150587,0.985096,-0.367098,-0.450719,-0.332909,0.742471,-0.332277,-0.500993,-0.295361,0.742536
0.074558,0.068807,-0.015689,0.994716,0.060371,0.225881,0.019877,0.972079,-0.239099,0.003931,-0.110822,0.964642,-0.237762,0.039782,-0.201359,0.949390,0.069853,0.066701,0.059820,0.993526,0.057070,-0.087950,0.069318,0.992070,0.063386,0.001224,0.014382,0.997885,0.107203,-0.090902,0.022126,0.989826,0.126543,-0.030680,0.192070,0.972705,0.359838,-0.451117,0.351539,0.737177,0.257900,-0.510547,0.341089,0.745981,0.078717,0.016029,-0.150981,0.985267,-0.366782,-0.450039,-0.334480,0.742334,-0.330994,-0.500170,-0.297376,0.742860
0.070670,0.069329,-0.015415,0.994968,0.054878,0.227207,0.027696,0.971904,-0.234440,0.019188,-0.096310,0.967158,-0.231647,0.047830,-0.184766,0.953894,0.066149,0.066378,0.057416,0.993943,0.057146,-0.088592,0.067138,0.992158,0.063284,0.001267,0.014423,0.997891,0.104277,-0.090973,0.021571,0.990144,0.123757,-0.030580,0.192870,0.972908,0.357828,-0.451205,0.351012,0.738352,0.256652,-0.511075,0.340478,0.746329,0.075681,0.017302,-0.151254,0.985442,-0.366801,-0.449415,-0.336180,0.741934,-0.330094,-0.499423,-0.299447,0.742931
0.067175,0.069825,-0.015100,0.995180,0.049607,0.228615,0.036114,0.971581,-0.227906,0.032603,-0.081062,0.969755,-0.224120,0.055656,-0.165653,0.958766,0.062825,0.066245,0.054991,0.994304,0.057269,-0.089468,0.064951,0.992218,0.063244,0.001330,0.014324,0.997894,0.101322,-0.090860,0.021054,0.990472,0.120894,-0.030430,0.193575,0.973133,0.355658,-0.450917,0.350141,0.739988,0.255219,-0.511037,0.339483,0.747299,0.072670,0.018578,-0.151466,0.985612,-0.366987,-0.448817,-0.337944,0.741403,-0.329384,-0.498709,-0.301545,0.742877
0.065455,0.070087,-0.014182,0.995290,0.046023,0.229349,0.045769,0.971178,-0.218390,0.041587,-0.064480,0.972840,-0.214044,0.061709,-0.146344,0.963826,0.061240,0.067026,0.052482,0.994486,0.057379,-0.090978,0.062680,0.992221,0.063202,0.001247,0.014053,0.997901,0.098757,-0.090601,0.020535,0.990766,0.118351,-0.030346,0.193953,0.973373,0.353299,-0.450038,0.348570,0.742391,0.252088,-0.509754,0.338108,0.749857,0.070065,0.019944,-0.151841,0.985717,-0.368337,-0.447681,-0.340034,0.740464,-0.331146,-0.497365,-0.304466,0.741802
0.064142,0.070268,-0.013347,0.995374,0.042658,0.230231,0.055859,0.970594,-0.208494,0.047836,-0.048098,0.975668,-0.203832,0.066864,-0.126956,0.968434,0.060035,0.068185,0.049960,0.994611,0.057536,-0.092828,0.060436,0.992179,0.063225,0.001205,0.013893,0.997902,0.096420,-0.090261,0.020023,0.991037,0.115976,-0.030495,0.194306,0.973584,0.350647,-0.448958,0.346589,0.745224,0.249247,-0.508373,0.336118,0.752634,0.067696,0.021364,-0.152315,0.985779,-0.369877,-0.446438,-0.342232,0.739433,-0.333143,-0.495952,-0.307402,0.740643
0.063643,0.070288,-0.012676,0.995414,0.039733,0.231463,0.066821,0.969732,-0.198225,0.048901,-0.032026,0.978412,-0.193486,0.070477,-0.107491,0.972647,0.059590,0.070086,0.047408,0.994630,0.057780,-0.095388,0.058243,0.992054,0.063374,0.001217,0.013950,0.997892,0.094539,-0.089770,0.019525,0.991273,0.113942,-0.031118,0.194606,0.973744,0.347410,-0.447479,0.343785,0.748919,0.246995,-0.506793,0.332907,0.755862,0.065800,0.022885,-0.152993,0.985769,-0.371802,-0.444995,-0.344644,0.738216,-0.335616,-0.494417,-0.310371,0.739313
0.062905,0.070507,-0.012103,0.995452,0.036331,0.233601,0.078027,0.968516,-0.187161,0.044534,-0.016390,0.981182,-0.182516,0.070602,-0.088463,0.976667,0.058946,0.071525,0.044938,0.994681,0.057909,-0.097773,0.056070,0.991939,0.063390,0.001196,0.013886,0.997892,0.092866,-0.089062,0.018779,0.991510,0.112066,-0.031468,0.194532,0.973965,0.344758,-0.445651,0.340986,0.752506,0.245048,-0.505069,0.330150,0.758853,0.064148,0.024249,-0.153909,0.985702,-0.373691,-0.443641,-0.347025,0.736961,-0.337468,-0.493206,-0.313019,0.738162
0.062048,0.070824,-0.011578,0.995490,0.032655,0.236158,0.089342,0.967048,-0.176051,0.037161,-0.000678,0.983679,-0.171449,0.068754,-0.069432,0.980335,0.058205,0.072737,0.042509,0.994743,0.057991,-0.100067,0.053910,0.991825,0.063344,0.001163,0.013762,0.997896,0.091298,-0.088243,0.017909,0.991744,0.110268,-0.031681,0.194269,0.974216,0.342389,-0.443637,0.338194,0.756029,0.243243,-0.503265,0.327627,0.761720,0.062617,0.025535,-0.154943,0.985606,-0.375559,-0.442330,-0.349389,0.735681,-0.339008,-0.492156,-0.315506,0.737097
0.060267,0.070907,-0.011583,0.995593,0.027857,0.239110,0.100174,0.965409,-0.166633,0.023698,0.013527,0.985641,-0.162176,0.062198,-0.052325,0.983409,0.056582,0.072764,0.040156,0.994933,0.057889,-0.101489,0.051687,0.991805,0.063059,0.001116,0.013621,0.997916,0.090166,-0.087195,0.016752,0.991961,0.108887,-0.031232,0.193700,0.974499,0.341185,-0.441967,0.336440,0.758331,0.242083,-0.500894,0.326349,0.764197,0.061570,0.026422,-0.156209,0.985449,-0.376346,-0.441548,-0.351191,0.734890,-0.340669,-0.491144,-0.318105,0.735888
0.058486,0.070929,-0.011633,0.995697,0.023042,0.241958,0.110746,0.963670,-0.157471,0.008461,0.028000,0.987090,-0.153077,0.053686,-0.034058,0.986167,0.054967,0.072675,0.037760,0.995124,0.057822,-0.102861,0.049413,0.991783,0.062797,0.001059,0.013399,0.997936,0.089106,-0.086106,0.015600,0.992171,0.107586,-0.030587,0.193057,0.974792,0.340210,-0.440451,0.334989,0.760291,0.241270,-0.498755,0.325463,0.766228,0.060634,0.027045,-0.157433,0.985295,-0.376670,-0.441004,-0.352582,0.734385,-0.341305,-0.490211,-0.319998,0.735395
0.056706,0.070829,-0.011775,0.995806,0.018259,0.244682,0.120815,0.961874,-0.148230,-0.009812,0.042582,0.987987,-0.143915,0.041728,-0.013788,0.988614,0.053366,0.072344,0.035277,0.995326,0.057815,-0.104149,0.047036,0.991765,0.062572,0.000967,0.013015,0.997955,0.088196,-0.084938,0.014458,0.992370,0.106444,-0.029552,0.192266,0.975105,0.339704,-0.439258,0.334140,0.761580,0.241177,-0.497092,0.325359,0.767381,0.059920,0.027133,-0.158577,0.985153,-0.376070,-0.440939,-0.353154,0.734457,-0.339896,-0.489438,-0.320482,0.736351
0.055383,0.070655,-0.011799,0.995892,0.014315,0.246583,0.129863,0.960275,-0.138749,-0.028863,0.057115,0.988258,-0.134650,0.025633,0.007183,0.990536,0.052226,0.072226,0.032643,0.995485,0.057801,-0.105643,0.044501,0.991725,0.062324,0.000837,0.012531,0.997977,0.087357,-0.083827,0.013326,0.992554,0.105391,-0.028462,0.191333,0.975435,0.338812,-0.438201,0.333192,0.763000,0.240879,-0.496444,0.324929,0.768077,0.059295,0.026941,-0.159751,0.985007,-0.375086,-0.441197,-0.353454,0.734661,-0.338085,-0.489360,-0.320631,0.737171
0.054288,0.070444,-0.011764,0.995968,0.010788,0.248062,0.138396,0.958747,-0.129467,-0.048446,0.071832,0.987791,-0.125491,0.007402,0.028763,0.991650,0.051317,0.072217,0.029935,0.995618,0.057790,-0.107237,0.041887,0.991668,0.062068,0.000690,0.011996,0.998000,0.086551,-0.082742,0.012202,0.992730,0.104378,-0.027344,0.190331,0.975772,0.337725,-0.437211,0.332194,0.764484,0.240477,-0.496305,0.324333,0.768544,0.058713,0.026610,-0.160938,0.984857,-0.373909,-0.441613,-0.353620,0.734931,-0.336070,-0.489625,-0.320616,0.737923
0.054460,0.069833,-0.011969,0.995999,0.009202,0.246097,0.146503,0.958065,-0.123895,-0.065079,0.084618,0.986537,-0.120063,-0.009933,0.045514,0.991673,0.051664,0.072133,0.027146,0.995686,0.058038,-0.108507,0.039135,0.991628,0.062034,0.000513,0.011726,0.998005,0.086183,-0.081717,0.011265,0.992858,0.103745,-0.026817,0.189180,0.976078,0.336004,-0.436647,0.330665,0.766225,0.239644,-0.495848,0.323097,0.769620,0.058571,0.026248,-0.162218,0.984665,-0.373198,-0.442442,-0.354269,0.734481,-0.335357,-0.490408,-0.322064,0.737096
0.054888,0.069104,-0.012270,0.996023,0.008085,0.242894,0.154821,0.957584,-0.120502,-0.080327,0.096636,0.984728,-0.116543,-0.024839,0.060893,0.991006,0.052259,0.072104,0.024312,0.995730,0.058332,-0.109768,0.036334,0.991579,0.062036,0.000355,0.011513,0.998007,0.085969,-0.080697,0.010410,0.992970,0.103267,-0.026273,0.187977,0.976376,0.334495,-0.436025,0.329171,0.767881,0.238589,-0.495231,0.321748,0.770909,0.058573,0.026035,-0.163559,0.984449,-0.372690,-0.443304,-0.355228,0.733755,-0.334911,-0.491366,-0.323478,0.736041
0.055827,0.068139,-0.012760,0.996031,0.007922,0.237242,0.163571,0.957548,-0.120915,-0.092532,0.106900,0.982542,-0.116471,-0.034689,0.073251,0.989882,0.053348,0.072183,0.021389,0.995734,0.058712,-0.111012,0.033435,0.991520,0.062110,0.000232,0.011412,0.998004,0.086070,-0.079691,0.009719,0.993049,0.103101,-0.025698,0.186672,0.976659,0.333418,-0.435287,0.327751,0.769374,0.237092,-0.494292,0.320175,0.772626,0.058867,0.026119,-0.165024,0.984185,-0.372587,-0.444237,-0.356805,0.732477,-0.334995,-0.492679,-0.324821,0.734532
0.056298,0.066929,-0.013531,0.996076,0.007689,0.230350,0.172001,0.957755,-0.123704,-0.102301,0.115475,0.980254,-0.118591,-0.041504,0.084178,0.988498,0.053981,0.071736,0.018277,0.995794,0.059144,-0.112037,0.030329,0.991479,0.062203,0.000171,0.011587,0.997996,0.086138,-0.078552,0.009069,0.993140,0.102896,-0.024867,0.185431,0.976939,0.332682,-0.434401,0.326623,0.770672,0.236859,-0.493365,0.319354,0.773629,0.059168,0.026247,-0.166430,0.983926,-0.372847,-0.445308,-0.358675,0.730779,-0.334875,-0.494530,-0.326096,0.732776
0.056533,0.065596,-0.014442,0.996139,0.007505,0.222837,0.180273,0.958013,-0.127583,-0.110800,0.123245,0.977884,-0.121673,-0.046776,0.094439,0.986960,0.054383,0.071025,0.015071,0.995877,0.059597,-0.112952,0.027121,0.991441,0.062300,0.000142,0.011901,0.997987,0.086190,-0.077348,0.008441,0.993236,0.102673,-0.023908,0.184221,0.977215,0.332117,-0.433441,0.325639,0.771872,0.237259,-0.492443,0.318913,0.774276,0.059472,0.026396,-0.167807,0.983670,-0.373285,-0.446448,-0.360687,0.728867,-0.334645,-0.496648,-0.327337,0.730893
0.055840,0.064046,-0.015789,0.996258,0.007306,0.215238,0.184501,0.958947,-0.126507,-0.117395,0.129812,0.976403,-0.120582,-0.054140,0.100622,0.986106,0.053859,0.069705,0.011633,0.996045,0.059968,-0.113570,0.023653,0.991436,0.062277,0.000091,0.011977,0.997987,0.086143,-0.076405,0.007732,0.993319,0.102468,-0.022569,0.183119,0.977475,0.332187,-0.432413,0.325252,0.772581,0.237723,-0.491856,0.318319,0.774751,0.059623,0.026317,-0.169036,0.983453,-0.373903,-0.448137,-0.362873,0.726425,-0.334857,-0.499541,-0.327645,0.728683
0.055076,0.062643,-0.017264,0.996366,0.008205,0.205441,0.186252,0.960748,-0.121696,-0.121135,0.136002,0.975715,-0.116422,-0.058287,0.096085,0.986821,0.053266,0.068242,0.008115,0.996213,0.060351,-0.114164,0.020100,0.991423,0.062255,0.000039,0.012231,0.997985,0.086047,-0.075462,0.007026,0.993404,0.102224,-0.021160,0.182036,0.977735,0.332290,-0.431318,0.324908,0.773294,0.238320,-0.491276,0.317863,0.775122,0.059731,0.026201,-0.170245,0.983241,-0.374574,-0.450037,-0.365205,0.723730,-0.334990,-0.502760,-0.327907,0.726286
0.054171,0.061536,-0.018992,0.996453,0.011118,0.191223,0.183008,0.964271,-0.109444,-0.119090,0.141014,0.976706,-0.106156,-0.056377,0.069633,0.990305,0.052539,0.066489,0.004438,0.996393,0.060767,-0.114713,0.016375,0.991403,0.062245,-0.000018,0.012840,0.997978,0.085854,-0.074519,0.006328,0.993497,0.101901,-0.019612,0.180991,0.977995,0.332460,-0.430087,0.324649,0.774015,0.239180,-0.490713,0.317685,0.775287,0.059756,0.026014,-0.171413,0.983041,-0.375357,-0.452361,-0.367832,0.720539,-0.334976,-0.506634,-0.328081,0.723516
0.052787,0.060169,-0.020938,0.996572,0.013040,0.180160,0.177277,0.967443,-0.093401,-0.116465,0.144545,0.978171,-0.090204,-0.051015,0.054025,0.993148,0.051316,0.064836,0.000517,0.996575,0.061153,-0.115500,0.012448,0.991345,0.062182,-0.000119,0.013156,0.997978,0.085432,-0.073820,0.005669,0.993589,0.101427,-0.018076,0.180087,0.978240,0.332703,-0.428723,0.324421,0.774762,0.239868,-0.489738,0.317472,0.775778,0.059525,0.025559,-0.172340,0.982905,-0.376140,-0.454874,-0.370211,0.717323,-0.336115,-0.510274,-0.329459,0.719795
0.051162,0.058671,-0.022992,0.996700,0.014410,0.170672,0.170270,0.970398,-0.075386,-0.113363,0.146811,0.979751,-0.071187,-0.043904,0.043152,0.995562,0.049842,0.063236,-0.003526,0.996747,0.061519,-0.116393,0.008418,0.991260,0.062087,-0.000232,0.013324,0.997982,0.084898,-0.073243,0.005031,0.993681,0.100878,-0.016544,0.179254,0.978477,0.332982,-0.427289,0.324212,0.775521,0.240469,-0.488555,0.317245,0.776431,0.059170,0.024973,-0.173146,0.982800,-0.376916,-0.457471,-0.372466,0.714089,-0.337817,-0.513790,-0.331428,0.715580
0.049248,0.057789,-0.023393,0.996839,0.015393,0.161819,0.165064,0.972796,-0.067758,-0.106242,0.145128,0.981356,-0.063484,-0.037321,0.029752,0.996841,0.048212,0.062212,-0.008277,0.996863,0.061962,-0.118318,0.003797,0.991033,0.062000,-0.000577,0.013669,0.997982,0.084006,-0.073151,0.004459,0.993767,0.100109,-0.015132,0.178553,0.978707,0.333227,-0.425798,0.323933,0.776353,0.240576,-0.487068,0.316950,0.777451,0.058392,0.023919,-0.173707,0.982774,-0.377751,-0.460547,-0.374525,0.710585,-0.339003,-0.516767,-0.333374,0.711963
0.047091,0.056833,-0.024013,0.996983,0.015482,0.154723,0.160290,0.974745,-0.064035,-0.101014,0.141978,0.982618,-0.058926,-0.029785,0.019725,0.997623,0.046321,0.061223,-0.013132,0.996962,0.062373,-0.120249,-0.000923,0.990782,0.061865,-0.000968,0.013982,0.997986,0.083018,-0.073121,0.003928,0.993854,0.099257,-0.013792,0.177919,0.978929,0.333380,-0.424374,0.323642,0.777187,0.240460,-0.485633,0.316482,0.778575,0.057515,0.022814,-0.174157,0.982772,-0.378478,-0.463664,-0.376483,0.707129,-0.340033,-0.520167,-0.334777,0.708328
0.044451,0.055733,-0.025072,0.997141,0.013940,0.151177,0.156475,0.975944,-0.067965,-0.099682,0.136523,0.983263,-0.060789,-0.020165,0.017125,0.997800,0.043917,0.060291,-0.018196,0.997048,0.062722,-0.122214,-0.005837,0.990503,0.061642,-0.001474,0.014238,0.997996,0.081840,-0.073216,0.003479,0.993946,0.098244,-0.012600,0.177419,0.979138,0.333357,-0.423088,0.323329,0.778028,0.239905,-0.484300,0.315667,0.779906,0.056440,0.021606,-0.174384,0.982821,-0.379000,-0.466886,-0.378234,0.703786,-0.340755,-0.524430,-0.335098,0.704676
0.041724,0.054951,-0.025506,0.997291,0.012245,0.148646,0.152477,0.976988,-0.073819,-0.099137,0.130055,0.983772,-0.064806,-0.011141,0.016088,0.997706,0.041482,0.059712,-0.023666,0.997073,0.063211,-0.124510,-0.011085,0.990141,0.061521,-0.002197,0.014574,0.997997,0.080312,-0.073645,0.002995,0.994041,0.096965,-0.011585,0.176900,0.979372,0.333249,-0.421915,0.322839,0.778914,0.239505,-0.482963,0.314895,0.781169,0.054951,0.020222,-0.174528,0.982910,-0.379662,-0.469963,-0.379787,0.700538,-0.340696,-0.528966,-0.334645,0.701522
0.038954,0.054329,-0.025629,0.997434,0.010467,0.146634,0.148384,0.977942,-0.080650,-0.098999,0.123086,0.984147,-0.070043,-0.002468,0.015924,0.997414,0.039031,0.059325,-0.029338,0.997044,0.063786,-0.126939,-0.016498,0.989720,0.061466,-0.002999,0.014951,0.997993,0.078609,-0.074242,0.002493,0.994134,0.095551,-0.010658,0.176373,0.979617,0.333095,-0.420799,0.322262,0.779822,0.239178,-0.481621,0.314147,0.782398,0.053255,0.018751,-0.174632,0.983014,-0.380390,-0.472958,-0.381246,0.697327,-0.340226,-0.533626,-0.333819,0.698609
0.037588,0.054625,-0.023397,0.997525,0.011134,0.143097,0.143252,0.979223,-0.083831,-0.097965,0.116440,0.984793,-0.072764,0.002557,0.012375,0.997269,0.038173,0.060449,-0.035674,0.996803,0.064402,-0.130579,-0.022496,0.989088,0.061388,-0.004356,0.015625,0.997982,0.076618,-0.075143,0.001839,0.994223,0.093901,-0.010069,0.175801,0.979885,0.333003,-0.420032,0.321544,0.780572,0.238263,-0.480408,0.313163,0.783816,0.051182,0.017254,-0.174609,0.983155,-0.381577,-0.475534,-0.382600,0.694178,-0.341251,-0.536465,-0.334772,0.695471
0.036719,0.054801,-0.020914,0.997603,0.012418,0.139041,0.137832,0.980569,-0.085594,-0.096433,0.110174,0.985513,-0.074356,0.006743,0.007010,0.997184,0.037860,0.061964,-0.042126,0.996470,0.065078,-0.134268,-0.028609,0.988392,0.061376,-0.005957,0.016334,0.997963,0.074746,-0.076047,0.001130,0.994298,0.092341,-0.009690,0.175234,0.980139,0.332742,-0.419435,0.320702,0.781350,0.237448,-0.479555,0.311928,0.785077,0.049196,0.015949,-0.174535,0.983292,-0.382817,-0.477860,-0.383994,0.691123,-0.342381,-0.539017,-0.335693,0.692492
0.036844,0.054737,-0.017928,0.997660,0.014973,0.133929,0.131863,0.982065,-0.084432,-0.093865,0.104609,0.986467,-0.073470,0.009294,-0.002113,0.997252,0.038633,0.064222,-0.048816,0.995992,0.065830,-0.138115,-0.034970,0.987607,0.061464,-0.008101,0.017101,0.997930,0.073108,-0.076963,0.000321,0.994350,0.090962,-0.009740,0.174672,0.980368,0.332148,-0.419188,0.319605,0.782184,0.236844,-0.479431,0.310188,0.786024,0.047377,0.015022,-0.174349,0.983429,-0.384184,-0.479702,-0.385452,0.688270,-0.343747,-0.541014,-0.336533,0.689846
0.037403,0.053797,-0.014071,0.997752,0.017809,0.130030,0.125649,0.983355,-0.083768,-0.092340,0.098410,0.987305,-0.073245,0.010754,-0.008326,0.997221,0.040000,0.067431,-0.055759,0.995361,0.066494,-0.142346,-0.041596,0.986705,0.061540,-0.011068,0.018427,0.997873,0.071764,-0.077948,-0.000675,0.994371,0.089851,-0.010038,0.174009,0.980585,0.331884,-0.419721,0.318818,0.782332,0.236263,-0.479948,0.308923,0.786381,0.045808,0.014042,-0.174151,0.983553,-0.385212,-0.480993,-0.386128,0.686412,-0.345301,-0.542441,-0.337414,0.687515
0.038179,0.052419,-0.009779,0.997847,0.020754,0.126705,0.119310,0.984520,-0.083407,-0.091395,0.091902,0.988051,-0.073420,0.011617,-0.013067,0.997148,0.041753,0.071090,-0.062828,0.994613,0.067277,-0.146805,-0.048347,0.985690,0.061814,-0.014479,0.020018,0.997782,0.070550,-0.078946,-0.001760,0.994378,0.088852,-0.010443,0.173300,0.980797,0.331763,-0.420633,0.318188,0.782149,0.235673,-0.480777,0.307896,0.786455,0.044353,0.013057,-0.173942,0.983670,-0.386077,-0.481992,-0.386425,0.685057,-0.346955,-0.543565,-0.338323,0.685344
0.039090,0.050957,-0.004996,0.997923,0.023756,0.124459,0.112388,0.985553,-0.082863,-0.091051,0.084718,0.988770,-0.073550,0.011769,-0.013616,0.997129,0.043899,0.075659,-0.070169,0.993693,0.067784,-0.151489,-0.055485,0.984570,0.062065,-0.019626,0.021508,0.997647,0.069871,-0.080282,-0.002742,0.994317,0.088413,-0.011437,0.172604,0.980949,0.331839,-0.422296,0.317652,0.781438,0.235868,-0.482883,0.307039,0.785441,0.043329,0.012075,-0.173768,0.983759,-0.386496,-0.481646,-0.385216,0.685745,-0.347489,-0.543105,-0.337668,0.685761
0.040435,0.049697,-0.000523,0.997945,0.027073,0.122184,0.105452,0.986518,-0.082234,-0.090868,0.077541,0.989428,-0.073598,0.011874,-0.014024,0.997119,0.046616,0.080249,-0.077426,0.992669,0.068471,-0.155889,-0.062617,0.983407,0.062663,-0.025038,0.022851,0.997459,0.069398,-0.081749,-0.003574,0.994227,0.088201,-0.012594,0.171944,0.981069,0.332037,-0.423985,0.317102,0.780663,0.236296,-0.485119,0.306303,0.784221,0.042490,0.011044,-0.173751,0.983811,-0.386913,-0.480848,-0.383597,0.686976,-0.346911,-0.542139,-0.335819,0.687724
0.042649,0.048841,0.003328,0.997890,0.031079,0.119899,0.098502,0.987398,-0.081327,-0.090922,0.070386,0.990033,-0.073356,0.011967,-0.014163,0.997133,0.050287,0.084912,-0.084528,0.991522,0.069175,-0.159675,-0.069774,0.982268,0.063520,-0.030946,0.023919,0.997214,0.069371,-0.083514,-0.004107,0.994081,0.088484,-0.014102,0.171349,0.981128,0.332513,-0.425741,0.316525,0.779738,0.237230,-0.487629,0.305813,0.782572,0.042047,0.009879,-0.174054,0.983788,-0.387312,-0.479172,-0.381141,0.689286,-0.344072,-0.540194,-0.331543,0.692737
0.044917,0.048688,0.006863,0.997780,0.035042,0.117371,0.091530,0.988240,-0.080455,-0.090662,0.063301,0.990606,-0.073126,0.012393,-0.014939,0.997134,0.054089,0.089349,-0.091517,0.990311,0.069899,-0.163050,-0.076936,0.981127,0.064554,-0.036849,0.024663,0.996929,0.069420,-0.085428,-0.004559,0.993912,0.088868,-0.015788,0.170680,0.981184,0.333311,-0.427401,0.315812,0.778778,0.238158,-0.489508,0.305557,0.781216,0.041645,0.008716,-0.174820,0.983681,-0.387998,-0.476942,-0.378648,0.691816,-0.341304,-0.537635,-0.326067,0.698671
0.047211,0.048887,0.010239,0.997635,0.038945,0.114686,0.084550,0.989031,-0.079675,-0.090303,0.056262,0.991126,-0.072991,0.012930,-0.016011,0.997120,0.058010,0.093635,-0.098450,0.989027,0.070744,-0.166285,-0.084102,0.979934,0.065865,-0.042791,0.025222,0.996591,0.069513,-0.087410,-0.004972,0.993732,0.089305,-0.017554,0.169971,0.981237,0.334271,-0.429004,0.315034,0.777799,0.239088,-0.491062,0.305421,0.780008,0.041268,0.007560,-0.175817,0.983528,-0.388812,-0.474420,-0.376141,0.694456,-0.338526,-0.534758,-0.319968,0.705022
0.049047,0.049063,0.013472,0.997500,0.042302,0.112162,0.077416,0.989766,-0.078793,-0.089130,0.049243,0.991677,-0.072784,0.013700,-0.017463,0.997101,0.061459,0.097133,-0.105151,0.987791,0.071063,-0.167990,-0.091326,0.978973,0.066808,-0.048274,0.025421,0.996273,0.069574,-0.089956,-0.005458,0.993498,0.089843,-0.019476,0.169063,0.981309,0.335645,-0.430214,0.313896,0.776999,0.240202,-0.492128,0.304600,0.779315,0.040666,0.006610,-0.177668,0.983228,-0.390633,-0.471574,-0.374691,0.696154,-0.338527,-0.531572,-0.316087,0.709169
0.050926,0.048862,0.016065,0.997377,0.045481,0.110093,0.070530,0.990372,-0.078106,-0.088332,0.042373,0.992120,-0.072760,0.014375,-0.018928,0.997066,0.064769,0.099634,-0.111418,0.986643,0.071324,-0.168428,-0.098213,0.978212,0.067826,-0.053596,0.023858,0.995971,0.069765,-0.092608,-0.005975,0.993238,0.090526,-0.021447,0.168146,0.981362,0.337185,-0.431436,0.312801,0.776096,0.241600,-0.493342,0.303711,0.778462,0.040143,0.005716,-0.179403,0.982940,-0.392445,-0.469099,-0.373526,0.697432,-0.339215,-0.528335,-0.314269,0.712061
0.052890,0.047907,0.017378,0.997299,0.048401,0.109005,0.064134,0.990789,-0.077613,-0.088166,0.035784,0.992433,-0.072892,0.014968,-0.020459,0.997018,0.067648,0.100227,-0.116820,0.985764,0.071156,-0.166186,-0.104422,0.977965,0.068493,-0.058509,0.018828,0.995756,0.070205,-0.095492,-0.006553,0.992930,0.091497,-0.023537,0.167218,0.981383,0.339060,-0.432703,0.311788,0.774981,0.243566,-0.494871,0.302682,0.777279,0.039772,0.004911,-0.180905,0.982684,-0.394258,-0.467388,-0.372929,0.697878,-0.341309,-0.524995,-0.316608,0.712494
0.054953,0.045815,0.017989,0.997275,0.051287,0.107888,0.057842,0.991153,-0.077129,-0.087575,0.029362,0.992733,-0.073048,0.015580,-0.021964,0.996965,0.070232,0.098822,-0.122200,0.985073,0.071392,-0.161247,-0.110490,0.978108,0.069703,-0.062365,0.013490,0.995525,0.070853,-0.098419,-0.007019,0.992595,0.092698,-0.025459,0.166262,0.981385,0.341619,-0.434135,0.311288,0.773255,0.246442,-0.496540,0.302344,0.775437,0.039623,0.003888,-0.182175,0.982460,-0.395238,-0.467098,-0.372640,0.697672,-0.342471,-0.523385,-0.318882,0.712107
0.057064,0.043154,0.018249,0.997270,0.054150,0.106742,0.051595,0.991470,-0.076674,-0.086805,0.023022,0.993004,-0.073244,0.016166,-0.023454,0.996907,0.072643,0.096410,-0.127569,0.984456,0.071726,-0.154974,-0.116496,0.978400,0.071143,-0.065710,0.008005,0.995267,0.071601,-0.101368,-0.007426,0.992241,0.094009,-0.027297,0.165295,0.981374,0.344516,-0.435645,0.311043,0.771216,0.249768,-0.498274,0.302348,0.773256,0.039580,0.002755,-0.183323,0.982252,-0.395806,-0.467515,-0.372505,0.697142,-0.343179,-0.522636,-0.321124,0.711307
0.059279,0.038856,0.017560,0.997330,0.056932,0.105554,0.045571,0.991736,-0.076228,-0.085334,0.017001,0.993287,-0.073438,0.016808,-0.024676,0.996853,0.074610,0.091507,-0.133110,0.984043,0.074458,-0.145409,-0.121873,0.979009,0.075260,-0.067625,0.003120,0.994863,0.072692,-0.104330,-0.007710,0.991853,0.095693,-0.028696,0.164182,0.981358,0.348438,-0.436904,0.311369,0.768606,0.253751,-0.500373,0.303014,0.770337,0.039925,0.001202,-0.183656,0.982179,-0.396132,-0.468973,-0.372052,0.696219,-0.342840,-0.524568,-0.319465,0.710796
0.061398,0.034498,0.016625,0.997378,0.059555,0.104280,0.039594,0.991973,-0.075753,-0.083701,0.011112,0.993545,-0.073604,0.017356,-0.025579,0.996808,0.076416,0.086382,-0.139171,0.983529,0.081369,-0.135909,-0.126508,0.979236,0.083608,-0.068746,-0.001251,0.994124,0.073769,-0.107188,-0.008037,0.991466,0.097356,-0.029816,0.163002,0.981358,0.352511,-0.437885,0.311788,0.766016,0.258186,-0.502157,0.303768,0.767400,0.040289,-0.000397,-0.183729,0.982151,-0.396690,-0.470435,-0.371506,0.695206,-0.343268,-0.526539,-0.318143,0.709724
0.063327,0.030023,0.015200,0.997425,0.061875,0.102871,0.033730,0.992195,-0.075172,-0.081669,0.005492,0.993805,-0.073654,0.017794,-0.025848,0.996790,0.077936,0.080831,-0.146275,0.982851,0.096860,-0.126393,-0.129833,0.978666,0.100457,-0.068127,-0.004685,0.992595,0.074824,-0.109838,-0.008458,0.991093,0.098982,-0.030375,0.161684,0.981396,0.356893,-0.438323,0.312396,0.763485,0.263536,-0.503328,0.304696,0.764441,0.040696,-0.002089,-0.183290,0.982214,-0.397704,-0.471906,-0.370778,0.694017,-0.345234,-0.528589,-0.317494,0.707534
0.064076,0.025908,0.012920,0.997525,0.062788,0.102616,0.028295,0.992334,-0.074733,-0.080472,0.000129,0.993951,-0.073802,0.018089,-0.026503,0.996757,0.078969,0.079747,-0.154756,0.981557,0.124619,-0.125371,-0.130218,0.975600,0.126360,-0.063116,-0.020373,0.989765,0.075802,-0.112112,-0.009101,0.990758,0.100495,-0.030133,0.160548,0.981436,0.361875,-0.438031,0.313663,0.760783,0.268827,-0.503772,0.305973,0.761792,0.041090,-0.003561,-0.182518,0.982337,-0.399445,-0.472689,-0.369915,0.692944,-0.348198,-0.529746,-0.317477,0.705220
0.064234,0.021971,0.010212,0.997641,0.062985,0.102943,0.023077,0.992423,-0.074369,-0.079680,-0.005105,0.994029,-0.074008,0.018322,-0.027353,0.996714,0.079764,0.080901,-0.163917,0.979910,0.158319,-0.127998,-0.128207,0.970626,0.156828,-0.056492,-0.041836,0.985121,0.076751,-0.114192,-0.009861,0.990440,0.101956,-0.029480,0.159490,0.981478,0.367149,-0.437346,0.315261,0.757984,0.274082,-0.503830,0.307430,0.759289,0.041489,-0.004918,-0.181588,0.982487,-0.401535,-0.473126,-0.368988,0.691931,-0.351645,-0.530445,-0.317777,0.702846
0.064416,0.019911,0.008144,0.997691,0.063220,0.104373,0.018508,0.992354,-0.073866,-0.080187,-0.009984,0.993989,-0.074044,0.018430,-0.027992,0.996692,0.079477,0.076828,-0.170115,0.979205,0.192690,-0.137436,-0.121818,0.963920,0.185417,-0.043634,-0.068397,0.979305,0.077470,-0.115583,-0.011039,0.990211,0.103128,-0.027351,0.159203,0.981464,0.373013,-0.435636,0.318432,0.754774,0.280418,-0.502441,0.310773,0.756531,0.041820,-0.006094,-0.179290,0.982888,-0.403549,-0.473402,-0.367399,0.691416,-0.353927,-0.530153,-0.317043,0.702251
0.064936,0.018706,0.006414,0.997693,0.063858,0.105535,0.013906,0.992266,-0.073301,-0.080663,-0.014865,0.993931,-0.074036,0.018459,-0.028331,0.996682,0.079305,0.072441,-0.174082,0.978856,0.220718,-0.149908,-0.114171,0.956962,0.209530,-0.037781,-0.089254,0.972987,0.078456,-0.116722,-0.012087,0.989987,0.104499,-0.025111,0.159195,0.981380,0.378597,-0.433729,0.321778,0.751666,0.286338,-0.500765,0.314549,0.753860,0.042479,-0.007097,-0.176968,0.983274,-0.405346,-0.473413,-0.365623,0.691299,-0.356154,-0.529888,-0.315702,0.701930
0.066131,0.019211,0.005362,0.997612,0.065321,0.106160,0.009236,0.992158,-0.072616,-0.081086,-0.019747,0.993862,-0.073931,0.018326,-0.028068,0.996700,0.079427,0.067424,-0.173587,0.979292,0.236535,-0.169578,-0.104966,0.950935,0.223743,-0.044179,-0.097546,0.968748,0.079972,-0.117358,-0.012871,0.989781,0.106281,-0.022656,0.159754,0.981157,0.383677,-0.431474,0.325460,0.748798,0.291477,-0.498551,0.319173,0.751410,0.043784,-0.007754,-0.174593,0.983636,-0.406722,-0.472901,-0.363469,0.691976,-0.358278,-0.529687,-0.313147,0.702145
0.068248,0.020470,0.004003,0.997450,0.067613,0.106625,0.004892,0.991986,-0.071940,-0.081718,-0.024371,0.993757,-0.073817,0.018298,-0.027677,0.996720,0.080492,0.064098,-0.169707,0.980108,0.244796,-0.195857,-0.093135,0.945008,0.231946,-0.062066,-0.099197,0.965665,0.082051,-0.117629,-0.013607,0.989569,0.108465,-0.020743,0.160397,0.980856,0.386706,-0.429493,0.328122,0.747215,0.295121,-0.496689,0.322696,0.749714,0.045685,-0.007988,-0.172356,0.983942,-0.407991,-0.471900,-0.361330,0.693033,-0.359839,-0.528954,-0.311356,0.702696
0.070826,0.022105,0.002489,0.997241,0.070324,0.107003,0.000717,0.991768,-0.071264,-0.082475,-0.028859,0.993623,-0.073702,0.018300,-0.027215,0.996741,0.082062,0.061638,-0.164116,0.981087,0.248943,-0.225345,-0.079971,0.938537,0.236631,-0.085639,-0.097379,0.962907,0.084411,-0.117717,-0.014316,0.989350,0.110849,-0.019096,0.161082,0.980510,0.388714,-0.427647,0.330273,0.746283,0.298016,-0.495002,0.325668,0.748398,0.047884,-0.008000,-0.170186,0.984215,-0.409200,-0.470639,-0.359202,0.694283,-0.361113,-0.527942,-0.309952,0.703424
0.073597,0.024075,0.001158,0.996997,0.073260,0.106865,-0.003294,0.991565,-0.070279,-0.082899,-0.032958,0.993530,-0.073218,0.018615,-0.028076,0.996747,0.083899,0.060878,-0.155040,0.982455,0.248371,-0.259798,-0.063331,0.931024,0.237550,-0.117058,-0.089188,0.960163,0.087196,-0.117028,-0.015221,0.989176,0.113346,-0.018548,0.161361,0.980189,0.387751,-0.426472,0.330280,0.747453,0.296564,-0.493863,0.325212,0.749924,0.050663,-0.007856,-0.168912,0.984297,-0.409017,-0.469561,-0.357104,0.696200,-0.360200,-0.524540,-0.309486,0.706635
0.076357,0.025753,0.000150,0.996748,0.076255,0.106332,-0.007307,0.991375,-0.069449,-0.082954,-0.036982,0.993442,-0.072880,0.019032,-0.028994,0.996737,0.085706,0.060077,-0.144875,0.983899,0.246471,-0.293411,-0.046047,0.922519,0.237251,-0.148238,-0.078703,0.956840,0.090084,-0.116045,-0.016186,0.989018,0.115858,-0.018085,0.161539,0.979875,0.386276,-0.425364,0.329963,0.748986,0.294545,-0.492899,0.324173,0.751802,0.053598,-0.007562,-0.167853,0.984325,-0.407823,-0.468668,-0.354949,0.698600,-0.357861,-0.521122,-0.308979,0.710563
0.079098,0.026850,-0.000212,0.996505,0.079353,0.105021,-0.011338,0.991234,-0.068950,-0.082248,-0.040873,0.993383,-0.072845,0.019674,-0.030040,0.996697,0.087424,0.059157,-0.132559,0.985538,0.242695,-0.325662,-0.027466,0.913394,0.235678,-0.178989,-0.063734,0.953078,0.093175,-0.114477,-0.017283,0.988896,0.118398,-0.017807,0.161505,0.979582,0.383773,-0.424403,0.328988,0.751244,0.291394,-0.492290,0.321958,0.754376,0.056839,-0.006988,-0.167234,0.984253,-0.404612,-0.468165,-0.352675,0.701948,-0.352684,-0.517693,-0.308407,0.715886
0.082355,0.027757,-0.000144,0.996216,0.083022,0.103430,-0.015264,0.991048,-0.068321,-0.081567,-0.044593,0.993323,-0.072671,0.020159,-0.030505,0.996686,0.089457,0.057049,-0.117976,0.987332,0.237554,-0.352925,-0.008562,0.904952,0.233779,-0.206227,-0.043377,0.949176,0.096891,-0.112502,-0.018397,0.988745,0.121447,-0.017469,0.161446,0.979225,0.381779,-0.423469,0.328368,0.753056,0.288215,-0.491383,0.320429,0.756835,0.060744,-0.006060,-0.166785,0.984102,-0.400144,-0.467693,-0.350230,0.706037,-0.348251,-0.516444,-0.305490,0.720196
0.085869,0.028569,0.000140,0.995897,0.086967,0.101680,-0.019128,0.990824,-0.067651,-0.080931,-0.048209,0.993252,-0.072452,0.020534,-0.030657,0.996689,0.091718,0.054399,-0.102218,0.989030,0.231460,-0.377491,0.010458,0.896559,0.231591,-0.231559,-0.020369,0.944633,0.100918,-0.110333,-0.019528,0.988565,0.124753,-0.017106,0.161375,0.978827,0.380043,-0.422551,0.327920,0.754643,0.285022,-0.490332,0.319237,0.759226,0.064974,-0.004956,-0.166424,0.983899,-0.395033,-0.467216,-0.347698,0.710468,-0.344206,-0.516248,-0.301404,0.723993
0.090467,0.029400,0.000207,0.995465,0.091913,0.099731,-0.022770,0.990499,-0.066747,-0.080468,-0.051573,0.993182,-0.071970,0.021072,-0.031631,0.996682,0.094755,0.050261,-0.081798,0.990860,0.221094,-0.391693,0.028843,0.892671,0.226867,-0.248257,0.009885,0.941702,0.105289,-0.107856,-0.020347,0.988366,0.128374,-0.016113,0.160936,0.978448,0.379106,-0.421624,0.328148,0.755533,0.283492,-0.489610,0.318516,0.760567,0.069545,-0.003230,-0.166884,0.983515,-0.390765,-0.466576,-0.346595,0.713780,-0.341490,-0.516781,-0.297114,0.726667
0.095494,0.029994,0.000138,0.994978,0.097232,0.097887,-0.026246,0.990089,-0.065942,-0.080240,-0.054852,0.993078,-0.071588,0.021821,-0.033114,0.996646,0.098305,0.046269,-0.059275,0.992311,0.207542,-0.401833,0.046727,0.890659,0.219587,-0.261902,0.042464,0.938821,0.109824,-0.105397,-0.021006,0.988124,0.132172,-0.015118,0.160506,0.978029,0.378561,-0.420599,0.328495,0.756227,0.282825,-0.488936,0.318199,0.761381,0.074283,-0.001513,-0.167435,0.983079,-0.386805,-0.466066,-0.345757,0.716670,-0.339430,-0.517020,-0.294913,0.728357
0.101380,0.030116,-0.000204,0.994392,0.103313,0.096292,-0.029417,0.989540,-0.065280,-0.080428,-0.058003,0.992928,-0.071362,0.023048,-0.035666,0.996546,0.102733,0.042501,-0.032637,0.993264,0.188146,-0.403918,0.063914,0.892954,0.207420,-0.269592,0.079910,0.936969,0.114691,-0.102958,-0.021335,0.987821,0.136319,-0.014111,0.160092,0.977542,0.378793,-0.419370,0.329096,0.756532,0.283871,-0.488352,0.318710,0.761152,0.079369,0.000189,-0.168161,0.982559,-0.383476,-0.465839,-0.345448,0.718753,-0.338649,-0.516779,-0.296904,0.728083
0.108240,0.029827,-0.000779,0.993677,0.110265,0.095308,-0.032092,0.988801,-0.064645,-0.081271,-0.060929,0.992725,-0.071134,0.023990,-0.038989,0.996416,0.108221,0.038944,-0.001597,0.993362,0.160098,-0.397111,0.079660,0.900181,0.187330,-0.268420,0.122082,0.936992,0.120113,-0.100708,-0.021403,0.987407,0.141056,-0.013324,0.159698,0.976945,0.379967,-0.418016,0.329894,0.756345,0.284813,-0.487211,0.319504,0.761200,0.084913,0.002135,-0.169155,0.981923,-0.380007,-0.465600,-0.345420,0.720761,-0.336880,-0.515757,-0.299239,0.728672
0.115582,0.029332,-0.001469,0.992864,0.117649,0.094620,-0.034525,0.987934,-0.064019,-0.082472,-0.063739,0.992490,-0.070906,0.024761,-0.042694,0.996261,0.114438,0.035781,0.031662,0.992281,0.128236,-0.383750,0.096010,0.909436,0.163325,-0.261840,0.167512,0.936325,0.125813,-0.098550,-0.021357,0.986916,0.146085,-0.012649,0.159310,0.976278,0.381614,-0.416596,0.330786,0.755910,0.285706,-0.485788,0.320430,0.761385,0.090684,0.004196,-0.170305,0.981201,-0.376454,-0.465370,-0.345544,0.722712,-0.334598,-0.514363,-0.301762,0.729668
0.124408,0.027729,-0.001569,0.991842,0.126579,0.093591,-0.037039,0.986837,-0.063189,-0.082710,-0.066510,0.992342,-0.070394,0.025578,-0.047505,0.996059,0.122520,0.032479,0.065012,0.989802,0.089344,-0.359133,0.108970,0.922587,0.128999,-0.239598,0.205797,0.940000,0.132708,-0.097125,-0.020862,0.986164,0.152415,-0.013103,0.158935,0.975365,0.383874,-0.415371,0.331200,0.755258,0.287334,-0.484220,0.321318,0.761397,0.097426,0.006221,-0.172146,0.980222,-0.371283,-0.465307,-0.345224,0.725575,-0.328980,-0.514618,-0.299828,0.732833
0.133072,0.026220,-0.001502,0.990758,0.135379,0.092544,-0.039625,0.985666,-0.062111,-0.082701,-0.069221,0.992225,-0.069615,0.026326,-0.052164,0.995861,0.130969,0.028332,0.094811,0.986436,0.056269,-0.328589,0.122394,0.934817,0.097397,-0.212953,0.237779,0.942669,0.139652,-0.095863,-0.020345,0.985339,0.158823,-0.013687,0.158571,0.974394,0.386426,-0.414069,0.331575,0.754506,0.289483,-0.482825,0.322120,0.761130,0.104191,0.008092,-0.174120,0.979163,-0.365530,-0.465492,-0.344740,0.728601,-0.322960,-0.515125,-0.297847,0.735956
0.141422,0.024903,-0.001101,0.989635,0.143935,0.091497,-0.042337,0.984438,-0.060522,-0.082119,-0.071835,0.992186,-0.068285,0.027021,-0.056542,0.995696,0.139827,0.021785,0.117583,0.982928,0.033697,-0.291601,0.133943,0.946516,0.071922,-0.180252,0.254680,0.947351,0.146693,-0.094930,-0.019742,0.984419,0.165392,-0.014525,0.158237,0.973342,0.389558,-0.412610,0.331887,0.753557,0.292665,-0.481776,0.322768,0.760302,0.111006,0.009675,-0.176304,0.978009,-0.358649,-0.466131,-0.343892,0.732005,-0.316171,-0.516120,-0.295744,0.739048
0.149877,0.022974,0.000798,0.988437,0.152876,0.089897,-0.045698,0.983086,-0.058889,-0.080447,-0.074830,0.992200,-0.066889,0.027925,-0.061510,0.995471,0.149268,0.013662,0.131160,0.979964,0.024280,-0.249086,0.141667,0.957756,0.057858,-0.144448,0.264957,0.951622,0.153702,-0.094275,-0.018941,0.983427,0.172018,-0.015195,0.158090,0.972207,0.393608,-0.411029,0.332817,0.751905,0.296762,-0.480753,0.323689,0.758969,0.117792,0.010898,-0.178271,0.976845,-0.351243,-0.467215,-0.342633,0.735487,-0.308282,-0.516943,-0.294498,0.742296
0.158376,0.020738,0.003447,0.987155,0.161997,0.087945,-0.049390,0.981623,-0.057272,-0.078337,-0.077991,0.992220,-0.065484,0.028824,-0.066740,0.995202,0.158913,0.004709,0.140214,0.977274,0.021483,-0.203822,0.147564,0.967585,0.049559,-0.107249,0.271906,0.955044,0.160686,-0.093778,-0.018061,0.982374,0.178662,-0.015806,0.158026,0.971009,0.398114,-0.409402,0.334028,0.749880,0.301317,-0.479763,0.324723,0.757357,0.124550,0.011905,-0.180155,0.975648,-0.343564,-0.468535,-0.341164,0.738949,-0.299825,-0.517706,-0.293682,0.745545
0.167523,0.017220,0.009021,0.985676,0.172281,0.088825,-0.052869,0.979609,-0.054364,-0.077910,-0.081718,0.992117,-0.062972,0.029705,-0.072493,0.994936,0.168121,0.002700,0.141326,0.975579,0.024135,-0.159750,0.146785,0.975885,0.046182,-0.069323,0.271620,0.958793,0.166887,-0.093746,-0.016705,0.981367,0.184744,-0.015485,0.158320,0.969827,0.404386,-0.406886,0.336449,0.746805,0.307607,-0.477278,0.328414,0.754804,0.130578,0.012322,-0.181370,0.974629,-0.335495,-0.470563,-0.339121,0.742301,-0.290855,-0.518571,-0.291763,0.749241
0.176428,0.014286,0.014364,0.984105,0.182374,0.089803,-0.056382,0.977495,-0.051481,-0.077569,-0.085507,0.991978,-0.060487,0.030444,-0.078330,0.994625,0.176332,0.007859,0.141787,0.974034,0.025972,-0.122437,0.145088,0.981470,0.042909,-0.033933,0.270162,0.961259,0.172625,-0.094138,-0.015153,0.980362,0.190500,-0.015074,0.158690,0.968659,0.410678,-0.404037,0.338717,0.743887,0.314057,-0.474506,0.332025,0.752311,0.136121,0.012349,-0.182488,0.973661,-0.327622,-0.472558,-0.336764,0.745615,-0.282007,-0.519921,-0.289457,0.752575
0.184872,0.012521,0.019243,0.982494,0.192026,0.091178,-0.059860,0.975310,-0.048725,-0.077120,-0.089378,0.991811,-0.058129,0.031191,-0.084289,0.994255,0.182732,0.027443,0.140703,0.972655,0.026452,-0.099202,0.140994,0.984672,0.040038,-0.003791,0.265985,0.963138,0.177486,-0.095325,-0.013153,0.979407,0.195647,-0.014416,0.159252,0.967550,0.417040,-0.400483,0.340765,0.741330,0.320851,-0.471133,0.335560,0.749992,0.140753,0.011675,-0.183350,0.972849,-0.320138,-0.474451,-0.333794,0.748992,-0.273419,-0.522205,-0.286352,0.755345
0.190744,0.013500,0.018366,0.981375,0.198064,0.093081,-0.062787,0.973737,-0.045793,-0.076511,-0.092585,0.991704,-0.055516,0.031490,-0.088390,0.994039,0.187337,0.039815,0.137690,0.971782,0.031644,-0.086320,0.136949,0.986302,0.043301,0.009627,0.242880,0.969042,0.181512,-0.096977,-0.010351,0.978541,0.200154,-0.013685,0.159796,0.966549,0.422782,-0.397007,0.342526,0.739132,0.326981,-0.467456,0.338134,0.748487,0.144572,0.010825,-0.184316,0.972116,-0.314994,-0.476311,-0.331808,0.750873,-0.266711,-0.524075,-0.283352,0.757576
0.195330,0.015850,0.014611,0.980501,0.202269,0.095308,-0.065420,0.972483,-0.042796,-0.075747,-0.095460,0.991624,-0.052795,0.031643,-0.091558,0.993896,0.190913,0.048600,0.133793,0.971231,0.039030,-0.078546,0.133118,0.987212,0.049785,0.014435,0.210371,0.976246,0.185072,-0.098824,-0.007132,0.977717,0.204302,-0.012904,0.160339,0.965601,0.428174,-0.393571,0.344130,0.737118,0.332745,-0.463631,0.340202,0.747389,0.147951,0.009916,-0.185318,0.971426,-0.311051,-0.478125,-0.330330,0.752014,-0.260962,-0.525695,-0.280430,0.759541
0.198188,0.019441,0.011034,0.979909,0.204863,0.097785,-0.068234,0.971501,-0.040383,-0.074720,-0.098594,0.991497,-0.050500,0.029476,-0.093300,0.993920,0.193395,0.051009,0.132285,0.970823,0.030031,-0.076551,0.129196,0.988204,0.040820,0.014452,0.175742,0.983483,0.187640,-0.099177,-0.003122,0.977213,0.207198,-0.011807,0.160208,0.965020,0.432026,-0.391579,0.345753,0.735170,0.336503,-0.460244,0.342982,0.746528,0.150851,0.009582,-0.186650,0.970728,-0.310182,-0.480150,-0.331091,0.750748,-0.259570,-0.527620,-0.279138,0.759159
0.199386,0.022547,0.007824,0.979630,0.205902,0.100401,-0.071194,0.970801,-0.038451,-0.073470,-0.101894,0.991333,-0.048652,0.027257,-0.094874,0.993926,0.194270,0.053155,0.130332,0.970797,0.024052,-0.074760,0.125536,0.988976,0.034898,0.015909,0.149033,0.988088,0.189362,-0.098782,0.000470,0.976926,0.209095,-0.010513,0.160027,0.964655,0.435090,-0.389769,0.347181,0.733650,0.340095,-0.457164,0.345792,0.745496,0.153098,0.009405,-0.187600,0.970195,-0.309944,-0.482022,-0.332061,0.749216,-0.259610,-0.529866,-0.278960,0.757645
0.197271,0.024685,0.005348,0.980024,0.203833,0.103294,-0.074453,0.970690,-0.037490,-0.071761,-0.105529,0.991115,-0.047731,0.024940,-0.096125,0.993911,0.191934,0.054759,0.127474,0.971552,0.024085,-0.073319,0.122557,0.989456,0.034972,0.019333,0.138729,0.989524,0.189524,-0.096947,0.003210,0.977073,0.209108,-0.008818,0.159733,0.964718,0.436687,-0.388300,0.348258,0.732969,0.343443,-0.454688,0.348737,0.744102,0.154136,0.009509,-0.187808,0.969990,-0.310885,-0.483640,-0.333425,0.747175,-0.262429,-0.532804,-0.280959,0.753865
0.194038,0.026514,0.002816,0.980632,0.200612,0.107629,-0.077150,0.970680,-0.036525,-0.071249,-0.109055,0.990806,-0.046750,0.022261,-0.100412,0.993598,0.188478,0.056338,0.124477,0.972526,0.025180,-0.072019,0.119766,0.989866,0.036048,0.021428,0.128095,0.990875,0.188489,-0.094783,0.005894,0.977473,0.207867,-0.007331,0.159308,0.965069,0.437310,-0.386792,0.348340,0.733356,0.345049,-0.452231,0.350221,0.744160,0.154255,0.008488,-0.187221,0.970094,-0.310503,-0.485699,-0.333042,0.746169,-0.264230,-0.536117,-0.279617,0.751382
0.190242,0.028189,0.000257,0.981332,0.196796,0.112682,-0.079546,0.970694,-0.035556,-0.071312,-0.112480,0.990454,-0.045741,0.019417,-0.106166,0.993106,0.184458,0.057908,0.121411,0.973592,0.026804,-0.070763,0.117075,0.990236,0.037628,0.022865,0.117293,0.992121,0.186843,-0.092459,0.008553,0.977992,0.205995,-0.005946,0.158818,0.965561,0.437441,-0.385263,0.347927,0.734279,0.345776,-0.449781,0.350976,0.744951,0.153878,0.006900,-0.186237,0.970355,-0.309493,-0.487981,-0.331795,0.745654,-0.265554,-0.539608,-0.276604,0.749529
0.187098,0.029804,-0.001926,0.981887,0.193527,0.123484,-0.079963,0.970003,-0.032584,-0.077147,-0.115666,0.989752,-0.043038,0.014475,-0.116067,0.992203,0.180992,0.060377,0.118232,0.974483,0.028248,-0.069544,0.114118,0.990627,0.038935,0.023669,0.107126,0.993201,0.184535,-0.090889,0.011201,0.978550,0.203469,-0.006383,0.159670,0.965953,0.435967,-0.383663,0.345797,0.736994,0.345289,-0.447144,0.349258,0.747567,0.152717,0.004580,-0.183901,0.970998,-0.307126,-0.490506,-0.328679,0.746356,-0.261172,-0.544444,-0.267607,0.750837
0.183985,0.031740,-0.004136,0.982408,0.190149,0.135415,-0.080016,0.969073,-0.029128,-0.084002,-0.118646,0.988948,-0.039885,0.008291,-0.126802,0.991091,0.177551,0.062888,0.115098,0.975332,0.029446,-0.068200,0.111159,0.991022,0.039956,0.024289,0.097686,0.994118,0.182237,-0.089623,0.013853,0.979064,0.200979,-0.007176,0.160961,0.966254,0.434521,-0.381900,0.343570,0.739800,0.344535,-0.444396,0.347115,0.750546,0.151448,0.002298,-0.181369,0.971681,-0.304823,-0.492919,-0.325430,0.747134,-0.257091,-0.548815,-0.258812,0.752145
0.180934,0.034319,-0.006403,0.982875,0.186618,0.149613,-0.079395,0.967722,-0.024720,-0.092935,-0.121325,0.987943,-0.035852,-0.000408,-0.139310,0.989600,0.174166,0.065479,0.112048,0.976127,0.030151,-0.066652,0.108169,0.991437,0.040387,0.024526,0.089686,0.994849,0.179975,-0.088951,0.016507,0.979502,0.198576,-0.008682,0.163134,0.966374,0.433155,-0.379817,0.341151,0.742786,0.343275,-0.441434,0.344113,0.754245,0.150019,0.000106,-0.178440,0.972447,-0.302601,-0.495088,-0.321908,0.748128,-0.253602,-0.552327,-0.250458,0.753586
0.176552,0.037698,-0.009094,0.983527,0.181448,0.165529,-0.078341,0.966199,-0.020828,-0.103137,-0.123960,0.986693,-0.032367,-0.012674,-0.155080,0.987290,0.169459,0.067873,0.109039,0.977132,0.030764,-0.065295,0.105348,0.991812,0.040638,0.023920,0.082944,0.995438,0.177384,-0.088800,0.018874,0.979946,0.195963,-0.010216,0.165602,0.966473,0.431969,-0.378402,0.339529,0.744939,0.341402,-0.438350,0.341672,0.757993,0.148048,-0.001760,-0.175589,0.973266,-0.301728,-0.496540,-0.318993,0.748767,-0.252587,-0.554514,-0.245816,0.753849
0.171499,0.041477,-0.011997,0.984238,0.175296,0.182244,-0.076988,0.964433,-0.017311,-0.113958,-0.126377,0.985263,-0.029525,-0.026758,-0.172216,0.984253,0.164090,0.070168,0.106040,0.978216,0.031336,-0.064014,0.102611,0.992165,0.040805,0.022912,0.076832,0.995945,0.174589,-0.088913,0.021092,0.980392,0.193207,-0.011775,0.168212,0.966559,0.430850,-0.377338,0.338288,0.746689,0.339181,-0.435221,0.339485,0.761767,0.145764,-0.003462,-0.172782,0.974109,-0.301560,-0.497633,-0.316402,0.749208,-0.252849,-0.556060,-0.243058,0.753517
0.164081,0.045387,-0.014124,0.985301,0.167068,0.196026,-0.075713,0.963291,-0.019496,-0.121821,-0.129927,0.983818,-0.032877,-0.042589,-0.203089,0.977681,0.156484,0.071811,0.103075,0.979659,0.031492,-0.063387,0.100092,0.992457,0.040574,0.021985,0.073915,0.996196,0.171026,-0.088942,0.022345,0.980989,0.189647,-0.013110,0.171202,0.966722,0.429226,-0.378768,0.339095,0.746535,0.335998,-0.433847,0.339574,0.763918,0.142639,-0.004980,-0.170055,0.975044,-0.302984,-0.498039,-0.314477,0.749174,-0.253884,-0.556220,-0.242503,0.753230
0.156091,0.048844,-0.015678,0.986410,0.158596,0.207608,-0.075073,0.962346,-0.024220,-0.127272,-0.134664,0.982385,-0.039274,-0.056572,-0.232740,0.970098,0.148355,0.073378,0.099895,0.981136,0.031606,-0.063029,0.097420,0.992743,0.040318,0.021070,0.070999,0.996438,0.167426,-0.088855,0.023483,0.981591,0.185995,-0.014573,0.174262,0.966864,0.427016,-0.381137,0.340281,0.746057,0.332206,-0.434076,0.340157,0.765186,0.139475,-0.006281,-0.167196,0.975988,-0.304801,-0.498251,-0.312745,0.749022,-0.255603,-0.556407,-0.241919,0.752698
0.146967,0.051393,-0.016083,0.987674,0.149886,0.214931,-0.075883,0.962071,-0.033894,-0.127889,-0.141868,0.981004,-0.050445,-0.066858,-0.260395,0.961863,0.139183,0.074812,0.096322,0.982727,0.031625,-0.063218,0.094462,0.993016,0.039995,0.020172,0.068106,0.996672,0.163813,-0.088529,0.024401,0.982208,0.182221,-0.016268,0.177469,0.966972,0.423667,-0.385342,0.342257,0.744901,0.327249,-0.437465,0.341766,0.764675,0.136303,-0.007141,-0.164055,0.976963,-0.307357,-0.498060,-0.311366,0.748678,-0.258637,-0.556631,-0.241237,0.751713
0.139550,0.053374,-0.016293,0.988641,0.142441,0.222024,-0.074760,0.961679,-0.042859,-0.125225,-0.146630,0.980297,-0.059657,-0.067365,-0.271621,0.958188,0.131741,0.076181,0.093029,0.983965,0.031444,-0.063192,0.091605,0.993291,0.039438,0.018620,0.063340,0.997039,0.160258,-0.088116,0.025199,0.982811,0.178450,-0.018173,0.180228,0.967131,0.419152,-0.390472,0.343934,0.744011,0.321667,-0.443154,0.341900,0.763708,0.133181,-0.007849,-0.160973,0.977900,-0.310254,-0.497320,-0.310000,0.748542,-0.263219,-0.555640,-0.241383,0.750809
0.132986,0.055071,-0.016406,0.989451,0.135603,0.228971,-0.072646,0.961201,-0.051503,-0.120922,-0.150157,0.979887,-0.067817,-0.063141,-0.274647,0.957070,0.125167,0.077534,0.089879,0.985009,0.031168,-0.063033,0.088806,0.993564,0.038769,0.016768,0.057642,0.997443,0.156731,-0.087663,0.025934,0.983401,0.174678,-0.020191,0.182751,0.967306,0.414049,-0.396061,0.345429,0.743222,0.315748,-0.449965,0.341243,0.762488,0.130079,-0.008490,-0.157927,0.978809,-0.313319,-0.496314,-0.308636,0.748497,-0.268567,-0.554034,-0.241938,0.749923
0.129050,0.057013,-0.016659,0.989858,0.130315,0.231801,-0.066180,0.961721,-0.066114,-0.108499,-0.149918,0.980501,-0.080689,-0.046493,-0.273521,0.957347,0.121235,0.078836,0.087097,0.985648,0.031093,-0.062845,0.086218,0.993806,0.038291,0.014586,0.051483,0.997833,0.153716,-0.087224,0.026598,0.983898,0.171384,-0.022361,0.185040,0.967413,0.408396,-0.401978,0.346718,0.742572,0.308489,-0.455883,0.340110,0.762450,0.127384,-0.008397,-0.155268,0.979589,-0.316629,-0.494458,-0.307823,0.748667,-0.274059,-0.551587,-0.243167,0.749342
0.125117,0.058970,-0.016926,0.990243,0.124817,0.233536,-0.058755,0.962512,-0.083315,-0.094339,-0.149135,0.980774,-0.095844,-0.029317,-0.271707,0.957147,0.117340,0.079942,0.084320,0.986271,0.031057,-0.062627,0.083652,0.994040,0.037875,0.012766,0.046051,0.998139,0.150601,-0.086925,0.027286,0.984388,0.168049,-0.024438,0.187258,0.967521,0.402575,-0.407779,0.347878,0.742045,0.301416,-0.461860,0.339163,0.762104,0.124554,-0.008332,-0.152789,0.980343,-0.320020,-0.492310,-0.306980,0.748987,-0.279108,-0.549037,-0.244087,0.749052
0.121190,0.060958,-0.017225,0.990606,0.118959,0.233119,-0.049422,0.963878,-0.105654,-0.076699,-0.147139,0.980461,-0.115532,-0.011070,-0.268609,0.956232,0.113511,0.080635,0.081551,0.986895,0.031082,-0.062389,0.081118,0.994264,0.037579,0.011627,0.042070,0.998340,0.147293,-0.086904,0.028023,0.984869,0.164642,-0.026312,0.189357,0.967649,0.396431,-0.413351,0.348836,0.741820,0.294772,-0.468014,0.338613,0.761192,0.121465,-0.008306,-0.150667,0.981059,-0.323565,-0.489572,-0.306079,0.749627,-0.283280,-0.546306,-0.244390,0.749383
0.116874,0.062811,-0.017561,0.991003,0.112636,0.231664,-0.039471,0.965447,-0.130138,-0.057528,-0.144100,0.979280,-0.137092,0.006810,-0.264639,0.954529,0.109352,0.080836,0.078796,0.987572,0.031032,-0.061911,0.078609,0.994497,0.037180,0.010612,0.040003,0.998451,0.143882,-0.086945,0.028711,0.985350,0.161207,-0.027785,0.191428,0.967779,0.390810,-0.418566,0.350059,0.741302,0.287976,-0.473149,0.339031,0.760432,0.118222,-0.008061,-0.149050,0.981704,-0.327159,-0.486109,-0.305327,0.750627,-0.287016,-0.542903,-0.244814,0.750296
0.112361,0.064595,-0.017917,0.991404,0.106110,0.229622,-0.029222,0.967037,-0.155554,-0.037488,-0.139931,0.977147,-0.159445,0.024593,-0.259773,0.952098,0.105026,0.080803,0.076038,0.988261,0.030943,-0.061291,0.076100,0.994733,0.036735,0.009678,0.038879,0.998522,0.140414,-0.087020,0.029369,0.985824,0.157755,-0.029067,0.193478,0.967902,0.385448,-0.423606,0.351388,0.740618,0.281100,-0.477773,0.339921,0.759717,0.114898,-0.007712,-0.147687,0.982307,-0.330778,-0.482284,-0.304637,0.751787,-0.290531,-0.539162,-0.245282,0.751487
0.107067,0.066237,-0.018296,0.991874,0.098826,0.228274,-0.019093,0.968380,-0.178815,-0.018125,-0.134474,0.974481,-0.179853,0.038399,-0.252027,0.950085,0.099884,0.080986,0.073274,0.988987,0.030822,-0.061377,0.073679,0.994914,0.036381,0.009193,0.037389,0.998596,0.136578,-0.087489,0.029891,0.986306,0.154111,-0.030026,0.195606,0.968032,0.379527,-0.427560,0.352103,0.741063,0.275926,-0.482971,0.339504,0.758512,0.111091,-0.007349,-0.146996,0.982851,-0.334449,-0.478010,-0.304205,0.753067,-0.294978,-0.534226,-0.247245,0.752635
0.101369,0.067537,-0.018392,0.992383,0.091288,0.227361,-0.009246,0.969478,-0.200269,0.000751,-0.128177,0.971320,-0.198766,0.050392,-0.241952,0.948373,0.094357,0.081184,0.070436,0.989719,0.030664,-0.061533,0.071207,0.995089,0.035987,0.008666,0.035964,0.998667,0.132714,-0.087932,0.030285,0.986782,0.150458,-0.030797,0.197624,0.968173,0.373791,-0.431181,0.352728,0.741584,0.271050,-0.487766,0.339251,0.757314,0.107223,-0.006702,-0.146550,0.983352,-0.338400,-0.473727,-0.304344,0.753952,-0.299359,-0.529191,-0.249502,0.753717
0.094867,0.068157,-0.017920,0.992992,0.083195,0.227453,0.000070,0.970229,-0.218413,0.018498,-0.121227,0.968121,-0.214975,0.058607,-0.227952,0.947834,0.088061,0.081401,0.067467,0.990488,0.030426,-0.061863,0.068656,0.995256,0.035509,0.008024,0.034689,0.998735,0.128806,-0.088311,0.030440,0.987261,0.146792,-0.031168,0.199443,0.968351,0.368434,-0.434131,0.353232,0.742303,0.266783,-0.491766,0.339423,0.756165,0.103249,-0.005474,-0.146577,0.983781,-0.342908,-0.469420,-0.305641,0.754084,-0.303636,-0.523982,-0.252356,0.754695
0.088283,0.068732,-0.017182,0.993573,0.075006,0.228257,0.009552,0.970660,-0.232493,0.034099,-0.113071,0.965401,-0.227431,0.064740,-0.216246,0.947271,0.081725,0.081481,0.064497,0.991223,0.030210,-0.062338,0.066118,0.995404,0.035087,0.007594,0.033328,0.998800,0.124804,-0.088667,0.030287,0.987747,0.143062,-0.031237,0.201176,0.968548,0.364009,-0.436462,0.353823,0.742838,0.262214,-0.494449,0.340297,0.755620,0.099138,-0.004004,-0.146805,0.984177,-0.346939,-0.465991,-0.307673,0.753540,-0.307157,-0.520266,-0.255402,0.754817
0.081655,0.069283,-0.016310,0.994116,0.066755,0.229353,0.019126,0.970863,-0.244468,0.048553,-0.104258,0.962813,-0.238015,0.069801,-0.205700,0.946659,0.075366,0.081518,0.061525,0.991912,0.030006,-0.062843,0.063582,0.995544,0.034695,0.007312,0.031919,0.998861,0.120754,-0.089008,0.029978,0.988229,0.139298,-0.031162,0.202870,0.968746,0.360046,-0.438489,0.354456,0.743273,0.257494,-0.496477,0.341525,0.755359,0.094960,-0.002410,-0.147126,0.984546,-0.350729,-0.462994,-0.310067,0.752651,-0.310300,-0.517289,-0.258541,0.754509
0.075293,0.069763,-0.015038,0.994604,0.058534,0.231873,0.029576,0.970533,-0.248430,0.058438,-0.093359,0.962368,-0.241278,0.073340,-0.192807,0.948278,0.069332,0.081367,0.058550,0.992544,0.029881,-0.063515,0.061038,0.995664,0.034404,0.007344,0.031934,0.998871,0.116572,-0.089173,0.029469,0.988732,0.135382,-0.030774,0.203927,0.969092,0.355297,-0.439785,0.354087,0.744967,0.253902,-0.498617,0.341554,0.755153,0.090692,-0.000897,-0.147105,0.984954,-0.352745,-0.461513,-0.312349,0.751674,-0.313004,-0.515726,-0.262302,0.753162
0.069416,0.070116,-0.013636,0.995027,0.050564,0.234795,0.040748,0.969873,-0.251042,0.065664,-0.082221,0.962240,-0.243647,0.076179,-0.178463,0.950255,0.063760,0.081642,0.055565,0.993067,0.029753,-0.064509,0.058462,0.995759,0.034131,0.007478,0.031844,0.998882,0.112448,-0.089236,0.028900,0.989220,0.131491,-0.030344,0.204855,0.969445,0.350727,-0.440718,0.353485,0.746864,0.250300,-0.500350,0.341272,0.755336,0.086501,0.000574,-0.147035,0.985341,-0.354595,-0.460289,-0.314640,0.750598,-0.315296,-0.514397,-0.265939,0.751839
0.064514,0.070220,-0.011978,0.995371,0.043109,0.238650,0.053343,0.968681,-0.251178,0.067741,-0.070746,0.962972,-0.244180,0.077817,-0.161291,0.953051,0.059125,0.082714,0.052577,0.993428,0.029630,-0.066241,0.055854,0.995798,0.033905,0.007726,0.031573,0.998896,0.108439,-0.089100,0.028220,0.989700,0.127653,-0.029817,0.205523,0.969833,0.346522,-0.440921,0.352436,0.749200,0.246685,-0.501248,0.340408,0.756319,0.082468,0.001962,-0.146876,0.985709,-0.356113,-0.459588,-0.316962,0.749331,-0.316778,-0.513553,-0.269342,0.750580
0.060665,0.070187,-0.010601,0.995631,0.036397,0.242017,0.066457,0.967309,-0.251387,0.066185,-0.059517,0.963785,-0.244785,0.077698,-0.147730,0.955102,0.055531,0.083737,0.049744,0.993695,0.029564,-0.067647,0.053321,0.995845,0.033699,0.007776,0.031468,0.998906,0.104816,-0.088904,0.027490,0.990128,0.124138,-0.029516,0.206020,0.970193,0.342369,-0.440586,0.350814,0.752061,0.243241,-0.501415,0.338791,0.758048,0.078788,0.003644,-0.146814,0.986015,-0.358052,-0.458898,-0.319832,0.747609,-0.317942,-0.513001,-0.272439,0.749346
0.057343,0.070085,-0.009365,0.995847,0.030025,0.245084,0.079820,0.965744,-0.251837,0.062677,-0.048372,0.964526,-0.245591,0.076584,-0.135936,0.956735,0.052462,0.084742,0.046992,0.993911,0.029535,-0.068878,0.050831,0.995891,0.033512,0.007736,0.031450,0.998913,0.101385,-0.088674,0.026737,0.990527,0.120782,-0.029325,0.206431,0.970535,0.338230,-0.439966,0.348916,0.755174,0.239872,-0.501201,0.336809,0.760143,0.075282,0.005477,-0.146795,0.986283,-0.360191,-0.458199,-0.322979,0.745654,-0.318941,-0.512583,-0.275390,0.748128
0.053708,0.070387,-0.008648,0.996035,0.023012,0.248644,0.093101,0.963835,-0.247789,0.053832,-0.036076,0.966644,-0.242447,0.071834,-0.118939,0.960163,0.049096,0.085194,0.044138,0.994175,0.029323,-0.070202,0.048208,0.995936,0.033144,0.007891,0.031123,0.998935,0.098353,-0.087899,0.025855,0.990925,0.117665,-0.028849,0.206230,0.970975,0.335099,-0.438847,0.346854,0.758165,0.237655,-0.499694,0.335638,0.762347,0.072288,0.007266,-0.147261,0.986426,-0.362215,-0.457554,-0.326312,0.743617,-0.321448,-0.511803,-0.278494,0.746438
0.050403,0.070760,-0.008339,0.996184,0.016150,0.252057,0.106031,0.961750,-0.242494,0.043439,-0.023039,0.968906,-0.238034,0.065590,-0.100600,0.963803,0.046038,0.085451,0.041340,0.994419,0.029231,-0.071305,0.045630,0.995981,0.032883,0.008040,0.030758,0.998953,0.095530,-0.087000,0.024971,0.991303,0.114719,-0.028309,0.205994,0.971393,0.332147,-0.437524,0.344812,0.761154,0.235729,-0.498151,0.334145,0.764608,0.069535,0.008974,-0.147828,0.986525,-0.364188,-0.456709,-0.329433,0.741794,-0.324025,-0.510825,-0.281870,0.744725
0.047762,0.071277,-0.008847,0.996273,0.009660,0.255328,0.118269,0.959545,-0.234228,0.030352,-0.008690,0.971669,-0.230677,0.056730,-0.079775,0.968094,0.043588,0.085285,0.038648,0.994652,0.029360,-0.072021,0.043134,0.996037,0.032826,0.008128,0.030308,0.998968,0.093128,-0.085866,0.024081,0.991652,0.112120,-0.027645,0.205682,0.971782,0.329574,-0.435815,0.342797,0.764158,0.234417,-0.496544,0.331987,0.766993,0.067264,0.010511,-0.148610,0.986550,-0.366082,-0.455492,-0.332126,0.740407,-0.326756,-0.509467,-0.285784,0.742968
0.045842,0.071627,-0.009728,0.996330,0.004235,0.256978,0.129213,0.957731,-0.225374,0.016251,0.006023,0.974118,-0.222517,0.046517,-0.059906,0.971974,0.041829,0.084888,0.036035,0.994860,0.029217,-0.072350,0.040568,0.996126,0.032471,0.008225,0.030039,0.998987,0.091319,-0.084506,0.023141,0.991960,0.110027,-0.026901,0.205166,0.972151,0.327805,-0.434141,0.341071,0.766639,0.233160,-0.494696,0.330510,0.769204,0.065592,0.012338,-0.149750,0.986469,-0.368067,-0.454128,-0.335223,0.738864,-0.328806,-0.508484,-0.289171,0.741424
0.044283,0.071894,-0.010795,0.996370,-0.000648,0.257793,0.139503,0.956076,-0.216459,0.001409,0.021079,0.976063,-0.214094,0.035433,-0.040370,0.975335,0.040417,0.084376,0.033460,0.995052,0.028935,-0.072486,0.037965,0.996226,0.031965,0.008325,0.029859,0.999008,0.089804,-0.083033,0.022177,0.992244,0.108186,-0.026118,0.204550,0.972509,0.326436,-0.432487,0.339489,0.768858,0.231924,-0.492730,0.329371,0.771325,0.064217,0.014310,-0.151065,0.986332,-0.370092,-0.452692,-0.338519,0.737229,-0.330512,-0.507691,-0.292296,0.739983
0.042913,0.071719,-0.012663,0.996421,-0.004960,0.256870,0.148240,0.954996,-0.207643,-0.014708,0.035538,0.977448,-0.205650,0.022891,-0.020361,0.978146,0.039144,0.083322,0.030907,0.995274,0.028997,-0.072396,0.035431,0.996325,0.031793,0.008209,0.029571,0.999023,0.088852,-0.081421,0.021069,0.992488,0.106827,-0.025433,0.203533,0.972890,0.325444,-0.431182,0.337903,0.770707,0.231307,-0.491349,0.327690,0.773106,0.063441,0.015962,-0.152846,0.986082,-0.371250,-0.451891,-0.341670,0.735684,-0.331483,-0.507246,-0.295255,0.738678
0.041624,0.071476,-0.014610,0.996466,-0.009002,0.255320,0.156687,0.954033,-0.199880,-0.031434,0.049620,0.978058,-0.198022,0.009836,0.000344,0.980148,0.037952,0.082211,0.028320,0.995489,0.029092,-0.072308,0.032861,0.996416,0.031653,0.008116,0.029205,0.999039,0.088074,-0.079759,0.019913,0.992716,0.105627,-0.024665,0.202361,0.973285,0.324774,-0.429948,0.336430,0.772322,0.230974,-0.490084,0.326198,0.774638,0.062853,0.017532,-0.154758,0.985795,-0.372042,-0.451383,-0.344805,0.734131,-0.332258,-0.506915,-0.298403,0.737291
0.040500,0.071097,-0.016714,0.996507,-0.012496,0.252591,0.164568,0.953393,-0.193673,-0.048852,0.062588,0.977848,-0.191668,-0.003819,0.022111,0.981203,0.036922,0.080984,0.025666,0.995701,0.029253,-0.072235,0.030221,0.996500,0.031578,0.008061,0.028688,0.999057,0.087647,-0.077993,0.018654,0.992918,0.104749,-0.023729,0.200877,0.973711,0.324755,-0.428859,0.335180,0.773478,0.231217,-0.489056,0.325081,0.775684,0.062640,0.018934,-0.156939,0.985438,-0.372110,-0.451459,-0.347916,0.732580,-0.332650,-0.506811,-0.301932,0.735747
0.039557,0.070470,-0.018916,0.996550,-0.015034,0.247491,0.171810,0.953417,-0.190161,-0.064899,0.073821,0.976820,-0.187897,-0.016868,0.039060,0.981267,0.036070,0.079784,0.022885,0.995897,0.029416,-0.072205,0.027439,0.996578,0.031498,0.008000,0.027812,0.999085,0.087356,-0.076380,0.017337,0.993093,0.104054,-0.022696,0.199166,0.974161,0.325108,-0.427837,0.334012,0.774401,0.232143,-0.488309,0.323784,0.776420,0.062552,0.019952,-0.159130,0.985072,-0.370925,-0.452228,-0.350452,0.731497,-0.331939,-0.507595,-0.304663,0.734400
0.038704,0.069719,-0.021167,0.996591,-0.017003,0.241201,0.178732,0.953723,-0.187903,-0.080267,0.084137,0.975280,-0.185311,-0.029654,0.053555,0.980771,0.035305,0.078597,0.020040,0.996080,0.029576,-0.072194,0.024585,0.996649,0.031413,0.007936,0.026756,0.999117,0.087130,-0.074843,0.015991,0.993253,0.103450,-0.021614,0.197342,0.974622,0.325647,-0.426847,0.332884,0.775206,0.233410,-0.487699,0.322398,0.777000,0.062525,0.020780,-0.161325,0.984700,-0.369110,-0.453338,-0.352697,0.730648,-0.330671,-0.508820,-0.306991,0.733154
0.037524,0.068647,-0.022922,0.996671,-0.016920,0.230242,0.182603,0.955698,-0.185035,-0.090971,0.092634,0.974118,-0.183076,-0.040022,0.052212,0.980895,0.034291,0.077099,0.016867,0.996291,0.029532,-0.072223,0.021359,0.996722,0.031088,0.007974,0.026394,0.999136,0.087428,-0.073240,0.014524,0.993369,0.103319,-0.020627,0.195537,0.975020,0.326971,-0.425702,0.331951,0.775677,0.235484,-0.487505,0.321404,0.776908,0.062972,0.021915,-0.163316,0.984318,-0.366540,-0.454849,-0.355019,0.729878,-0.328647,-0.509515,-0.308924,0.732769
0.036352,0.067367,-0.025067,0.996751,-0.015949,0.217879,0.184235,0.958296,-0.179634,-0.098924,0.100589,0.973564,-0.178271,-0.044619,0.045357,0.981922,0.033245,0.075687,0.013612,0.996484,0.029603,-0.072431,0.018089,0.996770,0.030876,0.007998,0.026063,0.999151,0.087718,-0.071664,0.013112,0.993478,0.103193,-0.019633,0.193666,0.975428,0.328528,-0.424522,0.331031,0.776060,0.237968,-0.487178,0.320461,0.776746,0.063426,0.022932,-0.165337,0.983928,-0.363504,-0.456407,-0.357023,0.729447,-0.326086,-0.510488,-0.310925,0.732390
0.035197,0.065673,-0.027991,0.996827,-0.013407,0.202707,0.181372,0.962203,-0.169284,-0.101269,0.107228,0.974469,-0.167839,-0.037852,0.027057,0.984716,0.032139,0.074441,0.010198,0.996655,0.029919,-0.073008,0.014732,0.996774,0.030904,0.007989,0.025796,0.999157,0.087999,-0.070144,0.011813,0.993578,0.103082,-0.018621,0.191663,0.975855,0.330554,-0.423273,0.330138,0.776262,0.241276,-0.486587,0.319623,0.776441,0.063901,0.023709,-0.167417,0.983527,-0.359543,-0.458063,-0.358392,0.729700,-0.322450,-0.512021,-0.313053,0.732023
0.034016,0.063919,-0.030793,0.996900,-0.010903,0.189351,0.176294,0.965892,-0.157328,-0.100117,0.111588,0.976101,-0.154853,-0.028744,0.013491,0.987427,0.031017,0.073278,0.006587,0.996807,0.030143,-0.073896,0.011167,0.996748,0.030819,0.008039,0.025858,0.999158,0.088446,-0.068655,0.010549,0.993656,0.103152,-0.017518,0.189644,0.976262,0.332879,-0.421917,0.329392,0.776324,0.245259,-0.485938,0.318806,0.775935,0.064512,0.024705,-0.169626,0.983084,-0.355574,-0.459924,-0.360219,0.729575,-0.317956,-0.513657,-0.315403,0.731835
0.032821,0.062136,-0.033533,0.996964,-0.008480,0.176885,0.170065,0.969390,-0.144541,-0.097113,0.114395,0.978055,-0.140419,-0.018515,0.001765,0.989917,0.029885,0.072157,0.002879,0.996941,0.030319,-0.074936,0.007497,0.996699,0.030669,0.008123,0.026083,0.999156,0.088974,-0.067176,0.009298,0.993723,0.103311,-0.016363,0.187612,0.976658,0.335351,-0.420497,0.328720,0.776315,0.249576,-0.485247,0.318002,0.775321,0.065192,0.025814,-0.171903,0.982615,-0.351590,-0.461880,-0.362267,0.729256,-0.313022,-0.515329,-0.317859,0.731723
0.030539,0.060419,-0.033390,0.997147,-0.007113,0.166358,0.164835,0.972164,-0.145989,-0.087624,0.110604,0.979171,-0.141428,-0.010026,-0.006899,0.989874,0.027967,0.070818,-0.001740,0.997096,0.030679,-0.076390,0.003000,0.996601,0.030629,0.008030,0.025806,0.999165,0.089316,-0.066562,0.007985,0.993745,0.103567,-0.014917,0.185838,0.976993,0.339141,-0.418783,0.328819,0.775553,0.253241,-0.484079,0.317953,0.774882,0.065480,0.026605,-0.173994,0.982207,-0.347101,-0.464275,-0.363969,0.729037,-0.308174,-0.517913,-0.318124,0.731841
0.028101,0.058618,-0.033619,0.997318,-0.006851,0.158240,0.160117,0.974308,-0.148551,-0.080952,0.106598,0.979804,-0.142941,-0.001010,-0.012971,0.989646,0.025847,0.069472,-0.006333,0.997229,0.030984,-0.077764,-0.001477,0.996489,0.030528,0.007875,0.025345,0.999181,0.089294,-0.066115,0.006572,0.993787,0.103534,-0.013259,0.184082,0.977353,0.343029,-0.417038,0.329108,0.774660,0.257298,-0.482902,0.318162,0.774194,0.065373,0.027246,-0.176040,0.981832,-0.342737,-0.466771,-0.365674,0.728655,-0.303333,-0.520632,-0.318868,0.731611
0.025347,0.056648,-0.034594,0.997473,-0.008578,0.154998,0.156561,0.975393,-0.152753,-0.079840,0.101989,0.979740,-0.145101,0.009066,-0.014024,0.989276,0.023337,0.068089,-0.010876,0.997347,0.031186,-0.079018,-0.005907,0.996368,0.030332,0.007559,0.024520,0.999210,0.088552,-0.065996,0.004976,0.993870,0.102931,-0.011171,0.182380,0.977762,0.347117,-0.415242,0.329791,0.773512,0.262135,-0.481709,0.318904,0.773008,0.064492,0.027591,-0.177984,0.981530,-0.338631,-0.469476,-0.367395,0.727971,-0.298523,-0.523645,-0.320580,0.730690
0.021625,0.055289,-0.032797,0.997697,-0.010693,0.153261,0.151555,0.976436,-0.154736,-0.079321,0.096635,0.980014,-0.146291,0.013883,-0.012943,0.989059,0.020137,0.066626,-0.016143,0.997444,0.031559,-0.080450,-0.010993,0.996198,0.030236,0.007270,0.024028,0.999227,0.086730,-0.066717,0.003310,0.993990,0.101547,-0.008659,0.180784,0.978228,0.350807,-0.413304,0.330620,0.772531,0.266795,-0.480570,0.320285,0.771551,0.062424,0.027025,-0.179608,0.981384,-0.335358,-0.472079,-0.368438,0.727276,-0.294336,-0.526095,-0.321812,0.730087
0.017418,0.054234,-0.029613,0.997937,-0.013009,0.152318,0.145825,0.977428,-0.155611,-0.079041,0.090886,0.980448,-0.147019,0.016125,-0.010836,0.988943,0.016573,0.065172,-0.021776,0.997499,0.032003,-0.081895,-0.016420,0.995992,0.030164,0.007069,0.023691,0.999239,0.084357,-0.067844,0.001607,0.994122,0.099748,-0.005926,0.179251,0.978716,0.354260,-0.411284,0.331544,0.771637,0.271321,-0.479442,0.322007,0.769956,0.059755,0.026016,-0.181074,0.981308,-0.332499,-0.474618,-0.369157,0.726571,-0.290460,-0.528247,-0.322826,0.729638
0.015032,0.053551,-0.026628,0.998097,-0.013655,0.151713,0.140340,0.978316,-0.154843,-0.080087,0.085606,0.980959,-0.146212,0.017542,-0.012669,0.989017,0.014793,0.064078,-0.027446,0.997458,0.032531,-0.082970,-0.021987,0.995778,0.030173,0.006744,0.023373,0.999249,0.081053,-0.069203,0.000066,0.994304,0.097051,-0.003751,0.178185,0.979192,0.355950,-0.409576,0.331775,0.771669,0.273946,-0.477954,0.322537,0.769730,0.056204,0.024442,-0.182164,0.981356,-0.331258,-0.476371,-0.369420,0.725857,-0.288092,-0.530216,-0.322241,0.729407
0.013527,0.052985,-0.023589,0.998225,-0.013368,0.150823,0.134938,0.979217,-0.154106,-0.081285,0.080267,0.981428,-0.145482,0.018898,-0.014413,0.989075,0.013881,0.063168,-0.033176,0.997355,0.033205,-0.083887,-0.027640,0.995538,0.030320,0.006432,0.023086,0.999253,0.077691,-0.070505,-0.001321,0.994480,0.094229,-0.002117,0.177229,0.979646,0.356625,-0.408051,0.331339,0.772352,0.275239,-0.476560,0.322171,0.770285,0.052629,0.022913,-0.183140,0.981410,-0.330836,-0.477735,-0.369809,0.724954,-0.286555,-0.531826,-0.321728,0.729066
0.013783,0.052650,-0.020441,0.998309,-0.011225,0.149304,0.129706,0.980183,-0.153450,-0.082870,0.074827,0.981828,-0.144892,0.020039,-0.015965,0.989116,0.014733,0.062560,-0.039023,0.997169,0.034194,-0.084591,-0.033454,0.995267,0.030780,0.006050,0.022875,0.999246,0.074225,-0.071718,-0.002398,0.994656,0.091196,-0.001589,0.176467,0.980071,0.355330,-0.406904,0.329529,0.774326,0.273933,-0.475373,0.319973,0.772398,0.049008,0.021448,-0.183883,0.981491,-0.332069,-0.478345,-0.370419,0.723675,-0.286699,-0.532757,-0.321329,0.728507
0.015129,0.052575,-0.016393,0.998368,-0.007517,0.146375,0.124098,0.981385,-0.152791,-0.083741,0.069167,0.982272,-0.144439,0.021059,-0.016488,0.989152,0.016761,0.063142,-0.045107,0.996844,0.035063,-0.086412,-0.039536,0.994857,0.031047,0.005714,0.022803,0.999241,0.070789,-0.072666,-0.003356,0.994835,0.088033,-0.002123,0.175745,0.980489,0.352379,-0.405991,0.326313,0.777509,0.270536,-0.474292,0.316022,0.775879,0.045442,0.020572,-0.184798,0.981510,-0.335564,-0.477775,-0.372077,0.721586,-0.289862,-0.532689,-0.322194,0.726920
0.017018,0.052628,-0.011895,0.998398,-0.003109,0.142677,0.118305,0.982669,-0.152259,-0.084349,0.063418,0.982690,-0.144211,0.021940,-0.016461,0.989167,0.019411,0.064281,-0.051310,0.996423,0.035947,-0.088853,-0.045748,0.994344,0.031279,0.005340,0.022795,0.999236,0.067364,-0.073429,-0.004256,0.995014,0.084793,-0.003137,0.175037,0.980899,0.348557,-0.405133,0.322417,0.781295,0.266043,-0.473197,0.311210,0.780035,0.041910,0.020047,-0.185800,0.981489,-0.340168,-0.476573,-0.374260,0.719092,-0.294516,-0.532088,-0.323695,0.724820
0.019066,0.052045,-0.006356,0.998442,0.001842,0.137820,0.111614,0.984147,-0.151165,-0.083256,0.057497,0.983317,-0.143615,0.022731,-0.016600,0.989233,0.022388,0.065759,-0.058028,0.995895,0.037251,-0.091233,-0.052416,0.993751,0.031898,0.004797,0.022662,0.999223,0.064242,-0.074042,-0.004981,0.995171,0.081735,-0.005112,0.174185,0.981302,0.343916,-0.404986,0.317757,0.785327,0.260295,-0.472554,0.305678,0.784538,0.038641,0.020365,-0.186904,0.981407,-0.346127,-0.474015,-0.377066,0.716468,-0.301370,-0.529939,-0.326741,0.722206
0.020861,0.051383,-0.000746,0.998461,0.006403,0.132870,0.104766,0.985560,-0.150188,-0.081940,0.051586,0.983905,-0.143196,0.023365,-0.016774,0.989276,0.025189,0.067247,-0.064775,0.995313,0.038594,-0.093713,-0.059102,0.993094,0.032564,0.004061,0.022454,0.999209,0.061221,-0.074642,-0.005689,0.995313,0.078769,-0.007098,0.173206,0.981705,0.339259,-0.405239,0.313281,0.789012,0.254206,-0.472214,0.300419,0.788760,0.035478,0.020652,-0.187997,0.981311,-0.351799,-0.471375,-0.379564,0.714125,-0.307956,-0.527295,-0.330051,0.719854
0.022148,0.050568,0.005004,0.998462,0.010352,0.127863,0.097601,0.986923,-0.149180,-0.080000,0.045658,0.984510,-0.142823,0.023839,-0.017086,0.989314,0.027579,0.068829,-0.071574,0.994675,0.039906,-0.096280,-0.065826,0.992373,0.033225,0.003039,0.022106,0.999199,0.058417,-0.075321,-0.006375,0.995426,0.076024,-0.009205,0.171968,0.982122,0.334678,-0.406412,0.309107,0.792005,0.247552,-0.472610,0.295659,0.792429,0.032521,0.020769,-0.189078,0.981204,-0.356936,-0.468658,-0.381454,0.712355,-0.314043,-0.523734,-0.333886,0.718053
0.022699,0.049707,0.010848,0.998447,0.013410,0.122976,0.090296,0.988202,-0.148342,-0.077666,0.039770,0.985079,-0.142636,0.024351,-0.017371,0.989323,0.029482,0.072045,-0.078381,0.993880,0.041276,-0.100844,-0.072436,0.991403,0.033846,0.001749,0.021781,0.999188,0.055701,-0.075995,-0.007118,0.995526,0.073370,-0.011142,0.170576,0.982546,0.330139,-0.408420,0.305460,0.794290,0.242561,-0.474697,0.291362,0.794315,0.029671,0.020626,-0.190090,0.981101,-0.360883,-0.465918,-0.382344,0.711686,-0.318114,-0.520516,-0.335694,0.717758
0.022881,0.048822,0.016739,0.998405,0.015938,0.118132,0.082911,0.989402,-0.147727,-0.075160,0.033889,0.985586,-0.142678,0.024861,-0.017640,0.989300,0.031256,0.076061,-0.085182,0.992966,0.042881,-0.106421,-0.078958,0.990253,0.034628,0.000323,0.021472,0.999170,0.053020,-0.076636,-0.007888,0.995617,0.070747,-0.012961,0.169108,0.982970,0.325604,-0.410824,0.302071,0.796216,0.238398,-0.477602,0.287281,0.795319,0.026872,0.020387,-0.191067,0.980997,-0.364232,-0.463142,-0.382743,0.711577,-0.321179,-0.517451,-0.336497,0.718233
0.021876,0.047947,0.021575,0.998377,0.016882,0.113893,0.075687,0.990462,-0.147116,-0.072353,0.028325,0.986063,-0.142653,0.025740,-0.018872,0.989258,0.031698,0.078873,-0.091680,0.992154,0.044290,-0.110806,-0.085179,0.989194,0.035425,-0.001634,0.020893,0.999153,0.050655,-0.077685,-0.008729,0.995652,0.068539,-0.014731,0.167979,0.983295,0.323094,-0.413845,0.300077,0.796428,0.236016,-0.481026,0.285220,0.794707,0.024302,0.019617,-0.191746,0.980948,-0.365629,-0.461198,-0.381992,0.712526,-0.322048,-0.515234,-0.335051,0.720111
0.020589,0.047161,0.025752,0.998343,0.017258,0.110209,0.068690,0.991382,-0.146659,-0.070015,0.022823,0.986442,-0.142765,0.026514,-0.019939,0.989201,0.031819,0.081386,-0.097989,0.991344,0.045986,-0.114946,-0.091119,0.988114,0.036660,-0.004068,0.019995,0.999119,0.048314,-0.078662,-0.009522,0.995684,0.066363,-0.016194,0.166928,0.983600,0.321211,-0.416874,0.298616,0.796158,0.234192,-0.484456,0.283460,0.793793,0.021756,0.019056,-0.192322,0.980906,-0.367027,-0.459229,-0.381396,0.713398,-0.322629,-0.512941,-0.333709,0.722108
0.018740,0.046558,0.028612,0.998330,0.016684,0.107666,0.062173,0.992101,-0.146203,-0.068569,0.017479,0.986721,-0.142852,0.027116,-0.020678,0.989156,0.031158,0.083328,-0.103941,0.990597,0.048007,-0.118572,-0.096546,0.987074,0.038540,-0.007445,0.018445,0.999059,0.046038,-0.079555,-0.010223,0.995714,0.064278,-0.017102,0.166035,0.983874,0.320613,-0.419960,0.298227,0.794923,0.233507,-0.487933,0.282314,0.792272,0.019264,0.018852,-0.192694,0.980889,-0.368440,-0.457262,-0.381081,0.714102,-0.322649,-0.510547,-0.332550,0.724327
0.016864,0.046128,0.029813,0.998348,0.015677,0.106057,0.056306,0.992641,-0.145692,-0.068083,0.012446,0.986906,-0.142850,0.027502,-0.021160,0.989136,0.030243,0.085251,-0.109364,0.989877,0.050264,-0.122167,-0.101321,0.986044,0.041082,-0.012292,0.016305,0.998947,0.044106,-0.080441,-0.010691,0.995726,0.062559,-0.017787,0.165504,0.984062,0.320914,-0.423227,0.298793,0.792853,0.233747,-0.491657,0.282585,0.789798,0.017118,0.018729,-0.192692,0.980931,-0.369696,-0.455645,-0.380742,0.714666,-0.323022,-0.508526,-0.331947,0.725858
0.014975,0.045784,0.030186,0.998383,0.014461,0.104924,0.050763,0.993079,-0.145140,-0.068057,0.007564,0.987039,-0.142802,0.027798,-0.021518,0.989127,0.029203,0.087171,-0.114516,0.989159,0.052661,-0.125722,-0.105747,0.985007,0.044007,-0.017837,0.013893,0.998775,0.042349,-0.081329,-0.011044,0.995726,0.061023,-0.018366,0.165153,0.984207,0.321663,-0.426576,0.299840,0.790356,0.234447,-0.495494,0.283566,0.786836,0.015144,0.018640,-0.192503,0.981002,-0.370874,-0.454209,-0.380387,0.715159,-0.323571,-0.506695,-0.331618,0.727043
0.014229,0.045481,0.028395,0.998460,0.013863,0.105026,0.046712,0.993275,-0.145026,-0.069722,0.003337,0.986963,-0.143095,0.028002,-0.022223,0.989063,0.029109,0.090015,-0.118761,0.988406,0.056680,-0.129687,-0.108742,0.983943,0.048967,-0.024627,0.010834,0.998438,0.040884,-0.082248,-0.011380,0.995708,0.059791,-0.018835,0.164938,0.984310,0.322934,-0.430469,0.301642,0.787034,0.235637,-0.499253,0.286047,0.783198,0.013405,0.018799,-0.191707,0.981181,-0.372221,-0.453441,-0.380466,0.714905,-0.324991,-0.505999,-0.331952,0.726742
0.013786,0.045208,0.026311,0.998536,0.013489,0.105209,0.042925,0.993432,-0.144883,-0.071433,-0.000679,0.986867,-0.143363,0.028115,-0.022817,0.989008,0.029434,0.093742,-0.122973,0.987534,0.062211,-0.134425,-0.111133,0.982705,0.055403,-0.031457,0.006733,0.997946,0.039686,-0.083290,-0.011773,0.995665,0.058816,-0.019669,0.164736,0.984386,0.323756,-0.434308,0.303018,0.784053,0.236590,-0.503303,0.288067,0.779570,0.011865,0.019040,-0.190742,0.981384,-0.373725,-0.452628,-0.380530,0.714601,-0.326729,-0.505391,-0.332293,0.726229
0.013950,0.044997,0.023643,0.998610,0.013561,0.105549,0.039665,0.993530,-0.144696,-0.073247,-0.004273,0.986752,-0.143568,0.028043,-0.023191,0.988971,0.030579,0.099230,-0.127133,0.986436,0.070697,-0.140720,-0.112270,0.981119,0.064651,-0.038453,0.000583,0.997167,0.039023,-0.084571,-0.012275,0.995577,0.058357,-0.021223,0.164558,0.984411,0.323696,-0.438073,0.303528,0.781782,0.237078,-0.507969,0.289144,0.775988,0.010724,0.019456,-0.189438,0.981641,-0.375540,-0.451720,-0.380569,0.714203,-0.329098,-0.504952,-0.332657,0.725298
0.014792,0.044917,0.021104,0.998658,0.014311,0.105078,0.036484,0.993691,-0.144356,-0.074396,-0.007468,0.986697,-0.143596,0.028032,-0.023412,0.988962,0.032809,0.106729,-0.131682,0.984983,0.082696,-0.149278,-0.112122,0.978931,0.076702,-0.044718,-0.010556,0.995995,0.038796,-0.085609,-0.012968,0.995489,0.058214,-0.023243,0.164456,0.984391,0.323190,-0.441350,0.303317,0.780229,0.236799,-0.512086,0.288748,0.773511,0.010013,0.020138,-0.188179,0.981877,-0.377591,-0.450573,-0.380787,0.713730,-0.331359,-0.504386,-0.332758,0.724616
0.015973,0.044902,0.018629,0.998690,0.015405,0.104199,0.033343,0.993878,-0.143944,-0.075218,-0.010460,0.986668,-0.143542,0.028047,-0.023553,0.988966,0.035579,0.115222,-0.136428,0.983283,0.096382,-0.158868,-0.110887,0.976307,0.090019,-0.050809,-0.023806,0.994358,0.038788,-0.086528,-0.013756,0.995399,0.058234,-0.025500,0.164393,0.984344,0.322464,-0.444385,0.302747,0.779027,0.236137,-0.515928,0.287615,0.771580,0.009512,0.020950,-0.186942,0.982102,-0.379762,-0.449304,-0.381097,0.713212,-0.333569,-0.503757,-0.332730,0.724052
0.017997,0.044763,0.016053,0.998706,0.017253,0.103379,0.030885,0.994013,-0.143702,-0.076323,-0.012964,0.986588,-0.143588,0.028244,-0.024042,0.988942,0.039359,0.125028,-0.140912,0.981307,0.111616,-0.169802,-0.107879,0.973176,0.103923,-0.055292,-0.041568,0.992177,0.039830,-0.087512,-0.014767,0.995257,0.059274,-0.028127,0.165044,0.984102,0.322624,-0.446549,0.302468,0.777831,0.235338,-0.518048,0.285928,0.771030,0.010005,0.021349,-0.185477,0.982366,-0.380489,-0.448357,-0.380154,0.713923,-0.335280,-0.502579,-0.332690,0.724099
0.020019,0.044895,0.013788,0.998696,0.019148,0.102301,0.028462,0.994162,-0.143480,-0.077204,-0.015322,0.986518,-0.143646,0.028379,-0.024563,0.988917,0.042733,0.133892,-0.143394,0.979635,0.122650,-0.179361,-0.104065,0.970545,0.113717,-0.058151,-0.053807,0.990349,0.040987,-0.088393,-0.015934,0.995115,0.060427,-0.030540,0.165823,0.983828,0.323167,-0.448570,0.302562,0.776405,0.234950,-0.519933,0.285089,0.770190,0.010618,0.021709,-0.184066,0.982617,-0.381009,-0.447450,-0.379110,0.714770,-0.336397,-0.501129,-0.332417,0.724711
0.022038,0.045568,0.012146,0.998644,0.021136,0.100702,0.026109,0.994349,-0.143304,-0.077633,-0.017390,0.986476,-0.143721,0.028399,-0.025150,0.988891,0.045289,0.140916,-0.141863,0.978758,0.125539,-0.186454,-0.099932,0.969272,0.115665,-0.057088,-0.056082,0.990059,0.042374,-0.089064,-0.017417,0.994972,0.061796,-0.032522,0.166853,0.983506,0.324471,-0.450305,0.303390,0.774531,0.235403,-0.521350,0.285921,0.768784,0.011477,0.021991,-0.182765,0.982844,-0.381109,-0.446625,-0.377861,0.715894,-0.336323,-0.499141,-0.331673,0.726456
0.023697,0.046284,0.010825,0.998589,0.022806,0.099103,0.023916,0.994528,-0.143077,-0.077878,-0.019209,0.986456,-0.143722,0.028356,-0.025491,0.988883,0.046777,0.147550,-0.136187,0.978516,0.120663,-0.192080,-0.095388,0.969251,0.110420,-0.056041,-0.053372,0.990867,0.043872,-0.089615,-0.019141,0.994826,0.063293,-0.033920,0.167904,0.983184,0.326079,-0.451878,0.304780,0.772391,0.236607,-0.523119,0.287509,0.766618,0.012484,0.021963,-0.181608,0.983046,-0.380623,-0.445868,-0.376085,0.717557,-0.335958,-0.497812,-0.330585,0.728031
0.025177,0.047021,0.009665,0.998530,0.024318,0.097502,0.021805,0.994699,-0.142826,-0.078034,-0.020901,0.986445,-0.143690,0.028280,-0.025706,0.988885,0.047645,0.154006,-0.128449,0.978526,0.111814,-0.196839,-0.090922,0.969786,0.101480,-0.054860,-0.048338,0.992147,0.045429,-0.090108,-0.020984,0.994674,0.064861,-0.035021,0.168969,0.982861,0.327841,-0.453362,0.306457,0.770109,0.238185,-0.525054,0.289479,0.764060,0.013571,0.021783,-0.180521,0.983236,-0.379836,-0.445142,-0.374044,0.719489,-0.335441,-0.496811,-0.329326,0.729523
0.025937,0.047616,0.009007,0.998488,0.025188,0.095540,0.019752,0.994911,-0.142749,-0.077822,-0.022336,0.986442,-0.143792,0.028241,-0.026038,0.988862,0.047035,0.158036,-0.118029,0.979225,0.100246,-0.197121,-0.085369,0.971497,0.090224,-0.050087,-0.037399,0.993958,0.046710,-0.089984,-0.022925,0.994583,0.066079,-0.034959,0.169902,0.982621,0.329539,-0.454742,0.308898,0.767591,0.239945,-0.526850,0.291638,0.761447,0.014593,0.021449,-0.179602,0.983397,-0.379454,-0.444287,-0.372035,0.721258,-0.334706,-0.495695,-0.327346,0.731507
0.026557,0.048177,0.008448,0.998450,0.025917,0.093641,0.017833,0.995109,-0.142667,-0.077747,-0.023660,0.986429,-0.143874,0.028227,-0.026360,0.988842,0.046093,0.161020,-0.107575,0.979988,0.089089,-0.195237,-0.079715,0.973443,0.079524,-0.044534,-0.025626,0.995508,0.047897,-0.089655,-0.024873,0.994510,0.067164,-0.034679,0.170731,0.982414,0.330773,-0.455940,0.311161,0.765433,0.241478,-0.528617,0.293461,0.759034,0.015577,0.021197,-0.178741,0.983544,-0.379553,-0.443481,-0.370435,0.722524,-0.334340,-0.494435,-0.325730,0.733246
0.026895,0.048667,0.008089,0.998420,0.026366,0.091875,0.016173,0.995290,-0.142560,-0.077939,-0.024770,0.986402,-0.143906,0.028269,-0.026673,0.988828,0.044632,0.161896,-0.097043,0.981010,0.078965,-0.189288,-0.073527,0.975976,0.070116,-0.037606,-0.012061,0.996757,0.048888,-0.088914,-0.026842,0.994477,0.067971,-0.033970,0.171346,0.982276,0.331091,-0.456795,0.313051,0.764013,0.242569,-0.530345,0.294596,0.757039,0.016479,0.021107,-0.178001,0.983666,-0.380631,-0.442783,-0.369655,0.722786,-0.334725,-0.492893,-0.324846,0.734500
0.027023,0.049018,0.008158,0.998399,0.026653,0.089955,0.014587,0.995482,-0.142423,-0.078069,-0.025720,0.986387,-0.143895,0.028219,-0.026751,0.988829,0.043055,0.160751,-0.087543,0.982162,0.070739,-0.179196,-0.067536,0.978940,0.062330,-0.027910,-0.000190,0.997665,0.049561,-0.087866,-0.028772,0.994482,0.068392,-0.033050,0.171707,0.982215,0.330937,-0.457418,0.314546,0.763092,0.242297,-0.531210,0.295921,0.756002,0.017174,0.021058,-0.177335,0.983775,-0.382057,-0.441949,-0.369070,0.722842,-0.336373,-0.491444,-0.326035,0.734192
0.027046,0.049300,0.008442,0.998382,0.026853,0.087959,0.013037,0.995677,-0.142278,-0.078168,-0.026594,0.986377,-0.143869,0.028124,-0.026713,0.988836,0.041458,0.158586,-0.078548,0.983342,0.063627,-0.167001,-0.061488,0.981978,0.055477,-0.016822,0.010938,0.998258,0.050072,-0.086666,-0.030685,0.994505,0.068617,-0.032025,0.171940,0.982193,0.330544,-0.457928,0.315841,0.762422,0.241345,-0.531644,0.297340,0.755445,0.017766,0.021032,-0.176707,0.983878,-0.383656,-0.441046,-0.368582,0.722796,-0.338646,-0.490024,-0.328259,0.733104
0.027360,0.049469,0.008962,0.998361,0.027324,0.086217,0.011965,0.995830,-0.142262,-0.078954,-0.027240,0.986299,-0.143951,0.028045,-0.026516,0.988832,0.040396,0.154095,-0.071604,0.984630,0.060995,-0.150108,-0.055642,0.985216,0.053267,-0.006084,0.018400,0.998392,0.050158,-0.085015,-0.032306,0.994592,0.068317,-0.030899,0.171862,0.982263,0.327997,-0.457607,0.315576,0.763823,0.239168,-0.531928,0.296158,0.756401,0.018133,0.021042,-0.176203,0.983962,-0.385172,-0.440827,-0.368746,0.722039,-0.341496,-0.487990,-0.330015,0.732350
0.027728,0.049633,0.009548,0.998337,0.027842,0.084518,0.010955,0.995973,-0.142148,-0.079864,-0.027834,0.986226,-0.143933,0.027910,-0.026250,0.988845,0.039539,0.149569,-0.065185,0.985808,0.059578,-0.133066,-0.049910,0.988055,0.052386,0.002993,0.023596,0.998344,0.050061,-0.083218,-0.033787,0.994700,0.067805,-0.029663,0.171694,0.982366,0.325255,-0.456987,0.315040,0.765586,0.236568,-0.531749,0.294753,0.757891,0.018366,0.021216,-0.175715,0.984041,-0.386840,-0.440305,-0.368979,0.721347,-0.344263,-0.486718,-0.331321,0.731310
0.028201,0.049787,0.010265,0.998309,0.028464,0.082904,0.010070,0.996100,-0.141828,-0.081019,-0.028323,0.986164,-0.143704,0.027667,-0.025851,0.988896,0.039027,0.144989,-0.059834,0.986851,0.060230,-0.115792,-0.044610,0.990442,0.053900,0.008712,0.024186,0.998215,0.049603,-0.081129,-0.034986,0.994854,0.066878,-0.028204,0.171347,0.982533,0.322122,-0.455767,0.313976,0.768071,0.233118,-0.530645,0.292919,0.760441,0.018329,0.021713,-0.175255,0.984113,-0.388812,-0.439185,-0.369347,0.720781,-0.346856,-0.486991,-0.331751,0.729707
0.028881,0.050543,0.008724,0.998266,0.028941,0.082820,0.010272,0.996091,-0.141566,-0.083890,-0.028502,0.985956,-0.143506,0.027368,-0.025508,0.988942,0.038831,0.143237,-0.057392,0.987260,0.059848,-0.110595,-0.042421,0.991155,0.054157,0.007984,0.012861,0.998418,0.048888,-0.079357,-0.035638,0.995009,0.065788,-0.026541,0.170896,0.982732,0.318997,-0.454108,0.312723,0.770864,0.229493,-0.529018,0.290819,0.763478,0.017967,0.022497,-0.174832,0.984177,-0.391590,-0.438400,-0.370787,0.719013,-0.350123,-0.486692,-0.332996,0.727776
0.029665,0.051600,0.006052,0.998209,0.029347,0.083506,0.011018,0.996014,-0.141334,-0.087616,-0.028527,0.985664,-0.143322,0.027044,-0.025192,0.988986,0.038791,0.142901,-0.056408,0.987367,0.058854,-0.111439,-0.041763,0.991148,0.053610,0.004064,-0.004405,0.998544,0.048040,-0.077755,-0.036020,0.995163,0.064616,-0.024786,0.170389,0.982944,0.315876,-0.452230,0.311365,0.773798,0.225778,-0.527128,0.288571,0.766738,0.017436,0.023411,-0.174429,0.984237,-0.394766,-0.437781,-0.372766,0.716626,-0.353724,-0.486111,-0.334653,0.725660
0.030515,0.052686,0.004799,0.998133,0.030039,0.083034,0.011172,0.996031,-0.141083,-0.089651,-0.028519,0.985518,-0.143113,0.026439,-0.024360,0.989053,0.039022,0.138509,-0.056037,0.988004,0.057671,-0.108149,-0.042246,0.991561,0.052648,0.002970,-0.000281,0.998609,0.047856,-0.076267,-0.036038,0.995286,0.064075,-0.023969,0.168999,0.983239,0.311730,-0.451384,0.308752,0.777013,0.220847,-0.525363,0.285846,0.770398,0.017385,0.025223,-0.173943,0.984279,-0.398451,-0.437088,-0.375909,0.713360,-0.358822,-0.485585,-0.338329,0.721795
0.030673,0.053578,0.003747,0.998085,0.030073,0.082704,0.011248,0.996057,-0.140878,-0.091487,-0.028560,0.985377,-0.142950,0.025949,-0.023723,0.989105,0.038712,0.134672,-0.055944,0.988552,0.056975,-0.105734,-0.042663,0.991844,0.052131,0.002015,0.003287,0.998633,0.047553,-0.074744,-0.036031,0.995416,0.063398,-0.023334,0.167246,0.983598,0.307080,-0.450581,0.305470,0.780620,0.216158,-0.524183,0.282331,0.773819,0.017226,0.027077,-0.173554,0.984301,-0.401914,-0.436246,-0.379007,0.710288,-0.363913,-0.485005,-0.342966,0.717434
0.029448,0.054082,0.003098,0.998097,0.028787,0.082655,0.011160,0.996100,-0.140773,-0.092931,-0.028709,0.985253,-0.142887,0.025681,-0.023481,0.989127,0.037278,0.131944,-0.056435,0.988947,0.057230,-0.105076,-0.043034,0.991883,0.052457,0.001349,0.005681,0.998606,0.047013,-0.073150,-0.035967,0.995563,0.062450,-0.023055,0.164772,0.984083,0.301415,-0.449863,0.300872,0.785015,0.211980,-0.524173,0.277257,0.776811,0.016858,0.029022,-0.173352,0.984288,-0.404967,-0.435131,-0.381982,0.707639,-0.369009,-0.484318,-0.349498,0.712123
0.027722,0.054198,0.002675,0.998142,0.027033,0.082539,0.011000,0.996160,-0.140752,-0.093815,-0.028807,0.985169,-0.142897,0.025470,-0.023137,0.989139,0.035321,0.127494,-0.057086,0.989565,0.057899,-0.102517,-0.043525,0.992090,0.053223,0.001417,0.011942,0.998510,0.046164,-0.071662,-0.035871,0.995714,0.061249,-0.022272,0.162293,0.984588,0.297951,-0.448396,0.297070,0.788616,0.208446,-0.523138,0.272097,0.780282,0.016243,0.030574,-0.173370,0.984248,-0.406562,-0.433922,-0.383853,0.706452,-0.370489,-0.483791,-0.351890,0.710533
0.025744,0.054121,0.002367,0.998200,0.025044,0.082389,0.010802,0.996227,-0.140773,-0.094419,-0.028881,0.985106,-0.142943,0.025287,-0.022741,0.989146,0.033096,0.122181,-0.057833,0.990269,0.058777,-0.099003,-0.044131,0.992369,0.054203,0.001870,0.020084,0.998326,0.045161,-0.070229,-0.035757,0.995866,0.059927,-0.021234,0.159812,0.985098,0.295589,-0.446548,0.293671,0.791820,0.205231,-0.521578,0.266890,0.783968,0.015506,0.031930,-0.173496,0.984195,-0.407436,-0.432670,-0.385167,0.706002,-0.370188,-0.483362,-0.352209,0.710824
0.025391,0.054110,0.001332,0.998211,0.024533,0.082215,0.011370,0.996248,-0.140926,-0.095484,-0.028420,0.984995,-0.143052,0.025082,-0.022180,0.989149,0.032309,0.118637,-0.057513,0.990744,0.059553,-0.096646,-0.043730,0.992573,0.055120,0.002030,0.020970,0.998257,0.044283,-0.068872,-0.035731,0.996001,0.058798,-0.019285,0.157770,0.985535,0.296478,-0.443775,0.292191,0.793593,0.206532,-0.518467,0.265208,0.786258,0.014899,0.033089,-0.173946,0.984086,-0.406211,-0.431923,-0.385760,0.706841,-0.368503,-0.481962,-0.353555,0.711981
0.025396,0.054158,0.000219,0.998209,0.024361,0.082005,0.012083,0.996261,-0.141035,-0.096659,-0.027836,0.984881,-0.143099,0.024843,-0.021610,0.989161,0.031849,0.115008,-0.056958,0.991219,0.060010,-0.094069,-0.043275,0.992813,0.055725,0.002219,0.021326,0.998216,0.043544,-0.067538,-0.035736,0.996125,0.057816,-0.017481,0.156070,0.985898,0.297892,-0.440942,0.291099,0.795042,0.208821,-0.515271,0.264187,0.788095,0.014388,0.034385,-0.174349,0.983978,-0.404911,-0.431325,-0.386567,0.707511,-0.366678,-0.480967,-0.354145,0.713302
0.026121,0.054322,-0.001053,0.998181,0.024868,0.081728,0.013091,0.996258,-0.141055,-0.098046,-0.027005,0.984765,-0.143022,0.024539,-0.021023,0.989192,0.032034,0.111218,-0.055925,0.991704,0.059809,-0.091046,-0.042670,0.993133,0.055690,0.002472,0.020658,0.998231,0.043083,-0.066250,-0.035808,0.996229,0.057115,-0.015969,0.155052,0.986125,0.300353,-0.438007,0.290769,0.795859,0.213087,-0.511922,0.264479,0.789038,0.014067,0.035954,-0.174660,0.983872,-0.403458,-0.431029,-0.387805,0.707843,-0.364577,-0.480781,-0.353233,0.714955
0.026771,0.054531,-0.002224,0.998151,0.025319,0.081315,0.014075,0.996267,-0.141102,-0.099208,-0.026119,0.984665,-0.142961,0.024262,-0.020502,0.989219,0.032168,0.107063,-0.054846,0.992217,0.059628,-0.087642,-0.042049,0.993476,0.055685,0.002811,0.020494,0.998234,0.042597,-0.064954,-0.035899,0.996332,0.056396,-0.014330,0.154193,0.986326,0.303469,-0.435264,0.291040,0.796082,0.217452,-0.508913,0.265605,0.789415,0.013665,0.037805,-0.174812,0.983781,-0.402318,-0.430681,-0.389439,0.707808,-0.363282,-0.480881,-0.354085,0.715125
0.027383,0.054763,-0.003344,0.998118,0.025744,0.080834,0.015049,0.996281,-0.141162,-0.100256,-0.025207,0.984574,-0.142904,0.024000,-0.020015,0.989243,0.032291,0.102725,-0.053740,0.992732,0.059479,-0.084047,-0.041416,0.993822,0.055714,0.003194,0.020584,0.998229,0.042096,-0.063654,-0.035999,0.996434,0.055670,-0.012627,0.153413,0.986512,0.306908,-0.432616,0.291614,0.795998,0.221861,-0.506065,0.267148,0.789499,0.013221,0.039796,-0.174884,0.983696,-0.401329,-0.430305,-0.391269,0.707588,-0.362387,-0.481129,-0.355815,0.714553
0.027779,0.054785,-0.003927,0.998104,0.026027,0.080422,0.015820,0.996295,-0.141175,-0.100858,-0.024426,0.984531,-0.142817,0.023770,-0.019574,0.989270,0.032346,0.098940,-0.052812,0.993164,0.059255,-0.080744,-0.040937,0.994130,0.055618,0.003767,0.021483,0.998214,0.041932,-0.062702,-0.035948,0.996503,0.055336,-0.011456,0.152864,0.986630,0.309526,-0.431011,0.292241,0.795624,0.225504,-0.504375,0.268156,0.789206,0.012934,0.042152,-0.174692,0.983635,-0.400706,-0.429748,-0.393417,0.707089,-0.362273,-0.480300,-0.358487,0.713833
0.028122,0.054858,-0.004402,0.998088,0.026276,0.079975,0.016529,0.996313,-0.141223,-0.101380,-0.023688,0.984488,-0.142768,0.023576,-0.019239,0.989288,0.032393,0.095332,-0.051961,0.993561,0.059112,-0.077628,-0.040495,0.994404,0.055584,0.004390,0.022594,0.998189,0.041879,-0.061816,-0.035803,0.996566,0.055121,-0.010492,0.152346,0.986733,0.311773,-0.429811,0.292814,0.795186,0.228519,-0.503141,0.269140,0.788791,0.012760,0.044427,-0.174463,0.983578,-0.400126,-0.428883,-0.395181,0.706958,-0.362029,-0.479441,-0.360393,0.713574
0.028358,0.055033,-0.004661,0.998071,0.026455,0.079454,0.017116,0.996340,-0.141341,-0.101742,-0.023040,0.984449,-0.142795,0.023448,-0.019117,0.989290,0.032403,0.092077,-0.051270,0.993903,0.059103,-0.074892,-0.040141,0.994629,0.055645,0.005113,0.024123,0.998146,0.042051,-0.061060,-0.035471,0.996617,0.055143,-0.009942,0.151889,0.986808,0.313283,-0.429423,0.293276,0.794631,0.230282,-0.502831,0.270073,0.788157,0.012816,0.046541,-0.174160,0.983533,-0.399648,-0.427406,-0.396181,0.707564,-0.361542,-0.478521,-0.360771,0.714247
0.028778,0.055047,-0.004891,0.998057,0.026815,0.079040,0.017742,0.996353,-0.141454,-0.102114,-0.022401,0.984409,-0.142817,0.023402,-0.019017,0.989290,0.032644,0.089708,-0.050628,0.994145,0.059116,-0.072863,-0.039762,0.994794,0.055724,0.005600,0.025476,0.998105,0.042257,-0.060471,-0.034944,0.996663,0.055233,-0.009573,0.150893,0.986959,0.313741,-0.429793,0.293132,0.794304,0.231122,-0.503418,0.270327,0.787449,0.012940,0.048386,-0.174016,0.983468,-0.399373,-0.425831,-0.396938,0.708244,-0.360967,-0.476888,-0.360708,0.715661
0.029291,0.054979,-0.005104,0.998045,0.027265,0.078680,0.018390,0.996357,-0.141565,-0.102491,-0.021766,0.984368,-0.142837,0.023398,-0.018927,0.989289,0.033002,0.087784,-0.050011,0.994336,0.059143,-0.071187,-0.039370,0.994929,0.055812,0.005971,0.026743,0.998065,0.042481,-0.059966,-0.034319,0.996705,0.055359,-0.009294,0.149628,0.987148,0.313676,-0.430543,0.292683,0.794088,0.231503,-0.504457,0.270239,0.786703,0.013102,0.050098,-0.173951,0.983392,-0.399196,-0.424207,-0.397574,0.708961,-0.360346,-0.474897,-0.360420,0.717440
0.030778,0.054713,-0.005209,0.998014,0.028691,0.078121,0.019221,0.996346,-0.141605,-0.102615,-0.020909,0.984368,-0.142759,0.023363,-0.018585,0.989307,0.034391,0.087808,-0.049123,0.994331,0.058975,-0.070925,-0.038644,0.994987,0.055685,0.006178,0.027218,0.998058,0.042757,-0.059775,-0.033713,0.996726,0.055592,-0.009309,0.148000,0.987380,0.313250,-0.431663,0.291744,0.793994,0.230712,-0.505697,0.269288,0.786464,0.013277,0.051564,-0.174235,0.983263,-0.399240,-0.422674,-0.398290,0.709450,-0.360059,-0.472744,-0.361977,0.718222
0.032049,0.054645,-0.005276,0.997977,0.029913,0.077518,0.020009,0.996341,-0.141609,-0.102674,-0.020042,0.984380,-0.142646,0.023283,-0.018188,0.989333,0.035574,0.087894,-0.048246,0.994325,0.058758,-0.070910,-0.037905,0.995029,0.055509,0.006299,0.027380,0.998063,0.043069,-0.059575,-0.033137,0.996744,0.055844,-0.009536,0.146585,0.987574,0.312988,-0.432716,0.290835,0.793858,0.230130,-0.506787,0.268354,0.786253,0.013498,0.052954,-0.174478,0.983143,-0.399063,-0.421394,-0.398976,0.709925,-0.359659,-0.470880,-0.362951,0.719155
0.032889,0.054971,-0.005268,0.997932,0.030725,0.076825,0.020713,0.996356,-0.141543,-0.102610,-0.019158,0.984413,-0.142466,0.023104,-0.017680,0.989372,0.036345,0.088104,-0.047390,0.994319,0.058442,-0.071396,-0.037142,0.995041,0.055235,0.006239,0.026921,0.998091,0.043449,-0.059355,-0.032621,0.996757,0.056132,-0.010188,0.145596,0.987698,0.313045,-0.433632,0.289992,0.793644,0.229958,-0.507570,0.267452,0.786105,0.013808,0.054190,-0.174640,0.983043,-0.398451,-0.420620,-0.399606,0.710374,-0.359040,-0.469598,-0.362769,0.720394
0.033541,0.055238,-0.005311,0.997896,0.031327,0.076457,0.021516,0.996348,-0.141524,-0.102704,-0.018300,0.984423,-0.142331,0.022980,-0.017372,0.989400,0.036920,0.088324,-0.046506,0.994320,0.058093,-0.071824,-0.036344,0.995061,0.054933,0.006188,0.026372,0.998123,0.043960,-0.059216,-0.032084,0.996761,0.056567,-0.010834,0.145047,0.987747,0.313920,-0.434219,0.289712,0.793079,0.230947,-0.508200,0.267105,0.785526,0.014222,0.055370,-0.174620,0.982975,-0.397937,-0.419885,-0.400125,0.710804,-0.358491,-0.469140,-0.363054,0.720822
0.034099,0.055475,-0.005379,0.997863,0.031823,0.076252,0.022368,0.996330,-0.141528,-0.102877,-0.017457,0.984419,-0.142219,0.022885,-0.017166,0.989422,0.037396,0.088549,-0.045609,0.994324,0.057727,-0.072221,-0.035528,0.995083,0.054617,0.006143,0.025778,0.998156,0.044536,-0.059117,-0.031536,0.996758,0.057075,-0.011478,0.144720,0.987758,0.315203,-0.434640,0.289713,0.792339,0.232515,-0.508751,0.267034,0.784730,0.014689,0.056523,-0.174511,0.982922,-0.397471,-0.419170,-0.400591,0.711225,-0.357973,-0.469097,-0.363572,0.720846
0.034037,0.055327,-0.005407,0.997873,0.031700,0.076244,0.023132,0.996317,-0.141653,-0.103043,-0.016745,0.984396,-0.142241,0.022911,-0.017057,0.989420,0.037256,0.088170,-0.044924,0.994394,0.057699,-0.072206,-0.034843,0.995110,0.054623,0.006319,0.026162,0.998144,0.044902,-0.058864,-0.030793,0.996780,0.057386,-0.011569,0.144769,0.987732,0.317595,-0.434918,0.290863,0.790809,0.235049,-0.509219,0.268383,0.783210,0.015159,0.056899,-0.174078,0.982970,-0.396198,-0.418979,-0.399892,0.712440,-0.357193,-0.469030,-0.363737,0.721193
0.033895,0.055115,-0.005418,0.997890,0.031496,0.076281,0.023903,0.996302,-0.141777,-0.103186,-0.016031,0.984375,-0.142260,0.022932,-0.017012,0.989417,0.037038,0.087772,-0.044229,0.994469,0.057634,-0.072155,-0.034153,0.995141,0.054596,0.006482,0.026601,0.998133,0.045166,-0.058571,-0.030087,0.996807,0.057596,-0.011537,0.144848,0.987709,0.320099,-0.435178,0.292172,0.789172,0.237657,-0.509549,0.270111,0.781613,0.015551,0.057211,-0.173670,0.983018,-0.395169,-0.418770,-0.399254,0.713491,-0.356451,-0.468822,-0.363480,0.721825
0.033595,0.054774,-0.005396,0.997919,0.031131,0.076407,0.024688,0.996285,-0.141898,-0.103283,-0.015311,0.984359,-0.142274,0.022942,-0.017098,0.989414,0.036662,0.087335,-0.043516,0.994553,0.057497,-0.072032,-0.033455,0.995182,0.054502,0.006619,0.027150,0.998123,0.045227,-0.058202,-0.029454,0.996845,0.057604,-0.011258,0.144988,0.987691,0.322829,-0.435407,0.293804,0.787326,0.240416,-0.509605,0.272595,0.779868,0.015785,0.057395,-0.173312,0.983066,-0.394629,-0.418526,-0.398741,0.714220,-0.355788,-0.468328,-0.362379,0.723025
0.032939,0.054743,-0.005411,0.997942,0.030406,0.076635,0.025465,0.996270,-0.142039,-0.103476,-0.014621,0.984329,-0.142312,0.022943,-0.017123,0.989408,0.035934,0.086931,-0.042831,0.994644,0.057257,-0.072216,-0.032763,0.995205,0.054305,0.006642,0.027283,0.998129,0.045082,-0.057825,-0.028854,0.996891,0.057386,-0.011325,0.145233,0.987667,0.324428,-0.435609,0.294706,0.786218,0.242854,-0.509971,0.273877,0.778423,0.015830,0.057502,-0.172912,0.983130,-0.394385,-0.418483,-0.398470,0.714531,-0.355943,-0.468070,-0.362367,0.723122
0.032105,0.054868,-0.005445,0.997962,0.029501,0.076914,0.026239,0.996256,-0.142190,-0.103718,-0.013945,0.984292,-0.142364,0.022939,-0.017115,0.989401,0.035031,0.086544,-0.042161,0.994739,0.056966,-0.072556,-0.032074,0.995219,0.054057,0.006608,0.027207,0.998145,0.044834,-0.057446,-0.028269,0.996941,0.057054,-0.011565,0.145529,0.987640,0.325463,-0.435801,0.295242,0.785483,0.245128,-0.510495,0.274555,0.777127,0.015780,0.057571,-0.172489,0.983201,-0.394288,-0.418542,-0.398319,0.714634,-0.356508,-0.467930,-0.362901,0.722666
0.031540,0.055273,-0.005513,0.997958,0.028852,0.077260,0.027127,0.996224,-0.142360,-0.104229,-0.013244,0.984223,-0.142436,0.022827,-0.016868,0.989397,0.034394,0.086373,-0.041428,0.994807,0.056731,-0.073084,-0.031309,0.995219,0.053873,0.006510,0.026771,0.998168,0.044577,-0.057057,-0.027835,0.996987,0.056683,-0.012107,0.145748,0.987622,0.325812,-0.436164,0.295250,0.785134,0.245031,-0.510761,0.274117,0.777138,0.015671,0.057828,-0.172186,0.983241,-0.394795,-0.418377,-0.398624,0.714280,-0.356723,-0.468416,-0.362755,0.722318
0.031055,0.055599,-0.005587,0.997954,0.028285,0.077582,0.027962,0.996192,-0.142490,-0.104682,-0.012573,0.984165,-0.142470,0.022736,-0.016702,0.989397,0.033839,0.086197,-0.040723,0.994870,0.056535,-0.073519,-0.030575,0.995221,0.053728,0.006423,0.026432,0.998185,0.044328,-0.056693,-0.027373,0.997031,0.056325,-0.012664,0.145970,0.987603,0.326057,-0.436494,0.295187,0.784872,0.244947,-0.511048,0.273906,0.777050,0.015568,0.058079,-0.171857,0.983285,-0.395285,-0.418384,-0.399045,0.713770,-0.357000,-0.468965,-0.362633,0.721887
0.030731,0.055768,-0.005675,0.997955,0.027886,0.077857,0.028693,0.996161,-0.142536,-0.105016,-0.011964,0.984130,-0.142426,0.022692,-0.016701,0.989404,0.033445,0.086015,-0.040071,0.994926,0.056415,-0.073765,-0.029901,0.995230,0.053658,0.006359,0.026290,0.998193,0.044097,-0.056381,-0.026855,0.997073,0.055995,-0.013249,0.146200,0.987580,0.326096,-0.436760,0.294986,0.784783,0.244890,-0.511375,0.274154,0.776765,0.015474,0.058318,-0.171479,0.983338,-0.395740,-0.418731,-0.399697,0.712949,-0.357403,-0.469635,-0.362556,0.721290
0.030466,0.055956,-0.005759,0.997952,0.027547,0.078125,0.029413,0.996129,-0.142628,-0.105386,-0.011386,0.984084,-0.142436,0.022616,-0.016591,0.989407,0.033117,0.085901,-0.039473,0.994970,0.056315,-0.074067,-0.029275,0.995232,0.053607,0.006258,0.026039,0.998203,0.044025,-0.056081,-0.026238,0.997110,0.055827,-0.013787,0.146423,0.987549,0.326077,-0.437201,0.294919,0.784571,0.244686,-0.511542,0.274548,0.776580,0.015582,0.058321,-0.171038,0.983413,-0.395882,-0.419013,-0.399744,0.712678,-0.357976,-0.469935,-0.363029,0.720572
0.030231,0.056153,-0.005841,0.997947,0.027239,0.078391,0.030127,0.996095,-0.142745,-0.105775,-0.010825,0.984032,-0.142472,0.022525,-0.016426,0.989406,0.032823,0.085822,-0.038901,0.995010,0.056226,-0.074395,-0.028673,0.995230,0.053565,0.006139,0.025733,0.998214,0.044032,-0.055787,-0.025571,0.997143,0.055739,-0.014301,0.146642,0.987514,0.326027,-0.437729,0.294918,0.784298,0.244407,-0.511629,0.275016,0.776446,0.015791,0.058205,-0.170565,0.983499,-0.395870,-0.419262,-0.399489,0.712681,-0.358634,-0.470048,-0.363777,0.719793
0.029761,0.056375,-0.005821,0.997949,0.026727,0.078510,0.030664,0.996083,-0.142772,-0.105812,-0.010297,0.984030,-0.142421,0.022518,-0.016544,0.989412,0.032310,0.085637,-0.038373,0.995063,0.056079,-0.074623,-0.028123,0.995236,0.053460,0.006091,0.025682,0.998221,0.043798,-0.055496,-0.025051,0.997183,0.055436,-0.014516,0.146752,0.987512,0.325771,-0.438040,0.294851,0.784256,0.244242,-0.512185,0.274588,0.776282,0.015746,0.058106,-0.170223,0.983565,-0.396006,-0.419316,-0.399293,0.712684,-0.358571,-0.470361,-0.363100,0.719962
0.029163,0.056647,-0.005784,0.997951,0.026091,0.078609,0.031170,0.996076,-0.142830,-0.105842,-0.009790,0.984023,-0.142406,0.022500,-0.016578,0.989414,0.031673,0.085446,-0.037883,0.995118,0.055930,-0.074947,-0.027598,0.995235,0.053347,0.006024,0.025531,0.998231,0.043589,-0.055155,-0.024549,0.997224,0.055145,-0.014693,0.146866,0.987509,0.325557,-0.438380,0.294855,0.784154,0.244004,-0.512739,0.274263,0.776106,0.015730,0.058054,-0.169897,0.983625,-0.396262,-0.419272,-0.399144,0.712651,-0.358619,-0.470622,-0.362561,0.720039
0.028307,0.057019,-0.005715,0.997955,0.025208,0.078671,0.031615,0.996080,-0.142952,-0.105862,-0.009326,0.984008,-0.142464,0.022463,-0.016446,0.989408,0.030790,0.085241,-0.037469,0.995179,0.055772,-0.075462,-0.027122,0.995218,0.053221,0.005919,0.025179,0.998248,0.043427,-0.054713,-0.024084,0.997267,0.054880,-0.014794,0.146989,0.987504,0.325426,-0.438775,0.295003,0.783931,0.243619,-0.513287,0.274146,0.775906,0.015769,0.058094,-0.169606,0.983672,-0.396757,-0.419037,-0.399087,0.712546,-0.358891,-0.470777,-0.362300,0.719934
0.027363,0.057172,-0.005629,0.997973,0.024236,0.078789,0.032043,0.996081,-0.143043,-0.105815,-0.008871,0.984004,-0.142490,0.022428,-0.016463,0.989405,0.029817,0.084934,-0.037058,0.995251,0.055654,-0.075832,-0.026645,0.995210,0.053133,0.005886,0.025014,0.998257,0.043180,-0.054299,-0.023693,0.997309,0.054547,-0.014763,0.147059,0.987512,0.325284,-0.439123,0.295181,0.783728,0.243842,-0.513577,0.274394,0.775557,0.015717,0.058077,-0.169358,0.983716,-0.397248,-0.418921,-0.399102,0.712332,-0.359544,-0.470691,-0.362326,0.719651
0.026374,0.057215,-0.005534,0.997998,0.023218,0.078936,0.032462,0.996080,-0.143120,-0.105735,-0.008419,0.984005,-0.142502,0.022393,-0.016552,0.989403,0.028800,0.084575,-0.036649,0.995326,0.055556,-0.076129,-0.026169,0.995205,0.053064,0.005888,0.024942,0.998262,0.042890,-0.053899,-0.023339,0.997352,0.054181,-0.014665,0.147103,0.987527,0.325136,-0.439447,0.295374,0.783535,0.244369,-0.513738,0.274824,0.775132,0.015619,0.058030,-0.169133,0.983759,-0.397738,-0.418865,-0.399152,0.712063,-0.360388,-0.470485,-0.362496,0.719278
0.025599,0.057115,-0.005507,0.998024,0.022406,0.079090,0.032867,0.996074,-0.143217,-0.105693,-0.008013,0.983999,-0.142542,0.022414,-0.016512,0.989397,0.027989,0.084286,-0.036258,0.995388,0.055440,-0.076336,-0.025736,0.995207,0.052976,0.005904,0.024851,0.998269,0.042589,-0.053597,-0.022821,0.997393,0.053843,-0.014430,0.147197,0.987535,0.325189,-0.439618,0.295732,0.783282,0.244057,-0.513986,0.274996,0.775004,0.015557,0.057642,-0.168779,0.983844,-0.397963,-0.418755,-0.398484,0.712376,-0.360535,-0.470361,-0.361981,0.719545
0.024892,0.057039,-0.005478,0.998047,0.021666,0.079220,0.033254,0.996067,-0.143301,-0.105649,-0.007620,0.983994,-0.142569,0.022423,-0.016493,0.989393,0.027249,0.084010,-0.035885,0.995446,0.055348,-0.076522,-0.025322,0.995208,0.052910,0.005919,0.024796,0.998274,0.042301,-0.053320,-0.022298,0.997432,0.053520,-0.014253,0.147313,0.987538,0.325144,-0.439770,0.296007,0.783111,0.243669,-0.514158,0.275186,0.774945,0.015501,0.057255,-0.168422,0.983929,-0.398099,-0.418690,-0.397805,0.712718,-0.360741,-0.470325,-0.361442,0.719736
0.024324,0.057013,-0.005445,0.998062,0.021070,0.079302,0.033603,0.996061,-0.143356,-0.105601,-0.007253,0.983994,-0.142572,0.022410,-0.016520,0.989393,0.026651,0.083761,-0.035550,0.995495,0.055300,-0.076665,-0.024948,0.995209,0.052888,0.005936,0.024812,0.998275,0.042041,-0.053093,-0.021764,0.997467,0.053228,-0.014193,0.147474,0.987531,0.324901,-0.439886,0.296119,0.783105,0.243128,-0.514178,0.275414,0.775021,0.015456,0.056871,-0.168058,0.984014,-0.398055,-0.418715,-0.397105,0.713118,-0.361062,-0.470468,-0.360855,0.719776
0.024022,0.057013,-0.005450,0.998070,0.020731,0.079401,0.034004,0.996047,-0.143374,-0.105617,-0.006861,0.983993,-0.142535,0.022375,-0.016524,0.989399,0.026314,0.083615,-0.035163,0.995530,0.055216,-0.076756,-0.024548,0.995217,0.052831,0.005957,0.024809,0.998277,0.041738,-0.052908,-0.021219,0.997501,0.052914,-0.014024,0.147452,0.987553,0.324442,-0.440006,0.296083,0.783242,0.242529,-0.514186,0.275473,0.775182,0.015322,0.056737,-0.167773,0.984072,-0.398468,-0.418575,-0.396897,0.713085,-0.361349,-0.470341,-0.360549,0.719869
0.023853,0.057026,-0.005474,0.998073,0.020522,0.079509,0.034433,0.996028,-0.143374,-0.105666,-0.006456,0.983990,-0.142480,0.022328,-0.016517,0.989408,0.026106,0.083522,-0.034750,0.995558,0.055112,-0.076821,-0.024136,0.995228,0.052757,0.005981,0.024797,0.998282,0.041414,-0.052746,-0.020668,0.997535,0.052588,-0.013800,0.147338,0.987591,0.323875,-0.440127,0.295972,0.783450,0.241902,-0.514189,0.275447,0.775385,0.015144,0.056727,-0.167528,0.984117,-0.399109,-0.418352,-0.396937,0.712836,-0.361617,-0.470079,-0.360384,0.719988
0.024004,0.057069,-0.005553,0.998066,0.020629,0.079515,0.034873,0.996010,-0.143445,-0.105672,-0.006049,0.983982,-0.142488,0.022383,-0.016620,0.989404,0.026213,0.083557,-0.034331,0.995566,0.055019,-0.076809,-0.023738,0.995244,0.052694,0.006027,0.024725,0.998286,0.041212,-0.052755,-0.020168,0.997553,0.052401,-0.013847,0.147387,0.987593,0.323269,-0.440214,0.295742,0.783738,0.241288,-0.514028,0.275063,0.775820,0.015012,0.056763,-0.167229,0.984168,-0.399833,-0.418191,-0.397097,0.712435,-0.362046,-0.469750,-0.360854,0.719751
0.024048,0.057139,-0.005607,0.998061,0.020632,0.079578,0.035302,0.995990,-0.143519,-0.105723,-0.005670,0.983968,-0.142505,0.022404,-0.016664,0.989400,0.026219,0.083554,-0.033938,0.995580,0.054933,-0.076821,-0.023356,0.995256,0.052637,0.006057,0.024689,0.998290,0.041107,-0.052708,-0.019690,0.997569,0.052298,-0.013861,0.147502,0.987581,0.322863,-0.440249,0.295663,0.783915,0.240895,-0.513878,0.274854,0.776115,0.014971,0.056886,-0.166913,0.984215,-0.400394,-0.418032,-0.397255,0.712125,-0.362458,-0.469564,-0.361014,0.719585
0.023880,0.057261,-0.005611,0.998058,0.020424,0.079752,0.035705,0.995966,-0.143597,-0.105867,-0.005348,0.983943,-0.142539,0.022358,-0.016591,0.989398,0.026021,0.083471,-0.033593,0.995604,0.054862,-0.076877,-0.023007,0.995264,0.052593,0.006054,0.024724,0.998292,0.041196,-0.052550,-0.019255,0.997582,0.052360,-0.013811,0.147749,0.987541,0.322861,-0.440182,0.295885,0.783870,0.240946,-0.513755,0.274996,0.776130,0.015112,0.057181,-0.166561,0.984256,-0.400632,-0.417877,-0.397409,0.711997,-0.362837,-0.469668,-0.360553,0.719558
0.023739,0.057457,-0.005615,0.998050,0.020248,0.079870,0.036089,0.995946,-0.143632,-0.105993,-0.005014,0.983926,-0.142526,0.022319,-0.016530,0.989401,0.025851,0.083409,-0.033251,0.995625,0.054769,-0.076988,-0.022664,0.995269,0.052526,0.006055,0.024682,0.998296,0.041282,-0.052445,-0.018858,0.997592,0.052435,-0.013733,0.147928,0.987512,0.322969,-0.440175,0.296156,0.783727,0.241367,-0.513645,0.275449,0.775912,0.015270,0.057214,-0.166214,0.984310,-0.400573,-0.417710,-0.397044,0.712331,-0.363046,-0.469560,-0.359951,0.719824
0.023612,0.057690,-0.005618,0.998039,0.020088,0.079958,0.036462,0.995929,-0.143644,-0.106112,-0.004676,0.983913,-0.142491,0.022282,-0.016474,0.989408,0.025696,0.083359,-0.032911,0.995644,0.054666,-0.077125,-0.022324,0.995271,0.052446,0.006058,0.024601,0.998302,0.041367,-0.052367,-0.018480,0.997600,0.052515,-0.013641,0.148072,0.987487,0.323132,-0.440198,0.296451,0.783536,0.241972,-0.513541,0.276059,0.775575,0.015436,0.057115,-0.165869,0.984371,-0.400367,-0.417536,-0.396419,0.712897,-0.363171,-0.469347,-0.359278,0.720236
0.023337,0.057825,-0.005611,0.998038,0.019792,0.079977,0.036749,0.995922,-0.143698,-0.106089,-0.004380,0.983909,-0.142504,0.022274,-0.016479,0.989406,0.025398,0.083205,-0.032628,0.995674,0.054614,-0.077236,-0.022027,0.995272,0.052413,0.006100,0.024615,0.998303,0.041583,-0.052193,-0.018129,0.997606,0.052695,-0.013586,0.148344,0.987438,0.323287,-0.440135,0.296781,0.783382,0.242384,-0.513640,0.276264,0.775308,0.015713,0.057257,-0.165538,0.984415,-0.400187,-0.417112,-0.395894,0.713538,-0.363102,-0.468761,-0.359212,0.720685
0.023118,0.057941,-0.005609,0.998037,0.019549,0.080005,0.037043,0.995914,-0.143734,-0.106090,-0.004084,0.983905,-0.142498,0.022250,-0.016476,0.989408,0.025154,0.083087,-0.032340,0.995700,0.054549,-0.077342,-0.021729,0.995274,0.052369,0.006114,0.024605,0.998306,0.041774,-0.052036,-0.017813,0.997612,0.052858,-0.013481,0.148552,0.987399,0.323548,-0.440034,0.297123,0.783202,0.242596,-0.513736,0.276573,0.775067,0.015965,0.057341,-0.165218,0.984459,-0.400002,-0.416724,-0.395332,0.714180,-0.363000,-0.468264,-0.359112,0.721110
0.023008,0.058018,-0.005614,0.998035,0.019413,0.080049,0.037349,0.995902,-0.143733,-0.106138,-0.003786,0.983901,-0.142458,0.022194,-0.016461,0.989415,0.025019,0.083041,-0.032040,0.995717,0.054461,-0.077439,-0.021431,0.995278,0.052307,0.006075,0.024548,0.998311,0.041916,-0.051912,-0.017564,0.997617,0.052989,-0.013276,0.148637,0.987382,0.324020,-0.439857,0.297489,0.782967,0.242411,-0.513829,0.277089,0.774880,0.016169,0.057307,-0.164919,0.984508,-0.399805,-0.416410,-0.394697,0.714824,-0.362832,-0.467942,-0.358942,0.721487
0.022955,0.058086,-0.005619,0.998032,0.019335,0.080082,0.037640,0.995890,-0.143766,-0.106183,-0.003514,0.983892,-0.142452,0.022183,-0.016442,0.989416,0.024941,0.082996,-0.031763,0.995731,0.054404,-0.077488,-0.021155,0.995283,0.052271,0.006083,0.024537,0.998313,0.042098,-0.051867,-0.017303,0.997616,0.053174,-0.013129,0.148775,0.987353,0.324349,-0.439886,0.297914,0.782653,0.242443,-0.513823,0.277597,0.774692,0.016410,0.057134,-0.164603,0.984567,-0.399494,-0.416268,-0.393952,0.715491,-0.362590,-0.467643,-0.358280,0.722132
0.022929,0.058150,-0.005624,0.998029,0.019285,0.080109,0.037924,0.995878,-0.143815,-0.106226,-0.003255,0.983881,-0.142464,0.022195,-0.016423,0.989415,0.024892,0.082952,-0.031497,0.995745,0.054362,-0.077515,-0.020891,0.995289,0.052248,0.006115,0.024549,0.998314,0.042298,-0.051863,-0.017036,0.997613,0.053387,-0.013013,0.148940,0.987318,0.324607,-0.440017,0.298370,0.782299,0.242584,-0.513767,0.278101,0.774504,0.016668,0.056892,-0.164279,0.984631,-0.399126,-0.416213,-0.393152,0.716168,-0.362310,-0.467353,-0.357373,0.722909
0.023038,0.058229,-0.005595,0.998022,0.019378,0.080100,0.038175,0.995867,-0.143822,-0.106284,-0.003021,0.983875,-0.142445,0.022065,-0.016320,0.989422,0.024985,0.082968,-0.031257,0.995749,0.054320,-0.077582,-0.020659,0.995291,0.052227,0.006072,0.024555,0.998315,0.042371,-0.051816,-0.016793,0.997616,0.053469,-0.012831,0.149120,0.987289,0.324650,-0.440131,0.298776,0.782061,0.242791,-0.513648,0.278433,0.774399,0.016779,0.056877,-0.163987,0.984679,-0.399189,-0.415927,-0.392731,0.716530,-0.362417,-0.467046,-0.357031,0.723223
