pelvis_x,pelvis_y,pelvis_z,left_hip_roll_link_x,left_hip_roll_link_y,left_hip_roll_link_z,left_knee_link_x,left_knee_link_y,left_knee_link_z,left_ankle_roll_link_x,left_ankle_roll_link_y,left_ankle_roll_link_z,right_hip_roll_link_x,right_hip_roll_link_y,right_hip_roll_link_z,right_knee_link_x,right_knee_link_y,right_knee_link_z,right_ankle_roll_link_x,right_ankle_roll_link_y,right_ankle_roll_link_z,torso_link_x,torso_link_y,torso_link_z,left_shoulder_roll_link_x,left_shoulder_roll_link_y,left_shoulder_roll_link_z,left_elbow_link_x,left_elbow_link_y,left_elbow_link_z,left_wrist_yaw_link_x,left_wrist_yaw_link_y,left_wrist_yaw_link_z,right_shoulder_roll_link_x,right_shoulder_roll_link_y,right_shoulder_roll_link_z,right_elbow_link_x,right_elbow_link_y,right_elbow_link_z,right_wrist_yaw_link_x,right_wrist_yaw_link_y,right_wrist_yaw_link_z
-0.040955,-0.279910,0.018850,-0.007147,-0.326660,0.050695,-0.053417,-0.172546,0.024751,-0.000686,0.001753,-0.000931,-0.074255,-0.317055,-0.017025,-0.084724,-0.156198,-0.016115,0.000921,-0.002906,0.000636,-0.044760,-0.270360,0.020159,-0.029430,-0.335890,-0.014675,-0.051817,-0.300011,-0.026773,-0.059000,-0.266128,-0.018888,-0.113650,-0.325452,0.046928,-0.105863,-0.291193,0.058053,-0.088014,-0.237447,0.047360
-0.040858,-0.285079,0.017563,-0.012370,-0.332026,0.050726,-0.048180,-0.174210,0.022959,-0.000578,0.001151,-0.002558,-0.071932,-0.323521,-0.019293,-0.091082,-0.157480,-0.017907,0.000466,-0.002937,0.001270,-0.043629,-0.275205,0.018643,-0.026604,-0.338691,-0.014731,-0.047713,-0.304115,-0.026324,-0.058163,-0.269897,-0.016958,-0.112271,-0.328368,0.043912,-0.102446,-0.297110,0.053914,-0.084626,-0.250402,0.044012
-0.040939,-0.292610,0.015765,-0.020485,-0.339944,0.050963,-0.041033,-0.176552,0.020501,-0.000383,0.000485,-0.004807,-0.068157,-0.333081,-0.022682,-0.100094,-0.159314,-0.020517,-0.000026,-0.002957,0.002188,-0.042328,-0.282269,0.016537,-0.023541,-0.342534,-0.014711,-0.042584,-0.309957,-0.025560,-0.057669,-0.274453,-0.013963,-0.109682,-0.332538,0.039754,-0.098283,-0.304786,0.048510,-0.080481,-0.269550,0.039819
-0.041251,-0.302096,0.013700,-0.030733,-0.350277,0.051745,-0.032159,-0.179494,0.017930,-0.000160,-0.000130,-0.007197,-0.062678,-0.345524,-0.027154,-0.111093,-0.161678,-0.023791,-0.000448,-0.002946,0.003424,-0.041266,-0.291113,0.014151,-0.021392,-0.347092,-0.014526,-0.037638,-0.317005,-0.024480,-0.058070,-0.279107,-0.010139,-0.106012,-0.337720,0.034987,-0.094485,-0.313117,0.042737,-0.076493,-0.293807,0.035596
-0.041599,-0.312633,0.011767,-0.040997,-0.362406,0.053396,-0.021497,-0.182865,0.016058,0.000006,-0.000607,-0.009038,-0.055421,-0.360014,-0.032391,-0.122765,-0.164462,-0.027278,-0.000713,-0.002838,0.005105,-0.040800,-0.300815,0.011990,-0.021452,-0.351911,-0.014154,-0.034469,-0.324246,-0.023259,-0.059633,-0.283399,-0.006294,-0.101988,-0.343473,0.030437,-0.092275,-0.320820,0.037741,-0.073576,-0.320235,0.032244
-0.041468,-0.323251,0.010346,-0.048652,-0.375277,0.055872,-0.008698,-0.186397,0.015438,0.000093,-0.000889,-0.009888,-0.046460,-0.375240,-0.037693,-0.133452,-0.167443,-0.030154,-0.000800,-0.002482,0.007601,-0.040878,-0.310482,0.010519,-0.024726,-0.356617,-0.013680,-0.034412,-0.330563,-0.022235,-0.062050,-0.287365,-0.003638,-0.098448,-0.349386,0.026798,-0.092103,-0.327116,0.034316,-0.072015,-0.344810,0.030227
-0.040204,-0.333416,0.009713,-0.052047,-0.387554,0.058575,0.006389,-0.189702,0.015944,0.000183,-0.000928,-0.009863,-0.035906,-0.389703,-0.041869,-0.141361,-0.170325,-0.031163,-0.000785,-0.001675,0.011604,-0.040909,-0.319831,0.010025,-0.031756,-0.361031,-0.013155,-0.038103,-0.335170,-0.021655,-0.064529,-0.291327,-0.003223,-0.095614,-0.355259,0.024325,-0.093088,-0.332093,0.032534,-0.071244,-0.363824,0.029376
-0.037375,-0.343304,0.010141,-0.051487,-0.397968,0.060589,0.023245,-0.192346,0.016849,0.000394,-0.000737,-0.009524,-0.023837,-0.402124,-0.043312,-0.144503,-0.172937,-0.028729,-0.000841,-0.000265,0.017985,-0.040067,-0.329426,0.010708,-0.042722,-0.365154,-0.012298,-0.045522,-0.337843,-0.021305,-0.066264,-0.295418,-0.005267,-0.092860,-0.361125,0.022876,-0.093290,-0.336580,0.031881,-0.070222,-0.375260,0.029156
-0.033085,-0.353594,0.012027,-0.048907,-0.405652,0.061170,0.040685,-0.193969,0.017323,0.000750,-0.000457,-0.009442,-0.010300,-0.411736,-0.040353,-0.140476,-0.175484,-0.021351,-0.001154,0.001673,0.027359,-0.037868,-0.340327,0.012867,-0.057564,-0.369048,-0.010346,-0.056353,-0.338804,-0.020356,-0.066902,-0.299248,-0.008885,-0.089167,-0.367108,0.022255,-0.090655,-0.341636,0.031751,-0.068105,-0.379369,0.029186
-0.027994,-0.364820,0.015785,-0.046510,-0.410193,0.060038,0.057247,-0.194347,0.016908,0.001141,-0.000320,-0.009826,0.004639,-0.418238,-0.031897,-0.126470,-0.178595,-0.008263,-0.001791,0.003612,0.039486,-0.034582,-0.353269,0.016859,-0.075913,-0.372653,-0.006372,-0.070222,-0.338376,-0.017725,-0.066660,-0.301887,-0.012523,-0.083818,-0.373193,0.022497,-0.084026,-0.347936,0.031897,-0.064712,-0.378092,0.029558
-0.023012,-0.376700,0.021484,-0.045493,-0.411443,0.057333,0.071486,-0.193372,0.015661,0.001422,-0.000485,-0.010446,0.020868,-0.421546,-0.018097,-0.100030,-0.183130,0.009905,-0.002543,0.004302,0.052900,-0.031155,-0.367891,0.022773,-0.096890,-0.375628,0.000046,-0.086591,-0.336690,-0.012798,-0.066023,-0.302112,-0.014831,-0.076775,-0.379033,0.023816,-0.073624,-0.355351,0.032468,-0.060501,-0.373832,0.030706
-0.018899,-0.387954,0.028530,-0.045707,-0.409357,0.053372,0.082030,-0.191033,0.013978,0.001517,-0.000912,-0.010812,0.038061,-0.421624,-0.000630,-0.060592,-0.189889,0.030915,-0.002778,0.001436,0.065162,-0.028689,-0.382559,0.030076,-0.118946,-0.377314,0.008331,-0.104449,-0.333652,-0.005936,-0.065333,-0.298754,-0.015285,-0.068542,-0.383908,0.026276,-0.060753,-0.362960,0.033655,-0.056148,-0.368451,0.032927
-0.016042,-0.396747,0.035693,-0.046231,-0.403996,0.048435,0.087580,-0.187444,0.012265,0.001422,-0.001398,-0.010476,0.055267,-0.418471,0.017746,-0.011052,-0.199488,0.051454,-0.001175,-0.008811,0.073828,-0.027852,-0.394941,0.037574,-0.139867,-0.376921,0.017010,-0.122139,-0.329187,0.001634,-0.064576,-0.291015,-0.014152,-0.059711,-0.386908,0.029500,-0.046978,-0.369485,0.035280,-0.052022,-0.363012,0.035989
-0.014477,-0.401455,0.041512,-0.046193,-0.395572,0.042637,0.087018,-0.182883,0.010672,0.001147,-0.001750,-0.009295,0.070515,-0.412110,0.034186,0.041815,-0.212406,0.068201,0.004836,-0.032260,0.077620,-0.028565,-0.402949,0.043762,-0.156942,-0.373928,0.024351,-0.137503,-0.323574,0.008423,-0.063432,-0.278822,-0.011984,-0.050561,-0.387311,0.032695,-0.033358,-0.373910,0.036719,-0.047883,-0.358120,0.039114
-0.013983,-0.401255,0.044814,-0.045160,-0.384453,0.035932,0.079670,-0.177771,0.009026,0.000740,-0.001892,-0.007497,0.081064,-0.402547,0.046730,0.088907,-0.229002,0.078844,0.019742,-0.076498,0.077129,-0.030040,-0.405498,0.047359,-0.167296,-0.368492,0.029057,-0.148283,-0.317616,0.013311,-0.061403,-0.263207,-0.009197,-0.040942,-0.384966,0.035005,-0.020179,-0.375919,0.037205,-0.042879,-0.354370,0.041344
-0.014077,-0.396284,0.045048,-0.042996,-0.371223,0.028289,0.065821,-0.172568,0.007023,0.000369,-0.001816,-0.005500,0.084492,-0.389915,0.054614,0.121970,-0.249213,0.082481,0.049907,-0.148950,0.074660,-0.031042,-0.402671,0.047692,-0.168440,-0.361499,0.030607,-0.152604,-0.312411,0.015803,-0.057908,-0.246506,-0.006081,-0.030484,-0.380376,0.035852,-0.007176,-0.375903,0.036215,-0.035826,-0.352428,0.041922
-0.013997,-0.387418,0.042269,-0.039610,-0.356856,0.019987,0.047435,-0.167662,0.004546,0.000276,-0.001486,-0.003672,0.080119,-0.374889,0.057806,0.137014,-0.272104,0.079331,0.101990,-0.253481,0.073461,-0.030268,-0.395372,0.044743,-0.159017,-0.354127,0.029162,-0.149360,-0.308791,0.015916,-0.052458,-0.231993,-0.003064,-0.018906,-0.374347,0.035003,0.006046,-0.374526,0.033565,-0.025641,-0.352719,0.040417
-0.012910,-0.375967,0.036917,-0.035083,-0.342777,0.011738,0.028423,-0.163284,0.001799,0.000575,-0.000850,-0.002236,0.069757,-0.359020,0.056410,0.136144,-0.295873,0.070242,0.179912,-0.387669,0.076914,-0.026827,-0.384867,0.038970,-0.139473,-0.347198,0.025319,-0.138425,-0.306847,0.013982,-0.044972,-0.222908,-0.000727,-0.006203,-0.367494,0.032413,0.019649,-0.372264,0.029254,-0.011809,-0.355108,0.036622
-0.010334,-0.363422,0.029679,-0.030116,-0.330465,0.004440,0.013634,-0.159427,-0.000864,0.001121,0.000059,-0.001364,0.057130,-0.344433,0.050677,0.126358,-0.318678,0.056511,0.281703,-0.542874,0.088184,-0.020649,-0.372563,0.031142,-0.112265,-0.340860,0.019985,-0.120696,-0.305948,0.010626,-0.036085,-0.221291,0.000555,0.007397,-0.360047,0.028147,0.033391,-0.369251,0.023383,0.005306,-0.358913,0.030547
-0.006473,-0.351188,0.021434,-0.026167,-0.320747,-0.001289,0.006718,-0.155825,-0.003230,0.001616,0.001099,-0.001233,0.046178,-0.332875,0.041466,0.115353,-0.339733,0.039918,0.397869,-0.706623,0.110081,-0.012601,-0.359887,0.022249,-0.081344,-0.334733,0.014279,-0.097999,-0.305124,0.006745,-0.027073,-0.227146,0.000977,0.021561,-0.352028,0.022480,0.046707,-0.365431,0.016263,0.024503,-0.363155,0.022575
-0.002138,-0.340167,0.013107,-0.024848,-0.313376,-0.005378,0.008302,-0.152075,-0.005303,0.001842,0.002072,-0.001910,0.039275,-0.324842,0.030318,0.106868,-0.359962,0.022379,0.512495,-0.865148,0.144411,-0.004153,-0.347941,0.013314,-0.051009,-0.328249,0.009220,-0.072823,-0.303414,0.003214,-0.019351,-0.238238,0.001142,0.035886,-0.343449,0.015972,0.058964,-0.360658,0.008517,0.044110,-0.366720,0.013534
0.001704,-0.330393,0.005394,-0.026915,-0.307238,-0.008187,0.015821,-0.147869,-0.007143,0.001777,0.002788,-0.003166,0.036487,-0.319412,0.018847,0.099248,-0.382134,0.005187,0.607437,-1.005403,0.190567,0.003240,-0.337043,0.005092,-0.024631,-0.320899,0.005291,-0.047844,-0.300025,0.000432,-0.013823,-0.250808,0.001486,0.049867,-0.334338,0.009343,0.069709,-0.354646,0.000972,0.062447,-0.368397,0.004536
0.004446,-0.321077,-0.001411,-0.031661,-0.300973,-0.010211,0.025001,-0.143150,-0.008701,0.001528,0.003097,-0.004482,0.036206,-0.314824,0.008105,0.088307,-0.410561,-0.011439,0.668134,-1.117368,0.244219,0.008712,-0.326638,-0.002098,-0.003866,-0.312389,0.002247,-0.025366,-0.294471,-0.001861,-0.010502,-0.261094,0.001840,0.062907,-0.324711,0.003262,0.078775,-0.347003,-0.005583,0.078162,-0.366999,-0.003337
0.006087,-0.311145,-0.007328,-0.037174,-0.293539,-0.011869,0.031872,-0.138080,-0.009849,0.001232,0.002969,-0.005305,0.036546,-0.309310,-0.001482,0.071555,-0.449806,-0.027856,0.687842,-1.196252,0.297444,0.012196,-0.315775,-0.008279,0.011224,-0.302724,-0.000605,-0.006957,-0.286744,-0.004303,-0.008595,-0.266814,0.001480,0.074435,-0.314627,-0.001801,0.086268,-0.337485,-0.010604,0.090389,-0.361658,-0.009306
0.007118,-0.299907,-0.012445,-0.041263,-0.284494,-0.013447,0.034290,-0.132870,-0.010532,0.000989,0.002558,-0.005344,0.036499,-0.301774,-0.009751,0.050169,-0.502358,-0.043875,0.668007,-1.242890,0.340699,0.014226,-0.303818,-0.013552,0.021398,-0.292197,-0.003904,0.006567,-0.277355,-0.007410,-0.006945,-0.267679,-0.000410,0.084078,-0.304292,-0.005601,0.092503,-0.326311,-0.013887,0.098771,-0.352160,-0.013011
0.008185,-0.287428,-0.016754,-0.042431,-0.274002,-0.015088,0.032461,-0.127654,-0.010845,0.000856,0.002141,-0.004700,0.036215,-0.292073,-0.016497,0.028005,-0.566836,-0.058015,0.615514,-1.261910,0.365514,0.015555,-0.290864,-0.017924,0.027541,-0.281281,-0.007859,0.015019,-0.267150,-0.011243,-0.004535,-0.264816,-0.004245,0.091824,-0.294088,-0.008085,0.097899,-0.314256,-0.015546,0.103428,-0.339113,-0.014508
0.009768,-0.274426,-0.020190,-0.040418,-0.262688,-0.016792,0.028334,-0.122518,-0.010972,0.000836,0.001927,-0.003740,0.036469,-0.280917,-0.021552,0.009242,-0.638518,-0.067823,0.538968,-1.258896,0.366115,0.016827,-0.277637,-0.021349,0.030449,-0.270472,-0.012234,0.018743,-0.257009,-0.015440,-0.000835,-0.259728,-0.009816,0.098068,-0.284468,-0.009391,0.102839,-0.302389,-0.015946,0.104857,-0.323826,-0.014185
0.011992,-0.261863,-0.022823,-0.036130,-0.251453,-0.018453,0.024289,-0.117604,-0.011067,0.000884,0.001898,-0.002839,0.037963,-0.269562,-0.025127,-0.003525,-0.711797,-0.071060,0.445499,-1.238140,0.339224,0.018388,-0.265045,-0.023924,0.030888,-0.260114,-0.016622,0.018540,-0.247588,-0.019509,0.004105,-0.253477,-0.016438,0.103372,-0.275732,-0.009930,0.107540,-0.291558,-0.015680,0.103767,-0.307881,-0.012705
0.014653,-0.250600,-0.025010,-0.031094,-0.241315,-0.019951,0.021985,-0.113186,-0.011194,0.000932,0.001830,-0.002209,0.041079,-0.259515,-0.028020,-0.009642,-0.782145,-0.066785,0.338898,-1.202029,0.283055,0.020225,-0.253790,-0.026025,0.029566,-0.250301,-0.020766,0.015501,-0.239207,-0.023150,0.009756,-0.246451,-0.023291,0.108066,-0.267870,-0.010425,0.111978,-0.281998,-0.015541,0.100899,-0.292633,-0.010962
0.017430,-0.241260,-0.027310,-0.026713,-0.233271,-0.021222,0.021968,-0.109634,-0.011336,0.000920,0.001465,-0.001852,0.046116,-0.252264,-0.031403,-0.009153,-0.845677,-0.055682,0.219575,-1.152293,0.197351,0.022074,-0.244263,-0.028209,0.027047,-0.240938,-0.024633,0.010816,-0.231908,-0.026322,0.015289,-0.238669,-0.029670,0.112048,-0.260616,-0.011769,0.115845,-0.273334,-0.016371,0.096892,-0.278888,-0.009930
0.020140,-0.234264,-0.030193,-0.023710,-0.228100,-0.022252,0.023816,-0.107291,-0.011395,0.000830,0.000704,-0.001582,0.053519,-0.248989,-0.036240,-0.001191,-0.896997,-0.039765,0.086254,-1.091915,0.085081,0.023667,-0.236659,-0.030925,0.023771,-0.231922,-0.028239,0.005637,-0.225593,-0.029081,0.019803,-0.230275,-0.035020,0.114974,-0.253659,-0.014673,0.118610,-0.264971,-0.018768,0.092209,-0.266839,-0.010401
0.022855,-0.229859,-0.033790,-0.022001,-0.226156,-0.023053,0.026371,-0.106350,-0.011231,0.000691,-0.000322,-0.001080,0.063674,-0.250235,-0.042784,0.016259,-0.927894,-0.022021,-0.061552,-1.025320,-0.045717,0.024958,-0.231117,-0.034283,0.020172,-0.223290,-0.031475,0.001016,-0.220162,-0.031386,0.022615,-0.221840,-0.038903,0.116603,-0.246856,-0.019381,0.119703,-0.256563,-0.022890,0.087156,-0.256235,-0.012782
0.025836,-0.228119,-0.037899,-0.020996,-0.227244,-0.023725,0.028011,-0.106791,-0.010788,0.000551,-0.001334,-0.000069,0.076399,-0.255686,-0.050499,0.044674,-0.928831,-0.006168,-0.221448,-0.955643,-0.182063,0.026202,-0.227779,-0.038080,0.016751,-0.215249,-0.034107,-0.002128,-0.215640,-0.033084,0.023543,-0.214287,-0.041049,0.116949,-0.240269,-0.025704,0.118811,-0.248258,-0.028566,0.082055,-0.246636,-0.017172
0.029395,-0.228920,-0.042163,-0.019963,-0.230657,-0.024517,0.027250,-0.108376,-0.010220,0.000450,-0.002046,0.001475,0.090556,-0.264157,-0.058354,0.082402,-0.892751,0.003885,-0.386942,-0.881219,-0.308462,0.027912,-0.226745,-0.041998,0.014064,-0.208062,-0.035922,-0.003064,-0.212190,-0.033999,0.023052,-0.208525,-0.041414,0.116267,-0.234055,-0.033268,0.116170,-0.240613,-0.035560,0.077498,-0.237676,-0.023573
0.033837,-0.231950,-0.046173,-0.018182,-0.235348,-0.025779,0.023623,-0.110695,-0.009878,0.000413,-0.002295,0.003241,0.104135,-0.273766,-0.065129,0.122977,-0.818886,0.005264,-0.546676,-0.795374,-0.409886,0.030771,-0.228043,-0.045698,0.012736,-0.201920,-0.036724,-0.001294,-0.209992,-0.033934,0.022125,-0.205059,-0.040078,0.115084,-0.228352,-0.041652,0.112653,-0.234289,-0.043644,0.074412,-0.229270,-0.031891
0.039477,-0.236817,-0.049391,-0.014872,-0.240140,-0.027813,0.018219,-0.113240,-0.010159,0.000444,-0.002101,0.004675,0.114841,-0.282258,-0.069459,0.155808,-0.714354,-0.002343,-0.683636,-0.691251,-0.473892,0.035526,-0.231671,-0.048717,0.013556,-0.196958,-0.036147,0.003433,-0.209082,-0.032514,0.021944,-0.203780,-0.036949,0.114302,-0.223300,-0.050304,0.109569,-0.229756,-0.052391,0.073794,-0.221750,-0.041641
0.046609,-0.243208,-0.051104,-0.009237,-0.243949,-0.030779,0.013200,-0.115520,-0.011363,0.000508,-0.001627,0.005180,0.121031,-0.287538,-0.069868,0.169896,-0.592698,-0.016007,-0.775343,-0.568521,-0.492356,0.042788,-0.237692,-0.050394,0.017507,-0.193350,-0.033492,0.011184,-0.209273,-0.029076,0.023599,-0.204015,-0.031572,0.115132,-0.219111,-0.058477,0.108317,-0.227135,-0.061025,0.076392,-0.215797,-0.051789
0.055375,-0.250958,-0.050650,-0.000782,-0.246048,-0.034659,0.010484,-0.117186,-0.013597,0.000541,-0.001090,0.004382,0.122574,-0.288397,-0.065177,0.159511,-0.470093,-0.030601,-0.798073,-0.436489,-0.464016,0.052756,-0.246171,-0.050076,0.025578,-0.191306,-0.027938,0.021929,-0.210182,-0.022888,0.027936,-0.204793,-0.023326,0.118727,-0.216029,-0.065431,0.110064,-0.226142,-0.068622,0.082625,-0.212051,-0.061074
0.065543,-0.259839,-0.047810,0.010367,-0.246266,-0.039238,0.010672,-0.118139,-0.016702,0.000495,-0.000661,0.002333,0.121058,-0.285019,-0.055205,0.129010,-0.360973,-0.041079,-0.737355,-0.310800,-0.396986,0.064934,-0.256831,-0.047502,0.038250,-0.190909,-0.019100,0.035503,-0.211351,-0.013665,0.035452,-0.205218,-0.012008,0.125606,-0.214149,-0.070733,0.115413,-0.226141,-0.074495,0.092578,-0.210595,-0.068560
0.076394,-0.269115,-0.042956,0.023578,-0.244825,-0.044090,0.012903,-0.118486,-0.020244,0.000391,-0.000455,-0.000462,0.119002,-0.278617,-0.041027,0.093234,-0.274720,-0.044336,-0.600943,-0.206079,-0.308326,0.078075,-0.268595,-0.042974,0.054933,-0.191979,-0.007569,0.051383,-0.212454,-0.002044,0.046095,-0.204878,0.001638,0.135063,-0.213288,-0.074215,0.123993,-0.226321,-0.078278,0.105721,-0.210747,-0.073814
0.086936,-0.277226,-0.036796,0.038272,-0.241821,-0.048627,0.015135,-0.118387,-0.023578,0.000289,-0.000636,-0.003197,0.118448,-0.270234,-0.024440,0.071085,-0.214235,-0.039662,-0.423112,-0.129720,-0.218793,0.090569,-0.279432,-0.037118,0.073846,-0.194126,0.005047,0.068565,-0.213502,0.010427,0.059079,-0.204070,0.015928,0.144996,-0.213007,-0.075606,0.134233,-0.226023,-0.079647,0.120592,-0.211416,-0.076598
0.096396,-0.282063,-0.029969,0.054287,-0.236924,-0.052162,0.014004,-0.118044,-0.025906,0.000172,-0.001647,-0.004866,0.119757,-0.259831,-0.007214,0.073964,-0.176464,-0.028280,-0.251383,-0.080572,-0.144757,0.101201,-0.286835,-0.030520,0.092681,-0.196877,0.016667,0.085816,-0.214856,0.021822,0.073064,-0.203572,0.028868,0.152623,-0.212734,-0.074338,0.143782,-0.224971,-0.078157,0.135050,-0.211684,-0.076606
0.104614,-0.281888,-0.022873,0.071530,-0.229794,-0.053912,0.004594,-0.117958,-0.026186,-0.000171,-0.004425,-0.004143,0.121451,-0.246704,0.009165,0.097038,-0.154549,-0.012834,-0.122352,-0.052102,-0.092421,0.109718,-0.288806,-0.023569,0.109660,-0.199761,0.025587,0.102149,-0.216952,0.030633,0.086737,-0.204016,0.039002,0.155887,-0.211909,-0.069866,0.150541,-0.223269,-0.073495,0.147168,-0.211118,-0.073634
0.111897,-0.276313,-0.015685,0.089280,-0.220832,-0.053000,-0.018165,-0.119080,-0.023110,-0.001111,-0.010252,0.000608,0.121279,-0.230839,0.023454,0.122343,-0.140911,0.003272,-0.046232,-0.036654,-0.058440,0.116686,-0.284782,-0.016469,0.124051,-0.202344,0.031175,0.116996,-0.219969,0.036386,0.099345,-0.205476,0.045933,0.154433,-0.210157,-0.062159,0.153539,-0.221246,-0.065842,0.156029,-0.209733,-0.067903
0.118451,-0.266553,-0.008421,0.105976,-0.211428,-0.048656,-0.055575,-0.122392,-0.015457,-0.002949,-0.020031,0.010764,0.117782,-0.213781,0.034754,0.132589,-0.130052,0.017008,-0.011277,-0.028048,-0.035757,0.122696,-0.275825,-0.009266,0.135784,-0.204286,0.034024,0.129927,-0.223758,0.039755,0.110735,-0.207740,0.050245,0.149337,-0.207414,-0.051825,0.152963,-0.219365,-0.055942,0.161758,-0.207886,-0.060134
0.123949,-0.254732,-0.001020,0.119834,-0.203448,-0.040561,-0.101505,-0.128157,-0.002749,-0.005672,-0.033325,0.026518,0.111051,-0.198155,0.042715,0.122964,-0.119772,0.026722,0.000768,-0.022230,-0.019250,0.127713,-0.263965,-0.001911,0.144835,-0.205381,0.035467,0.140436,-0.228009,0.042086,0.121026,-0.211003,0.052923,0.142056,-0.203876,-0.039859,0.149530,-0.218159,-0.044862,0.164893,-0.206213,-0.051303
0.127655,-0.242780,0.006486,0.129728,-0.198397,-0.029075,-0.143765,-0.135559,0.014329,-0.008932,-0.047904,0.046536,0.102044,-0.186255,0.047447,0.100791,-0.110380,0.032235,0.003408,-0.017060,-0.007231,0.131156,-0.251127,0.005569,0.151108,-0.205545,0.036751,0.148203,-0.232390,0.044585,0.130374,-0.216197,0.054650,0.133601,-0.199795,-0.027311,0.143911,-0.218047,-0.033675,0.165816,-0.205494,-0.042335
0.128933,-0.231688,0.013829,0.135697,-0.196821,-0.015225,-0.170961,-0.143111,0.034073,-0.012370,-0.060170,0.068597,0.091279,-0.178794,0.049280,0.076306,-0.102890,0.034230,0.003258,-0.011930,0.000386,0.132495,-0.238429,0.012899,0.154756,-0.204828,0.038391,0.153533,-0.236567,0.047659,0.138937,-0.224586,0.055432,0.124368,-0.195329,-0.015086,0.136572,-0.219088,-0.023241,0.164562,-0.206481,-0.033867
0.127634,-0.221566,0.020502,0.138871,-0.198223,-0.000587,-0.178837,-0.149466,0.054241,-0.016169,-0.066234,0.090528,0.078272,-0.174697,0.048723,0.054996,-0.097672,0.033708,0.002586,-0.007189,0.004152,0.131679,-0.226247,0.019549,0.156331,-0.203485,0.040096,0.157399,-0.240229,0.050833,0.146785,-0.236981,0.054789,0.114358,-0.190610,-0.003917,0.127810,-0.220959,-0.014134,0.160855,-0.209875,-0.026184
0.124086,-0.212279,0.025935,0.140871,-0.201482,0.012982,-0.170914,-0.154237,0.072563,-0.021683,-0.063637,0.110586,0.062225,-0.172030,0.046527,0.036745,-0.094231,0.031755,0.001876,-0.003418,0.005547,0.129042,-0.214793,0.024921,0.156502,-0.201957,0.041220,0.160884,-0.243159,0.053246,0.153624,-0.253061,0.052379,0.103470,-0.185895,0.005578,0.117748,-0.223140,-0.006717,0.154127,-0.216338,-0.019315
0.118773,-0.203930,0.029742,0.142773,-0.205403,0.023907,-0.154924,-0.158793,0.087208,-0.031895,-0.053792,0.127250,0.043179,-0.169338,0.043564,0.019192,-0.091760,0.029319,0.001119,-0.000883,0.006199,0.124933,-0.204483,0.028624,0.155670,-0.200625,0.041357,0.164424,-0.245155,0.054311,0.158606,-0.271072,0.048541,0.091695,-0.181496,0.012903,0.106324,-0.224976,-0.001174,0.143654,-0.226137,-0.013148
0.112051,-0.196746,0.031913,0.144230,-0.208899,0.031509,-0.139053,-0.166658,0.097005,-0.051290,-0.043807,0.138762,0.022674,-0.166300,0.040544,0.000974,-0.089666,0.026973,0.000268,0.000564,0.007067,0.119465,-0.195700,0.030666,0.153815,-0.199451,0.040651,0.167405,-0.245749,0.054064,0.160541,-0.288092,0.044262,0.079133,-0.177464,0.017827,0.093361,-0.225504,0.002575,0.128925,-0.238445,-0.007487
0.104097,-0.190638,0.032805,0.143683,-0.210873,0.036081,-0.128844,-0.182548,0.101145,-0.084684,-0.044966,0.142708,0.003429,-0.163323,0.037854,-0.016811,-0.087715,0.024926,-0.000636,0.001280,0.008250,0.112559,-0.188349,0.031437,0.150650,-0.197858,0.039644,0.168423,-0.244093,0.053007,0.158430,-0.300981,0.040603,0.065862,-0.173380,0.020508,0.078683,-0.223456,0.004925,0.110084,-0.251040,-0.002118
0.095044,-0.185082,0.032917,0.139740,-0.210354,0.038351,-0.124429,-0.209745,0.098786,-0.135107,-0.067177,0.136278,-0.011876,-0.160742,0.035641,-0.030981,-0.085939,0.023255,-0.001451,0.001585,0.009355,0.104159,-0.181828,0.031470,0.145884,-0.195100,0.038855,0.166056,-0.239361,0.051674,0.151983,-0.307701,0.038069,0.051862,-0.168601,0.021436,0.062217,-0.217770,0.006448,0.088059,-0.260962,0.003055
0.085141,-0.179484,0.032640,0.132551,-0.207035,0.038913,-0.120221,-0.247405,0.089378,-0.201651,-0.113327,0.117693,-0.022103,-0.158434,0.033924,-0.038347,-0.084490,0.022060,-0.002050,0.001661,0.009974,0.094443,-0.175479,0.031173,0.139460,-0.190879,0.038427,0.159702,-0.231469,0.050272,0.141831,-0.308179,0.036428,0.037130,-0.162843,0.021248,0.044080,-0.208334,0.007676,0.064276,-0.265793,0.007940
0.074785,-0.173574,0.032144,0.123877,-0.201597,0.038134,-0.108879,-0.290214,0.073659,-0.278582,-0.178819,0.088021,-0.028402,-0.155991,0.032620,-0.038366,-0.083454,0.021380,-0.002435,0.001591,0.010015,0.083904,-0.168998,0.030706,0.131699,-0.185674,0.038062,0.149976,-0.221421,0.048629,0.129369,-0.304055,0.035015,0.021911,-0.156538,0.020574,0.024649,-0.196267,0.008996,0.040157,-0.264615,0.012375
0.064461,-0.167445,0.031429,0.115938,-0.195377,0.036396,-0.086759,-0.331101,0.054191,-0.356394,-0.256625,0.051603,-0.033526,-0.153107,0.031490,-0.034011,-0.082734,0.021026,-0.002737,0.001437,0.009698,0.073254,-0.162446,0.030034,0.123320,-0.180515,0.037227,0.138429,-0.210908,0.046362,0.116307,-0.297496,0.033192,0.006788,-0.150640,0.019965,0.004543,-0.183444,0.010666,0.016739,-0.258043,0.016304
0.054647,-0.161381,0.030421,0.110137,-0.189737,0.034274,-0.056051,-0.365062,0.034597,-0.424288,-0.342725,0.014397,-0.040168,-0.149890,0.030138,-0.029880,-0.082156,0.020539,-0.003088,0.001277,0.009246,0.063226,-0.156032,0.029044,0.115308,-0.176430,0.035468,0.126827,-0.201510,0.043149,0.104094,-0.290001,0.030674,-0.007468,-0.146090,0.019792,-0.015475,-0.171644,0.012818,-0.005435,-0.247584,0.019811
0.045731,-0.155733,0.029075,0.106559,-0.185592,0.032436,-0.022642,-0.391315,0.018100,-0.472794,-0.436961,-0.018331,-0.049541,-0.146915,0.028145,-0.029475,-0.081661,0.019371,-0.003497,0.001186,0.008647,0.054370,-0.149999,0.027667,0.108611,-0.174015,0.032653,0.116460,-0.194183,0.038965,0.093463,-0.281988,0.027658,-0.020151,-0.143402,0.020172,-0.034602,-0.161993,0.015414,-0.026127,-0.234949,0.023005
0.037936,-0.150848,0.027428,0.104216,-0.183173,0.031351,0.007280,-0.412586,0.006455,-0.495628,-0.539383,-0.043302,-0.060981,-0.144897,0.025327,-0.033964,-0.081284,0.017206,-0.003860,0.001197,0.007786,0.046906,-0.144615,0.025941,0.103782,-0.173307,0.029036,0.107863,-0.189261,0.034179,0.084354,-0.273244,0.024743,-0.030769,-0.142589,0.020987,-0.052026,-0.154924,0.018239,-0.045132,-0.221662,0.025908
0.031274,-0.146941,0.025554,0.101593,-0.181890,0.030951,0.029511,-0.432482,-0.000336,-0.490595,-0.646197,-0.059380,-0.072451,-0.144128,0.021916,-0.042440,-0.080950,0.014196,-0.004051,0.001278,0.006733,0.040696,-0.140142,0.023967,0.100753,-0.173903,0.025066,0.100974,-0.186677,0.029368,0.076230,-0.263578,0.022614,-0.039020,-0.143321,0.021977,-0.067009,-0.150401,0.020968,-0.062134,-0.208895,0.028430
0.025536,-0.143957,0.023425,0.097205,-0.180445,0.030489,0.042720,-0.453062,-0.003723,-0.459473,-0.749259,-0.067373,-0.081529,-0.144124,0.018458,-0.052564,-0.080378,0.010908,-0.004013,0.001340,0.005764,0.035323,-0.136724,0.021744,0.098924,-0.175206,0.021055,0.095491,-0.186109,0.024940,0.068535,-0.253147,0.021600,-0.044739,-0.145141,0.022800,-0.079049,-0.148127,0.023236,-0.076786,-0.197368,0.030371
0.020343,-0.141620,0.020828,0.090046,-0.177402,0.028810,0.048143,-0.474321,-0.005814,-0.406670,-0.839572,-0.069637,-0.086483,-0.143850,0.015481,-0.061336,-0.079231,0.007988,-0.003762,0.001300,0.005106,0.030250,-0.134350,0.019082,0.097469,-0.176708,0.016968,0.091153,-0.187039,0.020836,0.060995,-0.242385,0.021431,-0.047905,-0.147670,0.023091,-0.088042,-0.147698,0.024704,-0.088857,-0.187346,0.031454
0.015257,-0.139642,0.017493,0.079871,-0.171984,0.024986,0.048059,-0.495620,-0.008187,-0.337111,-0.911638,-0.069080,-0.087022,-0.142392,0.013209,-0.066286,-0.077358,0.005812,-0.003351,0.001152,0.004729,0.024996,-0.132923,0.015715,0.095654,-0.178206,0.012515,0.087818,-0.188891,0.016611,0.053680,-0.231850,0.021378,-0.048737,-0.150732,0.022598,-0.094274,-0.148768,0.025179,-0.098301,-0.178803,0.031457
0.009948,-0.137934,0.013362,0.067225,-0.164540,0.018936,0.044014,-0.517202,-0.010908,-0.254635,-0.964899,-0.067737,-0.084269,-0.139548,0.011544,-0.066648,-0.074924,0.004377,-0.002844,0.000970,0.004423,0.019271,-0.132344,0.011584,0.093012,-0.179814,0.007477,0.085357,-0.191168,0.011820,0.046870,-0.222178,0.020675,-0.047771,-0.154344,0.021357,-0.098249,-0.151115,0.024762,-0.105274,-0.171709,0.030435
0.004325,-0.136626,0.008773,0.053245,-0.156351,0.011567,0.036371,-0.539918,-0.012490,-0.161806,-1.001507,-0.065849,-0.079989,-0.135932,0.010254,-0.063535,-0.072335,0.003445,-0.002319,0.000834,0.004021,0.013053,-0.132535,0.007030,0.089351,-0.181789,0.001987,0.083469,-0.193481,0.006376,0.040857,-0.214024,0.018883,-0.045782,-0.158577,0.019774,-0.100501,-0.154568,0.023906,-0.110135,-0.166256,0.028885
-0.001426,-0.135955,0.004382,0.039304,-0.148969,0.004323,0.025446,-0.563539,-0.010936,-0.060728,-1.023164,-0.062172,-0.075566,-0.132597,0.009173,-0.058939,-0.070076,0.002767,-0.001858,0.000768,0.003507,0.006538,-0.133438,0.002718,0.084649,-0.184327,-0.003457,0.081573,-0.195470,0.000608,0.035781,-0.207909,0.015957,-0.043549,-0.163435,0.018482,-0.101509,-0.158880,0.023287,-0.113434,-0.162833,0.027646
-0.006938,-0.136173,0.000834,0.026646,-0.143598,-0.001548,0.012733,-0.585820,-0.005098,0.046268,-1.030091,-0.055118,-0.071422,-0.130541,0.008250,-0.054450,-0.068549,0.002194,-0.001507,0.000735,0.002944,0.000043,-0.135061,-0.000680,0.078936,-0.187485,-0.008254,0.078884,-0.196800,-0.004981,0.031583,-0.204048,0.012058,-0.041609,-0.168852,0.018025,-0.101672,-0.163703,0.023498,-0.115806,-0.161794,0.027535
-0.011816,-0.137535,-0.001544,0.016109,-0.140823,-0.005526,0.000895,-0.603427,0.004592,0.156457,-1.022402,-0.043762,-0.067203,-0.130389,0.007486,-0.050723,-0.067972,0.001661,-0.001256,0.000698,0.002369,-0.006094,-0.137538,-0.002825,0.072266,-0.191244,-0.012014,0.074685,-0.197288,-0.010017,0.028074,-0.202344,0.007347,-0.040144,-0.174759,0.018552,-0.101262,-0.168691,0.024751,-0.117760,-0.163218,0.028928
-0.015803,-0.140278,-0.002853,0.007947,-0.140680,-0.007868,-0.007269,-0.613679,0.016321,0.266663,-1.001786,-0.028118,-0.062468,-0.132326,0.006876,-0.047739,-0.068383,0.001144,-0.001070,0.000657,0.001777,-0.011577,-0.141123,-0.003829,0.064763,-0.195576,-0.014700,0.068625,-0.197035,-0.014390,0.025077,-0.202540,0.001909,-0.039058,-0.181131,0.019738,-0.100326,-0.173605,0.026766,-0.119467,-0.166834,0.031587
-0.018921,-0.144549,-0.003469,0.001782,-0.142855,-0.009257,-0.009716,-0.615483,0.027643,0.373099,-0.971761,-0.008878,-0.057252,-0.136191,0.006404,-0.045151,-0.069716,0.000665,-0.000924,0.000618,0.001156,-0.016231,-0.146053,-0.004119,0.056643,-0.200459,-0.016541,0.060855,-0.196417,-0.018181,0.022510,-0.204328,-0.004154,-0.038102,-0.187955,0.020992,-0.098687,-0.178359,0.028954,-0.120720,-0.172145,0.034845
-0.021507,-0.150324,-0.003777,-0.003189,-0.146866,-0.010366,-0.005323,-0.609019,0.036223,0.471461,-0.936455,0.012862,-0.052063,-0.141620,0.006093,-0.042288,-0.071917,0.000329,-0.000806,0.000539,0.000513,-0.020139,-0.152411,-0.004145,0.048133,-0.205858,-0.017815,0.051847,-0.195947,-0.021479,0.020343,-0.207333,-0.010603,-0.037011,-0.195202,0.021819,-0.096145,-0.183039,0.030778,-0.121129,-0.178606,0.037996
-0.024126,-0.157395,-0.003987,-0.007764,-0.152178,-0.011633,0.006413,-0.594910,0.040276,0.557453,-0.899025,0.035615,-0.047478,-0.148161,0.006033,-0.038116,-0.074968,0.000333,-0.000695,0.000347,-0.000134,-0.023729,-0.160071,-0.004153,0.039364,-0.211743,-0.018665,0.042039,-0.196065,-0.024267,0.018438,-0.211043,-0.017044,-0.035665,-0.202842,0.022087,-0.092781,-0.187877,0.032042,-0.120422,-0.185674,0.040591
-0.027368,-0.165435,-0.004143,-0.012318,-0.158239,-0.013324,0.025656,-0.573606,0.038646,0.627365,-0.860834,0.057312,-0.043780,-0.155320,0.006359,-0.031553,-0.078801,0.000913,-0.000572,0.000032,-0.000742,-0.027680,-0.168759,-0.004172,0.030371,-0.218107,-0.019094,0.031603,-0.196966,-0.026472,0.016455,-0.214797,-0.023054,-0.034191,-0.210852,0.021985,-0.089065,-0.193125,0.032889,-0.118614,-0.192769,0.042474
-0.031637,-0.174088,-0.004291,-0.016729,-0.164497,-0.015728,0.052384,-0.545204,0.030644,0.678244,-0.821682,0.075119,-0.040950,-0.162577,0.007172,-0.022131,-0.083186,0.002218,-0.000437,-0.000297,-0.001235,-0.032639,-0.178159,-0.004195,0.021195,-0.224958,-0.019122,0.020542,-0.198577,-0.028129,0.013927,-0.217880,-0.028362,-0.032920,-0.219211,0.021738,-0.085655,-0.198892,0.033540,-0.115989,-0.199246,0.043604
-0.037034,-0.183046,-0.004651,-0.020611,-0.170475,-0.019250,0.086453,-0.509557,0.015878,0.707736,-0.780588,0.085512,-0.038927,-0.169471,0.008386,-0.010592,-0.087745,0.004148,-0.000294,-0.000498,-0.001528,-0.038913,-0.187994,-0.004397,0.011963,-0.232302,-0.019002,0.008987,-0.200770,-0.029529,0.010440,-0.219719,-0.032950,-0.032190,-0.227892,0.021318,-0.083061,-0.205127,0.033997,-0.112975,-0.204523,0.043853
-0.043386,-0.192102,-0.005644,-0.023608,-0.175936,-0.024305,0.127293,-0.466584,-0.005634,0.713869,-0.736321,0.084879,-0.037852,-0.175757,0.009636,0.001043,-0.092081,0.006263,-0.000126,-0.000522,-0.001599,-0.046377,-0.198066,-0.005193,0.002801,-0.240148,-0.019289,-0.002650,-0.203689,-0.031197,0.005746,-0.220120,-0.037011,-0.032224,-0.236893,0.020384,-0.081451,-0.211754,0.033933,-0.109995,-0.208307,0.042933
-0.050395,-0.201160,-0.007714,-0.025526,-0.181000,-0.031036,0.172960,-0.416846,-0.032897,0.695026,-0.687405,0.070764,-0.038141,-0.181520,0.010362,0.010229,-0.095961,0.007899,0.000090,-0.000435,-0.001545,-0.054648,-0.208241,-0.007047,-0.006339,-0.248508,-0.020647,-0.013882,-0.207846,-0.033663,-0.000286,-0.219411,-0.040796,-0.033186,-0.246236,0.018502,-0.080681,-0.218808,0.032868,-0.107362,-0.210709,0.040527
-0.057769,-0.210195,-0.011001,-0.026385,-0.186138,-0.038993,0.219074,-0.362254,-0.063271,0.650324,-0.631928,0.043284,-0.040291,-0.187169,0.010078,0.015200,-0.099451,0.008500,0.000343,-0.000320,-0.001548,-0.063331,-0.218387,-0.010119,-0.015733,-0.257348,-0.023457,-0.024495,-0.213830,-0.037138,-0.007780,-0.218347,-0.044411,-0.035314,-0.255918,0.015511,-0.080482,-0.226387,0.030534,-0.105289,-0.212139,0.036594
-0.065268,-0.219208,-0.015072,-0.026453,-0.192041,-0.046966,0.259167,-0.306381,-0.092506,0.580568,-0.567666,0.005649,-0.044528,-0.193339,0.008645,0.015825,-0.102907,0.007923,0.000588,-0.000199,-0.001755,-0.072133,-0.228336,-0.013985,-0.025699,-0.266549,-0.027463,-0.034673,-0.221844,-0.041288,-0.016861,-0.217836,-0.047660,-0.038904,-0.265845,0.011817,-0.080692,-0.234533,0.027225,-0.103962,-0.213084,0.031641
-0.072620,-0.228202,-0.018960,-0.026242,-0.199468,-0.053172,0.286844,-0.253838,-0.115901,0.489566,-0.492801,-0.036743,-0.050529,-0.200764,0.006320,0.013184,-0.106808,0.006448,0.000778,-0.000046,-0.002146,-0.080761,-0.237891,-0.017667,-0.036335,-0.275889,-0.031753,-0.044786,-0.231483,-0.045270,-0.027510,-0.218637,-0.050032,-0.044135,-0.275805,0.008349,-0.081341,-0.243144,0.023798,-0.103549,-0.213962,0.026686
-0.079424,-0.237201,-0.021531,-0.026401,-0.209084,-0.055814,0.298012,-0.208937,-0.129911,0.385071,-0.407310,-0.077766,-0.057487,-0.210134,0.003532,0.008326,-0.111523,0.004507,0.000900,0.000153,-0.002525,-0.088749,-0.246892,-0.020032,-0.047347,-0.285078,-0.035147,-0.055039,-0.241901,-0.048076,-0.039388,-0.221169,-0.050922,-0.050936,-0.285506,0.006146,-0.082508,-0.252016,0.021273,-0.103995,-0.215134,0.022815
-0.085123,-0.246290,-0.021988,-0.027542,-0.221349,-0.053719,0.291381,-0.174541,-0.133103,0.278464,-0.314624,-0.111519,-0.064458,-0.221950,0.000596,0.001528,-0.117204,0.002371,0.000974,0.000351,-0.002658,-0.095376,-0.255298,-0.020303,-0.058079,-0.293864,-0.036739,-0.065257,-0.252227,-0.048988,-0.051788,-0.225508,-0.049962,-0.058994,-0.294670,0.005840,-0.084066,-0.260947,0.020272,-0.104747,-0.217002,0.020612
-0.089096,-0.255618,-0.020130,-0.030047,-0.236456,-0.046652,0.267994,-0.151715,-0.126081,0.182503,-0.222270,-0.132989,-0.070683,-0.236451,-0.002417,-0.007349,-0.123853,0.000069,0.001024,0.000449,-0.002442,-0.099771,-0.263226,-0.018318,-0.067693,-0.302122,-0.036218,-0.074936,-0.261923,-0.047808,-0.063773,-0.231536,-0.047200,-0.067799,-0.303142,0.007434,-0.085566,-0.269850,0.020778,-0.104726,-0.220043,0.019921
-0.090850,-0.265315,-0.016207,-0.033938,-0.254347,-0.035093,0.231232,-0.140015,-0.110774,0.107341,-0.140207,-0.139164,-0.075682,-0.253606,-0.005609,-0.018123,-0.131422,-0.002495,0.001045,0.000367,-0.001950,-0.101209,-0.270851,-0.014372,-0.075432,-0.309856,-0.033761,-0.083510,-0.270865,-0.044738,-0.074434,-0.239061,-0.042978,-0.076697,-0.310915,0.010546,-0.086434,-0.278731,0.022419,-0.102703,-0.224713,0.020190
-0.090245,-0.275336,-0.010647,-0.038861,-0.274615,-0.019900,0.186688,-0.137880,-0.089716,0.056755,-0.077041,-0.130286,-0.079144,-0.273043,-0.009072,-0.030035,-0.139780,-0.005345,0.001001,0.000103,-0.001311,-0.099485,-0.278233,-0.008907,-0.080872,-0.317112,-0.029761,-0.090644,-0.279154,-0.040146,-0.083154,-0.247768,-0.037727,-0.085021,-0.318060,0.014793,-0.086323,-0.287579,0.024901,-0.097877,-0.231283,0.020971
-0.087592,-0.285430,-0.004045,-0.044248,-0.296257,-0.002436,0.140379,-0.142923,-0.065728,0.027491,-0.036286,-0.110000,-0.080752,-0.293848,-0.012744,-0.041987,-0.148551,-0.008327,0.000855,-0.000267,-0.000557,-0.095114,-0.285330,-0.002492,-0.084066,-0.323964,-0.024781,-0.096315,-0.286961,-0.034559,-0.089779,-0.257211,-0.031943,-0.092312,-0.324700,0.019781,-0.085297,-0.296324,0.027990,-0.090199,-0.239794,0.021971
-0.083523,-0.295352,0.002603,-0.049616,-0.317617,0.015051,0.096256,-0.152296,-0.041908,0.012484,-0.015209,-0.084008,-0.080066,-0.314540,-0.016425,-0.052863,-0.157060,-0.011159,0.000590,-0.000635,0.000386,-0.089158,-0.292258,0.003936,-0.085533,-0.330576,-0.019695,-0.100630,-0.294615,-0.028828,-0.094648,-0.266994,-0.026268,-0.098432,-0.331058,0.024717,-0.083676,-0.304975,0.031055,-0.080268,-0.250229,0.022623
-0.078725,-0.305126,0.007933,-0.054827,-0.336952,0.029742,0.055709,-0.163248,-0.021342,0.005136,-0.007036,-0.058062,-0.076635,-0.333595,-0.019997,-0.061903,-0.164558,-0.013669,0.000209,-0.000911,0.001533,-0.082750,-0.299470,0.009064,-0.086085,-0.337184,-0.015626,-0.103617,-0.302661,-0.024045,-0.098485,-0.276856,-0.021375,-0.103381,-0.337424,0.028271,-0.081720,-0.313663,0.032874,-0.069038,-0.262722,0.021923
-0.073750,-0.315022,0.010726,-0.060152,-0.353345,0.039508,0.019506,-0.173677,-0.006276,0.001428,-0.004814,-0.036372,-0.070350,-0.350258,-0.023698,-0.069300,-0.170571,-0.016069,-0.000254,-0.001075,0.002715,-0.076655,-0.307519,0.011695,-0.086577,-0.343892,-0.013511,-0.105267,-0.311584,-0.021106,-0.102142,-0.286439,-0.017660,-0.107012,-0.343962,0.029092,-0.079472,-0.322407,0.032181,-0.057610,-0.277541,0.018989
-0.068956,-0.325261,0.010499,-0.066002,-0.367137,0.044022,-0.010416,-0.182420,0.002690,-0.000479,-0.004132,-0.020906,-0.061710,-0.364890,-0.028137,-0.076706,-0.175040,-0.018974,-0.000701,-0.001230,0.003694,-0.071165,-0.316602,0.011333,-0.087720,-0.350508,-0.013688,-0.105754,-0.321398,-0.020340,-0.106233,-0.295092,-0.015141,-0.108988,-0.350547,0.026560,-0.076870,-0.330793,0.028502,-0.047123,-0.294761,0.013813
-0.064520,-0.335701,0.007657,-0.072389,-0.379415,0.044687,-0.031293,-0.189142,0.006645,-0.001381,-0.003413,-0.011575,-0.051698,-0.378461,-0.033954,-0.086749,-0.178161,-0.023026,-0.001003,-0.001591,0.004447,-0.066305,-0.326298,0.008370,-0.090017,-0.356627,-0.015877,-0.105571,-0.331535,-0.021524,-0.110827,-0.302133,-0.013731,-0.109131,-0.356829,0.021139,-0.073968,-0.337948,0.022519,-0.038526,-0.313787,0.007409
-0.060426,-0.345758,0.003197,-0.078475,-0.391027,0.043561,-0.041192,-0.193988,0.007603,-0.001694,-0.002635,-0.006979,-0.041352,-0.391641,-0.041303,-0.101172,-0.180208,-0.028322,-0.001102,-0.002383,0.005283,-0.062041,-0.335700,0.003816,-0.093771,-0.361867,-0.019492,-0.105411,-0.341067,-0.024196,-0.115384,-0.307358,-0.013583,-0.107837,-0.362447,0.014109,-0.071045,-0.342872,0.015717,-0.032247,-0.333019,0.001254
-0.056426,-0.354567,-0.001738,-0.082626,-0.401886,0.042218,-0.040277,-0.197209,0.007510,-0.001642,-0.002069,-0.005303,-0.031369,-0.404151,-0.049528,-0.118717,-0.181530,-0.034061,-0.001085,-0.003764,0.006662,-0.058274,-0.343787,-0.001149,-0.099014,-0.366041,-0.023950,-0.105876,-0.349017,-0.027937,-0.118991,-0.311181,-0.015146,-0.106056,-0.367184,0.006993,-0.068468,-0.344902,0.009698,-0.028024,-0.349971,-0.003462
-0.052071,-0.361264,-0.006188,-0.083069,-0.410896,0.041184,-0.030985,-0.198954,0.007554,-0.001333,-0.001772,-0.004993,-0.022002,-0.414717,-0.057215,-0.134827,-0.182556,-0.038677,-0.001101,-0.005850,0.008941,-0.054696,-0.349783,-0.005541,-0.105420,-0.369155,-0.028817,-0.107241,-0.354601,-0.032468,-0.120767,-0.314247,-0.018885,-0.104772,-0.370992,0.001031,-0.066422,-0.344084,0.005566,-0.025069,-0.362044,-0.006240
-0.046840,-0.365275,-0.009509,-0.078718,-0.416435,0.040044,-0.017226,-0.199235,0.007986,-0.000844,-0.001637,-0.005076,-0.013169,-0.421559,-0.062575,-0.143914,-0.183626,-0.040405,-0.001231,-0.008793,0.012320,-0.050772,-0.353400,-0.008724,-0.112376,-0.371352,-0.033774,-0.109432,-0.357446,-0.037550,-0.120251,-0.316923,-0.024874,-0.104488,-0.373959,-0.003071,-0.064756,-0.341289,0.003670,-0.022448,-0.367639,-0.007261
-0.040384,-0.366544,-0.011293,-0.069593,-0.417114,0.037989,-0.003033,-0.198002,0.008409,-0.000284,-0.001531,-0.005166,-0.004597,-0.423151,-0.063930,-0.142343,-0.184818,-0.037879,-0.001428,-0.012820,0.016967,-0.045981,-0.354932,-0.010322,-0.119297,-0.372838,-0.038432,-0.112237,-0.357760,-0.042750,-0.117595,-0.319086,-0.032488,-0.105153,-0.376259,-0.005088,-0.063122,-0.337988,0.003747,-0.019412,-0.366914,-0.007070
-0.032781,-0.365618,-0.011210,-0.056729,-0.412417,0.034424,0.008681,-0.195256,0.008260,0.000207,-0.001337,-0.005262,0.004078,-0.418896,-0.060084,-0.129602,-0.186064,-0.030441,-0.001557,-0.018301,0.023072,-0.040237,-0.355184,-0.010028,-0.125946,-0.373822,-0.042106,-0.115577,-0.356320,-0.047216,-0.113482,-0.320317,-0.040332,-0.106461,-0.378078,-0.005052,-0.061277,-0.335730,0.005287,-0.015552,-0.361652,-0.006218
-0.024670,-0.363477,-0.008953,-0.041788,-0.402861,0.029287,0.016544,-0.191115,0.007197,0.000525,-0.000930,-0.005478,0.013196,-0.409304,-0.050521,-0.107153,-0.187478,-0.018140,-0.001375,-0.025838,0.030677,-0.034147,-0.355203,-0.007525,-0.132468,-0.374422,-0.043787,-0.119622,-0.354158,-0.049696,-0.108852,-0.320272,-0.046551,-0.108132,-0.379507,-0.003079,-0.059250,-0.335537,0.007864,-0.010782,-0.354362,-0.005002
-0.017137,-0.361036,-0.004387,-0.026650,-0.389605,0.022997,0.020341,-0.185799,0.005230,0.000653,-0.000231,-0.005815,0.022855,-0.395625,-0.035549,-0.076760,-0.189543,-0.001721,-0.000360,-0.036442,0.039392,-0.028876,-0.355772,-0.002655,-0.139014,-0.374566,-0.042505,-0.124588,-0.352058,-0.048999,-0.104567,-0.318927,-0.049503,-0.109982,-0.380425,0.000663,-0.057248,-0.337503,0.011258,-0.005247,-0.347246,-0.003412
-0.011346,-0.358575,0.002184,-0.013038,-0.373849,0.016197,0.020408,-0.179565,0.002641,0.000652,0.000669,-0.006111,0.032638,-0.379218,-0.016438,-0.040041,-0.193019,0.017270,0.002563,-0.051886,0.048236,-0.025613,-0.356875,0.004281,-0.145255,-0.373954,-0.037947,-0.130336,-0.350114,-0.044708,-0.101101,-0.316488,-0.048520,-0.111814,-0.380465,0.005874,-0.055437,-0.340763,0.015371,0.000768,-0.341561,-0.001241
-0.008118,-0.355522,0.009878,-0.002258,-0.356438,0.009483,0.017271,-0.172642,-0.000208,0.000598,0.001510,-0.006151,0.041459,-0.361098,0.004638,0.000530,-0.198693,0.036499,0.009308,-0.075164,0.055909,-0.024994,-0.357555,0.012355,-0.150162,-0.372128,-0.030854,-0.136058,-0.347714,-0.037598,-0.098392,-0.313100,-0.044226,-0.113248,-0.379104,0.012024,-0.053753,-0.343874,0.020024,0.006880,-0.337533,0.001680
-0.007666,-0.350835,0.017387,0.004913,-0.337921,0.003236,0.011548,-0.165227,-0.003051,0.000543,0.002025,-0.005825,0.047731,-0.341942,0.025015,0.040452,-0.207109,0.053255,0.022841,-0.110542,0.061504,-0.026800,-0.356391,0.020167,-0.152222,-0.368638,-0.022795,-0.140333,-0.344008,-0.029344,-0.095998,-0.308706,-0.038089,-0.113577,-0.375852,0.018336,-0.051841,-0.345452,0.024784,0.012675,-0.334712,0.005257
-0.009595,-0.343764,0.023352,0.008203,-0.318974,-0.002374,0.003948,-0.157587,-0.005761,0.000515,0.002123,-0.005166,0.049957,-0.322481,0.042137,0.073489,-0.218336,0.065127,0.047140,-0.162539,0.065243,-0.030109,-0.352310,0.026263,-0.149989,-0.363241,-0.015462,-0.141577,-0.338560,-0.021711,-0.093476,-0.303219,-0.031545,-0.111812,-0.370457,0.023876,-0.049132,-0.344737,0.028919,0.017806,-0.332534,0.009016
-0.013088,-0.334452,0.026748,0.007718,-0.300845,-0.007218,-0.004591,-0.150186,-0.008215,0.000515,0.001897,-0.004243,0.047516,-0.303998,0.054002,0.094124,-0.231902,0.070576,0.086662,-0.233900,0.068652,-0.033703,-0.345195,0.029563,-0.142638,-0.356022,-0.010000,-0.138669,-0.331727,-0.015808,-0.090665,-0.296823,-0.025353,-0.106928,-0.363022,0.027736,-0.045074,-0.341811,0.031530,0.022078,-0.330797,0.012185
-0.017182,-0.324011,0.027117,0.003753,-0.285375,-0.011043,-0.012787,-0.143666,-0.010168,0.000510,0.001507,-0.003061,0.041148,-0.288402,0.059410,0.101013,-0.247078,0.069167,0.145276,-0.324006,0.074105,-0.036480,-0.335959,0.029618,-0.130333,-0.347361,-0.006726,-0.131393,-0.324520,-0.011834,-0.087678,-0.290143,-0.019564,-0.098167,-0.353982,0.029238,-0.039344,-0.337414,0.031810,0.025489,-0.329745,0.013927
-0.021008,-0.314027,0.024611,-0.003358,-0.274352,-0.013554,-0.019240,-0.138622,-0.011320,0.000458,0.001056,-0.001585,0.032758,-0.277609,0.058181,0.098699,-0.263379,0.061567,0.224955,-0.429423,0.084230,-0.037677,-0.326108,0.026637,-0.114246,-0.337782,-0.005264,-0.120485,-0.318075,-0.009303,-0.084647,-0.284194,-0.013954,-0.085201,-0.343962,0.028116,-0.031859,-0.332529,0.029329,0.028200,-0.329696,0.013649
-0.023982,-0.305817,0.019866,-0.013209,-0.268543,-0.014710,-0.023103,-0.135315,-0.011577,0.000368,0.000508,0.000139,0.024598,-0.272513,0.051297,0.095526,-0.280712,0.049373,0.324458,-0.546289,0.101704,-0.036973,-0.317083,0.021321,-0.096225,-0.327786,-0.004933,-0.107257,-0.313064,-0.007525,-0.081529,-0.280104,-0.008487,-0.068226,-0.333606,0.024589,-0.022637,-0.327901,0.024229,0.030422,-0.330519,0.011281
-0.025906,-0.299877,0.013738,-0.025144,-0.267195,-0.014909,-0.024592,-0.133552,-0.011208,0.000311,-0.000274,0.001931,0.018297,-0.272404,0.040675,0.098641,-0.298869,0.034743,0.438015,-0.671978,0.129317,-0.034541,-0.309720,0.014592,-0.078246,-0.317764,-0.005135,-0.093070,-0.309409,-0.006044,-0.078152,-0.278696,-0.003503,-0.048073,-0.323450,0.019291,-0.011777,-0.323741,0.017225,0.032199,-0.331432,0.007353
-0.026973,-0.295837,0.007016,-0.038159,-0.268480,-0.014850,-0.024820,-0.132814,-0.010721,0.000361,-0.001368,0.003556,0.014302,-0.275351,0.028468,0.109664,-0.317002,0.019760,0.554563,-0.804043,0.169605,-0.031044,-0.304060,0.007290,-0.061914,-0.308009,-0.005590,-0.078967,-0.306437,-0.004832,-0.074438,-0.280084,0.000432,-0.026246,-0.313864,0.013025,0.000315,-0.319762,0.009335,0.033204,-0.331349,0.002762
-0.027646,-0.292864,0.000200,-0.051086,-0.270488,-0.015185,-0.025144,-0.132510,-0.010576,0.000515,-0.002619,0.004867,0.012026,-0.279242,0.016266,0.124234,-0.334219,0.005721,0.658770,-0.937595,0.223573,-0.027463,-0.299576,-0.000037,-0.048232,-0.298696,-0.006338,-0.065655,-0.303325,-0.004172,-0.070569,-0.283464,0.002872,-0.004670,-0.305016,0.006454,0.012728,-0.315479,0.001454,0.032728,-0.329481,-0.001665
-0.028411,-0.290133,-0.006518,-0.062968,-0.271939,-0.016277,-0.026725,-0.132169,-0.011003,0.000679,-0.003641,0.005905,0.010523,-0.282598,0.004791,0.135439,-0.351331,-0.007276,0.734732,-1.064031,0.288975,-0.024734,-0.295563,-0.007162,-0.037635,-0.289823,-0.007542,-0.053752,-0.299412,-0.004358,-0.066960,-0.287215,0.003724,0.014906,-0.296836,-0.000083,0.024243,-0.310461,-0.005934,0.030001,-0.325581,-0.005496
-0.029531,-0.287056,-0.013096,-0.073346,-0.272168,-0.018203,-0.030606,-0.131498,-0.012025,0.000721,-0.004049,0.006888,0.009167,-0.284662,-0.005809,0.138066,-0.372188,-0.020102,0.771061,-1.172665,0.359274,-0.023367,-0.291434,-0.014026,-0.030114,-0.281172,-0.009267,-0.043992,-0.294203,-0.005466,-0.064043,-0.289353,0.003209,0.031523,-0.289042,-0.006504,0.033891,-0.304370,-0.012698,0.024729,-0.319667,-0.008668
-0.030930,-0.283250,-0.019434,-0.082260,-0.270705,-0.020872,-0.037900,-0.130340,-0.013573,0.000551,-0.003754,0.008151,0.007896,-0.285000,-0.015403,0.130650,-0.402895,-0.033779,0.764310,-1.254036,0.424259,-0.023265,-0.286804,-0.020538,-0.025365,-0.272391,-0.011390,-0.037184,-0.287305,-0.007302,-0.062016,-0.288219,0.001638,0.045215,-0.281285,-0.012744,0.041384,-0.296981,-0.018792,0.017469,-0.311656,-0.011264
-0.032272,-0.278474,-0.025245,-0.089973,-0.267085,-0.024067,-0.049518,-0.128678,-0.015515,0.000184,-0.003109,0.010046,0.007024,-0.283253,-0.023581,0.114792,-0.448866,-0.048492,0.718727,-1.302718,0.472339,-0.023863,-0.281490,-0.026446,-0.022924,-0.263205,-0.013632,-0.033907,-0.278539,-0.009489,-0.060723,-0.283059,-0.000734,0.056654,-0.273346,-0.018557,0.047076,-0.288368,-0.024060,0.009535,-0.301438,-0.013336
-0.033153,-0.272686,-0.030090,-0.096670,-0.261104,-0.027376,-0.065401,-0.126650,-0.017560,-0.000257,-0.002795,0.012868,0.006941,-0.279311,-0.029798,0.093342,-0.511617,-0.063028,0.643163,-1.318356,0.493537,-0.024460,-0.275506,-0.031345,-0.022273,-0.253588,-0.015628,-0.034189,-0.268130,-0.011564,-0.059748,-0.274131,-0.003629,0.066584,-0.265258,-0.023518,0.051555,-0.279051,-0.028253,0.002492,-0.289249,-0.014879
-0.033325,-0.266125,-0.033522,-0.102370,-0.253193,-0.030146,-0.083955,-0.124524,-0.019177,-0.000617,-0.003521,0.016781,0.007874,-0.273645,-0.033758,0.069106,-0.587551,-0.075008,0.547348,-1.304815,0.481658,-0.024565,-0.269055,-0.034819,-0.022855,-0.243750,-0.016951,-0.037426,-0.256666,-0.013014,-0.058674,-0.262301,-0.006550,0.075514,-0.257243,-0.027189,0.055329,-0.269818,-0.031148,-0.002439,-0.275871,-0.015844
-0.032830,-0.259270,-0.035277,-0.107058,-0.244448,-0.031611,-0.102348,-0.122582,-0.019684,-0.000833,-0.005716,0.021775,0.009802,-0.267344,-0.035674,0.044473,-0.669285,-0.081769,0.439129,-1.268125,0.434739,-0.024091,-0.262454,-0.036613,-0.024093,-0.233965,-0.017164,-0.042614,-0.244848,-0.013327,-0.057370,-0.248473,-0.008725,0.083717,-0.249526,-0.029329,0.058761,-0.261275,-0.032652,-0.004737,-0.262430,-0.016133
-0.031949,-0.252689,-0.035389,-0.110790,-0.236262,-0.031168,-0.117627,-0.121037,-0.018500,-0.000980,-0.009448,0.027652,0.012568,-0.261786,-0.036225,0.021603,-0.748156,-0.081378,0.323335,-1.214334,0.354301,-0.023306,-0.256028,-0.036749,-0.025495,-0.224417,-0.015943,-0.048714,-0.233242,-0.012126,-0.056122,-0.233253,-0.009289,0.091295,-0.242195,-0.030027,0.062128,-0.253507,-0.032861,-0.004626,-0.250010,-0.015624
-0.030964,-0.246892,-0.034197,-0.113639,-0.229851,-0.028629,-0.127827,-0.120049,-0.015391,-0.001203,-0.014512,0.034074,0.016139,-0.258211,-0.036319,0.002602,-0.816309,-0.073314,0.202111,-1.148195,0.244543,-0.022569,-0.250056,-0.035541,-0.026785,-0.215164,-0.013250,-0.054891,-0.222209,-0.009344,-0.055497,-0.216998,-0.007632,0.098194,-0.235209,-0.029711,0.065603,-0.246183,-0.032106,-0.002887,-0.239368,-0.014297
-0.029890,-0.242253,-0.032278,-0.115515,-0.226002,-0.024277,-0.132346,-0.119746,-0.010551,-0.001593,-0.020453,0.040629,0.020745,-0.257454,-0.036869,-0.010692,-0.867892,-0.058703,0.075889,-1.072789,0.111922,-0.022010,-0.244760,-0.033539,-0.027917,-0.206206,-0.009439,-0.060493,-0.211953,-0.005334,-0.055999,-0.200069,-0.003697,0.104267,-0.228489,-0.029063,0.069211,-0.238961,-0.030984,-0.000515,-0.230808,-0.012419
-0.028385,-0.239004,-0.030338,-0.116026,-0.225126,-0.018723,-0.131409,-0.120232,-0.004479,-0.002167,-0.026561,0.046860,0.026683,-0.259915,-0.038694,-0.017111,-0.899501,-0.040156,-0.055841,-0.989787,-0.035304,-0.021347,-0.240301,-0.031437,-0.028894,-0.197554,-0.005213,-0.064849,-0.202582,-0.000846,-0.057699,-0.183055,0.001941,0.109380,-0.221993,-0.028884,0.072849,-0.231807,-0.030311,0.001670,-0.224166,-0.010640
-0.025853,-0.237261,-0.029067,-0.114455,-0.227470,-0.012624,-0.125159,-0.121613,0.002289,-0.002927,-0.032061,0.052253,0.033972,-0.265665,-0.042480,-0.016297,-0.909796,-0.021326,-0.194041,-0.900119,-0.187787,-0.019936,-0.236780,-0.029931,-0.029506,-0.189318,-0.001438,-0.067108,-0.194157,0.003170,-0.060055,-0.166790,0.008250,0.113435,-0.215733,-0.029920,0.076391,-0.224960,-0.030933,0.003301,-0.218895,-0.009840
-0.021662,-0.237080,-0.028942,-0.109890,-0.233273,-0.006419,-0.113266,-0.124046,0.009424,-0.003914,-0.036427,0.056356,0.042169,-0.274559,-0.048653,-0.008581,-0.898270,-0.006263,-0.339131,-0.804921,-0.335364,-0.016990,-0.234255,-0.029527,-0.029209,-0.181765,0.001142,-0.066307,-0.186755,0.005862,-0.062014,-0.152261,0.014100,0.116277,-0.209787,-0.032654,0.079749,-0.218711,-0.033437,0.004481,-0.214319,-0.010784
-0.015342,-0.238484,-0.030053,-0.101552,-0.242623,-0.000267,-0.095679,-0.127745,0.016869,-0.005168,-0.039534,0.059076,0.050477,-0.286185,-0.057123,0.004716,-0.864115,0.001393,-0.488984,-0.706387,-0.466569,-0.011854,-0.232795,-0.030355,-0.027232,-0.175322,0.002196,-0.061662,-0.180530,0.006808,-0.062287,-0.140499,0.018627,0.117664,-0.204292,-0.037143,0.082857,-0.213263,-0.037938,0.005638,-0.209968,-0.013829
-0.006692,-0.241476,-0.032046,-0.089142,-0.255007,0.005701,-0.074125,-0.132834,0.024559,-0.006652,-0.041559,0.060908,0.058012,-0.299558,-0.066974,0.020225,-0.806534,-0.000609,-0.636423,-0.607881,-0.568448,-0.004162,-0.232584,-0.032100,-0.022811,-0.170471,0.001972,-0.052899,-0.175718,0.006234,-0.059648,-0.132451,0.021477,0.117396,-0.199410,-0.043013,0.085688,-0.208805,-0.044098,0.007429,-0.205804,-0.018904
0.004294,-0.246038,-0.034226,-0.073011,-0.268811,0.010907,-0.053059,-0.139095,0.031930,-0.008251,-0.042880,0.062724,0.064102,-0.312741,-0.076259,0.031695,-0.726613,-0.012051,-0.767269,-0.513075,-0.628120,0.006222,-0.234029,-0.034107,-0.015334,-0.167613,0.001294,-0.040318,-0.172579,0.005018,-0.053128,-0.128761,0.022919,0.115628,-0.195301,-0.049654,0.088401,-0.205646,-0.051370,0.010794,-0.202274,-0.025747
0.017581,-0.252161,-0.035752,-0.054067,-0.281267,0.014063,-0.039020,-0.145797,0.037635,-0.009851,-0.044148,0.065204,0.068566,-0.322856,-0.082134,0.031008,-0.629138,-0.029608,-0.860286,-0.424809,-0.636076,0.019409,-0.237832,-0.035565,-0.004301,-0.166993,0.001394,-0.024421,-0.171348,0.004498,-0.042097,-0.129565,0.023863,0.113188,-0.192147,-0.056453,0.091499,-0.204256,-0.059224,0.017008,-0.200209,-0.034105
0.033137,-0.259855,-0.035824,-0.033549,-0.289253,0.013603,-0.038438,-0.151863,0.040027,-0.011476,-0.046296,0.068561,0.071829,-0.326930,-0.081616,0.011530,-0.522622,-0.047500,-0.891096,-0.344708,-0.589937,0.035544,-0.244805,-0.035703,0.010722,-0.168685,0.003590,-0.005403,-0.172236,0.006104,-0.026180,-0.134465,0.025662,0.111591,-0.190189,-0.062904,0.095760,-0.205093,-0.067161,0.027467,-0.200528,-0.043715
0.050672,-0.268995,-0.033907,-0.012764,-0.290826,0.008772,-0.054732,-0.156422,0.038368,-0.013332,-0.050111,0.072944,0.074725,-0.323420,-0.072981,-0.027393,-0.417351,-0.059774,-0.841870,-0.273363,-0.497373,0.054442,-0.255294,-0.033993,0.029891,-0.172535,0.008813,0.016965,-0.175396,0.010837,-0.005197,-0.142744,0.029553,0.112500,-0.189639,-0.068557,0.101793,-0.208282,-0.074589,0.043124,-0.203721,-0.054137
0.069285,-0.278988,-0.029928,0.007329,-0.286473,0.000568,-0.086212,-0.159359,0.033914,-0.015735,-0.055497,0.079113,0.078053,-0.313346,-0.056992,-0.076961,-0.322805,-0.062982,-0.713949,-0.210387,-0.376781,0.075045,-0.268454,-0.030331,0.052688,-0.178062,0.017103,0.042825,-0.180740,0.018764,0.020639,-0.153647,0.035902,0.116741,-0.190450,-0.072917,0.109436,-0.213330,-0.080739,0.063797,-0.209352,-0.064637
0.087535,-0.288496,-0.024293,0.026703,-0.278782,-0.008477,-0.126756,-0.161434,0.029721,-0.019001,-0.061119,0.088629,0.082344,-0.299705,-0.036733,-0.119470,-0.245866,-0.057186,-0.534075,-0.154939,-0.253479,0.095392,-0.281986,-0.025039,0.077699,-0.184491,0.027398,0.071499,-0.187776,0.028814,0.050296,-0.166535,0.043801,0.123509,-0.192163,-0.075350,0.117420,-0.219192,-0.084699,0.087719,-0.216078,-0.074172
0.104175,-0.295542,-0.017648,0.046556,-0.270507,-0.015724,-0.169500,-0.163856,0.029112,-0.023459,-0.064977,0.103363,0.087913,-0.285297,-0.015875,-0.135405,-0.189989,-0.044685,-0.345867,-0.107313,-0.150950,0.113488,-0.292785,-0.018653,0.102890,-0.191002,0.037835,0.101241,-0.195685,0.039096,0.081736,-0.180878,0.051396,0.130460,-0.194038,-0.075102,0.123749,-0.224741,-0.085597,0.111796,-0.222326,-0.081484
0.118894,-0.298151,-0.010630,0.068688,-0.262771,-0.019853,-0.210377,-0.167703,0.034022,-0.029524,-0.065596,0.124577,0.094785,-0.270927,0.003085,-0.114803,-0.154860,-0.028181,-0.189787,-0.069986,-0.081622,0.128439,-0.298199,-0.011724,0.126188,-0.196976,0.046368,0.129795,-0.203728,0.047566,0.112336,-0.196230,0.056721,0.134860,-0.195380,-0.071602,0.126796,-0.229331,-0.082977,0.132696,-0.227159,-0.085450
0.132208,-0.295269,-0.003836,0.093948,-0.255126,-0.021056,-0.247707,-0.173543,0.044415,-0.037529,-0.063013,0.151749,0.102265,-0.255804,0.019085,-0.064132,-0.136697,-0.010175,-0.085815,-0.045951,-0.043988,0.140744,-0.297123,-0.004848,0.145988,-0.202065,0.051385,0.155318,-0.211683,0.052686,0.139757,-0.212255,0.058506,0.135093,-0.195850,-0.064939,0.126390,-0.233036,-0.077213,0.148222,-0.230717,-0.085604
0.144469,-0.287387,0.002155,0.120863,-0.247085,-0.020116,-0.278269,-0.181261,0.058657,-0.047222,-0.058794,0.181464,0.108644,-0.239531,0.031646,-0.001724,-0.129675,0.006766,-0.030639,-0.035263,-0.027924,0.151407,-0.290344,0.001296,0.161382,-0.206180,0.052191,0.176918,-0.219992,0.053912,0.162671,-0.228749,0.056613,0.131391,-0.195603,-0.056061,0.123954,-0.236500,-0.069532,0.158000,-0.234114,-0.082394
0.154932,-0.276415,0.007003,0.145879,-0.239314,-0.017493,-0.294686,-0.190048,0.074072,-0.057400,-0.054657,0.207389,0.111572,-0.223398,0.040414,0.053922,-0.128030,0.020276,-0.008027,-0.033412,-0.022775,0.160639,-0.280039,0.006217,0.172125,-0.209486,0.049370,0.194403,-0.229414,0.052000,0.180856,-0.245655,0.052081,0.125292,-0.195198,-0.046319,0.121461,-0.240554,-0.061410,0.163062,-0.238974,-0.076832
0.161779,-0.264786,0.010967,0.165329,-0.233426,-0.013110,-0.287859,-0.198870,0.087486,-0.066435,-0.050418,0.222367,0.108913,-0.209754,0.045546,0.091988,-0.127594,0.029142,-0.001491,-0.033575,-0.021615,0.167264,-0.268702,0.010083,0.178450,-0.212275,0.044823,0.207596,-0.240363,0.048961,0.194789,-0.263071,0.046763,0.118358,-0.195212,-0.036619,0.120062,-0.245771,-0.053688,0.164839,-0.246762,-0.069771
0.163118,-0.254306,0.014919,0.177521,-0.230958,-0.006594,-0.252941,-0.207683,0.096118,-0.073804,-0.043526,0.221911,0.099482,-0.200444,0.047951,0.109134,-0.126200,0.033735,-0.000662,-0.030716,-0.020812,0.169326,-0.257999,0.013799,0.180931,-0.214682,0.041129,0.216020,-0.252297,0.047347,0.205188,-0.281185,0.042504,0.111207,-0.195763,-0.026947,0.119457,-0.252037,-0.046156,0.164446,-0.258008,-0.061462
0.158161,-0.245400,0.019755,0.183195,-0.232354,0.002298,-0.194015,-0.218705,0.098547,-0.081655,-0.032010,0.206425,0.083442,-0.195759,0.048738,0.106546,-0.123325,0.035319,-0.001089,-0.023895,-0.018523,0.165453,-0.248145,0.018381,0.180468,-0.216462,0.040270,0.219330,-0.263585,0.048923,0.212784,-0.300004,0.040161,0.103513,-0.196293,-0.016731,0.118383,-0.258298,-0.037970,0.162558,-0.271774,-0.051759
0.147791,-0.237137,0.025627,0.184284,-0.236266,0.013077,-0.123714,-0.236343,0.094763,-0.094914,-0.018935,0.180022,0.062492,-0.194225,0.048611,0.089319,-0.119469,0.035171,-0.001564,-0.015362,-0.014306,0.155967,-0.238178,0.024085,0.178242,-0.217050,0.042507,0.218012,-0.272004,0.053568,0.218111,-0.318915,0.039180,0.094684,-0.195811,-0.005729,0.115581,-0.262752,-0.028565,0.159503,-0.285875,-0.040698
0.134154,-0.227993,0.031740,0.182429,-0.239582,0.024080,-0.057350,-0.265049,0.085161,-0.119303,-0.013323,0.146815,0.039728,-0.193081,0.047984,0.066692,-0.115413,0.034420,-0.001982,-0.007973,-0.009019,0.142857,-0.226925,0.030126,0.175393,-0.215878,0.046385,0.213502,-0.275695,0.059397,0.221157,-0.336435,0.038271,0.084476,-0.193443,0.005433,0.110374,-0.263549,-0.018251,0.155156,-0.297963,-0.028801
0.119661,-0.216984,0.036916,0.178658,-0.238883,0.032903,-0.004928,-0.306151,0.069790,-0.158352,-0.025032,0.108191,0.018738,-0.189581,0.047389,0.049246,-0.111683,0.034173,-0.002356,-0.003220,-0.004041,0.128665,-0.214019,0.035270,0.172555,-0.212742,0.049884,0.207514,-0.274119,0.064125,0.221188,-0.350529,0.036682,0.073070,-0.188928,0.015536,0.102545,-0.259665,-0.008038,0.148745,-0.306823,-0.016845
0.106136,-0.204544,0.040322,0.174179,-0.232837,0.037683,0.033187,-0.355835,0.049079,-0.211468,-0.057752,0.063647,0.002119,-0.182720,0.047320,0.043479,-0.108499,0.035127,-0.002573,-0.000910,-0.000335,0.115281,-0.200361,0.038656,0.169644,-0.208072,0.051693,0.201227,-0.268451,0.066467,0.217197,-0.359510,0.034869,0.060734,-0.182842,0.023433,0.091981,-0.251474,0.000945,0.139077,-0.312921,-0.005502
0.094623,-0.192475,0.041717,0.170941,-0.223333,0.038053,0.063336,-0.405949,0.025233,-0.274115,-0.107104,0.013954,-0.009523,-0.173955,0.047688,0.048493,-0.106021,0.036996,-0.002517,0.000010,0.001834,0.103553,-0.187758,0.040079,0.166160,-0.202896,0.051560,0.195029,-0.261080,0.066434,0.208851,-0.362940,0.033858,0.047585,-0.176421,0.028468,0.078653,-0.240613,0.007853,0.125339,-0.317700,0.004688
0.085616,-0.182828,0.041173,0.170903,-0.213867,0.034870,0.091012,-0.447338,0.002350,-0.339275,-0.165482,-0.036922,-0.017263,-0.165887,0.047773,0.058181,-0.104404,0.038688,-0.002220,0.000493,0.002659,0.093703,-0.177927,0.039682,0.161721,-0.198409,0.049721,0.188898,-0.254401,0.064567,0.197172,-0.361800,0.034003,0.033705,-0.171006,0.030448,0.062984,-0.229180,0.012183,0.107942,-0.322123,0.013093
0.079250,-0.176496,0.038767,0.174573,-0.206607,0.029237,0.115478,-0.473632,-0.015177,-0.398890,-0.228188,-0.082946,-0.022730,-0.160050,0.046844,0.066579,-0.103566,0.039223,-0.001857,0.000957,0.002513,0.085833,-0.171484,0.037560,0.156462,-0.195346,0.046251,0.182928,-0.249641,0.061094,0.184331,-0.357773,0.034408,0.019418,-0.167388,0.029500,0.046075,-0.218732,0.013745,0.088671,-0.325611,0.018951
0.075272,-0.172702,0.034578,0.180324,-0.201081,0.021980,0.130738,-0.483116,-0.024480,-0.444967,-0.294970,-0.118788,-0.027287,-0.155958,0.044672,0.071166,-0.103047,0.038363,-0.001577,0.001388,0.001812,0.080039,-0.167639,0.033725,0.151054,-0.193644,0.040996,0.177583,-0.246512,0.055818,0.172720,-0.352226,0.033542,0.005365,-0.165487,0.026047,0.029394,-0.209775,0.012726,0.069930,-0.326197,0.021648
0.073026,-0.169765,0.028917,0.185203,-0.195423,0.013909,0.130946,-0.477909,-0.024866,-0.470822,-0.366717,-0.141839,-0.031801,-0.152144,0.041470,0.071970,-0.102203,0.036404,-0.001395,0.001645,0.000938,0.076206,-0.164819,0.028370,0.146331,-0.192631,0.033988,0.173526,-0.243838,0.048639,0.164015,-0.345729,0.030384,-0.007703,-0.164591,0.020844,0.014105,-0.202049,0.009738,0.053642,-0.321718,0.021045
0.071635,-0.166369,0.022487,0.186517,-0.188446,0.006161,0.115325,-0.461825,-0.017508,-0.472695,-0.441372,-0.152431,-0.036537,-0.147818,0.037582,0.069079,-0.100553,0.033644,-0.001252,0.001677,0.000183,0.073841,-0.161716,0.022118,0.142747,-0.191542,0.025861,0.171172,-0.240541,0.040101,0.158727,-0.338272,0.025139,-0.019208,-0.163926,0.014910,0.000576,-0.195260,0.005712,0.040520,-0.311071,0.017577
0.070290,-0.162305,0.016341,0.183089,-0.180569,0.000077,0.089589,-0.439093,-0.005083,-0.451224,-0.512433,-0.152766,-0.041004,-0.143552,0.033379,0.061810,-0.098033,0.030236,-0.001137,0.001557,-0.000245,0.072149,-0.157976,0.016020,0.140034,-0.189915,0.017888,0.170281,-0.236165,0.031477,0.156254,-0.329679,0.019132,-0.028880,-0.163088,0.009354,-0.011580,-0.189558,0.001688,0.030055,-0.294709,0.012128
0.068444,-0.158268,0.011643,0.175648,-0.173306,-0.003233,0.064044,-0.414609,0.008485,-0.411763,-0.570574,-0.145548,-0.044209,-0.140726,0.029331,0.049889,-0.095040,0.026400,-0.001105,0.001391,-0.000221,0.070293,-0.154085,0.011308,0.137358,-0.187641,0.011624,0.169940,-0.230734,0.024368,0.155277,-0.319799,0.014141,-0.036777,-0.162054,0.005174,-0.023067,-0.185402,-0.001388,0.021024,-0.274227,0.005835
0.065839,-0.155147,0.009333,0.166362,-0.168268,-0.003205,0.049740,-0.394296,0.018850,-0.362694,-0.607247,-0.133029,-0.045397,-0.140601,0.025920,0.034658,-0.092312,0.022538,-0.001178,0.001238,0.000234,0.067671,-0.150752,0.008994,0.133793,-0.184804,0.008342,0.168987,-0.224397,0.020080,0.154359,-0.308533,0.011615,-0.043260,-0.160942,0.003059,-0.034423,-0.183087,-0.002835,0.012110,-0.251610,-0.000131
0.062451,-0.153495,0.009776,0.157786,-0.166515,0.000122,0.053974,-0.384089,0.022911,-0.311862,-0.619206,-0.116843,-0.044671,-0.143799,0.023363,0.018779,-0.090693,0.019018,-0.001265,0.001080,0.000864,0.064054,-0.148425,0.009490,0.128782,-0.181596,0.008512,0.166623,-0.217369,0.019110,0.152552,-0.295983,0.012124,-0.048876,-0.159873,0.003220,-0.045790,-0.182496,-0.002383,0.002326,-0.228842,-0.004782
0.058438,-0.153470,0.012599,0.151625,-0.168337,0.006173,0.076801,-0.387760,0.020484,-0.262928,-0.612618,-0.098683,-0.042895,-0.150240,0.021478,0.004787,-0.090801,0.015937,-0.001226,0.000860,0.001257,0.059555,-0.147256,0.012428,0.122365,-0.178408,0.011634,0.162792,-0.210096,0.020985,0.149660,-0.282662,0.015242,-0.054094,-0.159085,0.005329,-0.056961,-0.183228,-0.000226,-0.008791,-0.207994,-0.007466
0.054092,-0.155014,0.016808,0.147974,-0.173202,0.013878,0.110898,-0.404886,0.014454,-0.214384,-0.603259,-0.081275,-0.041043,-0.159210,0.019903,-0.006147,-0.092707,0.013186,-0.001007,0.000563,0.001133,0.054511,-0.147337,0.016799,0.115147,-0.175883,0.016474,0.158072,-0.203294,0.024500,0.146002,-0.269497,0.019845,-0.058995,-0.159056,0.008631,-0.067557,-0.184854,0.003085,-0.021119,-0.191315,-0.007903
0.049724,-0.157958,0.021155,0.145490,-0.179833,0.021772,0.145790,-0.430089,0.008764,-0.162586,-0.609217,-0.068420,-0.039641,-0.169434,0.018437,-0.014242,-0.095849,0.010717,-0.000691,0.000261,0.000589,0.049313,-0.148799,0.021330,0.108017,-0.174728,0.021571,0.153198,-0.197682,0.028203,0.141932,-0.257491,0.024610,-0.063218,-0.160368,0.012196,-0.077148,-0.186989,0.006851,-0.033995,-0.180771,-0.006184
0.045456,-0.161969,0.024551,0.142280,-0.186554,0.028264,0.173691,-0.454461,0.005678,-0.106434,-0.639452,-0.063401,-0.038620,-0.179320,0.017136,-0.020186,-0.099277,0.008661,-0.000415,0.000047,0.000006,0.044178,-0.151676,0.024904,0.101633,-0.175336,0.025716,0.148555,-0.193610,0.030876,0.137528,-0.247245,0.028423,-0.066259,-0.163345,0.015188,-0.085298,-0.189180,0.010423,-0.046401,-0.177168,-0.002748
0.041116,-0.166524,0.026360,0.136821,-0.191845,0.032107,0.192197,-0.469548,0.004766,-0.049265,-0.688570,-0.066851,-0.037490,-0.187414,0.016133,-0.024282,-0.102083,0.007196,-0.000249,-0.000043,-0.000278,0.039003,-0.155724,0.026867,0.095972,-0.177568,0.028209,0.143934,-0.190906,0.031812,0.132574,-0.238699,0.030579,-0.067863,-0.167818,0.017103,-0.091653,-0.190852,0.013374,-0.057337,-0.179519,0.001726
0.036372,-0.171005,0.026460,0.128429,-0.194820,0.032816,0.202531,-0.471769,0.004283,0.003790,-0.743016,-0.076104,-0.035672,-0.192822,0.015434,-0.026362,-0.103706,0.006347,-0.000172,-0.000032,-0.000202,0.033451,-0.160427,0.027105,0.090366,-0.180907,0.028846,0.138697,-0.189079,0.030814,0.126746,-0.231319,0.030762,-0.068168,-0.173259,0.017887,-0.096110,-0.191443,0.015636,-0.066255,-0.185257,0.006550
0.031010,-0.174902,0.025101,0.117305,-0.195391,0.030725,0.206612,-0.463735,0.003061,0.050035,-0.791725,-0.086747,-0.032953,-0.195398,0.014884,-0.026273,-0.104036,0.005952,-0.000138,0.000064,0.000041,0.027266,-0.165201,0.025883,0.084041,-0.184874,0.027706,0.132234,-0.187740,0.027989,0.119887,-0.224641,0.028920,-0.067539,-0.179157,0.017875,-0.098855,-0.190700,0.017464,-0.073224,-0.191219,0.011220
0.025064,-0.178003,0.022650,0.104246,-0.194134,0.026629,0.206019,-0.451618,0.001102,0.091161,-0.831476,-0.095004,-0.029850,-0.195666,0.014264,-0.024332,-0.103362,0.005754,-0.000133,0.000253,0.000208,0.020528,-0.169649,0.023569,0.076708,-0.189332,0.024921,0.124379,-0.186970,0.023542,0.112221,-0.218773,0.025115,-0.066314,-0.185329,0.017521,-0.100158,-0.188935,0.019189,-0.078670,-0.194813,0.015384
0.018715,-0.180502,0.019405,0.090155,-0.192006,0.021329,0.202341,-0.441620,-0.001022,0.132057,-0.865081,-0.098998,-0.027496,-0.194587,0.013400,-0.021415,-0.102225,0.005531,-0.000164,0.000514,0.000180,0.013601,-0.173758,0.020427,0.068714,-0.194507,0.020616,0.115435,-0.187342,0.017726,0.104372,-0.214481,0.019461,-0.064662,-0.191950,0.017120,-0.100119,-0.187028,0.020945,-0.082947,-0.194802,0.018717
0.012142,-0.182953,0.015580,0.075641,-0.190069,0.015408,0.197245,-0.438213,-0.002748,0.178021,-0.896741,-0.098316,-0.026957,-0.193284,0.012232,-0.018654,-0.101209,0.005154,-0.000218,0.000775,0.000004,0.006886,-0.177904,0.016626,0.060738,-0.200759,0.015032,0.105852,-0.189583,0.010910,0.097053,-0.212775,0.012202,-0.062553,-0.199358,0.016736,-0.098676,-0.186094,0.022625,-0.086154,-0.191430,0.020944
0.005504,-0.186053,0.011416,0.060972,-0.189247,0.009289,0.191952,-0.443725,-0.003635,0.232006,-0.928430,-0.092898,-0.028440,-0.192760,0.010824,-0.016930,-0.100732,0.004593,-0.000275,0.000971,-0.000195,0.000636,-0.182666,0.012385,0.053303,-0.208302,0.008653,0.095892,-0.194109,0.003645,0.090621,-0.214329,0.003834,-0.059846,-0.207776,0.016323,-0.095849,-0.186980,0.024062,-0.088316,-0.186001,0.022026
-0.000986,-0.190375,0.007238,0.046272,-0.190139,0.003338,0.186873,-0.457895,-0.003352,0.293065,-0.958704,-0.082523,-0.031000,-0.193668,0.009327,-0.016460,-0.100933,0.003901,-0.000332,0.001109,-0.000320,-0.005055,-0.188552,0.008055,0.046438,-0.217054,0.002151,0.085581,-0.200832,-0.003410,0.084856,-0.219148,-0.004874,-0.056475,-0.217158,0.015844,-0.091895,-0.189976,0.025178,-0.089553,-0.180241,0.022228
-0.007093,-0.196222,0.003363,0.031593,-0.192951,-0.002181,0.181648,-0.477693,-0.001835,0.356888,-0.984048,-0.067149,-0.033042,-0.196221,0.007906,-0.016768,-0.101740,0.003175,-0.000401,0.001219,-0.000359,-0.010215,-0.195854,0.004000,0.039710,-0.226732,-0.003861,0.074939,-0.209337,-0.009696,0.079150,-0.226710,-0.013072,-0.052569,-0.227258,0.015283,-0.087227,-0.194918,0.025961,-0.090032,-0.175731,0.021939
-0.012702,-0.203669,-0.000090,0.016838,-0.197570,-0.007272,0.175445,-0.498341,0.000500,0.418054,-1.001449,-0.047428,-0.033211,-0.200289,0.006647,-0.017014,-0.103035,0.002491,-0.000473,0.001265,-0.000384,-0.014967,-0.204688,0.000387,0.032613,-0.237123,-0.009105,0.064222,-0.219238,-0.014994,0.072918,-0.236365,-0.020156,-0.048316,-0.237889,0.014584,-0.082231,-0.201506,0.026396,-0.089824,-0.173564,0.021441
-0.017896,-0.212667,-0.003287,0.001859,-0.203690,-0.012278,0.167442,-0.515011,0.002695,0.472080,-1.009799,-0.024829,-0.031053,-0.205581,0.005519,-0.016433,-0.104768,0.001871,-0.000494,0.001153,-0.000498,-0.019510,-0.215083,-0.002929,0.024926,-0.248247,-0.013725,0.053865,-0.230354,-0.019510,0.065872,-0.247581,-0.025996,-0.043757,-0.249084,0.013635,-0.077155,-0.209518,0.026449,-0.088925,-0.174238,0.020834
-0.022895,-0.223093,-0.006555,-0.013204,-0.210948,-0.017710,0.157575,-0.523899,0.003354,0.515834,-1.009024,-0.001444,-0.027100,-0.211824,0.004420,-0.014628,-0.106972,0.001303,-0.000412,0.000861,-0.000774,-0.024078,-0.226984,-0.006275,0.016741,-0.260265,-0.018098,0.044174,-0.242615,-0.023696,0.057995,-0.259902,-0.030882,-0.038797,-0.261011,0.012315,-0.072102,-0.218871,0.026074,-0.087383,-0.177803,0.020095
-0.027961,-0.234772,-0.010148,-0.027685,-0.219044,-0.023943,0.147324,-0.522320,0.000810,0.546774,-0.998396,0.020105,-0.022502,-0.218902,0.003253,-0.011624,-0.109735,0.000781,-0.000230,0.000512,-0.001204,-0.028910,-0.240236,-0.009912,0.008241,-0.273256,-0.022532,0.035065,-0.255895,-0.027927,0.049392,-0.272818,-0.035239,-0.033449,-0.273769,0.010558,-0.067070,-0.229608,0.025203,-0.085376,-0.184147,0.019157
-0.033321,-0.247561,-0.014120,-0.040605,-0.227870,-0.031051,0.139967,-0.508484,-0.006725,0.562202,-0.976071,0.036520,-0.018453,-0.226925,0.001970,-0.007755,-0.113197,0.000325,-0.000026,0.000281,-0.001711,-0.034212,-0.254644,-0.013903,-0.000465,-0.287127,-0.027079,0.026109,-0.270000,-0.032296,0.040182,-0.285822,-0.039364,-0.027993,-0.287303,0.008343,-0.062002,-0.241821,0.023729,-0.083148,-0.193162,0.017925
-0.039074,-0.261475,-0.018382,-0.051207,-0.237566,-0.038877,0.139647,-0.481574,-0.020816,0.558872,-0.939944,0.043850,-0.015667,-0.236197,0.000563,-0.003520,-0.117528,-0.000050,0.000104,0.000233,-0.002177,-0.040055,-0.270139,-0.018167,-0.009380,-0.301716,-0.031581,0.016760,-0.284788,-0.036647,0.030452,-0.298594,-0.043349,-0.022887,-0.301501,0.005607,-0.056819,-0.255448,0.021502,-0.080850,-0.204646,0.016253
-0.045100,-0.276681,-0.022772,-0.059282,-0.248520,-0.047060,0.149103,-0.442385,-0.041920,0.532972,-0.888378,0.038454,-0.014232,-0.247153,-0.000992,0.000362,-0.122875,-0.000391,0.000116,0.000272,-0.002475,-0.046243,-0.286787,-0.022561,-0.018575,-0.316867,-0.035801,0.006575,-0.300207,-0.040716,0.020210,-0.311050,-0.047112,-0.018582,-0.316256,0.002218,-0.051445,-0.270117,0.018381,-0.078427,-0.218116,0.013963
-0.051021,-0.293275,-0.027013,-0.065029,-0.261404,-0.054747,0.166975,-0.394257,-0.068076,0.481323,-0.820052,0.019001,-0.013969,-0.260382,-0.002858,0.002703,-0.129347,-0.000920,0.000042,0.000255,-0.002523,-0.052305,-0.304520,-0.026820,-0.028070,-0.332331,-0.039447,-0.004657,-0.316108,-0.044188,0.009376,-0.323133,-0.050399,-0.015438,-0.331363,-0.001839,-0.045912,-0.285177,0.014416,-0.075691,-0.232823,0.011007
-0.056288,-0.311014,-0.030615,-0.068662,-0.277161,-0.060324,0.186625,-0.343318,-0.094372,0.404405,-0.733666,-0.011771,-0.014923,-0.276653,-0.005458,0.001775,-0.137045,-0.002124,-0.000039,0.000145,-0.002371,-0.057618,-0.322808,-0.030459,-0.037657,-0.347634,-0.042137,-0.016825,-0.332011,-0.046692,-0.002155,-0.334597,-0.052771,-0.013764,-0.346387,-0.006210,-0.040505,-0.299914,0.010015,-0.072543,-0.247990,0.007659
-0.060339,-0.329245,-0.033045,-0.070297,-0.296559,-0.061944,0.197869,-0.296940,-0.114527,0.309527,-0.628825,-0.047331,-0.017358,-0.296529,-0.009356,-0.003984,-0.145978,-0.004599,-0.000037,0.000053,-0.002204,-0.061616,-0.340663,-0.032930,-0.046816,-0.362134,-0.043539,-0.029508,-0.347151,-0.047950,-0.014388,-0.345018,-0.053799,-0.013808,-0.360717,-0.010262,-0.035739,-0.313759,0.005822,-0.069072,-0.263066,0.004432
-0.062776,-0.347036,-0.034171,-0.070361,-0.319253,-0.058908,0.190770,-0.260958,-0.124085,0.210868,-0.508531,-0.079851,-0.021191,-0.319492,-0.014839,-0.014553,-0.155832,-0.008580,0.000101,0.000114,-0.002207,-0.063954,-0.357053,-0.034080,-0.054847,-0.375281,-0.043733,-0.042114,-0.360798,-0.048111,-0.027154,-0.353974,-0.053482,-0.015609,-0.373820,-0.013579,-0.032011,-0.326334,0.002259,-0.065340,-0.277713,0.001640
-0.063502,-0.363426,-0.034496,-0.070057,-0.343298,-0.052504,0.159506,-0.237808,-0.122576,0.124804,-0.381703,-0.102983,-0.025510,-0.343508,-0.021576,-0.027576,-0.165854,-0.013596,0.000352,0.000349,-0.002391,-0.064561,-0.371318,-0.034406,-0.061169,-0.386820,-0.043386,-0.054099,-0.372550,-0.047892,-0.040156,-0.361183,-0.052442,-0.018819,-0.385432,-0.016323,-0.029215,-0.337349,-0.000789,-0.061084,-0.291551,-0.000916
-0.062752,-0.377759,-0.034710,-0.071095,-0.366291,-0.044870,0.105518,-0.226820,-0.112733,0.062850,-0.262423,-0.113364,-0.028930,-0.366183,-0.028862,-0.039858,-0.175206,-0.018763,0.000615,0.000617,-0.002559,-0.063598,-0.383290,-0.034624,-0.065579,-0.396774,-0.043280,-0.065111,-0.382394,-0.048075,-0.053063,-0.366558,-0.051447,-0.022716,-0.395542,-0.018909,-0.026707,-0.346601,-0.003656,-0.055711,-0.304042,-0.003643
-0.061001,-0.390088,-0.034886,-0.074599,-0.387561,-0.036721,0.039158,-0.225549,-0.097945,0.027035,-0.164569,-0.110990,-0.030562,-0.386915,-0.036327,-0.050361,-0.183599,-0.023573,0.000770,0.000720,-0.002403,-0.061374,-0.393229,-0.034845,-0.068347,-0.405341,-0.043500,-0.075008,-0.390648,-0.048673,-0.065568,-0.370308,-0.050568,-0.026449,-0.404303,-0.021260,-0.023709,-0.354239,-0.006249,-0.048630,-0.314795,-0.006507
-0.058795,-0.401266,-0.034285,-0.080209,-0.408944,-0.026599,-0.023037,-0.230787,-0.080542,0.011012,-0.095372,-0.098820,-0.030524,-0.407662,-0.044297,-0.061348,-0.191518,-0.028273,0.000760,0.000527,-0.001603,-0.058331,-0.401727,-0.034352,-0.070140,-0.412857,-0.043223,-0.083851,-0.397896,-0.048743,-0.077383,-0.373039,-0.049002,-0.029350,-0.412011,-0.022607,-0.019759,-0.361072,-0.007926,-0.039590,-0.324026,-0.008914
-0.056557,-0.412365,-0.032127,-0.086371,-0.432777,-0.012754,-0.066411,-0.239186,-0.061919,0.005531,-0.053166,-0.081413,-0.029362,-0.430931,-0.053265,-0.075730,-0.199694,-0.033292,0.000601,0.000009,0.000131,-0.055027,-0.409507,-0.032339,-0.071809,-0.419754,-0.041530,-0.091919,-0.404825,-0.047246,-0.088265,-0.375595,-0.045925,-0.031138,-0.419078,-0.022170,-0.014806,-0.368416,-0.008161,-0.028746,-0.332582,-0.010351
-0.054414,-0.423772,-0.028463,-0.091493,-0.459005,0.004404,-0.086001,-0.247852,-0.043408,0.003653,-0.030473,-0.062993,-0.027110,-0.456892,-0.062983,-0.093182,-0.208325,-0.038306,0.000335,-0.000820,0.003048,-0.051969,-0.417058,-0.028801,-0.074119,-0.426377,-0.038382,-0.099651,-0.411873,-0.044091,-0.098035,-0.378615,-0.041500,-0.031928,-0.425850,-0.019962,-0.008976,-0.377391,-0.007220,-0.016458,-0.341497,-0.011018
-0.052149,-0.434846,-0.024215,-0.094804,-0.484448,0.021935,-0.087127,-0.254791,-0.026641,0.002407,-0.018936,-0.046264,-0.023166,-0.482572,-0.072111,-0.109205,-0.216877,-0.041976,0.000002,-0.001962,0.007324,-0.049295,-0.424393,-0.024616,-0.077511,-0.432784,-0.034757,-0.107363,-0.418987,-0.040291,-0.106517,-0.382168,-0.036931,-0.032023,-0.432405,-0.016869,-0.002301,-0.388222,-0.006078,-0.003128,-0.351684,-0.011661
-0.049282,-0.444442,-0.020489,-0.096250,-0.504718,0.036083,-0.079213,-0.258961,-0.013265,0.001444,-0.012558,-0.032548,-0.017101,-0.503670,-0.078738,-0.117857,-0.224558,-0.042600,-0.000310,-0.003482,0.013047,-0.046563,-0.431217,-0.020902,-0.081999,-0.438781,-0.031941,-0.114915,-0.425758,-0.037205,-0.113456,-0.385773,-0.033601,-0.031555,-0.438579,-0.014045,0.005292,-0.400138,-0.005722,0.010776,-0.364109,-0.012842
-0.045289,-0.451703,-0.017903,-0.095808,-0.516594,0.044126,-0.069768,-0.260057,-0.004476,0.001108,-0.008327,-0.022418,-0.009398,-0.516846,-0.081133,-0.115148,-0.230924,-0.038937,-0.000463,-0.005618,0.020197,-0.042940,-0.437309,-0.018330,-0.087329,-0.444148,-0.030748,-0.121746,-0.431799,-0.035711,-0.118582,-0.388709,-0.032231,-0.030333,-0.444189,-0.012258,0.013769,-0.411903,-0.006536,0.024645,-0.379934,-0.014423
-0.039854,-0.456337,-0.016344,-0.092989,-0.518851,0.045052,-0.063069,-0.258236,-0.000672,0.001409,-0.005263,-0.015879,-0.001222,-0.520559,-0.078102,-0.100417,-0.236026,-0.030532,-0.000371,-0.008982,0.028671,-0.037785,-0.442655,-0.016818,-0.093331,-0.448769,-0.031174,-0.127448,-0.436965,-0.035824,-0.121823,-0.390313,-0.032641,-0.028176,-0.449164,-0.011533,0.022754,-0.422462,-0.008129,0.037833,-0.399974,-0.015663
-0.033050,-0.458345,-0.015100,-0.087036,-0.511673,0.039266,-0.061730,-0.253847,-0.001380,0.001944,-0.003169,-0.012241,0.006556,-0.514596,-0.068989,-0.075790,-0.240079,-0.017549,-0.000001,-0.014737,0.038350,-0.031208,-0.447241,-0.015606,-0.100156,-0.452542,-0.032477,-0.132349,-0.441254,-0.036788,-0.123442,-0.390167,-0.034048,-0.025383,-0.453437,-0.011169,0.031516,-0.431275,-0.009568,0.049888,-0.423658,-0.015704
-0.025382,-0.457728,-0.013224,-0.077610,-0.496046,0.028191,-0.067165,-0.247240,-0.005434,0.002236,-0.001870,-0.010321,0.014078,-0.499643,-0.053830,-0.045438,-0.243048,-0.000645,0.000960,-0.024579,0.049169,-0.024166,-0.450827,-0.013629,-0.108147,-0.455210,-0.033526,-0.137507,-0.444603,-0.037436,-0.123882,-0.388237,-0.035509,-0.022774,-0.456791,-0.010073,0.039198,-0.438336,-0.009819,0.060643,-0.448520,-0.014042
-0.017639,-0.454494,-0.009979,-0.065283,-0.473853,0.014105,-0.078213,-0.238757,-0.011239,0.002065,-0.001061,-0.009004,0.022170,-0.477532,-0.033802,-0.015415,-0.244596,0.018864,0.003752,-0.040727,0.061137,-0.018006,-0.452908,-0.010038,-0.117375,-0.456344,-0.033313,-0.144035,-0.446767,-0.036721,-0.123524,-0.384924,-0.036312,-0.021195,-0.458811,-0.007271,0.045174,-0.444010,-0.008201,0.070095,-0.470816,-0.010746
-0.010631,-0.448746,-0.005181,-0.051370,-0.448065,-0.000075,-0.090394,-0.228837,-0.017010,0.001545,-0.000453,-0.007653,0.031258,-0.451426,-0.011461,0.006926,-0.244529,0.038826,0.011075,-0.066184,0.074187,-0.013782,-0.452782,-0.004630,-0.127196,-0.455424,-0.031406,-0.152318,-0.447288,-0.034204,-0.122640,-0.380862,-0.036170,-0.020955,-0.458964,-0.002352,0.049322,-0.448769,-0.004684,0.078218,-0.486944,-0.006408
-0.004934,-0.440621,0.000720,-0.037353,-0.422157,-0.011461,-0.097579,-0.218073,-0.021122,0.000969,0.000092,-0.006127,0.040548,-0.425102,0.009789,0.015300,-0.243463,0.056485,0.027124,-0.104979,0.087911,-0.011761,-0.449645,0.002035,-0.136122,-0.451923,-0.028111,-0.161628,-0.445536,-0.030223,-0.121542,-0.376519,-0.035159,-0.021621,-0.456676,0.004364,0.052084,-0.452854,0.000116,0.084898,-0.494775,-0.001879
-0.000797,-0.430226,0.006851,-0.024501,-0.398996,-0.018098,-0.095066,-0.207119,-0.022541,0.000594,0.000558,-0.004578,0.048284,-0.401658,0.026849,0.008340,-0.243278,0.069162,0.056949,-0.161399,0.101414,-0.011413,-0.442833,0.008897,-0.142171,-0.445420,-0.024203,-0.170308,-0.440927,-0.025591,-0.120570,-0.371961,-0.033454,-0.022214,-0.451437,0.011974,0.054295,-0.456042,0.005204,0.090017,-0.494338,0.002082
0.001793,-0.417835,0.012328,-0.013850,-0.380124,-0.019498,-0.081672,-0.196593,-0.021085,0.000530,0.000872,-0.003207,0.052837,-0.382709,0.037977,-0.007655,-0.247003,0.075022,0.105206,-0.237738,0.113610,-0.011795,-0.432262,0.014879,-0.143601,-0.435814,-0.020396,-0.176374,-0.433305,-0.021023,-0.119827,-0.367075,-0.031075,-0.021616,-0.443036,0.019360,0.056786,-0.457726,0.009616,0.093495,-0.487689,0.005104
0.003002,-0.404176,0.016621,-0.006147,-0.365825,-0.016499,-0.059734,-0.187020,-0.017306,0.000729,0.000987,-0.002080,0.053614,-0.368483,0.043192,-0.020559,-0.257812,0.073614,0.174590,-0.331920,0.124223,-0.012026,-0.418777,0.019341,-0.139695,-0.423548,-0.016945,-0.178222,-0.423212,-0.016726,-0.118977,-0.362093,-0.027840,-0.019043,-0.431817,0.025583,0.059891,-0.457227,0.012784,0.095160,-0.478067,0.007336
0.003141,-0.390386,0.019662,-0.001573,-0.355521,-0.010742,-0.033650,-0.178782,-0.012146,0.001044,0.000905,-0.001078,0.051124,-0.358288,0.043927,-0.019632,-0.277238,0.066018,0.264463,-0.437367,0.135172,-0.011572,-0.403979,0.022210,-0.131041,-0.409601,-0.013663,-0.175077,-0.411712,-0.012481,-0.117463,-0.357807,-0.023557,-0.014398,-0.418688,0.030107,0.063147,-0.454017,0.014672,0.094512,-0.468517,0.009314
0.002655,-0.377510,0.021607,0.000390,-0.348054,-0.004135,-0.008123,-0.171989,-0.006653,0.001307,0.000659,-0.000026,0.046421,-0.350866,0.042133,-0.003160,-0.303698,0.054450,0.370140,-0.545814,0.151052,-0.010290,-0.389509,0.023736,-0.119106,-0.395125,-0.010306,-0.166993,-0.399781,-0.008116,-0.114993,-0.355087,-0.018284,-0.008290,-0.404759,0.032763,0.065427,-0.447656,0.015604,0.090637,-0.460526,0.011628
0.001967,-0.365969,0.022499,0.000554,-0.341955,0.001594,0.013196,-0.166398,-0.001813,0.001410,0.000313,0.001112,0.040603,-0.344715,0.039306,0.020768,-0.333012,0.041297,0.482973,-0.650842,0.177395,-0.008409,-0.376294,0.024102,-0.105483,-0.380965,-0.006947,-0.154602,-0.387776,-0.003891,-0.111865,-0.354048,-0.012435,-0.001668,-0.390859,0.033564,0.065435,-0.437627,0.015965,0.082416,-0.453460,0.014613
0.001216,-0.355454,0.022158,-0.000603,-0.335839,0.005280,0.028411,-0.161500,0.001611,0.001350,-0.000031,0.002162,0.034652,-0.338511,0.035995,0.041409,-0.361053,0.028056,0.591348,-0.749370,0.217271,-0.006486,-0.364314,0.023252,-0.091437,-0.367417,-0.004018,-0.138948,-0.375405,-0.000465,-0.108860,-0.353637,-0.006637,0.004650,-0.377305,0.032610,0.062226,-0.423442,0.016016,0.069062,-0.445206,0.018245
0.000146,-0.345261,0.020408,-0.003138,-0.328749,0.006534,0.037333,-0.156726,0.003257,0.001199,-0.000263,0.002888,0.029389,-0.331420,0.032096,0.053335,-0.386523,0.014947,0.682745,-0.840602,0.268695,-0.005280,-0.352953,0.021094,-0.077972,-0.354353,-0.002009,-0.121512,-0.362166,0.001527,-0.106786,-0.352021,-0.001478,0.010216,-0.364038,0.030186,0.055523,-0.405067,0.015929,0.050804,-0.433539,0.022231
-0.001697,-0.334757,0.017385,-0.007289,-0.320271,0.005685,0.040917,-0.151660,0.003258,0.001024,-0.000323,0.003200,0.025393,-0.323146,0.027497,0.058442,-0.411819,0.001363,0.746556,-0.924127,0.324658,-0.005492,-0.341557,0.017788,-0.066035,-0.341512,-0.001120,-0.104145,-0.347812,0.001889,-0.106014,-0.347450,0.002692,0.014896,-0.350921,0.026842,0.045758,-0.383308,0.015888,0.029271,-0.417253,0.026144
-0.004655,-0.323704,0.013568,-0.013060,-0.310551,0.003518,0.040713,-0.146154,0.002163,0.000834,-0.000232,0.003232,0.022973,-0.313904,0.022376,0.062539,-0.441786,-0.013373,0.776676,-0.998914,0.375188,-0.007520,-0.329821,0.013816,-0.056481,-0.328713,-0.001132,-0.088723,-0.332519,0.000975,-0.106328,-0.338963,0.005816,0.018750,-0.337919,0.023272,0.033979,-0.359758,0.016051,0.007213,-0.396466,0.029474
-0.008763,-0.312375,0.009544,-0.020163,-0.300308,0.000964,0.038553,-0.140375,0.000707,0.000606,-0.000081,0.003232,0.022255,-0.304443,0.017006,0.071220,-0.481415,-0.029448,0.772615,-1.063682,0.409933,-0.011326,-0.317911,0.009744,-0.049814,-0.315911,-0.001555,-0.076673,-0.316739,-0.000526,-0.107128,-0.326542,0.008059,0.021971,-0.325104,0.019980,0.021687,-0.336330,0.016378,-0.012369,-0.372235,0.031629
-0.013751,-0.301439,0.005719,-0.028242,-0.290642,-0.001205,0.036248,-0.134729,-0.000480,0.000361,-0.000004,0.003389,0.023236,-0.295880,0.011494,0.087692,-0.533504,-0.046180,0.738643,-1.117864,0.420572,-0.016473,-0.306362,0.005952,-0.045995,-0.303168,-0.001865,-0.068714,-0.300966,-0.001905,-0.107790,-0.310762,0.009697,0.024865,-0.312594,0.017042,0.010604,-0.314703,0.016511,-0.027167,-0.346019,0.032016
-0.019179,-0.291672,0.002233,-0.037052,-0.282543,-0.002630,0.035090,-0.129658,-0.001100,0.000188,-0.000131,0.003735,0.025782,-0.289234,0.005850,0.112293,-0.597230,-0.061833,0.681660,-1.161923,0.402843,-0.022281,-0.295848,0.002542,-0.044454,-0.290621,-0.001681,-0.064891,-0.285563,-0.002657,-0.107925,-0.292333,0.011014,0.027835,-0.300519,0.014150,0.002329,-0.295948,0.015898,-0.036150,-0.319361,0.030258
-0.024547,-0.283596,-0.000959,-0.046434,-0.276358,-0.003437,0.035366,-0.125412,-0.001244,0.000177,-0.000522,0.004175,0.029670,-0.284898,0.000216,0.142833,-0.668442,-0.073854,0.608845,-1.196516,0.357376,-0.028022,-0.286894,-0.000567,-0.044333,-0.278425,-0.000830,-0.064732,-0.270709,-0.002563,-0.107417,-0.271849,0.012227,0.031311,-0.289000,0.010899,-0.002044,-0.280424,0.014087,-0.039580,-0.293713,0.026421
-0.029337,-0.277269,-0.003946,-0.056152,-0.271668,-0.004048,0.036279,-0.121937,-0.001201,0.000318,-0.001142,0.004629,0.034796,-0.282521,-0.005079,0.175486,-0.741547,-0.079667,0.525796,-1.221149,0.288574,-0.033058,-0.279657,-0.003485,-0.044834,-0.266689,0.000630,-0.067383,-0.256422,-0.001692,-0.106295,-0.249783,0.013439,0.035635,-0.278123,0.007063,-0.002184,-0.267863,0.010963,-0.038564,-0.270232,0.021031
-0.032993,-0.272335,-0.006772,-0.065816,-0.267681,-0.004816,0.036447,-0.119003,-0.001152,0.000479,-0.001908,0.005212,0.041351,-0.281407,-0.009750,0.205944,-0.811474,-0.077622,0.435542,-1.233620,0.202355,-0.036860,-0.273894,-0.006256,-0.045536,-0.255409,0.002423,-0.071680,-0.242659,-0.000364,-0.104586,-0.226618,0.014625,0.040967,-0.267915,0.002688,0.001500,-0.257595,0.006779,-0.034441,-0.249552,0.014857
-0.034963,-0.268278,-0.009419,-0.074921,-0.263855,-0.005694,0.034789,-0.116449,-0.000918,0.000498,-0.002800,0.006297,0.049713,-0.281119,-0.013837,0.230422,-0.874146,-0.067584,0.338553,-1.230932,0.104442,-0.038977,-0.269120,-0.008850,-0.046463,-0.244502,0.004119,-0.076295,-0.229440,0.000951,-0.102205,-0.203014,0.015638,0.047261,-0.258374,-0.001977,0.008085,-0.248853,0.002012,-0.028369,-0.231783,0.008641
-0.034819,-0.264684,-0.011821,-0.082936,-0.260267,-0.006175,0.031270,-0.114363,0.000039,0.000290,-0.003969,0.008388,0.060062,-0.281795,-0.017773,0.246447,-0.925538,-0.050952,0.233463,-1.211376,0.000011,-0.039055,-0.264830,-0.011192,-0.047837,-0.233925,0.005258,-0.079974,-0.216938,0.001771,-0.098922,-0.179941,0.016234,0.054291,-0.249543,-0.006592,0.016423,-0.241075,-0.002808,-0.021220,-0.216775,0.002943
-0.032368,-0.261348,-0.013914,-0.089346,-0.257487,-0.005553,0.026992,-0.113098,0.002361,-0.000131,-0.005828,0.011851,0.072128,-0.283981,-0.022172,0.253549,-0.960800,-0.030317,0.118120,-1.176455,-0.106059,-0.036888,-0.260655,-0.013218,-0.049739,-0.223773,0.005482,-0.081833,-0.205453,0.001723,-0.094444,-0.158628,0.016099,0.061710,-0.241551,-0.010834,0.025416,-0.234048,-0.007242,-0.013597,-0.204437,-0.001900
-0.027612,-0.258274,-0.015722,-0.093616,-0.256176,-0.003358,0.023670,-0.113139,0.006405,-0.000711,-0.009086,0.016630,0.085352,-0.288227,-0.027544,0.253564,-0.974795,-0.009038,-0.009351,-1.131080,-0.209149,-0.032413,-0.256452,-0.014959,-0.051919,-0.214268,0.004574,-0.081577,-0.195276,0.000588,-0.088618,-0.140272,0.014901,0.069150,-0.234568,-0.014552,0.034286,-0.227858,-0.011108,-0.005852,-0.194894,-0.005823
-0.020654,-0.255688,-0.017461,-0.095143,-0.256808,0.000283,0.023005,-0.114945,0.011962,-0.001405,-0.014559,0.022113,0.099213,-0.294829,-0.034175,0.249777,-0.963955,0.009203,-0.149513,-1.081481,-0.304905,-0.025716,-0.252374,-0.016639,-0.053890,-0.205680,0.002424,-0.079537,-0.186592,-0.001735,-0.081621,-0.125709,0.012345,0.076324,-0.228739,-0.017937,0.042725,-0.222741,-0.014628,0.001860,-0.188431,-0.009098
-0.011675,-0.254063,-0.019567,-0.093293,-0.259689,0.004618,0.026264,-0.118821,0.018259,-0.002145,-0.022713,0.027293,0.113297,-0.303831,-0.042185,0.244750,-0.928266,0.020921,-0.300684,-1.031901,-0.388815,-0.017074,-0.248899,-0.018682,-0.055157,-0.198274,-0.001001,-0.076466,-0.179562,-0.005238,-0.073973,-0.115298,0.008287,0.083031,-0.224168,-0.021567,0.050852,-0.218980,-0.018452,0.009474,-0.185305,-0.012351
-0.000956,-0.254036,-0.022526,-0.087627,-0.265012,0.008598,0.033763,-0.124818,0.024298,-0.002814,-0.033235,0.031259,0.127040,-0.315066,-0.051555,0.237783,-0.871847,0.023438,-0.458249,-0.982086,-0.455814,-0.006909,-0.246720,-0.021560,-0.055337,-0.192274,-0.005621,-0.073117,-0.174446,-0.009753,-0.066300,-0.109038,0.002874,0.089144,-0.220902,-0.026211,0.059062,-0.216816,-0.023444,0.017030,-0.185555,-0.016395
0.011187,-0.256098,-0.026568,-0.078262,-0.272549,0.011292,0.044007,-0.132583,0.029207,-0.003306,-0.044926,0.033687,0.139358,-0.327818,-0.061919,0.223370,-0.801213,0.015476,-0.614214,-0.926823,-0.500615,0.004479,-0.246485,-0.025509,-0.054027,-0.187815,-0.011130,-0.069755,-0.171538,-0.014873,-0.058951,-0.106703,-0.003382,0.094719,-0.218906,-0.032433,0.067910,-0.216350,-0.030243,0.024878,-0.188910,-0.021894
0.024516,-0.260227,-0.031356,-0.066024,-0.281011,0.012022,0.052788,-0.141150,0.032274,-0.003651,-0.056039,0.034920,0.148441,-0.340121,-0.072070,0.191738,-0.721900,-0.002313,-0.756595,-0.857650,-0.518645,0.017228,-0.248557,-0.030243,-0.050525,-0.184954,-0.016880,-0.065856,-0.170925,-0.019917,-0.051676,-0.107829,-0.009610,0.100217,-0.218079,-0.040166,0.078051,-0.217481,-0.038794,0.033860,-0.194835,-0.028943
0.038864,-0.265763,-0.035860,-0.052142,-0.287681,0.010193,0.053089,-0.148889,0.032714,-0.004064,-0.064868,0.035614,0.152047,-0.348356,-0.079506,0.132908,-0.636207,-0.026710,-0.868587,-0.766691,-0.506852,0.031856,-0.252978,-0.034819,-0.043753,-0.183765,-0.021754,-0.060210,-0.172340,-0.023869,-0.043609,-0.111671,-0.014581,0.106585,-0.218371,-0.048480,0.090127,-0.219975,-0.048093,0.045208,-0.202662,-0.036809
0.053931,-0.271710,-0.038591,-0.037617,-0.289139,0.005204,0.036909,-0.153939,0.029667,-0.004822,-0.070403,0.036356,0.148522,-0.348156,-0.080730,0.044571,-0.544440,-0.051569,-0.929051,-0.651926,-0.464443,0.048695,-0.259613,-0.037817,-0.032566,-0.184441,-0.024212,-0.051441,-0.175345,-0.025380,-0.033616,-0.117313,-0.016759,0.114959,-0.219891,-0.055765,0.104587,-0.223646,-0.056391,0.060119,-0.211698,-0.044081
0.069088,-0.277210,-0.038300,-0.022747,-0.283155,-0.003153,-0.000580,-0.155115,0.022855,-0.006090,-0.072775,0.037627,0.138062,-0.336759,-0.072896,-0.061141,-0.448674,-0.069157,-0.917439,-0.520923,-0.394355,0.067247,-0.268136,-0.037988,-0.016241,-0.187228,-0.022828,-0.038574,-0.179623,-0.023194,-0.020757,-0.123950,-0.014758,0.126077,-0.222797,-0.060435,0.121456,-0.228380,-0.061964,0.079208,-0.221189,-0.049348
0.083402,-0.281690,-0.034854,-0.007087,-0.270563,-0.014022,-0.056559,-0.152757,0.013514,-0.007859,-0.073248,0.040042,0.122970,-0.315251,-0.056172,-0.160003,-0.355062,-0.073886,-0.824297,-0.389020,-0.305125,0.086015,-0.277634,-0.035123,0.005262,-0.192157,-0.017244,-0.021346,-0.185014,-0.017010,-0.004645,-0.131162,-0.008262,0.139667,-0.226939,-0.061792,0.140123,-0.233910,-0.064048,0.102123,-0.230141,-0.052074
0.095928,-0.284556,-0.029466,0.010318,-0.255201,-0.025333,-0.120152,-0.148717,0.004574,-0.010067,-0.073665,0.044509,0.106484,-0.288397,-0.034508,-0.227108,-0.272104,-0.065753,-0.662166,-0.272076,-0.210923,0.102999,-0.286233,-0.030315,0.031284,-0.198848,-0.008733,-0.000206,-0.191327,-0.008047,0.014349,-0.139137,0.001364,0.154066,-0.231553,-0.060274,0.159145,-0.239623,-0.063131,0.127439,-0.237314,-0.052880
0.106074,-0.284908,-0.023768,0.030550,-0.241385,-0.034658,-0.178271,-0.145231,-0.000539,-0.012734,-0.075540,0.052096,0.091314,-0.261612,-0.013231,-0.247285,-0.206566,-0.049536,-0.466776,-0.179480,-0.127709,0.116526,-0.291496,-0.025085,0.060375,-0.206613,0.000452,0.023806,-0.198360,0.001552,0.035088,-0.148815,0.011675,0.166359,-0.235453,-0.056710,0.176263,-0.244815,-0.060223,0.152823,-0.241724,-0.052807
0.113818,-0.281873,-0.018498,0.054111,-0.231018,-0.040465,-0.223299,-0.143535,0.000378,-0.015971,-0.079189,0.063712,0.079075,-0.237777,0.004650,-0.218427,-0.160661,-0.030326,-0.283178,-0.112623,-0.066764,0.125921,-0.291684,-0.020097,0.090185,-0.214700,0.008554,0.049310,-0.206137,0.010152,0.056024,-0.161647,0.020673,0.173425,-0.237619,-0.051406,0.188951,-0.249211,-0.055888,0.175586,-0.243367,-0.052310
0.119599,-0.275388,-0.013171,0.079908,-0.223176,-0.042515,-0.255138,-0.143482,0.007550,-0.019870,-0.083300,0.079729,0.070400,-0.216982,0.019538,-0.151201,-0.132099,-0.010607,-0.144740,-0.067855,-0.030251,0.131659,-0.286851,-0.014869,0.117797,-0.222326,0.015208,0.075043,-0.214908,0.017488,0.075941,-0.178709,0.027823,0.173562,-0.237629,-0.044193,0.195505,-0.253085,-0.050158,0.193651,-0.243344,-0.051129
0.123898,-0.266529,-0.007002,0.104830,-0.216277,-0.041122,-0.276079,-0.144318,0.019768,-0.024353,-0.085236,0.099490,0.064973,-0.198884,0.032891,-0.066869,-0.116094,0.008537,-0.060674,-0.039802,-0.012434,0.134900,-0.278648,-0.008688,0.140670,-0.228582,0.021011,0.100272,-0.224696,0.024195,0.094615,-0.199700,0.033667,0.167490,-0.235590,-0.035243,0.195823,-0.256736,-0.043198,0.206372,-0.243101,-0.049005
0.126785,-0.256905,0.000107,0.124805,-0.210179,-0.036316,-0.284778,-0.145550,0.035160,-0.029047,-0.081900,0.120775,0.061504,-0.184514,0.044567,0.009876,-0.107728,0.025144,-0.019915,-0.023107,-0.005136,0.136675,-0.269033,-0.001562,0.157560,-0.232560,0.026520,0.124714,-0.234871,0.030775,0.112741,-0.222762,0.038718,0.157723,-0.231799,-0.025460,0.191117,-0.259906,-0.035655,0.214432,-0.243535,-0.046161
0.127808,-0.247773,0.007490,0.136883,-0.206258,-0.027916,-0.275606,-0.146995,0.051427,-0.033282,-0.070546,0.139830,0.058109,-0.175731,0.052726,0.060853,-0.103469,0.036418,-0.004444,-0.013298,-0.002444,0.137259,-0.259182,0.005762,0.168638,-0.233732,0.031793,0.147907,-0.244277,0.037164,0.131080,-0.245367,0.042893,0.146901,-0.226569,-0.016011,0.182840,-0.261820,-0.028297,0.218842,-0.244776,-0.043025
0.126319,-0.239766,0.014315,0.140769,-0.206073,-0.016255,-0.243310,-0.148365,0.065967,-0.036389,-0.049396,0.152598,0.053082,-0.173562,0.055722,0.079675,-0.101451,0.040594,-0.000017,-0.007369,-0.001656,0.136154,-0.249520,0.012454,0.174824,-0.232245,0.036670,0.168645,-0.251826,0.043104,0.149539,-0.265520,0.045835,0.136509,-0.220301,-0.007695,0.171929,-0.261759,-0.021567,0.219905,-0.246622,-0.039726
0.121953,-0.233191,0.020094,0.138609,-0.210153,-0.002624,-0.188574,-0.149317,0.076538,-0.038406,-0.018833,0.156648,0.045609,-0.177337,0.053622,0.070212,-0.100904,0.038201,0.000820,-0.003786,-0.001765,0.132586,-0.240358,0.018099,0.177043,-0.228847,0.041157,0.185131,-0.256997,0.048586,0.166956,-0.282342,0.047452,0.126778,-0.213586,-0.000774,0.158860,-0.259529,-0.015544,0.216966,-0.248899,-0.035977
0.114904,-0.228119,0.024713,0.133225,-0.217375,0.010998,-0.120511,-0.150266,0.082013,-0.040941,0.016383,0.152131,0.036154,-0.184866,0.048197,0.042555,-0.101371,0.031709,0.000729,-0.001863,-0.002143,0.126151,-0.232118,0.022670,0.175910,-0.224418,0.045388,0.195820,-0.259760,0.053766,0.181690,-0.295790,0.047993,0.117371,-0.207031,0.004777,0.144158,-0.255318,-0.010164,0.209003,-0.251307,-0.031336
0.105871,-0.223979,0.028212,0.126131,-0.224721,0.022549,-0.054697,-0.153232,0.082357,-0.047518,0.045637,0.140736,0.026475,-0.192912,0.041972,0.009877,-0.102144,0.024360,0.000319,-0.001098,-0.002276,0.117188,-0.224869,0.026232,0.171783,-0.219343,0.049275,0.200236,-0.260035,0.058532,0.192449,-0.305937,0.047655,0.108079,-0.200826,0.009038,0.128702,-0.249138,-0.005392,0.195430,-0.253014,-0.025515
0.095772,-0.219310,0.030624,0.116948,-0.227857,0.030407,-0.007229,-0.161720,0.077783,-0.062852,0.055069,0.123641,0.019063,-0.197799,0.037252,-0.014449,-0.102165,0.019061,-0.000257,-0.000935,-0.001922,0.106677,-0.217886,0.028766,0.164889,-0.213261,0.052339,0.199115,-0.257376,0.062311,0.198741,-0.312579,0.046302,0.098975,-0.194518,0.012112,0.113521,-0.240525,-0.001204,0.176474,-0.252656,-0.018478
0.085441,-0.212415,0.032006,0.104816,-0.223180,0.033809,0.013055,-0.179170,0.068166,-0.091123,0.035119,0.100602,0.015877,-0.196644,0.035405,-0.020904,-0.100486,0.017543,-0.000807,-0.000903,-0.001132,0.095738,-0.210003,0.030251,0.155435,-0.205537,0.053952,0.193861,-0.251341,0.064372,0.200784,-0.315518,0.043610,0.090089,-0.187366,0.014212,0.099235,-0.228913,0.002512,0.152950,-0.248984,-0.010372
0.075486,-0.202583,0.032505,0.090495,-0.210326,0.033114,0.009601,-0.206706,0.053482,-0.134175,-0.012347,0.070959,0.017001,-0.188876,0.036412,-0.007825,-0.096927,0.019800,-0.001139,-0.000782,-0.000178,0.085171,-0.200519,0.030795,0.143736,-0.196105,0.053743,0.185831,-0.242214,0.064306,0.199141,-0.315122,0.039460,0.081071,-0.179067,0.015666,0.085648,-0.214354,0.005965,0.125857,-0.241643,-0.001469
0.066335,-0.190686,0.032313,0.076838,-0.192763,0.029668,-0.004298,-0.241759,0.034776,-0.190707,-0.075040,0.035239,0.020389,-0.176630,0.038976,0.018066,-0.092248,0.024216,-0.001193,-0.000587,0.000597,0.075375,-0.189788,0.030624,0.130328,-0.185840,0.051758,0.175957,-0.231238,0.062197,0.194481,-0.312422,0.034092,0.071327,-0.170151,0.016781,0.071941,-0.197851,0.009336,0.096257,-0.231286,0.007784
0.058308,-0.178561,0.031555,0.067011,-0.175544,0.025135,-0.014520,-0.278761,0.014531,-0.256767,-0.139764,-0.004350,0.023078,-0.163335,0.041319,0.045903,-0.087570,0.028568,-0.001056,-0.000405,0.000990,0.066580,-0.178937,0.029915,0.116008,-0.176137,0.048277,0.164758,-0.220038,0.058397,0.187570,-0.308511,0.027881,0.060484,-0.161678,0.017668,0.057370,-0.180991,0.012616,0.065476,-0.218955,0.016703
0.051630,-0.167844,0.030219,0.062444,-0.162314,0.020735,-0.014265,-0.311508,-0.004059,-0.326888,-0.201305,-0.044628,0.022831,-0.151716,0.042132,0.066464,-0.083628,0.031197,-0.000863,-0.000257,0.001039,0.059051,-0.169114,0.028671,0.101748,-0.168176,0.043567,0.152541,-0.209823,0.053211,0.179259,-0.303895,0.021060,0.048703,-0.154617,0.018199,0.041860,-0.165313,0.015548,0.035193,-0.205444,0.024431
0.046413,-0.159310,0.028216,0.062519,-0.154105,0.016945,-0.005219,-0.335711,-0.018312,-0.395086,-0.262744,-0.082254,0.018970,-0.142874,0.040984,0.075391,-0.080534,0.031503,-0.000709,-0.000091,0.000920,0.053029,-0.160963,0.026786,0.088527,-0.162491,0.037840,0.139572,-0.201078,0.046863,0.170235,-0.298431,0.013774,0.036551,-0.149418,0.018131,0.025998,-0.151926,0.017743,0.007137,-0.191234,0.030165
0.042615,-0.152914,0.025548,0.065654,-0.150082,0.013774,0.006814,-0.350416,-0.026887,-0.455544,-0.329369,-0.114092,0.012171,-0.136661,0.038123,0.072997,-0.078066,0.029713,-0.000637,0.000129,0.000740,0.048543,-0.154513,0.024245,0.077111,-0.158955,0.031406,0.126154,-0.193775,0.039694,0.160683,-0.291741,0.006385,0.024687,-0.145954,0.017344,0.010595,-0.141394,0.018920,-0.017403,-0.176776,0.033464
0.039996,-0.148107,0.022425,0.070210,-0.148725,0.011186,0.016516,-0.357835,-0.029900,-0.503221,-0.403634,-0.137540,0.003787,-0.132405,0.034118,0.062432,-0.075995,0.026450,-0.000659,0.000367,0.000466,0.045303,-0.149337,0.021259,0.067886,-0.156975,0.024766,0.112673,-0.187698,0.032298,0.150232,-0.283549,-0.000356,0.013625,-0.143697,0.015995,-0.003732,-0.133741,0.019102,-0.037822,-0.162639,0.034436
0.038086,-0.144150,0.019240,0.074666,-0.148514,0.009287,0.021204,-0.361970,-0.028563,-0.534494,-0.484596,-0.151200,-0.004836,-0.129373,0.029618,0.047778,-0.074184,0.022452,-0.000768,0.000538,0.000042,0.042778,-0.144806,0.018227,0.060832,-0.155801,0.018524,0.099624,-0.182622,0.025396,0.138305,-0.273723,-0.005509,0.003628,-0.141995,0.014483,-0.016715,-0.128569,0.018634,-0.054071,-0.149459,0.033642
0.036260,-0.140428,0.016421,0.077619,-0.148283,0.008248,0.021007,-0.366913,-0.024631,-0.547519,-0.569788,-0.155393,-0.012805,-0.126993,0.025218,0.032600,-0.072559,0.018407,-0.000924,0.000588,-0.000491,0.040356,-0.140404,0.015567,0.055666,-0.154844,0.013214,0.087583,-0.178377,0.019602,0.124570,-0.262232,-0.008308,-0.005266,-0.140361,0.013274,-0.028360,-0.125330,0.018000,-0.066355,-0.137843,0.031805
0.033881,-0.136702,0.014279,0.078000,-0.147464,0.008152,0.018012,-0.375686,-0.019856,-0.542046,-0.656642,-0.151889,-0.019805,-0.125015,0.021353,0.019101,-0.071104,0.014814,-0.001059,0.000531,-0.001005,0.037479,-0.135980,0.013566,0.052013,-0.153868,0.009204,0.077090,-0.174893,0.015288,0.109157,-0.249257,-0.008403,-0.013107,-0.138653,0.012695,-0.038726,-0.123594,0.017598,-0.074922,-0.128320,0.029537
0.030476,-0.133166,0.012920,0.075277,-0.146103,0.008906,0.014790,-0.389954,-0.015532,-0.518803,-0.742654,-0.142970,-0.025860,-0.123542,0.018234,0.007919,-0.069856,0.011898,-0.001114,0.000434,-0.001357,0.033738,-0.131794,0.012312,0.049505,-0.152946,0.006672,0.068484,-0.172178,0.012585,0.092575,-0.235306,-0.005884,-0.019870,-0.137045,0.012822,-0.047710,-0.123113,0.017606,-0.080064,-0.121319,0.027247
0.025866,-0.130251,0.012284,0.069416,-0.144601,0.010299,0.012895,-0.410293,-0.012179,-0.478943,-0.825062,-0.130486,-0.030954,-0.122889,0.015857,-0.001537,-0.068858,0.009621,-0.001061,0.000361,-0.001456,0.028942,-0.128306,0.011744,0.047754,-0.152257,0.005623,0.061775,-0.170194,0.011422,0.075485,-0.221086,-0.001182,-0.025431,-0.135833,0.013527,-0.055017,-0.123695,0.018012,-0.082211,-0.117106,0.025231
0.020203,-0.128333,0.012248,0.060723,-0.143396,0.012165,0.012191,-0.436425,-0.009422,-0.423874,-0.900773,-0.115456,-0.034807,-0.123371,0.014070,-0.010420,-0.068105,0.007769,-0.000913,0.000349,-0.001286,0.023161,-0.125894,0.011756,0.046284,-0.151894,0.005910,0.056616,-0.168734,0.011555,0.058463,-0.207173,0.005066,-0.029668,-0.135232,0.014631,-0.060352,-0.125047,0.018756,-0.081969,-0.115708,0.023773
0.013897,-0.127554,0.012668,0.049754,-0.142776,0.014418,0.011345,-0.467107,-0.006230,-0.355381,-0.966517,-0.098307,-0.036999,-0.125136,0.012635,-0.019766,-0.067550,0.006056,-0.000711,0.000394,-0.000922,0.016694,-0.124690,0.012228,0.044526,-0.151845,0.007209,0.052406,-0.167484,0.012569,0.041910,-0.193888,0.012100,-0.032544,-0.135333,0.016008,-0.063635,-0.126783,0.019833,-0.080015,-0.116866,0.023135
0.007443,-0.127818,0.013294,0.037312,-0.142793,0.016842,0.008788,-0.500011,-0.001490,-0.275687,-1.019076,-0.079402,-0.037374,-0.128029,0.011276,-0.030019,-0.067129,0.004221,-0.000512,0.000447,-0.000515,0.009961,-0.124605,0.012926,0.041964,-0.152094,0.008944,0.048523,-0.166256,0.013840,0.026109,-0.181475,0.019037,-0.034116,-0.136178,0.017512,-0.065016,-0.128551,0.021203,-0.076923,-0.120025,0.023378
0.001220,-0.128840,0.013674,0.024397,-0.143219,0.018870,0.003294,-0.532119,0.005438,-0.187208,-1.055780,-0.059354,-0.036419,-0.131497,0.009751,-0.040805,-0.066763,0.002125,-0.000359,0.000454,-0.000239,0.003343,-0.125418,0.013396,0.038359,-0.152730,0.010307,0.044526,-0.165102,0.014565,0.011386,-0.170275,0.024874,-0.034507,-0.137832,0.018868,-0.064735,-0.130171,0.022658,-0.073071,-0.124355,0.024225
-0.004623,-0.130229,0.013288,0.012054,-0.143613,0.019711,-0.005786,-0.560568,0.014580,-0.092201,-1.075373,-0.038849,-0.035256,-0.134697,0.007952,-0.050941,-0.066375,-0.000164,-0.000275,0.000417,-0.000219,-0.002931,-0.126824,0.013099,0.033859,-0.153922,0.010497,0.040148,-0.164169,0.013958,-0.001820,-0.160631,0.028626,-0.033911,-0.140356,0.019751,-0.063011,-0.131659,0.023881,-0.068676,-0.128867,0.025174
-0.010151,-0.131625,0.011861,0.001183,-0.143594,0.018820,-0.018116,-0.583331,0.025517,0.007387,-1.078770,-0.018206,-0.035176,-0.136873,0.005996,-0.058762,-0.065962,-0.002351,-0.000270,0.000420,-0.000478,-0.008835,-0.128527,0.011736,0.028840,-0.155844,0.009089,0.035101,-0.163493,0.011581,-0.013058,-0.152747,0.029600,-0.032636,-0.143759,0.020024,-0.060052,-0.133189,0.024680,-0.063928,-0.132690,0.025836
-0.015531,-0.132909,0.009554,-0.007641,-0.143140,0.016244,-0.031973,-0.599375,0.037549,0.109572,-1.069037,0.002872,-0.036999,-0.137800,0.004186,-0.062829,-0.065663,-0.004039,-0.000357,0.000573,-0.000938,-0.014500,-0.130394,0.009465,0.023597,-0.158612,0.006259,0.028955,-0.163019,0.007582,-0.022091,-0.146786,0.027652,-0.031115,-0.148005,0.019860,-0.056125,-0.135051,0.025119,-0.059117,-0.135403,0.026155
-0.020900,-0.134336,0.006871,-0.014321,-0.142697,0.012569,-0.044554,-0.608478,0.049755,0.211619,-1.050603,0.025171,-0.040676,-0.137962,0.002838,-0.062773,-0.065741,-0.004949,-0.000536,0.000914,-0.001454,-0.020116,-0.132586,0.006801,0.018170,-0.162259,0.002672,0.021321,-0.162787,0.002651,-0.029082,-0.143082,0.023295,-0.029838,-0.153036,0.019579,-0.051593,-0.137598,0.025395,-0.054620,-0.137168,0.026300
-0.026299,-0.136448,0.004390,-0.019291,-0.143000,0.008624,-0.052960,-0.611018,0.061088,0.309464,-1.028121,0.049531,-0.045370,-0.138362,0.002104,-0.059654,-0.066462,-0.005078,-0.000754,0.001364,-0.001859,-0.025805,-0.135506,0.004349,0.012429,-0.166736,-0.000827,0.012205,-0.163041,-0.002258,-0.034581,-0.142100,0.017578,-0.029239,-0.158768,0.019418,-0.046910,-0.141129,0.025636,-0.050744,-0.138553,0.026405
-0.031673,-0.139803,0.002557,-0.023340,-0.144747,0.005172,-0.055024,-0.607650,0.070451,0.397850,-1.005046,0.076170,-0.049886,-0.140075,0.001933,-0.055409,-0.067995,-0.004656,-0.000914,0.001755,-0.002006,-0.031571,-0.139579,0.002569,0.006249,-0.171929,-0.003523,0.002135,-0.164126,-0.006289,-0.039350,-0.144109,0.011782,-0.029595,-0.165085,0.019453,-0.042587,-0.145772,0.025868,-0.047545,-0.140155,0.026440
-0.036942,-0.144726,0.001560,-0.027230,-0.148287,0.002623,-0.049342,-0.598876,0.076621,0.471316,-0.982126,0.103886,-0.053170,-0.143787,0.002160,-0.051712,-0.070364,-0.003975,-0.000912,0.001914,-0.001820,-0.037348,-0.145057,0.001658,-0.000434,-0.177698,-0.005046,-0.008084,-0.166294,-0.008966,-0.044127,-0.148844,0.006990,-0.030978,-0.171866,0.019632,-0.039134,-0.151422,0.026069,-0.044794,-0.142268,0.026221
-0.042089,-0.151221,0.001279,-0.031324,-0.153497,0.000820,-0.034941,-0.584915,0.078196,0.525571,-0.956917,0.129659,-0.054649,-0.149545,0.002610,-0.049141,-0.073461,-0.003237,-0.000700,0.001735,-0.001348,-0.043121,-0.151956,0.001492,-0.007684,-0.183901,-0.005450,-0.017815,-0.169596,-0.010304,-0.049440,-0.155441,0.003742,-0.033261,-0.179011,0.019786,-0.036965,-0.157809,0.026166,-0.042137,-0.144829,0.025467
-0.047194,-0.159030,0.001314,-0.035486,-0.159893,-0.000895,-0.011405,-0.566119,0.073944,0.558589,-0.925344,0.149314,-0.054395,-0.156837,0.003125,-0.047263,-0.077091,-0.002538,-0.000320,0.001219,-0.000749,-0.048981,-0.160099,0.001671,-0.015562,-0.190398,-0.005136,-0.026880,-0.173873,-0.010720,-0.055531,-0.162699,0.001937,-0.036196,-0.186436,0.019624,-0.036332,-0.164621,0.025975,-0.039346,-0.147630,0.023864
-0.052394,-0.167767,0.001159,-0.039246,-0.166912,-0.003308,0.020389,-0.543433,0.063520,0.571004,-0.884409,0.159160,-0.053145,-0.164900,0.003566,-0.045365,-0.081027,-0.001922,0.000108,0.000500,-0.000213,-0.055066,-0.169193,0.001684,-0.024005,-0.197097,-0.004655,-0.035546,-0.178894,-0.010803,-0.062386,-0.169570,0.001019,-0.039571,-0.194074,0.018827,-0.037310,-0.171663,0.025239,-0.036505,-0.150616,0.021190
-0.057805,-0.177060,0.000419,-0.042059,-0.174175,-0.006917,0.057843,-0.518083,0.047812,0.565682,-0.833917,0.157446,-0.052097,-0.173060,0.003843,-0.043047,-0.085081,-0.001389,0.000445,-0.000181,0.000156,-0.061456,-0.178916,0.001124,-0.032735,-0.204055,-0.004511,-0.044256,-0.184562,-0.011076,-0.069835,-0.175661,0.000301,-0.043342,-0.201942,0.017217,-0.039825,-0.178995,0.023766,-0.033956,-0.154035,0.017433
-0.063435,-0.186661,-0.001055,-0.043508,-0.181571,-0.011756,0.097427,-0.490429,0.028369,0.546539,-0.776062,0.144484,-0.052463,-0.180933,0.003964,-0.040273,-0.089164,-0.000866,0.000609,-0.000576,0.000397,-0.068086,-0.189030,-0.000173,-0.041330,-0.211526,-0.005033,-0.053312,-0.191047,-0.011863,-0.077636,-0.181419,-0.000767,-0.047648,-0.210200,0.014857,-0.043668,-0.186950,0.021538,-0.031998,-0.158342,0.012782
-0.069136,-0.196488,-0.003203,-0.043417,-0.189174,-0.017538,0.136407,-0.459079,0.006276,0.517007,-0.713738,0.121437,-0.054937,-0.188447,0.003996,-0.037172,-0.093299,-0.000259,0.000610,-0.000557,0.000627,-0.074708,-0.199437,-0.002170,-0.049390,-0.219861,-0.006390,-0.062678,-0.198695,-0.013318,-0.085510,-0.187785,-0.002507,-0.052675,-0.219098,0.011962,-0.048484,-0.195969,0.018666,-0.030628,-0.163935,0.007472
-0.074626,-0.206573,-0.005911,-0.041888,-0.197112,-0.023902,0.173931,-0.421442,-0.018390,0.478759,-0.649085,0.089082,-0.059449,-0.195772,0.003935,-0.034025,-0.097560,0.000422,0.000514,-0.000177,0.000920,-0.080937,-0.210151,-0.004773,-0.056654,-0.229288,-0.008649,-0.071992,-0.207766,-0.015504,-0.093166,-0.195553,-0.005034,-0.058456,-0.228818,0.008688,-0.053818,-0.206335,0.015235,-0.029555,-0.170909,0.001629
-0.079591,-0.216994,-0.009085,-0.039327,-0.205534,-0.030488,0.209907,-0.375901,-0.045693,0.431347,-0.583024,0.048066,-0.065346,-0.203245,0.003624,-0.031399,-0.102030,0.000983,0.000382,0.000375,0.001244,-0.086380,-0.221212,-0.007903,-0.062990,-0.239771,-0.011771,-0.080703,-0.218240,-0.018398,-0.100343,-0.204933,-0.008250,-0.064821,-0.239332,0.005058,-0.059234,-0.218008,0.011247,-0.028470,-0.179051,-0.004718
-0.083789,-0.227822,-0.012565,-0.036421,-0.214671,-0.036771,0.242138,-0.324202,-0.074104,0.373282,-0.515529,0.000667,-0.071817,-0.211337,0.002831,-0.030145,-0.106791,0.001135,0.000243,0.000896,0.001542,-0.090777,-0.232606,-0.011397,-0.068361,-0.251020,-0.015508,-0.088266,-0.229842,-0.021784,-0.106848,-0.215594,-0.011793,-0.071522,-0.250391,0.001091,-0.064452,-0.230677,0.006735,-0.027306,-0.188075,-0.011453
-0.087067,-0.239095,-0.015976,-0.033973,-0.224901,-0.041876,0.264823,-0.272004,-0.099705,0.304509,-0.445970,-0.047967,-0.078247,-0.220613,0.001406,-0.031162,-0.111952,0.000672,0.000116,0.001282,0.001850,-0.094016,-0.244227,-0.014861,-0.072808,-0.262621,-0.019340,-0.094305,-0.242174,-0.025164,-0.112529,-0.226993,-0.015059,-0.078395,-0.261619,-0.002979,-0.069392,-0.243927,0.001949,-0.026272,-0.197846,-0.018185
-0.089305,-0.250787,-0.018774,-0.032593,-0.236652,-0.044761,0.271074,-0.226602,-0.117743,0.229033,-0.373348,-0.091167,-0.084316,-0.231584,-0.000639,-0.035025,-0.117627,-0.000425,0.000013,0.001559,0.002312,-0.096040,-0.255899,-0.017727,-0.076384,-0.274187,-0.022611,-0.098634,-0.254853,-0.027902,-0.117169,-0.238690,-0.017417,-0.085350,-0.272657,-0.006689,-0.074068,-0.257381,-0.002634,-0.025640,-0.208373,-0.024299
-0.090379,-0.262822,-0.020542,-0.032424,-0.250119,-0.044825,0.257543,-0.193236,-0.125524,0.155484,-0.296977,-0.123822,-0.089844,-0.244444,-0.003160,-0.041639,-0.123848,-0.002010,-0.000071,0.001827,0.003085,-0.096763,-0.267468,-0.019561,-0.079030,-0.285493,-0.024856,-0.101140,-0.267604,-0.029564,-0.120384,-0.250522,-0.018556,-0.092190,-0.283309,-0.009622,-0.078428,-0.270779,-0.006565,-0.025513,-0.219660,-0.029276
-0.090170,-0.275100,-0.021254,-0.033126,-0.265042,-0.042356,0.226662,-0.172865,-0.123934,0.094175,-0.218021,-0.144257,-0.094559,-0.258910,-0.005958,-0.050187,-0.130504,-0.003848,-0.000154,0.002164,0.004254,-0.096080,-0.278894,-0.020336,-0.080525,-0.296560,-0.026048,-0.101655,-0.280326,-0.030169,-0.121648,-0.262598,-0.018675,-0.098522,-0.293629,-0.011670,-0.082308,-0.284024,-0.009670,-0.025796,-0.231675,-0.032939
-0.088606,-0.287502,-0.021129,-0.034173,-0.280909,-0.038122,0.185210,-0.162923,-0.116211,0.052029,-0.140911,-0.153535,-0.098020,-0.274465,-0.008865,-0.059585,-0.137403,-0.005718,-0.000250,0.002571,0.005838,-0.093922,-0.290196,-0.020275,-0.080596,-0.307568,-0.026452,-0.100011,-0.293020,-0.030040,-0.120470,-0.275086,-0.018256,-0.103897,-0.303834,-0.012915,-0.085534,-0.297126,-0.011942,-0.026368,-0.244435,-0.035307
-0.085744,-0.299869,-0.020175,-0.035248,-0.297490,-0.032356,0.141747,-0.159888,-0.105399,0.029127,-0.072977,-0.153714,-0.099758,-0.290885,-0.011822,-0.069244,-0.144437,-0.007515,-0.000350,0.002982,0.007864,-0.090338,-0.301271,-0.019391,-0.079160,-0.318629,-0.026168,-0.096206,-0.305612,-0.029341,-0.116609,-0.287929,-0.017564,-0.108036,-0.314077,-0.013194,-0.088054,-0.310048,-0.013142,-0.027247,-0.258027,-0.036154
-0.081836,-0.312000,-0.017968,-0.036408,-0.315074,-0.024309,0.104488,-0.161290,-0.092874,0.019656,-0.021846,-0.146781,-0.099435,-0.308461,-0.014870,-0.079376,-0.151648,-0.009248,-0.000440,0.003308,0.010432,-0.085571,-0.311829,-0.017256,-0.076484,-0.329641,-0.024889,-0.090559,-0.317857,-0.027809,-0.110203,-0.300809,-0.016406,-0.110881,-0.324313,-0.011914,-0.089947,-0.322627,-0.012630,-0.028625,-0.272536,-0.034842
-0.077304,-0.323696,-0.014000,-0.037868,-0.333988,-0.013067,0.079087,-0.165978,-0.078741,0.016242,0.008017,-0.134494,-0.096859,-0.327525,-0.018005,-0.090444,-0.159077,-0.010868,-0.000516,0.003505,0.013749,-0.080129,-0.321564,-0.013346,-0.073194,-0.340361,-0.022165,-0.083736,-0.329465,-0.025007,-0.101745,-0.313434,-0.014428,-0.112471,-0.334395,-0.008423,-0.091338,-0.334679,-0.009741,-0.030811,-0.287983,-0.030692
-0.072602,-0.334812,-0.008204,-0.039597,-0.353913,0.001279,0.066582,-0.173247,-0.063003,0.013877,0.017617,-0.118496,-0.091945,-0.347789,-0.021001,-0.102354,-0.166557,-0.012071,-0.000581,0.003621,0.018119,-0.074705,-0.330380,-0.007559,-0.070130,-0.350585,-0.017879,-0.076651,-0.340265,-0.020798,-0.091933,-0.325791,-0.011621,-0.112840,-0.344235,-0.002563,-0.092294,-0.346127,-0.004321,-0.034163,-0.304335,-0.023534
-0.068027,-0.345284,-0.001092,-0.041150,-0.373830,0.017403,0.063212,-0.182099,-0.046157,0.010897,0.013174,-0.100287,-0.084814,-0.368261,-0.023443,-0.114286,-0.173735,-0.012324,-0.000646,0.003766,0.023872,-0.069926,-0.338440,-0.000371,-0.068086,-0.360217,-0.012408,-0.070224,-0.350224,-0.015525,-0.081431,-0.338078,-0.008490,-0.112040,-0.353837,0.005141,-0.092756,-0.356961,0.003099,-0.038979,-0.321590,-0.013868
-0.063604,-0.355185,0.006540,-0.041949,-0.392636,0.033530,0.062799,-0.191261,-0.029033,0.007642,0.003280,-0.081113,-0.075928,-0.387837,-0.024947,-0.125228,-0.180341,-0.011124,-0.000735,0.003987,0.031233,-0.066006,-0.346087,0.007431,-0.067524,-0.369240,-0.006397,-0.065076,-0.359373,-0.009796,-0.070641,-0.350410,-0.005752,-0.110176,-0.363217,0.013717,-0.092499,-0.367112,0.011550,-0.045357,-0.339880,-0.002607
-0.059120,-0.364787,0.013896,-0.041744,-0.409706,0.048162,0.060237,-0.199658,-0.012578,0.004819,-0.004945,-0.062078,-0.066066,-0.405860,-0.025368,-0.134413,-0.186409,-0.008247,-0.000915,0.004131,0.040160,-0.062580,-0.353799,0.015008,-0.068383,-0.377691,-0.000507,-0.061286,-0.367806,-0.004238,-0.059704,-0.362636,-0.003950,-0.107331,-0.372365,0.021996,-0.091147,-0.376411,0.019889,-0.053068,-0.359480,0.009163
-0.054278,-0.374477,0.020194,-0.040854,-0.424804,0.060103,0.053820,-0.206723,0.002051,0.002746,-0.008397,-0.044459,-0.056056,-0.422065,-0.024844,-0.141162,-0.192205,-0.003825,-0.001282,0.003846,0.050212,-0.058896,-0.362097,0.021492,-0.070141,-0.385648,0.004597,-0.058421,-0.375702,0.000535,-0.048731,-0.374333,-0.003334,-0.103493,-0.381257,0.028721,-0.088303,-0.384620,0.026908,-0.061487,-0.380516,0.020230
-0.048905,-0.384446,0.024621,-0.039939,-0.437663,0.068252,0.045148,-0.212333,0.013487,0.001377,-0.007862,-0.029779,-0.046511,-0.436165,-0.023751,-0.144579,-0.197955,0.001674,-0.001902,0.002754,0.060506,-0.054241,-0.371288,0.025981,-0.072064,-0.393145,0.008181,-0.055831,-0.383196,0.003832,-0.038033,-0.384830,-0.004010,-0.098642,-0.389812,0.032701,-0.083784,-0.391430,0.031482,-0.069657,-0.402431,0.029322
-0.043031,-0.394396,0.026507,-0.039463,-0.447808,0.071802,0.037220,-0.216540,0.020627,0.000566,-0.005868,-0.019315,-0.037758,-0.447645,-0.022628,-0.143638,-0.203657,0.007519,-0.002771,0.000667,0.069838,-0.048311,-0.381125,0.027759,-0.073500,-0.400075,0.009539,-0.052986,-0.390182,0.004961,-0.028084,-0.393246,-0.006081,-0.092966,-0.397797,0.033182,-0.077846,-0.396448,0.032921,-0.076519,-0.423648,0.035413
-0.036809,-0.403538,0.025658,-0.039220,-0.454779,0.070703,0.032365,-0.219391,0.023270,0.000177,-0.004442,-0.013442,-0.029851,-0.455940,-0.021973,-0.137438,-0.209169,0.012925,-0.003841,-0.002360,0.076966,-0.041290,-0.390761,0.026655,-0.074103,-0.406168,0.008290,-0.049693,-0.396260,0.003513,-0.019320,-0.398713,-0.009602,-0.086981,-0.404838,0.030245,-0.071242,-0.399323,0.031316,-0.081229,-0.441833,0.038112
-0.030393,-0.410921,0.022594,-0.038319,-0.458315,0.065815,0.031197,-0.220873,0.022264,0.000066,-0.004193,-0.011418,-0.022479,-0.460652,-0.021891,-0.125062,-0.214450,0.017420,-0.005072,-0.006226,0.080916,-0.033720,-0.399091,0.023277,-0.073991,-0.411095,0.004683,-0.046202,-0.400914,-0.000312,-0.012035,-0.400740,-0.014367,-0.081444,-0.410535,0.024892,-0.065033,-0.399994,0.027583,-0.083334,-0.454656,0.037795
-0.023958,-0.415836,0.018478,-0.035744,-0.458287,0.058512,0.032682,-0.220903,0.019057,0.000077,-0.004672,-0.011769,-0.014865,-0.461555,-0.021761,-0.105123,-0.219691,0.021198,-0.006424,-0.011095,0.081191,-0.026367,-0.405271,0.018903,-0.073780,-0.414581,-0.000318,-0.043219,-0.403772,-0.005577,-0.006442,-0.399496,-0.019755,-0.077099,-0.414619,0.018740,-0.060183,-0.398902,0.023127,-0.082713,-0.460585,0.035375
-0.017824,-0.418066,0.014748,-0.031037,-0.454612,0.050136,0.035015,-0.219370,0.015036,0.000109,-0.005167,-0.012954,-0.005964,-0.458566,-0.020341,-0.075867,-0.225224,0.025092,-0.007753,-0.017476,0.077865,-0.020134,-0.409043,0.015077,-0.074405,-0.416472,-0.005254,-0.041753,-0.404724,-0.010808,-0.002727,-0.395762,-0.024795,-0.074430,-0.417006,0.013477,-0.057169,-0.396954,0.019321,-0.079409,-0.459341,0.031891
-0.012487,-0.417895,0.012616,-0.024517,-0.447445,0.041705,0.036883,-0.216236,0.011163,0.000151,-0.005233,-0.013891,0.004996,-0.451914,-0.016393,-0.036267,-0.231299,0.030102,-0.008689,-0.026025,0.071590,-0.015894,-0.410693,0.013077,-0.076692,-0.416746,-0.008660,-0.042751,-0.403867,-0.014501,-0.000987,-0.390539,-0.028489,-0.073522,-0.417775,0.010340,-0.055821,-0.395192,0.017071,-0.073566,-0.451921,0.028192
-0.008415,-0.415897,0.012668,-0.016917,-0.437440,0.033926,0.038344,-0.211642,0.007955,0.000228,-0.004808,-0.014136,0.018005,-0.442338,-0.009436,0.012508,-0.237973,0.036749,-0.008512,-0.037514,0.063495,-0.014171,-0.410740,0.013487,-0.080921,-0.415489,-0.009612,-0.046689,-0.401350,-0.015714,-0.001187,-0.384512,-0.030184,-0.074073,-0.417079,0.009790,-0.055464,-0.394363,0.016626,-0.065482,-0.440359,0.024805
-0.005779,-0.412604,0.014758,-0.008905,-0.425623,0.027230,0.040522,-0.205896,0.005613,0.000337,-0.004071,-0.013747,0.032137,-0.430892,0.000012,0.066194,-0.245226,0.044752,-0.005969,-0.053527,0.055013,-0.014864,-0.409577,0.016099,-0.086608,-0.412846,-0.008044,-0.053329,-0.397276,-0.014394,-0.003209,-0.377756,-0.029762,-0.075483,-0.415071,0.011548,-0.055241,-0.394683,0.017660,-0.055652,-0.427369,0.022001
-0.004350,-0.408226,0.018216,-0.000913,-0.412860,0.021738,0.044256,-0.199366,0.004102,0.000436,-0.003260,-0.012954,0.045736,-0.418387,0.010829,0.117475,-0.253170,0.053168,0.000978,-0.077530,0.047709,-0.017216,-0.407263,0.020136,-0.092575,-0.408999,-0.004656,-0.061732,-0.391764,-0.011265,-0.006892,-0.369924,-0.027554,-0.076933,-0.411892,0.014909,-0.054385,-0.395944,0.019576,-0.044715,-0.415849,0.019941
-0.003602,-0.402592,0.022161,0.006755,-0.399442,0.017225,0.048908,-0.192393,0.003191,0.000495,-0.002545,-0.011915,0.056793,-0.404990,0.021844,0.157054,-0.262103,0.060714,0.015381,-0.115130,0.043092,-0.020027,-0.403558,0.024593,-0.097213,-0.404164,-0.000565,-0.070475,-0.385084,-0.007434,-0.011928,-0.360743,-0.024145,-0.077436,-0.407684,0.019096,-0.052334,-0.397748,0.021785,-0.033335,-0.408163,0.018749
-0.002875,-0.395313,0.025697,0.013798,-0.385188,0.013220,0.052343,-0.185284,0.002505,0.000521,-0.001984,-0.010656,0.063550,-0.390386,0.032027,0.176460,-0.272432,0.065954,0.041305,-0.172674,0.042244,-0.021962,-0.398088,0.028464,-0.098834,-0.398518,0.003045,-0.077980,-0.377700,-0.004006,-0.017702,-0.350415,-0.020264,-0.075900,-0.402561,0.023394,-0.048643,-0.399644,0.023779,-0.022027,-0.405465,0.018416
-0.001493,-0.386058,0.027963,0.019833,-0.369922,0.009223,0.052051,-0.178322,0.001645,0.000546,-0.001544,-0.009162,0.065339,-0.374388,0.040305,0.172787,-0.284869,0.067333,0.083474,-0.254629,0.045299,-0.021817,-0.390530,0.030819,-0.096067,-0.392072,0.005144,-0.082872,-0.370130,-0.001866,-0.023275,-0.339657,-0.016724,-0.071208,-0.396511,0.027076,-0.042806,-0.401169,0.025002,-0.010969,-0.407466,0.018606
0.001128,-0.374847,0.028225,0.024287,-0.353988,0.004983,0.046619,-0.171772,0.000381,0.000585,-0.001165,-0.007435,0.063181,-0.357556,0.045454,0.152449,-0.300788,0.063393,0.146292,-0.361068,0.051448,-0.018707,-0.380826,0.030909,-0.088208,-0.384635,0.005043,-0.084219,-0.362762,-0.001533,-0.027627,-0.329482,-0.014265,-0.062351,-0.389385,0.029376,-0.034143,-0.401882,0.024798,0.000110,-0.412736,0.018626
0.005309,-0.362293,0.026111,0.026373,-0.338421,0.000653,0.036662,-0.165853,-0.001203,0.000634,-0.000833,-0.005496,0.059404,-0.341331,0.046455,0.129014,-0.321953,0.053405,0.231960,-0.486603,0.060220,-0.012270,-0.369435,0.028388,-0.075487,-0.376004,0.002628,-0.081636,-0.355819,-0.003011,-0.030083,-0.320935,-0.013225,-0.048675,-0.381091,0.029677,-0.021994,-0.401391,0.022657,0.011742,-0.419270,0.017759
0.010896,-0.349559,0.021867,0.025367,-0.324544,-0.003336,0.024614,-0.160662,-0.002791,0.000695,-0.000584,-0.003416,0.056309,-0.327424,0.043188,0.114621,-0.349243,0.038126,0.338049,-0.621695,0.073401,-0.002902,-0.357410,0.023564,-0.059187,-0.366260,-0.001493,-0.075300,-0.349430,-0.005714,-0.030658,-0.314845,-0.013274,-0.030262,-0.371864,0.027856,-0.006195,-0.399325,0.018646,0.024196,-0.425009,0.015792
0.017187,-0.337846,0.016363,0.021089,-0.313144,-0.006614,0.013445,-0.156072,-0.004092,0.000790,-0.000463,-0.001366,0.054933,-0.316759,0.036813,0.112070,-0.381584,0.019852,0.456160,-0.756195,0.095465,0.008154,-0.345994,0.017393,-0.041420,-0.355847,-0.006187,-0.065907,-0.343593,-0.008689,-0.030091,-0.311508,-0.013550,-0.008234,-0.362278,0.024486,0.012469,-0.395311,0.013636,0.036986,-0.428179,0.013310
0.023112,-0.327649,0.010700,0.014170,-0.303900,-0.009108,0.005275,-0.151693,-0.005031,0.000922,-0.000489,0.000398,0.054868,-0.308845,0.029264,0.114940,-0.416533,0.001375,0.573063,-0.883084,0.131220,0.019068,-0.335868,0.011069,-0.024474,-0.345302,-0.010350,-0.054505,-0.338012,-0.011131,-0.029485,-0.310396,-0.013197,0.015360,-0.352918,0.020650,0.032265,-0.388987,0.008994,0.048795,-0.427394,0.011420
0.027553,-0.318460,0.005666,0.005847,-0.295661,-0.010981,0.000918,-0.147043,-0.005700,0.001060,-0.000646,0.001647,0.055014,-0.302192,0.022133,0.114662,-0.452163,-0.015454,0.673853,-0.999487,0.182168,0.027939,-0.326693,0.005462,-0.010100,-0.334890,-0.013448,-0.042298,-0.332012,-0.012814,-0.029786,-0.310135,-0.011918,0.038105,-0.343989,0.017415,0.051041,-0.380064,0.005920,0.057860,-0.421595,0.011105
0.029662,-0.309239,0.001434,-0.002580,-0.287376,-0.012406,0.000362,-0.141824,-0.006171,0.001160,-0.000886,0.002304,0.054473,-0.295447,0.015871,0.107284,-0.488450,-0.030321,0.745520,-1.104396,0.244302,0.033335,-0.317453,0.000803,0.000798,-0.324495,-0.015619,-0.030587,-0.324756,-0.014081,-0.031461,-0.308960,-0.010093,0.057994,-0.335258,0.015327,0.066938,-0.368436,0.004884,0.062571,-0.410035,0.012669
0.029087,-0.299246,-0.002290,-0.010290,-0.278787,-0.013437,0.003216,-0.136112,-0.006409,0.001221,-0.001141,0.002477,0.053064,-0.288227,0.009941,0.095131,-0.527108,-0.043791,0.779758,-1.195800,0.308608,0.034651,-0.307290,-0.003183,0.008004,-0.313823,-0.017340,-0.020756,-0.315665,-0.015446,-0.034488,-0.305421,-0.008461,0.073976,-0.326344,0.014263,0.078908,-0.354381,0.005531,0.062111,-0.392583,0.015634
0.026072,-0.288517,-0.005885,-0.017181,-0.270310,-0.014097,0.008568,-0.130277,-0.006359,0.001297,-0.001383,0.002397,0.051385,-0.281050,0.003663,0.084091,-0.570402,-0.056111,0.774332,-1.270066,0.363532,0.032227,-0.296122,-0.006881,0.011696,-0.302702,-0.018988,-0.014106,-0.304688,-0.017177,-0.038509,-0.298887,-0.007658,0.086075,-0.317074,0.013682,0.086881,-0.338664,0.007017,0.056984,-0.370103,0.019048
0.021374,-0.277730,-0.009499,-0.023740,-0.262393,-0.014533,0.014723,-0.124727,-0.006103,0.001441,-0.001659,0.002288,0.050497,-0.274633,-0.003034,0.079682,-0.620001,-0.066460,0.732653,-1.323469,0.397953,0.027161,-0.284649,-0.010479,0.012306,-0.291214,-0.020601,-0.011436,-0.292231,-0.019148,-0.042975,-0.289522,-0.007923,0.095085,-0.307591,0.012992,0.091616,-0.322320,0.008479,0.049150,-0.344437,0.021928
0.016008,-0.267724,-0.013021,-0.030598,-0.255039,-0.015077,0.019546,-0.119663,-0.005931,0.001644,-0.002031,0.002217,0.051466,-0.269301,-0.009508,0.084339,-0.676361,-0.073060,0.661781,-1.353777,0.403607,0.020898,-0.273881,-0.013912,0.010477,-0.279597,-0.021932,-0.012707,-0.278851,-0.020975,-0.047279,-0.277876,-0.009059,0.102030,-0.298183,0.011757,0.094316,-0.306204,0.009323,0.041491,-0.317773,0.023539
0.010962,-0.259082,-0.016233,-0.038022,-0.247849,-0.016129,0.021305,-0.115020,-0.006233,0.001834,-0.002473,0.002071,0.055041,-0.264907,-0.014860,0.096859,-0.738450,-0.073844,0.569823,-1.360569,0.376502,0.014749,-0.264610,-0.017001,0.006931,-0.268051,-0.022658,-0.017087,-0.265020,-0.022252,-0.050920,-0.264482,-0.010588,0.107696,-0.289047,0.009742,0.096159,-0.290727,0.009266,0.036702,-0.291871,0.023476
0.007012,-0.251984,-0.018954,-0.045677,-0.240408,-0.017918,0.019334,-0.110628,-0.007258,0.001942,-0.002876,0.001702,0.061604,-0.261160,-0.018478,0.113676,-0.803509,-0.067189,0.463726,-1.344760,0.317225,0.009601,-0.257138,-0.019578,0.002226,-0.256611,-0.022591,-0.023342,-0.251090,-0.022737,-0.053588,-0.249674,-0.011980,0.112499,-0.280202,0.006911,0.097988,-0.275946,0.008275,0.036169,-0.267675,0.021717
0.004681,-0.246286,-0.021064,-0.052771,-0.232630,-0.020293,0.014150,-0.106423,-0.008895,0.001947,-0.003198,0.001143,0.071252,-0.257993,-0.020288,0.130975,-0.866775,-0.052460,0.347837,-1.308275,0.230121,0.005910,-0.251297,-0.021513,-0.003406,-0.245156,-0.021749,-0.030277,-0.237338,-0.022397,-0.055127,-0.233624,-0.012850,0.116664,-0.271566,0.003451,0.100276,-0.261780,0.006548,0.039472,-0.245397,0.018698
0.004285,-0.241712,-0.022497,-0.058414,-0.224893,-0.022715,0.007315,-0.102531,-0.010626,0.001863,-0.003562,0.000671,0.083866,-0.255736,-0.020716,0.146612,-0.921309,-0.030448,0.223340,-1.254122,0.121736,0.003893,-0.246671,-0.022733,-0.009959,-0.233511,-0.020337,-0.036977,-0.223960,-0.021395,-0.055430,-0.216464,-0.013087,0.120435,-0.263085,-0.000292,0.103246,-0.248083,0.004462,0.044803,-0.224720,0.015252
0.005976,-0.238015,-0.023325,-0.061860,-0.217948,-0.024502,0.001194,-0.099197,-0.011744,0.001706,-0.004195,0.000628,0.099030,-0.255016,-0.020568,0.161000,-0.958289,-0.003735,0.088995,-1.186592,-0.000299,0.003691,-0.242804,-0.023307,-0.017342,-0.221580,-0.018717,-0.042807,-0.211049,-0.020094,-0.054363,-0.198447,-0.012915,0.124105,-0.254782,-0.004028,0.107009,-0.234656,0.002377,0.050098,-0.204985,0.012205
0.009719,-0.235048,-0.023870,-0.062620,-0.212737,-0.025169,-0.001655,-0.096716,-0.011684,0.001490,-0.005279,0.001209,0.115850,-0.256514,-0.020921,0.176601,-0.968429,0.023260,-0.056663,-1.111017,-0.127332,0.005385,-0.239331,-0.023573,-0.025075,-0.209467,-0.017416,-0.047305,-0.198689,-0.019034,-0.051757,-0.180102,-0.012856,0.127845,-0.246746,-0.007764,0.111620,-0.221430,0.000336,0.054164,-0.185511,0.009838
0.015232,-0.232822,-0.024716,-0.060553,-0.210236,-0.024599,0.000437,-0.095479,-0.010212,0.001230,-0.006906,0.002458,0.132887,-0.260801,-0.022996,0.196097,-0.944830,0.044875,-0.212753,-1.032265,-0.249590,0.008896,-0.236066,-0.024140,-0.032224,-0.197563,-0.017043,-0.050167,-0.187120,-0.018833,-0.047487,-0.162251,-0.013571,0.131554,-0.239136,-0.011856,0.117007,-0.208766,-0.002088,0.057120,-0.166138,0.007615
0.022059,-0.231564,-0.026556,-0.055948,-0.211379,-0.022958,0.007261,-0.096061,-0.007384,0.000935,-0.009126,0.004467,0.148469,-0.268358,-0.027996,0.219379,-0.886096,0.055371,-0.374839,-0.951737,-0.357221,0.013936,-0.233063,-0.025722,-0.037667,-0.186486,-0.018134,-0.051348,-0.176771,-0.019993,-0.041602,-0.145823,-0.015612,0.134864,-0.232151,-0.016893,0.122884,-0.197511,-0.005692,0.059965,-0.147592,0.004392
0.029813,-0.231722,-0.029951,-0.049443,-0.216879,-0.020546,0.016525,-0.099130,-0.003447,0.000580,-0.012002,0.007474,0.161192,-0.279528,-0.036855,0.240135,-0.797658,0.050333,-0.535639,-0.865023,-0.442159,0.020180,-0.230649,-0.028885,-0.040487,-0.176858,-0.020954,-0.051064,-0.168111,-0.022730,-0.034398,-0.131523,-0.019197,0.137335,-0.225938,-0.023496,0.128797,-0.188635,-0.011370,0.063785,-0.131305,-0.001076
0.038429,-0.233776,-0.035019,-0.041731,-0.226660,-0.017786,0.024648,-0.105040,0.001100,0.000078,-0.015568,0.011607,0.170088,-0.293902,-0.049632,0.244603,-0.690169,0.028202,-0.685997,-0.763783,-0.499064,0.027586,-0.229376,-0.033756,-0.040112,-0.169111,-0.025307,-0.049489,-0.161478,-0.026804,-0.026293,-0.119631,-0.023971,0.138717,-0.220513,-0.032038,0.134364,-0.182713,-0.019692,0.069298,-0.118778,-0.009557
0.048183,-0.237918,-0.041048,-0.033167,-0.239063,-0.015357,0.028506,-0.113209,0.005351,-0.000628,-0.019661,0.016388,0.174374,-0.309292,-0.064508,0.216358,-0.575884,-0.008059,-0.813790,-0.642352,-0.524475,0.036630,-0.229936,-0.039651,-0.036096,-0.163514,-0.030247,-0.046278,-0.157082,-0.031273,-0.017503,-0.110158,-0.028741,0.139187,-0.215830,-0.042204,0.139573,-0.179704,-0.030357,0.076967,-0.111041,-0.020803
0.059417,-0.243861,-0.046252,-0.023480,-0.250609,-0.014183,0.027341,-0.121785,0.008058,-0.001402,-0.023733,0.020494,0.173454,-0.321385,-0.077128,0.147901,-0.465300,-0.049915,-0.901215,-0.504260,-0.515790,0.048158,-0.233079,-0.044843,-0.027853,-0.160345,-0.033847,-0.040310,-0.155132,-0.034269,-0.007714,-0.103280,-0.031367,0.139498,-0.211980,-0.052599,0.144958,-0.179130,-0.041798,0.087428,-0.108516,-0.033257
0.072137,-0.250904,-0.048161,-0.011869,-0.257138,-0.015057,0.023251,-0.128223,0.008125,-0.001912,-0.026955,0.022244,0.167530,-0.325161,-0.081588,0.051917,-0.365709,-0.084771,-0.925518,-0.362870,-0.472413,0.062767,-0.239374,-0.046930,-0.014672,-0.159922,-0.033474,-0.029998,-0.155790,-0.033280,0.004004,-0.099608,-0.029267,0.140908,-0.209261,-0.060949,0.151453,-0.180390,-0.051442,0.101665,-0.111085,-0.044424
0.085694,-0.258121,-0.044909,0.002430,-0.256076,-0.018079,0.019490,-0.130721,0.005320,-0.001911,-0.028669,0.020718,0.158058,-0.317716,-0.073580,-0.039865,-0.281607,-0.101210,-0.868310,-0.235363,-0.399083,0.080045,-0.248653,-0.044062,0.003998,-0.162349,-0.026967,-0.013980,-0.158872,-0.026295,0.018905,-0.099961,-0.020730,0.144782,-0.207917,-0.065166,0.159891,-0.182893,-0.056914,0.120574,-0.118022,-0.052069
0.098780,-0.264429,-0.036696,0.019478,-0.248248,-0.022389,0.018108,-0.129433,0.000649,-0.001521,-0.028771,0.016609,0.147086,-0.300340,-0.053817,-0.094352,-0.215543,-0.095455,-0.730516,-0.134900,-0.308158,0.098201,-0.259408,-0.036380,0.028177,-0.167201,-0.014220,0.008203,-0.163612,-0.013345,0.037909,-0.104788,-0.006358,0.151877,-0.207721,-0.064678,0.170336,-0.186032,-0.057500,0.144020,-0.127893,-0.055579
0.109838,-0.268597,-0.026065,0.038522,-0.237495,-0.026568,0.018943,-0.126322,-0.004091,-0.001128,-0.027671,0.011957,0.135888,-0.277800,-0.028492,-0.098463,-0.168303,-0.073626,-0.540433,-0.066422,-0.217058,0.114574,-0.268862,-0.026317,0.057041,-0.173567,0.002188,0.035809,-0.168935,0.002943,0.060842,-0.113733,0.010758,0.161647,-0.207888,-0.060812,0.181695,-0.189295,-0.054620,0.170055,-0.138906,-0.056251
0.117786,-0.269516,-0.016405,0.058487,-0.228120,-0.029447,0.019942,-0.123807,-0.007333,-0.001022,-0.026057,0.008934,0.124458,-0.255269,-0.005627,-0.065238,-0.138494,-0.047112,-0.344382,-0.027411,-0.141245,0.126858,-0.274117,-0.017143,0.088825,-0.180464,0.018257,0.067043,-0.174150,0.018646,0.086107,-0.125645,0.026729,0.172157,-0.207466,-0.055755,0.192036,-0.192566,-0.050757,0.195115,-0.149719,-0.056133
0.122662,-0.266778,-0.009848,0.078371,-0.222294,-0.030609,0.017466,-0.123452,-0.008457,-0.001209,-0.024878,0.008846,0.112552,-0.235725,0.009747,-0.020484,-0.122506,-0.025095,-0.184386,-0.011021,-0.087941,0.134349,-0.273742,-0.010917,0.121071,-0.187181,0.030820,0.099623,-0.179396,0.030812,0.111217,-0.138920,0.039182,0.180919,-0.205851,-0.051104,0.199619,-0.196210,-0.047858,0.215444,-0.160006,-0.056532
0.125727,-0.261135,-0.006379,0.097087,-0.219510,-0.030219,0.006424,-0.125697,-0.007624,-0.001554,-0.025421,0.012172,0.101064,-0.219842,0.017480,0.015558,-0.115473,-0.010678,-0.079735,-0.008854,-0.055449,0.138334,-0.268577,-0.007625,0.151216,-0.193233,0.038921,0.131486,-0.185418,0.038773,0.133948,-0.152010,0.048211,0.186225,-0.202973,-0.047353,0.203897,-0.200717,-0.046624,0.228857,-0.170203,-0.057564
0.128861,-0.254292,-0.004646,0.113276,-0.217989,-0.028576,-0.018543,-0.130345,-0.005069,-0.002036,-0.029073,0.019221,0.092061,-0.207463,0.020457,0.036243,-0.112814,-0.002383,-0.025192,-0.012907,-0.037459,0.141347,-0.261100,-0.005971,0.177222,-0.198193,0.043376,0.161187,-0.193035,0.043622,0.153197,-0.163985,0.055368,0.187918,-0.199177,-0.044399,0.205573,-0.206253,-0.046877,0.235439,-0.180837,-0.058788
0.133578,-0.247996,-0.003322,0.125735,-0.216271,-0.025925,-0.060214,-0.136942,-0.000632,-0.002879,-0.036610,0.030450,0.087261,-0.198420,0.021679,0.044742,-0.111367,0.002427,-0.003060,-0.017223,-0.027748,0.145738,-0.253891,-0.004721,0.197909,-0.201738,0.045396,0.187777,-0.202680,0.046758,0.168996,-0.174865,0.061893,0.187026,-0.195023,-0.042117,0.205662,-0.212503,-0.048159,0.236740,-0.192092,-0.059873
0.140249,-0.243073,-0.001817,0.134196,-0.213754,-0.022542,-0.115917,-0.144730,0.006168,-0.004512,-0.047444,0.046137,0.086424,-0.192116,0.022805,0.046660,-0.109534,0.005660,0.003473,-0.018873,-0.022133,0.152523,-0.248324,-0.003357,0.212997,-0.203817,0.045693,0.210445,-0.214075,0.048905,0.182017,-0.185423,0.067713,0.184732,-0.191056,-0.040414,0.204532,-0.218755,-0.049906,0.234404,-0.203735,-0.060640
0.148003,-0.239131,-0.000091,0.139644,-0.210436,-0.018759,-0.177113,-0.152591,0.015740,-0.007465,-0.059333,0.065895,0.087123,-0.187085,0.024363,0.045700,-0.106720,0.008417,0.004434,-0.017578,-0.018128,0.161105,-0.244215,-0.001883,0.222937,-0.204681,0.044539,0.228433,-0.226150,0.050130,0.193144,-0.196725,0.071661,0.181552,-0.187581,-0.038969,0.201717,-0.224085,-0.051351,0.229382,-0.215239,-0.060752
0.155201,-0.235023,0.001803,0.143810,-0.206658,-0.014765,-0.231937,-0.159342,0.028049,-0.012321,-0.068706,0.088418,0.085983,-0.181530,0.026376,0.043076,-0.102805,0.011330,0.003980,-0.014370,-0.014251,0.169749,-0.240344,-0.000344,0.228590,-0.204742,0.042227,0.241286,-0.237437,0.050375,0.203258,-0.209963,0.072320,0.177165,-0.184561,-0.037121,0.196358,-0.227664,-0.051558,0.221898,-0.226013,-0.059598
0.160097,-0.229670,0.003949,0.148268,-0.203128,-0.010425,-0.268837,-0.164210,0.042377,-0.019883,-0.071551,0.111435,0.080394,-0.174494,0.028600,0.038647,-0.098037,0.014537,0.003331,-0.010399,-0.009903,0.176319,-0.235329,0.001408,0.230811,-0.204380,0.039311,0.249069,-0.246745,0.049863,0.212975,-0.226457,0.068843,0.170794,-0.181738,-0.034076,0.187730,-0.229128,-0.049713,0.211800,-0.235687,-0.056531
0.161349,-0.222721,0.006510,0.153645,-0.200857,-0.005371,-0.279846,-0.167211,0.057276,-0.031720,-0.065178,0.131734,0.069660,-0.166568,0.030556,0.032137,-0.093107,0.017616,0.002736,-0.006480,-0.005379,0.178938,-0.228396,0.003636,0.230084,-0.203787,0.036558,0.252253,-0.253523,0.049153,0.222283,-0.247187,0.061430,0.161834,-0.178860,-0.029299,0.175615,-0.228744,-0.045484,0.198918,-0.244224,-0.051231
0.158346,-0.214677,0.009602,0.159222,-0.200586,0.000668,-0.263437,-0.169492,0.070762,-0.050937,-0.051002,0.145414,0.055239,-0.159482,0.031780,0.023907,-0.088952,0.019927,0.002199,-0.003108,-0.001453,0.176515,-0.219712,0.006551,0.226438,-0.202867,0.034747,0.251412,-0.257653,0.048936,0.230321,-0.271793,0.051409,0.150305,-0.175796,-0.022810,0.160436,-0.227155,-0.039171,0.183291,-0.251755,-0.043898
0.151303,-0.206418,0.013249,0.163076,-0.201958,0.007579,-0.225929,-0.173603,0.080708,-0.082346,-0.036849,0.148468,0.040079,-0.154821,0.032227,0.015113,-0.086226,0.021210,0.001656,-0.000556,0.001377,0.169056,-0.210120,0.010224,0.219700,-0.201244,0.034439,0.247032,-0.259005,0.049736,0.235606,-0.297898,0.040875,0.136866,-0.172464,-0.015154,0.143136,-0.224832,-0.031526,0.165195,-0.258231,-0.035099
0.141105,-0.198515,0.017376,0.162887,-0.203274,0.014817,-0.179085,-0.183130,0.085237,-0.131037,-0.035709,0.137664,0.027284,-0.152863,0.032401,0.007304,-0.084837,0.021878,0.001041,0.001120,0.003346,0.157610,-0.200497,0.014549,0.209896,-0.198417,0.035764,0.239530,-0.257293,0.051655,0.236673,-0.321633,0.031943,0.122453,-0.168685,-0.007119,0.124839,-0.221660,-0.023374,0.145046,-0.263195,-0.025465
0.128982,-0.190996,0.021745,0.157263,-0.202429,0.021558,-0.134036,-0.201184,0.083055,-0.199378,-0.059722,0.111714,0.018682,-0.152503,0.032978,0.001726,-0.084045,0.022674,0.000347,0.002053,0.005166,0.143857,-0.191344,0.019192,0.197517,-0.194071,0.038302,0.229370,-0.252430,0.054303,0.232763,-0.339307,0.025945,0.107870,-0.164248,0.000509,0.106495,-0.217074,-0.015410,0.123327,-0.265944,-0.015555
0.116197,-0.183738,0.025869,0.146815,-0.198434,0.026912,-0.095968,-0.228383,0.073848,-0.284130,-0.113071,0.072550,0.014107,-0.152237,0.034213,-0.001185,-0.083080,0.024012,-0.000343,0.002472,0.007325,0.129559,-0.182905,0.023561,0.183514,-0.188390,0.041170,0.217142,-0.244993,0.056921,0.224131,-0.349122,0.023014,0.093594,-0.159161,0.006983,0.088709,-0.210628,-0.008259,0.100578,-0.266046,-0.005971
0.103853,-0.176920,0.029050,0.134127,-0.192126,0.030134,-0.064005,-0.261969,0.058712,-0.376010,-0.189750,0.025862,0.011812,-0.151191,0.035692,-0.001803,-0.081686,0.025622,-0.000908,0.002576,0.009639,0.116117,-0.175452,0.026899,0.169079,-0.182113,0.043312,0.203582,-0.236273,0.058645,0.211904,-0.351712,0.022259,0.079781,-0.153803,0.011606,0.071766,-0.202450,-0.002565,0.077401,-0.263734,0.002567
0.092773,-0.170983,0.030630,0.122465,-0.185430,0.030845,-0.035466,-0.296996,0.040184,-0.462531,-0.278099,-0.020187,0.009663,-0.149353,0.036598,-0.000967,-0.080126,0.026767,-0.001270,0.002485,0.011417,0.104367,-0.169270,0.028550,0.155350,-0.176209,0.043864,0.189503,-0.227765,0.058790,0.197584,-0.349257,0.022368,0.066422,-0.148756,0.013892,0.055763,-0.193163,0.001158,0.054382,-0.259768,0.009421
0.083423,-0.166214,0.030307,0.114183,-0.179996,0.029201,-0.009690,-0.328798,0.021548,-0.532397,-0.367715,-0.057835,0.006246,-0.147129,0.036253,0.000300,-0.078789,0.026781,-0.001453,0.002272,0.012023,0.094587,-0.164404,0.028255,0.143128,-0.171409,0.042438,0.175637,-0.220535,0.057073,0.182446,-0.344015,0.022309,0.053511,-0.144494,0.013845,0.040684,-0.183464,0.002829,0.032030,-0.254869,0.014360
0.075898,-0.162490,0.028342,0.109952,-0.176445,0.025959,0.011538,-0.354945,0.005848,-0.578615,-0.453103,-0.082281,0.001229,-0.144905,0.034486,0.000902,-0.077866,0.025459,-0.001559,0.002003,0.011314,0.086628,-0.160532,0.026333,0.132726,-0.167962,0.039246,0.162481,-0.214946,0.053720,0.167152,-0.337379,0.021759,0.041136,-0.141200,0.012105,0.026409,-0.173836,0.002998,0.010826,-0.249247,0.017708
0.069995,-0.159395,0.025504,0.109100,-0.174579,0.022335,0.025960,-0.375667,-0.004806,-0.598906,-0.532757,-0.092367,-0.004957,-0.142958,0.031631,-0.000092,-0.077357,0.023084,-0.001695,0.001730,0.009658,0.080099,-0.157108,0.023596,0.124042,-0.165720,0.035004,0.150266,-0.210781,0.049388,0.151856,-0.329783,0.021063,0.029453,-0.138813,0.009811,0.012742,-0.164570,0.002704,-0.008630,-0.242557,0.020149
0.065325,-0.156478,0.022743,0.110354,-0.173927,0.019627,0.032688,-0.393063,-0.009519,-0.594305,-0.606621,-0.089765,-0.011640,-0.141518,0.028254,-0.003023,-0.077213,0.020173,-0.001905,0.001478,0.007608,0.074516,-0.153622,0.021020,0.116777,-0.164385,0.030636,0.139053,-0.207524,0.044897,0.136697,-0.321081,0.020789,0.018652,-0.137192,0.008199,-0.000481,-0.155952,0.003081,-0.025576,-0.234169,0.022339
0.061416,-0.153442,0.020797,0.112315,-0.174019,0.018739,0.032612,-0.410031,-0.008608,-0.567395,-0.674783,-0.077874,-0.018201,-0.140760,0.024856,-0.007424,-0.077395,0.017188,-0.002148,0.001255,0.005589,0.069432,-0.149774,0.019336,0.110652,-0.163688,0.026906,0.128868,-0.204622,0.040885,0.122122,-0.310978,0.021277,0.008940,-0.136211,0.008142,-0.013229,-0.148383,0.004876,-0.039252,-0.223519,0.024566
0.057814,-0.150192,0.019934,0.113597,-0.174372,0.019880,0.027576,-0.429473,-0.003325,-0.520986,-0.737569,-0.060892,-0.024137,-0.140717,0.021730,-0.012370,-0.077832,0.014404,-0.002298,0.001053,0.003802,0.064523,-0.145549,0.018784,0.105487,-0.163444,0.024166,0.119769,-0.201658,0.037602,0.108649,-0.299361,0.022499,0.000495,-0.135793,0.009850,-0.025181,-0.142351,0.008171,-0.049202,-0.210453,0.026656
0.054166,-0.146852,0.019978,0.112965,-0.174532,0.022614,0.019272,-0.453679,0.004753,-0.457527,-0.795531,-0.042849,-0.029007,-0.141304,0.018963,-0.017176,-0.078404,0.011903,-0.002214,0.000851,0.002297,0.059614,-0.141201,0.019136,0.101146,-0.163541,0.022367,0.111812,-0.198419,0.034950,0.096355,-0.286439,0.024245,-0.006593,-0.135889,0.012906,-0.035805,-0.138304,0.012430,-0.055491,-0.195531,0.028182
0.050259,-0.143721,0.020526,0.109592,-0.174221,0.026180,0.008750,-0.483596,0.014380,-0.379323,-0.848522,-0.026638,-0.032410,-0.142425,0.016521,-0.021797,-0.078981,0.009648,-0.001850,0.000633,0.001071,0.054608,-0.137164,0.019956,0.097425,-0.163914,0.021263,0.104950,-0.194897,0.032691,0.084762,-0.272625,0.026355,-0.012312,-0.136488,0.016585,-0.044560,-0.136467,0.016871,-0.058652,-0.180113,0.028833
0.046002,-0.141167,0.021183,0.103261,-0.173385,0.029791,-0.003214,-0.518129,0.024875,-0.289121,-0.894719,-0.013542,-0.034038,-0.144002,0.014366,-0.026582,-0.079447,0.007605,-0.001315,0.000427,0.000135,0.049423,-0.133911,0.020836,0.093986,-0.164547,0.020593,0.098984,-0.191264,0.030632,0.073282,-0.258320,0.028755,-0.016672,-0.137640,0.020219,-0.051126,-0.136714,0.020875,-0.059422,-0.166023,0.028664
0.041380,-0.139501,0.021624,0.094359,-0.172078,0.032696,-0.015420,-0.554183,0.035800,-0.190332,-0.931153,-0.003546,-0.033872,-0.145869,0.012538,-0.031590,-0.079702,0.005830,-0.000813,0.000301,-0.000472,0.043994,-0.131844,0.021457,0.090424,-0.165502,0.020085,0.093606,-0.187852,0.028603,0.061711,-0.243852,0.031273,-0.019658,-0.139481,0.023340,-0.055486,-0.138585,0.024134,-0.058495,-0.154905,0.028009
0.036378,-0.138927,0.021516,0.083647,-0.170359,0.034118,-0.026008,-0.587910,0.046496,-0.086515,-0.955931,0.003916,-0.032412,-0.147716,0.011108,-0.036158,-0.079687,0.004436,-0.000507,0.000328,-0.000751,0.038300,-0.131262,0.021482,0.086438,-0.166968,0.019366,0.088489,-0.185056,0.026325,0.050321,-0.229613,0.033460,-0.021249,-0.142238,0.025603,-0.057821,-0.141498,0.026508,-0.056422,-0.147640,0.027171
0.030925,-0.139569,0.020474,0.071956,-0.168308,0.033303,-0.033018,-0.616396,0.055992,0.019312,-0.970275,0.009469,-0.030684,-0.149203,0.010083,-0.039193,-0.079410,0.003482,-0.000431,0.000551,-0.000803,0.032345,-0.132372,0.020510,0.081957,-0.169252,0.017967,0.083334,-0.183216,0.023363,0.039578,-0.216169,0.034623,-0.021448,-0.146182,0.026682,-0.058314,-0.145008,0.027858,-0.053630,-0.144241,0.026222
0.024922,-0.141502,0.018191,0.059914,-0.166068,0.029751,-0.035136,-0.638318,0.063293,0.124740,-0.978162,0.013810,-0.029763,-0.150136,0.009386,-0.039862,-0.078956,0.002926,-0.000526,0.000976,-0.000788,0.026119,-0.135281,0.018217,0.077081,-0.172666,0.015509,0.077856,-0.182544,0.019330,0.029824,-0.204213,0.034118,-0.020338,-0.151535,0.026345,-0.057063,-0.148924,0.028051,-0.050464,-0.144158,0.025073
0.018348,-0.144720,0.014628,0.047882,-0.163816,0.023457,-0.031817,-0.653100,0.067622,0.227351,-0.983542,0.017854,-0.030086,-0.150564,0.008927,-0.037960,-0.078453,0.002687,-0.000708,0.001529,-0.000825,0.019594,-0.139944,0.014570,0.071858,-0.177355,0.011900,0.071745,-0.183134,0.014145,0.021131,-0.194399,0.031673,-0.018136,-0.158345,0.024612,-0.054232,-0.153233,0.027116,-0.047214,-0.146633,0.023668
0.011311,-0.149110,0.010092,0.036107,-0.161735,0.014947,-0.022799,-0.659810,0.068414,0.324309,-0.987510,0.022595,-0.031219,-0.150747,0.008667,-0.033778,-0.078060,0.002707,-0.000909,0.002053,-0.000936,0.012740,-0.146138,0.009913,0.066103,-0.183221,0.007386,0.064684,-0.184956,0.008096,0.013362,-0.187160,0.027455,-0.015245,-0.166437,0.021834,-0.050260,-0.157949,0.025352,-0.044140,-0.150776,0.022085
0.003984,-0.154455,0.005111,0.024936,-0.160049,0.005088,-0.007863,-0.657236,0.065296,0.412817,-0.987774,0.028749,-0.032382,-0.151052,0.008601,-0.027893,-0.077954,0.002958,-0.001057,0.002354,-0.001073,0.005517,-0.153494,0.004825,0.059455,-0.190005,0.002402,0.056448,-0.187819,0.001643,0.006353,-0.182573,0.021857,-0.012221,-0.175500,0.018578,-0.045867,-0.163010,0.023269,-0.041445,-0.155474,0.020477
-0.003491,-0.160498,0.000201,0.014865,-0.159036,-0.005211,0.012790,-0.645015,0.058232,0.490933,-0.980459,0.036495,-0.033184,-0.151820,0.008707,-0.021106,-0.078311,0.003404,-0.001049,0.002273,-0.001152,-0.002115,-0.161589,-0.000136,0.051622,-0.197448,-0.002645,0.047005,-0.191392,-0.004844,0.000020,-0.180337,0.015242,-0.009674,-0.185212,0.015415,-0.041777,-0.168299,0.021388,-0.039217,-0.159490,0.018959
-0.011017,-0.166993,-0.004291,0.006380,-0.158968,-0.015214,0.038200,-0.624353,0.047636,0.557801,-0.962356,0.045428,-0.033836,-0.153289,0.008922,-0.014379,-0.079257,0.003977,-0.000794,0.001742,-0.001090,-0.010122,-0.170033,-0.004604,0.042596,-0.205363,-0.007497,0.036537,-0.195310,-0.011183,-0.005697,-0.179902,0.007889,-0.008117,-0.195302,0.012721,-0.038428,-0.173738,0.020031,-0.037444,-0.161820,0.017551
-0.018475,-0.173746,-0.008187,-0.000230,-0.160057,-0.024384,0.067152,-0.597438,0.034150,0.613097,-0.931967,0.054477,-0.034798,-0.155609,0.009144,-0.008646,-0.080811,0.004576,-0.000311,0.000860,-0.000855,-0.018331,-0.178522,-0.008414,0.032664,-0.213592,-0.012020,0.025345,-0.199300,-0.017277,-0.010962,-0.180637,0.000111,-0.007853,-0.205525,0.010640,-0.035955,-0.179346,0.019267,-0.036159,-0.162069,0.016228
-0.025710,-0.180651,-0.011399,-0.004878,-0.162470,-0.032336,0.099318,-0.565987,0.018104,0.656287,-0.889205,0.061632,-0.036371,-0.158932,0.009261,-0.004589,-0.082897,0.005084,0.000234,-0.000072,-0.000490,-0.026482,-0.186869,-0.011497,0.022225,-0.221968,-0.016103,0.013728,-0.203264,-0.022979,-0.016065,-0.181996,-0.007651,-0.008959,-0.215656,0.009168,-0.034416,-0.185254,0.018993,-0.035618,-0.160568,0.015009
-0.032637,-0.187749,-0.013897,-0.007574,-0.166368,-0.038876,0.135890,-0.530096,-0.000955,0.686134,-0.834748,0.063723,-0.038627,-0.163445,0.009185,-0.002497,-0.085420,0.005404,0.000618,-0.000683,-0.000083,-0.034401,-0.195070,-0.013843,0.011561,-0.230382,-0.019645,0.001904,-0.207343,-0.028076,-0.021350,-0.183680,-0.014890,-0.011384,-0.225579,0.008225,-0.033998,-0.191707,0.019040,-0.036355,-0.158238,0.013983
-0.039335,-0.195245,-0.015791,-0.008404,-0.171863,-0.044144,0.178652,-0.488205,-0.024122,0.700327,-0.769820,0.056823,-0.041584,-0.169301,0.008862,-0.002318,-0.088364,0.005483,0.000716,-0.000767,0.000295,-0.042138,-0.203343,-0.015570,0.000743,-0.238882,-0.022635,-0.009996,-0.211905,-0.032436,-0.027099,-0.185709,-0.021234,-0.015029,-0.235373,0.007621,-0.035027,-0.199014,0.019174,-0.039000,-0.156275,0.013200
-0.046024,-0.203442,-0.017399,-0.007696,-0.178904,-0.048650,0.227640,-0.438302,-0.052159,0.695134,-0.696229,0.037616,-0.045308,-0.176500,0.008257,-0.003880,-0.091783,0.005300,0.000551,-0.000423,0.000622,-0.049918,-0.212068,-0.016998,-0.010265,-0.247665,-0.025246,-0.021881,-0.217393,-0.036142,-0.033458,-0.188305,-0.026621,-0.019793,-0.245283,0.006981,-0.037784,-0.207389,0.019049,-0.043955,-0.155713,0.012519
-0.052891,-0.212573,-0.019121,-0.006178,-0.187239,-0.052951,0.278842,-0.379847,-0.084072,0.665684,-0.616037,0.005331,-0.049848,-0.184872,0.007343,-0.007080,-0.095735,0.004846,0.000240,0.000048,0.000926,-0.057921,-0.221584,-0.018535,-0.021443,-0.256924,-0.027750,-0.033682,-0.224057,-0.039451,-0.040438,-0.191639,-0.031244,-0.025598,-0.255525,0.005853,-0.042335,-0.216765,0.018300,-0.051124,-0.156996,0.011630
-0.059896,-0.222612,-0.021083,-0.004889,-0.196641,-0.056981,0.323869,-0.315417,-0.116163,0.607796,-0.530779,-0.036841,-0.055151,-0.194269,0.006097,-0.011865,-0.100268,0.004118,-0.000108,0.000360,0.001249,-0.066054,-0.231896,-0.020318,-0.032644,-0.266616,-0.030241,-0.045371,-0.231763,-0.042491,-0.047978,-0.195642,-0.035241,-0.032410,-0.266046,0.004074,-0.048515,-0.226704,0.016865,-0.059898,-0.159818,0.010360
-0.066686,-0.233184,-0.022813,-0.004727,-0.207235,-0.059543,0.352544,-0.250947,-0.142560,0.521265,-0.441031,-0.081994,-0.061098,-0.204824,0.004488,-0.018013,-0.105495,0.003105,-0.000445,0.000415,0.001583,-0.073872,-0.242496,-0.021881,-0.043632,-0.276364,-0.032376,-0.056965,-0.240018,-0.044951,-0.055960,-0.200007,-0.038378,-0.040259,-0.276423,0.002154,-0.056071,-0.236545,0.015304,-0.069407,-0.163419,0.009051
-0.072642,-0.243662,-0.023353,-0.005947,-0.219492,-0.058681,0.357123,-0.194055,-0.157424,0.412857,-0.347388,-0.121622,-0.067521,-0.216911,0.002494,-0.024947,-0.111592,0.001805,-0.000754,0.000319,0.001864,-0.080658,-0.252494,-0.022259,-0.054062,-0.285602,-0.033468,-0.068398,-0.248224,-0.046148,-0.064102,-0.204404,-0.040093,-0.049238,-0.286014,0.001182,-0.064779,-0.245707,0.014662,-0.078856,-0.167170,0.008541
-0.077000,-0.253411,-0.021881,-0.008009,-0.233692,-0.052976,0.335419,-0.151332,-0.157632,0.296567,-0.252883,-0.148414,-0.074062,-0.230685,0.000159,-0.031766,-0.118617,0.000291,-0.000994,0.000242,0.002059,-0.085586,-0.261042,-0.020624,-0.063326,-0.293931,-0.032994,-0.079249,-0.256008,-0.045538,-0.071842,-0.208810,-0.039957,-0.059447,-0.294295,0.002153,-0.074388,-0.253969,0.015806,-0.087652,-0.171084,0.009580
-0.079055,-0.262042,-0.018289,-0.009975,-0.249468,-0.042566,0.291234,-0.126178,-0.144042,0.189790,-0.164687,-0.158242,-0.080051,-0.245746,-0.002401,-0.037529,-0.126367,-0.001292,-0.001098,0.000262,0.002208,-0.087924,-0.267756,-0.016867,-0.070463,-0.301347,-0.031004,-0.088584,-0.263384,-0.043169,-0.078406,-0.213714,-0.038040,-0.070836,-0.301110,0.005278,-0.084450,-0.261527,0.018796,-0.095283,-0.175953,0.012226
-0.078403,-0.269569,-0.013134,-0.011116,-0.266104,-0.028822,0.232775,-0.118087,-0.120550,0.106619,-0.092242,-0.150899,-0.084640,-0.261474,-0.005124,-0.041605,-0.134538,-0.002865,-0.001032,0.000305,0.002337,-0.087242,-0.272817,-0.011562,-0.074413,-0.308142,-0.027981,-0.095134,-0.270662,-0.039544,-0.083101,-0.219982,-0.034725,-0.083054,-0.306641,0.009960,-0.094257,-0.268788,0.022923,-0.101214,-0.183095,0.015848
-0.075184,-0.276395,-0.007159,-0.011392,-0.283200,-0.013262,0.170323,-0.123251,-0.092152,0.052248,-0.042246,-0.130003,-0.087077,-0.277630,-0.008120,-0.043840,-0.142980,-0.004530,-0.000836,0.000218,0.002340,-0.083639,-0.276812,-0.005474,-0.074569,-0.314609,-0.024359,-0.097759,-0.278250,-0.035112,-0.085612,-0.228465,-0.030235,-0.095439,-0.311214,0.015277,-0.103007,-0.276126,0.027223,-0.105024,-0.193877,0.019615
-0.070207,-0.283162,-0.001065,-0.011669,-0.300661,0.002812,0.113466,-0.136057,-0.063573,0.022567,-0.014902,-0.101974,-0.086843,-0.294317,-0.011564,-0.044468,-0.151629,-0.006472,-0.000586,-0.000103,0.002061,-0.077913,-0.280554,0.000671,-0.071199,-0.320906,-0.020370,-0.095840,-0.286558,-0.030112,-0.086073,-0.239678,-0.024555,-0.107130,-0.315206,0.020296,-0.110093,-0.283780,0.030818,-0.106664,-0.209222,0.022794
-0.064818,-0.290472,0.004373,-0.013513,-0.318086,0.017902,0.068421,-0.151010,-0.038674,0.008897,-0.004675,-0.073849,-0.083714,-0.311366,-0.015491,-0.044007,-0.160195,-0.008741,-0.000348,-0.000631,0.001512,-0.071481,-0.284893,0.006088,-0.065403,-0.327109,-0.016295,-0.089403,-0.295918,-0.024848,-0.084893,-0.253651,-0.017809,-0.117233,-0.319054,0.024085,-0.115327,-0.291871,0.032933,-0.106535,-0.229229,0.024717
-0.060461,-0.298622,0.008409,-0.018406,-0.334691,0.030484,0.037128,-0.164207,-0.019843,0.003403,-0.004007,-0.050750,-0.077997,-0.328178,-0.019775,-0.043412,-0.168169,-0.011230,-0.000149,-0.001236,0.000938,-0.065943,-0.290416,0.010032,-0.058664,-0.333229,-0.012529,-0.079074,-0.306345,-0.019809,-0.082547,-0.269827,-0.010446,-0.125039,-0.323142,0.025923,-0.118979,-0.300313,0.033084,-0.105348,-0.253007,0.024930
-0.058127,-0.307499,0.010749,-0.026723,-0.350019,0.039982,0.018698,-0.173778,-0.007387,0.001389,-0.006550,-0.034555,-0.070757,-0.344296,-0.024353,-0.044170,-0.175224,-0.013879,0.000008,-0.001794,0.000644,-0.062470,-0.297135,0.012227,-0.052337,-0.339123,-0.009306,-0.065990,-0.317298,-0.015393,-0.079439,-0.287036,-0.003025,-0.130242,-0.327592,0.025735,-0.121655,-0.308688,0.031456,-0.103970,-0.278831,0.023597
-0.057994,-0.316663,0.011700,-0.037240,-0.364356,0.047152,0.011526,-0.179455,0.000227,0.000718,-0.008545,-0.024423,-0.063558,-0.359803,-0.029362,-0.047778,-0.181472,-0.016799,0.000114,-0.002248,0.000789,-0.061401,-0.304473,0.013017,-0.047300,-0.344492,-0.006576,-0.051643,-0.327764,-0.011729,-0.075753,-0.303791,0.003909,-0.132999,-0.332195,0.024160,-0.124032,-0.316326,0.028893,-0.103296,-0.304620,0.021562
-0.059443,-0.325500,0.011781,-0.047572,-0.378199,0.053216,0.014104,-0.181902,0.005189,0.000540,-0.008773,-0.018357,-0.057765,-0.374924,-0.034993,-0.054797,-0.187249,-0.020132,0.000167,-0.002617,0.001351,-0.062251,-0.311579,0.012959,-0.043869,-0.349004,-0.004265,-0.037610,-0.336612,-0.008877,-0.071319,-0.318813,0.009620,-0.133775,-0.336557,0.022030,-0.126504,-0.322604,0.026300,-0.104055,-0.328442,0.019801
-0.061412,-0.333342,0.011245,-0.055222,-0.391410,0.058706,0.024530,-0.182125,0.009125,0.000539,-0.007669,-0.014541,-0.054018,-0.389328,-0.041233,-0.064542,-0.192678,-0.023825,0.000192,-0.002980,0.002280,-0.064035,-0.317675,0.012326,-0.041927,-0.352384,-0.002599,-0.025276,-0.342942,-0.007104,-0.065665,-0.331420,0.013002,-0.133080,-0.340263,0.019767,-0.128911,-0.327183,0.024027,-0.106502,-0.348793,0.018772
-0.062875,-0.339521,0.009959,-0.058605,-0.402967,0.063145,0.040009,-0.181047,0.012636,0.000636,-0.006165,-0.011875,-0.052327,-0.401927,-0.047764,-0.075994,-0.197455,-0.027584,0.000227,-0.003477,0.003682,-0.065709,-0.322195,0.010977,-0.041124,-0.354425,-0.002086,-0.015606,-0.346246,-0.006873,-0.058287,-0.341537,0.012833,-0.131316,-0.342954,0.017254,-0.130581,-0.330020,0.021766,-0.110252,-0.364670,0.018228
-0.063218,-0.343476,0.007652,-0.057482,-0.411437,0.065581,0.057189,-0.179274,0.015564,0.000845,-0.004887,-0.009889,-0.052480,-0.411292,-0.054063,-0.088842,-0.200979,-0.030995,0.000291,-0.004292,0.005865,-0.066510,-0.324800,0.008611,-0.041041,-0.355001,-0.003227,-0.009021,-0.346510,-0.008563,-0.048970,-0.349441,0.008351,-0.128789,-0.344371,0.014136,-0.130742,-0.331262,0.018940,-0.114503,-0.375607,0.017553
-0.062316,-0.344907,0.004259,-0.052688,-0.415636,0.065259,0.073006,-0.177073,0.017474,0.001174,-0.004001,-0.008472,-0.054219,-0.416245,-0.059478,-0.103107,-0.202705,-0.033572,0.000369,-0.005628,0.009206,-0.066108,-0.325415,0.005130,-0.041308,-0.354126,-0.006154,-0.005393,-0.344243,-0.012128,-0.037898,-0.355426,-0.000255,-0.125752,-0.344420,0.010233,-0.129028,-0.331190,0.015195,-0.118482,-0.381717,0.016240
-0.060367,-0.343891,0.000145,-0.045525,-0.414946,0.061963,0.085204,-0.174497,0.018016,0.001571,-0.003428,-0.007630,-0.057088,-0.416145,-0.063158,-0.117622,-0.202433,-0.034634,0.000437,-0.007713,0.013994,-0.064533,-0.324291,0.000888,-0.041667,-0.351983,-0.010403,-0.004218,-0.340352,-0.016903,-0.025549,-0.359554,-0.011715,-0.122395,-0.343210,0.005784,-0.125689,-0.330211,0.010671,-0.121712,-0.383644,0.014196
-0.057686,-0.340829,-0.003885,-0.037339,-0.409241,0.055994,0.092181,-0.171537,0.017094,0.001933,-0.003041,-0.007295,-0.060352,-0.410813,-0.063993,-0.129568,-0.200341,-0.033228,0.000522,-0.010840,0.020417,-0.062010,-0.321955,-0.003298,-0.041959,-0.348852,-0.014909,-0.004859,-0.335806,-0.021664,-0.012568,-0.361646,-0.023966,-0.118780,-0.340978,0.001453,-0.121388,-0.328798,0.005995,-0.123902,-0.382365,0.011760
-0.054599,-0.336234,-0.006791,-0.029401,-0.398687,0.048011,0.092671,-0.168208,0.014894,0.002157,-0.002715,-0.007216,-0.063187,-0.400354,-0.060808,-0.136229,-0.196754,-0.028345,0.000728,-0.015392,0.028714,-0.058843,-0.318992,-0.006360,-0.042062,-0.344947,-0.018278,-0.006742,-0.331251,-0.024938,0.000295,-0.361554,-0.034729,-0.114807,-0.337925,-0.001873,-0.116803,-0.327328,0.002053,-0.124712,-0.378914,0.009532
-0.051396,-0.330472,-0.007655,-0.022879,-0.383630,0.038864,0.085875,-0.164502,0.011802,0.002178,-0.002327,-0.007033,-0.064953,-0.385071,-0.052821,-0.137293,-0.191866,-0.019378,0.001228,-0.021818,0.039211,-0.055339,-0.315760,-0.007349,-0.041900,-0.340285,-0.019258,-0.009399,-0.326813,-0.025491,0.012275,-0.359462,-0.042177,-0.110286,-0.334063,-0.003380,-0.112314,-0.325929,-0.000339,-0.123679,-0.374114,0.008107
-0.048255,-0.323594,-0.006016,-0.018659,-0.364561,0.029404,0.072023,-0.160296,0.008242,0.001990,-0.001817,-0.006479,-0.065240,-0.365456,-0.040078,-0.135298,-0.185651,-0.006503,0.002266,-0.030641,0.052101,-0.051726,-0.312187,-0.005784,-0.041538,-0.334657,-0.017252,-0.012401,-0.322175,-0.022808,0.022799,-0.355895,-0.045475,-0.105087,-0.329196,-0.002611,-0.107919,-0.324443,-0.000724,-0.120347,-0.368393,0.007835
-0.045159,-0.315334,-0.002049,-0.017097,-0.342135,0.020348,0.052766,-0.155310,0.004566,0.001653,-0.001236,-0.005520,-0.063769,-0.342238,-0.023616,-0.134161,-0.178004,0.009237,0.004148,-0.042594,0.067124,-0.048064,-0.307780,-0.001831,-0.041192,-0.327758,-0.012586,-0.015238,-0.316825,-0.017331,0.031619,-0.351384,-0.044918,-0.099219,-0.323035,0.000399,-0.103379,-0.322521,0.000868,-0.114505,-0.361837,0.008721
-0.041928,-0.305339,0.003505,-0.017926,-0.317314,0.012254,0.031049,-0.149217,0.001064,0.001267,-0.000712,-0.004316,-0.060444,-0.316513,-0.005304,-0.137517,-0.168997,0.026164,0.007189,-0.058758,0.083492,-0.044258,-0.301867,0.003758,-0.041106,-0.319374,-0.006395,-0.017306,-0.310332,-0.010309,0.038675,-0.346093,-0.041597,-0.092776,-0.315394,0.005158,-0.098430,-0.319761,0.004000,-0.106403,-0.354476,0.010529
-0.038411,-0.293475,0.009581,-0.020429,-0.291481,0.005567,0.010505,-0.141800,-0.001970,0.000927,-0.000361,-0.003083,-0.055560,-0.289837,0.012563,-0.147925,-0.158998,0.042389,0.011537,-0.080414,0.100147,-0.040219,-0.293938,0.009892,-0.041425,-0.309523,-0.000173,-0.018064,-0.302556,-0.003309,0.043813,-0.339720,-0.036800,-0.085825,-0.306313,0.010882,-0.092897,-0.315798,0.008020,-0.096792,-0.346537,0.012969
-0.034700,-0.279965,0.015109,-0.023810,-0.266251,0.000586,-0.005533,-0.133046,-0.004268,0.000692,-0.000216,-0.002006,-0.049891,-0.263978,0.027842,-0.166404,-0.148635,0.056299,0.016860,-0.108509,0.116065,-0.036058,-0.283857,0.015468,-0.042203,-0.298437,0.004752,-0.017341,-0.293714,0.002337,0.046680,-0.331690,-0.031571,-0.078353,-0.296043,0.016711,-0.086654,-0.310331,0.012263,-0.086690,-0.338342,0.015815
-0.031167,-0.265232,0.019294,-0.027547,-0.242920,-0.002645,-0.015203,-0.123155,-0.005705,0.000576,-0.000208,-0.001206,-0.044398,-0.240316,0.039108,-0.191719,-0.138805,0.066867,0.022012,-0.142996,0.130231,-0.032134,-0.271811,0.019665,-0.043477,-0.286400,0.007563,-0.015584,-0.284226,0.005894,0.046927,-0.321467,-0.026615,-0.070354,-0.284884,0.021935,-0.079564,-0.303133,0.016195,-0.077021,-0.329944,0.018912
-0.028275,-0.249624,0.021752,-0.031465,-0.221992,-0.004399,-0.018765,-0.112510,-0.006373,0.000563,-0.000212,-0.000721,-0.039782,-0.219355,0.045924,-0.219877,-0.131018,0.073557,0.024829,-0.182432,0.141197,-0.028871,-0.258091,0.022084,-0.045290,-0.273600,0.008017,-0.013804,-0.274466,0.007234,0.044514,-0.308866,-0.022463,-0.061941,-0.273030,0.026135,-0.071510,-0.294092,0.019484,-0.068346,-0.320952,0.022115
-0.026327,-0.233302,0.022478,-0.035511,-0.203233,-0.005117,-0.018073,-0.101608,-0.006477,0.000608,-0.000123,-0.000482,-0.036305,-0.200797,0.048652,-0.244838,-0.127888,0.075897,0.022318,-0.224106,0.146666,-0.026520,-0.242943,0.022721,-0.047590,-0.260128,0.006282,-0.013174,-0.264565,0.006594,0.039875,-0.294267,-0.019641,-0.053398,-0.260562,0.029187,-0.062528,-0.283253,0.021990,-0.060842,-0.310761,0.025254
-0.025390,-0.216361,0.021724,-0.039495,-0.186167,-0.005173,-0.015207,-0.090948,-0.006175,0.000640,0.000076,-0.000338,-0.033995,-0.184076,0.048025,-0.260757,-0.132977,0.073208,0.011379,-0.264768,0.143777,-0.025082,-0.226592,0.021830,-0.050083,-0.246112,0.002753,-0.014505,-0.254383,0.004323,0.033804,-0.278614,-0.018647,-0.045152,-0.247575,0.031190,-0.052955,-0.270841,0.023747,-0.054447,-0.298988,0.028167
-0.025412,-0.198997,0.019867,-0.043049,-0.170477,-0.004773,-0.011451,-0.080913,-0.005522,0.000587,0.000311,-0.000145,-0.032929,-0.168786,0.044834,-0.264567,-0.149360,0.064947,-0.010075,-0.301750,0.130271,-0.024479,-0.209340,0.019796,-0.052246,-0.231800,-0.002032,-0.017977,-0.243608,0.000788,0.027084,-0.263064,-0.019711,-0.037690,-0.234261,0.032360,-0.043427,-0.257208,0.024918,-0.048998,-0.285685,0.030735
-0.026392,-0.181535,0.017303,-0.045821,-0.156010,-0.004059,-0.007319,-0.071710,-0.004576,0.000429,0.000495,0.000141,-0.033270,-0.154703,0.039851,-0.256933,-0.177521,0.051409,-0.042236,-0.333961,0.105682,-0.024771,-0.191600,0.017037,-0.053588,-0.217469,-0.007420,-0.023272,-0.231900,-0.003572,0.020043,-0.248458,-0.022554,-0.031465,-0.220830,0.032925,-0.034708,-0.242730,0.025693,-0.044295,-0.271257,0.032858
-0.028448,-0.164320,0.014374,-0.047728,-0.142607,-0.003223,-0.003151,-0.063395,-0.003497,0.000226,0.000591,0.000455,-0.035084,-0.141619,0.033804,-0.240692,-0.214273,0.034045,-0.083396,-0.362032,0.071452,-0.026227,-0.173810,0.013930,-0.053900,-0.203271,-0.012719,-0.029843,-0.219012,-0.008226,0.012392,-0.234968,-0.026371,-0.026814,-0.207375,0.033042,-0.027473,-0.227718,0.026178,-0.040082,-0.256238,0.034387
-0.031750,-0.147613,0.011316,-0.049071,-0.130039,-0.002493,0.000496,-0.055942,-0.002504,0.000070,0.000618,0.000706,-0.038196,-0.129293,0.027284,-0.218196,-0.253644,0.015003,-0.130792,-0.387245,0.030021,-0.029161,-0.156321,0.010741,-0.053258,-0.189184,-0.017350,-0.037035,-0.204859,-0.012652,0.003525,-0.222139,-0.030106,-0.023891,-0.193835,0.032762,-0.022196,-0.212390,0.026356,-0.036082,-0.241068,0.035101
-0.036358,-0.131544,0.008244,-0.050426,-0.118096,-0.002020,0.002922,-0.049298,-0.001760,0.000009,0.000604,0.000871,-0.042181,-0.117535,0.020638,-0.190064,-0.288993,-0.003652,-0.181542,-0.409891,-0.015949,-0.033690,-0.139336,0.007598,-0.051875,-0.175094,-0.020995,-0.044099,-0.189531,-0.016493,-0.006972,-0.209201,-0.032852,-0.022656,-0.180075,0.032050,-0.019130,-0.196881,0.026127,-0.032113,-0.225901,0.034758
-0.042095,-0.116157,0.005181,-0.052356,-0.106660,-0.001833,0.003561,-0.043404,-0.001310,0.000018,0.000558,0.001001,-0.046478,-0.106268,0.013988,-0.156120,-0.314972,-0.020453,-0.233077,-0.428461,-0.063560,-0.039588,-0.122937,0.004520,-0.049959,-0.160896,-0.023620,-0.050264,-0.173248,-0.019624,-0.019030,-0.195390,-0.034091,-0.022919,-0.165986,0.030821,-0.018288,-0.181252,0.025368,-0.028255,-0.210541,0.033204
-0.048552,-0.101479,0.002111,-0.055191,-0.095696,-0.001901,0.002144,-0.038190,-0.001143,0.000038,0.000495,0.001151,-0.050541,-0.095493,0.007369,-0.117084,-0.328596,-0.034588,-0.282947,-0.440350,-0.109367,-0.046352,-0.107177,0.001473,-0.047645,-0.146539,-0.025354,-0.054917,-0.156295,-0.022067,-0.032205,-0.180172,-0.033669,-0.024379,-0.151522,0.028975,-0.019425,-0.165501,0.023965,-0.024901,-0.194586,0.030455
-0.055206,-0.087594,-0.000934,-0.058992,-0.085155,-0.002226,-0.001419,-0.033588,-0.001283,0.000024,0.000438,0.001317,-0.053988,-0.085176,0.000970,-0.075528,-0.329217,-0.045590,-0.328021,-0.443091,-0.149215,-0.053354,-0.092183,-0.001527,-0.044948,-0.132039,-0.026274,-0.057759,-0.138980,-0.023800,-0.045980,-0.163356,-0.031561,-0.026643,-0.136707,0.026453,-0.022093,-0.149611,0.021868,-0.022569,-0.177733,0.026712
-0.061493,-0.074688,-0.003735,-0.063613,-0.074840,-0.002868,-0.007322,-0.029549,-0.001812,-0.000035,0.000403,0.001457,-0.056678,-0.075110,-0.004582,-0.035865,-0.317510,-0.052815,-0.363221,-0.434558,-0.178196,-0.059929,-0.078247,-0.004279,-0.041761,-0.117522,-0.026214,-0.058795,-0.121649,-0.024571,-0.059869,-0.145108,-0.027645,-0.029232,-0.121670,0.023367,-0.025769,-0.133662,0.019202,-0.021571,-0.160069,0.022364
-0.066794,-0.063034,-0.005764,-0.068706,-0.064340,-0.003875,-0.015925,-0.026044,-0.002811,-0.000135,0.000366,0.001566,-0.058665,-0.064844,-0.008064,-0.003471,-0.294078,-0.055056,-0.380671,-0.411981,-0.190950,-0.065341,-0.065828,-0.006272,-0.037946,-0.103253,-0.024682,-0.058213,-0.104677,-0.023844,-0.073198,-0.125876,-0.021661,-0.031616,-0.106696,0.020137,-0.029971,-0.117931,0.016392,-0.021738,-0.142122,0.017979
-0.070424,-0.052895,-0.006284,-0.073655,-0.053163,-0.005183,-0.027343,-0.023002,-0.004240,-0.000256,0.000288,0.001722,-0.060019,-0.053834,-0.007996,0.017312,-0.258951,-0.050904,-0.371190,-0.371746,-0.183263,-0.068794,-0.055411,-0.006791,-0.033471,-0.089580,-0.021063,-0.056227,-0.088361,-0.021007,-0.084877,-0.106240,-0.013457,-0.033266,-0.092170,0.017428,-0.034255,-0.102844,0.014102,-0.022388,-0.124567,0.014192
-0.071796,-0.044359,-0.004826,-0.077561,-0.041177,-0.006551,-0.040635,-0.020266,-0.005861,-0.000371,0.000166,0.002036,-0.060640,-0.041914,-0.003660,0.025931,-0.212975,-0.040121,-0.329447,-0.312020,-0.155233,-0.069658,-0.047179,-0.005374,-0.028526,-0.076724,-0.015122,-0.052976,-0.072695,-0.015904,-0.093584,-0.086722,-0.003430,-0.033727,-0.078394,0.015773,-0.038175,-0.088734,0.012859,-0.022612,-0.107743,0.011388
-0.070735,-0.037228,-0.001736,-0.079357,-0.029097,-0.007599,-0.053253,-0.017644,-0.007239,-0.000456,0.000050,0.002543,-0.060315,-0.029801,0.003794,0.026899,-0.160197,-0.025041,-0.260194,-0.237044,-0.113803,-0.067861,-0.040747,-0.002359,-0.023513,-0.064640,-0.007544,-0.048528,-0.057268,-0.009350,-0.098290,-0.067600,0.007133,-0.032756,-0.065428,0.015109,-0.041348,-0.075606,0.012616,-0.021905,-0.091439,0.009440
-0.067685,-0.031074,0.001777,-0.078073,-0.018414,-0.007972,-0.061697,-0.015033,-0.007920,-0.000514,0.000005,0.003133,-0.059055,-0.019010,0.011458,0.027298,-0.108304,-0.010220,-0.179233,-0.158375,-0.071066,-0.064107,-0.035239,0.001081,-0.018878,-0.053132,0.000100,-0.043012,-0.041534,-0.003044,-0.098750,-0.048812,0.016328,-0.030522,-0.053171,0.014737,-0.043634,-0.063165,0.012712,-0.020764,-0.075227,0.007861
-0.063553,-0.025406,0.004357,-0.073248,-0.010440,-0.007573,-0.063488,-0.012472,-0.007718,-0.000556,0.000055,0.003573,-0.057317,-0.010868,0.016384,0.031932,-0.065435,0.000089,-0.105933,-0.090063,-0.038093,-0.059608,-0.029728,0.003636,-0.014857,-0.042131,0.006157,-0.036811,-0.025348,0.001345,-0.095648,-0.029975,0.022603,-0.027681,-0.041587,0.013867,-0.045223,-0.051057,0.012420,-0.020705,-0.059021,0.006371
-0.059260,-0.019783,0.005396,-0.065368,-0.005209,-0.006654,-0.058880,-0.009994,-0.006862,-0.000588,0.000186,0.003636,-0.055657,-0.005412,0.017530,0.040900,-0.035842,0.004490,-0.052927,-0.041263,-0.019288,-0.055467,-0.023652,0.004729,-0.011408,-0.031783,0.009855,-0.030697,-0.009251,0.003209,-0.090345,-0.010524,0.025676,-0.025141,-0.030792,0.012268,-0.046456,-0.039069,0.011565,-0.023454,-0.043220,0.005320
-0.055368,-0.013796,0.005302,-0.056034,-0.001277,-0.005621,-0.050672,-0.007382,-0.005823,-0.000606,0.000386,0.003265,-0.054063,-0.001229,0.016126,0.051606,-0.018465,0.004685,-0.021803,-0.012809,-0.012071,-0.052201,-0.016863,0.004762,-0.008418,-0.022223,0.011563,-0.025727,0.005788,0.003238,-0.084320,0.010006,0.026539,-0.023539,-0.020874,0.010425,-0.047533,-0.027131,0.010640,-0.029875,-0.028246,0.005483
-0.052042,-0.007075,0.004990,-0.047567,0.003387,-0.004768,-0.042449,-0.004161,-0.004988,-0.000615,0.000660,0.002609,-0.051807,0.003623,0.014387,0.061850,-0.009137,0.003610,-0.006769,0.000292,-0.010896,-0.049737,-0.009414,0.004612,-0.005949,-0.013345,0.012243,-0.022829,0.018884,0.002744,-0.078620,0.031477,0.026603,-0.022880,-0.011719,0.009111,-0.048409,-0.015281,0.010362,-0.039374,-0.014037,0.007391
-0.049262,0.000546,0.005178,-0.042053,0.010166,-0.004180,-0.036828,0.000057,-0.004509,-0.000630,0.000984,0.001930,-0.048115,0.010427,0.013949,0.070665,-0.003688,0.003463,-0.000780,0.004260,-0.011150,-0.047763,-0.001458,0.004945,-0.004254,-0.004897,0.012708,-0.022290,0.029496,0.002782,-0.073559,0.052705,0.026810,-0.022648,-0.003122,0.008836,-0.048980,-0.003769,0.011136,-0.050155,-0.000141,0.010815
-0.046988,0.008802,0.006024,-0.040305,0.019038,-0.003788,-0.034608,0.005169,-0.004323,-0.000660,0.001270,0.001440,-0.042944,0.019122,0.015151,0.077793,0.000404,0.004907,0.001056,0.003861,-0.010634,-0.046032,0.006672,0.005882,-0.003524,0.003209,0.013265,-0.023527,0.037406,0.003693,-0.068771,0.071608,0.027315,-0.022256,0.004969,0.009576,-0.049321,0.006830,0.012805,-0.060090,0.013613,0.014815
-0.045119,0.016970,0.007208,-0.041466,0.028666,-0.003458,-0.034839,0.010526,-0.004245,-0.000701,0.001413,0.001223,-0.037051,0.028425,0.017240,0.083546,0.003995,0.007336,0.001277,0.002074,-0.009217,-0.044401,0.014425,0.007096,-0.003674,0.010770,0.013809,-0.025390,0.042697,0.005211,-0.063532,0.086082,0.027701,-0.021399,0.012363,0.010850,-0.049695,0.015755,0.014769,-0.067625,0.026626,0.018227
-0.043393,0.024150,0.008236,-0.043572,0.037178,-0.003055,-0.035611,0.015282,-0.004060,-0.000735,0.001372,0.001231,-0.031396,0.036574,0.019041,0.088525,0.006997,0.009620,0.001027,0.000537,-0.007755,-0.042699,0.021185,0.008112,-0.004358,0.017459,0.014114,-0.026784,0.045813,0.006811,-0.057231,0.094944,0.027376,-0.020072,0.018801,0.011983,-0.050300,0.022466,0.016287,-0.072266,0.037719,0.020228
-0.041406,0.029640,0.008705,-0.044658,0.043093,-0.002507,-0.035174,0.018792,-0.003641,-0.000744,0.001194,0.001338,-0.026556,0.042195,0.019610,0.092750,0.009107,0.010838,0.000785,-0.000137,-0.007027,-0.040663,0.026493,0.008561,-0.005212,0.023103,0.014038,-0.027122,0.047512,0.008041,-0.049708,0.098210,0.025907,-0.018375,0.024182,0.012372,-0.051019,0.026971,0.016772,-0.074454,0.045741,0.020600
-0.038814,0.033161,0.008435,-0.043677,0.045853,-0.001856,-0.032769,0.020816,-0.003012,-0.000713,0.000959,0.001409,-0.022589,0.044783,0.018569,0.095204,0.010249,0.010643,0.000686,-0.000026,-0.007203,-0.038059,0.030175,0.008284,-0.006074,0.027786,0.013599,-0.026359,0.048642,0.008688,-0.041287,0.096747,0.023181,-0.016374,0.028643,0.011658,-0.051392,0.029836,0.015941,-0.075039,0.050041,0.019665
-0.035551,0.034884,0.007480,-0.040750,0.045852,-0.001227,-0.028743,0.021511,-0.002320,-0.000631,0.000726,0.001349,-0.019258,0.044727,0.016133,0.094442,0.010692,0.009243,0.000696,0.000533,-0.007916,-0.034860,0.032362,0.007346,-0.006980,0.031783,0.012951,-0.024749,0.049970,0.008774,-0.032564,0.091912,0.019415,-0.014141,0.032477,0.009799,-0.050856,0.031937,0.013861,-0.074718,0.050694,0.018002
-0.031832,0.035361,0.006090,-0.036772,0.044160,-0.000741,-0.024066,0.021340,-0.001728,-0.000498,0.000523,0.001138,-0.016245,0.043051,0.012920,0.089473,0.010957,0.007180,0.000732,0.001240,-0.008591,-0.031272,0.033472,0.005991,-0.007992,0.035437,0.012321,-0.022625,0.052152,0.008456,-0.024154,0.085454,0.015055,-0.011826,0.036030,0.007073,-0.049056,0.034185,0.010919,-0.073744,0.048632,0.016168
-0.027955,0.035379,0.004613,-0.032755,0.042098,-0.000416,-0.019656,0.020929,-0.001299,-0.000328,0.000360,0.000835,-0.013230,0.041012,0.009660,0.080099,0.011632,0.005052,0.000737,0.001910,-0.008736,-0.027572,0.034141,0.004564,-0.009051,0.039073,0.011900,-0.020243,0.055672,0.007915,-0.016506,0.079329,0.010631,-0.009649,0.039620,0.003987,-0.046022,0.037286,0.007711,-0.071971,0.045577,0.014520
-0.024123,0.035731,0.003380,-0.029343,0.040785,-0.000144,-0.015958,0.020859,-0.000950,-0.000155,0.000230,0.000557,-0.010003,0.039685,0.006909,0.066836,0.013139,0.003288,0.000692,0.002425,-0.008103,-0.023938,0.035055,0.003384,-0.009993,0.042908,0.011752,-0.017696,0.060566,0.007294,-0.009779,0.075177,0.006630,-0.007774,0.043447,0.001113,-0.042113,0.041540,0.004849,-0.069116,0.043533,0.013171
-0.020468,0.036925,0.002576,-0.026714,0.040784,0.000231,-0.012963,0.021447,-0.000534,-0.000018,0.000119,0.000417,-0.006708,0.039629,0.004912,0.050868,0.015533,0.002052,0.000594,0.002702,-0.006753,-0.020446,0.036672,0.002625,-0.010660,0.046953,0.011779,-0.014910,0.066142,0.006712,-0.003827,0.073695,0.003420,-0.006201,0.047491,-0.001118,-0.037783,0.046681,0.002734,-0.065049,0.043913,0.012046
-0.017162,0.038969,0.002195,-0.024702,0.041985,0.000763,-0.010536,0.022594,0.000017,0.000047,0.000009,0.000457,-0.003932,0.040772,0.003634,0.034068,0.018441,0.001287,0.000451,0.002708,-0.004996,-0.017188,0.039003,0.002261,-0.010987,0.050964,0.011808,-0.011810,0.071109,0.006293,0.001646,0.074419,0.001216,-0.004782,0.051475,-0.002555,-0.033368,0.051922,0.001407,-0.059921,0.046870,0.010963
-0.014408,0.041416,0.002071,-0.022931,0.043796,0.001336,-0.008688,0.023858,0.000600,0.000032,-0.000106,0.000611,-0.002361,0.042582,0.002881,0.018741,0.021229,0.000830,0.000278,0.002487,-0.003262,-0.014324,0.041631,0.002122,-0.011008,0.054566,0.011715,-0.008541,0.074201,0.006171,0.006838,0.076156,0.000041,-0.003351,0.055013,-0.003350,-0.029007,0.056290,0.000568,-0.054081,0.051356,0.009697
-0.012312,0.043668,0.001993,-0.020951,0.045530,0.001730,-0.007552,0.024723,0.001001,-0.000039,-0.000209,0.000741,-0.002223,0.044412,0.002422,0.006955,0.023332,0.000508,0.000111,0.002147,-0.001941,-0.012030,0.044001,0.002008,-0.010788,0.057475,0.011512,-0.005542,0.074889,0.006445,0.011697,0.077754,-0.000271,-0.001871,0.057837,-0.003832,-0.024695,0.059121,-0.000235,-0.047888,0.055840,0.008057
-0.010831,0.045312,0.001818,-0.018420,0.046736,0.001782,-0.007142,0.024897,0.001058,-0.000110,-0.000266,0.000725,-0.003132,0.045812,0.002074,-0.000218,0.024495,0.000202,0.000001,0.001814,-0.001250,-0.010417,0.045747,0.001810,-0.010323,0.059629,0.011326,-0.003325,0.073587,0.007137,0.016006,0.078588,-0.000008,-0.000479,0.059931,-0.004299,-0.020386,0.060346,-0.001340,-0.041596,0.059098,0.005998
-0.009845,0.046267,0.001530,-0.015282,0.047301,0.001502,-0.007233,0.024419,0.000784,-0.000128,-0.000252,0.000542,-0.004492,0.046640,0.001740,-0.003072,0.024812,-0.000132,-0.000021,0.001585,-0.001161,-0.009492,0.046828,0.001537,-0.009490,0.061123,0.011290,-0.002074,0.071228,0.008162,0.019585,0.078506,0.000544,0.000598,0.061434,-0.004862,-0.016125,0.060376,-0.002796,-0.035346,0.060588,0.003670
-0.009239,0.046719,0.001203,-0.011824,0.047386,0.001048,-0.007520,0.023552,0.000339,-0.000084,-0.000176,0.000271,-0.005973,0.047022,0.001419,-0.003065,0.024605,-0.000463,0.000023,0.001506,-0.001443,-0.009125,0.047440,0.001259,-0.008103,0.062052,0.011416,-0.001395,0.068620,0.009322,0.022396,0.077492,0.001199,0.001191,0.062466,-0.005437,-0.012113,0.059752,-0.004373,-0.029210,0.060414,0.001333
-0.008903,0.046943,0.000914,-0.008560,0.047269,0.000596,-0.007889,0.022586,-0.000098,-0.000015,-0.000080,0.000036,-0.007598,0.047205,0.001164,-0.002160,0.024242,-0.000723,0.000065,0.001558,-0.001770,-0.009044,0.047832,0.001024,-0.006051,0.062445,0.011561,-0.000476,0.066107,0.010342,0.024491,0.075469,0.001903,0.001302,0.063042,-0.005869,-0.008674,0.058861,-0.005745,-0.023213,0.059114,-0.000813
-0.008710,0.047109,0.000690,-0.006004,0.047173,0.000234,-0.008485,0.021697,-0.000438,0.000037,-0.000005,-0.000072,-0.009474,0.047383,0.001025,-0.001971,0.023981,-0.000857,0.000047,0.001655,-0.001880,-0.008930,0.048133,0.000820,-0.003425,0.062283,0.011525,0.001426,0.063643,0.010980,0.025925,0.072367,0.002678,0.001091,0.063107,-0.006075,-0.006076,0.057837,-0.006700,-0.017386,0.057382,-0.002735
-0.008536,0.047192,0.000512,-0.004462,0.047131,-0.000042,-0.009497,0.020918,-0.000687,0.000053,0.000034,-0.000026,-0.011485,0.047559,0.001011,-0.003128,0.023870,-0.000855,-0.000028,0.001673,-0.001678,-0.008565,0.048282,0.000607,-0.000544,0.061571,0.011202,0.004509,0.061077,0.011145,0.026745,0.068319,0.003534,0.000791,0.062614,-0.006088,-0.004363,0.056643,-0.007223,-0.011818,0.055781,-0.004505
-0.008280,0.047012,0.000361,-0.003917,0.046984,-0.000260,-0.010890,0.020209,-0.000875,0.000043,0.000054,0.000144,-0.013217,0.047549,0.001088,-0.005209,0.023779,-0.000747,-0.000113,0.001519,-0.001249,-0.007909,0.048094,0.000381,0.002148,0.060374,0.010660,0.008284,0.058391,0.010935,0.027004,0.063726,0.004419,0.000612,0.061591,-0.006008,-0.003316,0.055205,-0.007444,-0.006668,0.054554,-0.006175
-0.007886,0.046362,0.000245,-0.004059,0.046490,-0.000424,-0.012318,0.019525,-0.001003,0.000009,0.000083,0.000371,-0.014176,0.047099,0.001205,-0.007271,0.023527,-0.000582,-0.000165,0.001205,-0.000760,-0.007075,0.047388,0.000179,0.004240,0.058836,0.010104,0.011848,0.055739,0.010585,0.026734,0.059104,0.005260,0.000670,0.060158,-0.005934,-0.002552,0.053520,-0.007543,-0.002108,0.053628,-0.007719
-0.007354,0.045140,0.000186,-0.004434,0.045463,-0.000513,-0.013298,0.018841,-0.001047,-0.000058,0.000137,0.000584,-0.014161,0.046041,0.001315,-0.008562,0.022998,-0.000400,-0.000176,0.000844,-0.000351,-0.006222,0.046104,0.000057,0.005519,0.057141,0.009748,0.014375,0.053329,0.010342,0.025930,0.054848,0.006014,0.000983,0.058501,-0.005938,-0.001682,0.051675,-0.007680,0.001728,0.052736,-0.009049
-0.006744,0.043425,0.000187,-0.004641,0.043880,-0.000504,-0.013457,0.018147,-0.000983,-0.000154,0.000203,0.000732,-0.013440,0.044395,0.001377,-0.008944,0.022194,-0.000246,-0.000167,0.000570,-0.000082,-0.005460,0.044356,0.000027,0.006068,0.055441,0.009673,0.015503,0.051296,0.010319,0.024603,0.051116,0.006654,0.001494,0.056788,-0.006038,-0.000469,0.049803,-0.007927,0.004747,0.051532,-0.010037
-0.006147,0.041459,0.000221,-0.004453,0.041898,-0.000391,-0.012662,0.017459,-0.000804,-0.000251,0.000254,0.000796,-0.012604,0.042366,0.001352,-0.008802,0.021205,-0.000167,-0.000163,0.000450,0.000051,-0.004830,0.042402,0.000055,0.006222,0.053773,0.009770,0.015412,0.049627,0.010428,0.022872,0.047886,0.007119,0.002109,0.055081,-0.006175,0.001036,0.048014,-0.008218,0.006876,0.049707,-0.010536
-0.005662,0.039525,0.000254,-0.003821,0.039756,-0.000190,-0.011013,0.016807,-0.000528,-0.000311,0.000275,0.000779,-0.012231,0.040233,0.001217,-0.008655,0.020143,-0.000197,-0.000188,0.000458,0.000079,-0.004346,0.040523,0.000087,0.006374,0.052066,0.009829,0.014585,0.048189,0.010466,0.020947,0.045059,0.007330,0.002699,0.053330,-0.006235,0.002523,0.046342,-0.008385,0.008113,0.047144,-0.010459
-0.005377,0.037813,0.000272,-0.002822,0.037666,0.000069,-0.008790,0.016208,-0.000192,-0.000310,0.000268,0.000709,-0.012599,0.038216,0.000994,-0.008798,0.019083,-0.000324,-0.000241,0.000514,0.000052,-0.004054,0.038892,0.000103,0.006725,0.050239,0.009704,0.013459,0.046818,0.010296,0.019029,0.042535,0.007258,0.003128,0.051466,-0.006115,0.003633,0.044753,-0.008279,0.008596,0.044010,-0.009863
-0.005328,0.036369,0.000290,-0.001590,0.035756,0.000339,-0.006400,0.015642,0.000153,-0.000244,0.000242,0.000620,-0.013567,0.036423,0.000751,-0.009172,0.018063,-0.000486,-0.000293,0.000542,0.000019,-0.004016,0.037533,0.000121,0.007197,0.048316,0.009409,0.012231,0.045436,0.009944,0.017194,0.040279,0.006984,0.003281,0.049515,-0.005797,0.004198,0.043211,-0.007892,0.008588,0.040685,-0.008963
-0.005449,0.035128,0.000326,-0.000278,0.034078,0.000563,-0.004244,0.015081,0.000443,-0.000130,0.000209,0.000529,-0.014649,0.034869,0.000555,-0.009435,0.017104,-0.000613,-0.000300,0.000509,0.000002,-0.004230,0.036370,0.000173,0.007550,0.046436,0.009074,0.010885,0.044086,0.009553,0.015362,0.038350,0.006679,0.003089,0.047617,-0.005376,0.004313,0.041730,-0.007383,0.008357,0.037552,-0.008042
-0.005589,0.033970,0.000381,0.000960,0.032620,0.000688,-0.002579,0.014523,0.000620,-0.000004,0.000186,0.000428,-0.015262,0.033498,0.000444,-0.009210,0.016220,-0.000666,-0.000243,0.000434,-0.000013,-0.004582,0.035272,0.000266,0.007593,0.044767,0.008844,0.009372,0.042859,0.009284,0.013385,0.036838,0.006540,0.002547,0.045943,-0.005017,0.004219,0.040355,-0.006994,0.008056,0.034808,-0.007338
-0.005587,0.032765,0.000442,0.001946,0.031305,0.000701,-0.001483,0.013981,0.000668,0.000102,0.000189,0.000311,-0.015025,0.032207,0.000419,-0.008353,0.015420,-0.000633,-0.000142,0.000365,-0.000041,-0.004882,0.034107,0.000383,0.007300,0.043392,0.008805,0.007760,0.041789,0.009228,0.011194,0.035750,0.006711,0.001754,0.044577,-0.004863,0.004117,0.039103,-0.006906,0.007714,0.032458,-0.006969
-0.005341,0.031430,0.000499,0.002510,0.030053,0.000633,-0.000916,0.013470,0.000621,0.000170,0.000209,0.000200,-0.013892,0.030907,0.000467,-0.007023,0.014711,-0.000527,-0.000038,0.000344,-0.000074,-0.004944,0.032791,0.000498,0.006804,0.042267,0.008947,0.006253,0.040840,0.009372,0.008871,0.034965,0.007209,0.000903,0.043472,-0.004959,0.004048,0.037953,-0.007131,0.007311,0.030461,-0.006924
-0.004823,0.029995,0.000543,0.002562,0.028849,0.000532,-0.000794,0.012999,0.000530,0.000205,0.000212,0.000126,-0.012064,0.029595,0.000561,-0.005524,0.014108,-0.000372,0.000035,0.000374,-0.000095,-0.004650,0.031347,0.000584,0.006294,0.041275,0.009164,0.005076,0.039959,0.009590,0.006582,0.034309,0.007908,0.000201,0.042500,-0.005234,0.003874,0.036872,-0.007516,0.006844,0.028841,-0.007106
-0.004059,0.028577,0.000558,0.002159,0.027758,0.000420,-0.001016,0.012586,0.000419,0.000213,0.000167,0.000092,-0.009805,0.028356,0.000666,-0.004097,0.013635,-0.000208,0.000059,0.000433,-0.000112,-0.003984,0.029885,0.000618,0.005895,0.040304,0.009304,0.004327,0.039112,0.009709,0.004480,0.033665,0.008596,-0.000220,0.041532,-0.005568,0.003418,0.035828,-0.007863,0.006342,0.027635,-0.007401
-0.003126,0.027294,0.000529,0.001464,0.026845,0.000291,-0.001477,0.012244,0.000285,0.000197,0.000083,0.000074,-0.007386,0.027278,0.000749,-0.002865,0.013299,-0.000072,0.000032,0.000499,-0.000143,-0.003038,0.028523,0.000584,0.005582,0.039287,0.009247,0.003918,0.038221,0.009617,0.002670,0.032978,0.009087,-0.000318,0.040485,-0.005855,0.002656,0.034766,-0.008049,0.005841,0.026777,-0.007704
-0.002169,0.026190,0.000452,0.000680,0.026093,0.000147,-0.002077,0.011954,0.000133,0.000154,0.000012,0.000059,-0.005141,0.026372,0.000788,-0.001912,0.013065,0.000011,-0.000045,0.000570,-0.000196,-0.001992,0.027307,0.000487,0.005215,0.038194,0.008951,0.003642,0.037130,0.009312,0.001244,0.032198,0.009283,-0.000080,0.039315,-0.006027,0.001798,0.033600,-0.008049,0.005323,0.026087,-0.007897
-0.001372,0.025236,0.000348,-0.000032,0.025404,0.000018,-0.002732,0.011654,-0.000001,0.000086,-0.000002,0.000071,-0.003460,0.025563,0.000773,-0.001331,0.012854,0.000036,-0.000155,0.000647,-0.000258,-0.001065,0.026226,0.000352,0.004659,0.037013,0.008460,0.003282,0.035704,0.008876,0.000273,0.031272,0.009174,0.000502,0.038004,-0.006045,0.001182,0.032262,-0.007888,0.004695,0.025356,-0.007835
-0.000888,0.024375,0.000242,-0.000587,0.024668,-0.000052,-0.003365,0.011278,-0.000071,0.000006,0.000032,0.000144,-0.002640,0.024759,0.000706,-0.001188,0.012581,0.000006,-0.000264,0.000709,-0.000306,-0.000429,0.025243,0.000211,0.003891,0.035749,0.007861,0.002691,0.033969,0.008396,-0.000241,0.030202,0.008788,0.001384,0.036565,-0.005900,0.001063,0.030768,-0.007605,0.003827,0.024395,-0.007387
-0.000763,0.023552,0.000155,-0.000976,0.023828,-0.000050,-0.003855,0.010810,-0.000060,-0.000068,0.000063,0.000272,-0.002687,0.023902,0.000605,-0.001429,0.012199,-0.000059,-0.000335,0.000726,-0.000321,-0.000148,0.024319,0.000088,0.002992,0.034413,0.007238,0.001840,0.032105,0.007918,-0.000407,0.029049,0.008182,0.002413,0.035032,-0.005619,0.001471,0.029205,-0.007238,0.002659,0.023058,-0.006518
-0.000912,0.022727,0.000097,-0.001214,0.022896,0.000003,-0.004048,0.010305,0.000007,-0.000117,0.000048,0.000397,-0.003284,0.022988,0.000497,-0.001862,0.011714,-0.000132,-0.000335,0.000681,-0.000302,-0.000169,0.023412,0.000000,0.002077,0.033009,0.006648,0.000810,0.030297,0.007448,-0.000408,0.027886,0.007445,0.003378,0.033438,-0.005249,0.002216,0.027658,-0.006820,0.001275,0.021291,-0.005329
-0.001183,0.021874,0.000073,-0.001320,0.021919,0.000071,-0.003868,0.009840,0.000091,-0.000127,-0.000001,0.000464,-0.003975,0.022039,0.000414,-0.002242,0.011170,-0.000182,-0.000266,0.000590,-0.000256,-0.000372,0.022492,-0.000042,0.001230,0.031535,0.006116,-0.000271,0.028632,0.006985,-0.000415,0.026757,0.006680,0.004103,0.031799,-0.004827,0.003022,0.026153,-0.006370,-0.000113,0.019204,-0.004018
-0.001432,0.020988,0.000087,-0.001332,0.020942,0.000137,-0.003419,0.009449,0.000171,-0.000102,-0.000049,0.000474,-0.004393,0.021081,0.000374,-0.002410,0.010619,-0.000189,-0.000169,0.000485,-0.000199,-0.000633,0.021544,-0.000031,0.000479,0.029998,0.005647,-0.001316,0.027113,0.006529,-0.000522,0.025667,0.005958,0.004505,0.030132,-0.004375,0.003690,0.024675,-0.005901,-0.001229,0.017039,-0.002807
-0.001579,0.020069,0.000132,-0.001331,0.019980,0.000201,-0.002943,0.009102,0.000245,-0.000064,-0.000074,0.000473,-0.004376,0.020118,0.000371,-0.002352,0.010094,-0.000161,-0.000105,0.000391,-0.000150,-0.000857,0.020566,0.000025,-0.000191,0.028425,0.005230,-0.002296,0.025711,0.006085,-0.000741,0.024553,0.005283,0.004560,0.028463,-0.003927,0.004159,0.023202,-0.005455,-0.001846,0.015025,-0.001880
-0.001603,0.019107,0.000190,-0.001411,0.019011,0.000270,-0.002647,0.008741,0.000317,-0.000035,-0.000089,0.000507,-0.003954,0.019127,0.000373,-0.002145,0.009589,-0.000128,-0.000102,0.000308,-0.000129,-0.000986,0.019553,0.000099,-0.000787,0.026859,0.004856,-0.003185,0.024374,0.005666,-0.001048,0.023252,0.004645,0.004297,0.026836,-0.003537,0.004440,0.021733,-0.005095,-0.001914,0.013261,-0.001336
-0.001528,0.018093,0.000239,-0.001614,0.018000,0.000351,-0.002575,0.008326,0.000396,-0.000022,-0.000116,0.000591,-0.003269,0.018075,0.000351,-0.001877,0.009081,-0.000119,-0.000120,0.000219,-0.000147,-0.001004,0.018504,0.000163,-0.001254,0.025345,0.004537,-0.003902,0.023031,0.005315,-0.001414,0.021595,0.004084,0.003816,0.025292,-0.003248,0.004516,0.020293,-0.004856,-0.001601,0.011707,-0.001145
-0.001396,0.017052,0.000278,-0.001916,0.016945,0.000457,-0.002641,0.007857,0.000497,-0.000016,-0.000178,0.000723,-0.002501,0.016973,0.000297,-0.001615,0.008554,-0.000142,-0.000093,0.000106,-0.000191,-0.000933,0.017449,0.000213,-0.001500,0.023933,0.004297,-0.004349,0.021653,0.005077,-0.001804,0.019592,0.003682,0.003266,0.023879,-0.003058,0.004334,0.018928,-0.004704,-0.001198,0.010293,-0.001172
-0.001256,0.016067,0.000322,-0.002254,0.015923,0.000593,-0.002746,0.007378,0.000628,-0.000005,-0.000280,0.000889,-0.001803,0.015906,0.000233,-0.001406,0.008036,-0.000177,0.000010,-0.000030,-0.000229,-0.000820,0.016468,0.000261,-0.001481,0.022688,0.004156,-0.004499,0.020320,0.004969,-0.002175,0.017509,0.003493,0.002779,0.022655,-0.002926,0.003903,0.017717,-0.004573,-0.000937,0.009019,-0.001257
-0.001143,0.015250,0.000375,-0.002558,0.015058,0.000743,-0.002832,0.006958,0.000772,0.000013,-0.000403,0.001061,-0.001269,0.015004,0.000185,-0.001274,0.007591,-0.000202,0.000159,-0.000169,-0.000241,-0.000713,0.015668,0.000315,-0.001272,0.021693,0.004103,-0.004435,0.019190,0.004959,-0.002481,0.015718,0.003481,0.002425,0.021692,-0.002818,0.003346,0.016751,-0.004432,-0.000873,0.007966,-0.001307
