pelvis_x,pelvis_y,pelvis_z,left_hip_roll_link_x,left_hip_roll_link_y,left_hip_roll_link_z,left_knee_link_x,left_knee_link_y,left_knee_link_z,left_ankle_roll_link_x,left_ankle_roll_link_y,left_ankle_roll_link_z,right_hip_roll_link_x,right_hip_roll_link_y,right_hip_roll_link_z,right_knee_link_x,right_knee_link_y,right_knee_link_z,right_ankle_roll_link_x,right_ankle_roll_link_y,right_ankle_roll_link_z,torso_link_x,torso_link_y,torso_link_z,left_shoulder_roll_link_x,left_shoulder_roll_link_y,left_shoulder_roll_link_z,left_elbow_link_x,left_elbow_link_y,left_elbow_link_z,left_wrist_yaw_link_x,left_wrist_yaw_link_y,left_wrist_yaw_link_z,right_shoulder_roll_link_x,right_shoulder_roll_link_y,right_shoulder_roll_link_z,right_elbow_link_x,right_elbow_link_y,right_elbow_link_z,right_wrist_yaw_link_x,right_wrist_yaw_link_y,right_wrist_yaw_link_z
0.027432,-0.008301,0.773951,0.001988,-0.117027,0.636786,-0.052661,-0.186617,0.343713,-0.009964,-0.250054,0.035712,0.027139,0.114422,0.647032,0.052543,0.114184,0.341939,0.113376,0.108225,0.030653,0.037481,-0.011304,0.827066,-0.022306,-0.146887,1.057352,-0.026378,-0.209660,0.884259,-0.094821,-0.186034,0.714819,0.017306,0.131319,1.060271,0.005056,0.190221,0.886370,-0.047910,0.171743,0.710747
0.026606,-0.013792,0.774354,0.001937,-0.123448,0.637800,-0.053852,-0.190030,0.344243,-0.009978,-0.250001,0.035724,0.025611,0.108216,0.646739,0.050986,0.111089,0.341654,0.113408,0.108169,0.030651,0.036558,-0.016611,0.827501,-0.022970,-0.153542,1.057061,-0.027512,-0.215573,0.883716,-0.096030,-0.191259,0.714406,0.015020,0.124872,1.061274,0.002858,0.184536,0.887626,-0.049752,0.167257,0.711774
0.025797,-0.019404,0.774730,0.001827,-0.130002,0.638821,-0.054878,-0.193497,0.344756,-0.010018,-0.249990,0.035734,0.024126,0.101849,0.646390,0.049253,0.107952,0.341330,0.113394,0.108104,0.030678,0.035672,-0.022028,0.827903,-0.023515,-0.160278,1.056765,-0.028515,-0.221587,0.883179,-0.097184,-0.196639,0.714024,0.012710,0.118349,1.062201,0.000761,0.178659,0.888760,-0.051488,0.162482,0.712696
0.025023,-0.025259,0.775050,0.001591,-0.136833,0.639850,-0.055524,-0.197059,0.345177,-0.010004,-0.250013,0.035636,0.022719,0.095171,0.645931,0.047219,0.104743,0.340908,0.113398,0.108042,0.030718,0.034861,-0.027662,0.828239,-0.023845,-0.167178,1.056464,-0.029277,-0.227795,0.882651,-0.098226,-0.202310,0.713694,0.010345,0.111684,1.062985,-0.001124,0.172413,0.889654,-0.052985,0.157151,0.713394
0.024204,-0.031434,0.775261,0.000743,-0.143912,0.640813,-0.056116,-0.200668,0.345401,-0.010019,-0.250025,0.035364,0.021481,0.088156,0.645358,0.044822,0.101504,0.340386,0.113359,0.107993,0.030779,0.034113,-0.033627,0.828446,-0.024120,-0.174191,1.056153,-0.029824,-0.234265,0.882162,-0.099318,-0.207992,0.713550,0.008334,0.104856,1.063559,-0.002809,0.165951,0.890334,-0.054351,0.150942,0.713959
0.023362,-0.037769,0.775419,-0.000411,-0.151114,0.641746,-0.056637,-0.204299,0.345548,-0.009959,-0.250021,0.035053,0.020324,0.080971,0.644731,0.042270,0.098250,0.339854,0.113351,0.107934,0.030927,0.033397,-0.039756,0.828586,-0.024356,-0.181265,1.055835,-0.030264,-0.240865,0.881689,-0.100442,-0.213675,0.713505,0.006518,0.097938,1.064032,-0.004384,0.159379,0.890913,-0.055651,0.144295,0.714465
0.022436,-0.044501,0.775601,-0.001863,-0.158961,0.642968,-0.056795,-0.208124,0.345828,-0.010007,-0.250071,0.034826,0.019524,0.073068,0.643822,0.039251,0.094802,0.339082,0.113299,0.107852,0.031004,0.032530,-0.046199,0.828764,-0.024796,-0.188497,1.055632,-0.030819,-0.247704,0.881358,-0.101792,-0.219441,0.713682,0.004618,0.090843,1.064469,-0.006248,0.152678,0.891490,-0.057105,0.136502,0.715020
0.021546,-0.051279,0.775775,-0.003134,-0.166923,0.644235,-0.056628,-0.211986,0.346179,-0.009984,-0.250116,0.034669,0.018831,0.065035,0.642844,0.036206,0.091333,0.338324,0.113308,0.107786,0.031186,0.031637,-0.052671,0.828941,-0.025342,-0.195764,1.055401,-0.031488,-0.254530,0.880983,-0.103180,-0.225261,0.713784,0.002715,0.083692,1.064921,-0.008193,0.145990,0.892113,-0.058582,0.128673,0.715616
0.020728,-0.058150,0.775930,-0.004040,-0.175123,0.645583,-0.055909,-0.215912,0.346619,-0.010015,-0.250138,0.034544,0.018361,0.056751,0.641719,0.033050,0.087824,0.337510,0.113320,0.107777,0.031421,0.030690,-0.059199,0.829122,-0.026137,-0.203092,1.055117,-0.032391,-0.261328,0.880527,-0.104625,-0.231191,0.713713,0.000754,0.076449,1.065392,-0.010325,0.139336,0.892812,-0.060111,0.120768,0.716271
0.020134,-0.065261,0.776096,-0.004840,-0.183420,0.646860,-0.054822,-0.219847,0.347003,-0.010018,-0.250112,0.034357,0.018319,0.048314,0.640697,0.029891,0.084317,0.336901,0.113273,0.107812,0.031915,0.029933,-0.066007,0.829315,-0.027376,-0.210524,1.054794,-0.033569,-0.268133,0.879994,-0.105970,-0.237297,0.713381,-0.001075,0.069041,1.065802,-0.012301,0.132523,0.893452,-0.061493,0.113087,0.716838
0.019652,-0.072490,0.776268,-0.005594,-0.191762,0.648105,-0.053490,-0.223798,0.347397,-0.009880,-0.250082,0.034216,0.018487,0.039795,0.639739,0.026812,0.080834,0.336478,0.113350,0.107889,0.032682,0.029272,-0.072954,0.829512,-0.028825,-0.218006,1.054450,-0.034875,-0.274942,0.879424,-0.107260,-0.243492,0.712920,-0.002834,0.061553,1.066174,-0.014200,0.125630,0.894056,-0.062800,0.105517,0.717354
0.019349,-0.080306,0.776760,-0.006492,-0.200147,0.649243,-0.051698,-0.227695,0.347662,-0.009925,-0.250076,0.033918,0.019056,0.031186,0.639537,0.024494,0.077209,0.336929,0.113157,0.108165,0.034093,0.028838,-0.080628,0.830022,-0.031103,-0.225615,1.054521,-0.036826,-0.281699,0.879208,-0.108551,-0.249698,0.712525,-0.004237,0.053841,1.066590,-0.015448,0.118369,0.894632,-0.063872,0.098169,0.717891
0.019056,-0.088285,0.777394,-0.007448,-0.208447,0.650311,-0.049762,-0.231556,0.347923,-0.009863,-0.250114,0.033675,0.019873,0.022631,0.639675,0.023071,0.073482,0.337809,0.113093,0.108429,0.035767,0.028387,-0.088528,0.830679,-0.033688,-0.233264,1.054764,-0.039049,-0.288418,0.879143,-0.109853,-0.255828,0.712183,-0.005533,0.046047,1.067087,-0.016527,0.110980,0.895268,-0.064918,0.090853,0.718510
0.018782,-0.096590,0.778311,-0.008505,-0.216584,0.651230,-0.047655,-0.235315,0.348096,-0.009833,-0.250198,0.033382,0.021192,0.014188,0.640477,0.023285,0.069497,0.339384,0.112986,0.108588,0.037687,0.027895,-0.096880,0.831633,-0.036898,-0.240993,1.055354,-0.041824,-0.295062,0.879383,-0.111178,-0.261803,0.711950,-0.006618,0.038086,1.067753,-0.017264,0.103336,0.896032,-0.065910,0.083611,0.719299
0.018555,-0.104860,0.779355,-0.009442,-0.224439,0.652037,-0.045733,-0.238903,0.348295,-0.009820,-0.250224,0.033196,0.023071,0.005962,0.641592,0.025375,0.065206,0.341246,0.112871,0.108429,0.039385,0.027322,-0.105257,0.832736,-0.040551,-0.248535,1.056083,-0.045000,-0.301459,0.879750,-0.112467,-0.267353,0.711722,-0.007536,0.030223,1.068534,-0.017741,0.095703,0.896873,-0.066863,0.076552,0.720209
0.018352,-0.113112,0.780462,-0.010313,-0.232149,0.652785,-0.043850,-0.242415,0.348534,-0.009717,-0.250241,0.033118,0.025232,-0.002176,0.642876,0.028439,0.060741,0.343280,0.112808,0.108102,0.041072,0.026706,-0.113641,0.833910,-0.044415,-0.255957,1.056864,-0.048351,-0.307705,0.880171,-0.113701,-0.272684,0.711501,-0.008360,0.022414,1.069371,-0.018078,0.088085,0.897754,-0.067783,0.069610,0.721180
0.018025,-0.121020,0.781396,-0.011203,-0.239483,0.653313,-0.042435,-0.245773,0.348690,-0.009848,-0.250296,0.033034,0.027403,-0.009979,0.644033,0.032377,0.055667,0.345046,0.112917,0.105946,0.042205,0.025916,-0.121683,0.834916,-0.048300,-0.262940,1.057535,-0.051790,-0.313692,0.880546,-0.114957,-0.277039,0.711398,-0.008897,0.014969,1.070089,-0.018072,0.080636,0.898440,-0.068594,0.062737,0.722039
0.017673,-0.128779,0.782294,-0.012057,-0.246514,0.653658,-0.041530,-0.249075,0.348787,-0.009847,-0.250363,0.033004,0.029241,-0.017444,0.645332,0.036022,0.050069,0.346802,0.114164,0.101461,0.043481,0.025164,-0.129621,0.835872,-0.051847,-0.269882,1.058174,-0.055045,-0.319735,0.880928,-0.116077,-0.281261,0.711402,-0.009244,0.007544,1.070824,-0.017897,0.073164,0.899128,-0.069213,0.055786,0.722904
0.017268,-0.136243,0.783119,-0.012853,-0.252951,0.653643,-0.041786,-0.252224,0.348698,-0.009840,-0.250386,0.032951,0.030416,-0.024192,0.646884,0.038810,0.043500,0.348444,0.117052,0.092297,0.044714,0.024490,-0.137363,0.836735,-0.054731,-0.276798,1.058783,-0.057982,-0.325939,0.881346,-0.116997,-0.285239,0.711620,-0.009220,0.000154,1.071594,-0.017399,0.065627,0.899817,-0.069479,0.048619,0.723782
0.017062,-0.143254,0.783606,-0.013274,-0.259271,0.653562,-0.042178,-0.255368,0.348631,-0.009780,-0.250359,0.032973,0.031112,-0.030695,0.647883,0.040664,0.036757,0.349404,0.124159,0.079660,0.046272,0.024132,-0.144579,0.837240,-0.056580,-0.283533,1.059059,-0.060271,-0.332060,0.881468,-0.117546,-0.289332,0.711641,-0.008913,-0.006958,1.072135,-0.016499,0.058272,0.900237,-0.069155,0.041392,0.724361
0.016955,-0.150040,0.783923,-0.013511,-0.265534,0.653448,-0.042642,-0.258511,0.348589,-0.009696,-0.250312,0.033063,0.031569,-0.037073,0.648603,0.041696,0.030063,0.350009,0.131916,0.064440,0.047895,0.023932,-0.151534,0.837567,-0.057913,-0.290181,1.059170,-0.062234,-0.338140,0.881448,-0.117890,-0.293510,0.711568,-0.008468,-0.013934,1.072559,-0.015403,0.051002,0.900521,-0.068546,0.034133,0.724791
0.017080,-0.156633,0.784006,-0.013778,-0.271721,0.653263,-0.042440,-0.261539,0.348445,-0.009676,-0.250270,0.032998,0.032158,-0.043415,0.648965,0.044550,0.022310,0.350043,0.146659,0.043477,0.050654,0.024137,-0.158260,0.837637,-0.058066,-0.296743,1.059215,-0.063110,-0.344327,0.881416,-0.118025,-0.298733,0.711552,-0.007471,-0.020712,1.072759,-0.013992,0.043800,0.900545,-0.067245,0.026604,0.724880
0.017219,-0.163177,0.784022,-0.014208,-0.277871,0.653066,-0.042003,-0.264491,0.348283,-0.009646,-0.250191,0.032921,0.032846,-0.049780,0.649215,0.046923,0.014728,0.349990,0.160884,0.020744,0.054353,0.024374,-0.164923,0.837639,-0.058086,-0.303179,1.059265,-0.063727,-0.350424,0.881396,-0.118159,-0.304109,0.711576,-0.006325,-0.027366,1.072868,-0.012465,0.036669,0.900462,-0.065748,0.019076,0.724845
0.017387,-0.169624,0.783906,-0.014962,-0.283941,0.652842,-0.041093,-0.267301,0.348057,-0.009593,-0.250061,0.032759,0.033731,-0.056191,0.649231,0.048969,0.007163,0.349736,0.177032,-0.004250,0.060195,0.024675,-0.171459,0.837502,-0.057844,-0.309369,1.059321,-0.063827,-0.356351,0.881393,-0.118307,-0.309764,0.711668,-0.004883,-0.033774,1.072795,-0.010704,0.029685,0.900166,-0.063851,0.011551,0.724563
0.017522,-0.175804,0.783673,-0.015932,-0.289782,0.652588,-0.040100,-0.269979,0.347813,-0.009599,-0.249992,0.032581,0.034530,-0.062416,0.649055,0.050268,-0.001687,0.349018,0.192086,-0.030202,0.067263,0.024978,-0.177715,0.837244,-0.057322,-0.315317,1.059330,-0.063559,-0.362016,0.881333,-0.118506,-0.315301,0.711795,-0.003157,-0.039946,1.072655,-0.008860,0.023000,0.899836,-0.061752,0.004234,0.724223
0.017640,-0.181851,0.783381,-0.017007,-0.295503,0.652321,-0.039037,-0.272615,0.347583,-0.009581,-0.249999,0.032432,0.035286,-0.068552,0.648781,0.051186,-0.011211,0.348093,0.206569,-0.056098,0.075875,0.025282,-0.183832,0.836925,-0.056660,-0.321151,1.059311,-0.063105,-0.367555,0.881241,-0.118725,-0.320788,0.711936,-0.001290,-0.046008,1.072478,-0.006977,0.016459,0.899487,-0.059555,-0.002983,0.723853
0.017766,-0.187345,0.782924,-0.018009,-0.300819,0.652013,-0.038614,-0.275091,0.347386,-0.009580,-0.249967,0.032389,0.035862,-0.074243,0.648224,0.050892,-0.023812,0.346311,0.218417,-0.082244,0.084109,0.025582,-0.189370,0.836440,-0.055924,-0.326545,1.059068,-0.062529,-0.372663,0.880925,-0.118850,-0.325980,0.711824,0.000688,-0.051650,1.072229,-0.004928,0.010470,0.899113,-0.057344,-0.009537,0.723493
0.017933,-0.192693,0.782447,-0.018883,-0.305980,0.651663,-0.038202,-0.277512,0.347182,-0.009546,-0.249952,0.032357,0.036503,-0.079774,0.647665,0.050531,-0.037287,0.344534,0.228895,-0.107591,0.092636,0.025895,-0.194767,0.835939,-0.055226,-0.331840,1.058763,-0.062000,-0.377680,0.880551,-0.118893,-0.331127,0.711601,0.002688,-0.057213,1.071988,-0.002838,0.004596,0.898759,-0.055169,-0.015880,0.723168
0.018181,-0.197745,0.781930,-0.019502,-0.310839,0.651226,-0.037861,-0.279792,0.346926,-0.009543,-0.249904,0.032286,0.037275,-0.084980,0.647101,0.050170,-0.052533,0.342731,0.237081,-0.132683,0.100127,0.026236,-0.199881,0.835405,-0.054603,-0.336927,1.058341,-0.061568,-0.382507,0.880067,-0.118781,-0.336168,0.711162,0.004732,-0.062609,1.071769,-0.000660,-0.001041,0.898452,-0.053059,-0.021793,0.722912
0.018539,-0.202534,0.781447,-0.019959,-0.315433,0.650813,-0.037530,-0.281953,0.346712,-0.009520,-0.249833,0.032269,0.038100,-0.089901,0.646590,0.049873,-0.069174,0.341197,0.242898,-0.156881,0.106023,0.026695,-0.204750,0.834902,-0.054000,-0.341798,1.057883,-0.061283,-0.387144,0.879560,-0.118485,-0.341055,0.710583,0.007011,-0.067860,1.071639,0.001663,-0.006556,0.898227,-0.051064,-0.027363,0.722792
0.018951,-0.207191,0.780981,-0.020333,-0.319894,0.650413,-0.037194,-0.284057,0.346529,-0.009467,-0.249758,0.032295,0.038949,-0.094680,0.646105,0.049564,-0.086517,0.340118,0.247411,-0.180443,0.111317,0.027212,-0.209497,0.834415,-0.053409,-0.346562,1.057406,-0.061075,-0.391685,0.879041,-0.118100,-0.345868,0.709934,0.009404,-0.073048,1.071547,0.004052,-0.012021,0.898038,-0.049134,-0.032769,0.722735
0.019362,-0.211689,0.780350,-0.020757,-0.324242,0.649907,-0.036716,-0.286115,0.346241,-0.009481,-0.249769,0.032198,0.039949,-0.099410,0.645389,0.049110,-0.106283,0.339381,0.247827,-0.201170,0.111623,0.027701,-0.214065,0.833766,-0.053000,-0.351077,1.056757,-0.061111,-0.396114,0.878391,-0.117508,-0.350321,0.709066,0.011764,-0.078034,1.071263,0.006551,-0.017234,0.897669,-0.047381,-0.037914,0.722586
0.019813,-0.216161,0.779654,-0.021189,-0.328633,0.649416,-0.036122,-0.288184,0.345985,-0.009470,-0.249798,0.032137,0.041152,-0.104254,0.644523,0.048956,-0.126392,0.339250,0.246129,-0.220728,0.109851,0.028205,-0.218574,0.833057,-0.052643,-0.355465,1.056066,-0.061196,-0.400466,0.877713,-0.116935,-0.354650,0.708177,0.014134,-0.082920,1.070880,0.009049,-0.022321,0.897212,-0.045660,-0.042953,0.722364
0.020343,-0.220579,0.778827,-0.021638,-0.333109,0.648953,-0.035310,-0.290267,0.345773,-0.009440,-0.249847,0.032115,0.042758,-0.109324,0.643359,0.049457,-0.147212,0.339646,0.240125,-0.238984,0.103784,0.028737,-0.222968,0.832228,-0.052384,-0.359599,1.055293,-0.061372,-0.404664,0.876978,-0.116390,-0.358718,0.707245,0.016530,-0.087595,1.070308,0.011558,-0.027136,0.896587,-0.043990,-0.047765,0.722004
0.020946,-0.225118,0.777929,-0.022039,-0.337771,0.648490,-0.034594,-0.292453,0.345603,-0.009462,-0.249926,0.032163,0.044830,-0.114730,0.642041,0.051651,-0.165875,0.340283,0.230300,-0.255941,0.094537,0.029263,-0.227429,0.831342,-0.052182,-0.363637,1.054543,-0.061549,-0.408810,0.876276,-0.115970,-0.362715,0.706394,0.018876,-0.092185,1.069581,0.013831,-0.031776,0.895845,-0.042618,-0.052411,0.721552
0.021585,-0.229718,0.776995,-0.022417,-0.342520,0.648027,-0.033887,-0.294688,0.345461,-0.009432,-0.250020,0.032266,0.047127,-0.120318,0.640653,0.054436,-0.183446,0.341163,0.217117,-0.273825,0.084650,0.029786,-0.231922,0.830427,-0.052008,-0.367631,1.053800,-0.061725,-0.412930,0.875585,-0.115605,-0.366675,0.705579,0.021194,-0.096745,1.068777,0.015987,-0.036333,0.895047,-0.041392,-0.056969,0.721058
0.022409,-0.234510,0.775874,-0.022816,-0.347454,0.647453,-0.033956,-0.297006,0.345273,-0.009458,-0.250037,0.032430,0.049956,-0.126313,0.639020,0.059850,-0.196026,0.341035,0.200183,-0.286613,0.071611,0.030460,-0.236549,0.829332,-0.051854,-0.371450,1.052999,-0.061647,-0.417078,0.874872,-0.115267,-0.370727,0.704809,0.023317,-0.101081,1.067567,0.018036,-0.040792,0.893797,-0.039971,-0.061196,0.719989
0.023318,-0.239378,0.774721,-0.023120,-0.352454,0.646849,-0.033952,-0.299364,0.345083,-0.009415,-0.250049,0.032616,0.052680,-0.132362,0.637366,0.064722,-0.206700,0.340542,0.180700,-0.298050,0.059931,0.031244,-0.241247,0.828201,-0.051647,-0.375223,1.052207,-0.061460,-0.421242,0.874180,-0.114887,-0.374810,0.704080,0.025482,-0.105377,1.066250,0.020072,-0.045252,0.892427,-0.038522,-0.065344,0.718779
0.024398,-0.244399,0.773503,-0.023230,-0.357608,0.646188,-0.033887,-0.301826,0.344875,-0.009406,-0.250080,0.032806,0.055212,-0.138481,0.635649,0.069047,-0.213531,0.339052,0.159049,-0.303734,0.048636,0.032244,-0.246090,0.826999,-0.051340,-0.378900,1.051438,-0.061055,-0.425440,0.873539,-0.114430,-0.378957,0.703436,0.027736,-0.109581,1.064717,0.022084,-0.049703,0.890817,-0.037015,-0.069332,0.717287
0.025841,-0.249664,0.772580,-0.022851,-0.362492,0.645329,-0.033673,-0.304177,0.344482,-0.009391,-0.250072,0.032803,0.057489,-0.144055,0.634679,0.071104,-0.218286,0.337867,0.141661,-0.307137,0.041679,0.033710,-0.251327,0.826077,-0.050572,-0.382696,1.051100,-0.060264,-0.429729,0.873328,-0.113762,-0.383154,0.703288,0.030182,-0.113823,1.063248,0.024307,-0.054276,0.889242,-0.035180,-0.073536,0.715803
0.027464,-0.255052,0.771804,-0.022223,-0.367239,0.644373,-0.033380,-0.306471,0.344008,-0.009371,-0.250038,0.032724,0.059643,-0.149352,0.634081,0.072049,-0.221974,0.336835,0.126635,-0.308603,0.036621,0.035409,-0.256762,0.825296,-0.049559,-0.386548,1.050977,-0.059270,-0.434060,0.873330,-0.112985,-0.387378,0.703387,0.032735,-0.118089,1.061806,0.026638,-0.058912,0.887681,-0.033181,-0.077850,0.714321
0.029527,-0.261020,0.771099,-0.021342,-0.372250,0.643295,-0.032995,-0.308942,0.343456,-0.009415,-0.250088,0.032589,0.061795,-0.154822,0.633724,0.069161,-0.224682,0.335642,0.127376,-0.309683,0.035739,0.037653,-0.262814,0.824571,-0.047492,-0.390418,1.051426,-0.057454,-0.438265,0.873882,-0.111476,-0.391271,0.704116,0.036265,-0.122334,1.060035,0.029764,-0.063429,0.885833,-0.030296,-0.082120,0.712530
0.031599,-0.266991,0.770522,-0.020264,-0.377132,0.642176,-0.032497,-0.311348,0.342879,-0.009403,-0.250097,0.032440,0.064174,-0.160164,0.633685,0.068969,-0.227492,0.334961,0.127915,-0.310486,0.034701,0.039882,-0.268906,0.823976,-0.045309,-0.394362,1.052009,-0.055511,-0.442501,0.874556,-0.109817,-0.395221,0.704956,0.039718,-0.126617,1.058363,0.032942,-0.067929,0.884099,-0.027290,-0.086382,0.710831
0.033693,-0.272968,0.770203,-0.018801,-0.381767,0.640973,-0.031818,-0.313633,0.342223,-0.009363,-0.250035,0.032210,0.067000,-0.165262,0.634274,0.074128,-0.230657,0.335161,0.127979,-0.311004,0.033205,0.042081,-0.275077,0.823643,-0.042936,-0.398456,1.052871,-0.053353,-0.446801,0.875486,-0.107884,-0.399280,0.706023,0.042998,-0.130957,1.056910,0.036215,-0.072386,0.882607,-0.024039,-0.090627,0.709324
0.036010,-0.278477,0.769976,-0.016634,-0.386010,0.639752,-0.031303,-0.315848,0.341548,-0.009334,-0.250071,0.031950,0.069639,-0.169629,0.635069,0.078635,-0.233465,0.335670,0.128130,-0.311532,0.032338,0.044464,-0.280806,0.823403,-0.040235,-0.402564,1.053612,-0.050770,-0.451248,0.876328,-0.105726,-0.403467,0.707070,0.046081,-0.135165,1.055717,0.039373,-0.076790,0.881346,-0.020768,-0.094837,0.708003
0.038437,-0.283752,0.769795,-0.014118,-0.390053,0.638531,-0.030877,-0.318033,0.340883,-0.009325,-0.250170,0.031698,0.072180,-0.173636,0.635975,0.082809,-0.236088,0.336340,0.128314,-0.312037,0.031808,0.046940,-0.286314,0.823206,-0.037365,-0.406679,1.054291,-0.047973,-0.455768,0.877122,-0.103457,-0.407719,0.708108,0.049066,-0.139308,1.054651,0.042468,-0.081169,0.880197,-0.017491,-0.099032,0.706772
0.041145,-0.288508,0.769882,-0.011401,-0.393810,0.637830,-0.035828,-0.320766,0.340988,-0.009503,-0.251146,0.032574,0.074085,-0.177039,0.636976,0.084029,-0.238148,0.337051,0.128363,-0.312535,0.031942,0.049747,-0.291277,0.823268,-0.034148,-0.410841,1.054918,-0.044820,-0.460343,0.877869,-0.100788,-0.411803,0.709146,0.051801,-0.143314,1.054096,0.045507,-0.085359,0.879568,-0.014032,-0.102965,0.705972
0.043854,-0.293196,0.770067,-0.008594,-0.397569,0.637270,-0.040538,-0.323618,0.341391,-0.009739,-0.252428,0.033750,0.076011,-0.180433,0.638051,0.085249,-0.240136,0.337831,0.128416,-0.312893,0.032140,0.052525,-0.296154,0.823431,-0.030953,-0.414996,1.055603,-0.041677,-0.465017,0.878704,-0.098073,-0.415983,0.710255,0.054431,-0.147292,1.053674,0.048413,-0.089641,0.879035,-0.010625,-0.106976,0.705241
0.046568,-0.297748,0.770447,-0.005598,-0.401332,0.636963,-0.044755,-0.326604,0.342170,-0.010055,-0.254005,0.035253,0.077988,-0.183793,0.639257,0.086475,-0.241962,0.338725,0.128483,-0.312953,0.032432,0.055242,-0.300859,0.823799,-0.027819,-0.419136,1.056410,-0.038568,-0.469883,0.879722,-0.095264,-0.420347,0.711505,0.056854,-0.151212,1.053526,0.051067,-0.094106,0.878700,-0.007303,-0.111137,0.704651
0.049138,-0.302072,0.771011,-0.002870,-0.405365,0.637285,-0.048609,-0.329775,0.343684,-0.010398,-0.255831,0.037463,0.079541,-0.187367,0.640219,0.087356,-0.243865,0.339360,0.128537,-0.312970,0.032508,0.057887,-0.305230,0.824347,-0.024672,-0.423172,1.057307,-0.035440,-0.474765,0.880867,-0.092218,-0.425106,0.712703,0.059055,-0.154958,1.053657,0.053539,-0.098551,0.878595,-0.004045,-0.115246,0.704251
0.051635,-0.306283,0.771668,-0.000273,-0.409537,0.637923,-0.052282,-0.333085,0.345614,-0.010768,-0.257919,0.040072,0.080880,-0.191052,0.641058,0.088045,-0.245813,0.339871,0.128540,-0.312974,0.032487,0.060495,-0.309432,0.824984,-0.021520,-0.427154,1.058247,-0.032298,-0.479654,0.882080,-0.089042,-0.430064,0.713873,0.061141,-0.158617,1.053927,0.055919,-0.102985,0.878607,-0.000808,-0.119328,0.703949
0.053961,-0.310046,0.772390,0.002579,-0.413556,0.638686,-0.054995,-0.336232,0.347656,-0.011115,-0.259032,0.042905,0.081551,-0.194259,0.641900,0.088363,-0.247534,0.340449,0.128596,-0.312913,0.032633,0.062963,-0.313171,0.825683,-0.018388,-0.431072,1.059088,-0.028934,-0.484566,0.883208,-0.085605,-0.435936,0.714686,0.062781,-0.162081,1.054429,0.057927,-0.107537,0.878754,0.002129,-0.123840,0.703794
0.056202,-0.313843,0.773081,0.005609,-0.417773,0.639447,-0.057121,-0.339236,0.349811,-0.011626,-0.259229,0.045976,0.081797,-0.197479,0.642689,0.088362,-0.249296,0.340991,0.128604,-0.312881,0.032786,0.065369,-0.316930,0.826348,-0.015271,-0.435062,1.059882,-0.025466,-0.489563,0.884291,-0.082183,-0.442076,0.715450,0.064280,-0.165589,1.054910,0.059768,-0.112164,0.878882,0.004796,-0.128684,0.703681
0.058274,-0.317709,0.773713,0.009001,-0.422373,0.640195,-0.058111,-0.341832,0.352086,-0.012530,-0.257446,0.049406,0.081194,-0.200726,0.643369,0.087745,-0.251132,0.341446,0.128551,-0.312882,0.032929,0.067653,-0.320729,0.826946,-0.012186,-0.439196,1.060584,-0.021797,-0.494727,0.885282,-0.078807,-0.448754,0.716117,0.065503,-0.169181,1.055349,0.061271,-0.116938,0.878958,0.006893,-0.134190,0.703642
0.060070,-0.321371,0.774376,0.011813,-0.426680,0.641041,-0.061155,-0.345996,0.354376,-0.015330,-0.258336,0.052649,0.080484,-0.203902,0.644040,0.086319,-0.252761,0.341858,0.128512,-0.312813,0.033194,0.069662,-0.324311,0.827576,-0.009277,-0.443138,1.061335,-0.018342,-0.499586,0.886297,-0.075763,-0.455179,0.716848,0.066404,-0.172554,1.055814,0.062357,-0.121366,0.879108,0.008351,-0.139817,0.703800
0.061727,-0.324932,0.775055,0.014338,-0.430840,0.641941,-0.065181,-0.351053,0.356740,-0.019082,-0.260522,0.055898,0.079720,-0.207058,0.644711,0.084453,-0.254327,0.342265,0.128407,-0.312773,0.033546,0.071534,-0.327783,0.828221,-0.006455,-0.446978,1.062110,-0.014987,-0.504285,0.887323,-0.072865,-0.461475,0.717616,0.067139,-0.175822,1.056292,0.063240,-0.125623,0.879299,0.009502,-0.145503,0.704064
0.063056,-0.328307,0.775676,0.016519,-0.434734,0.642690,-0.067434,-0.358176,0.357784,-0.026316,-0.265472,0.056889,0.079328,-0.210210,0.645308,0.084239,-0.256048,0.342649,0.128408,-0.312748,0.033626,0.073027,-0.331047,0.828817,-0.003921,-0.450528,1.062905,-0.012195,-0.508411,0.888295,-0.070565,-0.467367,0.718320,0.067297,-0.178747,1.056626,0.063402,-0.129209,0.879446,0.009833,-0.150866,0.704370
0.064251,-0.331613,0.776306,0.018649,-0.438546,0.643404,-0.069155,-0.365653,0.358585,-0.034627,-0.271082,0.057450,0.078834,-0.213303,0.645932,0.083937,-0.257737,0.343071,0.128354,-0.312724,0.033766,0.074380,-0.334243,0.829422,-0.001536,-0.454022,1.063696,-0.009569,-0.512443,0.889253,-0.068416,-0.473218,0.719012,0.067270,-0.181630,1.056975,0.063332,-0.132678,0.879634,0.009950,-0.156073,0.704725
0.065177,-0.334781,0.776953,0.020670,-0.442200,0.644050,-0.069847,-0.373724,0.358834,-0.044900,-0.278282,0.057028,0.078136,-0.216254,0.646605,0.083510,-0.259349,0.343559,0.128291,-0.312696,0.034012,0.075452,-0.337308,0.830045,0.000552,-0.457411,1.064482,-0.007287,-0.516298,0.890186,-0.066603,-0.478996,0.719674,0.066884,-0.184415,1.057357,0.062796,-0.135905,0.879898,0.009612,-0.160970,0.705160
0.065934,-0.337773,0.777522,0.022755,-0.445766,0.644610,-0.069557,-0.381837,0.358761,-0.056044,-0.287408,0.055900,0.077074,-0.219052,0.647192,0.083095,-0.260949,0.343993,0.128218,-0.312691,0.034218,0.076372,-0.340196,0.830588,0.002545,-0.460807,1.065107,-0.005154,-0.520017,0.890912,-0.064903,-0.484596,0.720152,0.066245,-0.187192,1.057761,0.061780,-0.138929,0.880245,0.008760,-0.165466,0.705673
0.066606,-0.340678,0.778054,0.024878,-0.449272,0.645126,-0.068752,-0.389987,0.358546,-0.067463,-0.298365,0.054516,0.075828,-0.221788,0.647739,0.082665,-0.262539,0.344403,0.128096,-0.312672,0.034405,0.077214,-0.342994,0.831091,0.004494,-0.464202,1.065649,-0.003092,-0.523664,0.891534,-0.063238,-0.490104,0.720540,0.065480,-0.189974,1.058177,0.060523,-0.141864,0.880633,0.007664,-0.169775,0.706227
0.067095,-0.343530,0.778519,0.027007,-0.452999,0.645766,-0.067265,-0.398641,0.358350,-0.078087,-0.313396,0.052640,0.073926,-0.224654,0.648061,0.081719,-0.264197,0.344589,0.128029,-0.312644,0.034455,0.077926,-0.345686,0.831519,0.006471,-0.467716,1.066044,-0.001200,-0.527284,0.891969,-0.061837,-0.495210,0.720867,0.064486,-0.192845,1.058635,0.058813,-0.144742,0.881111,0.006064,-0.173664,0.706837
0.067548,-0.346381,0.778986,0.029066,-0.456724,0.646452,-0.066005,-0.407815,0.358276,-0.087604,-0.330205,0.051097,0.071976,-0.227595,0.648355,0.080468,-0.265841,0.344736,0.127926,-0.312590,0.034520,0.078596,-0.348362,0.831949,0.008451,-0.471249,1.066427,0.000644,-0.530954,0.892405,-0.060507,-0.500195,0.721250,0.063455,-0.195759,1.059121,0.057026,-0.147646,0.881626,0.004336,-0.177470,0.707486
0.067930,-0.349227,0.779457,0.030968,-0.460479,0.647235,-0.065289,-0.418067,0.358429,-0.095441,-0.349251,0.049877,0.069929,-0.230646,0.648587,0.078662,-0.267475,0.344799,0.127860,-0.312561,0.034620,0.079187,-0.351012,0.832385,0.010433,-0.474831,1.066789,0.002389,-0.534734,0.892847,-0.059356,-0.504942,0.721738,0.062347,-0.198740,1.059663,0.055088,-0.150578,0.882213,0.002328,-0.181088,0.708213
0.068196,-0.351984,0.779806,0.032486,-0.463889,0.647772,-0.064286,-0.428157,0.358255,-0.101631,-0.368738,0.048545,0.068154,-0.233524,0.648821,0.077090,-0.269005,0.344875,0.127799,-0.312548,0.034730,0.079649,-0.353625,0.832697,0.012363,-0.478398,1.067025,0.004064,-0.538532,0.893177,-0.058415,-0.509403,0.722226,0.061320,-0.201764,1.060141,0.053078,-0.153521,0.882756,0.000166,-0.184524,0.708889
0.068403,-0.354696,0.780094,0.033812,-0.467120,0.648184,-0.063050,-0.438154,0.357970,-0.106779,-0.388473,0.047391,0.066513,-0.236320,0.649057,0.075623,-0.270482,0.344963,0.127717,-0.312538,0.034853,0.080045,-0.356217,0.832948,0.014273,-0.481951,1.067197,0.005712,-0.542336,0.893450,-0.057572,-0.513723,0.722714,0.060337,-0.204817,1.060589,0.051036,-0.156484,0.883280,-0.002069,-0.187885,0.709544
0.068395,-0.357385,0.780139,0.034587,-0.470002,0.648180,-0.062250,-0.449202,0.357345,-0.108867,-0.409551,0.045746,0.065107,-0.238904,0.649236,0.074599,-0.271861,0.345018,0.127716,-0.312533,0.034903,0.080199,-0.358867,0.832958,0.016011,-0.485595,1.067112,0.007365,-0.546271,0.893471,-0.056883,-0.517749,0.723083,0.059514,-0.208041,1.060900,0.048959,-0.159609,0.883689,-0.004383,-0.191013,0.710026
0.068312,-0.360071,0.780133,0.035200,-0.472818,0.648104,-0.061698,-0.460719,0.356899,-0.109482,-0.430747,0.044393,0.063677,-0.241459,0.649404,0.073541,-0.273210,0.345067,0.127686,-0.312514,0.034961,0.080275,-0.361530,0.832918,0.017701,-0.489278,1.066955,0.009030,-0.550233,0.893414,-0.056229,-0.521767,0.723402,0.058697,-0.211335,1.061200,0.046900,-0.162816,0.884091,-0.006691,-0.194142,0.710491
0.068076,-0.362751,0.780028,0.035486,-0.475513,0.647886,-0.061838,-0.473195,0.356712,-0.107526,-0.452291,0.043150,0.062196,-0.243939,0.649545,0.072440,-0.274500,0.345095,0.127654,-0.312483,0.035022,0.080197,-0.364221,0.832776,0.019285,-0.493053,1.066657,0.010703,-0.554257,0.893199,-0.055664,-0.525767,0.723622,0.057888,-0.214756,1.061473,0.044869,-0.166159,0.884472,-0.008990,-0.197242,0.710910
0.067730,-0.365466,0.779944,0.035568,-0.478217,0.647698,-0.062216,-0.485801,0.356899,-0.102995,-0.472879,0.042227,0.060841,-0.246477,0.649684,0.071495,-0.275828,0.345127,0.127633,-0.312475,0.035066,0.079965,-0.366956,0.832666,0.020665,-0.496906,1.066340,0.012221,-0.558227,0.892917,-0.055146,-0.529745,0.723733,0.057115,-0.218309,1.061847,0.042852,-0.169599,0.884973,-0.011362,-0.200475,0.711485
0.067330,-0.368198,0.779871,0.035548,-0.480926,0.647527,-0.062644,-0.498490,0.357423,-0.096941,-0.493270,0.041756,0.059548,-0.249046,0.649822,0.070621,-0.277173,0.345161,0.127604,-0.312474,0.035105,0.079657,-0.369714,0.832570,0.021949,-0.500792,1.066011,0.013667,-0.562163,0.892597,-0.054647,-0.533708,0.723788,0.056365,-0.221926,1.062269,0.040846,-0.173094,0.885534,-0.013767,-0.203787,0.712139
0.066901,-0.371107,0.779818,0.035540,-0.483793,0.647360,-0.063151,-0.511044,0.358289,-0.087439,-0.511990,0.041654,0.058571,-0.251808,0.649935,0.069767,-0.278573,0.345154,0.127610,-0.312468,0.035108,0.079209,-0.372658,0.832521,0.022938,-0.504885,1.065663,0.014738,-0.566069,0.892177,-0.054289,-0.537798,0.723627,0.055577,-0.225797,1.062787,0.038785,-0.176770,0.886223,-0.016288,-0.207290,0.712943
0.066467,-0.374111,0.779748,0.035482,-0.486723,0.647162,-0.063465,-0.523422,0.359328,-0.076705,-0.530492,0.042121,0.057629,-0.254649,0.650046,0.068881,-0.279994,0.345144,0.127591,-0.312448,0.035114,0.078759,-0.375704,0.832454,0.023842,-0.509028,1.065294,0.015707,-0.569947,0.891711,-0.053924,-0.541946,0.723365,0.054814,-0.229744,1.063268,0.036819,-0.180465,0.886893,-0.018776,-0.210891,0.713763
0.066020,-0.377302,0.779647,0.035327,-0.489783,0.646901,-0.063556,-0.535417,0.360413,-0.064025,-0.548021,0.043112,0.056758,-0.257640,0.650156,0.067949,-0.281456,0.345127,0.127555,-0.312393,0.035119,0.078303,-0.378955,0.832354,0.024565,-0.513286,1.064888,0.016459,-0.573784,0.891155,-0.053556,-0.546209,0.722902,0.054091,-0.233843,1.063681,0.035033,-0.184182,0.887525,-0.021204,-0.214662,0.714612
0.065481,-0.380711,0.779552,0.034989,-0.493043,0.646639,-0.062995,-0.546816,0.361332,-0.049949,-0.564770,0.044569,0.055944,-0.260859,0.650258,0.067274,-0.283078,0.345113,0.127553,-0.312417,0.035085,0.077770,-0.382436,0.832255,0.025071,-0.517721,1.064473,0.017004,-0.577728,0.890567,-0.053212,-0.550600,0.722328,0.053463,-0.238159,1.064103,0.033343,-0.188098,0.888178,-0.023573,-0.218653,0.715501
0.064895,-0.384229,0.779460,0.034559,-0.496402,0.646377,-0.062106,-0.557903,0.362248,-0.035135,-0.581280,0.046739,0.055158,-0.264191,0.650357,0.066727,-0.284778,0.345106,0.127569,-0.312477,0.035041,0.077197,-0.386031,0.832158,0.025470,-0.522241,1.064051,0.017446,-0.581725,0.889962,-0.052875,-0.555052,0.721696,0.052882,-0.242583,1.064527,0.031702,-0.192116,0.888844,-0.025908,-0.222760,0.716413
0.064085,-0.388043,0.779396,0.034079,-0.499952,0.646002,-0.060037,-0.567770,0.362509,-0.019799,-0.596235,0.048856,0.054420,-0.267733,0.650546,0.066694,-0.286621,0.345213,0.127545,-0.312477,0.034988,0.076335,-0.389949,0.832102,0.025511,-0.526981,1.063709,0.017399,-0.585796,0.889397,-0.052683,-0.559575,0.720964,0.052254,-0.247263,1.064971,0.030132,-0.196314,0.889544,-0.028072,-0.227017,0.717323
0.063184,-0.391951,0.779335,0.033552,-0.503533,0.645564,-0.057490,-0.577082,0.362542,-0.004587,-0.610831,0.051323,0.053714,-0.271318,0.650781,0.066961,-0.288521,0.345389,0.127531,-0.312478,0.034950,0.075364,-0.393977,0.832052,0.025482,-0.531815,1.063385,0.017213,-0.589842,0.888816,-0.052559,-0.564033,0.720197,0.051623,-0.252046,1.065425,0.028546,-0.200579,0.890273,-0.030220,-0.231267,0.718240
0.062103,-0.396048,0.779279,0.032932,-0.507178,0.644999,-0.054015,-0.585319,0.361958,0.010245,-0.624425,0.053533,0.053070,-0.274991,0.651107,0.067831,-0.290538,0.345696,0.127545,-0.312488,0.034930,0.074177,-0.398226,0.832015,0.025312,-0.536843,1.063098,0.016747,-0.593843,0.888206,-0.052581,-0.568366,0.719361,0.050987,-0.257038,1.065900,0.026924,-0.204973,0.891059,-0.032344,-0.235493,0.719168
0.060856,-0.400377,0.779036,0.032377,-0.510929,0.644079,-0.048381,-0.591744,0.359987,0.023519,-0.636659,0.054077,0.052338,-0.278781,0.651347,0.068269,-0.292550,0.345911,0.127556,-0.312490,0.034920,0.072802,-0.402745,0.831793,0.024913,-0.542098,1.062635,0.016130,-0.598132,0.887442,-0.052772,-0.572678,0.718427,0.050329,-0.262280,1.066188,0.025312,-0.209586,0.891671,-0.034404,-0.239754,0.719874
0.059526,-0.404822,0.778700,0.031859,-0.514732,0.642995,-0.041684,-0.597279,0.357470,0.035816,-0.648103,0.053896,0.051561,-0.282632,0.651547,0.068494,-0.294564,0.346088,0.127570,-0.312493,0.034930,0.071333,-0.407397,0.831477,0.024400,-0.547467,1.062081,0.015437,-0.602563,0.886600,-0.053049,-0.576979,0.717442,0.049659,-0.267645,1.066380,0.023705,-0.214308,0.892197,-0.036431,-0.244033,0.720469
0.057928,-0.409503,0.778126,0.031364,-0.518718,0.641601,-0.035221,-0.601062,0.354340,0.044593,-0.657515,0.052409,0.050386,-0.286641,0.651601,0.068716,-0.296715,0.346156,0.127598,-0.312507,0.034841,0.069557,-0.412306,0.830931,0.023528,-0.553140,1.061249,0.014402,-0.607326,0.885495,-0.053727,-0.581226,0.716274,0.048700,-0.273324,1.066364,0.022130,-0.219281,0.892492,-0.038414,-0.248297,0.720785
0.056250,-0.414306,0.777553,0.030882,-0.522849,0.640234,-0.028713,-0.604474,0.351252,0.051461,-0.665490,0.050349,0.049145,-0.290797,0.651638,0.068933,-0.298943,0.346226,0.127620,-0.312507,0.034765,0.067677,-0.417333,0.830389,0.022495,-0.558930,1.060403,0.013237,-0.612266,0.884398,-0.054583,-0.585592,0.715145,0.047665,-0.279129,1.066353,0.020511,-0.224388,0.892790,-0.040457,-0.252583,0.721097
0.054410,-0.419352,0.776982,0.030424,-0.527275,0.638904,-0.021991,-0.607136,0.348049,0.055170,-0.670830,0.046947,0.047773,-0.295242,0.651635,0.069139,-0.301322,0.346281,0.127628,-0.312480,0.034682,0.065591,-0.422595,0.829857,0.021136,-0.564958,1.059537,0.011815,-0.617563,0.883317,-0.055791,-0.590198,0.714091,0.046478,-0.285191,1.066362,0.018803,-0.229762,0.893100,-0.042620,-0.256910,0.721400
0.052475,-0.424540,0.776600,0.029838,-0.532144,0.638033,-0.016477,-0.609561,0.345488,0.056192,-0.673239,0.043279,0.046216,-0.300101,0.651557,0.068903,-0.303863,0.346259,0.127653,-0.312457,0.034629,0.063402,-0.427923,0.829519,0.019568,-0.571099,1.058812,0.010105,-0.622906,0.882364,-0.057306,-0.594818,0.713181,0.044983,-0.291361,1.066563,0.017004,-0.235239,0.893572,-0.044857,-0.261263,0.721856
0.050492,-0.429800,0.776313,0.029188,-0.537233,0.637396,-0.011535,-0.611852,0.343295,0.055962,-0.674280,0.039631,0.044568,-0.305168,0.651440,0.068441,-0.306484,0.346212,0.127675,-0.312433,0.034614,0.061162,-0.433286,0.829279,0.017896,-0.577297,1.058155,0.008254,-0.628272,0.881475,-0.058972,-0.599445,0.712345,0.043330,-0.297588,1.066858,0.015156,-0.240770,0.894125,-0.047130,-0.265633,0.722391
0.048661,-0.435534,0.776019,0.028310,-0.542870,0.636884,-0.009406,-0.614442,0.341623,0.056405,-0.673674,0.037001,0.042938,-0.310782,0.651249,0.067680,-0.309352,0.346090,0.127713,-0.312450,0.034608,0.059129,-0.439092,0.829021,0.016107,-0.583836,1.057480,0.006350,-0.634117,0.880609,-0.060841,-0.604677,0.711572,0.041432,-0.304142,1.067028,0.013441,-0.246762,0.894450,-0.049064,-0.270349,0.722614
0.046900,-0.441360,0.775935,0.027361,-0.548942,0.636873,-0.007329,-0.617237,0.340464,0.056680,-0.673376,0.034907,0.041250,-0.316800,0.650969,0.066726,-0.312391,0.345899,0.127729,-0.312460,0.034595,0.057229,-0.444907,0.828966,0.014341,-0.590395,1.056980,0.004372,-0.639966,0.879921,-0.062747,-0.609940,0.710960,0.039489,-0.310715,1.067390,0.011748,-0.252793,0.894951,-0.050867,-0.275166,0.722994
0.045279,-0.447374,0.776273,0.026271,-0.555887,0.637864,-0.005329,-0.620463,0.340276,0.056668,-0.673599,0.033760,0.039450,-0.323627,0.650514,0.065398,-0.315775,0.345553,0.127726,-0.312465,0.034538,0.055595,-0.450741,0.829320,0.012622,-0.596993,1.056832,0.002244,-0.645821,0.879592,-0.064737,-0.615264,0.710673,0.037464,-0.317320,1.068141,0.010108,-0.258898,0.895807,-0.052416,-0.280187,0.723679
0.043776,-0.453571,0.776644,0.025115,-0.563018,0.638927,-0.004845,-0.623973,0.340404,0.056635,-0.673787,0.033230,0.037850,-0.330661,0.650069,0.063909,-0.319225,0.345231,0.127740,-0.312504,0.034586,0.054058,-0.456752,0.829709,0.010925,-0.603804,1.056680,0.000072,-0.651906,0.879272,-0.066708,-0.620915,0.710354,0.035306,-0.324129,1.068919,0.008484,-0.265256,0.896654,-0.053637,-0.285519,0.724256
0.042332,-0.459861,0.777032,0.023924,-0.570240,0.640029,-0.005109,-0.627621,0.340704,0.056612,-0.673953,0.033041,0.036351,-0.337802,0.649632,0.062343,-0.322711,0.344947,0.127769,-0.312575,0.034737,0.052569,-0.462853,0.830115,0.009251,-0.610722,1.056525,-0.002118,-0.658108,0.878959,-0.068676,-0.626738,0.710023,0.033091,-0.331044,1.069709,0.006870,-0.271741,0.897497,-0.054696,-0.291008,0.724786
0.041057,-0.466509,0.777306,0.022642,-0.577736,0.640992,-0.006205,-0.631459,0.340968,0.056563,-0.673996,0.032986,0.035288,-0.345255,0.649117,0.060997,-0.326285,0.344627,0.127690,-0.312535,0.034831,0.051228,-0.469319,0.830410,0.007505,-0.617889,1.056290,-0.004242,-0.664725,0.878605,-0.070841,-0.632957,0.709762,0.030694,-0.338196,1.070283,0.005339,-0.278576,0.898051,-0.055311,-0.297059,0.724931
0.039821,-0.473309,0.777480,0.021184,-0.585369,0.641881,-0.007439,-0.635339,0.341182,0.056528,-0.674024,0.032959,0.034356,-0.352873,0.648495,0.059578,-0.329910,0.344242,0.127638,-0.312535,0.034931,0.049955,-0.475937,0.830598,0.005749,-0.625112,1.055992,-0.006329,-0.671469,0.878204,-0.073092,-0.639162,0.709531,0.028421,-0.345413,1.070703,0.003877,-0.285494,0.898456,-0.055893,-0.303426,0.724973
0.038663,-0.480415,0.777452,0.019374,-0.593279,0.642615,-0.008961,-0.639315,0.341255,0.056499,-0.674047,0.032900,0.033683,-0.360815,0.647655,0.058022,-0.333628,0.343682,0.127656,-0.312598,0.034958,0.048815,-0.482861,0.830572,0.003952,-0.632445,1.055571,-0.008352,-0.678461,0.877711,-0.075511,-0.645329,0.709355,0.026379,-0.352757,1.070820,0.002549,-0.292581,0.898562,-0.056407,-0.310429,0.724793
0.037561,-0.487717,0.777302,0.017457,-0.601551,0.643407,-0.009950,-0.643332,0.341332,0.056405,-0.674076,0.032766,0.033206,-0.369155,0.646487,0.055012,-0.337246,0.342786,0.127596,-0.312674,0.035029,0.047706,-0.489937,0.830429,0.001927,-0.639850,1.055029,-0.010439,-0.685653,0.877118,-0.078046,-0.651585,0.709127,0.024355,-0.360192,1.070784,0.001254,-0.299611,0.898571,-0.056915,-0.317951,0.724587
0.036488,-0.495116,0.777091,0.015480,-0.609993,0.644234,-0.010588,-0.647379,0.341454,0.056452,-0.674126,0.032682,0.032819,-0.377703,0.645166,0.051368,-0.340781,0.341821,0.127675,-0.312732,0.035300,0.046613,-0.497088,0.830225,-0.000196,-0.647290,1.054425,-0.012551,-0.692944,0.876474,-0.080639,-0.657885,0.708878,0.022353,-0.367672,1.070669,-0.000021,-0.306613,0.898530,-0.057411,-0.325734,0.724372
0.035553,-0.502607,0.776806,0.013848,-0.618709,0.645136,-0.010471,-0.651431,0.341657,0.056355,-0.674152,0.032524,0.032712,-0.386551,0.643602,0.047852,-0.344529,0.340736,0.127548,-0.312940,0.035455,0.045560,-0.504285,0.829963,-0.002637,-0.654766,1.053686,-0.014794,-0.700226,0.875671,-0.083079,-0.664259,0.708343,0.020243,-0.375211,1.070488,-0.001367,-0.313314,0.898554,-0.057888,-0.333363,0.724215
0.034723,-0.510039,0.776509,0.012398,-0.627301,0.645979,-0.010198,-0.655445,0.341895,0.056414,-0.674183,0.032453,0.032673,-0.395298,0.642101,0.044683,-0.348263,0.339836,0.127567,-0.313183,0.035812,0.044598,-0.511441,0.829688,-0.005107,-0.662243,1.052871,-0.017059,-0.707440,0.874775,-0.085450,-0.670701,0.707655,0.018141,-0.382760,1.070307,-0.002656,-0.319957,0.898603,-0.058296,-0.340820,0.724077
0.034101,-0.517355,0.776187,0.011326,-0.635667,0.646689,-0.009781,-0.659368,0.342106,0.056440,-0.674197,0.032372,0.032785,-0.403821,0.640701,0.042023,-0.352013,0.339122,0.127522,-0.313513,0.036252,0.043812,-0.518518,0.829391,-0.007664,-0.669723,1.051904,-0.019380,-0.714521,0.873690,-0.087683,-0.677273,0.706648,0.016028,-0.390333,1.070131,-0.003838,-0.326485,0.898704,-0.058600,-0.347929,0.723971
0.033783,-0.524524,0.775940,0.010759,-0.643639,0.647224,-0.009247,-0.663166,0.342258,0.056443,-0.674251,0.032255,0.033135,-0.411931,0.639627,0.040002,-0.355741,0.338770,0.127463,-0.314024,0.036888,0.043295,-0.525526,0.829171,-0.010358,-0.677230,1.050838,-0.021763,-0.721511,0.872474,-0.089742,-0.683700,0.705426,0.013839,-0.397953,1.070047,-0.004983,-0.333104,0.898880,-0.058772,-0.354822,0.723878
0.033616,-0.531619,0.775729,0.010444,-0.651415,0.647671,-0.008636,-0.666897,0.342403,0.056472,-0.674317,0.032167,0.033606,-0.419835,0.638718,0.038329,-0.359455,0.338633,0.127451,-0.314639,0.037676,0.042911,-0.532499,0.828988,-0.013115,-0.684741,1.049707,-0.024170,-0.728448,0.871178,-0.091705,-0.690047,0.704085,0.011606,-0.405593,1.069994,-0.006114,-0.339768,0.899083,-0.058879,-0.361610,0.723786
0.033604,-0.538832,0.775881,0.010512,-0.658667,0.647839,-0.008147,-0.670383,0.342367,0.056465,-0.674216,0.031965,0.034427,-0.427169,0.638748,0.037812,-0.363278,0.339373,0.127355,-0.315692,0.038925,0.042593,-0.539755,0.829187,-0.016205,-0.692280,1.048998,-0.026886,-0.735508,0.870330,-0.093661,-0.696367,0.703102,0.009379,-0.413283,1.070178,-0.007161,-0.346758,0.899420,-0.058760,-0.368281,0.723737
0.033580,-0.546032,0.776167,0.010682,-0.665716,0.647944,-0.007742,-0.673801,0.342330,0.056493,-0.674138,0.031830,0.035424,-0.434298,0.639083,0.038056,-0.367171,0.340408,0.127380,-0.316937,0.040278,0.042201,-0.547040,0.829529,-0.019375,-0.699783,1.048440,-0.029716,-0.742542,0.869640,-0.095617,-0.702647,0.702245,0.007081,-0.420940,1.070457,-0.008222,-0.353775,0.899835,-0.058558,-0.374973,0.723746
0.033532,-0.553205,0.776721,0.011060,-0.672362,0.647926,-0.007552,-0.677082,0.342245,0.056499,-0.674100,0.031725,0.036770,-0.441015,0.640022,0.039747,-0.371219,0.341963,0.127509,-0.318528,0.041731,0.041658,-0.554387,0.830159,-0.022710,-0.707232,1.048209,-0.032787,-0.749544,0.869289,-0.097594,-0.708866,0.701658,0.004653,-0.428542,1.070950,-0.009302,-0.360851,0.900421,-0.058195,-0.381709,0.723886
0.033326,-0.560065,0.777383,0.011355,-0.678470,0.647804,-0.007517,-0.680118,0.342100,0.056498,-0.674053,0.031625,0.037995,-0.447183,0.641289,0.042470,-0.375676,0.343654,0.128166,-0.321653,0.043008,0.040969,-0.561482,0.830891,-0.025874,-0.714479,1.048101,-0.035820,-0.756272,0.869054,-0.099437,-0.714889,0.701143,0.002307,-0.435939,1.071586,-0.010329,-0.367799,0.901135,-0.057741,-0.388337,0.724159
0.033041,-0.566768,0.778098,0.011616,-0.684305,0.647637,-0.007552,-0.683026,0.341945,0.056502,-0.673989,0.031557,0.039157,-0.453083,0.642730,0.045666,-0.380342,0.345428,0.129008,-0.325379,0.044242,0.040208,-0.568451,0.831669,-0.028952,-0.721622,1.048046,-0.038834,-0.762857,0.868869,-0.101214,-0.720812,0.700661,0.000005,-0.443234,1.072288,-0.011326,-0.374681,0.901912,-0.057238,-0.394908,0.724504
0.032590,-0.572951,0.778741,0.011725,-0.689407,0.647225,-0.008213,-0.685700,0.341601,0.056533,-0.673999,0.031461,0.039839,-0.458219,0.644316,0.047941,-0.385634,0.346993,0.132106,-0.333479,0.045555,0.039358,-0.574957,0.832361,-0.031466,-0.728429,1.047999,-0.041422,-0.769135,0.868708,-0.102898,-0.726464,0.700330,-0.001971,-0.450168,1.073010,-0.012031,-0.381311,0.902677,-0.056652,-0.401381,0.724923
0.032094,-0.579030,0.779290,0.011720,-0.694521,0.646851,-0.008842,-0.688349,0.341306,0.056554,-0.673988,0.031429,0.040348,-0.463378,0.645713,0.049591,-0.390980,0.348338,0.136295,-0.342604,0.047041,0.038512,-0.581325,0.832947,-0.033676,-0.735117,1.047917,-0.043802,-0.775349,0.868531,-0.104570,-0.732013,0.700071,-0.003739,-0.456973,1.073659,-0.012655,-0.387874,0.903361,-0.056058,-0.407899,0.725301
0.031509,-0.584902,0.779649,0.011475,-0.699669,0.646532,-0.009419,-0.690960,0.341069,0.056544,-0.673958,0.031461,0.040518,-0.468573,0.646709,0.050193,-0.396461,0.349220,0.142959,-0.354399,0.048914,0.037673,-0.587417,0.833330,-0.035282,-0.741576,1.047788,-0.045766,-0.781455,0.868346,-0.106211,-0.737367,0.699965,-0.005108,-0.463521,1.074177,-0.013128,-0.394305,0.903883,-0.055458,-0.414511,0.725585
0.030944,-0.590802,0.779821,0.010805,-0.705041,0.646267,-0.009892,-0.693607,0.340876,0.056530,-0.673938,0.031535,0.040717,-0.474056,0.647310,0.051881,-0.402730,0.349618,0.153445,-0.368969,0.051262,0.037000,-0.593476,0.833510,-0.036516,-0.747783,1.047678,-0.047407,-0.787640,0.868258,-0.107757,-0.742824,0.700034,-0.005813,-0.469825,1.074474,-0.013282,-0.400765,0.904093,-0.054776,-0.421278,0.725633
0.030388,-0.596718,0.779901,0.009924,-0.710524,0.646028,-0.010298,-0.696275,0.340717,0.056542,-0.673929,0.031657,0.040931,-0.479685,0.647715,0.054074,-0.409387,0.349787,0.165328,-0.385372,0.054115,0.036410,-0.599520,0.833589,-0.037564,-0.753862,1.047579,-0.048888,-0.793864,0.868220,-0.109251,-0.748331,0.700190,-0.006188,-0.476008,1.074661,-0.013278,-0.407240,0.904147,-0.054055,-0.428124,0.725565
0.029883,-0.602552,0.779805,0.008607,-0.715998,0.645751,-0.010771,-0.698935,0.340522,0.056549,-0.674059,0.031770,0.041231,-0.485380,0.647837,0.057601,-0.416612,0.349623,0.182601,-0.406706,0.058795,0.036029,-0.605461,0.833475,-0.038176,-0.759662,1.047487,-0.049966,-0.799856,0.868201,-0.110562,-0.754072,0.700324,-0.005731,-0.481942,1.074688,-0.012666,-0.413449,0.904057,-0.053240,-0.434643,0.725466
0.029345,-0.608352,0.779635,0.007187,-0.721470,0.645445,-0.011254,-0.701590,0.340318,0.056580,-0.674194,0.031905,0.041470,-0.491091,0.647851,0.060953,-0.423707,0.349409,0.199613,-0.429942,0.064865,0.035640,-0.611360,0.833282,-0.038734,-0.765385,1.047359,-0.050888,-0.805838,0.868155,-0.111830,-0.759939,0.700435,-0.005126,-0.487810,1.074648,-0.011965,-0.419641,0.903885,-0.052513,-0.441143,0.725325
0.028743,-0.614083,0.779313,0.005563,-0.726941,0.645076,-0.011783,-0.704231,0.340072,0.056614,-0.674319,0.032029,0.041584,-0.496824,0.647640,0.064118,-0.430581,0.349054,0.217340,-0.456007,0.073308,0.035235,-0.617174,0.832933,-0.039182,-0.770957,1.047159,-0.051494,-0.811807,0.868053,-0.113013,-0.766066,0.700501,-0.004223,-0.493548,1.074474,-0.011086,-0.425795,0.903547,-0.051961,-0.447599,0.725098
0.028095,-0.619749,0.778820,0.003800,-0.732451,0.644648,-0.012414,-0.706851,0.339799,0.056618,-0.674398,0.032168,0.041712,-0.502633,0.647139,0.066770,-0.438186,0.348288,0.233697,-0.483368,0.083336,0.034766,-0.622883,0.832416,-0.039578,-0.776325,1.046898,-0.052005,-0.817542,0.867880,-0.114207,-0.771957,0.700539,-0.003135,-0.499094,1.074120,-0.010149,-0.431694,0.903059,-0.051754,-0.453833,0.724820
0.027424,-0.625382,0.778240,0.001970,-0.737975,0.644193,-0.013068,-0.709470,0.339527,0.056660,-0.674479,0.032346,0.041845,-0.508484,0.646492,0.069164,-0.446196,0.347326,0.248596,-0.511325,0.095090,0.034264,-0.628541,0.831813,-0.039947,-0.781596,1.046605,-0.052467,-0.823165,0.867671,-0.115410,-0.777739,0.700564,-0.001953,-0.504553,1.073670,-0.009183,-0.437471,0.902494,-0.051723,-0.459954,0.724518
0.026672,-0.630751,0.777484,-0.000150,-0.743151,0.643541,-0.014619,-0.711917,0.339098,0.056588,-0.674364,0.032583,0.041873,-0.514039,0.645692,0.070658,-0.457240,0.345588,0.260695,-0.538603,0.106154,0.033696,-0.633953,0.831030,-0.040353,-0.786484,1.046237,-0.053095,-0.828344,0.867383,-0.116643,-0.783115,0.700450,-0.000396,-0.509688,1.073053,-0.008047,-0.442816,0.901812,-0.051904,-0.465532,0.724187
0.025962,-0.636026,0.776713,-0.002292,-0.748166,0.642849,-0.016496,-0.714371,0.338648,0.056568,-0.674362,0.032909,0.041978,-0.519474,0.644907,0.071847,-0.469497,0.343729,0.270959,-0.565150,0.117256,0.033163,-0.639284,0.830234,-0.040801,-0.791271,1.045841,-0.053826,-0.833385,0.867063,-0.117844,-0.788320,0.700266,0.001210,-0.514752,1.072412,-0.006896,-0.448078,0.901114,-0.052106,-0.470925,0.723845
0.025338,-0.641110,0.775916,-0.004482,-0.752868,0.642071,-0.019076,-0.716815,0.338128,0.056555,-0.674526,0.033355,0.042242,-0.524661,0.644154,0.072434,-0.484111,0.341654,0.278801,-0.590609,0.126670,0.032701,-0.644451,0.829410,-0.041337,-0.795852,1.045393,-0.054760,-0.838142,0.866684,-0.118978,-0.793162,0.699941,0.002909,-0.519657,1.071730,-0.005713,-0.453158,0.900390,-0.052342,-0.475946,0.723481
0.024733,-0.646039,0.775179,-0.006764,-0.757389,0.641380,-0.021866,-0.719193,0.337702,0.056543,-0.674703,0.033976,0.042523,-0.529719,0.643444,0.072431,-0.500673,0.339671,0.283972,-0.614454,0.133493,0.032276,-0.649468,0.828644,-0.041884,-0.800203,1.045040,-0.055833,-0.842629,0.866402,-0.120036,-0.797669,0.699649,0.004871,-0.524395,1.071108,-0.004444,-0.458157,0.899703,-0.052451,-0.480710,0.723133
0.024137,-0.650890,0.774473,-0.009089,-0.761811,0.640736,-0.024742,-0.721528,0.337331,0.056560,-0.674882,0.034722,0.042812,-0.534718,0.642754,0.071943,-0.518195,0.338045,0.287518,-0.637244,0.139016,0.031869,-0.654411,0.827906,-0.042431,-0.804444,1.044733,-0.056970,-0.846983,0.866168,-0.121053,-0.802014,0.699373,0.006968,-0.529069,1.070508,-0.003135,-0.463125,0.899034,-0.052496,-0.485344,0.722796
0.023528,-0.655607,0.773879,-0.011458,-0.766188,0.640310,-0.027550,-0.723910,0.337179,0.056487,-0.675463,0.035620,0.043191,-0.539735,0.642067,0.071308,-0.537267,0.336907,0.287368,-0.657824,0.139171,0.031431,-0.659184,0.827284,-0.042981,-0.808430,1.044608,-0.058313,-0.851029,0.866125,-0.122099,-0.805710,0.699312,0.009144,-0.533519,1.069979,-0.001670,-0.467755,0.898480,-0.052388,-0.489735,0.722597
0.022925,-0.660310,0.773326,-0.013848,-0.770581,0.639980,-0.030278,-0.726293,0.337132,0.056446,-0.676112,0.036633,0.043690,-0.544837,0.641360,0.070620,-0.556243,0.336373,0.285462,-0.677238,0.137458,0.030976,-0.663923,0.826707,-0.043557,-0.812317,1.044565,-0.059713,-0.854984,0.866172,-0.123229,-0.809211,0.699382,0.011385,-0.537912,1.069461,-0.000175,-0.472311,0.897948,-0.052292,-0.494126,0.722454
0.022331,-0.664986,0.772855,-0.016281,-0.775022,0.639834,-0.032884,-0.728692,0.337276,0.056412,-0.676882,0.037812,0.044428,-0.550102,0.640619,0.070147,-0.575054,0.336408,0.280512,-0.694775,0.131931,0.030486,-0.668593,0.826220,-0.044196,-0.816002,1.044688,-0.061235,-0.858755,0.866399,-0.124531,-0.812309,0.699714,0.013757,-0.542163,1.068979,0.001385,-0.476704,0.897469,-0.052221,-0.498512,0.722422
0.021870,-0.669676,0.772326,-0.018581,-0.779634,0.639787,-0.035344,-0.731170,0.337545,0.056309,-0.677696,0.039082,0.045408,-0.555617,0.639651,0.069924,-0.593590,0.336767,0.272755,-0.709368,0.122596,0.030090,-0.673214,0.825685,-0.044865,-0.819490,1.044814,-0.062717,-0.862360,0.866634,-0.125885,-0.815058,0.700143,0.016165,-0.546254,1.068353,0.003025,-0.480973,0.896833,-0.052131,-0.502752,0.722265
0.021475,-0.674373,0.771769,-0.020814,-0.784316,0.639792,-0.037688,-0.733669,0.337883,0.056251,-0.678527,0.040428,0.046501,-0.561273,0.638573,0.069471,-0.611867,0.337478,0.261444,-0.723727,0.111523,0.029742,-0.677811,0.825126,-0.045542,-0.822881,1.044936,-0.064172,-0.865879,0.866867,-0.127242,-0.817626,0.700614,0.018593,-0.550288,1.067650,0.004709,-0.485190,0.896119,-0.052024,-0.506913,0.722051
0.021416,-0.679207,0.771057,-0.022485,-0.789560,0.639951,-0.038543,-0.736314,0.338418,0.056057,-0.679413,0.041473,0.047870,-0.567465,0.637032,0.070626,-0.628132,0.337827,0.246776,-0.733044,0.096170,0.029710,-0.682420,0.824419,-0.046038,-0.826121,1.044961,-0.065184,-0.869238,0.866974,-0.128624,-0.819953,0.701163,0.021047,-0.554157,1.066665,0.006516,-0.489250,0.895115,-0.051894,-0.510965,0.721600
0.021515,-0.684113,0.770319,-0.023915,-0.795079,0.640256,-0.039056,-0.739105,0.339142,0.055897,-0.680311,0.042638,0.049285,-0.573933,0.635313,0.071824,-0.642791,0.337869,0.228339,-0.742850,0.081075,0.029831,-0.687040,0.823689,-0.046405,-0.829373,1.044943,-0.065970,-0.872597,0.867025,-0.129818,-0.822317,0.701667,0.023408,-0.558016,1.065610,0.008309,-0.493282,0.894043,-0.051755,-0.514941,0.721088
0.021930,-0.689165,0.769532,-0.024862,-0.801173,0.640851,-0.038967,-0.742189,0.340234,0.055651,-0.681206,0.044006,0.050812,-0.580927,0.633235,0.073997,-0.654501,0.336940,0.207577,-0.750257,0.065880,0.030257,-0.691680,0.822912,-0.046530,-0.832644,1.044845,-0.066319,-0.875963,0.866972,-0.130678,-0.824769,0.702087,0.025579,-0.561808,1.064427,0.010064,-0.497233,0.892837,-0.051614,-0.518776,0.720435
0.022682,-0.694399,0.768704,-0.025227,-0.807486,0.641386,-0.038834,-0.745431,0.341339,0.055394,-0.681984,0.045443,0.052213,-0.587956,0.631140,0.074768,-0.663065,0.335143,0.185329,-0.755718,0.052866,0.031019,-0.696476,0.822093,-0.046298,-0.835947,1.044782,-0.066325,-0.879330,0.866949,-0.131163,-0.827470,0.702460,0.027609,-0.565504,1.063039,0.011930,-0.501234,0.891348,-0.051142,-0.522631,0.719433
0.023603,-0.699723,0.767856,-0.025302,-0.813900,0.641897,-0.038641,-0.748744,0.342470,0.055209,-0.682711,0.046960,0.053547,-0.595007,0.629043,0.074915,-0.670063,0.332907,0.162436,-0.759900,0.041797,0.031949,-0.701349,0.821251,-0.045885,-0.839261,1.044729,-0.066151,-0.882692,0.866933,-0.131450,-0.830290,0.702799,0.029570,-0.569153,1.061542,0.013855,-0.505263,0.889711,-0.050495,-0.526486,0.718249
0.025465,-0.705483,0.767353,-0.024689,-0.819221,0.641493,-0.041381,-0.751920,0.342702,0.054869,-0.684076,0.048362,0.055264,-0.600741,0.628466,0.072250,-0.674381,0.331715,0.149642,-0.763607,0.037573,0.033977,-0.707044,0.820734,-0.044445,-0.843001,1.045207,-0.065017,-0.886356,0.867426,-0.130798,-0.833463,0.703638,0.031826,-0.573008,1.060012,0.016123,-0.509684,0.887968,-0.049055,-0.530881,0.716816
0.027513,-0.711431,0.766914,-0.023994,-0.824506,0.641010,-0.044635,-0.755091,0.342944,0.054508,-0.685504,0.049959,0.056938,-0.606384,0.628095,0.067833,-0.677914,0.330560,0.141266,-0.766254,0.035187,0.036244,-0.712974,0.820271,-0.042666,-0.846780,1.045868,-0.063414,-0.890153,0.868110,-0.129646,-0.836828,0.704637,0.034365,-0.576891,1.058400,0.018631,-0.514183,0.886133,-0.047110,-0.535355,0.715193
0.029936,-0.717755,0.766600,-0.023139,-0.829722,0.640371,-0.048964,-0.758284,0.343183,0.054013,-0.687047,0.051907,0.058528,-0.611847,0.628153,0.059970,-0.679876,0.329606,0.141885,-0.767494,0.036390,0.038985,-0.719374,0.819917,-0.040216,-0.850647,1.046898,-0.060879,-0.894227,0.869179,-0.127511,-0.840599,0.705959,0.037453,-0.580829,1.056634,0.021606,-0.518837,0.884117,-0.044175,-0.540006,0.713193
0.032438,-0.723999,0.766480,-0.021760,-0.835050,0.639941,-0.053368,-0.761619,0.343796,0.053458,-0.688534,0.054339,0.060470,-0.617342,0.628455,0.057876,-0.682220,0.329212,0.142259,-0.767554,0.036088,0.041746,-0.725657,0.819765,-0.037216,-0.854711,1.048099,-0.057716,-0.898439,0.870395,-0.124644,-0.844714,0.707320,0.040441,-0.584808,1.055127,0.024317,-0.523495,0.882394,-0.040971,-0.544642,0.711279
0.034981,-0.730202,0.766457,-0.020120,-0.840436,0.639623,-0.057805,-0.765047,0.344683,0.052869,-0.690046,0.057128,0.062586,-0.622857,0.628871,0.058659,-0.684793,0.329015,0.142524,-0.767033,0.034885,0.044517,-0.731879,0.819711,-0.033945,-0.858870,1.049372,-0.054241,-0.902716,0.871674,-0.121413,-0.848999,0.708688,0.043364,-0.588813,1.053740,0.026881,-0.528161,0.880810,-0.037652,-0.549268,0.709403
0.038165,-0.735805,0.766741,-0.016803,-0.845026,0.639051,-0.065059,-0.768638,0.345902,0.051787,-0.690694,0.061539,0.065162,-0.627057,0.630117,0.060351,-0.687292,0.329938,0.142546,-0.767855,0.034837,0.047675,-0.737593,0.820005,-0.030358,-0.863075,1.050641,-0.050365,-0.907122,0.872959,-0.117730,-0.853838,0.709906,0.045826,-0.592676,1.052893,0.029103,-0.532901,0.879682,-0.034319,-0.553914,0.707849
0.041518,-0.741188,0.766997,-0.013267,-0.849588,0.638628,-0.072419,-0.772550,0.347643,0.050433,-0.691479,0.066644,0.067691,-0.631153,0.631233,0.062431,-0.689887,0.330776,0.142544,-0.768861,0.034636,0.051030,-0.743069,0.820263,-0.026704,-0.867280,1.051690,-0.046272,-0.911657,0.874041,-0.113878,-0.858861,0.710923,0.048210,-0.596519,1.052120,0.031367,-0.537670,0.878604,-0.030982,-0.558569,0.706365
0.045208,-0.746135,0.767199,-0.009290,-0.854096,0.638465,-0.079988,-0.776991,0.350076,0.048631,-0.692570,0.072579,0.070142,-0.635028,0.632073,0.065300,-0.692631,0.331403,0.142510,-0.770156,0.034070,0.054778,-0.748072,0.820455,-0.022907,-0.871496,1.052320,-0.041733,-0.916463,0.874738,-0.109674,-0.864263,0.711565,0.050455,-0.600311,1.051519,0.033729,-0.542484,0.877648,-0.027599,-0.563248,0.705026
0.048753,-0.751016,0.767417,-0.005500,-0.858482,0.638276,-0.085385,-0.781177,0.352357,0.047021,-0.694060,0.077410,0.072234,-0.638738,0.633016,0.068505,-0.695207,0.332124,0.142481,-0.770813,0.033432,0.058509,-0.753072,0.820636,-0.019173,-0.875857,1.052841,-0.037068,-0.921740,0.875395,-0.105374,-0.870064,0.712204,0.052663,-0.604267,1.050991,0.036230,-0.547631,0.876699,-0.024273,-0.568492,0.703798
0.052226,-0.755864,0.767644,-0.001808,-0.862808,0.638075,-0.089687,-0.785302,0.354582,0.045526,-0.695910,0.081673,0.074143,-0.642376,0.634022,0.071873,-0.697679,0.332905,0.142439,-0.771102,0.032800,0.062234,-0.758070,0.820811,-0.015463,-0.880295,1.053302,-0.032325,-0.927252,0.876035,-0.101017,-0.876072,0.712845,0.054844,-0.608311,1.050494,0.038797,-0.552948,0.875756,-0.020964,-0.574026,0.702623
0.054914,-0.760609,0.768378,0.001880,-0.867700,0.638547,-0.089304,-0.789403,0.356292,0.044424,-0.694731,0.084375,0.075052,-0.646310,0.635168,0.073132,-0.699894,0.333745,0.142430,-0.771041,0.032767,0.065079,-0.762823,0.821514,-0.012075,-0.884707,1.054361,-0.028070,-0.933139,0.877411,-0.096619,-0.882810,0.713886,0.056641,-0.612320,1.050656,0.041102,-0.558523,0.875382,-0.017898,-0.580255,0.702069
0.057426,-0.765266,0.769170,0.005612,-0.872860,0.639286,-0.088641,-0.794172,0.358108,0.042695,-0.693528,0.087133,0.075503,-0.650404,0.636142,0.073618,-0.702126,0.334400,0.142400,-0.770965,0.032749,0.067745,-0.767406,0.822279,-0.008654,-0.889108,1.055465,-0.023878,-0.938953,0.878842,-0.092091,-0.889826,0.714805,0.058276,-0.616281,1.050948,0.043329,-0.564046,0.875149,-0.014788,-0.586533,0.701635
0.059585,-0.769744,0.770079,0.009446,-0.878553,0.640558,-0.087413,-0.800194,0.360106,0.039696,-0.692271,0.089896,0.075052,-0.654812,0.636765,0.072568,-0.704418,0.334678,0.142337,-0.770931,0.032737,0.070053,-0.771649,0.823168,-0.005170,-0.893482,1.056664,-0.019829,-0.944629,0.880370,-0.087316,-0.897406,0.715472,0.059598,-0.620137,1.051507,0.045400,-0.569458,0.875190,-0.011614,-0.592896,0.701436
0.061465,-0.773525,0.770964,0.012691,-0.882990,0.641446,-0.086841,-0.808328,0.360820,0.034925,-0.693951,0.090818,0.074784,-0.658250,0.637726,0.073311,-0.706520,0.335420,0.142239,-0.770990,0.032820,0.072150,-0.775337,0.824013,-0.001769,-0.897541,1.057728,-0.015885,-0.949839,0.881730,-0.082839,-0.904924,0.715976,0.060691,-0.623658,1.052163,0.047227,-0.574374,0.875393,-0.008750,-0.599127,0.701484
0.063206,-0.776957,0.771835,0.015637,-0.886792,0.642138,-0.086505,-0.817574,0.360934,0.029041,-0.697390,0.090760,0.074605,-0.661206,0.638862,0.074964,-0.708473,0.336395,0.142150,-0.770978,0.032959,0.074141,-0.778746,0.824834,0.001597,-0.901436,1.058721,-0.011979,-0.954805,0.883003,-0.078471,-0.912398,0.716413,0.061669,-0.627017,1.052870,0.048943,-0.579038,0.875685,-0.006025,-0.605275,0.701672
0.064639,-0.780274,0.772735,0.018851,-0.890771,0.642873,-0.083824,-0.828106,0.360135,0.021006,-0.701114,0.088729,0.074055,-0.664246,0.639879,0.076678,-0.710541,0.337275,0.142170,-0.771007,0.033024,0.075770,-0.781963,0.825696,0.004840,-0.905229,1.059774,-0.008275,-0.959620,0.884335,-0.074871,-0.919507,0.717223,0.062141,-0.630216,1.053631,0.049921,-0.583279,0.876133,-0.004207,-0.611857,0.702225
0.066073,-0.783679,0.773578,0.022307,-0.894843,0.643511,-0.080647,-0.838496,0.359338,0.011873,-0.705941,0.086143,0.073512,-0.667392,0.640846,0.078206,-0.712600,0.338103,0.142149,-0.770949,0.033082,0.077336,-0.785252,0.826514,0.007945,-0.909049,1.060771,-0.004669,-0.964507,0.885629,-0.071400,-0.926597,0.718060,0.062407,-0.633461,1.054318,0.050660,-0.587492,0.876536,-0.002667,-0.618550,0.702805
0.067508,-0.787259,0.774307,0.026236,-0.899124,0.643960,-0.076562,-0.848516,0.358425,0.001403,-0.711945,0.082693,0.072986,-0.670730,0.641702,0.079385,-0.714711,0.338808,0.142105,-0.770880,0.033101,0.078777,-0.788689,0.827245,0.010769,-0.912945,1.061663,-0.001285,-0.969564,0.886853,-0.068261,-0.933680,0.718936,0.062267,-0.636793,1.054855,0.050903,-0.591665,0.876832,-0.001725,-0.625499,0.703408
0.068954,-0.790711,0.774813,0.030235,-0.903064,0.644065,-0.073422,-0.858148,0.357698,-0.009338,-0.719890,0.079234,0.072369,-0.673776,0.642514,0.080973,-0.716805,0.339534,0.142079,-0.770866,0.033094,0.080221,-0.792042,0.827755,0.013557,-0.916833,1.062274,0.002034,-0.974476,0.887764,-0.065232,-0.940554,0.719555,0.061885,-0.640112,1.055187,0.050925,-0.595614,0.876982,-0.000993,-0.632121,0.703885
0.070405,-0.794099,0.775209,0.034271,-0.906803,0.643997,-0.070635,-0.867617,0.357071,-0.019974,-0.729312,0.075855,0.071699,-0.676700,0.643304,0.082747,-0.718862,0.340276,0.142025,-0.770801,0.033083,0.081665,-0.795353,0.828153,0.016326,-0.920710,1.062745,0.005331,-0.979308,0.888519,-0.062226,-0.947319,0.720049,0.061377,-0.643439,1.055418,0.050837,-0.599458,0.877059,-0.000331,-0.638578,0.704310
0.071834,-0.797174,0.775344,0.038033,-0.910169,0.643777,-0.069752,-0.876215,0.357249,-0.029294,-0.741570,0.072594,0.070595,-0.679310,0.643882,0.084168,-0.720793,0.340855,0.142051,-0.770809,0.033056,0.083158,-0.798360,0.828275,0.019172,-0.924478,1.062835,0.008756,-0.983951,0.888871,-0.059131,-0.953805,0.720198,0.060568,-0.646637,1.055438,0.050450,-0.603019,0.876966,0.000119,-0.644204,0.704451
0.073225,-0.800227,0.775424,0.041542,-0.913445,0.643555,-0.069282,-0.884140,0.357739,-0.037267,-0.754544,0.069660,0.069520,-0.681968,0.644388,0.085220,-0.722644,0.341344,0.142029,-0.770749,0.033024,0.084607,-0.801344,0.828343,0.021975,-0.928220,1.062861,0.012228,-0.988548,0.889152,-0.055963,-0.960185,0.720297,0.059715,-0.649859,1.055414,0.049936,-0.606596,0.876836,0.000521,-0.649560,0.704490
0.074538,-0.803236,0.775393,0.044540,-0.916612,0.643338,-0.070008,-0.890752,0.358855,-0.043428,-0.768238,0.067127,0.068515,-0.684660,0.644744,0.085578,-0.724410,0.341638,0.142008,-0.770771,0.032972,0.085969,-0.804282,0.828303,0.024691,-0.931929,1.062761,0.015768,-0.993073,0.889293,-0.052723,-0.966365,0.720290,0.058780,-0.653095,1.055301,0.049161,-0.610199,0.876626,0.000761,-0.654385,0.704301
0.075768,-0.806249,0.775540,0.047388,-0.919785,0.643317,-0.069725,-0.897791,0.359692,-0.048629,-0.781945,0.064801,0.067679,-0.687465,0.645196,0.085525,-0.726090,0.341977,0.141972,-0.770723,0.033054,0.087230,-0.807208,0.828444,0.027260,-0.935530,1.062873,0.019103,-0.997328,0.889599,-0.049691,-0.972136,0.720489,0.057766,-0.656284,1.055328,0.048065,-0.613828,0.876553,0.000736,-0.658581,0.704077
0.076957,-0.809263,0.775775,0.050162,-0.922949,0.643394,-0.068873,-0.905030,0.360391,-0.053201,-0.795686,0.062690,0.066927,-0.690337,0.645696,0.085246,-0.727747,0.342340,0.141884,-0.770669,0.033206,0.088439,-0.810129,0.828675,0.029755,-0.939073,1.063091,0.022341,-1.001441,0.889988,-0.046745,-0.977696,0.720791,0.056710,-0.659465,1.055425,0.046813,-0.617488,0.876547,0.000579,-0.662472,0.703835
0.077916,-0.812317,0.776229,0.053201,-0.926509,0.643815,-0.064599,-0.912694,0.359845,-0.058006,-0.803195,0.061856,0.066127,-0.693672,0.646046,0.085058,-0.729655,0.342541,0.141916,-0.770697,0.033192,0.089417,-0.812982,0.829128,0.031857,-0.942415,1.063555,0.025387,-1.005307,0.890604,-0.043878,-0.982771,0.721313,0.055381,-0.662503,1.055666,0.045296,-0.621162,0.876648,-0.000016,-0.665631,0.703560
0.078846,-0.815448,0.776749,0.056205,-0.930190,0.644390,-0.060622,-0.921569,0.359613,-0.061583,-0.813352,0.061084,0.065354,-0.697189,0.646381,0.084728,-0.731622,0.342710,0.141906,-0.770708,0.033167,0.090336,-0.815892,0.829653,0.033879,-0.945791,1.064091,0.028380,-1.009134,0.891270,-0.041050,-0.987727,0.721900,0.054006,-0.665622,1.055973,0.043646,-0.624909,0.876827,-0.000808,-0.668819,0.703373
0.079721,-0.818734,0.777399,0.059130,-0.934152,0.645267,-0.057081,-0.932765,0.359971,-0.062480,-0.827098,0.060585,0.064634,-0.701043,0.646683,0.084156,-0.733707,0.342811,0.141907,-0.770713,0.033123,0.091138,-0.818917,0.830321,0.035741,-0.949245,1.064774,0.031248,-1.012903,0.892040,-0.038337,-0.992470,0.722615,0.052541,-0.668865,1.056415,0.041718,-0.628772,0.877155,-0.002015,-0.672054,0.703361
0.080535,-0.822151,0.777998,0.061928,-0.938167,0.646073,-0.052904,-0.942888,0.360189,-0.062285,-0.842338,0.059145,0.063825,-0.705009,0.646983,0.083539,-0.735839,0.342916,0.141921,-0.770705,0.033102,0.091904,-0.822086,0.830931,0.037655,-0.952839,1.065416,0.034141,-1.016702,0.892734,-0.035706,-0.997151,0.723316,0.051155,-0.672289,1.056822,0.039729,-0.632663,0.877495,-0.003408,-0.675686,0.703488
0.081319,-0.825633,0.778571,0.064668,-0.942194,0.646843,-0.048340,-0.952408,0.360350,-0.061242,-0.858323,0.057351,0.062975,-0.709041,0.647282,0.082867,-0.738006,0.343025,0.141868,-0.770699,0.033096,0.092650,-0.825329,0.831512,0.039597,-0.956498,1.066038,0.037047,-1.020505,0.893392,-0.033113,-1.001794,0.724011,0.049807,-0.675818,1.057212,0.037711,-0.636588,0.877842,-0.004899,-0.679533,0.703685
0.081836,-0.829251,0.779058,0.066788,-0.946146,0.647418,-0.044046,-0.961291,0.360308,-0.059617,-0.875088,0.055100,0.062346,-0.713037,0.647594,0.082273,-0.740108,0.343151,0.141913,-0.770716,0.033134,0.093089,-0.828762,0.832015,0.041190,-0.960242,1.066625,0.039622,-1.024254,0.893968,-0.030773,-1.006185,0.724613,0.048417,-0.679479,1.057518,0.035728,-0.640458,0.878143,-0.006399,-0.683690,0.703939
0.082288,-0.832869,0.779513,0.068758,-0.950033,0.647935,-0.039842,-0.970033,0.360298,-0.057544,-0.892095,0.052991,0.061829,-0.716991,0.647892,0.081756,-0.742181,0.343274,0.141900,-0.770727,0.033161,0.093435,-0.832220,0.832490,0.042683,-0.964027,1.067165,0.042074,-1.027939,0.894464,-0.028579,-1.010453,0.725156,0.047084,-0.683215,1.057845,0.033692,-0.644237,0.878513,-0.008009,-0.687817,0.704293
0.082613,-0.836489,0.779901,0.070422,-0.953814,0.648334,-0.035953,-0.978575,0.360294,-0.055020,-0.909490,0.050955,0.061529,-0.720843,0.648163,0.081447,-0.744173,0.343387,0.141893,-0.770698,0.033152,0.093600,-0.835724,0.832911,0.043976,-0.967905,1.067614,0.044279,-1.031520,0.894801,-0.026679,-1.014499,0.725574,0.045865,-0.687069,1.058219,0.031545,-0.647801,0.879023,-0.009836,-0.691852,0.704846
0.082784,-0.840121,0.780176,0.071771,-0.957514,0.648567,-0.032105,-0.986786,0.360161,-0.051342,-0.927609,0.048780,0.061100,-0.724618,0.648402,0.081205,-0.746143,0.343495,0.141891,-0.770664,0.033142,0.093638,-0.839282,0.833211,0.045007,-0.971939,1.067851,0.046261,-1.035251,0.894929,-0.024897,-1.018594,0.725751,0.044584,-0.691095,1.058553,0.029552,-0.651411,0.879508,-0.011634,-0.695633,0.705327
0.082879,-0.843760,0.780393,0.072962,-0.961171,0.648719,-0.028278,-0.994853,0.360007,-0.047240,-0.946071,0.046805,0.060606,-0.728358,0.648625,0.080984,-0.748100,0.343605,0.141869,-0.770624,0.033138,0.093613,-0.842868,0.833452,0.045910,-0.976047,1.067982,0.048134,-1.039049,0.894955,-0.023172,-1.022707,0.725809,0.043275,-0.695210,1.058864,0.027633,-0.655051,0.879978,-0.013423,-0.699299,0.705773
0.082687,-0.847594,0.780414,0.073575,-0.964940,0.648636,-0.024655,-1.004402,0.359858,-0.039871,-0.966511,0.044947,0.059753,-0.732203,0.648758,0.080638,-0.750141,0.343651,0.141885,-0.770643,0.033115,0.093379,-0.846696,0.833482,0.046850,-0.980566,1.067852,0.049771,-1.043178,0.894694,-0.021474,-1.027164,0.725489,0.042253,-0.699740,1.059181,0.025846,-0.658883,0.880521,-0.015229,-0.702698,0.706212
0.082465,-0.851511,0.780416,0.074083,-0.968761,0.648515,-0.021036,-1.014285,0.359815,-0.031990,-0.986960,0.043634,0.058929,-0.736101,0.648888,0.080261,-0.752180,0.343700,0.141872,-0.770627,0.033107,0.093118,-0.850618,0.833492,0.047670,-0.985173,1.067679,0.051220,-1.047398,0.894392,-0.019872,-1.031710,0.725092,0.041259,-0.704368,1.059486,0.024127,-0.662778,0.881065,-0.017055,-0.706064,0.706648
0.082179,-0.855589,0.780378,0.074380,-0.972691,0.648319,-0.017411,-1.024735,0.359858,-0.022705,-1.007314,0.042833,0.058164,-0.740099,0.649015,0.079850,-0.754214,0.343748,0.141860,-0.770548,0.033116,0.092804,-0.854730,0.833461,0.048245,-0.989973,1.067420,0.052292,-1.051822,0.894010,-0.018466,-1.036457,0.724542,0.040317,-0.709192,1.059774,0.022549,-0.666781,0.881607,-0.018910,-0.709344,0.707079
0.081748,-0.859916,0.780300,0.074248,-0.976829,0.648061,-0.014028,-1.035555,0.359991,-0.012194,-1.027641,0.042550,0.057526,-0.744270,0.649117,0.079471,-0.756321,0.343778,0.141837,-0.770514,0.033111,0.092350,-0.859114,0.833388,0.048640,-0.995034,1.067112,0.053189,-1.056530,0.893589,-0.017222,-1.041522,0.723947,0.039460,-0.714276,1.060059,0.021078,-0.671063,0.882147,-0.020693,-0.712784,0.707490
0.081245,-0.864367,0.780202,0.073901,-0.981071,0.647774,-0.010843,-1.046618,0.360303,-0.001230,-1.048244,0.042911,0.056950,-0.748528,0.649208,0.079110,-0.758463,0.343807,0.141815,-0.770503,0.033116,0.091828,-0.863634,0.833295,0.048947,-1.000223,1.066779,0.053999,-1.061376,0.893148,-0.016055,-1.046740,0.723328,0.038645,-0.719488,1.060342,0.019660,-0.675485,0.882687,-0.022442,-0.716306,0.707897
0.080652,-0.869247,0.779943,0.072969,-0.985579,0.647206,-0.008155,-1.057471,0.360393,0.010968,-1.068567,0.043626,0.056731,-0.752989,0.649253,0.078937,-0.760674,0.343797,0.141821,-0.770532,0.033063,0.091232,-0.868653,0.833038,0.048989,-1.005896,1.066249,0.054591,-1.066716,0.892516,-0.015191,-1.052468,0.722554,0.038093,-0.725168,1.060518,0.018382,-0.680123,0.883204,-0.024122,-0.719949,0.708282
0.079983,-0.874265,0.779631,0.071934,-0.990167,0.646538,-0.005780,-1.068062,0.360508,0.022882,-1.088633,0.044940,0.056499,-0.757530,0.649290,0.078814,-0.762923,0.343799,0.141836,-0.770547,0.033027,0.090554,-0.873832,0.832729,0.048923,-1.011726,1.065660,0.055081,-1.072209,0.891827,-0.014439,-1.058309,0.721729,0.037604,-0.731000,1.060670,0.017173,-0.684961,0.883694,-0.025759,-0.723759,0.708645
0.079158,-0.879560,0.779214,0.070691,-0.994918,0.645671,-0.003834,-1.077988,0.360380,0.034694,-1.107561,0.046587,0.056241,-0.762231,0.649309,0.078779,-0.765248,0.343810,0.141852,-0.770534,0.032995,0.089710,-0.879330,0.832316,0.048641,-1.017874,1.064956,0.055365,-1.078016,0.891022,-0.013917,-1.064388,0.720805,0.037246,-0.737138,1.060775,0.016108,-0.690194,0.884120,-0.027304,-0.727897,0.708950
0.078163,-0.885220,0.778721,0.069374,-1.000005,0.644681,-0.001145,-1.086653,0.359534,0.046266,-1.125072,0.047926,0.055949,-0.767281,0.649251,0.078861,-0.767757,0.343775,0.141844,-0.770507,0.032902,0.088684,-0.885205,0.831830,0.048182,-1.024382,1.064184,0.055413,-1.084175,0.890149,-0.013629,-1.070760,0.719818,0.036964,-0.743626,1.060843,0.015113,-0.695800,0.884512,-0.028895,-0.732435,0.709265
0.077084,-0.891062,0.778190,0.068023,-1.005259,0.643633,0.001754,-1.094757,0.358416,0.057107,-1.142045,0.049348,0.055643,-0.772509,0.649157,0.079017,-0.770366,0.343732,0.141851,-0.770482,0.032810,0.087566,-0.891269,0.831306,0.047633,-1.031071,1.063377,0.055342,-1.090513,0.889239,-0.013455,-1.077282,0.718797,0.036718,-0.750294,1.060891,0.014154,-0.701595,0.884889,-0.030504,-0.737174,0.709589
0.075802,-0.897618,0.777379,0.066495,-1.010762,0.641882,0.007234,-1.099747,0.355007,0.065009,-1.155988,0.047904,0.055484,-0.778021,0.649135,0.079388,-0.773126,0.343796,0.141838,-0.770493,0.032798,0.086251,-0.898157,0.830497,0.046677,-1.038371,1.062376,0.054808,-1.097533,0.888161,-0.013626,-1.084253,0.717576,0.036554,-0.757556,1.060564,0.013529,-0.707909,0.884887,-0.031841,-0.742427,0.709557
0.074491,-0.904365,0.776585,0.064963,-1.016565,0.640261,0.012266,-1.104652,0.351846,0.070254,-1.168602,0.046314,0.055254,-0.783846,0.649044,0.079636,-0.776038,0.343816,0.141837,-0.770519,0.032797,0.084915,-0.905208,0.829703,0.045609,-1.045800,1.061393,0.054106,-1.104681,0.887099,-0.013974,-1.091300,0.716381,0.036362,-0.764949,1.060223,0.012939,-0.714332,0.884875,-0.033159,-0.747803,0.709532
0.073122,-0.911494,0.775824,0.063403,-1.022972,0.638875,0.016759,-1.109180,0.348849,0.071938,-1.178731,0.044036,0.054871,-0.790279,0.648804,0.079610,-0.779224,0.343717,0.141816,-0.770541,0.032765,0.083537,-0.912582,0.828937,0.044329,-1.053484,1.060452,0.053077,-1.112084,0.886074,-0.014677,-1.098490,0.715244,0.036127,-0.772598,1.059861,0.012419,-0.720972,0.884846,-0.034448,-0.753425,0.709516
0.071808,-0.919122,0.775270,0.062229,-1.030566,0.638253,0.020757,-1.113318,0.346433,0.071692,-1.183573,0.041045,0.054114,-0.797883,0.648186,0.078337,-0.782805,0.343238,0.141825,-0.770517,0.032674,0.082206,-0.920266,0.828386,0.042949,-1.061408,1.059744,0.051804,-1.119746,0.885283,-0.015658,-1.105884,0.714360,0.035683,-0.780494,1.059618,0.011826,-0.727956,0.884895,-0.035687,-0.759535,0.709579
0.070521,-0.926999,0.774819,0.061246,-1.038757,0.638017,0.024662,-1.117241,0.344368,0.070907,-1.185784,0.037842,0.053168,-0.806072,0.647379,0.076456,-0.786577,0.342615,0.141882,-0.770474,0.032642,0.080899,-0.928104,0.827942,0.041519,-1.069451,1.059152,0.050409,-1.127537,0.884608,-0.016775,-1.113379,0.713602,0.035132,-0.788515,1.059435,0.011199,-0.735114,0.884983,-0.036896,-0.765889,0.709683
0.069344,-0.934910,0.773825,0.059629,-1.046259,0.636721,0.022091,-1.121727,0.342407,0.071193,-1.186482,0.035562,0.052664,-0.813561,0.646693,0.076079,-0.790241,0.342213,0.141891,-0.770443,0.032533,0.079660,-0.936173,0.826955,0.040123,-1.077750,1.057997,0.048710,-1.135510,0.883331,-0.018327,-1.120854,0.712311,0.034528,-0.796797,1.058696,0.010727,-0.742324,0.884558,-0.037853,-0.772396,0.709270
0.068201,-0.942915,0.772951,0.057900,-1.054129,0.635782,0.019308,-1.126378,0.340801,0.071447,-1.187038,0.033691,0.052139,-0.821404,0.645892,0.075403,-0.794023,0.341747,0.141910,-0.770428,0.032480,0.078503,-0.944263,0.826083,0.038724,-1.086073,1.056941,0.046931,-1.143502,0.882148,-0.020004,-1.128303,0.711138,0.033870,-0.805107,1.058048,0.010334,-0.749528,0.884223,-0.038639,-0.778924,0.708929
0.067129,-0.951108,0.772322,0.055941,-1.062736,0.635559,0.016097,-1.131371,0.339886,0.071639,-1.187352,0.032552,0.051567,-0.829949,0.644861,0.074118,-0.798033,0.341114,0.141925,-0.770435,0.032467,0.077511,-0.952397,0.825441,0.037325,-1.094447,1.056083,0.044993,-1.151532,0.881155,-0.021929,-1.135698,0.710200,0.033110,-0.813471,1.057581,0.010095,-0.756716,0.884065,-0.039094,-0.785492,0.708729
0.066059,-0.959821,0.771850,0.053981,-1.072543,0.636058,0.014236,-1.136544,0.339337,0.071591,-1.187702,0.031545,0.050908,-0.839674,0.643368,0.071596,-0.802371,0.340114,0.141888,-0.770439,0.032458,0.076560,-0.960875,0.824955,0.035881,-1.103077,1.055418,0.042966,-1.159887,0.880377,-0.024039,-1.143310,0.709525,0.032503,-0.822091,1.057240,0.009964,-0.764319,0.883997,-0.039308,-0.792442,0.708578
0.064991,-0.968794,0.771458,0.052017,-1.082937,0.636936,0.013182,-1.141808,0.339034,0.071690,-1.188087,0.030728,0.050195,-0.850001,0.641656,0.068545,-0.806874,0.339037,0.142004,-0.770470,0.032643,0.075631,-0.969527,0.824542,0.034416,-1.111835,1.054847,0.040893,-1.168400,0.879704,-0.026240,-1.151025,0.708982,0.031982,-0.830841,1.056958,0.009899,-0.772132,0.883972,-0.039392,-0.799583,0.708453
0.063978,-0.977909,0.771189,0.050103,-1.093715,0.638186,0.011473,-1.147195,0.339242,0.071536,-1.188217,0.030520,0.049940,-0.860743,0.639786,0.065516,-0.811547,0.337952,0.141866,-0.770551,0.032863,0.074612,-0.978259,0.824279,0.032652,-1.120733,1.054350,0.038316,-1.177047,0.879102,-0.028741,-1.158820,0.708436,0.031223,-0.839734,1.056828,0.010057,-0.780407,0.883937,-0.038900,-0.806810,0.708164
0.063027,-0.987061,0.770905,0.048127,-1.104448,0.639405,0.010104,-1.152499,0.339459,0.071573,-1.188286,0.030390,0.049857,-0.871493,0.637959,0.062832,-0.816248,0.337065,0.141874,-0.770675,0.033323,0.073661,-0.987047,0.823993,0.030853,-1.129669,1.053821,0.035712,-1.185744,0.878474,-0.031247,-1.166663,0.707863,0.030523,-0.848669,1.056667,0.010359,-0.788804,0.883841,-0.038249,-0.814254,0.707830
0.062202,-0.996289,0.770589,0.046037,-1.115113,0.640537,0.009241,-1.157689,0.339604,0.071631,-1.188307,0.030189,0.050133,-0.882237,0.636193,0.060676,-0.820993,0.336383,0.141852,-0.770811,0.033931,0.072840,-0.995947,0.823672,0.028968,-1.138685,1.053232,0.033043,-1.194546,0.877799,-0.033769,-1.174605,0.707233,0.029928,-0.857689,1.056448,0.010938,-0.797442,0.883620,-0.037294,-0.822125,0.707396
0.061620,-1.005586,0.770234,0.044215,-1.125553,0.641398,0.008480,-1.162769,0.339620,0.071676,-1.188328,0.029934,0.050355,-0.892788,0.634687,0.059305,-0.825859,0.336055,0.141853,-0.770975,0.034776,0.072337,-1.004999,0.823294,0.026950,-1.147835,1.052503,0.030417,-1.203464,0.876986,-0.036246,-1.182483,0.706488,0.029532,-0.866854,1.056150,0.011760,-0.806244,0.883320,-0.036102,-0.830975,0.707002
0.061160,-1.014918,0.769860,0.042526,-1.135875,0.642129,0.007832,-1.167797,0.339614,0.071841,-1.188356,0.029748,0.050545,-0.903244,0.633312,0.058385,-0.830802,0.335948,0.141986,-0.771185,0.035836,0.071992,-1.014129,0.822888,0.024854,-1.157039,1.051702,0.027806,-1.212426,0.876100,-0.038691,-1.190312,0.705681,0.029229,-0.876087,1.055809,0.012707,-0.815131,0.882976,-0.034793,-0.840320,0.706626
0.061008,-1.023975,0.769636,0.041522,-1.144924,0.642023,0.005737,-1.172473,0.339200,0.071813,-1.188381,0.029535,0.050920,-0.912351,0.633006,0.059183,-0.835876,0.336669,0.141831,-0.772033,0.037106,0.071880,-1.023267,0.822655,0.022403,-1.166255,1.050931,0.024927,-1.221434,0.875259,-0.041264,-1.197919,0.704905,0.028880,-0.885356,1.055609,0.013768,-0.824057,0.882769,-0.033226,-0.850485,0.706464
0.060915,-1.032959,0.769521,0.040647,-1.153574,0.641712,0.003404,-1.176995,0.338711,0.071845,-1.188397,0.029407,0.051557,-0.921051,0.633065,0.060293,-0.840859,0.337730,0.141785,-0.773121,0.038648,0.071747,-1.032423,0.822549,0.019762,-1.175442,1.050255,0.021879,-1.230454,0.874528,-0.043741,-1.205466,0.704160,0.028491,-0.894616,1.055519,0.014837,-0.833048,0.882655,-0.031554,-0.860733,0.706383
0.060942,-1.041799,0.769623,0.040038,-1.161428,0.640993,0.000520,-1.181214,0.338014,0.071844,-1.188369,0.029289,0.052721,-0.928941,0.633865,0.061956,-0.845631,0.339410,0.141818,-0.774625,0.040586,0.071574,-1.041613,0.822697,0.016759,-1.184594,1.049770,0.018494,-1.239527,0.874018,-0.046049,-1.212925,0.703477,0.028039,-0.903875,1.055660,0.015921,-0.842163,0.882733,-0.029672,-0.871131,0.706459
0.061012,-1.050364,0.769914,0.039806,-1.168977,0.640397,-0.001685,-1.185199,0.337465,0.071826,-1.188350,0.029228,0.053991,-0.936532,0.634869,0.062401,-0.850354,0.341212,0.142596,-0.777661,0.042857,0.071316,-1.050540,0.823055,0.013583,-1.193544,1.049398,0.014798,-1.248426,0.873631,-0.048418,-1.220385,0.702823,0.027497,-0.912964,1.056063,0.016963,-0.851412,0.882976,-0.027772,-0.881137,0.706608
0.061103,-1.058791,0.770297,0.039771,-1.176370,0.639867,-0.003531,-1.189050,0.337014,0.071830,-1.188305,0.029247,0.055313,-0.943979,0.635988,0.062230,-0.855029,0.343111,0.143687,-0.781523,0.045288,0.071013,-1.059336,0.823513,0.010329,-1.202381,1.049067,0.010945,-1.257210,0.873286,-0.050816,-1.227837,0.702171,0.026916,-0.921973,1.056597,0.017980,-0.860734,0.883310,-0.025884,-0.890950,0.706807
0.061256,-1.066535,0.770715,0.039963,-1.183244,0.639508,-0.004387,-1.192553,0.336678,0.071842,-1.188302,0.029178,0.056383,-0.950902,0.637019,0.058841,-0.859508,0.344802,0.147647,-0.789742,0.048297,0.070756,-1.067401,0.824003,0.007509,-1.210649,1.048736,0.007178,-1.265450,0.872951,-0.053278,-1.234875,0.701586,0.026459,-0.930422,1.057269,0.019249,-0.869942,0.883635,-0.023844,-0.900052,0.706923
0.061346,-1.074142,0.771140,0.040063,-1.190157,0.639325,-0.004753,-1.195988,0.336470,0.071882,-1.188268,0.029155,0.057420,-0.957878,0.637929,0.057054,-0.864726,0.346230,0.152840,-0.799710,0.050972,0.070495,-1.075279,0.824484,0.004896,-1.218710,1.048439,0.003533,-1.273539,0.872674,-0.055692,-1.241858,0.701084,0.026156,-0.938683,1.057961,0.020596,-0.879090,0.883958,-0.021842,-0.909154,0.707080
0.061307,-1.081474,0.771579,0.039962,-1.197155,0.639483,-0.004174,-1.199327,0.336473,0.071928,-1.188242,0.029129,0.058387,-0.964956,0.638561,0.058508,-0.871528,0.346916,0.161087,-0.812102,0.052972,0.070230,-1.082785,0.824957,0.002682,-1.226378,1.048241,0.000134,-1.281378,0.872548,-0.058016,-1.248752,0.700769,0.026150,-0.946562,1.058691,0.022102,-0.888107,0.884260,-0.019890,-0.918250,0.707289
0.061328,-1.088639,0.772109,0.040003,-1.203960,0.639696,-0.003406,-1.202586,0.336571,0.071962,-1.188249,0.029176,0.059084,-0.971812,0.639351,0.060087,-0.878892,0.347519,0.172777,-0.826643,0.056092,0.070106,-1.090125,0.825506,0.000743,-1.233799,1.048194,-0.002890,-1.289030,0.872598,-0.060155,-1.255850,0.700629,0.026231,-0.954192,1.059440,0.023546,-0.896904,0.884595,-0.018109,-0.927393,0.707603
0.061377,-1.095720,0.772684,0.040115,-1.210668,0.639937,-0.002543,-1.205806,0.336737,0.071993,-1.188270,0.029297,0.059646,-0.978556,0.640221,0.061739,-0.886544,0.348085,0.185996,-0.842451,0.060178,0.070053,-1.097381,0.826093,-0.001056,-1.241089,1.048221,-0.005729,-1.296577,0.872735,-0.062214,-1.263044,0.700578,0.026359,-0.961697,1.060197,0.024952,-0.905596,0.884951,-0.016429,-0.936563,0.707979
0.061429,-1.102517,0.773093,0.040092,-1.217228,0.640149,-0.001515,-1.208899,0.336874,0.071992,-1.188286,0.029364,0.060109,-0.985157,0.640801,0.062795,-0.894567,0.348221,0.202760,-0.860715,0.066323,0.070050,-1.104299,0.826506,-0.002277,-1.247980,1.048265,-0.007766,-1.303664,0.872865,-0.064238,-1.270292,0.700680,0.026709,-0.968771,1.060762,0.026054,-0.913483,0.885252,-0.015663,-0.945271,0.708504
0.061441,-1.109182,0.773429,0.039978,-1.223653,0.640297,-0.000535,-1.211928,0.336980,0.072016,-1.188297,0.029450,0.060540,-0.991632,0.641306,0.063807,-0.902730,0.348209,0.219572,-0.880070,0.073697,0.070022,-1.111081,0.826844,-0.003387,-1.254723,1.048279,-0.009596,-1.310548,0.872947,-0.066313,-1.277396,0.700805,0.027079,-0.975695,1.061254,0.026968,-0.921033,0.885546,-0.015273,-0.953669,0.709077
0.061376,-1.115583,0.773621,0.039685,-1.229810,0.640314,0.000326,-1.214825,0.336983,0.072050,-1.188302,0.029490,0.060908,-0.997851,0.641662,0.064729,-0.911166,0.347900,0.236843,-0.901431,0.082651,0.069942,-1.117591,0.827035,-0.004279,-1.261179,1.048236,-0.011005,-1.317049,0.872933,-0.068472,-1.284235,0.700976,0.027489,-0.982316,1.061600,0.027525,-0.927898,0.885816,-0.015597,-0.961449,0.709732
0.061160,-1.121639,0.773739,0.039192,-1.235601,0.640248,0.000976,-1.217531,0.336933,0.072055,-1.188297,0.029532,0.061282,-1.003725,0.641948,0.065889,-0.920708,0.347138,0.253046,-0.923993,0.092200,0.069691,-1.123761,0.827154,-0.005098,-1.267324,1.048178,-0.012245,-1.323152,0.872874,-0.070662,-1.290656,0.701175,0.027983,-0.988635,1.061946,0.027704,-0.934198,0.886169,-0.016348,-0.968601,0.710479
0.060870,-1.127523,0.773820,0.038600,-1.241207,0.640141,0.001534,-1.220147,0.336869,0.072070,-1.188293,0.029600,0.061659,-1.009427,0.642200,0.067157,-0.930824,0.346199,0.268341,-0.946875,0.102760,0.069354,-1.129761,0.827237,-0.005881,-1.273315,1.048112,-0.013401,-1.329059,0.872791,-0.072862,-1.296875,0.701390,0.028518,-0.994808,1.062292,0.027694,-0.940215,0.886566,-0.017303,-0.975436,0.711280
0.060377,-1.133105,0.773811,0.037775,-1.246626,0.640047,0.002127,-1.222599,0.336817,0.072031,-1.188257,0.029666,0.062203,-1.014986,0.642236,0.069726,-0.943871,0.344399,0.281345,-0.971024,0.110977,0.068765,-1.135422,0.827239,-0.006763,-1.278923,1.048043,-0.014531,-1.334517,0.872679,-0.075034,-1.302501,0.701611,0.029048,-1.000614,1.062583,0.027394,-0.945728,0.886956,-0.018317,-0.981290,0.711923
0.059827,-1.138644,0.773767,0.036807,-1.252059,0.639982,0.002811,-1.225046,0.336805,0.072027,-1.188258,0.029773,0.062811,-1.020587,0.642179,0.072807,-0.957892,0.342535,0.293072,-0.995317,0.118678,0.068126,-1.141020,0.827207,-0.007668,-1.284385,1.048000,-0.015726,-1.339811,0.872591,-0.077193,-1.307855,0.701856,0.029645,-1.006290,1.062814,0.027143,-0.951121,0.887287,-0.019251,-0.986859,0.712471
0.059163,-1.144098,0.773657,0.035551,-1.257517,0.639976,0.003652,-1.227479,0.336843,0.072049,-1.188332,0.029910,0.063551,-1.026272,0.641932,0.076907,-0.973830,0.340462,0.302891,-1.020574,0.124071,0.067389,-1.146490,0.827106,-0.008617,-1.289555,1.048016,-0.017054,-1.344772,0.872554,-0.079336,-1.312646,0.702146,0.030379,-1.011697,1.062926,0.026989,-0.956277,0.887496,-0.020038,-0.991869,0.712819
0.058370,-1.149485,0.773477,0.034078,-1.262859,0.639877,0.004539,-1.229814,0.336805,0.072064,-1.188355,0.029973,0.064349,-1.031892,0.641651,0.081726,-0.991145,0.338589,0.310635,-1.045947,0.127111,0.066527,-1.151890,0.826936,-0.009515,-1.294523,1.048108,-0.018584,-1.349445,0.872584,-0.081415,-1.316896,0.702457,0.031234,-1.016914,1.062925,0.027002,-0.961295,0.887577,-0.020714,-0.996521,0.713012
0.057514,-1.154838,0.773263,0.032498,-1.268138,0.639732,0.005477,-1.232124,0.336749,0.072126,-1.188392,0.030034,0.065175,-1.037492,0.641359,0.086822,-1.009244,0.337159,0.317188,-1.071677,0.129304,0.065602,-1.157254,0.826732,-0.010385,-1.299396,1.048236,-0.020212,-1.353973,0.872644,-0.083454,-1.320866,0.702778,0.032151,-1.022047,1.062865,0.027101,-0.966250,0.887597,-0.021329,-1.000991,0.713132
0.056770,-1.160060,0.772983,0.030634,-1.273191,0.639522,0.005879,-1.234339,0.336677,0.072090,-1.188506,0.030169,0.066570,-1.043020,0.641011,0.092590,-1.029267,0.336179,0.320806,-1.096130,0.127234,0.064772,-1.162487,0.826465,-0.011329,-1.303864,1.048417,-0.021990,-1.358040,0.872749,-0.085476,-1.323967,0.703166,0.033365,-1.026834,1.062631,0.027639,-0.970911,0.887425,-0.021568,-1.005021,0.713052
0.056074,-1.165256,0.772672,0.028723,-1.278233,0.639323,0.006292,-1.236543,0.336652,0.072098,-1.188611,0.030372,0.068104,-1.048616,0.640596,0.098014,-1.049666,0.335845,0.322859,-1.119836,0.124283,0.063979,-1.167681,0.826170,-0.012323,-1.308235,1.048571,-0.023740,-1.362001,0.872825,-0.087406,-1.326838,0.703532,0.034669,-1.031565,1.062346,0.028261,-0.975508,0.887207,-0.021760,-1.008929,0.712933
0.055472,-1.170400,0.772300,0.026716,-1.283259,0.639147,0.006672,-1.238692,0.336691,0.072097,-1.188637,0.030658,0.069916,-1.054320,0.640035,0.102887,-1.070594,0.336074,0.321848,-1.141677,0.118727,0.063260,-1.172800,0.825816,-0.013424,-1.312404,1.048679,-0.025445,-1.365754,0.872847,-0.089167,-1.329262,0.703855,0.036151,-1.036162,1.061965,0.029044,-0.979967,0.886898,-0.021869,-1.012602,0.712733
0.055085,-1.175446,0.771962,0.024672,-1.288364,0.639227,0.006925,-1.240950,0.337029,0.072033,-1.188866,0.031245,0.072071,-1.060246,0.639296,0.107741,-1.090598,0.336754,0.317874,-1.161922,0.110926,0.062769,-1.177765,0.825495,-0.014578,-1.316362,1.048751,-0.027008,-1.369343,0.872835,-0.090719,-1.331470,0.704142,0.037775,-1.040614,1.061593,0.030012,-0.984308,0.886590,-0.021719,-1.016170,0.712523
0.054806,-1.180444,0.771640,0.022605,-1.293488,0.639435,0.007174,-1.243276,0.337527,0.072051,-1.189232,0.032008,0.074382,-1.066315,0.638478,0.112157,-1.110148,0.337860,0.310790,-1.182840,0.102257,0.062394,-1.182652,0.825189,-0.015754,-1.320210,1.048803,-0.028490,-1.372846,0.872805,-0.092142,-1.333570,0.704411,0.039471,-1.045006,1.061224,0.031077,-0.988592,0.886286,-0.021429,-1.019677,0.712311
0.054962,-1.185381,0.771207,0.020759,-1.298700,0.639743,0.007788,-1.245752,0.338154,0.071885,-1.190045,0.032735,0.077209,-1.072641,0.637368,0.117457,-1.126471,0.338692,0.299646,-1.201302,0.090747,0.062478,-1.187432,0.824770,-0.016869,-1.323910,1.048619,-0.029828,-1.376125,0.872510,-0.093264,-1.335519,0.704346,0.041427,-1.049330,1.060733,0.032341,-0.992815,0.885865,-0.020984,-1.023326,0.712037
0.055248,-1.190404,0.770695,0.019147,-1.304085,0.640053,0.008737,-1.248405,0.338825,0.071825,-1.191096,0.033455,0.080171,-1.079227,0.636099,0.122296,-1.141917,0.339391,0.285368,-1.220500,0.079522,0.062638,-1.192256,0.824279,-0.017987,-1.327581,1.048365,-0.031184,-1.379419,0.872162,-0.094348,-1.337501,0.704216,0.043396,-1.053664,1.060130,0.033708,-0.997075,0.885319,-0.020465,-1.027044,0.711659
0.055792,-1.195600,0.770023,0.018006,-1.309857,0.640364,0.010256,-1.251369,0.339562,0.071779,-1.192501,0.034126,0.083431,-1.086270,0.634500,0.126994,-1.155519,0.339433,0.267692,-1.238187,0.067915,0.062951,-1.197163,0.823642,-0.019119,-1.331202,1.047974,-0.032599,-1.382746,0.871705,-0.095399,-1.339549,0.703949,0.045389,-1.057990,1.059302,0.035271,-1.001408,0.884514,-0.019818,-1.030922,0.711064
0.056727,-1.201052,0.769146,0.017198,-1.316045,0.640662,0.012122,-1.254621,0.340363,0.071667,-1.194097,0.034810,0.086971,-1.093838,0.632524,0.131262,-1.167687,0.338646,0.247103,-1.253680,0.056509,0.063651,-1.202252,0.822799,-0.020124,-1.334821,1.047374,-0.033903,-1.386236,0.871091,-0.096283,-1.341850,0.703489,0.047476,-1.062340,1.058140,0.037128,-1.005838,0.883339,-0.018951,-1.035092,0.710162
0.057859,-1.206634,0.768166,0.016545,-1.322412,0.640956,0.014263,-1.258028,0.341220,0.071718,-1.195756,0.035567,0.090632,-1.101700,0.630379,0.135279,-1.179170,0.337449,0.224539,-1.268072,0.046569,0.064547,-1.207430,0.821848,-0.021049,-1.338424,1.046661,-0.035132,-1.389793,0.870387,-0.097051,-1.344264,0.702920,0.049614,-1.066703,1.056805,0.039138,-1.010317,0.881974,-0.017966,-1.039396,0.709104
0.059552,-1.212240,0.767068,0.016220,-1.328522,0.640995,0.015171,-1.261383,0.341836,0.071457,-1.197225,0.036318,0.092951,-1.108868,0.628088,0.127701,-1.185970,0.333690,0.201359,-1.274673,0.038412,0.066263,-1.212732,0.820744,-0.021194,-1.342044,1.045819,-0.035825,-1.393281,0.869552,-0.097415,-1.346778,0.702234,0.052216,-1.071031,1.055189,0.041803,-1.014802,0.880304,-0.016162,-1.043874,0.707719
0.061414,-1.217909,0.766308,0.016115,-1.333890,0.640652,0.013953,-1.264479,0.342005,0.071369,-1.198634,0.037043,0.095136,-1.115123,0.626846,0.120933,-1.191547,0.331340,0.181775,-1.279894,0.033008,0.068237,-1.218330,0.819970,-0.021087,-1.345838,1.045348,-0.036271,-1.396942,0.869089,-0.097519,-1.349432,0.701929,0.055033,-1.075551,1.053827,0.044706,-1.019489,0.878884,-0.014039,-1.048591,0.706568
0.063612,-1.223702,0.766222,0.016465,-1.337829,0.639562,0.008240,-1.266986,0.341355,0.071131,-1.199950,0.037775,0.097105,-1.119542,0.627656,0.115877,-1.195072,0.331424,0.169803,-1.283091,0.031544,0.070721,-1.224524,0.819856,-0.020458,-1.350003,1.045635,-0.036233,-1.400988,0.869394,-0.097154,-1.352409,0.702422,0.058284,-1.080444,1.052977,0.048062,-1.024579,0.877964,-0.011321,-1.053812,0.705890
0.065949,-1.229639,0.765840,0.017093,-1.342362,0.638584,0.003293,-1.269750,0.341009,0.070859,-1.201335,0.038765,0.098613,-1.124351,0.627835,0.108353,-1.197704,0.330637,0.166370,-1.284877,0.031313,0.073405,-1.230739,0.819432,-0.018833,-1.354211,1.045894,-0.035414,-1.405018,0.869677,-0.096095,-1.355290,0.702952,0.062187,-1.085297,1.051776,0.052136,-1.029575,0.876708,-0.007689,-1.058790,0.704784
0.068355,-1.235648,0.765310,0.017860,-1.347191,0.637670,-0.001256,-1.272642,0.340872,0.070590,-1.202818,0.039950,0.099891,-1.129348,0.627725,0.099612,-1.199834,0.329679,0.167198,-1.285897,0.032176,0.076189,-1.236967,0.818850,-0.016686,-1.358439,1.046139,-0.034180,-1.409042,0.869953,-0.094654,-1.358134,0.703504,0.066419,-1.090135,1.050388,0.056567,-1.034537,0.875270,-0.003601,-1.063669,0.703452
0.070770,-1.240925,0.765019,0.020119,-1.351711,0.636815,-0.006533,-1.275608,0.341029,0.070148,-1.204794,0.041531,0.100993,-1.133366,0.628114,0.099780,-1.202052,0.329660,0.167345,-1.286185,0.031611,0.078832,-1.242445,0.818526,-0.013520,-1.363164,1.046438,-0.032240,-1.413393,0.870276,-0.092765,-1.361852,0.704039,0.069901,-1.094940,1.049648,0.060664,-1.039566,0.874425,0.000717,-1.068372,0.702474
0.073282,-1.246101,0.764873,0.022746,-1.355993,0.635905,-0.012435,-1.278506,0.341406,0.069628,-1.206868,0.043526,0.102184,-1.137038,0.628875,0.100771,-1.204208,0.330089,0.167426,-1.286515,0.031314,0.081521,-1.247863,0.818351,-0.010251,-1.367917,1.046859,-0.030058,-1.417927,0.870756,-0.090758,-1.365967,0.704712,0.073195,-1.099688,1.049042,0.064661,-1.044716,0.873655,0.005039,-1.073156,0.701530
0.075989,-1.251074,0.765018,0.026112,-1.359788,0.634880,-0.019553,-1.281277,0.342130,0.069025,-1.208802,0.046307,0.103547,-1.140016,0.630375,0.103438,-1.206205,0.331382,0.167429,-1.286865,0.031523,0.084302,-1.253164,0.818478,-0.006799,-1.372734,1.047516,-0.027414,-1.422833,0.871534,-0.088533,-1.370854,0.705648,0.076113,-1.104328,1.048718,0.068472,-1.050103,0.873056,0.009391,-1.078080,0.700669
0.078668,-1.255917,0.765329,0.029267,-1.363708,0.634331,-0.026087,-1.284222,0.343541,0.068210,-1.210367,0.049786,0.104780,-1.143199,0.631799,0.106324,-1.208206,0.332564,0.167440,-1.287001,0.031562,0.087131,-1.258271,0.818756,-0.003196,-1.377521,1.048269,-0.024044,-1.427978,0.872417,-0.085683,-1.376226,0.706650,0.078855,-1.108840,1.048578,0.072089,-1.055481,0.872613,0.013890,-1.083003,0.699853
0.081334,-1.260694,0.765721,0.032313,-1.367693,0.634028,-0.032311,-1.287363,0.345403,0.067286,-1.211797,0.053780,0.105943,-1.146495,0.633191,0.109301,-1.210189,0.333701,0.167421,-1.286966,0.031541,0.089984,-1.263278,0.819109,0.000486,-1.382289,1.049069,-0.020303,-1.433240,0.873353,-0.082514,-1.381842,0.707685,0.081499,-1.113285,1.048528,0.075604,-1.060852,0.872252,0.018475,-1.087926,0.699065
0.083816,-1.265076,0.766211,0.034844,-1.371733,0.634272,-0.035434,-1.290421,0.347242,0.066443,-1.212277,0.057023,0.106877,-1.149985,0.634189,0.110815,-1.212128,0.334389,0.167482,-1.286953,0.031443,0.092765,-1.267778,0.819543,0.004147,-1.386699,1.049883,-0.016007,-1.438425,0.874317,-0.078711,-1.387758,0.708603,0.083965,-1.117332,1.048631,0.078648,-1.065974,0.872020,0.023054,-1.092857,0.698304
0.086132,-1.269485,0.766761,0.037357,-1.376036,0.634698,-0.037092,-1.293450,0.349070,0.065746,-1.211716,0.060122,0.107578,-1.153695,0.635087,0.111524,-1.214114,0.334943,0.167518,-1.286932,0.031371,0.095364,-1.272244,0.820041,0.007753,-1.391100,1.050792,-0.011734,-1.443661,0.875397,-0.074779,-1.393828,0.709550,0.086277,-1.121349,1.048802,0.081454,-1.071062,0.871869,0.027436,-1.097885,0.697647
0.088114,-1.273949,0.767434,0.039841,-1.380858,0.635471,-0.035860,-1.296250,0.350728,0.065274,-1.209011,0.062737,0.107822,-1.157827,0.635768,0.110635,-1.216221,0.335219,0.167519,-1.286979,0.031333,0.097597,-1.276645,0.820673,0.011237,-1.395483,1.051894,-0.007524,-1.449000,0.876710,-0.070595,-1.400192,0.710557,0.088293,-1.125307,1.049114,0.083792,-1.076084,0.871875,0.031416,-1.103105,0.697183
0.089882,-1.278528,0.768110,0.042444,-1.386120,0.636389,-0.033545,-1.299052,0.352420,0.064499,-1.205590,0.065267,0.107766,-1.162310,0.636239,0.108714,-1.218411,0.335250,0.167527,-1.286985,0.031251,0.099539,-1.281067,0.821325,0.014524,-1.399828,1.053074,-0.003515,-1.454317,0.878114,-0.066456,-1.406727,0.711551,0.090100,-1.129238,1.049418,0.085758,-1.080968,0.871914,0.034761,-1.108383,0.696875
0.091542,-1.283164,0.768787,0.045113,-1.391594,0.637381,-0.030733,-1.301837,0.354159,0.063417,-1.201929,0.067839,0.107560,-1.166984,0.636608,0.106225,-1.220691,0.335192,0.167429,-1.287068,0.031204,0.101334,-1.285500,0.821987,0.017707,-1.404145,1.054290,0.000395,-1.459611,0.879565,-0.062329,-1.413335,0.712544,0.091797,-1.133151,1.049715,0.087537,-1.085782,0.871968,0.037788,-1.113683,0.696647
0.092845,-1.286920,0.769452,0.046050,-1.395102,0.637978,-0.032457,-1.306305,0.355151,0.060405,-1.205015,0.068900,0.108158,-1.170391,0.637508,0.106894,-1.222434,0.335802,0.167413,-1.287042,0.031281,0.102890,-1.289290,0.822602,0.020436,-1.407795,1.055384,0.004022,-1.464195,0.880872,-0.058251,-1.419518,0.713242,0.093459,-1.136518,1.050039,0.089220,-1.089753,0.872132,0.040033,-1.118293,0.696755
0.094057,-1.290538,0.770105,0.047042,-1.398465,0.638497,-0.033872,-1.311452,0.355742,0.056513,-1.208147,0.069429,0.108790,-1.173650,0.638428,0.107955,-1.224149,0.336459,0.167392,-1.287031,0.031346,0.104315,-1.292946,0.823212,0.022974,-1.411341,1.056431,0.007517,-1.468651,0.882127,-0.054295,-1.425687,0.713877,0.094916,-1.139783,1.050377,0.090680,-1.093535,0.872336,0.041825,-1.122821,0.696990
0.095087,-1.293880,0.770737,0.048145,-1.401535,0.638859,-0.034712,-1.317961,0.355522,0.050653,-1.211610,0.068804,0.109491,-1.176610,0.639382,0.109805,-1.225808,0.337198,0.167377,-1.287050,0.031368,0.105479,-1.296336,0.823814,0.025133,-1.414680,1.057392,0.010740,-1.472864,0.883285,-0.050603,-1.431846,0.714378,0.095977,-1.142843,1.050744,0.091702,-1.096936,0.872614,0.042713,-1.127196,0.697471
0.095986,-1.297019,0.771362,0.049297,-1.404497,0.639214,-0.034943,-1.325076,0.354952,0.043086,-1.215726,0.067287,0.110064,-1.179419,0.640289,0.111868,-1.227430,0.337920,0.167365,-1.287065,0.031361,0.106493,-1.299518,0.824413,0.026908,-1.417847,1.058249,0.013640,-1.476887,0.884339,-0.047179,-1.437927,0.714758,0.096792,-1.145768,1.051158,0.092305,-1.099926,0.873018,0.042870,-1.131144,0.698168
0.096818,-1.300056,0.771984,0.050475,-1.407402,0.639567,-0.034936,-1.332552,0.354252,0.034327,-1.220858,0.065256,0.110573,-1.182154,0.641175,0.114037,-1.229029,0.338642,0.167350,-1.287063,0.031360,0.107432,-1.302595,0.825011,0.028490,-1.420927,1.059054,0.016382,-1.480810,0.885346,-0.043867,-1.443962,0.715091,0.097482,-1.148627,1.051598,0.092696,-1.102713,0.873483,0.042663,-1.134882,0.698977
0.097568,-1.302978,0.772445,0.051772,-1.410273,0.639752,-0.034259,-1.339832,0.353352,0.023707,-1.227959,0.061956,0.110674,-1.184721,0.641913,0.115505,-1.230527,0.339238,0.167347,-1.287069,0.031406,0.108316,-1.305566,0.825442,0.029768,-1.424054,1.059533,0.018706,-1.484543,0.885964,-0.040702,-1.449724,0.714991,0.097700,-1.151491,1.051930,0.092612,-1.105288,0.873898,0.041798,-1.138177,0.699751
0.098325,-1.305895,0.772862,0.053212,-1.413221,0.639924,-0.033571,-1.347057,0.352595,0.012561,-1.236620,0.058553,0.110648,-1.187305,0.642576,0.116701,-1.232016,0.339761,0.167339,-1.287049,0.031440,0.109187,-1.308514,0.825833,0.030985,-1.427185,1.059943,0.020855,-1.488222,0.886508,-0.037666,-1.455378,0.714841,0.097831,-1.154356,1.052234,0.092378,-1.107837,0.874294,0.040764,-1.141295,0.700492
0.099095,-1.308801,0.773189,0.054940,-1.416325,0.640067,-0.032769,-1.354070,0.352046,0.000759,-1.247017,0.055053,0.110370,-1.189919,0.643084,0.117352,-1.233500,0.340128,0.167324,-1.287011,0.031420,0.110033,-1.311418,0.826144,0.032080,-1.430322,1.060216,0.022649,-1.491802,0.886898,-0.034930,-1.460839,0.714567,0.097794,-1.157220,1.052481,0.091853,-1.110333,0.874652,0.039391,-1.144057,0.701154
0.099837,-1.311578,0.773441,0.056647,-1.419326,0.640171,-0.032407,-1.361258,0.351630,-0.010915,-1.259443,0.051679,0.109982,-1.192425,0.643496,0.117665,-1.234926,0.340408,0.167305,-1.287003,0.031397,0.110840,-1.314184,0.826383,0.033094,-1.433417,1.060356,0.024173,-1.495306,0.887158,-0.032576,-1.466006,0.714266,0.097554,-1.160016,1.052688,0.091126,-1.112768,0.874971,0.037798,-1.146590,0.701757
0.100565,-1.314290,0.773655,0.058343,-1.422270,0.640256,-0.032201,-1.368545,0.351299,-0.022341,-1.273090,0.048642,0.109540,-1.194882,0.643862,0.117797,-1.236327,0.340646,0.167259,-1.287010,0.031371,0.111627,-1.316881,0.826585,0.034070,-1.436491,1.060428,0.025564,-1.498772,0.887351,-0.030406,-1.471026,0.713956,0.097211,-1.162782,1.052877,0.090297,-1.115178,0.875271,0.036092,-1.149015,0.702332
0.101184,-1.316828,0.773898,0.059901,-1.425147,0.640485,-0.032233,-1.376388,0.351184,-0.032949,-1.289397,0.045801,0.108932,-1.197281,0.644158,0.117798,-1.237681,0.340821,0.167250,-1.286991,0.031321,0.112299,-1.319373,0.826820,0.035004,-1.439488,1.060494,0.026728,-1.502093,0.887523,-0.028848,-1.475392,0.713844,0.096657,-1.165438,1.053153,0.089089,-1.117578,0.875641,0.034329,-1.151197,0.702835
0.101716,-1.319357,0.774133,0.061350,-1.428008,0.640713,-0.032043,-1.384514,0.351030,-0.042731,-1.306829,0.043314,0.108243,-1.199690,0.644441,0.117723,-1.239042,0.340987,0.167218,-1.286982,0.031277,0.112888,-1.321853,0.827046,0.035937,-1.442504,1.060558,0.027858,-1.505450,0.887703,-0.027479,-1.479656,0.713817,0.096056,-1.168111,1.053434,0.087837,-1.120028,0.876011,0.032596,-1.153401,0.703310
0.102073,-1.321867,0.774352,0.062581,-1.430846,0.640939,-0.031529,-1.393178,0.350765,-0.051211,-1.326006,0.041013,0.107391,-1.202108,0.644695,0.117520,-1.240414,0.341131,0.167193,-1.287000,0.031242,0.113314,-1.324311,0.827253,0.036864,-1.445559,1.060622,0.028918,-1.508879,0.887899,-0.026503,-1.483717,0.713951,0.095361,-1.170812,1.053728,0.086499,-1.122563,0.876379,0.030929,-1.155627,0.703725
0.102245,-1.324378,0.774585,0.063450,-1.433651,0.641212,-0.031280,-1.402939,0.350533,-0.057668,-1.346665,0.039108,0.106529,-1.204578,0.644933,0.117052,-1.241745,0.341241,0.167193,-1.286986,0.031232,0.113549,-1.326762,0.827476,0.037793,-1.448593,1.060770,0.029944,-1.512230,0.888158,-0.025902,-1.487400,0.714302,0.094642,-1.173498,1.054038,0.085145,-1.125137,0.876752,0.029346,-1.157920,0.704118
0.102324,-1.326891,0.774827,0.064141,-1.436439,0.641508,-0.031116,-1.413277,0.350419,-0.063071,-1.368034,0.037719,0.105661,-1.207075,0.645162,0.116444,-1.243057,0.341338,0.167188,-1.286958,0.031239,0.113689,-1.329210,0.827708,0.038726,-1.451613,1.060959,0.030957,-1.515538,0.888450,-0.025488,-1.490894,0.714762,0.093912,-1.176179,1.054357,0.083784,-1.127735,0.877127,0.027805,-1.160251,0.704501
0.102239,-1.329486,0.775232,0.064362,-1.439377,0.642109,-0.030846,-1.424676,0.350575,-0.065582,-1.390546,0.036763,0.105021,-1.209855,0.645377,0.115457,-1.244419,0.341376,0.167186,-1.286944,0.031257,0.113635,-1.331710,0.828111,0.039441,-1.454648,1.061327,0.031747,-1.518761,0.888885,-0.025547,-1.494017,0.715488,0.093171,-1.178923,1.054869,0.082445,-1.130359,0.877707,0.026385,-1.162874,0.705107
0.102097,-1.332119,0.775576,0.064445,-1.442305,0.642635,-0.030783,-1.436337,0.350912,-0.066906,-1.412813,0.036283,0.104420,-1.212660,0.645541,0.114264,-1.245762,0.341359,0.167175,-1.286941,0.031268,0.113517,-1.334258,0.828454,0.040081,-1.457704,1.061641,0.032517,-1.522017,0.889266,-0.025758,-1.497095,0.716221,0.092468,-1.181719,1.055330,0.081151,-1.133003,0.878247,0.025021,-1.165555,0.705676
0.101845,-1.334827,0.775796,0.064250,-1.445215,0.643012,-0.031203,-1.448477,0.351425,-0.065862,-1.434731,0.036055,0.103895,-1.215513,0.645605,0.112672,-1.247064,0.341225,0.167177,-1.286952,0.031258,0.113268,-1.336900,0.828677,0.040563,-1.460807,1.061846,0.033243,-1.525342,0.889540,-0.026281,-1.500089,0.716967,0.091839,-1.184611,1.055689,0.079943,-1.135678,0.878705,0.023772,-1.168336,0.706168
0.101472,-1.337487,0.775945,0.063892,-1.448056,0.643320,-0.032237,-1.460917,0.352326,-0.062370,-1.456068,0.036233,0.103185,-1.218290,0.645629,0.111179,-1.248348,0.341077,0.167179,-1.286950,0.031229,0.112917,-1.339514,0.828823,0.040984,-1.463984,1.061930,0.033831,-1.528588,0.889641,-0.026893,-1.502860,0.717558,0.091261,-1.187598,1.056068,0.078866,-1.138365,0.879201,0.022689,-1.171103,0.706681
0.101038,-1.340123,0.776059,0.063451,-1.450863,0.643592,-0.033534,-1.473513,0.353583,-0.057487,-1.477389,0.036955,0.102383,-1.221030,0.645634,0.109733,-1.249626,0.340925,0.167175,-1.286943,0.031198,0.112516,-1.342113,0.828932,0.041378,-1.467197,1.061953,0.034351,-1.531794,0.889653,-0.027552,-1.505524,0.718075,0.090712,-1.190633,1.056455,0.077855,-1.141060,0.879717,0.021690,-1.173861,0.707205
0.100423,-1.342805,0.776058,0.063051,-1.453623,0.643615,-0.034976,-1.485789,0.354951,-0.049309,-1.496988,0.037928,0.101319,-1.223672,0.645664,0.108765,-1.250929,0.340835,0.167144,-1.286886,0.031131,0.111907,-1.344806,0.828930,0.041542,-1.470600,1.061801,0.034432,-1.535022,0.889439,-0.028324,-1.508229,0.718249,0.090185,-1.193902,1.056840,0.077011,-1.143891,0.880250,0.020752,-1.176573,0.707746
0.099742,-1.345553,0.776049,0.062601,-1.456438,0.643618,-0.036314,-1.498033,0.356552,-0.040017,-1.516724,0.039597,0.100211,-1.226371,0.645697,0.107821,-1.252266,0.340754,0.167109,-1.286833,0.031072,0.111227,-1.347568,0.828921,0.041631,-1.474061,1.061644,0.034374,-1.538266,0.889206,-0.029126,-1.511018,0.718361,0.089636,-1.197242,1.057221,0.076229,-1.146803,0.880770,0.019836,-1.179342,0.708283
0.098931,-1.348433,0.776026,0.062047,-1.459360,0.643582,-0.037576,-1.510203,0.358335,-0.028876,-1.536346,0.042025,0.099015,-1.229182,0.645736,0.106935,-1.253672,0.340684,0.167085,-1.286784,0.031018,0.110403,-1.350468,0.828900,0.041567,-1.477641,1.061479,0.034038,-1.541546,0.888941,-0.029987,-1.513968,0.718344,0.089042,-1.200720,1.057593,0.075570,-1.149870,0.881265,0.018960,-1.182220,0.708813
0.098027,-1.351513,0.776055,0.061361,-1.462495,0.643615,-0.038461,-1.521920,0.360172,-0.016935,-1.555589,0.045203,0.097832,-1.232232,0.645791,0.105926,-1.255171,0.340623,0.167066,-1.286733,0.030998,0.109477,-1.353563,0.828934,0.041355,-1.481399,1.061360,0.033522,-1.544958,0.888709,-0.031019,-1.517196,0.718339,0.088350,-1.204386,1.058013,0.074907,-1.153111,0.881805,0.018114,-1.185164,0.709357
0.097077,-1.354693,0.776111,0.060609,-1.465736,0.643682,-0.039160,-1.533397,0.362133,-0.004583,-1.574839,0.049270,0.096656,-1.235402,0.645853,0.104854,-1.256716,0.340570,0.167046,-1.286684,0.031006,0.108502,-1.356755,0.828996,0.041070,-1.485243,1.061264,0.032917,-1.548437,0.888492,-0.032136,-1.520563,0.718341,0.087610,-1.208146,1.058455,0.074242,-1.156439,0.882366,0.017282,-1.188140,0.709909
0.095954,-1.358198,0.776189,0.059698,-1.469195,0.643650,-0.038292,-1.543786,0.363265,0.007414,-1.592032,0.052814,0.095701,-1.238862,0.645967,0.104033,-1.258418,0.340570,0.167086,-1.286709,0.031029,0.107310,-1.360293,0.829087,0.040445,-1.489302,1.061229,0.032134,-1.552118,0.888325,-0.033472,-1.524178,0.718399,0.086763,-1.212161,1.058877,0.073539,-1.160001,0.882911,0.016681,-1.191190,0.710327
0.094774,-1.361807,0.776230,0.058773,-1.472726,0.643535,-0.036816,-1.553902,0.364176,0.019059,-1.608543,0.056464,0.094772,-1.242405,0.646061,0.103206,-1.260155,0.340556,0.167114,-1.286742,0.031046,0.106049,-1.363940,0.829144,0.039707,-1.493416,1.061175,0.031228,-1.555831,0.888133,-0.034906,-1.527763,0.718433,0.085890,-1.216246,1.059242,0.072777,-1.163613,0.883409,0.016080,-1.194253,0.710673
0.093480,-1.365620,0.776196,0.057823,-1.476404,0.643255,-0.034136,-1.563517,0.364476,0.029972,-1.623499,0.059385,0.093897,-1.246115,0.646114,0.102367,-1.261965,0.340506,0.167123,-1.286790,0.031033,0.104648,-1.367805,0.829131,0.038742,-1.497639,1.061085,0.030074,-1.559608,0.887891,-0.036541,-1.531286,0.718419,0.084961,-1.220472,1.059495,0.071900,-1.167328,0.883813,0.015479,-1.197343,0.710877
0.091994,-1.369670,0.776108,0.056909,-1.480276,0.642825,-0.030764,-1.572651,0.364362,0.040051,-1.636929,0.061650,0.092810,-1.249985,0.646185,0.101651,-1.263878,0.340493,0.167132,-1.286809,0.031032,0.103031,-1.371919,0.829068,0.037628,-1.502099,1.060970,0.028691,-1.563624,0.887630,-0.038372,-1.535043,0.718379,0.083874,-1.224933,1.059693,0.070864,-1.171307,0.884154,0.014871,-1.200648,0.710964
0.090412,-1.373837,0.775994,0.056016,-1.484247,0.642325,-0.027044,-1.581533,0.364119,0.049700,-1.649574,0.063699,0.091616,-1.253936,0.646267,0.100996,-1.265843,0.340506,0.167141,-1.286814,0.031053,0.101305,-1.376157,0.828979,0.036440,-1.506677,1.060841,0.027194,-1.567760,0.887360,-0.040300,-1.538917,0.718325,0.082707,-1.229512,1.059861,0.069749,-1.175419,0.884463,0.014259,-1.204058,0.710994
0.088735,-1.378320,0.775805,0.055276,-1.488462,0.641642,-0.023049,-1.588842,0.363169,0.058152,-1.660379,0.064736,0.090201,-1.258079,0.646394,0.100504,-1.267943,0.340590,0.167153,-1.286776,0.031110,0.099463,-1.380737,0.828820,0.035020,-1.511631,1.060590,0.025347,-1.572275,0.886978,-0.042453,-1.543150,0.718117,0.081270,-1.234460,1.059961,0.068442,-1.179963,0.884679,0.013672,-1.207802,0.710852
0.087006,-1.382931,0.775543,0.054605,-1.492784,0.640840,-0.017761,-1.594988,0.361430,0.065835,-1.670346,0.064596,0.088698,-1.262315,0.646483,0.100014,-1.270098,0.340655,0.167156,-1.286740,0.031158,0.097584,-1.385454,0.828582,0.033575,-1.516724,1.060261,0.023453,-1.576933,0.886524,-0.044662,-1.547524,0.717841,0.079784,-1.239544,1.059980,0.067102,-1.184654,0.884812,0.013141,-1.211612,0.710594
0.085173,-1.387796,0.775134,0.054074,-1.497319,0.639803,-0.009859,-1.598831,0.358106,0.071923,-1.678397,0.061854,0.087022,-1.266738,0.646494,0.099530,-1.272365,0.340665,0.167147,-1.286709,0.031159,0.095633,-1.390444,0.828190,0.032079,-1.522094,1.059780,0.021466,-1.581875,0.885925,-0.046984,-1.552180,0.717430,0.078202,-1.244899,1.059839,0.065695,-1.189637,0.884775,0.012719,-1.215557,0.710099
0.083324,-1.392967,0.774632,0.053486,-1.502098,0.638672,-0.003750,-1.602123,0.355027,0.075193,-1.685336,0.059017,0.085267,-1.271406,0.646471,0.098907,-1.274760,0.340657,0.167151,-1.286684,0.031188,0.093641,-1.395748,0.827708,0.030485,-1.527769,1.059198,0.019391,-1.587170,0.885243,-0.049437,-1.557132,0.716965,0.076405,-1.250539,1.059576,0.064143,-1.194996,0.884585,0.012225,-1.219861,0.709438
0.081467,-1.398291,0.774083,0.052871,-1.506994,0.637498,0.001420,-1.605114,0.352100,0.076821,-1.691315,0.056043,0.083470,-1.276197,0.646431,0.098207,-1.277217,0.340652,0.167144,-1.286660,0.031255,0.091628,-1.401209,0.827181,0.028843,-1.533596,1.058565,0.017274,-1.592642,0.884521,-0.051955,-1.562234,0.716475,0.074503,-1.256323,1.059251,0.062520,-1.200542,0.884318,0.011692,-1.224340,0.708704
0.079607,-1.403953,0.773766,0.052149,-1.512679,0.636956,0.005974,-1.608297,0.349814,0.076276,-1.694415,0.052479,0.081389,-1.281732,0.646231,0.096884,-1.279977,0.340492,0.167153,-1.286609,0.031333,0.089677,-1.406889,0.826880,0.027124,-1.539622,1.058133,0.015132,-1.598368,0.884017,-0.054531,-1.567554,0.716224,0.072342,-1.262277,1.059098,0.060769,-1.206355,0.884183,0.011179,-1.229098,0.708076
0.077788,-1.409781,0.773380,0.051426,-1.518464,0.636315,0.009531,-1.611427,0.347650,0.076097,-1.696149,0.049067,0.079311,-1.287375,0.646017,0.095533,-1.282793,0.340345,0.167143,-1.286553,0.031455,0.087762,-1.412747,0.826510,0.025439,-1.545812,1.057638,0.013051,-1.604288,0.883459,-0.057045,-1.573091,0.715917,0.070164,-1.268388,1.058858,0.059005,-1.212364,0.883949,0.010658,-1.234025,0.707361
0.076053,-1.415943,0.772854,0.050700,-1.524453,0.635462,0.011025,-1.614508,0.345560,0.076636,-1.695739,0.045837,0.077237,-1.293235,0.645775,0.094140,-1.285722,0.340198,0.167122,-1.286488,0.031617,0.085917,-1.418962,0.826001,0.023821,-1.552333,1.057017,0.011093,-1.610595,0.882792,-0.059436,-1.579063,0.715494,0.067950,-1.274813,1.058444,0.057214,-1.218764,0.883517,0.010126,-1.239300,0.706455
0.074470,-1.422361,0.772409,0.050016,-1.530860,0.634845,0.011922,-1.617627,0.343725,0.077144,-1.694581,0.042836,0.075193,-1.299507,0.645464,0.092557,-1.288815,0.340008,0.167126,-1.286402,0.031825,0.084258,-1.425389,0.825570,0.022323,-1.559099,1.056437,0.009336,-1.617154,0.882163,-0.061608,-1.585288,0.715101,0.065664,-1.281456,1.058090,0.055380,-1.225414,0.883134,0.009564,-1.244915,0.705622
0.072964,-1.428907,0.772004,0.049354,-1.537475,0.634347,0.012497,-1.620754,0.342044,0.077579,-1.693039,0.040019,0.073163,-1.305986,0.645119,0.090859,-1.291993,0.339815,0.167103,-1.286313,0.032095,0.082693,-1.431922,0.825177,0.020888,-1.565989,1.055877,0.007680,-1.623840,0.881552,-0.063672,-1.591644,0.714726,0.063342,-1.288211,1.057765,0.053525,-1.232190,0.882776,0.008985,-1.250695,0.704834
0.071610,-1.435796,0.771981,0.048452,-1.545040,0.634783,0.013574,-1.624372,0.341134,0.077814,-1.692444,0.037976,0.071285,-1.313415,0.644567,0.088436,-1.295513,0.339436,0.167106,-1.286256,0.032430,0.081368,-1.438648,0.825159,0.019629,-1.573157,1.055625,0.006343,-1.630803,0.881239,-0.065295,-1.598278,0.714597,0.061024,-1.295221,1.057833,0.051662,-1.239271,0.882797,0.008331,-1.257018,0.704479
0.070296,-1.442806,0.772029,0.047543,-1.552779,0.635348,0.014940,-1.628115,0.340382,0.077971,-1.692315,0.036143,0.069561,-1.321038,0.644018,0.085944,-1.299096,0.339109,0.167078,-1.286205,0.032892,0.080070,-1.445481,0.825216,0.018370,-1.580447,1.055430,0.005069,-1.637901,0.880983,-0.066829,-1.605098,0.714505,0.058757,-1.302366,1.057991,0.049788,-1.246501,0.882907,0.007589,-1.263547,0.704250
0.069064,-1.450058,0.772220,0.046617,-1.560870,0.636172,0.016898,-1.632146,0.339889,0.078006,-1.693124,0.034595,0.068144,-1.329044,0.643476,0.083347,-1.302792,0.338846,0.167067,-1.286137,0.033520,0.078824,-1.452528,0.825420,0.017108,-1.587979,1.055348,0.003920,-1.645268,0.880838,-0.068183,-1.612289,0.714482,0.056586,-1.309773,1.058328,0.047887,-1.254026,0.883193,0.006673,-1.270501,0.704252
0.067905,-1.457435,0.772635,0.045774,-1.569306,0.637408,0.018201,-1.636292,0.339912,0.078032,-1.693554,0.033646,0.066996,-1.337411,0.642935,0.080484,-1.306572,0.338655,0.167046,-1.286009,0.034368,0.077556,-1.459647,0.825867,0.015718,-1.595643,1.055443,0.002731,-1.652726,0.880851,-0.069254,-1.619708,0.714451,0.054434,-1.317336,1.058960,0.046015,-1.261699,0.883776,0.005530,-1.277841,0.704640
0.066783,-1.464876,0.773163,0.044969,-1.577911,0.638858,0.019212,-1.640488,0.340233,0.078126,-1.693780,0.033074,0.065985,-1.345964,0.642404,0.077517,-1.310403,0.338559,0.167075,-1.285889,0.035439,0.076279,-1.466801,0.826434,0.014281,-1.603372,1.055627,0.001533,-1.660231,0.880944,-0.070182,-1.627245,0.714420,0.052297,-1.324978,1.059735,0.044156,-1.269446,0.884504,0.004266,-1.285379,0.705216
0.065890,-1.472731,0.773877,0.044308,-1.587045,0.640623,0.019742,-1.644881,0.340936,0.078064,-1.693751,0.032931,0.065182,-1.355068,0.641953,0.074257,-1.314467,0.338657,0.167001,-1.285769,0.036858,0.075222,-1.474340,0.827186,0.012774,-1.611382,1.055977,0.000443,-1.668033,0.881198,-0.070684,-1.635234,0.714385,0.050369,-1.332939,1.060653,0.042488,-1.277477,0.885389,0.002611,-1.293874,0.706139
0.065073,-1.480734,0.774554,0.043577,-1.596221,0.642303,0.020237,-1.649287,0.341628,0.078061,-1.693726,0.032861,0.064517,-1.364252,0.641551,0.071177,-1.318610,0.338909,0.166949,-1.285752,0.038470,0.074265,-1.482050,0.827893,0.011253,-1.619470,1.056304,-0.000617,-1.675928,0.881430,-0.071110,-1.643302,0.714318,0.048541,-1.340996,1.061477,0.040945,-1.285542,0.886196,0.000913,-1.302659,0.707048
0.064409,-1.489033,0.775157,0.042711,-1.605491,0.643796,0.020609,-1.653746,0.342208,0.078064,-1.693763,0.032772,0.064126,-1.373582,0.641227,0.068411,-1.322880,0.339347,0.166870,-1.285839,0.040244,0.073505,-1.490102,0.828514,0.009679,-1.627713,1.056584,-0.001638,-1.684008,0.881621,-0.071394,-1.651522,0.714176,0.046908,-1.349239,1.062119,0.039658,-1.293671,0.886859,-0.000858,-1.312016,0.707941
0.063864,-1.497449,0.775559,0.041816,-1.614782,0.645042,0.021145,-1.658221,0.342611,0.078047,-1.693866,0.032543,0.063736,-1.382948,0.640794,0.065831,-1.327232,0.339773,0.166738,-1.286005,0.042012,0.072941,-1.498297,0.828920,0.008213,-1.636050,1.056651,-0.002485,-1.692157,0.881588,-0.071482,-1.659667,0.713832,0.045421,-1.357582,1.062510,0.038533,-1.301736,0.887323,-0.002620,-1.321557,0.708708
0.063379,-1.505923,0.775861,0.040905,-1.624080,0.646169,0.021808,-1.662706,0.342971,0.078106,-1.694002,0.032328,0.063344,-1.392333,0.640310,0.063389,-1.331628,0.340245,0.166667,-1.286234,0.043879,0.072477,-1.506565,0.829217,0.006805,-1.644435,1.056607,-0.003245,-1.700341,0.881443,-0.071473,-1.667773,0.713388,0.044015,-1.365974,1.062775,0.037492,-1.309769,0.887688,-0.004383,-1.331184,0.709425
0.063206,-1.514400,0.775944,0.040398,-1.633351,0.647044,0.022847,-1.667155,0.343167,0.078054,-1.694153,0.031925,0.063211,-1.401685,0.639651,0.061691,-1.336147,0.340604,0.166420,-1.286436,0.045408,0.072322,-1.514848,0.829293,0.005446,-1.652850,1.056254,-0.003896,-1.708487,0.880965,-0.071398,-1.675569,0.712684,0.042620,-1.374396,1.062790,0.036433,-1.317548,0.887898,-0.006018,-1.340482,0.709962
0.063073,-1.522807,0.776060,0.039968,-1.642379,0.647793,0.023718,-1.671519,0.343351,0.078076,-1.694277,0.031623,0.063281,-1.410805,0.639170,0.060808,-1.340787,0.341142,0.166237,-1.286908,0.046887,0.072168,-1.523105,0.829409,0.004005,-1.661239,1.055909,-0.004616,-1.716603,0.880497,-0.071343,-1.683314,0.711979,0.041207,-1.382802,1.062841,0.035345,-1.325355,0.888134,-0.007535,-1.349596,0.710475
0.063022,-1.531073,0.776244,0.039693,-1.650930,0.648283,0.024168,-1.675709,0.343407,0.078074,-1.694360,0.031333,0.063764,-1.419457,0.639034,0.061448,-1.345657,0.341914,0.165975,-1.287851,0.048029,0.072014,-1.531311,0.829607,0.002390,-1.669571,1.055586,-0.005478,-1.724657,0.880051,-0.071328,-1.690957,0.711271,0.039744,-1.391170,1.062972,0.034198,-1.333213,0.888423,-0.008815,-1.358344,0.710920
0.062964,-1.539307,0.776561,0.039618,-1.659272,0.648703,0.024862,-1.679766,0.343460,0.078074,-1.694428,0.031057,0.064640,-1.427912,0.639178,0.063678,-1.350637,0.342931,0.165747,-1.288895,0.048921,0.071732,-1.539524,0.829960,0.000566,-1.677835,1.055431,-0.006599,-1.732608,0.879769,-0.071363,-1.698502,0.710651,0.038201,-1.399487,1.063221,0.033053,-1.341100,0.888804,-0.009808,-1.366542,0.711307
0.062902,-1.547524,0.776946,0.039643,-1.667510,0.649087,0.025701,-1.683753,0.343540,0.078119,-1.694483,0.030844,0.065713,-1.436270,0.639465,0.066712,-1.355688,0.344098,0.165542,-1.289989,0.049777,0.071384,-1.547739,0.830390,-0.001359,-1.686059,1.055354,-0.007846,-1.740505,0.879566,-0.071417,-1.706000,0.710077,0.036616,-1.407773,1.063524,0.031907,-1.348998,0.889225,-0.010658,-1.374464,0.711660
0.062817,-1.555552,0.777477,0.039958,-1.675326,0.649339,0.026878,-1.687478,0.343554,0.078102,-1.694504,0.030551,0.067309,-1.444218,0.640105,0.071716,-1.360927,0.345524,0.165524,-1.291707,0.050302,0.070837,-1.555816,0.830992,-0.003594,-1.694049,1.055463,-0.009547,-1.748078,0.879529,-0.071728,-1.713086,0.709628,0.034940,-1.415853,1.063967,0.030834,-1.356984,0.889685,-0.011120,-1.382294,0.711954
0.062734,-1.563487,0.778065,0.040319,-1.682991,0.649590,0.028179,-1.691119,0.343623,0.078123,-1.694530,0.030348,0.068915,-1.452014,0.640872,0.076819,-1.366415,0.347033,0.165915,-1.294482,0.050947,0.070284,-1.563816,0.831649,-0.005786,-1.701982,1.055616,-0.011296,-1.755558,0.879532,-0.072140,-1.720023,0.709264,0.033305,-1.423880,1.064479,0.029822,-1.365010,0.890184,-0.011446,-1.390207,0.712275
0.062655,-1.571237,0.778766,0.040769,-1.690355,0.649836,0.029679,-1.694602,0.343742,0.078122,-1.694585,0.030205,0.070541,-1.459498,0.641878,0.082050,-1.372362,0.348623,0.167014,-1.299179,0.051589,0.069720,-1.571664,0.832418,-0.007896,-1.709811,1.055873,-0.013146,-1.762858,0.879623,-0.072764,-1.726659,0.709064,0.031752,-1.431804,1.065141,0.028932,-1.373123,0.890771,-0.011499,-1.398291,0.712666
0.062628,-1.578644,0.779447,0.041423,-1.697183,0.649867,0.030685,-1.697927,0.343726,0.078143,-1.694599,0.030053,0.071628,-1.466345,0.643080,0.083701,-1.378223,0.350150,0.170040,-1.307091,0.053022,0.069243,-1.579235,0.833158,-0.009738,-1.717479,1.056083,-0.014991,-1.770016,0.879684,-0.073483,-1.733037,0.708904,0.030428,-1.439569,1.065863,0.028203,-1.381200,0.891380,-0.011432,-1.406645,0.713136
0.062627,-1.585879,0.780119,0.042182,-1.703740,0.649796,0.031441,-1.701170,0.343663,0.078164,-1.694590,0.029929,0.072443,-1.472873,0.644383,0.083312,-1.383975,0.351625,0.173185,-1.317228,0.054563,0.068809,-1.586667,0.833881,-0.011445,-1.725069,1.056263,-0.016835,-1.777100,0.879723,-0.074249,-1.739290,0.708762,0.029224,-1.447257,1.066616,0.027556,-1.389259,0.892004,-0.011305,-1.415131,0.713649
0.062967,-1.592439,0.780463,0.042826,-1.709760,0.649605,0.031385,-1.704257,0.343534,0.078166,-1.694601,0.029894,0.073528,-1.478928,0.645208,0.085688,-1.391483,0.352017,0.182040,-1.332671,0.055436,0.068916,-1.593408,0.834250,-0.012256,-1.732202,1.056067,-0.018287,-1.783920,0.879460,-0.074851,-1.745327,0.708391,0.028802,-1.454482,1.067185,0.027586,-1.397332,0.892290,-0.010609,-1.423911,0.713896
0.063396,-1.598971,0.780707,0.043320,-1.715821,0.649417,0.031349,-1.707337,0.343431,0.078175,-1.694608,0.029914,0.074618,-1.485054,0.645853,0.088177,-1.399398,0.352136,0.191965,-1.349478,0.056584,0.069204,-1.600105,0.834507,-0.012838,-1.739210,1.055820,-0.019580,-1.790713,0.879181,-0.075405,-1.751422,0.708029,0.028761,-1.461604,1.067639,0.027948,-1.405307,0.892466,-0.009725,-1.432662,0.714078
0.064004,-1.605449,0.780750,0.043509,-1.721968,0.649231,0.031354,-1.710405,0.343348,0.078200,-1.694610,0.029977,0.075723,-1.491318,0.646131,0.091428,-1.408320,0.351717,0.205855,-1.368481,0.058706,0.069855,-1.606713,0.834542,-0.012967,-1.745968,1.055483,-0.020556,-1.797454,0.878877,-0.075868,-1.757604,0.707690,0.029480,-1.468518,1.067868,0.028971,-1.413084,0.892420,-0.008464,-1.441358,0.714125
0.064723,-1.611783,0.780778,0.043459,-1.727849,0.648981,0.031220,-1.713322,0.343220,0.078223,-1.694616,0.030040,0.076908,-1.497366,0.646456,0.094100,-1.417787,0.351165,0.222111,-1.390155,0.062504,0.070695,-1.613213,0.834554,-0.012869,-1.752549,1.055171,-0.021215,-1.804110,0.878623,-0.076425,-1.763936,0.707481,0.030711,-1.475303,1.068117,0.030392,-1.420679,0.892415,-0.006990,-1.449933,0.714267
0.065498,-1.618044,0.780800,0.043289,-1.733592,0.648704,0.031034,-1.716163,0.343085,0.078275,-1.694630,0.030130,0.078134,-1.503308,0.646806,0.096483,-1.427556,0.350573,0.239265,-1.413140,0.068030,0.071628,-1.619659,0.834553,-0.012660,-1.759037,1.054873,-0.021719,-1.810717,0.878396,-0.077035,-1.770331,0.707341,0.032197,-1.482023,1.068374,0.032005,-1.428185,0.892430,-0.005421,-1.458449,0.714460
0.066141,-1.623881,0.780730,0.042905,-1.738946,0.648390,0.030969,-1.718775,0.342918,0.078273,-1.694688,0.030165,0.079117,-1.508869,0.647016,0.097660,-1.438385,0.349504,0.257040,-1.439453,0.075666,0.072463,-1.625683,0.834454,-0.012269,-1.765182,1.054524,-0.021751,-1.816947,0.878091,-0.077710,-1.776490,0.707261,0.034060,-1.488442,1.068677,0.033952,-1.435054,0.892596,-0.003950,-1.466202,0.714880
0.066690,-1.629558,0.780601,0.042506,-1.744227,0.648088,0.031146,-1.721310,0.342777,0.078296,-1.694725,0.030208,0.080064,-1.514363,0.647095,0.098751,-1.449811,0.348255,0.273638,-1.466247,0.084619,0.073171,-1.631525,0.834300,-0.011893,-1.771173,1.054141,-0.021783,-1.822999,0.877745,-0.078489,-1.782507,0.707170,0.035957,-1.494725,1.068969,0.035863,-1.441694,0.892781,-0.002737,-1.473533,0.715339
0.067048,-1.634914,0.780354,0.042075,-1.749368,0.647803,0.031784,-1.723689,0.342663,0.078320,-1.694707,0.030216,0.080939,-1.519721,0.646910,0.099703,-1.462404,0.346610,0.288680,-1.494166,0.094388,0.073625,-1.637000,0.834035,-0.011547,-1.776862,1.053690,-0.021810,-1.828703,0.877315,-0.079465,-1.788251,0.707049,0.037923,-1.500736,1.069246,0.037709,-1.447873,0.893007,-0.002020,-1.480010,0.715869
0.067254,-1.640073,0.780022,0.041419,-1.754404,0.647532,0.032397,-1.726016,0.342579,0.078353,-1.694746,0.030267,0.081888,-1.525034,0.646542,0.101293,-1.476470,0.344749,0.301374,-1.522382,0.103519,0.073903,-1.642255,0.833688,-0.011358,-1.782283,1.053191,-0.022030,-1.834114,0.876834,-0.080502,-1.793687,0.706838,0.040069,-1.506554,1.069497,0.039620,-1.453776,0.893232,-0.001512,-1.485937,0.716419
0.067382,-1.645133,0.779648,0.040651,-1.759384,0.647270,0.033020,-1.728326,0.342524,0.078433,-1.694835,0.030364,0.082871,-1.530329,0.646083,0.103148,-1.491323,0.342969,0.312661,-1.550487,0.112882,0.074092,-1.647399,0.833300,-0.011254,-1.787574,1.052665,-0.022352,-1.839380,0.876322,-0.081572,-1.798970,0.706581,0.042298,-1.512291,1.069729,0.041555,-1.459552,0.893452,-0.001114,-1.491583,0.716981
0.067389,-1.650038,0.779233,0.039523,-1.764097,0.646926,0.033448,-1.730467,0.342401,0.078441,-1.694917,0.030409,0.084099,-1.535486,0.645633,0.106042,-1.508585,0.341335,0.320342,-1.577887,0.118539,0.074159,-1.652399,0.832871,-0.011236,-1.792550,1.052223,-0.022958,-1.844146,0.875855,-0.082727,-1.803766,0.706298,0.044652,-1.517765,1.069867,0.043486,-1.464781,0.893665,-0.000552,-1.496490,0.717473
0.067395,-1.654897,0.778774,0.038340,-1.768698,0.646504,0.033781,-1.732556,0.342220,0.078490,-1.694991,0.030428,0.085485,-1.540600,0.645173,0.108992,-1.526692,0.340141,0.326603,-1.604315,0.123292,0.074200,-1.657356,0.832402,-0.011298,-1.797390,1.051779,-0.023643,-1.848767,0.875386,-0.083884,-1.808368,0.706002,0.047026,-1.523141,1.069912,0.045472,-1.469882,0.893797,0.000221,-1.501171,0.717836
0.067399,-1.659665,0.778227,0.037048,-1.773083,0.645921,0.033883,-1.734512,0.341894,0.078544,-1.694994,0.030347,0.087191,-1.545621,0.644692,0.112106,-1.546368,0.339487,0.330204,-1.629452,0.125037,0.074187,-1.662228,0.831851,-0.011507,-1.801953,1.051341,-0.024480,-1.853095,0.874921,-0.085045,-1.812583,0.705683,0.049451,-1.528295,1.069787,0.047576,-1.474714,0.893773,0.001421,-1.505403,0.717940
0.067463,-1.664356,0.777754,0.035652,-1.777260,0.645351,0.033534,-1.736436,0.341580,0.078559,-1.695083,0.030336,0.089300,-1.550592,0.644344,0.115526,-1.567238,0.339745,0.331268,-1.652111,0.123491,0.074188,-1.667034,0.831381,-0.011929,-1.806250,1.051019,-0.025464,-1.857150,0.874569,-0.086167,-1.816322,0.705457,0.051958,-1.533272,1.069663,0.049723,-1.479264,0.893785,0.002586,-1.509309,0.718100
0.067557,-1.669009,0.777318,0.034210,-1.781318,0.644787,0.032988,-1.738333,0.341277,0.078600,-1.695206,0.030373,0.091608,-1.555563,0.644068,0.118637,-1.588645,0.340916,0.329412,-1.674673,0.120146,0.074195,-1.671806,0.830950,-0.012454,-1.810416,1.050753,-0.026515,-1.861068,0.874271,-0.087263,-1.819821,0.705276,0.054505,-1.538184,1.069539,0.051895,-1.483687,0.893818,0.003747,-1.513053,0.718292
0.067969,-1.673638,0.776861,0.032980,-1.785415,0.644302,0.032970,-1.740145,0.341082,0.078614,-1.695311,0.030432,0.094806,-1.560823,0.643657,0.122610,-1.608677,0.342564,0.323696,-1.692540,0.112102,0.074398,-1.676495,0.830516,-0.013403,-1.814092,1.050487,-0.027667,-1.864547,0.873961,-0.088237,-1.822677,0.705055,0.057244,-1.542794,1.069267,0.054326,-1.487534,0.893789,0.004832,-1.516013,0.718492
0.068462,-1.678217,0.776385,0.031847,-1.789483,0.643833,0.033104,-1.741966,0.340920,0.078653,-1.695480,0.030504,0.098064,-1.566136,0.643210,0.126675,-1.627079,0.344538,0.314134,-1.711375,0.102986,0.074694,-1.681120,0.830060,-0.014336,-1.817661,1.050186,-0.028754,-1.867925,0.873615,-0.089080,-1.825365,0.704793,0.060014,-1.547353,1.068952,0.056843,-1.491274,0.893739,0.005972,-1.518712,0.718670
0.069118,-1.682695,0.775869,0.030899,-1.793525,0.643404,0.033470,-1.743819,0.340813,0.078618,-1.695782,0.030574,0.101453,-1.571496,0.642679,0.132189,-1.642450,0.346387,0.301280,-1.729246,0.092458,0.075173,-1.685620,0.829563,-0.015246,-1.821012,1.049823,-0.029724,-1.871103,0.873204,-0.089675,-1.827720,0.704460,0.062846,-1.551759,1.068548,0.059519,-1.494771,0.893631,0.007192,-1.520896,0.718790
0.069949,-1.687316,0.775161,0.030190,-1.798083,0.643096,0.034534,-1.745856,0.340911,0.078621,-1.696063,0.030789,0.105102,-1.577473,0.641653,0.139163,-1.654458,0.347182,0.285222,-1.744550,0.080379,0.075773,-1.690132,0.828884,-0.016141,-1.824248,1.049298,-0.030719,-1.874200,0.872647,-0.090092,-1.829930,0.703930,0.065684,-1.556097,1.067888,0.062314,-1.498276,0.893245,0.008605,-1.522954,0.718613
0.070869,-1.692007,0.774357,0.029597,-1.802883,0.642846,0.036016,-1.747997,0.341127,0.078781,-1.696354,0.031113,0.108863,-1.583790,0.640399,0.146889,-1.664918,0.347476,0.267023,-1.758445,0.069110,0.076436,-1.694649,0.828112,-0.017027,-1.827420,1.048682,-0.031712,-1.877250,0.872004,-0.090390,-1.832063,0.703288,0.068515,-1.560421,1.067101,0.065179,-1.501797,0.892725,0.010151,-1.524940,0.718293
0.072137,-1.696999,0.773094,0.029147,-1.808619,0.642764,0.036052,-1.750958,0.341528,0.078543,-1.697112,0.031854,0.112728,-1.591163,0.637988,0.151246,-1.671959,0.344992,0.245056,-1.765401,0.056617,0.077345,-1.699202,0.826896,-0.017666,-1.830456,1.047711,-0.032709,-1.880194,0.871038,-0.090498,-1.833885,0.702322,0.071223,-1.564525,1.065697,0.068040,-1.505343,0.891506,0.011861,-1.526898,0.717238
0.073612,-1.702074,0.771778,0.028816,-1.814327,0.642601,0.036201,-1.753878,0.341877,0.078484,-1.697787,0.032576,0.116195,-1.598437,0.635501,0.151060,-1.678090,0.341695,0.222066,-1.770525,0.046545,0.078531,-1.703852,0.825614,-0.018085,-1.833509,1.046675,-0.033502,-1.883179,0.870016,-0.090464,-1.835664,0.701357,0.073912,-1.568606,1.064138,0.070989,-1.508913,0.890115,0.013775,-1.528942,0.716001
0.075499,-1.707318,0.770352,0.028744,-1.820032,0.642277,0.036399,-1.756792,0.342088,0.078412,-1.698402,0.033177,0.118911,-1.605411,0.632835,0.141784,-1.682004,0.337015,0.198272,-1.771780,0.037977,0.080266,-1.708706,0.824206,-0.018073,-1.836601,1.045537,-0.033924,-1.886259,0.868916,-0.090218,-1.837355,0.700432,0.076599,-1.572599,1.062266,0.074108,-1.512511,0.888370,0.016026,-1.531174,0.714392
0.077792,-1.712784,0.769863,0.029412,-1.824645,0.641645,0.036755,-1.759247,0.341887,0.078462,-1.698982,0.033292,0.121623,-1.610902,0.632371,0.137087,-1.684769,0.335379,0.185191,-1.772178,0.034186,0.082664,-1.714224,0.823712,-0.017348,-1.840057,1.045481,-0.033634,-1.889706,0.868898,-0.089402,-1.839431,0.700642,0.079599,-1.576816,1.061046,0.077621,-1.516355,0.887273,0.019138,-1.533989,0.713322
0.080287,-1.718361,0.769841,0.030462,-1.828713,0.640871,0.037157,-1.761469,0.341494,0.078495,-1.699540,0.033175,0.124349,-1.615654,0.632996,0.134699,-1.687024,0.335185,0.177512,-1.772276,0.032564,0.085391,-1.720076,0.823674,-0.016234,-1.843693,1.045962,-0.032960,-1.893338,0.869421,-0.088269,-1.841707,0.701421,0.082766,-1.581145,1.060140,0.081330,-1.520327,0.886485,0.022670,-1.537114,0.712511
0.082920,-1.724029,0.769861,0.031769,-1.833026,0.640258,0.037581,-1.763850,0.341298,0.078439,-1.700069,0.033270,0.126951,-1.620498,0.633641,0.135975,-1.689075,0.335084,0.178415,-1.771517,0.031634,0.088402,-1.725994,0.823660,-0.013841,-1.847318,1.046932,-0.031015,-1.896729,0.870370,-0.085879,-1.844315,0.702461,0.086758,-1.585281,1.059088,0.085751,-1.524041,0.885579,0.027583,-1.540121,0.711373
0.085471,-1.729497,0.769804,0.033435,-1.837397,0.639637,0.038187,-1.766254,0.341121,0.078407,-1.700504,0.033400,0.129199,-1.625097,0.634160,0.137158,-1.691235,0.334992,0.179029,-1.771158,0.030794,0.091286,-1.731673,0.823570,-0.011032,-1.851092,1.047836,-0.028674,-1.900262,0.871255,-0.083248,-1.847227,0.703441,0.090711,-1.589419,1.058076,0.090021,-1.527891,0.884669,0.032468,-1.543325,0.710201
0.087861,-1.734564,0.769593,0.035808,-1.841905,0.638971,0.039121,-1.768734,0.340941,0.078366,-1.700777,0.033548,0.130726,-1.629202,0.634420,0.138183,-1.693626,0.334873,0.179136,-1.771688,0.030082,0.093915,-1.736869,0.823334,-0.007466,-1.855161,1.048623,-0.025623,-1.904064,0.872021,-0.080218,-1.850709,0.704316,0.094578,-1.593541,1.057177,0.093998,-1.531984,0.883781,0.037301,-1.546872,0.708984
0.090334,-1.739427,0.769482,0.038502,-1.846282,0.638377,0.039339,-1.771304,0.340799,0.078342,-1.701188,0.033839,0.132153,-1.632996,0.634817,0.139181,-1.695897,0.334954,0.179259,-1.772257,0.029622,0.096605,-1.741838,0.823199,-0.003384,-1.859249,1.049569,-0.021932,-1.907897,0.872939,-0.076826,-1.854126,0.705463,0.098357,-1.597455,1.056364,0.098113,-1.536154,0.882877,0.042144,-1.550586,0.707807
0.092849,-1.744187,0.769420,0.041352,-1.850591,0.637820,0.039186,-1.773946,0.340696,0.078303,-1.701727,0.034220,0.133524,-1.636643,0.635287,0.140150,-1.698120,0.335141,0.179362,-1.772855,0.029298,0.099325,-1.746694,0.823113,0.000957,-1.863340,1.050586,-0.017920,-1.911739,0.873925,-0.073254,-1.857506,0.706741,0.102082,-1.601259,1.055587,0.102286,-1.540356,0.881959,0.046993,-1.554386,0.706642
0.095802,-1.749000,0.769432,0.044182,-1.854866,0.637459,0.035385,-1.777064,0.340780,0.078262,-1.702884,0.035281,0.135410,-1.640494,0.635745,0.141063,-1.700320,0.335265,0.179476,-1.773258,0.028886,0.102482,-1.751572,0.823100,0.005591,-1.867500,1.051568,-0.013108,-1.916309,0.875000,-0.069370,-1.861424,0.708334,0.105714,-1.604997,1.054822,0.106429,-1.544950,0.880895,0.051677,-1.558716,0.705389
0.098878,-1.753805,0.769449,0.046997,-1.859090,0.637136,0.030836,-1.780285,0.341056,0.078165,-1.704310,0.036660,0.137355,-1.644331,0.636213,0.141988,-1.702495,0.335406,0.179560,-1.773620,0.028493,0.105794,-1.756453,0.823085,0.010244,-1.871622,1.052495,-0.008188,-1.921023,0.876063,-0.065413,-1.865418,0.709959,0.109348,-1.608709,1.054033,0.110545,-1.549582,0.879792,0.056304,-1.563165,0.704114
0.102197,-1.758592,0.769476,0.049784,-1.863216,0.636884,0.024813,-1.783653,0.341644,0.077989,-1.706132,0.038606,0.139423,-1.648133,0.636693,0.142967,-1.704599,0.335562,0.179628,-1.773869,0.028109,0.109414,-1.761338,0.823068,0.014933,-1.875685,1.053326,-0.003051,-1.926040,0.877116,-0.061305,-1.869569,0.711656,0.113008,-1.612374,1.053209,0.114621,-1.554296,0.878616,0.060799,-1.567850,0.702807
0.105632,-1.763215,0.769558,0.052735,-1.867148,0.636666,0.017729,-1.787015,0.342630,0.077578,-1.707996,0.041213,0.141173,-1.651545,0.637330,0.143788,-1.706483,0.335926,0.179688,-1.774003,0.027982,0.113228,-1.766114,0.823089,0.019630,-1.879768,1.054046,0.002124,-1.931171,0.878091,-0.056949,-1.874073,0.713127,0.116473,-1.615999,1.052470,0.118390,-1.558948,0.877540,0.065003,-1.572727,0.701616
0.109126,-1.767757,0.769668,0.055761,-1.870992,0.636484,0.010131,-1.790527,0.344029,0.077039,-1.710181,0.044431,0.142758,-1.654778,0.638060,0.144517,-1.708273,0.336409,0.179716,-1.774092,0.028004,0.117141,-1.770833,0.823126,0.024338,-1.883860,1.054707,0.007334,-1.936359,0.879027,-0.052455,-1.878756,0.714484,0.119825,-1.619605,1.051768,0.121992,-1.563568,0.876512,0.069052,-1.577701,0.700482
0.112360,-1.771730,0.769908,0.059126,-1.874765,0.636575,0.004417,-1.793900,0.345804,0.076234,-1.711188,0.047940,0.143488,-1.657489,0.638783,0.144859,-1.709795,0.336947,0.179771,-1.774043,0.028168,0.120810,-1.774940,0.823289,0.028968,-1.887908,1.055280,0.012454,-1.941613,0.879920,-0.047521,-1.884565,0.715238,0.122645,-1.623012,1.051462,0.124986,-1.567976,0.875890,0.072528,-1.582804,0.699772
0.115431,-1.775711,0.770180,0.062629,-1.878805,0.636776,0.000190,-1.797227,0.347767,0.075184,-1.711230,0.051570,0.143969,-1.660363,0.639441,0.145017,-1.711411,0.337414,0.179806,-1.773994,0.028272,0.124272,-1.778998,0.823492,0.033455,-1.891971,1.055880,0.017479,-1.946914,0.880855,-0.042549,-1.890874,0.715839,0.125282,-1.626436,1.051232,0.127728,-1.572444,0.875337,0.075767,-1.588040,0.699138
0.118175,-1.779710,0.770518,0.066419,-1.883360,0.637171,-0.001144,-1.800125,0.349768,0.073548,-1.708978,0.054986,0.143966,-1.663533,0.639938,0.144823,-1.713197,0.337706,0.179827,-1.773937,0.028217,0.127321,-1.782968,0.823780,0.037641,-1.896064,1.056543,0.022281,-1.952317,0.881881,-0.037529,-1.898183,0.716149,0.127580,-1.629893,1.051165,0.129986,-1.577042,0.874921,0.078536,-1.593547,0.698656
0.120579,-1.783461,0.771030,0.069641,-1.887571,0.637765,-0.003020,-1.803983,0.351691,0.069181,-1.709302,0.057384,0.144126,-1.666677,0.640563,0.144713,-1.714929,0.338121,0.179833,-1.773882,0.028290,0.129966,-1.786669,0.824252,0.041449,-1.899937,1.057372,0.026784,-1.957368,0.883034,-0.032804,-1.905532,0.716490,0.129511,-1.633148,1.051324,0.131844,-1.581417,0.874747,0.080731,-1.599033,0.698491
0.122812,-1.787087,0.771630,0.072582,-1.891610,0.638461,-0.005139,-1.808367,0.353599,0.063470,-1.711011,0.059302,0.144368,-1.669813,0.641253,0.144628,-1.716645,0.338602,0.179798,-1.773840,0.028437,0.132409,-1.790236,0.824817,0.045066,-1.903695,1.058281,0.031144,-1.962231,0.884250,-0.028194,-1.912891,0.716863,0.131256,-1.636306,1.051598,0.133505,-1.585684,0.874698,0.082651,-1.604508,0.698491
0.124597,-1.790409,0.772358,0.074724,-1.895139,0.639217,-0.006031,-1.814486,0.354407,0.053418,-1.716689,0.058278,0.144745,-1.672780,0.642074,0.144564,-1.718187,0.339215,0.179760,-1.773763,0.028747,0.134421,-1.793529,0.825504,0.048122,-1.907136,1.059280,0.034964,-1.966704,0.885538,-0.024184,-1.919899,0.717355,0.132680,-1.639237,1.052029,0.134645,-1.589569,0.874856,0.083788,-1.609680,0.698791
0.126292,-1.793711,0.773078,0.076839,-1.898657,0.639939,-0.006478,-1.821010,0.354971,0.042541,-1.723315,0.056908,0.145041,-1.675738,0.642897,0.144524,-1.719740,0.339839,0.179712,-1.773709,0.029076,0.136344,-1.796802,0.826182,0.051043,-1.910538,1.060256,0.038624,-1.971106,0.886805,-0.020356,-1.926856,0.717871,0.133919,-1.642127,1.052433,0.135614,-1.593351,0.875010,0.084684,-1.614820,0.699126
0.127804,-1.796974,0.773781,0.078899,-1.902156,0.640594,-0.006070,-1.828296,0.355019,0.030039,-1.731796,0.054724,0.145176,-1.678667,0.643717,0.144560,-1.721298,0.340471,0.179703,-1.773678,0.029424,0.138089,-1.800033,0.826842,0.053694,-1.913870,1.061192,0.041949,-1.975384,0.888026,-0.016943,-1.933731,0.718404,0.134791,-1.644931,1.052785,0.136236,-1.596921,0.875150,0.085085,-1.619899,0.699521
0.129180,-1.800181,0.774309,0.080998,-1.905629,0.641031,-0.005206,-1.835855,0.354699,0.017040,-1.741805,0.052272,0.145138,-1.681532,0.644383,0.144724,-1.722845,0.340963,0.179680,-1.773646,0.029625,0.139682,-1.803205,0.827328,0.056176,-1.917164,1.061935,0.044993,-1.979576,0.889052,-0.013755,-1.940404,0.718791,0.135438,-1.647695,1.052973,0.136570,-1.600263,0.875180,0.084961,-1.624856,0.699905
0.130487,-1.803360,0.774750,0.083116,-1.909084,0.641361,-0.004097,-1.843570,0.354216,0.003915,-1.753386,0.049889,0.145013,-1.684371,0.644976,0.144938,-1.724385,0.341389,0.179623,-1.773601,0.029758,0.141199,-1.806346,0.827728,0.058573,-1.920437,1.062580,0.047901,-1.983718,0.889981,-0.010656,-1.946972,0.719114,0.135967,-1.650443,1.053078,0.136759,-1.603494,0.875156,0.084582,-1.629761,0.700291
0.131732,-1.806458,0.775089,0.085329,-1.912492,0.641575,-0.003273,-1.851582,0.353747,-0.008478,-1.766630,0.047836,0.144657,-1.687100,0.645489,0.144801,-1.725889,0.341752,0.179617,-1.773583,0.029897,0.142641,-1.809401,0.828027,0.060778,-1.923697,1.063047,0.050489,-1.987869,0.890752,-0.008275,-1.953374,0.719493,0.136107,-1.653136,1.053095,0.136556,-1.606428,0.875107,0.083649,-1.634416,0.700729
0.132940,-1.809522,0.775434,0.087626,-1.915957,0.641844,-0.002533,-1.859770,0.353452,-0.020157,-1.781060,0.046321,0.144219,-1.689874,0.645951,0.144576,-1.727423,0.342068,0.179569,-1.773561,0.029997,0.144008,-1.812395,0.828343,0.062920,-1.926955,1.063502,0.052964,-1.991964,0.891500,-0.006030,-1.959609,0.719908,0.136157,-1.655835,1.053165,0.136183,-1.609285,0.875135,0.082610,-1.638931,0.701235
0.134071,-1.812520,0.775794,0.090090,-1.919547,0.642224,-0.002003,-1.868272,0.353467,-0.030727,-1.796450,0.045472,0.143621,-1.692723,0.646305,0.144195,-1.729017,0.342279,0.179476,-1.773550,0.030005,0.145229,-1.815272,0.828690,0.064937,-1.930210,1.063939,0.055198,-1.995959,0.892205,-0.004116,-1.965520,0.720378,0.136037,-1.658534,1.053343,0.135474,-1.611974,0.875316,0.081345,-1.643158,0.701858
0.135121,-1.815389,0.776209,0.092453,-1.923060,0.642729,-0.001709,-1.877363,0.353673,-0.039532,-1.813077,0.044989,0.142928,-1.695535,0.646654,0.143786,-1.730585,0.342491,0.179431,-1.773523,0.030036,0.146359,-1.818008,0.829096,0.066881,-1.933477,1.064363,0.057293,-1.999904,0.892882,-0.002307,-1.971066,0.720882,0.135778,-1.661239,1.053672,0.134538,-1.614594,0.875672,0.080101,-1.646837,0.702504
0.136130,-1.818195,0.776653,0.094772,-1.926526,0.643296,-0.001429,-1.886769,0.354019,-0.047220,-1.830400,0.044867,0.142187,-1.698340,0.647001,0.143338,-1.732150,0.342707,0.179360,-1.773492,0.030081,0.147444,-1.820674,0.829531,0.068793,-1.936745,1.064781,0.059326,-2.003821,0.893546,-0.000538,-1.976429,0.721405,0.135449,-1.663954,1.054077,0.133487,-1.617191,0.876115,0.078867,-1.650255,0.703160
0.136995,-1.820945,0.777065,0.096818,-1.929998,0.643948,-0.001640,-1.897798,0.354543,-0.051820,-1.849698,0.044679,0.141380,-1.701228,0.647219,0.142914,-1.733778,0.342797,0.179398,-1.773523,0.030019,0.148375,-1.823259,0.829939,0.070658,-1.940046,1.065147,0.061212,-2.007557,0.894081,0.000703,-1.981431,0.721976,0.135002,-1.666699,1.054524,0.132288,-1.619919,0.876575,0.077613,-1.653127,0.703664
0.137798,-1.823687,0.777508,0.098699,-1.933450,0.644671,-0.002070,-1.909389,0.355327,-0.054931,-1.869287,0.044775,0.140625,-1.704171,0.647427,0.142252,-1.735396,0.342872,0.179387,-1.773528,0.029976,0.149227,-1.825829,0.830379,0.072479,-1.943350,1.065543,0.063049,-2.011250,0.894629,0.001834,-1.986220,0.722617,0.134538,-1.669473,1.055029,0.131088,-1.622700,0.877091,0.076411,-1.655966,0.704192
0.138476,-1.826411,0.778009,0.100238,-1.936881,0.645534,-0.003147,-1.922064,0.356563,-0.055517,-1.889297,0.045067,0.139975,-1.707200,0.647615,0.141167,-1.736988,0.342918,0.179387,-1.773496,0.029968,0.149924,-1.828369,0.830885,0.074214,-1.946668,1.065998,0.064776,-2.014863,0.895201,0.002708,-1.990585,0.723393,0.134045,-1.672290,1.055649,0.129890,-1.625561,0.877714,0.075311,-1.658711,0.704762
0.139058,-1.829167,0.778465,0.101505,-1.940205,0.646295,-0.004086,-1.934858,0.357854,-0.053815,-1.908723,0.045299,0.139526,-1.710225,0.647807,0.140272,-1.738575,0.342974,0.179385,-1.773504,0.029961,0.150508,-1.830972,0.831348,0.075778,-1.950026,1.066394,0.066384,-2.018475,0.895695,0.003297,-1.994672,0.724196,0.133571,-1.675206,1.056256,0.128651,-1.628497,0.878335,0.074272,-1.661496,0.705291
0.139593,-1.831939,0.778900,0.102638,-1.943475,0.647006,-0.004851,-1.947718,0.359307,-0.050771,-1.927882,0.045706,0.139180,-1.713249,0.648001,0.139464,-1.740163,0.343040,0.179367,-1.773538,0.029962,0.151036,-1.833607,0.831789,0.077261,-1.953401,1.066762,0.067937,-2.022084,0.896151,0.003745,-1.998630,0.725017,0.133109,-1.678173,1.056856,0.127394,-1.631478,0.878955,0.073259,-1.664305,0.705802
0.139840,-1.834851,0.779154,0.103434,-1.946752,0.647445,-0.005673,-1.961419,0.360800,-0.044354,-1.947609,0.045900,0.138442,-1.716279,0.648150,0.138606,-1.741708,0.343063,0.179356,-1.773439,0.029932,0.151317,-1.836431,0.832039,0.078655,-1.957004,1.066961,0.069332,-2.025679,0.896347,0.004075,-2.002207,0.725619,0.132771,-1.681420,1.057352,0.126324,-1.634572,0.879517,0.072389,-1.667178,0.706259
0.140010,-1.837834,0.779325,0.104068,-1.949972,0.647718,-0.006267,-1.975123,0.362382,-0.036677,-1.967599,0.046363,0.137720,-1.719289,0.648309,0.137865,-1.743256,0.343106,0.179325,-1.773372,0.029914,0.151529,-1.839361,0.832203,0.079990,-1.960690,1.067081,0.070635,-2.029342,0.896457,0.004291,-2.005783,0.726160,0.132490,-1.684785,1.057775,0.125353,-1.637750,0.880016,0.071551,-1.670195,0.706686
0.140028,-1.840963,0.779329,0.104371,-1.953081,0.647655,-0.006693,-1.988805,0.363860,-0.027043,-1.988019,0.046948,0.137027,-1.722246,0.648486,0.137389,-1.744794,0.343176,0.179323,-1.773351,0.029905,0.151604,-1.842505,0.832194,0.081197,-1.964556,1.067040,0.071747,-2.033146,0.896395,0.004276,-2.009346,0.726575,0.132314,-1.688380,1.058053,0.124576,-1.641083,0.880389,0.070789,-1.673492,0.707048
0.139866,-1.844245,0.779250,0.104460,-1.956215,0.647397,-0.006247,-2.001714,0.364984,-0.015944,-2.007909,0.047631,0.136385,-1.725274,0.648655,0.137088,-1.746336,0.343240,0.179273,-1.773272,0.029861,0.151481,-1.845841,0.832106,0.082165,-1.968583,1.066915,0.072581,-2.037020,0.896215,0.004173,-2.012881,0.726818,0.132212,-1.692200,1.058296,0.123824,-1.644514,0.880767,0.070036,-1.676832,0.707410
0.139615,-1.847604,0.779131,0.104440,-1.959361,0.647043,-0.005339,-2.014223,0.366045,-0.003991,-2.027695,0.048779,0.135769,-1.728337,0.648820,0.136873,-1.747880,0.343305,0.179198,-1.773161,0.029808,0.151259,-1.849273,0.831977,0.083015,-1.972690,1.066746,0.073276,-2.040928,0.895975,0.004026,-2.016401,0.726975,0.132147,-1.696130,1.058520,0.123085,-1.647994,0.881147,0.069287,-1.680193,0.707771
0.139108,-1.851196,0.778881,0.104307,-1.962526,0.646330,-0.003514,-2.025717,0.366424,0.009454,-2.046113,0.049798,0.135087,-1.731436,0.649035,0.136916,-1.749521,0.343435,0.179244,-1.773203,0.029812,0.150734,-1.853006,0.831726,0.083486,-1.977115,1.066416,0.073613,-2.045011,0.895516,0.003722,-2.020075,0.726839,0.132010,-1.700433,1.058685,0.122418,-1.651673,0.881512,0.068599,-1.683496,0.708073
0.138519,-1.854860,0.778599,0.104122,-1.965736,0.645554,-0.001412,-2.036890,0.366774,0.023385,-2.064059,0.051375,0.134361,-1.734589,0.649236,0.136947,-1.751191,0.343557,0.179278,-1.773251,0.029815,0.150121,-1.856820,0.831443,0.083846,-1.981627,1.066038,0.073811,-2.049116,0.894986,0.003377,-2.023747,0.726600,0.131859,-1.704840,1.058837,0.121775,-1.655406,0.881879,0.067938,-1.686725,0.708354
0.137767,-1.858665,0.778252,0.103833,-1.969040,0.644654,0.001156,-2.047444,0.366821,0.037975,-2.080708,0.053198,0.133549,-1.737849,0.649406,0.136959,-1.752920,0.343657,0.179301,-1.773318,0.029802,0.149329,-1.860796,0.831097,0.083982,-1.986317,1.065569,0.073728,-2.053268,0.894319,0.002948,-2.027411,0.726152,0.131682,-1.709461,1.058968,0.121179,-1.659250,0.882253,0.067330,-1.689808,0.708596
0.136916,-1.862635,0.777904,0.103599,-1.972482,0.643679,0.004902,-2.057033,0.366251,0.052723,-2.095446,0.054720,0.132729,-1.741253,0.649594,0.136945,-1.754696,0.343779,0.179325,-1.773340,0.029820,0.148410,-1.864946,0.830755,0.083876,-1.991189,1.065064,0.073374,-2.057511,0.893584,0.002353,-2.031115,0.725602,0.131352,-1.714279,1.059109,0.120538,-1.663272,0.882642,0.066614,-1.692798,0.708830
0.136014,-1.866688,0.777556,0.103394,-1.975990,0.642673,0.009246,-2.066112,0.365451,0.067537,-2.109145,0.056326,0.131905,-1.744732,0.649792,0.136915,-1.756495,0.343920,0.179348,-1.773341,0.029866,0.147429,-1.869185,0.830415,0.083651,-1.996153,1.064538,0.072883,-2.061798,0.892816,0.001675,-2.034838,0.725003,0.130946,-1.719196,1.059253,0.119874,-1.667385,0.883036,0.065843,-1.695744,0.709063
0.134846,-1.871017,0.777251,0.103355,-1.979942,0.641720,0.016143,-2.073200,0.363291,0.081886,-2.120295,0.056256,0.130802,-1.748615,0.649915,0.136806,-1.758489,0.343994,0.179323,-1.773293,0.029848,0.146146,-1.873673,0.830126,0.083021,-2.001377,1.064024,0.072000,-2.066340,0.892059,0.000762,-2.038698,0.724374,0.130406,-1.724422,1.059496,0.118978,-1.671863,0.883523,0.064732,-1.698887,0.709404
0.133591,-1.875511,0.776847,0.103362,-1.983951,0.640571,0.023837,-2.079058,0.360490,0.095022,-2.130443,0.055366,0.129659,-1.752565,0.650032,0.136603,-1.760520,0.344075,0.179309,-1.773260,0.029865,0.144757,-1.878350,0.829740,0.082272,-2.006763,1.063421,0.071005,-2.071014,0.891206,-0.000230,-2.042628,0.723647,0.129751,-1.729812,1.059620,0.117994,-1.676487,0.883899,0.063469,-1.702112,0.709655
0.132163,-1.880334,0.776246,0.103456,-1.988078,0.639020,0.033134,-2.082499,0.356282,0.105686,-2.138487,0.052310,0.128437,-1.756652,0.650139,0.136216,-1.762628,0.344157,0.179331,-1.773266,0.029927,0.143153,-1.883404,0.829161,0.081284,-2.012470,1.062644,0.069779,-2.075953,0.890162,-0.001384,-2.046696,0.722724,0.128867,-1.735527,1.059509,0.116837,-1.681400,0.884050,0.061903,-1.705498,0.709717
0.130555,-1.885393,0.775610,0.103281,-1.992461,0.637518,0.041058,-2.084975,0.352285,0.112398,-2.144689,0.048759,0.127027,-1.761009,0.650184,0.135590,-1.764868,0.344190,0.179305,-1.773274,0.029980,0.141363,-1.888687,0.828547,0.080048,-2.018372,1.061832,0.068268,-2.081070,0.889083,-0.002795,-2.050885,0.721769,0.127825,-1.741455,1.059351,0.115467,-1.686482,0.884178,0.060197,-1.708903,0.709727
0.128855,-1.890572,0.774957,0.102973,-1.996969,0.636050,0.048314,-2.086948,0.348486,0.117023,-2.149649,0.044983,0.125521,-1.765504,0.650202,0.134840,-1.767175,0.344210,0.179245,-1.773283,0.030049,0.139481,-1.894085,0.827915,0.078690,-2.024376,1.061000,0.066613,-2.086277,0.887986,-0.004334,-2.055136,0.720800,0.126706,-1.747494,1.059168,0.113992,-1.691650,0.884296,0.058424,-1.712318,0.709723
0.127135,-1.896003,0.774828,0.102758,-2.002561,0.635754,0.054046,-2.088384,0.345844,0.116738,-2.149582,0.040727,0.123654,-1.770964,0.650043,0.133870,-1.769980,0.344077,0.179234,-1.773281,0.030018,0.137578,-1.899532,0.827822,0.076927,-2.030431,1.060604,0.064475,-2.091583,0.887354,-0.006148,-2.059294,0.720249,0.125097,-1.753573,1.059493,0.112092,-1.696924,0.884900,0.056265,-1.715758,0.710203
0.125459,-1.901477,0.774637,0.102485,-2.008079,0.635351,0.058399,-2.090182,0.343614,0.116717,-2.149443,0.037258,0.121821,-1.776374,0.649916,0.132928,-1.772756,0.344002,0.179205,-1.773262,0.030066,0.135712,-1.905044,0.827668,0.075208,-2.036622,1.060108,0.062332,-2.097019,0.886627,-0.007946,-2.063607,0.719599,0.123340,-1.759757,1.059767,0.110071,-1.702326,0.885448,0.054082,-1.719301,0.710613
0.123873,-1.907034,0.774326,0.102093,-2.013457,0.634710,0.059876,-2.092795,0.341922,0.117037,-2.149184,0.034848,0.120053,-1.781681,0.649856,0.132057,-1.775480,0.344018,0.179181,-1.773214,0.030220,0.133921,-1.910689,0.827390,0.073577,-2.043076,1.059416,0.060178,-2.102716,0.885717,-0.009719,-2.068228,0.718749,0.121292,-1.766142,1.059938,0.107812,-1.707980,0.885876,0.051841,-1.723047,0.710861
0.122587,-1.912736,0.774470,0.102006,-2.019771,0.635141,0.060841,-2.095861,0.341339,0.117129,-2.148946,0.033541,0.118177,-1.787818,0.649582,0.131116,-1.778665,0.343856,0.179206,-1.773225,0.030249,0.132488,-1.916272,0.827573,0.072170,-2.049556,1.059100,0.058144,-2.108469,0.885208,-0.011483,-2.073043,0.718328,0.118911,-1.772462,1.060524,0.105456,-1.713712,0.886655,0.049664,-1.727260,0.711459
0.121452,-1.918509,0.774841,0.102079,-2.026543,0.636112,0.061521,-2.099140,0.341343,0.117044,-2.148690,0.032833,0.116255,-1.794379,0.649202,0.130103,-1.782082,0.343627,0.179172,-1.773257,0.030255,0.131232,-1.921825,0.827985,0.070885,-2.056052,1.058971,0.056176,-2.114260,0.884903,-0.013244,-2.077975,0.718127,0.116367,-1.778757,1.061312,0.103047,-1.719488,0.887607,0.047510,-1.731711,0.712232
0.120432,-1.924591,0.775098,0.101786,-2.033514,0.636966,0.061546,-2.102815,0.341362,0.117081,-2.149068,0.032359,0.114806,-1.801211,0.648742,0.129353,-1.785591,0.343352,0.179191,-1.773293,0.030222,0.130129,-1.927692,0.828273,0.069914,-2.062859,1.058756,0.054717,-2.120597,0.884577,-0.014844,-2.083679,0.717999,0.113631,-1.785290,1.061893,0.100598,-1.725666,0.888286,0.045419,-1.737188,0.712751
0.119389,-1.930800,0.775340,0.101277,-2.040602,0.637834,0.061444,-2.106510,0.341397,0.117083,-2.149409,0.031947,0.113514,-1.808190,0.648249,0.128656,-1.789153,0.343081,0.179175,-1.773334,0.030222,0.129013,-1.933681,0.828543,0.068998,-2.069724,1.058572,0.053475,-2.127079,0.884298,-0.016403,-2.089622,0.717974,0.110905,-1.791887,1.062409,0.098159,-1.731957,0.888884,0.043378,-1.743005,0.713194
0.118298,-1.937263,0.775553,0.100330,-2.047931,0.638722,0.061134,-2.110263,0.341421,0.117107,-2.149700,0.031590,0.112529,-1.815459,0.647686,0.128122,-1.792822,0.342787,0.179210,-1.773393,0.030224,0.127873,-1.939911,0.828778,0.068169,-2.076702,1.058452,0.052652,-2.133837,0.884105,-0.017882,-2.096009,0.718140,0.108189,-1.798596,1.062802,0.095739,-1.738466,0.889323,0.041448,-1.749497,0.713480
0.117048,-1.943928,0.775800,0.099026,-2.055683,0.639861,0.061208,-2.113946,0.341544,0.117078,-2.149847,0.031281,0.111500,-1.823166,0.646933,0.126863,-1.796630,0.342337,0.179189,-1.773446,0.030243,0.126599,-1.946282,0.829045,0.067363,-2.083776,1.058423,0.052180,-2.140786,0.884004,-0.019315,-2.102667,0.718515,0.105470,-1.805408,1.063205,0.093181,-1.745049,0.889795,0.039449,-1.756517,0.713808
0.115718,-1.950694,0.776065,0.097541,-2.063640,0.641133,0.061543,-2.117597,0.341765,0.117158,-2.149918,0.031078,0.110446,-1.831099,0.646093,0.125279,-1.800516,0.341849,0.179218,-1.773515,0.030349,0.125260,-1.952722,0.829324,0.066599,-2.090896,1.058442,0.051894,-2.147826,0.883954,-0.020737,-2.109474,0.719011,0.102778,-1.812278,1.063615,0.090561,-1.751676,0.890285,0.037415,-1.763802,0.714165
0.114375,-1.957707,0.776306,0.096207,-2.072116,0.642611,0.062757,-2.121204,0.342094,0.117090,-2.150014,0.030839,0.109495,-1.839564,0.644980,0.123633,-1.804632,0.341172,0.179181,-1.773557,0.030345,0.123841,-1.959331,0.829591,0.065776,-2.098084,1.058508,0.051859,-2.154934,0.883925,-0.021863,-2.116505,0.719482,0.100150,-1.819244,1.063978,0.087765,-1.758374,0.890756,0.035037,-1.771555,0.714586
0.113062,-1.964719,0.776502,0.094970,-2.080604,0.644075,0.064205,-2.124788,0.342495,0.117139,-2.150098,0.030696,0.108523,-1.848063,0.643825,0.121983,-1.808777,0.340517,0.179214,-1.773632,0.030440,0.122450,-1.965935,0.829808,0.064963,-2.105248,1.058528,0.051841,-2.161965,0.883838,-0.022840,-2.123600,0.719808,0.097588,-1.826203,1.064288,0.085040,-1.765062,0.891176,0.032658,-1.779332,0.714987
0.111813,-1.971731,0.776606,0.093935,-2.089126,0.645491,0.065981,-2.128319,0.342932,0.117159,-2.150166,0.030574,0.107516,-1.856612,0.642566,0.120248,-1.812959,0.339824,0.179229,-1.773734,0.030574,0.121109,-1.972528,0.829931,0.064109,-2.112368,1.058449,0.051827,-2.168853,0.883618,-0.023497,-2.130782,0.719810,0.095104,-1.833143,1.064495,0.082445,-1.771720,0.891492,0.030271,-1.787151,0.715339
0.110613,-1.978635,0.776526,0.093110,-2.097567,0.646758,0.067987,-2.131799,0.343336,0.117187,-2.150226,0.030433,0.106295,-1.865086,0.641127,0.117303,-1.817031,0.338984,0.179224,-1.773868,0.030855,0.119814,-1.979008,0.829865,0.063277,-2.119391,1.058163,0.051783,-2.175571,0.883178,-0.023867,-2.138116,0.719378,0.092699,-1.840002,1.064528,0.079979,-1.778295,0.891631,0.027764,-1.794912,0.715598
0.109438,-1.985485,0.776355,0.092391,-2.105958,0.647961,0.070132,-2.135239,0.343785,0.117259,-2.150247,0.030374,0.104971,-1.873532,0.639608,0.113777,-1.821065,0.338127,0.179250,-1.774084,0.031321,0.118544,-1.985432,0.829702,0.062475,-2.126364,1.057775,0.051732,-2.182201,0.882629,-0.024085,-2.145523,0.718733,0.090348,-1.846824,1.064473,0.077578,-1.784833,0.891682,0.025192,-1.802651,0.715816
0.108421,-1.992138,0.776039,0.092059,-2.113888,0.648773,0.072397,-2.138539,0.344002,0.117298,-2.150347,0.030119,0.103636,-1.881504,0.638214,0.110907,-1.824955,0.337430,0.179235,-1.774318,0.031847,0.117432,-1.991737,0.829393,0.061549,-2.133214,1.057172,0.051567,-2.188767,0.881891,-0.023772,-2.152815,0.717617,0.088054,-1.853550,1.064266,0.075367,-1.791345,0.891544,0.022633,-1.810125,0.715883
0.107436,-1.998727,0.775759,0.091772,-2.121579,0.649473,0.074399,-2.141802,0.344232,0.117362,-2.150396,0.029969,0.102289,-1.889241,0.637017,0.108187,-1.828811,0.336958,0.179254,-1.774725,0.032605,0.116363,-1.998023,0.829114,0.060688,-2.140021,1.056620,0.051374,-2.195288,0.881212,-0.023349,-2.160018,0.716511,0.085843,-1.860241,1.064079,0.073168,-1.797858,0.891420,0.020075,-1.817571,0.715970
0.106517,-2.005188,0.775548,0.091574,-2.128806,0.649927,0.075830,-2.145023,0.344359,0.117403,-2.150423,0.029837,0.100910,-1.896491,0.636193,0.105722,-1.832557,0.336842,0.179274,-1.775369,0.033648,0.115378,-2.004270,0.828903,0.059923,-2.146740,1.056169,0.051107,-2.201722,0.880647,-0.022720,-2.167053,0.715416,0.083771,-1.866855,1.063941,0.070987,-1.804367,0.891327,0.017538,-1.824952,0.716085
0.105635,-2.011474,0.775538,0.091323,-2.135431,0.650182,0.076648,-2.148114,0.344396,0.117433,-2.150432,0.029736,0.099563,-1.903107,0.635936,0.103263,-1.836063,0.337251,0.179339,-1.776217,0.035184,0.114450,-2.010455,0.828896,0.059118,-2.153262,1.055981,0.050717,-2.208052,0.880381,-0.021953,-2.174036,0.714506,0.081863,-1.873292,1.063949,0.068963,-1.810829,0.891334,0.015254,-1.832156,0.716262
0.104771,-2.017672,0.775629,0.091045,-2.141757,0.650336,0.077148,-2.151141,0.344397,0.117438,-2.150431,0.029671,0.098230,-1.909406,0.635961,0.100799,-1.839456,0.337933,0.179407,-1.777199,0.036986,0.113551,-2.016608,0.828991,0.058290,-2.159687,1.055925,0.050266,-2.214331,0.880264,-0.021116,-2.180999,0.713696,0.080034,-1.879643,1.064031,0.067020,-1.817268,0.891392,0.013101,-1.839271,0.716467
0.104027,-2.023376,0.775998,0.090518,-2.147021,0.650247,0.076591,-2.153903,0.344243,0.117453,-2.150418,0.029623,0.097233,-1.914606,0.636723,0.098144,-1.842437,0.339215,0.179646,-1.778821,0.039301,0.112779,-2.022427,0.829371,0.057492,-2.165747,1.056148,0.049803,-2.220270,0.880438,-0.020023,-2.187764,0.713051,0.078391,-1.885644,1.064396,0.065207,-1.823580,0.891658,0.011370,-1.845986,0.716760
0.103368,-2.028896,0.776417,0.089990,-2.152022,0.650140,0.075977,-2.156545,0.344096,0.117461,-2.150415,0.029612,0.096331,-1.919542,0.637599,0.095063,-1.845315,0.340600,0.179999,-1.780903,0.041792,0.112097,-2.028090,0.829799,0.056661,-2.171656,1.056386,0.049403,-2.226086,0.880631,-0.018947,-2.194439,0.712474,0.076845,-1.891509,1.064820,0.063482,-1.829815,0.891962,0.009758,-1.852659,0.717085
0.102880,-2.034051,0.776932,0.089465,-2.156496,0.649998,0.075256,-2.158948,0.343937,0.117469,-2.150428,0.029620,0.095618,-1.923947,0.638702,0.091132,-1.847970,0.342178,0.180569,-1.783913,0.044599,0.111592,-2.033441,0.830325,0.055764,-2.177263,1.056652,0.049127,-2.231654,0.880862,-0.017899,-2.200912,0.712013,0.075494,-1.897094,1.065361,0.061931,-1.835893,0.892344,0.008381,-1.859240,0.717481
0.102385,-2.038871,0.777445,0.088797,-2.160655,0.649897,0.074887,-2.161042,0.343809,0.117472,-2.150444,0.029616,0.094890,-1.928050,0.639784,0.086014,-1.850380,0.343797,0.181383,-1.787997,0.047721,0.111092,-2.038464,0.830844,0.054885,-2.182605,1.056872,0.048989,-2.237012,0.881060,-0.016972,-2.206992,0.711669,0.074373,-1.902433,1.065977,0.060557,-1.841712,0.892812,0.007159,-1.865625,0.717978
0.101886,-2.043524,0.777957,0.088058,-2.164655,0.649817,0.074698,-2.162983,0.343705,0.117484,-2.150465,0.029618,0.094156,-1.932002,0.640862,0.080295,-1.852644,0.345514,0.182171,-1.792978,0.051074,0.110595,-2.043323,0.831361,0.054013,-2.187813,1.057067,0.048921,-2.242266,0.881244,-0.016102,-2.212874,0.711385,0.073363,-1.907648,1.066629,0.059273,-1.847400,0.893322,0.006017,-1.871910,0.718528
0.101426,-2.047583,0.778403,0.087182,-2.168019,0.649656,0.074317,-2.164608,0.343529,0.117511,-2.150446,0.029579,0.093594,-1.935327,0.641907,0.073981,-1.854481,0.347285,0.182947,-1.799039,0.054618,0.110120,-2.047621,0.831812,0.052852,-2.192485,1.057100,0.048627,-2.247234,0.881345,-0.015633,-2.218077,0.711152,0.072629,-1.912372,1.067293,0.058428,-1.852639,0.893817,0.005053,-1.877727,0.719141
0.100947,-2.051435,0.778804,0.086254,-2.171251,0.649534,0.074049,-2.166123,0.343397,0.117537,-2.150427,0.029568,0.093017,-1.938531,0.642851,0.068187,-1.856903,0.348835,0.182991,-1.805775,0.057681,0.109653,-2.051698,0.832212,0.051714,-2.196998,1.057042,0.048279,-2.252075,0.881371,-0.015185,-2.223139,0.710839,0.071978,-1.916948,1.067958,0.057684,-1.857706,0.894322,0.004136,-1.883376,0.719783
0.100433,-2.054872,0.779116,0.085219,-2.174227,0.649488,0.073998,-2.167426,0.343336,0.117543,-2.150409,0.029589,0.092409,-1.941492,0.643572,0.063438,-1.860565,0.349741,0.182045,-1.812860,0.059609,0.109206,-2.055334,0.832512,0.050623,-2.201198,1.056804,0.047827,-2.256661,0.881244,-0.014778,-2.227917,0.710360,0.071499,-1.921230,1.068628,0.057143,-1.862431,0.894846,0.003317,-1.888691,0.720481
0.099893,-2.057904,0.779361,0.084235,-2.176886,0.649450,0.074009,-2.168564,0.343294,0.117530,-2.150400,0.029611,0.091719,-1.944139,0.644159,0.058762,-1.865499,0.350131,0.179931,-1.820429,0.060704,0.108735,-2.058551,0.832743,0.049520,-2.205079,1.056431,0.047154,-2.260913,0.880983,-0.014551,-2.232442,0.709729,0.071081,-1.925209,1.069303,0.056759,-1.866789,0.895390,0.002568,-1.893585,0.721220
0.099339,-2.060735,0.779572,0.083277,-2.179387,0.649417,0.074056,-2.169623,0.343266,0.117513,-2.150398,0.029640,0.090990,-1.946628,0.644681,0.054085,-1.871067,0.350319,0.177173,-1.828005,0.061458,0.108251,-2.061560,0.832938,0.048408,-2.208798,1.055989,0.046366,-2.264995,0.880654,-0.014421,-2.236841,0.709023,0.070691,-1.929038,1.069977,0.056453,-1.870965,0.895941,0.001848,-1.898266,0.721978
0.098563,-2.063113,0.779689,0.082317,-2.181582,0.649399,0.074325,-2.170473,0.343255,0.117523,-2.150371,0.029647,0.090056,-1.948811,0.644980,0.050439,-1.878034,0.349784,0.172698,-1.836953,0.060336,0.107529,-2.064077,0.833040,0.047398,-2.212099,1.055493,0.045297,-2.268572,0.880249,-0.014649,-2.240896,0.708247,0.070293,-1.932448,1.070625,0.056199,-1.874668,0.896479,0.001231,-1.902602,0.722731
0.097695,-2.065313,0.779772,0.081302,-2.183627,0.649368,0.074503,-2.171276,0.343240,0.117532,-2.150356,0.029663,0.089070,-1.950847,0.645214,0.047318,-1.885090,0.349154,0.167579,-1.845988,0.058636,0.106711,-2.066408,0.833109,0.046410,-2.215227,1.054981,0.044170,-2.271943,0.879819,-0.015090,-2.244783,0.707500,0.069871,-1.935685,1.071253,0.055911,-1.878189,0.897002,0.000704,-1.906752,0.723433
0.096645,-2.067157,0.779786,0.080178,-2.185373,0.649313,0.074490,-2.171979,0.343204,0.117528,-2.150356,0.029678,0.087979,-1.952590,0.645318,0.045298,-1.892320,0.348222,0.161303,-1.855479,0.055694,0.105705,-2.068364,0.833110,0.045473,-2.218011,1.054442,0.042935,-2.274903,0.879341,-0.015947,-2.248324,0.706806,0.069407,-1.938576,1.071844,0.055559,-1.881344,0.897499,0.000369,-1.910534,0.724029
0.095434,-2.068701,0.779734,0.078981,-2.186937,0.649288,0.074501,-2.172576,0.343201,0.117529,-2.150353,0.029717,0.086819,-1.954156,0.645239,0.044452,-1.899169,0.347074,0.153867,-1.864569,0.051742,0.104523,-2.069982,0.833047,0.044588,-2.220473,1.053886,0.041695,-2.277454,0.878821,-0.017008,-2.251403,0.706147,0.068836,-1.941133,1.072375,0.055082,-1.884145,0.897943,-0.000003,-1.913917,0.724538
0.094142,-2.070095,0.779649,0.077747,-2.188411,0.649278,0.074524,-2.173120,0.343220,0.117532,-2.150348,0.029774,0.085624,-1.955634,0.645069,0.044217,-1.905837,0.345859,0.145829,-1.873664,0.047469,0.103253,-2.071432,0.832952,0.043730,-2.222773,1.053320,0.040454,-2.279801,0.878277,-0.018171,-2.254250,0.705502,0.068211,-1.943523,1.072872,0.054542,-1.886771,0.898357,-0.000394,-1.917101,0.725001
0.092655,-2.071090,0.779410,0.076258,-2.189540,0.649169,0.074121,-2.173564,0.343135,0.117532,-2.150328,0.029784,0.084454,-1.956784,0.644667,0.045494,-1.911617,0.344396,0.136740,-1.882103,0.042340,0.101779,-2.072449,0.832705,0.042998,-2.224554,1.052745,0.039271,-2.281571,0.877705,-0.020000,-2.256473,0.705087,0.067510,-1.945366,1.073165,0.053908,-1.888813,0.898581,-0.000772,-1.919523,0.725211
0.091116,-2.072000,0.779149,0.074703,-2.190601,0.649057,0.073630,-2.173991,0.343049,0.117525,-2.150315,0.029805,0.083244,-1.957867,0.644232,0.046787,-1.917118,0.343018,0.127600,-1.890373,0.037673,0.100254,-2.073370,0.832437,0.042332,-2.226192,1.052206,0.038124,-2.283170,0.877162,-0.021940,-2.258442,0.704768,0.066785,-1.947054,1.073405,0.053186,-1.890697,0.898758,-0.001255,-1.921806,0.725384
0.089472,-2.072742,0.778848,0.073015,-2.191525,0.648937,0.072960,-2.174379,0.342955,0.117503,-2.150318,0.029840,0.081952,-1.958817,0.643729,0.048075,-1.922044,0.341703,0.118427,-1.897997,0.033458,0.098626,-2.074097,0.832129,0.041799,-2.227545,1.051746,0.037047,-2.284428,0.876683,-0.024108,-2.259903,0.704644,0.066016,-1.948429,1.073544,0.052289,-1.892263,0.898847,-0.001949,-1.923804,0.725487
0.088034,-2.073393,0.778949,0.071267,-2.191757,0.648700,0.071267,-2.174721,0.342711,0.117498,-2.150330,0.029885,0.080659,-1.959055,0.644169,0.047769,-1.923932,0.341838,0.114986,-1.901041,0.032765,0.097272,-2.074873,0.832215,0.041454,-2.228710,1.051819,0.036096,-2.285460,0.876727,-0.026297,-2.261008,0.705122,0.065313,-1.949586,1.073908,0.051375,-1.893621,0.899165,-0.002394,-1.925488,0.725718
0.086700,-2.074000,0.779251,0.069488,-2.191640,0.648408,0.069059,-2.175035,0.342395,0.117494,-2.150345,0.029952,0.079367,-1.958939,0.645084,0.046664,-1.924299,0.342677,0.114434,-1.901801,0.033679,0.096054,-2.075674,0.832497,0.041199,-2.229783,1.052153,0.035207,-2.286380,0.877031,-0.028493,-2.261940,0.705903,0.064636,-1.950633,1.074384,0.050451,-1.894873,0.899597,-0.002714,-1.927006,0.726013
0.085561,-2.074410,0.779430,0.067957,-2.191700,0.648334,0.067823,-2.175165,0.342314,0.117478,-2.150327,0.030086,0.078497,-1.959024,0.645526,0.048497,-1.924559,0.342819,0.114366,-1.901569,0.033413,0.095032,-2.076176,0.832656,0.040918,-2.230345,1.052453,0.034571,-2.286534,0.877207,-0.030305,-2.262225,0.706499,0.064263,-1.951185,1.074653,0.049580,-1.895670,0.899832,-0.002862,-1.927838,0.726035
0.084443,-2.074772,0.779561,0.066639,-2.191779,0.648245,0.066713,-2.175322,0.342222,0.117461,-2.150321,0.030194,0.077490,-1.959116,0.645886,0.049834,-1.924777,0.342941,0.114321,-1.901400,0.033247,0.094011,-2.076611,0.832769,0.040693,-2.230837,1.052719,0.034056,-2.286512,0.877316,-0.032035,-2.262353,0.707051,0.063875,-1.951659,1.074869,0.048666,-1.896351,0.900030,-0.003133,-1.928492,0.726035
0.083367,-2.075039,0.779594,0.065745,-2.191897,0.648126,0.065858,-2.175530,0.342104,0.117450,-2.150325,0.030240,0.076211,-1.959216,0.646075,0.050176,-1.924887,0.342986,0.114323,-1.901273,0.033228,0.092990,-2.076908,0.832793,0.040580,-2.231186,1.052923,0.033781,-2.286134,0.877290,-0.033609,-2.262166,0.707514,0.063464,-1.951975,1.074979,0.047665,-1.896801,0.900152,-0.003641,-1.928812,0.725986
0.082379,-2.075156,0.779638,0.065141,-2.191938,0.648052,0.065332,-2.175652,0.342033,0.117440,-2.150317,0.030271,0.075086,-1.959236,0.646215,0.051704,-1.925013,0.342898,0.114388,-1.901040,0.032849,0.092018,-2.077031,0.832835,0.040541,-2.231363,1.053146,0.033476,-2.285520,0.877275,-0.035057,-2.261229,0.708002,0.062978,-1.952106,1.075084,0.046650,-1.896963,0.900297,-0.004607,-1.928993,0.726119
0.081436,-2.075199,0.779686,0.064681,-2.191939,0.648001,0.064971,-2.175730,0.341986,0.117431,-2.150300,0.030295,0.074037,-1.959215,0.646333,0.053825,-1.925125,0.342773,0.114483,-1.900698,0.032332,0.091071,-2.077068,0.832886,0.040538,-2.231452,1.053379,0.033152,-2.284785,0.877267,-0.036451,-2.259918,0.708513,0.062457,-1.952144,1.075184,0.045629,-1.896981,0.900451,-0.005797,-1.929109,0.726342
0.080564,-2.074818,0.779848,0.063900,-2.191292,0.647917,0.064285,-2.175472,0.341883,0.117415,-2.150237,0.030297,0.073327,-1.958570,0.646722,0.055235,-1.925032,0.342967,0.114506,-1.900816,0.032227,0.090201,-2.076744,0.833048,0.040517,-2.231204,1.053682,0.032547,-2.283762,0.877364,-0.037859,-2.257826,0.709100,0.062009,-1.951857,1.075414,0.044689,-1.896528,0.900780,-0.007343,-1.928480,0.726819
0.079687,-2.074347,0.780027,0.063021,-2.190526,0.647837,0.063523,-2.175162,0.341781,0.117401,-2.150192,0.030309,0.072689,-1.957814,0.647146,0.056782,-1.924886,0.343202,0.114522,-1.900887,0.032141,0.089333,-2.076339,0.833225,0.040450,-2.230879,1.053985,0.031945,-2.282774,0.877497,-0.039181,-2.255731,0.709705,0.061582,-1.951501,1.075666,0.043731,-1.896023,0.901133,-0.008888,-1.927724,0.727302
0.078802,-2.073696,0.780238,0.061948,-2.189523,0.647767,0.062605,-2.174746,0.341681,0.117383,-2.150183,0.030342,0.072199,-1.956837,0.647634,0.058599,-1.924644,0.343499,0.114515,-1.900904,0.032069,0.088467,-2.075775,0.833433,0.040294,-2.230404,1.054286,0.031355,-2.281860,0.877693,-0.040322,-2.253625,0.710329,0.061198,-1.951010,1.075967,0.042737,-1.895418,0.901533,-0.010433,-1.926713,0.727797
0.077948,-2.072962,0.780449,0.060923,-2.188465,0.647721,0.061818,-2.174268,0.341606,0.117367,-2.150161,0.030376,0.071733,-1.955806,0.648101,0.060661,-1.924399,0.343781,0.114525,-1.900916,0.031952,0.087636,-2.075122,0.833638,0.040181,-2.229850,1.054579,0.030783,-2.280899,0.877895,-0.041223,-2.251497,0.710871,0.060837,-1.950439,1.076270,0.041675,-1.894797,0.901928,-0.011947,-1.925562,0.728236
0.077108,-2.072187,0.780659,0.059921,-2.187379,0.647687,0.061095,-2.173758,0.341546,0.117352,-2.150133,0.030412,0.071279,-1.954750,0.648558,0.062846,-1.924157,0.344071,0.114541,-1.900935,0.031837,0.086823,-2.074423,0.833843,0.040089,-2.229254,1.054867,0.030219,-2.279914,0.878100,-0.042000,-2.249361,0.711373,0.060488,-1.949827,1.076574,0.040579,-1.894169,0.902320,-0.013446,-1.924343,0.728650
0.076488,-2.071442,0.780797,0.059230,-2.186472,0.647697,0.060646,-2.173319,0.341535,0.117336,-2.150132,0.030449,0.070992,-1.953864,0.648821,0.064862,-1.923950,0.344211,0.114558,-1.900898,0.031625,0.086206,-2.073715,0.833980,0.039945,-2.228553,1.055099,0.029749,-2.278934,0.878273,-0.042493,-2.247610,0.711697,0.060244,-1.949118,1.076758,0.039484,-1.893543,0.902577,-0.014938,-1.923200,0.728942
0.075900,-2.070726,0.780903,0.058574,-2.185624,0.647701,0.060254,-2.172900,0.341522,0.117324,-2.150128,0.030477,0.070701,-1.953037,0.649031,0.066765,-1.923758,0.344323,0.114575,-1.900866,0.031418,0.085625,-2.073028,0.834085,0.039779,-2.227823,1.055321,0.029316,-2.277947,0.878440,-0.042875,-2.246007,0.711959,0.060038,-1.948379,1.076885,0.038458,-1.892897,0.902774,-0.016436,-1.922210,0.729229
0.075374,-2.070071,0.780948,0.057990,-2.184896,0.647694,0.059977,-2.172521,0.341502,0.117323,-2.150117,0.030483,0.070400,-1.952325,0.649133,0.068442,-1.923592,0.344354,0.114593,-1.900823,0.031179,0.085118,-2.072382,0.834127,0.039570,-2.227034,1.055524,0.028956,-2.276947,0.878594,-0.043045,-2.244697,0.712090,0.059909,-1.947583,1.076897,0.037570,-1.892211,0.902848,-0.017943,-1.921526,0.729499
0.074931,-2.069420,0.780976,0.057473,-2.184177,0.647676,0.059700,-2.172157,0.341470,0.117324,-2.150115,0.030478,0.070202,-1.951625,0.649208,0.069689,-1.923355,0.344380,0.114607,-1.900752,0.031006,0.084676,-2.071732,0.834156,0.039341,-2.226149,1.055761,0.028619,-2.275686,0.878733,-0.043141,-2.243388,0.712137,0.059786,-1.946685,1.076838,0.036790,-1.891364,0.902859,-0.019338,-1.920859,0.729739
0.074529,-2.068773,0.780997,0.056990,-2.183463,0.647652,0.059423,-2.171801,0.341432,0.117326,-2.150119,0.030469,0.070056,-1.950930,0.649270,0.070720,-1.923084,0.344404,0.114618,-1.900670,0.030865,0.084268,-2.071081,0.834179,0.039101,-2.225215,1.056015,0.028294,-2.274296,0.878864,-0.043200,-2.242076,0.712141,0.059666,-1.945736,1.076744,0.036065,-1.890437,0.902839,-0.020676,-1.920201,0.729965
0.074317,-2.067904,0.781038,0.056526,-2.182539,0.647682,0.059281,-2.171271,0.341445,0.117337,-2.150112,0.030474,0.070245,-1.950044,0.649313,0.070924,-1.922589,0.344411,0.114630,-1.900616,0.030814,0.084027,-2.070206,0.834228,0.038871,-2.224056,1.056263,0.028071,-2.272568,0.878954,-0.043110,-2.240443,0.712080,0.059574,-1.944565,1.076662,0.035469,-1.889167,0.902857,-0.021775,-1.919132,0.730185
0.074091,-2.067016,0.781087,0.056061,-2.181609,0.647730,0.059166,-2.170737,0.341478,0.117340,-2.150112,0.030492,0.070325,-1.949146,0.649360,0.070974,-1.922086,0.344423,0.114634,-1.900568,0.030789,0.083793,-2.069311,0.834279,0.038649,-2.222887,1.056504,0.027932,-2.270909,0.879056,-0.042931,-2.238827,0.712039,0.059505,-1.943387,1.076591,0.034921,-1.887901,0.902882,-0.022811,-1.918000,0.730395
0.073838,-2.066089,0.781149,0.055592,-2.180667,0.647815,0.059110,-2.170192,0.341552,0.117336,-2.150127,0.030537,0.070188,-1.948224,0.649415,0.070719,-1.921566,0.344442,0.114632,-1.900534,0.030813,0.083574,-2.068374,0.834336,0.038443,-2.221702,1.056733,0.027959,-2.269390,0.879181,-0.042579,-2.237253,0.712036,0.059481,-1.942197,1.076542,0.034468,-1.886645,0.902915,-0.023725,-1.916742,0.730583
0.073657,-2.065133,0.781184,0.055230,-2.179686,0.647858,0.058959,-2.169676,0.341579,0.117326,-2.150138,0.030557,0.070093,-1.947260,0.649456,0.070491,-1.921036,0.344446,0.114621,-1.900508,0.030816,0.083421,-2.067413,0.834368,0.038227,-2.220473,1.056935,0.027980,-2.267964,0.879316,-0.042173,-2.235654,0.712042,0.059519,-1.940968,1.076460,0.034105,-1.885414,0.902892,-0.024464,-1.915450,0.730677
0.073512,-2.064163,0.781206,0.054923,-2.178685,0.647879,0.058761,-2.169174,0.341584,0.117311,-2.150148,0.030565,0.070019,-1.946275,0.649490,0.070276,-1.920501,0.344441,0.114605,-1.900485,0.030808,0.083301,-2.066439,0.834386,0.038007,-2.219221,1.057122,0.027999,-2.266584,0.879456,-0.041739,-2.234043,0.712053,0.059588,-1.939720,1.076360,0.033787,-1.884193,0.902840,-0.025117,-1.914142,0.730724
0.073321,-2.063262,0.781216,0.054779,-2.177779,0.647877,0.058606,-2.168747,0.341568,0.117318,-2.150145,0.030554,0.069869,-1.945368,0.649505,0.070335,-1.920051,0.344418,0.114624,-1.900466,0.030753,0.083095,-2.065517,0.834401,0.037822,-2.217948,1.057380,0.027897,-2.265270,0.879701,-0.041244,-2.232484,0.712099,0.059623,-1.938436,1.076209,0.033668,-1.883033,0.902672,-0.025613,-1.912915,0.730674
0.073140,-2.062340,0.781228,0.054673,-2.176858,0.647879,0.058463,-2.168317,0.341556,0.117325,-2.150142,0.030546,0.069724,-1.944445,0.649518,0.070410,-1.919593,0.344394,0.114636,-1.900438,0.030694,0.082892,-2.064573,0.834419,0.037685,-2.216676,1.057634,0.027810,-2.263962,0.879946,-0.040717,-2.230940,0.712138,0.059655,-1.937151,1.076071,0.033572,-1.881868,0.902515,-0.026039,-1.911747,0.730630
0.072980,-2.061377,0.781246,0.054645,-2.175908,0.647887,0.058345,-2.167881,0.341551,0.117330,-2.150141,0.030539,0.069592,-1.943489,0.649530,0.070515,-1.919119,0.344367,0.114636,-1.900394,0.030627,0.082697,-2.063582,0.834445,0.037645,-2.215406,1.057883,0.027752,-2.262663,0.880190,-0.040130,-2.229426,0.712163,0.059680,-1.935861,1.075959,0.033520,-1.880690,0.902379,-0.026325,-1.910700,0.730598
0.072803,-2.060418,0.781255,0.054612,-2.174959,0.647883,0.058164,-2.167472,0.341534,0.117326,-2.150138,0.030533,0.069296,-1.942523,0.649550,0.070428,-1.918636,0.344350,0.114628,-1.900344,0.030596,0.082520,-2.062598,0.834456,0.037695,-2.214169,1.058110,0.027886,-2.261475,0.880427,-0.039585,-2.228130,0.712258,0.059674,-1.934597,1.075836,0.033463,-1.879562,0.902220,-0.026464,-1.909611,0.730475
0.072619,-2.059463,0.781260,0.054578,-2.174011,0.647872,0.057951,-2.167076,0.341512,0.117318,-2.150136,0.030530,0.068919,-1.941554,0.649575,0.070246,-1.918148,0.344338,0.114618,-1.900290,0.030586,0.082352,-2.061617,0.834459,0.037790,-2.212950,1.058326,0.028116,-2.260343,0.880661,-0.039061,-2.226940,0.712386,0.059650,-1.933346,1.075708,0.033403,-1.878460,0.902050,-0.026530,-1.908502,0.730305
0.072465,-2.058499,0.781256,0.054451,-2.173039,0.647858,0.057600,-2.166698,0.341485,0.117333,-2.150144,0.030555,0.068566,-1.940568,0.649601,0.069963,-1.917657,0.344327,0.114619,-1.900290,0.030590,0.082244,-2.060639,0.834449,0.037961,-2.211803,1.058483,0.028512,-2.259280,0.880829,-0.038477,-2.225838,0.712485,0.059679,-1.932171,1.075605,0.033349,-1.877404,0.901922,-0.026485,-1.907472,0.730147
0.072322,-2.057576,0.781255,0.054333,-2.172103,0.647843,0.057276,-2.166323,0.341459,0.117338,-2.150143,0.030575,0.068258,-1.939622,0.649629,0.069731,-1.917186,0.344320,0.114617,-1.900290,0.030592,0.082138,-2.059700,0.834443,0.038118,-2.210681,1.058649,0.028897,-2.258248,0.881007,-0.037929,-2.224784,0.712603,0.059700,-1.931021,1.075496,0.033293,-1.876383,0.901785,-0.026400,-1.906419,0.729955
0.072199,-2.056734,0.781257,0.054234,-2.171242,0.647825,0.057003,-2.165954,0.341433,0.117320,-2.150124,0.030582,0.068041,-1.938754,0.649658,0.069599,-1.916757,0.344318,0.114607,-1.900290,0.030586,0.082035,-2.058841,0.834442,0.038251,-2.209611,1.058835,0.029258,-2.257276,0.881208,-0.037452,-2.223826,0.712756,0.059705,-1.929922,1.075377,0.033231,-1.875433,0.901630,-0.026239,-1.905321,0.729698
0.072086,-2.055951,0.781268,0.054127,-2.170441,0.647818,0.056723,-2.165625,0.341418,0.117313,-2.150120,0.030606,0.067838,-1.937947,0.649695,0.069443,-1.916349,0.344326,0.114608,-1.900283,0.030598,0.081944,-2.058041,0.834450,0.038342,-2.208544,1.059056,0.029551,-2.256302,0.881444,-0.037019,-2.222920,0.712923,0.059768,-1.928831,1.075242,0.033305,-1.874499,0.901444,-0.026033,-1.904317,0.729454
0.071978,-2.055198,0.781283,0.054017,-2.169669,0.647817,0.056439,-2.165315,0.341410,0.117312,-2.150121,0.030639,0.067642,-1.937171,0.649736,0.069275,-1.915952,0.344340,0.114616,-1.900273,0.030619,0.081858,-2.057269,0.834463,0.038414,-2.207479,1.059293,0.029810,-2.255328,0.881696,-0.036609,-2.222042,0.713095,0.059859,-1.927745,1.075098,0.033447,-1.873575,0.901242,-0.025804,-1.903362,0.729216
0.071906,-2.054462,0.781277,0.054000,-2.168946,0.647817,0.056351,-2.164980,0.341406,0.117295,-2.150111,0.030634,0.067428,-1.936437,0.649735,0.069149,-1.915586,0.344315,0.114604,-1.900256,0.030594,0.081812,-2.056508,0.834454,0.038583,-2.206503,1.059468,0.030069,-2.254402,0.881880,-0.036291,-2.221219,0.713236,0.059919,-1.926742,1.074967,0.033536,-1.872696,0.901068,-0.025653,-1.902544,0.729032
0.071813,-2.053747,0.781278,0.053983,-2.168253,0.647826,0.056275,-2.164662,0.341413,0.117286,-2.150103,0.030638,0.067153,-1.935729,0.649740,0.068963,-1.915234,0.344296,0.114591,-1.900240,0.030585,0.081751,-2.055769,0.834451,0.038753,-2.205558,1.059645,0.030317,-2.253504,0.882067,-0.035966,-2.220436,0.713371,0.059993,-1.925772,1.074848,0.033630,-1.871843,0.900909,-0.025494,-1.901779,0.728866
0.071680,-2.053078,0.781291,0.053966,-2.167618,0.647855,0.056225,-2.164381,0.341441,0.117291,-2.150101,0.030663,0.066758,-1.935072,0.649754,0.068661,-1.914909,0.344288,0.114578,-1.900226,0.030607,0.081660,-2.055073,0.834457,0.038927,-2.204672,1.059828,0.030542,-2.252665,0.882260,-0.035628,-2.219733,0.713494,0.060096,-1.924865,1.074755,0.033732,-1.871045,0.900783,-0.025319,-1.901118,0.728738
0.071554,-2.052401,0.781300,0.054019,-2.166981,0.647876,0.056213,-2.164099,0.341461,0.117295,-2.150102,0.030673,0.066400,-1.934413,0.649758,0.068456,-1.914598,0.344271,0.114575,-1.900223,0.030607,0.081553,-2.054369,0.834464,0.039091,-2.203814,1.059987,0.030716,-2.251831,0.882426,-0.035375,-2.219036,0.713602,0.060145,-1.923985,1.074678,0.033796,-1.870259,0.900675,-0.025159,-1.900446,0.728617
0.071432,-2.051718,0.781308,0.054106,-2.166343,0.647893,0.056220,-2.163817,0.341479,0.117300,-2.150103,0.030676,0.066060,-1.933753,0.649758,0.068302,-1.914294,0.344248,0.114578,-1.900225,0.030596,0.081438,-2.053659,0.834472,0.039251,-2.202970,1.060135,0.030865,-2.251000,0.882578,-0.035163,-2.218343,0.713702,0.060167,-1.923118,1.074610,0.033841,-1.869481,0.900576,-0.025007,-1.899768,0.728499
0.071323,-2.051114,0.781317,0.054186,-2.165760,0.647895,0.056211,-2.163557,0.341481,0.117304,-2.150094,0.030669,0.065809,-1.933154,0.649769,0.068199,-1.914014,0.344241,0.114580,-1.900220,0.030593,0.081321,-2.053026,0.834484,0.039362,-2.202125,1.060330,0.030917,-2.250178,0.882782,-0.035041,-2.217619,0.713860,0.060149,-1.922247,1.074497,0.033949,-1.868735,0.900406,-0.024859,-1.899246,0.728355
0.071220,-2.050533,0.781329,0.054253,-2.165200,0.647902,0.056205,-2.163303,0.341488,0.117308,-2.150084,0.030667,0.065575,-1.932579,0.649783,0.068108,-1.913742,0.344236,0.114583,-1.900211,0.030592,0.081213,-2.052416,0.834499,0.039467,-2.201300,1.060526,0.030980,-2.249388,0.882990,-0.034937,-2.216928,0.714033,0.060132,-1.921396,1.074384,0.034055,-1.868008,0.900236,-0.024722,-1.898718,0.728210
0.071132,-2.049998,0.781347,0.054295,-2.164684,0.647919,0.056203,-2.163061,0.341506,0.117313,-2.150071,0.030675,0.065375,-1.932051,0.649800,0.068039,-1.913486,0.344238,0.114584,-1.900194,0.030595,0.081124,-2.051853,0.834518,0.039562,-2.200514,1.060726,0.031066,-2.248661,0.883206,-0.034867,-2.216303,0.714236,0.060117,-1.920585,1.074270,0.034157,-1.867321,0.900066,-0.024608,-1.898177,0.728062
0.071084,-2.049472,0.781359,0.054311,-2.164162,0.647926,0.056161,-2.162825,0.341512,0.117319,-2.150077,0.030680,0.065267,-1.931523,0.649817,0.068005,-1.913227,0.344239,0.114588,-1.900186,0.030592,0.081079,-2.051302,0.834531,0.039689,-2.199736,1.060920,0.031142,-2.247879,0.883402,-0.034852,-2.215639,0.714433,0.060106,-1.919781,1.074146,0.034190,-1.866624,0.899902,-0.024504,-1.897643,0.727903
0.071057,-2.048950,0.781369,0.054314,-2.163637,0.647928,0.056098,-2.162593,0.341514,0.117325,-2.150094,0.030685,0.065205,-1.930995,0.649835,0.067988,-1.912967,0.344241,0.114593,-1.900184,0.030587,0.081056,-2.050757,0.834542,0.039832,-2.198961,1.061111,0.031213,-2.247070,0.883587,-0.034865,-2.214955,0.714627,0.060097,-1.918980,1.074015,0.034188,-1.865923,0.899741,-0.024405,-1.897113,0.727739
0.071070,-2.048466,0.781370,0.054283,-2.163128,0.647915,0.056055,-2.162344,0.341500,0.117323,-2.150094,0.030669,0.065244,-1.930490,0.649854,0.068002,-1.912701,0.344246,0.114582,-1.900165,0.030579,0.081075,-2.050258,0.834543,0.039907,-2.198245,1.061265,0.031299,-2.246387,0.883748,-0.034898,-2.214355,0.714817,0.060073,-1.918245,1.073883,0.034164,-1.865306,0.899573,-0.024285,-1.896624,0.727545
0.071076,-2.047987,0.781373,0.054261,-2.162634,0.647907,0.055988,-2.162111,0.341491,0.117321,-2.150088,0.030664,0.065248,-1.929997,0.649870,0.068002,-1.912443,0.344248,0.114573,-1.900145,0.030571,0.081090,-2.049765,0.834545,0.039976,-2.197540,1.061414,0.031367,-2.245732,0.883911,-0.034919,-2.213766,0.715001,0.060096,-1.917524,1.073760,0.034157,-1.864707,0.899418,-0.024192,-1.896128,0.727375
0.071068,-2.047518,0.781375,0.054256,-2.162166,0.647910,0.055874,-2.161907,0.341494,0.117322,-2.150069,0.030683,0.065182,-1.929527,0.649878,0.067975,-1.912202,0.344244,0.114567,-1.900123,0.030561,0.081096,-2.049282,0.834546,0.040034,-2.196857,1.061554,0.031400,-2.245135,0.884076,-0.034919,-2.213201,0.715172,0.060212,-1.916835,1.073657,0.034184,-1.864144,0.899290,-0.024154,-1.895618,0.727253
0.071042,-2.047072,0.781376,0.054215,-2.161720,0.647914,0.055760,-2.161717,0.341498,0.117315,-2.150074,0.030701,0.065087,-1.929079,0.649885,0.067909,-1.911974,0.344239,0.114552,-1.900111,0.030556,0.081091,-2.048823,0.834543,0.040055,-2.196214,1.061676,0.031390,-2.244548,0.884215,-0.034918,-2.212652,0.715299,0.060296,-1.916186,1.073557,0.034256,-1.863612,0.899156,-0.024149,-1.895214,0.727165
0.071006,-2.046636,0.781377,0.054156,-2.161285,0.647918,0.055646,-2.161533,0.341503,0.117304,-2.150090,0.030720,0.064979,-1.928641,0.649892,0.067822,-1.911753,0.344234,0.114534,-1.900104,0.030555,0.081082,-2.048375,0.834540,0.040058,-2.195590,1.061789,0.031359,-2.243968,0.884342,-0.034917,-2.212110,0.715406,0.060364,-1.915558,1.073458,0.034350,-1.863096,0.899020,-0.024160,-1.894862,0.727095
0.070971,-2.046234,0.781372,0.054155,-2.160889,0.647915,0.055636,-2.161342,0.341501,0.117308,-2.150082,0.030714,0.064862,-1.928240,0.649892,0.067788,-1.911556,0.344223,0.114553,-1.900096,0.030545,0.081062,-2.047962,0.834532,0.040062,-2.195007,1.061895,0.031333,-2.243475,0.884474,-0.034930,-2.211652,0.715527,0.060497,-1.914977,1.073371,0.034432,-1.862620,0.898908,-0.024253,-1.894573,0.727078
0.070935,-2.045839,0.781374,0.054143,-2.160498,0.647918,0.055609,-2.161158,0.341506,0.117311,-2.150081,0.030717,0.064759,-1.927845,0.649898,0.067746,-1.911361,0.344219,0.114562,-1.900089,0.030543,0.081038,-2.047558,0.834533,0.040059,-2.194450,1.061998,0.031287,-2.242982,0.884597,-0.034946,-2.211170,0.715637,0.060612,-1.914421,1.073298,0.034515,-1.862166,0.898810,-0.024331,-1.894300,0.727068
0.070895,-2.045459,0.781390,0.054110,-2.160119,0.647934,0.055550,-2.160987,0.341523,0.117310,-2.150091,0.030739,0.064682,-1.927463,0.649919,0.067690,-1.911169,0.344230,0.114553,-1.900086,0.030555,0.081007,-2.047171,0.834548,0.040044,-2.193943,1.062094,0.031203,-2.242488,0.884700,-0.034966,-2.210641,0.715724,0.060691,-1.913915,1.073256,0.034599,-1.861754,0.898738,-0.024382,-1.894060,0.727075
0.070866,-2.045105,0.781394,0.054078,-2.159764,0.647938,0.055496,-2.160821,0.341527,0.117309,-2.150089,0.030748,0.064629,-1.927108,0.649926,0.067659,-1.910989,0.344228,0.114541,-1.900079,0.030549,0.080985,-2.046811,0.834550,0.039990,-2.193454,1.062174,0.031094,-2.242034,0.884792,-0.034997,-2.210213,0.715782,0.060754,-1.913428,1.073194,0.034716,-1.861365,0.898639,-0.024387,-1.893837,0.727049
0.070842,-2.044765,0.781390,0.054045,-2.159423,0.647935,0.055444,-2.160658,0.341525,0.117306,-2.150081,0.030750,0.064590,-1.926766,0.649925,0.067641,-1.910815,0.344218,0.114528,-1.900070,0.030536,0.080968,-2.046464,0.834546,0.039916,-2.192973,1.062246,0.030973,-2.241599,0.884880,-0.035035,-2.209836,0.715824,0.060810,-1.912951,1.073121,0.034848,-1.860988,0.898525,-0.024371,-1.893624,0.727006
0.070822,-2.044483,0.781400,0.053985,-2.159146,0.647955,0.055385,-2.160532,0.341546,0.117307,-2.150094,0.030778,0.064577,-1.926491,0.649928,0.067618,-1.910676,0.344214,0.114537,-1.900078,0.030532,0.080957,-2.046173,0.834555,0.039904,-2.192566,1.062329,0.030892,-2.241248,0.884981,-0.035093,-2.209571,0.715899,0.060850,-1.912543,1.073069,0.034893,-1.860679,0.898442,-0.024393,-1.893494,0.726981
