joint_0,joint_1,joint_2,joint_3,joint_4,joint_5,joint_6,joint_7,joint_8,joint_9,joint_10,joint_11,joint_12,joint_13,joint_14,joint_15,joint_16,joint_17,joint_18,joint_19,joint_20,joint_21,joint_22,joint_23,joint_24,joint_25,joint_26,joint_27,joint_28
-0.339490,-0.853710,-0.068962,0.390142,-0.192958,0.507897,-0.134787,-0.834588,-0.273761,0.272230,-0.174740,0.492474,0.025690,-0.496097,-0.051650,-0.348454,0.083341,-0.383930,0.079286,-0.080439,0.021647,0.042918,0.044117,-0.015858,-0.302417,0.141098,0.000284,-0.022981,-0.014737
-0.265705,-0.866143,-0.018836,0.321622,-0.188140,0.459912,-0.145755,-0.860396,-0.238533,0.331533,-0.196468,0.507054,0.084744,-0.492382,-0.029063,-0.355852,0.073920,-0.373514,0.068710,-0.006688,0.035302,-0.000944,0.097462,0.004068,-0.399603,0.119436,-0.030103,0.015783,-0.009066
-0.118135,-0.891011,0.081416,0.184582,-0.178504,0.363944,-0.167692,-0.912014,-0.168076,0.450138,-0.239924,0.536213,0.202851,-0.484953,0.016111,-0.370648,0.055077,-0.352684,0.047559,0.140814,0.062612,-0.088669,0.204152,0.043921,-0.593973,0.076110,-0.090877,0.093310,0.002274
0.143446,-0.844040,0.320508,0.061711,-0.209134,0.363986,-0.162232,-0.933632,0.043553,0.594187,-0.275599,0.558967,0.339939,-0.454508,0.098051,-0.273195,0.042306,-0.244724,-0.103442,-0.010954,0.003196,-0.014334,0.146389,0.025566,-0.316447,-0.051260,0.107326,0.064265,0.014186
0.274236,-0.820554,0.440054,0.000276,-0.224449,0.364007,-0.159502,-0.944442,0.149367,0.666211,-0.293436,0.570344,0.408483,-0.439286,0.139021,-0.224468,0.035921,-0.190744,-0.178943,-0.086838,-0.026513,0.022834,0.117508,0.016388,-0.177684,-0.114945,0.206427,0.049743,0.020142
0.353104,-0.946058,0.628163,-0.192097,-0.136501,0.582899,-0.388812,-1.105800,0.362298,0.878204,-0.345737,0.646405,0.571206,-0.513324,0.072491,-0.187329,0.024979,-0.163965,-0.263804,-0.014123,-0.051053,0.072689,0.013229,-0.038642,0.338895,-0.282910,0.315608,-0.135463,-0.062292
0.297014,-0.989277,0.625469,-0.258553,-0.084919,0.589798,-0.486569,-1.141196,0.375537,0.916032,-0.343038,0.664328,0.542629,-0.546171,0.021746,-0.187569,0.016848,-0.143570,-0.225148,-0.028432,-0.047911,0.083522,-0.028965,-0.052651,0.449736,-0.300328,0.183557,-0.127325,-0.056265
0.184835,-1.075716,0.620081,-0.391466,0.018244,0.603595,-0.682083,-1.211986,0.402015,0.991689,-0.337642,0.700172,0.485476,-0.611866,-0.079743,-0.188049,0.000587,-0.102779,-0.147836,-0.057050,-0.041627,0.105187,-0.113351,-0.080669,0.671418,-0.335162,-0.080546,-0.111050,-0.044212
0.190189,-1.018569,0.723043,-0.490298,0.076749,0.489777,-0.813817,-1.156255,0.554373,1.047772,-0.211494,0.732559,0.454925,-0.576580,-0.032528,-0.173203,-0.042462,-0.001155,-0.065984,-0.005411,0.008406,0.088853,-0.207637,-0.081009,0.625846,-0.263685,-0.161788,-0.063049,0.000066
0.192866,-0.989996,0.774524,-0.539714,0.106002,0.432868,-0.879684,-1.128389,0.630552,1.075813,-0.148420,0.748752,0.439650,-0.558937,-0.008921,-0.165780,-0.063987,0.049657,-0.025057,0.020409,0.033423,0.080686,-0.254779,-0.081179,0.603061,-0.227947,-0.202409,-0.039048,0.022205
0.335645,-0.806511,0.818956,-0.744554,0.164282,0.431085,-0.801937,-0.865822,0.888553,0.814792,0.311423,0.776603,0.326328,-0.324185,0.147007,-0.150410,-0.192624,0.152698,0.113477,-0.032593,0.023588,-0.034385,-0.311662,-0.085636,0.232440,-0.148453,-0.099842,0.050865,0.099986
0.331464,-0.708779,0.838174,-0.783331,0.187958,0.397571,-0.741146,-0.745978,0.910969,0.571105,0.494878,0.752510,0.294306,-0.224905,0.142447,-0.142087,-0.232124,0.144915,0.159947,-0.035875,0.033395,-0.022868,-0.330243,-0.082068,0.145842,-0.111524,-0.008269,0.020708,0.055602
0.323100,-0.513315,0.876611,-0.860885,0.235311,0.330545,-0.619565,-0.506289,0.955799,0.083731,0.861787,0.704324,0.230264,-0.026345,0.133326,-0.125440,-0.311124,0.129349,0.252888,-0.042438,0.053010,0.000166,-0.367405,-0.074934,-0.027355,-0.037667,0.174876,-0.039605,-0.033166
0.149206,-0.401508,0.866965,-0.782334,0.238603,0.441682,-0.522896,-0.368314,0.865032,-0.456683,1.099195,0.571579,0.160736,0.062430,0.031774,-0.108535,-0.331966,0.036015,0.290962,-0.015409,0.072207,-0.005962,-0.383316,-0.044504,-0.144745,-0.019105,0.114734,-0.002071,-0.008049
0.062259,-0.345605,0.862142,-0.743058,0.240249,0.497251,-0.474562,-0.299326,0.819648,-0.726890,1.217899,0.505207,0.125972,0.106818,-0.019002,-0.100082,-0.342388,-0.010652,0.309999,-0.001895,0.081806,-0.009026,-0.391272,-0.029290,-0.203440,-0.009824,0.084663,0.016695,0.004510
-0.070914,-0.314348,0.758140,-0.629972,0.217328,0.633536,-0.360356,-0.309536,0.180832,-0.955794,1.074244,-0.173740,0.043004,0.121550,-0.125398,-0.058379,-0.279903,-0.281219,0.122232,-0.098265,0.088071,-0.066706,-0.323752,0.036280,-0.308247,-0.020996,0.000115,-0.000363,-0.007667
-0.105361,-0.233158,0.640237,-0.431466,0.099834,0.616085,-0.251638,-0.345767,-0.762496,-0.679203,0.764457,-0.559015,-0.022571,0.179998,-0.102815,-0.073043,-0.229714,-0.441862,0.080886,-0.091104,0.024553,-0.064267,-0.274435,0.057456,-0.300045,-0.021909,0.070918,-0.011453,-0.047263
-0.174254,-0.070780,0.404432,-0.034456,-0.135153,0.581183,-0.034201,-0.418229,-2.649152,-0.126019,0.144883,-1.329564,-0.153721,0.296893,-0.057649,-0.102371,-0.129335,-0.763147,-0.001806,-0.076783,-0.102482,-0.059389,-0.175801,0.099809,-0.283642,-0.023736,0.212523,-0.033633,-0.126454
-0.172702,-0.201596,0.243123,0.078716,-0.148820,0.501388,0.102786,-0.693611,-3.623743,1.017440,-1.699746,-2.032599,-0.193409,0.174348,-0.030517,-0.177449,-0.048634,-0.910078,0.013928,-0.026953,-0.068175,-0.059532,-0.015630,0.136589,-0.316455,-0.051095,0.055301,-0.057408,-0.121420
-0.171927,-0.267004,0.162469,0.135301,-0.155654,0.461490,0.171279,-0.831302,-4.111039,1.589170,-2.622060,-2.384116,-0.213253,0.113076,-0.016952,-0.214988,-0.008284,-0.983543,0.021796,-0.002038,-0.051021,-0.059603,0.064456,0.154979,-0.332862,-0.064775,-0.023309,-0.069296,-0.118904
0.084633,-0.360366,0.153382,-0.099697,-0.076262,0.316589,0.712450,-0.691550,-3.891499,2.376311,-1.738682,-1.464069,-0.089787,0.085869,0.042462,-0.146709,-0.001722,-0.586694,0.051309,0.279455,0.040673,-0.199310,0.114237,0.158466,-0.057693,-0.030418,0.075265,-0.066782,-0.088559
0.161902,-0.368463,0.256770,-0.199702,-0.070620,0.266409,0.629311,-0.549982,-3.243817,2.710408,-1.488342,-1.435720,-0.016330,0.084026,0.037492,-0.079576,-0.030556,-0.368674,0.036482,0.228059,0.058815,-0.139965,0.119138,0.156045,0.017446,-0.027411,0.018334,-0.033131,-0.031409
0.316440,-0.384656,0.463546,-0.399711,-0.059334,0.166048,0.463034,-0.266847,-1.948452,3.378603,-0.987661,-1.379022,0.130584,0.080340,0.027553,0.054691,-0.088223,0.067365,0.006827,0.125266,0.095099,-0.021275,0.128939,0.151204,0.167724,-0.021397,-0.095528,0.034172,0.082891
0.388619,-0.405048,0.487351,-0.470945,-0.044919,0.056363,0.316544,0.297388,-0.550624,3.346087,-0.816781,-0.979200,0.185224,0.053688,-0.000505,0.149832,-0.122415,0.332727,-0.005685,-0.104064,0.018808,0.085796,0.111010,0.132879,0.386134,-0.005572,-0.069333,0.009746,0.103744
0.424708,-0.415244,0.499253,-0.506562,-0.037711,0.001521,0.243298,0.579506,0.148290,3.329829,-0.731341,-0.779289,0.212544,0.040363,-0.014534,0.197402,-0.139511,0.465408,-0.011941,-0.218730,-0.019337,0.139332,0.102046,0.123716,0.495340,0.002341,-0.056236,-0.002468,0.114171
0.291739,-0.429060,0.419530,-0.290107,-0.058456,0.194245,0.124270,1.413372,1.280310,2.733850,-0.458954,0.045518,0.153493,-0.040254,-0.055154,0.239791,-0.117868,0.518982,0.022902,-0.142069,-0.078947,0.170493,0.139102,0.116504,0.412409,-0.046180,-0.256211,0.046077,0.129649
0.242482,-0.411920,0.385146,-0.260519,-0.059002,0.194890,0.146860,1.599501,1.301963,2.407994,-0.275102,0.233678,0.118965,-0.046456,-0.076423,0.236495,-0.099733,0.478939,0.052277,-0.155441,-0.082340,0.167333,0.142103,0.120523,0.357386,-0.044310,-0.269395,0.040393,0.090385
0.143968,-0.377642,0.316377,-0.201344,-0.060095,0.196181,0.192041,1.971759,1.345271,1.756282,0.092601,0.609998,0.049908,-0.058861,-0.118960,0.229901,-0.063463,0.398852,0.111026,-0.182185,-0.089126,0.161014,0.148106,0.128563,0.247339,-0.040569,-0.295764,0.029026,0.011859
0.132655,-0.349749,0.298275,-0.168078,-0.065392,0.144715,0.296534,2.258412,1.398138,1.019700,0.591296,0.755647,-0.034060,-0.081396,-0.111712,0.206373,-0.016989,0.252656,0.158246,-0.073216,0.007465,0.012426,0.124192,0.169022,0.122272,-0.006046,-0.089450,0.031615,-0.009473
0.126998,-0.335803,0.289224,-0.151445,-0.068040,0.118982,0.348780,2.401738,1.424572,0.651408,0.840643,0.828471,-0.076044,-0.092663,-0.108088,0.194609,0.006248,0.179558,0.181856,-0.018731,0.055760,-0.061869,0.112235,0.189252,0.059738,0.011215,0.013707,0.032910,-0.020139
0.123361,-0.355355,0.299318,-0.215149,-0.071045,0.167005,0.346513,3.035044,2.426136,-0.709646,0.781707,1.238884,-0.055067,-0.115642,-0.117881,0.159748,0.065702,-0.127646,0.181341,0.011113,-0.008788,-0.033155,0.139174,0.172396,-0.117052,-0.055434,0.021055,0.002023,-0.006393
0.102877,-0.390406,0.335106,-0.250465,-0.042462,0.164243,0.375587,3.124033,2.769517,-1.226637,0.557562,1.401138,-0.026239,-0.139457,-0.139462,0.157490,0.071678,-0.154491,0.154057,0.041791,0.008410,-0.031999,0.122737,0.154870,-0.100372,-0.071685,-0.018221,-0.001667,-0.041474
0.061910,-0.460508,0.406684,-0.321096,0.014703,0.158718,0.433737,3.302011,3.456277,-2.260619,0.109274,1.725645,0.031418,-0.187086,-0.182624,0.152974,0.083630,-0.208181,0.099490,0.103145,0.042807,-0.029686,0.089863,0.119818,-0.067012,-0.104188,-0.096774,-0.009046,-0.111637
-0.064434,-0.485331,0.465127,-0.287726,0.001616,0.217926,0.541372,2.742428,3.187942,-3.148826,0.192003,1.619619,0.082855,-0.186920,-0.251937,0.160244,0.055842,-0.135799,0.050618,0.088684,0.059083,-0.061017,0.013961,0.069549,0.008976,-0.110729,-0.014192,-0.008539,-0.041475
-0.127606,-0.497743,0.494349,-0.271041,-0.004927,0.247531,0.595190,2.462637,3.053774,-3.592930,0.233367,1.566607,0.108574,-0.186836,-0.286594,0.163880,0.041948,-0.099608,0.026182,0.081453,0.067222,-0.076683,-0.023991,0.044415,0.046971,-0.113999,0.027099,-0.008286,-0.006393
-0.318410,-0.479869,0.588017,-0.018873,-0.204694,0.053749,0.714275,1.246745,2.320501,-4.748515,0.993193,0.881871,0.218808,-0.149378,-0.257695,0.180600,0.002351,0.094162,-0.070395,0.094927,0.018184,-0.031288,-0.050230,0.008161,0.014892,-0.008274,-0.120270,0.029686,-0.030369
-0.313606,-0.483762,0.575494,-0.016774,-0.184588,0.038884,0.598423,0.845720,1.965365,-4.742927,0.937378,-0.026955,0.191369,-0.129643,-0.219011,0.185192,-0.010005,0.148082,-0.098086,0.050157,0.010361,0.003207,-0.080934,0.001487,0.018096,0.038022,-0.066473,0.012336,-0.009458
-0.303997,-0.491547,0.550449,-0.012576,-0.144377,0.009154,0.366719,0.043669,1.255092,-4.731751,0.825747,-1.844609,0.136490,-0.090174,-0.141643,0.194376,-0.034719,0.255922,-0.153467,-0.039384,-0.005284,0.072198,-0.142343,-0.011860,0.024505,0.130615,0.041120,-0.022365,0.032363
-0.202996,-0.280221,0.395722,0.013238,-0.084878,0.061675,0.017235,-0.201317,-0.035431,-3.167534,0.463009,-2.757312,0.069636,0.185466,0.040349,0.109232,-0.099243,0.257866,-0.169187,0.037593,-0.010037,-0.025331,-0.159027,-0.062406,0.011148,0.125516,0.029378,0.046808,-0.009012
-0.152495,-0.174558,0.318359,0.026144,-0.055129,0.087935,-0.157507,-0.323810,-0.680692,-2.385426,0.281641,-3.213663,0.036210,0.323286,0.131345,0.066660,-0.131505,0.258839,-0.177047,0.076081,-0.012413,-0.074096,-0.167369,-0.087679,0.004470,0.122967,0.023507,0.081395,-0.029700
-0.077587,-0.083683,0.331433,0.025667,-0.012511,-0.005183,-0.667713,0.041859,0.297286,1.493831,-1.212728,-2.213680,0.057603,0.577268,0.182824,0.028190,-0.304067,0.151455,-0.153401,-0.021602,-0.095045,0.086045,-0.173160,-0.266882,0.199177,0.171669,0.210547,-0.094498,0.026335
-0.090677,-0.008357,0.295360,0.028894,-0.014486,-0.069004,-0.287365,0.024038,0.281338,0.590018,-0.720407,-1.571363,0.039405,0.653021,0.170075,0.017185,-0.318379,0.117025,-0.138518,0.036863,-0.078259,0.127424,-0.126455,-0.297673,0.166844,0.137433,0.113795,-0.055963,0.036166
-0.116855,0.142295,0.223216,0.035347,-0.018437,-0.196647,0.473332,-0.011602,0.249443,-1.217608,0.264236,-0.286729,0.003008,0.804526,0.144578,-0.004824,-0.347004,0.048164,-0.108753,0.153792,-0.044686,0.210180,-0.033047,-0.359256,0.102178,0.068961,-0.079709,0.021107,0.055830
-0.230108,0.222901,0.024213,0.189424,0.082781,-0.356320,0.346699,0.087593,0.024474,-1.034174,0.422591,-0.551544,-0.104013,0.777081,0.124948,0.006693,-0.249381,0.057530,-0.178278,0.115298,-0.064970,0.096054,0.024703,-0.283996,0.008107,0.092853,-0.027460,0.013698,0.074147
-0.286735,0.263204,-0.075289,0.266462,0.133389,-0.436157,0.283382,0.137191,-0.088010,-0.942456,0.501768,-0.683952,-0.157523,0.763359,0.115132,0.012451,-0.200570,0.062213,-0.213041,0.096052,-0.075112,0.038991,0.053578,-0.246365,-0.038928,0.104799,-0.001335,0.009994,0.083306
-1.057105,0.513118,-0.452549,2.010123,-0.155686,-0.229970,-0.103675,0.144360,-0.426710,-0.098036,0.254574,-1.046512,-0.269535,0.580753,0.177636,-0.043018,-0.083469,-0.087948,-0.237692,-0.232214,-0.180631,0.228476,0.117276,-0.186289,-0.150540,0.106528,0.089896,0.049782,0.062749
-1.066001,0.493857,-0.442940,1.931905,0.009881,-0.414755,-0.147976,0.118157,-0.445254,-0.095867,0.292288,-0.811833,-0.264388,0.554512,0.145914,-0.039154,-0.038605,-0.150158,-0.247850,-0.169990,-0.220806,0.216910,0.121617,-0.139296,-0.159062,0.160325,0.083266,0.026126,0.066377
-1.083793,0.455337,-0.423722,1.775471,0.341014,-0.784323,-0.236578,0.065749,-0.482343,-0.091528,0.367714,-0.342475,-0.254094,0.502031,0.082469,-0.031426,0.051125,-0.274578,-0.268167,-0.045542,-0.301157,0.193778,0.130298,-0.045311,-0.176107,0.267919,0.070007,-0.021186,0.073634
-0.978040,0.195278,-0.437164,1.593522,0.709922,-1.306215,-0.200215,-0.144859,-0.462952,-0.043218,0.217297,0.101919,-0.214924,0.284493,0.107827,-0.029629,0.123645,-0.355727,-0.178922,-0.064080,-0.264613,0.260065,0.174849,0.026894,-0.248235,0.312927,0.029074,0.017242,0.114092
-0.925163,0.065249,-0.443885,1.502548,0.894376,-1.567161,-0.182034,-0.250163,-0.453257,-0.019063,0.142088,0.324116,-0.195339,0.175725,0.120505,-0.028731,0.159905,-0.396302,-0.134300,-0.073349,-0.246341,0.293209,0.197124,0.062996,-0.284300,0.335432,0.008608,0.036456,0.134321
-0.732474,0.018340,-0.090397,1.237419,0.996402,-2.809857,-0.131949,-0.276457,-0.579020,-0.008333,0.205768,0.006043,-0.298487,0.075007,0.143073,0.027049,0.215687,-0.261519,0.062356,0.111508,-0.292057,0.301679,0.264603,0.200199,-0.372781,0.320064,-0.080764,0.092262,0.043390
-0.648321,-0.100143,0.004553,1.049695,1.104799,-2.388444,-0.115442,-0.313478,-0.693187,0.015142,0.205670,-0.146443,-0.402364,0.045884,0.161409,0.056161,0.207705,-0.144491,0.065287,0.021783,-0.251677,0.295646,0.260202,0.214280,-0.361567,0.256124,-0.069181,0.088308,0.072433
-0.480016,-0.337109,0.194454,0.674247,1.321593,-1.545619,-0.082429,-0.387522,-0.921519,0.062092,0.205474,-0.451415,-0.610119,-0.012363,0.198082,0.114385,0.191740,0.089566,0.071150,-0.157667,-0.170916,0.283579,0.251400,0.242442,-0.339139,0.128244,-0.046016,0.080401,0.130519
-0.604612,0.079499,0.454500,1.003929,0.612903,-0.515206,-0.167139,-0.385845,-0.828528,0.326539,-0.013793,-0.373096,-0.476259,-0.013986,0.189688,0.094128,0.160968,0.140168,0.097312,-0.254820,-0.164996,0.354824,0.219545,0.204469,-0.217175,-0.010821,-0.057562,0.015798,0.064487
-0.666911,0.287803,0.584523,1.168771,0.258558,0.000000,-0.209494,-0.385006,-0.782032,0.458762,-0.123426,-0.333937,-0.409328,-0.014797,0.185491,0.083999,0.145582,0.165469,0.110393,-0.303397,-0.162036,0.390446,0.203618,0.185482,-0.156194,-0.080354,-0.063335,-0.016504,0.031471
-0.163159,0.876180,1.646183,0.078960,-0.348739,0.000000,0.000966,-0.369860,-0.539228,-0.012258,0.142808,0.119242,-0.158091,0.038572,0.146065,-0.044188,0.069465,0.128158,0.211256,-0.047475,-0.005264,0.233208,0.133707,0.063143,0.032376,-0.227478,-0.059318,-0.010006,-0.093349
-0.025608,0.967679,1.867708,-0.228005,-0.229558,0.000000,0.008666,-0.357742,-0.530439,-0.008489,0.133979,0.058346,-0.147151,0.043560,0.145127,-0.057756,0.064702,0.136997,0.241545,-0.048821,-0.034830,0.182063,0.110462,0.048154,0.061167,-0.226501,-0.074625,-0.015262,-0.076863
0.249495,1.150677,2.310757,-0.841934,0.008802,0.000000,0.024067,-0.333507,-0.512860,-0.000951,0.116320,-0.063445,-0.125272,0.053538,0.143250,-0.084892,0.055177,0.154676,0.302122,-0.051513,-0.093962,0.079773,0.063973,0.018176,0.118750,-0.224547,-0.105239,-0.025772,-0.043890
0.421110,1.057605,2.177411,-1.305184,0.345445,0.000000,0.101089,-0.336325,-0.552656,-0.065846,0.078354,-0.007815,-0.175502,0.006625,0.151127,-0.111908,0.054129,0.140255,0.297636,-0.045846,0.057448,0.043801,0.001234,0.005443,0.158576,-0.197067,-0.032476,-0.023067,-0.033171
0.506918,1.011069,2.110738,-1.536809,0.513766,0.000000,0.139601,-0.337734,-0.572554,-0.098294,0.059371,0.020000,-0.200618,-0.016831,0.155066,-0.125416,0.053606,0.133045,0.295393,-0.043012,0.133153,0.025814,-0.030136,-0.000924,0.178488,-0.183327,0.003905,-0.021714,-0.027811
0.492895,0.651900,0.906764,-1.829013,1.169701,0.705530,0.192871,-0.449101,-0.696866,-0.025298,-0.027182,0.179624,-0.291452,-0.138881,0.173991,-0.190981,0.069260,0.011821,0.249680,-0.061103,0.139022,-0.156531,-0.064728,-0.000308,0.125184,-0.121837,0.026843,0.023396,-0.008508
0.405028,0.661014,0.581458,-1.640114,1.137326,1.009403,0.156623,-0.469993,-0.705938,0.064514,-0.083721,0.168737,-0.279309,-0.158580,0.163540,-0.202471,0.090171,-0.046660,0.199671,-0.015099,0.147113,-0.162717,-0.064714,0.002289,0.075715,-0.101566,0.012472,0.001380,-0.032074
0.229295,0.679240,-0.069153,-1.262318,1.072575,1.617150,0.084126,-0.511777,-0.724082,0.244137,-0.196798,0.146964,-0.255024,-0.197979,0.142637,-0.225450,0.131993,-0.163624,0.099653,0.076908,0.163296,-0.175088,-0.064685,0.007484,-0.023224,-0.061024,-0.016268,-0.042653,-0.079206
0.270341,0.754695,-0.254003,-1.185449,0.922386,0.819158,0.102349,-0.424257,-0.605688,0.214318,-0.172884,0.104781,-0.141001,-0.142507,0.113750,-0.192826,0.149365,-0.174796,-0.005993,0.137638,0.175667,-0.190528,-0.086516,0.014683,-0.013630,-0.015246,0.003093,-0.040203,-0.083791
0.290864,0.792422,-0.346429,-1.147015,0.847292,0.420162,0.111460,-0.380497,-0.546490,0.199408,-0.160928,0.083689,-0.083990,-0.114770,0.099306,-0.176514,0.158051,-0.180382,-0.058815,0.168003,0.181852,-0.198247,-0.097432,0.018282,-0.008833,0.007643,0.012774,-0.038978,-0.086083
0.160277,0.983743,-1.124511,-0.546158,0.000254,0.105232,0.146472,-0.251594,-0.400589,0.104724,-0.103002,0.151817,-0.010088,-0.043130,0.038963,-0.057716,0.170106,-0.118200,-0.196095,0.088278,0.070628,-0.045111,-0.126277,0.044704,0.030220,0.114380,0.031491,-0.012943,0.034594
0.084154,1.040027,-1.372829,-0.214302,-0.205403,0.123079,0.151191,-0.233840,-0.394046,0.108347,-0.112080,0.147937,-0.002329,-0.036951,0.030416,-0.027954,0.169426,-0.077246,-0.216213,0.077553,0.053246,-0.050823,-0.115677,0.055467,0.012940,0.125310,-0.020756,0.013597,0.044859
-0.068091,1.152594,-1.869466,0.449409,-0.616717,0.158772,0.160628,-0.198333,-0.380959,0.115593,-0.130236,0.140176,0.013190,-0.024592,0.013323,0.031568,0.168066,0.004660,-0.256450,0.056103,0.018482,-0.062247,-0.094476,0.076991,-0.021619,0.147171,-0.125251,0.066675,0.065389
-0.159283,1.155905,-1.987706,0.946112,-0.639920,0.021672,0.133808,-0.190540,-0.308460,0.086261,-0.106523,0.165175,0.035232,-0.044878,-0.039849,0.067860,0.144208,0.054164,-0.206689,-0.002864,-0.002414,0.017116,-0.104607,0.088266,0.013255,0.132469,-0.016059,0.016689,0.026084
-0.204879,1.157560,-2.046827,1.194464,-0.651521,-0.046877,0.120397,-0.186643,-0.272210,0.071596,-0.094667,0.177675,0.046253,-0.055021,-0.066435,0.086005,0.132279,0.078916,-0.181809,-0.032347,-0.012862,0.056798,-0.109672,0.093903,0.030692,0.125118,0.038537,-0.008304,0.006432
-0.342548,1.132438,-2.009858,1.806243,-0.702045,0.092091,-0.026536,-0.198737,-0.212709,0.124363,-0.106869,0.224542,0.072689,-0.068450,-0.165424,0.064996,0.087115,0.095610,-0.042935,0.026740,-0.008942,-0.034431,-0.137251,0.092364,0.068611,0.077614,0.024951,0.071306,0.021397
-0.313663,1.112096,-1.965737,1.911871,-0.736540,0.206857,-0.030816,-0.195076,-0.183877,0.136224,-0.103856,0.224808,0.074390,-0.059811,-0.152675,0.055960,0.061800,0.110224,0.006158,-0.000507,0.019933,-0.036693,-0.131619,0.070590,0.055670,0.036274,0.013547,0.029026,0.008009
-0.255893,1.071413,-1.877496,2.123128,-0.805528,0.436391,-0.039376,-0.187752,-0.126212,0.159945,-0.097829,0.225340,0.077793,-0.042533,-0.127175,0.037888,0.011169,0.139452,0.104345,-0.055001,0.077681,-0.041218,-0.120356,0.027043,0.029787,-0.046406,-0.009260,-0.055533,-0.018767
-0.082249,0.977166,-1.760384,2.062467,-0.785593,0.522842,0.013923,-0.198861,-0.078053,0.090021,-0.071417,0.239744,0.088237,-0.053132,-0.113729,0.058858,-0.006542,0.144319,0.154723,-0.007750,0.066904,-0.080642,-0.137016,0.027759,0.069603,-0.071931,0.003120,-0.012962,-0.011832
0.004573,0.930043,-1.701828,2.032136,-0.775625,0.566067,0.040573,-0.204415,-0.053974,0.055058,-0.058211,0.246947,0.093459,-0.058432,-0.107006,0.069344,-0.015397,0.146753,0.179912,0.015876,0.061515,-0.100354,-0.145345,0.028117,0.089511,-0.084693,0.009310,0.008324,-0.008364
0.190492,0.767842,-1.558307,1.673813,-0.699123,0.565995,0.057259,-0.171383,0.005392,-0.117601,0.041374,0.276417,0.075503,-0.013071,-0.180949,0.055656,-0.056861,0.052965,0.287232,-0.063820,0.089447,-0.143419,-0.118323,-0.001017,0.161372,-0.083728,0.032481,-0.049178,-0.071198
0.282727,0.703004,-1.524110,1.462299,-0.626402,0.447372,0.086013,-0.147364,0.026025,-0.211903,0.093144,0.283740,0.085418,0.010285,-0.211450,0.049456,-0.088676,0.029532,0.321052,-0.000521,0.116304,-0.175018,-0.114114,-0.012871,0.193063,-0.073722,0.017877,-0.030588,-0.044165
0.467197,0.573327,-1.455718,1.039270,-0.480959,0.210127,0.143522,-0.099326,0.067293,-0.400506,0.196683,0.298384,0.105247,0.056999,-0.272451,0.037055,-0.152306,-0.017334,0.388691,0.126077,0.170019,-0.238216,-0.105698,-0.036579,0.256444,-0.053710,-0.011331,0.006591,0.009900
0.869397,0.299387,-1.386734,0.039629,-0.672601,-1.011743,0.067435,-0.068515,0.089609,-0.269123,0.110702,0.333951,0.087895,0.101032,-0.300516,0.081310,-0.137551,-0.055913,0.295515,0.073109,0.145442,-0.234392,-0.099862,-0.042545,0.284606,-0.013223,-0.057696,0.009245,0.046337
1.070497,0.162417,-1.352242,-0.460192,-0.768422,-1.622679,0.029392,-0.053109,0.100767,-0.203431,0.067711,0.351735,0.079219,0.123048,-0.314549,0.103437,-0.130173,-0.075202,0.248927,0.046625,0.133154,-0.232480,-0.096944,-0.045528,0.298687,0.007020,-0.080879,0.010571,0.064556
0.980957,-0.261272,-1.756941,-0.961771,-0.864169,-1.281987,0.052753,-0.046688,-0.027711,-0.265778,0.057705,0.385174,-0.033734,0.135410,-0.343711,0.101809,-0.103413,-0.170987,0.161637,0.070654,0.058178,-0.152207,-0.002732,-0.045699,0.111530,0.024794,-0.083722,0.005367,-0.024188
0.985871,-0.294356,-1.500841,-1.226591,-0.756719,-1.310612,0.040226,-0.066193,-0.033387,-0.276336,0.060048,0.411244,-0.060886,0.122116,-0.361323,0.115215,-0.084447,-0.158601,0.121658,0.082032,0.053916,-0.182083,0.000745,-0.037491,0.075272,0.046537,-0.077479,0.019131,-0.003241
0.995698,-0.360525,-0.988640,-1.756231,-0.541821,-1.367863,0.015172,-0.105205,-0.044740,-0.297451,0.064734,0.463382,-0.115191,0.095529,-0.396548,0.142027,-0.046515,-0.133828,0.041699,0.104786,0.045392,-0.241833,0.007699,-0.021075,0.002757,0.090022,-0.064992,0.046658,0.038654
0.814796,-0.365853,-0.162663,-1.768604,-0.194795,-0.828028,-0.036282,-0.255089,-0.060219,-0.176660,0.001125,0.463791,-0.103966,-0.019272,-0.378792,0.080109,-0.050248,-0.157057,0.059973,0.099537,0.040851,-0.145737,0.054128,-0.015674,-0.146497,0.094247,0.031330,0.009528,-0.035353
0.724344,-0.368517,0.250326,-1.774791,-0.021282,-0.558110,-0.062009,-0.330030,-0.067958,-0.116264,-0.030679,0.463996,-0.098354,-0.076672,-0.369914,0.049150,-0.052114,-0.168672,0.069110,0.096912,0.038580,-0.097689,0.077343,-0.012974,-0.221125,0.096359,0.079491,-0.009037,-0.072356
0.333998,-0.333716,0.608953,-0.713630,-0.753050,0.606225,-0.061954,-0.409365,-0.063803,-0.011253,-0.062233,0.513558,-0.067889,-0.089529,-0.235818,-0.013390,-0.036669,-0.077589,0.030688,-0.011195,0.032249,-0.111779,0.124594,-0.000194,-0.398126,0.134157,0.014195,0.007796,-0.026343
0.409733,-0.517814,0.526879,-0.757523,-0.465711,0.436865,-0.024039,-0.569283,-0.041387,0.040609,-0.085163,0.534717,-0.031703,-0.218954,-0.156557,-0.074012,-0.030886,-0.120838,0.064644,-0.038648,0.028788,-0.089420,0.119102,0.003837,-0.385160,0.127939,0.002710,0.001091,-0.014911
0.561204,-0.886011,0.362731,-0.845307,0.108969,0.098144,0.051792,-0.889119,0.003447,0.144333,-0.131024,0.577034,0.040671,-0.477806,0.001965,-0.195256,-0.019318,-0.207335,0.132557,-0.093555,0.021865,-0.044702,0.108118,0.011899,-0.359230,0.115503,-0.020259,-0.012317,0.007952
0.293959,-0.884257,0.291286,-0.354447,-0.035095,0.153155,-0.027285,-0.918113,0.018487,0.234444,-0.137325,0.560456,0.105623,-0.483132,0.013519,-0.254388,-0.002383,-0.264221,0.176012,-0.038167,0.012586,-0.017103,0.123542,0.021668,-0.291531,0.137153,0.100476,-0.036811,-0.022292
0.160337,-0.883380,0.255563,-0.109017,-0.107127,0.180661,-0.066824,-0.932609,0.026006,0.279500,-0.140475,0.552166,0.138100,-0.485795,0.019296,-0.283955,0.006084,-0.292665,0.197740,-0.010473,0.007946,-0.003304,0.131254,0.026553,-0.257682,0.147977,0.160844,-0.049058,-0.037415
0.032915,-0.843243,0.350673,0.152341,-0.229716,0.431939,-0.132667,-0.926715,0.167622,0.257719,-0.067690,0.599197,0.258185,-0.431767,0.062445,-0.300266,0.018622,-0.182657,0.073142,0.088017,0.056388,-0.116718,0.147990,0.025582,-0.187014,0.104097,-0.125650,0.066032,0.051006
0.074577,-0.842225,0.412026,0.172457,-0.265688,0.492570,-0.150025,-0.940681,0.231278,0.309298,-0.082787,0.615111,0.303750,-0.418237,0.094503,-0.279031,0.018447,-0.143002,-0.000113,0.027664,0.037115,-0.077772,0.116118,0.016699,-0.106244,0.052132,-0.045241,0.069889,0.070082
0.157901,-0.840189,0.534732,0.212688,-0.337633,0.613830,-0.184741,-0.968614,0.358592,0.412458,-0.112979,0.646941,0.394879,-0.391177,0.158618,-0.236562,0.018097,-0.063692,-0.146622,-0.093043,-0.001432,0.000119,0.052375,-0.001068,0.055296,-0.051797,0.115577,0.077605,0.108235
0.248203,-0.932513,0.682316,0.005690,-0.262230,0.603773,-0.515483,-1.082753,0.536069,0.925202,-0.338860,0.679769,0.474029,-0.456853,0.158673,-0.197640,0.041223,0.004981,-0.228930,-0.103024,-0.041259,0.066800,-0.002904,-0.051543,0.257726,-0.206997,0.172289,-0.049099,0.029802
0.293354,-0.978675,0.756108,-0.097809,-0.224529,0.598744,-0.680855,-1.139823,0.624808,1.181574,-0.451800,0.696183,0.513603,-0.489690,0.158701,-0.178179,0.052786,0.039318,-0.270084,-0.108014,-0.061172,0.100141,-0.030544,-0.076781,0.358940,-0.284597,0.200645,-0.112451,-0.009414
0.239288,-1.100477,0.759337,-0.319359,-0.088254,0.683481,-0.831896,-1.202627,0.666545,1.150107,-0.370063,0.665453,0.473233,-0.574819,0.113262,-0.163754,0.047693,0.067695,-0.216528,-0.049565,-0.088366,0.162151,-0.102648,-0.173234,0.541055,-0.416606,0.001570,-0.083103,-0.113770
0.189658,-1.077275,0.716897,-0.314727,-0.069816,0.691839,-0.821147,-1.162799,0.637012,1.069978,-0.303248,0.642451,0.430667,-0.569702,0.121825,-0.178920,0.041259,0.102016,-0.165562,-0.009067,-0.053543,0.101359,-0.108237,-0.179103,0.495600,-0.414822,-0.053117,-0.075926,-0.092185
0.090397,-1.030872,0.632017,-0.305463,-0.032942,0.708556,-0.799649,-1.083143,0.577946,0.909720,-0.169620,0.596448,0.345535,-0.559467,0.138950,-0.209251,0.028390,0.170656,-0.063631,0.071929,0.016104,-0.020224,-0.119416,-0.190842,0.404688,-0.411254,-0.162491,-0.061571,-0.049014
-0.026035,-0.907077,0.521732,-0.265202,-0.010300,0.607304,-0.754887,-0.939770,0.454265,0.727512,0.001858,0.525825,0.243327,-0.498716,0.186593,-0.262610,0.032927,0.144911,-0.017504,-0.029929,0.004824,0.004066,-0.156427,-0.146842,0.298122,-0.329182,0.053023,-0.047320,-0.080541
-0.084250,-0.845180,0.466590,-0.245072,0.001021,0.556679,-0.732506,-0.868083,0.392425,0.636409,0.087596,0.490513,0.192223,-0.468341,0.210414,-0.289290,0.035196,0.132038,0.005559,-0.080859,-0.000816,0.016211,-0.174932,-0.124842,0.244839,-0.288146,0.160781,-0.040195,-0.096304
-0.240247,-0.543956,0.405716,-0.144581,-0.027729,0.484766,-0.636652,-0.553005,0.183054,0.276673,0.483923,0.319633,0.050878,-0.187370,0.189031,-0.319745,0.040616,0.001638,0.005806,-0.149959,-0.017321,-0.031947,-0.212355,-0.074315,0.187157,-0.107508,0.116658,0.009611,0.032943
-0.330109,-0.447087,0.371770,-0.093899,-0.038242,0.477787,-0.588956,-0.466514,0.060748,0.070105,0.599194,0.235974,0.032002,-0.100260,0.134802,-0.334815,0.039485,-0.067204,0.020184,-0.142220,0.003429,-0.034278,-0.198847,-0.069530,0.199684,-0.090026,0.084152,0.019805,0.019740
-0.509834,-0.253348,0.303877,0.007464,-0.059267,0.463829,-0.493562,-0.293531,-0.183866,-0.343029,0.829736,0.068656,-0.005749,0.073960,0.026343,-0.364953,0.037223,-0.204889,0.048940,-0.126743,0.044928,-0.038939,-0.171832,-0.059959,0.224737,-0.055060,0.019138,0.040192,-0.006665
-0.503708,-0.129341,0.230721,0.044233,-0.077455,0.414862,-0.240284,-0.226415,-0.828111,-0.593573,0.771025,-0.246078,-0.030956,0.162150,-0.010517,-0.361100,0.029665,-0.301964,0.118849,-0.019313,0.046275,-0.052006,-0.121062,-0.034481,0.247790,-0.024552,-0.016758,0.001765,0.045804
-0.500645,-0.067337,0.194144,0.062617,-0.086549,0.390379,-0.113645,-0.192856,-1.150234,-0.718845,0.741669,-0.403444,-0.043559,0.206245,-0.028946,-0.359173,0.025886,-0.350502,0.153803,0.034402,0.046948,-0.058539,-0.095676,-0.021742,0.259316,-0.009298,-0.034706,-0.017448,0.072038
-0.496538,0.070115,0.060757,0.251017,-0.185571,0.350479,-0.008597,-0.230791,-2.575376,0.020274,-0.288162,-1.741860,-0.074705,0.287225,-0.057210,-0.301073,0.034055,-0.325461,0.104688,0.101145,0.103966,-0.145016,0.026125,0.019054,0.142318,-0.060146,-0.008640,0.069560,0.127024
-0.434324,0.011867,0.061997,0.219533,-0.176577,0.372688,-0.009069,-0.269351,-2.605385,0.450965,-0.771305,-2.015378,-0.051536,0.246925,-0.068013,-0.279941,0.044365,-0.331936,0.071884,0.043806,0.069989,-0.141877,0.047132,0.032488,0.167339,-0.060933,0.007718,0.045605,0.097943
-0.309896,-0.104627,0.064478,0.156563,-0.158590,0.417107,-0.010013,-0.346471,-2.665405,1.312347,-1.737592,-2.562413,-0.005198,0.166326,-0.089620,-0.237676,0.064985,-0.344887,0.006276,-0.070874,0.002033,-0.135598,0.089147,0.059358,0.217381,-0.062506,0.040436,-0.002306,0.039781
-0.093506,-0.212350,0.165782,0.050279,-0.127342,0.446946,0.298645,-0.282136,-2.300004,1.684009,-1.656101,-2.027865,0.037990,0.114522,-0.031920,-0.150705,0.109507,-0.298453,-0.087938,-0.086149,-0.032681,-0.029291,0.045581,0.105567,0.298400,-0.002209,0.044411,-0.030070,-0.014987
0.014688,-0.266212,0.216434,-0.002863,-0.111718,0.461865,0.452974,-0.249969,-2.117303,1.869839,-1.615355,-1.760590,0.059584,0.088620,-0.003070,-0.107219,0.131767,-0.275236,-0.135046,-0.093787,-0.050038,0.023863,0.023797,0.128671,0.338910,0.027940,0.046398,-0.043952,-0.042371
0.217283,-0.307787,0.276014,-0.053566,-0.118141,0.496983,0.829814,-0.274866,-2.245057,2.620544,-1.104679,-1.215351,0.088125,0.066425,0.052706,0.004502,0.097724,-0.024936,-0.082880,0.156174,0.017872,0.005003,0.031731,0.109454,0.253097,-0.010775,-0.071876,0.045192,0.079059
0.250355,-0.324084,0.294794,-0.062033,-0.125428,0.487163,0.846907,-0.298336,-2.189547,2.919145,-1.062758,-1.200231,0.081678,0.053984,0.053101,0.069752,0.097241,0.108165,-0.098580,0.106541,0.016070,0.016065,0.035911,0.122914,0.201696,-0.003029,-0.064820,0.023151,0.055669
0.316499,-0.356677,0.332355,-0.078965,-0.140002,0.467525,0.881092,-0.345278,-2.078527,3.516347,-0.978916,-1.169990,0.068784,0.029100,0.053890,0.200253,0.096277,0.374367,-0.129980,0.007275,0.012467,0.038189,0.044272,0.149834,0.098895,0.012465,-0.050707,-0.020930,0.008888
0.292202,-0.401918,0.387218,-0.071469,-0.147188,0.448179,0.713853,-0.103880,-1.338078,3.633153,-0.703824,-0.897196,0.093685,0.002927,-0.004863,0.257655,0.055841,0.472953,-0.146252,-0.098449,0.006998,0.071093,0.046032,0.119163,-0.008916,-0.041822,0.011994,-0.017831,-0.045996
0.280053,-0.424538,0.414650,-0.067721,-0.150781,0.438506,0.630234,0.016819,-0.967854,3.691556,-0.566278,-0.760799,0.106135,-0.010160,-0.034240,0.286357,0.035622,0.522246,-0.154388,-0.151311,0.004264,0.087545,0.046913,0.103827,-0.062821,-0.068965,0.043344,-0.016282,-0.073438
0.199725,-0.345381,0.498790,0.167938,-0.247938,0.318524,0.466923,0.872684,0.269984,2.888401,0.021189,0.288458,0.080387,0.017825,-0.069552,0.315539,0.009597,0.490049,-0.082555,-0.129071,-0.029210,0.000833,0.016738,0.070732,-0.083374,-0.088999,0.017017,-0.011504,-0.052183
0.143958,-0.292949,0.509040,0.282431,-0.277169,0.275546,0.418589,1.169288,0.547411,2.488234,0.283158,0.686012,0.084480,0.030844,-0.067449,0.293004,0.008667,0.422254,-0.054387,-0.128295,-0.020916,0.009832,-0.002355,0.071737,-0.088733,-0.066545,0.035557,-0.021360,-0.073349
0.032423,-0.188085,0.529541,0.511418,-0.335630,0.189591,0.321920,1.762494,1.102265,1.687900,0.807096,1.481119,0.092665,0.056883,-0.063242,0.247934,0.006807,0.286664,0.001947,-0.126743,-0.004326,0.027829,-0.040542,0.073747,-0.099453,-0.021636,0.072637,-0.041071,-0.115679
0.031032,-0.158513,0.574337,0.565831,-0.301214,0.167682,0.301584,2.188081,1.470894,0.826304,0.771562,1.760134,0.069621,0.054276,-0.066386,0.239492,0.005115,0.170267,0.041060,-0.017740,0.023301,-0.044512,-0.089233,0.103226,0.003248,0.060085,0.017931,-0.006508,-0.064554
0.030336,-0.143727,0.596734,0.593037,-0.284007,0.156728,0.291417,2.400875,1.655209,0.395506,0.753796,1.899641,0.058098,0.052972,-0.067958,0.235270,0.004269,0.112068,0.060616,0.036761,0.037115,-0.080682,-0.113578,0.117965,0.054599,0.100946,-0.009422,0.010774,-0.038991
0.011083,-0.198119,0.499755,0.539548,-0.176962,0.095207,0.312643,2.667849,1.916167,-0.906276,0.845449,2.113204,0.073099,0.027574,-0.100996,0.178248,0.000155,-0.123544,0.049474,0.024779,0.021741,-0.087536,-0.088677,0.069411,0.083009,0.037841,-0.148048,0.001902,0.050038
-0.007125,-0.217851,0.522457,0.514419,-0.128587,0.067265,0.309312,2.641181,2.014053,-1.309496,0.744826,2.017074,0.084199,0.016164,-0.130466,0.180195,-0.004324,-0.135040,0.015607,0.027484,0.029981,-0.099948,-0.100296,0.060570,0.112717,0.014794,-0.096255,-0.005460,0.018548
-0.043541,-0.257313,0.567862,0.464161,-0.031838,0.011382,0.302649,2.587845,2.209825,-2.115936,0.543581,1.824814,0.106399,-0.006656,-0.189406,0.184090,-0.013281,-0.158030,-0.052128,0.032895,0.046460,-0.124772,-0.123532,0.042888,0.172133,-0.031300,0.007330,-0.020182,-0.044432
-0.105422,-0.326369,0.615822,0.424733,0.042498,0.035250,0.280948,2.598690,2.849559,-2.890386,0.272241,1.741310,0.114925,-0.051094,-0.210444,0.184962,-0.032986,-0.118750,-0.134590,0.129201,0.042084,-0.038625,-0.133510,0.033735,0.115709,-0.033342,-0.021259,-0.013821,-0.029299
-0.136362,-0.360896,0.639803,0.405020,0.079666,0.047185,0.270097,2.604112,3.169426,-3.277611,0.136571,1.699558,0.119188,-0.073314,-0.220963,0.185398,-0.042839,-0.099109,-0.175821,0.177354,0.039897,0.004448,-0.138499,0.029159,0.087497,-0.034363,-0.035554,-0.010640,-0.021733
-0.080887,-0.631860,0.557140,-0.031600,0.289828,0.076273,0.401334,2.213075,3.951165,-4.268378,0.188325,1.353680,0.080804,-0.182691,-0.211710,0.208405,-0.114167,0.215968,-0.283581,0.079396,-0.028553,0.018814,-0.147459,-0.003798,-0.033499,-0.079862,-0.194165,0.013220,-0.010433
-0.110143,-0.734070,0.551054,-0.103612,0.386468,0.131353,0.398206,1.792967,3.765527,-4.395691,0.327420,1.060084,0.081768,-0.250037,-0.199977,0.192329,-0.130519,0.260005,-0.284907,0.040735,-0.053304,0.042646,-0.140685,-0.018152,-0.109779,-0.084298,-0.134992,0.012777,-0.029063
-0.168655,-0.938489,0.538884,-0.247636,0.579748,0.241513,0.391950,0.952751,3.394252,-4.650316,0.605611,0.472890,0.083694,-0.384729,-0.176512,0.160178,-0.163221,0.348079,-0.287558,-0.036586,-0.102808,0.090310,-0.127137,-0.046860,-0.262338,-0.093169,-0.016648,0.011890,-0.066323
-0.269437,-0.928659,0.490073,-0.170529,0.623849,0.228474,0.013082,0.237960,2.274228,-4.025598,0.042240,-0.912414,0.054455,-0.329277,-0.124064,0.061794,-0.209602,0.307963,-0.230696,0.031852,-0.017604,0.091799,-0.068186,-0.073395,-0.403868,-0.055145,-0.060542,-0.009210,-0.094070
-0.319828,-0.923744,0.465667,-0.131975,0.645900,0.221954,-0.176352,-0.119435,1.714217,-3.713240,-0.239445,-1.605067,0.039836,-0.301551,-0.097840,0.012601,-0.232792,0.287905,-0.202265,0.066070,0.024997,0.092544,-0.038711,-0.086662,-0.474633,-0.036133,-0.082489,-0.019761,-0.107943
-0.573367,-0.112349,0.142322,0.941697,0.156436,0.002779,-0.636447,-0.321977,-1.061733,-0.908285,-0.094460,-2.836330,0.104385,0.357532,0.263850,-0.180492,-0.351880,0.188493,-0.126477,0.068062,-0.070068,0.113326,-0.085205,-0.168794,-0.445139,0.013872,0.160503,0.026607,-0.055965
-0.603571,-0.004168,0.124636,1.122003,0.159579,-0.067010,-0.864847,-0.195603,-0.776491,0.413063,-0.498075,-3.276237,0.102939,0.474695,0.322159,-0.142381,-0.386859,0.206624,-0.138598,0.052604,-0.099827,0.136571,-0.099439,-0.204158,-0.306308,0.074584,0.193746,0.000449,-0.041652
-0.663980,0.212195,0.089264,1.482614,0.165865,-0.206589,-1.321648,0.057146,-0.206006,3.055758,-1.305304,-4.156052,0.100048,0.709021,0.438778,-0.066159,-0.456818,0.242887,-0.162840,0.021688,-0.159345,0.183061,-0.127907,-0.274884,-0.028646,0.196009,0.260233,-0.051868,-0.013027
-0.790761,0.220589,0.051396,1.574830,0.358606,-0.323799,-0.528342,-0.071995,0.128697,1.108522,-0.591881,-2.179818,0.047842,0.685152,0.326015,-0.039899,-0.462759,0.137014,-0.088939,0.093079,-0.151030,0.175735,-0.109215,-0.282482,0.217526,0.287074,0.170251,-0.014602,0.058555
-0.854151,0.224786,0.032462,1.620938,0.454977,-0.382404,-0.131690,-0.136566,0.296048,0.134904,-0.235169,-1.191701,0.021739,0.673218,0.269633,-0.026769,-0.465729,0.084078,-0.051988,0.128774,-0.146872,0.172071,-0.099869,-0.286280,0.340612,0.332606,0.125260,0.004031,0.094346
-1.578537,0.827276,0.183844,2.764211,0.607612,-0.494093,-0.287698,0.094999,-0.547276,-0.152577,0.336608,-1.770770,-0.215483,0.793947,0.134416,-0.098212,-0.351824,0.038150,0.027789,0.147988,-0.106239,0.075999,-0.068629,-0.163017,0.234489,0.408615,-0.209561,0.082969,0.257447
-1.598309,0.798493,0.176390,2.802181,0.798025,-0.720064,-0.204817,0.023882,-0.648999,-0.292417,0.353753,-1.623575,-0.249049,0.684109,0.182458,-0.077228,-0.278984,0.079634,-0.022284,0.156343,-0.087200,0.062372,-0.045145,-0.106489,0.108178,0.395865,-0.244982,0.101514,0.247506
-1.637855,0.740926,0.161482,2.878121,1.178849,-1.172007,-0.039055,-0.118352,-0.852445,-0.572096,0.388042,-1.329185,-0.316180,0.464432,0.278542,-0.035259,-0.133305,0.162601,-0.122430,0.173054,-0.049123,0.035119,0.001823,0.006565,-0.144446,0.370367,-0.315825,0.138602,0.227622
-1.191897,0.507888,-0.122587,2.148893,1.181578,-2.526408,0.211976,-0.075377,-0.635298,-0.753661,0.442082,-0.510289,-0.333305,0.454151,0.410603,0.042441,-0.027297,0.169335,-0.241050,-0.089866,-0.087592,0.116950,0.067272,0.084391,-0.323286,0.316876,-0.126138,0.073667,0.143136
-0.968918,0.391370,-0.264621,1.784279,1.182943,-3.203608,0.337492,-0.053890,-0.526724,-0.844444,0.469101,-0.100841,-0.341867,0.449010,0.476633,0.081292,0.025706,0.172702,-0.300359,-0.221326,-0.106826,0.157866,0.099996,0.123304,-0.412706,0.290131,-0.031294,0.041199,0.100893
-0.282667,0.048112,0.449576,0.303161,1.207987,-4.352131,0.001422,-0.262071,-0.632470,-0.298121,0.316266,0.273915,-0.403129,0.278500,0.238389,0.158381,0.180229,-0.174297,-0.152630,-0.474032,-0.279775,0.324812,0.261779,0.219651,-0.416873,0.273562,0.337971,-0.095264,-0.117097
-0.210127,0.011320,0.658346,0.159022,1.020598,-2.901421,-0.081389,-0.388050,-0.703138,-0.116107,0.195232,0.268406,-0.441280,0.157845,0.186475,0.141263,0.194553,-0.252537,-0.023420,-0.333187,-0.208595,0.296194,0.317254,0.228501,-0.389252,0.247931,0.233540,-0.073142,-0.098774
-0.065045,-0.062263,1.075885,-0.129257,0.645818,0.000000,-0.247010,-0.640006,-0.844475,0.247921,-0.046836,0.257387,-0.517584,-0.083466,0.082645,0.107027,0.223201,-0.409015,0.235001,-0.051498,-0.066235,0.238956,0.428203,0.246202,-0.334010,0.196670,0.024679,-0.028897,-0.062129
0.254944,0.767972,1.504543,-0.104885,-0.451991,0.000000,0.173517,-0.392051,-0.662206,-0.333376,0.237662,0.159754,-0.345187,0.038566,0.153910,0.112986,0.216179,-0.232869,0.294200,0.150917,0.119361,0.006358,0.430104,0.242275,-0.228086,0.040962,-0.171788,0.059263,0.086875
0.414938,1.183090,1.718872,-0.092699,-1.000895,0.000000,0.383781,-0.268074,-0.571072,-0.624024,0.379911,0.110938,-0.258989,0.099582,0.189542,0.115965,0.212669,-0.144796,0.323800,0.252125,0.212158,-0.109941,0.431055,0.240312,-0.175123,-0.036893,-0.270022,0.103342,0.161376
0.874070,1.377064,2.563967,-0.953436,-0.509768,0.000000,0.387999,-0.342484,-0.634188,-0.687297,0.365830,0.230425,-0.266616,0.040914,0.107908,0.091607,0.197944,-0.002757,0.236812,-0.233225,0.077515,-0.156493,0.360910,0.163624,0.115074,-0.274742,-0.106005,0.001488,0.066947
0.842433,1.311879,2.586087,-1.140177,-0.437974,0.233200,0.295588,-0.348148,-0.684371,-0.628436,0.336805,0.239640,-0.297737,0.050228,0.070765,0.074805,0.207710,-0.003990,0.196166,-0.210676,0.045506,-0.102803,0.322527,0.142037,0.140184,-0.329375,-0.087980,-0.002711,0.005506
0.779160,1.181507,2.630328,-1.513658,-0.294387,0.699600,0.110767,-0.359475,-0.784738,-0.510715,0.278754,0.258070,-0.359980,0.068856,-0.003521,0.041200,0.227240,-0.006455,0.114874,-0.165578,-0.018511,0.004578,0.245760,0.098864,0.190405,-0.438641,-0.051930,-0.011110,-0.117377
0.503889,1.121668,2.094494,-1.315325,0.230594,0.679975,0.195917,-0.255392,-0.849551,-0.660339,0.331996,0.279136,-0.406597,0.125182,0.021864,-0.015512,0.210182,-0.013818,0.116534,0.039158,0.007126,-0.003292,0.227984,0.053230,0.149263,-0.467842,-0.167284,-0.028132,-0.133534
0.366254,1.091748,1.826577,-1.216158,0.493084,0.670163,0.238492,-0.203351,-0.881957,-0.735152,0.358617,0.289669,-0.429906,0.153345,0.034556,-0.043868,0.201653,-0.017499,0.117365,0.141527,0.019945,-0.007227,0.219096,0.030414,0.128692,-0.482442,-0.224961,-0.036644,-0.141613
-0.225768,0.670522,0.024115,-0.938698,0.768546,0.108704,0.318242,-0.181000,-1.033015,-0.671955,0.274409,0.244668,-0.475963,0.124618,0.128407,-0.085671,0.211753,-0.026972,0.074047,0.060516,0.109280,-0.002561,0.214884,0.020043,-0.028371,-0.364981,-0.031904,-0.085416,-0.180564
-0.443273,0.443782,-0.675856,-0.859010,0.748738,-0.111654,0.259682,-0.181830,-0.994465,-0.547973,0.224601,0.264040,-0.433465,0.119740,0.123791,-0.066368,0.206444,-0.010628,0.055310,0.051045,0.082543,-0.003039,0.189319,0.029069,-0.032054,-0.278901,0.053344,-0.077422,-0.154247
-0.878281,-0.009698,-2.075797,-0.699635,0.709123,-0.552369,0.142562,-0.183491,-0.917364,-0.300009,0.124983,0.302785,-0.348468,0.109985,0.114560,-0.027760,0.195826,0.022062,0.017837,0.032102,0.029069,-0.003995,0.138188,0.047122,-0.039421,-0.106741,0.223840,-0.061434,-0.101613
-0.604893,0.141475,-1.517606,-0.716873,0.308577,-0.252488,0.048778,-0.213422,-0.791418,-0.134836,0.072944,0.154487,-0.245208,0.107199,0.098725,-0.053103,0.143226,0.028806,0.017574,0.037276,0.058290,-0.040537,0.066839,0.062723,-0.057248,0.101918,0.415544,-0.013901,-0.017612
-0.468199,0.217061,-1.238510,-0.725493,0.108304,-0.102548,0.001886,-0.228388,-0.728444,-0.052249,0.046925,0.080338,-0.193578,0.105807,0.090807,-0.065775,0.116926,0.032178,0.017443,0.039862,0.072901,-0.058807,0.031165,0.070523,-0.066161,0.206248,0.511395,0.009866,0.024388
0.707205,0.824259,2.492534,-0.883060,0.237553,-0.823549,0.047271,-0.415502,-0.687680,-0.066615,0.009274,0.308936,-0.125663,-0.024654,0.107671,-0.035322,0.083529,0.012435,-0.019957,0.096478,-0.035428,-0.012635,0.021434,0.104144,-0.310721,0.418568,0.070919,-0.004438,0.057549
0.575699,0.894332,2.145187,-0.591140,0.047132,0.310515,0.003730,-0.463956,-0.681979,-0.020039,-0.011323,0.332083,-0.125384,-0.052403,0.080347,-0.030808,0.063840,0.023791,-0.035596,0.084800,-0.003721,0.002474,-0.009971,0.101868,-0.295510,0.419591,-0.042505,0.030952,0.060947
0.312688,1.034477,1.450494,-0.007299,-0.333710,2.578643,-0.083354,-0.560864,-0.670577,0.073112,-0.052517,0.378377,-0.124825,-0.107901,0.025699,-0.021782,0.024463,0.046502,-0.066875,0.061444,0.059694,0.032691,-0.072779,0.097316,-0.265088,0.421638,-0.269351,0.101734,0.067743
0.296022,0.728968,0.659096,-0.467465,-0.077654,1.670813,-0.039752,-0.552492,-0.666248,0.075899,-0.053602,0.358059,-0.134275,-0.095304,0.030597,-0.008445,-0.004598,0.083988,-0.082392,0.071009,0.057109,-0.076317,-0.104864,0.050891,-0.133433,0.287259,-0.235672,0.094105,0.038186
0.287689,0.576214,0.263397,-0.697548,0.050373,1.216898,-0.017951,-0.548306,-0.664083,0.077293,-0.054145,0.347899,-0.138999,-0.089006,0.033046,-0.001777,-0.019129,0.102730,-0.090151,0.075792,0.055816,-0.130821,-0.120906,0.027679,-0.067606,0.220070,-0.218832,0.090291,0.023408
0.217339,0.534933,-0.133295,-0.870300,-0.092447,0.769459,-0.062723,-0.474665,-0.495331,0.103840,-0.049454,0.271995,-0.025817,-0.014564,-0.019612,0.036855,-0.065627,0.093359,-0.080264,0.105993,-0.018214,-0.007483,-0.103167,-0.034916,0.059609,0.089498,-0.170653,-0.025445,-0.000520
0.154971,0.532154,-0.286693,-0.874662,-0.022790,0.531256,-0.084951,-0.452396,-0.448098,0.086871,-0.033043,0.278347,-0.004626,-0.010304,-0.058454,0.055727,-0.083494,0.131269,-0.080814,0.120676,0.001787,-0.003001,-0.133140,-0.072749,0.160480,0.035515,-0.058597,-0.033856,-0.005712
0.030235,0.526597,-0.593489,-0.883386,0.116523,0.054848,-0.129405,-0.407857,-0.353633,0.052933,-0.000222,0.291051,0.037757,-0.001782,-0.136137,0.093471,-0.119230,0.207088,-0.081913,0.150041,0.041789,0.005963,-0.193087,-0.148415,0.362220,-0.072450,0.165515,-0.050678,-0.016095
-0.036831,0.410995,-1.277869,-0.967384,0.296276,-0.420659,-0.069900,-0.359453,-0.331099,0.009827,0.015063,0.295747,0.027139,-0.004807,-0.098486,0.106908,-0.086303,0.183642,-0.086532,0.065438,0.012692,-0.004053,-0.136682,-0.144854,0.179212,-0.064681,-0.035260,-0.041477,0.022506
-0.070364,0.353194,-1.620060,-1.009383,0.386153,-0.658412,-0.040147,-0.335251,-0.319832,-0.011725,0.022706,0.298094,0.021830,-0.006319,-0.079661,0.113626,-0.069839,0.171919,-0.088842,0.023136,-0.001856,-0.009060,-0.108479,-0.143073,0.087708,-0.060797,-0.135647,-0.036877,0.041806
-0.167933,0.411282,-2.725917,-0.558111,0.123283,-0.134940,0.070768,-0.294360,-0.306045,-0.022540,-0.005041,0.310777,-0.001636,-0.026490,-0.085879,0.123927,-0.037190,0.061147,0.027189,0.043918,-0.016441,-0.068218,-0.083024,-0.154723,0.089747,-0.023139,0.066108,0.071523,-0.020869
-0.149801,0.456091,-2.749885,-0.412450,0.057896,-0.053229,0.068065,-0.287812,-0.266230,-0.012470,-0.002245,0.308722,0.004228,-0.024753,-0.076192,0.108634,-0.027122,0.035692,0.052109,0.030578,0.001524,-0.057680,-0.076260,-0.157406,0.033214,-0.015535,0.064894,0.054482,-0.019037
-0.113537,0.545709,-2.797823,-0.121129,-0.072877,0.110192,0.062659,-0.274717,-0.186599,0.007668,0.003348,0.304611,0.015956,-0.021279,-0.056818,0.078049,-0.006985,-0.015217,0.101949,0.003899,0.037454,-0.036605,-0.062731,-0.162771,-0.079851,-0.000329,0.062465,0.020399,-0.015375
-0.071355,0.584347,-2.912409,0.118076,-0.140426,0.328788,0.054504,-0.266288,-0.074904,0.015013,0.013473,0.333025,0.093173,-0.013868,-0.068323,0.114318,0.003940,0.026714,0.101241,0.092563,0.047828,-0.059636,-0.051679,-0.145800,-0.072587,0.041519,0.005542,-0.020856,-0.059248
-0.050264,0.603666,-2.969702,0.237678,-0.174200,0.438086,0.050426,-0.262074,-0.019056,0.018685,0.018536,0.347232,0.131781,-0.010162,-0.074075,0.132453,0.009402,0.047679,0.100887,0.136895,0.053015,-0.071152,-0.046153,-0.137314,-0.068954,0.062444,-0.022919,-0.041483,-0.081184
0.012147,0.544032,-3.316618,0.438179,-0.207951,0.360859,0.028218,-0.204471,0.174075,0.017692,0.037939,0.327457,0.240043,0.035081,-0.074817,0.199542,0.015662,0.197153,0.075755,0.078435,0.033005,-0.027997,-0.097894,-0.191579,0.076500,0.009910,0.109274,0.026837,0.032023
0.029914,0.483056,-3.336243,0.484813,-0.200457,0.335050,0.029346,-0.187056,0.198603,0.000147,0.046208,0.335154,0.228333,0.046623,-0.092289,0.224244,0.018029,0.221195,0.067207,0.046503,0.020052,-0.020808,-0.094920,-0.169845,0.084684,0.030030,0.061347,0.018673,0.038591
0.065446,0.361102,-3.375495,0.578080,-0.185470,0.283431,0.031602,-0.152226,0.247659,-0.034943,0.062746,0.350549,0.204915,0.069707,-0.127234,0.273649,0.022762,0.269279,0.050111,-0.017361,-0.005853,-0.006431,-0.088972,-0.126378,0.101051,0.070270,-0.034507,0.002345,0.051727
0.336481,0.129724,-3.253085,0.253908,-0.080455,-0.426173,0.043446,-0.172548,0.282027,-0.084361,0.087270,0.441214,0.201468,0.063831,-0.166698,0.298442,0.023413,0.272852,0.043479,0.002047,0.023577,-0.035174,-0.076408,-0.108447,0.081620,0.047846,0.038627,0.054920,0.046261
0.471998,0.014035,-3.191880,0.091823,-0.027947,-0.780975,0.049368,-0.182709,0.299211,-0.109070,0.099533,0.486547,0.199745,0.060894,-0.186431,0.310838,0.023738,0.274639,0.040163,0.011751,0.038292,-0.049546,-0.070126,-0.099481,0.071905,0.036634,0.075194,0.081207,0.043529
1.169225,-0.310791,-3.036520,-1.261929,-0.644839,-2.474759,0.047082,-0.036558,0.433505,-0.162206,0.143012,0.406724,0.251102,0.245135,-0.187394,0.322004,0.014046,0.182099,0.030252,0.020126,-0.003478,0.008022,-0.012061,-0.134852,0.015975,0.022472,-0.087620,-0.040111,-0.048867
1.175852,-0.403319,-2.852237,-1.399481,-0.576384,-2.237616,0.048857,-0.105675,0.428087,-0.130280,0.126630,0.451860,0.228997,0.207957,-0.169129,0.301086,0.008889,0.166426,0.026847,0.026721,0.005057,-0.004589,-0.006831,-0.142443,-0.013521,0.002825,-0.033153,-0.023167,-0.023917
1.189106,-0.588374,-2.483671,-1.674584,-0.439472,-1.763331,0.052408,-0.243909,0.417252,-0.066427,0.093864,0.542132,0.184788,0.133600,-0.132599,0.259250,-0.001426,0.135080,0.020038,0.039912,0.022128,-0.029813,0.003629,-0.157627,-0.072513,-0.036469,0.075780,0.010721,0.025983
1.072131,-0.769338,-1.010792,-1.633395,-0.052266,-0.587777,-0.070644,-0.642140,0.287724,0.299700,-0.100071,0.720740,0.075018,-0.098046,-0.096911,0.169144,-0.009129,0.065948,0.029341,0.038519,0.024506,-0.017860,0.008722,-0.151783,-0.097549,-0.052333,0.018595,0.013268,-0.026009
1.013644,-0.859820,-0.274352,-1.612801,0.141337,0.000000,-0.132170,-0.841255,0.222960,0.482764,-0.197038,0.810043,0.020132,-0.213869,-0.079067,0.124092,-0.012981,0.031382,0.033993,0.037822,0.025695,-0.011884,0.011268,-0.148861,-0.110067,-0.060266,-0.009997,0.014542,-0.052006
-0.107016,-0.224209,0.524316,0.703841,-1.507416,0.000000,-0.028604,-0.456306,0.244969,0.038812,0.044694,0.721106,0.085286,0.071197,-0.105236,0.003221,-0.021351,-0.083431,0.047017,0.010824,0.050043,-0.071675,0.065161,-0.204874,-0.137483,-0.152856,0.024064,0.012399,-0.020095
-0.056696,-0.327863,0.629528,0.745500,-1.392168,0.095143,-0.030934,-0.590761,0.292118,0.137430,0.007277,0.732728,0.134180,-0.025454,-0.038084,-0.045256,-0.020395,-0.111349,0.047236,0.012951,0.044581,-0.069703,0.084112,-0.216137,-0.157475,-0.170425,0.044161,-0.001011,-0.038702
0.043942,-0.535169,0.839952,0.828818,-1.161671,0.285428,-0.035592,-0.859671,0.386417,0.334667,-0.067558,0.755971,0.231969,-0.218755,0.096218,-0.142208,-0.018483,-0.167184,0.047674,0.017205,0.033659,-0.065760,0.122015,-0.238662,-0.197461,-0.205563,0.084353,-0.027829,-0.075917
0.362181,-0.959790,0.787962,0.314563,-0.770345,0.557533,-0.196719,-1.245627,0.496992,0.729705,-0.229809,0.873997,0.268135,-0.462793,0.128044,-0.138971,-0.012411,-0.169411,0.009378,-0.045910,0.004864,-0.056265,0.090431,-0.207203,-0.087214,-0.140023,0.136885,-0.025785,-0.010400
0.521301,-1.172100,0.761967,0.057436,-0.574683,0.693586,-0.277282,-1.438605,0.552280,0.927224,-0.310935,0.933010,0.286218,-0.584811,0.143958,-0.137352,-0.009374,-0.170524,-0.009770,-0.077468,-0.009534,-0.051518,0.074639,-0.191474,-0.032090,-0.107253,0.163152,-0.024763,0.022359
0.264550,-1.292322,0.875571,0.231766,-0.407123,0.618350,-0.530836,-1.562798,0.687194,0.949459,-0.194783,0.945800,0.389468,-0.692190,0.045488,-0.236479,0.016915,-0.313037,0.071141,-0.105616,-0.038723,-0.058353,0.171319,-0.075151,-0.188967,0.069298,-0.026819,-0.039164,-0.035532
0.305490,-1.253518,0.957858,0.141145,-0.372543,0.604504,-0.552059,-1.522262,0.767695,0.886065,-0.122431,0.916274,0.429797,-0.672392,0.059401,-0.240299,0.020903,-0.305488,0.059606,-0.063099,-0.003733,-0.082191,0.178045,-0.050560,-0.213468,0.044602,-0.118623,0.012459,-0.002970
0.387370,-1.175911,1.122432,-0.040097,-0.303385,0.576813,-0.594507,-1.441190,0.928698,0.759277,0.022273,0.857222,0.510454,-0.632796,0.087229,-0.247939,0.028880,-0.290388,0.036537,0.021934,0.066247,-0.129867,0.191499,-0.001379,-0.262470,-0.004790,-0.302230,0.115707,0.062156
0.371232,-1.105513,0.939841,-0.029327,-0.311961,0.573549,-0.397540,-1.290168,0.824192,0.482252,0.228370,0.780069,0.341486,-0.550884,0.213883,-0.233082,0.028837,-0.213005,-0.024933,-0.066842,0.024852,-0.139240,0.112517,0.008611,-0.099132,-0.187798,-0.001264,-0.005587,-0.055139
0.363162,-1.070313,0.848545,-0.023941,-0.316249,0.571917,-0.299056,-1.214657,0.771940,0.343739,0.331418,0.741492,0.257003,-0.509927,0.277210,-0.225654,0.028815,-0.174313,-0.055668,-0.111229,0.004155,-0.143926,0.073026,0.013606,-0.017463,-0.279302,0.149218,-0.066234,-0.113787
-0.104471,-0.615189,0.454232,0.543774,-0.492012,0.614239,-0.022578,-0.634345,0.409501,-0.273111,0.801318,0.308215,-0.054589,-0.151515,0.298270,-0.270000,0.061742,-0.211637,-0.097920,-0.253500,-0.049741,-0.157164,-0.003268,0.023919,0.175320,-0.477415,0.041047,-0.092184,-0.084202
-0.247414,-0.446956,0.435933,0.656721,-0.524814,0.579012,-0.088667,-0.482846,0.311962,-0.315257,0.871345,0.205477,-0.082722,-0.032441,0.243956,-0.279502,0.084052,-0.313627,-0.072921,-0.250033,-0.075153,-0.030134,-0.023165,0.041901,0.228682,-0.454970,0.021344,-0.105607,-0.102879
-0.533299,-0.110491,0.399336,0.882615,-0.590419,0.508558,-0.220845,-0.179848,0.116884,-0.399549,1.011399,0.000000,-0.138988,0.205706,0.135328,-0.298505,0.128673,-0.517607,-0.022922,-0.243099,-0.125978,0.223924,-0.062959,0.077866,0.335405,-0.410079,-0.018061,-0.132453,-0.140232
-0.609412,-0.094516,0.349607,0.711416,-0.451617,0.555388,-0.546478,-0.248044,-0.416699,0.199885,0.473618,-0.561157,-0.179456,0.194400,0.027600,-0.342361,0.173234,-0.607579,0.039179,0.029923,-0.012908,0.083509,-0.052112,0.189749,0.206659,-0.216123,-0.191309,-0.039836,-0.064457
-0.647469,-0.086529,0.324742,0.625817,-0.382216,0.578803,-0.709295,-0.282142,-0.683491,0.499603,0.204728,-0.841735,-0.199690,0.188747,-0.026264,-0.364289,0.195515,-0.652565,0.070229,0.166434,0.043627,0.013301,-0.046689,0.245690,0.142286,-0.119146,-0.277934,0.006472,-0.026569
-0.542400,-0.124116,0.324942,0.331622,-0.244223,0.491226,-1.197883,-0.454737,-1.473040,2.222190,-1.949914,-3.185491,-0.149594,0.113651,-0.089971,-0.432065,0.246538,-0.743737,0.100790,-0.002464,0.092593,-0.163536,0.088567,0.403881,-0.224919,0.091074,-0.274175,0.145499,0.081192
-0.394180,-0.210460,0.339902,0.154641,-0.164973,0.477298,-0.836942,-0.413352,-1.489844,1.955128,-2.083072,-2.600202,-0.145219,0.051382,-0.071664,-0.418352,0.265082,-0.757108,0.101613,-0.058043,0.066512,-0.132552,0.114705,0.434935,-0.266669,0.103569,-0.173663,0.134942,0.075842
-0.097739,-0.383149,0.369820,-0.199322,-0.006473,0.449440,-0.115059,-0.330581,-1.523452,1.421004,-2.349388,-1.429626,-0.136468,-0.073157,-0.035050,-0.390926,0.302171,-0.783851,0.103260,-0.169200,0.014350,-0.070585,0.166979,0.497043,-0.350168,0.128560,0.027361,0.113828,0.065142
-0.023657,-0.388389,0.249346,-0.243350,0.048221,0.503410,0.065458,-0.053391,-1.035753,1.894673,-1.631885,-1.107732,-0.209936,-0.034540,0.036304,-0.354282,0.286797,-0.626499,0.113875,0.058384,0.029529,-0.032543,0.144435,0.475262,-0.311973,0.099123,0.077721,-0.017062,-0.304394
0.013385,-0.391009,0.189109,-0.265363,0.075568,0.530395,0.155717,0.085204,-0.791904,2.131508,-1.273134,-0.946785,-0.246670,-0.015232,0.071981,-0.335961,0.279110,-0.547823,0.119183,0.172175,0.037119,-0.013522,0.133164,0.464371,-0.292876,0.084404,0.102901,-0.082507,-0.489163
0.104047,-0.435674,0.223037,-0.350735,0.131413,0.550882,0.075099,0.281774,-0.148403,2.975874,-1.020148,-0.875481,-0.159781,-0.028770,0.043287,-0.197158,0.184747,-0.028555,0.076604,0.135615,0.130990,-0.035552,0.070880,0.324102,-0.242243,-0.121990,-0.125431,-0.041574,-0.606397
0.120054,-0.422960,0.233631,-0.343517,0.105696,0.512223,0.089376,0.315389,-0.187483,3.115484,-0.928228,-0.896356,-0.135198,-0.021420,0.036371,-0.147934,0.148302,0.141761,0.060124,0.068985,0.088713,-0.027722,0.033763,0.263749,-0.201900,-0.174213,-0.086335,-0.052702,-0.473800
0.152069,-0.397533,0.254817,-0.329081,0.054263,0.434906,0.117930,0.382620,-0.265643,3.394702,-0.744388,-0.938107,-0.086033,-0.006720,0.022538,-0.049487,0.075412,0.482394,0.027165,-0.064275,0.004157,-0.012062,-0.040470,0.143042,-0.121214,-0.278658,-0.008143,-0.074957,-0.208608
0.129919,-0.357224,0.270709,-0.296209,0.035374,0.373990,0.148352,0.680979,-0.062412,3.184665,-0.542246,-1.005993,-0.060582,-0.003451,-0.051205,0.037005,0.037602,0.628978,0.005479,-0.139212,-0.029968,0.073671,-0.136920,0.073203,0.116792,-0.270892,0.182541,-0.095221,-0.026092
0.118845,-0.337070,0.278656,-0.279773,0.025930,0.343533,0.163563,0.830158,0.039203,3.079646,-0.441175,-1.039936,-0.047856,-0.001817,-0.088076,0.080251,0.018698,0.702270,-0.005364,-0.176680,-0.047030,0.116537,-0.185145,0.038284,0.235795,-0.267009,0.277882,-0.105352,0.065166
0.108922,-0.368427,0.328150,-0.340858,0.063461,0.361689,0.343042,1.333678,0.253355,2.039650,0.123705,-0.351876,-0.009487,-0.037369,-0.181325,0.158938,-0.019814,0.732976,-0.054654,-0.077866,-0.016008,0.107643,-0.244797,-0.005782,0.425563,-0.131094,0.001631,-0.038913,0.277189
0.146008,-0.391786,0.362026,-0.388767,0.078678,0.347430,0.437204,1.440604,0.241424,1.618170,0.289862,-0.084489,0.013406,-0.047396,-0.190391,0.158741,-0.035665,0.666852,-0.059866,-0.088019,-0.012594,0.086966,-0.240438,-0.013645,0.426102,-0.082721,-0.006544,-0.032339,0.259741
0.220179,-0.438505,0.429778,-0.484585,0.109110,0.318913,0.625529,1.654455,0.217562,0.775208,0.622176,0.450284,0.059193,-0.067450,-0.208521,0.158346,-0.067365,0.534604,-0.070288,-0.108324,-0.005764,0.045611,-0.231720,-0.029370,0.427179,0.014026,-0.022894,-0.019191,0.224846
0.256772,-0.417343,0.477589,-0.533884,0.085986,0.205159,0.768526,1.877505,0.246659,-0.049167,0.595408,0.715879,0.094433,-0.020226,-0.246919,0.107523,-0.095036,0.256628,-0.028440,-0.066427,-0.002351,0.027719,-0.172112,-0.039102,0.338502,0.057707,-0.044916,0.031933,0.079634
0.275068,-0.406761,0.501494,-0.558533,0.074423,0.148281,0.840025,1.989031,0.261207,-0.461354,0.582024,0.848676,0.112053,0.003386,-0.266118,0.082111,-0.108871,0.117640,-0.007516,-0.045479,-0.000644,0.018773,-0.142308,-0.043968,0.294163,0.079547,-0.055927,0.057495,0.007027
0.200385,-0.337230,0.626953,-0.442450,0.050435,0.070730,0.857715,2.467912,1.012014,-1.666728,0.561766,1.730191,0.216879,0.053156,-0.279472,0.063614,-0.148745,-0.030899,-0.061001,0.131496,0.018071,-0.047383,-0.118183,-0.063409,0.231146,0.126028,0.004188,-0.027591,0.012949
0.185928,-0.345405,0.684490,-0.445308,0.070157,0.108583,0.805939,2.594002,1.464220,-1.949796,0.371428,1.656713,0.236569,0.040640,-0.284113,0.085739,-0.157552,-0.027955,-0.089399,0.101569,0.003844,-0.015675,-0.133911,-0.064229,0.225376,0.123694,0.047403,0.013905,0.044517
0.157015,-0.361754,0.799563,-0.451023,0.109600,0.184291,0.702386,2.846181,2.368633,-2.515932,-0.009248,1.509757,0.275948,0.015609,-0.293395,0.129989,-0.175165,-0.022066,-0.146195,0.041715,-0.024611,0.047743,-0.165367,-0.065868,0.213836,0.119026,0.133835,0.096897,0.107653
0.122573,-0.436638,0.861259,-0.431149,0.233198,0.123342,0.712810,2.658381,2.807904,-2.991862,0.061852,1.167528,0.323581,-0.084887,-0.250709,0.161956,-0.168325,0.058291,-0.195235,0.004087,-0.011149,0.042226,-0.209290,-0.047628,0.265993,0.140321,0.009276,0.038939,0.101862
0.105352,-0.474080,0.892106,-0.421211,0.294997,0.092868,0.718022,2.564481,3.027539,-3.229827,0.097402,0.996414,0.347398,-0.135134,-0.229366,0.177939,-0.164905,0.098469,-0.219755,-0.014727,-0.004418,0.039468,-0.231252,-0.038508,0.292071,0.150969,-0.053004,0.009959,0.098967
0.103071,-0.579402,0.821137,-0.538973,0.376166,-0.347604,0.793246,1.752527,2.602082,-3.972357,0.295205,0.385424,0.374183,-0.242219,-0.158135,0.151046,-0.171584,0.148897,-0.161846,0.048117,-0.058818,0.014642,-0.324631,-0.011905,0.359513,0.105016,0.016899,0.005614,0.067573
0.030382,-0.646972,0.747649,-0.594422,0.420891,-0.437909,0.676170,1.464747,2.354127,-4.115385,0.458510,0.368376,0.358592,-0.272325,-0.198634,0.128381,-0.163659,0.127498,-0.167317,0.037582,-0.027383,0.001184,-0.313975,-0.008781,0.304732,0.083678,-0.039548,0.020534,0.098203
-0.114995,-0.782113,0.600674,-0.705319,0.510342,-0.618520,0.442020,0.889189,1.858215,-4.401442,0.785119,0.334278,0.327410,-0.332538,-0.279633,0.083052,-0.147808,0.084701,-0.178260,0.016513,0.035488,-0.025734,-0.292661,-0.002534,0.195172,0.041004,-0.152443,0.050375,0.159463
-0.188294,-0.903967,0.535503,-0.777142,0.607887,-0.401810,0.250619,0.464563,1.705953,-4.524369,1.033482,0.486950,0.344033,-0.388585,-0.238614,0.019883,-0.117467,0.048470,-0.180939,0.047783,0.005643,-0.040504,-0.286701,-0.011144,0.070117,-0.025974,-0.023980,0.044090,0.057065
-0.224943,-0.964894,0.502918,-0.813053,0.656660,-0.293456,0.154919,0.252251,1.629822,-4.585833,1.157663,0.563287,0.352344,-0.416608,-0.218104,-0.011701,-0.102297,0.030355,-0.182279,0.063419,-0.009280,-0.047890,-0.283721,-0.015450,0.007589,-0.059463,0.040251,0.040948,0.005865
-0.206545,-0.815879,0.419888,-0.401455,0.533473,0.037370,-1.481270,0.080085,1.141223,-0.922591,0.010041,-0.446497,0.272055,-0.313848,0.082324,-0.152936,-0.125408,0.004011,-0.121672,0.184337,0.045115,-0.179890,-0.255103,-0.049503,-0.031375,-0.076895,0.217839,-0.041516,-0.044867
-0.378326,-0.348569,0.289968,0.368827,0.175859,0.001416,-1.246694,0.165846,0.397428,-0.623438,0.496759,-1.729885,0.140166,0.007984,0.233670,-0.172843,-0.141740,-0.008837,-0.126947,0.151092,0.027718,-0.112757,-0.261809,-0.070569,0.002958,-0.078304,0.214538,-0.038755,-0.059481
-0.721889,0.586052,0.030128,1.909390,-0.539369,-0.070490,-0.777544,0.337369,-1.090160,-0.025133,1.470193,-4.296662,-0.123613,0.651646,0.536361,-0.212656,-0.174405,-0.034533,-0.137497,0.084600,-0.007076,0.021508,-0.275221,-0.112701,0.071622,-0.081121,0.207935,-0.033233,-0.088711
-0.634934,0.339877,-0.014424,1.686506,-0.275509,-0.313406,-1.124686,0.266133,-0.487149,2.179113,-0.489887,-3.911924,-0.162747,0.550237,0.446043,-0.193426,-0.219748,-0.175599,-0.117394,-0.014483,-0.057510,0.093138,-0.125973,-0.186503,0.097526,-0.037152,0.053817,-0.043928,0.018957
-0.591456,0.216790,-0.036700,1.575064,-0.143579,-0.434863,-1.298257,0.230514,-0.185643,3.281236,-1.469928,-3.719554,-0.182313,0.499533,0.400884,-0.183811,-0.242419,-0.246132,-0.107342,-0.064025,-0.082726,0.128953,-0.051349,-0.223404,0.110478,-0.015167,-0.023242,-0.049275,0.072791
-0.974452,0.232126,-0.705262,2.003404,0.053745,-0.740248,-0.069224,-0.007270,-0.376747,0.145517,-0.112540,-1.566668,-0.437927,0.453432,0.163550,-0.287486,-0.135015,-0.491204,0.074108,0.178899,-0.032705,0.007953,0.287595,-0.141379,-0.204753,0.052970,-0.198567,0.082346,0.053898
-1.131154,0.368556,-0.710971,2.256244,0.116429,-0.875783,0.003990,0.077130,-0.468254,-0.135280,0.127889,-1.369028,-0.489771,0.539257,0.149240,-0.266008,-0.108027,-0.420960,0.055214,0.192386,-0.022425,-0.020688,0.329637,-0.099783,-0.312637,0.111388,-0.166636,0.058408,0.039911
-1.444559,0.641415,-0.722390,2.761922,0.241797,-1.146851,0.150419,0.245930,-0.651268,-0.696873,0.608747,-0.973748,-0.593458,0.710907,0.120620,-0.223053,-0.054049,-0.280473,0.017427,0.219361,-0.001865,-0.077971,0.413719,-0.016591,-0.528406,0.228224,-0.102774,0.010534,0.011937
-1.281333,0.526280,-0.422148,2.492993,0.664074,-1.253126,0.251247,0.085506,-0.622640,-0.782886,0.574894,-0.232768,-0.501597,0.581814,0.177657,-0.062780,-0.038127,-0.066302,-0.050739,0.017134,-0.048832,0.098718,0.415557,0.026093,-0.456909,0.300206,-0.021469,0.043018,0.054910
-1.199720,0.468713,-0.272028,2.358529,0.875213,-1.306263,0.301661,0.005294,-0.608326,-0.825892,0.557967,0.137722,-0.455666,0.517267,0.206176,0.017356,-0.030166,0.040784,-0.084822,-0.083979,-0.072316,0.187063,0.416476,0.047435,-0.421160,0.336197,0.019183,0.059260,0.076397
-0.575787,0.181279,0.124184,1.258882,1.084625,-2.004533,0.210797,-0.166335,-0.455530,-0.353866,0.278644,0.315317,-0.263051,0.288349,0.273404,0.197465,0.002731,0.215535,-0.092880,-0.239651,-0.156234,0.189491,0.320785,0.119946,-0.049521,0.429731,-0.129028,0.063242,0.227908
-0.369145,0.040724,0.349973,0.800189,1.098163,-1.836151,0.087423,-0.242277,-0.473176,-0.126789,0.152614,0.314556,-0.247627,0.225434,0.225463,0.217092,0.016769,0.136754,-0.058549,-0.252319,-0.186886,0.225135,0.310172,0.116997,0.042785,0.417627,-0.205676,0.058314,0.254699
0.044138,-0.240386,0.801550,-0.117198,1.125239,-1.499388,-0.159326,-0.394161,-0.508468,0.327364,-0.099447,0.313033,-0.216777,0.099603,0.129580,0.256347,0.044846,-0.020809,0.010112,-0.277655,-0.248191,0.296423,0.288945,0.111100,0.227398,0.393417,-0.358973,0.048457,0.308281
0.113766,-0.420829,0.935583,-0.497502,1.212445,-0.499796,-0.378687,-0.508846,-0.560732,0.624481,-0.257476,0.353468,-0.264266,0.029001,0.020833,0.267700,0.039937,-0.071996,0.061043,-0.129087,-0.192576,0.292690,0.249441,0.076229,0.270659,0.309611,-0.295755,0.027543,0.212587
0.148581,-0.511051,1.002599,-0.687654,1.256049,0.000000,-0.488367,-0.566189,-0.586865,0.773039,-0.336490,0.373686,-0.288011,-0.006300,-0.033541,0.273376,0.037482,-0.097589,0.086508,-0.054803,-0.164769,0.290824,0.229690,0.058793,0.292289,0.267708,-0.264146,0.017086,0.164741
-0.069074,0.424636,0.514789,0.282937,-0.224964,0.000000,0.169037,-0.217300,-0.093744,-0.133828,0.183361,0.201768,0.054332,0.210794,0.133992,0.345574,0.033475,0.000513,0.164995,0.064781,-0.120338,0.220765,0.182437,0.018217,0.164652,0.063690,-0.173071,0.027059,0.209973
0.033255,0.666164,0.940330,0.089970,-0.362167,0.000000,0.197732,-0.192389,-0.080827,-0.259604,0.238901,0.211931,0.058203,0.217652,0.110415,0.350407,0.032907,0.054983,0.182998,0.023318,-0.087824,0.161216,0.165860,0.006959,0.097227,-0.018453,-0.083353,0.037406,0.168953
0.237914,1.149220,1.791412,-0.295966,-0.636572,0.000000,0.255121,-0.142566,-0.054991,-0.511155,0.349980,0.232258,0.065947,0.231367,0.063261,0.360073,0.031771,0.163924,0.219004,-0.059609,-0.022796,0.042119,0.132705,-0.015556,-0.037622,-0.182739,0.096084,0.058098,0.086913
0.412535,1.300101,2.176577,-0.698111,-0.385492,0.000000,0.294261,-0.152460,-0.058751,-0.603520,0.393995,0.237920,0.018487,0.182457,0.073941,0.361768,0.047920,0.238771,0.235364,-0.049971,0.015945,0.022334,0.033895,-0.055496,-0.033171,-0.255342,0.134054,0.015000,0.017022
0.499845,1.375542,2.369159,-0.899184,-0.259952,0.000000,0.313831,-0.157408,-0.060631,-0.649703,0.416002,0.240751,-0.005243,0.158002,0.079281,0.362615,0.055995,0.276194,0.243545,-0.045152,0.035315,0.012442,-0.015509,-0.075466,-0.030946,-0.291644,0.153039,-0.006549,-0.017924
0.584646,1.204429,2.019736,-1.426606,-0.205038,0.000000,0.278013,-0.154092,-0.165842,-0.481253,0.287094,0.188093,-0.068200,0.112449,0.161849,0.242224,0.053617,0.143026,0.324817,-0.102695,0.056739,0.128121,-0.064601,-0.098711,-0.177122,-0.279264,0.078880,-0.149672,-0.256152
0.504216,1.086901,1.757786,-1.526112,-0.080104,0.244592,0.223686,-0.176474,-0.232983,-0.412283,0.242310,0.211673,-0.121945,0.087914,0.149751,0.194234,0.060528,0.089575,0.345196,-0.096544,0.052299,0.085980,-0.087658,-0.096670,-0.208640,-0.251924,0.080411,-0.116421,-0.228063
0.343354,0.851846,1.233886,-1.725123,0.169763,0.733776,0.115034,-0.221238,-0.367264,-0.274343,0.152741,0.258833,-0.229435,0.038845,0.125556,0.098255,0.074349,-0.017327,0.385954,-0.084242,0.043418,0.001698,-0.133772,-0.092589,-0.271676,-0.197242,0.083471,-0.049920,-0.171883
0.179752,0.780405,0.709062,-1.665311,0.452804,0.727431,0.065612,-0.215863,-0.393611,-0.179160,0.078440,0.247183,-0.231708,0.015148,0.127387,0.019615,0.104616,-0.091852,0.329610,0.013955,0.122434,-0.124908,-0.132831,-0.075431,-0.364728,-0.163991,0.072274,-0.029279,-0.110330
0.097952,0.744684,0.446650,-1.635405,0.594325,0.724258,0.040902,-0.213176,-0.406785,-0.131568,0.041289,0.241358,-0.232845,0.003299,0.128303,-0.019706,0.119749,-0.129114,0.301437,0.063054,0.161941,-0.188211,-0.132360,-0.066851,-0.411254,-0.147366,0.066676,-0.018959,-0.079553
-0.064724,0.628272,-0.401913,-1.588119,1.001853,0.413516,0.037178,-0.260285,-0.441255,-0.110010,0.041648,0.268255,-0.217607,-0.051696,0.108616,-0.079624,0.135587,-0.152441,0.170957,0.009622,0.137747,-0.122486,-0.167214,-0.022407,-0.298741,0.010244,0.166054,-0.038416,-0.115821
-0.053761,0.615055,-0.646275,-1.579869,1.004968,0.324183,0.048632,-0.260928,-0.430712,-0.101048,0.027929,0.261856,-0.202199,-0.054327,0.101015,-0.077213,0.143105,-0.138451,0.117925,0.023611,0.125332,-0.123959,-0.151755,-0.014662,-0.281879,0.030832,0.117435,-0.020064,-0.113745
-0.031834,0.588621,-1.134998,-1.563370,1.011197,0.145518,0.071539,-0.262215,-0.409626,-0.083125,0.000491,0.249058,-0.171383,-0.059590,0.085814,-0.072392,0.158143,-0.110471,0.011863,0.051591,0.100503,-0.126904,-0.120836,0.000830,-0.248154,0.072008,0.020195,0.016641,-0.109593
-0.057332,0.718224,-1.430462,-1.169511,0.592990,0.403144,0.037267,-0.271206,-0.346895,0.009249,-0.052865,0.226223,-0.088259,-0.048275,0.043982,-0.052268,0.126944,-0.039520,-0.079240,0.055351,0.054066,-0.091762,-0.084060,0.002286,-0.199305,0.092893,0.025206,0.012133,-0.100620
-0.070081,0.783025,-1.578194,-0.972582,0.383886,0.531957,0.020131,-0.275701,-0.315530,0.055436,-0.079544,0.214806,-0.046697,-0.042618,0.023066,-0.042205,0.111345,-0.004045,-0.124791,0.057232,0.030848,-0.074191,-0.065672,0.003015,-0.174880,0.103335,0.027712,0.009880,-0.096133
-0.015032,0.873827,-1.707129,-0.581565,0.134269,0.351757,-0.085398,-0.337742,-0.146601,0.221654,-0.129091,0.208962,0.097444,-0.093976,-0.022979,-0.018537,0.077013,0.099127,-0.196803,0.002378,-0.010445,0.118173,-0.067755,-0.009089,-0.003963,0.040437,-0.093252,0.005602,0.003916
-0.037715,0.936025,-1.694273,-0.303615,-0.045429,0.333039,-0.127295,-0.328304,-0.116092,0.296513,-0.167133,0.220181,0.115089,-0.085848,-0.036756,0.016131,0.070971,0.176184,-0.246801,0.025620,-0.016496,0.058960,-0.069878,-0.017343,0.044636,0.025448,-0.086762,0.002967,0.012826
-0.083082,1.060419,-1.668561,0.252285,-0.404824,0.295601,-0.211089,-0.309427,-0.055075,0.446230,-0.243217,0.242620,0.150379,-0.069592,-0.064310,0.085468,0.058886,0.330296,-0.346797,0.072102,-0.028596,-0.059464,-0.074123,-0.033852,0.141832,-0.004529,-0.073780,-0.002303,0.030645
-0.161733,1.099773,-1.802546,0.861874,-0.594788,0.265731,-0.145015,-0.296114,-0.059038,0.382334,-0.222934,0.225891,0.110881,-0.091293,-0.066644,0.081896,0.046844,0.285259,-0.340287,0.085081,0.015793,-0.027500,-0.040338,-0.032866,0.160314,-0.027582,-0.008611,0.013145,-0.002481
-0.201058,1.119451,-1.869538,1.166668,-0.689770,0.250796,-0.111979,-0.289457,-0.061019,0.350386,-0.212793,0.217526,0.091131,-0.102143,-0.067811,0.080110,0.040823,0.262740,-0.337032,0.091570,0.037988,-0.011518,-0.023446,-0.032372,0.169555,-0.039108,0.023973,0.020869,-0.019044
-0.283670,1.115835,-1.842274,1.777021,-0.801304,0.196293,-0.017537,-0.235193,-0.120307,0.140994,-0.122858,0.214365,-0.040997,-0.089476,-0.108882,0.044079,0.044484,0.108186,-0.189552,0.076624,-0.049291,0.072615,0.032102,-0.025038,0.076804,-0.048510,-0.124026,0.003292,0.050200
-0.287926,1.095379,-1.884021,1.893952,-0.792993,0.299795,-0.011123,-0.235369,-0.120738,0.124914,-0.117196,0.211303,-0.048763,-0.085288,-0.118048,0.028882,0.038471,0.069180,-0.140788,0.087577,-0.037427,0.055778,0.061763,-0.022201,0.016817,-0.051798,-0.066723,-0.020361,-0.002950
-0.296438,1.054467,-1.967513,2.127813,-0.776371,0.506798,0.001706,-0.235720,-0.121601,0.092753,-0.105870,0.205178,-0.064295,-0.076913,-0.136380,-0.001513,0.026447,-0.008833,-0.043260,0.109484,-0.013699,0.022102,0.121086,-0.016527,-0.103158,-0.058374,0.047884,-0.067668,-0.109248
-0.220020,0.939112,-1.961736,2.062248,-0.446973,0.640447,-0.025597,-0.260912,-0.072843,0.137396,-0.122447,0.211739,-0.025189,-0.085694,-0.139285,-0.012845,0.012513,0.040308,-0.013894,0.089801,0.069309,-0.042158,0.142299,-0.021069,-0.147911,-0.052642,0.056848,-0.028119,-0.087970
-0.181811,0.881435,-1.958848,2.029465,-0.282275,0.707272,-0.039248,-0.273509,-0.048464,0.159718,-0.130735,0.215020,-0.005636,-0.090085,-0.140737,-0.018511,0.005546,0.064879,0.000789,0.079960,0.110813,-0.074288,0.152905,-0.023340,-0.170288,-0.049776,0.061329,-0.008344,-0.077330
0.156195,0.852468,-1.310139,1.425798,-0.014508,0.427208,-0.065428,-0.255961,0.056498,0.123106,-0.093326,0.255727,0.071939,-0.044907,-0.169718,0.039187,-0.031944,0.194464,0.001084,0.098142,0.024241,-0.061240,0.141331,-0.046027,-0.042096,-0.000082,-0.074887,0.044619,-0.015329
0.277870,0.876479,-1.021335,1.187266,-0.099714,0.342855,-0.081708,-0.249812,0.078183,0.128140,-0.093691,0.266761,0.079508,-0.027987,-0.178929,0.038461,-0.044430,0.186533,0.000849,0.058414,0.007544,-0.019967,0.122348,-0.057688,0.014474,0.018567,-0.045894,0.038494,0.009714
0.521220,0.924503,-0.443727,0.710202,-0.270126,0.174150,-0.114267,-0.237514,0.121555,0.138209,-0.094422,0.288829,0.094644,0.005853,-0.197352,0.037010,-0.069402,0.170671,0.000381,-0.021044,-0.025850,0.062580,0.084381,-0.081011,0.127616,0.055865,0.012092,0.026245,0.059800
0.617851,0.898759,-0.121233,0.382951,-0.324294,0.179695,-0.087401,-0.230094,0.076846,0.061838,-0.075621,0.336368,0.047746,0.038990,-0.231057,0.024034,-0.066120,0.115907,0.008009,0.070344,0.006082,-0.019075,0.093798,-0.079905,0.187514,0.089450,0.086336,0.051700,0.041555
0.666167,0.885887,0.040015,0.219326,-0.351378,0.182468,-0.073967,-0.226384,0.054492,0.023653,-0.066221,0.360137,0.024296,0.055558,-0.247910,0.017546,-0.064479,0.088525,0.011823,0.116038,0.022048,-0.059902,0.098507,-0.079352,0.217463,0.106242,0.123458,0.064427,0.032432
0.629051,0.495216,-0.354884,-0.113919,0.069059,-0.026560,-0.036427,-0.208425,-0.024323,-0.068597,-0.034021,0.359243,-0.060041,0.087147,-0.238465,-0.045925,-0.038743,-0.009454,0.044879,0.004915,0.028989,-0.050391,0.098350,-0.058101,0.241209,0.174646,0.206549,0.022984,0.106721
0.870680,0.227123,-0.493964,-0.700123,0.142863,-1.042436,-0.006936,-0.205374,-0.031297,-0.085067,-0.029991,0.385468,-0.063124,0.098893,-0.222109,-0.053647,-0.036626,-0.018648,0.042710,0.018003,0.041239,-0.060163,0.102936,-0.057193,0.256630,0.205308,0.232697,0.025245,0.110262
1.353937,-0.309065,-0.772125,-1.872532,0.290472,-3.074189,0.052045,-0.199273,-0.045244,-0.118007,-0.021930,0.437916,-0.069290,0.122384,-0.189397,-0.069091,-0.032391,-0.037036,0.038373,0.044181,0.065739,-0.079705,0.112109,-0.055378,0.287472,0.266633,0.284995,0.029767,0.117344
0.979355,-0.508845,-1.220852,-1.701638,-0.235537,-1.845397,0.015210,-0.199909,-0.089264,-0.083341,-0.042079,0.429591,-0.096679,0.150406,-0.187604,-0.094903,-0.020251,-0.057839,0.012511,0.027838,0.034269,-0.045533,0.119876,-0.038166,0.249895,0.285318,0.075519,0.053324,0.161436
0.792064,-0.608735,-1.445215,-1.616190,-0.498541,-1.231002,-0.003207,-0.200227,-0.111274,-0.066008,-0.052153,0.425429,-0.110373,0.164417,-0.186708,-0.107809,-0.014181,-0.068241,-0.000420,0.019667,0.018534,-0.028448,0.123759,-0.029560,0.231106,0.294660,-0.029218,0.065103,0.183482
0.784406,-0.583204,-0.326545,-1.737463,0.048755,-1.113923,-0.010599,-0.436784,-0.123343,0.098159,-0.128284,0.507539,-0.094739,0.000763,-0.096879,-0.149634,-0.004424,-0.079806,-0.029567,-0.003386,-0.003149,0.026873,0.129960,-0.016085,0.189342,0.339330,-0.015977,-0.030177,0.071423
0.589322,-0.498390,-0.069932,-1.311765,-0.239566,-0.669879,-0.019557,-0.424927,-0.143589,0.104221,-0.124272,0.513592,-0.111533,0.027269,-0.094675,-0.149859,-0.002306,-0.078327,-0.032793,-0.024580,-0.011557,0.035202,0.131090,-0.009875,0.163728,0.349602,0.027572,-0.012059,0.101801
0.199152,-0.328761,0.443295,-0.460369,-0.816206,0.218210,-0.037474,-0.401213,-0.184081,0.116346,-0.116249,0.525698,-0.145121,0.080281,-0.090269,-0.150309,0.001929,-0.075368,-0.039246,-0.066967,-0.028375,0.051861,0.133350,0.002546,0.112499,0.370147,0.114672,0.024177,0.162557
0.125905,-0.403354,0.610022,-0.254326,-0.825291,0.451146,-0.043047,-0.504430,-0.192272,0.188651,-0.125606,0.569405,-0.114576,0.014630,-0.033902,-0.171691,0.003716,-0.083855,-0.049022,-0.031224,-0.032147,0.041138,0.124405,0.011222,0.069145,0.347329,0.230885,0.045356,0.118444
0.089281,-0.440651,0.693385,-0.151304,-0.829833,0.567614,-0.045833,-0.556039,-0.196368,0.224803,-0.130284,0.591258,-0.099304,-0.018195,-0.005718,-0.182383,0.004610,-0.088098,-0.053911,-0.013352,-0.034034,0.035776,0.119932,0.015560,0.047468,0.335920,0.288992,0.055946,0.096387
0.366009,-0.783757,0.606662,-0.427718,-0.381700,0.254129,-0.115053,-0.855804,-0.017878,0.497535,-0.192371,0.683526,0.085707,-0.266154,0.083633,-0.182805,0.013572,-0.112883,-0.049029,-0.058935,-0.057505,0.102328,0.098467,0.041758,0.043048,0.296386,0.047077,-0.006423,0.049253
0.414450,-0.834773,0.528569,-0.549954,-0.245487,0.055463,-0.166715,-0.890999,0.040874,0.540870,-0.172614,0.698114,0.126090,-0.294077,0.069740,-0.159323,0.017375,-0.080778,-0.049061,-0.056301,-0.046062,0.064943,0.077093,0.054671,0.057836,0.285473,0.050423,-0.016294,0.052008
0.511332,-0.936806,0.372384,-0.794427,0.026937,-0.341870,-0.270038,-0.961391,0.158378,0.627540,-0.133101,0.727291,0.206856,-0.349921,0.041954,-0.112358,0.024980,-0.016567,-0.049124,-0.051032,-0.023175,-0.009828,0.034343,0.080498,0.087411,0.263647,0.057114,-0.036036,0.057516
0.300394,-1.034234,0.428846,-0.563512,0.011757,0.006796,-0.460229,-1.067297,0.247402,0.756823,-0.085759,0.806088,0.228366,-0.449178,-0.046506,-0.088184,0.032985,-0.051866,0.034169,-0.060250,-0.027065,0.020045,0.028243,0.103171,0.012922,0.158077,-0.052731,0.010156,0.069051
0.194925,-1.082947,0.457077,-0.448054,0.004167,0.181129,-0.555324,-1.120251,0.291915,0.821465,-0.062089,0.845486,0.239121,-0.498806,-0.090736,-0.076097,0.036988,-0.069516,0.075815,-0.064859,-0.029010,0.034982,0.025193,0.114508,-0.024322,0.105293,-0.107654,0.033251,0.074818
0.071254,-1.182938,0.437799,-0.290962,-0.022523,0.668902,-0.662959,-1.193115,0.386402,0.927476,0.088586,0.861966,0.198843,-0.549172,-0.066346,-0.041595,0.029115,-0.045165,0.119348,-0.038966,0.024284,-0.047799,-0.018740,0.106707,-0.157478,-0.132898,-0.053420,0.016907,-0.023801
0.093946,-1.149846,0.455495,-0.280684,-0.036378,0.681534,-0.651220,-1.152942,0.438030,0.893573,0.144713,0.846766,0.216432,-0.508762,-0.026417,-0.035652,0.018883,-0.032122,0.108626,-0.023566,0.040354,-0.059318,-0.031823,0.077790,-0.176520,-0.224101,0.095601,-0.025029,-0.112882
0.139330,-1.083662,0.490889,-0.260127,-0.064086,0.706797,-0.627741,-1.072597,0.541286,0.825769,0.256968,0.816367,0.251610,-0.427940,0.053441,-0.023767,-0.001583,-0.006037,0.087183,0.007235,0.072493,-0.082355,-0.057989,0.019957,-0.214605,-0.406507,0.393642,-0.108902,-0.291043
0.227988,-1.057754,0.488975,-0.322058,-0.060372,0.635502,-0.540601,-1.032048,0.559451,0.754220,0.297777,0.783442,0.248667,-0.397512,0.143732,-0.020853,-0.016688,-0.017773,0.061351,0.026140,0.033705,-0.016478,-0.076592,-0.034142,-0.193872,-0.511448,0.507585,-0.184632,-0.283512
0.272317,-1.044800,0.488018,-0.353024,-0.058516,0.599855,-0.497031,-1.011773,0.568534,0.718445,0.318181,0.766980,0.247196,-0.382298,0.188877,-0.019396,-0.024241,-0.023641,0.048435,0.035592,0.014311,0.016461,-0.085893,-0.061191,-0.183506,-0.563918,0.564557,-0.222498,-0.279747
0.243567,-1.047797,0.422153,-0.430442,0.002164,0.565021,-0.419649,-0.978709,0.559474,0.477328,0.422351,0.725150,0.206404,-0.380502,0.245196,-0.061216,-0.032316,-0.028532,-0.009499,-0.005975,-0.017623,0.039907,-0.165775,-0.139296,-0.036721,-0.608001,0.345480,-0.181703,-0.151195
0.158405,-0.953667,0.410080,-0.348928,-0.023904,0.544581,-0.355788,-0.872203,0.523099,0.245236,0.524229,0.509001,0.194310,-0.319693,0.224002,-0.064172,-0.028395,-0.033212,-0.009150,-0.012386,-0.011243,0.019427,-0.183464,-0.123006,-0.001756,-0.538728,0.138686,-0.133098,-0.162695
-0.011919,-0.765407,0.385934,-0.185899,-0.076039,0.503703,-0.228067,-0.659190,0.450350,-0.218948,0.727985,0.076704,0.170121,-0.198076,0.181615,-0.070086,-0.020553,-0.042574,-0.008453,-0.025209,0.001517,-0.021534,-0.218841,-0.090424,0.068175,-0.400182,-0.274901,-0.035889,-0.185694
-0.121895,-0.677167,0.379862,-0.234502,-0.034793,0.492530,-0.137848,-0.587596,0.315604,-0.683876,0.902332,0.025568,0.148116,-0.112274,0.077812,-0.088940,-0.030841,-0.122109,0.042756,-0.003219,0.003770,-0.042674,-0.204197,-0.076594,0.049728,-0.216011,-0.240456,-0.011176,-0.144836
-0.176883,-0.633047,0.376826,-0.258803,-0.014170,0.486943,-0.092738,-0.551799,0.248230,-0.916340,0.989505,0.000000,0.137113,-0.069374,0.025910,-0.098367,-0.035985,-0.161877,0.068361,0.007776,0.004897,-0.053245,-0.196875,-0.069678,0.040505,-0.123925,-0.223233,0.001181,-0.124406
-0.332469,-0.504182,0.362474,-0.334867,0.050149,0.486539,-0.000304,-0.474867,-0.133399,-1.453144,1.217376,0.000000,0.098406,0.043692,-0.130161,-0.140255,-0.056106,-0.261562,0.106165,-0.026449,0.073478,-0.046343,-0.159101,0.003161,0.053161,0.020106,0.153478,-0.018752,0.017921
-0.330914,-0.473911,0.337873,-0.363145,0.073698,0.507252,0.014125,-0.504732,-0.588386,-1.398493,1.186075,0.000000,0.089819,0.064354,-0.144841,-0.158521,-0.056673,-0.283511,0.106431,-0.007555,0.066447,-0.072390,-0.142745,0.033447,0.074203,0.034583,0.081459,0.003792,0.055410
-0.327802,-0.413369,0.288673,-0.419702,0.120796,0.548679,0.042981,-0.564463,-1.498362,-1.289191,1.123472,0.000000,0.072646,0.105677,-0.174201,-0.195052,-0.057807,-0.327410,0.106963,0.030234,0.052384,-0.124485,-0.110031,0.094019,0.116286,0.063538,-0.062578,0.048880,0.130386
-0.403693,-0.286839,0.150522,-0.218832,0.056287,0.477969,-0.361180,-0.606131,-2.612742,0.255304,-0.234280,-1.350462,-0.034514,0.166992,-0.171879,-0.235574,-0.014051,-0.432515,0.101345,-0.038777,0.038304,-0.071565,-0.091246,0.149480,0.173302,0.018256,-0.144301,0.061430,0.110321
-0.441638,-0.223574,0.081446,-0.118398,0.024032,0.442613,-0.563261,-0.626965,-3.169932,1.027552,-0.913155,-2.025694,-0.088093,0.197649,-0.170718,-0.255834,0.007827,-0.485067,0.098535,-0.073282,0.031263,-0.045105,-0.081853,0.177210,0.201809,-0.004385,-0.185162,0.067706,0.100288
-0.364911,-0.227120,0.064863,0.130736,-0.093182,0.420810,0.174280,-0.429076,-3.411528,1.291698,-2.534580,-2.639144,-0.046414,0.086203,-0.058938,-0.326935,0.132270,-0.658025,0.108300,-0.008723,0.004349,-0.069830,-0.020243,0.355135,0.146910,0.073439,-0.088203,-0.036534,-0.041130
-0.254772,-0.268783,0.100568,0.100180,-0.084824,0.452322,0.300720,-0.241587,-2.772876,1.483303,-2.237590,-2.170750,-0.036358,0.056556,-0.001419,-0.306249,0.147965,-0.618945,0.088703,0.008920,0.013900,-0.045968,-0.016751,0.348244,0.141551,0.043876,-0.061502,-0.026474,0.000080
-0.034495,-0.352107,0.171979,0.039069,-0.068108,0.515346,0.553599,0.133389,-1.495573,1.866512,-1.643611,-1.233962,-0.016244,-0.002738,0.113618,-0.264876,0.179355,-0.540787,0.049508,0.044205,0.033002,0.001755,-0.009768,0.334461,0.130835,-0.015249,-0.008102,-0.006355,0.082502
0.060490,-0.286863,0.252199,0.046750,-0.098579,0.500158,0.471046,0.515514,-0.623621,2.507371,-1.136344,-1.002917,0.022552,0.021409,0.153837,-0.163437,0.177541,-0.229980,0.004098,0.089966,0.047366,-0.051249,-0.024729,0.323719,0.174670,-0.062727,-0.040225,0.036994,0.008730
0.107982,-0.254242,0.292310,0.050590,-0.113815,0.492564,0.429769,0.706577,-0.187646,2.827801,-0.882711,-0.887394,0.041950,0.033483,0.173946,-0.112717,0.176634,-0.074576,-0.018607,0.112846,0.054547,-0.077751,-0.032209,0.318349,0.196588,-0.086465,-0.056287,0.058669,-0.028157
0.191754,-0.261021,0.275596,-0.034515,-0.099024,0.325456,0.318765,1.047424,0.220263,3.399837,-0.568888,-0.726848,0.022668,-0.007683,0.125090,0.079409,0.135692,0.367432,-0.074953,-0.055244,-0.011187,0.044050,0.020966,0.251464,0.111634,-0.135334,-0.118596,-0.150907,-0.274533
0.198195,-0.295563,0.292842,-0.113108,-0.071198,0.312758,0.304837,1.123747,0.221886,3.318353,-0.494581,-0.594370,0.010766,-0.042756,0.062613,0.118986,0.126759,0.440178,-0.077233,-0.077658,-0.011842,0.040191,0.034382,0.236859,0.020779,-0.126803,-0.103081,-0.157928,-0.320842
0.211079,-0.364647,0.327333,-0.270293,-0.015546,0.287363,0.276982,1.276393,0.225132,3.155386,-0.345968,-0.329412,-0.013036,-0.112904,-0.062343,0.198141,0.108892,0.585669,-0.081793,-0.122488,-0.013152,0.032472,0.061213,0.207649,-0.160929,-0.109742,-0.072051,-0.171970,-0.413459
0.214868,-0.394964,0.365604,-0.297792,-0.005361,0.330843,0.393087,1.452486,0.196504,2.495935,-0.078724,0.112762,-0.024779,-0.160223,-0.129112,0.244448,0.106457,0.562022,-0.053464,-0.127167,-0.026286,0.103947,0.057610,0.199931,-0.233103,-0.111264,-0.001073,-0.060428,-0.035900
0.216762,-0.410122,0.384739,-0.311541,-0.000268,0.352584,0.451140,1.540533,0.182190,2.166209,0.054899,0.333849,-0.030650,-0.183883,-0.162497,0.267601,0.105240,0.550198,-0.039300,-0.129507,-0.032853,0.139685,0.055808,0.196072,-0.269190,-0.112025,0.034416,-0.004657,0.152880
0.237613,-0.361826,0.455632,-0.316196,-0.025613,0.245681,0.647536,2.012472,0.492655,0.767460,0.455478,1.006362,0.037060,-0.130376,-0.188418,0.233274,0.041566,0.452052,0.060693,-0.106991,-0.017908,0.029360,0.012878,0.088516,-0.055751,-0.097665,0.160538,-0.009220,0.302954
0.201939,-0.327357,0.501097,-0.283938,-0.066098,0.182100,0.643024,2.229829,0.793786,0.299068,0.620250,1.231717,0.058966,-0.098384,-0.208355,0.232655,0.026722,0.423797,0.054882,-0.059655,0.007794,-0.015481,0.008612,0.065007,0.013567,-0.079243,-0.019487,0.042880,0.254222
0.130591,-0.258420,0.592028,-0.219422,-0.147069,0.054940,0.633999,2.664545,1.396049,-0.637717,0.949793,1.682428,0.102778,-0.034401,-0.248228,0.231417,-0.002967,0.367286,0.043259,0.035016,0.059197,-0.105161,0.000081,0.017989,0.152203,-0.042399,-0.379538,0.147080,0.156756
0.031059,-0.169714,0.685052,-0.091978,-0.177343,-0.047099,0.648883,3.121890,2.376786,-1.607532,1.004674,2.229833,0.138012,0.013579,-0.266598,0.242151,-0.024856,0.321996,0.021175,-0.023830,0.017178,0.017345,-0.055874,-0.025872,0.203079,-0.043154,-0.339481,0.069421,0.037072
-0.018707,-0.125361,0.731564,-0.028256,-0.192480,-0.098118,0.656324,3.350563,2.867154,-2.092440,1.032114,2.503535,0.155628,0.037570,-0.275784,0.247518,-0.035800,0.299351,0.010133,-0.053253,-0.003832,0.078597,-0.083852,-0.047802,0.228517,-0.043532,-0.319453,0.030591,-0.022770
-0.109437,-0.172027,0.859470,-0.171605,-0.092385,-0.203771,0.611420,3.304861,4.024994,-3.028023,0.297034,2.102575,0.174799,0.017328,-0.318518,0.303956,-0.078241,0.402485,-0.065178,-0.008828,-0.024549,0.096901,-0.183070,-0.142557,0.133810,-0.108469,0.146536,0.002592,0.027731
-0.104831,-0.196524,0.819069,-0.201931,-0.061494,-0.189516,0.713688,2.917659,3.713985,-3.396147,0.282589,1.472952,0.155224,0.001959,-0.294401,0.300458,-0.081275,0.384910,-0.086603,-0.006188,-0.005613,0.063328,-0.188896,-0.156173,0.071557,-0.104259,0.121500,0.016199,0.042774
-0.095621,-0.245520,0.738267,-0.262581,0.000288,-0.161008,0.918224,2.143254,3.091969,-4.132396,0.253699,0.213706,0.116074,-0.028778,-0.246168,0.293461,-0.087344,0.349760,-0.129452,-0.000907,0.032260,-0.003818,-0.200547,-0.183405,-0.052950,-0.095839,0.071429,0.043414,0.072859
-0.139709,-0.455268,0.766730,-0.446497,0.089166,-0.175855,0.894779,1.054382,2.252545,-4.873221,0.631436,0.071235,0.125575,-0.148911,-0.298527,0.247867,-0.083093,0.225126,-0.119770,-0.042961,0.021732,-0.023240,-0.194281,-0.181237,-0.124123,-0.059766,-0.010602,0.051932,-0.051253
-0.161753,-0.560142,0.780961,-0.538455,0.133605,-0.183279,0.883057,0.509946,1.832833,-5.243633,0.820305,0.000000,0.130326,-0.208978,-0.324706,0.225070,-0.080968,0.162808,-0.114929,-0.063988,0.016468,-0.032950,-0.191149,-0.180153,-0.159709,-0.041730,-0.051618,0.056191,-0.113308
-0.630749,-0.751805,0.815867,-0.094811,-0.034675,-0.176344,-0.101089,-0.448351,1.338006,-4.536225,0.670382,0.000000,0.262188,-0.423703,-0.442227,0.069867,-0.070620,-0.144353,-0.124050,0.054329,0.030220,0.029180,-0.165740,-0.171302,-0.291528,0.049664,-0.006336,-0.033203,-0.131197
-0.594537,-0.731507,0.802779,-0.082333,-0.030150,-0.178669,-0.771461,-0.371113,1.131592,-3.132144,0.216652,0.000000,0.286761,-0.390212,-0.335447,0.008095,-0.073685,-0.169050,-0.166384,0.069188,0.039227,0.018397,-0.165433,-0.186313,-0.337640,0.026848,0.010658,0.018678,-0.110782
-0.522115,-0.690911,0.776604,-0.057377,-0.021101,-0.183319,-2.112204,-0.216637,0.718763,-0.323982,-0.690809,0.000000,0.335906,-0.323229,-0.121885,-0.115450,-0.079814,-0.218443,-0.251051,0.098908,0.057240,-0.003171,-0.164818,-0.216335,-0.429865,-0.018784,0.044646,0.122440,-0.069952
-0.170300,-0.131086,0.387016,0.018688,0.032665,-0.057983,-1.092561,0.003160,0.028974,-0.111887,-0.075974,-1.931005,0.174581,0.274974,0.306331,-0.200826,-0.150138,-0.205779,-0.251175,0.053551,-0.017923,0.007302,-0.194132,-0.313201,-0.219632,-0.007172,0.158029,0.020001,-0.093218
0.005607,0.148826,0.192221,0.056721,0.059548,0.004686,-0.582739,0.113058,-0.315920,-0.005840,0.231443,-2.896508,0.093918,0.574075,0.520439,-0.243515,-0.185300,-0.199447,-0.251237,0.030873,-0.055504,0.012538,-0.208789,-0.361634,-0.114516,-0.001366,0.214720,-0.031218,-0.104852
0.106311,0.076763,0.091141,0.058803,0.310015,0.180044,0.189989,0.181624,1.193439,0.155833,-0.002460,-3.223436,0.006821,0.646670,0.512351,-0.181500,-0.359781,-0.195487,-0.032070,0.093192,-0.093468,0.107956,-0.119034,-0.494463,0.283016,0.101345,0.204250,-0.092068,0.050131
0.044779,0.022602,-0.017114,0.056741,0.336549,0.208858,0.131905,0.104166,0.730081,0.084238,-0.075623,-2.393821,-0.084209,0.597728,0.381726,-0.138206,-0.340360,-0.207189,-0.010313,0.156849,-0.061629,0.043331,-0.036984,-0.432720,0.292275,0.136415,0.082881,-0.011631,0.108880
-0.078284,-0.085721,-0.233626,0.052617,0.389619,0.266485,0.015737,-0.050748,-0.196635,-0.058950,-0.221948,-0.734590,-0.266267,0.499844,0.120475,-0.051620,-0.301517,-0.230595,0.033202,0.284164,0.002051,-0.085919,0.127114,-0.309235,0.310793,0.206555,-0.159857,0.149243,0.226377
-0.231064,-0.002713,-0.320998,0.339620,0.321210,-0.053448,-0.027870,-0.053844,-0.419406,-0.072875,-0.103357,-0.779759,-0.263940,0.524846,0.061483,-0.021569,-0.327456,-0.192128,-0.033616,0.206735,-0.013680,-0.012478,0.306019,-0.262077,-0.016811,0.205213,-0.052718,0.081188,0.307535
-0.307453,0.038791,-0.364684,0.483122,0.287006,-0.213415,-0.049674,-0.055392,-0.530791,-0.079837,-0.044062,-0.802343,-0.262776,0.537346,0.031987,-0.006544,-0.340425,-0.172895,-0.067025,0.168021,-0.021546,0.024242,0.395472,-0.238498,-0.180613,0.204542,0.000852,0.047161,0.348114
-0.856899,0.307753,-0.363345,1.680905,-0.064895,-0.653305,-0.144825,-0.084835,-0.462449,0.022606,0.017389,-0.714649,-0.129932,0.497356,0.094424,0.117863,-0.230469,0.065001,-0.381696,0.150601,-0.082038,-0.006225,0.427071,-0.111343,-0.503501,0.240768,0.626948,0.051344,0.166098
-0.933528,0.355731,-0.384496,1.910653,-0.043065,-0.753101,-0.115194,-0.083170,-0.434107,0.021152,0.049780,-0.644023,-0.129468,0.488892,0.155312,0.133842,-0.186968,0.079594,-0.458942,0.103271,-0.096980,0.016283,0.395950,-0.086404,-0.516825,0.239503,0.577765,0.033070,0.160675
-1.086788,0.451688,-0.426800,2.370148,0.000595,-0.952693,-0.055934,-0.079839,-0.377423,0.018244,0.114563,-0.502769,-0.128540,0.471962,0.277089,0.165800,-0.099967,0.108780,-0.613434,0.008613,-0.126866,0.061298,0.333708,-0.036525,-0.543473,0.236973,0.479398,-0.003479,0.149830
-1.163186,0.527133,-0.484527,2.693320,0.234666,-1.287070,0.034613,-0.052974,-0.504569,0.008339,0.184001,-0.396399,-0.230750,0.462619,0.408701,0.124654,-0.032504,0.012712,-0.531468,-0.045581,-0.210773,0.162815,0.258548,-0.007711,-0.440295,0.187529,0.148988,0.032622,0.093283
-1.201385,0.564856,-0.513390,2.854906,0.351702,-1.454258,0.079886,-0.039541,-0.568142,0.003387,0.218719,-0.343214,-0.281855,0.457947,0.474508,0.104081,0.001227,-0.035321,-0.490485,-0.072678,-0.252727,0.213574,0.220967,0.006697,-0.388706,0.162807,-0.016217,0.050672,0.065009
-0.911026,0.380219,-0.205510,2.240374,0.894101,-2.786149,0.117584,-0.126459,-0.756629,-0.009808,0.157330,-0.045386,-0.428696,0.290454,0.447134,0.103933,0.133291,-0.218765,-0.152341,-0.074174,-0.293350,0.260325,0.236679,0.087816,-0.289536,0.112714,-0.086534,0.016087,-0.105177
-0.762159,0.209083,-0.000645,1.749551,0.987215,-2.578852,0.063413,-0.196564,-0.803879,0.007140,0.129734,-0.029158,-0.480697,0.230370,0.378185,0.130001,0.147492,-0.200136,-0.048355,-0.085506,-0.214714,0.219046,0.229610,0.115098,-0.244532,0.119349,-0.082290,0.025392,-0.062229
-0.464426,-0.133188,0.409085,0.767905,1.173443,-2.164259,-0.044929,-0.336774,-0.898379,0.041035,0.074541,0.003298,-0.584701,0.110201,0.240287,0.182138,0.175892,-0.162880,0.159615,-0.108170,-0.057442,0.136488,0.215473,0.169663,-0.154524,0.132619,-0.073802,0.044003,0.023665
-0.477662,0.071092,0.354673,0.456129,0.469237,-0.721420,-0.068136,-0.319788,-0.701640,0.038632,0.154393,-0.199410,-0.414510,0.098619,0.168411,0.205045,0.139347,-0.039391,0.269371,-0.207171,0.006445,-0.016175,0.207058,0.178494,-0.123112,0.072650,-0.220003,-0.011028,0.062859
-0.484280,0.173232,0.327466,0.300241,0.117135,0.000000,-0.079739,-0.311295,-0.603270,0.037430,0.194319,-0.300764,-0.329415,0.092828,0.132473,0.216499,0.121074,0.022354,0.324249,-0.256672,0.038389,-0.092506,0.202851,0.182909,-0.107406,0.042665,-0.293104,-0.038544,0.082456
0.010440,0.623063,0.767216,-0.890391,-0.242424,0.000000,-0.011647,-0.262908,-0.358865,0.056421,0.227287,-0.367418,-0.115528,0.099540,0.158588,0.235472,0.106083,0.131639,0.367575,-0.293436,-0.088556,0.032224,0.113879,0.166875,-0.017681,-0.020526,-0.294060,-0.033666,0.063268
0.130540,0.709649,0.955433,-1.155646,-0.091150,0.000000,0.011948,-0.263645,-0.357052,0.035874,0.196600,-0.294906,-0.106671,0.103468,0.174046,0.208401,0.102391,0.149547,0.364850,-0.246996,-0.049247,-0.007113,0.100773,0.146853,-0.029138,-0.069417,-0.235073,-0.019374,0.034342
0.370739,0.882820,1.331865,-1.686155,0.211398,0.000000,0.059138,-0.265118,-0.353426,-0.005219,0.135226,-0.149882,-0.088958,0.111326,0.204961,0.154258,0.095006,0.185362,0.359400,-0.154115,0.029372,-0.085785,0.074561,0.106810,-0.052053,-0.167198,-0.117099,0.009211,-0.023512
0.462145,0.934220,1.469505,-1.907111,0.425245,0.000000,0.093740,-0.264166,-0.374409,-0.078240,0.154334,0.038047,-0.117700,0.112446,0.197209,0.106181,0.105782,0.109575,0.363286,-0.124734,0.009564,0.027671,0.042091,0.063457,-0.062622,-0.267082,-0.081235,0.016024,-0.070114
0.507847,0.959919,1.538326,-2.017589,0.532169,0.000000,0.111041,-0.263689,-0.384901,-0.114750,0.163887,0.132011,-0.132071,0.113006,0.193333,0.082142,0.111170,0.071681,0.365229,-0.110044,-0.000340,0.084400,0.025856,0.041780,-0.067906,-0.317025,-0.063303,0.019430,-0.093415
0.408901,0.949429,1.278132,-1.838585,0.795109,0.251344,0.070243,-0.256853,-0.471697,-0.025858,0.045901,0.090630,-0.171774,0.102881,0.215493,0.007526,0.144096,0.161893,0.244743,-0.046869,0.117868,-0.213270,-0.014686,-0.012322,-0.102543,-0.403846,-0.229733,-0.014851,-0.095769
0.311117,0.897120,1.106009,-1.725042,0.859151,0.463538,0.030276,-0.288172,-0.506306,-0.017453,0.043434,0.101933,-0.204324,0.067811,0.172078,-0.009950,0.148346,0.147240,0.226887,-0.013620,0.125396,-0.209395,-0.041559,-0.022016,-0.044692,-0.381276,-0.185518,-0.036550,-0.115467
0.115547,0.792502,0.761763,-1.497956,0.987234,0.887927,-0.049657,-0.350811,-0.575524,-0.000644,0.038500,0.124539,-0.269423,-0.002327,0.085247,-0.044902,0.156844,0.117935,0.191175,0.052878,0.140453,-0.201644,-0.095306,-0.041404,0.071011,-0.336136,-0.097089,-0.079948,-0.154862
0.024777,0.790517,0.369520,-1.181967,0.990868,0.570210,-0.038641,-0.378748,-0.581609,0.003158,0.002051,0.116017,-0.258987,-0.055226,0.069319,-0.072226,0.182365,0.015444,0.148420,0.035784,0.105674,-0.029538,-0.114582,-0.030592,0.067210,-0.203078,-0.032118,-0.027857,-0.120143
-0.020608,0.789525,0.173398,-1.023972,0.992684,0.411352,-0.033133,-0.392717,-0.584651,0.005059,-0.016173,0.111756,-0.253769,-0.081676,0.061356,-0.085888,0.195125,-0.035802,0.127042,0.027237,0.088285,0.056515,-0.124220,-0.025186,0.065310,-0.136549,0.000368,-0.001812,-0.102783
-0.181811,0.857218,-0.631045,-0.372576,0.600834,0.373680,-0.016963,-0.433978,-0.559274,0.007495,-0.059824,0.257060,-0.206125,-0.131848,0.027175,-0.109714,0.151288,0.094550,0.076960,0.132138,0.150376,-0.151255,-0.091469,0.024633,-0.104817,0.059116,-0.157803,0.034405,0.005115
-0.242870,0.930211,-0.722243,-0.044393,0.366788,0.444017,-0.064489,-0.443320,-0.515727,0.088280,-0.102901,0.251054,-0.160425,-0.144636,0.002643,-0.105138,0.142738,0.097024,0.039065,0.115922,0.139184,-0.126902,-0.077838,0.033949,-0.108511,0.090268,-0.133033,0.029528,-0.010565
-0.364990,1.076195,-0.904639,0.611975,-0.101304,0.584693,-0.159541,-0.462005,-0.428634,0.249850,-0.189054,0.239041,-0.069024,-0.170212,-0.046421,-0.095986,0.125636,0.101974,-0.036723,0.083490,0.116800,-0.078196,-0.050576,0.052582,-0.115900,0.152571,-0.083494,0.019774,-0.041925
-0.330629,1.173428,-0.826975,0.936141,-0.197530,0.204270,-0.154835,-0.418143,-0.327755,0.219833,-0.136277,0.246655,-0.002354,-0.146349,-0.059737,-0.062972,0.110401,0.174021,-0.119932,0.081285,0.079568,-0.073491,-0.081714,0.053055,-0.002394,0.183653,0.041427,0.009310,-0.065027
-0.313449,1.222045,-0.788142,1.098225,-0.245643,0.014058,-0.152482,-0.396212,-0.277316,0.204825,-0.109889,0.250463,0.030982,-0.134418,-0.066395,-0.046465,0.102783,0.210044,-0.161537,0.080182,0.060951,-0.071139,-0.097283,0.053292,0.054359,0.199193,0.103887,0.004078,-0.076578
-0.340357,1.265039,-1.386382,1.640188,-0.550008,0.366500,-0.053699,-0.361181,-0.283896,0.159550,-0.139060,0.232163,-0.040916,-0.108099,-0.072709,-0.020389,0.050664,0.141447,-0.166846,0.176731,0.015539,-0.013196,-0.048884,0.017884,0.105726,0.168035,-0.001031,-0.052732,0.056499
-0.329524,1.277306,-1.570013,1.719144,-0.576742,0.426264,-0.020646,-0.316031,-0.263131,0.120459,-0.117020,0.223943,-0.031481,-0.070755,-0.070834,-0.011489,0.047141,0.141171,-0.178971,0.150793,0.010445,-0.039553,-0.032952,0.008443,0.109757,0.121989,-0.050057,-0.028744,0.048633
-0.307857,1.301840,-1.937274,1.877055,-0.630209,0.545793,0.045460,-0.225732,-0.221601,0.042276,-0.072940,0.207503,-0.012610,0.003932,-0.067083,0.006309,0.040094,0.140619,-0.203222,0.098917,0.000257,-0.092268,-0.001089,-0.010440,0.117821,0.029896,-0.148108,0.019232,0.032901
-0.158817,1.208213,-1.958048,1.717649,-0.562923,0.431875,0.058254,-0.179726,-0.121536,-0.014991,-0.034085,0.229181,0.000111,0.031609,-0.100410,0.029818,0.024862,0.089020,-0.169189,0.081778,-0.005824,-0.002465,-0.019765,-0.034166,0.211157,0.014182,-0.012178,0.032897,0.018463
-0.084297,1.161400,-1.968435,1.637946,-0.529281,0.374916,0.064651,-0.156723,-0.071503,-0.043625,-0.014657,0.240019,0.006472,0.045448,-0.117073,0.041572,0.017246,0.063220,-0.152172,0.073208,-0.008864,0.042436,-0.029103,-0.046028,0.257825,0.006325,0.055788,0.039730,0.011244
0.047155,1.072126,-1.927751,1.509376,-0.527006,0.489399,0.079313,-0.074394,-0.090618,-0.120706,0.028645,0.223524,-0.031997,0.106190,-0.164049,0.072914,-0.009724,0.063738,-0.093405,0.032407,-0.019201,-0.008478,0.004961,-0.075453,0.227226,0.010529,0.040370,0.014897,0.015005
0.101305,1.047264,-1.819314,1.478570,-0.545010,0.595602,0.078928,-0.069622,-0.085459,-0.125413,0.025805,0.219788,-0.040496,0.106898,-0.174951,0.071813,-0.019472,0.036753,-0.066129,0.032593,-0.012025,-0.006666,0.014859,-0.082811,0.212380,0.026016,0.007495,0.008407,0.018240
0.209607,0.997540,-1.602439,1.416959,-0.581018,0.808008,0.078157,-0.060077,-0.075141,-0.134828,0.020126,0.212318,-0.057494,0.108315,-0.196754,0.069610,-0.038967,-0.017218,-0.011576,0.032963,0.002326,-0.003040,0.034654,-0.097526,0.182687,0.056992,-0.058257,-0.004574,0.024708
0.435967,0.922951,-1.163639,1.067019,-0.427656,0.514620,0.051371,-0.061539,-0.056259,-0.126896,0.015780,0.190671,-0.052042,0.112478,-0.204874,0.045663,-0.052695,-0.045556,0.019394,0.022088,0.004962,-0.049852,0.055918,-0.093181,0.040613,0.089164,-0.054517,0.016687,0.059239
0.549147,0.885656,-0.944239,0.892049,-0.350975,0.367926,0.037978,-0.062269,-0.046817,-0.122929,0.013607,0.179848,-0.049316,0.114559,-0.208933,0.033689,-0.059559,-0.059726,0.034879,0.016651,0.006279,-0.073258,0.066550,-0.091009,-0.030423,0.105250,-0.052646,0.027318,0.076504
1.012824,0.468447,-0.603241,-0.083851,0.130865,-0.967862,0.032980,-0.145040,-0.046179,-0.150184,0.002708,0.285087,-0.126894,0.045110,-0.253285,0.061174,-0.045298,-0.098094,0.015053,0.020058,0.071807,-0.095879,0.034916,-0.051235,-0.043015,0.188266,-0.025176,-0.092010,0.045477
1.140943,0.265869,-0.664836,-0.571847,-0.100218,-1.502071,0.004940,-0.112907,-0.061424,-0.123204,-0.013819,0.294087,-0.129595,0.092095,-0.264491,0.056229,-0.057122,-0.121878,0.014423,0.033401,0.059484,-0.107113,0.043711,-0.060615,-0.108575,0.173333,-0.054149,-0.041434,0.037605
1.397179,-0.139286,-0.788026,-1.547838,-0.562383,-2.570489,-0.051139,-0.048642,-0.091914,-0.069245,-0.046872,0.312087,-0.134995,0.186065,-0.286902,0.046341,-0.080769,-0.169446,0.013164,0.060086,0.034838,-0.129583,0.061302,-0.079376,-0.239693,0.143466,-0.112094,0.059718,0.021862
1.198438,-0.356769,-0.828151,-1.750055,-0.636122,-1.833418,-0.066317,-0.080191,-0.081948,-0.028838,-0.082666,0.366087,-0.153853,0.174796,-0.289270,0.036532,-0.083864,-0.189088,0.015615,0.068735,0.027733,-0.171338,0.032219,-0.092813,-0.190445,0.190060,-0.037670,0.043819,-0.050384
1.099068,-0.465510,-0.848213,-1.851164,-0.672991,-1.464883,-0.073906,-0.095966,-0.076965,-0.008634,-0.100563,0.393087,-0.163282,0.169162,-0.290454,0.031627,-0.085411,-0.198909,0.016841,0.073059,0.024181,-0.192215,0.017678,-0.099532,-0.165821,0.213357,-0.000457,0.035869,-0.086507
0.885431,-0.642790,0.677054,-2.012530,0.192956,-0.472361,-0.059539,-0.478406,-0.161859,0.012218,-0.123402,0.427471,-0.232284,-0.133139,-0.239717,-0.082549,-0.040395,-0.362268,0.009958,-0.055828,0.017702,-0.003802,-0.031282,-0.075090,-0.269344,0.253596,0.123532,-0.008747,0.053647
0.618043,-0.530504,0.589051,-1.483197,-0.172818,-0.249512,-0.064619,-0.438637,-0.176736,0.005373,-0.110205,0.406093,-0.213330,-0.099381,-0.227916,-0.125549,-0.025580,-0.414281,0.025609,-0.033485,0.020412,-0.032094,-0.025488,-0.064913,-0.292516,0.266128,0.089456,0.020932,0.031728
0.083267,-0.305933,0.413045,-0.424531,-0.904365,0.196186,-0.074779,-0.359100,-0.206491,-0.008317,-0.083811,0.363338,-0.175423,-0.031864,-0.204315,-0.211551,0.004050,-0.518308,0.056909,0.011202,0.025831,-0.088680,-0.013901,-0.044558,-0.338860,0.291191,0.021304,0.080290,-0.012111
-0.018130,-0.735441,0.147143,-0.277198,-0.499514,0.560450,-0.012477,-0.712463,-0.282914,0.005776,-0.101544,0.464067,-0.147501,-0.314324,-0.106294,-0.354271,0.031401,-0.566292,0.067403,0.068384,0.075405,-0.107669,0.016407,-0.019211,-0.426712,0.229884,0.019675,0.035034,-0.066152
-0.068828,-0.950195,0.014192,-0.203531,-0.297088,0.742582,0.018674,-0.889144,-0.321125,0.012823,-0.110410,0.514432,-0.133540,-0.455553,-0.057283,-0.425631,0.045076,-0.590284,0.072650,0.096975,0.100192,-0.117164,0.031561,-0.006537,-0.470638,0.199231,0.018861,0.012406,-0.093173
-0.030261,-0.886511,-0.012784,-0.038792,-0.300945,0.311873,0.026889,-0.870694,-0.148565,0.011247,-0.060310,0.529535,0.135037,-0.399968,0.002792,-0.406873,0.067392,-0.457038,0.009726,0.070747,0.015377,-0.081355,0.083393,0.003398,-0.447768,0.083463,0.139745,0.006943,-0.042411
0.027523,-0.875748,0.086740,-0.038750,-0.310753,0.324818,0.022652,-0.881017,-0.074479,0.013779,-0.044996,0.542314,0.225222,-0.385762,0.011269,-0.349035,0.055009,-0.324762,-0.037615,0.041106,0.002038,-0.047253,0.085437,-0.000505,-0.367438,0.050009,0.149146,-0.000737,-0.040399
0.143091,-0.854222,0.285787,-0.038665,-0.330370,0.350709,0.014179,-0.901663,0.073692,0.018842,-0.014369,0.567871,0.405591,-0.357349,0.028224,-0.233361,0.030241,-0.060212,-0.132297,-0.018177,-0.024640,0.020950,0.089525,-0.008310,-0.206777,-0.016898,0.167947,-0.016097,-0.036374
0.328998,-0.977655,0.468459,-0.242860,-0.263816,0.486451,-0.085104,-1.013429,0.217527,0.244236,-0.130909,0.611187,0.513368,-0.431283,0.021094,-0.101447,0.008954,0.181362,-0.231028,-0.058838,-0.045290,0.072043,0.054677,-0.034799,0.074247,-0.099492,0.115076,-0.019594,0.027046
0.421951,-1.039372,0.559795,-0.344957,-0.230539,0.554321,-0.134745,-1.069312,0.289444,0.356933,-0.189178,0.632844,0.567257,-0.468250,0.017529,-0.035490,-0.001689,0.302149,-0.280393,-0.079168,-0.055616,0.097589,0.037253,-0.048044,0.214759,-0.140789,0.088640,-0.021343,0.058756
0.470293,-1.236723,0.583635,-0.653618,-0.055480,0.586395,-0.242011,-1.223163,0.293938,0.382998,-0.162764,0.669377,0.553085,-0.551679,-0.062709,0.078332,-0.041485,0.438877,-0.285741,-0.092107,-0.072718,0.151865,-0.038793,-0.069819,0.401326,-0.233849,-0.038462,-0.020936,0.082387
0.457650,-1.261311,0.549511,-0.696031,-0.015364,0.586113,-0.255941,-1.232917,0.278723,0.391957,-0.153021,0.664097,0.516433,-0.561048,-0.062900,0.081543,-0.054916,0.427934,-0.225741,-0.102679,-0.073926,0.182606,-0.035977,-0.069726,0.364144,-0.255626,-0.093692,-0.032828,0.041229
0.432363,-1.310487,0.481263,-0.780858,0.064869,0.585550,-0.283802,-1.252425,0.248293,0.409875,-0.133534,0.653537,0.443129,-0.579786,-0.063283,0.087965,-0.081780,0.406047,-0.105740,-0.123825,-0.076341,0.244088,-0.030344,-0.069541,0.289779,-0.299181,-0.204154,-0.056613,-0.041086
0.400372,-1.337515,0.399550,-0.820817,0.101788,0.587517,-0.452166,-1.261404,0.226356,0.775146,-0.308525,0.651508,0.360793,-0.601032,-0.062315,0.072673,-0.089255,0.363326,0.027020,-0.054138,-0.000639,0.039144,-0.004753,-0.057105,0.111892,-0.350041,-0.064434,-0.046162,-0.067692
0.384376,-1.351029,0.358694,-0.840796,0.120248,0.588500,-0.536348,-1.265893,0.215387,0.957781,-0.396021,0.650493,0.319624,-0.611655,-0.061831,0.065027,-0.092992,0.341966,0.093400,-0.019295,0.037212,-0.063328,0.008043,-0.050888,0.022949,-0.375472,0.005426,-0.040937,-0.080995
0.314474,-1.232894,0.182371,-0.820976,0.131270,0.460710,-0.399501,-1.136213,0.086718,0.726748,-0.224616,0.586427,0.165886,-0.527639,-0.010519,0.028862,-0.045623,0.096710,0.179207,0.001693,0.051269,-0.037235,0.016128,-0.011605,-0.216193,-0.331705,0.105414,-0.075137,-0.066365
0.267065,-1.142182,0.125676,-0.717313,0.093926,0.463922,-0.354335,-1.054531,0.025235,0.678760,-0.149454,0.527717,0.131195,-0.459803,-0.000695,0.006060,-0.040590,0.006061,0.213680,-0.027578,0.038021,-0.041890,0.001930,-0.005208,-0.200651,-0.305997,0.128181,-0.080473,-0.093470
0.172246,-0.960760,0.012286,-0.509987,0.019238,0.470347,-0.264004,-0.891167,-0.097729,0.582784,0.000871,0.410297,0.061813,-0.324130,0.018954,-0.039544,-0.030523,-0.175236,0.282626,-0.086120,0.011524,-0.051201,-0.026468,0.007585,-0.169566,-0.254579,0.173714,-0.091144,-0.147679
0.101295,-0.725863,-0.053371,-0.310427,-0.054550,0.454839,-0.234886,-0.673364,-0.153393,0.585742,0.155312,0.283544,0.015079,-0.142827,0.045731,-0.054131,-0.014043,-0.281994,0.329329,-0.053796,0.038796,-0.054728,-0.039892,0.025999,-0.142107,-0.184304,0.086695,-0.060842,-0.114187
0.065819,-0.608414,-0.086200,-0.210646,-0.091444,0.447085,-0.220326,-0.564463,-0.181224,0.587222,0.232533,0.220168,-0.008288,-0.052176,0.059119,-0.061425,-0.005803,-0.335373,0.352680,-0.037634,0.052431,-0.056492,-0.046605,0.035206,-0.128378,-0.149167,0.043185,-0.045691,-0.097441
-0.045303,-0.231691,-0.000297,0.113587,-0.234326,0.321000,-0.315452,-0.251620,-0.254382,0.732850,0.333912,0.025266,0.068486,0.165216,0.080812,-0.069416,0.008623,-0.407272,0.440505,0.027655,0.022184,-0.019246,-0.079343,0.098392,-0.038602,0.005574,-0.018187,0.006805,-0.005544
-0.048782,-0.173916,0.016493,0.131335,-0.229044,0.311902,-0.405613,-0.218529,-0.346857,0.916775,0.270316,-0.122376,0.072607,0.185212,0.096022,-0.039844,0.015598,-0.309945,0.398886,0.036026,0.058463,-0.049971,-0.104848,0.123616,-0.002297,0.014965,-0.028622,0.019080,0.015225
-0.055742,-0.058364,0.050072,0.166832,-0.218481,0.293707,-0.585934,-0.152349,-0.531808,1.284625,0.143122,-0.417661,0.080849,0.225203,0.126442,0.019301,0.029546,-0.115290,0.315650,0.052767,0.131021,-0.111419,-0.155858,0.174062,0.070313,0.033748,-0.049494,0.043629,0.056764
0.039960,-0.060784,0.098553,0.019552,-0.155793,0.279699,-0.790687,-0.201808,-0.730542,1.759434,-0.179316,-0.990234,0.109646,0.189335,0.112103,0.099638,0.054039,0.012960,0.202266,-0.023785,0.089369,-0.089474,-0.166767,0.193488,0.147284,0.021208,0.015150,0.031991,0.042994
0.087810,-0.061994,0.122793,-0.054088,-0.124449,0.272695,-0.893064,-0.226538,-0.829908,1.996838,-0.340535,-1.276521,0.124044,0.171401,0.104933,0.139807,0.066285,0.077085,0.145574,-0.062061,0.068543,-0.078502,-0.172221,0.203201,0.185770,0.014938,0.047472,0.026171,0.036109
0.071925,0.021915,0.206146,-0.007398,-0.158163,0.181804,-1.053036,-0.183015,-0.881388,2.294569,-0.731397,-1.847154,0.107677,0.145518,0.094249,0.195502,0.164466,0.096143,-0.008910,-0.189234,-0.067913,0.032264,-0.155495,0.259548,0.056695,-0.017708,-0.142252,0.009422,0.036646
0.124503,-0.007234,0.210308,-0.056171,-0.127417,0.168106,-0.924172,-0.008917,-0.573775,2.008183,-0.782052,-1.401583,0.101670,0.095751,0.108075,0.188483,0.193695,0.049629,-0.003421,-0.148391,-0.056887,0.044059,-0.143044,0.271207,0.040654,-0.024847,-0.109820,-0.024865,-0.012245
0.229658,-0.065531,0.218632,-0.153717,-0.065926,0.140709,-0.666442,0.339279,0.041451,1.435412,-0.883364,-0.510441,0.089655,-0.003785,0.135727,0.174443,0.252154,-0.043400,0.007558,-0.066703,-0.034835,0.067648,-0.118142,0.294525,0.008572,-0.039126,-0.044955,-0.093439,-0.110027
0.232790,-0.084676,0.176527,-0.171052,-0.041626,0.144732,-0.597061,0.728865,0.616818,1.116028,-0.722659,-0.170897,0.048875,-0.063199,0.124291,0.132243,0.281137,-0.094901,0.055152,-0.031635,0.028964,0.005608,-0.076616,0.305187,-0.074083,-0.084447,-0.078452,-0.016395,-0.056306
0.234356,-0.094249,0.155474,-0.179719,-0.029477,0.146743,-0.562370,0.923658,0.904502,0.956336,-0.642307,-0.001125,0.028485,-0.092906,0.118572,0.111143,0.295629,-0.120651,0.078948,-0.014101,0.060863,-0.025412,-0.055852,0.310518,-0.115410,-0.107108,-0.095201,0.022127,-0.029446
0.254191,-0.143342,0.102650,-0.252499,0.008889,0.112801,-0.306789,1.139604,0.875714,0.247378,-0.514534,0.420436,-0.014732,-0.147713,0.039663,0.050533,0.292853,-0.201922,0.193357,-0.044537,0.030841,-0.071492,0.026332,0.300756,-0.082101,-0.144707,0.014001,-0.016267,-0.065640
0.243893,-0.140686,0.085375,-0.230265,-0.005687,0.100530,-0.201900,1.130839,0.761064,-0.045587,-0.372664,0.478221,-0.019417,-0.156425,0.015088,0.046982,0.282237,-0.159400,0.192388,-0.039541,0.041268,-0.101531,0.040532,0.294861,-0.007601,-0.122465,0.025628,-0.043773,-0.083169
0.223298,-0.135374,0.050825,-0.185796,-0.034839,0.075989,0.007878,1.113307,0.531763,-0.631519,-0.088924,0.593790,-0.028787,-0.173850,-0.034062,0.039881,0.261005,-0.074354,0.190449,-0.029547,0.062121,-0.161610,0.068931,0.283070,0.141399,-0.077983,0.048883,-0.098787,-0.118227
0.223511,-0.172026,0.028106,-0.206333,-0.020812,0.086110,0.193407,0.959542,0.304171,-1.216971,0.046564,0.462638,-0.019446,-0.205944,-0.079962,0.040491,0.228914,-0.043415,0.181480,-0.023789,0.030459,-0.026224,0.100835,0.268431,0.167143,-0.086750,-0.170194,0.017615,-0.075992
0.223618,-0.190352,0.016746,-0.216601,-0.013799,0.091170,0.286172,0.882660,0.190374,-1.509697,0.114308,0.397062,-0.014776,-0.221991,-0.102912,0.040797,0.212868,-0.027945,0.176995,-0.020909,0.014628,0.041469,0.116787,0.261111,0.180016,-0.091134,-0.279732,0.075815,-0.054874
0.187424,-0.163887,0.053445,-0.112982,-0.082313,0.073089,0.497587,0.648994,-0.205165,-2.174513,0.637419,0.092802,0.049018,-0.205002,-0.157215,0.061746,0.147449,0.234910,0.060843,-0.035648,0.042640,-0.081168,0.164814,0.214992,0.203562,0.010323,-0.240657,-0.129611,-0.022462
0.182580,-0.163989,0.047585,-0.095432,-0.089513,0.074690,0.496648,0.587880,-0.269297,-2.181233,0.811954,-0.111898,0.069133,-0.193665,-0.171033,0.059454,0.123199,0.251634,0.031291,-0.041633,0.029007,-0.044979,0.165747,0.197943,0.206285,-0.010030,-0.165962,-0.044156,0.026364
0.172892,-0.164194,0.035865,-0.060332,-0.103914,0.077891,0.494770,0.465652,-0.397559,-2.194672,1.161025,-0.521298,0.109363,-0.170991,-0.198668,0.054868,0.074699,0.285083,-0.027813,-0.053602,0.001739,0.027399,0.167614,0.163845,0.211730,-0.050735,-0.016571,0.126753,0.124015
0.089237,0.174635,0.025943,0.285757,-0.263422,0.017401,0.265761,0.403076,-0.079845,-0.702495,0.524841,-1.385508,0.142795,0.108925,-0.090335,-0.006522,0.012499,0.282502,-0.061582,-0.069691,-0.011352,0.052116,0.110257,0.103298,0.341604,0.050051,0.007755,0.009461,0.076309
0.047410,0.344049,0.020982,0.458802,-0.343177,-0.012844,0.151256,0.371788,0.079012,0.043594,0.206748,-1.817612,0.159511,0.248882,-0.036169,-0.037217,-0.018600,0.281212,-0.078467,-0.077735,-0.017897,0.064474,0.081578,0.073025,0.406541,0.100443,0.019918,-0.049184,0.052456
0.160806,0.139027,0.044103,0.161247,-0.154468,0.063866,0.555192,0.158303,0.108171,-0.784223,0.460212,0.423096,0.100993,0.131460,-0.032576,0.051237,-0.146508,0.501400,-0.011861,-0.008220,-0.073894,0.146963,-0.030330,0.053743,0.592940,0.199796,-0.114699,-0.001223,0.134293
0.125869,0.109725,-0.016132,0.154293,-0.143902,0.050194,0.481496,0.104811,0.012303,-0.633207,0.356370,0.372604,0.041994,0.113656,-0.056446,0.067794,-0.187554,0.571667,-0.019736,0.025320,-0.023820,0.056560,-0.029816,0.040227,0.555507,0.179436,-0.218918,0.068185,0.134075
0.055996,0.051122,-0.136600,0.140383,-0.122770,0.022850,0.334103,-0.002174,-0.179433,-0.331173,0.148687,0.271620,-0.076003,0.078049,-0.104186,0.100908,-0.269648,0.712202,-0.035486,0.092399,0.076329,-0.124247,-0.028787,0.013196,0.480641,0.138717,-0.427357,0.207001,0.133638
0.022461,0.020627,-0.176412,0.075921,-0.073326,0.034326,0.470505,-0.046741,-0.290214,-0.689582,0.290302,0.667622,-0.097919,0.062675,-0.132134,0.034135,-0.270339,0.430682,-0.069295,-0.092685,-0.002059,0.002090,0.004306,-0.016390,0.223526,0.044872,-0.019815,0.088618,0.016017
0.005694,0.005380,-0.196318,0.043691,-0.048604,0.040064,0.538706,-0.069025,-0.345604,-0.868786,0.361110,0.865622,-0.108876,0.054987,-0.146108,0.000748,-0.270684,0.289922,-0.086199,-0.185227,-0.041253,0.065258,0.020852,-0.031183,0.094968,-0.002051,0.183956,0.029426,-0.042793
0.020070,0.159159,-0.044255,0.100747,-0.086926,-0.003885,0.363600,0.127154,-0.197011,-0.584309,0.230022,0.043973,0.039871,0.124427,-0.128165,-0.091476,-0.211323,-0.106260,-0.097491,0.012431,-0.073358,0.010082,0.030735,-0.054499,-0.156037,-0.009534,-0.050004,-0.007384,-0.103296
0.030295,0.182582,-0.016964,0.110501,-0.092707,-0.015730,0.376492,0.160907,-0.135020,-0.619224,0.243769,-0.018803,0.062790,0.128187,-0.120427,-0.074012,-0.173634,-0.160316,-0.124480,0.060002,-0.070422,-0.027718,0.012655,-0.044871,-0.135356,0.028871,0.043270,-0.037860,-0.068544
0.050745,0.229429,0.037616,0.130008,-0.104269,-0.039418,0.402275,0.228412,-0.011038,-0.689056,0.271262,-0.144356,0.108627,0.135707,-0.104952,-0.039086,-0.098256,-0.268427,-0.178458,0.155145,-0.064551,-0.103318,-0.023504,-0.025616,-0.093995,0.105681,0.229817,-0.098811,0.000961
0.068819,0.216162,0.033316,0.093241,-0.082817,-0.048744,0.443613,0.220735,-0.021265,-0.763384,0.303675,-0.097039,0.104793,0.123476,-0.102052,-0.050441,-0.079793,-0.370737,-0.140372,0.133749,-0.035524,-0.058777,-0.050802,-0.007523,-0.038992,0.148219,0.081006,0.010512,0.036634
0.077856,0.209528,0.031166,0.074857,-0.072092,-0.053407,0.464282,0.216896,-0.026379,-0.800548,0.319882,-0.073381,0.102876,0.117360,-0.100602,-0.056119,-0.070561,-0.421892,-0.121329,0.123051,-0.021010,-0.036506,-0.064450,0.001523,-0.011491,0.169489,0.006600,0.065173,0.054470
0.047804,0.135518,0.014775,0.032898,-0.032269,-0.038584,0.385999,0.145179,-0.017353,-0.715132,0.276049,0.024908,0.048096,0.071483,-0.090134,-0.030100,-0.061462,-0.314934,-0.050497,0.078009,-0.025248,-0.074391,-0.141017,0.016921,0.067170,0.203823,-0.085216,0.000967,0.025980
0.056056,0.118112,0.015535,0.020249,-0.026761,-0.044554,0.372926,0.126188,-0.022792,-0.677700,0.253804,0.051921,0.031342,0.067306,-0.079038,-0.014021,-0.067938,-0.267900,-0.022140,0.066263,-0.011677,-0.054586,-0.140858,0.012379,0.051353,0.148032,-0.035882,0.008815,0.030513
0.072561,0.083300,0.017057,-0.005049,-0.015745,-0.056495,0.346780,0.088208,-0.033670,-0.602838,0.209314,0.105945,-0.002168,0.058950,-0.056848,0.018138,-0.080889,-0.173830,0.034575,0.042771,0.015465,-0.014977,-0.140541,0.003295,0.019720,0.036451,0.062786,0.024510,0.039580
0.046099,0.085522,0.035060,0.007443,-0.024628,-0.058941,0.240251,0.083210,-0.004842,-0.443614,0.160868,0.088851,0.009227,0.075683,-0.056008,0.016236,-0.154440,-0.043218,0.123813,0.048117,0.034992,-0.035510,-0.130738,-0.032308,0.025475,-0.017197,0.094236,-0.048816,-0.022001
0.032867,0.086633,0.044062,0.013689,-0.029069,-0.060164,0.186986,0.080711,0.009572,-0.364002,0.136646,0.080304,0.014925,0.084049,-0.055588,0.015285,-0.191216,0.022089,0.168432,0.050789,0.044755,-0.045776,-0.125837,-0.050110,0.028353,-0.044020,0.109961,-0.085480,-0.052791
0.035820,0.096206,0.130756,-0.028419,-0.001536,-0.052084,-0.032036,0.105675,0.143184,-0.033128,0.003470,-0.026553,0.107955,0.075559,-0.044735,0.012647,-0.225116,0.090455,0.194330,-0.025830,0.016689,0.028016,-0.133865,-0.083791,0.054624,-0.075442,-0.059056,-0.009951,-0.097068
0.059384,0.086850,0.106589,-0.040085,0.008749,-0.045465,-0.017625,0.099689,0.128671,-0.001041,-0.014765,-0.058339,0.085049,0.066302,-0.026211,0.036823,-0.201755,0.078929,0.156944,-0.024473,0.004706,0.026762,-0.125530,-0.076328,0.038818,-0.049092,-0.017398,-0.038255,-0.069658
0.106511,0.068138,0.058254,-0.063418,0.029318,-0.032225,0.011198,0.087718,0.099646,0.063132,-0.051236,-0.121913,0.039237,0.047787,0.010836,0.085173,-0.155034,0.055878,0.082172,-0.021758,-0.019260,0.024255,-0.108861,-0.061400,0.007206,0.003607,0.065916,-0.094861,-0.014838
0.068027,0.083946,0.042458,-0.013031,0.010558,-0.053128,0.005385,0.095057,0.082325,0.059173,-0.047018,-0.134909,0.006880,0.051639,0.013028,0.081285,-0.111585,-0.033291,0.035247,-0.009874,-0.008411,-0.018257,-0.113008,-0.043593,0.022048,0.012345,0.025443,0.019833,0.015098
0.048784,0.091850,0.034560,0.012163,0.001178,-0.063580,0.002479,0.098727,0.073665,0.057193,-0.044909,-0.141407,-0.009298,0.053564,0.014125,0.079341,-0.089860,-0.077875,0.011784,-0.003932,-0.002987,-0.039513,-0.115081,-0.034689,0.029469,0.016714,0.005207,0.077181,0.030066
-0.011633,0.079684,-0.013086,0.029545,-0.010381,-0.063349,0.026206,0.070758,-0.024046,-0.040003,-0.017499,-0.029294,-0.056813,0.071094,-0.038673,0.036464,-0.070187,-0.270411,0.048562,0.001929,0.012164,-0.030758,-0.016961,-0.024666,-0.130323,0.007555,-0.116527,0.069527,0.029780
-0.022850,0.078957,-0.021351,0.031674,-0.006596,-0.069649,0.021960,0.069904,-0.028605,-0.045440,-0.012493,-0.024735,-0.054534,0.067579,-0.048862,0.026491,-0.063370,-0.301464,0.058972,0.019158,0.009318,-0.017390,-0.005136,-0.024838,-0.109580,0.001908,-0.059233,0.028684,0.014170
-0.045284,0.077502,-0.037882,0.035933,0.000972,-0.082249,0.013469,0.068198,-0.037724,-0.056313,-0.002481,-0.015617,-0.049975,0.060549,-0.069242,0.006544,-0.049736,-0.363568,0.079790,0.053617,0.003625,0.009346,0.018515,-0.025184,-0.068092,-0.009386,0.055357,-0.053004,-0.017051
-0.025574,0.079048,-0.071616,0.055388,-0.009033,-0.074769,0.042389,0.067010,-0.061247,-0.021072,-0.024997,-0.056359,-0.062668,0.061204,-0.038133,0.039044,-0.038833,-0.230845,0.021796,0.066898,0.019703,-0.086811,0.030040,-0.020250,-0.035994,0.023640,-0.053580,-0.009791,0.017512
-0.015719,0.079820,-0.088483,0.065115,-0.014036,-0.071028,0.056848,0.066416,-0.073009,-0.003451,-0.036255,-0.076730,-0.069015,0.061532,-0.022578,0.055294,-0.033382,-0.164484,-0.007201,0.073539,0.027741,-0.134889,0.035802,-0.017783,-0.019945,0.040153,-0.108048,0.011816,0.034794
0.006687,0.094505,-0.061895,0.101463,-0.033038,-0.052186,0.062551,0.076703,-0.051494,0.036042,-0.050580,-0.119273,-0.037309,0.050296,0.004168,0.086752,-0.027904,-0.071476,-0.022593,-0.068057,-0.031974,0.029196,0.017478,-0.014586,0.065067,0.034186,0.070706,0.039614,0.020720
0.001313,0.090261,-0.057081,0.092043,-0.028757,-0.056299,0.054640,0.075202,-0.047057,0.026153,-0.041390,-0.106621,-0.031077,0.054289,-0.001092,0.085713,-0.030157,-0.055501,-0.029237,-0.035449,-0.011880,0.025856,0.015434,-0.014793,0.075308,0.060142,0.072481,0.021771,0.026030
-0.009436,0.081773,-0.047453,0.073202,-0.020196,-0.064525,0.038817,0.072199,-0.038184,0.006375,-0.023011,-0.081317,-0.018614,0.062274,-0.011613,0.083634,-0.034663,-0.023553,-0.042526,0.029767,0.028308,0.019176,0.011348,-0.015207,0.095791,0.112056,0.076030,-0.013916,0.036651
-0.006853,0.080396,-0.036281,0.076479,-0.022702,-0.051185,0.033406,0.066815,-0.032323,0.018603,-0.024993,-0.087155,-0.029811,0.069209,-0.008483,0.079843,-0.044369,-0.011779,-0.012163,0.030569,-0.005846,0.038871,0.031945,-0.017118,0.038058,0.067356,-0.066030,0.019610,0.034400
-0.005562,0.079708,-0.030695,0.078118,-0.023955,-0.044515,0.030700,0.064123,-0.029392,0.024717,-0.025984,-0.090074,-0.035410,0.072677,-0.006918,0.077947,-0.049221,-0.005892,0.003018,0.030970,-0.022923,0.048718,0.042243,-0.018073,0.009191,0.045006,-0.137061,0.036373,0.033275
0.010015,0.050477,-0.058810,0.023722,0.006242,-0.064296,0.043908,0.048312,-0.045758,0.004679,-0.021775,-0.060039,-0.031920,0.050550,-0.004591,0.043692,-0.044739,-0.003399,0.006248,-0.027479,0.011598,-0.031453,0.043440,-0.019661,-0.001076,0.018992,0.060286,0.000029,0.006801
0.016283,0.045341,-0.067665,0.020624,0.006379,-0.054117,0.049790,0.042385,-0.057010,0.014092,-0.029931,-0.067222,-0.046688,0.045920,-0.004783,0.045452,-0.042487,-0.010882,0.014546,-0.031731,0.010523,-0.019374,0.043406,-0.019136,0.015825,0.010566,0.053724,0.008966,0.005900
0.028817,0.035068,-0.085374,0.014427,0.006655,-0.033760,0.061554,0.030531,-0.079514,0.032919,-0.046242,-0.081586,-0.076225,0.036660,-0.005169,0.048972,-0.037983,-0.025848,0.031142,-0.040234,0.008373,0.004783,0.043340,-0.018088,0.049628,-0.006287,0.040599,0.026840,0.004099
0.000651,0.032288,-0.097176,0.012684,0.014997,-0.046311,0.050040,0.028719,-0.093396,0.008426,-0.037545,-0.063059,-0.076346,0.029517,-0.024499,0.031595,-0.035253,-0.033910,0.040112,0.029582,-0.002630,-0.034987,0.047514,-0.016287,0.046471,0.004643,-0.008425,-0.002772,0.015607
-0.013432,0.030898,-0.103077,0.011812,0.019168,-0.052587,0.044283,0.027813,-0.100338,-0.003821,-0.033196,-0.053796,-0.076406,0.025946,-0.034163,0.022907,-0.033889,-0.037941,0.044596,0.064489,-0.008132,-0.054873,0.049602,-0.015386,0.044893,0.010108,-0.032937,-0.017577,0.021360
-0.027696,0.037000,-0.079468,0.016602,0.007440,-0.036724,0.022322,0.033933,-0.077132,-0.006779,-0.025450,-0.051959,-0.057429,0.050594,-0.037898,-0.001387,-0.043807,-0.062816,0.040389,-0.039814,0.003697,0.020683,0.074970,-0.019411,-0.032598,-0.037597,-0.008086,0.007443,-0.016127
-0.022607,0.034918,-0.073434,0.013709,0.008877,-0.037325,0.023191,0.032055,-0.071980,-0.007705,-0.022950,-0.046377,-0.051788,0.050872,-0.032971,0.002339,-0.042207,-0.046079,0.030159,-0.028244,0.002537,0.025009,0.072085,-0.019470,-0.041150,-0.032165,-0.016572,0.010004,0.001116
-0.012429,0.030756,-0.061368,0.007924,0.011751,-0.038527,0.024929,0.028301,-0.061675,-0.009555,-0.017951,-0.035214,-0.040504,0.051428,-0.023117,0.009791,-0.039008,-0.012605,0.009699,-0.005104,0.000217,0.033660,0.066317,-0.019587,-0.058254,-0.021300,-0.033543,0.015125,0.035603
-0.010303,0.040431,-0.039762,0.017424,0.007403,-0.038901,0.016515,0.038202,-0.032074,-0.005578,-0.013601,-0.040153,-0.009733,0.058216,-0.015976,-0.007134,-0.057823,0.012693,0.026006,0.004820,-0.002157,0.020341,0.037234,-0.028800,0.013493,-0.010362,0.019666,-0.006209,-0.011456
-0.009239,0.045268,-0.028959,0.022175,0.005229,-0.039088,0.012308,0.043152,-0.017273,-0.003590,-0.011426,-0.042623,0.005653,0.061609,-0.012406,-0.015597,-0.067230,0.025342,0.034159,0.009782,-0.003345,0.013681,0.022693,-0.033407,0.049367,-0.004892,0.046271,-0.016875,-0.034986
0.005380,0.052410,0.010087,0.008863,0.001364,-0.051906,0.001677,0.050313,0.013575,0.000714,-0.006229,-0.047342,0.026569,0.061176,0.007674,-0.002155,-0.045780,0.053564,-0.003870,-0.005168,-0.030097,0.008270,-0.000962,-0.021712,0.073003,0.013660,-0.006691,-0.001794,-0.045797
0.001872,0.048525,0.000151,0.018728,-0.001124,-0.043568,0.008420,0.044908,0.002867,-0.000551,-0.006531,-0.042101,0.006829,0.054378,0.004361,0.002243,-0.036815,0.034402,-0.006028,-0.004173,-0.023217,0.003329,-0.005555,-0.016463,0.066142,0.020161,0.012632,-0.005834,-0.016598
-0.005142,0.040755,-0.019721,0.038458,-0.006102,-0.026892,0.021908,0.034097,-0.018548,-0.003081,-0.007133,-0.031619,-0.032651,0.040781,-0.002264,0.011040,-0.018886,-0.003921,-0.010344,-0.002183,-0.009458,-0.006554,-0.014741,-0.005965,0.052421,0.033165,0.051278,-0.013914,0.041798
0.008056,0.038358,-0.021030,0.030532,-0.004840,-0.028313,0.027079,0.033698,-0.013176,0.004309,-0.013500,-0.038550,-0.028563,0.036590,0.010405,0.002748,-0.021564,-0.017789,0.004033,0.035652,-0.004444,-0.022364,0.006575,-0.003113,-0.015743,-0.006562,0.004388,-0.010248,0.030992
0.014655,0.037159,-0.021685,0.026568,-0.004209,-0.029023,0.029665,0.033499,-0.010490,0.008004,-0.016683,-0.042015,-0.026519,0.034494,0.016739,-0.001398,-0.022902,-0.024723,0.011222,0.054570,-0.001937,-0.030270,0.017232,-0.001686,-0.049825,-0.026425,-0.019058,-0.008414,0.025588
0.011010,0.027330,-0.030030,0.003789,0.007326,-0.029756,0.030378,0.026339,-0.029704,-0.004290,-0.016828,-0.027800,-0.054333,0.028675,-0.002922,0.014816,-0.007831,-0.013683,-0.006870,0.002092,0.010067,-0.037364,0.000330,0.001464,-0.031332,-0.038075,-0.051556,0.011508,-0.015553
0.008479,0.028545,-0.026548,0.007100,0.006450,-0.029020,0.024734,0.027589,-0.022965,-0.001405,-0.013850,-0.030485,-0.045908,0.026476,-0.003300,0.007604,-0.010419,-0.026674,-0.003526,-0.010125,0.019661,-0.007210,0.004998,0.003387,-0.036862,-0.039677,-0.049484,0.017299,-0.014994
0.003417,0.030975,-0.019583,0.013721,0.004698,-0.027548,0.013445,0.030089,-0.009489,0.004367,-0.007894,-0.035855,-0.029058,0.022079,-0.004055,-0.006819,-0.015594,-0.052657,0.003161,-0.034558,0.038851,0.053098,0.014333,0.007233,-0.047922,-0.042881,-0.045341,0.028881,-0.013875
0.003870,0.029583,-0.010006,0.012458,0.000188,-0.025791,0.012166,0.027944,-0.006525,-0.000157,-0.007434,-0.028697,-0.027424,0.022696,0.003086,-0.007953,-0.011039,-0.038636,0.021335,-0.013201,0.001364,0.027324,0.019831,0.007875,-0.061662,-0.035499,-0.015964,-0.008638,-0.009440
0.004096,0.028887,-0.005217,0.011827,-0.002067,-0.024913,0.011527,0.026872,-0.005043,-0.002418,-0.007205,-0.025118,-0.026607,0.023004,0.006656,-0.008520,-0.008762,-0.031625,0.030422,-0.002523,-0.017379,0.014438,0.022580,0.008196,-0.068532,-0.031807,-0.001276,-0.027398,-0.007222
0.009729,0.022226,0.005422,0.009251,0.008925,-0.011911,0.006617,0.021256,0.009914,0.007371,-0.003761,-0.022657,0.000082,0.020147,0.003839,-0.012735,-0.005191,-0.020866,0.030861,0.006790,-0.028799,-0.012922,0.005688,0.006329,-0.014502,-0.029690,-0.009877,0.001931,-0.003346
0.009729,0.022226,0.005422,0.009251,0.008925,-0.011911,0.006617,0.021256,0.009914,0.007371,-0.003761,-0.022657,0.000082,0.020147,0.003839,-0.012735,-0.005191,-0.020866,0.030861,0.006790,-0.028799,-0.012922,0.005688,0.006329,-0.014502,-0.029690,-0.009877,0.001931,-0.003346
