pelvis_x,pelvis_y,pelvis_z,left_hip_roll_link_x,left_hip_roll_link_y,left_hip_roll_link_z,left_knee_link_x,left_knee_link_y,left_knee_link_z,left_ankle_roll_link_x,left_ankle_roll_link_y,left_ankle_roll_link_z,right_hip_roll_link_x,right_hip_roll_link_y,right_hip_roll_link_z,right_knee_link_x,right_knee_link_y,right_knee_link_z,right_ankle_roll_link_x,right_ankle_roll_link_y,right_ankle_roll_link_z,torso_link_x,torso_link_y,torso_link_z,left_shoulder_roll_link_x,left_shoulder_roll_link_y,left_shoulder_roll_link_z,left_elbow_link_x,left_elbow_link_y,left_elbow_link_z,left_wrist_yaw_link_x,left_wrist_yaw_link_y,left_wrist_yaw_link_z,right_shoulder_roll_link_x,right_shoulder_roll_link_y,right_shoulder_roll_link_z,right_elbow_link_x,right_elbow_link_y,right_elbow_link_z,right_wrist_yaw_link_x,right_wrist_yaw_link_y,right_wrist_yaw_link_z
-0.019223,-0.001893,0.787299,-0.020277,0.114140,0.653788,-0.040429,0.131698,0.348673,-0.095635,0.146246,0.036592,-0.030096,-0.118555,0.654768,-0.045134,-0.135099,0.349160,-0.094436,-0.144730,0.035770,-0.021112,-0.001733,0.841411,0.009324,0.136940,1.075556,0.009032,0.171568,0.894642,0.043103,0.174528,0.713483,-0.002369,-0.143926,1.074661,-0.010621,-0.177395,0.893725,0.023717,-0.178356,0.712723
-0.019810,-0.001746,0.787280,-0.020914,0.114469,0.653925,-0.040584,0.131902,0.348768,-0.095636,0.146296,0.036649,-0.031133,-0.118210,0.654611,-0.045616,-0.135034,0.348995,-0.094490,-0.144842,0.035540,-0.021539,-0.001673,0.841397,0.009395,0.136590,1.075720,0.008485,0.171589,0.894876,0.042774,0.174627,0.713759,-0.002186,-0.144278,1.074346,-0.010452,-0.177612,0.893385,0.023698,-0.178441,0.712347
-0.020499,-0.001400,0.787286,-0.021687,0.115043,0.654125,-0.040300,0.132344,0.348892,-0.095623,0.146356,0.036802,-0.032339,-0.117618,0.654443,-0.045517,-0.135133,0.348813,-0.094529,-0.144968,0.035381,-0.022005,-0.001441,0.841409,0.009547,0.136254,1.075983,0.007924,0.171667,0.895222,0.042482,0.174852,0.714157,-0.001945,-0.144614,1.073950,-0.010261,-0.177804,0.892965,0.023680,-0.178516,0.711887
-0.021392,-0.000658,0.787339,-0.022732,0.116105,0.654454,-0.039138,0.133257,0.349083,-0.095578,0.146430,0.037161,-0.033884,-0.116533,0.654258,-0.044260,-0.135562,0.348620,-0.094551,-0.145142,0.035391,-0.022548,-0.000866,0.841471,0.009866,0.135944,1.076444,0.007335,0.171858,0.895786,0.042265,0.175331,0.714796,-0.001590,-0.144917,1.073389,-0.010026,-0.177950,0.892381,0.023661,-0.178571,0.711255
-0.022625,0.000639,0.787278,-0.023965,0.117762,0.654711,-0.036095,0.134977,0.349142,-0.095537,0.146634,0.037739,-0.035731,-0.114844,0.653925,-0.042444,-0.135910,0.348329,-0.094517,-0.145187,0.035396,-0.023403,0.000223,0.841415,0.010264,0.135836,1.076905,0.006814,0.172238,0.896354,0.041966,0.176239,0.715416,-0.001085,-0.145010,1.072468,-0.009799,-0.177922,0.891450,0.023584,-0.178414,0.710267
-0.024027,0.002213,0.787160,-0.025290,0.119715,0.654941,-0.032106,0.137078,0.349214,-0.095485,0.146875,0.038555,-0.037730,-0.112853,0.653529,-0.040363,-0.136230,0.348049,-0.094483,-0.145197,0.035470,-0.024414,0.001569,0.841299,0.010707,0.135825,1.077354,0.006330,0.172711,0.896914,0.041628,0.177376,0.716020,-0.000512,-0.144998,1.071350,-0.009581,-0.177803,0.890329,0.023476,-0.178144,0.709086
-0.025568,0.004303,0.786980,-0.026868,0.121844,0.654827,-0.026976,0.140105,0.349089,-0.095495,0.148364,0.039521,-0.039193,-0.110729,0.653331,-0.038982,-0.135995,0.347991,-0.094457,-0.145179,0.035664,-0.025712,0.003510,0.841116,0.010997,0.136235,1.077796,0.005792,0.173595,0.897468,0.041109,0.179145,0.716605,0.000187,-0.144560,1.069986,-0.009646,-0.177484,0.889025,0.023069,-0.177648,0.707720
-0.027074,0.006534,0.786742,-0.028410,0.124018,0.654587,-0.021509,0.143506,0.349028,-0.095437,0.150970,0.040732,-0.040369,-0.108575,0.653143,-0.037860,-0.135555,0.347958,-0.094434,-0.145164,0.035847,-0.027048,0.005624,0.840875,0.011231,0.136865,1.078133,0.005313,0.174724,0.897926,0.040628,0.181148,0.717095,0.000969,-0.143895,1.068551,-0.009677,-0.177065,0.887680,0.022653,-0.177058,0.706307
-0.028511,0.009047,0.786388,-0.029879,0.126284,0.654082,-0.015332,0.147684,0.348960,-0.095197,0.156093,0.042222,-0.040970,-0.106355,0.652969,-0.037246,-0.134719,0.347912,-0.094406,-0.145180,0.035936,-0.028459,0.008081,0.840517,0.011341,0.137941,1.078287,0.004942,0.176346,0.898207,0.040225,0.183601,0.717408,0.001928,-0.142784,1.066998,-0.009627,-0.176456,0.886276,0.022223,-0.176285,0.704821
-0.029662,0.011911,0.785976,-0.030776,0.128945,0.653563,-0.008646,0.153105,0.349133,-0.094684,0.163680,0.044206,-0.041228,-0.103730,0.652686,-0.036513,-0.133653,0.347784,-0.094398,-0.145140,0.035980,-0.029683,0.010888,0.840101,0.011242,0.139560,1.078328,0.004522,0.178598,0.898396,0.040064,0.186495,0.717682,0.002948,-0.141135,1.065494,-0.009340,-0.175640,0.884980,0.021785,-0.175586,0.703402
-0.030670,0.014951,0.785535,-0.031386,0.131806,0.653046,-0.001726,0.159178,0.349552,-0.094047,0.172750,0.046671,-0.041314,-0.100899,0.652350,-0.035712,-0.132472,0.347623,-0.094387,-0.145070,0.036011,-0.030812,0.013870,0.839655,0.011044,0.141457,1.078307,0.004077,0.181170,0.898531,0.040020,0.189616,0.717932,0.004009,-0.139201,1.064009,-0.008914,-0.174711,0.883738,0.021363,-0.174923,0.702019
-0.031139,0.018492,0.785263,-0.031113,0.135627,0.653090,0.004434,0.169277,0.350853,-0.093349,0.184968,0.049905,-0.041395,-0.097065,0.651801,-0.034369,-0.131104,0.347372,-0.094361,-0.145034,0.036075,-0.031383,0.017253,0.839379,0.011078,0.144061,1.078340,0.003778,0.184628,0.898768,0.040612,0.193360,0.718366,0.004958,-0.136561,1.062983,-0.008084,-0.173408,0.882993,0.021040,-0.174707,0.701090
-0.031439,0.022228,0.784955,-0.030648,0.139735,0.653182,0.009919,0.180385,0.352424,-0.091998,0.198114,0.053073,-0.041553,-0.092927,0.651145,-0.032946,-0.129644,0.347077,-0.094327,-0.144970,0.036124,-0.031742,0.020817,0.839066,0.011347,0.146952,1.078272,0.003591,0.188442,0.898929,0.041416,0.197394,0.718746,0.005828,-0.133632,1.062030,-0.007164,-0.171828,0.882322,0.020777,-0.174504,0.700247
-0.031400,0.026352,0.784574,-0.029796,0.144412,0.653351,0.014202,0.193490,0.354305,-0.089199,0.213825,0.055718,-0.041867,-0.088181,0.650278,-0.031383,-0.128014,0.346677,-0.094316,-0.144886,0.036123,-0.031680,0.024743,0.838681,0.012083,0.150402,1.078014,0.003631,0.192962,0.898952,0.042652,0.202006,0.719032,0.006535,-0.130150,1.061230,-0.006096,-0.169713,0.881797,0.020583,-0.174322,0.699568
-0.031120,0.030860,0.784137,-0.028904,0.149398,0.653395,0.017645,0.206923,0.356215,-0.084730,0.231095,0.057587,-0.042036,-0.083125,0.649432,-0.029964,-0.126140,0.346340,-0.094311,-0.144835,0.036187,-0.031329,0.029102,0.838242,0.013176,0.154538,1.077554,0.003982,0.198260,0.898806,0.043990,0.207532,0.719117,0.007140,-0.125994,1.060608,-0.005174,-0.166903,0.881455,0.020577,-0.173767,0.699155
-0.030720,0.035560,0.783673,-0.027990,0.154536,0.653377,0.020678,0.220491,0.358261,-0.079388,0.249264,0.059253,-0.042132,-0.077911,0.648600,-0.028640,-0.124149,0.346057,-0.094354,-0.144808,0.036320,-0.030834,0.033677,0.837776,0.014449,0.159014,1.076992,0.004493,0.203947,0.898584,0.045387,0.213516,0.719111,0.007698,-0.121504,1.060074,-0.004328,-0.163747,0.881211,0.020644,-0.173010,0.698899
-0.030001,0.040927,0.782885,-0.027002,0.160186,0.652891,0.023407,0.233213,0.359740,-0.071523,0.269573,0.059779,-0.041546,-0.072225,0.647574,-0.027068,-0.121837,0.345622,-0.094334,-0.144814,0.036387,-0.030063,0.039013,0.836989,0.016193,0.164661,1.075854,0.005611,0.210843,0.897799,0.046662,0.221066,0.718403,0.008295,-0.115862,1.059531,-0.003744,-0.159418,0.880978,0.021163,-0.170977,0.698782
-0.029166,0.046615,0.781927,-0.025941,0.166086,0.652170,0.025901,0.245604,0.360974,-0.063192,0.290184,0.060222,-0.040784,-0.066296,0.646437,-0.025347,-0.119410,0.345138,-0.094330,-0.144771,0.036476,-0.029183,0.044692,0.836032,0.018040,0.170681,1.074526,0.006962,0.218117,0.896831,0.047952,0.229104,0.717472,0.008942,-0.109843,1.058851,-0.003244,-0.154708,0.880626,0.021803,-0.168363,0.698590
-0.028098,0.052942,0.780628,-0.024737,0.172493,0.650977,0.027996,0.257401,0.361493,-0.053764,0.311276,0.060057,-0.039671,-0.059880,0.645076,-0.023295,-0.116753,0.344520,-0.094297,-0.144633,0.036544,-0.028087,0.051057,0.834735,0.020088,0.177450,1.072824,0.008762,0.226147,0.895486,0.049259,0.238128,0.716082,0.009678,-0.103069,1.057898,-0.002908,-0.149231,0.880026,0.022738,-0.164617,0.698210
-0.026812,0.059883,0.779069,-0.023355,0.179462,0.649459,0.029539,0.268832,0.361380,-0.044095,0.331914,0.059534,-0.038187,-0.052914,0.643494,-0.020879,-0.113887,0.343804,-0.094251,-0.144519,0.036658,-0.026820,0.058063,0.833180,0.022170,0.185000,1.070813,0.010886,0.234818,0.893784,0.050602,0.248045,0.714295,0.010535,-0.095518,1.056786,-0.002667,-0.143086,0.879324,0.023809,-0.159808,0.697747
-0.025418,0.067132,0.777381,-0.021885,0.186713,0.647778,0.030835,0.280083,0.360966,-0.034111,0.352049,0.059026,-0.036517,-0.045674,0.641804,-0.018288,-0.110908,0.343073,-0.094210,-0.144395,0.036860,-0.025468,0.065390,0.831495,0.024272,0.192935,1.068646,0.013180,0.243804,0.891904,0.051981,0.258412,0.712324,0.011455,-0.087578,1.055592,-0.002475,-0.136599,0.878576,0.024954,-0.154480,0.697255
-0.023647,0.075535,0.775401,-0.020044,0.195222,0.645897,0.032392,0.291369,0.359978,-0.024752,0.370827,0.058288,-0.034450,-0.037173,0.639733,-0.015325,-0.107338,0.342188,-0.094080,-0.144264,0.037098,-0.023744,0.073838,0.829518,0.026532,0.201984,1.066234,0.016524,0.253817,0.889712,0.054207,0.269801,0.710009,0.012636,-0.078520,1.054116,-0.002093,-0.129026,0.877581,0.026166,-0.147716,0.696481
-0.021762,0.084310,0.773375,-0.018092,0.204104,0.643968,0.034075,0.302632,0.358832,-0.015649,0.388593,0.057561,-0.032241,-0.028299,0.637610,-0.012493,-0.103461,0.341337,-0.093939,-0.144056,0.037429,-0.021919,0.082660,0.827493,0.028789,0.211452,1.063769,0.020239,0.264230,0.887458,0.056746,0.281698,0.707650,0.013908,-0.069041,1.052622,-0.001672,-0.121045,0.876595,0.027310,-0.140532,0.695704
-0.019647,0.093828,0.771254,-0.015921,0.213735,0.641945,0.035955,0.313852,0.357323,-0.007409,0.404872,0.056509,-0.029749,-0.018681,0.635381,-0.009889,-0.098988,0.340475,-0.093718,-0.143747,0.037805,-0.019891,0.092228,0.825374,0.031032,0.221763,1.061203,0.024674,0.275456,0.885087,0.059891,0.294638,0.705198,0.015351,-0.058725,1.051096,-0.001169,-0.112258,0.875614,0.028323,-0.132505,0.694894
-0.017492,0.104128,0.769161,-0.013897,0.224068,0.639883,0.038148,0.324841,0.355531,-0.000504,0.419114,0.055032,-0.027241,-0.008376,0.633251,-0.008140,-0.093697,0.339711,-0.093473,-0.143329,0.038209,-0.017784,0.102610,0.823284,0.033263,0.233061,1.058592,0.029732,0.287620,0.882677,0.063945,0.308578,0.702795,0.017012,-0.047433,1.049678,-0.000465,-0.102488,0.874760,0.029187,-0.123663,0.694177
-0.015317,0.114819,0.767082,-0.011947,0.234752,0.637803,0.040535,0.335719,0.353601,0.005820,0.432325,0.053318,-0.024724,0.002274,0.631171,-0.006796,-0.087990,0.339043,-0.093174,-0.142854,0.038726,-0.015636,0.113399,0.821208,0.035489,0.244849,1.055958,0.035094,0.300247,0.880286,0.068519,0.323173,0.700499,0.018781,-0.035653,1.048312,0.000338,-0.092221,0.873977,0.029978,-0.114406,0.693515
-0.013188,0.127032,0.765051,-0.010039,0.246573,0.635445,0.043943,0.345920,0.350951,0.009576,0.441786,0.050346,-0.022757,0.014068,0.629476,-0.007492,-0.080564,0.338582,-0.092620,-0.141703,0.039069,-0.013427,0.125811,0.819182,0.038030,0.258265,1.053314,0.040762,0.314382,0.877902,0.073985,0.339279,0.698323,0.020704,-0.022228,1.046988,0.001431,-0.080254,0.873222,0.030604,-0.103920,0.692872
-0.011137,0.139883,0.763091,-0.008155,0.259159,0.633275,0.047164,0.355814,0.348110,0.012392,0.449247,0.046748,-0.021023,0.026646,0.627746,-0.008652,-0.072565,0.338245,-0.092000,-0.140499,0.039642,-0.011279,0.138819,0.817226,0.040691,0.272140,1.050773,0.046414,0.328937,0.875661,0.079849,0.355784,0.696384,0.022582,-0.008324,1.045653,0.002528,-0.067785,0.872460,0.031241,-0.093008,0.692246
-0.009241,0.154011,0.761275,-0.006318,0.273278,0.631476,0.049951,0.365065,0.344895,0.013187,0.452535,0.041956,-0.019760,0.040791,0.625943,-0.010781,-0.063412,0.338081,-0.091330,-0.139161,0.040527,-0.009253,0.153015,0.815411,0.043594,0.286937,1.048439,0.052045,0.344343,0.873641,0.086363,0.372826,0.694762,0.024374,0.006536,1.044299,0.003635,-0.054327,0.871673,0.031898,-0.081258,0.691631
-0.007919,0.168988,0.759899,-0.004526,0.288939,0.630824,0.055158,0.374423,0.342989,0.013381,0.454519,0.038701,-0.019518,0.056575,0.623986,-0.013150,-0.053475,0.338251,-0.090391,-0.137629,0.042021,-0.007712,0.167863,0.814031,0.046930,0.302236,1.046407,0.057602,0.360218,0.871918,0.093656,0.389414,0.693485,0.025919,0.021955,1.043283,0.004604,-0.040438,0.871273,0.032734,-0.069184,0.691488
-0.006883,0.184390,0.758743,-0.002747,0.305355,0.630755,0.061465,0.383721,0.341869,0.013065,0.455675,0.036615,-0.019782,0.073191,0.621965,-0.015761,-0.043081,0.338678,-0.089555,-0.135887,0.044111,-0.006412,0.183036,0.812866,0.050492,0.317772,1.044508,0.063124,0.376290,0.870326,0.101321,0.405699,0.692370,0.027369,0.037653,1.042429,0.005512,-0.026332,0.871071,0.033646,-0.056951,0.691594
-0.006560,0.200830,0.759091,-0.001200,0.323243,0.632660,0.067773,0.393327,0.342740,0.013381,0.456017,0.036515,-0.020786,0.091404,0.621088,-0.015877,-0.032595,0.341136,-0.087897,-0.133129,0.048642,-0.005801,0.199093,0.813193,0.054308,0.333841,1.044031,0.067648,0.393181,0.870169,0.108629,0.421750,0.692697,0.028601,0.053945,1.042814,0.005684,-0.010961,0.871934,0.033724,-0.043547,0.692792
-0.006231,0.217478,0.759659,0.000632,0.341126,0.634606,0.072962,0.402734,0.343571,0.013444,0.456215,0.036612,-0.021823,0.109690,0.620620,-0.014997,-0.022147,0.344333,-0.086543,-0.128957,0.053953,-0.005224,0.215379,0.813737,0.058259,0.349784,1.043878,0.071917,0.410104,0.870367,0.115723,0.437549,0.693394,0.029547,0.070181,1.043273,0.005455,0.004789,0.872729,0.033518,-0.029503,0.693909
-0.005892,0.234543,0.760668,0.003013,0.359037,0.636608,0.076107,0.412039,0.344053,0.013371,0.456582,0.036353,-0.022933,0.128091,0.620944,-0.011933,-0.011975,0.348887,-0.085265,-0.122148,0.060242,-0.004715,0.232127,0.814724,0.062458,0.365496,1.044415,0.075684,0.427144,0.871327,0.122408,0.452906,0.694850,0.029855,0.086319,1.043903,0.004399,0.021308,0.873400,0.032767,-0.014191,0.694856
-0.005552,0.251434,0.761750,0.005882,0.376087,0.638058,0.078685,0.420734,0.344011,0.013314,0.456886,0.035805,-0.024553,0.145736,0.621956,-0.008097,-0.001644,0.354038,-0.085488,-0.107683,0.064936,-0.004179,0.248843,0.815790,0.066722,0.380909,1.045104,0.079360,0.443943,0.872464,0.128651,0.467846,0.696434,0.029644,0.102290,1.044608,0.003093,0.037979,0.873995,0.032443,0.001831,0.695741
-0.005212,0.268239,0.762868,0.008982,0.392661,0.639220,0.080795,0.429115,0.343762,0.012920,0.457180,0.035304,-0.026437,0.163013,0.623359,-0.004094,0.008374,0.359928,-0.084808,-0.088415,0.068528,-0.003631,0.265540,0.816896,0.070992,0.396127,1.045866,0.083005,0.460592,0.873703,0.134713,0.482569,0.698138,0.029152,0.118181,1.045351,0.001657,0.054730,0.874555,0.032341,0.018135,0.696622
-0.005168,0.283501,0.764502,0.011658,0.407126,0.640344,0.081654,0.436084,0.343583,0.012992,0.457222,0.034775,-0.029093,0.178294,0.625519,-0.006390,0.020997,0.363542,-0.089910,-0.060723,0.068288,-0.003499,0.280928,0.818533,0.074962,0.410691,1.046675,0.086306,0.476435,0.874949,0.139149,0.496872,0.699579,0.028178,0.133533,1.047125,0.000002,0.070812,0.876172,0.032467,0.034867,0.698441
-0.005054,0.298390,0.766219,0.014123,0.421271,0.641609,0.081732,0.442847,0.343627,0.012819,0.457267,0.034506,-0.031524,0.193312,0.627622,-0.009559,0.034948,0.366018,-0.094184,-0.029771,0.066856,-0.003346,0.295954,0.820254,0.078663,0.425081,1.047494,0.089415,0.492030,0.876195,0.142846,0.511412,0.700934,0.027264,0.148746,1.049116,-0.001463,0.086848,0.877957,0.032529,0.051731,0.700360
-0.004799,0.312536,0.768101,0.016197,0.434867,0.643167,0.080583,0.449219,0.344002,0.012777,0.457253,0.034400,-0.033503,0.207733,0.629597,-0.014711,0.052058,0.365878,-0.100911,0.007162,0.063566,-0.003156,0.310260,0.822142,0.081863,0.439232,1.048351,0.092092,0.507202,0.877422,0.144982,0.526429,0.702019,0.026482,0.163679,1.051540,-0.002559,0.102796,0.880076,0.032421,0.068971,0.702427
-0.004291,0.325962,0.770027,0.018532,0.447409,0.644467,0.079508,0.455086,0.344309,0.012805,0.457328,0.034364,-0.035080,0.221110,0.631857,-0.019009,0.070505,0.364830,-0.108812,0.048080,0.061143,-0.002777,0.323951,0.824080,0.084498,0.453092,1.049319,0.094076,0.521734,0.878621,0.145384,0.541588,0.702819,0.025797,0.178250,1.054178,-0.003332,0.118707,0.882268,0.031942,0.086526,0.704375
-0.003657,0.339028,0.771975,0.020988,0.459408,0.645647,0.078403,0.460741,0.344659,0.012751,0.457529,0.034489,-0.036462,0.233987,0.634266,-0.022946,0.089815,0.363405,-0.116909,0.091575,0.060280,-0.002301,0.337337,0.826043,0.086860,0.466801,1.050341,0.095730,0.535951,0.879809,0.144950,0.556849,0.703515,0.025168,0.192649,1.056917,-0.003912,0.134604,0.884496,0.031331,0.104245,0.706279
-0.002845,0.351174,0.773515,0.023965,0.470129,0.646217,0.078085,0.465708,0.344606,0.012825,0.457639,0.034441,-0.038289,0.245908,0.636555,-0.026174,0.110652,0.361033,-0.127025,0.139146,0.061617,-0.001523,0.349839,0.827594,0.088899,0.479857,1.051046,0.096492,0.549025,0.880457,0.142536,0.571334,0.703438,0.024186,0.206450,1.059484,-0.004448,0.150139,0.886424,0.030513,0.121623,0.707842
-0.002000,0.363194,0.774881,0.027175,0.480748,0.646739,0.077682,0.470598,0.344590,0.012806,0.457814,0.034502,-0.040318,0.257987,0.638577,-0.029610,0.132365,0.358450,-0.136487,0.187936,0.065151,-0.000696,0.362170,0.828965,0.090911,0.492706,1.051613,0.097045,0.561838,0.880950,0.139705,0.585526,0.703231,0.023126,0.220103,1.061873,-0.004894,0.165511,0.888173,0.029816,0.138790,0.709260
-0.001085,0.374962,0.775896,0.030874,0.491191,0.647148,0.077240,0.475290,0.344522,0.012822,0.457991,0.034554,-0.042733,0.270337,0.640057,-0.033494,0.155595,0.355247,-0.145676,0.238686,0.070734,0.000219,0.374159,0.829981,0.092844,0.505160,1.051914,0.097141,0.574130,0.881128,0.135988,0.599084,0.702686,0.021879,0.233435,1.063919,-0.005244,0.180548,0.889561,0.029236,0.155532,0.710354
0.000032,0.386424,0.776363,0.034823,0.501334,0.647111,0.077234,0.479817,0.344187,0.012935,0.458090,0.034478,-0.045178,0.282688,0.640871,-0.038936,0.180307,0.351259,-0.154080,0.290659,0.077563,0.001330,0.385821,0.830446,0.094617,0.517424,1.051726,0.096484,0.586162,0.880800,0.131498,0.611954,0.701676,0.020599,0.246597,1.065494,-0.005327,0.195206,0.890520,0.028869,0.171848,0.711033
0.001251,0.397735,0.776555,0.038879,0.511291,0.646855,0.077327,0.484317,0.343769,0.012889,0.458279,0.034430,-0.047616,0.295108,0.641369,-0.044914,0.206093,0.347246,-0.160741,0.343261,0.086433,0.002541,0.397318,0.830636,0.096327,0.529602,1.051285,0.095463,0.598101,0.880253,0.126622,0.624543,0.700508,0.019325,0.259703,1.066825,-0.005240,0.209677,0.891273,0.028656,0.187902,0.711527
0.002629,0.408672,0.776027,0.043148,0.521059,0.646152,0.078588,0.488619,0.343159,0.013111,0.458018,0.034475,-0.049839,0.307573,0.640905,-0.051808,0.235139,0.342189,-0.166816,0.395122,0.094442,0.003866,0.408379,0.830103,0.097495,0.541631,1.050231,0.093406,0.609511,0.878996,0.120540,0.636096,0.698619,0.018087,0.272534,1.067488,-0.004895,0.223584,0.891436,0.028450,0.203405,0.711401
0.004042,0.419562,0.775292,0.047397,0.530805,0.645327,0.079959,0.493000,0.342560,0.013174,0.457973,0.034646,-0.051917,0.320170,0.640201,-0.057752,0.266172,0.337613,-0.171143,0.446069,0.103195,0.005231,0.419365,0.829361,0.098516,0.553645,1.049013,0.091140,0.620762,0.877586,0.114131,0.647400,0.696641,0.016905,0.285321,1.067912,-0.004470,0.237367,0.891399,0.028326,0.218593,0.711110
0.005525,0.430360,0.774143,0.051641,0.540582,0.644256,0.081770,0.497430,0.341882,0.013303,0.458093,0.034882,-0.053751,0.332904,0.638982,-0.062283,0.300522,0.333396,-0.174365,0.495510,0.110650,0.006671,0.430200,0.828203,0.099204,0.565616,1.047488,0.088424,0.631624,0.875809,0.107068,0.658087,0.694340,0.015785,0.297961,1.067875,-0.003953,0.250895,0.890946,0.028290,0.233273,0.710438
0.006749,0.441176,0.772739,0.055451,0.550084,0.642727,0.084509,0.501750,0.340956,0.013470,0.458150,0.035157,-0.056338,0.345741,0.637825,-0.065474,0.337097,0.330723,-0.175478,0.543042,0.116800,0.008059,0.441022,0.826787,0.099599,0.577586,1.045795,0.085558,0.642058,0.873770,0.099595,0.668151,0.691829,0.014681,0.310512,1.067490,-0.003407,0.264166,0.890207,0.028466,0.247448,0.709540
0.007841,0.452001,0.771207,0.059014,0.559407,0.640958,0.087572,0.505896,0.339933,0.013420,0.458017,0.035562,-0.059264,0.358700,0.636725,-0.067275,0.374731,0.329968,-0.173928,0.589745,0.123163,0.009419,0.451831,0.825241,0.099841,0.589552,1.044014,0.082604,0.652276,0.871636,0.091907,0.677913,0.689324,0.013589,0.323013,1.066912,-0.002837,0.277301,0.889313,0.028765,0.261337,0.708522
0.008914,0.463045,0.769172,0.062035,0.569031,0.638646,0.090684,0.510249,0.338533,0.013677,0.457984,0.035650,-0.062571,0.372120,0.635322,-0.070315,0.411587,0.330747,-0.171453,0.632179,0.126870,0.010966,0.462764,0.823184,0.099832,0.601728,1.041838,0.079497,0.662119,0.868968,0.084052,0.686947,0.686360,0.012718,0.335565,1.065740,-0.002302,0.290174,0.887942,0.029501,0.274684,0.707139
0.009946,0.474335,0.766940,0.064961,0.578993,0.636243,0.093383,0.514733,0.337148,0.013747,0.457901,0.035819,-0.065783,0.386031,0.633688,-0.073047,0.446641,0.332653,-0.167870,0.672276,0.131115,0.012471,0.473885,0.820923,0.099782,0.614020,1.039490,0.076348,0.671969,0.866179,0.076243,0.695856,0.683385,0.011956,0.348179,1.064262,-0.001689,0.303007,0.886304,0.030471,0.287868,0.705529
0.010897,0.486119,0.764313,0.067756,0.589694,0.633673,0.095510,0.519660,0.335721,0.013872,0.457959,0.035925,-0.068886,0.400786,0.631519,-0.076624,0.478280,0.334447,-0.165560,0.707483,0.134152,0.013891,0.485393,0.818258,0.099646,0.626559,1.036813,0.073128,0.681833,0.863077,0.068538,0.704494,0.680182,0.011395,0.360928,1.062221,-0.000948,0.315773,0.884169,0.031875,0.300777,0.703496
0.011377,0.498543,0.761565,0.070600,0.600701,0.630985,0.097405,0.524732,0.334291,0.014122,0.458045,0.036046,-0.072236,0.416362,0.629174,-0.080080,0.507025,0.335960,-0.164836,0.737324,0.135020,0.014701,0.497559,0.815477,0.099837,0.639186,1.034015,0.069848,0.691854,0.860032,0.061022,0.713030,0.677112,0.010697,0.373903,1.059837,-0.000300,0.328506,0.881762,0.033465,0.313402,0.701269
0.011620,0.511287,0.758758,0.073434,0.611807,0.628228,0.098978,0.529813,0.332908,0.014070,0.458074,0.036320,-0.075649,0.432411,0.626754,-0.083086,0.534286,0.337360,-0.163954,0.764526,0.134674,0.015199,0.510051,0.812638,0.100179,0.651854,1.031166,0.066528,0.701963,0.857092,0.053583,0.721533,0.674237,0.009913,0.386994,1.057284,0.000290,0.341217,0.879230,0.035142,0.325872,0.698963
0.011667,0.524884,0.756132,0.076785,0.623234,0.625574,0.099629,0.535128,0.331672,0.014458,0.458221,0.036452,-0.077991,0.448661,0.624240,-0.085735,0.559999,0.338551,-0.164427,0.784871,0.128945,0.014960,0.523636,0.810029,0.100537,0.664618,1.028906,0.062975,0.712210,0.854919,0.045818,0.730067,0.672236,0.008135,0.400469,1.054602,0.000458,0.353998,0.876638,0.036446,0.337802,0.696674
0.011804,0.538947,0.753568,0.080013,0.635207,0.623021,0.099131,0.540807,0.330695,0.014579,0.458422,0.036747,-0.079563,0.464954,0.621657,-0.087620,0.583055,0.338857,-0.163330,0.802100,0.122007,0.014705,0.537738,0.807492,0.100835,0.677616,1.026909,0.059630,0.722655,0.853063,0.038266,0.738781,0.670664,0.006112,0.414235,1.051863,0.000586,0.367000,0.874025,0.037749,0.349718,0.694407
0.012124,0.553941,0.751129,0.083082,0.648398,0.620666,0.096722,0.547287,0.330186,0.014831,0.458731,0.037208,-0.079729,0.481209,0.618931,-0.089262,0.601122,0.337044,-0.163314,0.813058,0.112650,0.014417,0.552867,0.805095,0.101005,0.691053,1.025447,0.056698,0.733450,0.851701,0.031164,0.747807,0.669691,0.003601,0.428537,1.048986,0.000646,0.380444,0.871321,0.039073,0.361660,0.692126
0.012305,0.570027,0.748958,0.084867,0.662548,0.617951,0.094283,0.554837,0.329619,0.015169,0.459825,0.037819,-0.079606,0.496988,0.616992,-0.090012,0.612806,0.333458,-0.163910,0.819734,0.104457,0.014153,0.569210,0.802970,0.100898,0.705067,1.024729,0.054658,0.744850,0.850879,0.025496,0.757330,0.669275,0.000735,0.443411,1.046011,0.000642,0.394464,0.868556,0.040730,0.373872,0.689924
0.012417,0.586659,0.746922,0.086013,0.677179,0.615066,0.091843,0.562922,0.329123,0.015578,0.461314,0.038704,-0.079357,0.512529,0.615461,-0.090431,0.621250,0.329153,-0.165183,0.824192,0.097027,0.013897,0.586158,0.800977,0.100567,0.719373,1.024378,0.052980,0.756557,0.850331,0.020530,0.767203,0.669167,-0.002344,0.458589,1.042957,0.000587,0.408769,0.865770,0.042541,0.386206,0.687801
0.010665,0.604768,0.744942,0.084210,0.692509,0.611337,0.093854,0.571882,0.328095,0.016450,0.463803,0.040259,-0.082183,0.528922,0.615168,-0.090450,0.631292,0.326391,-0.161809,0.832634,0.092050,0.012318,0.604530,0.799027,0.099059,0.734094,1.024524,0.051160,0.769208,0.850150,0.017115,0.777878,0.669171,-0.005917,0.473893,1.039261,-0.000461,0.423102,0.862403,0.044197,0.398719,0.685330
0.008372,0.623112,0.743297,0.081688,0.708373,0.608141,0.096289,0.581233,0.327939,0.017499,0.466138,0.043124,-0.085206,0.545375,0.615135,-0.091162,0.642248,0.324358,-0.158423,0.840987,0.086868,0.010155,0.623130,0.797401,0.097283,0.748900,1.024867,0.049269,0.782263,0.850196,0.014294,0.789037,0.669312,-0.009448,0.489226,1.035763,-0.001885,0.437322,0.859301,0.045682,0.411253,0.683228
0.004997,0.641924,0.742326,0.077787,0.725340,0.605948,0.099710,0.591499,0.329317,0.019137,0.468291,0.048286,-0.088612,0.561913,0.615577,-0.093136,0.655162,0.323513,-0.155121,0.849229,0.081031,0.006821,0.642185,0.796438,0.095048,0.763881,1.025655,0.047306,0.796129,0.850709,0.012627,0.801004,0.669704,-0.012818,0.504545,1.032704,-0.003964,0.451305,0.856691,0.046984,0.423846,0.681787
0.001059,0.660640,0.742319,0.072983,0.743381,0.605310,0.103272,0.603095,0.332650,0.022054,0.471249,0.055581,-0.091628,0.578175,0.616464,-0.095884,0.669310,0.323650,-0.153287,0.855939,0.074493,0.002840,0.661054,0.796433,0.092369,0.779181,1.026962,0.045490,0.810814,0.851675,0.011856,0.814497,0.670444,-0.015378,0.519721,1.030658,-0.006387,0.465237,0.855020,0.047506,0.436752,0.681190
-0.003161,0.679307,0.742795,0.067731,0.761960,0.605457,0.107017,0.615631,0.337119,0.025893,0.474986,0.064248,-0.094416,0.594318,0.617576,-0.098969,0.684083,0.324262,-0.152207,0.861648,0.067830,-0.001465,0.679829,0.796907,0.089485,0.794654,1.028495,0.043760,0.825925,0.852841,0.011544,0.828773,0.671338,-0.017501,0.534848,1.029080,-0.008932,0.479164,0.853785,0.047722,0.449743,0.681022
-0.007415,0.698067,0.744761,0.062045,0.781231,0.607307,0.112200,0.630365,0.343354,0.032322,0.482369,0.073976,-0.096512,0.610140,0.620015,-0.101945,0.698367,0.326169,-0.152045,0.865136,0.062002,-0.005835,0.698667,0.798869,0.086192,0.810749,1.031320,0.042422,0.842578,0.855266,0.012633,0.845813,0.673356,-0.018437,0.549983,1.028896,-0.011781,0.493894,0.853631,0.046033,0.464002,0.681365
-0.011672,0.716550,0.746965,0.056571,0.799955,0.609406,0.118020,0.645600,0.350054,0.039323,0.493629,0.082666,-0.098492,0.625632,0.622762,-0.104780,0.712052,0.328319,-0.152001,0.867811,0.056990,-0.010261,0.717285,0.801065,0.082844,0.826811,1.034257,0.041234,0.859461,0.857828,0.014232,0.863149,0.675491,-0.019230,0.565064,1.028928,-0.014763,0.508796,0.853635,0.043767,0.478538,0.681699
-0.015934,0.734479,0.749647,0.051534,0.817615,0.611992,0.125223,0.661345,0.357422,0.047890,0.512577,0.088160,-0.100313,0.640407,0.626121,-0.107468,0.724522,0.330964,-0.152315,0.869296,0.053150,-0.014797,0.735463,0.803734,0.079346,0.842783,1.037491,0.040312,0.876762,0.860723,0.016828,0.881013,0.677912,-0.019795,0.579964,1.029472,-0.018093,0.523999,0.854017,0.040222,0.493790,0.682007
-0.019670,0.751750,0.752049,0.047311,0.834242,0.614054,0.127393,0.676715,0.362697,0.054020,0.536157,0.088207,-0.101856,0.654766,0.629318,-0.109834,0.736281,0.333396,-0.152421,0.870522,0.049905,-0.018898,0.753076,0.806116,0.075925,0.858692,1.040340,0.039873,0.894470,0.863294,0.020619,0.899129,0.679999,-0.020466,0.594918,1.030017,-0.021567,0.539481,0.854378,0.035977,0.509823,0.682012
-0.023142,0.768692,0.754311,0.043507,0.850343,0.615852,0.127799,0.691757,0.367022,0.061504,0.561188,0.086025,-0.103250,0.668933,0.632461,-0.112014,0.747671,0.335758,-0.152385,0.871499,0.047152,-0.022782,0.770404,0.808348,0.072557,0.874591,1.042976,0.039660,0.912414,0.865741,0.024975,0.917418,0.682032,-0.021134,0.609924,1.030555,-0.025068,0.555092,0.854759,0.031410,0.526227,0.681900
-0.025986,0.785402,0.756785,0.041058,0.867371,0.618900,0.134952,0.713085,0.370960,0.065137,0.592834,0.085872,-0.104168,0.684615,0.634503,-0.112627,0.757064,0.336145,-0.152048,0.872925,0.044100,-0.026010,0.787100,0.810817,0.070178,0.890050,1.045630,0.040215,0.930733,0.868505,0.030935,0.935693,0.684442,-0.021852,0.624868,1.031692,-0.028289,0.570696,0.855766,0.026263,0.543310,0.682057
-0.028653,0.802176,0.759198,0.038747,0.884697,0.621987,0.142525,0.736830,0.374188,0.068826,0.628418,0.085114,-0.105153,0.700781,0.636317,-0.113111,0.766314,0.336308,-0.151651,0.874219,0.041103,-0.028982,0.803769,0.813229,0.068328,0.905404,1.048142,0.041043,0.949180,0.871317,0.037287,0.954053,0.687057,-0.022585,0.639908,1.032824,-0.031385,0.586392,0.856802,0.020943,0.560424,0.682194
-0.030965,0.819077,0.761486,0.036719,0.902601,0.625140,0.150775,0.765248,0.375857,0.071571,0.670261,0.083405,-0.106291,0.717889,0.637656,-0.113531,0.775306,0.335945,-0.151495,0.875425,0.037939,-0.031443,0.820391,0.815527,0.067510,0.920501,1.050404,0.042431,0.967820,0.874156,0.044478,0.972516,0.689867,-0.023409,0.655071,1.033962,-0.034294,0.602281,0.857844,0.015243,0.577625,0.682224
-0.032943,0.836042,0.763634,0.034328,0.920425,0.627699,0.159387,0.797307,0.376312,0.074189,0.717641,0.080941,-0.107312,0.734657,0.639323,-0.113535,0.782551,0.335910,-0.151790,0.876116,0.035797,-0.033376,0.837153,0.817681,0.067620,0.935647,1.052367,0.044783,0.986483,0.876787,0.052372,0.991124,0.692648,-0.024131,0.670555,1.035084,-0.037229,0.618688,0.858846,0.009358,0.595042,0.682256
-0.034754,0.853039,0.765712,0.031755,0.938208,0.629963,0.167644,0.831605,0.376701,0.075660,0.767878,0.079523,-0.108270,0.751259,0.641161,-0.113218,0.788914,0.336262,-0.152073,0.876568,0.034414,-0.035046,0.853986,0.819762,0.068190,0.950813,1.054167,0.047644,1.005114,0.879334,0.060684,1.009728,0.695508,-0.024808,0.686199,1.036194,-0.040181,0.635365,0.859842,0.003377,0.612582,0.682335
-0.035346,0.869865,0.767629,0.030188,0.956030,0.631842,0.174500,0.872020,0.374717,0.075077,0.820407,0.077651,-0.107852,0.767743,0.642718,-0.110759,0.791121,0.336365,-0.152539,0.876292,0.034175,-0.035524,0.870655,0.821683,0.069591,0.965865,1.055915,0.051991,1.023068,0.881683,0.069203,1.028427,0.698231,-0.025665,0.702083,1.037503,-0.043428,0.652514,0.861016,-0.002781,0.630249,0.682738
-0.035582,0.886522,0.769337,0.029188,0.973813,0.633616,0.179621,0.913728,0.373246,0.073141,0.872488,0.077115,-0.106955,0.784271,0.643861,-0.107866,0.793274,0.336741,-0.152632,0.876126,0.034318,-0.035746,0.887158,0.823397,0.071151,0.980943,1.057400,0.056637,1.040632,0.883715,0.077470,1.046910,0.700678,-0.026668,0.718106,1.038854,-0.046816,0.669818,0.862268,-0.009112,0.647858,0.683299
-0.035108,0.902840,0.770627,0.029323,0.991529,0.635187,0.182616,0.957216,0.371717,0.070819,0.924715,0.076598,-0.105107,0.800877,0.644151,-0.104410,0.795352,0.336968,-0.152586,0.876159,0.034511,-0.035457,0.903329,0.824699,0.073050,0.996054,1.058385,0.061840,1.057491,0.885065,0.085160,1.065155,0.702386,-0.027942,0.734385,1.040276,-0.050480,0.687413,0.863622,-0.015792,0.665328,0.684070
-0.034225,0.918881,0.771163,0.029824,1.008969,0.636006,0.183490,0.998624,0.370663,0.069169,0.977381,0.075631,-0.102753,0.817120,0.643745,-0.100893,0.797907,0.337140,-0.152418,0.876300,0.034590,-0.034782,0.919297,0.825246,0.075126,1.011463,1.058503,0.067310,1.074046,0.885406,0.092602,1.083175,0.703051,-0.029300,0.751071,1.041420,-0.054012,0.705414,0.864710,-0.022398,0.682987,0.684641
-0.033137,0.934784,0.771323,0.030497,1.026275,0.636474,0.183069,1.038938,0.370562,0.067302,1.030724,0.075597,-0.100142,0.833186,0.643002,-0.097360,0.800759,0.337541,-0.152147,0.876618,0.034906,-0.033911,0.935163,0.825415,0.077324,1.026983,1.058184,0.072945,1.090382,0.885261,0.099983,1.101021,0.703227,-0.030665,0.767962,1.042405,-0.057440,0.723662,0.865648,-0.028958,0.700856,0.685110
-0.031264,0.950484,0.770422,0.031266,1.043013,0.635443,0.180852,1.074150,0.369443,0.067203,1.084439,0.073794,-0.096724,0.848241,0.641852,-0.093893,0.804368,0.337838,-0.152192,0.876553,0.034927,-0.032119,0.951014,0.824519,0.079912,1.043178,1.056773,0.078935,1.107000,0.883953,0.107820,1.118561,0.702247,-0.031605,0.785546,1.042830,-0.060258,0.742499,0.866053,-0.034706,0.719071,0.685144
-0.029128,0.966203,0.769228,0.032077,1.059656,0.634005,0.178087,1.108042,0.368706,0.066918,1.137967,0.073499,-0.093054,0.863110,0.640604,-0.090355,0.808310,0.338376,-0.152122,0.876596,0.035211,-0.030019,0.966926,0.823327,0.082609,1.059633,1.055081,0.085088,1.123709,0.882372,0.115925,1.135924,0.701022,-0.032242,0.803368,1.043037,-0.062762,0.761549,0.866274,-0.040088,0.737610,0.685038
-0.026470,0.981963,0.767448,0.032993,1.076103,0.631722,0.174831,1.139390,0.367444,0.067602,1.190535,0.073689,-0.088882,0.877597,0.639143,-0.086704,0.812809,0.338893,-0.151975,0.876636,0.035449,-0.027308,0.982967,0.821547,0.085472,1.076667,1.052832,0.091508,1.140731,0.880209,0.124447,1.153078,0.699234,-0.032340,0.821656,1.042840,-0.064717,0.780935,0.866148,-0.044766,0.756555,0.684647
-0.023154,0.998086,0.765226,0.034450,1.093104,0.629118,0.171258,1.169591,0.365812,0.068800,1.241141,0.074552,-0.083858,0.892514,0.637125,-0.082550,0.817511,0.339256,-0.151809,0.876663,0.035704,-0.023950,0.999335,0.819325,0.088561,1.094411,1.050183,0.097987,1.158150,0.877597,0.133045,1.170052,0.696989,-0.031710,0.840472,1.042278,-0.066080,0.800658,0.865752,-0.048889,0.775899,0.684018
-0.019508,1.014391,0.762783,0.036164,1.110362,0.626361,0.167490,1.199066,0.364210,0.070394,1.290134,0.076480,-0.078398,0.907663,0.634830,-0.078015,0.822379,0.339737,-0.151379,0.876756,0.036210,-0.020269,1.015867,0.816880,0.091773,1.112515,1.047319,0.104496,1.175759,0.874767,0.141672,1.186930,0.694536,-0.030703,0.859572,1.041510,-0.067122,0.820594,0.865207,-0.052705,0.795517,0.683275
-0.014910,1.032140,0.759890,0.038730,1.130025,0.623819,0.162084,1.226181,0.360547,0.072491,1.337727,0.077385,-0.071290,0.924819,0.631342,-0.072629,0.828124,0.339796,-0.151211,0.876614,0.036512,-0.015742,1.033611,0.813993,0.095156,1.131998,1.044255,0.110862,1.194353,0.871631,0.150331,1.204023,0.691802,-0.028446,0.879567,1.040037,-0.067100,0.841249,0.864062,-0.055887,0.815852,0.681946
-0.009764,1.050884,0.756826,0.041524,1.151673,0.621701,0.152960,1.252624,0.355009,0.076068,1.381516,0.075331,-0.063209,0.943683,0.626977,-0.066614,0.834835,0.339777,-0.150839,0.876447,0.036906,-0.010723,1.052104,0.810941,0.098625,1.152069,1.041270,0.117195,1.213451,0.868588,0.159010,1.221418,0.689207,-0.025792,0.900021,1.038150,-0.066665,0.862412,0.862521,-0.058689,0.836818,0.680259
-0.003523,1.071617,0.753420,0.044737,1.177281,0.620544,0.135357,1.278008,0.346024,0.079843,1.415406,0.065243,-0.053213,0.965973,0.620889,-0.059629,0.843465,0.339329,-0.150577,0.876261,0.037217,-0.004709,1.072093,0.807549,0.102285,1.173305,1.038445,0.123472,1.233578,0.865678,0.167731,1.239445,0.686802,-0.022318,0.921346,1.035457,-0.065425,0.884505,0.860197,-0.060777,0.858893,0.677819
0.002613,1.092946,0.750770,0.048608,1.202139,0.619757,0.123744,1.300044,0.339591,0.083663,1.435030,0.055043,-0.044705,0.988772,0.616270,-0.054587,0.855560,0.339759,-0.150069,0.876053,0.037820,0.001361,1.092770,0.804901,0.106191,1.194729,1.036468,0.129664,1.253713,0.863556,0.176283,1.256825,0.685213,-0.018344,0.942743,1.033110,-0.063735,0.906408,0.858317,-0.062253,0.880593,0.675914
0.008698,1.114573,0.748498,0.052825,1.226624,0.619147,0.115120,1.320412,0.334440,0.086902,1.448068,0.045176,-0.036946,1.011814,0.612385,-0.050573,0.869436,0.340688,-0.149513,0.875882,0.039113,0.007458,1.113795,0.802623,0.110200,1.216255,1.034913,0.135809,1.273856,0.861845,0.184735,1.273880,0.684095,-0.014135,0.964182,1.030937,-0.061821,0.928212,0.856675,-0.063418,0.902103,0.674315
0.013847,1.137868,0.748417,0.058178,1.250264,0.619460,0.117944,1.334060,0.331131,0.086206,1.451653,0.038136,-0.032592,1.035893,0.612058,-0.049428,0.887507,0.343861,-0.147805,0.875400,0.042165,0.012829,1.136744,0.802541,0.114635,1.238099,1.035736,0.141390,1.294199,0.862350,0.191967,1.290803,0.685100,-0.010082,0.986249,1.030151,-0.059482,0.950298,0.856356,-0.064247,0.923311,0.674174
0.018717,1.161645,0.748924,0.064007,1.274309,0.620575,0.122659,1.347031,0.329039,0.085592,1.454480,0.032960,-0.028367,1.060659,0.612155,-0.047982,0.905629,0.348040,-0.145429,0.875039,0.047382,0.017787,1.160137,0.803040,0.119008,1.259852,1.037203,0.146443,1.314582,0.863485,0.198395,1.307894,0.686733,-0.006309,1.008354,1.029675,-0.057155,0.972507,0.856268,-0.064969,0.944681,0.674309
0.023026,1.186386,0.750606,0.070782,1.299134,0.623301,0.131245,1.358619,0.329150,0.085336,1.455719,0.030894,-0.024397,1.086792,0.613106,-0.046064,0.923774,0.354157,-0.142171,0.874842,0.055728,0.021918,1.184423,0.804704,0.123238,1.281451,1.039955,0.150405,1.335081,0.865848,0.203243,1.325385,0.689507,-0.003092,1.030554,1.029830,-0.054847,0.994961,0.856630,-0.065457,0.966328,0.674921
0.026809,1.210875,0.752507,0.077212,1.322496,0.625322,0.140860,1.369191,0.329536,0.085895,1.457523,0.030214,-0.021172,1.111611,0.615185,-0.042846,0.940321,0.361740,-0.136704,0.879194,0.065182,0.025498,1.208761,0.806595,0.127000,1.302948,1.042921,0.153519,1.355751,0.868457,0.206890,1.343349,0.692456,-0.000555,1.052792,1.030152,-0.052753,1.017526,0.857009,-0.064970,0.988328,0.675478
0.030329,1.235237,0.754518,0.083441,1.345092,0.627006,0.150757,1.379116,0.330299,0.086525,1.459514,0.030699,-0.018342,1.135773,0.617854,-0.039281,0.956097,0.370306,-0.130738,0.885734,0.075453,0.028805,1.233126,0.808599,0.130514,1.324400,1.045977,0.156181,1.376522,0.871176,0.209918,1.361590,0.695492,0.001654,1.075063,1.030548,-0.050755,1.040156,0.857387,-0.063996,1.010511,0.675990
0.032824,1.256881,0.756796,0.088117,1.363042,0.627186,0.157968,1.386668,0.330046,0.086964,1.460372,0.030344,-0.019143,1.156346,0.622111,-0.040670,0.980320,0.372054,-0.130200,0.906940,0.077145,0.031364,1.255266,0.810889,0.132672,1.344831,1.049082,0.157910,1.396814,0.874179,0.211662,1.379618,0.698716,0.002674,1.096198,1.031923,-0.049318,1.061518,0.858590,-0.061538,1.031899,0.677123
0.035418,1.278228,0.759324,0.092665,1.380936,0.627856,0.163454,1.394326,0.330289,0.086942,1.460675,0.030291,-0.019495,1.176808,0.626418,-0.041620,1.004819,0.373644,-0.130821,0.933875,0.077856,0.033964,1.277102,0.813418,0.134744,1.365294,1.052338,0.159332,1.417505,0.877411,0.212904,1.398449,0.702098,0.003699,1.117314,1.033721,-0.047507,1.082757,0.860131,-0.058358,1.053319,0.678558
0.038206,1.298982,0.762355,0.097104,1.398844,0.629433,0.165990,1.402598,0.331130,0.086739,1.460476,0.030100,-0.018934,1.196899,0.630771,-0.041911,1.029819,0.374785,-0.134342,0.972390,0.076893,0.036620,1.298337,0.816441,0.136572,1.385855,1.055941,0.160139,1.438998,0.881156,0.213221,1.418861,0.705832,0.004636,1.138414,1.036399,-0.044996,1.103751,0.862383,-0.053735,1.074800,0.680636
0.040940,1.318809,0.765159,0.101144,1.416365,0.631083,0.166763,1.411489,0.332048,0.086660,1.460691,0.029682,-0.017631,1.216048,0.634598,-0.040946,1.053779,0.375535,-0.139745,1.019743,0.075912,0.039140,1.318666,0.819232,0.138130,1.406320,1.059060,0.159876,1.460721,0.884426,0.211981,1.440638,0.708822,0.005378,1.159324,1.039342,-0.042234,1.124486,0.864809,-0.048412,1.096055,0.682883
0.043647,1.338173,0.767849,0.104990,1.433691,0.632779,0.166616,1.420736,0.333124,0.086547,1.461142,0.029412,-0.015962,1.234726,0.638165,-0.039379,1.077266,0.376122,-0.145275,1.071874,0.076888,0.041591,1.338544,0.821904,0.139549,1.426746,1.061935,0.159081,1.482566,0.887484,0.209982,1.463116,0.711479,0.006024,1.180148,1.042409,-0.039339,1.145084,0.867335,-0.042735,1.117184,0.685257
0.046013,1.355945,0.769582,0.108153,1.450112,0.633908,0.165538,1.429913,0.333797,0.086739,1.461715,0.028677,-0.015100,1.252599,0.640410,-0.038370,1.101522,0.374562,-0.150711,1.132983,0.079211,0.043974,1.356630,0.823635,0.140691,1.446740,1.063445,0.157661,1.503953,0.889176,0.206400,1.486577,0.712346,0.006804,1.200230,1.045296,-0.035967,1.165042,0.869602,-0.035507,1.137519,0.687430
0.048292,1.373428,0.770934,0.111330,1.466465,0.634883,0.164256,1.439097,0.334503,0.086835,1.462258,0.028196,-0.014458,1.270582,0.642055,-0.037116,1.127118,0.371928,-0.154240,1.195614,0.084816,0.046318,1.374335,0.824989,0.141817,1.466582,1.064467,0.156118,1.525216,0.890429,0.202465,1.510246,0.712735,0.007654,1.220109,1.047914,-0.032414,1.184753,0.871623,-0.027956,1.157490,0.689458
0.050396,1.390330,0.771525,0.114551,1.482693,0.635536,0.162676,1.448247,0.335054,0.086953,1.462717,0.027725,-0.014248,1.288768,0.642494,-0.035319,1.155316,0.367150,-0.156585,1.260550,0.093252,0.048575,1.391275,0.825593,0.142877,1.486109,1.064535,0.154310,1.546234,0.890791,0.197824,1.534333,0.712140,0.008623,1.239560,1.050008,-0.028524,1.203976,0.873126,-0.019764,1.176732,0.691103
0.052073,1.406856,0.771574,0.117325,1.498244,0.635488,0.162113,1.456601,0.335377,0.087240,1.463162,0.027515,-0.015106,1.306786,0.642595,-0.032007,1.189082,0.359900,-0.155862,1.325982,0.101699,0.050553,1.407814,0.825659,0.143549,1.505522,1.063962,0.151752,1.567108,0.890545,0.192148,1.558889,0.710937,0.009809,1.258580,1.051591,-0.024397,1.222582,0.874203,-0.011797,1.195218,0.692413
0.053535,1.423193,0.771353,0.119860,1.513444,0.635087,0.161910,1.464549,0.335648,0.087332,1.463591,0.027596,-0.016478,1.324756,0.642548,-0.027750,1.226081,0.352421,-0.153855,1.390868,0.112328,0.052390,1.424147,0.825453,0.143998,1.524850,1.063065,0.148779,1.587868,0.890030,0.185826,1.583624,0.709545,0.011098,1.277363,1.052886,-0.020140,1.240878,0.875053,-0.003923,1.213361,0.693562
0.054412,1.439073,0.770440,0.121391,1.527375,0.633351,0.163940,1.470784,0.335318,0.087756,1.463639,0.027719,-0.019017,1.341759,0.642591,-0.019931,1.271584,0.344143,-0.148013,1.454694,0.118849,0.053814,1.440161,0.824547,0.143770,1.544099,1.061424,0.144807,1.608057,0.888666,0.177891,1.608568,0.707352,0.012613,1.295613,1.053427,-0.015790,1.258147,0.875327,0.003814,1.230420,0.694227
0.055114,1.454858,0.769319,0.122698,1.541136,0.631392,0.166216,1.476724,0.335068,0.087964,1.463571,0.028166,-0.021815,1.358769,0.642502,-0.013200,1.319013,0.338674,-0.141122,1.517551,0.126726,0.055070,1.456088,0.823427,0.143352,1.563256,1.059528,0.140607,1.627933,0.887050,0.169410,1.633203,0.705071,0.014127,1.313711,1.053712,-0.011453,1.275119,0.875430,0.011599,1.247226,0.694791
0.055468,1.470454,0.767780,0.123601,1.554576,0.628984,0.169243,1.482120,0.334822,0.088210,1.463341,0.028916,-0.025159,1.375731,0.642124,-0.008802,1.369207,0.336112,-0.131498,1.580442,0.133429,0.055988,1.471848,0.821883,0.142578,1.582304,1.057134,0.136009,1.647277,0.884864,0.160093,1.657343,0.702388,0.015634,1.331562,1.053555,-0.007160,1.291501,0.875226,0.019470,1.263436,0.695140
0.055740,1.486552,0.765906,0.124762,1.569268,0.626857,0.170520,1.488974,0.334729,0.088676,1.463327,0.029487,-0.027990,1.393782,0.640729,-0.009350,1.416867,0.335635,-0.122730,1.638797,0.138918,0.056595,1.488007,0.820008,0.141636,1.601578,1.054383,0.131246,1.666682,0.882343,0.150547,1.680952,0.699565,0.017119,1.349614,1.052973,-0.002666,1.307779,0.874700,0.027401,1.279402,0.695209
0.055972,1.502900,0.763864,0.126055,1.584577,0.624865,0.170812,1.496610,0.334770,0.089034,1.463525,0.030165,-0.030540,1.412396,0.638890,-0.011835,1.463045,0.337114,-0.113316,1.694687,0.145063,0.057043,1.504367,0.817968,0.140559,1.620968,1.051449,0.126365,1.686076,0.879676,0.140780,1.704165,0.696778,0.018562,1.367786,1.052175,0.001931,1.324052,0.874044,0.035364,1.295337,0.695192
0.056078,1.520379,0.761412,0.127927,1.601581,0.623101,0.169096,1.506168,0.334795,0.089812,1.463745,0.030590,-0.032497,1.432720,0.635914,-0.015998,1.508715,0.339435,-0.108080,1.738491,0.140505,0.057044,1.521740,0.815526,0.139133,1.640599,1.048424,0.121337,1.705733,0.876993,0.131330,1.726344,0.694065,0.019405,1.386360,1.050582,0.006370,1.340373,0.872728,0.043348,1.310982,0.694668
0.056383,1.538710,0.758814,0.130434,1.619797,0.621619,0.165804,1.517207,0.334963,0.090609,1.464231,0.031263,-0.033652,1.454202,0.632325,-0.019190,1.551193,0.342001,-0.101120,1.777341,0.134667,0.057047,1.539866,0.812941,0.137791,1.660286,1.045561,0.116519,1.725496,0.874553,0.122309,1.748128,0.691683,0.019892,1.405219,1.048517,0.010657,1.357017,0.871019,0.051368,1.326913,0.693884
0.057085,1.558743,0.755923,0.134221,1.640441,0.620722,0.159538,1.531334,0.335350,0.091766,1.465360,0.032319,-0.033242,1.477954,0.627383,-0.021867,1.588070,0.341730,-0.095427,1.805945,0.122740,0.057057,1.559499,0.810063,0.136694,1.680113,1.043018,0.112187,1.745582,0.872544,0.114338,1.769387,0.689746,0.019707,1.424640,1.045518,0.014618,1.374214,0.868479,0.059445,1.343218,0.692494
0.057596,1.580765,0.752942,0.137120,1.662440,0.619141,0.154960,1.546478,0.335888,0.094491,1.468676,0.034026,-0.033134,1.502731,0.623062,-0.023610,1.615257,0.338244,-0.088074,1.829665,0.113027,0.057130,1.581097,0.807084,0.135874,1.700219,1.041154,0.108542,1.765885,0.871189,0.107628,1.790180,0.688446,0.019176,1.444621,1.041549,0.017983,1.391995,0.865086,0.067537,1.359936,0.690564
0.058010,1.603781,0.749916,0.139569,1.685106,0.617208,0.151056,1.562208,0.336555,0.097533,1.472899,0.036541,-0.033180,1.528021,0.619032,-0.025062,1.637556,0.332895,-0.081082,1.849901,0.103624,0.057233,1.603678,0.804056,0.135172,1.720451,1.039616,0.105224,1.786282,0.870160,0.101554,1.810734,0.687473,0.018476,1.464883,1.037073,0.021048,1.410073,0.861293,0.075614,1.376879,0.688488
0.055926,1.628568,0.746959,0.138753,1.707598,0.614075,0.155088,1.575284,0.338054,0.104181,1.480362,0.039354,-0.036884,1.553661,0.616652,-0.027277,1.657173,0.328291,-0.077965,1.864866,0.093878,0.055333,1.628169,0.801098,0.134210,1.740265,1.038612,0.102230,1.805790,0.869414,0.096298,1.829939,0.686745,0.016803,1.485116,1.031626,0.021741,1.427939,0.856647,0.082256,1.393415,0.686106
0.053346,1.653297,0.744463,0.137142,1.729562,0.610997,0.158929,1.588083,0.340031,0.111327,1.488203,0.042531,-0.040770,1.578193,0.615159,-0.029893,1.675554,0.324684,-0.076044,1.877188,0.084502,0.052839,1.652848,0.798594,0.133034,1.759910,1.037970,0.099298,1.824897,0.868908,0.091249,1.848745,0.686281,0.014958,1.505246,1.026411,0.021631,1.445745,0.852261,0.088010,1.409947,0.684196
0.049774,1.677909,0.742889,0.134025,1.750483,0.608015,0.163060,1.600454,0.342497,0.120500,1.496870,0.045740,-0.045043,1.600507,0.615447,-0.033095,1.691611,0.322989,-0.076056,1.884814,0.075697,0.049163,1.677912,0.796995,0.131431,1.779313,1.038089,0.096443,1.843271,0.868892,0.086516,1.866809,0.686317,0.012869,1.525142,1.021709,0.020082,1.463404,0.848353,0.092230,1.426476,0.682959
0.046605,1.700917,0.741590,0.129711,1.770680,0.604450,0.160398,1.617538,0.340988,0.128529,1.505978,0.046148,-0.047746,1.619099,0.616627,-0.036022,1.707027,0.323154,-0.075425,1.890683,0.068292,0.045724,1.701804,0.795636,0.129340,1.798951,1.037975,0.093596,1.861527,0.868423,0.082348,1.884459,0.685848,0.011366,1.544780,1.017745,0.017914,1.481147,0.845040,0.094632,1.443353,0.681969
0.043636,1.723122,0.740427,0.124830,1.790403,0.600627,0.154237,1.636681,0.337421,0.135278,1.514641,0.046125,-0.049584,1.635906,0.618383,-0.038759,1.722173,0.324327,-0.074495,1.895473,0.061895,0.042381,1.725106,0.794365,0.126898,1.818764,1.037722,0.090667,1.879757,0.867700,0.078418,1.901920,0.685096,0.010204,1.564288,1.014094,0.015596,1.498925,0.841987,0.096368,1.460387,0.681139
0.041432,1.743663,0.740734,0.120942,1.812694,0.600755,0.153366,1.656782,0.339176,0.136919,1.529884,0.049864,-0.047982,1.652281,0.618885,-0.038264,1.734105,0.323411,-0.073436,1.899524,0.056015,0.039679,1.745958,0.794623,0.124045,1.838747,1.038318,0.088623,1.898001,0.867520,0.076680,1.918828,0.684736,0.010151,1.583129,1.013208,0.013172,1.516956,0.841341,0.095755,1.478126,0.681541
0.039094,1.763644,0.741693,0.117569,1.834526,0.602176,0.158315,1.676526,0.343021,0.140280,1.551493,0.052776,-0.046662,1.669205,0.619519,-0.037726,1.745913,0.322545,-0.072227,1.903067,0.050264,0.036898,1.766031,0.795554,0.121211,1.858298,1.039421,0.086847,1.916001,0.867884,0.075678,1.935381,0.684888,0.010005,1.601589,1.013236,0.010752,1.534904,0.841530,0.094403,1.495753,0.682404
0.036488,1.782503,0.743957,0.115284,1.855571,0.606285,0.174736,1.696248,0.351624,0.146934,1.587471,0.055061,-0.046114,1.687060,0.620334,-0.037536,1.757516,0.321720,-0.071273,1.906026,0.044659,0.033985,1.784567,0.797838,0.118471,1.877009,1.041538,0.085609,1.933507,0.869313,0.076075,1.951156,0.686047,0.009629,1.619292,1.015150,0.008182,1.552736,0.843389,0.091335,1.513306,0.684065
0.034040,1.801164,0.746402,0.112775,1.875988,0.610123,0.190846,1.719643,0.358675,0.152697,1.630739,0.056365,-0.046168,1.704887,0.621799,-0.038040,1.769451,0.321775,-0.070654,1.908291,0.039663,0.031393,1.802959,0.800299,0.116276,1.895404,1.043824,0.085260,1.951219,0.871038,0.078043,1.967422,0.687529,0.009164,1.636965,1.017259,0.005803,1.571354,0.845151,0.087119,1.531863,0.684878
0.031672,1.819726,0.748938,0.110150,1.896090,0.613831,0.206539,1.745297,0.365370,0.156800,1.677321,0.059194,-0.046521,1.722704,0.623585,-0.038821,1.781544,0.322316,-0.070069,1.910089,0.035228,0.028962,1.821279,0.802849,0.114356,1.913647,1.046193,0.085358,1.969043,0.872923,0.080796,1.983941,0.689216,0.008661,1.654628,1.019462,0.003502,1.590369,0.846882,0.082268,1.550951,0.685297
0.030109,1.837744,0.752272,0.107146,1.914838,0.616944,0.219680,1.776319,0.368139,0.161500,1.729508,0.059479,-0.046685,1.738956,0.627400,-0.039874,1.791932,0.324974,-0.070711,1.910543,0.033439,0.027535,1.839355,0.806180,0.113247,1.931879,1.049323,0.086794,1.987025,0.875564,0.085303,2.001541,0.691777,0.008959,1.672277,1.022577,0.001521,1.610339,0.849226,0.076288,1.571826,0.685511
0.029016,1.855833,0.755797,0.104509,1.933937,0.620291,0.230927,1.809775,0.370586,0.164590,1.781778,0.061341,-0.046210,1.755432,0.631215,-0.040040,1.801068,0.327529,-0.071166,1.910710,0.032388,0.026564,1.857440,0.809705,0.112349,1.950117,1.052738,0.088511,2.005047,0.878530,0.090128,2.019433,0.694734,0.009506,1.689938,1.025856,-0.000360,1.630491,0.851751,0.069890,1.593231,0.685743
0.028860,1.874061,0.759702,0.102608,1.953746,0.624098,0.239144,1.846880,0.371736,0.167161,1.834015,0.062836,-0.044495,1.772335,0.635029,-0.038532,1.807693,0.329913,-0.071397,1.910539,0.032390,0.026507,1.875539,0.813616,0.111877,1.968349,1.056725,0.090778,2.023126,0.882110,0.095555,2.037874,0.698399,0.010556,1.707599,1.029466,-0.001994,1.651007,0.854583,0.062781,1.615666,0.685941
0.029047,1.891914,0.763318,0.101146,1.973359,0.627684,0.244877,1.885968,0.371843,0.169302,1.886175,0.063634,-0.042384,1.789192,0.638312,-0.036930,1.814861,0.332169,-0.071471,1.910564,0.032339,0.026715,1.893257,0.817242,0.111720,1.986449,1.060318,0.093164,2.041063,0.885356,0.101127,2.056028,0.701773,0.011674,1.725198,1.033023,-0.003665,1.671470,0.857464,0.054668,1.638494,0.686015
0.029404,1.909580,0.766789,0.099884,1.992864,0.631170,0.248752,1.926233,0.372035,0.170443,1.938621,0.064873,-0.040071,1.806045,0.641330,-0.035151,1.822293,0.334489,-0.071203,1.910642,0.032472,0.027056,1.910785,0.820723,0.111719,2.004480,1.063713,0.095609,2.058933,0.888451,0.106770,2.074059,0.705049,0.012827,1.742767,1.036556,-0.005373,1.691903,0.860424,0.045976,1.661457,0.686296
0.030052,1.926737,0.769277,0.098588,2.011904,0.633489,0.249603,1.967239,0.370897,0.171799,1.990546,0.064316,-0.037363,1.822254,0.643467,-0.033440,1.829721,0.336229,-0.071408,1.910822,0.032318,0.027681,1.927905,0.823221,0.112194,2.022628,1.065857,0.098256,2.077349,0.890483,0.113232,2.092050,0.707322,0.013961,1.760569,1.039589,-0.006879,1.712534,0.862966,0.036743,1.684703,0.686282
0.030898,1.943854,0.771343,0.097322,2.030843,0.635322,0.248973,2.008474,0.370254,0.171729,2.042179,0.064570,-0.034442,1.838363,0.645271,-0.031415,1.836893,0.337892,-0.071368,1.910931,0.032345,0.028527,1.945018,0.825297,0.112855,2.040924,1.067527,0.101155,2.096060,0.892112,0.120076,2.110241,0.709280,0.015098,1.778574,1.042348,-0.008337,1.733329,0.865323,0.027598,1.707894,0.686525
0.032142,1.960890,0.772566,0.096156,2.049602,0.636161,0.246635,2.049778,0.369470,0.170747,2.092640,0.064647,-0.031110,1.854234,0.646403,-0.029047,1.843559,0.339154,-0.071421,1.910975,0.032327,0.029812,1.962118,0.826530,0.113888,2.059519,1.068247,0.104565,2.115350,0.892904,0.127659,2.128744,0.710502,0.016240,1.796987,1.044554,-0.009654,1.754462,0.867207,0.018797,1.731131,0.686736
0.033743,1.978053,0.772734,0.095057,2.068213,0.635755,0.243547,2.090281,0.368836,0.168577,2.141023,0.065033,-0.027610,1.870054,0.646773,-0.026317,1.849468,0.339980,-0.071519,1.911037,0.032271,0.031569,1.979403,0.826708,0.115257,2.078542,1.067849,0.108629,2.135100,0.892615,0.135669,2.147860,0.710719,0.017553,1.815876,1.045898,-0.010808,1.775899,0.868342,0.010696,1.754308,0.686663
0.035521,1.995279,0.772375,0.093974,2.086716,0.634743,0.239539,2.130228,0.368814,0.165334,2.188653,0.066232,-0.024008,1.885869,0.646760,-0.023203,1.855040,0.340781,-0.071256,1.911156,0.032411,0.033559,1.996782,0.826359,0.116782,2.097792,1.066881,0.113013,2.155078,0.891797,0.143880,2.167252,0.710480,0.018949,1.835023,1.046809,-0.011865,1.797508,0.869131,0.002977,1.777469,0.686581
0.037859,2.013052,0.770583,0.093576,2.105512,0.632282,0.235035,2.167533,0.367775,0.162234,2.233108,0.066273,-0.020131,1.902358,0.645386,-0.019338,1.859016,0.340908,-0.071317,1.911202,0.032462,0.036175,2.014711,0.824578,0.119141,2.117505,1.064430,0.118371,2.175454,0.889527,0.152305,2.187488,0.708749,0.020613,1.854851,1.046340,-0.012764,1.819464,0.868690,-0.003590,1.800281,0.685667
0.040389,2.031104,0.768385,0.093521,2.124599,0.629549,0.229820,2.203452,0.366783,0.158809,2.277307,0.066694,-0.016077,1.919328,0.643479,-0.014935,1.862749,0.341176,-0.070967,1.911316,0.032834,0.038965,2.032892,0.822390,0.121779,2.137397,1.061554,0.123921,2.195951,0.886865,0.160647,2.208007,0.706633,0.022362,1.874950,1.045449,-0.013572,1.841538,0.867914,-0.009730,1.823042,0.684625
0.043304,2.049715,0.765375,0.094189,2.144334,0.626239,0.224207,2.236954,0.364761,0.155689,2.320281,0.066447,-0.011706,1.937222,0.640512,-0.009898,1.865918,0.341363,-0.070635,1.911474,0.033451,0.042103,2.051571,0.819393,0.124998,2.157617,1.057850,0.129865,2.216695,0.883392,0.168832,2.229130,0.703655,0.024291,1.895552,1.043716,-0.014222,1.863811,0.866411,-0.015073,1.845642,0.683049
0.046498,2.069023,0.761830,0.095403,2.165090,0.622747,0.217365,2.267500,0.361068,0.152566,2.363760,0.065647,-0.006846,1.956192,0.636622,-0.004073,1.869352,0.341668,-0.069978,1.911684,0.034368,0.045437,2.070867,0.815865,0.128677,2.178363,1.053551,0.136002,2.237868,0.879325,0.176744,2.250749,0.700010,0.026460,1.916786,1.041438,-0.014516,1.886218,0.864473,-0.019318,1.867925,0.681183
0.049830,2.088679,0.758017,0.096876,2.186352,0.619189,0.209926,2.296552,0.356725,0.149751,2.406524,0.064996,-0.001741,1.975716,0.632289,0.002094,1.873154,0.342504,-0.069214,1.912269,0.036000,0.048873,2.090470,0.812070,0.132615,2.199364,1.048942,0.142252,2.259235,0.874956,0.184531,2.272596,0.696028,0.028784,1.938340,1.038881,-0.014605,1.908717,0.862323,-0.023019,1.890122,0.679192
0.054174,2.111142,0.753730,0.098643,2.213683,0.617278,0.194506,2.321333,0.347136,0.149812,2.443239,0.057353,0.006473,1.999930,0.625109,0.011455,1.879467,0.342461,-0.067904,1.911900,0.037170,0.053111,2.112176,0.807828,0.137002,2.221927,1.044253,0.148665,2.282273,0.870557,0.191975,2.296233,0.691919,0.031628,1.961480,1.035483,-0.013986,1.932335,0.859396,-0.024778,1.913055,0.676463
0.058617,2.133766,0.749783,0.100771,2.240488,0.615609,0.181553,2.344418,0.339205,0.151373,2.469458,0.048884,0.014453,2.024191,0.618690,0.020185,1.888521,0.343190,-0.066525,1.912275,0.039101,0.057462,2.134132,0.803904,0.141712,2.244526,1.039903,0.155214,2.305289,0.866490,0.199251,2.319839,0.688073,0.034846,1.984657,1.032271,-0.013035,1.955845,0.856719,-0.025936,1.935807,0.674005
0.063260,2.156712,0.746517,0.103797,2.266400,0.614144,0.174671,2.364392,0.332908,0.154992,2.485520,0.040089,0.021988,2.048327,0.613647,0.027851,1.901851,0.343916,-0.064744,1.912286,0.040791,0.062002,2.156598,0.800644,0.146808,2.267245,1.036326,0.161945,2.328297,0.863156,0.206253,2.343386,0.684847,0.038521,2.007948,1.029477,-0.011561,1.979112,0.854532,-0.025831,1.958043,0.672031
0.067525,2.179422,0.745101,0.107559,2.291162,0.614325,0.176557,2.379670,0.329499,0.156203,2.492597,0.033569,0.028017,2.072279,0.610754,0.031558,1.919341,0.344716,-0.063818,1.913102,0.042323,0.066218,2.178900,0.799228,0.152050,2.289400,1.034609,0.168394,2.350623,0.861617,0.212374,2.366264,0.683272,0.042314,2.030703,1.028324,-0.009800,2.001710,0.853986,-0.024795,1.979457,0.671679
0.071601,2.202014,0.744612,0.111695,2.315358,0.615334,0.182923,2.392620,0.327797,0.156489,2.496390,0.029175,0.033292,2.096134,0.608934,0.033352,1.938824,0.345529,-0.062795,1.914327,0.044299,0.070272,2.201119,0.798733,0.157372,2.311268,1.033815,0.174700,2.372601,0.860966,0.218059,2.388829,0.682522,0.046181,2.053185,1.027991,-0.007896,2.023976,0.854273,-0.023325,2.000406,0.672163
0.075018,2.224235,0.746235,0.116130,2.339696,0.619378,0.194615,2.403502,0.330435,0.156928,2.497890,0.030002,0.037490,2.120741,0.608473,0.032417,1.962828,0.345585,-0.061704,1.916240,0.046366,0.073653,2.222708,0.800339,0.161990,2.332536,1.035112,0.179940,2.393795,0.862308,0.221999,2.411209,0.683662,0.050020,2.074784,1.029659,-0.005467,2.045767,0.856337,-0.020447,2.021188,0.674324
0.078586,2.246064,0.747864,0.120819,2.363081,0.623009,0.204749,2.414236,0.333081,0.157597,2.499497,0.031342,0.041443,2.144602,0.608493,0.032452,1.986100,0.346195,-0.058998,1.920208,0.049851,0.077200,2.244001,0.801944,0.166182,2.353510,1.036626,0.184814,2.414794,0.863911,0.225645,2.433475,0.685107,0.053721,2.095974,1.031222,-0.002884,2.067380,0.858178,-0.017108,2.042058,0.676209
0.082459,2.267111,0.749503,0.126063,2.384607,0.625682,0.211610,2.424854,0.334509,0.158085,2.501241,0.031518,0.044915,2.166904,0.609402,0.034387,2.007808,0.347690,-0.054582,1.927501,0.054278,0.081064,2.264705,0.803566,0.169441,2.373911,1.038620,0.188949,2.435410,0.866091,0.228718,2.455467,0.687193,0.057032,2.116370,1.032599,-0.000041,2.088650,0.859554,-0.012763,2.063238,0.677495
0.085970,2.287995,0.751486,0.131756,2.404174,0.627288,0.217919,2.433995,0.335038,0.158385,2.501995,0.031237,0.046053,2.188165,0.611781,0.033391,2.032319,0.348303,-0.052463,1.945591,0.055675,0.084609,2.285570,0.805552,0.172398,2.393735,1.041306,0.192476,2.455984,0.869120,0.231626,2.477352,0.690235,0.059516,2.136435,1.033951,0.002999,2.109439,0.860606,-0.007359,2.084325,0.678370
0.089300,2.308797,0.753640,0.137618,2.422701,0.628362,0.223686,2.442310,0.335209,0.158128,2.502145,0.031002,0.046025,2.208982,0.614905,0.031094,2.058404,0.348554,-0.051338,1.969244,0.055471,0.088003,2.306512,0.807718,0.175236,2.413255,1.044324,0.195713,2.476525,0.872563,0.234432,2.499170,0.693740,0.061624,2.156329,1.035278,0.006158,2.129986,0.861494,-0.001418,2.105394,0.679070
0.091828,2.327622,0.756969,0.142680,2.438448,0.629908,0.226490,2.449636,0.335645,0.158275,2.502023,0.030672,0.046011,2.226790,0.619862,0.034019,2.079588,0.351576,-0.059073,2.006445,0.057234,0.090433,2.325845,0.811066,0.177700,2.431875,1.047971,0.195984,2.496700,0.876529,0.233900,2.520486,0.697684,0.062705,2.175578,1.038389,0.009421,2.148858,0.863994,0.004655,2.124853,0.681413
0.094342,2.345867,0.760389,0.147451,2.454072,0.631928,0.227845,2.457219,0.336501,0.158193,2.501966,0.030634,0.046734,2.244200,0.624550,0.038020,2.100169,0.354470,-0.068195,2.046820,0.060322,0.092731,2.344593,0.814495,0.179978,2.450497,1.051458,0.195594,2.516777,0.880295,0.232430,2.541573,0.701366,0.063812,2.194723,1.041910,0.012889,2.167485,0.866905,0.010966,2.144042,0.684209
0.096827,2.362954,0.763991,0.151771,2.469580,0.634850,0.226689,2.465419,0.337986,0.158267,2.501997,0.030707,0.048969,2.260684,0.628660,0.043453,2.120074,0.356696,-0.079379,2.096726,0.065173,0.094742,2.362174,0.818091,0.181833,2.469110,1.054649,0.193873,2.536606,0.883656,0.229120,2.562110,0.704521,0.064868,2.213658,1.046249,0.016715,2.185652,0.870599,0.017768,2.162712,0.687827
0.099069,2.379068,0.766741,0.155292,2.484705,0.637246,0.225025,2.473606,0.339286,0.158367,2.502154,0.030713,0.050753,2.276657,0.631612,0.047093,2.141025,0.357069,-0.089945,2.151728,0.071298,0.096703,2.378643,0.820833,0.183002,2.487460,1.056831,0.192015,2.555830,0.885992,0.225403,2.581952,0.706610,0.065818,2.232060,1.050090,0.020529,2.203353,0.873804,0.025329,2.180636,0.691047
0.101191,2.394697,0.769064,0.158414,2.499641,0.639374,0.223043,2.481819,0.340578,0.158345,2.502365,0.030894,0.052316,2.292377,0.633986,0.049894,2.162518,0.356599,-0.097978,2.209611,0.080201,0.098637,2.394555,0.823148,0.183832,2.505676,1.058488,0.190090,2.574726,0.887796,0.221480,2.601404,0.708160,0.066714,2.250207,1.053667,0.024344,2.220828,0.876775,0.033281,2.198214,0.694140
0.103045,2.409730,0.769939,0.161303,2.514020,0.640170,0.221700,2.489614,0.340935,0.158562,2.502687,0.030484,0.052275,2.308281,0.634814,0.051270,2.189997,0.352255,-0.103427,2.269394,0.087333,0.100611,2.409697,0.824028,0.184339,2.523449,1.058655,0.188421,2.593077,0.888138,0.217037,2.620611,0.708165,0.067524,2.267815,1.055902,0.028270,2.237768,0.878408,0.042154,2.215013,0.696098
0.104849,2.424729,0.770526,0.164142,2.528214,0.640578,0.220658,2.497256,0.341171,0.158602,2.503033,0.030250,0.052067,2.324111,0.635453,0.053395,2.220341,0.347227,-0.106408,2.328409,0.095922,0.102543,2.424828,0.824619,0.184781,2.541193,1.058514,0.186566,2.611305,0.888160,0.212225,2.639834,0.707890,0.068435,2.285338,1.057785,0.032286,2.254548,0.879764,0.050993,2.231676,0.697895
0.106552,2.439657,0.770534,0.166883,2.542049,0.640214,0.220425,2.504462,0.341000,0.158707,2.503285,0.029941,0.051515,2.339769,0.635708,0.056821,2.256421,0.340980,-0.107192,2.386602,0.103271,0.104395,2.439938,0.824631,0.185101,2.558877,1.057794,0.184350,2.629293,0.887560,0.206707,2.659100,0.707046,0.069541,2.302675,1.058999,0.036455,2.271013,0.880541,0.059734,2.248050,0.699206
0.107910,2.454063,0.770150,0.168663,2.554717,0.638760,0.222258,2.510426,0.340461,0.158839,2.503500,0.029822,0.050109,2.354235,0.636317,0.059664,2.296257,0.335666,-0.104459,2.444506,0.108844,0.106097,2.454664,0.824259,0.184899,2.576329,1.056695,0.181418,2.646427,0.886365,0.200105,2.677687,0.705665,0.070971,2.319420,1.059753,0.040534,2.286664,0.881027,0.067888,2.263749,0.700262
0.109096,2.468207,0.769571,0.169938,2.566794,0.636784,0.225087,2.515723,0.339845,0.158947,2.503633,0.029946,0.048281,2.368132,0.637153,0.061858,2.338473,0.332542,-0.099954,2.503512,0.115834,0.107728,2.469193,0.823688,0.184450,2.593606,1.055398,0.178122,2.663067,0.884888,0.192889,2.695828,0.704080,0.072587,2.335829,1.060246,0.044573,2.301916,0.881346,0.075708,2.279214,0.701178
0.110117,2.482227,0.768334,0.170880,2.579347,0.634567,0.227800,2.521255,0.339249,0.159029,2.503527,0.030196,0.046762,2.382171,0.636994,0.060598,2.380145,0.330920,-0.093984,2.558790,0.119718,0.109110,2.483498,0.822453,0.183314,2.610777,1.053457,0.173990,2.678732,0.882477,0.184696,2.712377,0.701535,0.074457,2.351761,1.059991,0.048610,2.316256,0.881082,0.083328,2.294032,0.701557
0.111074,2.496491,0.766927,0.171908,2.592376,0.632435,0.229949,2.527178,0.338813,0.159175,2.503457,0.030606,0.045265,2.396763,0.636487,0.057731,2.420779,0.331241,-0.087952,2.612427,0.125082,0.110373,2.497976,0.821046,0.182068,2.627919,1.051390,0.169792,2.694179,0.879929,0.176565,2.728265,0.698881,0.076303,2.367676,1.059456,0.052797,2.330508,0.880572,0.090788,2.308888,0.701678
0.111904,2.511241,0.765180,0.173130,2.606367,0.630439,0.231011,2.533881,0.338485,0.159496,2.503442,0.031010,0.043806,2.412435,0.635208,0.052124,2.458892,0.332353,-0.082384,2.661036,0.128516,0.111397,2.512805,0.819299,0.180601,2.645106,1.049091,0.165481,2.709325,0.877079,0.168719,2.743084,0.695878,0.078081,2.383616,1.058416,0.057283,2.344575,0.879608,0.098011,2.323602,0.701260
0.112389,2.526572,0.763389,0.174576,2.620695,0.628472,0.231315,2.541100,0.338127,0.160031,2.503658,0.031330,0.041716,2.429074,0.633855,0.045670,2.496656,0.334901,-0.077869,2.702911,0.128055,0.111995,2.528181,0.817507,0.179072,2.662172,1.046979,0.161074,2.724272,0.874466,0.161404,2.756565,0.692977,0.079434,2.399604,1.057055,0.061777,2.358565,0.878370,0.104856,2.338135,0.700504
0.112701,2.542195,0.761575,0.176123,2.635177,0.626519,0.231108,2.548602,0.337812,0.160418,2.504024,0.031785,0.039339,2.446232,0.632500,0.039356,2.534171,0.338881,-0.072261,2.741786,0.126480,0.112380,2.543830,0.815692,0.177513,2.679170,1.044962,0.156639,2.739080,0.872001,0.154420,2.769328,0.690178,0.080579,2.415615,1.055538,0.066288,2.372556,0.877041,0.111485,2.352581,0.699627
0.112805,2.559301,0.759229,0.178753,2.651219,0.624681,0.229482,2.557541,0.337361,0.161247,2.504508,0.032053,0.036763,2.466030,0.629864,0.034035,2.569349,0.341423,-0.066803,2.771081,0.117977,0.112322,2.560730,0.813350,0.176008,2.695968,1.043120,0.152109,2.753820,0.869851,0.148271,2.780737,0.687531,0.080733,2.431783,1.052836,0.070276,2.386756,0.874573,0.117316,2.366828,0.697618
0.113132,2.577587,0.756820,0.181511,2.668847,0.623030,0.226584,2.567998,0.337148,0.162067,2.505593,0.032717,0.035603,2.486634,0.626789,0.032003,2.598100,0.341471,-0.059726,2.795564,0.110341,0.112317,2.578760,0.810943,0.174761,2.713108,1.041605,0.148013,2.768896,0.868077,0.142923,2.792265,0.685298,0.080809,2.448401,1.049688,0.074291,2.401548,0.871721,0.123254,2.381495,0.695289
0.113903,2.598235,0.754287,0.184561,2.689725,0.621764,0.221509,2.581471,0.337392,0.163543,2.507670,0.034094,0.037157,2.508725,0.622774,0.034697,2.614329,0.335220,-0.056558,2.809350,0.101898,0.112425,2.599046,0.808403,0.174061,2.730926,1.040723,0.144746,2.784712,0.866980,0.139038,2.804151,0.683755,0.080785,2.465909,1.045614,0.078368,2.417454,0.867984,0.129462,2.397042,0.692189
0.112717,2.619589,0.751402,0.184765,2.710207,0.619209,0.222363,2.593226,0.338383,0.166068,2.511021,0.036877,0.036010,2.530305,0.619639,0.036345,2.628419,0.329404,-0.053701,2.822377,0.094925,0.111053,2.620152,0.805518,0.172946,2.748506,1.039734,0.141748,2.799989,0.865624,0.135802,2.815550,0.682029,0.080065,2.483307,1.040728,0.081100,2.433174,0.863557,0.134744,2.412029,0.688602
0.110552,2.641297,0.748340,0.183532,2.730500,0.616033,0.226072,2.604077,0.340040,0.169031,2.515081,0.040583,0.033502,2.551627,0.616955,0.037480,2.641312,0.323986,-0.050641,2.834962,0.088904,0.108942,2.641667,0.802460,0.171638,2.765926,1.038647,0.138904,2.814963,0.864115,0.132912,2.826673,0.680229,0.079002,2.500660,1.035379,0.083166,2.448831,0.858745,0.139574,2.426798,0.684764
0.106406,2.663114,0.746181,0.179187,2.750696,0.613210,0.234222,2.613792,0.344570,0.174434,2.520446,0.047001,0.030085,2.570934,0.616101,0.033839,2.656681,0.321910,-0.050618,2.844260,0.080970,0.104776,2.663627,0.800291,0.169458,2.783167,1.038310,0.136766,2.829522,0.863043,0.131119,2.838127,0.678969,0.077757,2.517660,1.030539,0.083484,2.464288,0.854402,0.143229,2.441288,0.681671
0.102168,2.684153,0.744414,0.174096,2.770525,0.610713,0.241430,2.624184,0.350055,0.181053,2.528064,0.053606,0.027440,2.588650,0.615837,0.029453,2.672934,0.321148,-0.050314,2.852816,0.073146,0.100409,2.684955,0.798499,0.166746,2.800425,1.038004,0.134674,2.843986,0.861914,0.129534,2.849712,0.677710,0.076767,2.534466,1.026229,0.083310,2.479688,0.850542,0.146276,2.455809,0.679090
0.097746,2.703638,0.743435,0.167526,2.789535,0.608730,0.247245,2.635404,0.356333,0.191034,2.539208,0.059365,0.026397,2.603239,0.616785,0.023301,2.690783,0.322962,-0.049942,2.859547,0.065462,0.095623,2.705014,0.797465,0.162928,2.817746,1.037933,0.132664,2.858338,0.860825,0.128409,2.861718,0.676541,0.076264,2.550823,1.023125,0.082122,2.494856,0.847772,0.148068,2.470189,0.677580
0.094747,2.722365,0.742498,0.161397,2.809555,0.606951,0.244357,2.652586,0.357428,0.197217,2.549778,0.061527,0.028373,2.617414,0.616960,0.019650,2.707249,0.323825,-0.049468,2.865086,0.058502,0.092007,2.724184,0.796462,0.158725,2.835905,1.037511,0.130856,2.873834,0.859434,0.128009,2.875169,0.675097,0.076753,2.567600,1.020766,0.080901,2.510826,0.845606,0.149127,2.485745,0.676411
0.092460,2.740714,0.741582,0.155380,2.829908,0.605214,0.236860,2.671795,0.355957,0.200984,2.558600,0.062863,0.031962,2.631553,0.616809,0.017272,2.722791,0.324209,-0.049020,2.869305,0.051881,0.088967,2.742884,0.795470,0.154313,2.854424,1.036934,0.129183,2.889938,0.857967,0.128059,2.889496,0.673608,0.077768,2.584595,1.018782,0.079700,2.527123,0.843790,0.149870,2.501653,0.675496
0.090572,2.757802,0.743258,0.151973,2.849093,0.607886,0.245601,2.690363,0.363353,0.203871,2.582654,0.068633,0.034748,2.646840,0.617920,0.016985,2.733732,0.324072,-0.049689,2.871205,0.047226,0.086587,2.759838,0.797118,0.150178,2.871758,1.038849,0.127693,2.906214,0.859333,0.129287,2.904351,0.675006,0.078575,2.600620,1.019874,0.078457,2.543020,0.844901,0.148719,2.517772,0.676656
0.088853,2.774832,0.745401,0.148771,2.867931,0.610890,0.255243,2.712149,0.369736,0.205749,2.611526,0.073400,0.036998,2.662479,0.619593,0.017067,2.743774,0.324199,-0.050047,2.872373,0.043263,0.084522,2.776697,0.799239,0.146371,2.888813,1.041312,0.126413,2.922723,0.861405,0.130449,2.920158,0.677167,0.079221,2.616593,1.021415,0.077278,2.559109,0.846404,0.146910,2.534050,0.677909
0.087471,2.791747,0.748476,0.146100,2.886111,0.614542,0.266578,2.739803,0.373993,0.204629,2.646874,0.077185,0.038084,2.678590,0.622339,0.017452,2.752159,0.324914,-0.050571,2.872776,0.040661,0.083085,2.793393,0.802314,0.143214,2.905352,1.044881,0.125490,2.939617,0.864816,0.131371,2.937640,0.680703,0.079499,2.632386,1.023849,0.076163,2.575647,0.848610,0.143689,2.550908,0.679238
0.086383,2.808089,0.751866,0.144079,2.903423,0.618430,0.276833,2.769736,0.376991,0.205460,2.689583,0.078338,0.038358,2.694672,0.625389,0.016932,2.761394,0.326371,-0.050721,2.873359,0.038452,0.082072,2.809512,0.805717,0.141023,2.921445,1.048576,0.125252,2.956499,0.868486,0.132136,2.956319,0.684374,0.080039,2.647907,1.026818,0.075183,2.592369,0.851228,0.139274,2.568122,0.680445
0.085443,2.824146,0.755414,0.142386,2.920303,0.622438,0.286158,2.801051,0.379767,0.206463,2.736667,0.079249,0.038220,2.710729,0.628590,0.015940,2.771035,0.328246,-0.050718,2.873935,0.036654,0.081271,2.825343,0.809283,0.139306,2.937312,1.052341,0.125346,2.973380,0.872303,0.132835,2.975640,0.688162,0.080700,2.663294,1.030052,0.074251,2.609179,0.854067,0.134211,2.585499,0.681683
0.084949,2.840108,0.758672,0.140917,2.936566,0.625499,0.292144,2.835035,0.379362,0.209890,2.788837,0.076137,0.037977,2.726420,0.631964,0.014617,2.780708,0.330535,-0.050906,2.874495,0.035505,0.080980,2.841262,0.812556,0.139226,2.953376,1.055495,0.126035,2.991059,0.875723,0.134283,2.995806,0.691609,0.081710,2.679122,1.033248,0.073685,2.626830,0.856781,0.128666,2.604139,0.682566
0.084662,2.856213,0.761730,0.139674,2.952854,0.628252,0.297231,2.870397,0.379003,0.212583,2.841578,0.074292,0.037947,2.742171,0.635205,0.013933,2.789580,0.332651,-0.051052,2.874775,0.034793,0.080880,2.857366,0.815626,0.139536,2.969588,1.058415,0.126873,3.009048,0.878977,0.135954,3.016130,0.694975,0.082722,2.695177,1.036269,0.073123,2.644698,0.859359,0.123090,2.623061,0.683466
0.084786,2.872607,0.764385,0.138886,2.969197,0.630386,0.301175,2.908012,0.378078,0.215363,2.894939,0.072659,0.038341,2.758041,0.638182,0.014467,2.796872,0.334387,-0.051223,2.874705,0.034569,0.081163,2.873835,0.818287,0.140623,2.986097,1.060862,0.128030,3.027639,0.881881,0.138139,3.036749,0.698026,0.083739,2.711682,1.038943,0.072597,2.663002,0.861628,0.117546,2.642576,0.684210
0.085443,2.889200,0.766465,0.138858,2.985831,0.632031,0.303530,2.946829,0.376883,0.217856,2.947416,0.071217,0.039268,2.774338,0.640369,0.016405,2.802824,0.335356,-0.051280,2.874707,0.034430,0.081927,2.890479,0.820373,0.142314,3.002740,1.062720,0.129890,3.046285,0.884197,0.140863,3.057174,0.700485,0.084663,2.728459,1.041119,0.071836,2.681448,0.863478,0.111992,2.662186,0.684761
0.086366,2.905894,0.768258,0.139207,3.002615,0.633438,0.304603,2.986326,0.376305,0.219654,2.999954,0.070828,0.040460,2.790847,0.642168,0.019039,2.808091,0.336219,-0.051277,2.874769,0.034650,0.082931,2.907210,0.822172,0.144307,3.019446,1.064282,0.132117,3.064948,0.886226,0.143897,3.077497,0.702668,0.085543,2.745372,1.043048,0.070966,2.699974,0.865132,0.106452,2.681828,0.685295
0.087656,2.922633,0.768849,0.140131,3.019572,0.633796,0.304248,3.024242,0.375375,0.222715,3.051753,0.069957,0.041817,2.807723,0.642539,0.022573,2.812360,0.336025,-0.051230,2.874851,0.034373,0.084324,2.923967,0.822776,0.147429,3.036315,1.064389,0.135348,3.083639,0.886797,0.147727,3.097539,0.703377,0.086387,2.762671,1.044049,0.069704,2.718650,0.865981,0.101066,2.701311,0.685286
0.089163,2.939394,0.769010,0.141138,3.036578,0.633700,0.302959,3.061623,0.375004,0.225200,3.103231,0.070235,0.043343,2.824610,0.642522,0.026293,2.816458,0.335982,-0.051196,2.874942,0.034435,0.085979,2.940755,0.822953,0.150808,3.053330,1.064005,0.138820,3.102422,0.886882,0.151829,3.117542,0.703605,0.087292,2.780171,1.044746,0.068492,2.737450,0.866579,0.095978,2.720785,0.685180
0.091103,2.956202,0.768313,0.142317,3.053677,0.632686,0.300594,3.097822,0.374351,0.227737,3.153281,0.070574,0.045205,2.841521,0.641714,0.030443,2.820249,0.335720,-0.051101,2.875028,0.034539,0.088161,2.957606,0.822278,0.154699,3.070660,1.062639,0.142740,3.121415,0.885978,0.156405,3.137481,0.702828,0.088317,2.798085,1.044837,0.067367,2.756483,0.866651,0.091458,2.740246,0.684725
0.093630,2.973131,0.766839,0.143792,3.070858,0.630739,0.297014,3.132700,0.372984,0.229509,3.200895,0.070576,0.047671,2.858387,0.640295,0.034769,2.824313,0.335414,-0.050989,2.875092,0.034694,0.090961,2.974629,0.820824,0.158984,3.088377,1.060444,0.147244,3.140680,0.884216,0.161695,3.157517,0.701194,0.089474,2.816477,1.044349,0.066412,2.775810,0.866210,0.087598,2.759643,0.683916
0.096450,2.990121,0.764977,0.145409,3.088081,0.628343,0.292741,3.166818,0.371757,0.230865,3.247726,0.071305,0.050439,2.875229,0.638578,0.039150,2.828564,0.335342,-0.050916,2.875242,0.035208,0.094074,2.991739,0.818979,0.163479,3.106294,1.057820,0.152072,3.160073,0.882009,0.167383,3.177579,0.699120,0.090726,2.835142,1.043574,0.065585,2.795332,0.865525,0.084109,2.779084,0.682951
0.100105,3.007805,0.762144,0.147836,3.106253,0.625189,0.289008,3.197803,0.369394,0.230932,3.290808,0.071650,0.054105,2.892959,0.635709,0.044123,2.833356,0.334750,-0.050613,2.875260,0.035331,0.098037,3.009488,0.816166,0.168548,3.125017,1.054215,0.157841,3.179963,0.878720,0.173739,3.198105,0.695946,0.092350,2.854717,1.041974,0.065201,2.815414,0.864104,0.081694,2.798500,0.681394
0.104017,3.025843,0.759164,0.150525,3.125035,0.622112,0.285623,3.227329,0.367121,0.230302,3.333375,0.073147,0.058293,2.911160,0.632509,0.049192,2.838684,0.334405,-0.050386,2.875365,0.035846,0.102212,3.027548,0.813205,0.173807,3.144079,1.050444,0.163911,3.200033,0.875219,0.180284,3.218811,0.692555,0.094250,2.874666,1.040228,0.065121,2.835764,0.862580,0.079652,2.818018,0.679783
0.108442,3.044592,0.755891,0.153747,3.145024,0.619161,0.283097,3.254112,0.364029,0.228752,3.374078,0.075132,0.063520,2.930313,0.628623,0.054621,2.844996,0.333975,-0.050050,2.875455,0.036416,0.106806,3.046231,0.809952,0.179427,3.163792,1.046371,0.170525,3.220475,0.871329,0.187132,3.239932,0.688757,0.096642,2.895286,1.038183,0.065564,2.856548,0.860824,0.078264,2.837606,0.678016
0.113848,3.065479,0.752293,0.157342,3.169005,0.616876,0.273801,3.281013,0.356855,0.225956,3.411530,0.071341,0.070741,2.952771,0.623060,0.061214,2.853031,0.333051,-0.049587,2.875311,0.036921,0.112178,3.066648,0.806381,0.185228,3.184745,1.042402,0.177542,3.241953,0.867474,0.194254,3.262340,0.685012,0.099561,2.917114,1.035421,0.066579,2.878449,0.858380,0.077651,2.858018,0.675634
0.119744,3.087436,0.748532,0.161054,3.194942,0.615090,0.260120,3.308166,0.348471,0.221206,3.444836,0.064470,0.078952,2.976950,0.616713,0.068293,2.862264,0.332384,-0.049113,2.875676,0.038192,0.117953,3.087928,0.802639,0.191243,3.206292,1.038453,0.184800,3.263937,0.863620,0.201488,3.285413,0.681278,0.102867,2.939527,1.032272,0.067915,2.900932,0.855584,0.077326,2.878902,0.672938
0.126039,3.110730,0.745332,0.166177,3.221003,0.613557,0.252489,3.329069,0.340434,0.223232,3.463828,0.054375,0.085939,3.002349,0.611612,0.071978,2.877038,0.332015,-0.047706,2.876112,0.038263,0.124288,3.110598,0.799448,0.197654,3.228433,1.035502,0.192597,3.286067,0.860622,0.209371,3.308434,0.678394,0.106963,2.962455,1.029097,0.069924,2.923506,0.852899,0.078024,2.899548,0.670432
0.132131,3.134218,0.742698,0.171504,3.246538,0.612284,0.247630,3.348093,0.333683,0.223678,3.476644,0.044337,0.092044,3.027655,0.607565,0.074201,2.893247,0.332510,-0.046297,2.876965,0.039377,0.130517,3.133549,0.796815,0.204262,3.250506,1.033186,0.200421,3.308006,0.858233,0.217266,3.331088,0.676100,0.111270,2.985339,1.026277,0.072141,2.945884,0.850631,0.078868,2.919977,0.668373
0.137818,3.158094,0.741195,0.177269,3.271059,0.611355,0.249438,3.363118,0.328443,0.223104,3.481744,0.035238,0.096389,3.052724,0.605569,0.073784,2.911909,0.334144,-0.044435,2.877894,0.041455,0.136520,3.157062,0.795315,0.211152,3.272432,1.032184,0.208273,3.329565,0.857091,0.225205,3.352980,0.675010,0.115848,3.008120,1.024184,0.074721,2.967810,0.849180,0.080131,2.939901,0.667171
0.142783,3.182428,0.741258,0.183423,3.296788,0.613117,0.257935,3.376403,0.327059,0.222938,3.484859,0.031002,0.101282,3.079029,0.604226,0.075757,2.929306,0.337949,-0.041639,2.879393,0.047139,0.141554,3.180775,0.795364,0.217833,3.293932,1.032770,0.215811,3.350781,0.857573,0.232692,3.374589,0.675541,0.120435,3.030432,1.023275,0.077617,2.989394,0.848838,0.081750,2.959813,0.667059
0.147388,3.206991,0.742103,0.189766,3.323077,0.616274,0.269679,3.388582,0.328104,0.222908,3.486687,0.030240,0.106455,3.105970,0.603254,0.078501,2.946370,0.343108,-0.039073,2.881860,0.055255,0.146102,3.204590,0.796178,0.224415,3.315195,1.034119,0.223167,3.371804,0.858838,0.239914,3.396052,0.676855,0.125043,3.052497,1.022930,0.080674,3.010803,0.849030,0.083530,2.979727,0.667475
0.150159,3.229831,0.744818,0.193093,3.345094,0.618682,0.279558,3.398755,0.329954,0.223686,3.488701,0.031168,0.108737,3.128332,0.606706,0.085510,2.959578,0.351909,-0.030698,2.896482,0.063208,0.149285,3.227320,0.798898,0.229239,3.336006,1.037172,0.228999,3.392589,0.861886,0.245545,3.417658,0.680003,0.129650,3.073450,1.024577,0.083863,3.031879,0.851005,0.085514,3.000201,0.669541
0.152784,3.252034,0.747707,0.196411,3.365994,0.620861,0.287720,3.408399,0.331751,0.224204,3.490188,0.032226,0.110262,3.149848,0.610638,0.090447,2.976443,0.358695,-0.024609,2.915682,0.069053,0.152268,3.249544,0.801792,0.233529,3.356566,1.040375,0.234104,3.413383,0.865171,0.250569,3.439348,0.683418,0.134040,3.094037,1.026465,0.087139,3.052692,0.853129,0.087888,3.020751,0.671706
0.155116,3.272964,0.750942,0.199709,3.384646,0.622543,0.292602,3.417142,0.332651,0.224281,3.490692,0.032105,0.110286,3.169707,0.615451,0.092006,3.000376,0.360684,-0.022968,2.943284,0.070267,0.154859,3.270756,0.805038,0.236781,3.376640,1.043902,0.237759,3.434219,0.868954,0.254307,3.461188,0.687372,0.138065,3.113880,1.028869,0.090635,3.072970,0.855571,0.091080,3.041458,0.674074
0.157219,3.292996,0.754592,0.202976,3.402529,0.624794,0.294905,3.425735,0.333698,0.224262,3.490761,0.031750,0.110076,3.188993,0.620403,0.092278,3.026173,0.361389,-0.024153,2.980120,0.069573,0.157070,3.291121,0.808697,0.239703,3.396496,1.047542,0.239729,3.455603,0.873098,0.256097,3.483544,0.691670,0.141449,3.133582,1.032141,0.094461,3.092679,0.858729,0.095107,3.062014,0.677091
0.159209,3.312577,0.758449,0.206212,3.420010,0.627338,0.295795,3.434287,0.334929,0.223954,3.490665,0.031533,0.109747,3.208020,0.625430,0.091882,3.053121,0.361579,-0.026577,3.022059,0.068579,0.159095,3.311063,0.812561,0.242469,3.416251,1.051232,0.240858,3.477258,0.877445,0.256935,3.506185,0.696175,0.144530,3.153217,1.035852,0.098456,3.112106,0.862258,0.099509,3.082476,0.680454
0.161114,3.330399,0.762091,0.209112,3.436485,0.630157,0.294714,3.443016,0.336276,0.224068,3.490997,0.031115,0.110655,3.225400,0.629643,0.093106,3.079663,0.360536,-0.030278,3.073210,0.068002,0.160778,3.329308,0.816212,0.244485,3.435794,1.054194,0.240241,3.498768,0.881148,0.255019,3.529072,0.700031,0.147068,3.172485,1.040269,0.102713,3.131044,0.866324,0.105111,3.102743,0.684323
0.162982,3.347670,0.765327,0.211867,3.452605,0.632724,0.293447,3.451634,0.337622,0.224057,3.491379,0.030948,0.111499,3.242415,0.633331,0.094318,3.107119,0.358727,-0.032934,3.126902,0.068537,0.162468,3.346970,0.819454,0.246243,3.455236,1.056616,0.239392,3.520055,0.884332,0.252490,3.552091,0.703419,0.149566,3.191566,1.044539,0.106947,3.149830,0.870246,0.111148,3.122808,0.688079
0.164776,3.363836,0.767750,0.214341,3.468034,0.634762,0.291984,3.459989,0.338699,0.224138,3.491846,0.030715,0.112225,3.258680,0.635959,0.095545,3.136204,0.355273,-0.034154,3.184994,0.069794,0.164169,3.363463,0.821883,0.247452,3.474466,1.057964,0.238047,3.540899,0.886415,0.248640,3.575276,0.705793,0.151953,3.210263,1.048509,0.111149,3.168317,0.873843,0.118182,3.142543,0.691567
0.166726,3.379538,0.769316,0.216967,3.483034,0.636020,0.290857,3.468079,0.339254,0.224288,3.492411,0.030274,0.112170,3.275000,0.637756,0.096622,3.167364,0.350904,-0.033547,3.244897,0.072282,0.166296,3.379362,0.823455,0.248715,3.493293,1.058464,0.236496,3.561353,0.887731,0.243845,3.598342,0.707455,0.154222,3.228652,1.051749,0.115396,3.186604,0.876663,0.126353,3.161960,0.694409
0.168755,3.395006,0.770453,0.219660,3.497812,0.636883,0.289777,3.476079,0.339606,0.224231,3.493075,0.029892,0.111736,3.291375,0.639153,0.097764,3.199799,0.346619,-0.031434,3.305562,0.077223,0.168636,3.394962,0.824596,0.249983,3.511897,1.058531,0.234816,3.581585,0.888692,0.238534,3.621305,0.708862,0.156436,3.246874,1.054591,0.119693,3.204785,0.879070,0.135131,3.181249,0.696980
0.171260,3.410208,0.770621,0.223544,3.512716,0.637368,0.289240,3.483914,0.339657,0.224620,3.493353,0.029399,0.111378,3.308533,0.639018,0.099973,3.236393,0.340980,-0.027887,3.365368,0.081435,0.171434,3.410057,0.824766,0.250839,3.529983,1.057894,0.232442,3.600824,0.888850,0.231858,3.643413,0.709597,0.158443,3.264545,1.056356,0.124043,3.222282,0.880407,0.144795,3.200139,0.698683
0.173656,3.425271,0.770576,0.227286,3.527314,0.637537,0.289198,3.491469,0.339754,0.224804,3.493714,0.029286,0.110812,3.325536,0.638823,0.102819,3.275657,0.336175,-0.023189,3.424171,0.086507,0.174150,3.425025,0.824718,0.251402,3.547890,1.057088,0.229868,3.619530,0.888749,0.224840,3.664874,0.710203,0.160309,3.282013,1.057811,0.128376,3.239465,0.881472,0.154417,3.218906,0.700261
0.175837,3.440058,0.770106,0.230744,3.541327,0.637083,0.290456,3.498264,0.339782,0.225220,3.493964,0.029488,0.109794,3.342168,0.638486,0.106553,3.319872,0.332552,-0.016690,3.481929,0.090032,0.176713,3.439743,0.824241,0.251458,3.565455,1.055961,0.226954,3.637222,0.888078,0.217210,3.685132,0.710365,0.161930,3.299076,1.058698,0.132656,3.256018,0.882030,0.163901,3.237369,0.701466
0.177801,3.454296,0.769293,0.233658,3.554630,0.636065,0.292246,3.504637,0.339601,0.225499,3.494070,0.029760,0.108620,3.357961,0.638080,0.108506,3.367916,0.331596,-0.010846,3.536212,0.091252,0.179042,3.454006,0.823419,0.250823,3.582815,1.054428,0.223571,3.653919,0.886683,0.209180,3.703688,0.709774,0.163494,3.315751,1.059257,0.137077,3.271878,0.882350,0.173065,3.255202,0.702509
0.179657,3.468259,0.768309,0.236289,3.567576,0.634767,0.294248,3.510781,0.339380,0.225614,3.494084,0.030205,0.107382,3.373354,0.637687,0.109937,3.417595,0.334386,-0.001363,3.590381,0.093175,0.181254,3.468041,0.822423,0.249811,3.600020,1.052675,0.219928,3.670052,0.884924,0.200890,3.721264,0.708856,0.165013,3.332204,1.059616,0.141558,3.287404,0.882536,0.181966,3.272851,0.703485
0.181615,3.482495,0.766859,0.239679,3.582363,0.634359,0.293585,3.518795,0.339556,0.226221,3.494374,0.030556,0.107334,3.390332,0.635422,0.103391,3.464856,0.338261,0.001230,3.634891,0.090924,0.183075,3.482100,0.820966,0.248088,3.617327,1.050416,0.215685,3.685638,0.882419,0.192949,3.736680,0.706740,0.166250,3.348668,1.059481,0.146419,3.302519,0.882316,0.190586,3.289733,0.704029
0.183553,3.497133,0.765116,0.243368,3.597940,0.634092,0.291511,3.527652,0.339782,0.226690,3.494697,0.030958,0.107450,3.408287,0.632576,0.095419,3.510039,0.343954,0.006444,3.677095,0.089403,0.184748,3.496450,0.819210,0.246241,3.634646,1.047920,0.211323,3.701162,0.879703,0.185348,3.751416,0.704254,0.167133,3.365258,1.058910,0.151120,3.317730,0.881735,0.198959,3.306555,0.704288
0.185449,3.512572,0.762789,0.247653,3.615088,0.634130,0.286727,3.538234,0.340071,0.227107,3.495093,0.031359,0.107884,3.428175,0.628482,0.083662,3.551903,0.349473,0.010944,3.712968,0.085876,0.186131,3.511380,0.816854,0.244266,3.652063,1.044991,0.206796,3.716696,0.876588,0.178529,3.765072,0.700968,0.167388,3.382114,1.057517,0.155538,3.333086,0.880434,0.207037,3.323028,0.703923
0.186874,3.529523,0.759857,0.251715,3.633350,0.633522,0.281180,3.549889,0.340092,0.228163,3.496098,0.031754,0.107997,3.449552,0.623786,0.080277,3.585207,0.350749,0.018802,3.747017,0.084652,0.187192,3.527694,0.813875,0.242488,3.669693,1.041973,0.202523,3.732639,0.873506,0.172796,3.778385,0.697421,0.166853,3.399433,1.054953,0.159243,3.348997,0.878040,0.214754,3.339663,0.702692
0.188061,3.547230,0.756623,0.255676,3.652108,0.632601,0.274971,3.562366,0.340123,0.228927,3.497794,0.032664,0.108000,3.471714,0.618782,0.081123,3.614359,0.349233,0.027193,3.779216,0.083299,0.188079,3.544705,0.810578,0.240749,3.687454,1.038903,0.198361,3.748792,0.870439,0.167631,3.791502,0.693761,0.165865,3.416999,1.051796,0.162569,3.365195,0.875152,0.222281,3.356392,0.701148
0.188480,3.568044,0.754649,0.257598,3.671820,0.630648,0.273533,3.574660,0.340330,0.231328,3.501154,0.034291,0.106998,3.493827,0.616909,0.081881,3.635497,0.346668,0.029541,3.799903,0.080065,0.188532,3.565242,0.808607,0.239859,3.705750,1.038661,0.195950,3.764855,0.869795,0.164820,3.804026,0.692364,0.164040,3.435436,1.048496,0.164543,3.382552,0.872142,0.229167,3.373635,0.699902
0.188278,3.589410,0.752913,0.258795,3.691424,0.628432,0.274667,3.585966,0.340998,0.233504,3.504276,0.036891,0.105663,3.515510,0.615610,0.083592,3.653169,0.343029,0.030666,3.815711,0.075396,0.188361,3.586469,0.806892,0.239197,3.723793,1.038986,0.194114,3.780355,0.869566,0.162683,3.815873,0.691417,0.161906,3.453790,1.045013,0.165563,3.399717,0.869055,0.235192,3.390515,0.698793
0.186835,3.611881,0.751654,0.258544,3.710838,0.625749,0.281297,3.595048,0.342752,0.236040,3.506723,0.041103,0.103625,3.536305,0.615485,0.087153,3.663736,0.337575,0.029137,3.821422,0.068175,0.186942,3.609076,0.805682,0.238945,3.741309,1.040437,0.193341,3.794714,0.870140,0.161785,3.826404,0.691289,0.159139,3.471967,1.041149,0.164685,3.416503,0.865669,0.239564,3.406634,0.697701
0.183754,3.634549,0.749656,0.256378,3.730864,0.622691,0.289082,3.604053,0.345386,0.239132,3.508496,0.046741,0.100810,3.556781,0.614414,0.092565,3.674659,0.331957,0.028791,3.829588,0.062466,0.183825,3.631862,0.803718,0.238281,3.758350,1.041017,0.192679,3.808933,0.869866,0.161460,3.836949,0.690343,0.155784,3.489850,1.036262,0.162364,3.432957,0.861268,0.242119,3.422039,0.695647
0.179854,3.657315,0.747287,0.253255,3.751213,0.619503,0.297422,3.613254,0.349112,0.242380,3.509752,0.054122,0.097620,3.577093,0.612922,0.098990,3.685743,0.326677,0.029171,3.838966,0.058046,0.179851,3.654740,0.801369,0.237284,3.775106,1.041075,0.191939,3.823017,0.869096,0.161262,3.847404,0.688952,0.152050,3.507604,1.030772,0.159266,3.449265,0.856271,0.243728,3.436994,0.693123
0.175062,3.679595,0.745378,0.247097,3.772749,0.616684,0.302368,3.625928,0.353132,0.248829,3.514873,0.060892,0.095857,3.594667,0.612060,0.098456,3.697541,0.323710,0.028380,3.844567,0.051943,0.174743,3.677396,0.799476,0.234691,3.792287,1.041140,0.191409,3.837956,0.868035,0.162744,3.859359,0.687183,0.149039,3.525136,1.025780,0.155569,3.465825,0.851566,0.243303,3.452196,0.690302
0.170301,3.701406,0.743672,0.240753,3.793976,0.614029,0.305722,3.639987,0.356982,0.257043,3.523784,0.066336,0.094552,3.611632,0.611509,0.097670,3.709016,0.321276,0.027831,3.849486,0.046239,0.169588,3.699640,0.797768,0.231474,3.809564,1.041152,0.190578,3.853307,0.866982,0.164444,3.871936,0.685445,0.146275,3.542561,1.021029,0.151712,3.482494,0.847022,0.242110,3.467398,0.687407
0.165604,3.722281,0.742373,0.234009,3.814559,0.611623,0.306043,3.655670,0.359734,0.269204,3.538033,0.068615,0.094064,3.627308,0.611504,0.096067,3.719608,0.319614,0.027265,3.852708,0.040859,0.164368,3.721052,0.796446,0.227281,3.827085,1.041203,0.189367,3.869583,0.866062,0.166791,3.885908,0.683834,0.144154,3.559745,1.016970,0.147554,3.499310,0.843019,0.239303,3.482666,0.684369
0.162130,3.742777,0.740579,0.228328,3.834062,0.607996,0.307917,3.672734,0.359964,0.276480,3.548712,0.071376,0.094535,3.642395,0.611674,0.095188,3.729476,0.318184,0.026953,3.855534,0.036184,0.160355,3.742274,0.794604,0.223350,3.845289,1.040560,0.188561,3.887395,0.864683,0.169952,3.902064,0.681879,0.142838,3.577477,1.012741,0.143751,3.517153,0.838704,0.235439,3.499143,0.680174
0.159267,3.763083,0.738537,0.223216,3.852935,0.603774,0.310367,3.690572,0.358869,0.281100,3.557556,0.074461,0.095558,3.657276,0.612029,0.094801,3.738999,0.317003,0.026955,3.858083,0.032024,0.156932,3.763391,0.792480,0.219510,3.863841,1.039549,0.187911,3.906009,0.863091,0.173480,3.919390,0.679827,0.141996,3.595492,1.008403,0.140227,3.535470,0.834251,0.231131,3.516200,0.675410
0.155611,3.780542,0.741350,0.217131,3.872433,0.606762,0.309103,3.715587,0.360107,0.290195,3.585451,0.073248,0.096248,3.672606,0.614453,0.099960,3.744508,0.316895,0.026271,3.858385,0.031336,0.153060,3.780687,0.795271,0.215739,3.879527,1.042917,0.187939,3.922572,0.866036,0.177906,3.935737,0.682467,0.140734,3.610698,1.009693,0.136550,3.551979,0.835131,0.224272,3.532649,0.674514
0.152506,3.797554,0.744456,0.212032,3.891162,0.610136,0.311688,3.741582,0.361993,0.297811,3.616865,0.071995,0.097306,3.687788,0.617211,0.104758,3.750382,0.317613,0.026559,3.858869,0.031214,0.149676,3.797578,0.798352,0.212133,3.895197,1.046502,0.188185,3.939226,0.869306,0.182452,3.952290,0.685544,0.139592,3.625902,1.011521,0.133201,3.568756,0.836497,0.216734,3.549555,0.673652
0.150503,3.813675,0.748148,0.208985,3.908463,0.614284,0.321962,3.769923,0.365406,0.302206,3.654580,0.071145,0.098997,3.702478,0.620585,0.107698,3.756427,0.319330,0.026452,3.858465,0.031389,0.147263,3.813662,0.802014,0.208800,3.910821,1.050551,0.188817,3.955996,0.873158,0.187222,3.969154,0.689310,0.138617,3.641037,1.014457,0.130446,3.586078,0.838807,0.207807,3.567376,0.672905
0.149012,3.828813,0.752141,0.206423,3.925176,0.618940,0.331172,3.800865,0.368190,0.306673,3.698284,0.069096,0.101258,3.716659,0.623954,0.109387,3.763232,0.321439,0.026430,3.858506,0.031617,0.145303,3.828741,0.805983,0.205856,3.926415,1.054542,0.189883,3.972493,0.876981,0.192176,3.985899,0.693147,0.138180,3.655995,1.018362,0.128046,3.603702,0.842002,0.197917,3.585846,0.672701
0.147777,3.843459,0.756284,0.204072,3.941577,0.623848,0.339245,3.833414,0.371057,0.310007,3.745547,0.067433,0.103812,3.730631,0.627336,0.110593,3.770347,0.323794,0.026711,3.858543,0.031933,0.143571,3.843310,0.810103,0.203102,3.941974,1.058505,0.191166,3.988864,0.880847,0.197240,4.002644,0.697116,0.137990,3.670862,1.022750,0.125750,3.621461,0.845694,0.187359,3.604564,0.673084
0.147119,3.857579,0.759677,0.201752,3.957272,0.627554,0.344546,3.869137,0.371196,0.311809,3.794891,0.064195,0.106294,3.744125,0.630250,0.110994,3.777684,0.325908,0.026550,3.858728,0.032059,0.142602,3.857412,0.813485,0.200821,3.957839,1.061485,0.192997,4.005595,0.883833,0.203204,4.019765,0.700308,0.138384,3.685939,1.026935,0.123960,3.639785,0.849174,0.177215,3.624685,0.673574
0.146810,3.871880,0.762701,0.199796,3.973132,0.630916,0.348451,3.905744,0.371602,0.311867,3.844394,0.062173,0.108956,3.757999,0.632748,0.112104,3.784848,0.327705,0.026626,3.858722,0.032204,0.142013,3.871660,0.816499,0.198807,3.973726,1.064159,0.194948,4.022578,0.886678,0.209517,4.036996,0.703462,0.138759,3.701146,1.030724,0.122117,3.658247,0.852349,0.167283,3.645057,0.674293
0.147201,3.886544,0.764987,0.198611,3.989368,0.633601,0.351040,3.943443,0.371777,0.311162,3.894224,0.060638,0.111958,3.772552,0.634396,0.114329,3.791763,0.328755,0.026608,3.858684,0.032226,0.142187,3.886207,0.818779,0.197359,3.989687,1.066222,0.197164,4.040025,0.889114,0.216529,4.054313,0.706330,0.139143,3.716597,1.033719,0.120310,3.677013,0.854805,0.158110,3.666127,0.674857
0.148124,3.901331,0.766443,0.198287,4.005254,0.635246,0.352506,3.980549,0.371612,0.309740,3.945165,0.059040,0.114762,3.787259,0.635424,0.116817,3.798496,0.329376,0.026597,3.858699,0.032136,0.142965,3.900924,0.820231,0.196560,4.005559,1.067537,0.199581,4.057569,0.890936,0.223924,4.071327,0.708707,0.139426,3.732150,1.035821,0.118360,3.695739,0.856492,0.149576,3.687208,0.675143
0.149313,3.916179,0.767483,0.198394,4.020966,0.636373,0.352959,4.017361,0.371821,0.307065,3.996770,0.058431,0.117467,3.802041,0.636142,0.119451,3.805146,0.329897,0.026631,3.858784,0.032186,0.144044,3.915725,0.821268,0.196087,4.021386,1.068473,0.202093,4.075157,0.892473,0.231532,4.088204,0.710944,0.139659,3.747751,1.037473,0.116344,3.714449,0.857828,0.141388,3.708257,0.675419
0.151242,3.931219,0.767290,0.199477,4.036542,0.636118,0.352415,4.051827,0.371091,0.304612,4.049300,0.057328,0.120266,3.817046,0.635766,0.123256,3.811130,0.329573,0.026657,3.858681,0.032039,0.145971,3.930756,0.821081,0.196754,4.037266,1.068185,0.204879,4.092746,0.892793,0.239114,4.104909,0.712049,0.139918,3.763637,1.037918,0.114484,3.733229,0.858056,0.134413,3.729135,0.674952
0.153460,3.946327,0.766644,0.200847,4.052027,0.635286,0.350983,4.085343,0.370367,0.301240,4.101544,0.057317,0.123192,3.832032,0.635059,0.127259,3.817029,0.329192,0.026705,3.858677,0.032096,0.148214,3.945898,0.820443,0.197794,4.053298,1.067405,0.207763,4.110313,0.892592,0.246532,4.121679,0.712719,0.140186,3.779745,1.037971,0.112801,3.752119,0.857955,0.127956,3.749947,0.674356
0.156258,3.961568,0.765091,0.202799,4.067338,0.633294,0.348666,4.116969,0.368610,0.297866,4.153073,0.057393,0.126374,3.846970,0.633686,0.131586,3.822730,0.328434,0.026625,3.858754,0.032150,0.151087,3.961262,0.818902,0.199580,4.069646,1.065648,0.210857,4.127848,0.891295,0.253575,4.138536,0.712283,0.140473,3.796308,1.037248,0.111473,3.771221,0.857122,0.122509,3.770689,0.673210
0.159563,3.977024,0.762760,0.205177,4.082665,0.630314,0.345146,4.146905,0.365651,0.294527,4.203604,0.057487,0.129872,3.861976,0.631710,0.136117,3.828398,0.327371,0.026636,3.858719,0.032104,0.154497,3.976910,0.816584,0.202124,4.086419,1.062999,0.214326,4.145342,0.888939,0.260295,4.155509,0.710713,0.141030,3.813394,1.035869,0.110786,3.790396,0.855673,0.118399,3.790751,0.671575
0.163122,3.992586,0.760039,0.207760,4.098001,0.626853,0.341101,4.175922,0.362492,0.291583,4.253129,0.058632,0.133529,3.877017,0.629437,0.140717,3.834073,0.326307,0.026654,3.858711,0.032266,0.158176,3.992701,0.813876,0.205051,4.103421,1.059892,0.217991,4.162830,0.886037,0.266871,4.172585,0.708576,0.141731,3.830775,1.034153,0.110460,3.809644,0.853908,0.115006,3.810560,0.669697
0.167095,4.009101,0.756637,0.210379,4.114889,0.623042,0.335183,4.203577,0.357937,0.288878,4.300318,0.059177,0.137729,3.893448,0.626079,0.145943,3.840207,0.324624,0.026819,3.858535,0.032147,0.162322,4.009322,0.810497,0.208986,4.121221,1.056018,0.222411,4.180516,0.882150,0.273102,4.189766,0.705177,0.142910,3.849097,1.031792,0.110777,3.828790,0.851594,0.113849,3.828640,0.667355
0.171147,4.026051,0.753183,0.213038,4.132634,0.619538,0.329448,4.230782,0.353952,0.286218,4.345173,0.060983,0.142196,3.910659,0.622330,0.151366,3.846720,0.323000,0.027009,3.858476,0.032379,0.166534,4.026275,0.807069,0.213095,4.139366,1.052061,0.227105,4.198338,0.878121,0.279207,4.207145,0.701541,0.144298,3.867791,1.029369,0.111222,3.847942,0.849279,0.113289,3.846490,0.665042
0.175354,4.043868,0.749627,0.215787,4.152085,0.616629,0.323934,4.257235,0.350200,0.282875,4.386737,0.063212,0.147195,3.929436,0.617801,0.157220,3.853963,0.321208,0.027272,3.858522,0.032838,0.170877,4.043889,0.803541,0.217555,4.158162,1.047961,0.232335,4.216403,0.873833,0.285018,4.224843,0.697410,0.146095,3.887157,1.026831,0.111846,3.867030,0.846975,0.113882,3.863655,0.662784
0.180027,4.063764,0.745953,0.218612,4.175663,0.615166,0.313627,4.283834,0.344935,0.277722,4.419795,0.060223,0.153552,3.952028,0.611542,0.163788,3.863144,0.318714,0.027726,3.858405,0.033160,0.175545,4.063060,0.799886,0.222356,4.177981,1.043977,0.238182,4.235464,0.869689,0.290737,4.243740,0.693214,0.148540,3.907541,1.023782,0.113479,3.886804,0.844137,0.115522,3.881517,0.659993
0.184932,4.084700,0.742221,0.221415,4.201218,0.614609,0.300032,4.310579,0.339609,0.269751,4.447263,0.054573,0.160577,3.976623,0.604520,0.170447,3.873631,0.316356,0.027907,3.858992,0.034290,0.180393,4.083005,0.796144,0.227455,4.198293,1.040014,0.244368,4.255013,0.865582,0.296371,4.263271,0.688933,0.151454,3.928415,1.020454,0.115660,3.906915,0.841032,0.117622,3.899730,0.656942
0.189489,4.105823,0.738968,0.224817,4.223376,0.611901,0.296515,4.329352,0.333671,0.267216,4.464008,0.047615,0.164860,3.998602,0.600677,0.171742,3.886753,0.315758,0.029109,3.860434,0.034403,0.185214,4.103896,0.792907,0.232979,4.219019,1.036718,0.251047,4.274659,0.862062,0.301646,4.282821,0.684990,0.155045,3.949681,1.017311,0.118923,3.926369,0.838178,0.120836,3.917030,0.654168
0.193913,4.127363,0.736219,0.228360,4.245757,0.609651,0.294797,4.346342,0.328117,0.265219,4.476096,0.039933,0.168671,4.020964,0.597425,0.171580,3.900857,0.315830,0.030262,3.862035,0.035043,0.189941,4.125202,0.790173,0.238619,4.239858,1.034025,0.257681,4.294483,0.859162,0.306817,4.302834,0.681680,0.158860,3.971061,1.014497,0.122483,3.945698,0.835693,0.124475,3.934080,0.651802
0.198072,4.149737,0.734478,0.232190,4.268591,0.608276,0.296784,4.359738,0.323150,0.264512,4.479876,0.031291,0.171545,4.044092,0.595351,0.168628,3.916777,0.316947,0.031551,3.863638,0.036138,0.194477,4.147337,0.788448,0.244459,4.260901,1.032548,0.264239,4.314665,0.857505,0.311753,4.323667,0.679614,0.163071,3.992639,1.012328,0.126634,3.964752,0.833913,0.129010,3.950650,0.650195
0.201534,4.173247,0.734157,0.236270,4.293070,0.609162,0.304718,4.371652,0.321234,0.264275,4.482320,0.026843,0.173891,4.069182,0.594069,0.164753,3.934280,0.319404,0.033331,3.865426,0.039019,0.198234,4.170348,0.788123,0.250086,4.281908,1.032758,0.270225,4.335381,0.857667,0.316431,4.345824,0.679513,0.167459,4.014137,1.011019,0.130947,3.983736,0.833028,0.134041,3.967162,0.649529
0.204649,4.197325,0.734548,0.240478,4.318344,0.611214,0.315481,4.382603,0.321395,0.264079,4.483726,0.025468,0.175975,4.095268,0.593204,0.160320,3.952733,0.322724,0.035282,3.867598,0.043666,0.201600,4.193796,0.788491,0.255597,4.302884,1.033780,0.275910,4.356352,0.858706,0.320944,4.368614,0.680372,0.171928,4.035594,1.010108,0.135347,4.002687,0.832574,0.139340,3.983646,0.649337
0.206868,4.222262,0.736446,0.244562,4.344945,0.615487,0.323573,4.395317,0.324012,0.265346,4.486141,0.026061,0.178330,4.122745,0.593416,0.163000,3.968576,0.329378,0.038430,3.873179,0.053342,0.203812,4.217885,0.790328,0.260436,4.323427,1.036577,0.280425,4.378007,0.861803,0.324519,4.392998,0.683444,0.176130,4.056608,1.009956,0.139402,4.022058,0.832755,0.144955,4.001107,0.649765
0.209050,4.246677,0.738611,0.249299,4.369956,0.619215,0.330541,4.407308,0.326415,0.266092,4.488329,0.026966,0.179943,4.148977,0.594660,0.166222,3.984790,0.336641,0.040354,3.886055,0.062335,0.205958,4.241672,0.792436,0.265117,4.343552,1.039632,0.284447,4.399620,0.865248,0.327657,4.417116,0.686902,0.179852,4.077353,1.009973,0.143199,4.041351,0.833036,0.150810,4.018716,0.650320
0.211159,4.270049,0.741309,0.255295,4.391813,0.621770,0.335762,4.418158,0.327575,0.266652,4.490221,0.026919,0.180029,4.172699,0.597910,0.171596,4.000619,0.344855,0.043376,3.912117,0.068172,0.207983,4.264855,0.795110,0.269519,4.362848,1.043294,0.287523,4.421165,0.869499,0.330014,4.440761,0.691197,0.182657,4.097539,1.010424,0.146465,4.060459,0.833607,0.157076,4.036631,0.651195
0.212889,4.292117,0.744081,0.261009,4.411467,0.623674,0.339927,4.427258,0.328306,0.266851,4.490671,0.026672,0.178275,4.194865,0.601627,0.170978,4.021593,0.349344,0.042420,3.946254,0.068987,0.209682,4.286978,0.797882,0.273671,4.381533,1.046774,0.289732,4.442519,0.873700,0.331074,4.463946,0.695343,0.184235,4.117400,1.011385,0.149291,4.079093,0.834580,0.163880,4.054479,0.652559
0.214432,4.313533,0.746891,0.266500,4.429924,0.625257,0.343269,4.435428,0.328941,0.266381,4.490380,0.026624,0.175614,4.216381,0.605564,0.168009,4.045181,0.351863,0.040745,3.984069,0.067554,0.211227,4.308569,0.800701,0.277679,4.399878,1.050154,0.291527,4.463776,0.877937,0.331544,4.486951,0.699502,0.185197,4.137093,1.012596,0.151855,4.097460,0.835779,0.170865,4.072273,0.654262
0.215897,4.332888,0.750270,0.269832,4.447555,0.627785,0.342948,4.444246,0.330504,0.266608,4.490197,0.026496,0.175011,4.235605,0.609516,0.166790,4.069571,0.352384,0.034462,4.032650,0.066383,0.212571,4.328203,0.804094,0.280603,4.418474,1.053496,0.291720,4.485058,0.882101,0.329129,4.510588,0.703443,0.186185,4.156412,1.015680,0.154902,4.115497,0.838791,0.178436,4.090529,0.657798
0.217290,4.351490,0.753373,0.272693,4.464668,0.630125,0.342057,4.453066,0.332144,0.266516,4.490173,0.026670,0.174769,4.254035,0.613068,0.165598,4.094086,0.352068,0.029024,4.084962,0.066054,0.213807,4.347126,0.807212,0.282877,4.437250,1.056382,0.291435,4.506194,0.885777,0.325854,4.534427,0.706946,0.187277,4.175560,1.018959,0.158053,4.133471,0.842004,0.186041,4.108928,0.661608
0.218537,4.368586,0.755927,0.274661,4.480798,0.632076,0.340465,4.461773,0.333663,0.266622,4.490289,0.026780,0.175242,4.270807,0.615834,0.164119,4.118755,0.350100,0.023601,4.143795,0.067286,0.214820,4.364625,0.809781,0.283885,4.456411,1.058349,0.290144,4.527017,0.888332,0.320733,4.558557,0.709367,0.188576,4.194378,1.022627,0.161452,4.151385,0.845563,0.193839,4.127647,0.665807
0.219690,4.384715,0.757722,0.276571,4.495948,0.633318,0.339021,4.470060,0.334692,0.266843,4.490610,0.026715,0.174680,4.287085,0.617849,0.161838,4.146202,0.345958,0.019990,4.206010,0.069440,0.215963,4.381090,0.811602,0.284489,4.475385,1.059388,0.288147,4.547533,0.889946,0.314673,4.582635,0.710991,0.189694,4.212856,1.026041,0.164792,4.169334,0.848785,0.201824,4.146543,0.669797
0.220794,4.400359,0.759139,0.278442,4.510602,0.634205,0.337566,4.478172,0.335530,0.266958,4.491074,0.026719,0.173603,4.303139,0.619516,0.159038,4.175360,0.341151,0.018113,4.269869,0.074397,0.217171,4.397038,0.813049,0.284890,4.494256,1.059940,0.285783,4.567868,0.891093,0.308083,4.606619,0.712302,0.190731,4.231174,1.029307,0.168119,4.187311,0.851832,0.209911,4.165552,0.673748
0.221970,4.415526,0.759698,0.280727,4.524830,0.634479,0.336324,4.486077,0.335865,0.267340,4.491614,0.026416,0.171809,4.319438,0.620200,0.158562,4.212393,0.333121,0.017415,4.332157,0.076992,0.218615,4.412369,0.813640,0.285277,4.512730,1.059587,0.282442,4.587913,0.891449,0.300492,4.630064,0.712929,0.191649,4.249148,1.031837,0.171253,4.205365,0.854077,0.218142,4.184924,0.677111
0.223174,4.430613,0.759995,0.282903,4.539037,0.634498,0.335171,4.493886,0.336165,0.267505,4.492056,0.026335,0.170303,4.335590,0.620661,0.159259,4.252336,0.325707,0.017323,4.392919,0.080935,0.220060,4.427626,0.813964,0.285454,4.531163,1.058971,0.278820,4.607733,0.891559,0.292546,4.653134,0.713437,0.192637,4.267026,1.034043,0.174326,4.223356,0.856030,0.226266,4.204368,0.680328
0.224433,4.445543,0.759768,0.284878,4.553223,0.634014,0.334431,4.501418,0.336285,0.267694,4.492207,0.026344,0.169344,4.351369,0.620627,0.162162,4.297300,0.318901,0.018008,4.450757,0.083260,0.221507,4.442739,0.813760,0.285220,4.549539,1.057856,0.274648,4.627141,0.891113,0.283971,4.675534,0.713485,0.193740,4.284709,1.035649,0.177221,4.241222,0.857417,0.234146,4.223896,0.683120
0.225461,4.460018,0.758982,0.286388,4.566469,0.632508,0.335551,4.507683,0.336003,0.267920,4.492188,0.026487,0.167897,4.366198,0.620536,0.164243,4.345454,0.314731,0.019668,4.505962,0.083890,0.222809,4.457512,0.813004,0.284219,4.567836,1.056175,0.269841,4.645793,0.889874,0.274713,4.696503,0.712708,0.194798,4.302106,1.036707,0.179905,4.258606,0.858337,0.241184,4.242997,0.685390
0.226373,4.474267,0.757917,0.287653,4.579239,0.630503,0.337555,4.513298,0.335623,0.268100,4.492088,0.026841,0.166209,4.380567,0.620462,0.165772,4.395282,0.314378,0.024370,4.561695,0.085500,0.224041,4.472115,0.811969,0.282822,4.586043,1.054186,0.264682,4.663985,0.888239,0.265009,4.716597,0.711557,0.195835,4.319340,1.037451,0.182474,4.275755,0.858983,0.247744,4.261966,0.687380
0.226923,4.488507,0.756156,0.288838,4.592179,0.628131,0.339485,4.519083,0.335055,0.268438,4.492051,0.027076,0.163684,4.395648,0.619525,0.160267,4.441010,0.316550,0.025551,4.610973,0.085938,0.224919,4.486587,0.810230,0.280738,4.604040,1.051524,0.259022,4.681255,0.885660,0.255301,4.734475,0.709197,0.196655,4.336278,1.037357,0.185321,4.292197,0.858877,0.253262,4.280154,0.688211
0.227379,4.503145,0.754340,0.290244,4.605644,0.625968,0.340672,4.525445,0.334698,0.268783,4.492075,0.027508,0.161067,4.411567,0.618373,0.153859,4.483880,0.320813,0.027448,4.657719,0.088132,0.225641,4.501371,0.808428,0.278657,4.621956,1.048874,0.253341,4.698309,0.883117,0.245809,4.751603,0.706796,0.197280,4.353269,1.036989,0.188212,4.308654,0.858519,0.258406,4.298262,0.688678
0.227647,4.518575,0.752412,0.292113,4.620154,0.624209,0.340457,4.532989,0.334559,0.269262,4.492246,0.028047,0.158260,4.429139,0.616678,0.145321,4.521413,0.324958,0.026371,4.696634,0.089196,0.226051,4.516784,0.806504,0.276626,4.639836,1.046295,0.247698,4.715113,0.880634,0.236951,4.767541,0.704219,0.197516,4.370420,1.036164,0.191207,4.325127,0.857754,0.262926,4.316010,0.688478
0.227637,4.535380,0.750162,0.294465,4.636047,0.622529,0.338889,4.541960,0.334375,0.270106,4.492737,0.028487,0.155170,4.448874,0.614282,0.137688,4.555684,0.327858,0.027064,4.731812,0.088503,0.226058,4.533401,0.804245,0.274761,4.657686,1.043864,0.242127,4.731768,0.878350,0.228790,4.782455,0.701602,0.197058,4.387858,1.034375,0.193940,4.341842,0.856076,0.266540,4.333475,0.687130
0.227489,4.552872,0.747750,0.297044,4.652574,0.620885,0.336389,4.551759,0.334216,0.270633,4.493594,0.029163,0.152007,4.469749,0.611559,0.130910,4.588465,0.330145,0.029480,4.765394,0.087112,0.225856,4.550621,0.801818,0.272945,4.675541,1.041509,0.236596,4.748343,0.876198,0.221043,4.796852,0.699021,0.196213,4.405455,1.032115,0.196521,4.358686,0.853994,0.269713,4.350701,0.685274
0.227355,4.573954,0.746102,0.298410,4.672798,0.619433,0.331315,4.565012,0.334453,0.272297,4.495243,0.030368,0.150744,4.492155,0.609654,0.133399,4.605887,0.325921,0.031833,4.785100,0.084673,0.225715,4.571408,0.800159,0.271919,4.694277,1.041129,0.232765,4.765436,0.875746,0.215678,4.811387,0.698027,0.195482,4.424223,1.029111,0.199137,4.376999,0.851156,0.272560,4.368842,0.682530
0.226185,4.595651,0.744458,0.298336,4.693102,0.617483,0.328589,4.577493,0.335243,0.273928,4.497131,0.032919,0.148282,4.514426,0.608299,0.135355,4.621899,0.321879,0.035117,4.802834,0.081496,0.224704,4.592876,0.798511,0.270774,4.712787,1.041017,0.229273,4.782121,0.875434,0.210834,4.825520,0.697210,0.194489,4.442868,1.025650,0.201195,4.395208,0.847906,0.274871,4.386597,0.679398
0.222945,4.618581,0.742819,0.295367,4.713605,0.614586,0.330875,4.588028,0.337205,0.276136,4.498750,0.037405,0.143396,4.536419,0.608058,0.136368,4.635134,0.318261,0.040031,4.816251,0.076775,0.221961,4.615702,0.796877,0.269455,4.730818,1.041403,0.226482,4.798023,0.875323,0.206980,4.838921,0.696624,0.192975,4.461267,1.021227,0.202124,4.413217,0.843700,0.276059,4.403757,0.675334
0.218079,4.642233,0.741455,0.290154,4.735135,0.611971,0.334654,4.599342,0.340735,0.279944,4.501491,0.043684,0.138194,4.557800,0.608235,0.134774,4.648677,0.315784,0.042207,4.826424,0.070693,0.217386,4.639385,0.795504,0.267820,4.748536,1.042100,0.224220,4.813442,0.875274,0.204138,4.852044,0.696133,0.191440,4.479415,1.016363,0.201786,4.430973,0.839006,0.276037,4.420650,0.670823
0.212400,4.666245,0.740227,0.283837,4.757191,0.609559,0.339291,4.611480,0.345563,0.284806,4.505326,0.051514,0.132867,4.578893,0.608644,0.132032,4.662484,0.313972,0.043076,4.834932,0.064153,0.211890,4.663501,0.794251,0.266011,4.766112,1.042782,0.222208,4.828608,0.875094,0.201778,4.864979,0.695529,0.189906,4.497528,1.011123,0.200869,4.448696,0.833906,0.275496,4.437522,0.665942
0.206322,4.687436,0.739314,0.275054,4.777737,0.606981,0.339487,4.626479,0.348381,0.293219,4.517080,0.054451,0.130439,4.594176,0.609670,0.127619,4.675781,0.314391,0.042713,4.839704,0.057671,0.205508,4.685368,0.793314,0.263097,4.783670,1.042699,0.220044,4.843365,0.873802,0.200369,4.877360,0.693696,0.189740,4.514782,1.007135,0.198036,4.465086,0.830001,0.272835,4.453593,0.662144
0.200980,4.708254,0.738211,0.266436,4.798807,0.604354,0.336046,4.644181,0.349209,0.300002,4.528274,0.056833,0.129932,4.609178,0.610186,0.124539,4.688495,0.314240,0.042298,4.843862,0.051565,0.199674,4.706823,0.792165,0.259726,4.801845,1.042150,0.217653,4.858957,0.872119,0.199411,4.890378,0.691407,0.190154,4.532391,1.003227,0.195324,4.481744,0.826230,0.270109,4.470150,0.658389
0.197111,4.728330,0.736729,0.257981,4.820898,0.601548,0.324069,4.665737,0.345778,0.301302,4.536923,0.058163,0.133116,4.623571,0.609562,0.124124,4.699898,0.312805,0.041885,4.846942,0.045570,0.194975,4.727438,0.790621,0.255548,4.821081,1.040929,0.214859,4.876142,0.869894,0.199384,4.904712,0.688471,0.191692,4.550523,0.999757,0.192653,4.498725,0.823007,0.266904,4.487450,0.654931
0.193329,4.746779,0.737167,0.251904,4.841212,0.602404,0.329962,4.687061,0.349449,0.305294,4.561074,0.060527,0.134997,4.638995,0.609824,0.123565,4.710377,0.311830,0.041147,4.848980,0.040328,0.190588,4.745942,0.791013,0.251393,4.838816,1.041493,0.212524,4.892572,0.869631,0.200985,4.918009,0.687480,0.192906,4.567285,0.998638,0.189802,4.514278,0.822263,0.262165,4.503282,0.653392
0.189590,4.764414,0.738567,0.246987,4.860756,0.605153,0.344592,4.709704,0.357224,0.310394,4.595302,0.063897,0.136185,4.654949,0.610498,0.123222,4.720416,0.311131,0.040849,4.850505,0.035571,0.186374,4.763393,0.792379,0.247307,4.855831,1.042940,0.210463,4.908688,0.870366,0.203410,4.930853,0.687597,0.193980,4.583440,0.998720,0.186905,4.529090,0.822862,0.256685,4.518275,0.652952
0.186601,4.781541,0.740591,0.242699,4.879225,0.607944,0.357847,4.740116,0.360505,0.310818,4.638102,0.063969,0.135865,4.671263,0.612094,0.123038,4.728845,0.311057,0.040116,4.851413,0.032291,0.183371,4.780273,0.794394,0.244179,4.872236,1.045128,0.209379,4.925428,0.872239,0.207535,4.944865,0.689067,0.194622,4.599324,0.999673,0.185044,4.544957,0.823938,0.249724,4.533748,0.652066
0.184023,4.798477,0.742940,0.238849,4.897297,0.610919,0.369976,4.772276,0.363897,0.310741,4.683411,0.065029,0.135658,4.687465,0.614115,0.123877,4.736159,0.311429,0.039863,4.851960,0.030129,0.180831,4.796999,0.796736,0.241638,4.888542,1.047600,0.208695,4.942378,0.874551,0.211922,4.959482,0.691194,0.195223,4.615247,1.001090,0.183394,4.561215,0.825387,0.242519,4.549279,0.651567
0.182266,4.815031,0.745938,0.235922,4.914590,0.614236,0.380419,4.806834,0.366584,0.311103,4.736842,0.064722,0.135652,4.703354,0.616989,0.126323,4.741199,0.312639,0.039734,4.851886,0.030012,0.179211,4.813420,0.799733,0.240236,4.904627,1.050652,0.208782,4.959646,0.877697,0.216909,4.975250,0.694371,0.195695,4.631134,1.003441,0.182075,4.578278,0.827509,0.234729,4.565143,0.651649
0.181689,4.831416,0.748997,0.234381,4.932413,0.618032,0.387505,4.843686,0.368064,0.310817,4.792318,0.064207,0.136994,4.719872,0.619219,0.129808,4.746051,0.313566,0.039673,4.851748,0.030094,0.178618,4.829554,0.802798,0.239489,4.920916,1.053689,0.209590,4.977019,0.880804,0.221509,4.992159,0.697659,0.196047,4.647255,1.006403,0.180673,4.596142,0.830099,0.226792,4.581873,0.652432
0.181703,4.847716,0.752088,0.233519,4.950490,0.622076,0.392478,4.881796,0.369491,0.309351,4.848874,0.064791,0.139004,4.736726,0.621143,0.133922,4.750832,0.314637,0.039943,4.851702,0.030615,0.178541,4.845542,0.805894,0.239075,4.937300,1.056715,0.210763,4.994436,0.883898,0.225921,5.009635,0.701012,0.196341,4.663482,1.009670,0.179219,4.614405,0.832946,0.218707,4.599097,0.653707
0.182811,4.863722,0.754402,0.233859,4.968456,0.625371,0.394729,4.920970,0.369165,0.308279,4.905015,0.064072,0.142123,4.753594,0.622085,0.137805,4.756473,0.315254,0.039986,4.851744,0.030549,0.179422,4.861279,0.808215,0.239286,4.954280,1.058734,0.212751,5.012302,0.885926,0.229899,5.028680,0.703324,0.196704,4.680228,1.012920,0.177713,4.633271,0.835814,0.211463,4.617979,0.655379
0.184327,4.879623,0.756382,0.234602,4.985988,0.628090,0.395924,4.959869,0.369137,0.306594,4.961305,0.064520,0.145282,4.770228,0.622961,0.141430,4.762431,0.316211,0.040231,4.851886,0.030742,0.180763,4.876992,0.810202,0.239968,4.971330,1.060375,0.215129,5.030328,0.887641,0.234079,5.047989,0.705338,0.196999,4.697100,1.016004,0.176131,4.652141,0.838594,0.204674,4.637173,0.657219
0.186660,4.895313,0.757694,0.236189,5.002676,0.629625,0.396042,4.997871,0.368524,0.305538,5.017901,0.064975,0.148516,4.786340,0.623666,0.144287,4.768948,0.317327,0.040261,4.851979,0.030850,0.183020,4.892660,0.811529,0.241574,4.988547,1.061266,0.218274,5.048687,0.888706,0.238664,5.067820,0.706699,0.197167,4.714251,1.018766,0.174442,4.671040,0.841157,0.198930,4.656979,0.659114
0.189756,4.911224,0.758397,0.238581,5.019183,0.630208,0.394772,5.035453,0.367376,0.305046,5.073520,0.065380,0.151736,4.802605,0.624046,0.146940,4.775740,0.318427,0.040365,4.852021,0.030916,0.186169,4.908616,0.812255,0.244022,5.005974,1.061589,0.222164,5.067351,0.889272,0.243703,5.087845,0.707541,0.197196,4.731788,1.021028,0.172546,4.690022,0.843338,0.194139,4.677043,0.660845
0.193233,4.927246,0.758796,0.241371,5.035608,0.630332,0.392605,5.072797,0.366743,0.304545,5.129061,0.067153,0.154950,4.818944,0.624266,0.149393,4.782695,0.319663,0.040333,4.852081,0.031239,0.189767,4.924716,0.812679,0.246912,5.023535,1.061606,0.226456,5.086175,0.889567,0.249013,5.107956,0.708107,0.197190,4.749576,1.023030,0.170601,4.709126,0.845323,0.189894,4.697345,0.662489
0.197627,4.943735,0.758077,0.245004,5.052537,0.629358,0.389744,5.108876,0.365525,0.305526,5.181454,0.068346,0.158449,4.836019,0.623345,0.152531,4.789509,0.320193,0.040540,4.852089,0.031242,0.194459,4.941235,0.811994,0.251086,5.041401,1.060507,0.231945,5.105155,0.888725,0.254778,5.128134,0.707443,0.197251,4.767945,1.023986,0.168643,4.728356,0.846403,0.186922,4.717385,0.663422
0.202235,4.960443,0.756923,0.248792,5.069706,0.627965,0.386510,5.144167,0.364868,0.306529,5.232784,0.070877,0.162183,4.853295,0.622017,0.155777,4.796366,0.320705,0.040612,4.852128,0.031515,0.199376,4.957977,0.810872,0.255663,5.059524,1.058911,0.237766,5.124276,0.887366,0.260699,5.148420,0.706243,0.197534,4.786682,1.024496,0.166951,4.747863,0.847076,0.184336,4.737442,0.663984
0.207274,4.977590,0.754901,0.252898,5.087340,0.625701,0.382861,5.177967,0.363733,0.308031,5.281319,0.073191,0.166385,4.870967,0.619863,0.159446,4.803263,0.320849,0.040757,4.852120,0.031747,0.204741,4.975167,0.808879,0.260997,5.078093,1.056367,0.244193,5.143661,0.885020,0.266855,5.168942,0.704011,0.198183,4.806032,1.024135,0.165678,4.767759,0.846939,0.182378,4.757323,0.663794
0.212484,4.995278,0.752133,0.257215,5.105612,0.622822,0.379247,5.208699,0.361659,0.309906,5.327634,0.075683,0.171083,4.889155,0.616900,0.163515,4.810364,0.320679,0.040982,4.852027,0.031965,0.210207,4.992901,0.806136,0.266833,5.097184,1.052981,0.251046,5.163371,0.881772,0.273280,5.189609,0.700838,0.199241,4.826024,1.022981,0.164863,4.788042,0.846074,0.181096,4.776975,0.662930
0.217779,5.013237,0.748992,0.261634,5.124206,0.619656,0.375766,5.237907,0.359336,0.312397,5.372025,0.078666,0.176030,4.907600,0.613538,0.167662,4.817662,0.320580,0.041061,4.852089,0.032579,0.215727,5.010904,0.803016,0.272965,5.116546,1.049152,0.258150,5.183238,0.878051,0.279875,5.210349,0.697173,0.200568,4.846396,1.021425,0.164325,4.808598,0.844847,0.180167,4.796571,0.661734
0.223468,5.033105,0.745389,0.266120,5.145390,0.616467,0.369297,5.264290,0.353899,0.313570,5.414028,0.079495,0.182242,4.928188,0.609262,0.172049,4.826920,0.320132,0.041303,4.851648,0.032851,0.221450,5.030702,0.799421,0.279393,5.137289,1.044990,0.265919,5.204132,0.873840,0.287028,5.231839,0.692972,0.202666,4.868167,1.019033,0.164843,4.830134,0.842831,0.180204,4.816314,0.659818
0.229377,5.054019,0.741970,0.270725,5.168021,0.613858,0.362583,5.289759,0.348363,0.315513,5.448516,0.077401,0.188716,4.950201,0.604884,0.176247,4.837980,0.319967,0.041912,4.851817,0.033454,0.227420,5.051397,0.796002,0.286012,5.158493,1.041198,0.274045,5.225369,0.869953,0.294494,5.253738,0.689106,0.205211,4.890454,1.016478,0.165864,4.852184,0.840654,0.180560,4.836355,0.657764
0.235729,5.077025,0.738918,0.275580,5.193526,0.612364,0.354501,5.313556,0.341938,0.315493,5.471831,0.069429,0.195713,4.975075,0.600307,0.180229,4.852453,0.319912,0.043534,4.852818,0.033986,0.233878,5.073886,0.792933,0.292921,5.180629,1.038173,0.282800,5.247319,0.866743,0.302497,5.276470,0.685932,0.208542,4.913682,1.013622,0.167807,4.875107,0.838170,0.181509,4.856858,0.655444
0.242156,5.101148,0.736605,0.280861,5.219518,0.611307,0.348745,5.334499,0.335733,0.316376,5.485217,0.058153,0.201821,5.000911,0.596892,0.181860,4.869544,0.320815,0.045271,4.853984,0.035031,0.240555,5.097479,0.790598,0.300052,5.202860,1.036309,0.291792,5.269116,0.864617,0.310772,5.299236,0.683883,0.212489,4.937033,1.010791,0.170370,4.898045,0.835743,0.182947,4.877062,0.653238
0.248620,5.125829,0.734662,0.286367,5.245757,0.610472,0.343870,5.354059,0.329886,0.317037,5.493889,0.046149,0.207486,5.027228,0.594066,0.182254,4.888043,0.322323,0.047022,4.855351,0.037131,0.247338,5.121623,0.788625,0.307274,5.225152,1.035007,0.300874,5.290820,0.863016,0.319179,5.322008,0.682388,0.216720,4.960480,1.007978,0.173198,4.921020,0.833363,0.184504,4.897154,0.651134
0.254696,5.151072,0.734328,0.293391,5.271621,0.611079,0.349314,5.367548,0.325757,0.314395,5.495269,0.037425,0.212125,5.054091,0.593097,0.181485,4.907566,0.325848,0.049323,4.856801,0.041685,0.253644,5.146311,0.788249,0.314406,5.246583,1.035764,0.309453,5.311723,0.863526,0.327023,5.344260,0.683068,0.220965,4.983224,1.005866,0.176290,4.943421,0.831602,0.186463,4.916790,0.649685
0.260285,5.176375,0.734517,0.300560,5.297922,0.612817,0.355529,5.380954,0.323321,0.312661,5.496567,0.031200,0.216888,5.081536,0.592219,0.182950,4.926212,0.330443,0.052941,4.860428,0.048292,0.259318,5.170911,0.788373,0.321351,5.267585,1.036992,0.317812,5.332366,0.864586,0.334543,5.366664,0.684383,0.225023,5.005625,1.004073,0.179384,4.965601,0.830093,0.188581,4.936592,0.648487
0.264901,5.201795,0.735751,0.308019,5.325058,0.616851,0.363285,5.394396,0.323837,0.312825,5.498807,0.028867,0.221898,5.110118,0.591584,0.188243,4.943011,0.337189,0.057918,4.868422,0.057365,0.263729,5.195341,0.789496,0.327933,5.287718,1.039182,0.325756,5.352524,0.866764,0.341428,5.389404,0.686996,0.228743,5.027264,1.002904,0.182572,4.987252,0.829049,0.191310,4.956600,0.647693
0.267942,5.224947,0.738168,0.313986,5.347521,0.619784,0.372780,5.404548,0.324807,0.313567,5.501000,0.028869,0.223471,5.134448,0.593991,0.191541,4.962451,0.342681,0.062171,4.887485,0.062518,0.266813,5.218120,0.791867,0.333482,5.306994,1.042168,0.332447,5.372269,0.869917,0.346905,5.412262,0.690727,0.231718,5.047868,1.003510,0.185674,5.008267,0.829520,0.194129,4.976978,0.648267
0.270195,5.246965,0.741177,0.319149,5.367607,0.622154,0.382894,5.412737,0.326142,0.314262,5.502691,0.030287,0.223310,5.156686,0.597914,0.194372,4.982705,0.347627,0.067092,4.910917,0.065702,0.269239,5.240068,0.794867,0.338504,5.325810,1.045547,0.338518,5.391771,0.873555,0.351735,5.435151,0.695069,0.234300,5.067937,1.004992,0.188721,5.028946,0.830739,0.196999,4.997530,0.649509
0.272331,5.266810,0.745188,0.323772,5.385189,0.624966,0.387075,5.420700,0.327541,0.314507,5.502816,0.030374,0.223253,5.176249,0.602705,0.195028,5.009907,0.347181,0.068129,4.950620,0.062234,0.271140,5.260270,0.798913,0.342744,5.344305,1.049516,0.342273,5.412340,0.878331,0.353876,5.459261,0.700628,0.236388,5.087389,1.008435,0.192216,5.049652,0.833552,0.200956,5.019667,0.652102
0.274324,5.286196,0.749194,0.327803,5.402540,0.627880,0.389687,5.428792,0.329189,0.314398,5.502847,0.030587,0.223438,5.195320,0.607394,0.196200,5.037209,0.346568,0.068456,4.993844,0.059210,0.272897,5.280035,0.802954,0.346388,5.362960,1.053383,0.345338,5.433183,0.883087,0.355296,5.483643,0.706253,0.238310,5.106780,1.012179,0.195725,5.070273,0.836652,0.205634,5.042063,0.654975
0.276031,5.304663,0.753192,0.330719,5.419518,0.630972,0.389607,5.437273,0.331044,0.314341,5.502742,0.030403,0.224107,5.213320,0.611877,0.198142,5.064456,0.345493,0.067030,5.043766,0.057255,0.274354,5.298919,0.806988,0.348882,5.381961,1.057079,0.347025,5.454596,0.887807,0.355224,5.508586,0.711927,0.239896,5.126057,1.016549,0.199224,5.090765,0.840335,0.211670,5.065076,0.658430
0.277290,5.321973,0.756650,0.332950,5.435703,0.633798,0.388811,5.445600,0.332924,0.314376,5.502774,0.030335,0.224341,5.230472,0.615627,0.199095,5.091309,0.343890,0.065349,5.099698,0.056446,0.275441,5.316590,0.810478,0.350336,5.400954,1.060026,0.347582,5.476002,0.891827,0.354027,5.533422,0.716960,0.241452,5.144779,1.020972,0.202444,5.110462,0.844205,0.218868,5.087616,0.662243
0.278325,5.338704,0.759838,0.334839,5.451491,0.636492,0.387610,5.453867,0.334901,0.314357,5.502849,0.030528,0.224357,5.247204,0.619025,0.199617,5.117933,0.342261,0.065568,5.158759,0.058033,0.276343,5.333656,0.813696,0.351277,5.419946,1.062584,0.347566,5.497388,0.895497,0.352244,5.558171,0.721710,0.242994,5.163238,1.025418,0.205510,5.129778,0.848173,0.226546,5.110102,0.666331
0.279159,5.354110,0.761512,0.337294,5.466203,0.638290,0.387095,5.461538,0.336207,0.314743,5.503092,0.030458,0.223196,5.263946,0.620440,0.196921,5.146693,0.338310,0.067114,5.222938,0.059759,0.277132,5.349206,0.815388,0.351737,5.438324,1.063400,0.346237,5.518505,0.897658,0.348871,5.582542,0.724989,0.244166,5.180955,1.028894,0.208093,5.148043,0.851266,0.235217,5.131445,0.669942
0.279986,5.369303,0.762708,0.339768,5.480712,0.639665,0.386818,5.469062,0.337314,0.314918,5.503361,0.030512,0.222007,5.280597,0.621379,0.194875,5.176977,0.333844,0.071381,5.285390,0.063502,0.277924,5.364524,0.816599,0.352007,5.456540,1.063738,0.344426,5.539480,0.899437,0.344879,5.606680,0.727937,0.245267,5.198495,1.031883,0.210577,5.166114,0.853892,0.243836,5.152549,0.673355
0.280797,5.384074,0.762947,0.342287,5.494831,0.640190,0.387234,5.476203,0.337850,0.315112,5.503600,0.030376,0.220746,5.297027,0.621331,0.193714,5.210624,0.328027,0.075266,5.345674,0.067833,0.278724,5.379374,0.816847,0.351899,5.474429,1.063149,0.341646,5.560198,0.900442,0.339653,5.630430,0.730141,0.246231,5.215649,1.033912,0.212872,5.183776,0.855581,0.252518,5.172836,0.676173
0.281586,5.398592,0.762700,0.344613,5.508525,0.640030,0.388618,5.482804,0.338054,0.315329,5.503793,0.030332,0.219857,5.312724,0.620996,0.195007,5.247610,0.322039,0.078187,5.400701,0.071471,0.279448,5.394044,0.816611,0.351120,5.492126,1.062220,0.337853,5.580233,0.900973,0.333241,5.652950,0.731742,0.247154,5.232428,1.035281,0.215244,5.200927,0.856622,0.260934,5.192350,0.678551
0.282364,5.412985,0.762209,0.346838,5.522003,0.639531,0.390425,5.489129,0.338173,0.315452,5.503982,0.030486,0.219155,5.328059,0.620528,0.197464,5.286615,0.317181,0.080614,5.453526,0.075805,0.280135,5.408625,0.816132,0.349993,5.509721,1.061104,0.333521,5.599873,0.901275,0.326179,5.674766,0.733068,0.248042,5.249033,1.036313,0.217635,5.217840,0.857340,0.269155,5.211525,0.680803
0.283143,5.427288,0.761249,0.349162,5.535034,0.638336,0.393363,5.494901,0.337932,0.315968,5.504257,0.030624,0.218559,5.342946,0.619801,0.199759,5.328216,0.313923,0.080946,5.499803,0.076773,0.280725,5.423187,0.815184,0.348033,5.526847,1.059867,0.328157,5.617996,0.900984,0.317947,5.693970,0.733408,0.248226,5.265224,1.036476,0.220230,5.233852,0.857146,0.276677,5.229337,0.682104
0.283806,5.441722,0.760165,0.351479,5.548166,0.637086,0.395984,5.500779,0.337766,0.316306,5.504462,0.030915,0.217696,5.358175,0.618948,0.200933,5.370188,0.312965,0.081709,5.544435,0.077848,0.281197,5.437843,0.814108,0.345910,5.543801,1.058583,0.322562,5.635552,0.900510,0.309473,5.712096,0.733388,0.248142,5.281333,1.036345,0.222917,5.249575,0.856677,0.283793,5.246746,0.683125
0.284234,5.456417,0.758834,0.353789,5.561509,0.635711,0.398091,5.506862,0.337573,0.316482,5.504446,0.031202,0.216298,5.374078,0.617813,0.200068,5.412404,0.314126,0.082692,5.585389,0.076895,0.281431,5.452685,0.812776,0.343467,5.560429,1.057246,0.316550,5.652075,0.899674,0.300612,5.728233,0.732614,0.247530,5.297255,1.035641,0.225809,5.264692,0.855667,0.290225,5.263202,0.683405
0.284081,5.471469,0.757500,0.355512,5.574942,0.634197,0.399861,5.513011,0.337456,0.316754,5.504435,0.031576,0.213389,5.390833,0.616923,0.196308,5.452878,0.317381,0.083838,5.622724,0.075236,0.281312,5.467770,0.811446,0.340950,5.576642,1.056095,0.310521,5.667529,0.898719,0.291853,5.742408,0.731352,0.246303,5.313014,1.034607,0.228543,5.279260,0.854426,0.295988,5.278584,0.683330
0.283639,5.486697,0.756164,0.356912,5.588390,0.632610,0.401280,5.519119,0.337454,0.316744,5.504301,0.032177,0.209765,5.408066,0.616196,0.191970,5.492116,0.322237,0.089013,5.659223,0.073722,0.281016,5.482973,0.810116,0.338396,5.592625,1.055041,0.304495,5.682415,0.897743,0.283183,5.755568,0.729917,0.244767,5.328668,1.033393,0.231199,5.293551,0.853118,0.301398,5.293405,0.683131
0.282895,5.504436,0.755442,0.358446,5.604921,0.632393,0.400322,5.528117,0.338688,0.317925,5.504893,0.033246,0.206836,5.428331,0.615291,0.188437,5.518924,0.323364,0.089752,5.685590,0.072742,0.280233,5.500378,0.809369,0.336278,5.608481,1.055349,0.299329,5.696526,0.897754,0.275754,5.767132,0.729136,0.242775,5.344683,1.031487,0.233673,5.308219,0.851205,0.306116,5.307748,0.682161
0.281576,5.522936,0.754872,0.359198,5.622069,0.632191,0.399489,5.537466,0.340354,0.318964,5.505686,0.035076,0.203432,5.449129,0.614636,0.186514,5.542486,0.323511,0.092400,5.709545,0.071413,0.278965,5.518490,0.808771,0.334234,5.624137,1.056035,0.294504,5.710189,0.898021,0.268793,5.778044,0.728585,0.240599,5.360676,1.029249,0.235699,5.322909,0.849077,0.310205,5.321719,0.680938
0.279107,5.542957,0.754604,0.358409,5.640518,0.632028,0.399283,5.547356,0.342818,0.320445,5.506582,0.038057,0.198998,5.470921,0.614469,0.187039,5.559420,0.321568,0.097105,5.728133,0.069276,0.276732,5.538010,0.808470,0.332368,5.639355,1.057455,0.290357,5.722982,0.898741,0.262707,5.787732,0.728395,0.238063,5.376614,1.026314,0.236816,5.337636,0.846340,0.313040,5.335043,0.678994
0.275213,5.564008,0.754698,0.355756,5.659875,0.631958,0.400121,5.557555,0.346299,0.322418,5.507322,0.042564,0.193664,5.492753,0.614933,0.184814,5.574742,0.320013,0.100502,5.740195,0.063894,0.273012,5.558656,0.808528,0.330496,5.654226,1.059334,0.286917,5.735269,0.899715,0.257829,5.796831,0.728430,0.235332,5.392460,1.022948,0.236659,5.352366,0.843217,0.314592,5.347980,0.676697
0.270609,5.585574,0.754972,0.352155,5.679692,0.631963,0.401402,5.567888,0.350602,0.324508,5.507796,0.048405,0.187871,5.514601,0.615717,0.181166,5.589227,0.318767,0.103010,5.748609,0.057163,0.268549,5.579865,0.808760,0.328596,5.668893,1.061311,0.283804,5.747261,0.900706,0.253516,5.805573,0.728496,0.232479,5.408314,1.019253,0.235846,5.367152,0.839786,0.315483,5.360770,0.674132
0.264731,5.607082,0.755581,0.345836,5.700500,0.632116,0.402413,5.580027,0.355745,0.329068,5.510616,0.054689,0.183613,5.533273,0.616812,0.180096,5.598157,0.317515,0.102436,5.750996,0.052043,0.262487,5.601363,0.809336,0.325750,5.683481,1.063339,0.280826,5.759082,0.901461,0.250460,5.813958,0.728140,0.229893,5.423798,1.015406,0.233360,5.381558,0.836182,0.314554,5.373263,0.671378
0.258942,5.628006,0.756155,0.339114,5.721130,0.632199,0.401911,5.593175,0.360650,0.334699,5.516985,0.059938,0.179861,5.550958,0.617952,0.179038,5.606854,0.316807,0.101940,5.752949,0.047529,0.256517,5.622333,0.809871,0.322599,5.698200,1.065005,0.277795,5.771089,0.901867,0.247902,5.822330,0.727359,0.227626,5.439230,1.011643,0.230611,5.395776,0.832689,0.313118,5.385683,0.668652
0.253329,5.647765,0.756658,0.331569,5.741359,0.632084,0.398718,5.607806,0.364515,0.343262,5.529155,0.062299,0.177130,5.566685,0.619137,0.177850,5.615101,0.316663,0.101278,5.754023,0.043534,0.250731,5.642241,0.810339,0.318935,5.713188,1.066242,0.274761,5.783535,0.901830,0.246463,5.830789,0.725948,0.225992,5.454437,1.008323,0.227278,5.409459,0.829715,0.310591,5.397811,0.666210
0.248641,5.666292,0.756720,0.324059,5.760685,0.630970,0.391055,5.625420,0.364378,0.347937,5.543276,0.061248,0.174970,5.581307,0.620179,0.176022,5.624006,0.316801,0.100887,5.755296,0.039564,0.246031,5.660988,0.810377,0.315401,5.728796,1.066752,0.272061,5.797149,0.901290,0.246357,5.840120,0.723934,0.224945,5.469887,1.005608,0.224206,5.423161,0.827438,0.307376,5.410138,0.663991
0.244416,5.684203,0.756561,0.316535,5.779471,0.629355,0.381086,5.644090,0.362330,0.350182,5.557068,0.059157,0.173153,5.595415,0.621165,0.173992,5.633235,0.317087,0.100807,5.756533,0.035708,0.241869,5.679157,0.810197,0.311948,5.744727,1.066909,0.269558,5.811374,0.900515,0.246954,5.849892,0.721745,0.224197,5.485486,1.003211,0.221311,5.436860,0.825566,0.303890,5.422538,0.661959
0.240468,5.700506,0.758094,0.311125,5.796530,0.630990,0.386078,5.661757,0.366453,0.353264,5.585509,0.060289,0.170997,5.609963,0.622930,0.173442,5.639567,0.317918,0.100126,5.756948,0.034009,0.238097,5.695364,0.811710,0.309021,5.759605,1.068486,0.267768,5.825736,0.901605,0.249591,5.859817,0.721451,0.223345,5.500032,1.003275,0.218155,5.449883,0.826101,0.297958,5.434015,0.661267
0.236884,5.716668,0.759913,0.306338,5.813572,0.633110,0.391967,5.682402,0.370033,0.355723,5.618691,0.061201,0.169104,5.624885,0.624740,0.173798,5.645208,0.318970,0.099888,5.757160,0.032973,0.234665,5.711368,0.813509,0.306448,5.774393,1.070313,0.266383,5.840318,0.903064,0.252671,5.870221,0.721796,0.222296,5.514642,1.003794,0.215054,5.463427,0.826993,0.291376,5.445765,0.660685
0.234028,5.732547,0.762303,0.302812,5.830591,0.636168,0.399287,5.708746,0.372334,0.354361,5.658163,0.062110,0.167678,5.640501,0.626640,0.175507,5.649363,0.320380,0.099716,5.756887,0.033101,0.231909,5.726964,0.815878,0.304534,5.788967,1.072671,0.265754,5.855274,0.905270,0.256580,5.881561,0.723178,0.220821,5.529297,1.005251,0.211940,5.478004,0.828542,0.283284,5.458153,0.660234
0.231761,5.747649,0.764749,0.300306,5.846996,0.639436,0.406716,5.739743,0.373056,0.352405,5.703608,0.062266,0.167057,5.655738,0.628247,0.177036,5.654230,0.321925,0.099678,5.756853,0.033191,0.229511,5.741845,0.818311,0.303148,5.803531,1.074869,0.266024,5.870300,0.907277,0.260666,5.894084,0.724720,0.219308,5.543900,1.007421,0.208516,5.493239,0.830628,0.274475,5.471311,0.660315
0.229787,5.762362,0.767223,0.298300,5.863091,0.642817,0.413861,5.773379,0.373723,0.349576,5.751134,0.063531,0.166840,5.670793,0.629720,0.178448,5.659476,0.323665,0.099702,5.756995,0.033455,0.227292,5.756368,0.820774,0.302036,5.818075,1.076985,0.266758,5.885340,0.909193,0.264836,5.907159,0.726361,0.217777,5.558465,1.009942,0.204919,5.508802,0.832994,0.265178,5.484965,0.660751
0.228840,5.776603,0.768962,0.296985,5.879318,0.645566,0.418115,5.811472,0.372468,0.345440,5.801098,0.063540,0.167979,5.685631,0.630179,0.180516,5.664712,0.324675,0.099685,5.756938,0.033238,0.226035,5.770426,0.822510,0.301712,5.833045,1.078207,0.268760,5.900926,0.910189,0.269618,5.922273,0.727297,0.216467,5.573392,1.012556,0.201647,5.525254,0.835334,0.256984,5.500672,0.661506
0.228232,5.790687,0.770368,0.295652,5.895246,0.647707,0.421293,5.850078,0.371884,0.341239,5.850281,0.064667,0.169404,5.699979,0.630585,0.182520,5.670076,0.325859,0.099690,5.757045,0.033299,0.225173,5.784413,0.823918,0.301609,5.848146,1.079096,0.271179,5.916639,0.910850,0.274696,5.937784,0.727957,0.215286,5.588446,1.015023,0.198415,5.541862,0.837565,0.249048,5.517061,0.662310
0.228305,5.804459,0.771106,0.294313,5.910577,0.648585,0.422727,5.889152,0.371101,0.336925,5.899573,0.065690,0.171394,5.713324,0.630841,0.184443,5.675577,0.326981,0.099675,5.757179,0.033367,0.225094,5.798262,0.824674,0.301888,5.863557,1.079336,0.274379,5.932657,0.910833,0.280350,5.954162,0.728015,0.214339,5.603784,1.017221,0.195288,5.558782,0.839576,0.241831,5.534615,0.663095
0.229053,5.818075,0.771080,0.293316,5.925324,0.648211,0.422422,5.927270,0.370171,0.333344,5.948275,0.066322,0.173653,5.726111,0.630782,0.186427,5.681030,0.327907,0.099628,5.757354,0.033409,0.225812,5.812076,0.824681,0.302550,5.879265,1.078855,0.278204,5.948828,0.910056,0.286470,5.970897,0.727373,0.213545,5.619455,1.018973,0.192214,5.575915,0.841228,0.235105,5.552886,0.663675
0.230139,5.831611,0.770673,0.292480,5.939763,0.647230,0.420698,5.964821,0.369853,0.329328,5.997052,0.067752,0.176053,5.738626,0.630566,0.188498,5.686475,0.328811,0.099663,5.757561,0.033550,0.226926,5.825872,0.824313,0.303399,5.895133,1.078001,0.282354,5.965050,0.908905,0.292871,5.987771,0.726401,0.212831,5.635322,1.020490,0.189187,5.593195,0.842704,0.228666,5.571550,0.664198
0.232195,5.845222,0.769063,0.292391,5.954194,0.644977,0.417750,5.999479,0.368855,0.327478,6.044937,0.068186,0.179158,5.751205,0.629296,0.191587,5.691162,0.329014,0.099710,5.757627,0.033579,0.229159,5.839744,0.822751,0.305002,5.911491,1.075930,0.287134,5.981540,0.906521,0.299820,6.005050,0.724246,0.212597,5.651733,1.021152,0.186439,5.610857,0.843435,0.223021,5.590824,0.664115
0.234506,5.858942,0.767125,0.292491,5.968754,0.642461,0.414001,6.033288,0.368453,0.324990,6.092413,0.069832,0.182493,5.763957,0.627689,0.195042,5.695733,0.329168,0.099882,5.757748,0.033783,0.231679,5.853711,0.820859,0.306900,5.928050,1.073471,0.292073,5.998104,0.903769,0.306915,6.022277,0.721732,0.212568,5.668397,1.021541,0.183871,5.628757,0.843944,0.217703,5.610253,0.663915
0.237325,5.872877,0.764530,0.292992,5.983600,0.639387,0.409603,6.065589,0.367937,0.322749,6.138665,0.071775,0.186277,5.777042,0.625402,0.199116,5.700023,0.329049,0.100078,5.757907,0.034090,0.234776,5.867866,0.818310,0.309386,5.944992,1.070264,0.297301,6.014864,0.900266,0.314213,6.039480,0.718456,0.212938,5.685520,1.021410,0.181627,5.647057,0.844002,0.212991,5.629901,0.663397
0.240707,5.887084,0.761485,0.293988,5.998780,0.635961,0.405404,6.097238,0.367798,0.319795,6.181835,0.074299,0.190868,5.790374,0.622603,0.203664,5.704399,0.328730,0.100284,5.758027,0.034446,0.238394,5.882299,0.815308,0.312221,5.962367,1.066573,0.302683,6.031876,0.896260,0.321730,6.056511,0.714656,0.213862,5.703046,1.020838,0.179862,5.665762,0.843676,0.208944,5.649560,0.662604
0.244372,5.901427,0.758216,0.295219,6.014105,0.632374,0.401118,6.128339,0.368219,0.316252,6.223524,0.077689,0.195870,5.803843,0.619550,0.208525,5.708890,0.328455,0.100663,5.758254,0.035025,0.242272,5.896871,0.812077,0.315239,5.979973,1.062607,0.308147,6.049011,0.891979,0.329358,6.073438,0.710583,0.215084,5.720807,1.020021,0.178378,5.684727,0.843152,0.205290,5.669285,0.661681
0.248536,5.916385,0.754480,0.297292,6.029687,0.628209,0.397792,6.157366,0.368090,0.312438,6.261514,0.080659,0.201543,5.817715,0.616112,0.213320,5.714094,0.327959,0.100900,5.758362,0.035400,0.246502,5.912150,0.808377,0.318555,5.998259,1.058153,0.313643,6.066658,0.887190,0.336945,6.090300,0.705936,0.217121,5.739121,1.018571,0.177793,5.704229,0.842024,0.202508,5.689034,0.660224
0.252877,5.931760,0.750623,0.299624,6.045669,0.624006,0.394224,6.184999,0.367674,0.308244,6.298852,0.084025,0.207505,5.832052,0.612497,0.218159,5.719801,0.327559,0.101260,5.758528,0.035931,0.250865,5.927834,0.804552,0.321970,6.016882,1.053567,0.319167,6.084566,0.882270,0.344433,6.107351,0.701156,0.219519,5.757729,1.016858,0.177653,5.724050,0.840655,0.200079,5.708965,0.658556
0.257567,5.947969,0.746526,0.302492,6.062489,0.619696,0.390541,6.210314,0.365865,0.303882,6.334717,0.086827,0.214031,5.847301,0.608525,0.222974,5.726390,0.327102,0.101613,5.758591,0.036442,0.255493,5.944329,0.800479,0.325576,6.036160,1.048769,0.324739,6.103013,0.877127,0.351707,6.124828,0.696120,0.222610,5.776863,1.014669,0.178324,5.744398,0.838823,0.198235,5.729146,0.656456
0.262687,5.966462,0.742033,0.304558,6.083320,0.616179,0.378705,6.232415,0.358812,0.299989,6.368850,0.083069,0.221608,5.866027,0.603169,0.228301,5.734995,0.326262,0.101903,5.758530,0.036824,0.260703,5.962630,0.795987,0.329323,6.056722,1.043835,0.330290,6.122719,0.871865,0.358758,6.143710,0.690977,0.226725,5.797062,1.011510,0.180135,5.765754,0.836042,0.197279,5.750223,0.653425
0.268021,5.986097,0.737343,0.306156,6.106058,0.613133,0.362558,6.252388,0.349898,0.297606,6.397663,0.075111,0.229692,5.886556,0.597133,0.234033,5.744817,0.325517,0.102528,5.758730,0.037626,0.266215,5.981837,0.791280,0.333166,6.077934,1.038813,0.335827,6.143070,0.866535,0.365673,6.163328,0.685775,0.231405,5.817788,1.007869,0.182540,5.787585,0.832817,0.196738,5.771729,0.649981
0.273384,6.007041,0.733878,0.308187,6.129752,0.611343,0.350351,6.268847,0.341664,0.296755,6.411655,0.063139,0.237348,5.908587,0.592307,0.237725,5.758584,0.325135,0.103648,5.759531,0.037910,0.271748,6.002294,0.787785,0.337014,6.099588,1.035295,0.341129,6.163808,0.862706,0.372155,6.183504,0.682069,0.237137,5.838673,1.004770,0.186205,5.809433,0.830133,0.197175,5.793258,0.647103
0.278603,6.027762,0.731156,0.310599,6.152451,0.609837,0.341662,6.283725,0.334824,0.295623,6.420723,0.052050,0.244438,5.930032,0.588582,0.240389,5.773321,0.325313,0.105157,5.760531,0.038726,0.277080,6.022678,0.785038,0.340793,6.120994,1.032544,0.346311,6.184248,0.859641,0.378244,6.203713,0.679123,0.243004,5.859266,1.002305,0.190206,5.831001,0.828050,0.197822,5.814541,0.644876
0.283534,6.048037,0.729920,0.313880,6.173333,0.608800,0.340386,6.296545,0.329620,0.293879,6.425117,0.043032,0.250434,5.950192,0.587042,0.240687,5.789684,0.326193,0.106816,5.761547,0.039870,0.281990,6.042909,0.783798,0.344425,6.141910,1.031351,0.351260,6.204077,0.858104,0.383567,6.223947,0.677683,0.249090,5.879284,1.001121,0.194845,5.852056,0.827133,0.198911,5.835387,0.643864
0.287935,6.068033,0.730314,0.317623,6.194808,0.610583,0.343043,6.308981,0.327489,0.292464,6.427437,0.037351,0.256832,5.971227,0.586167,0.241732,5.806147,0.328430,0.108774,5.762918,0.043419,0.286078,6.062599,0.784154,0.347900,6.161979,1.031706,0.355850,6.223392,0.858241,0.388304,6.244171,0.677944,0.255131,5.898448,1.001387,0.200123,5.872563,0.827422,0.200984,5.856151,0.644081
0.292072,6.087889,0.731524,0.321560,6.216567,0.613800,0.347851,6.321183,0.327114,0.291652,6.428612,0.033877,0.263428,5.992737,0.585670,0.243332,5.822650,0.331547,0.111247,5.764351,0.048730,0.289761,6.082015,0.785300,0.351300,6.181639,1.032821,0.360279,6.242464,0.859202,0.392762,6.264387,0.679045,0.261141,5.917218,1.002377,0.205691,5.892827,0.828324,0.203494,5.876932,0.644939
0.295121,6.106319,0.734604,0.323849,6.237293,0.619277,0.352334,6.333100,0.329748,0.291600,6.430875,0.034096,0.269013,6.013187,0.587048,0.249413,5.835250,0.338308,0.117255,5.771081,0.056769,0.292728,6.099791,0.788297,0.353557,6.199829,1.035827,0.363838,6.260714,0.862306,0.396657,6.284007,0.682383,0.266946,5.934249,1.005172,0.211571,5.911939,0.830809,0.208273,5.897840,0.647284
0.297929,6.123965,0.738140,0.325984,6.256407,0.624361,0.355771,6.343999,0.332377,0.291934,6.433054,0.034670,0.273719,6.032056,0.589618,0.256371,5.847617,0.345505,0.123966,5.780775,0.064702,0.295554,6.117000,0.791774,0.355737,6.217514,1.039271,0.367276,6.278631,0.865917,0.400437,6.303244,0.686234,0.272378,5.950904,1.008524,0.217414,5.930629,0.833778,0.213808,5.918747,0.650099
0.300254,6.140045,0.742587,0.327884,6.272372,0.628584,0.356655,6.352942,0.334474,0.292006,6.434888,0.034920,0.276694,6.047642,0.594509,0.265232,5.858951,0.353382,0.132057,5.795302,0.072202,0.298090,6.133072,0.796229,0.357843,6.234148,1.043604,0.370487,6.295823,0.870532,0.403922,6.321627,0.691067,0.277110,5.966712,1.012990,0.223249,5.948423,0.837691,0.220924,5.939631,0.653829
0.301996,6.155017,0.747381,0.329423,6.286315,0.632141,0.355886,6.360531,0.336139,0.291925,6.436275,0.034815,0.278486,6.061165,0.600372,0.273914,5.875352,0.356930,0.136942,5.813742,0.077124,0.299942,6.148333,0.801068,0.360200,6.249562,1.048261,0.373488,6.312194,0.875589,0.406892,6.339146,0.696286,0.281000,5.981650,1.017744,0.228455,5.964994,0.841896,0.228964,5.959596,0.657902
0.303448,6.169435,0.752348,0.330773,6.299231,0.635381,0.354258,6.367422,0.337674,0.291716,6.437404,0.034664,0.279688,6.073672,0.606735,0.283103,5.894091,0.358762,0.141524,5.832055,0.081357,0.301455,6.163189,0.806093,0.362711,6.264375,1.053062,0.376392,6.328155,0.880850,0.409593,6.356236,0.701682,0.284498,5.996154,1.022635,0.233355,5.980958,0.846258,0.237385,5.979230,0.662251
0.304442,6.181135,0.757356,0.331147,6.309228,0.638360,0.350272,6.372675,0.339299,0.291601,6.438387,0.034528,0.281085,6.083004,0.613260,0.291855,5.909917,0.360941,0.144615,5.857544,0.084516,0.302359,6.175578,0.811175,0.365283,6.277869,1.057271,0.378864,6.342480,0.885366,0.411127,6.371920,0.706245,0.287350,6.009379,1.028473,0.237334,5.994684,0.851743,0.246224,5.995686,0.667890
0.305312,6.192060,0.762035,0.331337,6.318560,0.641175,0.345995,6.377560,0.340958,0.291498,6.439260,0.034542,0.282559,6.091695,0.619388,0.301035,5.925660,0.362830,0.147703,5.882791,0.088134,0.303121,6.187196,0.815916,0.367758,6.291031,1.060921,0.381072,6.356413,0.889291,0.412312,6.387214,0.710219,0.290246,6.022193,1.034235,0.241332,6.007729,0.857188,0.254672,6.010973,0.673610
0.305930,6.201438,0.766053,0.331151,6.326600,0.643623,0.341137,6.381789,0.342498,0.291402,6.440076,0.034565,0.284186,6.099078,0.624679,0.311145,5.941018,0.363881,0.151313,5.908178,0.091610,0.303598,6.197266,0.819987,0.370049,6.303518,1.063467,0.382761,6.369551,0.892043,0.412777,6.401692,0.712999,0.293224,6.034190,1.039855,0.245370,6.019413,0.862549,0.262476,6.023660,0.679268
0.306466,6.209834,0.769245,0.330575,6.334171,0.645746,0.335971,6.385710,0.343864,0.291319,6.440725,0.034510,0.285577,6.106070,0.628807,0.321122,5.956806,0.363894,0.156218,5.932690,0.093870,0.304162,6.206212,0.823219,0.372201,6.315322,1.064991,0.384256,6.382096,0.893808,0.413420,6.415189,0.714799,0.295991,6.045526,1.044911,0.249241,6.030040,0.867372,0.269109,6.034304,0.684341
0.306961,6.217738,0.772023,0.329801,6.341502,0.647706,0.330666,6.389443,0.345192,0.291281,6.441194,0.034521,0.286854,6.112869,0.632351,0.330931,5.972997,0.363627,0.161504,5.956555,0.095996,0.304767,6.214597,0.826031,0.374269,6.326773,1.065976,0.385644,6.394332,0.895055,0.414143,6.428175,0.716084,0.298650,6.056552,1.049660,0.253033,6.040155,0.871909,0.275173,6.043913,0.689101
0.307415,6.224643,0.773923,0.328654,6.348258,0.649177,0.328726,6.392864,0.346163,0.291221,6.441131,0.034689,0.288054,6.119132,0.634715,0.341082,5.990782,0.361889,0.170021,5.978850,0.095244,0.305541,6.221833,0.827961,0.376224,6.337155,1.066061,0.387421,6.405707,0.895526,0.415902,6.439914,0.716624,0.301168,6.066569,1.053552,0.256795,6.048654,0.875634,0.280304,6.051274,0.692999
0.308123,6.231211,0.775651,0.327759,6.354708,0.650527,0.327229,6.396136,0.347075,0.291204,6.441016,0.034913,0.289610,6.125113,0.636821,0.350497,6.009531,0.359957,0.179210,6.000556,0.093535,0.306517,6.228727,0.829710,0.378035,6.347236,1.065989,0.389289,6.416732,0.895843,0.417845,6.451400,0.717042,0.303763,6.076283,1.057229,0.260483,6.056697,0.879218,0.285254,6.058035,0.696762
0.309339,6.237106,0.777032,0.327370,6.360557,0.651624,0.326569,6.399130,0.347809,0.291164,6.440835,0.035135,0.291866,6.130520,0.638411,0.358561,6.029762,0.357126,0.190290,6.022108,0.088923,0.307900,6.234932,0.831104,0.379591,6.356715,1.065663,0.391360,6.427075,0.895912,0.420179,6.462415,0.717283,0.306489,6.085349,1.060519,0.263993,6.063801,0.882546,0.289829,6.063533,0.700267
0.311059,6.242905,0.777858,0.327463,6.366546,0.652417,0.326370,6.402324,0.348274,0.291104,6.440885,0.035182,0.294531,6.136150,0.639159,0.363827,6.050314,0.353584,0.202773,6.042335,0.081041,0.309755,6.240925,0.831936,0.380979,6.365632,1.065099,0.393461,6.436732,0.895710,0.422690,6.473196,0.717374,0.309649,6.093755,1.062908,0.267412,6.070255,0.885121,0.294033,6.068545,0.702983
0.313031,6.248656,0.778407,0.327792,6.372594,0.653057,0.326445,6.405607,0.348615,0.291126,6.441039,0.035163,0.297396,6.141891,0.639492,0.367297,6.071080,0.349968,0.215912,6.063179,0.071914,0.311845,6.246813,0.832486,0.382256,6.374263,1.064413,0.395542,6.446051,0.895378,0.425246,6.483875,0.717404,0.313006,6.101840,1.064842,0.270784,6.076393,0.887319,0.298064,6.073326,0.705309
0.315321,6.254274,0.778213,0.328426,6.378894,0.653358,0.326715,6.408998,0.348628,0.291007,6.441161,0.034876,0.300342,6.147994,0.638698,0.367026,6.088812,0.345825,0.231315,6.080025,0.059660,0.314252,6.252350,0.832285,0.382982,6.381745,1.063643,0.397064,6.453801,0.894784,0.427546,6.493239,0.717301,0.316940,6.108534,1.065350,0.274373,6.081053,0.888214,0.302022,6.077180,0.706263
0.317584,6.259694,0.778106,0.329019,6.384848,0.653625,0.327026,6.412201,0.348649,0.291001,6.441266,0.034638,0.303081,6.153782,0.638112,0.364871,6.103119,0.342587,0.244522,6.098176,0.049483,0.316651,6.257696,0.832173,0.383504,6.388794,1.063129,0.398364,6.460929,0.894364,0.429746,6.501795,0.717375,0.320994,6.114762,1.065759,0.278145,6.085204,0.889028,0.306036,6.080780,0.707124
0.319790,6.264719,0.778174,0.329543,6.390137,0.653822,0.327318,6.415057,0.348648,0.291000,6.441372,0.034434,0.305420,6.158929,0.637925,0.360206,6.110357,0.340654,0.254422,6.113648,0.042083,0.319034,6.262658,0.832240,0.383683,6.394984,1.063131,0.399304,6.466803,0.894290,0.431875,6.508743,0.717786,0.325339,6.120039,1.065979,0.282284,6.088328,0.889676,0.310116,6.083845,0.707779
0.321893,6.269217,0.778782,0.330074,6.394343,0.654026,0.327636,6.417373,0.348715,0.291039,6.441497,0.034360,0.307743,6.162929,0.638782,0.357354,6.115093,0.340456,0.257858,6.119372,0.039790,0.321276,6.267212,0.832856,0.383578,6.400366,1.063924,0.399647,6.471643,0.894884,0.433705,6.513802,0.718720,0.329711,6.124507,1.066476,0.286938,6.090734,0.890494,0.314031,6.086374,0.708501
0.323944,6.273451,0.779660,0.330613,6.397997,0.654239,0.327969,6.419413,0.348819,0.291103,6.441625,0.034358,0.310065,6.166358,0.640165,0.355206,6.118605,0.341099,0.257558,6.121251,0.039813,0.323450,6.271561,0.833745,0.383365,6.405311,1.065109,0.399721,6.475954,0.895817,0.435425,6.517986,0.719948,0.334138,6.128584,1.067104,0.291897,6.092810,0.891398,0.317881,6.088602,0.709262
0.326274,6.277857,0.780143,0.332812,6.402224,0.654534,0.329116,6.421546,0.348986,0.291142,6.441592,0.034518,0.312100,6.170595,0.640713,0.351920,6.121332,0.341131,0.257191,6.119862,0.038791,0.325689,6.275898,0.834229,0.383094,6.409391,1.066374,0.398560,6.479121,0.896605,0.436090,6.519418,0.720692,0.337829,6.131978,1.066927,0.297331,6.094522,0.891171,0.321134,6.089892,0.708744
0.328636,6.282218,0.780605,0.335470,6.406308,0.654732,0.330502,6.423548,0.349076,0.291202,6.441518,0.034656,0.313971,6.174734,0.641321,0.349066,6.123936,0.341403,0.257003,6.118334,0.038188,0.327918,6.280201,0.834692,0.382981,6.413119,1.067727,0.397217,6.481795,0.897405,0.436675,6.519901,0.721410,0.341125,6.135170,1.066631,0.302661,6.096166,0.890765,0.324392,6.090681,0.708089
0.331064,6.286490,0.781027,0.339043,6.410099,0.654740,0.332345,6.425314,0.349004,0.291265,6.441420,0.034726,0.315517,6.178685,0.642031,0.347067,6.126375,0.341989,0.257187,6.116894,0.038133,0.330124,6.284437,0.835114,0.383161,6.416205,1.069258,0.395463,6.483527,0.898231,0.436972,6.518369,0.722020,0.343592,6.137932,1.066098,0.307701,6.097610,0.889994,0.327563,6.090634,0.707124
0.333487,6.290149,0.781120,0.342894,6.413545,0.654718,0.334333,6.426868,0.348932,0.291343,6.441298,0.034843,0.317082,6.182366,0.642165,0.345809,6.128277,0.342172,0.257051,6.114518,0.038101,0.332287,6.288002,0.835201,0.383385,6.418701,1.070362,0.393594,6.484375,0.898548,0.437132,6.515374,0.722103,0.345397,6.140230,1.065386,0.312244,6.098647,0.889044,0.331245,6.089913,0.706117
0.335908,6.293500,0.781049,0.346884,6.416810,0.654684,0.336372,6.428340,0.348878,0.291391,6.441225,0.035018,0.318660,6.185919,0.642007,0.344941,6.129935,0.342155,0.256839,6.111786,0.038092,0.334426,6.291234,0.835120,0.383620,6.420910,1.071240,0.391666,6.484766,0.898619,0.437274,6.511674,0.722027,0.346863,6.142304,1.064585,0.316544,6.099488,0.888034,0.335209,6.088847,0.705130
0.338048,6.295875,0.780853,0.350258,6.419112,0.654529,0.338106,6.429275,0.348728,0.291456,6.440972,0.035081,0.320167,6.188465,0.641721,0.343795,6.131240,0.341892,0.256509,6.109948,0.037773,0.336318,6.293546,0.834915,0.384021,6.422615,1.071664,0.390020,6.484667,0.898301,0.437331,6.507129,0.721537,0.347763,6.143966,1.064000,0.320181,6.099942,0.887299,0.340416,6.087861,0.704641
0.340148,6.297934,0.780633,0.353437,6.421095,0.654346,0.339733,6.430106,0.348568,0.291496,6.440793,0.035141,0.321871,6.190652,0.641419,0.343189,6.132427,0.341614,0.256321,6.108947,0.037522,0.338157,6.295568,0.834685,0.384443,6.424198,1.071948,0.388564,6.484460,0.897900,0.437294,6.502625,0.721029,0.348543,6.145523,1.063510,0.323599,6.100346,0.886709,0.345917,6.086980,0.704379
0.342169,6.299362,0.780366,0.356228,6.422453,0.654097,0.341172,6.430691,0.348359,0.291539,6.440673,0.035141,0.323965,6.192112,0.641087,0.343653,6.133305,0.341284,0.256344,6.109390,0.037354,0.339891,6.297008,0.834408,0.384918,6.425528,1.071968,0.387481,6.484066,0.897307,0.436964,6.498132,0.720275,0.349078,6.146854,1.063208,0.326558,6.100628,0.886349,0.351965,6.086319,0.704502
0.344161,6.300355,0.780019,0.358735,6.423442,0.653808,0.342449,6.431137,0.348119,0.291550,6.440593,0.035103,0.326326,6.193129,0.640650,0.345007,6.133785,0.340886,0.256367,6.109922,0.037350,0.341604,6.298028,0.834049,0.385469,6.426689,1.071749,0.386923,6.483414,0.896485,0.436091,6.494053,0.719129,0.349489,6.148032,1.062998,0.329011,6.100954,0.886110,0.358256,6.086010,0.704899
0.346140,6.301131,0.779631,0.361099,6.424247,0.653501,0.343646,6.431509,0.347867,0.291547,6.440521,0.035050,0.328820,6.193926,0.640161,0.346809,6.134061,0.340457,0.256402,6.110501,0.037435,0.343307,6.298839,0.833649,0.386061,6.427763,1.071408,0.386628,6.482632,0.895557,0.434929,6.490180,0.717808,0.349838,6.149132,1.062829,0.331205,6.101300,0.885931,0.364663,6.085816,0.705505
0.347592,6.301663,0.779306,0.362891,6.424973,0.653409,0.344551,6.431832,0.347815,0.291562,6.440519,0.035147,0.330241,6.194722,0.639657,0.349993,6.133767,0.340285,0.256718,6.111515,0.038059,0.344731,6.299332,0.833320,0.387090,6.428380,1.071082,0.387325,6.481245,0.894627,0.433239,6.486907,0.716172,0.350042,6.149852,1.062678,0.332634,6.101812,0.885700,0.370914,6.086436,0.706239
0.348904,6.302126,0.779028,0.364674,6.425532,0.653286,0.345447,6.432056,0.347735,0.291578,6.440520,0.035221,0.331371,6.195380,0.639282,0.353475,6.133266,0.340312,0.257161,6.112830,0.038938,0.346035,6.299770,0.833040,0.388252,6.428813,1.070830,0.388224,6.479655,0.893790,0.431460,6.483811,0.714622,0.350139,6.150426,1.062510,0.333920,6.102331,0.885424,0.377042,6.087219,0.707061
0.349936,6.302450,0.778845,0.366435,6.425755,0.653099,0.346330,6.432077,0.347593,0.291608,6.440523,0.035237,0.331921,6.195764,0.639165,0.357556,6.132332,0.340755,0.257872,6.114703,0.040329,0.347101,6.300099,0.832858,0.389673,6.428874,1.070731,0.389531,6.477658,0.893122,0.429526,6.481041,0.713181,0.350016,6.150705,1.062313,0.334930,6.102866,0.885051,0.382926,6.088509,0.707903
0.351093,6.302416,0.778692,0.368411,6.425549,0.652892,0.347316,6.431871,0.347445,0.291624,6.440506,0.035277,0.332614,6.195731,0.639118,0.361442,6.131683,0.341130,0.259682,6.117005,0.041292,0.348242,6.300082,0.832706,0.391179,6.428427,1.070746,0.391044,6.475212,0.892607,0.427658,6.478421,0.711943,0.349842,6.150510,1.062058,0.335844,6.103168,0.884570,0.388299,6.090034,0.708624
0.352312,6.302203,0.778555,0.370495,6.425125,0.652676,0.348358,6.431558,0.347296,0.291643,6.440497,0.035333,0.333378,6.195491,0.639107,0.365237,6.131155,0.341489,0.262072,6.119495,0.042059,0.349419,6.299892,0.832569,0.392722,6.427726,1.070817,0.392645,6.472541,0.892180,0.425845,6.475940,0.710860,0.349641,6.150085,1.061772,0.336714,6.103353,0.884040,0.393418,6.091666,0.709344
0.353835,6.301207,0.778422,0.372257,6.424063,0.652519,0.349240,6.430995,0.347215,0.291643,6.440468,0.035439,0.334757,6.194495,0.638955,0.365298,6.133945,0.340406,0.270239,6.121512,0.038350,0.350836,6.298919,0.832431,0.394224,6.426348,1.070880,0.394389,6.469347,0.891804,0.424253,6.473501,0.709922,0.349743,6.148939,1.061517,0.337640,6.103118,0.883492,0.397647,6.093487,0.709789
0.355265,6.299947,0.778531,0.373639,6.422519,0.652351,0.349947,6.430203,0.347118,0.291652,6.440417,0.035502,0.336239,6.192906,0.639292,0.366793,6.135779,0.340072,0.277505,6.123391,0.036255,0.352206,6.297744,0.832541,0.395664,6.424829,1.071161,0.396176,6.466063,0.891679,0.422897,6.471148,0.709335,0.350133,6.147600,1.061513,0.338699,6.102747,0.883200,0.401616,6.095275,0.710430
0.356507,6.298158,0.779126,0.374260,6.420008,0.652163,0.350289,6.428943,0.346991,0.291650,6.440308,0.035482,0.337927,6.190137,0.640605,0.371165,6.135698,0.341173,0.282793,6.124731,0.036999,0.353482,6.296167,0.833148,0.396980,6.423032,1.071878,0.398080,6.462599,0.892032,0.421981,6.468845,0.709339,0.351098,6.145867,1.062015,0.340009,6.102107,0.883412,0.405056,6.097024,0.711346
0.357853,6.295964,0.779180,0.375036,6.417738,0.652069,0.350692,6.427790,0.346966,0.291642,6.440153,0.035575,0.339703,6.187702,0.640764,0.371863,6.135079,0.340888,0.284151,6.124755,0.036479,0.354791,6.294004,0.833202,0.397660,6.420799,1.072083,0.399521,6.458968,0.891947,0.421483,6.466397,0.709063,0.352212,6.143571,1.061980,0.341211,6.101030,0.883079,0.407600,6.098315,0.711479
0.359251,6.293569,0.778964,0.375887,6.415588,0.652021,0.351122,6.426685,0.346993,0.291629,6.439961,0.035726,0.341520,6.185433,0.640349,0.370725,6.134147,0.339934,0.283544,6.124034,0.035349,0.356116,6.291547,0.832979,0.398026,6.418345,1.072029,0.400740,6.455253,0.891648,0.421210,6.463877,0.708654,0.353405,6.140992,1.061675,0.342355,6.099733,0.882480,0.409679,6.099380,0.711230
0.360849,6.291130,0.779494,0.376719,6.412614,0.651947,0.351569,6.425170,0.347013,0.291629,6.439739,0.035889,0.343472,6.182250,0.641373,0.370026,6.133320,0.340315,0.283844,6.123954,0.035390,0.357672,6.289232,0.833513,0.398276,6.415805,1.072908,0.401641,6.452167,0.892424,0.422119,6.461520,0.709478,0.355065,6.138253,1.061930,0.344300,6.098405,0.882403,0.410835,6.100124,0.710870
0.362457,6.288569,0.780046,0.377417,6.409559,0.651926,0.351945,6.423617,0.347091,0.291612,6.439489,0.036104,0.345533,6.178967,0.642397,0.369014,6.132533,0.340681,0.284013,6.123854,0.035376,0.359243,6.286789,0.834067,0.398358,6.413234,1.073778,0.402376,6.449151,0.893215,0.423237,6.459028,0.710347,0.356789,6.135454,1.062250,0.346365,6.096968,0.882411,0.411562,6.100508,0.710409
0.364085,6.285764,0.780641,0.377842,6.406347,0.652006,0.352191,6.421998,0.347272,0.291593,6.439198,0.036402,0.347810,6.175482,0.643411,0.367418,6.131827,0.340993,0.283988,6.123694,0.035218,0.360844,6.284090,0.834663,0.398097,6.410603,1.074634,0.402765,6.446274,0.894032,0.424795,6.456302,0.711311,0.358628,6.132534,1.062704,0.348674,6.095310,0.882578,0.411463,6.100146,0.709733
0.365480,6.282882,0.781229,0.377980,6.403195,0.652215,0.352304,6.420397,0.347575,0.291594,6.438893,0.036791,0.349829,6.172078,0.644313,0.365878,6.131149,0.341291,0.283980,6.123608,0.035069,0.362258,6.281276,0.835254,0.397693,6.408055,1.075361,0.403038,6.443628,0.894752,0.426813,6.453427,0.712234,0.360690,6.129655,1.063257,0.351173,6.093586,0.882878,0.410863,6.099182,0.708966
0.366759,6.279960,0.781815,0.377975,6.400065,0.652488,0.352336,6.418805,0.347944,0.291575,6.438584,0.037238,0.351720,6.168716,0.645160,0.364339,6.130453,0.341615,0.283928,6.123498,0.034966,0.363579,6.278407,0.835843,0.397218,6.405536,1.076024,0.403249,6.441095,0.895427,0.429079,6.450529,0.713165,0.362866,6.126799,1.063859,0.353756,6.091835,0.883247,0.410000,6.097853,0.708202
0.367937,6.277200,0.782269,0.378137,6.397176,0.652739,0.352461,6.417263,0.348290,0.291586,6.438173,0.037669,0.353443,6.165651,0.645786,0.363262,6.129754,0.341837,0.283962,6.123445,0.034873,0.364774,6.275681,0.836300,0.396933,6.403183,1.076486,0.403589,6.439033,0.895962,0.432185,6.447469,0.714054,0.365029,6.124153,1.064370,0.356437,6.090196,0.883543,0.408948,6.095683,0.707334
0.369112,6.274500,0.782690,0.378401,6.394315,0.652943,0.352607,6.415688,0.348597,0.291541,6.437671,0.038078,0.355191,6.162630,0.646392,0.362152,6.129069,0.342087,0.283959,6.123352,0.034816,0.365930,6.273025,0.836720,0.396680,6.400890,1.076899,0.403962,6.437112,0.896467,0.435479,6.444556,0.714990,0.367126,6.121598,1.064855,0.359089,6.088563,0.883833,0.407891,6.093288,0.706535
0.370280,6.271921,0.783043,0.378864,6.391520,0.653054,0.352823,6.414056,0.348816,0.291440,6.436991,0.038423,0.356988,6.159699,0.646958,0.361023,6.128461,0.342341,0.283967,6.123277,0.034762,0.367009,6.270510,0.837069,0.396492,6.398738,1.077214,0.404411,6.435474,0.896908,0.439100,6.441828,0.715960,0.369091,6.119222,1.065289,0.361705,6.086930,0.884108,0.406843,6.090532,0.705783
0.371333,6.269595,0.783325,0.379131,6.388976,0.653090,0.352933,6.412556,0.348948,0.291334,6.436305,0.038654,0.358738,6.157013,0.647461,0.359916,6.127992,0.342589,0.283978,6.123251,0.034714,0.367982,6.268254,0.837347,0.396366,6.396864,1.077422,0.405069,6.434073,0.897247,0.442806,6.439413,0.716870,0.370893,6.117158,1.065685,0.364180,6.085335,0.884397,0.405925,6.087718,0.705193
0.372328,6.267395,0.783571,0.379299,6.386553,0.653089,0.352980,6.411116,0.349038,0.291206,6.435609,0.038834,0.360467,6.154451,0.647936,0.358798,6.127566,0.342858,0.283952,6.123202,0.034699,0.368901,6.266128,0.837590,0.396269,6.395126,1.077576,0.405828,6.432792,0.897537,0.446547,6.437168,0.717781,0.372613,6.115252,1.066061,0.366583,6.083764,0.884695,0.405089,6.084828,0.704718
0.373261,6.265622,0.783672,0.379488,6.384697,0.653080,0.353043,6.409962,0.349100,0.291098,6.434915,0.038965,0.362214,6.152474,0.648138,0.357885,6.127353,0.342924,0.283935,6.123182,0.034539,0.369728,6.264390,0.837685,0.396203,6.393687,1.077613,0.406901,6.431600,0.897690,0.450110,6.435210,0.718498,0.374036,6.113684,1.066258,0.368517,6.082116,0.884892,0.404613,6.081966,0.704370
0.374209,6.263971,0.783750,0.379732,6.383004,0.653093,0.353124,6.408881,0.349182,0.290976,6.434214,0.039115,0.363964,6.150674,0.648279,0.357132,6.127131,0.342972,0.283873,6.123130,0.034416,0.370568,6.262758,0.837756,0.396159,6.392326,1.077637,0.408035,6.430436,0.897830,0.453543,6.433406,0.719196,0.375367,6.112212,1.066425,0.370382,6.080457,0.885080,0.404318,6.079137,0.704109
0.375187,6.262560,0.783782,0.380081,6.381643,0.653151,0.353257,6.407959,0.349298,0.290862,6.433516,0.039298,0.365722,6.149224,0.648292,0.356738,6.126948,0.342933,0.283790,6.123120,0.034301,0.371435,6.261340,0.837781,0.396161,6.391128,1.077638,0.409297,6.429324,0.897937,0.456727,6.431878,0.719797,0.376517,6.110927,1.066531,0.372111,6.078765,0.885249,0.404361,6.076435,0.703955
0.376176,6.261373,0.783840,0.380568,6.380564,0.653294,0.353460,6.407077,0.349485,0.290723,6.432644,0.039552,0.367366,6.148082,0.648274,0.356649,6.126778,0.342891,0.283732,6.123123,0.034252,0.372327,6.260125,0.837831,0.396266,6.390072,1.077686,0.410651,6.428211,0.898068,0.459673,6.430576,0.720357,0.377629,6.109800,1.066634,0.373820,6.077090,0.885443,0.404762,6.073856,0.703916
0.377171,6.260298,0.783910,0.381123,6.379626,0.653480,0.353699,6.406212,0.349706,0.290574,6.431680,0.039842,0.368953,6.147093,0.648242,0.356714,6.126611,0.342851,0.283686,6.123125,0.034238,0.373231,6.259011,0.837894,0.396424,6.389085,1.077758,0.412050,6.427098,0.898216,0.462502,6.429390,0.720904,0.378721,6.108753,1.066735,0.375520,6.075422,0.885653,0.405350,6.071312,0.703941
0.378112,6.259524,0.783938,0.381918,6.378997,0.653645,0.354067,6.405491,0.349902,0.290437,6.430768,0.040128,0.370270,6.146444,0.648148,0.357128,6.126448,0.342759,0.283714,6.123185,0.034241,0.374075,6.258193,0.837915,0.396765,6.388282,1.077822,0.413512,6.425996,0.898316,0.464906,6.428421,0.721277,0.379575,6.107921,1.066747,0.376912,6.073874,0.885793,0.406288,6.068948,0.704009
0.379041,6.258837,0.783939,0.382796,6.378446,0.653777,0.354570,6.404774,0.350053,0.290280,6.429777,0.040401,0.371537,6.145881,0.648033,0.357610,6.126275,0.342650,0.283739,6.123231,0.034246,0.374899,6.257462,0.837907,0.397148,6.387526,1.077874,0.414908,6.424945,0.898401,0.467183,6.427491,0.721622,0.380363,6.107144,1.066709,0.378218,6.072386,0.885887,0.407381,6.066646,0.704075
0.379950,6.258325,0.783886,0.383840,6.378053,0.653843,0.355340,6.404074,0.350117,0.290081,6.428640,0.040646,0.372702,6.145487,0.647872,0.358229,6.126094,0.342500,0.283759,6.123267,0.034246,0.375683,6.256909,0.837842,0.397615,6.386864,1.077900,0.416170,6.423998,0.898446,0.469208,6.426635,0.721896,0.381020,6.106478,1.066573,0.379351,6.071015,0.885883,0.408763,6.064512,0.704126
0.380755,6.258012,0.783812,0.384821,6.377809,0.653844,0.356359,6.403513,0.350085,0.289898,6.427579,0.040849,0.373705,6.145247,0.647734,0.358802,6.125968,0.342374,0.283775,6.123306,0.034261,0.376379,6.256569,0.837760,0.398163,6.386373,1.077915,0.417335,6.423262,0.898473,0.471067,6.425788,0.722131,0.381590,6.105994,1.066399,0.380357,6.069789,0.885851,0.410513,6.062628,0.704235
0.381507,6.257800,0.783730,0.385769,6.377642,0.653812,0.357502,6.403023,0.350005,0.289728,6.426547,0.041035,0.374628,6.145083,0.647606,0.359351,6.125872,0.342260,0.283787,6.123347,0.034283,0.377030,6.256335,0.837668,0.398751,6.385966,1.077924,0.418452,6.422632,0.898492,0.472843,6.424946,0.722350,0.382116,6.105600,1.066205,0.381299,6.068634,0.885806,0.412447,6.060866,0.704381
0.382220,6.257733,0.783607,0.386596,6.377449,0.653581,0.358245,6.402654,0.349765,0.289574,6.425876,0.040989,0.375319,6.144892,0.647593,0.359275,6.125941,0.342269,0.283808,6.123359,0.034268,0.377693,6.256300,0.837542,0.399415,6.385840,1.077849,0.419364,6.422386,0.898420,0.474195,6.424292,0.722410,0.382549,6.105491,1.066035,0.382131,6.067810,0.885778,0.414861,6.059706,0.704648
