joint_0,joint_1,joint_2,joint_3,joint_4,joint_5,joint_6,joint_7,joint_8,joint_9,joint_10,joint_11,joint_12,joint_13,joint_14,joint_15,joint_16,joint_17,joint_18,joint_19,joint_20,joint_21,joint_22,joint_23,joint_24,joint_25,joint_26,joint_27,joint_28
-0.220406,-0.257825,0.103955,-0.063634,-0.085077,0.016627,0.092914,0.102512,-0.030809,0.052266,0.020719,0.065916,-0.112962,0.063588,0.073842,-0.011527,-0.051342,0.025266,0.033750,0.299161,0.043926,-0.217327,0.038677,0.077751,-0.055583,-0.058074,0.004739,0.006079,0.061355
-0.372942,-0.448614,0.112073,-0.075404,-0.149907,0.031368,0.098044,0.156008,-0.065354,0.220312,0.255250,0.074198,-0.126504,0.017724,-0.007911,-0.040819,-0.080614,0.054026,0.025432,0.410213,0.017665,-0.238293,0.038810,0.066683,-0.048158,-0.092526,0.003223,0.039753,0.055530
-0.678014,-0.830192,0.128308,-0.098943,-0.279566,0.060851,0.108303,0.262999,-0.134443,0.556405,0.724312,0.090763,-0.153587,-0.074003,-0.171416,-0.099402,-0.139158,0.111547,0.008796,0.632316,-0.034856,-0.280226,0.039074,0.044547,-0.033306,-0.161430,0.000190,0.107103,0.043880
-1.044585,-1.007681,0.146391,-0.070048,-0.369554,0.104245,0.076711,0.281826,-0.071931,1.225547,0.968100,0.004519,-0.193352,-0.326915,-0.263218,-0.172807,-0.212684,0.036124,0.041744,0.725427,-0.073832,-0.179135,0.001845,-0.080787,0.024510,-0.293233,0.002043,0.321371,0.007270
-1.227871,-1.096426,0.155432,-0.055600,-0.414548,0.125942,0.060916,0.291240,-0.040675,1.560118,1.089994,-0.038603,-0.213235,-0.453372,-0.309119,-0.209510,-0.249446,-0.001588,0.058217,0.771983,-0.093319,-0.128589,-0.016769,-0.143454,0.053418,-0.359135,0.002969,0.428505,-0.011036
-1.351470,-0.707664,-0.011767,0.065116,-0.302162,0.298846,-0.497375,0.023277,0.158462,1.988196,0.741372,-0.138011,-0.142757,-0.576859,-0.147968,-0.248151,-0.349525,-0.577898,0.031937,0.743605,-0.177591,-0.033749,-0.146452,0.162762,-0.014583,-0.408115,-0.000439,0.708983,0.073949
-1.357632,-0.532661,-0.058790,0.036428,-0.271669,0.330246,-0.938751,-0.069235,0.234682,2.066976,0.598202,-0.189373,-0.134168,-0.589139,-0.104579,-0.222571,-0.381969,-0.804368,0.059407,0.615153,-0.113086,-0.009896,-0.161585,-0.002258,0.012410,-0.406653,-0.019281,0.691022,0.071678
-1.369956,-0.182654,-0.152836,-0.020947,-0.210684,0.393045,-1.821502,-0.254259,0.387122,2.224535,0.311862,-0.292096,-0.116990,-0.613698,-0.017800,-0.171409,-0.446857,-1.257307,0.114349,0.358250,0.015925,0.037812,-0.191849,-0.332299,0.066396,-0.403728,-0.056964,0.655102,0.067137
-1.246431,-0.061873,-0.061357,0.139991,-0.249572,0.342515,-1.613534,-0.214367,0.418302,2.269005,0.298951,-0.294282,-0.104436,-0.805910,-0.029435,-0.096870,-0.519032,-0.962837,0.150762,0.136904,0.230142,-0.033971,-0.108944,-0.227173,0.042483,-0.395863,-0.041256,0.557045,0.104625
-1.184668,-0.001482,-0.015618,0.220460,-0.269016,0.317249,-1.509551,-0.194421,0.433893,2.291240,0.292495,-0.295375,-0.098158,-0.902016,-0.035252,-0.059600,-0.555120,-0.815602,0.168969,0.026230,0.337250,-0.069863,-0.067492,-0.174610,0.030526,-0.391931,-0.033402,0.508016,0.123369
-0.853014,-0.172462,0.150132,1.151610,-0.491555,0.064041,0.745208,0.114810,0.309011,2.011180,0.486403,-0.149454,-0.156731,-1.121706,-0.129102,0.055536,-0.588089,0.687664,0.247356,0.040603,0.509845,-0.340465,0.183746,0.385816,0.095610,-0.105565,0.001947,0.257863,0.085788
-0.736542,-0.261618,0.171375,1.324921,-0.531954,-0.002861,1.047815,0.218836,0.244447,1.685812,0.527800,-0.074504,-0.187910,-1.005564,-0.134049,0.098134,-0.563816,0.866322,0.261104,0.091384,0.505047,-0.412817,0.265601,0.350095,0.079125,-0.109221,0.021538,0.198152,0.076041
-0.503598,-0.439931,0.213861,1.671543,-0.612753,-0.136663,1.653027,0.426889,0.115319,1.035075,0.610593,0.075394,-0.250267,-0.773281,-0.143943,0.183331,-0.515270,1.223638,0.288599,0.192946,0.495452,-0.557520,0.429311,0.278655,0.046154,-0.116534,0.060719,0.078731,0.056545
-0.405431,-0.445690,0.121529,1.637002,-0.591496,-0.170425,1.384915,0.438099,0.041496,0.438728,0.532428,0.140029,-0.211953,-0.225779,-0.100861,0.268985,-0.419741,0.988922,0.302906,0.219981,0.101182,-0.527856,0.385683,0.592048,0.046826,-0.070478,0.130248,0.129216,0.051363
-0.356348,-0.448570,0.075364,1.619731,-0.580867,-0.187306,1.250859,0.443704,0.004584,0.140555,0.493346,0.172346,-0.192796,0.047972,-0.079321,0.311813,-0.371976,0.871564,0.310060,0.233499,-0.095953,-0.513024,0.363868,0.748745,0.047162,-0.047450,0.165013,0.154459,0.048772
-0.355783,-0.305838,-0.149990,1.112099,-0.590784,-0.210262,-0.032584,0.300219,0.042322,-0.604491,0.447175,0.156699,-0.105658,0.923782,-0.095622,0.424611,-0.232714,0.263295,0.398371,0.158048,-0.640191,-0.244732,0.138727,0.344707,0.187731,-0.132174,0.118677,0.205067,-0.000852
-0.324067,-0.292403,-0.175520,0.964863,-0.594243,-0.190555,-0.337555,0.273735,0.042916,-0.816233,0.473950,0.131805,-0.064731,1.029312,-0.117788,0.439462,-0.218797,-0.004334,0.406004,0.099698,-0.701444,-0.151354,0.037459,0.094653,0.232479,-0.121805,0.084999,0.102318,-0.030578
-0.260636,-0.265534,-0.226580,0.670390,-0.601163,-0.151142,-0.947497,0.220766,0.044104,-1.239718,0.527500,0.082019,0.017125,1.240371,-0.162121,0.469165,-0.190963,-0.539592,0.421271,-0.017003,-0.823950,0.035402,-0.165077,-0.405455,0.321975,-0.101068,0.017643,-0.103181,-0.090029
-0.105333,-0.221994,-0.233847,0.461126,-0.639056,-0.155335,-1.191280,0.229277,0.066151,-1.496180,0.587500,0.021971,0.089254,1.107626,-0.192942,0.461646,-0.208807,-0.791851,0.453213,-0.019145,-0.633211,0.214123,-0.331813,-0.103116,0.336314,-0.052529,-0.042564,-0.223686,-0.090305
-0.027682,-0.200224,-0.237481,0.356494,-0.658003,-0.157431,-1.313171,0.233532,0.077175,-1.624411,0.617500,-0.008052,0.125319,1.041254,-0.208352,0.457886,-0.217729,-0.917981,0.469184,-0.020216,-0.537842,0.303483,-0.415181,0.048054,0.343484,-0.028259,-0.072667,-0.283939,-0.090443
0.011093,-0.216247,-0.205971,0.051687,-0.798020,-0.191541,-1.514147,0.301315,0.038807,-1.463425,0.659442,-0.236017,0.173985,0.656025,-0.161220,0.481638,-0.262104,-0.747276,0.552436,-0.496920,-0.154980,0.553511,-0.429525,-0.041514,0.197655,0.046208,-0.202031,-0.440821,-0.126711
0.032895,-0.159627,-0.194897,-0.023615,-0.820621,-0.198875,-1.522734,0.285814,0.035163,-1.367910,0.584971,-0.333610,0.205306,0.662315,-0.112698,0.509191,-0.264567,-0.752871,0.553415,-0.703815,-0.104658,0.675626,-0.430055,0.151121,0.127716,0.014898,-0.166792,-0.493927,-0.117318
0.076500,-0.046387,-0.172748,-0.174218,-0.865823,-0.213543,-1.539908,0.254812,0.027876,-1.176880,0.436029,-0.528795,0.267947,0.674893,-0.015654,0.564297,-0.269494,-0.764060,0.555371,-1.117605,-0.004014,0.919855,-0.431113,0.536390,-0.012162,-0.047723,-0.096316,-0.600137,-0.098533
-0.041301,0.096087,-0.188846,-0.305491,-0.849904,-0.205672,-1.508731,0.162518,-0.010486,-0.813742,0.110446,-0.726554,0.290282,0.709524,0.204618,0.624657,-0.238335,-0.739818,0.521155,-1.465776,-0.010825,1.011333,-0.342515,0.564495,-0.051963,-0.067472,-0.052113,-0.752720,-0.080635
-0.100202,0.167324,-0.196894,-0.371127,-0.841945,-0.201736,-1.493143,0.116372,-0.029666,-0.632173,-0.052346,-0.825434,0.301450,0.726839,0.314754,0.654836,-0.222756,-0.727697,0.504046,-1.639861,-0.014230,1.057073,-0.298215,0.578548,-0.071864,-0.077347,-0.030011,-0.829011,-0.071686
-0.352691,0.344645,-0.166517,-0.376810,-0.628444,-0.064097,-0.919689,0.009608,-0.089146,0.129841,-0.746678,-0.835587,0.224287,0.832791,0.821051,0.610138,-0.194880,-0.640967,0.000000,-1.288780,-0.093806,0.819411,-0.093777,0.525902,-0.107673,0.402939,0.002764,-0.949200,0.056528
-0.305975,0.341145,-0.150360,-0.451678,-0.702607,-0.094575,-0.320760,0.064274,-0.084178,0.236500,-0.886708,-0.798571,0.180225,0.772274,0.975917,0.560438,-0.211830,-0.532804,0.000000,-0.993435,-0.121644,0.667759,-0.075278,0.433328,-0.129951,0.529598,0.022995,-0.878067,0.070835
-0.212542,0.334144,-0.118044,-0.601413,-0.850932,-0.155531,0.877098,0.173606,-0.074243,0.449816,-1.166767,-0.724540,0.092099,0.651239,1.285651,0.461038,-0.245728,-0.316477,0.000000,-0.402744,-0.177321,0.364455,-0.038280,0.248180,-0.174508,0.782914,0.063458,-0.735802,0.099450
-0.631806,-0.035940,-0.072552,-1.068920,-1.195380,-0.438713,0.841978,0.486911,-0.046622,1.419900,-1.122369,-0.630941,-0.103433,-0.862642,1.547312,0.418970,-0.292540,-0.105492,0.000000,0.186519,-0.171428,-0.061299,-0.082977,0.080192,-0.257885,0.711558,0.042196,-0.450362,0.097367
-0.841438,-0.220982,-0.049806,-1.302673,-1.367605,-0.580305,0.824419,0.643564,-0.032812,1.904941,-1.100170,-0.584141,-0.201198,-1.619582,1.678143,0.397936,-0.315945,0.000000,0.000000,0.481151,-0.168482,-0.274175,-0.105325,-0.003802,-0.299573,0.675880,0.031565,-0.307642,0.096325
-0.872949,-1.052667,0.045890,-1.503767,-1.707016,-0.739493,1.244206,0.999116,0.090835,1.816681,-0.235872,-0.323908,-0.217124,-0.998051,2.068030,0.369471,-0.127784,1.122689,0.000000,1.150591,-0.868587,-0.795236,-0.082988,-0.509071,-0.652856,0.226022,-0.045042,0.590966,-0.479229
-0.625709,-1.352123,0.107452,-1.387869,-1.669947,-0.634329,1.401134,0.885165,0.120689,1.440930,0.214007,-0.183269,-0.210237,-0.869081,2.037833,0.355843,-0.051324,1.089701,0.000000,1.153479,-1.005862,-0.911342,-0.134696,-0.844397,-0.557799,0.003331,0.010655,0.717986,-0.546639
-0.131228,-1.951034,0.230575,-1.156071,-1.595809,-0.423999,1.714990,0.657265,0.180396,0.689429,1.113763,0.098009,-0.196462,-0.611140,1.977438,0.328588,0.101595,1.023725,0.000000,1.159256,-1.280413,-1.143554,-0.238112,-1.515048,-0.367686,-0.442051,0.122050,0.972025,-0.681458
-0.004929,-2.319852,0.415019,-0.785497,-1.597398,-0.184394,1.844989,-1.438110,0.114435,0.422188,2.194169,0.221788,-0.273764,-0.606907,1.220574,0.334789,0.155004,0.943721,-1.284235,0.858253,-1.074166,-1.062416,-0.346018,-2.125732,0.035314,-0.799457,-0.009192,0.753535,-0.093938
0.058220,-2.504261,0.507241,-0.600210,-1.598192,-0.064592,1.909989,-2.485797,0.081455,0.288568,2.734373,0.283678,-0.312415,-0.604791,0.842141,0.337889,0.181708,0.903719,-1.926353,0.707751,-0.971043,-1.021847,-0.399971,-2.431074,0.236814,-0.978160,-0.074813,0.644290,0.199821
0.264435,-0.723739,0.352174,-0.422239,-1.038875,-0.019922,1.570567,-4.138050,0.203541,-0.144980,2.332476,0.323039,-0.432553,-0.337704,-1.836115,0.488232,0.240853,0.948228,-2.198558,0.228226,0.055507,-0.630602,-0.528392,-2.621092,0.197714,-1.188501,-0.274656,0.221155,0.606990
0.345839,-0.147476,0.252548,-0.528528,-0.790781,-0.074982,1.420676,-4.181343,0.222013,-0.333070,2.244454,0.323103,-0.416845,-0.207100,-2.266951,0.499994,0.301418,0.985008,-1.500864,0.144170,0.237843,-0.455134,-0.457323,-2.145109,0.007191,-1.003075,-0.211228,0.119324,0.483332
0.508649,1.005048,0.053296,-0.741106,-0.294594,-0.185101,1.120893,-4.267930,0.258957,-0.709252,2.068411,0.323230,-0.385429,0.054110,-3.128623,0.523519,0.422547,1.058567,-0.105475,-0.023941,0.602514,-0.104198,-0.315185,-1.193141,-0.373856,-0.632222,-0.084371,-0.084339,0.236015
0.589029,1.125228,0.153966,-0.594867,0.573588,-0.095711,0.976715,-2.905982,0.244107,-0.740823,2.398537,0.393110,-0.300709,0.088305,-2.906915,0.419224,0.545211,0.952356,0.419286,0.027418,0.811476,0.149484,-0.091517,-0.169857,-0.500832,-0.021908,-0.041026,-0.051953,-0.146079
0.629219,1.185318,0.204300,-0.521747,1.007679,-0.051017,0.904626,-2.225009,0.236681,-0.756609,2.563600,0.428050,-0.258350,0.105402,-2.796062,0.367076,0.606542,0.899251,0.681666,0.053097,0.915957,0.276325,0.020317,0.341785,-0.564320,0.283248,-0.019354,-0.035760,-0.337126
0.495694,0.681640,0.450054,-0.239304,1.965619,-0.009450,1.079198,-0.459623,-0.011082,-0.593481,2.896253,0.689695,-0.218912,0.011238,-2.223531,0.181882,0.720064,0.762088,0.528481,0.224435,1.011314,0.436925,0.188931,0.305483,-0.512705,0.721786,0.075451,0.075206,0.066186
0.506191,0.658804,0.537338,-0.269327,2.042287,-0.059699,1.172239,-0.315434,-0.051913,-0.639554,2.868838,0.758275,-0.232353,0.019252,-2.080017,0.136119,0.720077,0.762370,0.433348,0.198207,1.041296,0.448353,0.229955,0.178873,-0.390747,0.690260,0.062971,0.077466,0.215935
0.527186,0.613132,0.711906,-0.329372,2.195622,-0.160198,1.358322,-0.027055,-0.133575,-0.731699,2.814009,0.895434,-0.259236,0.035278,-1.792990,0.044593,0.720102,0.762934,0.243082,0.145753,1.101258,0.471210,0.312002,-0.074348,-0.146830,0.627209,0.038012,0.081986,0.515435
0.463680,1.110544,0.721973,-0.358750,2.121520,-0.204838,1.355256,-0.648406,-0.199150,-0.635351,2.431667,1.101247,-0.277210,-0.057746,-1.495638,-0.040144,0.681005,0.738464,0.005031,0.213420,1.330799,0.362420,0.385258,0.001726,0.152907,0.326223,0.038850,0.056169,0.564493
0.431927,1.359251,0.727007,-0.373439,2.084469,-0.227158,1.353723,-0.959081,-0.231938,-0.587177,2.240496,1.204153,-0.286197,-0.104257,-1.346962,-0.082512,0.661457,0.726229,-0.113995,0.247253,1.445569,0.308025,0.421886,0.039764,0.302776,0.175731,0.039269,0.043260,0.589022
0.260801,1.835112,0.753289,-0.446067,2.310178,-0.326637,1.364334,-0.928486,-0.291589,-0.274300,1.128302,1.328927,-0.256662,-0.203403,-0.762319,-0.241660,0.586606,0.771430,0.198863,0.248805,1.778076,0.252961,0.512334,-0.118837,0.314473,0.069943,-0.001764,-0.026560,0.214421
0.184919,1.832926,0.759710,-0.484286,2.567188,-0.346222,1.289587,-0.586160,-0.323731,-0.206229,0.560313,1.326336,-0.225195,-0.222438,-0.386949,-0.301071,0.571069,0.806992,0.763180,0.196170,1.719003,0.281926,0.515045,-0.146202,0.171794,0.043679,0.017625,-0.049685,0.200722
0.033155,1.828554,0.772553,-0.560722,3.081210,-0.385393,1.140094,0.098493,-0.388014,-0.070088,-0.575663,1.321152,-0.162261,-0.260510,0.363789,-0.419894,0.539994,0.878117,1.891814,0.090898,1.600859,0.339857,0.520467,-0.200931,-0.113566,-0.008851,0.056402,-0.095934,0.173325
-0.372357,1.488404,0.917642,-0.297462,3.675797,-0.286729,1.200872,0.746296,-0.595617,0.311834,-1.591216,1.215120,-0.129384,-0.415091,1.107730,-0.531818,0.482950,0.919258,1.164255,-0.116594,1.452646,0.433863,0.466541,-0.126192,-0.150743,0.136144,0.105246,-0.215288,0.228061
-0.575113,1.318330,0.990187,-0.165832,3.973091,-0.237398,1.231261,1.070198,-0.699419,0.502794,-2.098993,1.162104,-0.112945,-0.492382,1.479701,-0.587779,0.454428,0.939829,0.800475,-0.220340,1.378539,0.480866,0.439578,-0.088823,-0.169331,0.208642,0.129668,-0.274966,0.255428
-0.904343,1.343795,1.011925,-0.093436,3.646063,-0.210705,1.163549,0.848749,-0.944136,0.561952,-2.932284,1.067574,0.016730,-0.537170,1.362626,-0.742908,0.343783,0.974798,0.000000,-0.301446,1.008092,0.554105,0.260135,0.330741,-0.044545,0.233592,0.093951,-0.321691,0.182289
-0.928607,1.285129,1.023689,-0.161229,3.221939,-0.249570,1.190287,0.815477,-0.937606,0.473494,-2.787845,1.024866,0.013519,-0.471722,1.181228,-0.785340,0.300937,0.957575,0.000000,-0.292137,0.871253,0.540200,0.215627,0.349053,-0.044328,0.219705,0.084783,-0.302731,0.167102
-0.977134,1.167798,1.047215,-0.296814,2.373689,-0.327301,1.243764,0.748934,-0.924546,0.296578,-2.498968,0.939452,0.007095,-0.340826,0.818432,-0.870203,0.215244,0.923128,0.000000,-0.273517,0.597575,0.512391,0.126611,0.385676,-0.043893,0.191931,0.066448,-0.264810,0.136728
-0.867074,0.960664,1.123481,-0.262946,1.960168,-0.300780,1.419470,1.521192,-0.633495,0.197901,-2.334656,0.936449,-0.205000,-0.249645,0.779770,-0.983943,0.113041,0.930279,0.000000,0.225384,0.514144,0.329579,0.074118,0.316738,-0.063154,0.169917,0.044058,-0.233939,0.054184
-0.812043,0.857097,1.161615,-0.246012,1.753408,-0.287520,1.507323,1.907321,-0.487969,0.148562,-2.252499,0.934947,-0.311048,-0.204054,0.760438,-1.040813,0.061939,0.933854,0.000000,0.474835,0.472428,0.238173,0.047872,0.282269,-0.072785,0.158910,0.032864,-0.218504,0.012912
-0.116710,1.292232,0.976716,-0.451090,1.648114,-0.016125,1.460293,3.107777,0.146842,-0.324046,-3.097675,0.961302,-0.629066,0.067286,1.592712,-1.249004,-0.103069,0.859027,0.000000,0.660542,0.639791,0.212706,0.244331,-0.196601,0.232916,-0.008550,-0.086660,-0.057259,-0.099106
0.061038,1.198051,0.784793,-0.671294,1.188687,0.083439,1.327693,2.793824,0.244912,-0.651907,-2.754421,0.886745,-0.681707,0.269569,1.252543,-1.286517,-0.149575,0.875808,0.000000,0.397193,0.624201,0.274625,0.307161,-0.288254,0.247875,-0.035741,-0.089822,-0.090413,-0.112716
0.416535,1.009687,0.400948,-1.111702,0.269832,0.282567,1.062495,2.165919,0.441051,-1.307630,-2.067912,0.737630,-0.786990,0.674134,0.572207,-1.361543,-0.242587,0.909369,0.000000,-0.129505,0.593020,0.398462,0.432819,-0.471560,0.277795,-0.090122,-0.096145,-0.156720,-0.139935
0.277272,0.269758,0.057642,-0.862322,-0.427961,0.755047,0.684789,0.672675,0.326884,-1.150882,-0.372109,0.406711,-0.811419,0.814628,-1.019379,-1.327072,-0.336045,0.510466,-0.549382,-1.054243,0.229025,0.425203,0.423895,0.280518,0.028680,0.203795,0.011875,-0.518067,-0.018629
0.207641,-0.100206,-0.114012,-0.737631,-0.776858,0.991287,0.495937,-0.073947,0.269801,-1.072508,0.475793,0.241252,-0.823634,0.884875,-1.815172,-1.309837,-0.382774,0.311015,-0.824073,-1.516611,0.047028,0.438573,0.419433,0.656556,-0.095878,0.350753,0.065885,-0.698740,0.042024
-0.994256,-0.725209,0.023078,0.535490,-0.015638,1.527956,0.314489,-0.970343,-0.003868,0.781849,0.724191,-0.208110,-0.802098,0.713922,-2.426890,-1.213910,-0.629577,0.000000,-4.123171,-1.806763,-0.775005,0.162903,0.059781,2.161404,-0.152593,0.379008,0.073042,-1.406604,-0.084690
-1.084857,-0.562916,-0.102214,0.543774,-0.008005,1.491697,0.376725,-1.178021,0.149831,0.984305,0.308827,-0.339603,-0.798713,1.048564,-2.258368,-1.120106,-0.700726,0.000000,-3.542103,-1.534153,-0.954587,0.044885,-0.118271,2.076560,-0.046098,0.281567,0.004041,-1.460131,-0.164364
-1.266059,-0.238329,-0.352796,0.560342,0.007261,1.419179,0.501196,-1.593379,0.457228,1.389216,-0.521902,-0.602588,-0.791945,1.717850,-1.921322,-0.932499,-0.843023,0.000000,-2.379965,-0.988934,-1.313751,-0.191152,-0.474375,1.906870,0.166891,0.086685,-0.133960,-1.567185,-0.323712
-1.365760,-0.066352,-0.559946,0.265157,-0.051423,1.104990,0.399124,-1.492284,0.637264,1.310062,-1.278415,-0.856564,-0.555041,2.755394,-1.384515,-0.625351,-0.872125,0.000000,-1.330781,-0.472609,-1.552928,-0.147016,-0.650417,0.582878,0.450654,-0.000492,-0.328329,-1.165193,-0.629525
-1.415611,0.019636,-0.663520,0.117564,-0.080765,0.947895,0.348088,-1.441737,0.727282,1.270486,-1.656672,-0.983552,-0.436589,3.274167,-1.116111,-0.471777,-0.886676,0.000000,-0.806189,-0.214446,-1.672516,-0.124948,-0.738437,-0.079117,0.592536,-0.044081,-0.425513,-0.964196,-0.782431
-1.553940,-0.016828,-0.670705,0.123234,-0.146060,0.854471,-0.246189,-1.348169,0.806087,1.311150,-1.892939,-1.184775,0.067883,4.540687,-0.189981,-0.076239,-0.819781,-0.550973,-0.193267,0.213561,-1.995052,-0.054685,-0.696888,-0.708377,0.445566,-0.180038,-0.386022,0.147850,-0.902277
-1.701424,0.031140,-0.610088,0.027912,-0.133214,0.875968,-1.470865,-1.242145,0.868053,1.361699,-1.824929,-1.223774,0.174190,4.705072,0.051188,0.035112,-0.761282,-2.045990,-0.107859,0.209023,-1.923260,-0.131519,-0.675029,-0.537509,0.381686,-0.155098,-0.285935,0.629040,-0.826858
-1.996392,0.127078,-0.488854,-0.162733,-0.107523,0.918961,-3.920217,-1.030095,0.991983,1.462796,-1.688909,-1.301771,0.386804,5.033840,0.533527,0.257815,-0.644286,-5.036025,0.062958,0.199946,-1.779676,-0.285187,-0.631310,-0.195774,0.253926,-0.105219,-0.085760,1.591420,-0.676021
-1.202166,0.267926,-0.294148,-0.845642,-0.107640,0.907149,-5.212365,-0.847697,0.962604,0.342833,-1.533749,-1.239922,0.508867,2.618036,0.688903,0.478675,-0.520369,-7.695507,0.134979,0.035839,-1.236778,-0.486302,-0.546693,0.198795,0.201223,-0.064922,0.014270,1.749579,-0.170216
-0.805053,0.338350,-0.196795,-1.187097,-0.107698,0.901243,-5.858440,-0.756497,0.947914,-0.217148,-1.456169,-1.208997,0.569898,1.410133,0.766591,0.589105,-0.458410,-9.025248,0.170990,-0.046214,-0.965329,-0.586860,-0.504384,0.396079,0.174871,-0.044774,0.064284,1.828659,0.082687
-0.774422,-0.350786,-0.119513,0.594109,-1.047287,0.227484,-2.199883,-0.699025,0.743354,2.586794,-0.317015,-0.966194,0.423817,-3.914636,0.165319,0.799944,-0.355330,-1.095751,0.169133,0.339165,0.131775,-0.998036,-0.206573,0.684041,0.161780,-0.193885,-0.076381,1.444633,0.487098
-0.664676,-0.522378,-0.134390,1.008332,-1.184537,0.107436,-1.712419,-0.582412,0.654876,2.683879,-0.192608,-0.851460,0.343151,-3.759955,0.100797,0.822238,-0.317442,-0.709933,0.150648,0.556855,0.305845,-1.109569,-0.104373,0.564785,-0.015366,-0.254625,-0.008795,1.223227,0.566074
-0.445186,-0.865562,-0.164144,1.836780,-1.459037,-0.132661,-0.737493,-0.349188,0.477920,2.878048,0.056206,-0.621991,0.181820,-3.450592,-0.028248,0.866824,-0.241664,0.061704,0.113678,0.992233,0.653983,-1.332636,0.100029,0.326273,-0.369657,-0.376105,0.126378,0.780415,0.724024
-0.322266,-1.139870,-0.367926,2.519576,-1.435747,-0.016977,-0.770777,-0.318937,0.340537,2.986817,0.528025,-0.598143,0.187031,-3.062345,0.185020,0.889456,-0.130123,1.301183,0.386513,0.930509,0.441421,-1.251545,0.107667,-0.428922,-0.828166,-0.394501,0.323806,0.305606,0.667125
-0.260805,-1.277024,-0.469818,2.860974,-1.424101,0.040865,-0.787419,-0.303812,0.271845,3.041201,0.763935,-0.586219,0.189636,-2.868222,0.291654,0.900772,-0.074352,1.920923,0.522930,0.899647,0.335140,-1.210999,0.111487,-0.806519,-1.057420,-0.403699,0.422521,0.068202,0.638675
0.718848,-1.718132,-0.579091,3.940295,-1.924741,-0.029120,0.892211,-0.040112,0.121342,2.452090,2.086920,-0.593748,0.363068,-2.549722,0.195057,0.860856,0.043426,2.892837,0.511047,0.420688,0.077453,-0.597214,0.157478,-1.060532,-0.362139,-0.397012,0.239412,-0.202533,0.135365
1.100025,-1.632772,-0.594064,3.972233,-2.026001,-0.154336,1.213775,0.063207,0.145464,2.105506,2.116356,-0.576809,0.409811,-2.459999,0.145114,0.827134,0.100191,2.988121,0.496181,0.321670,-0.020608,-0.374854,0.220066,-0.816572,-0.022336,-0.312601,0.108196,-0.098452,0.062347
1.862378,-1.462053,-0.624010,4.036110,-2.228520,-0.404766,1.856903,0.269843,0.193710,1.412339,2.175228,-0.542932,0.503296,-2.280554,0.045227,0.759690,0.213722,3.178689,0.466448,0.123634,-0.216731,0.069866,0.345243,-0.328652,0.657270,-0.143780,-0.154235,0.109709,-0.083688
1.954050,-1.288534,-0.726029,3.383723,-2.138229,-0.486853,1.014073,0.298770,0.125702,0.656393,1.958415,-0.488908,0.533430,-1.914692,0.089754,0.724445,0.328551,2.493163,0.477886,0.091683,-0.257598,0.233443,0.419117,0.337214,0.672412,0.200723,-0.106027,0.036481,-0.120916
1.999886,-1.201775,-0.777039,3.057530,-2.093083,-0.527896,0.592657,0.313234,0.091699,0.278420,1.850008,-0.461896,0.548497,-1.731761,0.112018,0.706822,0.385965,2.150400,0.483605,0.075708,-0.278031,0.315231,0.456054,0.670148,0.679983,0.372974,-0.081923,-0.000134,-0.139530
1.567587,-0.902235,-1.026124,1.970905,-1.710957,-0.355450,-1.343772,0.198129,-0.118030,-0.884416,1.377219,-0.327021,0.652200,-0.762523,0.324572,0.716752,0.476097,0.214627,0.527878,0.009660,-0.452265,0.210189,0.388806,0.775255,0.141002,0.531448,0.180968,-0.415733,0.037259
1.418372,-0.817594,-1.059908,1.740212,-1.617594,-0.294172,-1.774878,0.128790,-0.183137,-1.112066,1.258735,-0.322338,0.699415,-0.485908,0.357211,0.724706,0.469215,-0.087179,0.512927,-0.103874,-0.433867,0.195409,0.366402,0.631758,0.185289,0.456904,0.142117,-0.489504,0.049537
1.119942,-0.648311,-1.127474,1.278827,-1.430866,-0.171616,-2.637088,-0.009888,-0.313353,-1.567367,1.021769,-0.312972,0.793846,0.067323,0.422488,0.740613,0.455451,-0.690791,0.483026,-0.330942,-0.397071,0.165850,0.321593,0.344764,0.273863,0.307815,0.064414,-0.637045,0.074093
1.120173,-0.594867,-1.108234,0.897491,-1.577656,-0.229729,-2.724315,-0.014273,-0.379055,-1.885335,1.039799,-0.283887,0.896814,0.744424,0.461708,0.684185,0.387261,-0.918611,0.556282,-0.476447,-0.310107,0.110167,0.278549,0.121761,0.211086,0.177046,0.024233,-0.381064,0.086341
1.120289,-0.568145,-1.098614,0.706823,-1.651051,-0.258786,-2.767929,-0.016465,-0.411905,-2.044319,1.048813,-0.269345,0.948297,1.082974,0.481318,0.655971,0.353166,-1.032521,0.592910,-0.549200,-0.266626,0.082326,0.257027,0.010260,0.179697,0.111661,0.004143,-0.253074,0.092465
1.297037,-0.527798,-1.062489,-0.902585,-2.232850,-0.478369,-3.994687,0.059327,-0.441971,-2.896489,1.073554,-0.307529,1.068838,3.007560,0.736250,0.458814,0.208786,-3.553221,0.901833,-0.598403,-0.306854,-0.010486,0.288527,-0.025966,-0.071285,-0.122840,0.049135,-0.049786,-0.031768
1.976447,-0.585526,-1.081618,-1.965223,-2.699964,-0.690389,-4.030658,0.183038,-0.524290,-4.209459,1.047119,-0.292900,1.120066,2.698398,0.940968,0.341949,0.135185,-4.083030,1.238512,-0.582438,-0.325657,-0.078090,0.292040,0.042462,-0.102337,-0.061780,0.049226,-0.013824,-0.079814
3.335267,-0.700981,-1.119877,-4.090498,-3.634194,-1.114428,-4.102600,0.430459,-0.688928,-6.835400,0.994250,-0.263642,1.222522,2.080074,1.350406,0.108219,-0.012017,-5.142648,1.911869,-0.550509,-0.363264,-0.213300,0.299066,0.179318,-0.164442,0.060338,0.049407,0.058102,-0.175907
2.201721,-0.562994,-0.686209,-3.303796,-2.874863,-0.755286,-2.700896,0.561013,-0.672530,-4.893059,-0.187135,-0.336243,1.125136,-0.115970,2.138820,-0.066434,-0.167690,-1.714216,1.576198,-0.552822,-0.463113,-0.313727,0.240074,-0.030083,-0.101104,-0.132228,0.015649,0.059535,-0.083044
1.634949,-0.494000,-0.469376,-2.910445,-2.495198,-0.575715,-2.000043,0.626290,-0.664331,-3.921889,-0.777828,-0.372544,1.076443,-1.213992,2.533028,-0.153761,-0.245526,0.000000,1.408362,-0.553978,-0.513037,-0.363940,0.210578,-0.134784,-0.069436,-0.228511,-0.001231,0.060252,-0.036612
-0.364733,-0.782703,0.262079,-1.624065,-1.123626,0.146582,1.165733,1.133003,-0.444033,0.298892,-2.259690,-0.372112,0.592716,-2.663246,4.344436,-0.511447,-0.445321,0.000000,0.000000,-0.176471,-0.732613,-0.454963,0.379221,-0.105784,-0.073555,-0.275732,0.084302,0.302256,0.028855
-0.544121,-1.021252,0.357413,-1.687368,-1.200111,0.105741,1.388796,1.483953,-0.259370,0.833353,-2.146204,-0.303660,0.438209,-2.357009,4.708523,-0.610636,-0.452006,0.000000,0.000000,0.034744,-0.826168,-0.474041,0.405263,-0.117465,-0.103302,-0.318631,0.146564,0.383984,-0.021770
-0.902899,-1.498348,0.548079,-1.813973,-1.353081,0.024058,1.834924,2.185854,0.109957,1.902275,-1.919232,-0.166756,0.129193,-1.744533,5.436696,-0.809014,-0.465378,0.000000,0.000000,0.457175,-1.013278,-0.512195,0.457345,-0.140825,-0.162796,-0.404428,0.271089,0.547440,-0.123020
-1.016410,-1.751972,0.624757,-1.301377,-0.929707,0.406382,1.399481,1.671003,0.259221,2.192428,-0.807872,-0.032705,-0.011070,-1.313649,4.369732,-0.802396,-0.411402,0.000000,0.000000,0.502135,-0.934112,-0.536635,0.269922,-0.388323,0.040642,-0.311178,0.234461,0.400117,-0.018040
-1.073166,-1.878784,0.663095,-1.045080,-0.718020,0.597544,1.181760,1.413578,0.333852,2.337505,-0.252192,0.034321,-0.081202,-1.098206,3.836250,-0.799087,-0.384414,0.000000,0.000000,0.524615,-0.894529,-0.548855,0.176210,-0.512072,0.142361,-0.264554,0.216147,0.326456,0.034450
-0.800623,0.214500,0.994060,0.025121,1.965752,1.143649,1.125699,0.873700,0.106914,1.710884,-1.155111,0.173525,-0.093631,-0.827635,-1.779279,-0.398677,-0.226940,0.823972,0.000000,-0.146202,-0.123764,-0.520624,-0.120524,-0.963086,0.268436,-0.270350,-0.127543,-0.230749,0.523558
-0.538300,0.437057,0.873991,-0.160543,1.809033,1.015346,1.068330,0.476052,0.112921,1.211217,-0.310677,0.315028,-0.174439,-0.581208,-1.842712,-0.290321,-0.182647,1.097984,0.000000,-0.160646,0.242783,-0.506817,-0.095950,-0.864487,0.236951,-0.306456,-0.189897,-0.313939,0.473462
-0.013653,0.882170,0.633853,-0.531873,1.495594,0.758739,0.953591,-0.319243,0.124936,0.211884,1.378191,0.598035,-0.336057,-0.088355,-1.969577,-0.073607,-0.094062,1.646007,0.000000,-0.189534,0.975879,-0.479203,-0.046803,-0.667288,0.173981,-0.378668,-0.314605,-0.480319,0.373271
0.280090,0.990894,0.358076,-0.715410,1.259199,0.512990,0.773736,-0.569278,0.120354,-0.380191,3.104433,0.934416,-0.390359,0.188201,-2.688579,0.002887,0.075547,1.180742,0.000000,0.110865,1.113794,-0.308191,-0.089680,-0.494930,-0.306640,-0.398292,-0.140041,-0.114611,0.179944
0.426962,1.045256,0.220187,-0.807179,1.141001,0.390116,0.683809,-0.694295,0.118063,-0.676228,3.967554,1.102606,-0.417510,0.326478,-3.048079,0.041134,0.160352,0.948109,0.000000,0.261065,1.182752,-0.222684,-0.111119,-0.408751,-0.546950,-0.408104,-0.052759,0.068243,0.083281
0.198491,0.888547,0.341861,-0.843760,1.166736,-0.002165,0.752576,-1.056778,-0.311844,-0.948726,5.006438,1.277404,-0.339932,0.506884,-3.758577,0.206965,0.495288,0.566721,0.000000,0.176829,0.702512,0.128363,-0.339829,-0.917116,-0.730238,-0.041600,0.085903,0.236990,-0.198548
0.131899,0.803823,0.425157,-0.917445,1.368580,-0.145871,0.823984,-0.745772,-0.397780,-1.002526,4.922135,1.312166,-0.347898,0.549094,-3.544904,0.243451,0.554997,0.635765,0.000000,0.191950,0.561467,0.192508,-0.360571,-0.862200,-0.617396,0.045733,0.127169,0.190510,-0.274670
-0.001284,0.634375,0.591751,-1.064816,1.772270,-0.433282,0.966798,-0.123761,-0.569653,-1.110126,4.753531,1.381689,-0.363830,0.633515,-3.117557,0.316424,0.674415,0.773853,0.000000,0.222192,0.279377,0.320796,-0.402056,-0.752369,-0.391713,0.220398,0.209702,0.097551,-0.426914
-0.382022,0.754770,0.827721,-0.844061,3.040479,-0.392261,0.941375,0.363030,-0.684047,-0.692689,3.372039,1.416934,-0.368771,0.565575,-2.030426,0.291516,0.668364,0.948257,0.000000,0.397857,0.245753,0.426413,-0.277711,-0.019159,-0.539210,0.370081,0.197902,0.034850,-0.632776
-0.572391,0.814968,0.945706,-0.733683,3.674583,-0.371751,0.928664,0.606426,-0.741244,-0.483970,2.681293,1.434557,-0.371242,0.531605,-1.486860,0.279062,0.665338,1.035459,0.000000,0.485689,0.228941,0.479221,-0.215539,0.347446,-0.612959,0.444922,0.192003,0.003499,-0.735706
-1.128274,1.108016,1.100891,-0.208224,5.834388,-0.073308,0.732039,1.374325,-0.795883,0.424726,0.157743,1.365320,-0.387654,0.237550,-0.286961,0.144331,0.509582,1.257823,0.000000,0.592797,0.479429,0.855503,-0.052582,0.277351,-0.139980,0.277401,-0.448319,0.176667,-0.092131
-1.220416,1.393247,1.116104,-0.143675,5.826207,-0.066354,0.714747,1.073877,-0.782950,0.587779,-0.611230,1.321347,-0.414611,0.233995,0.339620,0.105410,0.456536,1.353731,0.000000,0.628944,0.582267,0.914551,-0.082461,0.203916,0.250383,0.348211,-0.465172,0.243957,0.243329
-1.404700,1.963708,1.146532,-0.014576,5.809846,-0.052445,0.680163,0.472983,-0.757084,0.913886,-2.149175,1.233400,-0.468525,0.226884,1.592782,0.027568,0.350445,1.545547,0.000000,0.701239,0.787944,1.032647,-0.142218,0.057047,1.031110,0.489831,-0.498877,0.378537,0.914251
-1.048157,2.538311,1.047475,-0.478625,4.202826,-0.323340,0.706309,-0.348995,-0.556889,0.203568,-2.988876,1.154618,-0.614043,0.584680,2.169954,-0.003473,0.266569,1.508542,0.000000,0.703583,0.890895,0.890139,-0.171789,0.144834,0.435561,0.665966,-0.059459,0.348885,0.876839
-0.869886,2.825612,0.997947,-0.710649,3.399317,-0.458787,0.719382,-0.759983,-0.456792,-0.151591,-3.408726,1.115227,-0.686803,0.763578,2.458540,-0.018993,0.224631,1.490040,0.000000,0.704756,0.942371,0.818886,-0.186574,0.188727,0.137787,0.754033,0.160251,0.334059,0.858133
-0.407731,3.008517,0.953988,-1.181669,3.004919,-0.620852,0.980608,1.356494,-0.181606,-1.064410,-5.566512,1.021214,-0.902499,1.294247,2.189074,-0.080964,0.039968,1.485719,0.000000,0.329212,0.951667,0.530537,-0.152189,0.373944,-0.727470,0.534686,0.246463,-0.074479,0.307212
-0.102164,2.731418,0.898388,-1.548791,2.280785,-0.693368,1.085465,1.686991,-0.026560,-1.747520,-5.337224,0.996413,-0.994097,1.722041,1.681152,-0.161479,-0.054386,1.390373,0.000000,0.197709,0.920336,0.410233,-0.138212,0.465403,-0.707828,0.444003,0.174523,-0.231691,0.077063
0.508970,2.177220,0.787188,-2.283035,0.832518,-0.838400,1.295178,2.347986,0.283531,-3.113742,-4.878648,0.946811,-1.177294,2.577628,0.665308,-0.322507,-0.243096,1.199682,0.000000,-0.065297,0.857672,0.169623,-0.110260,0.648322,-0.668545,0.262636,0.030643,-0.546116,-0.383237
-0.139762,0.841820,0.667542,-1.945307,-0.937904,-0.253255,0.528486,-1.012254,0.178855,-2.618819,-2.010676,0.744512,-1.227169,3.032274,-2.895183,-0.591789,-0.535330,0.577710,-2.815558,-0.296486,0.439536,0.029831,-0.323437,0.742886,-0.508141,0.179155,0.001147,-0.756963,-0.539891
-0.464128,0.174120,0.607719,-1.776443,-1.823114,0.039318,0.145141,-2.692375,0.126517,-2.371358,-0.576690,0.643363,-1.252107,3.259597,-4.675428,-0.726431,-0.681446,0.266725,-4.223336,-0.412080,0.230468,-0.040065,-0.430026,0.790168,-0.427939,0.137414,-0.013600,-0.862387,-0.618218
-2.368375,-0.849164,0.585006,-0.437158,-0.659129,0.945335,-1.435061,-0.785294,0.218822,0.530378,-0.046441,0.031385,-1.341972,3.228915,-4.478521,-1.108673,-1.110204,-0.928452,-3.709857,-0.381256,-0.531304,0.005279,-1.030934,1.046108,-0.143699,0.059148,-0.108111,-0.593937,-0.405973
-2.134793,-0.652922,0.447526,-0.291387,-0.381996,1.241320,-1.873523,-0.529822,0.508770,0.581345,-0.238822,-0.175924,-1.275425,3.432075,-3.790090,-1.168698,-1.191481,-2.013585,-2.845239,-0.332227,-0.660598,0.083933,-1.165947,0.966927,0.054121,0.071302,-0.195702,-0.404902,-0.470047
-1.667629,-0.260438,0.172565,0.000155,0.172270,1.833291,-2.750449,-0.018876,1.088665,0.683279,-0.623584,-0.590544,-1.142330,3.838393,-2.413226,-1.288749,-1.354035,-4.183849,-1.116004,-0.234168,-0.919184,0.241241,-1.435972,0.808563,0.449760,0.095610,-0.370884,-0.026831,-0.598195
0.421810,0.556879,-0.372895,-0.069491,0.562672,2.023802,-2.462183,-0.746418,1.259411,-1.791887,-1.421636,-0.681969,-0.589430,4.015374,-1.321185,-1.074415,-1.253120,-6.679520,-0.653057,-0.295342,-1.012864,0.255804,-1.371905,0.614827,0.861692,0.115495,-0.646860,0.107508,-0.797484
1.466529,0.965538,-0.645625,-0.104314,0.757873,2.119057,-2.318050,-1.110189,1.344783,-3.029471,-1.820662,-0.727682,-0.312980,4.103864,-0.775164,-0.967248,-1.202662,-7.927355,-0.421584,-0.325930,-1.059703,0.263085,-1.339871,0.517959,1.067659,0.125437,-0.784847,0.174677,-0.897128
0.328823,-0.069914,-1.148154,-0.381358,-0.779610,0.549290,0.781529,-2.057360,0.844738,-0.179218,-0.653074,-0.906450,0.485270,0.399470,-1.038347,-0.401918,-0.771874,0.000000,-0.056724,-0.756944,-1.251007,0.257649,-1.077036,0.167030,0.639086,-0.139479,-0.516779,-0.424279,-0.781629
-0.618062,-0.299069,-0.960595,-0.088084,-1.038265,0.203725,0.161318,-1.828863,0.685262,1.876600,-0.587914,-0.911177,0.520920,-1.660490,-0.966124,-0.275664,-0.595284,0.000000,-0.010812,-0.709121,-1.197606,0.161058,-0.867047,0.165247,0.366556,-0.177986,-0.328528,-0.508554,-0.614331
-2.511832,-0.757379,-0.585475,0.498466,-1.555575,-0.487403,-1.079103,-1.371870,0.366312,5.988236,-0.457595,-0.920632,0.592221,-5.780409,-0.821679,-0.023156,-0.242104,0.000000,0.081010,-0.613475,-1.090803,-0.032126,-0.447071,0.161680,-0.178503,-0.255001,0.047974,-0.677104,-0.279736
-2.080415,-0.709103,-0.498640,1.391206,-1.318501,-0.336798,-0.512372,-1.054884,0.252106,5.921571,-0.731243,-0.902279,0.559012,-4.988765,-0.332747,0.086840,0.030002,0.000000,0.117771,-0.297635,-0.935114,-0.133380,0.020012,0.068888,-0.345862,-0.319107,0.169986,-0.760919,-0.084862
-1.864706,-0.684965,-0.455223,1.837576,-1.199964,-0.261495,-0.229007,-0.896391,0.195004,5.888239,-0.868067,-0.893102,0.542408,-4.592943,-0.088280,0.141837,0.166056,0.000000,0.136151,-0.139714,-0.857270,-0.184007,0.253553,0.022493,-0.429542,-0.351161,0.230991,-0.802826,0.012575
-0.746412,-0.573504,-0.444864,2.797404,-0.747556,0.205004,-0.635842,-0.723765,0.080364,4.423785,-0.803545,-0.940180,0.797851,-3.235644,1.093262,0.231452,0.407386,0.021516,0.528793,0.288361,-0.668238,-0.018654,0.537420,-0.070706,0.024606,-0.280344,0.237535,0.027192,0.201121
-0.426117,-0.740248,-0.439614,2.802969,-1.018304,0.149332,-0.461098,-0.757853,0.026307,3.692133,-0.344454,-0.908375,0.877351,-2.950906,1.073922,0.216613,0.417452,0.895559,0.591913,0.388255,-0.496637,0.020248,0.638556,-0.172095,0.205899,-0.228965,0.180592,0.451244,0.222492
0.214475,-1.073737,-0.429116,2.814100,-1.559799,0.037987,-0.111610,-0.826027,-0.081807,2.228828,0.573727,-0.844765,1.036352,-2.381431,1.035241,0.186937,0.437583,2.643647,0.718154,0.588042,-0.153435,0.098051,0.840830,-0.374873,0.568484,-0.126207,0.066707,1.299349,0.265233
0.729778,-0.889650,-0.431624,2.874787,-1.609200,-0.112755,0.112270,-0.687104,-0.044487,1.209601,0.406812,-0.745469,1.041464,-2.006624,1.018829,0.197182,0.467001,2.077047,0.630222,0.750740,0.351897,0.006195,1.060714,-0.393396,0.699594,-0.045881,0.005195,1.560794,0.380309
0.987430,-0.797607,-0.432878,2.905130,-1.633900,-0.188126,0.224210,-0.617643,-0.025827,0.699987,0.323354,-0.695821,1.044020,-1.819220,1.010623,0.202305,0.481710,1.793747,0.586256,0.832089,0.604563,-0.039732,1.170655,-0.402657,0.765148,-0.005718,-0.025561,1.691516,0.437847
1.400263,-0.604523,-0.618584,2.866395,-1.560101,-0.274754,0.237309,-0.587865,-0.029597,-0.382138,0.249248,-0.505597,0.959208,-1.021502,0.967370,0.393439,0.602951,1.029442,0.504314,0.917870,1.031236,-0.340880,1.324675,-0.336696,0.153871,-0.322695,0.315017,0.719807,0.819393
1.450825,-0.592310,-0.679804,2.915336,-1.557100,-0.275636,0.409148,-0.582666,-0.070829,-0.565750,0.319939,-0.468991,0.958217,-0.892227,0.917785,0.476102,0.635978,1.060219,0.531394,0.785399,1.014323,-0.396274,1.293662,-0.412849,-0.058976,-0.365955,0.406702,0.413284,0.917355
1.551949,-0.567882,-0.802244,3.013219,-1.551099,-0.277398,0.752825,-0.572267,-0.153293,-0.932974,0.461320,-0.395778,0.956237,-0.633677,0.818614,0.641427,0.702032,1.121774,0.585555,0.520457,0.980498,-0.507063,1.231635,-0.565157,-0.484669,-0.452474,0.590070,-0.199761,1.113281
1.365934,-0.672527,-0.831966,3.130527,-1.539985,-0.214274,1.070749,-0.559588,-0.295373,-0.860226,0.734234,-0.415018,1.000008,-0.402528,0.674450,0.745470,0.710924,1.338545,0.567439,0.217781,0.786213,-0.408522,1.112912,-0.274477,-0.390917,-0.358453,0.500851,-0.355123,1.025123
1.272926,-0.724849,-0.846827,3.189181,-1.534428,-0.182712,1.229711,-0.553249,-0.366413,-0.823851,0.870692,-0.424637,1.021893,-0.286953,0.602369,0.797491,0.715369,1.446930,0.558381,0.066444,0.689070,-0.359251,1.053550,-0.129137,-0.344041,-0.311443,0.456242,-0.432804,0.981045
1.181729,-1.036032,-0.800308,2.825882,-1.769132,-0.177786,1.239176,-0.245304,-0.431055,-1.012874,1.549749,-0.430927,1.039352,0.501369,0.276824,0.815383,0.662258,0.778110,0.413323,-0.112750,0.049106,-0.183427,0.863857,0.490969,0.054790,0.042247,0.150577,0.163296,0.571522
1.236474,-1.139714,-0.771271,2.492930,-1.905853,-0.227790,1.042187,-0.079399,-0.415701,-1.190750,1.744044,-0.404578,1.022929,0.908030,0.191301,0.791053,0.621185,0.188852,0.344001,-0.088654,-0.119310,-0.108325,0.786357,0.498323,0.190177,0.044881,0.111983,0.251953,0.346534
1.345964,-1.347078,-0.713198,1.827028,-2.179295,-0.327797,0.648208,0.252412,-0.384991,-1.546503,2.132633,-0.351879,0.990084,1.721350,0.020255,0.742392,0.539038,-0.989664,0.205359,-0.040463,-0.456142,0.041878,0.631356,0.513032,0.460952,0.050151,0.034795,0.429269,-0.103442
1.530517,-1.493568,-0.717104,0.584135,-2.415976,-0.493391,-0.784174,0.623665,-0.305827,-2.261170,2.293704,-0.307755,0.890059,2.961987,-0.112522,0.703303,0.429371,-3.281950,-0.167869,-0.064933,-0.715671,0.093267,0.457585,0.496754,0.852320,0.110898,0.032121,0.465209,-0.367294
1.622794,-1.566813,-0.719058,-0.037311,-2.534316,-0.576189,-1.500365,0.809292,-0.266245,-2.618503,2.374239,-0.285693,0.840047,3.582305,-0.178910,0.683759,0.374537,-4.428093,-0.354482,-0.077168,-0.845436,0.118961,0.370699,0.488615,1.048004,0.141272,0.030784,0.483179,-0.499220
2.560747,-1.990243,-1.249151,-4.149133,-3.826057,-1.412547,-4.109364,1.797767,-0.348095,-5.601090,2.413791,-0.193028,0.793221,0.850180,-0.145911,0.571787,0.155588,-3.417409,-0.037576,-0.319349,-1.195977,0.167706,0.098566,0.330189,-0.263823,0.099218,-0.058916,0.115288,-0.543826
2.106184,-1.758638,-1.164196,-3.891908,-3.317031,-1.241251,-3.772703,1.979938,-0.277987,-4.775477,1.671877,-0.214964,0.735612,-0.045756,0.004801,0.522859,0.082890,-2.278273,-0.000727,-0.419111,-1.235555,0.187960,-0.013083,0.314234,-0.456062,0.127983,-0.008489,0.039502,-0.464648
1.197059,-1.295429,-0.994288,-3.377456,-2.298979,-0.898657,-3.099380,2.344281,-0.137772,-3.124252,0.188048,-0.258837,0.620394,-1.837628,0.306226,0.425002,-0.062506,0.000000,0.072973,-0.618634,-1.314712,0.228467,-0.236381,0.282326,-0.840540,0.185513,0.092364,-0.112070,-0.306293
-0.276513,-0.492816,-0.771275,-2.715603,-1.674831,-0.716684,-1.084965,1.719262,-0.046415,-0.008770,-1.350174,-0.277044,0.448564,-2.454359,0.194564,0.319141,-0.117175,0.000000,0.461736,-0.720288,-1.375817,0.306249,-0.373939,-0.073458,-0.449306,0.075701,0.089246,-0.086103,-0.216434
-1.013298,-0.091510,-0.659769,-2.384676,-1.362757,-0.625698,-0.077758,1.406752,-0.000736,1.548971,-2.119285,-0.286148,0.362649,-2.762725,0.138733,0.266210,-0.144509,0.000000,0.656117,-0.771115,-1.406370,0.345140,-0.442718,-0.251349,-0.253689,0.020795,0.087687,-0.073119,-0.171504
-1.923557,0.345532,-0.407372,-2.582239,-1.042439,-0.945482,0.512778,1.671290,-0.020939,3.163996,-3.549323,-0.322242,0.232762,-1.197471,-0.461654,0.170557,0.046027,0.000000,0.790177,-0.790928,-1.559924,0.542006,-0.513092,-0.615458,0.058111,0.125645,-0.012553,-0.022231,-0.328101
-1.543513,0.029793,-0.136857,-2.272568,-0.616948,-0.723122,0.696427,2.207317,-0.080975,2.576390,-3.080244,-0.276955,0.267826,-1.029951,-0.731757,0.160365,0.082443,0.101937,0.130969,-0.958421,-1.413486,0.526525,-0.513030,-0.587872,0.100481,0.151878,-0.058977,-0.127148,-0.342048
-0.783426,-0.601686,0.404173,-1.653225,0.234033,-0.278403,1.063723,3.279372,-0.201047,1.401177,-2.142086,-0.186381,0.337954,-0.694912,-1.271963,0.139980,0.155276,0.305812,-1.187445,-1.293408,-1.120609,0.495561,-0.512906,-0.532701,0.185222,0.204345,-0.151827,-0.336982,-0.369942
-0.538084,-0.075231,0.914311,-0.851218,1.267375,0.359892,1.357496,2.050321,-0.123066,1.189442,-1.887820,0.008514,0.001950,-0.728534,1.259423,0.083807,0.025449,1.020087,2.117321,-0.847573,-0.368747,0.224131,-0.419225,-0.177323,0.140385,0.257641,-0.269015,-0.523818,0.040932
-0.415413,0.187997,1.169380,-0.450214,1.784046,0.679039,1.504383,1.435795,-0.084075,1.083574,-1.760687,0.105961,-0.166052,-0.745345,2.525116,0.055720,-0.039465,1.377225,3.769704,-0.624656,0.007185,0.088416,-0.372384,0.000366,0.117966,0.284289,-0.327609,-0.617236,0.246370
0.248533,-0.565015,0.984483,-0.106541,2.469537,0.728939,1.281167,2.939923,0.182010,0.125887,2.846194,0.984404,-0.657270,-0.219358,0.280260,-0.058387,-0.105849,1.376195,1.164543,1.417755,1.318699,-0.255629,-0.059284,-0.227363,-0.013701,-0.227628,-0.250572,0.477351,0.692381
0.499014,-0.285617,0.766593,-0.378838,2.027027,0.488601,1.122653,1.909863,0.251920,-0.292562,3.665548,1.114281,-0.683618,0.032041,-0.068329,-0.051685,-0.011630,1.386464,0.629717,1.495119,1.403075,-0.258528,-0.051938,-1.038150,-0.225893,-0.380301,-0.139483,0.756506,0.620880
0.999974,0.273179,0.330814,-0.923432,1.142009,0.007926,0.805626,-0.150256,0.391739,-1.129460,5.304255,1.374037,-0.736313,0.534841,-0.765507,-0.038280,0.176809,1.407004,-0.439934,1.649848,1.571825,-0.264326,-0.037247,-2.659725,-0.650278,-0.685648,0.082694,1.314817,0.477878
0.717950,0.554906,0.300628,-1.032670,0.840459,-0.198718,0.680060,-1.313810,0.047176,-1.177943,5.354104,1.243589,-0.574308,0.623983,-1.270536,0.103662,0.360766,1.241147,-0.797095,0.754116,1.065419,-0.086752,-0.273381,-2.671044,-0.898930,-0.689160,0.252074,0.701575,0.240930
0.576939,0.695770,0.285534,-1.087290,0.689684,-0.302039,0.617277,-1.895587,-0.125106,-1.202184,5.379029,1.178365,-0.493306,0.668554,-1.523050,0.174632,0.452745,1.158219,-0.975676,0.306249,0.812216,0.002035,-0.391449,-2.676703,-1.023256,-0.690916,0.336764,0.394954,0.122455
0.110780,0.815592,0.596639,-0.924835,1.824347,-0.380329,0.818597,-1.082405,-0.525605,-0.964596,3.905468,1.042112,-0.436226,0.478586,-1.062374,0.316830,0.539797,0.897922,0.259161,-0.539948,0.432953,0.116276,-0.492100,0.185835,-0.400273,0.084944,0.056817,-0.476071,-0.376084
0.028976,0.948821,0.633286,-0.854316,2.455724,-0.328780,0.793542,-0.648837,-0.507887,-0.819523,3.186407,1.038034,-0.445176,0.396462,-0.796603,0.272809,0.514489,0.896828,0.670324,-0.461213,0.450514,0.157386,-0.473557,0.570037,-0.314947,0.165111,0.070831,-0.575635,-0.602746
-0.134630,1.215279,0.706580,-0.713277,3.718476,-0.225682,0.743432,0.218299,-0.472450,-0.529379,1.748285,1.029877,-0.463075,0.232214,-0.265060,0.184768,0.463872,0.894641,1.492648,-0.303742,0.485636,0.239607,-0.436471,1.338442,-0.144294,0.325446,0.098859,-0.774764,-1.056071
-0.690559,1.560970,0.749657,-0.251222,4.582548,0.104477,0.459587,-0.204017,-0.568492,0.338326,0.197757,0.936896,-0.360906,-0.034577,0.141067,0.000208,0.345268,0.906212,0.497549,-0.071203,0.593351,0.418721,-0.388041,0.552190,-0.300999,0.489794,-0.093943,-0.626117,-1.018245
-0.968524,1.733815,0.771196,-0.020195,5.014584,0.269557,0.317665,-0.415175,-0.616513,0.772178,-0.577506,0.890405,-0.309821,-0.167973,0.344130,-0.092072,0.285966,0.911997,0.000000,0.045066,0.647208,0.508279,-0.363826,0.159064,-0.379351,0.571968,-0.190344,-0.551794,-0.999332
-1.005397,2.201921,0.732862,-0.257906,4.180803,0.122994,0.282565,-1.169712,-0.570793,0.774980,-2.114339,0.760677,-0.278986,-0.014699,0.533850,-0.326099,0.102726,1.103618,0.000000,0.241209,0.961565,0.520492,-0.294868,-0.181992,0.666595,0.816962,-0.702081,0.129763,0.069691
-0.921825,2.298035,0.759899,-0.412235,3.653296,0.037835,0.328101,-1.325863,-0.527671,0.557254,-2.432920,0.711085,-0.359270,0.119069,0.653202,-0.381708,0.053414,1.176220,0.000000,0.239623,1.083788,0.459636,-0.228180,0.027687,0.729634,0.784106,-0.551769,0.086265,0.255977
-0.754682,2.490262,0.813974,-0.720891,2.598282,-0.132482,0.419171,-1.638164,-0.441428,0.121800,-3.070083,0.611901,-0.519838,0.386604,0.891906,-0.492926,-0.045210,1.321425,0.000000,0.236451,1.328235,0.337926,-0.094804,0.447046,0.855712,0.718394,-0.251147,-0.000730,0.628549
-0.575799,2.472975,0.991186,-0.682504,2.646971,-0.088320,0.653173,-0.282675,-0.308120,-0.210826,-4.156207,0.571539,-0.740830,0.571029,1.688281,-0.595669,-0.156485,1.230745,0.000000,0.042120,1.485459,0.063435,0.009094,0.535735,0.255392,0.422830,0.102214,-0.138192,0.701923
-0.486358,2.464332,1.079793,-0.663311,2.671315,-0.066239,0.770174,0.395069,-0.241465,-0.377138,-4.699270,0.551358,-0.851326,0.663241,2.086468,-0.647040,-0.212123,1.185405,0.000000,-0.055046,1.564071,-0.073811,0.061044,0.580080,-0.044768,0.275048,0.278894,-0.206923,0.738610
-0.155983,1.980382,1.333597,-0.905356,2.204598,-0.128735,1.363073,2.689857,-0.030474,-1.129163,-5.173564,0.592856,-1.094434,1.128563,3.849580,-0.892008,-0.414022,1.004842,0.000000,-0.138779,1.601270,-0.518378,0.285637,0.770935,-0.552560,0.060380,0.205194,-0.404499,0.449347
0.061664,1.223634,1.079813,-1.272227,0.993641,-0.067455,1.178705,1.760758,0.156621,-1.604655,-3.271180,0.521467,-1.171436,1.547778,2.014099,-1.019373,-0.513512,0.968111,-0.026832,-0.158376,1.502358,-0.582589,0.299621,0.796527,-0.463422,0.005576,0.180692,-0.532411,0.323503
0.496959,-0.289860,0.572245,-2.005968,-1.428272,0.055105,0.809971,-0.097441,0.530811,-2.555640,0.533586,0.378690,-1.325442,2.386208,-1.656865,-1.274103,-0.712492,0.894648,-0.080496,-0.197568,1.304533,-0.711011,0.327587,0.847713,-0.285147,-0.104032,0.131689,-0.788234,0.071815
-1.095471,-0.926676,0.395930,-0.988595,-1.109865,0.643993,0.358976,-0.859002,0.398966,-0.197950,1.174780,-0.047653,-1.375715,2.235224,-3.331642,-1.439749,-0.895845,0.294438,-4.200157,-0.195644,0.714862,-0.537497,0.079029,0.899679,-0.228036,-0.261168,0.121687,-1.078312,-0.039370
-1.891686,-1.245085,0.307772,-0.479909,-0.950662,0.938437,0.133479,-1.239782,0.333043,0.980895,1.495377,-0.260825,-1.400852,2.159732,-4.169030,-1.522572,-0.987521,-0.005668,-6.259987,-0.194682,0.420027,-0.450740,-0.045251,0.925662,-0.199481,-0.339736,0.116686,-1.223350,-0.094962
-2.665290,-0.197762,-0.347206,-0.154809,-0.156824,1.437403,-0.964160,-1.038580,0.842542,2.628202,-0.745224,-1.074922,-1.179867,3.226806,-2.761469,-1.455122,-1.092994,-1.490512,-2.380825,-0.461163,-0.867226,-0.006205,-0.512978,0.638008,-0.023882,-0.398092,-0.083838,-0.678113,-0.346335
-2.398683,0.338900,-0.639433,-0.514346,0.085111,1.456456,-1.912769,-1.358636,0.949645,2.340118,-1.606899,-1.242570,-0.868774,3.663287,-2.173423,-1.296425,-1.034367,-3.013835,-1.958432,-0.633478,-1.252856,0.139481,-0.653113,0.444943,0.109659,-0.376091,-0.160561,-0.449156,-0.498903
-1.865471,1.412223,-1.223887,-1.233421,0.568981,1.494561,-3.809986,-1.998747,1.163852,1.763950,-3.330248,-1.577868,-0.246588,4.536248,-0.997332,-0.979031,-0.917114,-6.060480,-1.113645,-0.978109,-2.024117,0.430852,-0.933384,0.058814,0.376743,-0.332088,-0.314007,0.008759,-0.804039
0.378368,1.403030,-1.358301,-1.478914,0.110672,0.949480,-2.061155,-2.229739,1.050343,-1.252747,-2.875128,-1.476666,0.418103,4.644398,-0.852944,-0.587939,-0.688592,-6.208355,-0.469247,-1.273912,-2.171702,0.410575,-0.995854,0.044562,0.696857,-0.205402,-0.441195,0.501549,-0.926320
1.500288,1.398434,-1.425508,-1.601661,-0.118482,0.676939,-1.186739,-2.345235,0.993589,-2.761096,-2.647568,-1.426065,0.750448,4.698472,-0.780750,-0.392394,-0.574331,-6.282293,-0.147047,-1.421814,-2.245495,0.400436,-1.027089,0.037436,0.856914,-0.142059,-0.504788,0.747944,-0.987461
-1.302531,0.209851,-0.771764,-0.531102,-1.163820,-0.017026,-0.815543,-1.560701,0.479938,3.421860,-0.899542,-1.105643,0.823563,-2.553620,-0.431475,0.002048,-0.315113,0.000000,0.608300,-1.201379,-1.325984,0.254513,-0.501791,-0.651049,1.027930,-1.224599,-0.470339,0.318358,-0.798018
-1.218805,-0.036580,-0.603119,0.412323,-1.239442,0.019865,0.111783,-1.332849,0.309269,3.680992,-0.608527,-0.980662,0.777963,-2.785535,-0.253133,0.067690,-0.232940,0.000000,0.665324,-1.164644,-1.090240,0.344265,-0.240514,-0.585118,0.818401,-1.342336,-0.392864,0.304260,-0.618996
-1.051353,-0.529440,-0.265831,2.299173,-1.390684,0.093647,1.966435,-0.877147,-0.032070,4.199256,-0.026498,-0.730700,0.686762,-3.249366,0.103550,0.198975,-0.068594,0.000000,0.779374,-1.091174,-0.618752,0.523767,0.282040,-0.453256,0.399343,-1.577810,-0.237915,0.276063,-0.260953
-0.833399,-0.480030,-0.010668,2.408476,-1.267715,-0.002370,0.282755,-0.563257,-0.106976,3.660774,-0.408837,-0.617184,0.646889,-3.499209,0.420390,0.302427,0.120123,0.000000,0.623411,-0.519904,-0.314383,0.294373,0.552535,0.612028,-0.060941,0.379848,0.101701,0.159519,0.060273
-0.724422,-0.455325,0.116913,2.463128,-1.206231,-0.050379,-0.559085,-0.406312,-0.144429,3.391533,-0.600006,-0.560425,0.626952,-3.624131,0.578810,0.354153,0.214482,0.000000,0.545430,-0.234269,-0.162199,0.179676,0.687783,1.144670,-0.291084,1.358678,0.271508,0.101248,0.220886
0.003608,-0.368566,0.009875,2.754542,-0.970821,0.024363,-1.488043,-0.292082,-0.048958,1.778945,-0.711493,-0.244244,0.423638,-3.069631,0.946883,0.449232,0.399080,0.000000,0.603232,0.978228,0.396464,-0.325735,0.857363,0.324285,0.055296,2.041497,0.499489,0.030203,0.853552
0.144733,-0.452761,-0.037065,2.977423,-1.040868,0.047472,-1.276710,-0.245112,-0.019820,1.468383,-0.412280,-0.163881,0.380413,-2.890025,0.926879,0.478112,0.397237,0.616925,0.669148,1.022584,0.568617,-0.316429,0.859102,0.305905,0.110099,1.496904,0.465328,0.087443,1.007606
0.426981,-0.621151,-0.130945,3.423185,-1.180962,0.093688,-0.854044,-0.151173,0.038454,0.847260,0.186148,-0.003154,0.293962,-2.530812,0.886872,0.535870,0.393552,1.850776,0.800981,1.111296,0.912922,-0.297818,0.862581,0.269145,0.219706,0.407718,0.397006,0.201925,1.315716
0.734498,-0.832192,-0.144284,3.596215,-1.453306,0.003335,-0.266183,0.049075,0.044843,0.150819,0.831721,0.011621,0.319739,-2.051254,0.597592,0.546730,0.355270,2.229418,0.762183,0.739386,1.036941,-0.108306,0.775434,-0.504216,-0.113668,-0.314855,0.310514,0.066581,1.184448
0.888256,-0.937712,-0.150954,3.682731,-1.589477,-0.041842,0.027747,0.149199,0.048037,-0.197402,1.154508,0.019009,0.332627,-1.811475,0.452952,0.552160,0.336129,2.418739,0.742784,0.553431,1.098951,-0.013551,0.731860,-0.890896,-0.280355,-0.676141,0.267268,-0.001091,1.118814
1.007538,-1.200399,-0.216569,3.287233,-1.797894,-0.228026,-0.120833,0.415982,0.064049,-0.924690,1.626835,0.062887,0.333079,-0.948326,0.177079,0.576438,0.344417,1.875646,0.758652,0.543079,0.917165,-0.089504,0.528681,-0.685417,-0.460400,-0.475283,0.200966,-0.036457,0.534287
1.019214,-1.268920,-0.258680,3.183450,-1.801135,-0.254502,-0.081180,0.450618,-0.001335,-1.122490,1.691844,0.109825,0.354031,-0.608914,0.143782,0.585764,0.351594,1.620785,0.742515,0.565041,0.820726,-0.166229,0.477089,-0.317057,-0.314706,-0.273864,0.165109,-0.042776,0.343677
1.042566,-1.405962,-0.342901,2.975885,-1.807616,-0.307455,-0.001875,0.519889,-0.132103,-1.518089,1.821861,0.203701,0.395936,0.069910,0.077188,0.604414,0.365948,1.111063,0.710240,0.608965,0.627848,-0.319680,0.373904,0.419664,-0.023318,0.128974,0.093395,-0.055414,-0.037544
1.201896,-1.353548,-0.448612,2.796111,-1.717746,-0.289789,0.271083,0.554909,-0.233951,-1.810196,1.716357,0.249619,0.464212,-0.164322,0.087759,0.624666,0.368786,0.586181,0.659650,0.547138,0.315121,-0.295502,0.301532,0.131214,0.115822,0.033486,0.012010,-0.127589,-0.076179
1.281561,-1.327342,-0.501468,2.706224,-1.672810,-0.280956,0.407562,0.572419,-0.284875,-1.956249,1.663604,0.272579,0.498350,-0.281438,0.093045,0.634793,0.370206,0.323741,0.634355,0.516225,0.158758,-0.283413,0.265346,-0.013011,0.185392,-0.014259,-0.028683,-0.163676,-0.095497
1.210907,-1.375976,-0.560587,1.834440,-1.805402,-0.383768,-0.019238,0.718718,-0.403477,-1.770299,1.624343,0.245401,0.566935,0.694546,0.176958,0.624628,0.322671,-0.518142,0.708239,0.146690,-0.318561,-0.037029,0.132111,-0.204809,0.060555,-0.300586,0.025667,-0.043545,-0.078854
1.147670,-1.295908,-0.632631,1.205653,-1.924081,-0.458223,-0.764039,0.709583,-0.378857,-1.657116,1.536349,0.210916,0.568667,1.505695,0.263550,0.601921,0.294161,-1.027195,0.780695,0.073532,-0.433104,0.015547,0.129318,-0.218942,0.162101,-0.221255,-0.012469,-0.033700,-0.113607
1.021197,-1.135772,-0.776720,-0.051920,-2.161440,-0.607134,-2.253643,0.691313,-0.329616,-1.430749,1.360361,0.141946,0.572131,3.127993,0.436733,0.556507,0.237142,-2.045301,0.925607,-0.072783,-0.662191,0.120699,0.123732,-0.247210,0.365194,-0.062592,-0.088740,-0.014011,-0.183112
2.559666,-1.106781,-0.921256,-1.676340,-3.038507,-1.009279,-1.773209,0.891882,-0.327116,-3.472799,1.326512,0.102009,0.649014,2.612464,0.718132,0.393735,0.091171,-4.026115,1.327698,-0.170025,-1.033286,0.232835,0.092125,0.019509,0.629506,0.124398,-0.110439,0.036031,-0.324500
3.328900,-1.092285,-0.993524,-2.488550,-3.477041,-1.210352,-1.532992,0.992167,-0.325866,-4.493824,1.309587,0.082040,0.687456,2.354700,0.858832,0.312349,0.018185,-5.016522,1.528743,-0.218647,-1.218833,0.288903,0.076321,0.152869,0.761662,0.217893,-0.121288,0.061052,-0.395194
2.136346,-0.731860,-0.482490,-2.969189,-2.587712,-0.772759,-1.645022,1.117002,-0.406201,-3.477467,-0.686722,-0.076845,0.663734,-1.796438,2.099869,0.037031,-0.270558,0.000000,0.636064,-0.220526,-1.461809,0.379211,-0.109999,0.096232,-0.448198,0.112172,0.015209,-0.084930,-0.322547
1.451968,-0.659269,-0.324194,-2.552884,-2.195318,-0.529020,-0.693705,1.046370,-0.388905,-2.340610,-1.225371,-0.121190,0.559833,-2.409311,2.471660,-0.062971,-0.378850,0.000000,0.424043,-0.127833,-1.320864,0.351254,-0.123038,-0.099715,-0.504003,0.071070,0.025996,-0.024305,-0.257525
0.083212,-0.514087,-0.007603,-1.720273,-1.410531,-0.041542,1.208931,0.905106,-0.354313,-0.066897,-2.302668,-0.209880,0.352032,-3.635058,3.215240,-0.262977,-0.595433,0.000000,0.000000,0.057553,-1.038973,0.295340,-0.149117,-0.491609,-0.615615,-0.011135,0.047568,0.096946,-0.127482
-1.026046,-1.042761,-0.100325,-2.258286,-2.088770,-0.388808,1.112000,1.377450,-0.009885,1.979508,-1.384583,-0.396852,0.080448,-2.675319,3.230445,-0.306776,-0.616032,0.000000,-0.074583,-0.034286,-0.854078,0.336035,-0.087006,-0.821859,-0.211955,-0.182204,0.017176,0.431766,-0.192811
-1.580675,-1.307097,-0.146687,-2.527292,-2.427889,-0.562441,1.063534,1.613622,0.162329,3.002711,-0.925541,-0.490338,-0.055343,-2.195449,3.238048,-0.328676,-0.626331,0.000000,-0.111875,-0.080205,-0.761630,0.356383,-0.055951,-0.986985,-0.010125,-0.267739,0.001980,0.599175,-0.225476
-1.984207,-2.346467,0.303991,-1.088604,-1.153436,0.460157,0.482855,-0.364221,0.036517,2.709095,1.794993,-0.716739,0.026682,-0.943633,1.152140,-0.105778,-0.290209,0.000000,-4.966132,-0.775890,-0.954347,0.484564,-0.048752,-0.481646,0.123274,-0.426727,-0.014995,0.551153,-0.400923
-1.591795,-1.641260,0.505596,-0.857241,-0.136731,0.580176,0.602908,0.070044,0.077680,2.185518,1.193331,-0.604389,0.009779,-0.817487,0.817603,-0.037692,-0.222185,0.348352,-2.866262,-0.693268,-0.733544,0.404004,-0.054452,-0.466702,0.193753,-0.477715,-0.020914,0.466007,-0.166992
-0.806969,-0.230847,0.908807,-0.394515,1.896679,0.820214,0.843013,0.938574,0.160004,1.138362,-0.009995,-0.379689,-0.024027,-0.565193,0.148529,0.098480,-0.086138,1.045057,1.333479,-0.528025,-0.291939,0.242883,-0.065854,-0.436815,0.334710,-0.579690,-0.032751,0.295716,0.300869
-0.219581,0.452153,0.833031,-0.501143,1.920837,0.593278,0.929246,-0.084454,0.241754,0.271517,0.711555,0.174681,-0.337576,-0.217993,-0.981185,0.241991,-0.065237,1.377303,1.546681,0.273619,0.800425,-0.108174,0.052252,-0.711738,0.125139,-0.617591,-0.048206,0.485114,0.575802
0.074114,0.793653,0.795143,-0.554457,1.932916,0.479811,0.972363,-0.595967,0.282629,-0.161905,1.072329,0.451866,-0.494351,-0.044393,-1.546042,0.313746,-0.054787,1.543426,1.653282,0.674441,1.346608,-0.283703,0.111305,-0.849199,0.020353,-0.636542,-0.055933,0.579813,0.713269
0.566910,1.302567,0.395238,-0.881001,1.665468,0.031473,0.675603,-1.336674,0.369378,-0.877672,2.595100,0.872569,-0.601202,0.446401,-3.116286,0.493588,0.215729,1.169700,0.537090,0.713153,1.827719,-0.204613,0.049263,-1.685734,-0.597863,-0.705597,-0.026928,0.488419,0.471029
0.508798,1.361021,0.400062,-0.917751,1.750074,-0.095970,0.638960,-1.488215,0.257426,-0.895183,2.625960,0.897903,-0.527301,0.464227,-3.175077,0.556279,0.322782,1.067818,0.580793,0.540850,1.588765,-0.068576,-0.101991,-1.445990,-0.866666,-0.591765,0.064698,0.345500,0.409513
0.392573,1.477929,0.409711,-0.991251,1.919286,-0.350858,0.565674,-1.791296,0.033523,-0.930205,2.687681,0.948572,-0.379500,0.499878,-3.292657,0.681659,0.536887,0.864053,0.668199,0.196245,1.110857,0.203497,-0.404499,-0.966500,-1.404270,-0.364100,0.247950,0.059664,0.286481
0.093783,1.119581,0.610107,-0.866425,2.325044,-0.425828,0.736175,-1.469566,-0.342400,-0.836624,2.374399,1.126117,-0.307447,0.362833,-2.810149,0.688002,0.633166,0.714192,0.203090,0.149002,0.617719,0.219624,-0.634751,-0.114145,-1.100675,0.119290,0.242012,0.028183,0.217698
-0.055612,0.940408,0.710306,-0.804012,2.527923,-0.463314,0.821426,-1.308701,-0.530361,-0.789833,2.217758,1.214889,-0.271420,0.294311,-2.568896,0.691174,0.681306,0.639262,-0.029464,0.125381,0.371150,0.227687,-0.749878,0.312032,-0.948877,0.360985,0.239044,0.012442,0.183307
-0.083849,0.744827,1.022144,-0.984790,3.083885,-0.692418,1.176329,-0.088999,-0.733860,-0.868704,1.125559,1.373310,-0.202478,0.328723,-1.737468,0.476062,0.598388,0.788959,0.377775,0.339046,0.499130,0.343738,-0.822204,0.451765,0.122662,0.727903,-0.207330,-0.064057,-0.330968
-0.252975,0.826268,1.044848,-0.900040,3.638438,-0.627872,1.100552,0.367635,-0.775446,-0.638441,0.280007,1.325701,-0.218268,0.319454,-1.162541,0.380246,0.543487,0.907766,0.431065,0.361575,0.663713,0.428013,-0.796525,0.329497,0.145165,0.787473,-0.281623,-0.077673,-0.462131
-0.591227,0.989151,1.090257,-0.730541,4.747544,-0.498781,0.948998,1.280904,-0.858619,-0.177915,-1.411096,1.230484,-0.249848,0.300914,-0.012687,0.188614,0.433685,1.145379,0.537646,0.406635,0.992877,0.596563,-0.745168,0.084959,0.190170,0.906612,-0.430211,-0.104905,-0.724459
-0.699251,1.642486,1.032325,-0.553644,5.530131,-0.404961,0.870190,2.208975,-0.853646,0.100203,-3.552830,1.087735,-0.264763,0.243336,0.979915,0.048616,0.370899,1.164938,0.179215,0.376243,1.176942,0.651451,-0.629900,0.278305,-0.024134,0.952955,-0.424125,0.038712,-0.605653
-0.753263,1.969154,1.003359,-0.465196,5.921425,-0.358050,0.830786,2.673011,-0.851160,0.239262,-4.623697,1.016361,-0.272220,0.214547,1.476216,-0.021383,0.339506,1.174718,0.000000,0.361047,1.268975,0.678896,-0.572265,0.374978,-0.131286,0.976126,-0.421082,0.110520,-0.546250
-0.073256,3.273129,0.834316,-1.416088,4.095832,-0.924508,0.862624,3.322165,-0.511505,-0.900484,-6.321748,0.930243,-0.447788,0.805254,1.790157,-0.158330,0.258719,1.330325,0.000000,0.399336,1.469228,0.352374,-0.349538,0.640621,-0.338674,0.887400,-0.111541,0.081241,0.099866
0.142039,3.472966,0.828602,-1.709053,3.466041,-1.070207,0.983742,3.873612,-0.427068,-1.416861,-6.646142,0.944972,-0.509478,1.068690,1.994626,-0.207885,0.215611,1.345907,0.000000,0.329959,1.404476,0.203028,-0.329671,0.610946,-0.444707,0.673452,0.019800,-0.107937,0.242208
0.572628,3.872640,0.817174,-2.294982,2.206459,-1.361604,1.225976,4.976505,-0.258192,-2.449616,-7.294931,0.974430,-0.632858,1.595563,2.403564,-0.306996,0.129397,1.377071,0.000000,0.191206,1.274972,-0.095665,-0.289936,0.551597,-0.656773,0.245556,0.282483,-0.486294,0.526892
0.315413,1.742881,0.946926,-2.237318,1.329730,-1.167534,1.259061,4.345955,-0.363524,-2.770540,-3.413871,0.959410,-0.734296,1.999261,1.904682,-0.451915,-0.026263,1.124052,0.000000,-0.191580,0.958632,-0.371468,-0.297577,0.219738,-0.791220,-0.065518,0.215019,-0.888682,0.474817
0.186806,0.678002,1.011802,-2.208485,0.891365,-1.070499,1.275603,4.030680,-0.416189,-2.931001,-1.473342,0.951900,-0.785016,2.201110,1.655241,-0.524375,-0.104093,0.997543,0.000000,-0.382973,0.800462,-0.509369,-0.301398,0.053809,-0.858443,-0.221055,0.181286,-1.089876,0.448780
-0.709942,-0.247167,0.550598,-1.055513,0.016648,0.477191,0.316539,0.847409,-0.371075,-1.245618,-0.106268,0.484930,-0.881372,2.125966,3.226508,-1.229299,-0.539500,0.471963,0.000000,-0.655687,-0.006924,-0.393054,-0.441506,0.393672,-0.842998,-0.312268,0.067205,-1.054204,0.041375
-1.097777,-0.667070,0.402798,-0.601698,-0.031964,0.878178,0.453555,0.847304,-0.165595,-0.213376,0.679425,0.232540,-0.895238,1.938209,0.808033,-1.462659,-0.727130,0.432518,-1.830462,-0.619671,-0.237663,-0.301265,-0.596087,0.507443,-0.609103,-0.297324,-0.009531,-0.886287,-0.082254
-1.873445,-1.506874,0.107199,0.305933,-0.129188,1.680154,0.727588,0.847095,0.245366,1.851108,2.250810,-0.272241,-0.922968,1.562695,-4.028917,-1.929378,-1.102391,0.353627,-5.491387,-0.547637,-0.699141,-0.117685,-0.905249,0.734985,-0.141314,-0.267437,-0.163003,-0.550453,-0.329511
-2.230497,-1.848834,-0.232301,0.476350,0.108842,1.670388,1.189540,0.130547,0.578340,2.411230,2.849783,-0.666465,-0.970563,2.130015,-4.071055,-1.845446,-1.187911,-0.061030,-5.737134,-0.689197,-0.974200,-0.144838,-0.968047,0.535842,-0.061240,-0.264225,-0.248575,-0.541115,-0.520450
-2.409022,-2.019814,-0.402052,0.561558,0.227856,1.665505,1.420516,-0.227727,0.744827,2.691291,3.149270,-0.863577,-0.994360,2.413675,-4.092124,-1.803479,-1.230672,-0.268359,-5.860008,-0.759977,-1.111729,-0.158415,-0.999447,0.436271,-0.021204,-0.262619,-0.291360,-0.536446,-0.615919
-1.688060,-0.553734,-1.295103,-0.314490,-0.060578,1.776660,-0.725032,-0.970404,1.163761,1.429976,0.261699,-1.553419,-0.541368,4.334714,-2.259630,-1.310007,-1.161585,-2.694986,-2.723030,-1.221231,-1.619593,-0.030155,-0.900895,0.465692,0.082225,-0.298939,-0.395935,-0.622193,-0.781214
-1.373352,-0.370885,-1.285166,-0.730082,-0.124262,1.734457,-2.070564,-1.096929,1.191880,0.747583,0.020770,-1.585871,-0.296179,4.680297,-1.970154,-1.104352,-1.092329,-4.509364,-2.194082,-1.114733,-1.761459,-0.078582,-0.834609,0.451508,0.043954,-0.350303,-0.374313,-0.513609,-0.721289
-0.743937,-0.005189,-1.265292,-1.561266,-0.251631,1.650050,-4.761628,-1.349979,1.248118,-0.617204,-0.461088,-1.650774,0.194199,5.371463,-1.391204,-0.693043,-0.953817,-8.138119,-1.136187,-0.901735,-2.045192,-0.175434,-0.702038,0.423140,-0.032588,-0.453029,-0.331068,-0.296442,-0.601439
0.053083,0.194262,-1.051210,0.216888,-0.116141,1.776230,-0.089767,-1.435421,1.113856,0.036291,-0.391203,-1.438538,0.563159,3.200357,-1.073519,-0.353036,-0.758729,-3.912452,-0.349439,-0.713516,-1.873248,-0.266401,-0.474904,-0.495928,-0.056478,-0.464830,-0.061226,0.162459,-0.432321
0.451593,0.293987,-0.944169,1.105964,-0.048397,1.839320,2.246164,-1.478142,1.046725,0.363038,-0.356260,-1.332420,0.747639,2.114804,-0.914677,-0.183032,-0.661185,-1.799618,0.043935,-0.619406,-1.787276,-0.311884,-0.361336,-0.955462,-0.068422,-0.470731,0.073695,0.391910,-0.347762
0.279593,-1.667690,-0.911326,0.004214,-1.522112,0.323777,-1.501847,-1.763794,0.463728,-0.875104,1.912155,-1.418377,0.683422,-1.394181,-0.646893,0.251638,-0.178398,0.000000,1.120864,-0.512602,-0.909938,-0.286081,0.372834,-0.621124,0.313148,-0.122197,0.029222,0.795137,-0.204339
0.072540,-1.316810,-0.821898,0.720888,-1.544512,0.270721,-0.757131,-1.557958,0.437431,0.532888,1.536939,-1.335274,0.713207,-2.780075,-0.379177,0.333690,-0.028138,0.000000,1.200576,-0.604387,-0.651011,-0.299001,0.727556,-0.264687,0.547390,0.030556,-0.044900,0.989795,-0.163585
-0.341567,-0.615051,-0.643041,2.154234,-1.589313,0.164609,0.732301,-1.146287,0.384836,3.348870,0.786508,-1.169067,0.772778,-5.551863,0.156257,0.497795,0.272381,0.000000,1.360000,-0.787956,-0.133159,-0.324841,1.437001,0.448185,1.015874,0.336060,-0.193143,1.379110,-0.082077
-0.002984,-0.156774,-0.646852,2.106406,-1.662169,-0.156705,-0.269335,-1.074613,0.385111,2.930607,0.186540,-1.160917,0.877216,-5.124964,0.383295,0.610987,0.575811,0.000000,1.181072,-0.809674,0.095584,-0.200872,1.655199,0.927857,1.137196,0.373140,0.151557,1.169209,0.207366
0.166308,0.072365,-0.648757,2.082492,-1.698597,-0.317361,-0.770153,-1.038776,0.385249,2.721476,-0.113443,-1.156841,0.929434,-4.911515,0.496814,0.667583,0.727526,0.000000,1.091608,-0.820532,0.209956,-0.138888,1.764298,1.167693,1.197856,0.391680,0.323906,1.064258,0.352087
0.678304,0.149146,-0.512063,2.863323,-1.482559,-0.371215,0.136182,-0.863010,0.151649,1.864793,-0.338679,-1.083010,1.009077,-3.676879,0.598149,0.796302,0.952858,0.137690,0.992325,-0.537490,0.563566,-0.193688,1.590675,0.880706,0.633221,0.397113,0.741169,-0.080316,0.946829
0.724750,0.052519,-0.490142,2.917162,-1.539938,-0.385063,0.271851,-0.772638,0.081364,1.673161,-0.141859,-0.972595,1.013023,-3.449590,0.477971,0.803029,0.940324,1.060804,1.038360,-0.354558,0.682528,-0.326043,1.504614,0.673676,0.476001,0.348782,0.625419,-0.344500,1.004741
0.817643,-0.140734,-0.446299,3.024841,-1.654696,-0.412759,0.543190,-0.591893,-0.059207,1.289898,0.251780,-0.751763,1.020916,-2.995014,0.237617,0.816484,0.915256,2.907031,1.130429,0.011305,0.920452,-0.590755,1.332493,0.259615,0.161561,0.252118,0.393920,-0.872866,1.120565
0.837500,-0.237109,-0.323403,2.991688,-1.543105,-0.306294,0.029705,-0.345156,-0.152829,0.908878,0.402378,-0.528613,1.012264,-1.953945,0.157824,0.778317,0.836333,1.946393,1.115536,0.364836,1.039152,-0.783535,1.128483,0.013065,0.073953,0.092499,0.245136,-0.738158,0.855396
0.847429,-0.285296,-0.261954,2.975112,-1.487309,-0.253062,-0.227037,-0.221788,-0.199639,0.718369,0.477677,-0.417038,1.007939,-1.433410,0.117927,0.759233,0.796872,1.466074,1.108090,0.541602,1.098502,-0.879925,1.026478,-0.110209,0.030149,0.012689,0.170744,-0.670804,0.722812
0.810795,-0.588926,-0.234773,2.478968,-1.445385,-0.207371,-1.275541,0.080678,-0.317683,0.035870,0.920608,-0.080424,0.943834,-0.147583,-0.070116,0.660511,0.733253,0.402742,1.108896,1.000105,0.991709,-0.908750,0.817705,0.041525,0.473099,-0.365680,0.094016,-0.047001,0.331211
0.858924,-0.616047,-0.260166,2.328250,-1.394803,-0.177788,-1.524054,0.126498,-0.354532,-0.202102,0.977462,0.029496,0.903196,-0.069910,-0.099096,0.605926,0.714769,0.107869,1.111616,1.109369,0.992011,-0.858721,0.780716,0.009974,0.404130,-0.361695,0.099329,0.204799,0.227330
0.955182,-0.670289,-0.310951,2.026815,-1.293638,-0.118622,-2.021081,0.218140,-0.428232,-0.678046,1.091168,0.249337,0.821920,0.085436,-0.157056,0.496756,0.677801,-0.481878,1.117056,1.327897,0.992614,-0.758661,0.706737,-0.053128,0.266192,-0.353724,0.109954,0.708399,0.019568
1.157114,-0.681180,-0.357767,1.685808,-1.221784,-0.090270,-2.431711,0.305370,-0.446544,-1.210464,1.092274,0.362066,0.717199,0.065534,-0.141766,0.380581,0.622178,-0.956454,1.187902,1.395479,0.622145,-0.570635,0.639057,-0.133973,1.239623,-0.385487,0.210906,0.764212,-0.076716
1.258079,-0.686626,-0.381175,1.515305,-1.185857,-0.076094,-2.637026,0.348986,-0.455700,-1.476672,1.092827,0.418431,0.664839,0.055583,-0.134121,0.322493,0.594366,-1.193741,1.223325,1.429271,0.436910,-0.476621,0.605217,-0.174395,1.726338,-0.401368,0.261382,0.792118,-0.124858
1.537766,-0.846653,-0.529544,0.652829,-1.493344,-0.275265,-3.050243,0.443077,-0.470440,-2.156115,1.197577,0.407401,0.581532,0.599959,-0.108411,0.177648,0.427851,-1.710473,1.360584,1.167414,-1.108432,-0.278023,0.401856,0.142653,3.072701,-0.195076,-0.100768,0.588179,-0.744766
1.543801,-0.887660,-0.562716,0.252997,-1.710125,-0.421685,-3.187973,0.493414,-0.462058,-2.034317,1.223143,0.334730,0.581939,0.966507,-0.066775,0.145999,0.343141,-1.649463,1.423858,0.959681,-1.386415,-0.148649,0.253532,0.219711,2.094644,-0.143616,-0.195899,0.456396,-0.653299
1.555871,-0.969674,-0.629061,-0.546667,-2.143687,-0.714524,-3.463433,0.594088,-0.445294,-1.790721,1.274276,0.189387,0.582755,1.699602,0.016498,0.082701,0.173720,-1.527445,1.550407,0.544215,-1.942382,0.110099,-0.043116,0.373828,0.138528,-0.040695,-0.386160,0.192830,-0.470365
2.484807,-1.032694,-0.734229,-1.806389,-3.155682,-1.305921,-1.873507,0.914929,-0.399804,-3.034680,1.229177,0.022097,0.400500,1.309602,0.144658,0.031623,-0.019899,-0.509148,1.852196,-0.027975,-1.534666,0.291579,-0.100963,0.609954,-1.306448,0.145347,-0.019093,-0.002564,-0.249929
2.949275,-1.064204,-0.786814,-2.436250,-3.661679,-1.601620,-1.078543,1.075349,-0.377058,-3.656660,1.206627,-0.061548,0.309373,1.114603,0.208738,0.006084,-0.116709,0.000000,2.003091,-0.314071,-1.330808,0.382318,-0.129887,0.728017,-2.028936,0.238368,0.164440,-0.100261,-0.139711
0.961815,-0.446029,-0.350459,-1.569985,-1.684172,-0.296795,-1.422141,0.930055,-0.356834,-1.074733,-0.758804,-0.273226,-0.045273,-2.416565,1.387961,-0.109136,-0.511169,0.000000,0.000000,-0.928785,-0.304908,0.555382,-0.121268,1.134379,-1.683432,0.378525,0.282204,0.204851,0.174920
0.533585,-0.317598,-0.273113,-1.564147,-1.615211,-0.202314,-0.594983,0.858493,-0.326278,-0.618067,-1.233990,-0.296252,-0.154884,-2.648715,1.739762,-0.152639,-0.619878,0.000000,0.000000,-0.852693,-0.196894,0.606241,-0.131308,0.680403,-1.149144,0.255100,0.224837,0.556995,0.222114
-0.322876,-0.060735,-0.118420,-1.552472,-1.477289,-0.013351,1.059332,0.715370,-0.265166,0.295264,-2.184362,-0.342303,-0.374106,-3.113014,2.443364,-0.239646,-0.837295,0.000000,0.000000,-0.700511,0.019133,0.707960,-0.151387,-0.227548,-0.080569,0.008249,0.110102,1.261284,0.316500
-1.363366,-0.108170,-0.009593,-2.054593,-1.859006,-0.164400,1.146796,0.823105,-0.054759,2.156962,-2.546080,-0.392941,-0.540590,-2.377362,3.223214,-0.300233,-0.950841,0.000000,0.000000,-0.095307,-0.231507,0.666485,-0.212532,-0.685467,0.049633,-0.092378,-0.033334,1.181191,-0.010437
-1.883612,-0.131887,0.044820,-2.305653,-2.049864,-0.239924,1.190528,0.876972,0.050444,3.087811,-2.726938,-0.418260,-0.623832,-2.009536,3.613139,-0.330527,-1.007614,0.000000,0.000000,0.207295,-0.356827,0.645747,-0.243105,-0.914427,0.114733,-0.142691,-0.105052,1.141144,-0.173906
-1.282317,-1.826912,0.322041,-2.485855,-2.635589,-0.359660,1.433610,1.206695,0.424205,1.904612,-0.018533,-0.392472,-0.677736,-0.449397,2.553812,-0.287118,-0.901343,0.000000,0.000000,0.729754,-1.078393,0.449663,-0.460761,-1.096332,-0.285600,-0.028952,0.042151,-0.216635,-0.754721
-0.946385,-2.264520,0.668383,-1.919981,-2.106920,-0.048907,1.678062,0.427769,0.465806,1.515712,0.942373,-0.217476,-0.707111,-0.429506,1.474760,-0.235099,-0.868978,0.070157,-1.507591,0.765988,-0.965437,0.243014,-0.527549,-0.982368,-0.216300,-0.000862,0.016350,-0.587531,-0.665961
-0.274520,-3.139737,1.361067,-0.788233,-1.049582,0.572599,2.166968,-1.130083,0.549009,0.737913,2.864186,0.132515,-0.765862,-0.389724,-0.683342,-0.131060,-0.804249,0.210471,-4.522773,0.838455,-0.739526,-0.170285,-0.661125,-0.754439,-0.077699,0.055318,-0.035254,-1.329322,-0.488441
-0.186943,-1.532452,1.323550,-0.437064,0.243916,0.719862,2.115372,-1.468864,0.462944,0.500166,1.813666,0.482011,-0.997796,-0.306233,-1.388409,0.052679,-0.743518,1.250692,-1.105301,0.615907,0.119932,-0.316311,-0.686097,-0.996170,0.157051,-0.122232,-0.204453,-1.007863,0.113014
-0.143154,-0.728810,1.304791,-0.261479,0.890665,0.793493,2.089573,-1.638254,0.419911,0.381292,1.288406,0.656760,-1.113764,-0.264487,-1.740943,0.144548,-0.713152,1.770802,0.603435,0.504633,0.549662,-0.389324,-0.698583,-1.117036,0.274426,-0.211007,-0.289053,-0.847134,0.413741
0.213085,0.678523,0.400334,-0.806881,0.755605,0.348608,1.038894,-2.518221,0.374380,-0.691334,2.853295,0.894751,-1.026735,0.518627,-2.784860,0.408442,-0.332398,1.650676,0.134980,-0.047448,1.200956,0.016798,-0.622348,-1.339908,0.245548,-0.621334,-0.382951,0.144044,0.385050
0.261409,1.100293,0.309942,-0.873383,0.664017,0.211089,0.825532,-2.984766,0.334695,-0.767203,3.182178,0.864465,-0.887463,0.600993,-2.926571,0.469682,-0.154893,1.521247,-0.136431,-0.254315,1.092604,0.220764,-0.640024,-1.055501,-0.043250,-0.487035,-0.303041,0.361834,0.244350
0.358058,1.943832,0.129158,-1.006386,0.480841,-0.063950,0.398808,-3.917856,0.255325,-0.918941,3.839943,0.803892,-0.608919,0.765723,-3.209992,0.592163,0.200118,1.262391,-0.679253,-0.668049,0.875902,0.628695,-0.675377,-0.486685,-0.620844,-0.218436,-0.143220,0.797414,-0.037048
0.131214,1.929257,0.386328,-0.830638,1.198361,-0.223602,0.552878,-3.410632,-0.093491,-0.868322,3.466809,1.005020,-0.461688,0.683303,-2.824174,0.634859,0.460994,0.994041,-0.885442,-0.324742,0.566151,0.617893,-0.768603,-0.016349,-1.022014,0.118747,0.126923,0.453251,-0.044356
0.017792,1.921970,0.514912,-0.742764,1.557121,-0.303427,0.629913,-3.157020,-0.267899,-0.843012,3.280241,1.105584,-0.388072,0.642092,-2.631266,0.656207,0.591432,0.859866,-0.988536,-0.153088,0.411276,0.612491,-0.815216,0.218819,-1.222599,0.287338,0.261995,0.281170,-0.048009
-0.176193,1.561448,0.785072,-0.680978,3.447016,-0.464103,0.898921,-0.713847,-0.518420,-0.871451,1.185881,1.476409,-0.276179,0.609948,-0.939867,0.572105,0.741615,0.742126,1.137897,0.713246,0.243106,0.326232,-0.849591,0.320233,-0.702099,0.478596,-0.038895,-0.224435,-0.083412
-0.213857,1.620685,0.734030,-0.724007,3.992876,-0.451455,0.801165,-0.070086,-0.506529,-0.785567,0.368600,1.478118,-0.202272,0.591189,-0.502097,0.517275,0.731990,0.856115,1.746089,0.813493,0.202610,0.337992,-0.866442,0.099075,-0.448623,0.455885,-0.144815,-0.321529,-0.110785
-0.289186,1.739160,0.631945,-0.810066,5.084595,-0.426161,0.605652,1.217437,-0.482747,-0.613798,-1.265963,1.481535,-0.054457,0.553672,0.373443,0.407614,0.712742,1.084093,2.962472,1.013986,0.121617,0.361512,-0.900142,-0.343240,0.058331,0.410462,-0.356654,-0.515716,-0.165529
-0.669656,1.986265,0.707829,-0.520377,5.931509,-0.225865,0.430847,1.870637,-0.584245,0.120915,-2.884883,1.385461,0.071592,0.269219,1.103370,0.290663,0.638937,1.226525,1.888676,0.854272,0.217386,0.411201,-0.803285,-0.593032,0.204678,0.378440,-0.375044,-0.365744,-0.102869
-0.859891,2.109817,0.745771,-0.375533,6.354965,-0.125717,0.343444,2.197237,-0.634994,0.488271,-3.694342,1.337425,0.134617,0.126992,1.468333,0.232187,0.602034,1.297740,1.351778,0.774415,0.265270,0.436045,-0.754856,-0.717928,0.277851,0.362428,-0.384240,-0.290758,-0.071539
-0.959412,2.596094,0.946025,-0.402995,4.930814,-0.244421,0.555404,1.828811,-0.696237,0.448751,-4.601709,1.197789,-0.009716,0.222739,1.912079,0.077798,0.464383,1.215303,0.000000,0.495617,0.690022,0.287372,-0.322915,-0.003245,0.143799,0.277838,-0.313624,-0.031830,0.144521
-0.850950,2.538879,1.009582,-0.505587,4.252749,-0.314717,0.713484,2.059604,-0.633303,0.147259,-4.426037,1.176422,-0.127004,0.415486,1.789563,0.001945,0.406706,1.237386,0.000000,0.448115,0.777369,0.153663,-0.181131,0.199239,-0.004423,0.275631,-0.209931,-0.055527,0.207731
-0.634025,2.424448,1.136695,-0.710771,2.896619,-0.455309,1.029645,2.521190,-0.507435,-0.455725,-4.074693,1.133687,-0.361581,0.800980,1.544531,-0.149760,0.291351,1.281550,0.000000,0.353110,0.952063,-0.113754,0.102435,0.604205,-0.300868,0.271218,-0.002544,-0.102920,0.334153
-0.465015,2.007966,1.266930,-0.864586,1.902858,-0.444974,1.343160,2.489399,-0.354183,-1.078098,-3.533951,1.119004,-0.619345,1.220829,2.109531,-0.408083,0.101593,1.082385,0.000000,0.278775,1.096711,-0.375736,0.404215,0.510645,-0.351734,0.121404,0.076633,-0.324319,0.341167
-0.380511,1.799725,1.332048,-0.941494,1.405978,-0.439806,1.499918,2.473504,-0.277558,-1.389284,-3.263581,1.111663,-0.748227,1.430753,2.392031,-0.537245,0.006714,0.982802,0.000000,0.241607,1.169035,-0.506727,0.555105,0.463865,-0.377168,0.046498,0.116221,-0.435019,0.344673
-0.194326,-0.930059,0.813905,-1.159420,-0.948865,0.300716,0.991350,-1.152408,-0.106972,-2.352673,1.428929,0.641007,-0.931844,2.535566,-0.572372,-1.056545,-0.392578,0.778273,-1.432372,-0.208988,0.933936,-0.369641,0.706980,0.514838,-0.183051,-0.284957,0.155770,-0.623365,0.203697
-0.841237,-1.215965,0.709405,-0.679054,-0.817449,0.662914,1.038469,-1.412105,-0.055369,-1.292015,1.444198,0.337732,-1.021201,2.493745,-1.416760,-1.214202,-0.532683,0.592703,-3.238542,-0.283479,0.728176,-0.260507,0.654334,0.619811,-0.153647,-0.317262,0.164540,-0.641510,0.140014
-2.135059,-1.787776,0.500405,0.281679,-0.554617,1.387310,1.132707,-1.931499,0.047837,0.829301,1.474735,-0.268816,-1.199915,2.410102,-3.105537,-1.529514,-0.812894,0.221564,-6.850882,-0.432462,0.316654,-0.042239,0.549041,0.829757,-0.094839,-0.381872,0.182079,-0.677801,0.012649
-2.297083,-1.249894,-0.015067,0.324408,-0.335465,1.700678,0.653114,-1.497719,0.659274,1.386265,0.566278,-0.907519,-1.187358,3.399087,-2.540568,-1.668138,-1.037214,-1.233482,-3.655332,-0.343840,-0.237886,0.093049,0.249780,1.274404,0.111807,-0.289612,0.078388,-0.236765,-0.118862
-2.378095,-0.980952,-0.272804,0.345772,-0.225889,1.857362,0.413318,-1.280829,0.964993,1.664747,0.112049,-1.226871,-1.181080,3.893579,-2.258083,-1.737450,-1.149374,-1.961005,-2.057557,-0.299529,-0.515156,0.160693,0.100150,1.496728,0.215130,-0.243482,0.026543,-0.016247,-0.184618
-0.912166,0.568616,-1.305441,-0.921780,0.236069,1.889759,-3.636512,-1.940058,1.618417,0.154814,-1.633421,-1.711495,-0.199858,4.477898,-0.932919,-1.300837,-1.162743,-7.905023,-0.671127,-0.113524,-1.442986,0.217001,-0.761597,1.117432,0.282663,-0.324458,-0.108982,0.875382,-0.427959
0.178474,0.669737,-1.461411,-1.033068,-0.033070,1.634033,-2.307233,-2.160017,1.591898,-1.089334,-1.436690,-1.633922,0.161178,4.560784,-0.994813,-1.052508,-1.109776,-6.433892,-0.340601,-0.276736,-1.484599,0.067539,-0.857378,0.599825,0.411384,-0.397677,-0.162043,0.816311,-0.433300
2.359755,0.871979,-1.773352,-1.255642,-0.571349,1.122582,0.351325,-2.599935,1.538860,-3.577631,-1.043226,-1.478775,0.883249,4.726557,-1.118602,-0.555850,-1.003844,-3.491631,0.320450,-0.603161,-1.567826,-0.231385,-1.048939,-0.435390,0.668827,-0.544116,-0.268167,0.698169,-0.443982
-0.636106,0.288625,-1.106428,-0.200661,-1.141330,0.426559,-0.948046,-1.887746,1.091835,2.410623,-0.674777,-1.413734,0.946674,-1.408948,-0.889969,-0.241861,-0.886604,-1.163877,0.463427,-0.939987,-0.986162,-0.543237,-0.616965,-0.872381,0.957870,-0.664593,-0.451189,0.302335,-0.417782
-2.134036,-0.003052,-0.772966,0.326829,-1.426320,0.078548,-1.597732,-1.531651,0.868323,5.404750,-0.490553,-1.381214,0.978387,-4.476701,-0.775653,-0.084867,-0.827985,0.000000,0.534916,-1.108400,-0.695331,-0.699162,-0.400978,-1.090876,1.102392,-0.724832,-0.542700,0.104418,-0.404682
-1.359631,-0.655146,-0.257875,2.709661,-1.441289,0.080574,1.293835,-0.859045,0.266704,5.112935,0.103576,-1.064654,0.689801,-4.351790,-0.330131,0.175814,-0.353182,0.000000,0.567604,-0.769722,-0.144494,-1.033169,0.751587,0.665180,0.433683,-0.537143,-0.174100,-0.105692,-0.257016
-1.206930,-0.823131,-0.245181,2.745157,-1.505867,0.083487,0.461174,-0.755588,0.198234,4.795171,0.479586,-0.927100,0.622016,-4.289545,-0.119874,0.224306,-0.186665,0.000000,0.648379,-0.453183,-0.145546,-1.065198,0.943531,0.902496,0.177500,-0.412528,0.067724,0.076859,-0.097040
-0.901526,-1.159101,-0.219792,2.816148,-1.635023,0.089312,-1.204150,-0.548674,0.061295,4.159643,1.231607,-0.651993,0.486445,-4.165055,0.300640,0.321292,0.146369,0.000000,0.809929,0.179896,-0.147650,-1.129256,1.327418,1.377128,-0.334867,-0.163297,0.551370,0.441961,0.222912
-0.101012,-1.059099,-0.302365,2.605319,-2.061830,-0.302869,-1.134861,-0.356270,0.030706,2.781999,1.419054,-0.481011,0.575420,-3.210902,0.257621,0.367930,0.433938,0.597957,0.909427,0.284351,-0.220796,-0.684811,1.360139,0.153409,-0.301849,-0.178899,0.739087,0.684403,0.427080
0.299245,-1.009098,-0.343651,2.499904,-2.275233,-0.498959,-1.100217,-0.260069,0.015411,2.093176,1.512778,-0.395519,0.619907,-2.733826,0.236112,0.391249,0.577723,0.896935,0.959176,0.336578,-0.257369,-0.462588,1.376499,-0.458451,-0.285340,-0.186700,0.832946,0.805624,0.529164
1.034669,-0.634705,-0.405864,2.501125,-2.285746,-0.753739,-0.792865,-0.057544,0.008293,0.771284,1.152014,-0.284240,0.715864,-1.830403,0.274454,0.507203,0.742936,2.261980,0.868180,0.415794,0.178083,0.033224,1.124364,-0.918500,0.524004,-0.086166,0.341092,0.502802,0.700536
1.100469,-0.571727,-0.409071,2.553292,-2.101990,-0.694863,-0.951060,0.034091,-0.073279,0.470599,0.961313,-0.182611,0.712194,-1.684475,0.357063,0.546906,0.722279,2.003246,0.877033,0.461609,0.386505,0.038172,0.959531,-0.685800,0.442919,-0.025520,0.250553,0.340841,0.732380
1.232067,-0.445770,-0.415483,2.657626,-1.734477,-0.577111,-1.267451,0.217363,-0.236423,-0.130770,0.579910,0.020647,0.704856,-1.392618,0.522282,0.626313,0.680965,1.485779,0.894740,0.553240,0.803348,0.048069,0.629865,-0.220401,0.280749,0.095773,0.069477,0.016919,0.796068
1.415409,-0.553896,-0.356501,2.818647,-1.557006,-0.487395,-1.013646,0.439729,-0.440769,-0.861771,0.460057,0.193264,0.752093,-0.968908,0.602900,0.643988,0.578020,1.027935,0.935285,0.439721,0.841686,0.055922,0.280927,-0.079291,-0.198347,0.059343,0.046562,-0.064572,0.683944
1.507080,-0.607959,-0.327010,2.899157,-1.468270,-0.442537,-0.886743,0.550912,-0.542942,-1.227272,0.400130,0.279572,0.775712,-0.757053,0.643209,0.652826,0.526547,0.799014,0.955558,0.382962,0.860855,0.059849,0.106459,-0.008736,-0.437895,0.041128,0.035105,-0.105317,0.627882
1.551928,-0.985856,-0.352419,2.771608,-1.534187,-0.493409,-0.316131,0.838935,-0.785712,-1.878444,0.609586,0.426306,0.807776,0.022449,0.625916,0.601831,0.393644,0.734317,1.005303,0.204164,0.507408,0.197160,-0.192622,-0.025350,-0.346474,0.054446,-0.113662,-0.071620,0.271128
1.591790,-1.020792,-0.399643,2.625646,-1.552479,-0.490280,-0.213529,0.868125,-0.782804,-2.010921,0.646271,0.446948,0.784831,0.154848,0.625443,0.575164,0.365592,0.513816,1.060786,0.208175,0.379130,0.228648,-0.190604,-0.019699,-0.142420,0.065683,-0.122101,-0.088663,0.148545
1.671513,-1.090663,-0.494092,2.333722,-1.589061,-0.484023,-0.008325,0.926504,-0.776986,-2.275876,0.719640,0.488232,0.738940,0.419647,0.624499,0.521830,0.309488,0.072813,1.171752,0.216195,0.122573,0.291624,-0.186567,-0.008398,0.265689,0.088158,-0.138977,-0.122750,-0.096623
1.663160,-1.065890,-0.595062,1.386850,-1.676146,-0.505981,-1.010225,0.967061,-0.651073,-2.373641,0.751985,0.446056,0.669838,1.190237,0.657837,0.473312,0.254409,-1.070224,1.253536,0.181574,-0.230143,0.301421,-0.208266,0.024097,0.280721,0.122460,-0.090794,-0.147851,-0.084919
1.658984,-1.053504,-0.645547,0.913414,-1.719688,-0.516960,-1.511175,0.987340,-0.588117,-2.422523,0.768158,0.424967,0.635286,1.575532,0.674506,0.449053,0.226869,-1.641743,1.294429,0.164264,-0.406501,0.306319,-0.219115,0.040344,0.288236,0.139611,-0.066702,-0.160401,-0.079067
2.219404,-0.760469,-0.815658,-1.118456,-2.035184,-0.595502,-3.860390,1.028559,-0.378132,-3.069033,0.365274,0.193647,0.512145,2.321615,1.085501,0.333212,0.064166,-4.609095,1.627929,-0.238863,-0.732606,0.430058,-0.066572,-0.137803,0.130262,0.096954,-0.204887,-0.195433,-0.259579
2.200002,-0.775895,-0.799085,-1.543072,-2.151210,-0.635253,-3.221030,1.089412,-0.416299,-3.123580,0.055110,0.094270,0.489888,1.334909,1.326659,0.243651,-0.020181,-3.072730,1.085944,-0.393257,-0.892193,0.506543,-0.003868,-0.135834,0.088463,0.087870,-0.203239,-0.254813,-0.314260
2.161200,-0.806748,-0.765941,-2.392303,-2.383263,-0.714754,-1.942309,1.211117,-0.492633,-3.232675,-0.565217,-0.104484,0.445373,-0.638503,1.808977,0.064529,-0.188875,0.000000,0.001973,-0.702045,-1.211368,0.659512,0.121540,-0.131895,0.004865,0.069702,-0.199944,-0.373572,-0.423623
1.463919,-0.645580,-0.486137,-2.211432,-2.060849,-0.343121,-0.343908,1.047294,-0.533758,-2.801726,-1.524823,-0.243853,0.380767,-1.335667,2.486365,-0.194180,-0.389851,0.000000,0.000658,-0.587438,-1.534439,0.739275,0.119280,-0.148594,0.099092,0.076501,-0.099762,-0.399595,-0.463404
1.115279,-0.564996,-0.346235,-2.120997,-1.899642,-0.157305,0.455292,0.965382,-0.554320,-2.586251,-2.004626,-0.313537,0.348465,-1.684248,2.825059,-0.323534,-0.490339,0.000000,0.000000,-0.530135,-1.695975,0.779157,0.118150,-0.156943,0.146206,0.079900,-0.049671,-0.412607,-0.483295
-0.592722,-0.706696,0.053879,-1.780774,-1.662596,0.162825,2.715729,1.189860,-0.309456,1.205495,-2.392533,-0.367291,0.132935,-3.535459,3.488481,-0.598890,-0.659374,0.000000,0.000000,-0.213847,-1.841902,0.794674,0.098999,-1.109598,0.143380,-0.078533,0.040432,-0.346038,-0.411845
-0.648918,-1.387956,0.121944,-2.081830,-1.967685,-0.052671,2.450786,1.476946,-0.122598,1.285075,-1.458137,-0.452499,-0.029801,-2.872524,2.941722,-0.578782,-0.651052,0.000000,-0.826513,-0.187575,-1.647586,0.869267,0.078733,-1.284107,0.317808,-0.147624,0.015527,-0.393113,-0.322892
-0.761308,-2.750476,0.258074,-2.683942,-2.577862,-0.483661,1.920899,2.051119,0.251120,1.444235,0.410656,-0.622915,-0.355272,-1.546653,1.848205,-0.538567,-0.634409,0.000000,-2.479538,-0.135031,-1.258955,1.018453,0.038202,-1.633125,0.666663,-0.285805,-0.034282,-0.487262,-0.144986
-1.267544,-2.188442,0.654550,-1.335151,-0.412486,0.200043,1.563376,1.249689,0.266017,2.206011,0.722086,-0.566911,-0.549096,-1.111550,-0.503015,-0.252355,-0.328460,0.000000,-2.762645,-0.097390,-0.634797,1.001287,0.167124,-1.153325,0.603016,-0.201063,-0.093183,-0.612828,-0.153136
-1.520661,-1.907424,0.852788,-0.660755,0.670202,0.541896,1.384615,0.848975,0.273466,2.586899,0.877800,-0.538909,-0.646008,-0.893998,-1.678625,-0.109248,-0.175485,0.000000,-2.904199,-0.078569,-0.322718,0.992703,0.231586,-0.913424,0.571192,-0.158692,-0.122634,-0.675612,-0.157211
-0.133477,0.869943,0.541629,-0.599148,1.874741,0.501324,1.194211,-0.777733,0.666500,0.662597,0.630353,0.124622,-0.780380,-0.217246,-1.558377,0.340629,0.270032,1.248874,1.405852,0.273789,0.654949,0.468206,0.285358,-0.639454,-0.050189,0.029734,-0.012085,0.175478,0.154135
-0.009806,1.046164,0.415390,-0.721182,1.799779,0.404926,0.978733,-1.081605,0.597266,0.278690,1.162473,0.225675,-0.728339,-0.038143,-1.855475,0.456737,0.349319,1.387712,1.144308,0.073718,0.917515,0.437220,0.123029,-0.780491,-0.252894,0.019406,0.034499,0.209161,0.326995
0.237535,1.398607,0.162911,-0.965250,1.649855,0.212129,0.547778,-1.689349,0.458797,-0.489125,2.226714,0.427780,-0.624257,0.320064,-2.449672,0.688954,0.507892,1.665388,0.621220,-0.326425,1.442646,0.375248,-0.201631,-1.062566,-0.658305,-0.001250,0.127666,0.276527,0.672713
0.171956,1.509961,0.278240,-0.998039,1.244401,-0.044029,0.463361,-2.849962,0.262835,-0.648926,2.995270,0.508013,-0.412588,0.524341,-2.827283,0.866422,0.585430,1.495565,-0.285814,-0.448601,1.526507,0.336319,-0.643814,-0.281320,-1.026183,0.038051,-0.069485,0.279130,0.721612
0.139167,1.565638,0.335904,-1.014433,1.041673,-0.172108,0.421152,-3.430269,0.164854,-0.728826,3.379548,0.548129,-0.306754,0.626480,-3.016089,0.955156,0.624199,1.410654,-0.739331,-0.509689,1.568437,0.316855,-0.864905,0.109303,-1.210122,0.057701,-0.168061,0.280432,0.746061
-0.019347,1.793417,0.716297,-1.003296,0.845742,-0.591296,0.816115,-4.110096,-0.093635,-0.642008,3.192835,0.945690,-0.189478,0.602387,-2.596031,1.065134,0.696242,1.163475,-1.381936,0.170111,1.296735,0.090280,-1.314969,0.195647,-1.271015,0.148084,-0.196852,0.051214,0.233003
-0.104337,1.791776,0.743772,-0.980468,1.264691,-0.611066,0.845591,-3.408839,-0.136520,-0.523790,2.663469,1.059863,-0.141078,0.518249,-2.220862,1.030818,0.708554,1.120069,-1.095094,0.496095,1.046942,0.008924,-1.359925,0.157043,-1.185012,0.254923,-0.177537,0.063755,0.017506
-0.274316,1.788492,0.798722,-0.934812,2.102589,-0.650606,0.904544,-2.006325,-0.222291,-0.287355,1.604735,1.288209,-0.044278,0.349971,-1.470526,0.962185,0.733176,1.033257,-0.521412,1.148064,0.547357,-0.153787,-1.449838,0.079835,-1.013007,0.468599,-0.138907,0.088838,-0.413488
-0.394985,1.763683,0.776923,-0.820589,3.252067,-0.495651,0.758281,-0.229281,-0.194932,0.078377,0.050219,1.324384,0.003510,0.220404,-1.167273,0.768176,0.678338,1.006534,0.419631,1.289587,0.346895,-0.192051,-1.312367,-0.408461,-0.425846,0.458623,-0.243578,0.393880,-0.595310
-0.455319,1.751278,0.766023,-0.763477,3.826806,-0.418174,0.685149,0.659240,-0.181253,0.261244,-0.727040,1.342471,0.027404,0.155620,-1.015646,0.671172,0.650919,0.993173,0.890153,1.360348,0.246665,-0.211183,-1.243631,-0.652609,-0.132266,0.453635,-0.295913,0.546401,-0.686220
-0.502658,1.998843,0.755190,-0.617176,4.574937,-0.164812,0.578456,2.073251,-0.174219,0.582523,-2.670220,1.335467,-0.156445,0.049615,0.246028,0.280783,0.463041,1.009588,1.976650,0.951881,0.455818,-0.135237,-0.756274,-0.800762,0.373929,0.095542,-0.362697,0.633947,-0.202591
-0.500342,2.063695,0.796919,-0.613926,4.529923,-0.143928,0.689844,2.441088,-0.190637,0.504794,-3.162862,1.315647,-0.277669,0.087990,0.637694,0.140863,0.382247,1.051122,2.281277,0.838445,0.586317,-0.180546,-0.561164,-0.482305,0.335963,0.130672,-0.308371,0.543932,-0.082188
-0.495710,2.193397,0.880377,-0.607425,4.439896,-0.102160,0.912622,3.176761,-0.223474,0.349336,-4.148147,1.276006,-0.520117,0.164742,1.421026,-0.138975,0.220659,1.134192,2.890533,0.611573,0.847315,-0.271164,-0.170944,0.154609,0.260032,0.200933,-0.199717,0.363902,0.158618
-0.800351,2.030875,1.014044,-0.387315,4.133465,0.004403,1.124858,3.771001,-0.423391,0.320999,-4.558834,1.184559,-0.740067,0.282980,1.893097,-0.411685,0.048901,1.106874,1.124850,0.342561,0.962799,-0.349692,0.052695,0.355906,0.016692,0.284831,-0.064657,-0.176788,0.345357
-0.952671,1.949613,1.080877,-0.277260,3.980249,0.057685,1.230976,4.068120,-0.523349,0.306830,-4.764178,1.138835,-0.850042,0.342099,2.129132,-0.548040,-0.036979,1.093216,0.242009,0.208055,1.020541,-0.388956,0.164514,0.456555,-0.104978,0.326780,0.002873,-0.447133,0.438726
-0.744533,0.648668,0.992992,-0.792498,0.936525,0.117180,1.307771,1.894505,-0.233019,-0.787187,-1.588975,0.766196,-1.173287,1.379694,0.641322,-1.079918,-0.372097,1.088281,-1.307821,-0.292971,0.813439,-0.362206,0.442731,0.750346,-0.180617,0.151797,0.010722,-0.968083,0.215448
-1.018550,-0.031469,0.948921,-0.623496,0.446119,0.290454,1.377981,0.967834,-0.188863,-0.604213,-0.729990,0.547791,-1.238819,1.623322,-0.127741,-1.259148,-0.504076,0.981026,-3.309921,-0.463149,0.623935,-0.305685,0.463181,0.918520,-0.114312,0.102776,-0.010041,-1.017725,0.081462
-1.566583,-1.391742,0.860777,-0.285493,-0.534695,0.637001,1.518400,-0.885509,-0.100549,-0.238264,0.987981,0.110980,-1.369883,2.110578,-1.665866,-1.617607,-0.768034,0.766518,-7.314123,-0.803503,0.244927,-0.192643,0.504082,1.254868,0.018298,0.004733,-0.051567,-1.117011,-0.186510
-1.810385,-1.228826,0.546486,0.034929,-0.730388,0.991634,1.565065,-0.991244,0.353325,0.279832,0.109029,-0.449475,-1.409629,2.643554,-1.632770,-1.789436,-0.982600,0.568977,-3.498862,-0.945831,-0.292527,-0.110792,0.260450,1.605449,0.068942,-0.046612,0.015771,-0.940594,-0.276883
-1.932286,-1.147368,0.389341,0.195139,-0.828235,1.168950,1.588398,-1.044112,0.580261,0.538880,-0.330447,-0.729703,-1.429502,2.910042,-1.616222,-1.875351,-1.089883,0.470206,-1.591231,-1.016995,-0.561254,-0.069866,0.138634,1.780739,0.094264,-0.072284,0.049440,-0.852386,-0.322070
-1.572509,-1.198569,-0.564298,-0.175358,-0.599565,1.531401,0.165419,-0.497152,1.257158,0.424384,0.644488,-1.376163,-1.068548,3.939067,-0.934633,-1.775883,-1.316646,-1.340211,-0.188372,-1.152695,-1.209608,-0.087007,-0.315742,1.578662,0.365035,-0.042316,-0.065508,-0.298181,-0.323493
-1.386437,-1.010561,-0.708681,-0.635350,-0.597283,1.487755,-1.237341,-0.728495,1.211135,-0.055877,0.456790,-1.400737,-0.820451,4.003265,-0.753097,-1.617532,-1.342773,-2.960521,-0.009727,-1.098570,-1.220601,-0.178168,-0.423455,1.171009,0.494331,-0.118011,-0.097750,-0.148490,-0.295462
-1.014293,-0.634544,-0.997447,-1.555334,-0.592720,1.400463,-4.042861,-1.191180,1.119089,-1.016397,0.081394,-1.449887,-0.324259,4.131661,-0.390024,-1.300830,-1.395025,-6.201142,0.347562,-0.990318,-1.242587,-0.360489,-0.638881,0.355703,0.752923,-0.269400,-0.162234,0.150892,-0.239400
0.164487,-0.350020,-0.905403,-1.364707,-0.464689,1.214229,-3.533660,-1.368743,0.729047,-2.013435,-0.431141,-1.199119,0.023366,2.011124,-0.203025,-0.866221,-1.253261,-5.757360,0.444603,-0.898533,-0.893924,-0.655696,-0.477568,-0.113354,0.901526,-0.412557,-0.213869,0.150818,-0.138551
0.753878,-0.207759,-0.859381,-1.269394,-0.400674,1.121112,-3.279059,-1.457524,0.534026,-2.511954,-0.687408,-1.073735,0.197178,0.950855,-0.109525,-0.648916,-1.182379,-5.535469,0.493124,-0.852640,-0.719592,-0.803300,-0.396912,-0.347883,0.975827,-0.484135,-0.239687,0.150782,-0.088127
-1.406745,-1.067337,-0.417067,0.086145,-1.036508,0.401491,-2.657609,-0.858450,0.237652,2.867950,0.418475,-0.890550,0.309357,-3.672351,0.269665,-0.197118,-0.899416,0.000000,0.685596,-0.361206,-0.466257,-1.317995,0.184801,0.516023,0.359919,-0.308674,-0.024862,-0.043595,-0.059588
-1.129851,-1.253417,-0.363114,0.819090,-1.224766,0.243770,-1.304556,-0.633690,0.188439,2.985604,0.731480,-0.799373,0.301693,-3.406094,0.344930,-0.114683,-0.697875,0.000000,0.723746,-0.254208,-0.516564,-1.319920,0.469443,0.603430,0.053131,-0.316380,0.107819,0.025268,-0.115926
-0.576063,-1.625579,-0.255208,2.284981,-1.601283,-0.071670,1.401549,-0.184169,0.090012,3.220912,1.357492,-0.617018,0.286365,-2.873579,0.495459,0.050189,-0.294793,0.000000,0.800045,-0.040212,-0.617176,-1.323770,1.038728,0.778242,-0.560445,-0.331793,0.373180,0.162995,-0.228601
0.256262,-1.214430,-0.297597,2.923629,-1.658894,-0.336725,1.727794,0.004203,0.260335,2.890644,1.013278,-0.643582,0.429815,-2.664588,0.542361,0.224150,0.063934,0.000000,0.742937,-0.050714,-0.874350,-0.880367,1.042499,0.063181,-0.591397,-0.450221,0.642401,0.444381,-0.250015
0.672424,-1.008855,-0.318792,3.242953,-1.687699,-0.469252,1.890917,0.098390,0.345496,2.725511,0.841171,-0.656864,0.501540,-2.560092,0.565811,0.311131,0.243298,0.000000,0.714382,-0.055965,-1.002937,-0.658665,1.044384,-0.294350,-0.606873,-0.509435,0.777011,0.585074,-0.260723
1.583515,-0.876466,-0.510468,3.460445,-1.840175,-0.765363,2.300629,0.217575,0.264059,1.664938,0.799297,-0.603383,0.566991,-2.096893,0.498070,0.514457,0.555469,2.400190,0.750153,0.173038,-0.645763,-0.287290,0.872533,-0.346267,0.176875,-0.050312,0.452554,0.533264,-0.007529
1.661536,-0.748675,-0.589045,3.497849,-1.703856,-0.676613,2.087833,0.115721,0.181367,1.463645,0.687992,-0.588975,0.624582,-1.966053,0.486887,0.564918,0.570962,2.602947,0.684167,0.164056,-0.408640,-0.212741,0.772411,-0.227231,0.376560,0.106883,0.328783,0.446332,0.090490
1.817576,-0.493093,-0.746197,3.572656,-1.431220,-0.499112,1.662239,-0.087988,0.015981,1.061059,0.465381,-0.560158,0.739763,-1.704375,0.464519,0.665840,0.601948,3.008460,0.552195,0.146093,0.065607,-0.063643,0.572165,0.010843,0.775931,0.421274,0.081242,0.272469,0.286528
1.842136,-0.432411,-0.747546,3.486833,-1.180482,-0.353998,1.190819,-0.085977,-0.180005,0.485112,0.406410,-0.496159,0.837631,-1.423387,0.451954,0.701500,0.575284,2.273123,0.634473,0.051786,0.482150,0.108950,0.413724,-0.031817,0.483416,0.303780,-0.040775,0.209075,0.312522
1.854417,-0.402071,-0.748221,3.443922,-1.055113,-0.281442,0.955109,-0.084971,-0.277998,0.197139,0.376924,-0.464159,0.886565,-1.282893,0.445671,0.719330,0.561951,1.905455,0.675611,0.004633,0.690422,0.195247,0.334504,-0.053148,0.337159,0.245033,-0.101783,0.177378,0.325520
1.624084,-0.646751,-0.761953,2.801988,-1.071672,-0.310016,0.101803,0.058121,-0.530743,-0.646502,0.717275,-0.296115,1.011013,-0.822288,0.219709,0.701371,0.541269,1.093435,0.521818,0.205518,0.908478,0.288624,0.063479,0.162437,-0.033535,0.152391,0.110288,0.004293,0.313888
1.576917,-0.725524,-0.777976,2.636811,-1.119519,-0.342686,0.024157,0.104918,-0.578984,-0.823399,0.822464,-0.239330,1.029091,-0.533013,0.175325,0.680368,0.546319,0.796982,0.512829,0.279307,0.846806,0.260975,0.030526,0.212900,-0.119630,0.175602,0.064580,0.063018,0.320472
1.482583,-0.883068,-0.810022,2.306459,-1.215212,-0.408027,-0.131134,0.198513,-0.675465,-1.177193,1.032842,-0.125760,1.065248,0.045536,0.086558,0.638360,0.556420,0.204077,0.494851,0.426886,0.723460,0.205679,-0.035380,0.313827,-0.291819,0.222025,-0.026836,0.180468,0.333641
1.493286,-0.785796,-0.859024,2.304213,-1.330906,-0.429083,0.450010,0.183595,-0.660955,-1.052322,1.058692,-0.072365,1.147081,0.714529,0.082259,0.599168,0.574023,0.114510,0.569349,0.406752,0.327064,0.133901,-0.080789,0.169427,-0.300942,0.132446,-0.028828,0.376029,0.293388
1.498637,-0.737160,-0.883525,2.303089,-1.388752,-0.439610,0.740582,0.176135,-0.653701,-0.989887,1.071618,-0.045668,1.187998,1.049026,0.080110,0.579572,0.582824,0.069727,0.606597,0.396684,0.128866,0.098011,-0.103494,0.097227,-0.305504,0.087657,-0.029824,0.473809,0.273261
1.472058,-0.421942,-0.794503,2.050880,-1.362312,-0.351786,0.695940,0.195458,-0.453429,-0.823817,0.850162,-0.065360,1.188334,2.326846,0.220814,0.518406,0.588394,-0.778646,0.700885,0.220848,-0.313602,-0.047497,-0.044339,0.570531,0.220250,0.196193,-0.045212,0.567239,-0.142602
1.399918,-0.337675,-0.769193,1.624564,-1.424997,-0.352075,0.123100,0.196131,-0.398409,-0.978286,0.753511,-0.092578,1.176520,2.696311,0.318840,0.487854,0.582237,-1.434756,0.770169,0.120884,-0.445007,-0.054623,0.010598,0.624449,0.202645,0.266317,-0.069196,0.621817,-0.203764
1.255640,-0.169142,-0.718572,0.771933,-1.550368,-0.352652,-1.022581,0.197479,-0.288370,-1.287223,0.560210,-0.147015,1.152892,3.435242,0.514893,0.426751,0.569925,-2.746976,0.908737,-0.079043,-0.707817,-0.068876,0.120471,0.732286,0.167434,0.406566,-0.117164,0.730972,-0.326090
1.713804,-0.470118,-0.868399,-1.879665,-2.366469,-0.673665,-2.432135,0.298030,-0.537944,-4.118786,0.469779,-0.203340,1.149812,2.166034,0.823926,0.288886,0.454621,-4.352806,1.336769,-0.237151,-0.906833,-0.003437,0.199180,0.733802,0.170177,0.331840,-0.085487,0.667572,-0.210303
1.942886,-0.620606,-0.943313,-3.205463,-2.774520,-0.834172,-3.136912,0.348306,-0.662731,-5.534568,0.424563,-0.231503,1.148272,1.531430,0.978442,0.219953,0.396970,-5.155722,1.550785,-0.316206,-1.006342,0.029283,0.238534,0.734560,0.171549,0.294477,-0.069648,0.635873,-0.152410
1.263048,-0.067949,-0.692850,-3.257655,-2.541414,-0.656396,-1.589099,0.077708,-0.509491,-4.175094,-0.806397,-0.388212,1.004422,-1.156331,1.810662,0.027826,0.266198,0.000000,0.599202,-0.354404,-1.135444,0.053276,0.333030,0.674404,0.151533,0.386837,-0.003262,0.641008,-0.170628
0.887176,0.331387,-0.531456,-2.764072,-2.159874,-0.455958,-1.145955,-0.154870,-0.347500,-2.949631,-1.309317,-0.444526,0.909321,-1.843653,2.094485,-0.017966,0.287669,0.000000,0.399468,-0.361919,-1.168969,0.135238,0.413736,0.814042,0.164037,0.535381,-0.001683,0.660881,-0.178993
0.135430,1.130058,-0.208669,-1.776907,-1.396794,-0.055083,-0.259666,-0.620025,-0.023518,-0.498704,-2.315156,-0.557154,0.719121,-3.218298,2.662133,-0.109549,0.330613,0.000000,0.000000,-0.376949,-1.236018,0.299163,0.575148,1.093318,0.189044,0.832469,0.001473,0.700625,-0.195724
-0.220390,1.095546,-0.249283,-2.173335,-1.919518,-0.521957,-0.066197,-0.330355,0.310200,0.626793,-2.087117,-0.621357,0.406841,-2.834695,2.784079,-0.065719,0.476674,0.000000,0.000000,-0.282055,-1.175723,0.425839,0.650100,0.444064,0.066647,0.468688,0.067209,0.158392,-0.180956
-0.398300,1.078289,-0.269591,-2.371549,-2.180879,-0.755394,0.030538,-0.185519,0.477059,1.189541,-1.973097,-0.653459,0.250702,-2.642893,2.845052,-0.043803,0.549704,0.000000,0.000000,-0.234607,-1.145576,0.489178,0.687575,0.119438,0.005449,0.286798,0.100077,-0.112725,-0.173572
-0.921033,-0.713666,-0.073124,-2.407345,-2.552131,-0.854054,-0.394437,-0.215934,0.106467,1.123805,0.316649,-0.726582,0.184255,-0.752403,2.018016,0.173746,0.758535,0.000000,-2.837647,-0.620595,-0.790165,0.505335,0.283302,-0.667192,0.211915,-0.172589,0.112425,-1.607028,-0.007081
-0.706867,-1.178939,0.116023,-1.957019,-1.738496,-0.555250,-0.169406,0.320777,0.062472,0.742175,0.791730,-0.666663,0.062304,-0.562651,1.221765,0.232736,0.745139,0.000000,-3.439120,-0.690153,-0.297595,0.429280,0.179180,-0.626387,0.236915,-0.109789,0.029452,-1.591021,0.095265
-0.278535,-2.109485,0.494318,-1.056367,-0.111228,0.042359,0.280655,1.394198,-0.025519,-0.021087,1.741891,-0.546824,-0.181599,-0.183148,-0.370737,0.350716,0.718348,0.000000,-4.642065,-0.829268,0.687545,0.277169,-0.029064,-0.544778,0.286915,0.015811,-0.136493,-1.559008,0.299956
0.115263,-1.262946,0.413625,-0.609771,2.259931,0.414867,0.306409,3.400396,0.224583,-0.480795,0.989394,-0.436405,-0.440788,-0.066916,-0.511946,0.411809,0.539258,0.000000,-0.468318,-0.851244,1.241801,0.099399,-0.406386,0.309376,-0.629400,0.187304,-0.143298,-0.911117,0.546446
0.312162,-0.839676,0.373278,-0.386474,3.445510,0.601121,0.319287,4.403495,0.349634,-0.710649,0.613146,-0.381196,-0.570382,-0.008800,-0.582551,0.442356,0.449713,0.000000,1.618556,-0.862232,1.518930,0.010514,-0.595046,0.736454,-1.087558,0.273051,-0.146701,-0.587172,0.669691
0.714995,0.016366,-0.082837,-0.228334,2.711239,0.462762,-0.106068,1.310992,0.545976,-1.366088,1.992332,-0.226957,-0.600812,0.492307,-1.590641,0.569979,0.429751,0.000000,0.750693,-0.620969,1.271701,0.189525,-1.116482,0.431141,-0.768455,0.177003,0.131635,0.820464,0.102545
0.754211,-0.003025,-0.115328,-0.239481,2.709904,0.324731,-0.147266,1.237173,0.563416,-1.433443,2.109146,-0.187996,-0.602813,0.560321,-1.763456,0.619261,0.466339,0.000000,0.493973,-0.511953,0.999623,0.191799,-1.041106,0.230054,-0.543518,0.175557,0.227226,0.995391,-0.456312
0.832642,-0.041807,-0.180310,-0.261776,2.707232,0.048668,-0.229663,1.089534,0.598295,-1.568154,2.342774,-0.110073,-0.606816,0.696350,-2.109086,0.717825,0.539517,0.000000,-0.019468,-0.293922,0.455466,0.196348,-0.890354,-0.172120,-0.093644,0.172665,0.418409,1.345244,-1.574025
0.647357,-0.266271,-0.233839,-0.407718,2.584124,-0.209677,-0.235838,0.943144,0.338285,-1.607481,2.051843,0.003859,-0.568224,0.773940,-2.103240,0.805814,0.532853,0.150731,-0.026406,-0.089075,0.155618,0.001596,-0.571340,-0.196424,-1.363819,0.254603,0.379930,0.855850,-1.562008
0.554714,-0.378503,-0.260604,-0.480688,2.522569,-0.338850,-0.238925,0.869949,0.208280,-1.627144,1.906378,0.060825,-0.548928,0.812736,-2.100316,0.849808,0.529521,0.226097,-0.029876,0.013348,0.005693,-0.095780,-0.411834,-0.208576,-1.998906,0.295572,0.360690,0.611153,-1.555999
-0.265031,-0.533813,-0.423815,-0.479089,2.701774,-0.479645,-0.401149,0.985086,-0.082100,-0.447114,1.163868,0.001793,-0.559729,0.223434,-1.976871,0.972294,0.369813,0.585856,-0.133686,-0.241667,0.146690,-0.204692,0.017914,-0.177259,-0.737630,0.093971,-0.287896,-0.660418,-0.945079
-0.243817,-0.293637,-0.430898,-0.477304,2.752143,-0.488298,-0.441071,0.896117,-0.086206,-0.349130,0.652041,-0.038699,-0.469934,0.161326,-1.808191,0.975196,0.316916,0.553492,0.105153,-0.357165,0.102639,-0.131220,0.010729,-0.241419,-0.208865,0.021224,-0.323946,-0.928339,-0.500662
-0.201389,0.186716,-0.445065,-0.473735,2.852882,-0.505604,-0.520915,0.718177,-0.094418,-0.153162,-0.371613,-0.119683,-0.290344,0.037111,-1.470831,0.981002,0.211122,0.488764,0.582832,-0.588162,0.014536,0.015725,-0.003641,-0.369738,0.848664,-0.124269,-0.396047,-1.464180,0.388172
-0.184278,0.584697,-0.352710,-0.573936,2.559547,-0.489099,-0.547804,0.537194,-0.131171,-0.075631,-1.655567,-0.187085,-0.077472,-0.032319,-0.374137,0.831272,0.080730,0.437122,1.228732,-0.378584,-0.028067,0.153719,-0.124962,-0.590389,0.958622,-0.078908,-0.236628,-1.603280,0.843730
-0.175723,0.783687,-0.306532,-0.624036,2.412880,-0.480846,-0.561249,0.446703,-0.149547,-0.036866,-2.297544,-0.220786,0.028964,-0.067034,0.174209,0.756407,0.015534,0.411301,1.551682,-0.273795,-0.049369,0.222716,-0.185623,-0.700714,1.013601,-0.056228,-0.156919,-1.672829,1.071509
-0.186289,1.080983,-0.077953,-0.808179,1.452109,-0.409400,-0.536190,-0.036256,-0.195436,0.005544,-3.804785,-0.302791,0.177487,-0.175190,1.413974,0.350721,-0.240683,0.399225,0.437333,0.483413,0.089734,0.223893,-0.328460,-0.635970,0.438509,0.452978,0.127524,-1.130979,1.150687
-0.202897,1.121016,0.012946,-0.730064,0.555038,-0.300355,-0.531626,-1.612497,-0.197696,0.006949,-3.572504,-0.340742,0.168345,-0.156275,0.550667,0.212440,-0.309354,0.392486,-0.736154,0.701283,0.221779,0.201062,-0.284897,-0.500934,0.269638,0.471942,0.035065,-0.815530,0.926024
-0.236113,1.201082,0.194744,-0.573836,-1.239102,-0.082264,-0.522499,-4.764980,-0.202216,0.009760,-3.107942,-0.416644,0.150060,-0.118445,-1.175947,-0.064121,-0.446696,0.379008,-3.083128,1.137022,0.485868,0.155400,-0.197772,-0.230862,-0.068104,0.509869,-0.149853,-0.184630,0.476698
-0.177915,0.912839,0.310899,-0.269906,-0.515495,0.206656,-0.515487,-2.247006,-0.125369,0.007997,-1.750353,-0.375827,0.020361,-0.070706,-0.419739,-0.266708,-0.490422,0.295172,-1.409695,1.359412,0.715818,-0.004932,0.097765,-0.148409,0.066470,0.159973,-0.206413,0.463581,0.126287
-0.148816,0.768718,0.368977,-0.117942,-0.153691,0.351116,-0.511981,-0.988020,-0.086946,0.007115,-1.071559,-0.355419,-0.044488,-0.046836,-0.041635,-0.368002,-0.512285,0.253254,-0.572978,1.470607,0.830793,-0.085098,0.245533,-0.107182,0.133756,-0.014975,-0.234693,0.787686,-0.048918
0.184318,0.922009,0.661584,-0.300051,-0.377803,0.276443,-0.038727,-0.319537,0.001772,0.011998,-1.488213,0.083789,-0.327663,-0.149037,1.093525,-0.698644,-0.573039,0.420497,1.871104,1.745644,1.083148,-0.493605,0.836924,-0.556742,0.437170,-0.536013,0.038736,1.434339,0.063013
0.269892,0.827229,0.711577,-0.238760,-0.247847,0.339145,0.102390,-0.052921,0.021476,0.014724,-1.350440,0.228723,-0.399764,-0.197058,1.027426,-0.789067,-0.588408,0.411546,1.571305,1.680431,1.032503,-0.638719,0.899365,-0.761952,0.341567,-0.616959,0.140073,1.448427,0.239783
0.441039,0.637668,0.811565,-0.116179,0.012065,0.464550,0.384622,0.480312,0.060882,0.020175,-1.074893,0.518590,-0.543965,-0.293099,0.895227,-0.969912,-0.619147,0.393645,0.971707,1.550004,0.931213,-0.928946,1.024246,-1.172372,0.150362,-0.778851,0.342748,1.476603,0.593324
0.495860,0.495358,0.747784,-0.209196,0.010265,0.308762,0.451065,1.049813,0.024828,0.020429,-0.790209,0.638444,-0.548232,-0.298812,0.557545,-0.979444,-0.568833,0.424027,0.886151,1.102851,0.680978,-1.058066,0.821779,-0.648082,-0.026972,-0.652607,0.472148,0.758585,0.660209
0.523270,0.424203,0.715893,-0.255704,0.009365,0.230869,0.484286,1.334564,0.006801,0.020556,-0.647866,0.698371,-0.550366,-0.301668,0.388703,-0.984211,-0.543676,0.439218,0.843374,0.879275,0.555861,-1.122626,0.720545,-0.385937,-0.115639,-0.589485,0.536847,0.399577,0.693651
0.455143,0.502996,0.440618,-0.203951,-0.039534,0.130658,0.384928,0.825964,-0.022007,0.018041,-0.661479,0.693756,-0.539749,-0.276915,0.295547,-0.802010,-0.420688,0.347042,0.756785,0.234396,0.194911,-1.182851,0.283992,0.583266,-0.103284,-0.245660,0.139856,-0.566170,0.222135
0.457127,0.494474,0.333302,-0.188396,-0.081261,0.100701,0.289529,0.518828,-0.011331,0.017735,-0.499772,0.655447,-0.505301,-0.266326,0.186043,-0.728501,-0.362079,0.313667,0.568677,0.017577,0.029815,-1.066861,0.142213,0.562038,-0.035533,-0.249859,0.065700,-0.710213,-0.004313
0.461096,0.477432,0.118671,-0.157288,-0.164714,0.040787,0.098729,-0.095445,0.010021,0.017122,-0.176359,0.578829,-0.436406,-0.245149,-0.032964,-0.581484,-0.244862,0.246917,0.192461,-0.416061,-0.300377,-0.834882,-0.141345,0.519580,0.099970,-0.258256,-0.082614,-0.998300,-0.457208
0.441337,0.396387,-0.019110,-0.150780,-0.184407,-0.026565,0.005419,-0.160313,-0.003347,0.014314,0.088400,0.458523,-0.309694,-0.231147,-0.151080,-0.507418,-0.118844,0.191737,0.168016,-0.701991,-0.699179,-0.399573,-0.422961,0.330558,0.009576,-0.187436,-0.102638,-0.899857,-0.706683
0.431458,0.355865,-0.088000,-0.147526,-0.194254,-0.060241,-0.041236,-0.192746,-0.010030,0.012910,0.220780,0.398371,-0.246338,-0.224146,-0.210138,-0.470385,-0.055835,0.164147,0.155794,-0.844957,-0.898579,-0.181918,-0.563768,0.236047,-0.035620,-0.152026,-0.112651,-0.850636,-0.831421
0.150229,-0.355196,-0.019951,-0.161397,-0.210011,-0.124490,0.117227,0.002911,-0.157493,0.006525,0.860462,0.170583,-0.163491,-0.135160,-0.287397,-0.478659,0.090824,0.128432,0.090413,-1.028593,-1.170496,0.395375,-0.871829,0.219679,-0.119473,0.219492,-0.160840,-0.356037,-0.955344
0.135154,-0.489011,0.013583,-0.103994,-0.161413,-0.077377,0.192908,0.001891,-0.147047,0.006421,1.012438,0.131280,-0.197681,-0.141216,-0.301926,-0.499804,0.106168,0.098035,0.066274,-0.997979,-1.029262,0.518973,-0.885537,0.264536,-0.020315,0.277742,-0.216964,-0.262209,-0.857772
0.105005,-0.756639,0.080651,0.010814,-0.064218,0.016849,0.344269,-0.000149,-0.126156,0.006215,1.316392,0.052676,-0.266061,-0.153327,-0.330984,-0.542095,0.136857,0.037242,0.017997,-0.936751,-0.746793,0.766168,-0.912952,0.354251,0.178000,0.394243,-0.329214,-0.074552,-0.662629
0.176594,-0.623458,0.067725,0.057428,0.064221,0.069678,0.342619,-0.034695,-0.086940,0.007629,1.050766,0.031924,-0.260606,-0.163962,-0.535638,-0.556256,0.145788,-0.004030,-0.174794,-0.861762,-0.360443,0.912538,-0.860395,0.336727,0.159207,0.392749,-0.315717,-0.058115,-0.377777
0.212388,-0.556867,0.061262,0.080735,0.128440,0.096093,0.341794,-0.051968,-0.067332,0.008337,0.917954,0.021548,-0.257879,-0.169280,-0.637965,-0.563336,0.150253,-0.024666,-0.271189,-0.824268,-0.167268,0.985723,-0.834117,0.327965,0.149810,0.392001,-0.308968,-0.049897,-0.235350
0.259495,0.480407,-0.199327,0.064564,0.590718,0.074769,0.016371,-0.037264,-0.028621,0.005253,-1.709372,-0.019174,-0.152675,-0.134519,-0.144828,-0.500952,0.208172,-0.046224,0.911271,-0.833264,0.212168,1.106565,-0.742857,0.038517,-0.210472,0.296653,-0.110350,-0.140789,0.098188
0.203891,0.233746,-0.210868,0.203276,0.700166,0.171071,-0.057330,0.097097,-0.029406,0.006179,-1.080193,-0.097218,-0.118019,-0.100665,0.028502,-0.468690,0.224032,-0.081950,-0.139934,-0.887566,0.239633,1.102498,-0.701243,0.026830,-0.340110,0.331447,-0.073564,-0.156853,0.133822
0.092685,-0.259577,-0.233952,0.480699,0.919061,0.363675,-0.204732,0.365818,-0.030978,0.008030,0.178164,-0.253305,-0.048707,-0.032958,0.375161,-0.404165,0.255754,-0.153403,-2.242345,-0.996169,0.294562,1.094363,-0.618015,0.003455,-0.599387,0.401036,0.000008,-0.188980,0.205090
0.132163,0.347787,-0.146254,0.197770,0.236729,0.109668,-0.217635,-0.209985,-0.047387,0.002785,-0.347042,-0.246481,0.122118,-0.029675,0.234291,-0.338449,0.282038,-0.133896,-0.395664,-0.773146,0.256361,0.911236,-0.454939,-0.009191,-0.425807,0.429517,-0.048347,-0.259349,0.234154
0.151903,0.651469,-0.102406,0.056305,-0.104437,-0.017336,-0.224086,-0.497886,-0.055591,0.000162,-0.609645,-0.243068,0.207531,-0.028034,0.163855,-0.305592,0.295180,-0.124142,0.527676,-0.661635,0.237261,0.819672,-0.373401,-0.015513,-0.339017,0.443758,-0.072525,-0.294534,0.248686
0.160438,0.669901,-0.036521,0.439382,0.384628,0.360822,-0.254706,-0.526569,-0.057119,0.004311,-0.670686,-0.114257,0.136083,0.007617,0.353217,-0.245654,0.262052,-0.161745,-0.622929,0.277328,0.498480,0.305189,0.226534,-0.106461,0.284461,0.328821,-0.149845,0.090157,0.068011
0.139070,0.742937,-0.062150,0.428158,0.361122,0.336143,-0.313509,-0.618594,-0.081008,0.003789,-0.770573,-0.089461,0.139612,0.031451,0.320658,-0.216739,0.261922,-0.161138,-0.455577,0.428380,0.537556,0.199453,0.405346,0.039513,0.300511,0.231301,-0.155861,0.230869,0.069049
0.096333,0.889008,-0.113407,0.405711,0.314110,0.286784,-0.431115,-0.802646,-0.128786,0.002744,-0.970346,-0.039870,0.146668,0.079119,0.255539,-0.158908,0.261664,-0.159923,-0.120873,0.730484,0.615708,-0.012020,0.762969,0.331462,0.332611,0.036263,-0.167893,0.512292,0.071124
0.015290,0.775158,-0.049646,0.343874,0.284923,0.189515,-0.450900,-0.759324,-0.136580,0.000714,-0.906671,-0.087645,0.125772,0.136681,0.231454,-0.084770,0.275803,-0.134231,-0.136089,0.802653,0.567411,-0.194763,0.947000,0.199624,0.445869,-0.071279,-0.045544,0.591801,0.031537
-0.025232,0.718232,-0.017766,0.312956,0.270330,0.140881,-0.460792,-0.737663,-0.140477,-0.000301,-0.874834,-0.111532,0.115323,0.165461,0.219411,-0.047700,0.282872,-0.121385,-0.143697,0.838737,0.543262,-0.286134,1.039016,0.133705,0.502498,-0.125050,0.015630,0.631555,0.011744
0.004881,0.598095,0.033728,0.259477,0.251471,0.075511,-0.331994,-0.561861,-0.077586,-0.000101,-0.697170,-0.127393,0.039485,0.154943,0.145858,0.057330,0.295167,-0.123657,-0.174646,0.728449,0.276450,-0.559949,1.267619,-0.630968,0.667356,-0.362882,-0.086631,0.507852,-0.248661
0.048067,0.630266,0.032234,0.263502,0.267762,0.076930,-0.287016,-0.531620,-0.040411,0.001106,-0.705911,-0.132294,0.015032,0.133065,0.147960,0.084711,0.275788,-0.118725,-0.167356,0.662139,0.260288,-0.602419,1.253110,-0.573371,0.552941,-0.388427,0.037506,0.379089,-0.220714
0.134438,0.694609,0.029245,0.271552,0.300343,0.079769,-0.197060,-0.471139,0.033940,0.003521,-0.723394,-0.142098,-0.033875,0.089309,0.152163,0.139472,0.237032,-0.108862,-0.152776,0.529520,0.227963,-0.687361,1.224092,-0.458178,0.324111,-0.439518,0.285778,0.121565,-0.164819
0.102503,0.670997,-0.043979,0.252922,0.288515,0.069996,-0.220658,-0.488672,0.033428,0.003867,-0.707583,-0.198242,-0.071699,0.061870,0.141791,0.156978,0.163696,-0.104716,-0.160687,0.329502,0.336032,-0.624850,1.121103,-0.307827,0.246526,-0.402904,0.337114,0.074341,0.095172
0.086536,0.659191,-0.080591,0.243607,0.282601,0.065109,-0.232457,-0.497439,0.033172,0.004040,-0.699677,-0.226313,-0.090612,0.048151,0.136605,0.165731,0.127028,-0.102644,-0.164642,0.229493,0.390067,-0.593594,1.069608,-0.232651,0.207734,-0.384597,0.362781,0.050730,0.225168
0.105919,0.638490,-0.128493,0.146315,0.176830,0.018963,-0.200679,-0.485480,0.050857,0.004151,-0.627770,-0.305321,-0.055564,0.033676,0.093876,0.119345,-0.004154,-0.032007,-0.063515,0.000054,0.380339,-0.395107,0.727315,-0.077533,-0.101774,-0.255973,0.476594,0.151961,0.569053
0.109862,0.603408,-0.133507,0.114152,0.141219,0.003102,-0.189573,-0.469330,0.041520,0.003609,-0.561635,-0.305471,-0.063770,0.032131,0.058338,0.102209,-0.044807,-0.025273,-0.057092,-0.014269,0.482453,-0.333475,0.662651,0.005656,-0.035293,-0.194396,0.418079,0.151430,0.593891
0.117749,0.533243,-0.143536,0.049827,0.069996,-0.028619,-0.167363,-0.437031,0.022847,0.002523,-0.429365,-0.305772,-0.080182,0.029043,-0.012736,0.067935,-0.126112,-0.011805,-0.044245,-0.042914,0.686681,-0.210210,0.533323,0.172035,0.097668,-0.071242,0.301050,0.150368,0.643566
0.118659,0.433838,-0.102663,-0.002772,0.027127,-0.045372,-0.092344,-0.345672,0.012655,0.006913,-0.306682,-0.298593,-0.100144,0.034392,-0.025452,0.011330,-0.181460,0.140928,-0.032726,0.055750,0.780545,-0.086643,0.421548,0.031490,0.029731,-0.041480,0.251926,0.075879,0.566988
0.119114,0.384136,-0.082226,-0.029072,0.005692,-0.053749,-0.054834,-0.299993,0.007559,0.009108,-0.245340,-0.295004,-0.110125,0.037067,-0.031810,-0.016973,-0.209135,0.217295,-0.026967,0.105082,0.827478,-0.024859,0.365660,-0.038782,-0.004238,-0.026599,0.227364,0.038634,0.528699
0.149307,0.259998,-0.029435,-0.060850,-0.013124,-0.046858,0.009791,-0.133891,0.022518,0.015094,-0.087443,-0.255163,-0.101486,-0.051007,-0.074197,-0.087508,-0.232234,0.293757,-0.041088,0.227197,0.521289,0.098991,0.163547,-0.117861,-0.502910,0.047912,0.282460,0.034991,0.280107
0.152283,0.243110,-0.018394,-0.059917,-0.017488,-0.038162,0.060134,-0.100431,0.034836,0.051604,-0.053519,-0.223585,-0.094301,-0.101812,-0.085847,-0.096732,-0.228129,0.321313,-0.038990,0.262870,0.362335,0.079542,0.112377,-0.070408,-0.463165,0.068642,0.252473,0.015465,0.166772
0.158235,0.209333,0.003690,-0.058049,-0.026217,-0.020771,0.160820,-0.033513,0.059471,0.124622,0.014328,-0.160430,-0.079930,-0.203422,-0.109148,-0.115180,-0.219919,0.376424,-0.034793,0.334216,0.044428,0.040644,0.010039,0.024499,-0.383676,0.110102,0.192499,-0.023586,-0.059899
0.094568,0.173895,-0.010484,-0.037144,-0.021127,0.002553,0.172885,-0.024837,0.065841,0.217994,0.026788,-0.130164,-0.080815,-0.276488,-0.090424,-0.102974,-0.219190,0.423210,-0.017386,0.234944,-0.219184,-0.018648,-0.102512,-0.028463,-0.062530,0.084051,0.080567,-0.027860,-0.150158
0.062735,0.156176,-0.017571,-0.026691,-0.018582,0.014215,0.178917,-0.020499,0.069026,0.264680,0.033017,-0.115032,-0.081258,-0.313020,-0.081062,-0.096872,-0.218825,0.446603,-0.008682,0.185308,-0.350990,-0.048294,-0.158787,-0.054943,0.098043,0.071025,0.024600,-0.029996,-0.195288
0.064072,0.176013,-0.029697,0.050498,0.078267,0.062172,0.137440,-0.016817,0.021386,0.147363,-0.151083,-0.039259,-0.070052,-0.253152,0.022067,-0.036689,-0.172787,0.227970,-0.005107,-0.043500,-0.563838,-0.087969,-0.319594,0.068766,0.201435,-0.026414,-0.013166,-0.053197,-0.217813
0.064072,0.176013,-0.029697,0.050498,0.078267,0.062172,0.137440,-0.016817,0.021386,0.147363,-0.151083,-0.039259,-0.070052,-0.253152,0.022067,-0.036689,-0.172787,0.227970,-0.005107,-0.043500,-0.563838,-0.087969,-0.319594,0.068766,0.201435,-0.026414,-0.013166,-0.053197,-0.217813
