joint_0,joint_1,joint_2,joint_3,joint_4,joint_5,joint_6,joint_7,joint_8,joint_9,joint_10,joint_11,joint_12,joint_13,joint_14,joint_15,joint_16,joint_17,joint_18,joint_19,joint_20,joint_21,joint_22,joint_23,joint_24,joint_25,joint_26,joint_27,joint_28
0.035863,0.020005,0.004279,0.115052,-0.129512,0.007500,0.242937,-0.329104,0.050288,0.121879,0.120084,-0.007183,0.020467,-0.192968,-0.146335,0.200730,-0.203523,-0.124351,0.123043,-0.600282,0.616869,1.174878,1.163263,-0.150072,0.043906,0.087373,-0.017527,0.061995,-0.128551
0.031455,0.014849,0.006358,0.113780,-0.131213,0.007832,0.244795,-0.327053,0.049672,0.122924,0.120498,-0.005865,0.018208,-0.191696,-0.144858,0.200499,-0.204550,-0.123846,0.123718,-0.594299,0.617748,1.170531,1.164037,-0.148517,0.042795,0.086211,-0.017432,0.062117,-0.127324
0.023996,0.005876,0.008599,0.112271,-0.134211,0.008460,0.246756,-0.323933,0.048365,0.127330,0.125603,-0.004381,0.015678,-0.191341,-0.145016,0.199683,-0.206162,-0.122765,0.124227,-0.586095,0.618101,1.165766,1.164813,-0.147184,0.041832,0.084361,-0.017367,0.062912,-0.126214
0.010436,-0.010728,0.011166,0.110293,-0.139803,0.009677,0.248922,-0.318673,0.045676,0.138458,0.140089,-0.002565,0.012606,-0.192821,-0.148445,0.197695,-0.208945,-0.120534,0.124402,-0.573449,0.617404,1.160161,1.165594,-0.146293,0.041165,0.081132,-0.017364,0.065054,-0.125336
-0.010456,-0.030881,0.014093,0.108892,-0.147194,0.011762,0.250456,-0.313037,0.044237,0.162969,0.159451,-0.002475,0.008739,-0.199360,-0.153709,0.194238,-0.213199,-0.119812,0.125237,-0.558940,0.615927,1.156578,1.165631,-0.147908,0.041656,0.075268,-0.017323,0.071481,-0.125191
-0.035013,-0.052810,0.017202,0.107780,-0.155485,0.014280,0.251674,-0.307212,0.043423,0.194172,0.181251,-0.003247,0.004474,-0.208427,-0.159891,0.190048,-0.218188,-0.119843,0.126402,-0.543500,0.614061,1.154007,1.165296,-0.150777,0.042724,0.068085,-0.017263,0.080051,-0.125411
-0.062042,-0.066963,0.016967,0.109082,-0.161528,0.020257,0.241727,-0.306746,0.046593,0.233936,0.196079,-0.006007,0.001619,-0.219964,-0.162851,0.185085,-0.225178,-0.131401,0.127040,-0.528628,0.610509,1.153332,1.162367,-0.147522,0.042432,0.059923,-0.017272,0.094231,-0.123932
-0.089195,-0.077616,0.015791,0.109810,-0.166961,0.026862,0.222952,-0.308131,0.051286,0.275275,0.208043,-0.009795,-0.001064,-0.231747,-0.164942,0.180634,-0.232818,-0.147489,0.128229,-0.516325,0.608247,1.153134,1.159135,-0.147567,0.042680,0.051790,-0.017658,0.108051,-0.122499
-0.116594,-0.081269,0.012734,0.109392,-0.171175,0.034723,0.186522,-0.313216,0.059029,0.319766,0.214280,-0.015637,-0.003404,-0.244021,-0.165298,0.177206,-0.241755,-0.172635,0.130516,-0.509160,0.608566,1.153890,1.155298,-0.154213,0.044008,0.043715,-0.018797,0.121153,-0.121156
-0.141523,-0.082507,0.011507,0.112191,-0.176166,0.041573,0.154251,-0.317504,0.067395,0.365146,0.220259,-0.021522,-0.005493,-0.260139,-0.165887,0.175268,-0.252136,-0.191892,0.133531,-0.506422,0.613169,1.153211,1.153119,-0.158757,0.044858,0.035798,-0.019622,0.132294,-0.119064
-0.165216,-0.082536,0.011195,0.116601,-0.181547,0.047918,0.124060,-0.321392,0.076073,0.410971,0.226109,-0.027430,-0.007456,-0.278179,-0.166592,0.174076,-0.263238,-0.208204,0.136910,-0.505898,0.619914,1.151813,1.151769,-0.162249,0.045469,0.027959,-0.020290,0.142455,-0.116596
-0.182276,-0.085986,0.014197,0.139633,-0.191378,0.049199,0.138964,-0.319096,0.082253,0.451194,0.235837,-0.030419,-0.010591,-0.300614,-0.169174,0.175187,-0.275000,-0.194450,0.141857,-0.505085,0.630110,1.145004,1.155444,-0.154533,0.047381,0.025848,-0.020251,0.147612,-0.114881
-0.197007,-0.091218,0.017625,0.166131,-0.202017,0.049142,0.159921,-0.314719,0.087142,0.484911,0.246393,-0.031909,-0.014349,-0.320725,-0.171855,0.177150,-0.286276,-0.177124,0.147079,-0.503258,0.640211,1.136748,1.160756,-0.147531,0.048963,0.023663,-0.019820,0.151575,-0.113360
-0.207079,-0.100017,0.021902,0.199562,-0.214272,0.046409,0.192981,-0.306181,0.089448,0.505612,0.258605,-0.030401,-0.019354,-0.336190,-0.174734,0.180816,-0.296581,-0.152651,0.152851,-0.499399,0.650120,1.125597,1.169342,-0.141958,0.049886,0.021333,-0.018606,0.153149,-0.112229
-0.215188,-0.108930,0.024333,0.232302,-0.226102,0.043000,0.220679,-0.297419,0.090278,0.514387,0.269253,-0.027600,-0.023593,-0.340706,-0.176751,0.186196,-0.304976,-0.132873,0.158909,-0.494999,0.652144,1.115040,1.177056,-0.130117,0.050823,0.019923,-0.016001,0.155734,-0.111202
-0.222315,-0.117902,0.025840,0.264697,-0.237719,0.039254,0.245697,-0.288545,0.090370,0.517198,0.279120,-0.024154,-0.027449,-0.339747,-0.178338,0.192432,-0.312416,-0.115441,0.165111,-0.490329,0.650225,1.104780,1.184333,-0.115142,0.051766,0.018974,-0.012701,0.158823,-0.110226
-0.229430,-0.124019,0.022840,0.286939,-0.249535,0.035049,0.245045,-0.282541,0.091216,0.505108,0.288064,-0.021020,-0.029562,-0.321271,-0.180250,0.200924,-0.317070,-0.110176,0.173078,-0.487168,0.637421,1.099885,1.187108,-0.108248,0.055521,0.016331,-0.010327,0.162924,-0.110243
-0.235912,-0.129867,0.019330,0.306236,-0.261420,0.031238,0.238294,-0.277066,0.092075,0.488783,0.297543,-0.018383,-0.030857,-0.300685,-0.182606,0.209714,-0.321446,-0.110262,0.181198,-0.485174,0.623392,1.096858,1.187857,-0.106355,0.060170,0.013895,-0.008627,0.164971,-0.110855
-0.241124,-0.135177,0.014798,0.319644,-0.273443,0.028215,0.219344,-0.272651,0.092957,0.463989,0.308093,-0.016743,-0.030514,-0.275877,-0.185848,0.219097,-0.325265,-0.121054,0.189624,-0.485514,0.606913,1.097566,1.184556,-0.114464,0.066610,0.011873,-0.008274,0.162907,-0.112655
-0.243231,-0.139617,0.010121,0.328866,-0.286224,0.025108,0.195518,-0.268065,0.094280,0.434065,0.319843,-0.016304,-0.028729,-0.253725,-0.189707,0.228330,-0.329441,-0.136891,0.198688,-0.485897,0.594249,1.101848,1.177919,-0.116526,0.073336,0.010823,-0.009126,0.158433,-0.114461
-0.243785,-0.143622,0.005371,0.335996,-0.299384,0.021960,0.169255,-0.263395,0.095823,0.401577,0.332193,-0.016465,-0.026223,-0.232900,-0.193874,0.237488,-0.333796,-0.155251,0.208072,-0.486302,0.583492,1.107918,1.169616,-0.115565,0.080206,0.010257,-0.010579,0.152755,-0.116270
-0.243563,-0.147947,0.001252,0.337030,-0.315345,0.018129,0.138972,-0.257368,0.096599,0.372309,0.345382,-0.021185,-0.022743,-0.219779,-0.197098,0.247120,-0.339038,-0.170196,0.219120,-0.496240,0.580393,1.118988,1.161025,-0.116395,0.084159,0.011182,-0.014620,0.143938,-0.118804
-0.242905,-0.151139,-0.002646,0.336558,-0.331757,0.014151,0.108517,-0.251652,0.097303,0.344950,0.357081,-0.027857,-0.018637,-0.206533,-0.199352,0.257304,-0.344329,-0.185254,0.230189,-0.510316,0.578300,1.132501,1.152424,-0.113373,0.086713,0.011480,-0.017956,0.134060,-0.121151
-0.241375,-0.152067,-0.006101,0.333073,-0.349073,0.009880,0.077719,-0.246556,0.097860,0.321413,0.365802,-0.038433,-0.013278,-0.193035,-0.199666,0.268590,-0.349719,-0.200535,0.241296,-0.532668,0.578219,1.150898,1.143802,-0.102645,0.086470,0.010525,-0.019882,0.122057,-0.123121
-0.242201,-0.150145,-0.009878,0.326963,-0.366072,0.005767,0.047544,-0.243305,0.097650,0.305138,0.368011,-0.052964,-0.007473,-0.178845,-0.195573,0.281083,-0.354486,-0.215331,0.251719,-0.561984,0.578003,1.171125,1.136952,-0.091355,0.085431,0.009176,-0.020924,0.107002,-0.124734
-0.244205,-0.146799,-0.013816,0.319541,-0.382910,0.001732,0.017682,-0.240978,0.097057,0.292495,0.366964,-0.069473,-0.001444,-0.164308,-0.189278,0.294180,-0.358941,-0.229885,0.261800,-0.594781,0.577718,1.192266,1.130987,-0.079784,0.083993,0.007629,-0.021524,0.090422,-0.126168
-0.251259,-0.139906,-0.017146,0.312005,-0.395479,0.000450,-0.000712,-0.240786,0.095274,0.295091,0.352030,-0.086185,0.003042,-0.147652,-0.172857,0.306383,-0.362839,-0.242705,0.261800,-0.620557,0.575842,1.208654,1.129112,-0.069266,0.081840,0.015687,-0.021469,0.071438,-0.125037
-0.257378,-0.133083,-0.020153,0.302971,-0.409531,-0.001441,-0.007127,-0.239500,0.093591,0.299821,0.334296,-0.102156,0.006647,-0.132207,-0.153339,0.317592,-0.367075,-0.253361,0.261800,-0.640425,0.573409,1.222009,1.127606,-0.060600,0.079241,0.026279,-0.021009,0.053877,-0.123621
-0.261629,-0.126400,-0.022514,0.290943,-0.426550,-0.004552,0.010415,-0.236028,0.092106,0.308818,0.310961,-0.116647,0.008489,-0.119182,-0.127626,0.326812,-0.371990,-0.259690,0.261800,-0.648480,0.569863,1.229298,1.126841,-0.055636,0.075751,0.041938,-0.019740,0.039161,-0.121632
-0.274265,-0.127119,-0.023965,0.269564,-0.450458,-0.013326,0.027254,-0.226290,0.091173,0.337216,0.288513,-0.129266,0.006420,-0.136435,-0.096679,0.335192,-0.377841,-0.261800,0.261800,-0.644750,0.566434,1.228073,1.125181,-0.054032,0.070593,0.056169,-0.018896,0.030154,-0.119684
-0.291094,-0.131538,-0.024961,0.243511,-0.477810,-0.024932,0.043742,-0.213419,0.090517,0.375315,0.266510,-0.140948,0.002396,-0.168826,-0.063117,0.343150,-0.384160,-0.261800,0.261800,-0.635127,0.563065,1.222589,1.123075,-0.054108,0.064602,0.069686,-0.018265,0.024001,-0.117758
-0.308553,-0.152592,-0.024043,0.213436,-0.511950,-0.039722,0.068627,-0.193436,0.092334,0.411648,0.261792,-0.147427,-0.001946,-0.188787,-0.021756,0.350540,-0.386715,-0.239346,0.261800,-0.612115,0.545693,1.206684,1.121415,-0.064290,0.051544,0.074207,-0.019166,0.035820,-0.127342
-0.321067,-0.179634,-0.021894,0.185678,-0.545349,-0.052409,0.096649,-0.175733,0.094748,0.440467,0.266073,-0.151092,-0.006151,-0.206169,0.019001,0.357657,-0.387742,-0.217552,0.261800,-0.589046,0.525576,1.188457,1.118721,-0.081177,0.040389,0.074274,-0.018953,0.050180,-0.138275
-0.323692,-0.218655,-0.017283,0.162557,-0.577265,-0.060889,0.130949,-0.162588,0.098355,0.454255,0.288348,-0.149132,-0.010080,-0.218392,0.058549,0.364228,-0.385710,-0.197078,0.261800,-0.565860,0.499967,1.165586,1.113959,-0.111478,0.033035,0.065433,-0.016512,0.069620,-0.151904
-0.323790,-0.265052,-0.008982,0.146847,-0.609213,-0.064576,0.167849,-0.191350,0.100644,0.462699,0.332231,-0.144696,-0.015556,-0.230530,0.082961,0.370924,-0.382610,-0.178203,0.236115,-0.548695,0.478484,1.144338,1.107038,-0.153993,0.033741,0.049443,-0.016695,0.084691,-0.153783
-0.322626,-0.315137,0.001162,0.134843,-0.641177,-0.065868,0.206049,-0.241066,0.102273,0.468470,0.386919,-0.139023,-0.021804,-0.242626,0.099804,0.377682,-0.378976,-0.160129,0.197588,-0.534540,0.459063,1.123901,1.099039,-0.202615,0.038477,0.029880,-0.018192,0.097577,-0.149787
-0.317337,-0.329612,0.008206,0.126398,-0.661954,-0.066267,0.237460,-0.323827,0.106344,0.465571,0.433568,-0.132562,-0.030455,-0.249380,0.063081,0.387447,-0.374159,-0.141164,0.153617,-0.529976,0.460173,1.111289,1.088471,-0.255036,0.042432,0.006110,-0.023685,0.102000,-0.137647
-0.310421,-0.332561,0.013257,0.115827,-0.677770,-0.067766,0.265873,-0.407454,0.110784,0.458909,0.478457,-0.126100,-0.038792,-0.253522,0.017742,0.397447,-0.368130,-0.121464,0.123600,-0.527092,0.464930,1.102186,1.079325,-0.297939,0.042575,-0.013951,-0.027909,0.104386,-0.127980
-0.300248,-0.312460,0.014323,0.101005,-0.683662,-0.071468,0.288291,-0.492812,0.115964,0.444724,0.519825,-0.119635,-0.046500,-0.252440,-0.044830,0.407917,-0.359679,-0.100293,0.121490,-0.527571,0.476980,1.100102,1.073021,-0.321801,0.035098,-0.026596,-0.029597,0.102700,-0.123260
-0.288467,-0.289956,0.017402,0.089108,-0.672190,-0.073383,0.307826,-0.550932,0.120846,0.429908,0.567796,-0.111773,-0.052515,-0.250673,-0.102968,0.416301,-0.348775,-0.081246,0.129876,-0.527023,0.493210,1.103092,1.071191,-0.325199,0.025082,-0.027034,-0.030417,0.101661,-0.126182
-0.275883,-0.266250,0.021488,0.078673,-0.652037,-0.074403,0.325918,-0.595432,0.125579,0.414776,0.619068,-0.103212,-0.057682,-0.248565,-0.158890,0.423643,-0.336644,-0.063261,0.143509,-0.525961,0.511529,1.108619,1.071597,-0.318363,0.013795,-0.021369,-0.030804,0.100945,-0.132924
-0.265969,-0.252617,0.030489,0.073887,-0.612724,-0.074592,0.347502,-0.604625,0.125358,0.402906,0.676993,-0.089418,-0.062060,-0.248341,-0.203360,0.427281,-0.322243,-0.048019,0.154079,-0.521472,0.531755,1.117357,1.075375,-0.312253,0.003541,-0.006933,-0.029295,0.102449,-0.131600
-0.255845,-0.239441,0.041236,0.068500,-0.571879,-0.075786,0.370947,-0.610933,0.124319,0.390115,0.734370,-0.074252,-0.066707,-0.247956,-0.244961,0.430003,-0.307841,-0.032771,0.162746,-0.517508,0.552581,1.126324,1.079975,-0.308676,-0.004274,0.006872,-0.028036,0.103999,-0.127282
-0.245301,-0.227178,0.055474,0.061913,-0.527966,-0.078990,0.398113,-0.611474,0.121648,0.375481,0.790650,-0.056344,-0.071892,-0.247250,-0.280820,0.430895,-0.293439,-0.017513,0.167608,-0.514593,0.574606,1.135748,1.086215,-0.310163,-0.007210,0.019416,-0.027276,0.105638,-0.116973
-0.236028,-0.204967,0.069913,0.054738,-0.485536,-0.083087,0.425218,-0.624443,0.117665,0.362774,0.839284,-0.034319,-0.077436,-0.248405,-0.310733,0.430092,-0.279819,-0.002744,0.167708,-0.510325,0.601222,1.142997,1.093920,-0.310128,-0.004152,0.025941,-0.026499,0.106762,-0.105683
-0.227389,-0.177782,0.084454,0.047269,-0.443846,-0.087630,0.452293,-0.643624,0.113026,0.351031,0.884093,-0.010236,-0.083160,-0.250490,-0.337672,0.428442,-0.266590,0.011781,0.165428,-0.505380,0.630134,1.149157,1.102358,-0.309333,0.001903,0.029455,-0.025713,0.107627,-0.093903
-0.222173,-0.141080,0.099519,0.038348,-0.397643,-0.094163,0.479580,-0.662194,0.107194,0.345545,0.906659,0.016343,-0.088293,-0.254558,-0.352919,0.423608,-0.254858,0.027210,0.169405,-0.500404,0.665695,1.154217,1.112604,-0.311710,0.008193,0.030854,-0.025749,0.107096,-0.089614
-0.218475,-0.104421,0.114714,0.028662,-0.346299,-0.101087,0.505371,-0.673917,0.100720,0.341420,0.917866,0.042869,-0.092797,-0.259007,-0.360658,0.417587,-0.243437,0.043350,0.184669,-0.496480,0.700075,1.159855,1.122905,-0.314634,0.011629,0.031728,-0.025396,0.106102,-0.085600
-0.217812,-0.067850,0.130165,0.017448,-0.284675,-0.108795,0.528173,-0.671947,0.092959,0.340018,0.906353,0.069293,-0.096042,-0.264217,-0.353382,0.409189,-0.232637,0.060912,0.222505,-0.494662,0.732092,1.166652,1.133314,-0.318652,0.009357,0.031551,-0.024268,0.104183,-0.082133
-0.225259,-0.038082,0.148517,0.011498,-0.211159,-0.114529,0.552191,-0.657021,0.081047,0.346255,0.874528,0.093595,-0.098630,-0.272519,-0.331227,0.398553,-0.222978,0.079297,0.245790,-0.496994,0.761145,1.175329,1.142645,-0.321176,0.006342,0.034273,-0.022163,0.099878,-0.077572
-0.236761,-0.011716,0.168321,0.008182,-0.131697,-0.119277,0.576816,-0.635617,0.067059,0.356311,0.832548,0.116837,-0.100889,-0.282367,-0.301633,0.386797,-0.213889,0.098094,0.261800,-0.501401,0.788716,1.184947,1.151437,-0.322953,0.002956,0.038446,-0.019570,0.094378,-0.072463
-0.254848,0.015160,0.188560,0.006313,-0.058776,-0.123491,0.600087,-0.618642,0.048176,0.367550,0.773903,0.138188,-0.100554,-0.293110,-0.274381,0.371939,-0.207013,0.117590,0.261800,-0.507430,0.808878,1.196029,1.156640,-0.316338,0.002065,0.043118,-0.017691,0.087945,-0.068818
-0.273420,0.040863,0.209033,0.003088,0.005663,-0.128483,0.623893,-0.602333,0.029424,0.377020,0.718146,0.158686,-0.100284,-0.302544,-0.250756,0.356232,-0.200995,0.136741,0.261800,-0.513272,0.826303,1.206833,1.160952,-0.309357,0.001178,0.047512,-0.015995,0.081890,-0.065476
-0.292963,0.064219,0.229978,-0.002848,0.053137,-0.135029,0.648768,-0.587354,0.010933,0.382951,0.668166,0.177475,-0.100142,-0.309361,-0.234388,0.338828,-0.196690,0.155204,0.261800,-0.518743,0.838255,1.217081,1.163484,-0.301643,0.000301,0.051351,-0.014666,0.076594,-0.062741
-0.310304,0.083432,0.252447,-0.008107,0.092340,-0.141044,0.677157,-0.556930,-0.001737,0.386909,0.621473,0.196204,-0.104242,-0.314354,-0.218792,0.319149,-0.194429,0.173809,0.261800,-0.514235,0.848537,1.223672,1.164967,-0.295308,-0.000963,0.054749,-0.013785,0.071915,-0.061657
-0.326545,0.100574,0.275680,-0.013027,0.127408,-0.146795,0.707304,-0.518784,-0.011496,0.389881,0.576423,0.214903,-0.110463,-0.318435,-0.203583,0.298333,-0.193190,0.192486,0.261800,-0.504738,0.857986,1.228436,1.165924,-0.289663,-0.002418,0.057927,-0.013128,0.067545,-0.061399
-0.328879,0.126419,0.295214,-0.022049,0.160371,-0.147117,0.736510,-0.456628,-0.008559,0.383400,0.514470,0.234129,-0.123044,-0.317089,-0.171729,0.273353,-0.195252,0.209667,0.261800,-0.491528,0.870782,1.232690,1.170811,-0.293595,0.002240,0.057756,-0.014861,0.066400,-0.063381
-0.327658,0.150380,0.310910,-0.035475,0.184144,-0.145449,0.763063,-0.400752,-0.003661,0.370361,0.459381,0.251864,-0.136678,-0.311698,-0.146678,0.247623,-0.198243,0.227183,0.261800,-0.483584,0.883266,1.238182,1.176954,-0.299360,0.007198,0.057042,-0.016657,0.064591,-0.065636
-0.319328,0.170573,0.318929,-0.057709,0.189541,-0.139797,0.784313,-0.357434,0.005160,0.344209,0.418023,0.266616,-0.152418,-0.298215,-0.135234,0.220392,-0.203095,0.245370,0.261800,-0.486174,0.895126,1.246152,1.185610,-0.308791,0.012753,0.055239,-0.018580,0.061457,-0.068434
-0.313782,0.175969,0.320082,-0.074955,0.180982,-0.124696,0.798009,-0.343980,0.011697,0.321191,0.410581,0.274751,-0.168646,-0.281923,-0.155622,0.193850,-0.209816,0.255580,0.250812,-0.507259,0.899707,1.254656,1.194088,-0.303181,0.013327,0.059315,-0.018343,0.051096,-0.068807
-0.309629,0.173964,0.317801,-0.089708,0.165445,-0.104871,0.807928,-0.345459,0.017093,0.299741,0.420097,0.279576,-0.185119,-0.264225,-0.191925,0.167654,-0.217471,0.261800,0.234331,-0.537591,0.900647,1.263427,1.202477,-0.290050,0.011410,0.066330,-0.017025,0.037121,-0.067966
-0.329515,0.159460,0.318263,-0.078998,0.165132,-0.074311,0.814218,-0.364866,0.017016,0.315378,0.434581,0.275413,-0.201161,-0.249947,-0.240463,0.143375,-0.230063,0.261800,0.151867,-0.573726,0.885147,1.266685,1.203672,-0.246822,0.008358,0.073910,-0.015564,0.008989,-0.069660
-0.351212,0.148202,0.316219,-0.068123,0.164972,-0.044478,0.821752,-0.388426,0.020013,0.335064,0.440757,0.268621,-0.217135,-0.228975,-0.285630,0.120973,-0.244077,0.261800,0.081025,-0.604409,0.866056,1.267583,1.201307,-0.205291,0.007436,0.079542,-0.015483,-0.020214,-0.072947
-0.376533,0.143435,0.309163,-0.056916,0.165117,-0.016094,0.831776,-0.420294,0.029157,0.362848,0.430319,0.256570,-0.232974,-0.194618,-0.324057,0.102323,-0.260938,0.261800,0.033426,-0.624188,0.839780,1.263760,1.191820,-0.167153,0.010774,0.081275,-0.018163,-0.051557,-0.079422
-0.403848,0.142108,0.297964,-0.051613,0.164088,0.006006,0.839759,-0.450139,0.041903,0.389050,0.404751,0.239438,-0.244075,-0.139510,-0.351747,0.089816,-0.278380,0.261800,0.006810,-0.633640,0.808722,1.260820,1.178811,-0.155496,0.019787,0.081265,-0.024729,-0.074861,-0.092012
-0.432160,0.142501,0.284693,-0.049261,0.162473,0.024964,0.846720,-0.478974,0.056448,0.414459,0.371617,0.219767,-0.252807,-0.074027,-0.374069,0.080381,-0.296114,0.261800,-0.009313,-0.637929,0.775272,1.258321,1.164042,-0.157078,0.031637,0.080384,-0.033239,-0.094145,-0.107661
-0.463239,0.142164,0.271279,-0.046797,0.159552,0.042053,0.841796,-0.505938,0.072570,0.440682,0.333759,0.196072,-0.251449,0.016787,-0.377869,0.078856,-0.312509,0.250780,-0.013179,-0.633658,0.735371,1.257227,1.150105,-0.171245,0.040549,0.076783,-0.040960,-0.091188,-0.125706
-0.497268,0.142787,0.259078,-0.046238,0.156888,0.059573,0.812379,-0.530781,0.089931,0.467916,0.297260,0.171596,-0.247965,0.110888,-0.376845,0.079558,-0.327735,0.209861,-0.015336,-0.629477,0.696905,1.254596,1.136604,-0.181996,0.048182,0.073681,-0.046679,-0.078607,-0.142244
-0.537195,0.145329,0.249301,-0.049493,0.154737,0.077952,0.733975,-0.551382,0.109771,0.497172,0.263482,0.145561,-0.240229,0.211565,-0.366175,0.084715,-0.340621,0.109140,-0.014077,-0.625478,0.661312,1.248893,1.123978,-0.185911,0.053261,0.071577,-0.048394,-0.046779,-0.155764
-0.561239,0.150687,0.243418,-0.066406,0.152584,0.096095,0.629728,-0.568336,0.129023,0.504029,0.232807,0.120762,-0.230052,0.263926,-0.352397,0.094288,-0.351028,-0.044770,-0.011377,-0.624762,0.636576,1.239167,1.113044,-0.181935,0.057285,0.070278,-0.048108,-0.011787,-0.159168
-0.577340,0.157454,0.239482,-0.090148,0.150430,0.114120,0.512559,-0.583466,0.147981,0.499686,0.203683,0.096582,-0.218654,0.292128,-0.337065,0.106070,-0.360196,-0.225275,-0.007957,-0.625686,0.617270,1.227430,1.102956,-0.174014,0.060783,0.069383,-0.046823,0.024786,-0.157515
-0.592828,0.150439,0.237091,-0.078266,0.129485,0.118669,0.468561,-0.597447,0.162848,0.551422,0.197343,0.077259,-0.210178,0.213836,-0.333758,0.122069,-0.367303,-0.247190,-0.004575,-0.618903,0.619905,1.207469,1.098825,-0.160333,0.064018,0.065505,-0.048350,0.053678,-0.147773
-0.606122,0.139991,0.234404,-0.058099,0.105794,0.120818,0.434313,-0.609095,0.175946,0.605100,0.193491,0.060229,-0.203315,0.138636,-0.331742,0.138514,-0.373652,-0.261389,-0.001562,-0.607766,0.626022,1.185277,1.096738,-0.149037,0.063711,0.060413,-0.048526,0.078143,-0.136451
-0.615025,0.122680,0.231121,-0.021363,0.076613,0.118165,0.419563,-0.616079,0.185504,0.662660,0.194615,0.047790,-0.199678,0.069625,-0.332307,0.155850,-0.378485,-0.260155,0.000712,-0.587921,0.639102,1.158625,1.098738,-0.142512,0.056318,0.052891,-0.045999,0.093751,-0.121971
-0.621471,0.099882,0.223762,0.029028,0.047898,0.117825,0.404147,-0.622458,0.192315,0.722397,0.205176,0.035827,-0.195938,0.008378,-0.328607,0.173639,-0.381088,-0.234131,0.008442,-0.569311,0.647930,1.133594,1.100891,-0.151090,0.039755,0.045001,-0.039522,0.099863,-0.108628
-0.626687,0.074342,0.214366,0.086248,0.019416,0.118643,0.388399,-0.628534,0.197752,0.783221,0.220454,0.024102,-0.192145,-0.048987,-0.322774,0.191655,-0.382575,-0.195712,0.018901,-0.551318,0.654633,1.109374,1.103121,-0.167221,0.018606,0.036927,-0.031072,0.101227,-0.095855
-0.612310,0.039979,0.202784,0.165054,-0.019079,0.118060,0.406243,-0.629336,0.200179,0.832263,0.262193,0.012227,-0.184884,-0.099981,-0.318873,0.208872,-0.381706,-0.137856,0.029122,-0.542904,0.656182,1.097430,1.106271,-0.188431,0.011363,0.028986,-0.026284,0.097177,-0.093147
-0.590309,0.007324,0.190903,0.244498,-0.059599,0.114973,0.430519,-0.628072,0.203088,0.874373,0.304520,0.000691,-0.176687,-0.149181,-0.315971,0.225415,-0.379702,-0.078093,0.039045,-0.536471,0.655770,1.089932,1.110672,-0.204763,0.010917,0.022734,-0.024120,0.095208,-0.091900
-0.553062,-0.021917,0.178423,0.325220,-0.104169,0.106878,0.467657,-0.622675,0.206962,0.902620,0.348024,-0.010167,-0.166621,-0.194792,-0.315066,0.240608,-0.375428,-0.014519,0.048374,-0.533998,0.651435,1.091330,1.117577,-0.211336,0.024062,0.019859,-0.027205,0.097402,-0.093574
-0.513981,-0.047688,0.163902,0.392895,-0.146934,0.097141,0.487938,-0.616700,0.209476,0.915747,0.387193,-0.019946,-0.155953,-0.233086,-0.313271,0.255097,-0.368857,0.035344,0.057932,-0.532164,0.646283,1.095999,1.125959,-0.204591,0.037510,0.023873,-0.029325,0.098131,-0.095992
-0.473983,-0.071723,0.148361,0.454045,-0.188795,0.086583,0.499791,-0.610435,0.211310,0.921316,0.424193,-0.029184,-0.144983,-0.267721,-0.311031,0.269234,-0.361137,0.078352,0.067604,-0.530650,0.640723,1.102303,1.135080,-0.191188,0.051110,0.031333,-0.030964,0.098129,-0.098783
-0.442631,-0.089768,0.127839,0.493464,-0.223014,0.079474,0.472916,-0.606472,0.208949,0.903627,0.451737,-0.035724,-0.131939,-0.282972,-0.304539,0.283569,-0.351616,0.082644,0.078162,-0.530457,0.631677,1.106507,1.142856,-0.175683,0.053930,0.041962,-0.027344,0.089814,-0.098038
-0.414264,-0.106120,0.106641,0.528268,-0.255366,0.073591,0.437418,-0.603897,0.205287,0.881386,0.476912,-0.042171,-0.117951,-0.292690,-0.297395,0.298063,-0.342231,0.080901,0.088420,-0.532534,0.623000,1.110415,1.150184,-0.163048,0.057636,0.051100,-0.024502,0.080024,-0.097047
-0.391865,-0.119086,0.084091,0.553844,-0.283984,0.070158,0.384677,-0.604094,0.199020,0.850039,0.497347,-0.048430,-0.102074,-0.291343,-0.288945,0.312875,-0.333122,0.067085,0.098081,-0.539153,0.615059,1.113732,1.156616,-0.156153,0.063113,0.057256,-0.023214,0.067283,-0.095565
-0.369462,-0.130984,0.061926,0.571794,-0.315537,0.065564,0.330190,-0.604380,0.191439,0.812332,0.518143,-0.054108,-0.084137,-0.276455,-0.279711,0.326559,-0.325377,0.048713,0.109206,-0.548682,0.608856,1.115936,1.162187,-0.153718,0.067335,0.060797,-0.022729,0.059662,-0.093838
-0.347056,-0.142346,0.039954,0.585931,-0.348558,0.060388,0.274832,-0.604709,0.183200,0.771446,0.539120,-0.059495,-0.065171,-0.254795,-0.270085,0.339678,-0.318314,0.028062,0.121064,-0.559666,0.603524,1.117582,1.167328,-0.153512,0.070929,0.063030,-0.022646,0.054600,-0.091989
-0.321115,-0.152902,0.018704,0.567879,-0.393215,0.050821,0.194938,-0.603523,0.174361,0.713516,0.560591,-0.065645,-0.043795,-0.194644,-0.255360,0.348855,-0.314138,-0.043002,0.139101,-0.571634,0.597387,1.117372,1.173098,-0.154032,0.069503,0.060573,-0.021663,0.053605,-0.092624
-0.281586,-0.164613,-0.002928,0.528574,-0.447214,0.037013,0.114325,-0.599862,0.163875,0.629327,0.581533,-0.071503,-0.021393,-0.140676,-0.236540,0.355694,-0.311434,-0.124663,0.163871,-0.583283,0.590874,1.115811,1.178939,-0.153183,0.067456,0.059338,-0.020679,0.053328,-0.094221
-0.214881,-0.178633,-0.025326,0.446765,-0.519898,0.014724,0.032273,-0.591253,0.150097,0.492619,0.601418,-0.076776,0.003057,-0.099075,-0.209532,0.357858,-0.311675,-0.227516,0.202109,-0.594293,0.583608,1.111545,1.184921,-0.149596,0.064167,0.060545,-0.019691,0.054490,-0.097739
-0.170846,-0.189892,-0.039050,0.380689,-0.577395,-0.000381,-0.021745,-0.580032,0.136646,0.394758,0.597675,-0.083501,0.025560,-0.101394,-0.166756,0.356529,-0.315028,-0.261800,0.233633,-0.605350,0.574346,1.105270,1.189722,-0.150198,0.062145,0.057900,-0.019378,0.055681,-0.099400
-0.138147,-0.199772,-0.048437,0.322480,-0.627299,-0.011896,-0.061746,-0.567507,0.123359,0.316320,0.582119,-0.090952,0.047089,-0.125674,-0.116095,0.353454,-0.319939,-0.261800,0.261800,-0.616429,0.564085,1.097991,1.193934,-0.152894,0.060757,0.053330,-0.019402,0.056886,-0.100132
-0.145442,-0.215426,-0.043196,0.289998,-0.649772,-0.008964,-0.038431,-0.544846,0.114479,0.322298,0.536925,-0.098394,0.058943,-0.178939,-0.029206,0.343225,-0.328845,-0.261800,0.261800,-0.619959,0.549433,1.088892,1.201518,-0.155009,0.059286,0.047815,-0.017716,0.062931,-0.099555
-0.156325,-0.235851,-0.036047,0.256251,-0.673774,-0.006849,-0.010655,-0.515167,0.109291,0.338965,0.494001,-0.104467,0.067707,-0.226079,0.064964,0.331012,-0.337885,-0.261800,0.261800,-0.619264,0.532910,1.079411,1.209623,-0.157358,0.057220,0.041442,-0.014785,0.070611,-0.099990
-0.174383,-0.265818,-0.025086,0.219972,-0.700835,-0.006368,0.026043,-0.471450,0.111491,0.377010,0.455616,-0.107803,0.070291,-0.260970,0.173698,0.314832,-0.347193,-0.261800,0.261800,-0.610120,0.512644,1.069167,1.218770,-0.160175,0.053964,0.033354,-0.009363,0.081560,-0.102451
-0.194711,-0.300858,-0.012591,0.193944,-0.719430,0.001760,0.054033,-0.438030,0.116675,0.420859,0.439459,-0.108457,0.070070,-0.287243,0.261093,0.298784,-0.355421,-0.261800,0.261800,-0.600077,0.493962,1.058435,1.224169,-0.167941,0.054776,0.027130,-0.004674,0.089562,-0.102812
-0.216174,-0.338434,0.000671,0.173042,-0.733790,0.013710,0.077668,-0.409759,0.123352,0.467609,0.434415,-0.107770,0.068446,-0.309207,0.337818,0.282802,-0.363109,-0.261800,0.261800,-0.589585,0.476071,1.047457,1.227693,-0.178183,0.057624,0.021839,-0.000351,0.096091,-0.102123
-0.232187,-0.334144,0.020552,0.173545,-0.694475,0.036583,0.100182,-0.392285,0.125490,0.501827,0.411313,-0.104300,0.066573,-0.325760,0.302232,0.274829,-0.367648,-0.245321,0.261800,-0.592509,0.473596,1.037045,1.225282,-0.197445,0.062992,0.016432,-0.002902,0.091476,-0.091651
-0.242953,-0.325402,0.038032,0.170334,-0.658294,0.056890,0.121548,-0.382764,0.127749,0.526051,0.405099,-0.097999,0.063084,-0.337384,0.265378,0.269022,-0.371301,-0.223361,0.261800,-0.595722,0.478452,1.026909,1.223363,-0.214734,0.067731,0.010303,-0.006700,0.085197,-0.082182
-0.243226,-0.307759,0.050709,0.159697,-0.628382,0.072065,0.140620,-0.389149,0.130247,0.530289,0.432663,-0.086038,0.056363,-0.339151,0.225986,0.267550,-0.373182,-0.190441,0.261800,-0.599513,0.497969,1.017325,1.222427,-0.228080,0.071211,0.002730,-0.012992,0.075591,-0.074717
-0.237624,-0.287941,0.057871,0.145388,-0.603198,0.082325,0.156095,-0.400534,0.132654,0.522685,0.494752,-0.067350,0.048556,-0.335387,0.172215,0.267608,-0.371671,-0.166826,0.261800,-0.597296,0.520245,1.011161,1.220634,-0.237979,0.065078,-0.005236,-0.015793,0.073299,-0.071118
-0.229085,-0.267036,0.062275,0.129245,-0.580378,0.090127,0.169771,-0.414420,0.135016,0.509160,0.574103,-0.045298,0.040206,-0.328857,0.111253,0.268431,-0.368464,-0.147864,0.261800,-0.592074,0.543900,1.006707,1.218411,-0.246154,0.054139,-0.013398,-0.016848,0.074664,-0.069452
-0.225115,-0.249265,0.069112,0.112370,-0.557044,0.090084,0.184823,-0.435556,0.128779,0.490186,0.674232,-0.019750,0.033407,-0.318720,0.036081,0.272570,-0.358559,-0.136529,0.261800,-0.588538,0.557951,1.009274,1.211615,-0.264496,0.039535,-0.014230,-0.015130,0.079403,-0.073423
-0.222477,-0.233189,0.077615,0.094021,-0.529672,0.087167,0.201302,-0.450471,0.120823,0.470135,0.772674,0.006493,0.026449,-0.307738,-0.034817,0.277439,-0.347459,-0.123814,0.261800,-0.584699,0.569180,1.013124,1.204403,-0.281740,0.027187,-0.013315,-0.012587,0.083214,-0.078917
-0.222502,-0.220501,0.089450,0.072724,-0.494227,0.078501,0.220638,-0.452946,0.109430,0.447933,0.867745,0.034127,0.019172,-0.295067,-0.097168,0.283768,-0.333970,-0.108337,0.261800,-0.580255,0.574767,1.019540,1.196362,-0.296787,0.019352,-0.008908,-0.008393,0.085165,-0.087455
-0.230143,-0.205406,0.106004,0.055843,-0.433417,0.070656,0.239466,-0.445686,0.095749,0.434079,0.935186,0.062466,0.011797,-0.283756,-0.137776,0.289598,-0.320603,-0.089372,0.261800,-0.572298,0.579683,1.028069,1.190808,-0.297171,0.008568,-0.001506,-0.004435,0.085862,-0.100110
-0.241591,-0.189106,0.124918,0.041169,-0.359925,0.063221,0.258039,-0.433557,0.080924,0.424399,0.988811,0.091157,0.004372,-0.273124,-0.167513,0.295179,-0.307296,-0.068663,0.261800,-0.562584,0.584261,1.037653,1.186497,-0.290222,-0.003691,0.007393,-0.000594,0.085932,-0.114824
-0.264156,-0.166946,0.146936,0.037005,-0.243238,0.061754,0.272680,-0.406071,0.065007,0.432894,0.991966,0.118463,-0.003381,-0.268373,-0.173253,0.298066,-0.297105,-0.043506,0.261800,-0.550728,0.593850,1.054763,1.185446,-0.284675,-0.006491,0.012941,-0.009561,0.089465,-0.116667
-0.288564,-0.139081,0.169258,0.034132,-0.126714,0.060427,0.286975,-0.384593,0.049348,0.444650,0.979742,0.144890,-0.011673,-0.263693,-0.166460,0.300174,-0.287974,-0.016432,0.261800,-0.538149,0.605495,1.073054,1.183796,-0.280596,-0.001483,0.019905,-0.018864,0.094344,-0.111801
-0.316658,-0.099807,0.192189,0.033840,-0.010517,0.059379,0.300578,-0.375133,0.034206,0.462927,0.936758,0.169558,-0.021044,-0.259155,-0.134605,0.300725,-0.280965,0.014479,0.261800,-0.524124,0.621254,1.093707,1.180952,-0.279455,0.019139,0.029701,-0.028842,0.101915,-0.093516
-0.337622,-0.049041,0.213138,0.024268,0.073540,0.052912,0.314704,-0.382113,0.023068,0.466999,0.876981,0.192651,-0.033324,-0.247462,-0.091206,0.300656,-0.275634,0.044650,0.261800,-0.510053,0.639072,1.111510,1.177516,-0.276559,0.027850,0.043021,-0.030031,0.108892,-0.075979
-0.355019,0.007471,0.233097,0.010055,0.141526,0.043736,0.329092,-0.397313,0.013932,0.463967,0.808806,0.214955,-0.047060,-0.232190,-0.042035,0.300276,-0.271141,0.074451,0.261800,-0.495957,0.657919,1.127888,1.173785,-0.272784,0.030606,0.058101,-0.026826,0.115574,-0.058816
-0.363174,0.067642,0.252177,-0.013579,0.201625,0.031319,0.348704,-0.370183,0.010300,0.442679,0.697476,0.235380,-0.065110,-0.206305,0.001747,0.298657,-0.270342,0.104165,0.261800,-0.489373,0.676953,1.138498,1.170741,-0.265305,0.016057,0.068795,-0.021897,0.114084,-0.052672
-0.365217,0.122270,0.270145,-0.044555,0.247240,0.017452,0.370413,-0.336443,0.009769,0.407728,0.590731,0.255308,-0.084992,-0.171864,0.035370,0.295427,-0.271429,0.131973,0.261800,-0.485419,0.695360,1.146703,1.167977,-0.255997,0.001900,0.077675,-0.018406,0.109450,-0.051131
-0.355038,0.165815,0.285889,-0.090215,0.263891,0.000684,0.396317,-0.289484,0.015440,0.345453,0.493159,0.274244,-0.108538,-0.120312,0.048676,0.288977,-0.276291,0.155967,0.261800,-0.486725,0.712513,1.150095,1.165772,-0.243031,-0.011471,0.082928,-0.017793,0.098528,-0.058795
-0.357833,0.182651,0.299240,-0.129122,0.245133,-0.004382,0.406887,-0.309729,0.019017,0.293077,0.452945,0.289134,-0.133082,-0.059666,-0.009228,0.277141,-0.286998,0.167521,0.205489,-0.492655,0.721304,1.150692,1.159303,-0.228173,-0.021634,0.086511,-0.017770,0.083389,-0.069593
-0.367116,0.186133,0.311394,-0.164650,0.208670,-0.003595,0.409789,-0.363576,0.021547,0.245650,0.441411,0.302002,-0.158124,0.005526,-0.102736,0.262613,-0.300627,0.172855,0.121022,-0.500896,0.725913,1.149891,1.150702,-0.212370,-0.030192,0.089259,-0.018042,0.066141,-0.081957
-0.414483,0.169150,0.323094,-0.173394,0.195488,0.015312,0.381088,-0.379282,0.025924,0.256257,0.440482,0.302629,-0.184963,0.070104,-0.192307,0.240439,-0.322831,0.154286,0.046825,-0.508521,0.715287,1.149996,1.130084,-0.191448,-0.033066,0.090442,-0.020205,0.054262,-0.090077
-0.457179,0.156092,0.332045,-0.179221,0.187848,0.040138,0.343618,-0.389878,0.036099,0.267884,0.435706,0.299111,-0.210472,0.138745,-0.268109,0.217065,-0.346661,0.114015,-0.010080,-0.515166,0.702075,1.151675,1.106765,-0.172109,-0.031984,0.091868,-0.024119,0.046164,-0.099478
-0.490532,0.150883,0.335496,-0.179218,0.191293,0.076804,0.288609,-0.390256,0.057872,0.281550,0.423234,0.287300,-0.233318,0.215513,-0.316373,0.191290,-0.373741,0.030338,-0.032400,-0.519849,0.683691,1.156500,1.078045,-0.155938,-0.022989,0.093780,-0.031536,0.045628,-0.111442
-0.482095,0.162021,0.328038,-0.180608,0.202547,0.117280,0.239365,-0.405184,0.083061,0.245712,0.394802,0.273661,-0.245107,0.295821,-0.342797,0.169802,-0.398804,-0.103253,-0.045461,-0.525756,0.663434,1.161616,1.050607,-0.143641,-0.005755,0.096090,-0.044474,0.047778,-0.127391
-0.452765,0.181331,0.315125,-0.182694,0.217704,0.159661,0.193004,-0.427388,0.109956,0.185123,0.358388,0.259107,-0.251366,0.377898,-0.358300,0.150457,-0.422857,-0.261800,-0.053893,-0.532275,0.642240,1.166878,1.023810,-0.133282,0.015598,0.098599,-0.060171,0.051271,-0.145334
-0.446188,0.179933,0.292162,-0.190321,0.202112,0.170647,0.208635,-0.468535,0.126851,0.181538,0.345327,0.240978,-0.241661,0.385887,-0.379067,0.142419,-0.438294,-0.261800,-0.055027,-0.547414,0.617220,1.172031,1.002269,-0.129941,0.028380,0.095810,-0.070506,0.042786,-0.160967
-0.458550,0.173952,0.272950,-0.192083,0.181347,0.174721,0.211861,-0.505113,0.140556,0.219070,0.333569,0.222754,-0.231243,0.352678,-0.398389,0.136905,-0.450200,-0.261800,-0.055243,-0.561596,0.593268,1.175252,0.984928,-0.126637,0.035711,0.092250,-0.077077,0.032615,-0.173253
-0.508786,0.158804,0.261241,-0.182114,0.150235,0.164973,0.190279,-0.532550,0.147882,0.338835,0.324417,0.204342,-0.219398,0.237069,-0.414823,0.136442,-0.455042,-0.261800,-0.053623,-0.573866,0.571452,1.174609,0.975987,-0.123403,0.032141,0.087150,-0.076117,0.019072,-0.178848
-0.550395,0.144622,0.251268,-0.154290,0.123865,0.158237,0.180032,-0.553648,0.152925,0.457267,0.309792,0.186296,-0.208218,0.137294,-0.421478,0.138179,-0.454442,-0.261800,-0.051268,-0.579818,0.552749,1.171942,0.976387,-0.122025,0.025224,0.080768,-0.072718,0.003854,-0.180545
-0.587689,0.130923,0.242164,-0.117538,0.099866,0.153007,0.175452,-0.571575,0.156825,0.575031,0.292430,0.168434,-0.197370,0.045435,-0.423244,0.141016,-0.451121,-0.261800,-0.048545,-0.582613,0.535604,1.168262,0.981458,-0.121575,0.016633,0.073744,-0.068098,-0.012202,-0.180294
-0.602617,0.119453,0.233266,-0.061590,0.084915,0.157107,0.162735,-0.586051,0.158432,0.663507,0.276360,0.149630,-0.181413,-0.019278,-0.401378,0.145645,-0.442973,-0.261370,-0.037969,-0.576845,0.522239,1.167888,0.992206,-0.122989,0.017125,0.068138,-0.063347,-0.011659,-0.176271
-0.611139,0.104648,0.224474,-0.005531,0.064549,0.160094,0.153513,-0.601208,0.158958,0.737350,0.269470,0.131463,-0.163866,-0.078296,-0.379900,0.149977,-0.434624,-0.243458,-0.026131,-0.569080,0.512306,1.168293,1.004977,-0.126431,0.021243,0.063558,-0.059735,-0.002634,-0.171821
-0.606850,0.083173,0.215892,0.050751,0.033353,0.160854,0.151280,-0.617728,0.157322,0.781926,0.280945,0.114568,-0.143139,-0.125924,-0.359195,0.153716,-0.425873,-0.190586,-0.011768,-0.557319,0.509238,1.170254,1.021794,-0.133929,0.032613,0.061034,-0.058401,0.023353,-0.166517
-0.592254,0.065380,0.207259,0.108247,0.001169,0.158599,0.153526,-0.631470,0.156432,0.806118,0.289081,0.099658,-0.122310,-0.166057,-0.338818,0.157659,-0.416533,-0.149045,0.000837,-0.542305,0.516276,1.170378,1.043008,-0.141797,0.046605,0.060116,-0.058297,0.054569,-0.158911
-0.572506,0.049428,0.198602,0.166350,-0.031509,0.154836,0.158010,-0.643823,0.155916,0.820118,0.295548,0.085742,-0.101429,-0.202441,-0.318606,0.161705,-0.406898,-0.113170,0.012562,-0.525663,0.528367,1.169584,1.066421,-0.149850,0.061908,0.060002,-0.058808,0.088399,-0.150154
-0.544500,0.037337,0.186230,0.223678,-0.062711,0.149341,0.162756,-0.655581,0.155324,0.812475,0.300533,0.075630,-0.082245,-0.222871,-0.299259,0.169574,-0.394839,-0.092581,0.022648,-0.507305,0.548992,1.162766,1.092915,-0.156584,0.064985,0.053548,-0.052508,0.102796,-0.133766
-0.515484,0.025491,0.172634,0.281984,-0.093853,0.143828,0.170939,-0.667234,0.153907,0.801160,0.306932,0.066250,-0.063081,-0.240716,-0.280903,0.179096,-0.382120,-0.071376,0.033276,-0.491597,0.569278,1.154841,1.118788,-0.164841,0.063806,0.046229,-0.044374,0.111061,-0.115419
-0.484445,0.014133,0.156589,0.342249,-0.124875,0.138280,0.185996,-0.678679,0.150841,0.782501,0.316158,0.058335,-0.043956,-0.253389,-0.264531,0.191925,-0.368079,-0.048941,0.044987,-0.481188,0.588888,1.144699,1.143421,-0.176144,0.054112,0.037180,-0.032573,0.107066,-0.093153
-0.457126,0.000683,0.139950,0.404859,-0.155675,0.133995,0.207411,-0.689871,0.144934,0.765296,0.330843,0.050034,-0.023956,-0.261440,-0.251042,0.206834,-0.353861,-0.022170,0.056336,-0.476833,0.604612,1.136529,1.165679,-0.181633,0.046294,0.030011,-0.022556,0.099964,-0.072651
-0.431668,-0.013814,0.123013,0.468643,-0.186364,0.130341,0.232005,-0.700936,0.137606,0.748819,0.348257,0.041541,-0.003518,-0.267179,-0.238994,0.222784,-0.339553,0.006769,0.067504,-0.475504,0.618394,1.129344,1.186750,-0.184216,0.039413,0.023782,-0.013431,0.091307,-0.053030
-0.408033,-0.034535,0.107007,0.525160,-0.221746,0.126785,0.256788,-0.705842,0.128984,0.728562,0.379252,0.032923,0.017269,-0.257152,-0.233458,0.239092,-0.326308,0.022331,0.075770,-0.477759,0.619376,1.125675,1.204027,-0.174397,0.040509,0.024627,-0.010419,0.094573,-0.041599
-0.383304,-0.057329,0.091582,0.575019,-0.259863,0.122229,0.277632,-0.707430,0.120670,0.704747,0.414133,0.024831,0.037728,-0.238991,-0.229632,0.254913,-0.313884,0.026108,0.082650,-0.479532,0.616990,1.123509,1.219754,-0.164430,0.044312,0.025524,-0.008179,0.099612,-0.034669
-0.356384,-0.084271,0.077318,0.611560,-0.303449,0.115673,0.290596,-0.702382,0.112971,0.673817,0.456785,0.017794,0.057529,-0.204564,-0.229227,0.269761,-0.303104,0.006315,0.086757,-0.480341,0.607867,1.124346,1.232381,-0.154170,0.053531,0.026527,-0.007484,0.108198,-0.036737
-0.325774,-0.114142,0.062976,0.623242,-0.351769,0.105805,0.274913,-0.689909,0.106854,0.628593,0.502660,0.011639,0.075331,-0.145324,-0.231477,0.283827,-0.294516,-0.059324,0.083400,-0.481640,0.593553,1.126212,1.241533,-0.144235,0.070578,0.028745,-0.006841,0.117502,-0.044083
-0.293318,-0.145478,0.048595,0.622496,-0.402455,0.094282,0.244906,-0.673723,0.101529,0.576223,0.550144,0.005925,0.092132,-0.073678,-0.235055,0.297502,-0.287026,-0.147886,0.076310,-0.483183,0.576645,1.128591,1.248947,-0.134462,0.091538,0.031571,-0.006225,0.127166,-0.054068
-0.242103,-0.185283,0.023612,0.539513,-0.478976,0.066031,0.162718,-0.637767,0.094567,0.464201,0.598420,0.002064,0.107996,-0.056675,-0.237974,0.308938,-0.283914,-0.216235,0.075559,-0.489570,0.552725,1.131945,1.250918,-0.127859,0.086261,0.033555,-0.007404,0.129471,-0.064944
-0.199979,-0.220456,0.000328,0.461675,-0.545317,0.041206,0.087264,-0.598169,0.089008,0.368692,0.631858,-0.002235,0.122708,-0.057590,-0.237877,0.319395,-0.282256,-0.261800,0.075544,-0.497952,0.528014,1.135704,1.250657,-0.121574,0.077140,0.036115,-0.007574,0.130261,-0.074237
-0.176038,-0.246364,-0.019558,0.394126,-0.591296,0.023233,0.025277,-0.551283,0.086252,0.306207,0.635619,-0.007412,0.135116,-0.094342,-0.231753,0.327895,-0.283506,-0.261800,0.077004,-0.510325,0.501720,1.140274,1.245929,-0.115927,0.060329,0.039825,-0.005726,0.128020,-0.080363
-0.181569,-0.256221,-0.034984,0.339814,-0.624793,0.008899,0.003577,-0.516898,0.085324,0.306031,0.608615,-0.012953,0.144087,-0.143429,-0.227862,0.334278,-0.285850,-0.261800,0.086238,-0.524731,0.474203,1.146399,1.238450,-0.117396,0.051343,0.041339,-0.003941,0.126298,-0.084692
-0.201834,-0.258051,-0.048179,0.292121,-0.652048,-0.003615,0.002022,-0.488763,0.085309,0.337011,0.566229,-0.018676,0.151340,-0.198684,-0.225087,0.339602,-0.288740,-0.261800,0.099361,-0.540153,0.446076,1.153301,1.229596,-0.122423,0.046269,0.041755,-0.002188,0.124836,-0.088122
-0.240306,-0.251140,-0.056326,0.240476,-0.672897,-0.022525,0.012278,-0.455337,0.084890,0.400291,0.495243,-0.025120,0.155996,-0.222633,-0.234320,0.343013,-0.287819,-0.261800,0.115164,-0.555972,0.414878,1.164141,1.219334,-0.134733,0.047432,0.044268,-0.002439,0.124391,-0.094684
-0.271176,-0.250544,-0.059064,0.195024,-0.685236,-0.036987,0.026206,-0.411191,0.083271,0.451819,0.433638,-0.030660,0.161352,-0.243232,-0.248955,0.346220,-0.286170,-0.259761,0.117784,-0.575140,0.386608,1.174672,1.209074,-0.146490,0.049441,0.047305,-0.003618,0.121848,-0.101525
-0.286844,-0.262578,-0.050980,0.161960,-0.680555,-0.042555,0.047481,-0.345603,0.079250,0.479842,0.390796,-0.034387,0.168111,-0.257131,-0.274394,0.349020,-0.283065,-0.253645,0.094035,-0.601008,0.364196,1.184583,1.198815,-0.157144,0.053146,0.051392,-0.006655,0.115108,-0.108924
-0.297606,-0.264083,-0.032694,0.144936,-0.655208,-0.035357,0.074631,-0.304597,0.076789,0.503631,0.353040,-0.034217,0.168150,-0.271701,-0.249206,0.350696,-0.282556,-0.233243,0.136381,-0.617960,0.356821,1.189066,1.190431,-0.160691,0.055953,0.056545,-0.012035,0.104632,-0.108105
-0.305914,-0.260323,-0.009306,0.135931,-0.619527,-0.021777,0.104718,-0.275881,0.075107,0.525302,0.317826,-0.032098,0.164829,-0.286608,-0.198704,0.351810,-0.283345,-0.205699,0.211775,-0.630453,0.356964,1.190834,1.182983,-0.160683,0.058313,0.062231,-0.018587,0.092287,-0.103178
-0.300944,-0.271623,0.010383,0.133800,-0.570136,-0.007198,0.130342,-0.217082,0.078747,0.527820,0.374750,-0.012410,0.151684,-0.290995,-0.193098,0.350643,-0.285462,-0.178175,0.235066,-0.602098,0.383338,1.185722,1.181798,-0.165230,0.058039,0.057678,-0.023599,0.101834,-0.089330
-0.290963,-0.277335,0.025715,0.126224,-0.529596,0.002574,0.152795,-0.178885,0.083786,0.521969,0.448061,0.009876,0.138011,-0.290354,-0.194465,0.349609,-0.285695,-0.150446,0.247660,-0.572195,0.411400,1.180551,1.180759,-0.185993,0.053521,0.050072,-0.026388,0.116964,-0.076912
-0.270964,-0.271872,0.032331,0.107755,-0.506755,0.002733,0.168907,-0.181890,0.091620,0.499380,0.554146,0.037357,0.123285,-0.279658,-0.209775,0.348843,-0.282159,-0.122305,0.238862,-0.539198,0.442836,1.175265,1.180014,-0.239188,0.040515,0.036359,-0.024734,0.143261,-0.067355
-0.256605,-0.260774,0.038344,0.087102,-0.489946,-0.001242,0.182508,-0.208166,0.092564,0.475821,0.661228,0.062229,0.111799,-0.267178,-0.235186,0.350917,-0.274943,-0.097483,0.222920,-0.524116,0.464145,1.173529,1.174546,-0.292609,0.022537,0.022576,-0.019693,0.157292,-0.062536
-0.245066,-0.246858,0.044055,0.065356,-0.476152,-0.007282,0.194854,-0.246078,0.090062,0.451777,0.768809,0.085796,0.101933,-0.253807,-0.265647,0.354409,-0.265888,-0.074318,0.203406,-0.517991,0.480389,1.173570,1.166717,-0.346143,0.002072,0.008758,-0.012958,0.165191,-0.060087
-0.242851,-0.230547,0.055987,0.046859,-0.439666,-0.014889,0.211226,-0.267726,0.079550,0.432485,0.846918,0.106638,0.093208,-0.244235,-0.286894,0.360746,-0.255092,-0.056360,0.208590,-0.528790,0.489048,1.175896,1.156875,-0.342426,-0.005934,0.010457,-0.011821,0.155670,-0.067609
-0.242271,-0.211570,0.068653,0.029773,-0.390551,-0.021465,0.227097,-0.280703,0.069392,0.416095,0.910646,0.127399,0.084305,-0.236306,-0.302826,0.366202,-0.244803,-0.038423,0.221996,-0.538014,0.498058,1.179043,1.147404,-0.331025,-0.012233,0.013759,-0.010405,0.144157,-0.079664
-0.244964,-0.187265,0.082785,0.015507,-0.316182,-0.025978,0.241965,-0.276337,0.059943,0.405507,0.945612,0.147996,0.075043,-0.231662,-0.308128,0.369897,-0.235525,-0.020530,0.251849,-0.544089,0.507771,1.183836,1.138675,-0.304257,-0.015119,0.020268,-0.008428,0.128662,-0.100785
-0.258775,-0.156045,0.097778,0.010483,-0.224531,-0.023889,0.251157,-0.280417,0.048573,0.412274,0.949567,0.166734,0.067825,-0.232353,-0.305306,0.369902,-0.228620,-0.002406,0.261800,-0.545513,0.519638,1.192210,1.130914,-0.293213,-0.021139,0.030064,-0.010306,0.116140,-0.121150
-0.278145,-0.121369,0.113202,0.010079,-0.124239,-0.018498,0.257510,-0.288721,0.036243,0.427717,0.938017,0.184542,0.061629,-0.235713,-0.298424,0.368060,-0.222901,0.015834,0.261800,-0.544612,0.532582,1.202376,1.123637,-0.290032,-0.028726,0.041503,-0.014113,0.105104,-0.141137
-0.298253,-0.077330,0.127859,0.004921,-0.040623,-0.016038,0.263162,-0.312115,0.024827,0.443217,0.895730,0.199756,0.056049,-0.236007,-0.287747,0.361538,-0.220846,0.037906,0.261800,-0.539788,0.551814,1.212785,1.117740,-0.293671,-0.015394,0.057842,-0.028155,0.107699,-0.139743
-0.316690,-0.031370,0.143057,-0.003324,0.032443,-0.015281,0.269724,-0.338632,0.014274,0.454362,0.847072,0.213978,0.048864,-0.233625,-0.274683,0.353904,-0.219778,0.061431,0.261800,-0.534995,0.573489,1.221978,1.113176,-0.293118,-0.000801,0.073524,-0.039190,0.109424,-0.134623
-0.331783,0.018436,0.159337,-0.017742,0.084409,-0.017931,0.278107,-0.371396,0.005445,0.456798,0.785670,0.226216,0.038467,-0.225893,-0.256845,0.344045,-0.220682,0.087859,0.261800,-0.530266,0.600054,1.228737,1.111280,-0.284177,0.016313,0.087892,-0.044213,0.109410,-0.122052
-0.343299,0.067895,0.179160,-0.031392,0.137348,-0.019697,0.291171,-0.377049,-0.000717,0.452582,0.702546,0.237646,0.023650,-0.214473,-0.223079,0.332132,-0.223812,0.112474,0.261800,-0.529424,0.629763,1.230005,1.111462,-0.273462,0.021421,0.096349,-0.042169,0.106646,-0.108014
-0.353027,0.117182,0.200756,-0.044658,0.190774,-0.021022,0.306574,-0.369148,-0.005547,0.445039,0.608561,0.248674,0.006624,-0.201208,-0.181350,0.319191,-0.228054,0.136182,0.261800,-0.530525,0.661045,1.228529,1.112683,-0.261860,0.020526,0.101850,-0.036591,0.102507,-0.093242
-0.356146,0.156789,0.227428,-0.062765,0.234866,-0.023597,0.333836,-0.315351,-0.006156,0.422455,0.505089,0.260531,-0.015265,-0.178637,-0.104358,0.301351,-0.236335,0.156279,0.261800,-0.533300,0.693070,1.218162,1.118396,-0.246442,0.009474,0.103057,-0.032487,0.094417,-0.084255
-0.354913,0.181262,0.249024,-0.088210,0.254739,-0.024946,0.357410,-0.280135,-0.003024,0.390362,0.439666,0.270960,-0.038694,-0.147681,-0.064076,0.280964,-0.246605,0.175641,0.261263,-0.536468,0.723117,1.206510,1.124388,-0.230511,0.000206,0.103169,-0.028873,0.083769,-0.077785
-0.344974,0.175465,0.260469,-0.128329,0.226174,-0.023844,0.373609,-0.282084,0.007593,0.339250,0.450338,0.278534,-0.065202,-0.099957,-0.097213,0.255482,-0.260855,0.193534,0.259653,-0.540419,0.749208,1.192290,1.130940,-0.213557,-0.005497,0.101088,-0.026240,0.068005,-0.076348
-0.366883,0.156931,0.268388,-0.148101,0.203977,-0.010964,0.380789,-0.299264,0.015572,0.335291,0.473833,0.277581,-0.092717,-0.055252,-0.163846,0.226687,-0.278772,0.199423,0.175650,-0.544332,0.763505,1.181540,1.132521,-0.195563,-0.010058,0.095865,-0.023806,0.046438,-0.077136
-0.404717,0.132030,0.274543,-0.157699,0.184963,0.007805,0.383458,-0.324060,0.022233,0.354908,0.503741,0.272364,-0.120734,-0.012058,-0.247227,0.196235,-0.298522,0.199310,0.050451,-0.548226,0.771906,1.172525,1.131616,-0.177050,-0.014047,0.089070,-0.021472,0.021971,-0.079035
-0.458023,0.128074,0.267599,-0.160795,0.181827,0.036553,0.364175,-0.344832,0.039084,0.407473,0.488836,0.250866,-0.144331,0.052478,-0.302456,0.167133,-0.320382,0.169499,0.002834,-0.557449,0.754561,1.172401,1.121356,-0.164290,-0.014525,0.081108,-0.023149,0.008409,-0.085962
-0.505996,0.134852,0.254811,-0.171082,0.183529,0.065682,0.325920,-0.372004,0.058076,0.454275,0.456698,0.226014,-0.161707,0.125744,-0.345925,0.141204,-0.341069,0.109223,-0.036335,-0.570119,0.729504,1.175190,1.108294,-0.155391,-0.012332,0.073587,-0.026360,-0.000574,-0.095940
-0.543306,0.163097,0.230333,-0.195751,0.194909,0.095573,0.249720,-0.411979,0.081354,0.489554,0.390093,0.194457,-0.166638,0.216469,-0.365871,0.121624,-0.359411,-0.011987,-0.058607,-0.589681,0.689022,1.183807,1.089626,-0.154215,-0.004797,0.066945,-0.032640,-0.000399,-0.112021
-0.535738,0.191157,0.203167,-0.225329,0.197122,0.114563,0.208497,-0.456574,0.102360,0.464499,0.332591,0.164924,-0.158276,0.309357,-0.382930,0.109865,-0.373183,-0.136154,-0.067992,-0.615159,0.645588,1.192019,1.069709,-0.153324,0.009140,0.062837,-0.041464,0.009632,-0.130547
-0.505733,0.219126,0.174657,-0.257362,0.194752,0.128102,0.184762,-0.503479,0.122232,0.409277,0.279639,0.136402,-0.143267,0.403327,-0.398545,0.102017,-0.384670,-0.261800,-0.070933,-0.643595,0.600678,1.200028,1.049167,-0.152575,0.026279,0.059996,-0.051560,0.024591,-0.150296
-0.531783,0.223323,0.159221,-0.267984,0.171476,0.127761,0.168451,-0.534693,0.131831,0.477714,0.261648,0.114290,-0.126796,0.352254,-0.407175,0.102058,-0.390972,-0.261800,-0.058767,-0.667623,0.574158,1.205118,1.039131,-0.165596,0.046837,0.035504,-0.060967,0.030958,-0.166257
-0.556159,0.222592,0.147159,-0.259738,0.146687,0.128159,0.170687,-0.561350,0.138016,0.551334,0.249478,0.094676,-0.111237,0.296543,-0.412237,0.103412,-0.395631,-0.261800,-0.045461,-0.690916,0.552353,1.212003,1.034321,-0.177298,0.063205,0.008657,-0.068824,0.037043,-0.178636
-0.577186,0.212003,0.141842,-0.213754,0.118874,0.130032,0.210016,-0.578893,0.137375,0.635319,0.248948,0.080062,-0.097502,0.231556,-0.410166,0.107391,-0.397003,-0.261800,-0.029873,-0.712739,0.539978,1.222478,1.039962,-0.186363,0.071192,-0.022899,-0.073582,0.042565,-0.183855
-0.593854,0.202402,0.141629,-0.165585,0.093519,0.129984,0.215671,-0.590158,0.135235,0.708535,0.240771,0.067719,-0.084564,0.161572,-0.401759,0.113440,-0.394600,-0.261800,-0.017405,-0.723137,0.533691,1.228366,1.051013,-0.174123,0.069973,-0.015302,-0.071548,0.045755,-0.182650
-0.608343,0.193296,0.143967,-0.116322,0.069395,0.128977,0.204489,-0.598284,0.132347,0.776365,0.228771,0.056510,-0.072025,0.089089,-0.390182,0.120523,-0.390311,-0.261800,-0.006497,-0.727823,0.530447,1.231959,1.064768,-0.151229,0.064152,0.011871,-0.066118,0.047780,-0.178232
-0.608271,0.185924,0.144165,-0.061231,0.049978,0.129464,0.174728,-0.604126,0.131368,0.811944,0.214541,0.051625,-0.063552,0.027697,-0.371245,0.129507,-0.382329,-0.261800,0.005568,-0.708258,0.538376,1.225445,1.081916,-0.144744,0.065257,0.052701,-0.056128,0.048384,-0.161161
-0.605376,0.176869,0.143423,-0.001683,0.029161,0.130413,0.149194,-0.609028,0.130971,0.841312,0.206296,0.048348,-0.055944,-0.030104,-0.352707,0.139070,-0.374384,-0.249461,0.018951,-0.687806,0.549748,1.219116,1.099098,-0.138626,0.067459,0.082639,-0.046822,0.050133,-0.141009
-0.596836,0.164446,0.140805,0.066781,0.005542,0.132287,0.132113,-0.612051,0.131740,0.858257,0.210019,0.048285,-0.050064,-0.080720,-0.334970,0.149787,-0.366513,-0.212446,0.034971,-0.665581,0.568007,1.213160,1.116349,-0.133243,0.071854,0.090794,-0.038882,0.054171,-0.114695
-0.582146,0.147802,0.137919,0.138705,-0.023525,0.132354,0.126789,-0.611070,0.132637,0.861273,0.226653,0.048517,-0.043670,-0.121745,-0.323018,0.160722,-0.359408,-0.167858,0.050214,-0.650793,0.588746,1.210994,1.131858,-0.143327,0.069580,0.084497,-0.032671,0.055503,-0.091006
-0.564381,0.129048,0.134900,0.212360,-0.055314,0.131517,0.127344,-0.608086,0.133598,0.857325,0.249743,0.048897,-0.037017,-0.157975,-0.313959,0.171765,-0.352685,-0.119483,0.065070,-0.639724,0.610725,1.210723,1.146495,-0.161145,0.063973,0.070974,-0.027326,0.055481,-0.068630
-0.544230,0.105040,0.130568,0.278104,-0.091272,0.126956,0.124928,-0.599766,0.134879,0.838832,0.282280,0.050155,-0.030356,-0.176941,-0.310417,0.183294,-0.345797,-0.081970,0.080243,-0.628863,0.629068,1.208933,1.157069,-0.174853,0.054765,0.061468,-0.023307,0.054752,-0.057944
-0.523846,0.079662,0.125395,0.341773,-0.127295,0.121866,0.123304,-0.590754,0.134852,0.816382,0.316117,0.052351,-0.023275,-0.189119,-0.307542,0.195009,-0.338765,-0.049554,0.095093,-0.617562,0.645482,1.205608,1.166611,-0.181194,0.048471,0.055991,-0.020005,0.053896,-0.051070
-0.502995,0.051542,0.118537,0.401291,-0.163447,0.115717,0.123266,-0.580356,0.132210,0.786020,0.352554,0.056425,-0.015356,-0.187721,-0.305998,0.207097,-0.331446,-0.027333,0.109298,-0.605382,0.658039,1.199214,1.174089,-0.172801,0.048005,0.058570,-0.018137,0.052788,-0.051821
-0.478957,0.024471,0.109565,0.457213,-0.197802,0.109921,0.128688,-0.569258,0.127531,0.749816,0.386881,0.061418,-0.006072,-0.191008,-0.304243,0.219591,-0.324070,-0.015609,0.122491,-0.594440,0.664342,1.193304,1.180119,-0.170177,0.050321,0.059240,-0.017896,0.050236,-0.053345
-0.453326,-0.002075,0.099535,0.511338,-0.231258,0.104302,0.136839,-0.557809,0.121834,0.710691,0.420153,0.066869,0.003895,-0.196636,-0.302382,0.232286,-0.316666,-0.009134,0.135178,-0.584115,0.667517,1.187636,1.185426,-0.170437,0.054029,0.058955,-0.018470,0.046963,-0.055255
-0.429108,-0.029595,0.088323,0.548027,-0.267366,0.096627,0.136455,-0.543435,0.113764,0.675285,0.452640,0.071777,0.015234,-0.182746,-0.298843,0.244779,-0.310213,-0.019497,0.149343,-0.581181,0.661146,1.186896,1.188068,-0.174533,0.055240,0.052943,-0.017957,0.046092,-0.056832
-0.406154,-0.055513,0.075671,0.572140,-0.305848,0.087463,0.121174,-0.529243,0.106187,0.642143,0.483367,0.075996,0.026607,-0.152632,-0.293572,0.256817,-0.304330,-0.040041,0.164957,-0.579711,0.652484,1.187207,1.190655,-0.178912,0.058482,0.048518,-0.018206,0.045418,-0.059104
-0.385730,-0.078229,0.060136,0.571101,-0.349077,0.075320,0.076101,-0.515417,0.099595,0.613528,0.510574,0.078835,0.038050,-0.090072,-0.284837,0.267948,-0.299587,-0.080947,0.183469,-0.581166,0.639240,1.189620,1.193129,-0.183856,0.065786,0.047266,-0.019981,0.045138,-0.062766
-0.334537,-0.100364,0.041711,0.537574,-0.409847,0.055134,0.040637,-0.497580,0.093052,0.544072,0.537105,0.080875,0.051030,-0.037822,-0.270474,0.275822,-0.297763,-0.161470,0.210023,-0.584567,0.618574,1.194277,1.194972,-0.183466,0.078376,0.049754,-0.022190,0.045858,-0.069256
-0.267959,-0.122210,0.021841,0.487803,-0.479387,0.030927,0.009977,-0.477736,0.086535,0.454195,0.563296,0.082516,0.064779,0.009272,-0.253298,0.282069,-0.297400,-0.261800,0.240598,-0.588940,0.594198,1.200055,1.196498,-0.180409,0.093609,0.054112,-0.024615,0.047079,-0.077160
-0.225232,-0.136847,0.012191,0.428420,-0.531142,0.015472,-0.022924,-0.455396,0.078411,0.384646,0.549562,0.080979,0.078054,-0.026657,-0.211300,0.282810,-0.302811,-0.261800,0.253319,-0.593350,0.564961,1.207639,1.194298,-0.178484,0.084645,0.056355,-0.024311,0.045381,-0.083611
-0.196193,-0.150032,0.005707,0.377362,-0.575048,0.004892,-0.036798,-0.434469,0.070633,0.337834,0.525054,0.078555,0.089250,-0.074843,-0.161867,0.281550,-0.310388,-0.261800,0.261800,-0.595907,0.538544,1.214665,1.191838,-0.180478,0.074565,0.057777,-0.023791,0.044895,-0.088762
-0.194528,-0.160314,0.005555,0.342956,-0.603259,0.004061,-0.012619,-0.416367,0.063547,0.336496,0.479001,0.074357,0.096291,-0.147545,-0.097562,0.276291,-0.322297,-0.261800,0.261800,-0.594756,0.517765,1.220571,1.188855,-0.190311,0.062253,0.057554,-0.022840,0.046834,-0.091311
-0.215049,-0.181169,0.003549,0.297791,-0.645034,-0.003715,0.009621,-0.388818,0.063349,0.376086,0.451309,0.066420,0.097900,-0.201051,-0.032953,0.270155,-0.334617,-0.261800,0.260308,-0.595442,0.500683,1.227292,1.187115,-0.206748,0.058014,0.053910,-0.022497,0.055469,-0.095167
-0.246663,-0.207311,0.000615,0.247245,-0.693592,-0.014964,0.030892,-0.356545,0.066595,0.436140,0.432799,0.056614,0.096793,-0.244960,0.031808,0.263582,-0.347144,-0.261800,0.258071,-0.597046,0.485450,1.234420,1.185996,-0.226487,0.057811,0.048555,-0.022457,0.067452,-0.099677
-0.286347,-0.254241,0.006695,0.225473,-0.716661,-0.005761,0.040549,-0.363830,0.067326,0.490322,0.468698,0.042279,0.097327,-0.263833,0.054850,0.261466,-0.352948,-0.261800,0.158748,-0.612564,0.466363,1.244111,1.185021,-0.236120,0.060277,0.040021,-0.022757,0.078475,-0.107695
-0.318183,-0.287066,0.016807,0.208328,-0.719395,0.005843,0.052607,-0.362429,0.068879,0.534033,0.492565,0.030191,0.097522,-0.280182,0.071203,0.260712,-0.357392,-0.254833,0.101423,-0.626429,0.451693,1.252191,1.183932,-0.245454,0.064152,0.030466,-0.023175,0.087796,-0.111035
-0.334322,-0.291683,0.034983,0.200438,-0.681462,0.022247,0.069467,-0.343657,0.072079,0.556800,0.492365,0.022597,0.097042,-0.291486,0.074173,0.262682,-0.359114,-0.233932,0.128093,-0.636989,0.445854,1.257049,1.182615,-0.254191,0.070846,0.018873,-0.023830,0.093710,-0.105018
-0.338714,-0.282640,0.051643,0.190415,-0.643045,0.034112,0.088052,-0.345346,0.076915,0.562230,0.506596,0.026091,0.090290,-0.295846,0.054549,0.267522,-0.360419,-0.206386,0.159026,-0.631517,0.461862,1.254885,1.183660,-0.268425,0.073349,0.006521,-0.024794,0.103412,-0.093502
-0.337232,-0.266767,0.067546,0.179326,-0.604387,0.043709,0.107499,-0.357266,0.082567,0.558992,0.528043,0.035128,0.080403,-0.296734,0.023629,0.273797,-0.361515,-0.175517,0.192092,-0.618028,0.488794,1.249211,1.185886,-0.285409,0.073756,-0.006210,-0.025913,0.115008,-0.079236
-0.325893,-0.240715,0.075451,0.161706,-0.571077,0.044338,0.121011,-0.383999,0.089955,0.541439,0.579945,0.052579,0.068379,-0.287806,-0.038697,0.283669,-0.357200,-0.152123,0.202834,-0.603765,0.525349,1.245119,1.186871,-0.319124,0.061799,-0.020322,-0.026451,0.124777,-0.069816
-0.315717,-0.213495,0.083452,0.143351,-0.536076,0.042419,0.133791,-0.413763,0.095103,0.523535,0.632464,0.070538,0.057833,-0.278521,-0.102199,0.294794,-0.350745,-0.130767,0.214449,-0.592948,0.557124,1.243747,1.184831,-0.348044,0.044465,-0.032157,-0.025157,0.131687,-0.061626
-0.307866,-0.183936,0.091647,0.123526,-0.497690,0.035401,0.145104,-0.449589,0.095774,0.504931,0.686218,0.089509,0.050243,-0.268524,-0.168052,0.308427,-0.340007,-0.113486,0.227813,-0.589023,0.579341,1.247817,1.176742,-0.367374,0.016380,-0.039439,-0.020198,0.132880,-0.055896
-0.305990,-0.161545,0.103849,0.106197,-0.451189,0.026885,0.159828,-0.478981,0.088926,0.488198,0.733706,0.112031,0.044094,-0.261267,-0.224255,0.322187,-0.327344,-0.099202,0.231875,-0.586043,0.591696,1.252210,1.164046,-0.369657,-0.005634,-0.037054,-0.015358,0.133444,-0.051542
-0.307103,-0.142737,0.118055,0.090117,-0.400631,0.017619,0.176256,-0.505155,0.078318,0.472402,0.778061,0.136329,0.038666,-0.255381,-0.275633,0.336011,-0.313718,-0.086417,0.231286,-0.583536,0.599119,1.256764,1.149049,-0.363416,-0.024611,-0.029834,-0.010577,0.133693,-0.047876
-0.308780,-0.127840,0.138498,0.070421,-0.338953,0.003770,0.199783,-0.506935,0.063641,0.455028,0.800572,0.163795,0.034616,-0.248807,-0.310382,0.345532,-0.301750,-0.070638,0.238841,-0.576755,0.609101,1.263638,1.132605,-0.354381,-0.022158,-0.015276,-0.014724,0.132411,-0.054495
-0.313839,-0.111315,0.159395,0.052420,-0.266184,-0.008787,0.221794,-0.499582,0.048132,0.442259,0.806172,0.190309,0.030251,-0.242417,-0.333633,0.353137,-0.290880,-0.052482,0.247463,-0.569523,0.622376,1.272199,1.116674,-0.347791,-0.019255,0.000474,-0.020356,0.130858,-0.063738
-0.325664,-0.091532,0.181200,0.037809,-0.171233,-0.018763,0.240774,-0.473964,0.030960,0.438700,0.777950,0.214919,0.025254,-0.236399,-0.333887,0.356909,-0.282206,-0.029575,0.258216,-0.561390,0.642233,1.284130,1.101771,-0.346092,-0.015451,0.018606,-0.028961,0.128760,-0.078227
-0.339649,-0.058682,0.201846,0.026737,-0.060631,-0.026862,0.258178,-0.429784,0.013887,0.440705,0.706894,0.236674,0.019959,-0.231532,-0.314288,0.357882,-0.274788,-0.006276,0.261800,-0.553866,0.665772,1.297159,1.089173,-0.340526,-0.015934,0.037665,-0.037443,0.129534,-0.090340
-0.354714,-0.019299,0.221913,0.017433,0.057798,-0.034023,0.274793,-0.376324,-0.003136,0.445490,0.614420,0.257001,0.014514,-0.227242,-0.284764,0.357454,-0.267998,0.017219,0.261800,-0.546645,0.691151,1.310737,1.077728,-0.333026,-0.018560,0.057188,-0.045865,0.131745,-0.101265
-0.356179,0.046164,0.238600,-0.010889,0.139714,-0.052513,0.292046,-0.309881,-0.013366,0.427480,0.487985,0.275606,0.005559,-0.211136,-0.248961,0.354287,-0.262824,0.043825,0.261800,-0.538658,0.720536,1.317784,1.070737,-0.320214,-0.025333,0.074936,-0.048096,0.133369,-0.099268
-0.353338,0.115623,0.255172,-0.045070,0.209035,-0.073917,0.311721,-0.232409,-0.021908,0.399143,0.355062,0.294505,-0.004631,-0.189763,-0.209068,0.350130,-0.258512,0.070743,0.261800,-0.532059,0.748625,1.321845,1.064143,-0.307995,-0.034227,0.088405,-0.047700,0.131211,-0.094424
-0.341886,0.193076,0.271515,-0.090970,0.253164,-0.101149,0.336240,-0.132879,-0.027071,0.350151,0.209163,0.313994,-0.017288,-0.157851,-0.160997,0.343990,-0.255924,0.098285,0.261800,-0.528235,0.774125,1.319932,1.058345,-0.296963,-0.047363,0.093316,-0.042050,0.121485,-0.083886
-0.335577,0.227933,0.290454,-0.135716,0.279759,-0.124500,0.361421,-0.045959,-0.034342,0.294740,0.140886,0.333182,-0.031974,-0.117866,-0.122903,0.334951,-0.256449,0.120766,0.261800,-0.532066,0.793298,1.312502,1.052393,-0.292568,-0.063187,0.092005,-0.037750,0.103711,-0.074389
-0.331841,0.241493,0.310690,-0.179886,0.297586,-0.145910,0.386933,0.034654,-0.042666,0.236120,0.111419,0.352220,-0.047674,-0.073844,-0.089799,0.324464,-0.258531,0.140716,0.261800,-0.539726,0.809307,1.302315,1.046365,-0.291492,-0.080356,0.087584,-0.034124,0.081914,-0.065414
-0.346040,0.236550,0.321702,-0.200996,0.297919,-0.136366,0.393264,0.051602,-0.050087,0.211207,0.109294,0.361919,-0.065302,-0.031325,-0.025268,0.299878,-0.269321,0.150156,0.261800,-0.552839,0.809168,1.294454,1.037535,-0.283618,-0.097216,0.081339,-0.032780,0.060830,-0.064586
-0.367996,0.223209,0.329758,-0.213030,0.297280,-0.118803,0.402335,0.068548,-0.053399,0.206940,0.122882,0.366569,-0.083207,0.007440,-0.009108,0.270625,-0.283863,0.158806,0.225191,-0.565233,0.804415,1.288428,1.025613,-0.273470,-0.109398,0.075392,-0.032970,0.043104,-0.066231
-0.405465,0.193071,0.331902,-0.206911,0.294696,-0.085200,0.416887,0.085490,-0.048492,0.243962,0.167898,0.361125,-0.101666,0.038693,-0.089686,0.232037,-0.305911,0.165879,0.115363,-0.576186,0.790432,1.286075,1.007508,-0.258770,-0.112224,0.070044,-0.036230,0.032095,-0.072822
-0.450074,0.156095,0.327256,-0.197384,0.296873,-0.051792,0.440678,0.088101,-0.036925,0.292187,0.224894,0.347795,-0.121077,0.081294,-0.171107,0.195128,-0.329669,0.164658,0.000620,-0.589970,0.770948,1.283178,0.988147,-0.248053,-0.113449,0.064759,-0.041202,0.021272,-0.083231
-0.498255,0.115698,0.319215,-0.186153,0.301430,-0.018482,0.469088,0.083547,-0.022028,0.346012,0.287879,0.330524,-0.140964,0.129567,-0.252950,0.159059,-0.354283,0.159291,-0.116580,-0.605169,0.748714,1.280010,0.968159,-0.239328,-0.113873,0.059507,-0.047029,0.010544,-0.095549
-0.532016,0.104624,0.293313,-0.192443,0.300219,0.017052,0.454587,0.064139,0.001247,0.374612,0.293113,0.299455,-0.151792,0.216262,-0.298142,0.132859,-0.377515,0.105391,-0.171040,-0.629594,0.716322,1.279407,0.950141,-0.230014,-0.112228,0.053528,-0.054948,-0.001900,-0.111173
-0.559483,0.097206,0.267609,-0.207045,0.297733,0.051741,0.413176,0.042200,0.025084,0.389564,0.293529,0.267738,-0.157715,0.309867,-0.337545,0.110771,-0.399361,0.015204,-0.214922,-0.651888,0.681093,1.277835,0.933448,-0.220984,-0.111349,0.046522,-0.062434,-0.012173,-0.125599
-0.574362,0.097102,0.242303,-0.238270,0.292701,0.084742,0.317944,0.015200,0.050047,0.377220,0.284307,0.234722,-0.153831,0.417297,-0.365370,0.096911,-0.418438,-0.147559,-0.237646,-0.669923,0.640189,1.274326,0.919408,-0.212521,-0.112001,0.037461,-0.069055,-0.018101,-0.137628
-0.573300,0.100987,0.221279,-0.233932,0.290378,0.120266,0.316148,-0.013508,0.072324,0.377945,0.276483,0.205952,-0.142568,0.481304,-0.386840,0.089850,-0.433612,-0.225808,-0.244635,-0.684193,0.602724,1.268998,0.909910,-0.222439,-0.113131,0.028165,-0.070280,-0.014852,-0.146274
-0.564268,0.106867,0.202396,-0.211813,0.289410,0.157053,0.361072,-0.043071,0.093258,0.385206,0.269358,0.179303,-0.127615,0.523600,-0.405133,0.086189,-0.446836,-0.261800,-0.243756,-0.696582,0.566978,1.262761,0.902683,-0.241549,-0.114499,0.018750,-0.068806,-0.007014,-0.153230
-0.558677,0.073513,0.184169,-0.211729,0.258968,0.163528,0.331035,-0.078347,0.102533,0.367704,0.307601,0.150936,-0.113947,0.495716,-0.418071,0.091222,-0.450404,-0.261800,-0.221339,-0.706834,0.548780,1.257039,0.910140,-0.253971,-0.108236,0.016306,-0.068222,0.008889,-0.157316
-0.557226,0.047177,0.167731,-0.197311,0.228078,0.168943,0.315892,-0.109506,0.111282,0.378362,0.338340,0.124230,-0.099683,0.440115,-0.425655,0.097896,-0.450967,-0.261800,-0.197327,-0.718921,0.535759,1.251059,0.924691,-0.259265,-0.097288,0.016917,-0.069120,0.028685,-0.160588
-0.564057,0.034876,0.154871,-0.154226,0.196291,0.172235,0.330538,-0.132432,0.118978,0.445339,0.354070,0.100849,-0.084227,0.329078,-0.422530,0.107852,-0.445519,-0.261800,-0.170127,-0.734680,0.533096,1.244562,0.953431,-0.250301,-0.076971,0.023639,-0.072982,0.056267,-0.162230
-0.564117,0.031741,0.141934,-0.112098,0.163048,0.169101,0.325151,-0.153924,0.126680,0.503951,0.357801,0.077631,-0.066683,0.226578,-0.414864,0.120071,-0.434003,-0.261800,-0.146506,-0.750874,0.535008,1.240545,0.986535,-0.231744,-0.054227,0.031101,-0.069951,0.079651,-0.158082
-0.560791,0.033188,0.128958,-0.070448,0.129076,0.162753,0.309748,-0.174699,0.134385,0.558381,0.355532,0.054494,-0.048094,0.128348,-0.404928,0.133423,-0.419452,-0.261800,-0.124674,-0.767285,0.539207,1.237767,1.021821,-0.208390,-0.030270,0.038935,-0.063473,0.100936,-0.151040
-0.547225,0.036171,0.118717,-0.013182,0.099425,0.155329,0.312472,-0.191960,0.137418,0.595677,0.348758,0.032834,-0.027913,0.054810,-0.392965,0.149349,-0.400395,-0.259046,-0.104827,-0.778034,0.550478,1.233893,1.053634,-0.190776,-0.017605,0.046877,-0.048650,0.099330,-0.132104
-0.532730,0.037221,0.108914,0.045161,0.068626,0.147628,0.317909,-0.207412,0.139046,0.629140,0.345921,0.013382,-0.007652,-0.014181,-0.383405,0.165410,-0.381589,-0.237830,-0.084060,-0.785126,0.564129,1.227372,1.083726,-0.177303,-0.008085,0.053853,-0.036141,0.092440,-0.112009
-0.516377,0.034407,0.099988,0.105658,0.035532,0.139373,0.328773,-0.219250,0.137862,0.654938,0.350956,-0.001654,0.012766,-0.074082,-0.378653,0.181739,-0.363283,-0.179689,-0.061451,-0.784899,0.582538,1.215557,1.110376,-0.172110,-0.004854,0.058895,-0.028263,0.074983,-0.089598
-0.499627,0.029664,0.093520,0.165492,0.004670,0.133247,0.329367,-0.226153,0.134805,0.673115,0.359004,-0.012226,0.033011,-0.113161,-0.375496,0.197306,-0.346557,-0.140762,-0.039140,-0.777603,0.603321,1.199886,1.132946,-0.171849,-0.003375,0.060745,-0.023360,0.060219,-0.072490
-0.482678,0.023958,0.088281,0.224994,-0.025076,0.128186,0.324826,-0.230589,0.130812,0.687483,0.368558,-0.020567,0.053170,-0.141829,-0.373138,0.212490,-0.330619,-0.111440,-0.016979,-0.766771,0.625291,1.182288,1.153476,-0.174053,-0.002772,0.060999,-0.019945,0.046803,-0.058034
-0.466462,0.012180,0.083586,0.274574,-0.053984,0.124038,0.299315,-0.228976,0.124459,0.688200,0.386970,-0.022175,0.072047,-0.144780,-0.374540,0.225701,-0.315954,-0.103385,0.005199,-0.746769,0.645125,1.164113,1.169830,-0.173223,0.006690,0.053685,-0.018065,0.045863,-0.051409
-0.449284,-0.000141,0.078382,0.321139,-0.081880,0.120482,0.268834,-0.226446,0.117368,0.684158,0.406519,-0.021585,0.090111,-0.146179,-0.376522,0.237819,-0.301659,-0.101228,0.027432,-0.724581,0.664965,1.146939,1.185444,-0.173023,0.014772,0.046451,-0.016078,0.049959,-0.046863
-0.430180,-0.013547,0.072163,0.361675,-0.107753,0.118110,0.228413,-0.222083,0.108803,0.670597,0.428342,-0.016598,0.106549,-0.144470,-0.379663,0.247754,-0.288103,-0.110865,0.049773,-0.698023,0.684818,1.131765,1.199579,-0.174086,0.020096,0.039377,-0.013879,0.064127,-0.046471
-0.407038,-0.027170,0.065008,0.395391,-0.132188,0.116305,0.179778,-0.215975,0.099872,0.646388,0.450188,-0.009357,0.120893,-0.143159,-0.382498,0.255366,-0.275659,-0.129995,0.073531,-0.670114,0.697261,1.120353,1.212360,-0.176765,0.044889,0.031667,-0.009661,0.079412,-0.048006
-0.381876,-0.040903,0.057385,0.425697,-0.155905,0.114783,0.127038,-0.208996,0.090758,0.616855,0.472044,-0.000989,0.134190,-0.142048,-0.385181,0.261816,-0.263772,-0.153869,0.097997,-0.641528,0.705999,1.110820,1.224464,-0.180253,0.079415,0.023640,-0.004434,0.095254,-0.050503
-0.351121,-0.057836,0.046794,0.438754,-0.185772,0.109277,0.066033,-0.200134,0.081350,0.573732,0.495996,0.007160,0.145821,-0.130048,-0.387349,0.265369,-0.255215,-0.188079,0.125209,-0.618180,0.683830,1.105260,1.232501,-0.177400,0.140869,0.019738,-0.006449,0.107017,-0.065398
-0.320245,-0.075589,0.035539,0.443814,-0.219975,0.100844,0.002274,-0.190266,0.072108,0.533046,0.520459,0.013854,0.157459,-0.110718,-0.388685,0.268289,-0.248352,-0.221068,0.153686,-0.598986,0.656102,1.102287,1.237572,-0.173006,0.182762,0.016866,-0.010367,0.116145,-0.078464
-0.289127,-0.094983,0.022958,0.432880,-0.262849,0.086553,-0.066995,-0.178384,0.063203,0.497231,0.545944,0.017642,0.169114,-0.076726,-0.388355,0.269943,-0.244878,-0.251617,0.184694,-0.588102,0.617254,1.104489,1.236710,-0.165529,0.185533,0.016052,-0.018090,0.120002,-0.087871
-0.239431,-0.115637,0.008274,0.396753,-0.325962,0.060435,-0.104465,-0.160085,0.055206,0.436538,0.570528,0.018084,0.177124,-0.050534,-0.385461,0.270575,-0.245276,-0.261800,0.221738,-0.588662,0.586561,1.110320,1.234690,-0.153330,0.159404,0.018959,-0.018472,0.119951,-0.092870
-0.180446,-0.136921,-0.007463,0.348028,-0.399196,0.028402,-0.126036,-0.138579,0.047665,0.363405,0.594660,0.016853,0.183312,-0.028242,-0.381287,0.270697,-0.247610,-0.261800,0.261800,-0.594943,0.559945,1.117967,1.232093,-0.138770,0.118825,0.023726,-0.015183,0.117945,-0.095664
-0.161210,-0.145841,-0.014472,0.316628,-0.432879,0.022466,-0.154479,-0.119977,0.040529,0.341910,0.579484,0.011388,0.182406,-0.076573,-0.353527,0.268514,-0.257833,-0.261800,0.261800,-0.613519,0.553847,1.129074,1.229667,-0.116082,0.085157,0.031297,-0.009539,0.122042,-0.092166
-0.150538,-0.152193,-0.019934,0.285345,-0.465183,0.018420,-0.166379,-0.102808,0.034003,0.329549,0.554805,0.005463,0.179309,-0.129548,-0.318732,0.265461,-0.270231,-0.261800,0.261800,-0.630573,0.549909,1.141199,1.227041,-0.102474,0.062174,0.036399,-0.005042,0.133182,-0.087724
-0.156995,-0.153408,-0.022303,0.254296,-0.494729,0.018153,-0.145192,-0.088500,0.028700,0.335454,0.511117,-0.001383,0.171827,-0.191808,-0.269865,0.260668,-0.286977,-0.261800,0.261800,-0.644583,0.550291,1.155358,1.224013,-0.107025,0.060562,0.036564,-0.002840,0.158408,-0.081394
-0.184263,-0.155571,-0.022494,0.213204,-0.531909,0.014865,-0.122256,-0.072038,0.027605,0.378593,0.460196,-0.009242,0.161015,-0.239355,-0.205401,0.254664,-0.305994,-0.261800,0.261800,-0.646489,0.545661,1.168688,1.219763,-0.120734,0.061555,0.034716,-0.003507,0.182032,-0.081602
-0.221935,-0.158209,-0.021598,0.167091,-0.572907,0.010067,-0.098445,-0.054499,0.028613,0.440349,0.405657,-0.017607,0.148538,-0.279546,-0.133138,0.248053,-0.326146,-0.261800,0.261800,-0.642343,0.538525,1.181603,1.214901,-0.139023,0.063850,0.031863,-0.005608,0.204855,-0.085080
-0.247581,-0.194747,-0.015157,0.117374,-0.625618,0.002873,-0.069773,-0.030365,0.037098,0.478442,0.405286,-0.025456,0.134984,-0.288534,-0.082062,0.242311,-0.344173,-0.261800,0.261800,-0.627748,0.516957,1.190596,1.205685,-0.160950,0.058138,0.031284,-0.004765,0.200522,-0.100175
-0.266509,-0.240038,-0.001790,0.078974,-0.667757,0.001895,-0.036212,-0.021809,0.046414,0.508756,0.424134,-0.029806,0.120841,-0.297124,-0.052566,0.237609,-0.361552,-0.260397,0.231648,-0.612428,0.497648,1.195457,1.195134,-0.180597,0.053812,0.031266,-0.004438,0.188771,-0.113494
-0.271999,-0.302832,0.025432,0.063209,-0.688748,0.013347,0.007127,-0.044411,0.057394,0.523514,0.481417,-0.027155,0.105524,-0.304919,-0.066233,0.234988,-0.377637,-0.256187,0.141193,-0.595659,0.482858,1.192051,1.181912,-0.195686,0.052258,0.032373,-0.005143,0.162185,-0.123263
-0.275738,-0.333481,0.051903,0.054468,-0.683870,0.027744,0.049435,-0.073788,0.066653,0.533517,0.517691,-0.017515,0.085568,-0.311043,-0.094002,0.236041,-0.392508,-0.231174,0.119087,-0.583341,0.485256,1.185725,1.168190,-0.215609,0.055399,0.029928,-0.009232,0.142028,-0.121003
-0.278601,-0.348058,0.077999,0.049238,-0.666057,0.043614,0.091226,-0.106553,0.075051,0.541143,0.543459,-0.004380,0.063293,-0.316333,-0.128820,0.238932,-0.406771,-0.195758,0.131155,-0.573248,0.496249,1.177938,1.154218,-0.237950,0.060887,0.025708,-0.015013,0.125085,-0.112728
-0.274340,-0.334487,0.086005,0.033101,-0.650945,0.050587,0.112004,-0.156918,0.082539,0.527317,0.600525,0.013515,0.042758,-0.305960,-0.184518,0.247101,-0.413419,-0.162744,0.133855,-0.574197,0.520268,1.178274,1.141771,-0.264748,0.065798,0.013281,-0.022672,0.127966,-0.105027
-0.269111,-0.312481,0.092204,0.015633,-0.637664,0.054808,0.128515,-0.216613,0.089232,0.511973,0.664168,0.030804,0.025009,-0.293941,-0.243049,0.256495,-0.416516,-0.132319,0.131126,-0.579284,0.542121,1.182689,1.128971,-0.285858,0.064933,0.003540,-0.028733,0.135203,-0.100140
-0.261950,-0.273605,0.094787,-0.004495,-0.628048,0.053529,0.136491,-0.294970,0.094339,0.493594,0.740967,0.046882,0.012831,-0.278626,-0.307249,0.268338,-0.412514,-0.107071,0.117541,-0.592645,0.559639,1.195263,1.115463,-0.295592,0.052516,-0.000828,-0.031597,0.151151,-0.100881
-0.259326,-0.235019,0.102514,-0.021107,-0.604080,0.049057,0.147548,-0.363183,0.092469,0.476227,0.810303,0.066983,0.003597,-0.264960,-0.363732,0.281035,-0.403294,-0.087190,0.099832,-0.599139,0.570962,1.207621,1.100091,-0.295919,0.032076,0.001547,-0.029059,0.160216,-0.101768
-0.258970,-0.196580,0.112812,-0.035963,-0.572938,0.042989,0.160147,-0.426323,0.087111,0.459367,0.875908,0.089094,-0.004165,-0.252118,-0.416358,0.294159,-0.391466,-0.069993,0.080062,-0.602201,0.579187,1.219871,1.083787,-0.291542,0.007624,0.007293,-0.023819,0.165839,-0.102728
-0.262494,-0.165351,0.128514,-0.049582,-0.503998,0.033707,0.178125,-0.440600,0.076743,0.441938,0.899626,0.118622,-0.009688,-0.239919,-0.435155,0.305601,-0.376633,-0.055151,0.102820,-0.587936,0.584049,1.226396,1.066795,-0.285138,-0.006418,0.016865,-0.024597,0.161351,-0.104396
-0.266771,-0.132937,0.143194,-0.064062,-0.424140,0.024678,0.194148,-0.442002,0.066612,0.426227,0.906998,0.148185,-0.013734,-0.228095,-0.445197,0.315947,-0.361993,-0.038028,0.137741,-0.571666,0.588101,1.233155,1.049466,-0.283156,-0.015390,0.025983,-0.027493,0.154920,-0.106612
-0.272555,-0.098154,0.155833,-0.080264,-0.322448,0.016154,0.206261,-0.417653,0.056957,0.413951,0.881679,0.177815,-0.014823,-0.217022,-0.437728,0.324099,-0.347739,-0.016346,0.196991,-0.551387,0.590534,1.240386,1.031463,-0.290021,-0.014224,0.034192,-0.034626,0.144606,-0.109923
-0.285948,-0.058429,0.169990,-0.090671,-0.203818,0.011637,0.214878,-0.380240,0.045272,0.416369,0.823981,0.205525,-0.013391,-0.211638,-0.415661,0.329912,-0.334960,0.008184,0.234764,-0.534301,0.594882,1.248610,1.015398,-0.301882,-0.010130,0.041761,-0.042127,0.137291,-0.111980
-0.303146,-0.016233,0.184905,-0.098182,-0.076719,0.009123,0.221747,-0.336296,0.032573,0.426134,0.750094,0.232273,-0.010699,-0.209098,-0.386294,0.334556,-0.322919,0.034139,0.261800,-0.518813,0.600187,1.257331,1.000301,-0.316240,-0.004573,0.049010,-0.049812,0.131476,-0.113411
-0.322334,0.035689,0.203826,-0.106242,0.021898,0.004234,0.232855,-0.299719,0.018648,0.435109,0.658060,0.256229,-0.010893,-0.204643,-0.348052,0.336112,-0.313632,0.058445,0.261800,-0.508901,0.613987,1.263078,0.993842,-0.316305,-0.001697,0.054566,-0.056085,0.130839,-0.110520
-0.339353,0.086467,0.224017,-0.116354,0.106953,-0.002060,0.247125,-0.258527,0.005982,0.438055,0.569539,0.279757,-0.013433,-0.196333,-0.312261,0.336151,-0.305497,0.083193,0.261800,-0.499938,0.629535,1.266151,0.990220,-0.312320,-0.001786,0.060079,-0.060283,0.129729,-0.106366
-0.352033,0.134956,0.246751,-0.130569,0.164885,-0.011166,0.267718,-0.208104,-0.004167,0.428940,0.488045,0.302431,-0.020665,-0.180314,-0.281371,0.333156,-0.299670,0.108824,0.261800,-0.492876,0.648576,1.263876,0.992268,-0.300236,-0.007803,0.065503,-0.060334,0.127670,-0.099683
-0.361334,0.175115,0.272090,-0.147861,0.202942,-0.020066,0.294581,-0.158316,-0.011251,0.407378,0.417366,0.324811,-0.033052,-0.155897,-0.239180,0.324994,-0.297639,0.130471,0.261800,-0.487301,0.670510,1.256361,1.000353,-0.290023,-0.014838,0.067931,-0.058801,0.121184,-0.092859
-0.368944,0.211110,0.298731,-0.166691,0.231062,-0.028862,0.324580,-0.108846,-0.016802,0.379593,0.352095,0.347044,-0.048016,-0.127282,-0.191339,0.314249,-0.297504,0.150127,0.261800,-0.482468,0.693891,1.246227,1.011455,-0.280746,-0.022381,0.068861,-0.056477,0.112483,-0.085966
-0.372831,0.192508,0.315009,-0.189879,0.212084,-0.022848,0.344407,-0.131894,-0.018941,0.332539,0.380673,0.359865,-0.066653,-0.076571,-0.202787,0.293118,-0.305356,0.165693,0.233153,-0.486648,0.712570,1.238834,1.025594,-0.270449,-0.026042,0.063162,-0.053362,0.100016,-0.081892
-0.389655,0.168189,0.329197,-0.203460,0.195735,-0.009589,0.365176,-0.160136,-0.020049,0.306699,0.409557,0.366619,-0.087077,-0.026696,-0.231122,0.268834,-0.316009,0.177547,0.168382,-0.492318,0.727133,1.233624,1.038681,-0.258053,-0.029115,0.056817,-0.050071,0.087186,-0.079092
-0.432356,0.132434,0.339205,-0.197826,0.184643,0.018157,0.387830,-0.198766,-0.019092,0.323285,0.439052,0.361243,-0.111075,0.021506,-0.293233,0.238244,-0.332267,0.181978,0.031364,-0.500967,0.733466,1.232779,1.049662,-0.241458,-0.031012,0.049180,-0.046429,0.073630,-0.078839
-0.478298,0.107436,0.338904,-0.191338,0.177934,0.052171,0.400892,-0.228720,-0.005906,0.351010,0.450377,0.343093,-0.134822,0.089488,-0.344044,0.204881,-0.353012,0.157309,-0.041743,-0.507844,0.728709,1.234640,1.054658,-0.215970,-0.028776,0.043387,-0.044861,0.068895,-0.081216
-0.525860,0.087817,0.333448,-0.184423,0.173416,0.089318,0.409159,-0.254337,0.013393,0.384305,0.452618,0.318555,-0.158444,0.167360,-0.389206,0.170132,-0.375999,0.118088,-0.082894,-0.513834,0.718405,1.237854,1.056661,-0.186035,-0.024473,0.038518,-0.044331,0.068570,-0.084908
-0.544103,0.099189,0.307339,-0.202858,0.178137,0.127113,0.336428,-0.293138,0.045762,0.387401,0.419950,0.284325,-0.162441,0.256917,-0.407864,0.144115,-0.399254,-0.040012,-0.096316,-0.516105,0.689546,1.242194,1.041429,-0.163687,-0.018820,0.032029,-0.046510,0.086077,-0.093467
-0.540534,0.112584,0.278110,-0.223520,0.177476,0.159794,0.290284,-0.336338,0.077600,0.365615,0.391216,0.251647,-0.159218,0.348133,-0.427760,0.123065,-0.421449,-0.168690,-0.103128,-0.521640,0.659854,1.243545,1.024281,-0.151690,-0.010592,0.024075,-0.049751,0.102403,-0.102133
-0.493339,0.130023,0.242643,-0.248633,0.166049,0.182245,0.297310,-0.388337,0.108377,0.294062,0.370352,0.222071,-0.141553,0.442664,-0.450132,0.111948,-0.441526,-0.238522,-0.096719,-0.533703,0.628497,1.238917,1.003302,-0.160398,0.002784,0.013193,-0.055114,0.116367,-0.111013
-0.506061,0.135796,0.220515,-0.252646,0.143222,0.190776,0.278349,-0.426092,0.130214,0.342274,0.356856,0.193797,-0.122619,0.414485,-0.467932,0.107111,-0.459258,-0.261800,-0.087451,-0.552503,0.608774,1.228052,0.990963,-0.177846,0.021942,-0.000099,-0.064138,0.122414,-0.119369
-0.548742,0.135735,0.205056,-0.246109,0.114696,0.192347,0.246395,-0.456725,0.147580,0.450369,0.347045,0.166172,-0.103051,0.324951,-0.483445,0.105414,-0.475818,-0.261800,-0.076752,-0.574671,0.594867,1.214069,0.982943,-0.199663,0.043990,-0.014596,-0.074992,0.124502,-0.127462
-0.575934,0.122632,0.199898,-0.191916,0.085870,0.193959,0.272271,-0.473906,0.152914,0.552628,0.349117,0.144879,-0.089255,0.237916,-0.490047,0.108930,-0.482882,-0.261800,-0.065400,-0.590065,0.591977,1.193406,0.997975,-0.186359,0.052663,-0.025339,-0.078474,0.122388,-0.132603
-0.600073,0.106169,0.194994,-0.137013,0.055753,0.195629,0.281495,-0.489018,0.156879,0.648532,0.358708,0.126337,-0.076815,0.152125,-0.492445,0.113416,-0.486615,-0.261800,-0.052433,-0.599129,0.589067,1.172102,1.016846,-0.168310,0.056213,-0.033589,-0.077120,0.123925,-0.134543
-0.618103,0.082987,0.190599,-0.080690,0.023052,0.197415,0.257412,-0.499991,0.158105,0.731724,0.383340,0.113297,-0.067086,0.068824,-0.486432,0.119842,-0.483688,-0.261800,-0.036234,-0.595531,0.586114,1.149517,1.043394,-0.140767,0.049516,-0.036855,-0.066092,0.132764,-0.130085
-0.620124,0.061805,0.184551,-0.028584,-0.018184,0.191357,0.234715,-0.507116,0.158719,0.787364,0.411722,0.103677,-0.055578,0.004605,-0.481280,0.127201,-0.475009,-0.249841,-0.018046,-0.589844,0.581698,1.135820,1.070597,-0.137699,0.043479,-0.040433,-0.051311,0.146453,-0.121544
-0.614139,0.041623,0.177678,0.021415,-0.063689,0.181378,0.212710,-0.512318,0.159027,0.829228,0.441977,0.095767,-0.043180,-0.050071,-0.476557,0.135026,-0.463454,-0.231902,0.001138,-0.583112,0.576550,1.126569,1.098127,-0.146868,0.037772,-0.044167,-0.034652,0.162565,-0.110960
-0.593445,0.028929,0.169561,0.071437,-0.109404,0.166304,0.196853,-0.513469,0.159193,0.844654,0.465017,0.090082,-0.028862,-0.086679,-0.471068,0.145170,-0.448596,-0.186663,0.018501,-0.574796,0.580112,1.127233,1.120614,-0.165238,0.048252,-0.045890,-0.027830,0.172621,-0.096950
-0.571436,0.017495,0.161380,0.122503,-0.151444,0.152406,0.177832,-0.512787,0.157727,0.854066,0.484244,0.086430,-0.014618,-0.120369,-0.463927,0.156108,-0.434150,-0.146598,0.036042,-0.565564,0.587842,1.127997,1.139805,-0.178954,0.057111,-0.046401,-0.022819,0.179438,-0.082302
-0.546795,0.008579,0.153070,0.175655,-0.186133,0.140864,0.152483,-0.508440,0.152999,0.851450,0.495842,0.086843,-0.000521,-0.148221,-0.453481,0.168634,-0.420531,-0.116882,0.053937,-0.554499,0.603909,1.128958,1.152402,-0.183362,0.062726,-0.044485,-0.021429,0.179776,-0.066381
-0.518486,-0.002499,0.145940,0.232028,-0.217273,0.131116,0.132210,-0.499645,0.144184,0.834215,0.505043,0.090708,0.014520,-0.167599,-0.441423,0.181514,-0.408970,-0.096323,0.072643,-0.545705,0.620743,1.130076,1.158021,-0.184948,0.058759,-0.043299,-0.020498,0.178485,-0.052702
-0.488345,-0.014658,0.139400,0.290011,-0.246639,0.122265,0.114475,-0.488627,0.133325,0.809669,0.513046,0.096299,0.030035,-0.182740,-0.428559,0.194570,-0.398440,-0.080343,0.091754,-0.538046,0.637960,1.131273,1.160150,-0.185122,0.050001,-0.042476,-0.019796,0.176378,-0.040144
-0.457306,-0.034375,0.132351,0.345444,-0.277322,0.112397,0.108152,-0.471848,0.117610,0.772100,0.525237,0.104826,0.046190,-0.182291,-0.416041,0.206607,-0.390567,-0.065657,0.111860,-0.533962,0.648108,1.135217,1.156297,-0.185629,0.043071,-0.041387,-0.022069,0.174946,-0.034722
-0.425470,-0.054791,0.124358,0.397957,-0.308372,0.102592,0.103882,-0.454486,0.101954,0.731882,0.538163,0.113765,0.061887,-0.179194,-0.403532,0.218110,-0.383255,-0.055380,0.133076,-0.529799,0.655691,1.139790,1.152485,-0.186023,0.040223,-0.040073,-0.024511,0.173173,-0.031751
-0.392040,-0.076604,0.114477,0.444631,-0.340153,0.092911,0.103715,-0.435955,0.086415,0.686364,0.552555,0.123529,0.076666,-0.170801,-0.391042,0.228547,-0.377065,-0.053924,0.156511,-0.525475,0.658142,1.145622,1.148754,-0.186191,0.045537,-0.038310,-0.027291,0.170718,-0.033683
-0.358777,-0.097922,0.102575,0.472368,-0.373676,0.082792,0.083511,-0.416614,0.073393,0.638892,0.567595,0.132450,0.090062,-0.146997,-0.377885,0.238013,-0.371977,-0.075329,0.181581,-0.521843,0.653539,1.151650,1.144589,-0.185709,0.051151,-0.035861,-0.029107,0.167761,-0.035382
-0.325597,-0.118992,0.089664,0.490636,-0.408070,0.072452,0.053287,-0.396867,0.061631,0.590441,0.582958,0.140950,0.102768,-0.115486,-0.364395,0.246994,-0.367439,-0.108163,0.207470,-0.518558,0.645409,1.157777,1.140206,-0.184902,0.056916,-0.033069,-0.030441,0.164553,-0.036963
-0.281209,-0.134201,0.073351,0.468267,-0.448774,0.060542,-0.023920,-0.376296,0.054068,0.529061,0.590264,0.144823,0.113011,-0.069054,-0.342685,0.253658,-0.366156,-0.200345,0.240028,-0.523335,0.630757,1.166378,1.138875,-0.187659,0.059521,-0.031130,-0.034538,0.160644,-0.042154
-0.237209,-0.149719,0.057370,0.437406,-0.491798,0.047837,-0.088341,-0.354508,0.045742,0.466589,0.591366,0.146708,0.122809,-0.042355,-0.316152,0.258531,-0.366560,-0.261800,0.261747,-0.531201,0.612913,1.176509,1.138798,-0.190375,0.061290,-0.029372,-0.038603,0.155548,-0.048440
-0.193985,-0.165854,0.042051,0.389560,-0.539463,0.033542,-0.127187,-0.330286,0.035890,0.401935,0.580062,0.144618,0.131716,-0.055125,-0.279973,0.259822,-0.370337,-0.261800,0.261787,-0.545242,0.588686,1.189699,1.141228,-0.193013,0.061388,-0.027978,-0.042602,0.148076,-0.056912
-0.164707,-0.178766,0.032328,0.345331,-0.580680,0.026680,-0.134065,-0.309340,0.025214,0.345901,0.549565,0.139741,0.139332,-0.081839,-0.230245,0.255938,-0.378134,-0.261800,0.261800,-0.556990,0.557997,1.204485,1.143614,-0.195985,0.063369,-0.026448,-0.044597,0.140084,-0.066180
-0.142401,-0.190066,0.025403,0.302911,-0.618673,0.023534,-0.124960,-0.290032,0.014128,0.294176,0.509473,0.133471,0.146301,-0.115524,-0.173744,0.249468,-0.387941,-0.261800,0.261800,-0.567593,0.524077,1.220068,1.145977,-0.199124,0.066294,-0.024850,-0.045591,0.131832,-0.075846
-0.154256,-0.204200,0.026481,0.267296,-0.651925,0.026790,-0.070645,-0.266235,0.007939,0.318286,0.461622,0.126125,0.148960,-0.186233,-0.103974,0.237490,-0.401129,-0.261800,0.261800,-0.571870,0.487239,1.235961,1.147957,-0.221316,0.069161,-0.026421,-0.044782,0.124912,-0.084083
-0.167234,-0.231959,0.028920,0.225659,-0.691279,0.025737,-0.021629,-0.236696,0.005487,0.343987,0.432459,0.117075,0.148364,-0.243683,-0.045140,0.225914,-0.414150,-0.261800,0.245270,-0.575621,0.454288,1.253347,1.149532,-0.246998,0.075517,-0.029373,-0.044472,0.117049,-0.090541
-0.182460,-0.286968,0.034081,0.171980,-0.742836,0.016064,0.016789,-0.195674,0.010509,0.372872,0.440672,0.104616,0.141258,-0.274616,-0.008176,0.215143,-0.426838,-0.261800,0.195679,-0.578322,0.429109,1.273716,1.150296,-0.279660,0.088851,-0.035089,-0.045157,0.107304,-0.093441
-0.207811,-0.330737,0.047172,0.145277,-0.751085,0.020064,0.048056,-0.170680,0.015830,0.416992,0.455114,0.093278,0.130276,-0.296847,-0.018236,0.210096,-0.433407,-0.261800,0.140426,-0.580270,0.416413,1.293741,1.153638,-0.302727,0.100911,-0.039111,-0.047021,0.095048,-0.096503
-0.238224,-0.368886,0.064228,0.132062,-0.737681,0.030902,0.075749,-0.153700,0.021299,0.468730,0.472670,0.082500,0.117356,-0.314727,-0.051809,0.207911,-0.436917,-0.261800,0.082342,-0.581841,0.409958,1.313595,1.158270,-0.320995,0.112335,-0.042285,-0.049473,0.081535,-0.099648
-0.240894,-0.351487,0.075061,0.120079,-0.700187,0.040929,0.099633,-0.169255,0.034629,0.481982,0.485277,0.084992,0.101748,-0.319072,-0.082976,0.214723,-0.431516,-0.236822,0.110459,-0.576365,0.423057,1.322960,1.163977,-0.333784,0.111331,-0.041690,-0.049715,0.085045,-0.096565
-0.241090,-0.330563,0.083368,0.105655,-0.664191,0.049027,0.119207,-0.190887,0.046574,0.487556,0.508527,0.089506,0.087182,-0.319835,-0.120086,0.223858,-0.424530,-0.209068,0.133345,-0.574891,0.441408,1.331704,1.166438,-0.349394,0.106273,-0.041302,-0.049025,0.089228,-0.090025
-0.236339,-0.302591,0.086627,0.086350,-0.631194,0.053270,0.130163,-0.224674,0.055750,0.477773,0.553061,0.098062,0.074697,-0.313434,-0.169079,0.237637,-0.414372,-0.175760,0.145770,-0.581420,0.470261,1.339209,1.162405,-0.370646,0.093107,-0.041327,-0.046472,0.094759,-0.076571
-0.232900,-0.272392,0.092191,0.066390,-0.606306,0.052389,0.139430,-0.281673,0.061007,0.464795,0.612966,0.108222,0.066445,-0.302947,-0.225625,0.254966,-0.402663,-0.145849,0.140053,-0.590392,0.500791,1.345935,1.149529,-0.376272,0.072583,-0.040566,-0.047862,0.100341,-0.062138
-0.230117,-0.241079,0.098909,0.046101,-0.585472,0.048947,0.147853,-0.350279,0.064304,0.450218,0.680557,0.119184,0.060310,-0.290418,-0.285947,0.274069,-0.390179,-0.117636,0.125267,-0.600585,0.532159,1.352272,1.132231,-0.374086,0.048381,-0.039412,-0.051223,0.105950,-0.047217
-0.230504,-0.205211,0.113235,0.026035,-0.568558,0.037121,0.164176,-0.432481,0.062431,0.437378,0.744414,0.138098,0.056520,-0.278370,-0.337867,0.295371,-0.376254,-0.094367,0.097628,-0.597183,0.558094,1.354078,1.105931,-0.370173,0.022961,-0.036450,-0.055160,0.106974,-0.042557
-0.232590,-0.169375,0.128111,0.006426,-0.543264,0.024900,0.181087,-0.500657,0.059701,0.426902,0.797683,0.159295,0.053699,-0.268005,-0.382284,0.315988,-0.362083,-0.071965,0.075726,-0.587261,0.579033,1.354256,1.078733,-0.367032,-0.000740,-0.031352,-0.058711,0.108249,-0.042207
-0.238077,-0.133606,0.144085,-0.012271,-0.501212,0.011888,0.199178,-0.540784,0.055255,0.421155,0.829778,0.185060,0.052813,-0.261005,-0.411695,0.335232,-0.347420,-0.051300,0.065298,-0.564300,0.589980,1.351181,1.049736,-0.365435,-0.021000,-0.021980,-0.061489,0.110026,-0.050477
-0.245976,-0.098332,0.159624,-0.028682,-0.436171,0.001975,0.214344,-0.545370,0.051356,0.422723,0.830782,0.211547,0.052883,-0.256597,-0.435040,0.350595,-0.333853,-0.031169,0.073691,-0.538508,0.596918,1.347340,1.023489,-0.373605,-0.029517,-0.012807,-0.066360,0.117904,-0.062383
-0.255083,-0.063306,0.174944,-0.043952,-0.359635,-0.006389,0.228047,-0.532185,0.047731,0.427948,0.816242,0.238397,0.053431,-0.253485,-0.455353,0.364018,-0.320835,-0.011306,0.091494,-0.511301,0.601851,1.343116,0.998616,-0.386657,-0.032162,-0.003734,-0.072279,0.128832,-0.076107
-0.265136,-0.023330,0.190048,-0.056295,-0.268136,-0.009685,0.239616,-0.490720,0.044247,0.439598,0.762837,0.265106,0.050302,-0.252493,-0.450433,0.369634,-0.311574,0.008886,0.131027,-0.492264,0.610968,1.340411,0.983490,-0.402672,-0.024684,-0.001824,-0.079533,0.141511,-0.080159
-0.275143,0.017944,0.205986,-0.068574,-0.177537,-0.012564,0.253413,-0.441898,0.040434,0.449694,0.699580,0.291419,0.044749,-0.250733,-0.437679,0.372451,-0.303929,0.029908,0.176652,-0.475495,0.622694,1.336800,0.972267,-0.412318,-0.017964,0.000790,-0.085700,0.152389,-0.081803
-0.285057,0.061812,0.223594,-0.080722,-0.088739,-0.014607,0.271665,-0.378363,0.035965,0.456681,0.616617,0.316939,0.034347,-0.247438,-0.409258,0.369672,-0.299516,0.052592,0.234463,-0.463263,0.639640,1.331377,0.968848,-0.409226,-0.012764,0.004808,-0.089694,0.159667,-0.078631
-0.301064,0.102430,0.243875,-0.088469,-0.006070,-0.014519,0.294162,-0.302943,0.027497,0.463101,0.525440,0.340630,0.019545,-0.241778,-0.371396,0.361438,-0.298538,0.074730,0.256960,-0.456412,0.658896,1.324383,0.969902,-0.402108,-0.012430,0.010505,-0.090987,0.156131,-0.071723
-0.320117,0.141422,0.265492,-0.094014,0.073535,-0.013365,0.318782,-0.221580,0.017030,0.469237,0.430157,0.363407,0.002545,-0.234936,-0.328814,0.350477,-0.299277,0.096594,0.261800,-0.452251,0.679307,1.316604,0.973192,-0.392977,-0.014529,0.017041,-0.090930,0.147189,-0.062949
-0.335008,0.154395,0.285352,-0.109864,0.092265,-0.011021,0.344937,-0.183690,0.012370,0.453494,0.398377,0.378731,-0.020921,-0.207343,-0.315987,0.328879,-0.306719,0.118360,0.235644,-0.458110,0.695576,1.309360,0.982047,-0.377970,-0.018142,0.020077,-0.090716,0.127827,-0.058640
-0.355379,0.153766,0.304331,-0.122334,0.101188,-0.005212,0.372497,-0.164334,0.008592,0.441409,0.383778,0.389687,-0.045698,-0.174876,-0.318542,0.303696,-0.316801,0.137980,0.169445,-0.467373,0.708055,1.303246,0.991311,-0.359599,-0.020428,0.022132,-0.090916,0.107473,-0.057011
-0.386711,0.125931,0.321546,-0.128044,0.090494,0.007528,0.402865,-0.182044,0.006581,0.436644,0.403537,0.391906,-0.073095,-0.132665,-0.351859,0.271344,-0.332161,0.153310,0.023163,-0.483443,0.712953,1.299393,1.001392,-0.334502,-0.020062,0.022227,-0.091948,0.085132,-0.060741
-0.422918,0.101355,0.332476,-0.127345,0.075886,0.027360,0.434166,-0.201869,0.013648,0.442241,0.405718,0.382917,-0.101288,-0.079793,-0.384515,0.235555,-0.351813,0.164690,-0.046815,-0.502360,0.707103,1.297178,1.006601,-0.302393,-0.018683,0.021295,-0.091632,0.066321,-0.066279
-0.461564,0.078407,0.340263,-0.123442,0.059321,0.050739,0.465934,-0.222751,0.025253,0.453018,0.399109,0.368323,-0.129878,-0.021593,-0.416839,0.198048,-0.373611,0.174094,-0.078639,-0.522700,0.695877,1.295780,1.009374,-0.266778,-0.016798,0.019849,-0.090643,0.049273,-0.072720
-0.493014,0.054436,0.328977,-0.126949,0.047330,0.081367,0.469243,-0.232694,0.050396,0.461506,0.411999,0.340800,-0.151249,0.057189,-0.435532,0.162531,-0.399944,0.147290,-0.082407,-0.545754,0.671685,1.294040,1.003059,-0.235205,-0.009497,0.019003,-0.091954,0.043309,-0.079190
-0.520743,0.034225,0.314803,-0.139656,0.035384,0.111123,0.444496,-0.247264,0.074619,0.460389,0.421134,0.312785,-0.167658,0.137254,-0.450594,0.130180,-0.426799,0.088079,-0.082601,-0.567725,0.647273,1.290477,0.994590,-0.211785,0.000389,0.016642,-0.093909,0.040339,-0.085099
-0.541029,0.021534,0.294854,-0.170763,0.023530,0.139132,0.363639,-0.271087,0.097001,0.440061,0.422762,0.283787,-0.174143,0.219887,-0.458394,0.104163,-0.454700,-0.035943,-0.075650,-0.587532,0.622422,1.283267,0.981812,-0.204671,0.015448,0.011254,-0.097153,0.043357,-0.089887
-0.537739,0.014533,0.276746,-0.198057,0.014236,0.163416,0.292965,-0.298462,0.111582,0.399792,0.414139,0.259805,-0.173676,0.260110,-0.462455,0.086839,-0.479765,-0.151091,-0.066758,-0.605502,0.604543,1.270153,0.972261,-0.206938,0.033478,0.003003,-0.101431,0.046374,-0.092658
-0.522662,0.010378,0.259558,-0.223445,0.006223,0.185839,0.227384,-0.327613,0.122262,0.349553,0.400391,0.238330,-0.169732,0.279127,-0.464645,0.073861,-0.503413,-0.261800,-0.056895,-0.622555,0.590151,1.254087,0.964323,-0.213896,0.052995,-0.006679,-0.106224,0.049389,-0.094421
-0.550797,-0.010968,0.251217,-0.221722,-0.014507,0.193868,0.174232,-0.344782,0.127015,0.406912,0.408761,0.220519,-0.163545,0.205680,-0.459252,0.069918,-0.521401,-0.261800,-0.043183,-0.629779,0.580826,1.227727,0.968019,-0.203575,0.060193,-0.012853,-0.106722,0.048517,-0.095612
-0.573394,-0.036037,0.243955,-0.205340,-0.039003,0.198744,0.148141,-0.357456,0.130784,0.466624,0.423390,0.204531,-0.157511,0.137558,-0.452353,0.067625,-0.535358,-0.261800,-0.028709,-0.634863,0.570495,1.201329,0.977408,-0.191507,0.061256,-0.019181,-0.104565,0.049023,-0.097931
-0.584915,-0.068548,0.238851,-0.159641,-0.071028,0.197310,0.176172,-0.361139,0.132584,0.531042,0.450540,0.192191,-0.151784,0.080086,-0.442444,0.068628,-0.541254,-0.261800,-0.012708,-0.635668,0.558151,1.174853,0.998182,-0.175942,0.050047,-0.025816,-0.097102,0.052283,-0.102503
-0.579790,-0.092837,0.232899,-0.101168,-0.104206,0.190576,0.210728,-0.361055,0.137791,0.588855,0.470806,0.179319,-0.143188,0.026795,-0.431597,0.073111,-0.539976,-0.261800,0.002151,-0.636682,0.540664,1.157246,1.019032,-0.174678,0.038219,-0.034821,-0.084254,0.061170,-0.107503
-0.566341,-0.113014,0.226523,-0.036309,-0.137960,0.181191,0.248546,-0.359087,0.144701,0.643365,0.487629,0.166182,-0.133157,-0.024407,-0.420281,0.079334,-0.535110,-0.261800,0.016439,-0.637801,0.520606,1.144073,1.039920,-0.180565,0.026082,-0.045010,-0.068713,0.072872,-0.112718
-0.534671,-0.130543,0.216314,0.032900,-0.174764,0.165884,0.294559,-0.354736,0.149982,0.676664,0.503615,0.154115,-0.121817,-0.066345,-0.410319,0.089623,-0.524000,-0.213796,0.031442,-0.634340,0.507690,1.138327,1.057371,-0.187490,0.029619,-0.046016,-0.059662,0.083537,-0.112868
-0.501440,-0.145517,0.204533,0.102857,-0.208841,0.152351,0.336315,-0.352421,0.153609,0.705937,0.517375,0.142335,-0.109325,-0.105666,-0.400582,0.100921,-0.512581,-0.161737,0.045125,-0.631059,0.499518,1.134072,1.072819,-0.192035,0.037150,-0.043878,-0.053087,0.092464,-0.111058
-0.465089,-0.155379,0.189609,0.174310,-0.237465,0.142369,0.369560,-0.354181,0.153929,0.727158,0.526683,0.131132,-0.094530,-0.139754,-0.391291,0.114238,-0.500542,-0.101568,0.056169,-0.628137,0.500830,1.132799,1.084262,-0.191818,0.052669,-0.035453,-0.051462,0.097913,-0.105328
-0.428246,-0.164027,0.174658,0.244046,-0.261075,0.135289,0.393377,-0.355900,0.150329,0.736860,0.534811,0.121209,-0.077777,-0.168221,-0.382252,0.128268,-0.489036,-0.056106,0.068858,-0.627102,0.510473,1.134978,1.092537,-0.192455,0.062337,-0.029377,-0.052277,0.102095,-0.099077
-0.391158,-0.172068,0.159693,0.312925,-0.282177,0.129660,0.412479,-0.357600,0.144769,0.740803,0.542349,0.111926,-0.060046,-0.193879,-0.373339,0.142655,-0.477797,-0.017996,0.082371,-0.627009,0.524281,1.138883,1.099227,-0.193518,0.069081,-0.024476,-0.054313,0.105642,-0.092567
-0.358676,-0.185003,0.144454,0.368965,-0.303611,0.123460,0.414515,-0.356437,0.134154,0.727873,0.556695,0.106003,-0.039826,-0.210325,-0.368945,0.156682,-0.466972,0.003872,0.092807,-0.622899,0.542451,1.144656,1.100496,-0.190269,0.068410,-0.021429,-0.052107,0.105728,-0.086289
-0.327138,-0.199514,0.128895,0.421701,-0.326001,0.116606,0.414998,-0.354339,0.122574,0.711405,0.573144,0.101217,-0.019244,-0.220985,-0.365438,0.170290,-0.456046,0.019812,0.103064,-0.617313,0.559387,1.149875,1.101107,-0.186011,0.066017,-0.017917,-0.050816,0.106988,-0.079880
-0.297486,-0.217175,0.112694,0.467830,-0.350305,0.108446,0.412375,-0.350369,0.109065,0.687861,0.593801,0.098701,0.002061,-0.220075,-0.363707,0.183057,-0.444917,0.023893,0.112961,-0.608775,0.573856,1.153989,1.100399,-0.179734,0.060181,-0.013476,-0.051352,0.110598,-0.073207
-0.267620,-0.232891,0.095514,0.513914,-0.376923,0.099864,0.421375,-0.346697,0.095846,0.666815,0.614975,0.097254,0.025003,-0.205784,-0.362062,0.195040,-0.433437,0.026184,0.124348,-0.600640,0.580397,1.156667,1.098783,-0.176346,0.054162,-0.010827,-0.051929,0.118118,-0.067339
-0.237647,-0.247634,0.077843,0.559976,-0.404698,0.091072,0.436187,-0.343174,0.082772,0.647017,0.636407,0.096341,0.048762,-0.184803,-0.360460,0.206632,-0.421780,0.027578,0.136480,-0.592706,0.582975,1.158627,1.096714,-0.174401,0.048052,-0.009074,-0.052525,0.127594,-0.061874
-0.208206,-0.256073,0.061953,0.600994,-0.431945,0.084036,0.450106,-0.339265,0.073703,0.630541,0.653410,0.095034,0.072529,-0.138267,-0.356043,0.217000,-0.410012,0.012005,0.150497,-0.588289,0.576703,1.157677,1.095827,-0.162991,0.052457,-0.005150,-0.053430,0.138939,-0.064726
-0.180208,-0.262827,0.046569,0.633485,-0.460445,0.076995,0.452568,-0.335342,0.065735,0.610975,0.668481,0.093182,0.096060,-0.084340,-0.349667,0.226757,-0.398368,-0.016690,0.165901,-0.585871,0.567802,1.156585,1.096039,-0.150502,0.056510,0.000176,-0.054814,0.151376,-0.068801
-0.155095,-0.266210,0.032198,0.648924,-0.491452,0.069942,0.432116,-0.331393,0.059968,0.585230,0.679685,0.090242,0.119117,-0.015635,-0.339369,0.235292,-0.386969,-0.071629,0.184075,-0.587452,0.553646,1.155207,1.098448,-0.135856,0.059859,0.008308,-0.057157,0.165995,-0.075323
-0.120819,-0.275612,0.014830,0.611330,-0.538781,0.056468,0.383474,-0.325432,0.049209,0.502855,0.689080,0.086175,0.142114,0.027685,-0.322890,0.241070,-0.377877,-0.158686,0.210811,-0.592195,0.535509,1.155138,1.102432,-0.121180,0.063262,0.014944,-0.058867,0.179346,-0.079529
-0.081961,-0.288024,-0.004036,0.547221,-0.594272,0.039785,0.320735,-0.318466,0.035954,0.392163,0.697572,0.081545,0.165079,0.058314,-0.303321,0.245469,-0.369937,-0.261800,0.241827,-0.598519,0.515383,1.155724,1.107202,-0.106489,0.066693,0.020834,-0.060260,0.192064,-0.082577
-0.056700,-0.289383,-0.017893,0.482068,-0.645100,0.026657,0.288953,-0.316912,0.025765,0.308662,0.681444,0.073781,0.185168,0.035187,-0.267108,0.246025,-0.364613,-0.261800,0.253811,-0.605608,0.492674,1.156790,1.113863,-0.093001,0.069724,0.028571,-0.060325,0.204884,-0.085990
-0.038957,-0.282755,-0.028522,0.426787,-0.688297,0.017538,0.266034,-0.320009,0.018815,0.249669,0.655257,0.064890,0.203354,-0.001686,-0.225218,0.245666,-0.358860,-0.261800,0.261800,-0.612846,0.469294,1.159494,1.122138,-0.076720,0.073004,0.039278,-0.060359,0.218102,-0.089570
-0.036248,-0.260154,-0.032696,0.391248,-0.716233,0.016436,0.260841,-0.332410,0.018344,0.239695,0.608954,0.053747,0.217736,-0.066052,-0.171976,0.243475,-0.352248,-0.261800,0.261800,-0.620385,0.444574,1.165478,1.133641,-0.054853,0.076785,0.055928,-0.060329,0.232114,-0.093484
-0.040656,-0.238243,-0.037681,0.347782,-0.754624,0.005997,0.259517,-0.339017,0.024548,0.252231,0.567212,0.041320,0.225873,-0.122746,-0.116294,0.242160,-0.342714,-0.261800,0.261800,-0.626026,0.421059,1.173994,1.146643,-0.045972,0.078118,0.065301,-0.058985,0.235282,-0.097103
-0.048622,-0.216677,-0.043073,0.300351,-0.798241,-0.009111,0.260128,-0.342727,0.034089,0.276022,0.527750,0.028251,0.230887,-0.175604,-0.059393,0.241284,-0.331720,-0.261800,0.261800,-0.630718,0.398148,1.183778,1.160394,-0.043583,0.078227,0.071037,-0.056983,0.233028,-0.100575
-0.067043,-0.230951,-0.044536,0.252204,-0.849284,-0.026192,0.252239,-0.347046,0.036219,0.298498,0.534083,0.013719,0.234572,-0.190652,-0.019033,0.244759,-0.316550,-0.261800,0.205047,-0.643130,0.382345,1.193885,1.166060,-0.056927,0.082466,0.067586,-0.054735,0.200887,-0.100717
-0.081180,-0.254530,-0.042215,0.213063,-0.884054,-0.037297,0.248851,-0.340631,0.037468,0.313341,0.549917,0.000386,0.235818,-0.201905,0.005403,0.249414,-0.301647,-0.261800,0.136265,-0.656933,0.376393,1.202470,1.169644,-0.069455,0.087204,0.065390,-0.054146,0.169067,-0.098811
-0.086751,-0.296719,-0.032329,0.191936,-0.886278,-0.036450,0.254464,-0.312747,0.036958,0.312919,0.584755,-0.010551,0.232186,-0.205568,-0.002012,0.256428,-0.287280,-0.261800,0.043423,-0.673518,0.390144,1.208014,1.169063,-0.080350,0.092942,0.065706,-0.056876,0.137886,-0.092812
-0.084445,-0.321978,-0.024056,0.179741,-0.841080,-0.028152,0.260592,-0.244739,0.041449,0.303303,0.604543,-0.019279,0.223371,-0.206906,-0.012251,0.264665,-0.276495,-0.261800,0.034057,-0.690543,0.414980,1.210002,1.160935,-0.074163,0.080354,0.069452,-0.059742,0.119664,-0.081883
-0.078202,-0.338772,-0.016591,0.172011,-0.772170,-0.016130,0.266978,-0.156669,0.048442,0.289091,0.616806,-0.026903,0.211963,-0.207082,-0.023902,0.273512,-0.267500,-0.261800,0.066428,-0.707788,0.445358,1.210212,1.149034,-0.059434,0.058603,0.074913,-0.062676,0.107921,-0.068489
-0.063902,-0.338444,-0.018248,0.167445,-0.717945,-0.006875,0.264857,-0.130449,0.059362,0.261769,0.656653,-0.031442,0.199947,-0.197236,-0.055715,0.284911,-0.258905,-0.261800,0.081442,-0.720207,0.470792,1.214002,1.126704,-0.050811,0.043234,0.078453,-0.060043,0.124330,-0.066438
-0.048818,-0.338505,-0.020554,0.162655,-0.663747,-0.000380,0.261911,-0.105705,0.070630,0.233100,0.698836,-0.035202,0.187891,-0.186029,-0.090984,0.297296,-0.249579,-0.261800,0.091321,-0.730446,0.490785,1.217838,1.105882,-0.046210,0.032364,0.081964,-0.055498,0.144238,-0.075565
-0.032165,-0.339341,-0.024160,0.157419,-0.609602,0.000593,0.257318,-0.083915,0.082596,0.201737,0.745691,-0.037403,0.175754,-0.172102,-0.133166,0.311653,-0.238788,-0.261800,0.090932,-0.736325,0.499894,1.221765,1.088075,-0.049652,0.030491,0.085418,-0.047130,0.171143,-0.107045
-0.019218,-0.344666,-0.028837,0.149265,-0.557920,-0.003600,0.252601,-0.065052,0.089362,0.169587,0.786728,-0.037326,0.164390,-0.156624,-0.175231,0.327769,-0.228131,-0.258785,0.090404,-0.738106,0.503006,1.221797,1.076648,-0.053581,0.003214,0.090510,-0.039532,0.188260,-0.138285
-0.008124,-0.352236,-0.034049,0.139651,-0.507468,-0.010377,0.247823,-0.047653,0.093527,0.137044,0.824856,-0.036110,0.153411,-0.140369,-0.217237,0.344765,-0.217541,-0.254263,0.089806,-0.737839,0.503120,1.219882,1.068412,-0.057752,-0.036764,0.096421,-0.032318,0.200483,-0.169405
-0.013424,-0.362913,-0.042525,0.130069,-0.453433,-0.019970,0.239800,-0.027951,0.091885,0.128102,0.848133,-0.036074,0.142217,-0.135900,-0.256774,0.364211,-0.210144,-0.242546,0.087133,-0.742673,0.506054,1.215788,1.068770,-0.061298,-0.051516,0.098301,-0.038076,0.187274,-0.188307
-0.018301,-0.368785,-0.051143,0.120523,-0.398390,-0.029736,0.230978,-0.010029,0.090161,0.121119,0.861174,-0.036848,0.132818,-0.132674,-0.292938,0.383715,-0.203806,-0.231476,0.089236,-0.749816,0.508107,1.213163,1.068984,-0.066126,-0.055694,0.098725,-0.044555,0.168708,-0.198320
-0.022329,-0.365051,-0.060045,0.111049,-0.341332,-0.039848,0.220560,0.004335,0.088273,0.118056,0.853741,-0.039241,0.127011,-0.131931,-0.322355,0.403335,-0.199584,-0.221701,0.100892,-0.761579,0.508398,1.213478,1.068912,-0.073521,-0.038720,0.096240,-0.052476,0.139424,-0.190557
-0.026014,-0.353357,-0.067099,0.099570,-0.290141,-0.049630,0.209604,0.015079,0.085649,0.116544,0.820630,-0.042983,0.125462,-0.132578,-0.329838,0.419961,-0.197969,-0.212959,0.125467,-0.769151,0.507836,1.216552,1.066412,-0.085328,-0.019548,0.094662,-0.057208,0.107358,-0.173682
-0.029529,-0.337683,-0.073230,0.087089,-0.241884,-0.059247,0.198379,0.024013,0.082658,0.115806,0.774679,-0.047399,0.126041,-0.133919,-0.326353,0.435089,-0.197658,-0.204733,0.156501,-0.774627,0.506849,1.221007,1.062700,-0.099343,0.000724,0.093537,-0.060347,0.073902,-0.152252
-0.033254,-0.316064,-0.074789,0.070926,-0.212842,-0.067435,0.187655,0.023288,0.078750,0.115917,0.698584,-0.053455,0.129591,-0.137422,-0.298074,0.442103,-0.202472,-0.196748,0.165247,-0.764959,0.508643,1.225484,1.056131,-0.112062,0.009494,0.102597,-0.057796,0.051282,-0.129238
-0.037312,-0.293643,-0.074530,0.056324,-0.201741,-0.073442,0.177023,-0.008962,0.074796,0.116056,0.627133,-0.060269,0.132958,-0.140548,-0.287061,0.446352,-0.208659,-0.188898,0.150524,-0.750933,0.513079,1.229506,1.050433,-0.122081,0.014887,0.112035,-0.057095,0.034972,-0.110718
-0.042035,-0.269622,-0.070635,0.044848,-0.226523,-0.075088,0.166573,-0.104262,0.070751,0.116251,0.564975,-0.068602,0.135959,-0.142917,-0.310579,0.445070,-0.217593,-0.181318,0.088862,-0.728192,0.522796,1.232614,1.046477,-0.126698,0.013525,0.122233,-0.060092,0.031279,-0.101184
-0.045593,-0.251365,-0.064417,0.039450,-0.236833,-0.070954,0.156263,-0.149202,0.068244,0.116411,0.529968,-0.076119,0.136366,-0.144331,-0.318974,0.439735,-0.227402,-0.175415,0.060668,-0.701004,0.537113,1.232515,1.048433,-0.129666,0.014854,0.125432,-0.064220,0.040551,-0.098658
-0.048569,-0.235991,-0.057037,0.037091,-0.239907,-0.063932,0.146023,-0.168962,0.066505,0.116554,0.508536,-0.083227,0.135476,-0.145268,-0.319807,0.432375,-0.237647,-0.170350,0.049208,-0.671592,0.553729,1.230813,1.053343,-0.131810,0.017529,0.125133,-0.068914,0.056304,-0.099636
-0.044883,-0.217551,-0.043806,0.031090,-0.247463,-0.058403,0.145249,-0.175353,0.066540,0.116794,0.478772,-0.081551,0.128923,-0.148248,-0.297936,0.418403,-0.249108,-0.161940,0.086630,-0.636679,0.575392,1.220941,1.070082,-0.142945,0.026273,0.114412,-0.068139,0.084991,-0.098376
-0.039485,-0.201006,-0.029574,0.026314,-0.252420,-0.051620,0.147297,-0.176412,0.066970,0.117088,0.451763,-0.076977,0.120928,-0.152189,-0.277388,0.402621,-0.260876,-0.153709,0.118056,-0.603071,0.596042,1.208167,1.088069,-0.158184,0.033104,0.102073,-0.065338,0.113960,-0.093580
-0.030664,-0.188253,-0.013343,0.023991,-0.252178,-0.042329,0.154989,-0.166805,0.068188,0.117491,0.430265,-0.066605,0.110048,-0.158051,-0.259483,0.383223,-0.273259,-0.145836,0.137491,-0.572070,0.614666,1.189588,1.108554,-0.181631,0.036111,0.086496,-0.058483,0.143492,-0.081714
-0.020747,-0.178345,0.001613,0.019807,-0.251973,-0.036154,0.164010,-0.145809,0.068684,0.117900,0.414461,-0.053836,0.099084,-0.164028,-0.248333,0.363634,-0.284636,-0.137355,0.155214,-0.550013,0.628285,1.168426,1.124990,-0.194593,0.035572,0.073444,-0.049040,0.158663,-0.068510
-0.010282,-0.169861,0.015931,0.014693,-0.251786,-0.031537,0.173696,-0.119118,0.068820,0.118311,0.401504,-0.039869,0.088076,-0.170061,-0.240558,0.343950,-0.295509,-0.128571,0.172081,-0.532428,0.639403,1.145974,1.139400,-0.202312,0.033259,0.061654,-0.038303,0.166655,-0.054637
-0.001179,-0.159801,0.024743,0.010614,-0.252576,-0.028924,0.181395,-0.102599,0.068380,0.118672,0.388274,-0.025994,0.077281,-0.175599,-0.234647,0.327910,-0.303923,-0.121630,0.187217,-0.527740,0.643301,1.122317,1.145080,-0.190646,0.031193,0.056741,-0.035506,0.155332,-0.050194
0.007964,-0.149912,0.031409,0.006846,-0.254201,-0.026910,0.187185,-0.092222,0.068153,0.119027,0.378279,-0.012885,0.067175,-0.180926,-0.230927,0.313340,-0.311165,-0.115357,0.198590,-0.527388,0.643897,1.100980,1.147925,-0.179405,0.030483,0.051744,-0.034192,0.141127,-0.050280
0.017186,-0.140363,0.033783,0.003700,-0.257496,-0.026094,0.189160,-0.094131,0.068354,0.119369,0.374752,-0.001308,0.058447,-0.185829,-0.231586,0.301710,-0.316062,-0.110419,0.202439,-0.535710,0.637890,1.084282,1.145098,-0.169014,0.032482,0.046579,-0.035844,0.121161,-0.059425
0.026012,-0.132436,0.033400,0.000685,-0.261184,-0.026625,0.189268,-0.097337,0.068287,0.119655,0.376520,0.007862,0.052253,-0.190452,-0.234608,0.291562,-0.318439,-0.106584,0.205800,-0.549750,0.623906,1.076291,1.136638,-0.162403,0.032674,0.042830,-0.037897,0.103164,-0.073558
0.034642,-0.125318,0.031640,-0.002266,-0.265069,-0.027830,0.188443,-0.101192,0.068086,0.119914,0.380935,0.015830,0.047327,-0.194935,-0.238810,0.282154,-0.319555,-0.103301,0.208916,-0.566649,0.605935,1.072652,1.125363,-0.157682,0.031961,0.039790,-0.040150,0.086151,-0.090187
0.037646,-0.132422,0.031241,-0.005494,-0.269269,-0.030320,0.190788,-0.101134,0.064936,0.120044,0.398145,0.019241,0.044057,-0.197638,-0.244558,0.272581,-0.317739,-0.100732,0.210724,-0.587221,0.582525,1.080560,1.107927,-0.153288,0.029572,0.044180,-0.043367,0.079031,-0.109293
0.040349,-0.142202,0.031513,-0.007574,-0.272497,-0.031867,0.194646,-0.101096,0.061996,0.120173,0.418393,0.021867,0.040103,-0.200462,-0.250597,0.262585,-0.315616,-0.098772,0.212049,-0.607180,0.561939,1.090939,1.090216,-0.147997,0.029166,0.049734,-0.047706,0.073787,-0.126449
0.042449,-0.157335,0.033126,-0.007357,-0.273782,-0.031530,0.201531,-0.101099,0.059472,0.120297,0.444721,0.022920,0.034782,-0.203529,-0.257216,0.251743,-0.312878,-0.098027,0.212409,-0.625915,0.547003,1.106263,1.071957,-0.140912,0.032726,0.057619,-0.054290,0.072295,-0.139702
0.045981,-0.169804,0.034481,-0.006209,-0.272497,-0.030137,0.208384,-0.101793,0.057734,0.120449,0.465737,0.023559,0.029570,-0.206808,-0.267929,0.240618,-0.309963,-0.098107,0.208914,-0.643150,0.539795,1.124513,1.054749,-0.134178,0.035910,0.065474,-0.060605,0.071133,-0.147257
0.050229,-0.180942,0.035706,-0.004594,-0.269929,-0.028215,0.215220,-0.102832,0.056387,0.120616,0.484096,0.023990,0.024412,-0.210194,-0.280688,0.229351,-0.306958,-0.098601,0.203490,-0.659636,0.536449,1.144228,1.038067,-0.127619,0.038906,0.073314,-0.066784,0.070135,-0.151964
0.055419,-0.171334,0.031719,-0.003303,-0.258114,-0.026719,0.215547,-0.103578,0.055815,0.120721,0.449908,0.023606,0.021359,-0.212884,-0.283585,0.219332,-0.302794,-0.099525,0.221715,-0.676301,0.540693,1.166359,1.023209,-0.126848,0.034696,0.079247,-0.068991,0.067319,-0.150000
0.059497,-0.166659,0.027502,0.000763,-0.244111,-0.023298,0.214400,-0.101636,0.055226,0.120845,0.428304,0.021662,0.018998,-0.214897,-0.283015,0.209958,-0.298314,-0.101164,0.218916,-0.694052,0.545485,1.188409,1.009184,-0.126312,0.027894,0.085876,-0.070462,0.064182,-0.147324
0.061350,-0.171850,0.022823,0.010377,-0.225730,-0.016025,0.210306,-0.094319,0.054607,0.121005,0.431868,0.016596,0.018024,-0.215556,-0.275512,0.201875,-0.293198,-0.104232,0.174070,-0.713976,0.551377,1.210296,0.996824,-0.126243,0.015907,0.093897,-0.070462,0.060403,-0.143222
0.063994,-0.164894,0.019898,0.014332,-0.220995,-0.013831,0.205953,-0.098519,0.053659,0.121061,0.424927,0.011666,0.020467,-0.216150,-0.270826,0.195106,-0.287558,-0.106910,0.166156,-0.729439,0.556504,1.228521,0.987725,-0.126426,0.007390,0.102487,-0.071429,0.055216,-0.138539
0.067032,-0.151865,0.017850,0.015458,-0.223084,-0.014178,0.201471,-0.108477,0.052547,0.121064,0.412734,0.006805,0.024617,-0.216711,-0.267549,0.188994,-0.281654,-0.109393,0.176710,-0.742671,0.561249,1.244914,0.980257,-0.126737,0.000610,0.111363,-0.072879,0.049325,-0.133565
0.070240,-0.138467,0.017119,0.024246,-0.215391,-0.006961,0.196377,-0.119008,0.051405,0.121151,0.399320,0.004520,0.027339,-0.216558,-0.260484,0.184081,-0.276413,-0.112628,0.164251,-0.737125,0.571219,1.251018,0.984788,-0.128866,0.006299,0.117939,-0.075876,0.051128,-0.132205
0.073022,-0.123608,0.015876,0.032809,-0.208169,-0.000239,0.190107,-0.131380,0.049785,0.121226,0.383909,0.002731,0.030131,-0.215929,-0.254071,0.179746,-0.271175,-0.115851,0.155140,-0.728557,0.581970,1.255007,0.992895,-0.128076,0.012309,0.122565,-0.078994,0.055746,-0.130824
0.074949,-0.105828,0.013608,0.040923,-0.201887,0.005497,0.181485,-0.147433,0.047209,0.121281,0.364502,0.001933,0.033064,-0.214347,-0.248961,0.176568,-0.265941,-0.119049,0.152722,-0.713947,0.594284,1.254767,1.008154,-0.121446,0.018962,0.123290,-0.082351,0.065991,-0.129402
0.075254,-0.090325,0.012615,0.047801,-0.196188,0.009287,0.172467,-0.162619,0.044477,0.121295,0.346368,0.000180,0.035580,-0.211613,-0.244331,0.174873,-0.260425,-0.121734,0.150000,-0.697894,0.605632,1.250872,1.027094,-0.117454,0.027879,0.121865,-0.083262,0.077827,-0.128771
0.074750,-0.075960,0.012260,0.054060,-0.190782,0.012105,0.163251,-0.177373,0.041668,0.121289,0.328872,-0.002050,0.037886,-0.208304,-0.239943,0.173919,-0.254768,-0.124161,0.147127,-0.681120,0.616497,1.245149,1.047875,-0.114780,0.037929,0.119364,-0.082950,0.090459,-0.128536
0.074847,-0.063998,0.012934,0.059249,-0.185752,0.013615,0.156611,-0.188610,0.040116,0.121287,0.314928,-0.004598,0.038676,-0.205205,-0.237026,0.175065,-0.248865,-0.126635,0.143634,-0.666551,0.622026,1.233950,1.073227,-0.127399,0.051276,0.112106,-0.084682,0.100616,-0.133509
0.075809,-0.051393,0.013579,0.064519,-0.180397,0.015154,0.150871,-0.199242,0.039308,0.121310,0.300810,-0.007244,0.038977,-0.202544,-0.234067,0.176759,-0.243349,-0.129009,0.140286,-0.653308,0.627232,1.221902,1.098289,-0.138867,0.062335,0.104337,-0.083932,0.108197,-0.137923
0.078497,-0.037501,0.014164,0.069950,-0.174390,0.016749,0.146930,-0.208665,0.039987,0.121380,0.286342,-0.010086,0.038299,-0.200758,-0.231024,0.179549,-0.238608,-0.131186,0.137231,-0.642718,0.631791,1.208154,1.122771,-0.148030,0.068817,0.095547,-0.078217,0.110629,-0.141220
0.080547,-0.024081,0.013284,0.075009,-0.168620,0.018149,0.142516,-0.218438,0.040655,0.121457,0.272190,-0.014051,0.036865,-0.199520,-0.228188,0.182688,-0.235334,-0.133281,0.134017,-0.636127,0.638512,1.195657,1.145193,-0.154187,0.073748,0.087489,-0.071474,0.112116,-0.139316
0.082278,-0.010897,0.011673,0.079881,-0.162968,0.019451,0.137867,-0.228387,0.041319,0.121538,0.258197,-0.018577,0.035053,-0.198557,-0.225456,0.186003,-0.232794,-0.135333,0.130724,-0.631538,0.646313,1.183785,1.166585,-0.158840,0.077902,0.079797,-0.064219,0.113130,-0.134813
0.084397,0.001873,0.009103,0.082807,-0.159431,0.019831,0.133854,-0.238097,0.042336,0.121621,0.245642,-0.024684,0.033942,-0.197884,-0.223578,0.188390,-0.232877,-0.135974,0.129454,-0.631537,0.653920,1.175883,1.181132,-0.160390,0.075867,0.074678,-0.054687,0.116169,-0.123432
0.086594,0.013941,0.006433,0.085090,-0.156607,0.019893,0.130062,-0.247483,0.043166,0.121693,0.234409,-0.030793,0.032666,-0.197241,-0.222411,0.190434,-0.233773,-0.136479,0.128312,-0.631822,0.663569,1.169214,1.194385,-0.160277,0.075161,0.070790,-0.046325,0.119198,-0.111554
0.088949,0.024606,0.003562,0.086087,-0.155207,0.019320,0.126715,-0.256224,0.043623,0.121744,0.225822,-0.036908,0.031063,-0.196660,-0.222666,0.191793,-0.236295,-0.136715,0.127427,-0.632680,0.677303,1.165010,1.205051,-0.156836,0.077114,0.069365,-0.040304,0.122205,-0.098683
0.091322,0.033282,0.001509,0.086031,-0.154664,0.018413,0.124868,-0.263138,0.043876,0.121882,0.219688,-0.042880,0.029060,-0.195972,-0.223175,0.192019,-0.239924,-0.133897,0.126773,-0.631565,0.692914,1.163277,1.213482,-0.156207,0.077709,0.068535,-0.035266,0.123723,-0.087343
0.093704,0.040965,-0.000136,0.085450,-0.154550,0.017338,0.123771,-0.269137,0.044028,0.122064,0.214781,-0.048780,0.026857,-0.195231,-0.223811,0.191680,-0.244107,-0.129551,0.126233,-0.629464,0.709463,1.162780,1.220795,-0.156982,0.077624,0.068003,-0.030719,0.124496,-0.076769
0.096690,0.046165,-0.000725,0.084233,-0.154813,0.016401,0.123967,-0.271815,0.044478,0.122366,0.213032,-0.053884,0.024828,-0.196251,-0.225295,0.189930,-0.248752,-0.123676,0.125412,-0.624920,0.719889,1.164759,1.224066,-0.159340,0.067566,0.068961,-0.025069,0.125195,-0.071167
0.099736,0.051027,-0.001092,0.083035,-0.155163,0.015637,0.125170,-0.273824,0.045175,0.123398,0.211962,-0.058355,0.022942,-0.198288,-0.227012,0.187995,-0.253314,-0.117249,0.124632,-0.619662,0.727136,1.166350,1.226314,-0.160748,0.058303,0.070334,-0.020020,0.125505,-0.067832
0.102901,0.055214,-0.001019,0.081874,-0.155687,0.015222,0.128386,-0.274494,0.046364,0.125891,0.212248,-0.061564,0.021343,-0.202356,-0.229195,0.185691,-0.257713,-0.109721,0.123936,-0.612978,0.728024,1.167163,1.226515,-0.160258,0.050629,0.072536,-0.016170,0.125033,-0.069030
0.104792,0.058692,-0.001228,0.081131,-0.156110,0.015273,0.131844,-0.274991,0.047681,0.130250,0.212784,-0.064167,0.019727,-0.207886,-0.231004,0.183632,-0.262096,-0.101257,0.123588,-0.608279,0.723641,1.166790,1.224464,-0.160827,0.049379,0.074217,-0.014559,0.124476,-0.072033
0.106047,0.061815,-0.001580,0.080597,-0.156481,0.015557,0.135422,-0.275401,0.049061,0.135544,0.213444,-0.066468,0.018101,-0.214146,-0.232625,0.181695,-0.266473,-0.092325,0.123415,-0.604573,0.716621,1.165824,1.221289,-0.161926,0.051339,0.075638,-0.014067,0.123876,-0.075938
0.107328,0.065336,-0.002174,0.081607,-0.154916,0.016801,0.138171,-0.275737,0.049489,0.138491,0.210423,-0.067253,0.016700,-0.219209,-0.232184,0.180961,-0.269929,-0.087765,0.123313,-0.605443,0.705344,1.164065,1.214897,-0.160551,0.055368,0.075110,-0.014330,0.122812,-0.080295
