pelvis_qw,pelvis_qx,pelvis_qy,pelvis_qz,left_hip_roll_link_qw,left_hip_roll_link_qx,left_hip_roll_link_qy,left_hip_roll_link_qz,left_knee_link_qw,left_knee_link_qx,left_knee_link_qy,left_knee_link_qz,left_ankle_roll_link_qw,left_ankle_roll_link_qx,left_ankle_roll_link_qy,left_ankle_roll_link_qz,right_hip_roll_link_qw,right_hip_roll_link_qx,right_hip_roll_link_qy,right_hip_roll_link_qz,right_knee_link_qw,right_knee_link_qx,right_knee_link_qy,right_knee_link_qz,right_ankle_roll_link_qw,right_ankle_roll_link_qx,right_ankle_roll_link_qy,right_ankle_roll_link_qz,torso_link_qw,torso_link_qx,torso_link_qy,torso_link_qz,left_shoulder_roll_link_qw,left_shoulder_roll_link_qx,left_shoulder_roll_link_qy,left_shoulder_roll_link_qz,left_elbow_link_qw,left_elbow_link_qx,left_elbow_link_qy,left_elbow_link_qz,left_wrist_yaw_link_qw,left_wrist_yaw_link_qx,left_wrist_yaw_link_qy,left_wrist_yaw_link_qz,right_shoulder_roll_link_qw,right_shoulder_roll_link_qx,right_shoulder_roll_link_qy,right_shoulder_roll_link_qz,right_elbow_link_qw,right_elbow_link_qx,right_elbow_link_qy,right_elbow_link_qz,right_wrist_yaw_link_qw,right_wrist_yaw_link_qx,right_wrist_yaw_link_qy,right_wrist_yaw_link_qz
0.670661,0.110950,0.097150,-0.726956,0.626928,-0.284407,-0.378444,-0.618752,0.709906,0.215675,0.095708,-0.663595,0.715437,-0.021611,0.013230,-0.698217,0.569653,-0.387963,-0.289501,-0.664206,0.626393,0.128960,0.185661,-0.746010,0.652054,0.017286,-0.008338,-0.757930,0.605473,0.273247,0.289516,-0.689144,0.595130,0.078951,0.012973,-0.799637,0.489638,0.168794,0.075076,-0.852131,0.589496,0.226965,0.050235,-0.773600,0.737466,0.007642,0.048694,-0.673583,0.831324,0.058512,0.112953,-0.541035,0.732021,-0.033911,0.198621,-0.650804
0.670476,0.111248,0.097370,-0.727052,0.626850,-0.284362,-0.378500,-0.618818,0.709891,0.215851,0.095886,-0.663527,0.715444,-0.021530,0.013099,-0.698215,0.569544,-0.387981,-0.289634,-0.664231,0.626383,0.129076,0.185792,-0.745966,0.652073,0.017182,-0.008026,-0.757919,0.605015,0.273344,0.289938,-0.689330,0.594772,0.079415,0.013079,-0.799855,0.489713,0.168716,0.074900,-0.852119,0.589716,0.226676,0.050174,-0.773522,0.737277,0.008052,0.048457,-0.673803,0.831335,0.059002,0.112820,-0.540992,0.731547,-0.034299,0.199208,-0.651136
0.670343,0.111551,0.097517,-0.727109,0.626764,-0.284288,-0.378560,-0.618901,0.709888,0.216032,0.096099,-0.663441,0.715469,-0.021508,0.013058,-0.698191,0.569405,-0.388010,-0.289765,-0.664276,0.626335,0.129264,0.185985,-0.745926,0.652076,0.017129,-0.007831,-0.757920,0.604737,0.273504,0.290220,-0.689392,0.594550,0.079786,0.013113,-0.799983,0.489842,0.168632,0.074703,-0.852078,0.589709,0.226507,0.049943,-0.773591,0.737175,0.008463,0.048245,-0.673924,0.831387,0.059479,0.112700,-0.540886,0.731202,-0.034453,0.199345,-0.651474
0.670316,0.111863,0.097515,-0.727086,0.626666,-0.284156,-0.378628,-0.619020,0.709908,0.216222,0.096378,-0.663317,0.715530,-0.021602,0.013198,-0.698124,0.569208,-0.388060,-0.289893,-0.664360,0.626211,0.129596,0.186301,-0.745893,0.652043,0.017179,-0.007870,-0.757946,0.604818,0.273792,0.290224,-0.689205,0.594601,0.079975,0.013005,-0.799928,0.490079,0.168539,0.074465,-0.851982,0.589250,0.226581,0.049372,-0.773956,0.737248,0.008877,0.048083,-0.673851,0.831519,0.059929,0.112605,-0.540653,0.731110,-0.034132,0.198585,-0.651826
0.670346,0.112158,0.097358,-0.727034,0.626509,-0.284040,-0.378697,-0.619190,0.709890,0.216471,0.096738,-0.663203,0.715561,-0.021626,0.013221,-0.698091,0.568930,-0.388143,-0.290038,-0.664486,0.626044,0.129935,0.186693,-0.745876,0.651997,0.017131,-0.007876,-0.757987,0.604874,0.274091,0.290061,-0.689105,0.594572,0.080125,0.012783,-0.799938,0.490191,0.168598,0.074198,-0.851928,0.588657,0.226813,0.048787,-0.774376,0.737261,0.009203,0.047715,-0.673859,0.831639,0.060294,0.112362,-0.540477,0.731395,-0.033696,0.198281,-0.651621
0.670403,0.112444,0.097123,-0.726968,0.626322,-0.283932,-0.378766,-0.619386,0.709853,0.216748,0.097138,-0.663093,0.715577,-0.021615,0.013187,-0.698075,0.568611,-0.388243,-0.290192,-0.664634,0.625856,0.130280,0.187123,-0.745866,0.651944,0.017035,-0.007866,-0.758035,0.604918,0.274396,0.289816,-0.689048,0.594502,0.080255,0.012505,-0.799981,0.490241,0.168734,0.073917,-0.851897,0.587997,0.227125,0.048197,-0.774823,0.737243,0.009484,0.047243,-0.673907,0.831755,0.060616,0.112045,-0.540329,0.731868,-0.033204,0.198206,-0.651138
0.670132,0.112429,0.096980,-0.727240,0.626183,-0.283785,-0.378830,-0.619554,0.709793,0.217224,0.097593,-0.662935,0.715586,-0.021605,0.013243,-0.698065,0.568373,-0.388299,-0.290368,-0.664727,0.625723,0.130673,0.187514,-0.745811,0.651904,0.017034,-0.007442,-0.758074,0.605092,0.274610,0.289432,-0.688972,0.594534,0.080305,0.012216,-0.799957,0.490400,0.168911,0.073699,-0.851790,0.588249,0.227421,0.048127,-0.774549,0.737241,0.009935,0.046720,-0.673940,0.831845,0.061051,0.111579,-0.540237,0.732065,-0.032991,0.199130,-0.650645
0.669860,0.112481,0.096881,-0.727495,0.626052,-0.283603,-0.378873,-0.619744,0.709744,0.217648,0.098022,-0.662785,0.715603,-0.021581,0.013293,-0.698047,0.568159,-0.388305,-0.290505,-0.664847,0.625619,0.130981,0.187847,-0.745760,0.651884,0.017020,-0.007173,-0.758094,0.605272,0.274925,0.289047,-0.688850,0.594564,0.080426,0.011931,-0.799927,0.490558,0.169138,0.073483,-0.851672,0.588550,0.227710,0.048162,-0.774234,0.737251,0.010464,0.046145,-0.673960,0.831904,0.061556,0.111048,-0.540199,0.732129,-0.032782,0.199677,-0.650417
0.669588,0.112669,0.096870,-0.727718,0.625936,-0.283350,-0.378873,-0.619977,0.709718,0.217970,0.098397,-0.662652,0.715639,-0.021528,0.013334,-0.698011,0.567990,-0.388210,-0.290564,-0.665021,0.625573,0.131121,0.188064,-0.745719,0.651907,0.016979,-0.007214,-0.758075,0.605464,0.275442,0.288657,-0.688638,0.594587,0.080689,0.011653,-0.799887,0.490714,0.169466,0.073270,-0.851535,0.588945,0.227989,0.048408,-0.773836,0.737288,0.011153,0.045465,-0.673955,0.831897,0.062205,0.110389,-0.540270,0.731928,-0.032582,0.199471,-0.650716
0.669495,0.112840,0.096939,-0.727768,0.625933,-0.283147,-0.378780,-0.620130,0.709694,0.218172,0.098679,-0.662570,0.715663,-0.021481,0.013367,-0.697987,0.567962,-0.388110,-0.290483,-0.665139,0.625503,0.131315,0.188307,-0.745683,0.651900,0.017052,-0.007184,-0.758079,0.605616,0.275869,0.288421,-0.688432,0.594633,0.080999,0.011565,-0.799823,0.490853,0.169976,0.073344,-0.851347,0.589299,0.227686,0.048461,-0.773652,0.737339,0.011775,0.044960,-0.673923,0.831864,0.062682,0.109702,-0.540406,0.731907,-0.031933,0.198977,-0.650923
0.669490,0.113002,0.097048,-0.727733,0.625986,-0.282968,-0.378642,-0.620242,0.709670,0.218314,0.098914,-0.662513,0.715681,-0.021439,0.013396,-0.697970,0.568005,-0.388005,-0.290332,-0.665229,0.625422,0.131536,0.188562,-0.745647,0.651878,0.017184,-0.007117,-0.758096,0.605748,0.276249,0.288262,-0.688230,0.594691,0.081332,0.011572,-0.799746,0.490984,0.170578,0.073562,-0.851133,0.589631,0.227092,0.048417,-0.773576,0.737397,0.012364,0.044541,-0.673876,0.831817,0.063072,0.109002,-0.540575,0.731976,-0.031059,0.198340,-0.651082
0.669575,0.113100,0.097181,-0.727622,0.626135,-0.282753,-0.378398,-0.620339,0.709642,0.218377,0.099055,-0.662501,0.715685,-0.021183,0.013198,-0.697977,0.568208,-0.387772,-0.289941,-0.665362,0.625364,0.131611,0.188675,-0.745654,0.651854,0.017137,-0.007039,-0.758118,0.605881,0.276641,0.288048,-0.688045,0.594724,0.081774,0.011499,-0.799677,0.491058,0.171433,0.073789,-0.850898,0.589070,0.227040,0.047617,-0.774069,0.737405,0.013009,0.044261,-0.673874,0.831685,0.063492,0.108339,-0.540862,0.731716,-0.030742,0.197150,-0.651751
0.669591,0.113173,0.097318,-0.727578,0.626284,-0.282486,-0.378117,-0.620481,0.709607,0.218422,0.099166,-0.662507,0.715670,-0.021089,0.013137,-0.697996,0.568407,-0.387518,-0.289551,-0.665510,0.625323,0.131642,0.188747,-0.745665,0.651834,0.017104,-0.006977,-0.758137,0.606009,0.276992,0.287855,-0.687872,0.594762,0.082107,0.011411,-0.799616,0.491048,0.172176,0.073982,-0.850738,0.588416,0.226885,0.046927,-0.774653,0.737419,0.013618,0.043970,-0.673865,0.831542,0.063878,0.107676,-0.541168,0.731415,-0.030304,0.195934,-0.652475
0.669470,0.113193,0.097464,-0.727666,0.626437,-0.282114,-0.377762,-0.620713,0.709557,0.218429,0.099219,-0.662551,0.715619,-0.021319,0.013352,-0.698037,0.568599,-0.387222,-0.289162,-0.665687,0.625316,0.131590,0.188740,-0.745682,0.651823,0.017098,-0.006948,-0.758147,0.606127,0.277262,0.287703,-0.687723,0.594810,0.082223,0.011296,-0.799571,0.490869,0.172693,0.074107,-0.850725,0.587583,0.226523,0.046458,-0.775420,0.737447,0.014154,0.043656,-0.673844,0.831379,0.064195,0.107011,-0.541513,0.731037,-0.029623,0.194662,-0.653310
0.669270,0.113361,0.097622,-0.727803,0.626547,-0.281605,-0.377381,-0.621065,0.709521,0.218381,0.099236,-0.662602,0.715577,-0.021479,0.013455,-0.698074,0.568720,-0.386871,-0.288760,-0.665963,0.625301,0.131465,0.188636,-0.745742,0.651781,0.016978,-0.006808,-0.758187,0.606203,0.277621,0.287620,-0.687546,0.594825,0.082421,0.011172,-0.799541,0.490758,0.173149,0.074149,-0.850693,0.586081,0.225219,0.046512,-0.776931,0.737508,0.014560,0.043302,-0.673791,0.831250,0.064409,0.106385,-0.541809,0.731027,-0.029100,0.194069,-0.653522
0.669031,0.113603,0.097786,-0.727963,0.626634,-0.281026,-0.376988,-0.621477,0.709494,0.218305,0.099235,-0.662656,0.715539,-0.021603,0.013503,-0.698108,0.568805,-0.386493,-0.288351,-0.666287,0.625283,0.131304,0.188483,-0.745825,0.651724,0.016801,-0.006613,-0.758241,0.606258,0.278024,0.287573,-0.687354,0.594824,0.082660,0.011044,-0.799518,0.490680,0.173573,0.074149,-0.850651,0.584240,0.223443,0.046821,-0.778810,0.737585,0.014900,0.042929,-0.673724,0.831138,0.064571,0.105779,-0.542081,0.731202,-0.028655,0.193814,-0.653421
0.668752,0.113826,0.098023,-0.728152,0.626771,-0.280399,-0.376567,-0.621878,0.709517,0.218091,0.099150,-0.662715,0.715584,-0.021183,0.013324,-0.698078,0.569037,-0.385926,-0.287828,-0.666643,0.625407,0.130899,0.188170,-0.745871,0.651747,0.017002,-0.006839,-0.758215,0.606182,0.278453,0.287549,-0.687258,0.594682,0.082877,0.010758,-0.799605,0.490333,0.173997,0.073966,-0.850781,0.581478,0.221803,0.046314,-0.781372,0.737552,0.015208,0.042701,-0.673767,0.831041,0.064797,0.105425,-0.542272,0.731378,-0.028785,0.193708,-0.653249
0.668440,0.114061,0.098278,-0.728368,0.626911,-0.279728,-0.376132,-0.622302,0.709547,0.217864,0.099048,-0.662773,0.715617,-0.020994,0.013261,-0.698051,0.569245,-0.385381,-0.287294,-0.667011,0.625500,0.130505,0.187837,-0.745946,0.651735,0.017134,-0.006968,-0.758221,0.606073,0.278833,0.287609,-0.687175,0.594540,0.083077,0.010546,-0.799693,0.489999,0.174360,0.073834,-0.850910,0.578598,0.220317,0.045619,-0.783967,0.737521,0.015467,0.042563,-0.673804,0.830979,0.065004,0.105196,-0.542385,0.731499,-0.028803,0.193530,-0.653166
0.668061,0.114320,0.098570,-0.728635,0.627061,-0.278973,-0.375667,-0.622771,0.709592,0.217611,0.098913,-0.662828,0.715626,-0.021267,0.013429,-0.698030,0.569401,-0.384878,-0.286741,-0.667406,0.625531,0.130131,0.187465,-0.746079,0.651654,0.017127,-0.006902,-0.758292,0.605899,0.279113,0.287838,-0.687119,0.594397,0.083242,0.010480,-0.799783,0.489692,0.174603,0.073804,-0.851039,0.575496,0.219140,0.044559,-0.786636,0.737494,0.015628,0.042603,-0.673828,0.830990,0.065176,0.105218,-0.542344,0.731509,-0.028593,0.193207,-0.653259
0.667816,0.114644,0.098884,-0.728766,0.627217,-0.278316,-0.375207,-0.623184,0.709622,0.217327,0.098762,-0.662912,0.715643,-0.021209,0.013425,-0.698015,0.569621,-0.384346,-0.286192,-0.667761,0.625614,0.129742,0.187129,-0.746161,0.651641,0.017197,-0.007079,-0.758300,0.605616,0.279409,0.288141,-0.687121,0.594169,0.083466,0.010503,-0.799929,0.489497,0.174689,0.073744,-0.851139,0.571947,0.217998,0.043345,-0.789604,0.737415,0.015713,0.042708,-0.673905,0.831074,0.065235,0.105245,-0.542202,0.731546,-0.028475,0.193069,-0.653264
0.667638,0.115000,0.099209,-0.728829,0.627376,-0.277709,-0.374749,-0.623570,0.709645,0.217027,0.098604,-0.663009,0.715663,-0.020985,0.013337,-0.698003,0.569873,-0.383798,-0.285644,-0.668095,0.625724,0.129344,0.186811,-0.746218,0.651662,0.017306,-0.007377,-0.758276,0.605278,0.279713,0.288482,-0.687151,0.593899,0.083718,0.010570,-0.800102,0.489358,0.174694,0.073669,-0.851225,0.568161,0.216881,0.042049,-0.792709,0.737311,0.015759,0.042845,-0.674009,0.831195,0.065237,0.105274,-0.542011,0.731597,-0.028402,0.193024,-0.653224
0.667668,0.115408,0.099533,-0.728693,0.627572,-0.277210,-0.374344,-0.623838,0.709701,0.216661,0.098394,-0.663099,0.715699,-0.020913,0.013333,-0.697968,0.570114,-0.383392,-0.285132,-0.668342,0.625764,0.129083,0.186636,-0.746274,0.651646,0.017325,-0.007357,-0.758290,0.604782,0.279869,0.289043,-0.687288,0.593529,0.084064,0.010560,-0.800341,0.489072,0.174504,0.073342,-0.851457,0.563717,0.216781,0.040632,-0.795976,0.737167,0.015541,0.043220,-0.674148,0.831366,0.064990,0.105540,-0.541727,0.731951,-0.028837,0.194188,-0.652463
0.667641,0.115719,0.099861,-0.728624,0.627771,-0.276748,-0.373955,-0.624077,0.709742,0.216364,0.098215,-0.663179,0.715722,-0.020930,0.013434,-0.697942,0.570372,-0.382992,-0.284641,-0.668560,0.625817,0.128834,0.186438,-0.746322,0.651636,0.017354,-0.007334,-0.758298,0.604338,0.279993,0.289542,-0.687419,0.593198,0.084207,0.010511,-0.800572,0.488766,0.174229,0.073018,-0.851716,0.559234,0.217192,0.038596,-0.799122,0.737046,0.015274,0.043539,-0.674265,0.831516,0.064763,0.105878,-0.541458,0.732345,-0.029159,0.194983,-0.651768
0.667497,0.115840,0.100195,-0.728690,0.627974,-0.276358,-0.373599,-0.624259,0.709750,0.216207,0.098096,-0.663240,0.715719,-0.021122,0.013743,-0.697933,0.570666,-0.382606,-0.284189,-0.668722,0.625896,0.128608,0.186194,-0.746355,0.651638,0.017401,-0.007306,-0.758296,0.603996,0.280053,0.289914,-0.687538,0.592946,0.083948,0.010384,-0.800787,0.488420,0.173787,0.072703,-0.852032,0.554695,0.218619,0.035329,-0.802042,0.736971,0.014911,0.043746,-0.674343,0.831624,0.064577,0.106360,-0.541219,0.732826,-0.029254,0.195042,-0.651206
0.667411,0.116024,0.100550,-0.728691,0.628184,-0.275986,-0.373322,-0.624377,0.709812,0.216060,0.098013,-0.663233,0.715751,-0.021438,0.013936,-0.697887,0.570929,-0.382287,-0.283791,-0.668849,0.625960,0.128419,0.186025,-0.746376,0.651653,0.017376,-0.007303,-0.758283,0.603701,0.280189,0.290285,-0.687586,0.592719,0.083835,0.010087,-0.800971,0.487882,0.173417,0.072180,-0.852460,0.550961,0.218642,0.033365,-0.804689,0.736934,0.014466,0.044108,-0.674369,0.831635,0.064268,0.106898,-0.541133,0.733412,-0.028718,0.194147,-0.650837
0.667354,0.116241,0.100915,-0.728659,0.628397,-0.275623,-0.373086,-0.624465,0.709902,0.215916,0.097947,-0.663193,0.715801,-0.021814,0.014070,-0.697822,0.571177,-0.382001,-0.283420,-0.668958,0.626016,0.128249,0.185892,-0.746391,0.651676,0.017315,-0.007312,-0.758265,0.603429,0.280363,0.290654,-0.687598,0.592504,0.083795,0.009705,-0.801139,0.487248,0.173083,0.071555,-0.852943,0.547626,0.217963,0.032046,-0.807200,0.736917,0.013981,0.044546,-0.674369,0.831597,0.063898,0.107464,-0.541123,0.734047,-0.027869,0.192774,-0.650566
0.667450,0.116587,0.101179,-0.728479,0.628501,-0.275438,-0.372852,-0.624581,0.709904,0.215714,0.097868,-0.663269,0.715818,-0.021466,0.013901,-0.697818,0.571312,-0.381823,-0.283124,-0.669070,0.625988,0.128206,0.185881,-0.746425,0.651629,0.017422,-0.007221,-0.758303,0.603001,0.280487,0.291131,-0.687720,0.592176,0.083676,0.009440,-0.801397,0.486508,0.172697,0.071043,-0.853486,0.545527,0.217973,0.030546,-0.808675,0.736803,0.013474,0.045104,-0.674466,0.831451,0.063488,0.108070,-0.541276,0.734554,-0.028534,0.192427,-0.650067
0.667568,0.116944,0.101415,-0.728281,0.628593,-0.275260,-0.372635,-0.624697,0.709908,0.215527,0.097803,-0.663335,0.715832,-0.021197,0.013764,-0.697815,0.571427,-0.381659,-0.282855,-0.669179,0.625961,0.128169,0.185909,-0.746447,0.651600,0.017468,-0.007135,-0.758328,0.602605,0.280599,0.291605,-0.687821,0.591883,0.083552,0.009197,-0.801629,0.485846,0.172356,0.070590,-0.853970,0.543397,0.217916,0.029186,-0.810174,0.736710,0.013003,0.045644,-0.674541,0.831332,0.063090,0.108626,-0.541394,0.734738,-0.029215,0.191882,-0.649991
0.667729,0.117323,0.101591,-0.728047,0.628659,-0.275096,-0.372455,-0.624810,0.709914,0.215370,0.097769,-0.663384,0.715841,-0.021084,0.013688,-0.697811,0.571500,-0.381524,-0.282642,-0.669284,0.625937,0.128143,0.186015,-0.746445,0.651608,0.017391,-0.007058,-0.758324,0.602271,0.280687,0.292073,-0.687879,0.591659,0.083419,0.008998,-0.801811,0.485341,0.172105,0.070251,-0.854335,0.541207,0.217726,0.028108,-0.811727,0.736658,0.012604,0.046148,-0.674572,0.831270,0.062716,0.109081,-0.541441,0.734273,-0.029924,0.190939,-0.650761
0.667694,0.117662,0.101872,-0.727985,0.628688,-0.274981,-0.372329,-0.624906,0.709892,0.215319,0.097748,-0.663428,0.715826,-0.020983,0.013675,-0.697830,0.571550,-0.381415,-0.282533,-0.669349,0.625955,0.128091,0.185995,-0.746445,0.651621,0.017328,-0.007002,-0.758314,0.601910,0.280761,0.292611,-0.687936,0.591439,0.083191,0.008909,-0.801997,0.484986,0.171877,0.070089,-0.854596,0.539968,0.216769,0.026838,-0.812850,0.736617,0.012136,0.046709,-0.674586,0.831116,0.062193,0.109456,-0.541662,0.734556,-0.031403,0.191925,-0.650082
0.667561,0.117982,0.102207,-0.728009,0.628699,-0.274892,-0.372229,-0.624994,0.709854,0.215322,0.097732,-0.663470,0.715798,-0.020888,0.013693,-0.697861,0.571589,-0.381319,-0.282478,-0.669394,0.625992,0.128026,0.185911,-0.746445,0.651637,0.017273,-0.006956,-0.758302,0.601536,0.280827,0.293183,-0.687993,0.591223,0.082915,0.008874,-0.802185,0.484706,0.171660,0.070014,-0.854805,0.539203,0.215427,0.025471,-0.813758,0.736581,0.011634,0.047298,-0.674593,0.830916,0.061595,0.109790,-0.541970,0.735202,-0.033262,0.193881,-0.648677
0.667365,0.118149,0.102424,-0.728130,0.628691,-0.274791,-0.372219,-0.625052,0.709865,0.215418,0.097862,-0.663408,0.715828,-0.020819,0.013611,-0.697833,0.571577,-0.381261,-0.282418,-0.669462,0.625992,0.127968,0.185925,-0.746452,0.651639,0.017206,-0.006847,-0.758303,0.601243,0.280898,0.293487,-0.688090,0.591012,0.082759,0.008851,-0.802357,0.484566,0.171390,0.069875,-0.854950,0.539589,0.214751,0.024437,-0.813713,0.736533,0.011168,0.047487,-0.674641,0.830856,0.061520,0.110590,-0.541907,0.735387,-0.035442,0.193802,-0.648376
0.667199,0.118334,0.102669,-0.728218,0.628681,-0.274748,-0.372213,-0.625085,0.709857,0.215521,0.097987,-0.663365,0.715837,-0.020848,0.013642,-0.697823,0.571572,-0.381232,-0.282390,-0.669495,0.625991,0.127949,0.185955,-0.746448,0.651645,0.017226,-0.006857,-0.758297,0.600949,0.280968,0.293832,-0.688172,0.590813,0.082664,0.008882,-0.802514,0.484553,0.171104,0.069763,-0.855024,0.539779,0.214246,0.023664,-0.813743,0.736487,0.010730,0.047758,-0.674678,0.830833,0.061348,0.111258,-0.541825,0.735888,-0.038133,0.194474,-0.647452
0.667092,0.118554,0.102966,-0.728238,0.628669,-0.274820,-0.372214,-0.625064,0.709809,0.215641,0.098098,-0.663360,0.715801,-0.021071,0.013898,-0.697848,0.571579,-0.381257,-0.282424,-0.669460,0.625991,0.128011,0.186017,-0.746423,0.651659,0.017418,-0.007106,-0.758279,0.600648,0.281039,0.294259,-0.688222,0.590636,0.082693,0.009019,-0.802639,0.484793,0.170787,0.069702,-0.854956,0.539579,0.214087,0.023411,-0.813924,0.736449,0.010347,0.048192,-0.674695,0.830883,0.060982,0.111660,-0.541707,0.737007,-0.041847,0.196659,-0.645287
0.667137,0.118740,0.103128,-0.728144,0.628644,-0.274967,-0.372270,-0.624992,0.709777,0.215786,0.098311,-0.663315,0.715805,-0.020958,0.013819,-0.697849,0.571556,-0.381345,-0.282446,-0.669421,0.625928,0.128153,0.186218,-0.746400,0.651653,0.017450,-0.007147,-0.758282,0.600376,0.281055,0.294591,-0.688311,0.590465,0.082770,0.009186,-0.802755,0.484766,0.170668,0.069758,-0.854990,0.540044,0.213855,0.022527,-0.813702,0.736393,0.009961,0.048533,-0.674738,0.831019,0.060661,0.112076,-0.541449,0.737946,-0.044520,0.197423,-0.643800
0.667257,0.118909,0.103222,-0.727993,0.628610,-0.275151,-0.372353,-0.624895,0.709753,0.215943,0.098574,-0.663251,0.715828,-0.020677,0.013573,-0.697838,0.571516,-0.381464,-0.282462,-0.669380,0.625835,0.128336,0.186488,-0.746380,0.651639,0.017403,-0.007085,-0.758296,0.600118,0.281044,0.294875,-0.688420,0.590297,0.082870,0.009369,-0.802867,0.484605,0.170647,0.069873,-0.855076,0.540840,0.213583,0.021329,-0.813277,0.736328,0.009573,0.048828,-0.674793,0.831197,0.060364,0.112500,-0.541121,0.738801,-0.046676,0.197475,-0.642649
0.667280,0.118924,0.103431,-0.727940,0.628632,-0.275426,-0.372568,-0.624624,0.709778,0.216190,0.098788,-0.663112,0.715898,-0.020698,0.013761,-0.697763,0.571530,-0.381667,-0.282611,-0.669190,0.625785,0.128607,0.186729,-0.746315,0.651658,0.017399,-0.007033,-0.758281,0.600028,0.281049,0.295072,-0.688411,0.590275,0.083008,0.009594,-0.802866,0.484654,0.170543,0.069990,-0.855060,0.541204,0.213431,0.020849,-0.813087,0.736368,0.009322,0.048948,-0.674744,0.831419,0.060224,0.112825,-0.540728,0.739566,-0.047609,0.196674,-0.641946
0.667282,0.118928,0.103592,-0.727915,0.628613,-0.275721,-0.372774,-0.624390,0.709764,0.216486,0.099052,-0.662991,0.715930,-0.020659,0.013814,-0.697729,0.571506,-0.381877,-0.282775,-0.669021,0.625724,0.128882,0.186983,-0.746255,0.651669,0.017424,-0.007017,-0.758271,0.599954,0.281038,0.295234,-0.688411,0.590257,0.083149,0.009788,-0.802861,0.484671,0.170465,0.070088,-0.855058,0.541431,0.213332,0.020537,-0.812970,0.736403,0.009062,0.049063,-0.674701,0.831664,0.060032,0.113083,-0.540318,0.740192,-0.049032,0.196220,-0.641256
0.667240,0.118908,0.103657,-0.727947,0.628513,-0.276056,-0.372963,-0.624230,0.709673,0.216878,0.099418,-0.662906,0.715889,-0.020499,0.013597,-0.697781,0.571407,-0.382099,-0.282972,-0.668895,0.625639,0.129164,0.187264,-0.746207,0.651662,0.017507,-0.007070,-0.758275,0.599913,0.280992,0.295323,-0.688427,0.590250,0.083295,0.009921,-0.802850,0.484626,0.170440,0.070150,-0.855083,0.541382,0.213340,0.020559,-0.813000,0.736430,0.008783,0.049166,-0.674667,0.831957,0.059737,0.113207,-0.539874,0.740539,-0.051435,0.196459,-0.640593
0.667175,0.118901,0.103744,-0.727996,0.628415,-0.276381,-0.373199,-0.624043,0.709616,0.217259,0.099749,-0.662793,0.715889,-0.020400,0.013593,-0.697784,0.571281,-0.382363,-0.283209,-0.668752,0.625539,0.129464,0.187517,-0.746175,0.651633,0.017558,-0.007044,-0.758299,0.599882,0.280935,0.295456,-0.688421,0.590267,0.083395,0.010061,-0.802826,0.484541,0.170644,0.070370,-0.855072,0.541351,0.213563,0.020652,-0.812960,0.736475,0.008537,0.049307,-0.674611,0.832166,0.059443,0.113300,-0.539565,0.740830,-0.053966,0.197139,-0.639839
0.667098,0.118899,0.103842,-0.728052,0.628319,-0.276701,-0.373458,-0.623844,0.709576,0.217634,0.100062,-0.662665,0.715910,-0.020333,0.013696,-0.697763,0.571142,-0.382648,-0.283464,-0.668600,0.625433,0.129772,0.187757,-0.746150,0.651592,0.017594,-0.006980,-0.758333,0.599855,0.280872,0.295610,-0.688403,0.590297,0.083474,0.010205,-0.802794,0.484435,0.170963,0.070670,-0.855044,0.541328,0.213895,0.020780,-0.812884,0.736530,0.008308,0.049468,-0.674543,0.832333,0.059151,0.113376,-0.539323,0.741089,-0.056560,0.198040,-0.639037
0.667182,0.118834,0.103888,-0.727979,0.628277,-0.277075,-0.373742,-0.623550,0.709561,0.217997,0.100346,-0.662519,0.715945,-0.020147,0.013572,-0.697734,0.571058,-0.382959,-0.283649,-0.668415,0.625291,0.130143,0.188110,-0.746116,0.651564,0.017366,-0.006743,-0.758365,0.600059,0.280923,0.295518,-0.688245,0.590445,0.083838,0.010016,-0.802649,0.484333,0.171240,0.070484,-0.855062,0.541179,0.214341,0.021608,-0.812845,0.736680,0.008117,0.049502,-0.674378,0.832490,0.059013,0.113547,-0.539060,0.740806,-0.058272,0.199425,-0.638780
0.667272,0.118750,0.103881,-0.727912,0.628219,-0.277439,-0.373973,-0.623308,0.709509,0.218351,0.100635,-0.662413,0.715946,-0.020001,0.013510,-0.697738,0.570977,-0.383235,-0.283840,-0.668244,0.625175,0.130492,0.188470,-0.746061,0.651558,0.017279,-0.006660,-0.758372,0.600243,0.280951,0.295384,-0.688130,0.590566,0.084139,0.009819,-0.802531,0.484262,0.171562,0.070340,-0.855049,0.541096,0.215292,0.022204,-0.812633,0.736798,0.007942,0.049477,-0.674253,0.832588,0.058885,0.113653,-0.538899,0.740561,-0.059607,0.200793,-0.638513
0.667374,0.118625,0.103769,-0.727855,0.628129,-0.277782,-0.374096,-0.623172,0.709386,0.218686,0.100936,-0.662390,0.715877,-0.019934,0.013570,-0.697810,0.570901,-0.383440,-0.284045,-0.668104,0.625111,0.130797,0.188846,-0.745966,0.651599,0.017473,-0.006884,-0.758331,0.600392,0.280934,0.295166,-0.688101,0.590633,0.084314,0.009608,-0.802466,0.484254,0.171972,0.070280,-0.854976,0.541148,0.217252,0.022336,-0.812073,0.736852,0.007798,0.049331,-0.674207,0.832571,0.058779,0.113630,-0.538943,0.740398,-0.060182,0.202132,-0.638225
0.667443,0.118494,0.103659,-0.727828,0.628088,-0.277978,-0.374265,-0.623025,0.709384,0.218924,0.101194,-0.662274,0.715907,-0.020020,0.013619,-0.697775,0.570816,-0.383638,-0.284199,-0.667998,0.625019,0.131070,0.189144,-0.745920,0.651599,0.017430,-0.006874,-0.758332,0.600695,0.280943,0.294907,-0.687944,0.590840,0.084463,0.009357,-0.802301,0.484029,0.172164,0.070077,-0.855082,0.543103,0.219647,0.023204,-0.810097,0.737007,0.007743,0.049163,-0.674050,0.832538,0.058736,0.113549,-0.539016,0.740062,-0.060380,0.203440,-0.638180
0.667496,0.118360,0.103550,-0.727817,0.628072,-0.278099,-0.374456,-0.622872,0.709444,0.219114,0.101432,-0.662110,0.715987,-0.020183,0.013661,-0.697688,0.570727,-0.383833,-0.284326,-0.667909,0.624913,0.131327,0.189404,-0.745898,0.651579,0.017268,-0.006747,-0.758354,0.601074,0.280964,0.294629,-0.687722,0.591118,0.084600,0.009088,-0.802084,0.483695,0.172247,0.069803,-0.855277,0.545990,0.222270,0.024424,-0.807400,0.737215,0.007732,0.048983,-0.673836,0.832497,0.058724,0.113439,-0.539103,0.739639,-0.060391,0.204732,-0.638257
0.667454,0.118252,0.103609,-0.727865,0.628062,-0.278286,-0.374548,-0.622743,0.709419,0.219262,0.101570,-0.662067,0.715976,-0.020292,0.013740,-0.697695,0.570723,-0.383957,-0.284407,-0.667806,0.624882,0.131437,0.189472,-0.745887,0.651559,0.017436,-0.006844,-0.758366,0.601325,0.281106,0.294402,-0.687543,0.591276,0.084523,0.008767,-0.801980,0.483359,0.171994,0.069360,-0.855553,0.552244,0.223022,0.028957,-0.802776,0.737322,0.007948,0.048830,-0.673728,0.832563,0.058796,0.113091,-0.539066,0.739001,-0.060091,0.204865,-0.638981
0.667446,0.118175,0.103635,-0.727880,0.628046,-0.278454,-0.374678,-0.622605,0.709422,0.219406,0.101699,-0.661996,0.715991,-0.020319,0.013704,-0.697679,0.570689,-0.384101,-0.284501,-0.667713,0.624832,0.131565,0.189566,-0.745882,0.651537,0.017463,-0.006853,-0.758385,0.601606,0.281230,0.294196,-0.687335,0.591470,0.084463,0.008439,-0.801847,0.483190,0.171765,0.068927,-0.855730,0.558029,0.223737,0.033482,-0.798388,0.737469,0.008145,0.048647,-0.673577,0.832661,0.058814,0.112679,-0.538999,0.738443,-0.059673,0.204653,-0.639733
0.667509,0.118162,0.103597,-0.727831,0.628018,-0.278583,-0.374884,-0.622453,0.709480,0.219542,0.101807,-0.661872,0.716058,-0.020180,0.013435,-0.697620,0.570596,-0.384280,-0.284618,-0.667639,0.624745,0.131730,0.189712,-0.745889,0.651509,0.017209,-0.006685,-0.758416,0.601948,0.281319,0.294034,-0.687067,0.591739,0.084437,0.008097,-0.801655,0.483354,0.171586,0.068510,-0.855706,0.562988,0.224282,0.037999,-0.794543,0.737697,0.008305,0.048405,-0.673343,0.832821,0.058727,0.112135,-0.538875,0.738047,-0.059015,0.203753,-0.640538
0.667706,0.118047,0.103476,-0.727686,0.627984,-0.278872,-0.374985,-0.622297,0.709412,0.219703,0.101921,-0.661875,0.716002,-0.020162,0.013381,-0.697679,0.570564,-0.384467,-0.284768,-0.667495,0.624694,0.131951,0.189945,-0.745834,0.651522,0.017261,-0.006687,-0.758404,0.602280,0.281363,0.293744,-0.686883,0.591946,0.084306,0.007504,-0.801521,0.483725,0.171572,0.067964,-0.855543,0.567145,0.225341,0.041642,-0.791096,0.737851,0.008448,0.048158,-0.673191,0.832924,0.058557,0.111472,-0.538872,0.737922,-0.058478,0.202944,-0.640988
0.667970,0.117882,0.103313,-0.727493,0.627946,-0.279240,-0.375034,-0.622140,0.709279,0.219876,0.102036,-0.661941,0.715885,-0.020203,0.013435,-0.697797,0.570561,-0.384658,-0.284936,-0.667316,0.624660,0.132199,0.190222,-0.745747,0.651556,0.017466,-0.006775,-0.758369,0.602606,0.281383,0.293390,-0.686740,0.592123,0.084122,0.006786,-0.801416,0.484199,0.171639,0.067354,-0.855310,0.570890,0.226657,0.044846,-0.787845,0.737967,0.008583,0.047907,-0.673079,0.832997,0.058346,0.110749,-0.538930,0.737932,-0.058004,0.202181,-0.641260
0.668146,0.117594,0.103088,-0.727410,0.627969,-0.279420,-0.375253,-0.621903,0.709342,0.220089,0.102205,-0.661778,0.715958,-0.020310,0.013414,-0.697719,0.570508,-0.384894,-0.285038,-0.667181,0.624515,0.132544,0.190500,-0.745736,0.651506,0.017313,-0.006664,-0.758417,0.603041,0.281194,0.293078,-0.686569,0.592428,0.083872,0.005958,-0.801223,0.485107,0.171964,0.066831,-0.854771,0.573005,0.227166,0.047222,-0.786022,0.738239,0.008281,0.047551,-0.672810,0.833272,0.057864,0.110309,-0.538647,0.738209,-0.057879,0.201779,-0.641079
0.668302,0.117320,0.102873,-0.727342,0.627965,-0.279640,-0.375443,-0.621694,0.709356,0.220317,0.102385,-0.661659,0.715994,-0.020343,0.013409,-0.697681,0.570463,-0.385101,-0.285171,-0.667043,0.624417,0.132845,0.190765,-0.745697,0.651492,0.017259,-0.006637,-0.758430,0.603362,0.280992,0.292811,-0.686484,0.592630,0.083706,0.005147,-0.801097,0.485948,0.172327,0.066300,-0.854261,0.575117,0.226501,0.050326,-0.784477,0.738424,0.007935,0.047329,-0.672627,0.833492,0.057334,0.109950,-0.538438,0.738431,-0.057339,0.201520,-0.640954
0.668417,0.117076,0.102680,-0.727302,0.627907,-0.279937,-0.375572,-0.621542,0.709274,0.220576,0.102585,-0.661629,0.715956,-0.020227,0.013433,-0.697723,0.570437,-0.385250,-0.285365,-0.666896,0.624411,0.133059,0.191003,-0.745603,0.651551,0.017403,-0.006778,-0.758375,0.603457,0.280763,0.292633,-0.686570,0.592628,0.083706,0.004368,-0.801103,0.486655,0.172767,0.065750,-0.853813,0.577243,0.223487,0.054879,-0.783475,0.738437,0.007503,0.047376,-0.672614,0.833602,0.056705,0.109750,-0.538375,0.738542,-0.055967,0.201548,-0.640938
0.668493,0.116968,0.102568,-0.727266,0.627860,-0.280122,-0.375703,-0.621427,0.709248,0.220724,0.102656,-0.661596,0.715937,-0.020290,0.013482,-0.697739,0.570343,-0.385444,-0.285491,-0.666811,0.624319,0.133235,0.191136,-0.745615,0.651499,0.017357,-0.006679,-0.758421,0.603637,0.280635,0.292554,-0.686497,0.592744,0.083735,0.003725,-0.801018,0.487456,0.172865,0.065152,-0.853381,0.578456,0.222463,0.056784,-0.782735,0.738595,0.007118,0.047273,-0.672452,0.833712,0.056290,0.109711,-0.538255,0.738143,-0.054721,0.201291,-0.641586
0.668548,0.116928,0.102498,-0.727231,0.627819,-0.280249,-0.375834,-0.621331,0.709250,0.220817,0.102662,-0.661562,0.715928,-0.020443,0.013543,-0.697744,0.570216,-0.385659,-0.285582,-0.666757,0.624183,0.133393,0.191216,-0.745679,0.651393,0.017215,-0.006460,-0.758518,0.603861,0.280557,0.292525,-0.686345,0.592919,0.083779,0.003149,-0.800886,0.488305,0.172791,0.064529,-0.852958,0.579214,0.222436,0.057365,-0.782140,0.738825,0.006758,0.047096,-0.672215,0.833823,0.055981,0.109752,-0.538107,0.737486,-0.053536,0.200895,-0.642565
0.668610,0.116848,0.102694,-0.727160,0.627906,-0.280466,-0.375840,-0.621141,0.709216,0.220834,0.102593,-0.661604,0.715876,-0.020597,0.013663,-0.697790,0.570399,-0.385674,-0.285622,-0.666574,0.624302,0.133365,0.191174,-0.745596,0.651491,0.017393,-0.006667,-0.758427,0.603898,0.280563,0.292608,-0.686275,0.592931,0.083995,0.002630,-0.800856,0.488411,0.172540,0.063745,-0.853007,0.579625,0.222433,0.056184,-0.781922,0.738917,0.006466,0.047226,-0.672109,0.833855,0.055588,0.109745,-0.538100,0.737303,-0.053150,0.200653,-0.642883
0.668711,0.116831,0.102851,-0.727047,0.627981,-0.280640,-0.375870,-0.620969,0.709222,0.220784,0.102496,-0.661629,0.715863,-0.020606,0.013619,-0.697804,0.570535,-0.385704,-0.285635,-0.666435,0.624378,0.133322,0.191127,-0.745552,0.651546,0.017504,-0.006749,-0.758377,0.603936,0.280538,0.292753,-0.686189,0.592966,0.084255,0.002156,-0.800805,0.488451,0.172425,0.063066,-0.853058,0.579866,0.221895,0.054222,-0.782034,0.739040,0.006103,0.047386,-0.671965,0.833920,0.055099,0.109738,-0.538051,0.737198,-0.053051,0.200773,-0.642974
0.668893,0.116938,0.102929,-0.726852,0.628031,-0.280727,-0.375947,-0.620833,0.709308,0.220597,0.102345,-0.661622,0.715926,-0.020328,0.013248,-0.697754,0.570576,-0.385764,-0.285592,-0.666383,0.624369,0.133249,0.191070,-0.745587,0.651513,0.017480,-0.006581,-0.758408,0.603976,0.280454,0.293022,-0.686073,0.593047,0.084604,0.001769,-0.800709,0.488360,0.172580,0.062598,-0.853113,0.579755,0.220289,0.050698,-0.782807,0.739228,0.005596,0.047605,-0.671747,0.834053,0.054417,0.109734,-0.537915,0.737249,-0.053525,0.201619,-0.642611
0.668942,0.117017,0.102899,-0.726798,0.627982,-0.280772,-0.375920,-0.620877,0.709279,0.220431,0.102164,-0.661737,0.715864,-0.020477,0.013361,-0.697812,0.570527,-0.385794,-0.285688,-0.666366,0.624419,0.133139,0.190999,-0.745583,0.651544,0.017402,-0.006525,-0.758383,0.603900,0.280305,0.293242,-0.686107,0.593007,0.084801,0.001405,-0.800718,0.488198,0.172593,0.062123,-0.853238,0.579174,0.219866,0.046296,-0.783628,0.739302,0.004983,0.047820,-0.671655,0.834145,0.053750,0.109912,-0.537804,0.737624,-0.053264,0.201077,-0.642372
0.668926,0.117081,0.102815,-0.726815,0.627885,-0.280797,-0.375841,-0.621013,0.709192,0.220275,0.101968,-0.661912,0.715737,-0.020838,0.013718,-0.697924,0.570433,-0.385809,-0.285854,-0.666367,0.624499,0.133011,0.190920,-0.745559,0.651608,0.017298,-0.006526,-0.758330,0.603765,0.280123,0.293439,-0.686216,0.592907,0.084922,0.001054,-0.800780,0.488001,0.172534,0.061645,-0.853397,0.578345,0.220032,0.041455,-0.784465,0.739318,0.004317,0.048034,-0.671627,0.834216,0.053090,0.110182,-0.537704,0.738160,-0.052636,0.199841,-0.642194
0.668755,0.116726,0.102553,-0.727066,0.627832,-0.280781,-0.376041,-0.620953,0.709299,0.220325,0.102038,-0.661770,0.715850,-0.020772,0.013567,-0.697813,0.570365,-0.385826,-0.286041,-0.666335,0.624590,0.132930,0.190835,-0.745519,0.651674,0.017348,-0.006646,-0.758271,0.603828,0.279548,0.293466,-0.686384,0.592990,0.084757,0.000636,-0.800736,0.487845,0.172535,0.061280,-0.853512,0.577648,0.217383,0.040908,-0.785744,0.739414,0.003428,0.048096,-0.671522,0.834452,0.052273,0.110502,-0.537351,0.738053,-0.052039,0.199294,-0.642535
0.668559,0.116341,0.102188,-0.727359,0.627711,-0.280790,-0.376225,-0.620959,0.709349,0.220419,0.102146,-0.661669,0.715907,-0.020790,0.013502,-0.697755,0.570195,-0.385913,-0.286253,-0.666340,0.624605,0.132898,0.190788,-0.745525,0.651675,0.017385,-0.006718,-0.758269,0.603746,0.278889,0.293471,-0.686722,0.592931,0.084595,0.000274,-0.800798,0.487549,0.172475,0.060917,-0.853720,0.577514,0.214878,0.040344,-0.786561,0.739374,0.002523,0.048140,-0.671567,0.834599,0.051467,0.110827,-0.537135,0.738087,-0.051635,0.198961,-0.642632
0.668315,0.115895,0.101621,-0.727734,0.627459,-0.280851,-0.376378,-0.621094,0.709282,0.220601,0.102328,-0.661652,0.715854,-0.020977,0.013611,-0.697802,0.569819,-0.386142,-0.286515,-0.666416,0.624465,0.132962,0.190818,-0.745623,0.651546,0.017395,-0.006691,-0.758380,0.603374,0.278064,0.293431,-0.687400,0.592586,0.084439,0.000024,-0.801069,0.486969,0.172294,0.060559,-0.854113,0.578512,0.212662,0.039758,-0.786459,0.739061,0.001586,0.048149,-0.671914,0.834565,0.050683,0.111163,-0.537192,0.738401,-0.051616,0.199054,-0.642244
0.668235,0.115539,0.100597,-0.728006,0.627041,-0.280787,-0.376590,-0.621416,0.709229,0.220761,0.102581,-0.661616,0.715839,-0.020990,0.013637,-0.697817,0.569196,-0.386384,-0.286979,-0.666608,0.624305,0.133094,0.191059,-0.745671,0.651458,0.017426,-0.006731,-0.758454,0.603033,0.277050,0.293286,-0.688170,0.592268,0.084106,-0.000153,-0.801339,0.486810,0.171985,0.060299,-0.854284,0.579190,0.212306,0.038097,-0.786138,0.738745,0.000609,0.047850,-0.672284,0.834512,0.049937,0.111399,-0.537295,0.738325,-0.052056,0.198938,-0.642332
0.668236,0.115227,0.099346,-0.728226,0.626541,-0.280660,-0.376832,-0.621832,0.709184,0.220910,0.102869,-0.661570,0.715843,-0.020917,0.013621,-0.697815,0.568449,-0.386632,-0.287543,-0.666858,0.624134,0.133262,0.191406,-0.745695,0.651392,0.017469,-0.006805,-0.758510,0.602704,0.275943,0.293090,-0.688986,0.591961,0.083686,-0.000293,-0.801610,0.486860,0.171614,0.060090,-0.854345,0.579706,0.212878,0.035895,-0.785707,0.738427,-0.000384,0.047399,-0.672666,0.834449,0.049213,0.111585,-0.537422,0.738053,-0.052723,0.198719,-0.642658
0.668277,0.114490,0.098100,-0.728474,0.626254,-0.280518,-0.376931,-0.622124,0.709136,0.221064,0.103069,-0.661539,0.715823,-0.021020,0.013747,-0.697829,0.568021,-0.386726,-0.287806,-0.667055,0.623997,0.133431,0.191625,-0.745723,0.651323,0.017690,-0.007178,-0.758561,0.602494,0.274561,0.292755,-0.689864,0.591783,0.082890,-0.000254,-0.801824,0.487239,0.171160,0.060213,-0.854211,0.580751,0.212228,0.036272,-0.785094,0.738148,-0.001340,0.046614,-0.673025,0.834179,0.048505,0.111468,-0.537928,0.737661,-0.052635,0.198414,-0.643208
0.668236,0.113781,0.097112,-0.728755,0.626056,-0.280389,-0.377026,-0.622324,0.709131,0.221167,0.103208,-0.661489,0.715839,-0.021042,0.013789,-0.697812,0.567725,-0.386775,-0.288009,-0.667191,0.623934,0.133497,0.191714,-0.745742,0.651285,0.017823,-0.007369,-0.758588,0.602302,0.273354,0.292485,-0.690625,0.591633,0.082118,-0.000145,-0.802014,0.487506,0.170784,0.060446,-0.854117,0.582071,0.211676,0.036742,-0.784243,0.737921,-0.002129,0.045810,-0.673327,0.833830,0.047977,0.111325,-0.538547,0.737225,-0.052212,0.197923,-0.643893
0.668032,0.113130,0.096641,-0.729106,0.626032,-0.280286,-0.377110,-0.622344,0.709207,0.221170,0.103224,-0.661403,0.715924,-0.020901,0.013663,-0.697731,0.567693,-0.386734,-0.288091,-0.667207,0.624016,0.133355,0.191543,-0.745743,0.651308,0.017782,-0.007192,-0.758571,0.602152,0.272492,0.292347,-0.691155,0.591549,0.081390,0.000106,-0.802151,0.487557,0.170559,0.060896,-0.854101,0.583946,0.211322,0.037395,-0.782912,0.737800,-0.002584,0.044968,-0.673515,0.833322,0.047805,0.111131,-0.539388,0.736701,-0.051126,0.197061,-0.644845
0.667870,0.112794,0.096375,-0.729341,0.626009,-0.280147,-0.377031,-0.622477,0.709213,0.220989,0.103032,-0.661487,0.715890,-0.021036,0.013708,-0.697761,0.567688,-0.386627,-0.288115,-0.667263,0.624149,0.133037,0.191267,-0.745759,0.651357,0.017669,-0.007028,-0.758533,0.601943,0.271964,0.292356,-0.691540,0.591426,0.080944,0.000528,-0.802286,0.487702,0.170063,0.061247,-0.854093,0.585285,0.211235,0.038780,-0.781868,0.737694,-0.002663,0.044138,-0.673685,0.832818,0.047746,0.110478,-0.540305,0.735792,-0.050365,0.195975,-0.646272
0.667730,0.112615,0.096212,-0.729519,0.625987,-0.279989,-0.376871,-0.622667,0.709184,0.220718,0.102736,-0.661655,0.715797,-0.021311,0.013837,-0.697846,0.567697,-0.386488,-0.288110,-0.667338,0.624308,0.132632,0.190939,-0.745782,0.651419,0.017520,-0.006871,-0.758484,0.601705,0.271603,0.292438,-0.691854,0.591284,0.080639,0.001035,-0.802421,0.487893,0.169432,0.061549,-0.854087,0.586352,0.211283,0.040531,-0.780966,0.737598,-0.002554,0.043315,-0.673845,0.832314,0.047745,0.109597,-0.541259,0.734689,-0.049766,0.194778,-0.647933
0.667934,0.112475,0.095962,-0.729387,0.626078,-0.279788,-0.376597,-0.622832,0.709191,0.220251,0.102323,-0.661867,0.715710,-0.021680,0.013956,-0.697921,0.567827,-0.386280,-0.287817,-0.667474,0.624372,0.132262,0.190595,-0.745882,0.651392,0.017560,-0.007158,-0.758504,0.601463,0.271189,0.292541,-0.692184,0.591148,0.080230,0.001505,-0.802562,0.487695,0.169020,0.061969,-0.854251,0.586424,0.211713,0.043682,-0.780625,0.737476,-0.002367,0.042607,-0.674023,0.831818,0.047685,0.108572,-0.542234,0.734058,-0.049099,0.192722,-0.649312
0.668102,0.112257,0.095730,-0.729297,0.626200,-0.279583,-0.376380,-0.622932,0.709251,0.219796,0.101945,-0.662012,0.715694,-0.021918,0.014006,-0.697930,0.568003,-0.386057,-0.287561,-0.667564,0.624487,0.131896,0.190268,-0.745934,0.651418,0.017569,-0.007351,-0.758480,0.601255,0.270771,0.292581,-0.692511,0.591023,0.079769,0.001888,-0.802699,0.487357,0.168762,0.062403,-0.854464,0.586306,0.212024,0.046523,-0.780465,0.737367,-0.002186,0.041798,-0.674194,0.831446,0.047626,0.107505,-0.543021,0.733668,-0.048539,0.190970,-0.650312
0.668198,0.111883,0.095532,-0.729292,0.626384,-0.279374,-0.376273,-0.622905,0.709420,0.219365,0.101637,-0.662021,0.715816,-0.021889,0.013918,-0.697807,0.568268,-0.385800,-0.287380,-0.667564,0.624705,0.131535,0.189977,-0.745890,0.651550,0.017516,-0.007359,-0.758368,0.601115,0.270344,0.292495,-0.692836,0.590923,0.079201,0.002093,-0.802828,0.486737,0.168814,0.062865,-0.854773,0.585830,0.212097,0.048739,-0.780668,0.737281,-0.002022,0.040789,-0.674350,0.831328,0.047568,0.106353,-0.543434,0.733767,-0.048191,0.189826,-0.650561
0.668239,0.111465,0.095063,-0.729379,0.626410,-0.279160,-0.376141,-0.623055,0.709462,0.219110,0.101454,-0.662089,0.715838,-0.021766,0.013827,-0.697790,0.568300,-0.385643,-0.287222,-0.667697,0.624749,0.131291,0.189783,-0.745945,0.651534,0.017506,-0.007328,-0.758382,0.601070,0.269837,0.292208,-0.693194,0.590854,0.078594,0.002112,-0.802939,0.485854,0.168768,0.063080,-0.855268,0.584837,0.212704,0.049591,-0.781193,0.737185,-0.002056,0.039820,-0.674514,0.831305,0.047565,0.105667,-0.543603,0.734210,-0.048371,0.189106,-0.650258
0.668252,0.111027,0.094458,-0.729513,0.626357,-0.278942,-0.375997,-0.623293,0.709440,0.218942,0.101333,-0.662186,0.715810,-0.021596,0.013734,-0.697826,0.568214,-0.385535,-0.287075,-0.667895,0.624707,0.131105,0.189637,-0.746050,0.651446,0.017518,-0.007278,-0.758458,0.601070,0.269290,0.291822,-0.693569,0.590799,0.077967,0.002037,-0.803040,0.484839,0.168675,0.063171,-0.855856,0.583586,0.213578,0.049758,-0.781879,0.737082,-0.002190,0.038871,-0.674681,0.831330,0.047590,0.105214,-0.543650,0.734823,-0.048817,0.188599,-0.649678
0.668151,0.110590,0.094012,-0.729730,0.626327,-0.278747,-0.375886,-0.623478,0.709417,0.218902,0.101299,-0.662229,0.715739,-0.022183,0.014028,-0.697874,0.568178,-0.385418,-0.287006,-0.668023,0.624720,0.130996,0.189553,-0.746080,0.651451,0.017707,-0.007890,-0.758443,0.601019,0.268779,0.291540,-0.693929,0.590733,0.077277,0.002124,-0.803155,0.484028,0.167916,0.063088,-0.856470,0.582111,0.213593,0.050002,-0.782958,0.736988,-0.002167,0.037819,-0.674843,0.831570,0.047621,0.104463,-0.543426,0.734962,-0.048735,0.188719,-0.649493
0.668002,0.110221,0.093615,-0.729973,0.626270,-0.278565,-0.375827,-0.623652,0.709408,0.218895,0.101304,-0.662240,0.715703,-0.022558,0.014221,-0.697895,0.568103,-0.385329,-0.287018,-0.668133,0.624754,0.130879,0.189476,-0.746091,0.651472,0.017773,-0.008190,-0.758420,0.600967,0.268365,0.291266,-0.694250,0.590659,0.076696,0.002233,-0.803265,0.483201,0.167192,0.062999,-0.857085,0.580732,0.213432,0.050391,-0.784001,0.736893,-0.002078,0.036821,-0.675003,0.831847,0.047680,0.103693,-0.543143,0.735153,-0.048983,0.188706,-0.649262
0.667762,0.109985,0.093318,-0.730267,0.626155,-0.278411,-0.375875,-0.623807,0.709425,0.218955,0.101388,-0.662190,0.715738,-0.022508,0.014211,-0.697862,0.567951,-0.385292,-0.287192,-0.668208,0.624832,0.130745,0.189416,-0.746065,0.651527,0.017591,-0.007864,-0.758380,0.600912,0.268144,0.291007,-0.694492,0.590568,0.076336,0.002387,-0.803366,0.482345,0.166541,0.062901,-0.857701,0.579544,0.212921,0.051072,-0.784975,0.736792,-0.001860,0.035932,-0.675161,0.832200,0.047795,0.102884,-0.542747,0.735444,-0.049892,0.188428,-0.648943
0.667581,0.109667,0.093104,-0.730507,0.626097,-0.278395,-0.375897,-0.623859,0.709390,0.219083,0.101475,-0.662172,0.715726,-0.022298,0.014063,-0.697883,0.567890,-0.385293,-0.287188,-0.668262,0.624809,0.130693,0.189334,-0.746114,0.651486,0.017559,-0.007871,-0.758417,0.600863,0.267916,0.290741,-0.694733,0.590494,0.075852,0.002656,-0.803465,0.481403,0.166001,0.063038,-0.858325,0.577697,0.213021,0.049970,-0.786379,0.736681,-0.001617,0.035113,-0.675327,0.832557,0.047771,0.101870,-0.542392,0.735861,-0.050265,0.188009,-0.648564
0.667431,0.109309,0.092931,-0.730719,0.626067,-0.278447,-0.375907,-0.623860,0.709328,0.219245,0.101565,-0.662170,0.715692,-0.022006,0.013845,-0.697932,0.567873,-0.385312,-0.287097,-0.668304,0.624737,0.130681,0.189242,-0.746200,0.651396,0.017602,-0.008046,-0.758491,0.600818,0.267686,0.290472,-0.694973,0.590429,0.075307,0.002981,-0.803563,0.480418,0.165516,0.063290,-0.858951,0.575517,0.213423,0.047975,-0.787990,0.736563,-0.001362,0.034329,-0.675495,0.832916,0.047677,0.100752,-0.542058,0.736340,-0.050371,0.187520,-0.648153
0.667484,0.109303,0.092697,-0.730702,0.625972,-0.278427,-0.375879,-0.623981,0.709273,0.219215,0.101521,-0.662246,0.715636,-0.021984,0.013881,-0.697990,0.567758,-0.385323,-0.287253,-0.668328,0.624763,0.130711,0.189308,-0.746156,0.651432,0.017652,-0.008006,-0.758459,0.600823,0.267689,0.290257,-0.695058,0.590403,0.074720,0.003170,-0.803637,0.479720,0.164897,0.063356,-0.859456,0.574784,0.213745,0.047654,-0.788457,0.736506,-0.001002,0.033682,-0.675591,0.832973,0.047886,0.099986,-0.542093,0.737007,-0.050289,0.186145,-0.647798
0.667540,0.109213,0.092439,-0.730697,0.625904,-0.278402,-0.375860,-0.624071,0.709235,0.219209,0.101504,-0.662291,0.715605,-0.021861,0.013834,-0.698026,0.567678,-0.385320,-0.287344,-0.668359,0.624767,0.130751,0.189367,-0.746130,0.651451,0.017642,-0.007932,-0.758444,0.600839,0.267626,0.290005,-0.695173,0.590381,0.074073,0.003332,-0.803711,0.479110,0.164345,0.063461,-0.859894,0.574456,0.213765,0.047505,-0.788700,0.736432,-0.000663,0.033062,-0.675703,0.833035,0.048070,0.099239,-0.542119,0.737450,-0.050042,0.185146,-0.647598
0.667604,0.108957,0.092132,-0.730715,0.625893,-0.278367,-0.375859,-0.624099,0.709232,0.219247,0.101538,-0.662277,0.715626,-0.021537,0.013624,-0.698018,0.567664,-0.385291,-0.287302,-0.668405,0.624731,0.130814,0.189411,-0.746139,0.651432,0.017514,-0.007791,-0.758465,0.600879,0.267433,0.289680,-0.695349,0.590371,0.073305,0.003442,-0.803789,0.478679,0.163927,0.063644,-0.860200,0.574938,0.213182,0.047702,-0.788495,0.736324,-0.000366,0.032496,-0.675849,0.833106,0.048208,0.098530,-0.542127,0.737452,-0.049463,0.184902,-0.647711
0.667545,0.108774,0.091915,-0.730824,0.625867,-0.278266,-0.375884,-0.624155,0.709253,0.219291,0.101540,-0.662239,0.715650,-0.021478,0.013573,-0.697997,0.567631,-0.385235,-0.287340,-0.668450,0.624753,0.130817,0.189356,-0.746133,0.651443,0.017538,-0.007898,-0.758454,0.600833,0.267302,0.289446,-0.695536,0.590298,0.072584,0.003609,-0.803907,0.478423,0.163461,0.063842,-0.860416,0.575023,0.212724,0.048025,-0.788537,0.736190,-0.000039,0.031952,-0.676020,0.833070,0.048484,0.097985,-0.542256,0.737468,-0.049116,0.184531,-0.647824
0.667424,0.108627,0.091743,-0.730977,0.625833,-0.278132,-0.375924,-0.624224,0.709287,0.219339,0.101525,-0.662190,0.715675,-0.021551,0.013602,-0.697968,0.567586,-0.385166,-0.287418,-0.668494,0.624806,0.130791,0.189252,-0.746120,0.651469,0.017639,-0.008128,-0.758426,0.600745,0.267204,0.289256,-0.695729,0.590194,0.071886,0.003803,-0.804046,0.478255,0.162972,0.064048,-0.860587,0.574908,0.212330,0.048409,-0.788703,0.736044,0.000302,0.031419,-0.676204,0.832981,0.048831,0.097522,-0.542446,0.737493,-0.048885,0.184097,-0.647937
0.667334,0.108533,0.091822,-0.731064,0.625894,-0.278082,-0.375924,-0.624186,0.709307,0.219359,0.101420,-0.662177,0.715676,-0.021760,0.013817,-0.697957,0.567646,-0.385150,-0.287415,-0.668453,0.624839,0.130779,0.189158,-0.746118,0.651468,0.017512,-0.007790,-0.758434,0.600618,0.267164,0.289278,-0.695844,0.590109,0.071161,0.004021,-0.804171,0.478426,0.162344,0.064232,-0.860597,0.574719,0.211984,0.048702,-0.788916,0.735948,0.000686,0.031058,-0.676325,0.832878,0.049284,0.097281,-0.542607,0.737345,-0.048674,0.183697,-0.648235
0.667257,0.108471,0.091827,-0.731143,0.625920,-0.277998,-0.375919,-0.624201,0.709324,0.219372,0.101332,-0.662169,0.715675,-0.021878,0.013921,-0.697952,0.567664,-0.385117,-0.287422,-0.668455,0.624860,0.130778,0.189072,-0.746122,0.651460,0.017463,-0.007629,-0.758443,0.600410,0.267088,0.289316,-0.696038,0.589949,0.070484,0.004274,-0.804347,0.478637,0.161754,0.064451,-0.860575,0.574482,0.211571,0.048883,-0.789189,0.735791,0.000999,0.030737,-0.676510,0.832784,0.049624,0.097012,-0.542767,0.737251,-0.048441,0.183424,-0.648437
0.667208,0.108472,0.091685,-0.731205,0.625877,-0.277845,-0.375904,-0.624321,0.709332,0.219369,0.101280,-0.662169,0.715672,-0.021817,0.013803,-0.697959,0.567596,-0.385048,-0.287445,-0.668541,0.624857,0.130797,0.189005,-0.746139,0.651440,0.017572,-0.007824,-0.758457,0.600035,0.266938,0.289383,-0.696391,0.589639,0.069901,0.004598,-0.804623,0.478925,0.161243,0.064738,-0.860488,0.574148,0.211026,0.048836,-0.789580,0.735512,0.001167,0.030497,-0.676824,0.832711,0.049737,0.096689,-0.542927,0.737264,-0.048164,0.183404,-0.648448
0.667247,0.108484,0.091570,-0.731183,0.625875,-0.277725,-0.375908,-0.624374,0.709363,0.219345,0.101186,-0.662158,0.715694,-0.021742,0.013756,-0.697940,0.567584,-0.384977,-0.287466,-0.668584,0.624877,0.130831,0.188955,-0.746129,0.651445,0.017726,-0.008048,-0.758446,0.599730,0.266801,0.289467,-0.696671,0.589396,0.069422,0.004855,-0.804841,0.479156,0.160767,0.064935,-0.860434,0.574109,0.210307,0.049470,-0.789761,0.735308,0.001270,0.030260,-0.677056,0.832713,0.049832,0.096470,-0.542955,0.737358,-0.048104,0.183337,-0.648365
0.667329,0.108502,0.091469,-0.731118,0.625893,-0.277621,-0.375922,-0.624393,0.709405,0.219310,0.101071,-0.662142,0.715728,-0.021660,0.013744,-0.697908,0.567599,-0.384904,-0.287484,-0.668605,0.624909,0.130872,0.188913,-0.746105,0.651462,0.017902,-0.008286,-0.758424,0.599460,0.266670,0.289559,-0.696915,0.589186,0.068995,0.005079,-0.805031,0.479358,0.160310,0.065088,-0.860395,0.574214,0.209502,0.050444,-0.789837,0.735142,0.001341,0.030024,-0.677247,0.832752,0.049919,0.096302,-0.542917,0.737493,-0.048154,0.183245,-0.648234
0.667303,0.108636,0.091387,-0.731132,0.625815,-0.277513,-0.375869,-0.624551,0.709355,0.219271,0.100930,-0.662230,0.715645,-0.021867,0.013876,-0.697984,0.567481,-0.384891,-0.287572,-0.668675,0.624884,0.130936,0.188863,-0.746127,0.651424,0.017816,-0.008121,-0.758461,0.599174,0.266545,0.289786,-0.697114,0.589002,0.068601,0.005368,-0.805197,0.479472,0.159881,0.065310,-0.860395,0.574761,0.209516,0.050320,-0.789443,0.735023,0.001139,0.030099,-0.677373,0.832763,0.049808,0.096523,-0.542870,0.737694,-0.048417,0.183229,-0.647989
0.667280,0.108736,0.091325,-0.731146,0.625769,-0.277397,-0.375833,-0.624671,0.709336,0.219236,0.100807,-0.662281,0.715598,-0.021986,0.013927,-0.698028,0.567408,-0.384854,-0.287632,-0.668733,0.624882,0.130975,0.188802,-0.746138,0.651406,0.017734,-0.008004,-0.758480,0.598878,0.266441,0.289973,-0.697330,0.588797,0.068256,0.005694,-0.805373,0.479669,0.159399,0.065524,-0.860358,0.575227,0.209397,0.050048,-0.789153,0.734883,0.000929,0.030144,-0.677523,0.832742,0.049697,0.096728,-0.542876,0.737819,-0.048797,0.183560,-0.647725
0.667263,0.108769,0.091303,-0.731159,0.625787,-0.277265,-0.375828,-0.624715,0.709376,0.219209,0.100721,-0.662260,0.715623,-0.021927,0.013819,-0.698006,0.567425,-0.384766,-0.287634,-0.668768,0.624924,0.130964,0.188716,-0.746127,0.651429,0.017661,-0.007983,-0.758462,0.598563,0.266379,0.290079,-0.697580,0.588550,0.068008,0.006095,-0.805573,0.480031,0.158813,0.065721,-0.860250,0.575529,0.209009,0.049476,-0.789071,0.734703,0.000702,0.030131,-0.677719,0.832656,0.049583,0.096897,-0.542989,0.737789,-0.049409,0.184585,-0.647421
0.667263,0.108835,0.091464,-0.731128,0.625862,-0.277223,-0.375793,-0.624679,0.709384,0.219192,0.100577,-0.662279,0.715625,-0.021692,0.013678,-0.698014,0.567545,-0.384676,-0.287590,-0.668737,0.624991,0.130947,0.188590,-0.746105,0.651460,0.017602,-0.007886,-0.758438,0.598395,0.266451,0.290221,-0.697638,0.588443,0.068007,0.006492,-0.805647,0.480443,0.158242,0.065835,-0.860116,0.575645,0.208698,0.049204,-0.789086,0.734643,0.000631,0.030196,-0.677782,0.832457,0.049600,0.097053,-0.543265,0.737185,-0.049852,0.184517,-0.648095
0.667272,0.108917,0.091716,-0.731077,0.625966,-0.277228,-0.375743,-0.624603,0.709376,0.219178,0.100404,-0.662319,0.715616,-0.021369,0.013522,-0.698036,0.567716,-0.384585,-0.287523,-0.668673,0.625071,0.130926,0.188443,-0.746079,0.651495,0.017551,-0.007752,-0.758411,0.598300,0.266590,0.290380,-0.697601,0.588408,0.068128,0.006887,-0.805659,0.480880,0.157680,0.065906,-0.859970,0.575668,0.208425,0.049081,-0.789149,0.734643,0.000639,0.030301,-0.677777,0.832201,0.049683,0.097201,-0.543622,0.736292,-0.050212,0.183901,-0.649256
0.667195,0.109003,0.091924,-0.731108,0.626073,-0.277052,-0.375690,-0.624605,0.709432,0.219167,0.100309,-0.662276,0.715646,-0.021427,0.013459,-0.698004,0.567842,-0.384444,-0.287328,-0.668731,0.625066,0.130913,0.188271,-0.746129,0.651440,0.017860,-0.008203,-0.758446,0.598104,0.266677,0.290570,-0.697656,0.588300,0.068253,0.007505,-0.805722,0.481639,0.157356,0.066353,-0.859570,0.576785,0.207826,0.049697,-0.788452,0.734514,0.000620,0.030825,-0.677893,0.831532,0.049506,0.097218,-0.544658,0.736082,-0.049286,0.183050,-0.649805
0.667184,0.109118,0.092085,-0.731081,0.626161,-0.276905,-0.375617,-0.624626,0.709459,0.219152,0.100210,-0.662267,0.715651,-0.021493,0.013456,-0.697997,0.567938,-0.384336,-0.287179,-0.668776,0.625054,0.130939,0.188168,-0.746161,0.651399,0.017989,-0.008397,-0.758476,0.597955,0.266801,0.290704,-0.697681,0.588215,0.068495,0.008084,-0.805758,0.482395,0.157145,0.066775,-0.859151,0.577642,0.207865,0.050095,-0.787790,0.734387,0.000647,0.031395,-0.678004,0.830851,0.049367,0.097255,-0.545703,0.735508,-0.048909,0.182923,-0.650519
0.667307,0.109291,0.092149,-0.730935,0.626213,-0.276812,-0.375505,-0.624683,0.709428,0.219126,0.100100,-0.662326,0.715604,-0.021575,0.013573,-0.698041,0.567976,-0.384293,-0.287122,-0.668793,0.625026,0.131042,0.188200,-0.746158,0.651385,0.017760,-0.008075,-0.758497,0.597901,0.266999,0.290726,-0.697642,0.588176,0.068967,0.008586,-0.805741,0.483148,0.157162,0.067146,-0.858697,0.577979,0.209174,0.050061,-0.787198,0.734265,0.000763,0.032056,-0.678105,0.830146,0.049306,0.097331,-0.546765,0.734203,-0.049621,0.184252,-0.651563
0.667349,0.109449,0.092280,-0.730856,0.626258,-0.276747,-0.375419,-0.624718,0.709393,0.219141,0.100010,-0.662373,0.715558,-0.021613,0.013654,-0.698085,0.568036,-0.384227,-0.287057,-0.668807,0.625020,0.131118,0.188211,-0.746146,0.651381,0.017728,-0.007973,-0.758501,0.597910,0.267247,0.290734,-0.697536,0.588188,0.069521,0.009015,-0.805680,0.483849,0.157456,0.067560,-0.858215,0.578429,0.209656,0.050786,-0.786693,0.734174,0.000933,0.032816,-0.678168,0.829459,0.049420,0.097672,-0.547737,0.733205,-0.049292,0.184647,-0.652600
0.667352,0.109601,0.092444,-0.730810,0.626300,-0.276695,-0.375347,-0.624742,0.709356,0.219176,0.099929,-0.662412,0.715513,-0.021629,0.013716,-0.698129,0.568108,-0.384148,-0.286987,-0.668821,0.625027,0.131181,0.188210,-0.746130,0.651383,0.017794,-0.007981,-0.758498,0.597952,0.267518,0.290734,-0.697396,0.588223,0.070117,0.009405,-0.805598,0.484526,0.157888,0.067995,-0.857720,0.578936,0.209722,0.051889,-0.786229,0.734097,0.001131,0.033625,-0.678211,0.828779,0.049622,0.098146,-0.548663,0.732359,-0.048447,0.184574,-0.653633
0.667245,0.109794,0.092735,-0.730841,0.626362,-0.276605,-0.375414,-0.624679,0.709456,0.219213,0.099997,-0.662282,0.715624,-0.021561,0.013619,-0.698020,0.568188,-0.384070,-0.287009,-0.668789,0.625111,0.131172,0.188173,-0.746071,0.651457,0.017823,-0.008080,-0.758433,0.598049,0.267889,0.290776,-0.697153,0.588311,0.070832,0.009716,-0.805468,0.485197,0.158379,0.068329,-0.857223,0.579901,0.210349,0.053077,-0.785271,0.734078,0.001248,0.034646,-0.678180,0.828227,0.049956,0.099149,-0.549285,0.731465,-0.048223,0.185403,-0.654415
0.667206,0.110014,0.093028,-0.730807,0.626416,-0.276593,-0.375462,-0.624602,0.709511,0.219255,0.100045,-0.662202,0.715689,-0.021435,0.013488,-0.697960,0.568259,-0.384039,-0.287020,-0.668742,0.625153,0.131216,0.188179,-0.746026,0.651501,0.017812,-0.008063,-0.758396,0.598129,0.268292,0.290813,-0.696914,0.588372,0.071590,0.009960,-0.805353,0.485752,0.158933,0.068601,-0.856784,0.580804,0.210996,0.053921,-0.784372,0.734051,0.001421,0.035588,-0.678160,0.827753,0.050376,0.100142,-0.549781,0.730564,-0.048037,0.186593,-0.655097
0.667302,0.110285,0.093325,-0.730641,0.626452,-0.276734,-0.375470,-0.624499,0.709475,0.219311,0.100052,-0.662222,0.715664,-0.021189,0.013289,-0.697997,0.568315,-0.384099,-0.287006,-0.668665,0.625110,0.131365,0.188273,-0.746012,0.651482,0.017721,-0.007815,-0.758417,0.598175,0.268758,0.290839,-0.696684,0.588380,0.072434,0.010073,-0.805271,0.486074,0.159614,0.068751,-0.856463,0.581589,0.211681,0.054082,-0.783595,0.734006,0.001707,0.036369,-0.678166,0.827437,0.050968,0.101114,-0.550024,0.729647,-0.047924,0.188506,-0.655579
0.667467,0.110552,0.093630,-0.730410,0.626521,-0.276888,-0.375441,-0.624379,0.709422,0.219368,0.100044,-0.662261,0.715609,-0.021210,0.013311,-0.698052,0.568396,-0.384181,-0.286949,-0.668573,0.625038,0.131547,0.188397,-0.746009,0.651441,0.017691,-0.007636,-0.758454,0.598274,0.269158,0.290936,-0.696403,0.588455,0.073313,0.010048,-0.805137,0.486559,0.160297,0.068754,-0.856060,0.581959,0.212394,0.054140,-0.783123,0.733994,0.001801,0.037612,-0.678111,0.827340,0.051234,0.102293,-0.549927,0.729216,-0.047963,0.189948,-0.655639
0.667667,0.110817,0.093938,-0.730148,0.626607,-0.277049,-0.375392,-0.624251,0.709361,0.219426,0.100029,-0.662309,0.715539,-0.021363,0.013444,-0.698117,0.568490,-0.384275,-0.286870,-0.668474,0.624951,0.131745,0.188535,-0.746012,0.651389,0.017693,-0.007490,-0.758501,0.598400,0.269527,0.291069,-0.696098,0.588562,0.074209,0.009955,-0.804977,0.487124,0.160982,0.068683,-0.855615,0.582121,0.213121,0.054146,-0.782804,0.733998,0.001799,0.039087,-0.678024,0.827352,0.051338,0.103575,-0.549659,0.729031,-0.048078,0.191154,-0.655486
0.667818,0.111323,0.094395,-0.729874,0.626633,-0.277247,-0.375449,-0.624102,0.709358,0.219424,0.100060,-0.662308,0.715564,-0.021087,0.013345,-0.698101,0.568571,-0.384311,-0.286895,-0.668374,0.624983,0.131806,0.188675,-0.745939,0.651468,0.017623,-0.007525,-0.758434,0.598520,0.270270,0.291172,-0.695663,0.588614,0.075409,0.009766,-0.804830,0.487218,0.161622,0.068326,-0.855470,0.582048,0.214722,0.053269,-0.782481,0.734049,0.001752,0.040452,-0.677888,0.827644,0.051363,0.104772,-0.548991,0.729542,-0.048206,0.192514,-0.654510
0.667930,0.111784,0.094914,-0.729633,0.626705,-0.277417,-0.375489,-0.623930,0.709371,0.219416,0.100065,-0.662296,0.715583,-0.021101,0.013414,-0.698080,0.568681,-0.384362,-0.286876,-0.668259,0.624991,0.131880,0.188768,-0.745895,0.651510,0.017569,-0.007561,-0.758399,0.598662,0.270974,0.291323,-0.695203,0.588701,0.076555,0.009540,-0.804661,0.487335,0.162313,0.067987,-0.855299,0.581908,0.216011,0.052599,-0.782276,0.734139,0.001647,0.041879,-0.677705,0.827987,0.051304,0.105991,-0.548244,0.730262,-0.048305,0.193864,-0.653300
0.667965,0.112157,0.095557,-0.729460,0.626867,-0.277534,-0.375494,-0.623712,0.709418,0.219393,0.100021,-0.662261,0.715590,-0.021697,0.013818,-0.698047,0.568852,-0.384443,-0.286769,-0.668112,0.624953,0.131981,0.188768,-0.745910,0.651479,0.017547,-0.007600,-0.758426,0.598850,0.271603,0.291570,-0.694692,0.588864,0.077594,0.009236,-0.804446,0.487505,0.163108,0.067682,-0.855076,0.581637,0.216679,0.052343,-0.782310,0.734303,0.001424,0.043430,-0.677430,0.828435,0.051072,0.107252,-0.547343,0.731399,-0.048346,0.195196,-0.651626
0.667972,0.112333,0.096107,-0.729354,0.627033,-0.277705,-0.375539,-0.623443,0.709452,0.219487,0.100067,-0.662185,0.715639,-0.021580,0.013756,-0.698001,0.569082,-0.384474,-0.286656,-0.667947,0.624971,0.132045,0.188769,-0.745883,0.651490,0.017532,-0.007451,-0.758418,0.599121,0.272088,0.291683,-0.694221,0.589072,0.078445,0.008735,-0.804216,0.487690,0.163942,0.067281,-0.854842,0.581770,0.217093,0.052396,-0.782093,0.734477,0.001018,0.044985,-0.677141,0.828958,0.050718,0.108641,-0.546309,0.732414,-0.048722,0.196810,-0.649971
0.667966,0.112411,0.096611,-0.729282,0.627199,-0.277903,-0.375603,-0.623148,0.709481,0.219639,0.100159,-0.662090,0.715711,-0.021107,0.013461,-0.697948,0.569341,-0.384480,-0.286540,-0.667773,0.625017,0.132091,0.188770,-0.745836,0.651524,0.017522,-0.007207,-0.758392,0.599433,0.272503,0.291729,-0.693770,0.589303,0.079202,0.008137,-0.803979,0.487883,0.164798,0.066833,-0.854602,0.582107,0.217382,0.052603,-0.781748,0.734656,0.000521,0.046542,-0.676842,0.829517,0.050306,0.110095,-0.545206,0.733365,-0.049262,0.198565,-0.648321
0.668109,0.112749,0.097027,-0.729043,0.627295,-0.278030,-0.375501,-0.623057,0.709444,0.219530,0.100084,-0.662177,0.715665,-0.021132,0.013515,-0.697993,0.569455,-0.384531,-0.286301,-0.667749,0.624904,0.132115,0.188759,-0.745929,0.651416,0.017629,-0.007466,-0.758479,0.599593,0.273065,0.291818,-0.693373,0.589372,0.080019,0.007425,-0.803855,0.487848,0.165377,0.066056,-0.854571,0.582214,0.218717,0.051828,-0.781347,0.734798,0.000129,0.047645,-0.676611,0.830050,0.049978,0.111151,-0.544211,0.733491,-0.049611,0.199618,-0.647829
0.668277,0.113102,0.097498,-0.728771,0.627423,-0.278168,-0.375421,-0.622914,0.709432,0.219408,0.099972,-0.662247,0.715640,-0.021136,0.013554,-0.698018,0.569618,-0.384570,-0.286107,-0.667671,0.624856,0.132112,0.188738,-0.745976,0.651364,0.017661,-0.007543,-0.758522,0.599758,0.273595,0.292006,-0.692942,0.589476,0.080804,0.006721,-0.803706,0.487832,0.166020,0.065342,-0.854510,0.582105,0.219464,0.051159,-0.781263,0.734987,-0.000248,0.048745,-0.676327,0.830496,0.049645,0.112164,-0.543352,0.733715,-0.050079,0.200726,-0.647197
0.668494,0.113482,0.098079,-0.728435,0.627616,-0.278330,-0.375384,-0.622669,0.709469,0.219262,0.099788,-0.662284,0.715657,-0.021095,0.013564,-0.698002,0.569876,-0.384586,-0.286007,-0.667484,0.624935,0.132056,0.188697,-0.745929,0.651424,0.017542,-0.007255,-0.758476,0.599934,0.274057,0.292393,-0.692444,0.589654,0.081525,0.006031,-0.803508,0.487857,0.166791,0.064753,-0.854391,0.581565,0.219036,0.050701,-0.781815,0.735271,-0.000595,0.049839,-0.675938,0.830771,0.049297,0.113090,-0.542771,0.734136,-0.050785,0.201944,-0.646285
0.668498,0.113953,0.098499,-0.728301,0.627637,-0.278342,-0.375376,-0.622648,0.709499,0.219134,0.099709,-0.662306,0.715670,-0.021039,0.013434,-0.697992,0.569917,-0.384556,-0.285941,-0.667495,0.624956,0.131949,0.188620,-0.745950,0.651419,0.017660,-0.007407,-0.758476,0.599978,0.274481,0.292783,-0.692072,0.589709,0.082147,0.005372,-0.803409,0.487894,0.167231,0.064040,-0.854337,0.581256,0.219144,0.050159,-0.782050,0.735472,-0.000967,0.050750,-0.675651,0.830987,0.048913,0.113850,-0.542315,0.734155,-0.051326,0.202663,-0.645995
0.668396,0.114469,0.098837,-0.728268,0.627571,-0.278278,-0.375382,-0.622739,0.709524,0.219017,0.099683,-0.662322,0.715682,-0.020976,0.013234,-0.697986,0.569849,-0.384502,-0.285893,-0.667604,0.624948,0.131816,0.188525,-0.746005,0.651382,0.017898,-0.007778,-0.758499,0.599958,0.274887,0.293173,-0.691763,0.589703,0.082720,0.004729,-0.803359,0.487937,0.167506,0.063263,-0.854316,0.581062,0.219520,0.049573,-0.782126,0.735631,-0.001352,0.051570,-0.675415,0.831175,0.048512,0.114526,-0.541922,0.733974,-0.051785,0.203133,-0.646017
0.668218,0.114789,0.099442,-0.728299,0.627645,-0.278366,-0.375352,-0.622644,0.709487,0.219015,0.099517,-0.662387,0.715629,-0.021040,0.013414,-0.698035,0.569985,-0.384488,-0.285894,-0.667496,0.625044,0.131701,0.188300,-0.746001,0.651410,0.017815,-0.007596,-0.758479,0.599876,0.275231,0.293663,-0.691490,0.589673,0.083147,0.004112,-0.803340,0.487904,0.167748,0.062556,-0.854340,0.581708,0.219514,0.049598,-0.781645,0.735807,-0.001722,0.052177,-0.675176,0.831290,0.048087,0.114979,-0.541687,0.734110,-0.051997,0.203763,-0.645647
0.668101,0.115104,0.099949,-0.728287,0.627709,-0.278419,-0.375326,-0.622571,0.709476,0.218980,0.099396,-0.662428,0.715603,-0.021120,0.013544,-0.698056,0.570089,-0.384478,-0.285881,-0.667418,0.625109,0.131622,0.188159,-0.745997,0.651434,0.017692,-0.007410,-0.758463,0.599813,0.275558,0.294080,-0.691237,0.589647,0.083514,0.003513,-0.803324,0.487956,0.167908,0.061850,-0.854331,0.582253,0.219409,0.049622,-0.781268,0.735986,-0.002071,0.052584,-0.674948,0.831398,0.047699,0.115302,-0.541486,0.734198,-0.052181,0.204079,-0.645431
0.668104,0.115407,0.100261,-0.728193,0.627755,-0.278403,-0.375307,-0.622543,0.709519,0.218878,0.099368,-0.662421,0.715632,-0.021231,0.013573,-0.698023,0.570130,-0.384478,-0.285841,-0.667400,0.625110,0.131617,0.188186,-0.745990,0.651450,0.017487,-0.007213,-0.758456,0.599792,0.275851,0.294349,-0.691024,0.589631,0.083759,0.002949,-0.803312,0.488179,0.167904,0.061146,-0.854254,0.582594,0.219104,0.049643,-0.781097,0.736172,-0.002376,0.052591,-0.674744,0.831494,0.047384,0.115369,-0.541352,0.734193,-0.052309,0.203768,-0.645525
0.668137,0.115832,0.100581,-0.728051,0.627768,-0.278378,-0.375259,-0.622570,0.709537,0.218717,0.099274,-0.662469,0.715633,-0.021241,0.013534,-0.698023,0.570149,-0.384446,-0.285776,-0.667431,0.625121,0.131509,0.188122,-0.746016,0.651443,0.017541,-0.007337,-0.758459,0.599725,0.276183,0.294710,-0.690796,0.589605,0.083983,0.002529,-0.803310,0.488416,0.167905,0.060607,-0.854157,0.583137,0.219169,0.048928,-0.780719,0.736359,-0.002608,0.052613,-0.674537,0.831607,0.047037,0.115274,-0.541229,0.734302,-0.052484,0.203393,-0.645505
0.668185,0.116316,0.100905,-0.727885,0.627765,-0.278349,-0.375197,-0.622624,0.709543,0.218528,0.099146,-0.662544,0.715619,-0.021199,0.013459,-0.698040,0.570155,-0.384399,-0.285700,-0.667485,0.625137,0.131350,0.188012,-0.746058,0.651425,0.017725,-0.007622,-0.758467,0.599636,0.276536,0.295116,-0.690559,0.589573,0.084195,0.002181,-0.803312,0.488660,0.167908,0.060150,-0.854049,0.583780,0.219419,0.047845,-0.780235,0.736547,-0.002805,0.052641,-0.674329,0.831730,0.046673,0.115098,-0.541110,0.734468,-0.052682,0.202985,-0.645428
0.668280,0.116582,0.101444,-0.727681,0.627963,-0.278420,-0.375161,-0.622414,0.709615,0.218395,0.099023,-0.662528,0.715680,-0.021199,0.013512,-0.697976,0.570407,-0.384374,-0.285511,-0.667364,0.625179,0.131271,0.187896,-0.746066,0.651434,0.017719,-0.007622,-0.758460,0.599705,0.276891,0.295470,-0.690205,0.589703,0.084354,0.002028,-0.803200,0.488958,0.167783,0.059867,-0.853923,0.583922,0.218925,0.047968,-0.780260,0.736857,-0.002885,0.052438,-0.674005,0.831915,0.046310,0.114576,-0.540966,0.734798,-0.053065,0.202716,-0.645107
0.668334,0.116867,0.101917,-0.727520,0.628099,-0.278480,-0.375099,-0.622287,0.709643,0.218265,0.098895,-0.662561,0.715691,-0.021229,0.013573,-0.697962,0.570598,-0.384340,-0.285367,-0.667283,0.625224,0.131177,0.187791,-0.746071,0.651446,0.017704,-0.007564,-0.758451,0.599752,0.277229,0.295805,-0.689885,0.589810,0.084479,0.001899,-0.803109,0.489230,0.167634,0.059609,-0.853815,0.584073,0.218541,0.047856,-0.780262,0.737142,-0.002991,0.052229,-0.673710,0.832063,0.045963,0.114110,-0.540867,0.735134,-0.053310,0.201862,-0.644971
0.668305,0.117188,0.102254,-0.727447,0.628111,-0.278518,-0.374984,-0.622328,0.709579,0.218137,0.098757,-0.662692,0.715604,-0.021318,0.013654,-0.698047,0.570663,-0.384285,-0.285310,-0.667283,0.625277,0.131053,0.187710,-0.746069,0.651466,0.017672,-0.007393,-0.758436,0.599757,0.277533,0.296102,-0.689631,0.589873,0.084534,0.001819,-0.803057,0.489447,0.167440,0.059400,-0.853743,0.584243,0.218376,0.047275,-0.780216,0.737377,-0.003147,0.052008,-0.673469,0.832134,0.045647,0.113755,-0.540859,0.735484,-0.053277,0.199838,-0.645205
0.668292,0.117427,0.102611,-0.727370,0.628214,-0.278475,-0.374950,-0.622263,0.709648,0.218009,0.098686,-0.662671,0.715669,-0.021180,0.013529,-0.697988,0.570824,-0.384168,-0.285164,-0.667275,0.625354,0.130905,0.187595,-0.746059,0.651512,0.017718,-0.007544,-0.758394,0.599898,0.277799,0.296363,-0.689289,0.590067,0.084593,0.001769,-0.802908,0.489748,0.167174,0.059197,-0.853637,0.583797,0.218556,0.046306,-0.780558,0.737715,-0.003301,0.051681,-0.673123,0.832389,0.045236,0.113200,-0.540619,0.735564,-0.053658,0.199392,-0.645220
0.668287,0.117626,0.102978,-0.727291,0.628362,-0.278393,-0.374958,-0.622146,0.709783,0.217882,0.098648,-0.662574,0.715809,-0.020927,0.013303,-0.697855,0.571034,-0.384018,-0.284972,-0.667264,0.625444,0.130744,0.187464,-0.746045,0.651571,0.017805,-0.007858,-0.758338,0.600107,0.278048,0.296606,-0.688902,0.590327,0.084655,0.001734,-0.802711,0.490089,0.166871,0.058996,-0.853514,0.583043,0.218910,0.045141,-0.781090,0.738104,-0.003452,0.051301,-0.672725,0.832733,0.044779,0.112543,-0.540263,0.735509,-0.054247,0.199734,-0.645128
0.668297,0.117882,0.103490,-0.727168,0.628526,-0.278403,-0.374765,-0.622092,0.709744,0.217704,0.098385,-0.662713,0.715716,-0.021247,0.013526,-0.697937,0.571251,-0.383965,-0.284794,-0.667185,0.625501,0.130588,0.187245,-0.746080,0.651559,0.017644,-0.007511,-0.758355,0.600100,0.278415,0.296918,-0.688625,0.590392,0.084708,0.001828,-0.802657,0.489880,0.166490,0.058854,-0.853718,0.582985,0.217981,0.045884,-0.781350,0.738340,-0.003505,0.051015,-0.672487,0.832887,0.044471,0.111983,-0.540169,0.735808,-0.054533,0.199427,-0.644858
0.668350,0.118148,0.103922,-0.727014,0.628672,-0.278394,-0.374613,-0.622039,0.709746,0.217504,0.098175,-0.662808,0.715676,-0.021454,0.013662,-0.697969,0.571450,-0.383889,-0.284619,-0.667133,0.625561,0.130440,0.187094,-0.746093,0.651570,0.017556,-0.007286,-0.758350,0.600144,0.278738,0.297216,-0.688328,0.590508,0.084736,0.001939,-0.802568,0.489731,0.166199,0.058801,-0.853864,0.583090,0.217201,0.046511,-0.781452,0.738606,-0.003556,0.050725,-0.672217,0.833065,0.044213,0.111502,-0.540014,0.736034,-0.054972,0.198863,-0.644736
0.668491,0.118434,0.104198,-0.726798,0.628782,-0.278348,-0.374543,-0.621992,0.709826,0.217259,0.098070,-0.662818,0.715742,-0.021436,0.013622,-0.697903,0.571612,-0.383769,-0.284449,-0.667135,0.625627,0.130308,0.187082,-0.746063,0.651625,0.017614,-0.007305,-0.758301,0.600288,0.278973,0.297488,-0.687989,0.590730,0.084712,0.002083,-0.802407,0.489701,0.166089,0.058925,-0.853894,0.583521,0.216722,0.046906,-0.781239,0.738931,-0.003605,0.050429,-0.671882,0.833295,0.044056,0.111182,-0.539737,0.736118,-0.055718,0.197783,-0.644909
0.668585,0.118785,0.104506,-0.726610,0.628849,-0.278319,-0.374429,-0.622004,0.709841,0.217035,0.097931,-0.662896,0.715744,-0.021357,0.013591,-0.697904,0.571701,-0.383711,-0.284265,-0.667172,0.625619,0.130165,0.186970,-0.746123,0.651585,0.017670,-0.007414,-0.758333,0.600282,0.279293,0.297771,-0.687742,0.590804,0.084778,0.002361,-0.802345,0.489474,0.165931,0.059103,-0.854043,0.583388,0.216852,0.046937,-0.781301,0.739145,-0.003660,0.050159,-0.671666,0.833483,0.043789,0.110702,-0.539568,0.736535,-0.055764,0.196859,-0.644712
0.668655,0.119170,0.104832,-0.726436,0.628896,-0.278298,-0.374294,-0.622048,0.709823,0.216820,0.097776,-0.663008,0.715715,-0.021248,0.013564,-0.697938,0.571752,-0.383684,-0.284072,-0.667225,0.625574,0.130016,0.186807,-0.746228,0.651498,0.017726,-0.007567,-0.758405,0.600201,0.279657,0.298061,-0.687540,0.590804,0.084888,0.002707,-0.802332,0.489147,0.165750,0.059309,-0.854251,0.582973,0.217286,0.046785,-0.781499,0.739305,-0.003717,0.049903,-0.671509,0.833649,0.043467,0.110141,-0.539452,0.737118,-0.055462,0.196012,-0.644329
0.668699,0.119285,0.105265,-0.726314,0.629068,-0.278386,-0.374151,-0.621921,0.709809,0.216657,0.097611,-0.663101,0.715677,-0.021365,0.013711,-0.697970,0.571994,-0.383650,-0.283856,-0.667129,0.625607,0.129908,0.186716,-0.746242,0.651494,0.017621,-0.007227,-0.758414,0.600195,0.279850,0.298348,-0.687342,0.590887,0.084896,0.002939,-0.802270,0.488903,0.165618,0.059480,-0.854404,0.582765,0.217126,0.046681,-0.781705,0.739514,-0.003894,0.049681,-0.671294,0.833928,0.043185,0.109889,-0.539095,0.737525,-0.055894,0.195799,-0.643890
0.668711,0.119517,0.105631,-0.726212,0.629168,-0.278388,-0.374017,-0.621899,0.709802,0.216483,0.097484,-0.663184,0.715652,-0.021399,0.013757,-0.697993,0.572143,-0.383583,-0.283672,-0.667118,0.625638,0.129758,0.186623,-0.746266,0.651494,0.017537,-0.007060,-0.758418,0.600130,0.280068,0.298673,-0.687168,0.590923,0.084962,0.003245,-0.802235,0.488667,0.165528,0.059722,-0.854540,0.582573,0.217019,0.046722,-0.781875,0.739685,-0.004065,0.049543,-0.671115,0.834155,0.042915,0.109697,-0.538805,0.738044,-0.056143,0.195676,-0.643312
0.668658,0.119984,0.105860,-0.726150,0.629125,-0.278220,-0.373904,-0.622086,0.709810,0.216287,0.097430,-0.663248,0.715655,-0.021266,0.013598,-0.697998,0.572104,-0.383451,-0.283554,-0.667278,0.625662,0.129525,0.186526,-0.746310,0.651502,0.017491,-0.007240,-0.758411,0.599948,0.280333,0.299077,-0.687043,0.590867,0.085141,0.003697,-0.802255,0.488445,0.165519,0.060105,-0.854641,0.582413,0.217019,0.047056,-0.781974,0.739781,-0.004224,0.049570,-0.671006,0.834279,0.042668,0.109625,-0.538647,0.738786,-0.056024,0.195737,-0.642451
0.668602,0.120319,0.106228,-0.726092,0.629180,-0.278147,-0.373773,-0.622142,0.709809,0.216108,0.097315,-0.663324,0.715634,-0.021378,0.013691,-0.698014,0.572189,-0.383357,-0.283398,-0.667325,0.625699,0.129321,0.186373,-0.746352,0.651495,0.017521,-0.007308,-0.758415,0.599840,0.280625,0.299433,-0.686863,0.590860,0.085410,0.004070,-0.802230,0.488292,0.165592,0.060419,-0.854693,0.582373,0.217159,0.047673,-0.781928,0.739903,-0.004349,0.049667,-0.670863,0.834474,0.042460,0.109618,-0.538363,0.738971,-0.056291,0.196113,-0.642101
0.668546,0.120589,0.106667,-0.726035,0.629283,-0.278122,-0.373634,-0.622133,0.709804,0.215936,0.097170,-0.663406,0.715601,-0.021613,0.013911,-0.698036,0.572336,-0.383283,-0.283224,-0.667315,0.625744,0.129131,0.186191,-0.746393,0.651480,0.017589,-0.007320,-0.758426,0.599769,0.280930,0.299766,-0.686656,0.590877,0.085726,0.004403,-0.802182,0.488172,0.165706,0.060697,-0.854719,0.582392,0.217368,0.048433,-0.781809,0.740039,-0.004457,0.049799,-0.670703,0.834704,0.042271,0.109643,-0.538016,0.738875,-0.056752,0.196646,-0.642007
0.668547,0.120798,0.106980,-0.725953,0.629365,-0.278106,-0.373478,-0.622150,0.709762,0.215822,0.097061,-0.663504,0.715545,-0.021568,0.013876,-0.698095,0.572506,-0.383141,-0.283056,-0.667322,0.625829,0.128962,0.186111,-0.746370,0.651544,0.017521,-0.007279,-0.758374,0.599811,0.281189,0.299971,-0.686423,0.590967,0.086080,0.004642,-0.802077,0.488103,0.166166,0.061066,-0.854644,0.581721,0.217635,0.048156,-0.782251,0.740151,-0.004695,0.050411,-0.670532,0.834849,0.042039,0.110165,-0.537702,0.739189,-0.056801,0.196706,-0.641623
0.668553,0.120986,0.107248,-0.725877,0.629449,-0.278053,-0.373323,-0.622182,0.709742,0.215686,0.096962,-0.663584,0.715511,-0.021566,0.013871,-0.698131,0.572655,-0.383008,-0.282877,-0.667346,0.625890,0.128809,0.186031,-0.746366,0.651578,0.017509,-0.007241,-0.758345,0.599819,0.281398,0.300171,-0.686243,0.591024,0.086360,0.004858,-0.802003,0.488085,0.166533,0.061388,-0.854559,0.581341,0.217671,0.048196,-0.782521,0.740238,-0.004918,0.050918,-0.670396,0.834959,0.041860,0.110662,-0.537443,0.739376,-0.056913,0.197014,-0.641303
0.668568,0.121131,0.107425,-0.725812,0.629537,-0.277925,-0.373169,-0.622243,0.709765,0.215506,0.096887,-0.663629,0.715520,-0.021649,0.013927,-0.698118,0.572762,-0.382894,-0.282677,-0.667405,0.625899,0.128687,0.185953,-0.746399,0.651553,0.017607,-0.007210,-0.758365,0.599757,0.281507,0.300361,-0.686170,0.591018,0.086489,0.005030,-0.801993,0.488170,0.166715,0.061618,-0.854458,0.581545,0.217246,0.048871,-0.782446,0.740276,-0.005112,0.051217,-0.670330,0.835001,0.041786,0.111109,-0.537292,0.739312,-0.057156,0.197815,-0.641108
0.668591,0.121398,0.107687,-0.725708,0.629613,-0.277819,-0.373064,-0.622276,0.709803,0.215344,0.096816,-0.663652,0.715557,-0.021467,0.013778,-0.698089,0.572862,-0.382785,-0.282502,-0.667456,0.625918,0.128563,0.185861,-0.746427,0.651545,0.017593,-0.007213,-0.758371,0.599712,0.281741,0.300611,-0.686003,0.591027,0.086901,0.005221,-0.801940,0.488296,0.166905,0.061750,-0.854340,0.581493,0.217658,0.049202,-0.782349,0.740325,-0.005201,0.051783,-0.670231,0.835047,0.041762,0.111652,-0.537109,0.739309,-0.057333,0.198533,-0.640875
0.668616,0.121725,0.107991,-0.725585,0.629684,-0.277725,-0.372983,-0.622294,0.709849,0.215192,0.096745,-0.663662,0.715608,-0.021152,0.013526,-0.698051,0.572958,-0.382679,-0.282341,-0.667503,0.625941,0.128440,0.185762,-0.746454,0.651547,0.017523,-0.007234,-0.758372,0.599676,0.282037,0.300893,-0.685789,0.591045,0.087454,0.005421,-0.801865,0.488440,0.167099,0.061834,-0.854213,0.581312,0.218489,0.049361,-0.782242,0.740380,-0.005238,0.052483,-0.670116,0.835096,0.041762,0.112245,-0.536910,0.739336,-0.057476,0.199209,-0.640621
0.668516,0.121707,0.108246,-0.725642,0.629790,-0.277710,-0.372893,-0.622248,0.709829,0.215223,0.096722,-0.663676,0.715573,-0.021459,0.013799,-0.698072,0.573112,-0.382611,-0.282209,-0.667465,0.625980,0.128382,0.185696,-0.746448,0.651554,0.017539,-0.007058,-0.758367,0.599666,0.282126,0.301003,-0.685713,0.591052,0.087719,0.005460,-0.801831,0.488589,0.167197,0.061816,-0.854110,0.581973,0.218432,0.049657,-0.781747,0.740364,-0.005335,0.053109,-0.670084,0.835156,0.041749,0.112857,-0.536689,0.739227,-0.057308,0.199084,-0.640800
0.668460,0.121688,0.108398,-0.725674,0.629866,-0.277684,-0.372841,-0.622214,0.709827,0.215273,0.096748,-0.663658,0.715568,-0.021625,0.013943,-0.698069,0.573208,-0.382572,-0.282094,-0.667454,0.625975,0.128374,0.185682,-0.746457,0.651542,0.017552,-0.007006,-0.758377,0.599674,0.282168,0.301070,-0.685659,0.591064,0.087982,0.005442,-0.801793,0.488798,0.167304,0.061746,-0.853975,0.582414,0.218754,0.049801,-0.781319,0.740343,-0.005496,0.053739,-0.670055,0.835226,0.041645,0.113436,-0.536465,0.739201,-0.057201,0.199118,-0.640829
0.668492,0.121664,0.108344,-0.725657,0.629882,-0.277633,-0.372867,-0.622204,0.709861,0.215358,0.096872,-0.663577,0.715623,-0.021508,0.013830,-0.698019,0.573185,-0.382592,-0.282014,-0.667496,0.625885,0.128468,0.185774,-0.746493,0.651491,0.017557,-0.007202,-0.758419,0.599720,0.282116,0.301052,-0.685649,0.591087,0.088239,0.005312,-0.801749,0.489127,0.167430,0.061575,-0.853774,0.582416,0.219833,0.049643,-0.781025,0.740314,-0.005785,0.054374,-0.670034,0.835317,0.041354,0.113946,-0.536238,0.739340,-0.057214,0.199472,-0.640557
0.668578,0.121530,0.108297,-0.725607,0.629907,-0.277768,-0.372943,-0.622075,0.709864,0.215502,0.097038,-0.663503,0.715656,-0.021457,0.013839,-0.697987,0.573218,-0.382671,-0.282051,-0.667407,0.625855,0.128637,0.185963,-0.746442,0.651515,0.017540,-0.007165,-0.758399,0.599730,0.281953,0.301050,-0.685708,0.591090,0.088324,0.005152,-0.801739,0.489234,0.167477,0.061396,-0.853717,0.582847,0.220115,0.049633,-0.780625,0.740269,-0.006105,0.054887,-0.670039,0.835409,0.041128,0.114519,-0.535991,0.739262,-0.057727,0.200267,-0.640353
0.668692,0.121341,0.108256,-0.725540,0.629935,-0.277994,-0.373043,-0.621884,0.709852,0.215675,0.097224,-0.663432,0.715677,-0.021439,0.013907,-0.697963,0.573277,-0.382778,-0.282146,-0.667254,0.625854,0.128843,0.186201,-0.746348,0.651576,0.017511,-0.007013,-0.758349,0.599721,0.281734,0.301056,-0.685803,0.591083,0.088322,0.004976,-0.801745,0.489230,0.167483,0.061214,-0.853731,0.583493,0.219999,0.049698,-0.780171,0.740217,-0.006441,0.055338,-0.670056,0.835501,0.040934,0.115123,-0.535733,0.739074,-0.058490,0.201282,-0.640183
0.668849,0.121096,0.108103,-0.725459,0.629938,-0.278248,-0.373210,-0.621667,0.709857,0.215965,0.097596,-0.663278,0.715714,-0.021542,0.013817,-0.697924,0.573258,-0.382976,-0.282148,-0.667156,0.625699,0.129159,0.186578,-0.746329,0.651545,0.017582,-0.007369,-0.758370,0.599718,0.281417,0.301015,-0.685954,0.591064,0.088401,0.004727,-0.801752,0.489444,0.167510,0.060932,-0.853623,0.583692,0.219878,0.048573,-0.780127,0.740127,-0.006906,0.055947,-0.670100,0.835476,0.040524,0.115711,-0.535677,0.738666,-0.058324,0.201018,-0.640751
0.668887,0.120716,0.108118,-0.725485,0.629985,-0.278638,-0.373378,-0.621344,0.709811,0.216356,0.097971,-0.663144,0.715719,-0.021503,0.013750,-0.697922,0.573334,-0.383204,-0.282165,-0.666953,0.625597,0.129429,0.186870,-0.746295,0.651532,0.017590,-0.007422,-0.758381,0.599721,0.281081,0.301002,-0.686095,0.591067,0.088364,0.004484,-0.801755,0.489622,0.167476,0.060674,-0.853546,0.584009,0.219497,0.047987,-0.780034,0.740063,-0.007396,0.056500,-0.670119,0.835427,0.040106,0.116287,-0.535660,0.738470,-0.058521,0.201108,-0.640932
0.668685,0.120064,0.108469,-0.725727,0.630119,-0.279299,-0.373548,-0.620809,0.709664,0.216954,0.098354,-0.663050,0.715659,-0.021181,0.013734,-0.697994,0.573600,-0.383491,-0.282210,-0.666540,0.625604,0.129606,0.186989,-0.746229,0.651553,0.017471,-0.006870,-0.758371,0.599733,0.280706,0.301045,-0.686219,0.591110,0.088094,0.004252,-0.801754,0.489726,0.167318,0.060465,-0.853532,0.584561,0.218594,0.048478,-0.779843,0.740051,-0.007932,0.056939,-0.670089,0.835331,0.039671,0.116839,-0.535722,0.738694,-0.059446,0.201903,-0.640337
0.668604,0.119638,0.108630,-0.725847,0.630199,-0.279722,-0.373701,-0.620445,0.709643,0.217263,0.098742,-0.662913,0.715684,-0.021249,0.013732,-0.697966,0.573702,-0.383763,-0.282168,-0.666313,0.625505,0.129708,0.187148,-0.746254,0.651496,0.017491,-0.006797,-0.758420,0.599642,0.280378,0.301109,-0.686404,0.591065,0.087772,0.004142,-0.801824,0.489991,0.167147,0.060392,-0.853419,0.585004,0.217740,0.049100,-0.779711,0.739985,-0.008490,0.057279,-0.670126,0.835166,0.039226,0.117325,-0.535905,0.738552,-0.059856,0.202222,-0.640363
0.668585,0.119325,0.108696,-0.725907,0.630252,-0.280026,-0.373845,-0.620168,0.709685,0.217427,0.099133,-0.662756,0.715752,-0.021513,0.013737,-0.697888,0.573721,-0.384028,-0.282083,-0.666180,0.625354,0.129774,0.187326,-0.746324,0.651399,0.017579,-0.006964,-0.758500,0.599500,0.280073,0.301184,-0.686620,0.590975,0.087422,0.004094,-0.801929,0.490336,0.166968,0.060389,-0.853256,0.585392,0.216910,0.049788,-0.779608,0.739893,-0.009059,0.057569,-0.670195,0.834967,0.038776,0.117778,-0.536149,0.738226,-0.060009,0.202301,-0.640700
0.668482,0.119511,0.108674,-0.725975,0.630030,-0.280217,-0.373856,-0.620300,0.709560,0.217436,0.099341,-0.662856,0.715696,-0.021038,0.013575,-0.697963,0.573508,-0.384125,-0.282149,-0.666279,0.625319,0.129565,0.187426,-0.746365,0.651384,0.017669,-0.007037,-0.758510,0.599149,0.279915,0.301547,-0.686832,0.590778,0.086936,0.004329,-0.802125,0.490456,0.166456,0.060539,-0.853276,0.585795,0.217873,0.049287,-0.779068,0.739724,-0.009383,0.058157,-0.670327,0.834752,0.038500,0.118294,-0.536389,0.737867,-0.060051,0.202834,-0.640941
0.668349,0.119719,0.108690,-0.726060,0.629852,-0.280295,-0.373844,-0.620453,0.709498,0.217347,0.099507,-0.662926,0.715670,-0.020917,0.013548,-0.697993,0.573303,-0.384206,-0.282188,-0.666392,0.625286,0.129318,0.187468,-0.746425,0.651357,0.017683,-0.007045,-0.758532,0.598901,0.279864,0.301844,-0.686938,0.590649,0.086583,0.004523,-0.802257,0.490591,0.166050,0.060655,-0.853270,0.585778,0.218578,0.049060,-0.778897,0.739619,-0.009551,0.058613,-0.670400,0.834550,0.038413,0.118751,-0.536609,0.737434,-0.060067,0.203129,-0.641343
0.668158,0.119971,0.108784,-0.726180,0.629760,-0.280147,-0.373791,-0.620645,0.709566,0.217064,0.099587,-0.662935,0.715704,-0.021504,0.013792,-0.697937,0.573113,-0.384257,-0.282176,-0.666531,0.625257,0.128992,0.187395,-0.746524,0.651310,0.017545,-0.006925,-0.758578,0.598859,0.280029,0.302011,-0.686834,0.590657,0.086496,0.004633,-0.802260,0.490752,0.165858,0.060704,-0.853211,0.584917,0.218770,0.049382,-0.779470,0.739645,-0.009406,0.058803,-0.670358,0.834372,0.038701,0.119087,-0.536791,0.736856,-0.060032,0.202946,-0.642069
0.667872,0.120084,0.108861,-0.726413,0.629618,-0.280135,-0.373674,-0.620865,0.709500,0.216881,0.099700,-0.663048,0.715656,-0.021608,0.013953,-0.697979,0.572983,-0.384232,-0.282162,-0.666664,0.625320,0.128555,0.187313,-0.746567,0.651338,0.017554,-0.006885,-0.758553,0.598744,0.280157,0.302064,-0.686859,0.590572,0.086283,0.004817,-0.802344,0.490717,0.165613,0.060842,-0.853269,0.584859,0.218925,0.049058,-0.779490,0.739568,-0.009239,0.058842,-0.670441,0.834261,0.039029,0.119327,-0.536887,0.736378,-0.059895,0.203546,-0.642440
0.667540,0.120127,0.108928,-0.726701,0.629451,-0.280190,-0.373526,-0.621099,0.709367,0.216749,0.099830,-0.663214,0.715568,-0.021470,0.014073,-0.698071,0.572883,-0.384168,-0.282146,-0.666794,0.625429,0.128063,0.187227,-0.746582,0.651405,0.017636,-0.006885,-0.758494,0.598592,0.280266,0.302059,-0.686949,0.590441,0.086005,0.005039,-0.802470,0.490583,0.165342,0.061027,-0.853385,0.585202,0.219060,0.048411,-0.779235,0.739441,-0.009062,0.058804,-0.670587,0.834183,0.039376,0.119517,-0.536940,0.735950,-0.059708,0.204538,-0.642633
0.667511,0.119994,0.108834,-0.726764,0.629489,-0.280067,-0.373416,-0.621182,0.709471,0.216460,0.100018,-0.663168,0.715681,-0.021488,0.013858,-0.697959,0.572943,-0.384041,-0.281856,-0.666938,0.625457,0.127656,0.187214,-0.746631,0.651453,0.017524,-0.007241,-0.758452,0.598781,0.280266,0.301831,-0.686885,0.590596,0.085664,0.005258,-0.802391,0.490475,0.165082,0.061278,-0.853480,0.584420,0.219603,0.046398,-0.779792,0.739500,-0.008743,0.058410,-0.670560,0.834181,0.039806,0.119362,-0.536945,0.736179,-0.059121,0.204081,-0.642570
0.667512,0.119732,0.108698,-0.726827,0.629546,-0.280009,-0.373271,-0.621237,0.709520,0.216219,0.100167,-0.663172,0.715740,-0.021563,0.013822,-0.697897,0.573027,-0.383957,-0.281570,-0.667034,0.625469,0.127298,0.187191,-0.746688,0.651469,0.017434,-0.007388,-0.758439,0.598988,0.280145,0.301562,-0.686871,0.590769,0.085229,0.005484,-0.802308,0.490261,0.164823,0.061578,-0.853631,0.583072,0.220496,0.043243,-0.780729,0.739540,-0.008439,0.058028,-0.670553,0.834169,0.040168,0.119132,-0.536988,0.736423,-0.058878,0.203851,-0.642386
0.667572,0.119215,0.108476,-0.726889,0.629641,-0.280083,-0.373054,-0.621237,0.709457,0.216073,0.100235,-0.663277,0.715693,-0.021753,0.014145,-0.697933,0.573162,-0.383957,-0.281291,-0.667036,0.625447,0.127037,0.187149,-0.746762,0.651419,0.017387,-0.007115,-0.758485,0.599231,0.279786,0.301213,-0.686959,0.590979,0.084609,0.005723,-0.802217,0.489836,0.164567,0.061977,-0.853895,0.580579,0.222091,0.037804,-0.782415,0.739542,-0.008166,0.057668,-0.670586,0.834137,0.040394,0.118753,-0.537105,0.736696,-0.059326,0.204075,-0.641960
0.667541,0.118515,0.107855,-0.727124,0.629610,-0.280005,-0.372815,-0.621448,0.709340,0.216044,0.100399,-0.663386,0.715581,-0.022029,0.014297,-0.698036,0.573130,-0.383907,-0.281033,-0.667202,0.625352,0.126851,0.187162,-0.746870,0.651328,0.017279,-0.006970,-0.758567,0.599724,0.279105,0.300666,-0.687046,0.591420,0.083567,0.005962,-0.801999,0.489667,0.164023,0.062428,-0.854064,0.577914,0.226998,0.028788,-0.783363,0.739673,-0.008266,0.057164,-0.670483,0.834142,0.040319,0.118451,-0.537169,0.737110,-0.059071,0.203043,-0.641836
0.667464,0.117724,0.107035,-0.727445,0.629516,-0.279851,-0.372565,-0.621763,0.709198,0.216075,0.100610,-0.663497,0.715436,-0.022348,0.014364,-0.698173,0.573014,-0.383832,-0.280786,-0.667449,0.625221,0.126703,0.187201,-0.746995,0.651217,0.017140,-0.006890,-0.758666,0.600340,0.278261,0.300021,-0.687132,0.591975,0.082312,0.006201,-0.801718,0.489623,0.163331,0.062903,-0.854187,0.575137,0.233536,0.017975,-0.783808,0.739869,-0.008553,0.056590,-0.670312,0.834167,0.040092,0.118190,-0.537205,0.737591,-0.058465,0.201382,-0.641861
0.667262,0.116956,0.106402,-0.727847,0.629456,-0.279716,-0.372453,-0.621951,0.709183,0.216067,0.100898,-0.663471,0.715497,-0.022069,0.014371,-0.698119,0.572955,-0.383741,-0.280638,-0.667614,0.625225,0.126415,0.187195,-0.747041,0.651213,0.017289,-0.007106,-0.758665,0.601652,0.278192,0.298686,-0.686593,0.592936,0.081125,0.005903,-0.801131,0.489173,0.162942,0.062987,-0.854513,0.572945,0.234922,0.014849,-0.785064,0.740391,-0.008595,0.055781,-0.669803,0.834217,0.040242,0.117975,-0.537163,0.736953,-0.059284,0.202961,-0.642022
0.667062,0.116206,0.105930,-0.728220,0.629464,-0.279614,-0.372343,-0.622054,0.709179,0.216094,0.101174,-0.663424,0.715556,-0.021813,0.014287,-0.698069,0.572982,-0.383650,-0.280403,-0.667742,0.625215,0.126139,0.187153,-0.747107,0.651188,0.017372,-0.007257,-0.758683,0.603196,0.278304,0.297307,-0.685792,0.594093,0.079973,0.005510,-0.800392,0.488589,0.162582,0.062982,-0.854916,0.571148,0.235492,0.012726,-0.786239,0.741064,-0.008425,0.055101,-0.669117,0.834199,0.040680,0.117954,-0.537163,0.736262,-0.059631,0.204150,-0.642405
0.666866,0.115494,0.105778,-0.728534,0.629611,-0.279581,-0.372234,-0.621986,0.709196,0.216192,0.101431,-0.663335,0.715611,-0.021602,0.014020,-0.698024,0.573180,-0.383559,-0.279992,-0.667796,0.625174,0.125884,0.187040,-0.747212,0.651119,0.017322,-0.007279,-0.758743,0.605201,0.278780,0.295836,-0.684467,0.595643,0.078901,0.004926,-0.799350,0.487739,0.162284,0.062802,-0.855471,0.570151,0.234430,0.012610,-0.787281,0.742036,-0.007827,0.054679,-0.668080,0.834044,0.041691,0.118320,-0.537246,0.735472,-0.059029,0.204563,-0.643234
0.666639,0.114591,0.105605,-0.728909,0.629743,-0.279718,-0.372029,-0.621913,0.709047,0.216443,0.101722,-0.663369,0.715514,-0.021365,0.013837,-0.698135,0.573462,-0.383441,-0.279599,-0.667787,0.625180,0.125697,0.186985,-0.747253,0.651101,0.017432,-0.007365,-0.758755,0.607078,0.279237,0.294188,-0.683327,0.596970,0.078053,0.003925,-0.798448,0.486445,0.162435,0.062292,-0.856216,0.568151,0.235306,0.008974,-0.788515,0.742837,-0.006844,0.053831,-0.667270,0.833665,0.043176,0.118406,-0.537698,0.735269,-0.057222,0.204726,-0.643577
0.666397,0.113591,0.105422,-0.729313,0.629869,-0.279940,-0.371776,-0.621837,0.708814,0.216771,0.102029,-0.663463,0.715340,-0.021113,0.013694,-0.698323,0.573784,-0.383308,-0.279213,-0.667748,0.625208,0.125545,0.186958,-0.747262,0.651107,0.017623,-0.007484,-0.758745,0.608890,0.279684,0.292457,-0.682275,0.598183,0.077318,0.002719,-0.797616,0.484925,0.162820,0.061617,-0.857053,0.565628,0.237144,0.003576,-0.789819,0.743554,-0.005666,0.052777,-0.666566,0.833176,0.044906,0.118360,-0.538324,0.735362,-0.054806,0.204767,-0.643668
0.666143,0.112754,0.105238,-0.729702,0.630003,-0.279974,-0.371808,-0.621666,0.708872,0.216989,0.102358,-0.663279,0.715438,-0.021196,0.013708,-0.698220,0.573999,-0.383222,-0.279005,-0.667700,0.625273,0.125383,0.186919,-0.747244,0.651168,0.017671,-0.007751,-0.758688,0.610289,0.279924,0.291135,-0.681491,0.599100,0.076973,0.001465,-0.796965,0.483526,0.163463,0.060835,-0.857777,0.561737,0.240569,-0.003156,-0.791560,0.744175,-0.004370,0.051105,-0.666013,0.832909,0.046416,0.117306,-0.538839,0.734848,-0.053265,0.203171,-0.644890
0.665898,0.112064,0.105047,-0.730059,0.630067,-0.280021,-0.371813,-0.621578,0.708869,0.217207,0.102663,-0.663164,0.715482,-0.021218,0.013761,-0.698173,0.574106,-0.383198,-0.278848,-0.667687,0.625277,0.125265,0.186902,-0.747265,0.651171,0.017690,-0.007883,-0.758683,0.611355,0.280093,0.290051,-0.680929,0.599761,0.076598,0.000326,-0.796504,0.482145,0.164209,0.060212,-0.858456,0.558834,0.242721,-0.007596,-0.792927,0.744622,-0.002987,0.049387,-0.665651,0.832687,0.047753,0.115775,-0.539396,0.734511,-0.051972,0.201600,-0.645872
0.665672,0.111669,0.104845,-0.730355,0.629988,-0.280095,-0.371763,-0.621655,0.708746,0.217422,0.102923,-0.663184,0.715419,-0.021120,0.013890,-0.698238,0.574000,-0.383299,-0.278793,-0.667743,0.625162,0.125236,0.186929,-0.747360,0.651061,0.017650,-0.007744,-0.758781,0.611757,0.280116,0.289433,-0.680821,0.599918,0.076164,-0.000591,-0.796428,0.480804,0.165147,0.059903,-0.859049,0.557970,0.242329,-0.007460,-0.793656,0.744721,-0.001440,0.047565,-0.665677,0.832550,0.048725,0.113275,-0.540051,0.734530,-0.051190,0.200066,-0.646390
0.665540,0.111516,0.104553,-0.730541,0.629825,-0.280111,-0.371836,-0.621768,0.708716,0.217555,0.103218,-0.663127,0.715436,-0.021068,0.013867,-0.698223,0.573791,-0.383378,-0.278960,-0.667808,0.625134,0.125261,0.187169,-0.747318,0.651094,0.017602,-0.007565,-0.758755,0.611823,0.279903,0.289243,-0.680930,0.599926,0.075908,-0.000885,-0.796446,0.479990,0.165897,0.060081,-0.859347,0.557284,0.242284,-0.006870,-0.794157,0.744715,-0.000054,0.045897,-0.665803,0.832660,0.049564,0.110978,-0.540282,0.735120,-0.050027,0.197162,-0.646701
0.665454,0.111484,0.104216,-0.730672,0.629620,-0.280098,-0.371972,-0.621900,0.708732,0.217647,0.103531,-0.663031,0.715493,-0.021039,0.013767,-0.698167,0.573529,-0.383447,-0.279238,-0.667876,0.625151,0.125315,0.187516,-0.747208,0.651198,0.017549,-0.007367,-0.758669,0.611721,0.279572,0.289267,-0.681147,0.599859,0.075743,-0.000868,-0.796512,0.479440,0.166553,0.060503,-0.859498,0.556686,0.242411,-0.006053,-0.794544,0.744655,0.001249,0.044305,-0.665976,0.832893,0.050335,0.108781,-0.540299,0.735986,-0.048677,0.193567,-0.646906
0.665516,0.111467,0.103974,-0.730652,0.629448,-0.280286,-0.371988,-0.621981,0.708592,0.217800,0.103773,-0.663093,0.715394,-0.021089,0.013908,-0.698264,0.573298,-0.383655,-0.279345,-0.667910,0.624990,0.125454,0.187744,-0.747262,0.651111,0.017580,-0.007515,-0.758741,0.611517,0.279290,0.289342,-0.681414,0.599731,0.075706,-0.000460,-0.796612,0.479179,0.166808,0.061071,-0.859554,0.556814,0.242584,-0.004379,-0.794413,0.744589,0.002203,0.042632,-0.666157,0.833747,0.050998,0.107031,-0.539267,0.737118,-0.048686,0.192621,-0.645898
0.665505,0.111353,0.103670,-0.730723,0.629272,-0.280421,-0.372067,-0.622050,0.708494,0.218035,0.104098,-0.663069,0.715346,-0.021127,0.013974,-0.698311,0.573054,-0.383846,-0.279505,-0.667944,0.624855,0.125621,0.188019,-0.747278,0.651060,0.017557,-0.007531,-0.758786,0.611372,0.278937,0.289339,-0.681690,0.599662,0.075617,0.000134,-0.796673,0.479095,0.167044,0.061862,-0.859498,0.557151,0.242606,-0.002425,-0.794178,0.744545,0.002848,0.041095,-0.666300,0.834840,0.051478,0.105664,-0.537798,0.738637,-0.048979,0.191927,-0.644345
0.665349,0.111045,0.103242,-0.730972,0.629092,-0.280450,-0.372273,-0.622097,0.708483,0.218434,0.104587,-0.662872,0.715399,-0.021141,0.013889,-0.698258,0.572781,-0.384005,-0.279767,-0.667976,0.624770,0.125840,0.188389,-0.747219,0.651079,0.017429,-0.007283,-0.758774,0.611346,0.278438,0.289182,-0.681984,0.599712,0.075422,0.001101,-0.796653,0.479365,0.167242,0.063103,-0.859219,0.557910,0.242324,0.000088,-0.793735,0.744546,0.002876,0.039828,-0.666375,0.836410,0.051595,0.105069,-0.535460,0.740928,-0.049835,0.191744,-0.641697
0.665330,0.110796,0.102794,-0.731091,0.628876,-0.280637,-0.372452,-0.622124,0.708393,0.218785,0.104998,-0.662788,0.715383,-0.021038,0.013913,-0.698277,0.572475,-0.384265,-0.280060,-0.667966,0.624612,0.126186,0.188836,-0.747180,0.651052,0.017398,-0.007202,-0.758799,0.611338,0.278033,0.288963,-0.682249,0.599776,0.075099,0.002305,-0.796632,0.479571,0.167318,0.064580,-0.858980,0.558573,0.240705,0.004417,-0.793749,0.744571,0.002451,0.038765,-0.666412,0.838226,0.051432,0.105026,-0.532636,0.743891,-0.050444,0.191744,-0.638213
0.665380,0.110575,0.102335,-0.731143,0.628643,-0.280903,-0.372617,-0.622140,0.708263,0.219113,0.105369,-0.662760,0.715333,-0.020876,0.013991,-0.698332,0.572152,-0.384575,-0.280367,-0.667936,0.624418,0.126595,0.189322,-0.747150,0.651001,0.017415,-0.007203,-0.758843,0.611338,0.277674,0.288713,-0.682501,0.599847,0.074712,0.003628,-0.796610,0.479743,0.167334,0.066174,-0.858759,0.559185,0.238410,0.009650,-0.793964,0.744607,0.001798,0.037803,-0.666429,0.840158,0.051121,0.105267,-0.529566,0.747173,-0.050936,0.191842,-0.634299
0.665602,0.110301,0.101908,-0.731042,0.628589,-0.281045,-0.372912,-0.621954,0.708353,0.219443,0.105814,-0.662483,0.715477,-0.020943,0.013925,-0.698183,0.572031,-0.384767,-0.280674,-0.667800,0.624375,0.127003,0.189853,-0.746982,0.651107,0.017452,-0.007177,-0.758751,0.611810,0.277535,0.288182,-0.682359,0.600370,0.073778,0.005722,-0.796292,0.480010,0.167027,0.068686,-0.858473,0.560002,0.239042,0.011262,-0.793177,0.744907,0.000637,0.037404,-0.666118,0.842402,0.050076,0.105732,-0.525997,0.749874,-0.051582,0.191250,-0.631231
0.665741,0.110047,0.101576,-0.731000,0.628506,-0.281266,-0.373153,-0.621793,0.708351,0.219801,0.106197,-0.662306,0.715540,-0.020832,0.013856,-0.698124,0.571900,-0.384982,-0.280923,-0.667683,0.624284,0.127387,0.190284,-0.746883,0.651138,0.017493,-0.007136,-0.758725,0.612282,0.277510,0.287633,-0.682177,0.600881,0.072877,0.007848,-0.795971,0.480236,0.166461,0.071071,-0.858262,0.560518,0.239160,0.012898,-0.792752,0.745183,-0.000506,0.037190,-0.665821,0.844569,0.049011,0.106274,-0.522501,0.752574,-0.052529,0.191074,-0.627983
0.665712,0.109831,0.101433,-0.731079,0.628364,-0.281646,-0.373288,-0.621683,0.708165,0.220217,0.106457,-0.662324,0.715438,-0.020363,0.013780,-0.698243,0.571751,-0.385244,-0.281058,-0.667604,0.624098,0.127725,0.190513,-0.746923,0.651016,0.017544,-0.007065,-0.758828,0.612752,0.277714,0.287050,-0.681918,0.601369,0.072046,0.010041,-0.795653,0.480390,0.165381,0.073203,-0.858205,0.560442,0.238246,0.014582,-0.793052,0.745415,-0.001611,0.037346,-0.665552,0.846604,0.047923,0.106958,-0.519159,0.755289,-0.054074,0.191710,-0.624389
0.665808,0.109554,0.101245,-0.731059,0.628360,-0.281825,-0.373360,-0.621564,0.708084,0.220532,0.106636,-0.662277,0.715390,-0.020390,0.013894,-0.698289,0.571741,-0.385375,-0.281114,-0.667513,0.623990,0.128049,0.190749,-0.746896,0.650987,0.017460,-0.007011,-0.758855,0.613311,0.277802,0.286486,-0.681617,0.601980,0.071151,0.012438,-0.795238,0.480798,0.164020,0.075449,-0.858043,0.559888,0.238219,0.015105,-0.793441,0.745697,-0.002823,0.037717,-0.665211,0.848473,0.046704,0.107755,-0.516044,0.757222,-0.055276,0.191767,-0.621921
0.665966,0.109246,0.101033,-0.730990,0.628425,-0.281902,-0.373400,-0.621438,0.708056,0.220797,0.106776,-0.662197,0.715369,-0.020665,0.014101,-0.698299,0.571801,-0.385440,-0.281130,-0.667417,0.623922,0.128367,0.190989,-0.746837,0.651005,0.017308,-0.006965,-0.758844,0.613914,0.277831,0.285931,-0.681296,0.602652,0.070221,0.014938,-0.794768,0.481335,0.162517,0.077750,-0.857823,0.559101,0.238635,0.015047,-0.793872,0.746004,-0.004089,0.038196,-0.664832,0.850253,0.045423,0.108611,-0.513040,0.758765,-0.056299,0.191540,-0.620015
0.666199,0.109016,0.101016,-0.730815,0.628624,-0.281914,-0.373379,-0.621244,0.708104,0.220843,0.106677,-0.662146,0.715414,-0.020577,0.014118,-0.698255,0.572050,-0.385376,-0.280997,-0.667296,0.623921,0.128617,0.191045,-0.746781,0.651013,0.017403,-0.006937,-0.758835,0.614399,0.277928,0.285562,-0.680974,0.603241,0.069104,0.017295,-0.794372,0.482589,0.160933,0.079959,-0.857213,0.559193,0.237035,0.017826,-0.794229,0.746253,-0.005100,0.038911,-0.664504,0.851255,0.044191,0.109090,-0.511382,0.760702,-0.057717,0.192035,-0.617353
0.666448,0.108889,0.101007,-0.730608,0.628809,-0.281876,-0.373351,-0.621091,0.708167,0.220831,0.106524,-0.662108,0.715465,-0.020411,0.014037,-0.698209,0.572287,-0.385271,-0.280874,-0.667206,0.623949,0.128814,0.191062,-0.746720,0.651043,0.017425,-0.006883,-0.758810,0.614778,0.278004,0.285330,-0.680697,0.603771,0.068125,0.019763,-0.793996,0.484121,0.159341,0.082234,-0.856432,0.559653,0.235603,0.020181,-0.794275,0.746451,-0.006002,0.039761,-0.664225,0.852048,0.042963,0.109418,-0.510094,0.762152,-0.059033,0.192070,-0.615426
0.666729,0.108971,0.101014,-0.730338,0.628966,-0.281735,-0.373311,-0.621020,0.708259,0.220700,0.106261,-0.662094,0.715531,-0.020087,0.013760,-0.698156,0.572499,-0.385084,-0.280768,-0.667177,0.624034,0.128905,0.191000,-0.746649,0.651116,0.017301,-0.006776,-0.758751,0.614947,0.278038,0.285375,-0.680512,0.604187,0.067428,0.022459,-0.793667,0.486208,0.157735,0.084641,-0.855311,0.560850,0.234527,0.021694,-0.793709,0.746546,-0.006688,0.040884,-0.664043,0.852431,0.041739,0.109444,-0.509551,0.762649,-0.060148,0.191175,-0.614981
0.667031,0.108957,0.100976,-0.730070,0.629181,-0.281500,-0.373109,-0.621030,0.708317,0.220486,0.105929,-0.662158,0.715531,-0.020274,0.013916,-0.698148,0.572760,-0.384852,-0.280491,-0.667203,0.624064,0.128966,0.190885,-0.746642,0.651121,0.017294,-0.006874,-0.758745,0.615049,0.277946,0.285421,-0.680438,0.604536,0.066889,0.025047,-0.793369,0.488565,0.156180,0.086896,-0.854026,0.563027,0.233736,0.023828,-0.792339,0.746556,-0.007173,0.041985,-0.663958,0.852378,0.040696,0.109307,-0.509753,0.762392,-0.060616,0.190853,-0.615353
0.667343,0.108894,0.100916,-0.729803,0.629425,-0.281219,-0.372827,-0.621080,0.708356,0.220228,0.105563,-0.662259,0.715498,-0.020716,0.014287,-0.698162,0.573046,-0.384598,-0.280128,-0.667256,0.624067,0.129013,0.190744,-0.746668,0.651093,0.017345,-0.007075,-0.758767,0.615119,0.277791,0.285466,-0.680419,0.604852,0.066429,0.027581,-0.793083,0.491057,0.154657,0.089074,-0.852649,0.565687,0.233094,0.026274,-0.790554,0.746523,-0.007558,0.043075,-0.663921,0.852107,0.039740,0.109091,-0.510327,0.761758,-0.060764,0.190818,-0.616134
0.667502,0.108652,0.100922,-0.729692,0.629730,-0.280911,-0.372682,-0.620997,0.708480,0.220134,0.105249,-0.662209,0.715582,-0.020457,0.014033,-0.698088,0.573457,-0.384232,-0.279814,-0.667245,0.624209,0.129029,0.190504,-0.746608,0.651158,0.017500,-0.007196,-0.758706,0.615379,0.277712,0.285304,-0.680284,0.605258,0.066316,0.029598,-0.792710,0.493580,0.154260,0.091207,-0.851037,0.568603,0.232109,0.029676,-0.788628,0.746503,-0.007527,0.044275,-0.663865,0.851480,0.039332,0.109069,-0.511408,0.760388,-0.061124,0.191386,-0.617613
0.667629,0.108458,0.100945,-0.729602,0.630004,-0.280605,-0.372505,-0.620964,0.708570,0.220008,0.104895,-0.662210,0.715619,-0.020341,0.013875,-0.698057,0.573817,-0.383903,-0.279519,-0.667250,0.624323,0.129032,0.190229,-0.746582,0.651191,0.017488,-0.007144,-0.758678,0.615611,0.277723,0.285112,-0.680150,0.605598,0.066415,0.031333,-0.792375,0.495759,0.154073,0.093041,-0.849605,0.571220,0.231567,0.032744,-0.786773,0.746449,-0.007320,0.045379,-0.663853,0.850716,0.039270,0.109230,-0.512648,0.759032,-0.061163,0.191920,-0.619109
0.667688,0.108363,0.101001,-0.729554,0.630216,-0.280301,-0.372262,-0.621032,0.708594,0.219818,0.104461,-0.662316,0.715562,-0.020509,0.013909,-0.698109,0.574071,-0.383647,-0.279262,-0.667286,0.624382,0.129005,0.189883,-0.746625,0.651163,0.017139,-0.006747,-0.758714,0.615786,0.277913,0.284857,-0.680021,0.605806,0.066940,0.032507,-0.792125,0.497253,0.154294,0.094274,-0.848555,0.573245,0.231907,0.035151,-0.785095,0.746329,-0.006760,0.046293,-0.663931,0.849676,0.039908,0.109758,-0.514210,0.757708,-0.060552,0.192389,-0.620644
0.667829,0.108426,0.101067,-0.729406,0.630435,-0.279919,-0.372039,-0.621115,0.708683,0.219531,0.103987,-0.662391,0.715567,-0.020712,0.014020,-0.698096,0.574346,-0.383308,-0.279022,-0.667344,0.624515,0.128911,0.189551,-0.746614,0.651202,0.017154,-0.006800,-0.758680,0.616090,0.278201,0.284661,-0.679709,0.606115,0.067616,0.033214,-0.791802,0.498148,0.154960,0.095187,-0.847806,0.575335,0.230828,0.039614,-0.783670,0.746339,-0.006032,0.047188,-0.663863,0.848645,0.040841,0.110488,-0.515680,0.756059,-0.059567,0.192810,-0.622616
0.668011,0.108569,0.101138,-0.729208,0.630658,-0.279497,-0.371825,-0.621207,0.708804,0.219195,0.103492,-0.662450,0.715604,-0.020933,0.014170,-0.698049,0.574633,-0.382926,-0.278790,-0.667414,0.624686,0.128783,0.189225,-0.746577,0.651274,0.017350,-0.007077,-0.758611,0.616459,0.278539,0.284494,-0.679307,0.606474,0.068367,0.033689,-0.791442,0.498744,0.155847,0.095941,-0.847208,0.577453,0.229036,0.045103,-0.782340,0.746416,-0.005221,0.048073,-0.663720,0.847617,0.041922,0.111321,-0.517103,0.754241,-0.058397,0.193210,-0.624804
0.668181,0.108802,0.101334,-0.728991,0.630842,-0.279219,-0.371527,-0.621323,0.708814,0.218793,0.102908,-0.662663,0.715525,-0.020791,0.013950,-0.698138,0.574891,-0.382625,-0.278468,-0.667498,0.624761,0.128623,0.188815,-0.746645,0.651244,0.017196,-0.007002,-0.758642,0.616781,0.279052,0.284345,-0.678866,0.606722,0.069282,0.033531,-0.791179,0.498036,0.157352,0.096244,-0.847312,0.577965,0.229227,0.047793,-0.781747,0.746448,-0.004176,0.049068,-0.663619,0.846487,0.043181,0.112096,-0.518681,0.753460,-0.057141,0.195040,-0.625293
0.668331,0.109017,0.101531,-0.728794,0.631052,-0.278881,-0.371249,-0.621428,0.708873,0.218379,0.102334,-0.662825,0.715500,-0.020658,0.013770,-0.698172,0.575174,-0.382285,-0.278162,-0.667577,0.624882,0.128428,0.188394,-0.746683,0.651245,0.017124,-0.006920,-0.758643,0.617138,0.279571,0.284171,-0.678401,0.606978,0.070304,0.033140,-0.790909,0.497287,0.159002,0.096336,-0.847433,0.577727,0.229493,0.049905,-0.781712,0.746494,-0.003026,0.050016,-0.663503,0.845397,0.044604,0.112935,-0.520154,0.752519,-0.055683,0.196539,-0.626089
0.668443,0.109195,0.101732,-0.728637,0.631311,-0.278422,-0.371013,-0.621512,0.709029,0.217942,0.101777,-0.662888,0.715581,-0.020540,0.013670,-0.698094,0.575506,-0.381868,-0.277884,-0.667645,0.625095,0.128166,0.187949,-0.746663,0.651312,0.017218,-0.006825,-0.758584,0.617564,0.280104,0.283948,-0.677886,0.607246,0.071537,0.032281,-0.790628,0.496458,0.160945,0.096005,-0.847590,0.575992,0.229897,0.050862,-0.782812,0.746566,-0.001666,0.050867,-0.663362,0.844391,0.046359,0.113898,-0.521423,0.751255,-0.053830,0.197377,-0.627503
0.668483,0.109386,0.102042,-0.728528,0.631582,-0.277972,-0.370696,-0.621628,0.709122,0.217505,0.101147,-0.663028,0.715560,-0.020860,0.013828,-0.698103,0.575860,-0.381448,-0.277514,-0.667734,0.625266,0.127874,0.187427,-0.746700,0.651333,0.017280,-0.006934,-0.758564,0.617926,0.280623,0.283854,-0.677380,0.607449,0.072876,0.031055,-0.790399,0.495610,0.162885,0.095226,-0.847804,0.574371,0.231446,0.050426,-0.783574,0.746646,-0.000192,0.051606,-0.663217,0.843496,0.048052,0.114491,-0.522587,0.750135,-0.051905,0.198078,-0.628783
0.668487,0.109584,0.102405,-0.728443,0.631859,-0.277526,-0.370338,-0.621758,0.709183,0.217068,0.100481,-0.663208,0.715488,-0.021400,0.014114,-0.698155,0.576224,-0.381026,-0.277098,-0.667834,0.625417,0.127567,0.186866,-0.746767,0.651331,0.017325,-0.007144,-0.758563,0.618257,0.281135,0.283826,-0.676879,0.607616,0.074270,0.029645,-0.790195,0.494750,0.164828,0.094226,-0.848042,0.572804,0.233570,0.049297,-0.784163,0.746728,0.001340,0.052290,-0.663070,0.842654,0.049712,0.114903,-0.523699,0.749084,-0.049946,0.198714,-0.629994
0.668525,0.109976,0.102886,-0.728282,0.632089,-0.277200,-0.370094,-0.621815,0.709289,0.216585,0.099891,-0.663342,0.715517,-0.021219,0.013951,-0.698133,0.576562,-0.380639,-0.276720,-0.667920,0.625596,0.127149,0.186289,-0.746832,0.651351,0.017483,-0.007551,-0.758537,0.618303,0.281639,0.284115,-0.676506,0.607583,0.075702,0.028349,-0.790132,0.494143,0.166573,0.093202,-0.848168,0.573159,0.236242,0.047439,-0.783217,0.746731,0.002935,0.052801,-0.663020,0.841970,0.051394,0.115127,-0.524586,0.748485,-0.048366,0.199014,-0.630734
0.668556,0.110376,0.103296,-0.728134,0.632290,-0.276832,-0.369852,-0.621919,0.709395,0.216114,0.099338,-0.663464,0.715541,-0.021225,0.013901,-0.698110,0.576831,-0.380287,-0.276403,-0.668019,0.625755,0.126775,0.185778,-0.746891,0.651368,0.017530,-0.007732,-0.758520,0.618292,0.282057,0.284440,-0.676205,0.607503,0.077008,0.027027,-0.790114,0.493840,0.168153,0.092117,-0.848152,0.573472,0.237949,0.046288,-0.782539,0.746702,0.004482,0.053257,-0.663008,0.841306,0.052966,0.115215,-0.525475,0.748002,-0.047009,0.199640,-0.631211
0.668577,0.110792,0.103565,-0.728014,0.632433,-0.276380,-0.369610,-0.622118,0.709504,0.215669,0.098858,-0.663565,0.715554,-0.021608,0.014076,-0.698082,0.576964,-0.380005,-0.276206,-0.668146,0.625872,0.126490,0.185401,-0.746935,0.651377,0.017353,-0.007463,-0.758519,0.618168,0.282303,0.284838,-0.676047,0.607330,0.078061,0.025650,-0.790189,0.494148,0.169401,0.090905,-0.847854,0.573713,0.237732,0.046562,-0.782412,0.746612,0.005937,0.053600,-0.663070,0.840685,0.054315,0.115026,-0.526372,0.747756,-0.046095,0.200913,-0.631166
0.668642,0.111311,0.103702,-0.727855,0.632437,-0.276036,-0.369371,-0.622409,0.709513,0.215244,0.098407,-0.663760,0.715498,-0.021720,0.014200,-0.698133,0.576972,-0.379757,-0.276083,-0.668331,0.625952,0.126246,0.185120,-0.746978,0.651378,0.017345,-0.007477,-0.758519,0.617921,0.282491,0.285285,-0.676007,0.607051,0.079015,0.024324,-0.790350,0.494816,0.170513,0.089713,-0.847369,0.574572,0.239336,0.045116,-0.781377,0.746476,0.007294,0.053648,-0.663206,0.840183,0.055676,0.114815,-0.527077,0.747237,-0.045150,0.201492,-0.631664
0.668730,0.111881,0.103773,-0.727677,0.632372,-0.275745,-0.369133,-0.622745,0.709474,0.214828,0.097972,-0.664001,0.715409,-0.021695,0.014299,-0.698223,0.576919,-0.379525,-0.275996,-0.668544,0.626014,0.126024,0.184887,-0.747021,0.651373,0.017423,-0.007632,-0.758519,0.617612,0.282649,0.285756,-0.676024,0.606719,0.079919,0.023023,-0.790553,0.495662,0.171555,0.088528,-0.846788,0.575737,0.241844,0.042808,-0.779876,0.746317,0.008604,0.053547,-0.663378,0.839739,0.057043,0.114594,-0.527686,0.746581,-0.044191,0.201726,-0.632432
0.668639,0.112172,0.104124,-0.727665,0.632456,-0.275583,-0.369067,-0.622771,0.709533,0.214684,0.097775,-0.664013,0.715446,-0.021515,0.014116,-0.698194,0.577041,-0.379359,-0.275885,-0.668579,0.626100,0.125877,0.184642,-0.747035,0.651391,0.017384,-0.007604,-0.758505,0.617345,0.282811,0.286200,-0.676012,0.606456,0.080437,0.022037,-0.790731,0.496818,0.172076,0.087565,-0.846105,0.578388,0.241026,0.044450,-0.778073,0.746227,0.009677,0.053263,-0.663486,0.839411,0.058131,0.114223,-0.528170,0.746239,-0.043394,0.201357,-0.633008
0.668508,0.112414,0.104508,-0.727693,0.632556,-0.275428,-0.369003,-0.622775,0.709589,0.214587,0.097611,-0.664009,0.715483,-0.021372,0.013964,-0.698164,0.577183,-0.379197,-0.275758,-0.668601,0.626185,0.125723,0.184389,-0.747052,0.651405,0.017368,-0.007592,-0.758494,0.617134,0.283009,0.286586,-0.675959,0.606238,0.080849,0.021104,-0.790881,0.497989,0.172506,0.086657,-0.845423,0.580934,0.240169,0.046215,-0.776336,0.746175,0.010673,0.052938,-0.663556,0.839100,0.059139,0.113834,-0.528636,0.745974,-0.042673,0.201118,-0.633446
0.668296,0.112557,0.104958,-0.727801,0.632692,-0.275287,-0.368940,-0.622737,0.709640,0.214581,0.097514,-0.663971,0.715520,-0.021304,0.013875,-0.698129,0.577366,-0.379041,-0.275598,-0.668597,0.626271,0.125557,0.184116,-0.747075,0.651411,0.017401,-0.007614,-0.758487,0.617035,0.283279,0.286853,-0.675823,0.606111,0.081051,0.020278,-0.790979,0.499188,0.172756,0.085865,-0.844745,0.583276,0.239244,0.048232,-0.774742,0.746199,0.011514,0.052531,-0.663548,0.838825,0.059985,0.113409,-0.529068,0.745864,-0.042101,0.201136,-0.633607
0.668201,0.112819,0.105460,-0.727776,0.632822,-0.275239,-0.368802,-0.622708,0.709625,0.214488,0.097345,-0.664041,0.715482,-0.021405,0.014006,-0.698162,0.577556,-0.378928,-0.275415,-0.668572,0.626324,0.125432,0.183933,-0.747097,0.651411,0.017295,-0.007429,-0.758491,0.616945,0.283628,0.287200,-0.675611,0.606028,0.081137,0.019619,-0.791051,0.500277,0.172816,0.085192,-0.844157,0.584915,0.238798,0.048316,-0.773638,0.746283,0.012244,0.052187,-0.663467,0.838540,0.060651,0.112944,-0.529543,0.745762,-0.041188,0.200620,-0.633952
0.668163,0.113139,0.105988,-0.727684,0.632949,-0.275236,-0.368627,-0.622683,0.709579,0.214353,0.097140,-0.664164,0.715407,-0.021589,0.014249,-0.698229,0.577749,-0.378837,-0.275222,-0.668537,0.626360,0.125329,0.183796,-0.747117,0.651408,0.017121,-0.007141,-0.758500,0.616860,0.284016,0.287587,-0.675361,0.605966,0.081165,0.019043,-0.791110,0.501310,0.172780,0.084578,-0.843613,0.586203,0.238593,0.047435,-0.772780,0.746397,0.012917,0.051876,-0.663350,0.838250,0.061227,0.112461,-0.530039,0.745661,-0.040105,0.199836,-0.634387
0.668241,0.113796,0.106723,-0.727403,0.633129,-0.275167,-0.368506,-0.622603,0.709651,0.214109,0.096940,-0.664195,0.715449,-0.021586,0.014204,-0.698187,0.577983,-0.378703,-0.274941,-0.668526,0.626392,0.125179,0.183610,-0.747162,0.651385,0.017322,-0.007438,-0.758513,0.616551,0.284537,0.288359,-0.675095,0.605804,0.081333,0.018835,-0.791222,0.501979,0.172232,0.083957,-0.843388,0.587710,0.235731,0.050397,-0.772326,0.746490,0.013740,0.051658,-0.663246,0.837824,0.061806,0.111780,-0.530788,0.745230,-0.039880,0.200248,-0.634777
0.668255,0.114527,0.107562,-0.727152,0.633288,-0.275140,-0.368400,-0.622516,0.709702,0.213892,0.096749,-0.664238,0.715474,-0.021517,0.014118,-0.698165,0.578211,-0.378576,-0.274695,-0.668502,0.626447,0.124996,0.183409,-0.747195,0.651379,0.017503,-0.007664,-0.758512,0.616168,0.285140,0.289214,-0.674824,0.605589,0.081512,0.018665,-0.791371,0.502465,0.171515,0.083255,-0.843315,0.589189,0.232986,0.054194,-0.771775,0.746573,0.014531,0.051458,-0.663151,0.837456,0.062320,0.111069,-0.531458,0.744638,-0.039307,0.200229,-0.635514
0.668144,0.115403,0.108610,-0.726959,0.633407,-0.275198,-0.368322,-0.622416,0.709712,0.213728,0.096574,-0.664306,0.715469,-0.021318,0.013948,-0.698180,0.578428,-0.378463,-0.274516,-0.668451,0.626551,0.124749,0.183179,-0.747206,0.651406,0.017644,-0.007746,-0.758484,0.615639,0.285904,0.290237,-0.674545,0.605269,0.081714,0.018574,-0.791598,0.502581,0.170458,0.082396,-0.843545,0.590598,0.230491,0.059675,-0.771043,0.746637,0.015256,0.051292,-0.663075,0.837205,0.062701,0.110294,-0.531970,0.743721,-0.038038,0.199345,-0.636941
0.668000,0.116359,0.109654,-0.726782,0.633479,-0.275240,-0.368264,-0.622357,0.709733,0.213554,0.096459,-0.664357,0.715479,-0.021308,0.013992,-0.698169,0.578553,-0.378414,-0.274412,-0.668414,0.626617,0.124560,0.183027,-0.747220,0.651431,0.017601,-0.007741,-0.758464,0.614925,0.286677,0.291329,-0.674397,0.604770,0.082118,0.018396,-0.791942,0.502231,0.169370,0.081295,-0.844079,0.592046,0.224939,0.066918,-0.770977,0.746599,0.015802,0.051172,-0.663115,0.837019,0.062916,0.109585,-0.532384,0.743309,-0.037245,0.197759,-0.637962
0.667839,0.117356,0.110696,-0.726612,0.633530,-0.275275,-0.368216,-0.622319,0.709759,0.213374,0.096374,-0.664399,0.715498,-0.021392,0.014144,-0.698144,0.578632,-0.378397,-0.274346,-0.668382,0.626664,0.124400,0.182914,-0.747234,0.651455,0.017464,-0.007691,-0.758447,0.614118,0.287453,0.292457,-0.674314,0.604183,0.082622,0.018175,-0.792342,0.501646,0.168262,0.080075,-0.844765,0.593471,0.217849,0.075049,-0.771169,0.746511,0.016258,0.051075,-0.663211,0.836866,0.063045,0.108911,-0.532747,0.743147,-0.036691,0.195824,-0.638780
0.667707,0.118002,0.111654,-0.726482,0.633640,-0.275480,-0.368282,-0.622077,0.709779,0.213466,0.096466,-0.664335,0.715537,-0.021394,0.014224,-0.698102,0.578742,-0.378552,-0.274310,-0.668214,0.626623,0.124446,0.182924,-0.747258,0.651402,0.017338,-0.007209,-0.758500,0.613537,0.287976,0.293425,-0.674199,0.603767,0.082792,0.017534,-0.792656,0.499933,0.166964,0.078448,-0.846189,0.592582,0.216575,0.073600,-0.772351,0.746560,0.016110,0.051151,-0.663153,0.836984,0.062439,0.108277,-0.532762,0.743733,-0.037517,0.195891,-0.638028
0.667620,0.118595,0.112370,-0.726356,0.633662,-0.275679,-0.368343,-0.621930,0.709756,0.213592,0.096625,-0.664295,0.715548,-0.021297,0.014222,-0.698094,0.578754,-0.378709,-0.274294,-0.668122,0.626542,0.124525,0.183016,-0.747291,0.651339,0.017289,-0.006974,-0.758558,0.612945,0.288403,0.294222,-0.674207,0.603284,0.082949,0.016701,-0.793025,0.498233,0.165831,0.076722,-0.847571,0.591165,0.215614,0.071460,-0.773904,0.746556,0.015645,0.051165,-0.663167,0.837207,0.061578,0.107735,-0.532622,0.744221,-0.038525,0.195779,-0.637433
0.667624,0.119079,0.112602,-0.726237,0.633510,-0.275866,-0.368392,-0.621973,0.709647,0.213785,0.096922,-0.664306,0.715498,-0.021005,0.014054,-0.698158,0.578567,-0.378869,-0.274319,-0.668182,0.626376,0.124669,0.183276,-0.747342,0.651254,0.017393,-0.007236,-0.758626,0.612334,0.288639,0.294678,-0.674462,0.602665,0.083084,0.015487,-0.793506,0.496566,0.165038,0.074792,-0.848876,0.588694,0.215286,0.067926,-0.776194,0.746446,0.014549,0.051058,-0.663325,0.837637,0.060210,0.107380,-0.532173,0.744515,-0.039897,0.195304,-0.637151
0.667605,0.119328,0.112591,-0.726214,0.633343,-0.275987,-0.368486,-0.622034,0.709600,0.213972,0.097316,-0.664239,0.715515,-0.020881,0.014004,-0.698145,0.578342,-0.379028,-0.274451,-0.668233,0.626260,0.124829,0.183621,-0.747328,0.651235,0.017411,-0.007261,-0.758642,0.611877,0.288643,0.294925,-0.674768,0.602135,0.082855,0.013910,-0.793962,0.495036,0.164251,0.072662,-0.850106,0.586519,0.214420,0.065687,-0.778270,0.746389,0.013008,0.050936,-0.663430,0.838066,0.058562,0.107347,-0.531688,0.744857,-0.041396,0.195231,-0.636679
0.667576,0.119458,0.112460,-0.726240,0.633168,-0.276074,-0.368601,-0.622105,0.709583,0.214154,0.097760,-0.664133,0.715565,-0.020842,0.014014,-0.698094,0.578098,-0.379186,-0.274637,-0.668278,0.626168,0.124996,0.184009,-0.747282,0.651247,0.017386,-0.007165,-0.758633,0.611495,0.288532,0.295066,-0.675099,0.601650,0.082444,0.012152,-0.794401,0.493574,0.163468,0.070432,-0.851294,0.584490,0.213290,0.064094,-0.780238,0.746358,0.011244,0.050809,-0.663507,0.838492,0.056775,0.107478,-0.531183,0.745218,-0.042958,0.195361,-0.636112
0.667219,0.119463,0.112092,-0.726624,0.632811,-0.276023,-0.368653,-0.622460,0.709432,0.214466,0.098180,-0.664132,0.715487,-0.020818,0.014159,-0.698172,0.577615,-0.379336,-0.274866,-0.668516,0.626001,0.125072,0.184259,-0.747348,0.651147,0.017408,-0.007101,-0.758719,0.610970,0.288307,0.294999,-0.675700,0.600957,0.081913,0.010232,-0.795007,0.491708,0.163094,0.068287,-0.852620,0.583649,0.212584,0.061671,-0.781255,0.746120,0.009204,0.050711,-0.663813,0.838813,0.055010,0.108110,-0.530735,0.745632,-0.044591,0.195023,-0.635618
0.666881,0.119366,0.111629,-0.727022,0.632478,-0.275911,-0.368723,-0.622806,0.709331,0.214776,0.098643,-0.664072,0.715460,-0.020740,0.014176,-0.698202,0.577158,-0.379444,-0.275100,-0.668753,0.625872,0.125136,0.184524,-0.747379,0.651086,0.017419,-0.007012,-0.758772,0.610487,0.287947,0.294886,-0.676339,0.600305,0.081365,0.008322,-0.795578,0.490158,0.162743,0.066183,-0.853745,0.582592,0.212488,0.058805,-0.782290,0.745885,0.007047,0.050639,-0.664110,0.839117,0.053137,0.108794,-0.530305,0.745835,-0.046448,0.195050,-0.635239
0.666580,0.119064,0.110973,-0.727447,0.632195,-0.275677,-0.368827,-0.623136,0.709329,0.215080,0.099192,-0.663893,0.715536,-0.020553,0.013934,-0.698134,0.576753,-0.379465,-0.275344,-0.668990,0.625820,0.125175,0.184818,-0.747344,0.651107,0.017408,-0.006875,-0.758755,0.610086,0.287320,0.294682,-0.677056,0.599732,0.080784,0.006430,-0.796086,0.489243,0.162437,0.064161,-0.854481,0.581109,0.213615,0.055051,-0.783358,0.745657,0.004658,0.050615,-0.664388,0.839395,0.051047,0.109577,-0.529909,0.745615,-0.048756,0.195796,-0.635095
0.666263,0.118647,0.110025,-0.727950,0.631852,-0.275267,-0.368793,-0.623685,0.709268,0.215332,0.099685,-0.663803,0.715546,-0.020559,0.013945,-0.698124,0.576261,-0.379409,-0.275504,-0.669381,0.625700,0.125219,0.185111,-0.747365,0.651074,0.017461,-0.007041,-0.758781,0.609522,0.286414,0.294407,-0.678067,0.599006,0.079980,0.004586,-0.796727,0.488268,0.162332,0.062381,-0.855191,0.580567,0.212067,0.054121,-0.784245,0.745239,0.002265,0.050465,-0.664881,0.839541,0.049121,0.110503,-0.529667,0.745185,-0.050780,0.196537,-0.635212
0.665936,0.118174,0.108931,-0.728490,0.631478,-0.274768,-0.368692,-0.624343,0.709179,0.215560,0.100151,-0.663754,0.715523,-0.020661,0.014081,-0.698142,0.575724,-0.379313,-0.275622,-0.669848,0.625547,0.125266,0.185403,-0.747413,0.651014,0.017546,-0.007361,-0.758827,0.608875,0.285370,0.294097,-0.679222,0.598202,0.079063,0.002765,-0.797430,0.487264,0.162329,0.060721,-0.855883,0.580492,0.209184,0.054607,-0.785041,0.744722,-0.000127,0.050254,-0.665480,0.839617,0.047278,0.111504,-0.529505,0.744647,-0.052662,0.197278,-0.635460
0.665732,0.117603,0.107866,-0.728928,0.631187,-0.274360,-0.368617,-0.624860,0.709118,0.215755,0.100550,-0.663695,0.715522,-0.020613,0.014059,-0.698144,0.575315,-0.379214,-0.275771,-0.670194,0.625476,0.125314,0.185673,-0.747396,0.651015,0.017478,-0.007194,-0.758830,0.608047,0.284142,0.293924,-0.680552,0.597294,0.078126,0.001164,-0.798207,0.485930,0.162843,0.059574,-0.856624,0.580595,0.209739,0.053331,-0.784904,0.744069,-0.002180,0.049988,-0.666226,0.839547,0.045947,0.112669,-0.529486,0.744353,-0.053379,0.198244,-0.635444
0.665508,0.117185,0.106949,-0.729335,0.630907,-0.273941,-0.368536,-0.625375,0.709075,0.215885,0.100897,-0.663646,0.715530,-0.020660,0.014131,-0.698133,0.574916,-0.379110,-0.275924,-0.670532,0.625428,0.125313,0.185903,-0.747380,0.651026,0.017390,-0.006999,-0.758824,0.607202,0.283085,0.293858,-0.681775,0.596405,0.077271,-0.000249,-0.798956,0.484581,0.163147,0.058467,-0.857407,0.580199,0.210273,0.052449,-0.785113,0.743442,-0.003935,0.049720,-0.666938,0.839456,0.044877,0.113735,-0.529494,0.744224,-0.053780,0.198910,-0.635352
0.665246,0.117071,0.106326,-0.729683,0.630646,-0.273500,-0.368442,-0.625887,0.709067,0.215884,0.101143,-0.663618,0.715553,-0.020901,0.014393,-0.698097,0.574537,-0.378995,-0.276084,-0.670856,0.625423,0.125211,0.186054,-0.747363,0.651058,0.017260,-0.006748,-0.758802,0.606329,0.282363,0.294006,-0.682786,0.595557,0.076582,-0.001286,-0.799653,0.483197,0.163023,0.057446,-0.858279,0.578800,0.210763,0.052363,-0.786020,0.742873,-0.005097,0.049447,-0.667584,0.839331,0.044323,0.114596,-0.529553,0.744435,-0.053554,0.198965,-0.635107
0.665046,0.117213,0.106053,-0.729882,0.630446,-0.273201,-0.368396,-0.626245,0.709079,0.215846,0.101334,-0.663587,0.715601,-0.020754,0.014280,-0.698055,0.574266,-0.378894,-0.276156,-0.671116,0.625423,0.125062,0.186129,-0.747369,0.651080,0.017225,-0.006763,-0.758783,0.605515,0.281979,0.294360,-0.683514,0.594863,0.075880,-0.001606,-0.800236,0.481900,0.162425,0.056942,-0.859155,0.578446,0.208976,0.055386,-0.786550,0.742381,-0.005621,0.049513,-0.668122,0.839291,0.044180,0.115267,-0.529483,0.744346,-0.053349,0.198878,-0.635255
0.664877,0.117482,0.105955,-0.730007,0.630277,-0.272972,-0.368374,-0.626528,0.709102,0.215790,0.101498,-0.663557,0.715660,-0.020414,0.013980,-0.698010,0.574049,-0.378799,-0.276183,-0.671343,0.625426,0.124888,0.186166,-0.747387,0.651097,0.017239,-0.006911,-0.758767,0.604730,0.281763,0.294817,-0.684101,0.594247,0.075171,-0.001567,-0.800761,0.480645,0.161588,0.056697,-0.860032,0.578595,0.206061,0.059975,-0.786873,0.741927,-0.005825,0.049749,-0.668607,0.839293,0.044244,0.115843,-0.529348,0.744108,-0.053155,0.198721,-0.635600
0.664619,0.117661,0.106165,-0.730182,0.630167,-0.273020,-0.368282,-0.626672,0.708970,0.215860,0.101614,-0.663657,0.715533,-0.020642,0.014161,-0.698130,0.573932,-0.378849,-0.276174,-0.671419,0.625379,0.124772,0.186163,-0.747447,0.651045,0.017205,-0.006809,-0.758814,0.603859,0.281631,0.295373,-0.684685,0.593616,0.074666,-0.000840,-0.801277,0.478737,0.160216,0.056774,-0.861347,0.578436,0.200816,0.067001,-0.787779,0.741413,-0.005192,0.049650,-0.669189,0.839364,0.045036,0.115883,-0.529161,0.743956,-0.052654,0.199205,-0.635668
0.664415,0.117751,0.106253,-0.730341,0.630075,-0.273016,-0.368240,-0.626791,0.708901,0.215954,0.101806,-0.663671,0.715487,-0.020760,0.014258,-0.698172,0.573831,-0.378867,-0.276184,-0.671491,0.625356,0.124695,0.186230,-0.747462,0.651036,0.017215,-0.006766,-0.758821,0.603026,0.281399,0.295835,-0.685314,0.593011,0.074116,-0.000020,-0.801776,0.476914,0.158676,0.056884,-0.862635,0.577951,0.196539,0.073131,-0.788668,0.740871,-0.004410,0.049432,-0.669811,0.839450,0.046025,0.115886,-0.528939,0.744180,-0.051851,0.199549,-0.635364
0.664316,0.117662,0.106096,-0.730468,0.630023,-0.272907,-0.368296,-0.626858,0.708958,0.216095,0.102151,-0.663511,0.715601,-0.020654,0.014190,-0.698059,0.573759,-0.378821,-0.276233,-0.671558,0.625385,0.124695,0.186437,-0.747386,0.651115,0.017312,-0.006842,-0.758751,0.602268,0.280968,0.296111,-0.686039,0.592455,0.073478,0.000982,-0.802245,0.475264,0.156805,0.057058,-0.863876,0.576872,0.194165,0.077432,-0.789634,0.740273,-0.003328,0.048971,-0.670512,0.839567,0.047403,0.115815,-0.528646,0.745154,-0.050446,0.199612,-0.634316
0.664165,0.117542,0.105865,-0.730658,0.629874,-0.272903,-0.368315,-0.626998,0.708879,0.216324,0.102476,-0.663470,0.715576,-0.020584,0.014181,-0.698087,0.573561,-0.378893,-0.276301,-0.671659,0.625277,0.124815,0.186663,-0.747400,0.651064,0.017331,-0.006723,-0.758795,0.601569,0.280404,0.296433,-0.686743,0.592021,0.072496,0.002410,-0.802652,0.473547,0.154994,0.057870,-0.865090,0.575519,0.192215,0.078865,-0.790956,0.739707,-0.001923,0.048384,-0.671185,0.839649,0.049029,0.115483,-0.528440,0.745809,-0.049145,0.199713,-0.633615
0.663988,0.117406,0.105598,-0.730880,0.629678,-0.272951,-0.368314,-0.627175,0.708732,0.216598,0.102791,-0.663489,0.715482,-0.020531,0.014204,-0.698185,0.573299,-0.379024,-0.276378,-0.671777,0.625101,0.124996,0.186898,-0.747458,0.650947,0.017311,-0.006508,-0.758897,0.600899,0.279774,0.296779,-0.687436,0.591645,0.071344,0.004051,-0.803025,0.471796,0.153211,0.059000,-0.866287,0.574039,0.190464,0.078863,-0.792454,0.739153,-0.000357,0.047731,-0.671844,0.839712,0.050778,0.115017,-0.528277,0.746305,-0.047898,0.199830,-0.633090
0.663899,0.117263,0.105356,-0.731018,0.629576,-0.272921,-0.368389,-0.627246,0.708726,0.216828,0.103149,-0.663365,0.715534,-0.020513,0.014237,-0.698132,0.573152,-0.379072,-0.276475,-0.671835,0.625044,0.125137,0.187172,-0.747414,0.650974,0.017374,-0.006704,-0.758872,0.600442,0.279327,0.296931,-0.687952,0.591436,0.070142,0.006060,-0.803272,0.470721,0.151455,0.060597,-0.867071,0.571808,0.189350,0.079432,-0.794275,0.738686,0.001808,0.046591,-0.672435,0.839619,0.052909,0.113758,-0.528488,0.746884,-0.045975,0.199272,-0.632725
0.663778,0.117135,0.105174,-0.731175,0.629481,-0.272905,-0.368453,-0.627311,0.708703,0.217074,0.103488,-0.663257,0.715563,-0.020491,0.014237,-0.698103,0.573019,-0.379120,-0.276552,-0.671891,0.624984,0.125260,0.187411,-0.747384,0.650987,0.017405,-0.006832,-0.758859,0.599984,0.278934,0.297092,-0.688441,0.591227,0.068925,0.008129,-0.803513,0.469757,0.149808,0.062328,-0.867756,0.570028,0.188040,0.080395,-0.795767,0.738207,0.004177,0.045366,-0.673034,0.839479,0.055176,0.112289,-0.528793,0.747331,-0.043757,0.198699,-0.632535
0.663594,0.117036,0.105112,-0.731366,0.629396,-0.272918,-0.368494,-0.627366,0.708644,0.217350,0.103789,-0.663182,0.715545,-0.020459,0.014169,-0.698123,0.572912,-0.379165,-0.276587,-0.671942,0.624918,0.125350,0.187579,-0.747381,0.650973,0.017371,-0.006826,-0.758872,0.599526,0.278652,0.297269,-0.688878,0.591022,0.067674,0.010318,-0.803746,0.469019,0.148382,0.064329,-0.868255,0.569153,0.186352,0.082153,-0.796610,0.737707,0.006958,0.043976,-0.673651,0.839247,0.057716,0.110406,-0.529286,0.747518,-0.040944,0.198103,-0.632689
0.663490,0.116961,0.105038,-0.731483,0.629339,-0.272910,-0.368507,-0.627419,0.708597,0.217565,0.104029,-0.663125,0.715529,-0.020562,0.014258,-0.698135,0.572807,-0.379242,-0.276642,-0.671965,0.624832,0.125509,0.187764,-0.747380,0.650945,0.017169,-0.006562,-0.758902,0.599183,0.278438,0.297378,-0.689216,0.590898,0.066622,0.012493,-0.803894,0.468366,0.147141,0.066349,-0.868666,0.568307,0.185369,0.083291,-0.797326,0.737293,0.009785,0.042324,-0.674175,0.839082,0.060424,0.108547,-0.529630,0.747892,-0.038256,0.196234,-0.632998
0.663426,0.116897,0.104957,-0.731563,0.629297,-0.272891,-0.368505,-0.627471,0.708555,0.217748,0.104238,-0.663076,0.715513,-0.020733,0.014425,-0.698143,0.572704,-0.379335,-0.276707,-0.671974,0.624736,0.125703,0.187957,-0.747380,0.650911,0.016882,-0.006169,-0.758941,0.598896,0.278260,0.297452,-0.689505,0.590815,0.065671,0.014661,-0.803996,0.467756,0.145992,0.068377,-0.869031,0.567476,0.184735,0.084118,-0.797977,0.736916,0.012633,0.040540,-0.674649,0.838946,0.063214,0.106698,-0.529895,0.748348,-0.035633,0.193724,-0.633385
0.663482,0.116693,0.104611,-0.731594,0.629255,-0.272794,-0.368444,-0.627591,0.708509,0.217918,0.104491,-0.663029,0.715518,-0.020580,0.014380,-0.698143,0.572649,-0.379279,-0.276634,-0.672082,0.624659,0.125854,0.188220,-0.747352,0.650899,0.017104,-0.006335,-0.758945,0.598788,0.277928,0.297306,-0.689795,0.590837,0.064542,0.016569,-0.804034,0.467678,0.144853,0.070231,-0.869116,0.566728,0.184455,0.086232,-0.798348,0.736685,0.014783,0.038485,-0.674978,0.839265,0.065253,0.104754,-0.529531,0.749104,-0.034479,0.192757,-0.632850
0.663495,0.116512,0.104380,-0.731645,0.629250,-0.272681,-0.368374,-0.627686,0.708487,0.218047,0.104698,-0.662979,0.715535,-0.020473,0.014333,-0.698130,0.572636,-0.379211,-0.276528,-0.672175,0.624600,0.125943,0.188389,-0.747344,0.650884,0.017241,-0.006455,-0.758954,0.598723,0.277672,0.297198,-0.690002,0.590902,0.063439,0.018415,-0.804035,0.467756,0.143830,0.072083,-0.869092,0.566201,0.184161,0.088002,-0.798597,0.736544,0.016680,0.036468,-0.675200,0.839759,0.066973,0.102813,-0.528913,0.750135,-0.033448,0.191621,-0.632029
0.663422,0.116378,0.104375,-0.731733,0.629322,-0.272535,-0.368284,-0.627730,0.708511,0.218093,0.104813,-0.662920,0.715573,-0.020459,0.014283,-0.698092,0.572709,-0.379118,-0.276354,-0.672237,0.624578,0.125910,0.188368,-0.747373,0.650860,0.017210,-0.006481,-0.758975,0.598742,0.277570,0.297167,-0.690040,0.591052,0.062388,0.020137,-0.803965,0.468149,0.143041,0.073930,-0.868855,0.566125,0.183842,0.089085,-0.798604,0.736589,0.018071,0.034535,-0.675217,0.840609,0.068063,0.100885,-0.527794,0.751712,-0.032658,0.190155,-0.630638
0.663354,0.116459,0.104500,-0.731764,0.629368,-0.272402,-0.368170,-0.627808,0.708526,0.218008,0.104809,-0.662932,0.715587,-0.020422,0.014220,-0.698080,0.572785,-0.378983,-0.276191,-0.672314,0.624613,0.125762,0.188295,-0.747387,0.650870,0.017230,-0.006482,-0.758966,0.598840,0.277689,0.297225,-0.689882,0.591279,0.061669,0.021734,-0.803812,0.468475,0.142439,0.075623,-0.868633,0.566700,0.182853,0.090534,-0.798261,0.736801,0.018979,0.032896,-0.675042,0.841679,0.068590,0.099169,-0.526343,0.753315,-0.031878,0.188459,-0.629272
0.663288,0.116647,0.104689,-0.731766,0.629401,-0.272276,-0.368044,-0.627904,0.708537,0.217858,0.104745,-0.662980,0.715588,-0.020372,0.014150,-0.698082,0.572863,-0.378828,-0.276035,-0.672400,0.624677,0.125557,0.188195,-0.747393,0.650897,0.017275,-0.006470,-0.758942,0.598977,0.277920,0.297328,-0.689626,0.591545,0.061115,0.023270,-0.803616,0.468768,0.141930,0.077237,-0.868416,0.567601,0.181530,0.092167,-0.797735,0.737097,0.019646,0.031405,-0.674771,0.842858,0.068835,0.097559,-0.524724,0.754929,-0.031104,0.186650,-0.627914
0.663303,0.116859,0.104940,-0.731683,0.629488,-0.272171,-0.367855,-0.627974,0.708533,0.217655,0.104623,-0.663070,0.715558,-0.020589,0.014344,-0.698102,0.572961,-0.378743,-0.275806,-0.672459,0.624657,0.125428,0.188118,-0.747451,0.650853,0.017226,-0.006382,-0.758982,0.599080,0.278205,0.297450,-0.689368,0.591751,0.061050,0.024450,-0.803434,0.469030,0.141527,0.078331,-0.868242,0.567896,0.180525,0.092999,-0.797657,0.737432,0.019602,0.030324,-0.674456,0.844458,0.068353,0.096399,-0.522422,0.756795,-0.032468,0.185202,-0.626025
0.663318,0.117044,0.105153,-0.731610,0.629569,-0.272057,-0.367687,-0.628040,0.708540,0.217465,0.104513,-0.663141,0.715544,-0.020719,0.014444,-0.698111,0.573072,-0.378621,-0.275600,-0.672517,0.624684,0.125259,0.188016,-0.747483,0.650849,0.017230,-0.006399,-0.758985,0.599210,0.278425,0.297581,-0.689110,0.591981,0.060969,0.025475,-0.803239,0.469262,0.141241,0.079331,-0.868073,0.568072,0.179811,0.093638,-0.797618,0.737826,0.019262,0.029267,-0.674081,0.846094,0.067607,0.095373,-0.520056,0.758768,-0.033921,0.183611,-0.624025
0.663332,0.117174,0.105291,-0.731557,0.629640,-0.271925,-0.367559,-0.628100,0.708572,0.217300,0.104428,-0.663175,0.715561,-0.020672,0.014358,-0.698097,0.573212,-0.378422,-0.275442,-0.672575,0.624805,0.125010,0.187864,-0.747461,0.650925,0.017342,-0.006629,-0.758915,0.599394,0.278514,0.297729,-0.688850,0.592256,0.060856,0.026192,-0.803021,0.469430,0.141188,0.080145,-0.867916,0.568009,0.179676,0.093892,-0.797663,0.738338,0.018331,0.028262,-0.673589,0.847807,0.066334,0.094617,-0.517562,0.760962,-0.035548,0.181748,-0.621804
0.663409,0.117323,0.105320,-0.731458,0.629700,-0.271727,-0.367440,-0.628196,0.708645,0.217081,0.104361,-0.663179,0.715620,-0.020656,0.014278,-0.698038,0.573277,-0.378276,-0.275307,-0.672657,0.624849,0.124897,0.187845,-0.747448,0.650960,0.017275,-0.006517,-0.758888,0.599558,0.278612,0.297791,-0.688641,0.592473,0.060833,0.026737,-0.802845,0.469604,0.141231,0.080785,-0.867755,0.568101,0.179285,0.093802,-0.797696,0.738796,0.017085,0.027550,-0.673149,0.849550,0.064645,0.093950,-0.515033,0.763306,-0.036522,0.180285,-0.619296
0.663519,0.117481,0.105294,-0.731337,0.629754,-0.271496,-0.367324,-0.628310,0.708739,0.216837,0.104303,-0.663168,0.715700,-0.020655,0.014203,-0.697958,0.573304,-0.378157,-0.275183,-0.672751,0.624854,0.124852,0.187891,-0.747440,0.650975,0.017118,-0.006235,-0.758881,0.599712,0.278714,0.297811,-0.688457,0.592660,0.060855,0.027195,-0.802690,0.469781,0.141321,0.081339,-0.867593,0.568269,0.178766,0.093541,-0.797724,0.739224,0.015682,0.026984,-0.672736,0.851301,0.062748,0.093329,-0.512483,0.765720,-0.037170,0.179031,-0.616636
0.663575,0.117567,0.105387,-0.731259,0.629802,-0.271456,-0.367154,-0.628378,0.708682,0.216738,0.104229,-0.663273,0.715633,-0.020706,0.014289,-0.698023,0.573389,-0.378067,-0.274945,-0.672826,0.624831,0.124697,0.187789,-0.747511,0.650925,0.017298,-0.006590,-0.758916,0.600235,0.279065,0.297570,-0.687963,0.593078,0.061299,0.027038,-0.802352,0.469898,0.141894,0.081353,-0.867435,0.567291,0.178443,0.092794,-0.798579,0.739804,0.014266,0.026774,-0.672138,0.853023,0.060930,0.093116,-0.509872,0.767514,-0.039291,0.178277,-0.614488
0.663594,0.117679,0.105572,-0.731197,0.629875,-0.271415,-0.367006,-0.628409,0.708654,0.216636,0.104155,-0.663348,0.715596,-0.020748,0.014368,-0.698058,0.573500,-0.377980,-0.274728,-0.672870,0.624826,0.124557,0.187688,-0.747563,0.650891,0.017385,-0.006734,-0.758942,0.600765,0.279473,0.297375,-0.687419,0.593519,0.061775,0.026955,-0.801993,0.470020,0.142453,0.081429,-0.867270,0.566411,0.178054,0.092200,-0.799359,0.740367,0.012979,0.026774,-0.671544,0.854674,0.059263,0.093046,-0.507309,0.769289,-0.041274,0.177577,-0.612337
0.663542,0.117842,0.105941,-0.731165,0.629998,-0.271368,-0.366904,-0.628366,0.708682,0.216529,0.104084,-0.663364,0.715617,-0.020768,0.014430,-0.698035,0.573662,-0.377897,-0.274550,-0.672851,0.624859,0.124452,0.187586,-0.747579,0.650887,0.017283,-0.006457,-0.758951,0.601309,0.279993,0.297274,-0.686775,0.594005,0.062316,0.027019,-0.801589,0.470150,0.142988,0.081628,-0.867093,0.565732,0.177532,0.091909,-0.799989,0.740905,0.011951,0.027195,-0.670952,0.856201,0.057898,0.093257,-0.504847,0.771041,-0.042982,0.176985,-0.610184
0.663551,0.117929,0.106233,-0.731100,0.630150,-0.271300,-0.366822,-0.628291,0.708741,0.216460,0.104066,-0.663327,0.715672,-0.020808,0.014457,-0.697977,0.573860,-0.377782,-0.274312,-0.672844,0.624875,0.124393,0.187533,-0.747589,0.650894,0.017301,-0.006597,-0.758943,0.602005,0.280533,0.296998,-0.686064,0.594584,0.062930,0.026987,-0.801112,0.470423,0.143513,0.081706,-0.866851,0.564278,0.177413,0.091040,-0.801141,0.741433,0.011223,0.027672,-0.670363,0.857468,0.056864,0.093451,-0.502774,0.772812,-0.043390,0.175953,-0.608211
0.663591,0.117978,0.106486,-0.731019,0.630316,-0.271222,-0.366750,-0.628200,0.708814,0.216410,0.104074,-0.663263,0.715743,-0.020857,0.014466,-0.697903,0.574076,-0.377651,-0.274043,-0.672843,0.624883,0.124358,0.187505,-0.747595,0.650907,0.017379,-0.006946,-0.758927,0.602775,0.281083,0.296634,-0.685319,0.595209,0.063581,0.026908,-0.800599,0.470765,0.144033,0.081723,-0.866577,0.562431,0.177503,0.089885,-0.802549,0.741955,0.010644,0.028176,-0.669773,0.858604,0.055996,0.093635,-0.500895,0.774590,-0.043143,0.174705,-0.606323
0.663700,0.117877,0.106489,-0.730936,0.630417,-0.271200,-0.366599,-0.628196,0.708762,0.216455,0.104129,-0.663295,0.715701,-0.020816,0.014444,-0.697947,0.574236,-0.377547,-0.273912,-0.672817,0.624912,0.124427,0.187614,-0.747531,0.650953,0.017344,-0.006674,-0.758890,0.603246,0.281219,0.296364,-0.684967,0.595602,0.063971,0.026995,-0.800274,0.470906,0.144506,0.081965,-0.866399,0.561831,0.175713,0.089775,-0.803375,0.742193,0.010427,0.028614,-0.669494,0.859302,0.055730,0.094023,-0.499654,0.775494,-0.043764,0.174803,-0.605093
0.663817,0.117778,0.106469,-0.730848,0.630520,-0.271147,-0.366452,-0.628201,0.708722,0.216507,0.104180,-0.663314,0.715669,-0.020830,0.014473,-0.697979,0.574377,-0.377457,-0.273767,-0.672806,0.624909,0.124531,0.187741,-0.747485,0.650976,0.017287,-0.006416,-0.758874,0.603681,0.281316,0.296116,-0.684650,0.595969,0.064415,0.027099,-0.799961,0.471082,0.144946,0.082184,-0.866209,0.561309,0.174104,0.089904,-0.804076,0.742377,0.010458,0.029054,-0.669271,0.859842,0.055724,0.094355,-0.498661,0.776188,-0.043953,0.174904,-0.604160
0.663951,0.117679,0.106401,-0.730752,0.630630,-0.271029,-0.366314,-0.628222,0.708705,0.216571,0.104222,-0.663304,0.715655,-0.020951,0.014603,-0.697987,0.574480,-0.377394,-0.273595,-0.672824,0.624839,0.124705,0.187903,-0.747474,0.650951,0.017188,-0.006185,-0.758900,0.604046,0.281336,0.295915,-0.684406,0.596287,0.064970,0.027237,-0.799674,0.471328,0.145319,0.082359,-0.865996,0.560947,0.172854,0.090513,-0.804529,0.742453,0.010985,0.029497,-0.669158,0.860071,0.056235,0.094573,-0.498168,0.776462,-0.043283,0.175014,-0.603825
0.664068,0.117616,0.106317,-0.730669,0.630699,-0.270936,-0.366214,-0.628251,0.708685,0.216649,0.104287,-0.663290,0.715653,-0.020870,0.014590,-0.697992,0.574567,-0.377297,-0.273435,-0.672869,0.624798,0.124822,0.188016,-0.747460,0.650941,0.017209,-0.006180,-0.758908,0.604362,0.281386,0.295706,-0.684198,0.596561,0.065479,0.027492,-0.799420,0.471566,0.145530,0.082582,-0.865810,0.560587,0.171233,0.092719,-0.804875,0.742426,0.011843,0.030079,-0.669147,0.860100,0.057031,0.094696,-0.498004,0.776509,-0.042675,0.175777,-0.603585
0.664177,0.117570,0.106223,-0.730591,0.630748,-0.270854,-0.366131,-0.628285,0.708664,0.216733,0.104365,-0.663272,0.715657,-0.020687,0.014506,-0.697995,0.574648,-0.377183,-0.273282,-0.672926,0.624771,0.124910,0.188106,-0.747445,0.650940,0.017290,-0.006288,-0.758907,0.604653,0.281451,0.295492,-0.684006,0.596812,0.065966,0.027806,-0.799181,0.471801,0.145659,0.082830,-0.865636,0.560228,0.169420,0.095718,-0.805158,0.742348,0.012865,0.030731,-0.669186,0.860029,0.057970,0.094774,-0.498004,0.776444,-0.042101,0.176866,-0.603391
0.664211,0.117434,0.106415,-0.730554,0.631000,-0.270660,-0.366008,-0.628188,0.708766,0.216738,0.104397,-0.663156,0.715731,-0.021145,0.014714,-0.697901,0.574935,-0.377014,-0.273010,-0.672886,0.624793,0.124989,0.188108,-0.747414,0.650969,0.017238,-0.006304,-0.758882,0.605027,0.281649,0.295291,-0.683680,0.597155,0.066139,0.028262,-0.798894,0.471658,0.145529,0.083208,-0.865700,0.560274,0.168026,0.098233,-0.805116,0.742322,0.014376,0.031159,-0.669165,0.859848,0.059444,0.094700,-0.498157,0.776065,-0.040330,0.177102,-0.603930
0.664216,0.117292,0.106608,-0.730544,0.631224,-0.270507,-0.365867,-0.628112,0.708820,0.216764,0.104410,-0.663088,0.715774,-0.021373,0.014865,-0.697847,0.575206,-0.376853,-0.272730,-0.672858,0.624805,0.125044,0.188087,-0.747400,0.650978,0.017155,-0.006207,-0.758878,0.605347,0.281820,0.295120,-0.683401,0.597456,0.066209,0.028728,-0.798648,0.471523,0.145360,0.083612,-0.865763,0.560127,0.166341,0.100291,-0.805314,0.742262,0.015935,0.031521,-0.669178,0.859597,0.061017,0.094652,-0.498408,0.775734,-0.038442,0.177232,-0.604440
0.664164,0.117142,0.106803,-0.730586,0.631391,-0.270434,-0.365691,-0.628077,0.708778,0.216832,0.104384,-0.663115,0.715756,-0.021144,0.014899,-0.697871,0.575443,-0.376707,-0.272434,-0.672857,0.624796,0.125050,0.188022,-0.747423,0.650946,0.017010,-0.005883,-0.758911,0.605558,0.281934,0.295008,-0.683215,0.597669,0.066070,0.029214,-0.798482,0.471400,0.145112,0.084068,-0.865827,0.559599,0.164077,0.101434,-0.806002,0.742136,0.017591,0.031750,-0.669265,0.859209,0.062788,0.094652,-0.498858,0.775499,-0.036320,0.177147,-0.604897
0.664226,0.117189,0.106963,-0.730500,0.631527,-0.270314,-0.365505,-0.628101,0.708757,0.216792,0.104307,-0.663163,0.715736,-0.021033,0.014895,-0.697896,0.575633,-0.376543,-0.272155,-0.672900,0.624787,0.125038,0.187967,-0.747445,0.650922,0.017014,-0.005876,-0.758931,0.605557,0.281999,0.295128,-0.683138,0.597753,0.065904,0.029882,-0.798408,0.471208,0.144636,0.084589,-0.865961,0.558835,0.163406,0.100956,-0.806728,0.741944,0.019203,0.031987,-0.669423,0.858918,0.064444,0.094549,-0.499166,0.775527,-0.034646,0.177244,-0.604931
0.664344,0.117335,0.107104,-0.730348,0.631646,-0.270170,-0.365315,-0.628153,0.708747,0.216698,0.104204,-0.663221,0.715714,-0.020981,0.014872,-0.697920,0.575799,-0.376369,-0.271885,-0.672964,0.624780,0.125016,0.187917,-0.747468,0.650902,0.017093,-0.006026,-0.758946,0.605450,0.282038,0.295363,-0.683114,0.597772,0.065724,0.030642,-0.798380,0.470981,0.144047,0.085144,-0.866128,0.557951,0.163533,0.099669,-0.807474,0.741717,0.020793,0.032227,-0.669616,0.858675,0.066041,0.094394,-0.499406,0.775686,-0.033195,0.177432,-0.604754
0.664399,0.117669,0.107192,-0.730231,0.631717,-0.269793,-0.365225,-0.628296,0.708920,0.216455,0.104195,-0.663116,0.715884,-0.020923,0.014749,-0.697749,0.575876,-0.376095,-0.271744,-0.673108,0.624894,0.124856,0.187892,-0.747406,0.651007,0.017217,-0.006285,-0.758850,0.605233,0.282117,0.295705,-0.683127,0.597701,0.065397,0.031345,-0.798432,0.471549,0.143135,0.085533,-0.865932,0.556429,0.163772,0.098258,-0.808647,0.741503,0.022224,0.032235,-0.669806,0.858438,0.067275,0.093763,-0.499767,0.775680,-0.033164,0.177758,-0.604667
0.664404,0.117964,0.107329,-0.730159,0.631768,-0.269509,-0.365070,-0.628456,0.708984,0.216279,0.104148,-0.663112,0.715941,-0.020896,0.014701,-0.697693,0.575941,-0.375879,-0.271567,-0.673245,0.624939,0.124739,0.187848,-0.747398,0.651039,0.017268,-0.006385,-0.758821,0.605020,0.282233,0.296011,-0.683135,0.597627,0.065167,0.032093,-0.798477,0.472215,0.141985,0.085805,-0.865731,0.555074,0.163933,0.095634,-0.809860,0.741277,0.023656,0.032243,-0.670007,0.858063,0.068501,0.093097,-0.500368,0.775453,-0.032727,0.177954,-0.604925
0.664309,0.118180,0.107566,-0.730176,0.631783,-0.269411,-0.364787,-0.628648,0.708828,0.216236,0.104025,-0.663313,0.715770,-0.020934,0.014804,-0.697866,0.575980,-0.375780,-0.271314,-0.673369,0.624848,0.124710,0.187767,-0.747500,0.650923,0.017172,-0.006166,-0.758925,0.604816,0.282423,0.296245,-0.683135,0.597543,0.065129,0.032932,-0.798508,0.473076,0.140362,0.085840,-0.865523,0.554045,0.163938,0.090578,-0.811144,0.741030,0.025089,0.032250,-0.670228,0.857415,0.069714,0.092362,-0.501446,0.774781,-0.031480,0.177887,-0.605871
0.664264,0.118279,0.107699,-0.730181,0.631879,-0.269155,-0.364576,-0.628784,0.708840,0.216121,0.103949,-0.663349,0.715771,-0.020989,0.014879,-0.697861,0.576117,-0.375548,-0.271077,-0.673476,0.624891,0.124613,0.187688,-0.747500,0.650944,0.017057,-0.006020,-0.758910,0.604675,0.282471,0.296419,-0.683165,0.597523,0.065230,0.033881,-0.798475,0.474298,0.138235,0.085671,-0.865213,0.553970,0.162096,0.089221,-0.811715,0.740802,0.026341,0.032333,-0.670428,0.856672,0.070966,0.092081,-0.502592,0.773853,-0.029252,0.176965,-0.607436
0.664245,0.118319,0.107780,-0.730180,0.632015,-0.268821,-0.364400,-0.628892,0.708937,0.215970,0.103895,-0.663303,0.715859,-0.021053,0.014940,-0.697768,0.576303,-0.375250,-0.270847,-0.673576,0.625001,0.124481,0.187611,-0.747449,0.651033,0.016932,-0.005909,-0.758837,0.604565,0.282447,0.296564,-0.683209,0.597535,0.065402,0.034885,-0.798410,0.475702,0.135860,0.085393,-0.864846,0.554372,0.159325,0.089703,-0.811936,0.740583,0.027501,0.032455,-0.670617,0.855878,0.072238,0.092027,-0.503772,0.772784,-0.026536,0.175615,-0.609311
0.664158,0.118437,0.108100,-0.730193,0.632156,-0.268639,-0.364183,-0.628953,0.708922,0.215920,0.103821,-0.663347,0.715850,-0.020833,0.014853,-0.697785,0.576501,-0.375044,-0.270484,-0.673667,0.624997,0.124322,0.187408,-0.747530,0.650959,0.017154,-0.006052,-0.758895,0.604382,0.282596,0.296815,-0.683201,0.597490,0.066032,0.035885,-0.798347,0.476343,0.132902,0.084579,-0.865032,0.553852,0.156077,0.090337,-0.812851,0.740420,0.028308,0.032652,-0.670754,0.855259,0.073236,0.092250,-0.504637,0.772208,-0.027058,0.178161,-0.609280
0.664107,0.118635,0.108439,-0.730156,0.632294,-0.268459,-0.363991,-0.629004,0.708942,0.215791,0.103715,-0.663384,0.715861,-0.020713,0.014766,-0.697779,0.576690,-0.374842,-0.270137,-0.673757,0.625001,0.124151,0.187212,-0.747604,0.650904,0.017313,-0.006267,-0.758937,0.604184,0.282791,0.297116,-0.683164,0.597439,0.066604,0.036838,-0.798294,0.476923,0.129983,0.083753,-0.865237,0.552774,0.153048,0.089598,-0.814242,0.740296,0.028973,0.032860,-0.670852,0.854721,0.074062,0.092466,-0.505388,0.771595,-0.027116,0.179745,-0.609588
0.664129,0.118992,0.108819,-0.730022,0.632422,-0.268281,-0.363848,-0.629033,0.709034,0.215502,0.103545,-0.663406,0.715913,-0.020791,0.014683,-0.697726,0.576862,-0.374647,-0.269822,-0.673844,0.625020,0.123959,0.187030,-0.747665,0.650889,0.017343,-0.006623,-0.758946,0.603959,0.283076,0.297517,-0.683070,0.597375,0.067059,0.037697,-0.798264,0.477379,0.127140,0.082911,-0.865489,0.550590,0.150475,0.086123,-0.816572,0.740250,0.029356,0.033091,-0.670875,0.854348,0.074544,0.092670,-0.505911,0.770921,-0.026258,0.179401,-0.610579
0.664281,0.119204,0.109005,-0.729821,0.632559,-0.268121,-0.363607,-0.629103,0.709038,0.215290,0.103406,-0.663493,0.715903,-0.020844,0.014835,-0.697730,0.577039,-0.374474,-0.269544,-0.673900,0.625026,0.123901,0.186995,-0.747679,0.650882,0.017248,-0.006448,-0.758955,0.603870,0.283264,0.297697,-0.682993,0.597374,0.067272,0.038321,-0.798217,0.477513,0.124524,0.082047,-0.865877,0.548564,0.148013,0.081555,-0.818852,0.740254,0.029556,0.033111,-0.670861,0.853917,0.074873,0.092814,-0.506562,0.770271,-0.026245,0.179900,-0.611253
0.664499,0.119343,0.109093,-0.729587,0.632700,-0.267970,-0.363316,-0.629193,0.708998,0.215115,0.103283,-0.663611,0.715864,-0.020884,0.015105,-0.697764,0.577220,-0.374312,-0.269284,-0.673939,0.625024,0.123910,0.187033,-0.747670,0.650880,0.017090,-0.006007,-0.758965,0.603850,0.283403,0.297767,-0.682923,0.597405,0.067363,0.038827,-0.798161,0.477486,0.122019,0.081174,-0.866331,0.546604,0.145610,0.076438,-0.821084,0.740282,0.029664,0.033026,-0.670829,0.853457,0.075126,0.092927,-0.507278,0.769633,-0.026653,0.180820,-0.611767
0.664521,0.119545,0.109152,-0.729525,0.632757,-0.267689,-0.363190,-0.629328,0.709089,0.214925,0.103245,-0.663581,0.715966,-0.020678,0.015013,-0.697667,0.577318,-0.374054,-0.269145,-0.674054,0.625142,0.123753,0.187001,-0.747605,0.650988,0.017019,-0.005964,-0.758874,0.603816,0.283588,0.297825,-0.682850,0.597395,0.067183,0.039030,-0.798175,0.477322,0.120543,0.080651,-0.866677,0.545243,0.145048,0.071239,-0.822554,0.740348,0.029450,0.032973,-0.670769,0.852940,0.075145,0.093255,-0.508085,0.769509,-0.026701,0.181866,-0.611611
0.664529,0.119726,0.109235,-0.729476,0.632801,-0.267480,-0.363056,-0.629450,0.709127,0.214788,0.103193,-0.663594,0.716006,-0.020576,0.014987,-0.697630,0.577396,-0.373855,-0.268997,-0.674157,0.625207,0.123636,0.186964,-0.747580,0.651040,0.016992,-0.005943,-0.758830,0.603870,0.283827,0.297819,-0.682706,0.597436,0.067004,0.039061,-0.798157,0.477392,0.119368,0.080114,-0.866851,0.543488,0.144377,0.066427,-0.824235,0.740456,0.029223,0.032977,-0.670659,0.852455,0.075101,0.093550,-0.508851,0.769164,-0.026809,0.182540,-0.611839
0.664505,0.119865,0.109363,-0.729455,0.632819,-0.267412,-0.362909,-0.629545,0.709056,0.214755,0.103110,-0.663693,0.715919,-0.020684,0.015095,-0.697713,0.577434,-0.373776,-0.268830,-0.674234,0.625164,0.123600,0.186918,-0.747633,0.650980,0.017053,-0.005965,-0.758880,0.604095,0.284175,0.297688,-0.682419,0.597583,0.066828,0.038748,-0.798077,0.477927,0.118797,0.079548,-0.866686,0.540946,0.143501,0.062388,-0.826373,0.740649,0.028968,0.033098,-0.670451,0.852037,0.074931,0.093777,-0.509533,0.768377,-0.027043,0.182472,-0.612837
0.664629,0.119914,0.109424,-0.729325,0.632924,-0.267324,-0.362831,-0.629523,0.709104,0.214699,0.103123,-0.663658,0.715972,-0.020728,0.015182,-0.697656,0.577537,-0.373718,-0.268653,-0.674249,0.625115,0.123658,0.186951,-0.747655,0.650935,0.017244,-0.006134,-0.758913,0.604306,0.284387,0.297552,-0.682203,0.597719,0.066610,0.038415,-0.798009,0.478681,0.118179,0.078944,-0.866410,0.539721,0.143992,0.058081,-0.827402,0.740830,0.028508,0.033314,-0.670260,0.851593,0.074368,0.093775,-0.510357,0.767624,-0.027354,0.182235,-0.613837
0.664827,0.119917,0.109450,-0.729140,0.633072,-0.267225,-0.362787,-0.629441,0.709210,0.214631,0.103184,-0.663557,0.716093,-0.020739,0.015258,-0.697529,0.577673,-0.373669,-0.268471,-0.674232,0.625064,0.123764,0.187024,-0.747662,0.650896,0.017501,-0.006377,-0.758938,0.604510,0.284531,0.297413,-0.682023,0.597851,0.066372,0.038070,-0.797947,0.479543,0.117537,0.078322,-0.866077,0.539157,0.145167,0.053645,-0.827864,0.741004,0.027946,0.033578,-0.670079,0.851135,0.073607,0.093658,-0.511253,0.766886,-0.027707,0.181911,-0.614838
0.664887,0.119953,0.109408,-0.729086,0.633087,-0.267163,-0.362807,-0.629441,0.709266,0.214630,0.103272,-0.663484,0.716159,-0.020653,0.015112,-0.697467,0.577674,-0.373646,-0.268473,-0.674243,0.625078,0.123788,0.187127,-0.747622,0.650946,0.017153,-0.005951,-0.758907,0.604605,0.284667,0.297259,-0.681949,0.597845,0.066177,0.037443,-0.797998,0.480722,0.118218,0.078096,-0.865351,0.540636,0.144794,0.052401,-0.827044,0.741094,0.027217,0.033918,-0.669992,0.850610,0.072728,0.093683,-0.512247,0.766406,-0.028280,0.181055,-0.615663
0.664921,0.119993,0.109464,-0.729040,0.633104,-0.267198,-0.362784,-0.629422,0.709242,0.214668,0.103316,-0.663490,0.716144,-0.020612,0.015081,-0.697485,0.577697,-0.373660,-0.268453,-0.674223,0.625063,0.123839,0.187214,-0.747604,0.650958,0.016916,-0.005613,-0.758904,0.604629,0.284784,0.297222,-0.681895,0.597802,0.065996,0.036847,-0.798072,0.482037,0.119030,0.077968,-0.864519,0.542447,0.144387,0.052437,-0.825926,0.741186,0.026440,0.034255,-0.669904,0.850094,0.071746,0.093624,-0.513251,0.765695,-0.029161,0.180644,-0.616627
0.664905,0.120045,0.109716,-0.729009,0.633123,-0.267425,-0.362677,-0.629368,0.709060,0.214782,0.103274,-0.663654,0.715966,-0.020661,0.015281,-0.697662,0.577762,-0.373748,-0.268391,-0.674143,0.624992,0.123944,0.187268,-0.747632,0.650897,0.016900,-0.005450,-0.758958,0.604509,0.284861,0.297421,-0.681883,0.597689,0.065845,0.036315,-0.798194,0.483625,0.120106,0.078039,-0.863477,0.544929,0.143908,0.055033,-0.824205,0.741282,0.025567,0.034582,-0.669815,0.849600,0.070561,0.093401,-0.514273,0.764522,-0.030650,0.181125,-0.617868
0.664899,0.120072,0.110186,-0.728939,0.633309,-0.267588,-0.362689,-0.629105,0.709090,0.214843,0.103326,-0.663594,0.716012,-0.020550,0.015232,-0.697619,0.578029,-0.373732,-0.268160,-0.674015,0.624986,0.123938,0.187188,-0.747658,0.650870,0.017070,-0.005735,-0.758976,0.604437,0.285141,0.297566,-0.681766,0.597600,0.066134,0.035811,-0.798260,0.485222,0.121489,0.078137,-0.862377,0.547890,0.144458,0.056739,-0.822028,0.741393,0.024822,0.034944,-0.669700,0.849042,0.069456,0.093100,-0.515398,0.763371,-0.031736,0.180849,-0.619315
0.664898,0.120088,0.110764,-0.728849,0.633577,-0.267720,-0.362762,-0.628737,0.709227,0.214878,0.103425,-0.663421,0.716172,-0.020358,0.015060,-0.697465,0.578397,-0.373664,-0.267846,-0.673863,0.625012,0.123876,0.187040,-0.747684,0.650860,0.017332,-0.006243,-0.758974,0.604388,0.285522,0.297685,-0.681597,0.597521,0.066642,0.035322,-0.798298,0.486822,0.123025,0.078248,-0.861247,0.551083,0.145524,0.057995,-0.819614,0.741512,0.024142,0.035323,-0.669574,0.848451,0.068389,0.092760,-0.516575,0.762230,-0.032622,0.180193,-0.620863
0.664635,0.120348,0.111413,-0.728947,0.633685,-0.267729,-0.362645,-0.628691,0.709198,0.214843,0.103363,-0.663473,0.716116,-0.020416,0.014939,-0.697522,0.578571,-0.373589,-0.267704,-0.673811,0.625112,0.123596,0.186802,-0.747706,0.650881,0.017163,-0.005853,-0.758963,0.604292,0.286145,0.297859,-0.681346,0.597396,0.067511,0.034872,-0.798339,0.488410,0.125006,0.078496,-0.860039,0.554243,0.146063,0.058073,-0.817379,0.741591,0.023581,0.036006,-0.669470,0.847652,0.067622,0.092889,-0.517962,0.761319,-0.033020,0.179626,-0.622124
0.664410,0.120641,0.112015,-0.729012,0.633775,-0.267733,-0.362544,-0.628657,0.709174,0.214797,0.103279,-0.663527,0.716069,-0.020467,0.014888,-0.697570,0.578719,-0.373515,-0.267577,-0.673775,0.625193,0.123372,0.186601,-0.747725,0.650901,0.016976,-0.005537,-0.758952,0.604267,0.286773,0.298014,-0.681036,0.597337,0.068419,0.034435,-0.798324,0.489849,0.126837,0.078665,-0.858937,0.557450,0.146433,0.058887,-0.815070,0.741716,0.023040,0.036699,-0.669312,0.846878,0.066912,0.093099,-0.519281,0.760302,-0.033417,0.179545,-0.623368
0.664259,0.121001,0.112523,-0.729011,0.633828,-0.267726,-0.362478,-0.628645,0.709158,0.214728,0.103154,-0.663585,0.716039,-0.020504,0.014975,-0.697599,0.578817,-0.373445,-0.267480,-0.673769,0.625236,0.123261,0.186473,-0.747739,0.650918,0.016751,-0.005366,-0.758944,0.604382,0.287414,0.298135,-0.680611,0.597411,0.069406,0.034026,-0.798201,0.490994,0.128372,0.078678,-0.858053,0.560755,0.146472,0.061181,-0.812623,0.741934,0.022540,0.037412,-0.669049,0.846156,0.066321,0.093469,-0.520466,0.759076,-0.033802,0.180437,-0.624582
0.664323,0.121149,0.112577,-0.728920,0.633828,-0.267716,-0.362430,-0.628677,0.709136,0.214706,0.103143,-0.663619,0.716028,-0.020323,0.014904,-0.697616,0.578831,-0.373405,-0.267381,-0.673818,0.625189,0.123287,0.186464,-0.747776,0.650879,0.016914,-0.005774,-0.758971,0.604677,0.287790,0.297914,-0.680286,0.597568,0.070223,0.033396,-0.798039,0.491807,0.129495,0.078306,-0.857453,0.563901,0.147725,0.062251,-0.810134,0.742168,0.021829,0.037836,-0.668789,0.845471,0.065630,0.093858,-0.521596,0.757917,-0.034378,0.181024,-0.625788
0.664494,0.121191,0.112403,-0.728784,0.633801,-0.267704,-0.362392,-0.628731,0.709109,0.214707,0.103188,-0.663640,0.716027,-0.020033,0.014753,-0.697629,0.578802,-0.373380,-0.267281,-0.673896,0.625098,0.123382,0.186515,-0.747825,0.650813,0.017271,-0.006471,-0.759014,0.605063,0.288034,0.297521,-0.680012,0.597766,0.070954,0.032655,-0.797856,0.492455,0.130411,0.077741,-0.856993,0.566959,0.149585,0.062706,-0.807620,0.742410,0.021013,0.038114,-0.668531,0.844803,0.064887,0.094254,-0.522699,0.756789,-0.035051,0.181456,-0.626989
0.664303,0.121017,0.112180,-0.729022,0.633737,-0.267495,-0.362462,-0.628844,0.709169,0.214839,0.103308,-0.663515,0.716088,-0.020100,0.014643,-0.697567,0.578672,-0.373359,-0.267462,-0.673947,0.625154,0.123375,0.186513,-0.747779,0.650859,0.017012,-0.005918,-0.758985,0.605475,0.288087,0.297075,-0.679818,0.597973,0.071512,0.031738,-0.797689,0.493227,0.131748,0.077308,-0.856384,0.567831,0.151262,0.061743,-0.806769,0.742630,0.020087,0.038442,-0.668295,0.844258,0.064100,0.094817,-0.523574,0.756257,-0.036226,0.182607,-0.627230
0.664147,0.120780,0.111850,-0.729254,0.633640,-0.267327,-0.362449,-0.629021,0.709133,0.214981,0.103379,-0.663496,0.716054,-0.020208,0.014682,-0.697598,0.578530,-0.373327,-0.267580,-0.674041,0.625154,0.123423,0.186533,-0.747767,0.650854,0.016921,-0.005588,-0.758994,0.605895,0.288071,0.296543,-0.679682,0.598161,0.072061,0.030739,-0.797538,0.493802,0.133101,0.076802,-0.855888,0.568586,0.152716,0.061400,-0.805989,0.742817,0.019172,0.038677,-0.668102,0.843720,0.063343,0.095341,-0.524438,0.755516,-0.037216,0.183415,-0.627829
0.664062,0.120417,0.111309,-0.729473,0.633477,-0.267239,-0.362269,-0.629326,0.708905,0.215142,0.103354,-0.663691,0.715829,-0.020395,0.015022,-0.697816,0.578362,-0.373273,-0.267571,-0.674218,0.625040,0.123582,0.186597,-0.747820,0.650746,0.017166,-0.005705,-0.759080,0.606332,0.287918,0.295841,-0.679664,0.598311,0.072594,0.029579,-0.797421,0.493984,0.134487,0.076150,-0.855625,0.569113,0.153725,0.062296,-0.805356,0.742936,0.018280,0.038730,-0.667991,0.843197,0.062649,0.095788,-0.525280,0.754361,-0.037840,0.183539,-0.629143
0.664195,0.120013,0.110936,-0.729476,0.633566,-0.267081,-0.362213,-0.629336,0.708956,0.215165,0.103369,-0.663627,0.715886,-0.020234,0.014860,-0.697766,0.578470,-0.373132,-0.267417,-0.674264,0.625031,0.123669,0.186614,-0.747809,0.650754,0.017240,-0.006002,-0.759069,0.606775,0.287726,0.295291,-0.679589,0.598524,0.073026,0.028537,-0.797259,0.494080,0.135589,0.075512,-0.855452,0.569955,0.156486,0.062218,-0.804234,0.743120,0.017462,0.038758,-0.667806,0.842622,0.061927,0.096041,-0.526241,0.753329,-0.038178,0.183838,-0.630270
0.664436,0.119590,0.110648,-0.729370,0.633782,-0.266886,-0.362219,-0.629198,0.709146,0.215119,0.103403,-0.663434,0.716084,-0.019900,0.014449,-0.697580,0.578717,-0.372947,-0.267191,-0.674244,0.625073,0.123721,0.186607,-0.747766,0.650819,0.017228,-0.006388,-0.759010,0.607221,0.287515,0.294815,-0.679487,0.598768,0.073409,0.027555,-0.797075,0.494135,0.136550,0.074881,-0.855323,0.570952,0.160120,0.061643,-0.802854,0.743337,0.016682,0.038775,-0.667584,0.842021,0.061189,0.096196,-0.527260,0.752360,-0.038372,0.184222,-0.631304
0.664382,0.119811,0.110804,-0.729359,0.633825,-0.266659,-0.362072,-0.629335,0.709174,0.214937,0.103227,-0.663490,0.716074,-0.020123,0.014587,-0.697582,0.578763,-0.372803,-0.267167,-0.674294,0.625168,0.123611,0.186518,-0.747727,0.650883,0.016921,-0.005860,-0.758966,0.607093,0.287651,0.295038,-0.679447,0.598674,0.073987,0.027395,-0.797098,0.494068,0.137546,0.075018,-0.855190,0.574593,0.163357,0.062837,-0.799505,0.743285,0.016606,0.039427,-0.667606,0.841342,0.060987,0.096395,-0.528330,0.751459,-0.038933,0.184408,-0.632287
0.664423,0.120015,0.110982,-0.729260,0.633907,-0.266502,-0.361881,-0.629429,0.709158,0.214759,0.103009,-0.663598,0.716014,-0.020371,0.014767,-0.697632,0.578878,-0.372652,-0.267032,-0.674333,0.625217,0.123547,0.186430,-0.747719,0.650903,0.016793,-0.005605,-0.758954,0.606969,0.287795,0.295252,-0.679403,0.598590,0.074507,0.027341,-0.797114,0.493950,0.138429,0.075230,-0.855097,0.578880,0.167239,0.064651,-0.795455,0.743227,0.016651,0.039999,-0.667635,0.840619,0.060969,0.096623,-0.529440,0.750461,-0.039240,0.184501,-0.633425
0.664653,0.120184,0.111203,-0.728989,0.634065,-0.266487,-0.361601,-0.629437,0.709056,0.214588,0.102704,-0.663810,0.715856,-0.020665,0.015034,-0.697780,0.579129,-0.372489,-0.266674,-0.674349,0.625172,0.123577,0.186346,-0.747772,0.650834,0.017020,-0.005899,-0.759007,0.606855,0.287955,0.295449,-0.679352,0.598530,0.074910,0.027502,-0.797116,0.493732,0.139085,0.075592,-0.855085,0.584446,0.172420,0.067702,-0.790007,0.743158,0.016937,0.040413,-0.667680,0.839808,0.061323,0.096906,-0.530634,0.749268,-0.039037,0.184408,-0.634875
0.664748,0.120389,0.111145,-0.728878,0.634120,-0.266130,-0.361460,-0.629614,0.709150,0.214441,0.102679,-0.663761,0.715953,-0.020548,0.014945,-0.697686,0.579182,-0.372241,-0.266492,-0.674513,0.625214,0.123503,0.186356,-0.747748,0.650876,0.017166,-0.006145,-0.758965,0.606672,0.287922,0.295646,-0.679444,0.598431,0.075112,0.027873,-0.797158,0.494238,0.139619,0.076192,-0.854652,0.589573,0.176702,0.070666,-0.784976,0.743017,0.017110,0.040874,-0.667804,0.839036,0.061658,0.097386,-0.531727,0.748400,-0.038225,0.184178,-0.636015
0.664775,0.120611,0.110947,-0.728847,0.634122,-0.265601,-0.361389,-0.629876,0.709343,0.214306,0.102794,-0.663580,0.716178,-0.020224,0.014677,-0.697470,0.579135,-0.371952,-0.266397,-0.674749,0.625298,0.123377,0.186411,-0.747684,0.650974,0.017271,-0.006366,-0.758876,0.606455,0.287791,0.295842,-0.679607,0.598314,0.075214,0.028351,-0.797220,0.495106,0.140092,0.076913,-0.854007,0.594455,0.180541,0.073584,-0.780137,0.742840,0.017226,0.041359,-0.667968,0.838282,0.061982,0.097964,-0.532770,0.747692,-0.037112,0.183876,-0.637000
0.664593,0.120808,0.111180,-0.728945,0.634104,-0.265502,-0.361222,-0.630031,0.709232,0.214341,0.102727,-0.663698,0.716053,-0.020220,0.014628,-0.697600,0.579109,-0.371914,-0.266329,-0.674820,0.625239,0.123423,0.186368,-0.747736,0.650891,0.017054,-0.005770,-0.758958,0.606169,0.287892,0.296153,-0.679684,0.598162,0.075349,0.029033,-0.797297,0.496503,0.140541,0.077818,-0.853040,0.598795,0.181038,0.076599,-0.776404,0.742647,0.017743,0.041753,-0.668145,0.837757,0.062498,0.098109,-0.533509,0.746698,-0.037718,0.186521,-0.637361
0.664490,0.120946,0.111396,-0.728983,0.634145,-0.265395,-0.361051,-0.630133,0.709150,0.214378,0.102669,-0.663783,0.715962,-0.020283,0.014726,-0.697689,0.579173,-0.371815,-0.266184,-0.674877,0.625205,0.123465,0.186322,-0.747770,0.650837,0.017012,-0.005559,-0.759007,0.605914,0.287943,0.296441,-0.679765,0.598044,0.075387,0.029782,-0.797354,0.497938,0.140631,0.078631,-0.852114,0.603139,0.181922,0.079188,-0.772565,0.742469,0.018269,0.042077,-0.668308,0.837245,0.063015,0.098195,-0.534236,0.745856,-0.037682,0.188120,-0.637879
0.664545,0.120965,0.111578,-0.728902,0.634303,-0.265272,-0.360875,-0.630127,0.709125,0.214420,0.102629,-0.663802,0.715942,-0.020483,0.015117,-0.697695,0.579417,-0.371595,-0.265886,-0.674906,0.625218,0.123498,0.186271,-0.747766,0.650840,0.017319,-0.006116,-0.758992,0.605720,0.287892,0.296684,-0.679853,0.597995,0.075232,0.030663,-0.797372,0.499453,0.139999,0.079258,-0.851273,0.607518,0.183563,0.080929,-0.768555,0.742321,0.018812,0.042262,-0.668446,0.836761,0.063535,0.098160,-0.534939,0.745330,-0.036366,0.187625,-0.638715
0.664502,0.121249,0.111601,-0.728890,0.634304,-0.264900,-0.360738,-0.630360,0.709195,0.214351,0.102714,-0.663736,0.716020,-0.020540,0.015122,-0.697614,0.579390,-0.371388,-0.265780,-0.675084,0.625250,0.123442,0.186338,-0.747732,0.650898,0.017214,-0.006099,-0.758946,0.605471,0.288015,0.296868,-0.679943,0.597844,0.075138,0.031329,-0.797468,0.501227,0.139414,0.079642,-0.850289,0.611045,0.183956,0.082619,-0.765479,0.742105,0.019372,0.042557,-0.668651,0.836238,0.064193,0.098385,-0.535635,0.745082,-0.035429,0.187310,-0.639150
0.664410,0.121665,0.111544,-0.728914,0.634227,-0.264404,-0.360622,-0.630713,0.709315,0.214226,0.102861,-0.663626,0.716147,-0.020527,0.014932,-0.697487,0.579228,-0.371189,-0.265770,-0.675337,0.625292,0.123340,0.186464,-0.747682,0.650983,0.016904,-0.005794,-0.758882,0.605195,0.288224,0.297023,-0.680032,0.597644,0.075074,0.031889,-0.797602,0.503130,0.138854,0.079905,-0.849232,0.614147,0.183723,0.084288,-0.762867,0.741854,0.019942,0.042907,-0.668890,0.835697,0.064922,0.098741,-0.536326,0.744973,-0.034682,0.187085,-0.639384
0.664251,0.121989,0.111860,-0.728956,0.634147,-0.264487,-0.360501,-0.630828,0.709123,0.214331,0.102807,-0.663806,0.715981,-0.019943,0.014586,-0.697682,0.579186,-0.371180,-0.265697,-0.675407,0.625203,0.123400,0.186406,-0.747761,0.650860,0.016911,-0.005445,-0.758990,0.604958,0.288617,0.297217,-0.679991,0.597456,0.074927,0.032114,-0.797748,0.503912,0.138760,0.080132,-0.848762,0.617186,0.183040,0.085677,-0.760419,0.741680,0.020686,0.043051,-0.669051,0.835312,0.065883,0.099032,-0.536754,0.744251,-0.034163,0.188194,-0.639926
0.664195,0.122228,0.112135,-0.728924,0.634162,-0.264492,-0.360396,-0.630871,0.709028,0.214403,0.102777,-0.663888,0.715903,-0.019626,0.014433,-0.697774,0.579235,-0.371127,-0.265558,-0.675449,0.625131,0.123489,0.186367,-0.747816,0.650766,0.017080,-0.005479,-0.759067,0.604811,0.288956,0.297343,-0.679923,0.597330,0.074738,0.032178,-0.797857,0.504684,0.138546,0.080145,-0.848337,0.619600,0.182820,0.087371,-0.758313,0.741563,0.021350,0.043104,-0.669156,0.834992,0.066702,0.099185,-0.537123,0.743518,-0.033501,0.189012,-0.640572
0.664347,0.122301,0.112327,-0.728745,0.634367,-0.264340,-0.360323,-0.630770,0.709127,0.214406,0.102792,-0.663779,0.716002,-0.019843,0.014665,-0.697663,0.579465,-0.370984,-0.265289,-0.675435,0.625091,0.123633,0.186366,-0.747826,0.650730,0.017573,-0.006277,-0.759080,0.604844,0.289188,0.297334,-0.679799,0.597329,0.074466,0.031921,-0.797893,0.505434,0.138088,0.079730,-0.848004,0.620772,0.183516,0.089671,-0.756917,0.741562,0.021852,0.042974,-0.669150,0.834803,0.067238,0.099060,-0.537373,0.742762,-0.032554,0.189249,-0.641428
0.664129,0.122596,0.112773,-0.728824,0.634427,-0.264201,-0.360278,-0.630793,0.709155,0.214488,0.102864,-0.663711,0.716036,-0.020034,0.014860,-0.697618,0.579536,-0.370891,-0.265241,-0.675444,0.625139,0.123610,0.186316,-0.747802,0.650763,0.017406,-0.006015,-0.759058,0.604510,0.289565,0.297637,-0.679803,0.597046,0.074216,0.031800,-0.798134,0.505780,0.137793,0.079512,-0.847867,0.621495,0.184151,0.090246,-0.756100,0.741390,0.022283,0.043197,-0.669312,0.834582,0.067645,0.099089,-0.537661,0.742889,-0.032540,0.189723,-0.641141
0.663727,0.123003,0.113347,-0.729033,0.634416,-0.264068,-0.360245,-0.630878,0.709148,0.214609,0.102964,-0.663664,0.716038,-0.020213,0.015037,-0.697606,0.579528,-0.370822,-0.265305,-0.675464,0.625230,0.123504,0.186242,-0.747763,0.650830,0.016908,-0.005223,-0.759017,0.603991,0.290014,0.298097,-0.679871,0.596622,0.073977,0.031746,-0.798475,0.505924,0.137579,0.079393,-0.847826,0.621999,0.184758,0.089957,-0.755572,0.741134,0.022678,0.043595,-0.669556,0.834344,0.067985,0.099195,-0.537967,0.743457,-0.032991,0.190318,-0.640283
0.663488,0.123392,0.114075,-0.729071,0.634444,-0.264314,-0.360247,-0.630747,0.709002,0.214861,0.103011,-0.663732,0.715921,-0.019769,0.014740,-0.697745,0.579645,-0.370845,-0.265210,-0.675388,0.625195,0.123559,0.186180,-0.747798,0.650767,0.016889,-0.004976,-0.759073,0.603510,0.290499,0.298633,-0.679856,0.596263,0.074153,0.031828,-0.798723,0.505544,0.137501,0.079307,-0.848074,0.622437,0.185363,0.089706,-0.755093,0.740971,0.022917,0.044009,-0.669702,0.834319,0.068163,0.099351,-0.537954,0.744030,-0.032800,0.189923,-0.639744
0.663437,0.123700,0.114629,-0.728979,0.634542,-0.264455,-0.360249,-0.630587,0.708965,0.215021,0.103105,-0.663705,0.715909,-0.019600,0.014655,-0.697764,0.579798,-0.370850,-0.265052,-0.675315,0.625137,0.123678,0.186218,-0.747817,0.650719,0.017030,-0.005119,-0.759111,0.603163,0.290889,0.299029,-0.679823,0.596005,0.074328,0.031880,-0.798898,0.505339,0.137134,0.079029,-0.848281,0.622371,0.185759,0.089435,-0.755082,0.740873,0.023018,0.044320,-0.669786,0.834388,0.068215,0.099484,-0.537816,0.744306,-0.032816,0.189848,-0.639445
0.663760,0.123847,0.114836,-0.728627,0.634782,-0.264390,-0.360254,-0.630370,0.709145,0.214996,0.103295,-0.663491,0.716106,-0.019980,0.014995,-0.697545,0.580025,-0.370819,-0.264772,-0.675248,0.625034,0.123921,0.186455,-0.747804,0.650697,0.017491,-0.006041,-0.759112,0.603086,0.291088,0.299147,-0.679754,0.595946,0.074502,0.031873,-0.798925,0.505483,0.136190,0.078368,-0.848409,0.621297,0.185742,0.089126,-0.756007,0.740904,0.022843,0.044426,-0.669751,0.834643,0.068016,0.099572,-0.537429,0.743987,-0.033244,0.190413,-0.639626
0.663742,0.124380,0.115137,-0.728505,0.634738,-0.264315,-0.360202,-0.630476,0.709139,0.214964,0.103377,-0.663495,0.716120,-0.020061,0.015189,-0.697523,0.579926,-0.370855,-0.264765,-0.675316,0.624974,0.123925,0.186552,-0.747829,0.650670,0.017358,-0.005916,-0.759139,0.602803,0.291562,0.299450,-0.679669,0.595735,0.074740,0.032096,-0.799052,0.505849,0.135147,0.077840,-0.848406,0.620708,0.185745,0.086538,-0.756791,0.740858,0.022496,0.044990,-0.669776,0.834868,0.067690,0.100080,-0.537026,0.744253,-0.033608,0.190658,-0.639224
0.663554,0.125105,0.115484,-0.728498,0.634551,-0.264236,-0.360120,-0.630744,0.709041,0.214928,0.103406,-0.663607,0.716043,-0.019993,0.015311,-0.697602,0.579664,-0.370924,-0.264894,-0.675452,0.624936,0.123809,0.186578,-0.747874,0.650640,0.016928,-0.005266,-0.759179,0.602417,0.292174,0.299846,-0.679574,0.595447,0.075010,0.032434,-0.799228,0.506327,0.134055,0.077378,-0.848337,0.620356,0.185763,0.082810,-0.757491,0.740773,0.022064,0.045783,-0.669831,0.835078,0.067302,0.100798,-0.536614,0.744812,-0.033937,0.190744,-0.638530
0.663417,0.125700,0.116216,-0.728404,0.634609,-0.264318,-0.360189,-0.630612,0.709087,0.214943,0.103433,-0.663548,0.716087,-0.019914,0.015130,-0.697563,0.579766,-0.370912,-0.264910,-0.675366,0.625003,0.123810,0.186601,-0.747812,0.650685,0.016964,-0.004886,-0.759142,0.602459,0.293080,0.300117,-0.679027,0.595557,0.075335,0.032949,-0.799094,0.507088,0.133008,0.077141,-0.848069,0.620418,0.184975,0.081122,-0.757816,0.740989,0.021827,0.046629,-0.669541,0.835240,0.066968,0.101347,-0.536300,0.745102,-0.033994,0.190748,-0.638186
0.663326,0.126292,0.116925,-0.728270,0.634665,-0.264432,-0.360220,-0.630490,0.709099,0.214944,0.103452,-0.663532,0.716105,-0.019869,0.015107,-0.697546,0.579865,-0.370919,-0.264866,-0.675294,0.625027,0.123800,0.186606,-0.747792,0.650695,0.017134,-0.004915,-0.759130,0.602539,0.294028,0.300317,-0.678457,0.595681,0.075649,0.033434,-0.798952,0.507795,0.132049,0.076931,-0.847814,0.620508,0.184094,0.080184,-0.758056,0.741231,0.021526,0.047363,-0.669231,0.835425,0.066634,0.101926,-0.535943,0.745115,-0.034087,0.190768,-0.638161
0.663330,0.126879,0.117589,-0.728058,0.634718,-0.264610,-0.360171,-0.630390,0.709043,0.214917,0.103454,-0.663601,0.716071,-0.019888,0.015399,-0.697574,0.579958,-0.370967,-0.264704,-0.675252,0.624962,0.123767,0.186577,-0.747859,0.650631,0.017573,-0.005760,-0.759168,0.602696,0.295062,0.300374,-0.677843,0.595833,0.075938,0.033860,-0.798793,0.508397,0.131264,0.076777,-0.847589,0.620656,0.183018,0.080750,-0.758136,0.741525,0.021098,0.047876,-0.668882,0.835656,0.066299,0.102567,-0.535503,0.744571,-0.034251,0.190821,-0.638771
0.663122,0.127510,0.118471,-0.727994,0.634782,-0.264771,-0.360261,-0.630207,0.709092,0.214923,0.103535,-0.663534,0.716119,-0.019998,0.015378,-0.697522,0.580024,-0.371081,-0.264716,-0.675127,0.624981,0.123668,0.186508,-0.747876,0.650638,0.017438,-0.005683,-0.759166,0.602723,0.296051,0.300728,-0.677231,0.595941,0.076224,0.034263,-0.798668,0.508750,0.131447,0.077178,-0.847313,0.621076,0.183040,0.080596,-0.757803,0.741839,0.020467,0.048682,-0.668495,0.835838,0.065714,0.103377,-0.535136,0.744759,-0.034841,0.192565,-0.637996
0.662807,0.128162,0.119462,-0.728004,0.634851,-0.264925,-0.360420,-0.629981,0.709194,0.214944,0.103656,-0.663399,0.716207,-0.020152,0.015202,-0.697431,0.580079,-0.371230,-0.264815,-0.674959,0.625043,0.123536,0.186419,-0.747869,0.650681,0.017017,-0.005145,-0.759143,0.602683,0.297016,0.301229,-0.676620,0.596024,0.076509,0.034656,-0.798561,0.508977,0.132115,0.077858,-0.847010,0.621631,0.183612,0.080082,-0.757264,0.742163,0.019737,0.049632,-0.668088,0.835994,0.065006,0.104270,-0.534804,0.745305,-0.035639,0.195154,-0.636526
0.662647,0.128508,0.120193,-0.727969,0.634876,-0.265355,-0.360469,-0.629747,0.709022,0.215213,0.103757,-0.663480,0.716069,-0.020054,0.015315,-0.697573,0.580130,-0.371483,-0.264762,-0.674797,0.624877,0.123702,0.186421,-0.747980,0.650500,0.016991,-0.004743,-0.759301,0.602671,0.297706,0.301486,-0.676214,0.596037,0.076779,0.034551,-0.798531,0.508247,0.133333,0.078359,-0.847212,0.621821,0.185326,0.080206,-0.756677,0.742397,0.019039,0.050174,-0.667808,0.836052,0.064506,0.105116,-0.534608,0.744761,-0.036294,0.195351,-0.637065
0.662510,0.128902,0.120745,-0.727932,0.634839,-0.265663,-0.360541,-0.629613,0.708905,0.215429,0.103918,-0.663509,0.715995,-0.019962,0.015425,-0.697650,0.580103,-0.371675,-0.264808,-0.674696,0.624785,0.123815,0.186516,-0.748014,0.650424,0.017059,-0.004619,-0.759366,0.602616,0.298303,0.301731,-0.675890,0.595998,0.077059,0.034325,-0.798543,0.507567,0.134680,0.078798,-0.847365,0.621521,0.187235,0.080400,-0.756433,0.742593,0.018229,0.050711,-0.667571,0.836097,0.063845,0.105888,-0.534465,0.744369,-0.037037,0.195637,-0.637392
0.662420,0.129390,0.120940,-0.727895,0.634676,-0.265728,-0.360660,-0.629681,0.708900,0.215539,0.104198,-0.663436,0.716048,-0.019884,0.015531,-0.697594,0.579918,-0.371743,-0.265051,-0.674722,0.624841,0.123821,0.186799,-0.747896,0.650557,0.017313,-0.005052,-0.759244,0.602481,0.298717,0.301954,-0.675728,0.595859,0.077357,0.033861,-0.798637,0.506991,0.136282,0.079111,-0.847425,0.620243,0.189529,0.080747,-0.756873,0.742717,0.017195,0.051239,-0.667421,0.836118,0.062859,0.106517,-0.534424,0.744285,-0.037954,0.196105,-0.637293
0.662200,0.129830,0.121286,-0.727959,0.634536,-0.265843,-0.360776,-0.629708,0.708870,0.215672,0.104437,-0.663387,0.716051,-0.019767,0.015347,-0.697599,0.579749,-0.371863,-0.265204,-0.674741,0.624822,0.123791,0.186902,-0.747891,0.650575,0.017302,-0.005195,-0.759228,0.602318,0.299199,0.302190,-0.675555,0.595677,0.077897,0.033267,-0.798746,0.506158,0.138034,0.079259,-0.847625,0.619463,0.191570,0.080944,-0.756977,0.742835,0.016202,0.051684,-0.667280,0.836082,0.061793,0.106880,-0.534533,0.743990,-0.039214,0.196992,-0.637288
0.661915,0.130245,0.121706,-0.728075,0.634407,-0.265983,-0.360890,-0.629713,0.708828,0.215817,0.104655,-0.663350,0.716028,-0.019630,0.015017,-0.697634,0.579587,-0.372008,-0.265313,-0.674757,0.624766,0.123743,0.186914,-0.747943,0.650535,0.017160,-0.005193,-0.759264,0.602139,0.299714,0.302432,-0.675377,0.595472,0.078558,0.032609,-0.798861,0.505198,0.139863,0.079321,-0.847892,0.618931,0.193487,0.081064,-0.756912,0.742949,0.015230,0.052086,-0.667145,0.836016,0.060684,0.107110,-0.534717,0.743584,-0.040646,0.198086,-0.637332
0.661688,0.130432,0.122072,-0.728186,0.634393,-0.266062,-0.360879,-0.629701,0.708771,0.215916,0.104752,-0.663363,0.715991,-0.019737,0.015226,-0.697664,0.579564,-0.372087,-0.265312,-0.674734,0.624720,0.123740,0.186896,-0.747986,0.650457,0.017289,-0.004920,-0.759330,0.601975,0.300015,0.302628,-0.675303,0.595280,0.079515,0.032036,-0.798932,0.504451,0.141209,0.079041,-0.848140,0.617763,0.195483,0.080440,-0.757420,0.743024,0.014308,0.052411,-0.667056,0.836014,0.059609,0.107244,-0.534814,0.743051,-0.041405,0.197885,-0.637967
0.661522,0.130547,0.122242,-0.728288,0.634343,-0.266098,-0.360869,-0.629741,0.708724,0.215993,0.104875,-0.663369,0.715971,-0.019816,0.015431,-0.697678,0.579485,-0.372165,-0.265306,-0.674762,0.624643,0.123748,0.186898,-0.748049,0.650363,0.017389,-0.004778,-0.759409,0.601850,0.300214,0.302685,-0.675300,0.595080,0.080424,0.031291,-0.799020,0.503696,0.142448,0.078541,-0.848428,0.616796,0.197364,0.079338,-0.757836,0.743070,0.013308,0.052668,-0.667006,0.835943,0.058541,0.107469,-0.534998,0.742636,-0.042099,0.197483,-0.638529
0.661477,0.130519,0.122017,-0.728371,0.634224,-0.266052,-0.360860,-0.629886,0.708697,0.216025,0.105049,-0.663360,0.715984,-0.019841,0.015631,-0.697659,0.579293,-0.372240,-0.265288,-0.674892,0.624500,0.123776,0.186940,-0.748153,0.650240,0.017430,-0.004902,-0.759513,0.601807,0.300207,0.302464,-0.675440,0.594862,0.081236,0.030206,-0.799142,0.502926,0.143472,0.077598,-0.848799,0.616234,0.199015,0.077277,-0.758074,0.743055,0.012147,0.052790,-0.667035,0.835732,0.057491,0.107876,-0.535359,0.742460,-0.042662,0.196683,-0.638944
0.661485,0.130089,0.121517,-0.728524,0.634175,-0.265931,-0.360859,-0.629986,0.708727,0.216078,0.105236,-0.663280,0.716042,-0.019841,0.015622,-0.697600,0.579189,-0.372252,-0.265332,-0.674957,0.624473,0.123814,0.187096,-0.748130,0.650261,0.017141,-0.004520,-0.759504,0.601828,0.299671,0.302164,-0.675794,0.594711,0.081769,0.029050,-0.799242,0.502498,0.144528,0.076736,-0.848952,0.615595,0.199161,0.076219,-0.758662,0.743029,0.010648,0.052876,-0.667082,0.835603,0.056162,0.108400,-0.535595,0.742100,-0.044017,0.196995,-0.639174
0.661519,0.129459,0.120880,-0.728712,0.634162,-0.265774,-0.360862,-0.630065,0.708786,0.216142,0.105431,-0.663166,0.716123,-0.019828,0.015510,-0.697520,0.579129,-0.372233,-0.265407,-0.674990,0.624503,0.123858,0.187309,-0.748044,0.650354,0.016688,-0.003887,-0.759438,0.601879,0.298871,0.301824,-0.676254,0.594595,0.082161,0.027857,-0.799331,0.502242,0.145600,0.075913,-0.848994,0.614917,0.198557,0.075664,-0.759426,0.742995,0.008979,0.052944,-0.667139,0.835512,0.054693,0.108982,-0.535771,0.741644,-0.045767,0.197863,-0.639312
0.661656,0.128903,0.119724,-0.728877,0.633915,-0.265491,-0.360693,-0.630529,0.708686,0.216083,0.105510,-0.663280,0.716031,-0.019725,0.015353,-0.697621,0.578808,-0.372138,-0.265388,-0.675325,0.624369,0.123891,0.187404,-0.748127,0.650244,0.017055,-0.004399,-0.759521,0.602049,0.298017,0.301151,-0.676780,0.594521,0.082279,0.026779,-0.799411,0.502291,0.146256,0.075097,-0.848925,0.614883,0.198393,0.075549,-0.759508,0.742911,0.007557,0.052585,-0.667279,0.835253,0.053399,0.109081,-0.536286,0.741431,-0.046429,0.197781,-0.639537
0.661771,0.128458,0.118889,-0.728987,0.633779,-0.265238,-0.360531,-0.630865,0.708638,0.215987,0.105551,-0.663356,0.715983,-0.019814,0.015395,-0.697666,0.578616,-0.372047,-0.265332,-0.675562,0.624284,0.123889,0.187466,-0.748183,0.650172,0.017274,-0.004669,-0.759576,0.602177,0.297349,0.300675,-0.677171,0.594468,0.082469,0.025894,-0.799460,0.502504,0.146721,0.074341,-0.848785,0.614999,0.198149,0.075122,-0.759520,0.742857,0.006389,0.052421,-0.667364,0.834940,0.052335,0.109253,-0.536842,0.740998,-0.046937,0.197629,-0.640048
0.661844,0.128237,0.118694,-0.728992,0.633863,-0.265049,-0.360384,-0.630944,0.708694,0.215816,0.105513,-0.663358,0.716019,-0.020287,0.015834,-0.697606,0.578679,-0.371966,-0.265203,-0.675603,0.624293,0.123816,0.187462,-0.748188,0.650174,0.017198,-0.004455,-0.759578,0.602226,0.297057,0.300592,-0.677293,0.594459,0.082799,0.025395,-0.799448,0.503047,0.146808,0.073702,-0.848504,0.615415,0.197745,0.074069,-0.759392,0.742869,0.005730,0.052649,-0.667339,0.834526,0.051729,0.109570,-0.537480,0.740128,-0.047140,0.197337,-0.641129
0.661977,0.128291,0.118652,-0.728869,0.633970,-0.264795,-0.360267,-0.631010,0.708831,0.215550,0.105451,-0.663307,0.716139,-0.020385,0.015847,-0.697480,0.578766,-0.371830,-0.265055,-0.675661,0.624340,0.123709,0.187489,-0.748160,0.650229,0.016952,-0.004123,-0.759538,0.602194,0.296982,0.300692,-0.677310,0.594434,0.083502,0.025292,-0.799397,0.504204,0.147063,0.073392,-0.847800,0.616106,0.197682,0.073609,-0.758892,0.742845,0.005378,0.053292,-0.667317,0.833947,0.051405,0.110102,-0.538300,0.739266,-0.047318,0.197532,-0.642050
0.662139,0.128484,0.118686,-0.728682,0.634089,-0.264507,-0.360164,-0.631069,0.709010,0.215236,0.105377,-0.663230,0.716301,-0.020294,0.015647,-0.697321,0.578866,-0.371666,-0.264897,-0.675728,0.624406,0.123586,0.187531,-0.748115,0.650310,0.016621,-0.003732,-0.759478,0.602121,0.297014,0.300884,-0.677275,0.594400,0.084391,0.025387,-0.799326,0.505666,0.147403,0.073244,-0.846882,0.616935,0.197789,0.073442,-0.758206,0.742803,0.005179,0.054144,-0.667297,0.833285,0.051220,0.110742,-0.539212,0.738407,-0.047485,0.197970,-0.642891
0.662292,0.128719,0.118440,-0.728541,0.633917,-0.264486,-0.359801,-0.631458,0.708735,0.215066,0.105264,-0.663597,0.715994,-0.020537,0.015808,-0.697625,0.578714,-0.371591,-0.264648,-0.675997,0.624241,0.123504,0.187573,-0.748255,0.650156,0.016991,-0.004277,-0.759599,0.602038,0.297063,0.300851,-0.677342,0.594324,0.085075,0.025820,-0.799296,0.506717,0.147586,0.073453,-0.846204,0.618731,0.197413,0.074569,-0.756730,0.742609,0.005580,0.054733,-0.667462,0.832561,0.051621,0.111062,-0.540225,0.737006,-0.047467,0.199600,-0.643995
0.662401,0.128829,0.118152,-0.728470,0.633811,-0.264327,-0.359568,-0.631764,0.708632,0.214928,0.105269,-0.663750,0.715879,-0.020775,0.015980,-0.697732,0.578586,-0.371502,-0.264503,-0.676213,0.624153,0.123445,0.187652,-0.748319,0.650090,0.017212,-0.004637,-0.759648,0.601955,0.296963,0.300815,-0.677475,0.594267,0.085532,0.026326,-0.799273,0.507968,0.147522,0.073698,-0.845444,0.620752,0.197792,0.075337,-0.754897,0.742403,0.005952,0.055278,-0.667642,0.831777,0.052094,0.111507,-0.541294,0.736102,-0.046804,0.200434,-0.644818
0.662419,0.128690,0.117779,-0.728538,0.633833,-0.263891,-0.359595,-0.631909,0.708872,0.214857,0.105508,-0.663479,0.716147,-0.021003,0.016172,-0.697445,0.578505,-0.371385,-0.264565,-0.676322,0.624218,0.123434,0.187803,-0.748229,0.650201,0.017139,-0.004629,-0.759555,0.601873,0.296567,0.300775,-0.677740,0.594249,0.085535,0.026981,-0.799265,0.509620,0.146963,0.074017,-0.844518,0.623226,0.199681,0.075393,-0.752351,0.742174,0.006263,0.055736,-0.667856,0.830875,0.052710,0.112202,-0.542475,0.736195,-0.044852,0.199670,-0.645087
0.662339,0.128349,0.117554,-0.728708,0.633845,-0.263802,-0.359590,-0.631936,0.708890,0.214986,0.105680,-0.663392,0.716194,-0.020970,0.016172,-0.697398,0.578476,-0.371404,-0.264554,-0.676340,0.624172,0.123519,0.187920,-0.748224,0.650181,0.016813,-0.003974,-0.759583,0.601848,0.296135,0.300700,-0.677984,0.594268,0.085521,0.027477,-0.799235,0.510901,0.146622,0.074320,-0.843777,0.625292,0.198988,0.075522,-0.750806,0.741957,0.006758,0.056131,-0.668060,0.830144,0.053376,0.112629,-0.543440,0.735577,-0.044308,0.200282,-0.645640
0.662209,0.127908,0.117403,-0.728928,0.633852,-0.263887,-0.359570,-0.631906,0.708795,0.215215,0.105817,-0.663396,0.716130,-0.020806,0.016076,-0.697471,0.578473,-0.371492,-0.264506,-0.676313,0.624070,0.123651,0.188021,-0.748261,0.650095,0.016361,-0.002996,-0.759671,0.601852,0.295685,0.300609,-0.678217,0.594306,0.085499,0.027894,-0.799195,0.511997,0.146391,0.074613,-0.843126,0.627156,0.197004,0.075686,-0.749758,0.741745,0.007344,0.056494,-0.668258,0.829497,0.054065,0.112922,-0.544298,0.734605,-0.044464,0.201585,-0.646330
0.662318,0.127624,0.116902,-0.728959,0.633730,-0.263947,-0.359648,-0.631958,0.708763,0.215397,0.106134,-0.663321,0.716152,-0.020671,0.015976,-0.697455,0.578373,-0.371478,-0.264658,-0.676347,0.624110,0.123770,0.188317,-0.748134,0.650220,0.016667,-0.003542,-0.759555,0.601726,0.295175,0.300433,-0.678629,0.594194,0.085630,0.028405,-0.799246,0.513018,0.145918,0.074763,-0.842574,0.627437,0.197496,0.075581,-0.749403,0.741415,0.007808,0.056645,-0.668606,0.829191,0.054426,0.112753,-0.544763,0.734791,-0.043568,0.202046,-0.646035
0.662428,0.127347,0.116448,-0.728980,0.633647,-0.263961,-0.359694,-0.632010,0.708748,0.215548,0.106421,-0.663242,0.716179,-0.020619,0.015894,-0.697431,0.578275,-0.371497,-0.264738,-0.676388,0.624084,0.123906,0.188593,-0.748064,0.650275,0.016888,-0.003931,-0.759501,0.601539,0.294634,0.300342,-0.679070,0.594049,0.085694,0.028939,-0.799327,0.513777,0.145441,0.074967,-0.842176,0.627767,0.198000,0.075612,-0.748991,0.741081,0.008211,0.056783,-0.668960,0.828945,0.054757,0.112635,-0.545128,0.734764,-0.042985,0.202360,-0.646006
0.662536,0.127084,0.116089,-0.728985,0.633640,-0.263885,-0.359672,-0.632061,0.708766,0.215635,0.106648,-0.663158,0.716216,-0.020731,0.015849,-0.697391,0.578182,-0.371584,-0.264676,-0.676444,0.623929,0.124079,0.188830,-0.748104,0.650191,0.016937,-0.004009,-0.759571,0.601231,0.294031,0.300423,-0.679568,0.593840,0.085620,0.029520,-0.799469,0.514014,0.144950,0.075283,-0.842088,0.628191,0.198519,0.075915,-0.748467,0.740738,0.008489,0.056899,-0.669326,0.828820,0.055029,0.112622,-0.545294,0.734314,-0.043033,0.202387,-0.646506
0.662534,0.126789,0.116030,-0.729048,0.633735,-0.263877,-0.359679,-0.631965,0.708813,0.215692,0.106736,-0.663076,0.716282,-0.020654,0.015815,-0.697326,0.578282,-0.371583,-0.264609,-0.676386,0.623933,0.124104,0.188861,-0.748089,0.650198,0.016777,-0.003655,-0.759571,0.600978,0.293541,0.300614,-0.679919,0.593701,0.085515,0.029950,-0.799569,0.514126,0.144942,0.075761,-0.841978,0.627796,0.197996,0.076422,-0.748885,0.740500,0.008689,0.057156,-0.669565,0.828746,0.055273,0.112819,-0.545341,0.734362,-0.043138,0.202671,-0.646356
0.662476,0.126477,0.116120,-0.729140,0.633880,-0.263905,-0.359701,-0.631795,0.708874,0.215734,0.106753,-0.662994,0.716362,-0.020484,0.015788,-0.697249,0.578478,-0.371537,-0.264540,-0.676271,0.624017,0.124055,0.188789,-0.748046,0.650249,0.016512,-0.003086,-0.759535,0.600753,0.293107,0.300859,-0.680197,0.593595,0.085393,0.030305,-0.799646,0.514176,0.145173,0.076321,-0.841857,0.626991,0.196949,0.077030,-0.749773,0.740314,0.008850,0.057484,-0.669740,0.828698,0.055502,0.113121,-0.545328,0.734660,-0.043271,0.203084,-0.645879
0.662491,0.126642,0.115953,-0.729124,0.633746,-0.263825,-0.359538,-0.632056,0.708750,0.215628,0.106658,-0.663176,0.716221,-0.020600,0.015913,-0.697388,0.578352,-0.371451,-0.264456,-0.676458,0.623985,0.123899,0.188729,-0.748113,0.650205,0.016712,-0.003501,-0.759567,0.600413,0.292922,0.301092,-0.680474,0.593352,0.085482,0.030676,-0.799803,0.513731,0.145180,0.076647,-0.842098,0.625590,0.197008,0.077671,-0.750861,0.740093,0.008969,0.057594,-0.669974,0.828663,0.055914,0.113601,-0.545240,0.734433,-0.042730,0.202997,-0.646200
0.662512,0.126808,0.115828,-0.729096,0.633649,-0.263718,-0.359403,-0.632275,0.708687,0.215486,0.106582,-0.663301,0.716137,-0.020777,0.016043,-0.697465,0.578242,-0.371389,-0.264390,-0.676613,0.623957,0.123765,0.188699,-0.748166,0.650175,0.016829,-0.003800,-0.759589,0.600105,0.292759,0.301340,-0.680705,0.593144,0.085562,0.031024,-0.799936,0.513272,0.145060,0.076881,-0.842377,0.624028,0.196998,0.078101,-0.752118,0.739919,0.009046,0.057665,-0.670159,0.828645,0.056247,0.114010,-0.545148,0.734185,-0.042494,0.203460,-0.646352
0.662545,0.126976,0.115787,-0.729044,0.633626,-0.263559,-0.359324,-0.632409,0.708746,0.215271,0.106546,-0.663314,0.716170,-0.021074,0.016182,-0.697420,0.578160,-0.371376,-0.264360,-0.676701,0.623936,0.123677,0.188730,-0.748190,0.650170,0.016781,-0.003870,-0.759594,0.599864,0.292636,0.301618,-0.680848,0.593006,0.085626,0.031326,-0.800020,0.512785,0.144686,0.076932,-0.842733,0.622146,0.196853,0.078108,-0.753712,0.739840,0.009038,0.057659,-0.670247,0.828663,0.056422,0.114275,-0.545046,0.733895,-0.042872,0.205019,-0.646163
0.662565,0.126914,0.115884,-0.729021,0.633722,-0.263548,-0.359365,-0.632293,0.708854,0.215157,0.106502,-0.663243,0.716274,-0.021009,0.016117,-0.697317,0.578280,-0.371335,-0.264312,-0.676640,0.624009,0.123567,0.188622,-0.748175,0.650214,0.016687,-0.003795,-0.759558,0.599739,0.292413,0.301890,-0.680933,0.592993,0.085606,0.031651,-0.800018,0.512518,0.144539,0.077199,-0.842896,0.620735,0.195708,0.078374,-0.755145,0.739850,0.008846,0.057754,-0.670230,0.828693,0.056399,0.114634,-0.544928,0.734244,-0.043097,0.206230,-0.645367
0.662580,0.126739,0.116049,-0.729012,0.633879,-0.263610,-0.359467,-0.632053,0.708986,0.215094,0.106453,-0.663130,0.716413,-0.020763,0.015952,-0.697185,0.578500,-0.371280,-0.264255,-0.676504,0.624129,0.123447,0.188444,-0.748139,0.650283,0.016570,-0.003648,-0.759503,0.599671,0.292139,0.302160,-0.680991,0.593044,0.085545,0.031988,-0.799974,0.512360,0.144506,0.077574,-0.842964,0.619558,0.194061,0.078765,-0.756495,0.739906,0.008564,0.057901,-0.670159,0.828727,0.056276,0.115038,-0.544803,0.734909,-0.043242,0.207265,-0.644267
0.662601,0.126785,0.115905,-0.729008,0.633744,-0.263710,-0.359300,-0.632241,0.708770,0.215070,0.106353,-0.663384,0.716175,-0.021090,0.016315,-0.697411,0.578356,-0.371358,-0.264269,-0.676579,0.624034,0.123464,0.188501,-0.748201,0.650201,0.016682,-0.003738,-0.759570,0.599587,0.292039,0.302190,-0.681095,0.592973,0.085538,0.032014,-0.800026,0.512113,0.144137,0.077378,-0.843195,0.618211,0.194371,0.077417,-0.757655,0.739872,0.008368,0.057824,-0.670206,0.828745,0.056228,0.115227,-0.544742,0.734715,-0.043317,0.207204,-0.644502
0.662629,0.126852,0.115751,-0.728995,0.633617,-0.263777,-0.359247,-0.632371,0.708658,0.215055,0.106347,-0.663510,0.716066,-0.021121,0.016416,-0.697520,0.578202,-0.371438,-0.264338,-0.676640,0.623970,0.123487,0.188603,-0.748226,0.650162,0.016716,-0.003745,-0.759602,0.599500,0.291908,0.302269,-0.681193,0.592920,0.085505,0.032084,-0.800066,0.512057,0.143868,0.077299,-0.843282,0.617176,0.194201,0.076615,-0.758624,0.739853,0.008136,0.057801,-0.670232,0.828760,0.056090,0.115382,-0.544699,0.734642,-0.043589,0.207223,-0.644562
0.662672,0.126962,0.115578,-0.728964,0.633502,-0.263780,-0.359425,-0.632384,0.708754,0.215056,0.106532,-0.663378,0.716216,-0.020562,0.015991,-0.697392,0.578027,-0.371521,-0.264518,-0.676674,0.623964,0.123523,0.188791,-0.748177,0.650211,0.016594,-0.003585,-0.759564,0.599409,0.291713,0.302444,-0.681278,0.592901,0.085421,0.032241,-0.800082,0.512385,0.143798,0.077453,-0.843080,0.616769,0.193067,0.076905,-0.759215,0.739865,0.007832,0.057885,-0.670215,0.828773,0.055775,0.115471,-0.544693,0.734808,-0.044254,0.207401,-0.644270
0.662759,0.127000,0.115719,-0.728855,0.633580,-0.263875,-0.359555,-0.632192,0.708857,0.215041,0.106575,-0.663266,0.716317,-0.020499,0.015795,-0.697295,0.578115,-0.371564,-0.264530,-0.676570,0.623998,0.123518,0.188775,-0.748154,0.650256,0.016530,-0.003747,-0.759526,0.599334,0.291654,0.302676,-0.681266,0.592911,0.085454,0.032456,-0.800063,0.512883,0.143819,0.077663,-0.842754,0.616841,0.193105,0.076971,-0.759140,0.739914,0.007691,0.057979,-0.670154,0.828796,0.055459,0.115302,-0.544727,0.734615,-0.044071,0.206754,-0.644711
0.662869,0.127002,0.116018,-0.728707,0.633753,-0.264017,-0.359662,-0.631898,0.708964,0.215019,0.106547,-0.663163,0.716394,-0.020684,0.015714,-0.697212,0.578335,-0.371586,-0.264458,-0.676398,0.624051,0.123492,0.188658,-0.748143,0.650299,0.016495,-0.004069,-0.759488,0.599268,0.291661,0.302936,-0.681206,0.592934,0.085544,0.032701,-0.800026,0.513467,0.143884,0.077902,-0.842366,0.617154,0.193730,0.076926,-0.758731,0.739982,0.007632,0.058078,-0.670071,0.828823,0.055144,0.115005,-0.544781,0.734241,-0.043462,0.205694,-0.645516
0.662683,0.126846,0.116010,-0.728905,0.633658,-0.264180,-0.359571,-0.631977,0.708729,0.215220,0.106510,-0.663354,0.716160,-0.021033,0.016269,-0.697430,0.578301,-0.371608,-0.264545,-0.676381,0.624072,0.123516,0.188675,-0.748117,0.650295,0.016812,-0.004084,-0.759485,0.599313,0.291585,0.302852,-0.681236,0.592953,0.085443,0.032583,-0.800028,0.513864,0.143893,0.077829,-0.842129,0.618818,0.194530,0.077434,-0.757117,0.739996,0.007573,0.057920,-0.670070,0.828654,0.055174,0.115022,-0.545031,0.734341,-0.043691,0.205945,-0.645307
0.662562,0.126695,0.115951,-0.729051,0.633591,-0.264278,-0.359556,-0.632011,0.708607,0.215373,0.106536,-0.663431,0.716054,-0.021084,0.016496,-0.697531,0.578249,-0.371655,-0.264593,-0.676380,0.624041,0.123570,0.188706,-0.748126,0.650260,0.016894,-0.004001,-0.759513,0.599354,0.291476,0.302764,-0.681286,0.592970,0.085334,0.032483,-0.800031,0.514278,0.143982,0.077824,-0.841862,0.620294,0.195287,0.077571,-0.755699,0.739997,0.007516,0.057779,-0.670082,0.828466,0.055221,0.115072,-0.545301,0.734306,-0.043889,0.205967,-0.645326
0.662569,0.126554,0.115788,-0.729095,0.633582,-0.264249,-0.359696,-0.631954,0.708712,0.215431,0.106689,-0.663276,0.716207,-0.020538,0.016066,-0.697401,0.578160,-0.371755,-0.264563,-0.676414,0.623905,0.123684,0.188766,-0.748206,0.650167,0.016504,-0.003722,-0.759603,0.599386,0.291301,0.302666,-0.681376,0.592982,0.085214,0.032416,-0.800038,0.514722,0.144231,0.077958,-0.841535,0.621398,0.195956,0.076971,-0.754679,0.739972,0.007467,0.057675,-0.670119,0.828240,0.055305,0.115187,-0.545611,0.734001,-0.044027,0.205533,-0.645803
0.662703,0.126361,0.115424,-0.729064,0.633592,-0.264080,-0.359713,-0.632005,0.708805,0.215394,0.106742,-0.663179,0.716286,-0.020747,0.016067,-0.697313,0.578110,-0.371737,-0.264591,-0.676456,0.623875,0.123797,0.188857,-0.748189,0.650174,0.016407,-0.003708,-0.759599,0.599454,0.290971,0.302502,-0.681530,0.593025,0.085075,0.032421,-0.800020,0.515178,0.144498,0.078193,-0.841188,0.622363,0.196844,0.076859,-0.753664,0.739950,0.007376,0.057408,-0.670167,0.828212,0.055263,0.115065,-0.545684,0.733725,-0.043563,0.205405,-0.646188
0.662900,0.126142,0.114959,-0.728997,0.633611,-0.263842,-0.359668,-0.632110,0.708894,0.215310,0.106745,-0.663112,0.716329,-0.021333,0.016283,-0.697246,0.578079,-0.371660,-0.264647,-0.676502,0.623899,0.123911,0.188963,-0.748124,0.650230,0.016456,-0.003828,-0.759549,0.599540,0.290564,0.302306,-0.681715,0.593085,0.084928,0.032463,-0.799990,0.515639,0.144775,0.078479,-0.840832,0.623255,0.197842,0.076991,-0.752651,0.739930,0.007265,0.057058,-0.670220,0.828283,0.055158,0.114823,-0.545637,0.733464,-0.042797,0.205431,-0.646527
0.662861,0.125892,0.114209,-0.729193,0.633331,-0.263692,-0.359570,-0.632509,0.708712,0.215403,0.106720,-0.663280,0.716175,-0.021017,0.016262,-0.697414,0.577791,-0.371554,-0.264813,-0.676741,0.623910,0.123909,0.189046,-0.748094,0.650249,0.016811,-0.004155,-0.759524,0.599457,0.290013,0.301992,-0.682161,0.592914,0.084303,0.031927,-0.800204,0.514625,0.145565,0.078718,-0.841294,0.624285,0.196546,0.081486,-0.751663,0.739751,0.006927,0.056499,-0.670469,0.828637,0.055392,0.115309,-0.544974,0.733931,-0.042027,0.205150,-0.646137
0.662812,0.125664,0.113719,-0.729354,0.633175,-0.263570,-0.359545,-0.632730,0.708636,0.215464,0.106689,-0.663346,0.716116,-0.020756,0.016171,-0.697486,0.577620,-0.371490,-0.264939,-0.676874,0.623923,0.123925,0.189061,-0.748076,0.650260,0.016925,-0.004234,-0.759511,0.599416,0.289621,0.301755,-0.682469,0.592793,0.083771,0.031355,-0.800373,0.513279,0.146324,0.078859,-0.841971,0.624800,0.195525,0.085096,-0.751101,0.739642,0.006747,0.055966,-0.670636,0.829050,0.055685,0.115665,-0.544240,0.734721,-0.041588,0.204800,-0.645378
0.662742,0.125481,0.113750,-0.729444,0.633264,-0.263508,-0.359666,-0.632598,0.708771,0.215464,0.106645,-0.663209,0.716242,-0.020604,0.015941,-0.697365,0.577679,-0.371511,-0.264982,-0.676795,0.623942,0.123977,0.188941,-0.748083,0.650257,0.016559,-0.003817,-0.759524,0.599458,0.289548,0.301674,-0.682499,0.592773,0.083421,0.030711,-0.800448,0.511270,0.147019,0.078808,-0.843076,0.624304,0.195025,0.086931,-0.751434,0.739672,0.006879,0.055486,-0.670641,0.829583,0.056098,0.115758,-0.543364,0.736162,-0.041810,0.204305,-0.643877
0.662709,0.125201,0.113871,-0.729503,0.633479,-0.263384,-0.359648,-0.632445,0.708883,0.215449,0.106521,-0.663114,0.716331,-0.020711,0.016025,-0.697269,0.577953,-0.371356,-0.264851,-0.676697,0.624055,0.123948,0.188777,-0.748034,0.650317,0.016460,-0.003572,-0.759476,0.599598,0.289456,0.301589,-0.682452,0.592864,0.083047,0.030176,-0.800440,0.509728,0.147189,0.078567,-0.844002,0.622372,0.195328,0.086167,-0.753044,0.739752,0.007312,0.054924,-0.670595,0.830195,0.056513,0.115302,-0.542483,0.736950,-0.041717,0.204485,-0.642923
0.662695,0.124872,0.114037,-0.729546,0.633756,-0.263231,-0.359559,-0.632282,0.708983,0.215428,0.106357,-0.663040,0.716401,-0.020947,0.016266,-0.697185,0.578332,-0.371114,-0.264633,-0.676592,0.624215,0.123880,0.188591,-0.747959,0.650409,0.016494,-0.003414,-0.759398,0.599788,0.289354,0.301503,-0.682366,0.593011,0.082661,0.029697,-0.800390,0.508418,0.147096,0.078233,-0.844839,0.619714,0.196028,0.084102,-0.755284,0.739857,0.007897,0.054322,-0.670521,0.830846,0.056929,0.114571,-0.541597,0.737412,-0.041468,0.205002,-0.642244
0.662685,0.124899,0.113803,-0.729588,0.633669,-0.263035,-0.359293,-0.632602,0.708848,0.215274,0.106148,-0.663268,0.716205,-0.021324,0.016416,-0.697371,0.578261,-0.370949,-0.264473,-0.676805,0.624173,0.123765,0.188440,-0.748051,0.650341,0.016784,-0.004144,-0.759445,0.599596,0.289180,0.301522,-0.682601,0.592846,0.082312,0.029789,-0.800544,0.507279,0.146626,0.078211,-0.845607,0.617758,0.195425,0.083554,-0.757102,0.739625,0.009094,0.053589,-0.670820,0.831065,0.058229,0.114001,-0.541243,0.737043,-0.040100,0.203263,-0.643307
0.662688,0.124936,0.113682,-0.729597,0.633658,-0.262821,-0.359131,-0.632793,0.708826,0.215145,0.105999,-0.663356,0.716148,-0.021410,0.016388,-0.697427,0.578253,-0.370796,-0.264322,-0.676954,0.624156,0.123683,0.188311,-0.748112,0.650299,0.016902,-0.004517,-0.759477,0.599379,0.288997,0.301661,-0.682807,0.592711,0.082028,0.030141,-0.800660,0.506267,0.146267,0.078499,-0.846249,0.616236,0.195071,0.083289,-0.758461,0.739399,0.010430,0.052952,-0.671101,0.831216,0.059642,0.113440,-0.540976,0.737082,-0.038743,0.202206,-0.643678
0.662719,0.124996,0.113786,-0.729543,0.633801,-0.262569,-0.359178,-0.632728,0.709030,0.215069,0.105968,-0.663169,0.716371,-0.020912,0.016006,-0.697222,0.578373,-0.370666,-0.264193,-0.676974,0.624188,0.123664,0.188225,-0.748109,0.650308,0.016678,-0.004175,-0.759476,0.599113,0.288797,0.302045,-0.682956,0.592635,0.081873,0.031011,-0.800699,0.505510,0.146129,0.079406,-0.846641,0.615590,0.195218,0.083591,-0.758914,0.739184,0.012045,0.052507,-0.671346,0.831228,0.061283,0.112899,-0.540886,0.737954,-0.037418,0.202508,-0.642662
0.662718,0.125064,0.113951,-0.729507,0.633919,-0.262410,-0.359118,-0.632710,0.709095,0.215048,0.105912,-0.663115,0.716430,-0.020918,0.016025,-0.697162,0.578498,-0.370555,-0.264030,-0.676991,0.624189,0.123661,0.188137,-0.748131,0.650285,0.016597,-0.004045,-0.759499,0.598980,0.288737,0.302331,-0.682971,0.592676,0.081795,0.032121,-0.800633,0.505469,0.145929,0.080498,-0.846597,0.614824,0.195368,0.084065,-0.759445,0.739003,0.013834,0.052210,-0.671534,0.831259,0.063001,0.112303,-0.540765,0.738824,-0.035655,0.202078,-0.641898
0.662700,0.125135,0.114147,-0.729479,0.634025,-0.262297,-0.359003,-0.632716,0.709091,0.215055,0.105843,-0.663128,0.716405,-0.021177,0.016243,-0.697174,0.578625,-0.370453,-0.263851,-0.677008,0.624174,0.123666,0.188048,-0.748165,0.650246,0.016588,-0.004020,-0.759532,0.598913,0.288747,0.302570,-0.682920,0.592776,0.081756,0.033351,-0.800512,0.505785,0.145699,0.081683,-0.846334,0.613996,0.195520,0.084626,-0.760012,0.738836,0.015708,0.051987,-0.671694,0.831296,0.064758,0.111680,-0.540629,0.739688,-0.033674,0.201278,-0.641261
0.662428,0.125264,0.114195,-0.729697,0.633864,-0.262260,-0.358844,-0.632983,0.708860,0.215260,0.105895,-0.663300,0.716180,-0.021350,0.016464,-0.697395,0.578511,-0.370353,-0.263847,-0.677162,0.624151,0.123685,0.188052,-0.748181,0.650217,0.016931,-0.004449,-0.759547,0.598780,0.288893,0.302592,-0.682965,0.592767,0.081810,0.034938,-0.800446,0.506528,0.145176,0.083004,-0.845851,0.615318,0.196074,0.084032,-0.758866,0.738528,0.017750,0.051524,-0.672017,0.831350,0.066704,0.110869,-0.540477,0.739783,-0.032715,0.201527,-0.641122
0.662254,0.125225,0.114219,-0.729858,0.633834,-0.262174,-0.358776,-0.633087,0.708770,0.215502,0.106035,-0.663295,0.716115,-0.021324,0.016492,-0.697462,0.578508,-0.370260,-0.263819,-0.677227,0.624136,0.123808,0.188122,-0.748155,0.650221,0.017036,-0.004574,-0.759540,0.598780,0.288939,0.302526,-0.682975,0.592864,0.081911,0.036411,-0.800298,0.507509,0.144808,0.084282,-0.845199,0.616456,0.196256,0.084151,-0.757882,0.738293,0.019601,0.051084,-0.672257,0.831371,0.068478,0.110138,-0.540373,0.739970,-0.031510,0.201515,-0.640971
0.662280,0.124851,0.114196,-0.729902,0.634066,-0.261989,-0.358892,-0.632866,0.708961,0.215822,0.106351,-0.662936,0.716372,-0.020897,0.016134,-0.697219,0.578723,-0.370183,-0.263742,-0.677114,0.624136,0.124141,0.188325,-0.748049,0.650290,0.016662,-0.004090,-0.759492,0.599048,0.288784,0.302280,-0.682914,0.593172,0.082107,0.037659,-0.799992,0.508964,0.144747,0.085477,-0.844214,0.617226,0.195686,0.085694,-0.757229,0.738211,0.021072,0.050694,-0.672332,0.831332,0.069908,0.109571,-0.540365,0.740340,-0.029813,0.200984,-0.640791
0.662322,0.124670,0.113999,-0.729926,0.634106,-0.261842,-0.358844,-0.632913,0.708936,0.216096,0.106547,-0.662842,0.716380,-0.020704,0.015922,-0.697221,0.578736,-0.370131,-0.263631,-0.677176,0.624014,0.124450,0.188534,-0.748047,0.650232,0.016560,-0.003913,-0.759545,0.599285,0.288708,0.301993,-0.682866,0.593414,0.082254,0.038641,-0.799751,0.510180,0.145223,0.086735,-0.843270,0.618375,0.196790,0.086612,-0.755900,0.738120,0.022257,0.050406,-0.672415,0.831237,0.071204,0.109348,-0.540387,0.740465,-0.028773,0.201355,-0.640578
0.662372,0.124584,0.113714,-0.729939,0.634050,-0.261715,-0.358715,-0.633095,0.708803,0.216347,0.106682,-0.662881,0.716264,-0.020627,0.015783,-0.697346,0.578646,-0.370090,-0.263504,-0.677324,0.623829,0.124748,0.188746,-0.748098,0.650110,0.016595,-0.003888,-0.759649,0.599507,0.288670,0.301684,-0.682823,0.593623,0.082375,0.039490,-0.799541,0.511274,0.145967,0.088026,-0.842344,0.619706,0.198731,0.087220,-0.754230,0.738025,0.023299,0.050169,-0.672502,0.831114,0.072431,0.109297,-0.540423,0.740470,-0.028062,0.202176,-0.640345
0.662481,0.124716,0.113443,-0.729860,0.633946,-0.261567,-0.358565,-0.633345,0.708684,0.216447,0.106762,-0.662962,0.716175,-0.020655,0.016047,-0.697430,0.578553,-0.369959,-0.263518,-0.677469,0.623799,0.124968,0.189013,-0.748019,0.650155,0.016825,-0.004202,-0.759604,0.599695,0.288859,0.301363,-0.682720,0.593743,0.082773,0.039931,-0.799389,0.511884,0.147092,0.088976,-0.841678,0.621209,0.199125,0.090377,-0.752516,0.737961,0.024095,0.049950,-0.672561,0.830979,0.073481,0.109403,-0.540468,0.740282,-0.027449,0.202195,-0.640582
0.662612,0.124755,0.113314,-0.729754,0.633975,-0.261418,-0.358459,-0.633438,0.708655,0.216548,0.106835,-0.662949,0.716171,-0.020640,0.016191,-0.697432,0.578586,-0.369850,-0.263460,-0.677524,0.623763,0.125215,0.189227,-0.747953,0.650181,0.016891,-0.004271,-0.759580,0.599917,0.289042,0.301079,-0.682573,0.593899,0.083177,0.040243,-0.799216,0.512321,0.148198,0.089786,-0.841132,0.622506,0.199150,0.093429,-0.751063,0.737972,0.024716,0.049707,-0.672545,0.830905,0.074239,0.109347,-0.540490,0.740131,-0.026939,0.202358,-0.640727
0.662790,0.124609,0.113468,-0.729594,0.634267,-0.261267,-0.358445,-0.633215,0.708806,0.216649,0.106892,-0.662745,0.716335,-0.020536,0.016093,-0.697269,0.578868,-0.369783,-0.263259,-0.677397,0.623717,0.125518,0.189333,-0.747914,0.650170,0.016630,-0.003850,-0.759597,0.600209,0.289210,0.300868,-0.682338,0.594126,0.083593,0.040299,-0.799001,0.512414,0.149271,0.090316,-0.840829,0.623402,0.198438,0.096279,-0.750148,0.738133,0.024989,0.049416,-0.672379,0.830953,0.074413,0.108968,-0.540468,0.740053,-0.026635,0.202807,-0.640688
0.662816,0.124689,0.113595,-0.729537,0.634385,-0.261071,-0.358371,-0.633220,0.708851,0.216714,0.106869,-0.662680,0.716375,-0.020492,0.016021,-0.697231,0.579005,-0.369626,-0.263104,-0.677426,0.623722,0.125609,0.189312,-0.747900,0.650166,0.016679,-0.003834,-0.759600,0.600482,0.289538,0.300694,-0.682035,0.594307,0.083983,0.040007,-0.798840,0.512291,0.150079,0.090329,-0.840759,0.623081,0.198659,0.096162,-0.750371,0.738337,0.025035,0.049246,-0.672165,0.831059,0.074419,0.108810,-0.540336,0.740222,-0.026415,0.202553,-0.640583
0.662765,0.124882,0.113709,-0.729532,0.634415,-0.260852,-0.358267,-0.633339,0.708841,0.216761,0.106804,-0.662685,0.716352,-0.020479,0.015963,-0.697256,0.579068,-0.369423,-0.262972,-0.677534,0.623754,0.125594,0.189227,-0.747897,0.650165,0.016883,-0.004020,-0.759595,0.600745,0.289945,0.300538,-0.681700,0.594464,0.084361,0.039540,-0.798706,0.512060,0.150755,0.090083,-0.840805,0.622145,0.199348,0.094566,-0.751168,0.738562,0.024968,0.049138,-0.671928,0.831194,0.074340,0.108764,-0.540149,0.740513,-0.026236,0.201946,-0.640445
0.662720,0.125023,0.113702,-0.729550,0.634450,-0.260489,-0.358048,-0.633577,0.708843,0.216688,0.106706,-0.662723,0.716332,-0.020640,0.016097,-0.697268,0.579086,-0.369218,-0.262816,-0.677691,0.623742,0.125619,0.189213,-0.747907,0.650145,0.016818,-0.003842,-0.759614,0.600968,0.290242,0.300343,-0.681463,0.594535,0.084612,0.038563,-0.798675,0.511515,0.151255,0.089252,-0.841136,0.621385,0.199861,0.091900,-0.751991,0.738760,0.024473,0.049216,-0.671724,0.831389,0.073787,0.108842,-0.539909,0.740289,-0.026948,0.201991,-0.640660
0.662772,0.125157,0.113724,-0.729477,0.634541,-0.260161,-0.357836,-0.633740,0.708866,0.216585,0.106569,-0.662753,0.716337,-0.020702,0.016197,-0.697260,0.579181,-0.369000,-0.262619,-0.677805,0.623744,0.125656,0.189181,-0.747907,0.650135,0.016772,-0.003713,-0.759624,0.601182,0.290503,0.300204,-0.681223,0.594606,0.084821,0.037476,-0.798652,0.511020,0.151622,0.088244,-0.841476,0.620578,0.200321,0.090083,-0.752754,0.738994,0.023863,0.049252,-0.671486,0.831578,0.073116,0.108905,-0.539696,0.740267,-0.027713,0.201967,-0.640661
0.663018,0.125274,0.113804,-0.729221,0.634745,-0.259906,-0.357636,-0.633754,0.708934,0.216422,0.106356,-0.662769,0.716390,-0.020569,0.016230,-0.697208,0.579431,-0.368753,-0.262343,-0.677832,0.623774,0.125715,0.189111,-0.747890,0.650146,0.016764,-0.003680,-0.759616,0.601381,0.290694,0.300177,-0.680979,0.594677,0.084944,0.036169,-0.798646,0.510627,0.151724,0.086884,-0.841838,0.619693,0.200675,0.089965,-0.753404,0.739302,0.023024,0.049204,-0.671179,0.831756,0.072211,0.108937,-0.539537,0.740650,-0.028586,0.201803,-0.640231
0.663079,0.125668,0.113925,-0.729078,0.634810,-0.259514,-0.357445,-0.633957,0.709015,0.216184,0.106139,-0.662795,0.716429,-0.020617,0.016173,-0.697168,0.579504,-0.368477,-0.262169,-0.677988,0.623822,0.125671,0.189002,-0.747885,0.650163,0.016846,-0.003829,-0.759598,0.601400,0.290979,0.300374,-0.680753,0.594644,0.085141,0.035145,-0.798695,0.510457,0.151915,0.085822,-0.842016,0.619717,0.201405,0.088383,-0.753376,0.739524,0.022309,0.049462,-0.670940,0.831950,0.071296,0.108961,-0.539354,0.740811,-0.029196,0.201259,-0.640189
0.663047,0.126202,0.114067,-0.728993,0.634806,-0.259053,-0.357259,-0.634255,0.709104,0.215908,0.105920,-0.662824,0.716462,-0.020754,0.016071,-0.697133,0.579487,-0.368184,-0.262045,-0.678209,0.623879,0.125574,0.188872,-0.747886,0.650184,0.016972,-0.004070,-0.759576,0.601328,0.291312,0.300685,-0.680537,0.594559,0.085375,0.034262,-0.798772,0.510398,0.152149,0.084909,-0.842101,0.620195,0.202319,0.086069,-0.753005,0.739702,0.021657,0.049872,-0.670734,0.832152,0.070376,0.108979,-0.539160,0.740861,-0.029673,0.200525,-0.640339
0.662900,0.126543,0.114371,-0.729019,0.634856,-0.258740,-0.357012,-0.634471,0.709038,0.215901,0.105730,-0.662928,0.716381,-0.020656,0.016113,-0.697217,0.579579,-0.367917,-0.261818,-0.678364,0.623900,0.125511,0.188711,-0.747919,0.650164,0.016885,-0.003996,-0.759596,0.601258,0.291699,0.300884,-0.680345,0.594464,0.085654,0.033643,-0.798840,0.510706,0.151895,0.083949,-0.842057,0.621000,0.201328,0.086003,-0.752615,0.739793,0.021276,0.050309,-0.670614,0.832228,0.069770,0.109026,-0.539113,0.740349,-0.030018,0.199553,-0.641219
0.662800,0.126782,0.114693,-0.729019,0.634983,-0.258433,-0.356810,-0.634583,0.709042,0.215883,0.105561,-0.662956,0.716367,-0.020595,0.016122,-0.697233,0.579751,-0.367649,-0.261553,-0.678464,0.623930,0.125468,0.188525,-0.747949,0.650147,0.016802,-0.003939,-0.759613,0.601256,0.292035,0.301048,-0.680130,0.594435,0.085864,0.033051,-0.798863,0.511126,0.151601,0.083035,-0.841946,0.621603,0.200549,0.085851,-0.752342,0.739921,0.020890,0.050712,-0.670454,0.832312,0.069200,0.109115,-0.539039,0.739957,-0.030791,0.199729,-0.641579
0.662790,0.126818,0.115052,-0.728965,0.635263,-0.258138,-0.356696,-0.634487,0.709185,0.215847,0.105431,-0.662836,0.716486,-0.020605,0.016067,-0.697112,0.580086,-0.367380,-0.261213,-0.678454,0.623976,0.125462,0.188291,-0.747971,0.650134,0.016727,-0.003918,-0.759626,0.601390,0.292269,0.301144,-0.679869,0.594539,0.085938,0.032516,-0.798799,0.511773,0.151227,0.082213,-0.841701,0.621808,0.200197,0.085526,-0.752304,0.740124,0.020497,0.051048,-0.670217,0.832414,0.068699,0.109289,-0.538909,0.739802,-0.032425,0.202204,-0.640902
0.662862,0.127017,0.115140,-0.728850,0.635361,-0.257844,-0.356481,-0.634629,0.709174,0.215805,0.105276,-0.662886,0.716461,-0.020569,0.016132,-0.697137,0.580224,-0.367123,-0.261031,-0.678546,0.624012,0.125535,0.188262,-0.747935,0.650158,0.016763,-0.003900,-0.759604,0.601453,0.292465,0.301209,-0.679700,0.594579,0.085870,0.032102,-0.798794,0.512210,0.150832,0.081572,-0.841568,0.622294,0.200953,0.083719,-0.751904,0.740235,0.020269,0.051303,-0.670082,0.832426,0.068566,0.109675,-0.538829,0.739965,-0.032580,0.202264,-0.640687
0.662976,0.127298,0.115093,-0.728705,0.635369,-0.257551,-0.356215,-0.634890,0.709086,0.215758,0.105110,-0.663021,0.716365,-0.020509,0.016257,-0.697235,0.580264,-0.366871,-0.260929,-0.678687,0.624044,0.125646,0.188336,-0.747871,0.650202,0.016854,-0.003884,-0.759564,0.601480,0.292641,0.301258,-0.679578,0.594586,0.085732,0.031749,-0.798818,0.512542,0.150428,0.081022,-0.841491,0.622922,0.202258,0.081167,-0.751314,0.740299,0.020124,0.051517,-0.669999,0.832393,0.068616,0.110167,-0.538774,0.740288,-0.031996,0.201118,-0.640704
0.663169,0.127622,0.115233,-0.728451,0.635497,-0.257282,-0.356007,-0.634987,0.709090,0.215692,0.104932,-0.663066,0.716339,-0.020497,0.016199,-0.697263,0.580415,-0.366654,-0.260744,-0.678746,0.624038,0.125828,0.188377,-0.747836,0.650209,0.016848,-0.003842,-0.759559,0.601495,0.292886,0.301443,-0.679377,0.594645,0.085906,0.031843,-0.798751,0.513247,0.149983,0.080759,-0.841166,0.623915,0.201162,0.082701,-0.750616,0.740347,0.020306,0.052015,-0.669902,0.832240,0.068799,0.110514,-0.538916,0.740421,-0.031255,0.200816,-0.640682
0.663330,0.127971,0.115514,-0.728199,0.635661,-0.257061,-0.355863,-0.634993,0.709129,0.215659,0.104776,-0.663061,0.716353,-0.020446,0.016121,-0.697252,0.580603,-0.366467,-0.260536,-0.678765,0.624018,0.126010,0.188369,-0.747823,0.650190,0.016832,-0.003801,-0.759576,0.601523,0.293199,0.301706,-0.679101,0.594743,0.086148,0.032054,-0.798644,0.513954,0.149673,0.080670,-0.840798,0.624912,0.200538,0.083471,-0.749868,0.740432,0.020522,0.052634,-0.669753,0.832044,0.068968,0.110877,-0.539123,0.740653,-0.030699,0.200805,-0.640444
0.663424,0.128372,0.116079,-0.727952,0.635898,-0.256934,-0.355844,-0.634818,0.709236,0.215690,0.104662,-0.662954,0.716449,-0.020314,0.016001,-0.697160,0.580867,-0.366342,-0.260284,-0.678704,0.623972,0.126190,0.188262,-0.747858,0.650121,0.016795,-0.003760,-0.759636,0.601573,0.293646,0.302126,-0.678677,0.594918,0.086525,0.032497,-0.798455,0.514663,0.149630,0.080928,-0.840348,0.625926,0.200865,0.082716,-0.749018,0.740591,0.020807,0.053496,-0.669499,0.831761,0.069107,0.111268,-0.539460,0.741083,-0.030511,0.201378,-0.639775
0.663465,0.128761,0.116655,-0.727754,0.636117,-0.256796,-0.355705,-0.634732,0.709230,0.215791,0.104528,-0.662948,0.716430,-0.020323,0.016093,-0.697177,0.581162,-0.366139,-0.260081,-0.678639,0.624012,0.126380,0.188260,-0.747794,0.650152,0.016833,-0.003628,-0.759609,0.601844,0.294354,0.302251,-0.678073,0.595220,0.087261,0.033013,-0.798128,0.515071,0.149952,0.081324,-0.840002,0.626556,0.199856,0.083756,-0.748645,0.740768,0.021550,0.054329,-0.669213,0.831434,0.069794,0.111718,-0.539782,0.740241,-0.030054,0.202066,-0.640553
0.663480,0.129143,0.117236,-0.727580,0.636327,-0.256653,-0.355506,-0.634691,0.709169,0.215925,0.104384,-0.662993,0.716354,-0.020402,0.016291,-0.697248,0.581474,-0.365896,-0.259901,-0.678572,0.624095,0.126575,0.188310,-0.747679,0.650232,0.016908,-0.003451,-0.759540,0.602225,0.295193,0.302229,-0.677380,0.595585,0.088178,0.033566,-0.797732,0.515328,0.150458,0.081791,-0.839708,0.626999,0.198175,0.085691,-0.748503,0.740954,0.022524,0.055148,-0.668908,0.831085,0.070755,0.112200,-0.540096,0.738761,-0.029464,0.202816,-0.642052
0.663501,0.129332,0.117651,-0.727460,0.636681,-0.256055,-0.355040,-0.634838,0.709208,0.215733,0.103925,-0.663085,0.716306,-0.020600,0.016308,-0.697292,0.581938,-0.365343,-0.259316,-0.678695,0.624144,0.126594,0.187911,-0.747735,0.650193,0.016667,-0.003406,-0.759579,0.602484,0.295680,0.302251,-0.676928,0.595893,0.089569,0.034731,-0.797297,0.514571,0.151993,0.083304,-0.839747,0.626223,0.202389,0.087643,-0.747799,0.740973,0.023638,0.056116,-0.668769,0.830565,0.072279,0.113402,-0.540442,0.737615,-0.028115,0.205503,-0.642574
0.663481,0.129674,0.118309,-0.727310,0.637139,-0.255292,-0.354479,-0.635000,0.709326,0.215346,0.103295,-0.663184,0.716329,-0.020590,0.016265,-0.697269,0.582548,-0.364614,-0.258559,-0.678853,0.624283,0.126388,0.187294,-0.747809,0.650170,0.016435,-0.003229,-0.759605,0.602786,0.296452,0.302334,-0.676284,0.596254,0.091544,0.036160,-0.796739,0.513441,0.153993,0.085105,-0.839894,0.621642,0.212729,0.084289,-0.749135,0.741002,0.025102,0.057459,-0.668569,0.830011,0.074222,0.114949,-0.540703,0.737012,-0.025088,0.207877,-0.642628
0.663379,0.130323,0.119453,-0.727100,0.637801,-0.254198,-0.353729,-0.635193,0.709600,0.214571,0.102321,-0.663293,0.716496,-0.020164,0.016101,-0.697113,0.583448,-0.363536,-0.257457,-0.679077,0.624600,0.125732,0.186240,-0.747918,0.650178,0.016219,-0.002787,-0.759604,0.603173,0.297797,0.302538,-0.675256,0.596720,0.094686,0.038114,-0.795932,0.511563,0.156919,0.087484,-0.840254,0.609315,0.235331,0.070476,-0.753915,0.741053,0.027268,0.059549,-0.668244,0.829389,0.077002,0.117188,-0.540788,0.737474,-0.018694,0.209611,-0.641753
0.663294,0.131395,0.120891,-0.726747,0.638585,-0.252677,-0.352480,-0.635706,0.709822,0.213319,0.100859,-0.663683,0.716534,-0.019921,0.016076,-0.697082,0.584559,-0.362031,-0.255931,-0.679503,0.625014,0.124703,0.184783,-0.748105,0.650160,0.016229,-0.002553,-0.759620,0.603519,0.299696,0.302833,-0.673973,0.597166,0.099758,0.041099,-0.794829,0.508987,0.161703,0.091168,-0.840520,0.584013,0.268257,0.051298,-0.764418,0.740921,0.030439,0.062727,-0.667963,0.829371,0.080669,0.119929,-0.539679,0.739076,-0.018788,0.224361,-0.634882
0.663216,0.132678,0.122477,-0.726320,0.639426,-0.250941,-0.350981,-0.636376,0.710015,0.211827,0.099153,-0.664211,0.716508,-0.019769,0.016123,-0.697112,0.585772,-0.360311,-0.254192,-0.680025,0.625469,0.123486,0.183125,-0.748335,0.650124,0.016350,-0.002421,-0.759648,0.603837,0.301876,0.303173,-0.672561,0.597583,0.105792,0.044601,-0.793545,0.506045,0.167387,0.095529,-0.840699,0.551584,0.306700,0.030785,-0.775076,0.740694,0.034113,0.066453,-0.667677,0.829648,0.084787,0.122913,-0.537948,0.740778,-0.021982,0.245524,-0.624887
0.663390,0.133978,0.124029,-0.725659,0.640634,-0.248356,-0.348758,-0.637397,0.710317,0.209558,0.096681,-0.664972,0.716468,-0.019898,0.016281,-0.697146,0.587490,-0.357807,-0.251656,-0.680808,0.626086,0.121790,0.180880,-0.748643,0.650112,0.016141,-0.002142,-0.759664,0.604381,0.304105,0.303439,-0.670946,0.598161,0.114205,0.049001,-0.791681,0.499874,0.176888,0.102256,-0.841653,0.511756,0.345760,0.020812,-0.786208,0.740271,0.038746,0.072016,-0.667316,0.830127,0.090950,0.128761,-0.534825,0.746366,-0.023271,0.269848,-0.607930
0.663570,0.135342,0.125525,-0.724984,0.641900,-0.245397,-0.346283,-0.638618,0.710664,0.206997,0.093958,-0.665794,0.716461,-0.019842,0.016348,-0.697153,0.589286,-0.355023,-0.248881,-0.681733,0.626746,0.119854,0.178405,-0.748997,0.650078,0.015957,-0.001747,-0.759698,0.604953,0.306302,0.303757,-0.669285,0.598755,0.123071,0.053827,-0.789588,0.493121,0.187319,0.109946,-0.842410,0.469764,0.385453,0.015006,-0.794055,0.739768,0.043738,0.078158,-0.666874,0.830835,0.098096,0.135880,-0.530685,0.750789,-0.023724,0.295110,-0.590478
0.663762,0.136833,0.126911,-0.724286,0.643284,-0.241691,-0.343308,-0.640243,0.711108,0.203857,0.090734,-0.666734,0.716524,-0.019415,0.016229,-0.697103,0.591244,-0.351681,-0.245631,-0.682947,0.627506,0.117441,0.175467,-0.749436,0.650010,0.015828,-0.001127,-0.759760,0.605593,0.308428,0.304180,-0.667535,0.599418,0.132847,0.059498,-0.787090,0.485242,0.199672,0.119480,-0.842850,0.424301,0.426265,0.015693,-0.798762,0.739104,0.049449,0.085446,-0.666318,0.831979,0.107188,0.145537,-0.524538,0.753721,-0.023144,0.322316,-0.572259
0.664066,0.138262,0.128572,-0.723443,0.645018,-0.237515,-0.339693,-0.641987,0.711545,0.199996,0.086723,-0.667970,0.716493,-0.019159,0.016282,-0.697141,0.593777,-0.347656,-0.241661,-0.684225,0.628507,0.114313,0.171841,-0.749921,0.650008,0.015900,-0.000793,-0.759760,0.606343,0.310687,0.304647,-0.665591,0.600115,0.143790,0.065824,-0.784126,0.476711,0.213374,0.130217,-0.842770,0.373571,0.468768,0.017600,-0.800245,0.738351,0.056122,0.093173,-0.665588,0.833349,0.117891,0.156286,-0.516920,0.755956,-0.025426,0.358712,-0.547000
0.664423,0.139661,0.130369,-0.722524,0.646913,-0.233102,-0.335743,-0.643773,0.711962,0.195763,0.082323,-0.669336,0.716416,-0.018994,0.016426,-0.697221,0.596581,-0.343283,-0.237319,-0.685512,0.629592,0.110816,0.167876,-0.750434,0.650023,0.016058,-0.000589,-0.759745,0.607139,0.313015,0.305136,-0.663548,0.600765,0.155292,0.072485,-0.780840,0.467738,0.227614,0.141614,-0.842234,0.320319,0.511102,0.021512,-0.797313,0.737529,0.063265,0.101130,-0.664697,0.834698,0.129377,0.167518,-0.508407,0.756253,-0.028902,0.398922,-0.517791
0.664417,0.141905,0.133227,-0.721570,0.649122,-0.227644,-0.330990,-0.645960,0.712512,0.190339,0.076657,-0.670986,0.716316,-0.019311,0.016641,-0.697310,0.599885,-0.337926,-0.232160,-0.687055,0.630991,0.106056,0.162547,-0.751120,0.650065,0.015900,-0.000472,-0.759712,0.607243,0.315761,0.306987,-0.661294,0.600865,0.168299,0.080761,-0.777248,0.457700,0.243614,0.155308,-0.840858,0.264706,0.551733,0.023799,-0.790541,0.736369,0.071588,0.110470,-0.663651,0.835010,0.142863,0.180758,-0.499675,0.760791,-0.031832,0.440646,-0.475410
0.664400,0.144478,0.136275,-0.720505,0.651378,-0.221769,-0.325890,-0.648321,0.713088,0.184375,0.070524,-0.672709,0.716244,-0.019525,0.016750,-0.697376,0.603306,-0.332157,-0.226701,-0.688695,0.632488,0.100752,0.156800,-0.751812,0.650140,0.015875,-0.000436,-0.759648,0.607101,0.318656,0.309175,-0.659012,0.600599,0.181446,0.089187,-0.773566,0.447165,0.260179,0.169588,-0.838803,0.211329,0.588752,0.029098,-0.779657,0.735095,0.079955,0.119842,-0.662481,0.834743,0.156946,0.194854,-0.490513,0.762687,-0.030212,0.478947,-0.433597
0.664363,0.147709,0.139704,-0.719227,0.653759,-0.215068,-0.320118,-0.651053,0.713751,0.177347,0.063457,-0.674597,0.716233,-0.019530,0.016644,-0.697389,0.606993,-0.325578,-0.220661,-0.690556,0.634253,0.094374,0.150207,-0.752499,0.650320,0.016137,-0.000582,-0.759489,0.606484,0.321843,0.312044,-0.656676,0.599753,0.194912,0.097908,-0.769883,0.435861,0.278151,0.184910,-0.835742,0.162070,0.620616,0.037751,-0.766253,0.733661,0.088435,0.129267,-0.661219,0.833539,0.172227,0.210785,-0.480750,0.763317,-0.021218,0.511750,-0.393712
0.664342,0.151215,0.143435,-0.717782,0.656308,-0.207754,-0.313585,-0.654035,0.714305,0.169356,0.055434,-0.676767,0.716129,-0.019437,0.016659,-0.697498,0.610972,-0.318370,-0.213951,-0.692517,0.636055,0.087180,0.142907,-0.753267,0.650462,0.016218,-0.000652,-0.759365,0.605744,0.325209,0.315256,-0.654161,0.598865,0.206902,0.106471,-0.766301,0.422991,0.298179,0.201771,-0.831539,0.128813,0.645301,0.054209,-0.751036,0.732315,0.096990,0.137830,-0.659780,0.831506,0.189287,0.229240,-0.469274,0.759882,-0.008614,0.539776,-0.362142
0.664317,0.154856,0.147314,-0.716241,0.658904,-0.200128,-0.306643,-0.657088,0.714759,0.160860,0.046941,-0.679000,0.715993,-0.019302,0.016738,-0.697640,0.615053,-0.310829,-0.206885,-0.694473,0.637790,0.079554,0.135263,-0.754055,0.650559,0.016185,-0.000659,-0.759283,0.604930,0.328660,0.318633,-0.651548,0.597893,0.218135,0.114947,-0.762711,0.408999,0.319027,0.219206,-0.826372,0.103146,0.666243,0.073601,-0.734890,0.730964,0.105565,0.145964,-0.658212,0.828696,0.207008,0.248848,-0.456601,0.754260,0.005130,0.565074,-0.334301
