pelvis_x,pelvis_y,pelvis_z,left_hip_roll_link_x,left_hip_roll_link_y,left_hip_roll_link_z,left_knee_link_x,left_knee_link_y,left_knee_link_z,left_ankle_roll_link_x,left_ankle_roll_link_y,left_ankle_roll_link_z,right_hip_roll_link_x,right_hip_roll_link_y,right_hip_roll_link_z,right_knee_link_x,right_knee_link_y,right_knee_link_z,right_ankle_roll_link_x,right_ankle_roll_link_y,right_ankle_roll_link_z,torso_link_x,torso_link_y,torso_link_z,left_shoulder_roll_link_x,left_shoulder_roll_link_y,left_shoulder_roll_link_z,left_elbow_link_x,left_elbow_link_y,left_elbow_link_z,left_wrist_yaw_link_x,left_wrist_yaw_link_y,left_wrist_yaw_link_z,right_shoulder_roll_link_x,right_shoulder_roll_link_y,right_shoulder_roll_link_z,right_elbow_link_x,right_elbow_link_y,right_elbow_link_z,right_wrist_yaw_link_x,right_wrist_yaw_link_y,right_wrist_yaw_link_z
0.022483,-0.010694,0.788619,0.023502,-0.130687,0.658681,0.043693,-0.153708,0.354020,0.099707,-0.173688,0.042273,0.026839,0.102111,0.652428,0.037465,0.138695,0.348502,0.084964,0.169275,0.036147,0.025879,-0.009527,0.842644,-0.004672,-0.145426,1.078392,0.004200,-0.192536,0.900569,-0.049714,-0.180630,0.724763,0.000137,0.135578,1.073552,-0.016745,0.166054,0.892710,-0.085839,0.149154,0.722798
0.022572,-0.012292,0.788450,0.023876,-0.132382,0.658598,0.043311,-0.154671,0.353836,0.099743,-0.173678,0.042107,0.026928,0.100415,0.652178,0.037550,0.137819,0.348350,0.084982,0.169297,0.036072,0.025874,-0.011092,0.842480,-0.005313,-0.146812,1.078248,0.003694,-0.194034,0.900461,-0.050279,-0.181927,0.724687,-0.000162,0.134182,1.073251,-0.016874,0.164675,0.892396,-0.085567,0.148252,0.722273
0.022624,-0.014030,0.788262,0.024208,-0.134210,0.658489,0.042303,-0.155802,0.353596,0.099771,-0.173658,0.042000,0.026906,0.098587,0.651911,0.037558,0.136873,0.348192,0.085005,0.169311,0.036014,0.025837,-0.012792,0.842297,-0.005928,-0.148313,1.078101,0.003191,-0.195609,0.900340,-0.050865,-0.183350,0.724602,-0.000590,0.132674,1.072902,-0.017038,0.163269,0.892039,-0.085309,0.147367,0.721696
0.022601,-0.016047,0.788035,0.024453,-0.136306,0.658328,0.040042,-0.157277,0.353257,0.099781,-0.173632,0.042030,0.026664,0.096491,0.651613,0.037408,0.135787,0.348023,0.085037,0.169312,0.035986,0.025739,-0.014765,0.842073,-0.006494,-0.150042,1.077954,0.002693,-0.197342,0.900197,-0.051495,-0.185027,0.724503,-0.001278,0.130942,1.072458,-0.017274,0.161807,0.891598,-0.085083,0.146520,0.721015
0.022432,-0.018262,0.787787,0.024626,-0.138674,0.658222,0.038326,-0.158790,0.353006,0.099822,-0.173590,0.042064,0.026134,0.094120,0.651226,0.037032,0.134581,0.347790,0.085063,0.169312,0.035948,0.025535,-0.016907,0.841826,-0.007088,-0.151870,1.077833,0.002121,-0.199148,0.900071,-0.052114,-0.186809,0.724393,-0.002088,0.129109,1.071940,-0.017544,0.160370,0.891099,-0.084867,0.145745,0.720270
0.022192,-0.020575,0.787529,0.024763,-0.141177,0.658144,0.036875,-0.160327,0.352802,0.099862,-0.173554,0.042106,0.025459,0.091610,0.650796,0.036535,0.133315,0.347529,0.085070,0.169315,0.035909,0.025277,-0.019133,0.841566,-0.007697,-0.153749,1.077723,0.001511,-0.200991,0.899952,-0.052727,-0.188642,0.724276,-0.002961,0.127226,1.071384,-0.017834,0.158944,0.890573,-0.084658,0.145005,0.719495
0.021517,-0.023274,0.787208,0.024603,-0.144195,0.658132,0.036595,-0.161944,0.352704,0.099892,-0.173583,0.042018,0.024143,0.088573,0.650187,0.035590,0.131784,0.347138,0.085063,0.169260,0.035843,0.024647,-0.021710,0.841239,-0.008244,-0.156043,1.077568,0.000980,-0.203279,0.899796,-0.053325,-0.190979,0.724137,-0.004048,0.124932,1.070815,-0.018341,0.157163,0.890045,-0.084646,0.144042,0.718703
0.020711,-0.026064,0.786846,0.024321,-0.147368,0.658144,0.036580,-0.163597,0.352647,0.099922,-0.173640,0.041921,0.022648,0.085369,0.649477,0.034249,0.130275,0.346676,0.085043,0.169216,0.035777,0.023903,-0.024358,0.840869,-0.008824,-0.158408,1.077382,0.000430,-0.205679,0.899621,-0.053914,-0.193455,0.723968,-0.005173,0.122566,1.070211,-0.018866,0.155323,0.889486,-0.084717,0.143075,0.717901
0.019644,-0.029034,0.786401,0.023793,-0.150853,0.658208,0.037111,-0.165314,0.352668,0.099986,-0.173724,0.041802,0.020797,0.081832,0.648568,0.032132,0.128802,0.346064,0.085034,0.169171,0.035708,0.022929,-0.027148,0.840412,-0.009471,-0.160912,1.077132,-0.000154,-0.208304,0.899408,-0.054485,-0.196209,0.723743,-0.006373,0.120059,1.069536,-0.019425,0.153366,0.888860,-0.084950,0.142102,0.717076
0.018563,-0.031996,0.785755,0.023282,-0.154538,0.658278,0.038164,-0.167063,0.352728,0.100057,-0.173843,0.041622,0.018947,0.078065,0.647270,0.028436,0.127769,0.345140,0.084994,0.169159,0.035585,0.021898,-0.029881,0.839754,-0.010277,-0.163473,1.076601,-0.000788,-0.211056,0.898938,-0.055053,-0.199132,0.723242,-0.007708,0.117497,1.068721,-0.020092,0.151375,0.888099,-0.085384,0.141355,0.716158
0.017475,-0.034953,0.785008,0.022781,-0.158318,0.658357,0.039473,-0.168811,0.352825,0.100116,-0.173947,0.041437,0.017101,0.074178,0.645785,0.023958,0.126930,0.344102,0.084943,0.169106,0.035525,0.020836,-0.032585,0.838993,-0.011163,-0.166063,1.075929,-0.001447,-0.213871,0.898339,-0.055619,-0.202140,0.722602,-0.009111,0.114907,1.067835,-0.020812,0.149369,0.887271,-0.085909,0.140730,0.715199
0.016424,-0.037588,0.783784,0.022212,-0.162273,0.658464,0.041465,-0.170604,0.353016,0.100166,-0.174266,0.041220,0.015076,0.070042,0.643400,0.013056,0.127977,0.342620,0.084640,0.168868,0.036238,0.019735,-0.034860,0.837751,-0.012529,-0.168535,1.074539,-0.002335,-0.216781,0.897094,-0.056371,-0.205385,0.721296,-0.010731,0.112443,1.066640,-0.021554,0.147496,0.886124,-0.087026,0.140444,0.714117
0.015352,-0.040104,0.782582,0.021301,-0.166032,0.658527,0.042581,-0.172345,0.353165,0.100195,-0.174483,0.041147,0.013020,0.066097,0.641150,0.001461,0.129218,0.341657,0.084189,0.168441,0.037967,0.018658,-0.037046,0.836526,-0.014109,-0.170972,1.073104,-0.003336,-0.219752,0.895839,-0.057182,-0.208712,0.719960,-0.012338,0.110016,1.065493,-0.022256,0.145606,0.885018,-0.088261,0.140238,0.713152
0.014240,-0.042384,0.781424,0.019702,-0.169415,0.658485,0.041966,-0.174022,0.353158,0.100222,-0.174590,0.041267,0.010895,0.062561,0.639134,-0.011609,0.130975,0.341467,0.083339,0.168009,0.041184,0.017632,-0.039057,0.835340,-0.016123,-0.173334,1.071579,-0.004574,-0.222846,0.894565,-0.058119,-0.212199,0.718568,-0.013915,0.107664,1.064446,-0.022875,0.143679,0.883990,-0.089738,0.140178,0.712410
0.012993,-0.044403,0.780509,0.017582,-0.172235,0.658376,0.041065,-0.175375,0.353117,0.100240,-0.174693,0.041414,0.008818,0.059666,0.637710,-0.026025,0.132949,0.342435,0.081717,0.166855,0.046204,0.016472,-0.040910,0.834403,-0.018815,-0.175554,1.070209,-0.006350,-0.225958,0.893508,-0.059216,-0.215738,0.717281,-0.015559,0.105449,1.063671,-0.023521,0.141677,0.883194,-0.091363,0.140080,0.711967
0.011679,-0.046291,0.779716,0.015199,-0.174767,0.658236,0.040038,-0.176579,0.353067,0.100287,-0.174824,0.041589,0.006770,0.057112,0.636627,-0.040931,0.135268,0.344448,0.079873,0.165880,0.053005,0.015245,-0.042685,0.833590,-0.021849,-0.177691,1.068912,-0.008408,-0.229076,0.892564,-0.060409,-0.219304,0.716054,-0.017238,0.103308,1.063027,-0.024172,0.139642,0.882511,-0.093010,0.140031,0.711669
0.009706,-0.047768,0.779359,0.011993,-0.176408,0.658036,0.038499,-0.177252,0.352994,0.100271,-0.174804,0.041840,0.004518,0.055563,0.636438,-0.054962,0.136909,0.347327,0.075910,0.163242,0.059876,0.013314,-0.044201,0.833229,-0.025973,-0.179435,1.068064,-0.011539,-0.231991,0.892139,-0.061874,-0.223095,0.715100,-0.018990,0.101528,1.062860,-0.025078,0.137592,0.882244,-0.094908,0.139709,0.711800
0.007446,-0.049047,0.779150,0.008663,-0.177672,0.657807,0.036882,-0.177771,0.352910,0.100247,-0.174822,0.042100,0.002069,0.054421,0.636559,-0.067774,0.138013,0.350438,0.070357,0.161021,0.066125,0.011079,-0.045578,0.833022,-0.030419,-0.181082,1.067319,-0.015052,-0.234785,0.891821,-0.063500,-0.226914,0.714204,-0.020916,0.099820,1.062907,-0.026168,0.135608,0.882196,-0.096947,0.139376,0.712157
0.004611,-0.049930,0.779235,0.005094,-0.178195,0.657519,0.035084,-0.177954,0.352785,0.100155,-0.174845,0.042351,-0.000795,0.054055,0.637213,-0.078562,0.137552,0.353124,0.061361,0.158928,0.069519,0.008232,-0.046674,0.833120,-0.035499,-0.182562,1.066789,-0.019298,-0.237344,0.891699,-0.065418,-0.230789,0.713407,-0.023178,0.098244,1.063390,-0.027636,0.133748,0.882591,-0.099376,0.138910,0.712980
0.001383,-0.050440,0.779409,0.001424,-0.178133,0.657105,0.033246,-0.177859,0.352551,0.100129,-0.174846,0.042524,-0.003951,0.054284,0.638085,-0.088066,0.135876,0.355260,0.048358,0.157213,0.069881,0.004958,-0.047468,0.833314,-0.041090,-0.183853,1.066248,-0.024167,-0.239613,0.891535,-0.067832,-0.234495,0.712573,-0.025893,0.096824,1.064053,-0.029529,0.132189,0.883200,-0.102199,0.138539,0.714023
-0.002041,-0.050763,0.779626,-0.002294,-0.177776,0.656631,0.031384,-0.177629,0.352273,0.100127,-0.174847,0.042673,-0.007253,0.054806,0.639071,-0.096957,0.133573,0.357167,0.033200,0.155595,0.068849,0.001469,-0.048111,0.833554,-0.046931,-0.185033,1.065696,-0.029365,-0.241727,0.891348,-0.070537,-0.238133,0.711752,-0.028832,0.095479,1.064804,-0.031642,0.130774,0.883917,-0.105234,0.138231,0.715185
-0.006091,-0.050612,0.779573,-0.006412,-0.176958,0.655906,0.029292,-0.177122,0.351775,0.100076,-0.174727,0.042660,-0.011043,0.055768,0.639739,-0.105002,0.132105,0.358553,0.013144,0.154462,0.065047,-0.002697,-0.048287,0.833524,-0.053545,-0.185850,1.064762,-0.035382,-0.243355,0.890740,-0.074348,-0.241042,0.710627,-0.032541,0.094459,1.065357,-0.034403,0.130157,0.884533,-0.108765,0.138491,0.716170
-0.010340,-0.050303,0.779393,-0.010759,-0.176046,0.655128,0.027088,-0.176570,0.351252,0.100030,-0.174627,0.042664,-0.014930,0.056809,0.640226,-0.112830,0.131080,0.359831,-0.008291,0.153755,0.061152,-0.007075,-0.048283,0.833363,-0.060412,-0.186438,1.063688,-0.041690,-0.244764,0.889998,-0.078676,-0.243583,0.709452,-0.036515,0.093633,1.065758,-0.037283,0.129843,0.885026,-0.112391,0.139143,0.717031
-0.014992,-0.049680,0.778957,-0.015568,-0.174953,0.654235,0.024661,-0.175922,0.350661,0.100000,-0.174550,0.042679,-0.019017,0.058013,0.640338,-0.120227,0.130940,0.360764,-0.032300,0.154110,0.056743,-0.011877,-0.047921,0.832945,-0.067793,-0.186598,1.062343,-0.048540,-0.245756,0.888992,-0.083953,-0.245360,0.708122,-0.041022,0.093198,1.065861,-0.040389,0.130146,0.885276,-0.116181,0.140554,0.717633
-0.020070,-0.048657,0.778265,-0.020850,-0.173594,0.653225,0.021998,-0.175123,0.350006,0.099946,-0.174461,0.042706,-0.023367,0.059464,0.640072,-0.127432,0.131054,0.361196,-0.058383,0.155458,0.052372,-0.017122,-0.047118,0.832267,-0.075649,-0.186276,1.060721,-0.055941,-0.246272,0.887709,-0.090170,-0.246271,0.706609,-0.046098,0.093218,1.065673,-0.043873,0.130954,0.885261,-0.119848,0.142831,0.717782
-0.025361,-0.047436,0.777445,-0.026367,-0.172102,0.652157,0.019208,-0.174266,0.349332,0.099859,-0.174404,0.042768,-0.027848,0.061036,0.639618,-0.134555,0.131314,0.361402,-0.085614,0.157559,0.048857,-0.022590,-0.046093,0.831458,-0.083748,-0.185695,1.058952,-0.063632,-0.246535,0.886281,-0.096874,-0.246733,0.704996,-0.051470,0.093469,1.065338,-0.047550,0.132003,0.885119,-0.123441,0.145539,0.717714
-0.031472,-0.045632,0.776261,-0.032545,-0.170238,0.650943,0.016113,-0.173217,0.348598,0.099786,-0.174295,0.042890,-0.033234,0.062939,0.638548,-0.141019,0.131068,0.360205,-0.114780,0.160124,0.045133,-0.028842,-0.044420,0.830281,-0.092333,-0.184480,1.056851,-0.072087,-0.246093,0.884470,-0.104842,-0.246157,0.703098,-0.057714,0.094368,1.064619,-0.052207,0.133689,0.884608,-0.126829,0.149136,0.716800
-0.037884,-0.043677,0.774953,-0.038936,-0.168310,0.649695,0.012903,-0.172169,0.347886,0.099692,-0.174220,0.043095,-0.039077,0.064888,0.637241,-0.147257,0.130547,0.358448,-0.144237,0.163057,0.042594,-0.035353,-0.042569,0.828975,-0.101034,-0.183049,1.054659,-0.080740,-0.245398,0.882549,-0.113138,-0.245291,0.701113,-0.064269,0.095486,1.063737,-0.057132,0.135510,0.883936,-0.130124,0.152905,0.715604
-0.044899,-0.041423,0.773396,-0.045756,-0.166254,0.648379,0.009485,-0.171080,0.347186,0.099600,-0.174126,0.043414,-0.045838,0.066930,0.635458,-0.152996,0.129455,0.355542,-0.174066,0.166220,0.040819,-0.042381,-0.040361,0.827413,-0.109958,-0.181216,1.052302,-0.089756,-0.244227,0.880423,-0.122053,-0.243873,0.698970,-0.071423,0.097040,1.062538,-0.062584,0.137620,0.882933,-0.133250,0.157036,0.713833
-0.052414,-0.038740,0.771595,-0.052820,-0.163963,0.647023,0.005925,-0.169899,0.346516,0.099456,-0.174005,0.043834,-0.053335,0.069165,0.633180,-0.157715,0.127861,0.351378,-0.203456,0.169641,0.039912,-0.049863,-0.037663,0.825602,-0.119010,-0.178909,1.049766,-0.099119,-0.242457,0.878049,-0.131581,-0.241779,0.696626,-0.079121,0.099117,1.061057,-0.068598,0.140120,0.881633,-0.136454,0.161556,0.711632
-0.060180,-0.035842,0.769671,-0.060004,-0.161551,0.645649,0.002297,-0.168637,0.345888,0.099284,-0.173803,0.044357,-0.061196,0.071495,0.630662,-0.161872,0.126028,0.346670,-0.232252,0.173230,0.040634,-0.057572,-0.034718,0.823665,-0.128134,-0.176358,1.047138,-0.108660,-0.240380,0.875550,-0.141413,-0.239339,0.694180,-0.087098,0.101460,1.059429,-0.074895,0.142811,0.880186,-0.139664,0.166230,0.709251
-0.068803,-0.032498,0.767549,-0.067465,-0.158596,0.643997,-0.001472,-0.167207,0.345076,0.099106,-0.173698,0.044796,-0.071491,0.074461,0.628466,-0.179188,0.129038,0.347065,-0.258400,0.176825,0.043273,-0.066159,-0.031318,0.821532,-0.137594,-0.173196,1.044574,-0.118789,-0.237475,0.873007,-0.152266,-0.236107,0.691773,-0.095954,0.104506,1.057461,-0.082206,0.146053,0.878370,-0.143505,0.171141,0.706409
-0.077676,-0.029000,0.765440,-0.075009,-0.155377,0.642262,-0.005288,-0.165589,0.344247,0.098934,-0.173463,0.045293,-0.081905,0.077668,0.626365,-0.196053,0.132059,0.347472,-0.283212,0.180091,0.045900,-0.075049,-0.027774,0.819418,-0.147207,-0.169837,1.042108,-0.129088,-0.234383,0.870568,-0.163444,-0.232689,0.689502,-0.105213,0.107793,1.055440,-0.089854,0.149463,0.876503,-0.147667,0.176115,0.703588
-0.087050,-0.025193,0.763358,-0.082723,-0.151638,0.640357,-0.009200,-0.163674,0.343333,0.098779,-0.173121,0.045809,-0.092568,0.081371,0.624428,-0.212122,0.135195,0.347677,-0.305562,0.182882,0.047942,-0.084540,-0.023946,0.817339,-0.157110,-0.166094,1.039840,-0.139717,-0.230935,0.868336,-0.175275,-0.228916,0.687504,-0.115263,0.111552,1.053322,-0.098172,0.153219,0.874535,-0.152525,0.181297,0.700744
-0.096815,-0.021211,0.761315,-0.090484,-0.147510,0.638305,-0.013135,-0.161580,0.342352,0.098641,-0.172767,0.046339,-0.103382,0.085419,0.622597,-0.226429,0.137765,0.347054,-0.323959,0.184102,0.048422,-0.094499,-0.019958,0.815309,-0.167248,-0.161875,1.037899,-0.150572,-0.227110,0.866473,-0.187586,-0.224780,0.685939,-0.125766,0.115844,1.051039,-0.107041,0.157274,0.872355,-0.158267,0.186328,0.697796
-0.106776,-0.017142,0.759292,-0.098269,-0.143169,0.636186,-0.017055,-0.159338,0.341388,0.098562,-0.172313,0.046971,-0.114276,0.089633,0.620815,-0.239922,0.140049,0.346024,-0.340508,0.184548,0.048144,-0.104691,-0.015893,0.813303,-0.177504,-0.157423,1.036117,-0.161543,-0.223101,0.864792,-0.200143,-0.220465,0.684595,-0.136491,0.120394,1.048676,-0.116181,0.161479,0.870078,-0.164440,0.191280,0.694821
-0.117079,-0.013083,0.757948,-0.106509,-0.138220,0.634140,-0.021266,-0.156760,0.340626,0.098423,-0.171870,0.047962,-0.124529,0.094525,0.620079,-0.248958,0.142271,0.344205,-0.348087,0.184145,0.045453,-0.115322,-0.011950,0.811990,-0.188034,-0.152587,1.035402,-0.172582,-0.218819,0.864240,-0.213201,-0.215958,0.684493,-0.147970,0.125427,1.046606,-0.126129,0.165958,0.868057,-0.172226,0.195996,0.692280
-0.127570,-0.008904,0.756944,-0.115165,-0.132917,0.632230,-0.025725,-0.153994,0.340142,0.098260,-0.171452,0.049406,-0.134810,0.099799,0.619866,-0.257362,0.144761,0.342643,-0.354199,0.183900,0.042754,-0.126101,-0.007933,0.811015,-0.198681,-0.147400,1.035203,-0.183746,-0.214117,0.864182,-0.226402,-0.211118,0.684911,-0.159500,0.130804,1.044720,-0.136274,0.170751,0.866209,-0.180486,0.200800,0.689971
-0.138435,-0.004486,0.756619,-0.124648,-0.126931,0.630574,-0.030739,-0.150949,0.340123,0.097935,-0.171250,0.051584,-0.145137,0.105832,0.620707,-0.264442,0.147757,0.341585,-0.357242,0.183912,0.040040,-0.137178,-0.003764,0.810719,-0.209554,-0.141502,1.036039,-0.195142,-0.208569,0.865106,-0.239865,-0.205598,0.686345,-0.171149,0.136880,1.043196,-0.146832,0.176166,0.864681,-0.189736,0.205776,0.688067
-0.150024,0.000415,0.756713,-0.135317,-0.120700,0.629592,-0.036741,-0.147786,0.340964,0.097206,-0.171006,0.054982,-0.156459,0.112084,0.621760,-0.272149,0.151206,0.340718,-0.360641,0.184677,0.037612,-0.148789,0.000961,0.810829,-0.220676,-0.134793,1.037507,-0.206625,-0.202147,0.866651,-0.253151,-0.199677,0.688349,-0.182623,0.143693,1.042047,-0.157832,0.182148,0.863417,-0.199892,0.210880,0.686471
-0.161975,0.005558,0.757016,-0.146583,-0.114347,0.628951,-0.043269,-0.144567,0.342298,0.096206,-0.170749,0.059138,-0.168276,0.118444,0.622925,-0.280124,0.154905,0.339986,-0.364132,0.185867,0.035435,-0.160668,0.005963,0.811140,-0.231908,-0.127672,1.039276,-0.218136,-0.195282,0.868492,-0.266329,-0.193566,0.690633,-0.194017,0.150868,1.041073,-0.169063,0.188405,0.862272,-0.210515,0.216040,0.685022
-0.174221,0.010916,0.758522,-0.159924,-0.107769,0.629176,-0.058556,-0.142774,0.342375,0.093954,-0.170675,0.066156,-0.179636,0.125183,0.625373,-0.286690,0.158808,0.340224,-0.365452,0.186831,0.034040,-0.172720,0.011132,0.812645,-0.243744,-0.120016,1.042285,-0.229393,-0.187749,0.871586,-0.278611,-0.187370,0.693998,-0.204509,0.158341,1.041334,-0.180564,0.194813,0.862181,-0.222342,0.221210,0.684837
-0.186443,0.016338,0.760326,-0.173635,-0.101154,0.629699,-0.075269,-0.141081,0.342496,0.090895,-0.170537,0.074386,-0.190682,0.131969,0.628139,-0.292964,0.162627,0.340909,-0.366525,0.187530,0.033198,-0.184745,0.016368,0.814444,-0.255588,-0.112208,1.045589,-0.240533,-0.179984,0.874954,-0.290659,-0.180930,0.697620,-0.214708,0.165889,1.041877,-0.191907,0.201229,0.862354,-0.234611,0.226404,0.685068
-0.198616,0.021889,0.762728,-0.188086,-0.094465,0.630804,-0.094803,-0.139546,0.342666,0.086441,-0.170157,0.084556,-0.201105,0.138849,0.631517,-0.298796,0.166246,0.342382,-0.367364,0.187650,0.033245,-0.196720,0.021737,0.816834,-0.267484,-0.104100,1.049506,-0.251479,-0.171755,0.878895,-0.302292,-0.173951,0.701763,-0.224325,0.173600,1.043013,-0.202925,0.207674,0.863077,-0.247734,0.231650,0.686155
-0.210815,0.027692,0.765433,-0.202877,-0.087905,0.632541,-0.117027,-0.137984,0.342919,0.079757,-0.168974,0.096346,-0.211333,0.145523,0.634839,-0.304438,0.169814,0.343940,-0.367989,0.187758,0.033493,-0.208761,0.027460,0.819525,-0.279399,-0.095654,1.053691,-0.262579,-0.163232,0.883117,-0.313999,-0.166038,0.706166,-0.233496,0.181530,1.044545,-0.213693,0.214293,0.864186,-0.261596,0.237028,0.687907
-0.223028,0.033623,0.768290,-0.217840,-0.081377,0.634607,-0.140687,-0.136196,0.343399,0.071392,-0.166992,0.109650,-0.221460,0.152072,0.638135,-0.310031,0.173258,0.345602,-0.368608,0.187680,0.033972,-0.220833,0.033357,0.822368,-0.291284,-0.087044,1.057999,-0.273721,-0.154575,0.887471,-0.325732,-0.157693,0.710699,-0.242414,0.189532,1.046262,-0.224328,0.220984,0.865492,-0.275824,0.242510,0.690064
-0.235007,0.039651,0.771132,-0.232404,-0.075331,0.637195,-0.166301,-0.134717,0.344169,0.059729,-0.164140,0.123481,-0.231816,0.158042,0.640820,-0.315558,0.176478,0.346698,-0.369069,0.187833,0.034006,-0.232668,0.039519,0.825198,-0.302701,-0.078425,1.062197,-0.285300,-0.146317,0.891795,-0.338255,-0.148397,0.715291,-0.251328,0.197582,1.048030,-0.234964,0.227802,0.866888,-0.290984,0.247934,0.692661
-0.246749,0.045585,0.773838,-0.246724,-0.069300,0.639644,-0.192683,-0.133123,0.345084,0.046488,-0.160618,0.138289,-0.242247,0.163929,0.643386,-0.321114,0.179559,0.347771,-0.369530,0.187837,0.034126,-0.244210,0.045569,0.827889,-0.313924,-0.069916,1.066191,-0.296901,-0.138385,0.895983,-0.350975,-0.139149,0.719813,-0.260122,0.205492,1.049609,-0.245501,0.234555,0.868131,-0.306296,0.253346,0.695333
-0.258018,0.051331,0.776274,-0.260549,-0.063354,0.641797,-0.220431,-0.131664,0.346027,0.031090,-0.156656,0.154012,-0.252827,0.169687,0.645712,-0.326661,0.182552,0.348673,-0.369845,0.187892,0.034173,-0.255166,0.051401,0.830301,-0.324809,-0.061610,1.069807,-0.308591,-0.131086,0.899934,-0.364093,-0.129958,0.724220,-0.268716,0.213183,1.050832,-0.255855,0.241204,0.869058,-0.321912,0.258667,0.698028
-0.268764,0.056469,0.778141,-0.273599,-0.057635,0.643139,-0.246637,-0.128543,0.346509,0.014291,-0.153159,0.167422,-0.263294,0.175206,0.647796,-0.332096,0.185382,0.349448,-0.370030,0.187946,0.034212,-0.265537,0.056528,0.832135,-0.335209,-0.053995,1.072791,-0.320006,-0.124494,0.903250,-0.377082,-0.121627,0.728069,-0.277357,0.220250,1.051338,-0.266325,0.247598,0.869344,-0.337370,0.263827,0.700171
-0.279251,0.061302,0.779725,-0.286265,-0.052031,0.644110,-0.272095,-0.124612,0.347017,-0.003369,-0.150523,0.180085,-0.273699,0.180606,0.649769,-0.337447,0.188143,0.350221,-0.370106,0.188018,0.034363,-0.275613,0.061301,0.833677,-0.345331,-0.046718,1.075453,-0.331255,-0.118246,0.906251,-0.389953,-0.113707,0.731649,-0.286021,0.227004,1.051470,-0.276865,0.253866,0.869302,-0.352740,0.268889,0.702097
-0.289301,0.065448,0.780986,-0.298212,-0.047233,0.644911,-0.295018,-0.114741,0.346326,-0.023855,-0.148802,0.185061,-0.283592,0.185211,0.651353,-0.342533,0.190499,0.350774,-0.370178,0.188079,0.034432,-0.285327,0.065433,0.834898,-0.354825,-0.040308,1.077739,-0.342129,-0.112357,0.908650,-0.402274,-0.107606,0.734550,-0.294936,0.233057,1.051265,-0.287751,0.259955,0.869019,-0.367391,0.273926,0.703463
-0.299291,0.069524,0.782265,-0.310157,-0.042773,0.646013,-0.317804,-0.105139,0.346394,-0.045988,-0.147462,0.188382,-0.293228,0.189468,0.652725,-0.347458,0.192708,0.351234,-0.370206,0.188144,0.034517,-0.295018,0.069573,0.836140,-0.364100,-0.034030,1.080017,-0.352846,-0.106418,0.910969,-0.414362,-0.101876,0.737344,-0.303964,0.239033,1.051116,-0.298812,0.266076,0.868827,-0.381626,0.279051,0.704735
-0.309159,0.073462,0.783583,-0.322095,-0.038988,0.647655,-0.339864,-0.096064,0.347405,-0.069815,-0.144805,0.188310,-0.302358,0.193025,0.653655,-0.352097,0.194600,0.351388,-0.370204,0.188184,0.034401,-0.304664,0.073731,0.837430,-0.372984,-0.028024,1.082295,-0.363304,-0.100394,0.913140,-0.426037,-0.096901,0.739920,-0.313211,0.244865,1.051108,-0.310205,0.272265,0.868829,-0.395059,0.284392,0.705701
-0.318950,0.077307,0.784787,-0.334315,-0.035389,0.649349,-0.361531,-0.088796,0.349129,-0.095186,-0.141467,0.185180,-0.311096,0.196309,0.654343,-0.356515,0.196451,0.351407,-0.370183,0.188330,0.034239,-0.314207,0.077829,0.838605,-0.381616,-0.022141,1.084455,-0.373433,-0.094562,0.915239,-0.437451,-0.092327,0.742459,-0.322219,0.250562,1.051032,-0.321769,0.278377,0.868797,-0.407685,0.289921,0.706182
-0.328702,0.081106,0.785936,-0.346676,-0.031858,0.651087,-0.382929,-0.082298,0.351308,-0.121292,-0.137461,0.180779,-0.319645,0.199442,0.654910,-0.360848,0.198194,0.351392,-0.370199,0.188370,0.034122,-0.323698,0.081894,0.839721,-0.390108,-0.016326,1.086545,-0.383391,-0.088829,0.917295,-0.448718,-0.087945,0.744983,-0.331104,0.256179,1.050923,-0.333420,0.284439,0.868776,-0.419918,0.295589,0.706449
-0.338244,0.084724,0.786753,-0.359160,-0.028182,0.652323,-0.403193,-0.078014,0.353490,-0.149488,-0.133749,0.171616,-0.327657,0.202562,0.655350,-0.364918,0.200008,0.351350,-0.370232,0.188469,0.034053,-0.332930,0.085690,0.840498,-0.398591,-0.010658,1.088258,-0.393056,-0.083901,0.919282,-0.459765,-0.083809,0.747494,-0.339313,0.261494,1.050502,-0.344810,0.290062,0.868478,-0.431223,0.301126,0.706118
-0.347731,0.088275,0.787415,-0.371536,-0.024394,0.653316,-0.423121,-0.073875,0.355639,-0.178819,-0.130173,0.161547,-0.335559,0.205707,0.655748,-0.368968,0.201753,0.351334,-0.370325,0.188403,0.034077,-0.342123,0.089374,0.841118,-0.407130,-0.005136,1.089757,-0.402620,-0.079340,0.921168,-0.470678,-0.079871,0.749911,-0.347376,0.266616,1.049976,-0.356062,0.295456,0.868125,-0.442392,0.306583,0.705749
-0.357108,0.091695,0.787766,-0.383700,-0.020435,0.653793,-0.442431,-0.070278,0.357505,-0.210228,-0.127266,0.149335,-0.343229,0.208928,0.656063,-0.372928,0.203536,0.351305,-0.370445,0.188326,0.034150,-0.351240,0.092837,0.841429,-0.415805,0.000115,1.090854,-0.412004,-0.075508,0.922879,-0.481340,-0.076341,0.752144,-0.355148,0.271384,1.049242,-0.367034,0.300415,0.867608,-0.453283,0.311789,0.705236
-0.366484,0.094911,0.787941,-0.395579,-0.016598,0.654031,-0.461336,-0.066929,0.359307,-0.243770,-0.124823,0.136138,-0.350970,0.212010,0.656280,-0.376950,0.205222,0.351226,-0.370611,0.188234,0.034227,-0.360409,0.096061,0.841568,-0.424655,0.004851,1.091633,-0.421325,-0.072302,0.924345,-0.491618,-0.073624,0.754015,-0.363130,0.275680,1.048512,-0.377798,0.304896,0.867116,-0.464370,0.316482,0.704966
-0.375860,0.098025,0.788027,-0.407309,-0.012807,0.654159,-0.480020,-0.063623,0.361157,-0.278993,-0.122439,0.123211,-0.358745,0.215011,0.656450,-0.381026,0.206803,0.351151,-0.370851,0.188033,0.034367,-0.369605,0.099163,0.841622,-0.433588,0.009326,1.092251,-0.430616,-0.069406,0.925694,-0.501709,-0.071307,0.755714,-0.371217,0.279735,1.047784,-0.388453,0.309144,0.866651,-0.475549,0.320936,0.704833
-0.385285,0.100947,0.787888,-0.418580,-0.009345,0.654102,-0.497929,-0.060151,0.362826,-0.316293,-0.120160,0.109989,-0.366868,0.217803,0.656363,-0.385238,0.208315,0.350851,-0.371033,0.187993,0.034337,-0.378905,0.102070,0.841459,-0.442786,0.013355,1.092515,-0.439881,-0.066864,0.926666,-0.511019,-0.070055,0.756731,-0.379369,0.283347,1.047038,-0.398467,0.312831,0.866109,-0.486797,0.324513,0.704972
-0.394762,0.103801,0.787673,-0.429706,-0.005969,0.653971,-0.515522,-0.056036,0.364406,-0.354964,-0.117719,0.098003,-0.375158,0.220543,0.656216,-0.389536,0.209736,0.350541,-0.371230,0.187864,0.034364,-0.388277,0.104905,0.841224,-0.452021,0.017210,1.092674,-0.449172,-0.064355,0.927480,-0.520138,-0.069048,0.757512,-0.387596,0.286802,1.046281,-0.408337,0.316357,0.865549,-0.498121,0.327834,0.705208
-0.404344,0.106522,0.787305,-0.440551,-0.002795,0.653676,-0.532538,-0.050802,0.365660,-0.395307,-0.114946,0.086997,-0.383777,0.223203,0.655945,-0.393956,0.211100,0.350154,-0.371353,0.187779,0.034387,-0.397796,0.107601,0.840841,-0.461346,0.020722,1.092625,-0.458514,-0.061918,0.927964,-0.528858,-0.068534,0.757800,-0.395980,0.289956,1.045503,-0.417930,0.319551,0.864923,-0.509606,0.330592,0.705607
-0.413985,0.109146,0.786788,-0.451177,0.000246,0.653186,-0.548297,-0.045254,0.366450,-0.436448,-0.111797,0.077121,-0.392614,0.225823,0.655562,-0.398468,0.212407,0.349716,-0.371452,0.187664,0.034437,-0.407381,0.110183,0.840311,-0.470736,0.023935,1.092363,-0.467928,-0.059543,0.928122,-0.537353,-0.068225,0.757667,-0.404490,0.292854,1.044693,-0.427403,0.322477,0.864241,-0.521045,0.332965,0.706020
-0.423657,0.111721,0.786196,-0.461691,0.003222,0.652602,-0.563458,-0.039544,0.367052,-0.478450,-0.107385,0.068943,-0.401560,0.228423,0.655127,-0.403029,0.213678,0.349293,-0.371548,0.187519,0.034578,-0.417000,0.112708,0.839707,-0.480158,0.026997,1.091993,-0.477378,-0.057200,0.928118,-0.545731,-0.068021,0.757343,-0.413061,0.295621,1.043867,-0.436817,0.325269,0.863531,-0.532451,0.335144,0.706456
-0.433398,0.113985,0.785457,-0.472063,0.005823,0.651854,-0.577660,-0.034387,0.367313,-0.519761,-0.102305,0.062727,-0.410673,0.230721,0.654546,-0.407719,0.214840,0.348781,-0.371744,0.187499,0.034689,-0.426699,0.114918,0.838958,-0.489867,0.029700,1.091410,-0.487020,-0.055011,0.927800,-0.554057,-0.067747,0.756632,-0.421818,0.298020,1.042941,-0.446286,0.327670,0.862705,-0.543630,0.336841,0.706630
-0.443203,0.116185,0.784654,-0.482516,0.008350,0.651053,-0.591626,-0.029559,0.367507,-0.560881,-0.095809,0.058575,-0.419796,0.232919,0.653889,-0.412395,0.215940,0.348262,-0.371918,0.187445,0.034862,-0.436462,0.117067,0.838146,-0.499678,0.032340,1.090753,-0.496748,-0.052836,0.927384,-0.562438,-0.067324,0.755830,-0.430684,0.300355,1.041951,-0.455795,0.329987,0.861805,-0.554678,0.338479,0.706655
-0.453136,0.118255,0.783727,-0.493134,0.010728,0.650141,-0.605068,-0.025414,0.367447,-0.600845,-0.088503,0.056311,-0.428938,0.234916,0.653074,-0.417036,0.216926,0.347650,-0.372027,0.187341,0.035017,-0.446351,0.119095,0.837209,-0.509700,0.034852,1.089947,-0.506648,-0.050688,0.926770,-0.570936,-0.066601,0.754808,-0.439771,0.302566,1.040836,-0.465388,0.332132,0.860754,-0.565488,0.339998,0.706353
-0.463249,0.120296,0.782686,-0.503977,0.013144,0.649058,-0.617854,-0.021705,0.366967,-0.638609,-0.079863,0.055497,-0.438078,0.236871,0.652178,-0.421685,0.217926,0.347025,-0.372170,0.187271,0.035225,-0.456428,0.121082,0.836159,-0.519974,0.037329,1.089013,-0.516753,-0.048568,0.926028,-0.579796,-0.065553,0.753705,-0.449003,0.304715,1.039619,-0.474974,0.334147,0.859569,-0.575856,0.341609,0.705654
-0.473451,0.122323,0.781588,-0.514930,0.015582,0.647891,-0.630297,-0.018208,0.366269,-0.675070,-0.070364,0.056242,-0.447219,0.238798,0.651245,-0.426352,0.218894,0.346430,-0.372363,0.187149,0.035534,-0.466599,0.123049,0.835054,-0.530372,0.039789,1.088015,-0.526960,-0.046465,0.925223,-0.588839,-0.064347,0.752568,-0.458308,0.306831,1.038352,-0.484557,0.336096,0.858317,-0.586007,0.343267,0.704757
-0.484059,0.124356,0.780152,-0.526224,0.018098,0.646258,-0.640680,-0.014742,0.364163,-0.707455,-0.059475,0.056935,-0.456459,0.240696,0.650021,-0.431002,0.219907,0.345620,-0.372498,0.187114,0.035708,-0.477208,0.125006,0.833614,-0.541132,0.042030,1.086633,-0.537589,-0.044474,0.923978,-0.598686,-0.062780,0.751087,-0.468108,0.308792,1.036874,-0.494409,0.337850,0.856815,-0.595779,0.345037,0.703209
-0.494823,0.126357,0.778638,-0.537985,0.020652,0.644659,-0.653921,-0.010185,0.362953,-0.738121,-0.048285,0.059130,-0.465880,0.242537,0.648715,-0.435758,0.220858,0.344808,-0.372667,0.187009,0.035974,-0.487951,0.126927,0.832094,-0.552030,0.044233,1.085168,-0.548411,-0.042515,0.922646,-0.608820,-0.061084,0.749540,-0.477991,0.310700,1.035324,-0.504271,0.339500,0.855221,-0.605383,0.346795,0.701456
-0.505901,0.128294,0.776967,-0.550678,0.023284,0.643137,-0.672817,-0.003366,0.363645,-0.765753,-0.036575,0.061802,-0.475661,0.244279,0.647238,-0.440693,0.221762,0.343917,-0.372838,0.186905,0.036278,-0.498963,0.128775,0.830412,-0.563202,0.046359,1.083538,-0.559618,-0.040619,0.921140,-0.619521,-0.059122,0.747852,-0.488041,0.312500,1.033631,-0.514150,0.340943,0.853445,-0.614648,0.348522,0.699290
-0.517282,0.130154,0.775185,-0.563599,0.025811,0.641511,-0.691003,0.003521,0.364006,-0.790622,-0.024967,0.063817,-0.485654,0.245870,0.645626,-0.445714,0.222613,0.342980,-0.372978,0.186832,0.036640,-0.510297,0.130555,0.828623,-0.574680,0.048312,1.081770,-0.571279,-0.038815,0.919449,-0.630903,-0.057207,0.746053,-0.498453,0.314157,1.031891,-0.524186,0.342243,0.851595,-0.623694,0.350178,0.696813
-0.528814,0.131975,0.773348,-0.576629,0.028294,0.639835,-0.708792,0.010485,0.364248,-0.814034,-0.013322,0.065577,-0.495757,0.247376,0.643951,-0.450796,0.223381,0.342073,-0.373142,0.186672,0.037132,-0.521793,0.132301,0.826780,-0.586312,0.050178,1.079932,-0.583168,-0.037056,0.917664,-0.642626,-0.055315,0.744199,-0.509048,0.315740,1.030128,-0.534302,0.343466,0.849708,-0.632626,0.351782,0.694187
-0.540721,0.133619,0.771428,-0.589910,0.030425,0.638143,-0.725051,0.016663,0.363775,-0.833690,-0.003185,0.066034,-0.505999,0.248434,0.642032,-0.455964,0.224028,0.340991,-0.373329,0.186680,0.037517,-0.533724,0.133919,0.824866,-0.598659,0.051887,1.077941,-0.595927,-0.035298,0.915640,-0.655344,-0.053371,0.742143,-0.520065,0.317105,1.028367,-0.544407,0.344625,0.847789,-0.641350,0.353402,0.691432
-0.552749,0.135268,0.769457,-0.603249,0.032547,0.636392,-0.740768,0.022639,0.363042,-0.852141,0.006477,0.066090,-0.516271,0.249421,0.640050,-0.461160,0.224612,0.339933,-0.373554,0.186625,0.038011,-0.545803,0.135544,0.822907,-0.611253,0.053537,1.075857,-0.608974,-0.033529,0.913484,-0.668371,-0.051359,0.739957,-0.531154,0.318374,1.026642,-0.554525,0.345730,0.845911,-0.649979,0.354995,0.688672
-0.565017,0.136926,0.767385,-0.616712,0.034634,0.634515,-0.755507,0.028121,0.361703,-0.868390,0.015019,0.065172,-0.526595,0.250284,0.637931,-0.466374,0.225183,0.338825,-0.373779,0.186647,0.038534,-0.558178,0.137184,0.820857,-0.624344,0.055067,1.073586,-0.622597,-0.031740,0.911066,-0.682018,-0.049211,0.737510,-0.542391,0.319456,1.024990,-0.564670,0.346735,0.844112,-0.658426,0.356558,0.685891
-0.577514,0.138607,0.765320,-0.630468,0.036911,0.632517,-0.769455,0.033436,0.359739,-0.882665,0.022871,0.063232,-0.536830,0.251103,0.635892,-0.471569,0.225889,0.337857,-0.373957,0.186886,0.039276,-0.570817,0.138802,0.818819,-0.637992,0.056429,1.071198,-0.636792,-0.029969,0.908454,-0.696224,-0.046988,0.734856,-0.553644,0.320242,1.023563,-0.574630,0.347670,0.842555,-0.666711,0.358196,0.683401
-0.590124,0.140300,0.763258,-0.644362,0.039295,0.630458,-0.782991,0.038673,0.357461,-0.895940,0.030380,0.060785,-0.547030,0.251872,0.633901,-0.476774,0.226558,0.337013,-0.374150,0.187054,0.040233,-0.583590,0.140410,0.816787,-0.651928,0.057718,1.068749,-0.651274,-0.028195,0.905742,-0.710702,-0.044714,0.732094,-0.564921,0.320871,1.022247,-0.584510,0.348546,0.841122,-0.674920,0.359835,0.681067
-0.603519,0.142014,0.761334,-0.659231,0.042272,0.628115,-0.795352,0.043967,0.353848,-0.905748,0.037268,0.056178,-0.557510,0.252788,0.632395,-0.482158,0.227628,0.336744,-0.374342,0.187732,0.041863,-0.597140,0.141882,0.814888,-0.666932,0.058854,1.066344,-0.666705,-0.026463,0.903019,-0.725854,-0.042140,0.729198,-0.576055,0.320955,1.021308,-0.594086,0.349123,0.840101,-0.682690,0.361648,0.679126
-0.616994,0.143857,0.760043,-0.674224,0.044679,0.626950,-0.807083,0.048717,0.351091,-0.914066,0.043470,0.052145,-0.568461,0.253202,0.630894,-0.488644,0.228599,0.336364,-0.374701,0.188148,0.043873,-0.610726,0.143638,0.813629,-0.682279,0.060246,1.064472,-0.682507,-0.024339,0.900764,-0.741218,-0.039013,0.726707,-0.587158,0.321127,1.021130,-0.603518,0.349872,0.839858,-0.690319,0.363734,0.678014
-0.630629,0.145957,0.760019,-0.689515,0.045925,0.628153,-0.817521,0.052318,0.350025,-0.919270,0.048184,0.049228,-0.580348,0.252689,0.629403,-0.497194,0.229686,0.335662,-0.375146,0.188597,0.046550,-0.624378,0.145959,0.813651,-0.698336,0.062156,1.063661,-0.699048,-0.021431,0.899438,-0.756977,-0.034788,0.725014,-0.598219,0.321514,1.022467,-0.612646,0.351020,0.841157,-0.697641,0.366440,0.678505
-0.644646,0.147975,0.760228,-0.705664,0.047162,0.629780,-0.828565,0.055167,0.349382,-0.924905,0.051377,0.046816,-0.593052,0.251979,0.627843,-0.511619,0.232638,0.333346,-0.376256,0.188987,0.050686,-0.638344,0.148192,0.813894,-0.714677,0.063918,1.063034,-0.716159,-0.018435,0.898193,-0.772953,-0.030331,0.723289,-0.608835,0.321366,1.024229,-0.621291,0.351744,0.842920,-0.704405,0.369219,0.679502
-0.658854,0.149951,0.760553,-0.722246,0.048432,0.631640,-0.839843,0.057462,0.348995,-0.930626,0.053418,0.044780,-0.606206,0.251154,0.626277,-0.528852,0.236649,0.330390,-0.377760,0.189692,0.056488,-0.652470,0.150382,0.814245,-0.731245,0.065661,1.062475,-0.733568,-0.015345,0.896976,-0.788986,-0.025760,0.721536,-0.619342,0.320906,1.026182,-0.629755,0.352154,0.844894,-0.710876,0.371877,0.680723
-0.672918,0.152226,0.761518,-0.737596,0.049484,0.634079,-0.848758,0.058383,0.348869,-0.932572,0.053449,0.042700,-0.619924,0.251028,0.625425,-0.548214,0.241173,0.327916,-0.380794,0.189968,0.064484,-0.666604,0.152924,0.815245,-0.747423,0.066974,1.062390,-0.751411,-0.012008,0.895954,-0.804795,-0.021108,0.719808,-0.630576,0.320413,1.029086,-0.638302,0.351875,0.847695,-0.716590,0.374145,0.682466
-0.686941,0.154620,0.762660,-0.752765,0.050907,0.636455,-0.857603,0.059285,0.348866,-0.934467,0.053082,0.040928,-0.633948,0.251525,0.625057,-0.568328,0.246210,0.326020,-0.385035,0.190151,0.074360,-0.680638,0.155475,0.816407,-0.763434,0.068270,1.062452,-0.769145,-0.008674,0.895120,-0.820623,-0.016555,0.718343,-0.641865,0.319864,1.032128,-0.646713,0.351251,0.850617,-0.722086,0.376053,0.684388
-0.700883,0.157255,0.764158,-0.767550,0.053024,0.638664,-0.866394,0.060457,0.348945,-0.936439,0.052562,0.039439,-0.648528,0.253307,0.625587,-0.590121,0.252179,0.325011,-0.391592,0.189694,0.086604,-0.694471,0.158039,0.817904,-0.778973,0.069484,1.062880,-0.786690,-0.005430,0.894717,-0.836605,-0.012162,0.717432,-0.653022,0.319260,1.035469,-0.654682,0.350072,0.853791,-0.727099,0.377519,0.686664
-0.714726,0.159544,0.766153,-0.782930,0.054955,0.641648,-0.876424,0.062827,0.350182,-0.937776,0.052845,0.038883,-0.663448,0.254700,0.626422,-0.614855,0.259571,0.324143,-0.401515,0.189051,0.100973,-0.708043,0.160257,0.819875,-0.794291,0.070791,1.063906,-0.803934,-0.002269,0.895036,-0.853074,-0.006877,0.717449,-0.663805,0.318505,1.039035,-0.662535,0.348774,0.857249,-0.732320,0.378885,0.689468
-0.728521,0.161661,0.768397,-0.798601,0.056810,0.645035,-0.887023,0.065705,0.352033,-0.938678,0.053318,0.039039,-0.678552,0.255916,0.627459,-0.640953,0.267847,0.323815,-0.414117,0.187674,0.117527,-0.721490,0.162300,0.822080,-0.809549,0.072209,1.065229,-0.821043,0.000912,0.895728,-0.869729,-0.001105,0.717951,-0.674451,0.317669,1.042683,-0.670369,0.347337,0.860828,-0.737599,0.380085,0.692508
-0.742115,0.163119,0.770531,-0.814658,0.058130,0.648573,-0.895479,0.067216,0.353407,-0.938973,0.054094,0.039174,-0.692913,0.255808,0.628167,-0.669279,0.278432,0.323719,-0.431211,0.188435,0.134454,-0.734805,0.163853,0.824175,-0.824903,0.074327,1.066783,-0.838103,0.004266,0.896894,-0.887648,0.006468,0.719353,-0.684534,0.316940,1.045644,-0.678223,0.346549,0.863834,-0.743500,0.381975,0.695304
-0.755408,0.164735,0.772355,-0.830364,0.059574,0.651876,-0.903178,0.068178,0.354633,-0.939172,0.054389,0.039458,-0.707046,0.255868,0.628656,-0.697068,0.289978,0.324517,-0.450352,0.189305,0.152131,-0.747827,0.165581,0.825956,-0.840104,0.076729,1.067990,-0.855096,0.007895,0.897752,-0.905535,0.014592,0.720579,-0.694632,0.316441,1.048256,-0.686064,0.346008,0.866524,-0.749429,0.383877,0.697803
-0.768100,0.166664,0.773561,-0.845374,0.061221,0.654677,-0.909459,0.068376,0.355402,-0.939366,0.054428,0.039582,-0.720691,0.256226,0.628592,-0.724256,0.302876,0.325971,-0.471975,0.191198,0.168848,-0.760262,0.167661,0.827113,-0.854919,0.079615,1.068518,-0.871956,0.011985,0.897993,-0.923555,0.023730,0.721431,-0.704632,0.316455,1.050199,-0.693786,0.346137,0.868603,-0.755496,0.386096,0.699737
-0.780044,0.169126,0.774400,-0.859060,0.063313,0.656899,-0.915183,0.068801,0.355999,-0.939480,0.054419,0.039704,-0.733783,0.257588,0.628489,-0.747477,0.317600,0.328531,-0.494207,0.192909,0.183128,-0.771991,0.170216,0.827907,-0.869240,0.082938,1.068554,-0.888550,0.016387,0.897850,-0.941316,0.032941,0.722039,-0.714580,0.317068,1.051819,-0.701411,0.346754,0.870373,-0.761683,0.388667,0.701448
-0.791613,0.171853,0.775056,-0.872084,0.065628,0.658844,-0.920625,0.069293,0.356603,-0.939555,0.054299,0.039961,-0.746584,0.259462,0.628403,-0.768343,0.333122,0.331998,-0.517448,0.193619,0.196216,-0.783372,0.173009,0.828517,-0.883334,0.086536,1.068336,-0.905006,0.021027,0.897516,-0.958839,0.042279,0.722560,-0.724543,0.318002,1.053265,-0.709016,0.347589,0.871987,-0.767920,0.391375,0.703040
-0.802704,0.175167,0.776064,-0.883608,0.068981,0.660067,-0.926426,0.071038,0.356947,-0.939602,0.054384,0.040091,-0.758644,0.263172,0.629513,-0.787710,0.346341,0.336285,-0.542673,0.195710,0.201767,-0.794410,0.176145,0.829512,-0.896955,0.090459,1.068517,-0.921243,0.025942,0.897673,-0.976152,0.050595,0.723518,-0.734288,0.319321,1.055074,-0.716536,0.348422,0.873916,-0.773983,0.393962,0.704916
-0.813772,0.178579,0.777157,-0.894946,0.072578,0.661143,-0.932152,0.072900,0.357276,-0.939644,0.054462,0.040333,-0.770562,0.267239,0.630928,-0.807552,0.358185,0.340933,-0.569186,0.198697,0.204764,-0.805442,0.179326,0.830597,-0.910426,0.094520,1.068853,-0.937320,0.031133,0.897977,-0.993100,0.058731,0.724553,-0.744039,0.320778,1.056894,-0.724207,0.349292,0.875855,-0.780038,0.396453,0.706746
-0.824793,0.182190,0.778423,-0.905909,0.076663,0.661910,-0.937721,0.075079,0.357435,-0.939656,0.054691,0.040534,-0.782221,0.272004,0.632889,-0.828817,0.367267,0.345687,-0.597353,0.203964,0.202459,-0.816453,0.182595,0.831863,-0.923566,0.098751,1.069509,-0.953086,0.036709,0.898575,-1.009524,0.066309,0.725687,-0.753721,0.322488,1.058758,-0.732107,0.350311,0.877809,-0.786086,0.398857,0.708484
-0.835704,0.186048,0.779444,-0.916754,0.081114,0.662339,-0.943260,0.077443,0.357374,-0.939698,0.054897,0.040643,-0.793670,0.277102,0.634702,-0.850291,0.374963,0.350194,-0.626574,0.211621,0.195291,-0.827330,0.186080,0.832881,-0.936273,0.103264,1.070055,-0.968419,0.042833,0.899018,-1.025544,0.073633,0.726556,-0.763203,0.324561,1.060248,-0.740103,0.351730,0.879380,-0.791943,0.401318,0.709694
-0.846561,0.190030,0.780345,-0.927537,0.085751,0.662607,-0.948785,0.079892,0.357266,-0.939766,0.055075,0.040827,-0.805007,0.282362,0.636455,-0.871841,0.381960,0.354783,-0.656722,0.220694,0.186219,-0.838141,0.189675,0.833774,-0.948740,0.107932,1.070555,-0.983499,0.049274,0.899412,-1.041355,0.080884,0.727329,-0.772576,0.326809,1.061543,-0.748156,0.353330,0.880748,-0.797730,0.403744,0.710641
-0.857265,0.194451,0.780692,-0.938192,0.090736,0.662438,-0.954169,0.082560,0.356828,-0.939734,0.055304,0.040812,-0.815703,0.287620,0.637554,-0.891123,0.389821,0.359003,-0.688467,0.233115,0.171824,-0.848909,0.193837,0.834131,-0.960949,0.113160,1.070603,-0.998056,0.056263,0.899358,-1.056669,0.088479,0.727638,-0.781921,0.329727,1.062228,-0.756183,0.355597,0.881518,-0.803873,0.406834,0.711132
-0.867866,0.199036,0.780845,-0.948693,0.095793,0.662133,-0.959482,0.085209,0.356369,-0.939750,0.055423,0.040896,-0.826135,0.292867,0.638414,-0.908382,0.398896,0.363252,-0.721049,0.246771,0.157350,-0.859623,0.198221,0.834300,-0.973122,0.118690,1.070468,-1.012407,0.063458,0.899163,-1.071679,0.096468,0.727814,-0.791294,0.332934,1.062695,-0.764213,0.358109,0.882079,-0.810182,0.410111,0.711460
-0.878263,0.203951,0.780609,-0.958892,0.100992,0.661541,-0.964639,0.087857,0.355740,-0.939816,0.055405,0.040924,-0.836058,0.298101,0.638770,-0.921687,0.410350,0.367132,-0.754297,0.262895,0.141638,-0.870230,0.203049,0.834095,-0.985256,0.124796,1.069956,-1.026406,0.070979,0.898639,-1.086116,0.105126,0.727660,-0.800725,0.336735,1.062736,-0.772220,0.361159,0.882234,-0.816790,0.413870,0.711457
-0.888446,0.209288,0.780066,-0.968829,0.106555,0.660668,-0.969648,0.090751,0.354939,-0.939831,0.055486,0.040900,-0.845544,0.303566,0.638743,-0.932599,0.422147,0.370263,-0.787776,0.281428,0.125683,-0.880665,0.208344,0.833589,-0.997275,0.131488,1.069136,-1.040005,0.078751,0.897869,-1.100083,0.114312,0.727306,-0.810096,0.341109,1.062439,-0.780259,0.364758,0.882047,-0.823583,0.418098,0.711141
-0.898522,0.214837,0.779368,-0.978635,0.112296,0.659658,-0.974601,0.093743,0.354109,-0.939867,0.055575,0.040961,-0.854810,0.309145,0.638532,-0.942292,0.434134,0.373099,-0.821462,0.302926,0.110861,-0.891015,0.213874,0.832931,-1.009229,0.138477,1.068154,-1.053391,0.086671,0.896966,-1.113777,0.123800,0.726846,-0.819445,0.345758,1.061978,-0.788328,0.368617,0.881699,-0.830474,0.422547,0.710682
-0.908651,0.221125,0.778234,-0.988458,0.118755,0.658219,-0.979510,0.097129,0.352974,-0.939797,0.055762,0.040878,-0.864168,0.315465,0.637806,-0.952116,0.444330,0.374363,-0.854867,0.327392,0.096059,-0.901363,0.220119,0.831827,-1.020956,0.146074,1.066785,-1.066148,0.094576,0.895774,-1.126618,0.133353,0.726059,-0.828922,0.351284,1.061012,-0.796576,0.373110,0.880818,-0.837302,0.427467,0.709588
-0.918757,0.227697,0.776967,-0.998213,0.125408,0.656702,-0.984395,0.100574,0.351883,-0.939773,0.055893,0.040967,-0.873464,0.321963,0.636877,-0.961864,0.453904,0.375084,-0.888008,0.354177,0.083197,-0.911698,0.226682,0.830592,-1.032556,0.153962,1.065318,-1.078719,0.102697,0.894496,-1.139107,0.142986,0.725112,-0.838350,0.357126,1.059898,-0.804871,0.377786,0.879770,-0.844058,0.432481,0.708284
-0.928813,0.234837,0.775434,-1.007837,0.132449,0.655023,-0.989195,0.104184,0.350758,-0.939749,0.055995,0.041162,-0.882639,0.328820,0.635536,-0.971493,0.462181,0.374583,-0.920492,0.382757,0.071724,-0.922005,0.233879,0.829094,-1.043925,0.162417,1.063658,-1.090941,0.111208,0.893055,-1.150954,0.152714,0.723835,-0.847673,0.363612,1.058485,-0.813238,0.382858,0.878375,-0.850658,0.437715,0.706546
-0.938891,0.242606,0.773675,-1.017450,0.140051,0.653168,-0.993954,0.108049,0.349610,-0.939751,0.056134,0.041484,-0.891905,0.336274,0.633866,-0.981159,0.469334,0.372860,-0.952118,0.412736,0.061988,-0.932294,0.241696,0.827363,-1.055061,0.171202,1.061778,-1.102829,0.119991,0.891388,-1.162303,0.162209,0.722158,-0.857094,0.370717,1.056872,-0.821778,0.388381,0.876763,-0.857318,0.443198,0.704526
-0.948980,0.250689,0.771803,-1.027060,0.147932,0.651233,-0.998708,0.112038,0.348525,-0.939805,0.056290,0.042010,-0.901217,0.344026,0.632033,-0.990859,0.475934,0.370537,-0.982940,0.443891,0.054854,-0.942574,0.249823,0.825515,-1.066081,0.180152,1.059788,-1.114552,0.128913,0.889608,-1.173407,0.171584,0.720278,-0.866567,0.378126,1.055160,-0.830419,0.394123,0.875054,-0.864017,0.448775,0.702380
-0.959114,0.259768,0.769492,-1.036727,0.156545,0.649112,-1.003399,0.116373,0.347450,-0.939892,0.056583,0.042695,-0.910699,0.352508,0.629467,-1.000238,0.480930,0.366180,-1.011556,0.475245,0.048956,-0.952849,0.259004,0.823221,-1.076772,0.189840,1.057424,-1.125813,0.138485,0.887448,-1.183781,0.180925,0.717753,-0.876022,0.386565,1.053008,-0.839337,0.400757,0.872852,-0.870855,0.454687,0.699567
-0.969242,0.269123,0.767041,-1.046297,0.165275,0.646940,-1.008107,0.120767,0.346464,-0.940032,0.056872,0.043614,-0.920304,0.361218,0.626659,-1.009317,0.485450,0.361162,-1.038823,0.506399,0.045704,-0.963107,0.268483,0.820785,-1.087385,0.199711,1.054915,-1.136932,0.148226,0.885130,-1.193992,0.190234,0.715018,-0.885533,0.395310,1.050729,-0.848393,0.407709,0.870527,-0.878019,0.460752,0.696648
-0.979361,0.279028,0.764309,-1.055667,0.174242,0.644651,-1.012792,0.125307,0.345500,-0.940157,0.057206,0.044718,-0.930151,0.370389,0.623367,-1.017754,0.489024,0.354823,-1.063862,0.536440,0.044231,-0.973332,0.278555,0.818063,-1.097840,0.209949,1.052117,-1.147764,0.158297,0.882499,-1.203877,0.199485,0.711869,-0.895147,0.404680,1.048188,-0.857690,0.415319,0.867935,-0.885807,0.467211,0.693486
-0.989477,0.289529,0.761342,-1.064523,0.183205,0.642352,-1.017254,0.129818,0.344629,-0.940260,0.057598,0.045976,-0.940635,0.380248,0.619738,-1.027570,0.494329,0.348956,-1.087060,0.563107,0.044692,-0.983576,0.289327,0.815107,-1.108211,0.220612,1.049061,-1.158315,0.168723,0.879574,-1.213487,0.208870,0.708385,-0.904985,0.414792,1.045458,-0.867214,0.423701,0.865174,-0.894152,0.474343,0.690182
-0.999590,0.300328,0.758259,-1.073105,0.192186,0.640060,-1.021537,0.134419,0.343875,-0.940239,0.058213,0.047433,-0.951432,0.390445,0.615944,-1.038068,0.500554,0.343356,-1.108549,0.588373,0.046426,-0.993834,0.300449,0.812033,-1.118556,0.231480,1.045864,-1.168729,0.179316,0.876487,-1.222962,0.218305,0.704725,-0.914960,0.425276,1.042638,-0.876867,0.432473,0.862342,-0.902783,0.481819,0.686828
-1.009432,0.311952,0.755540,-1.080829,0.201746,0.638043,-1.025605,0.139224,0.343490,-0.940506,0.058666,0.049304,-0.962690,0.402110,0.612960,-1.052138,0.515394,0.342529,-1.126159,0.607572,0.047807,-1.003913,0.312438,0.809330,-1.128868,0.243118,1.042930,-1.178657,0.190367,0.873625,-1.232113,0.227897,0.701296,-0.925312,0.436964,1.040196,-0.886963,0.442382,0.859891,-0.912466,0.490434,0.683960
-1.019199,0.323902,0.753046,-1.088404,0.211815,0.636118,-1.029624,0.144354,0.343349,-0.940795,0.059226,0.051576,-0.973653,0.414126,0.610259,-1.065246,0.529345,0.341314,-1.141860,0.624394,0.048199,-1.013937,0.324708,0.806853,-1.139132,0.254960,1.040195,-1.188374,0.201563,0.870935,-1.241059,0.237483,0.698024,-0.935747,0.448990,1.037995,-0.897161,0.452630,0.857695,-0.922322,0.499383,0.681365
-1.028817,0.336502,0.751005,-1.095717,0.222857,0.634347,-1.033662,0.149946,0.343568,-0.941321,0.059653,0.054429,-0.984027,0.426882,0.608116,-1.076329,0.541635,0.339184,-1.153599,0.636652,0.046256,-1.023843,0.337540,0.804833,-1.149262,0.267227,1.037882,-1.197656,0.213068,0.868621,-1.249591,0.247082,0.695094,-0.946294,0.461695,1.036264,-0.907527,0.463548,0.855974,-0.932511,0.508988,0.679273
-1.038325,0.349289,0.750245,-1.102875,0.235496,0.632512,-1.037696,0.156533,0.344006,-0.942000,0.060185,0.057876,-0.992227,0.440338,0.608141,-1.084085,0.551172,0.337404,-1.160405,0.642182,0.042938,-1.033876,0.350292,0.804133,-1.159580,0.279861,1.036989,-1.206789,0.224641,0.867734,-1.258036,0.256659,0.693622,-0.956988,0.474721,1.035642,-0.918222,0.475073,0.855341,-0.943079,0.519228,0.678295
-1.047777,0.362169,0.750125,-1.109944,0.248936,0.630680,-1.041805,0.163601,0.344683,-0.942939,0.060727,0.061854,-0.999354,0.454145,0.609292,-1.090003,0.559264,0.335875,-1.164381,0.644207,0.039076,-1.043972,0.363005,0.804084,-1.169999,0.292696,1.036799,-1.215855,0.236268,0.867569,-1.266427,0.266239,0.692894,-0.967745,0.487908,1.035559,-0.929069,0.486893,0.855241,-0.953821,0.529769,0.677866
-1.057786,0.375886,0.751198,-1.118536,0.264677,0.629275,-1.048375,0.173158,0.345690,-0.944399,0.061970,0.067774,-1.006244,0.469385,0.612361,-1.095824,0.568827,0.336509,-1.168375,0.647646,0.037555,-1.054461,0.376216,0.805216,-1.180159,0.306409,1.038255,-1.224267,0.248599,0.869018,-1.274645,0.276395,0.693925,-0.977935,0.501646,1.036305,-0.939979,0.499864,0.855842,-0.964909,0.541563,0.678221
-1.067848,0.389704,0.752639,-1.127681,0.280817,0.628237,-1.058369,0.184812,0.345929,-0.946702,0.063797,0.075107,-1.013141,0.484562,0.615795,-1.101039,0.578082,0.337357,-1.171245,0.650536,0.036260,-1.064949,0.389514,0.806697,-1.190296,0.320447,1.040143,-1.232341,0.261143,0.870885,-1.282684,0.286521,0.695415,-0.987851,0.515444,1.037322,-0.950784,0.513253,0.856681,-0.975880,0.553850,0.678839
-1.078014,0.403723,0.754819,-1.137964,0.297749,0.627862,-1.074870,0.200814,0.344415,-0.950206,0.067289,0.085354,-1.020026,0.499653,0.619878,-1.105233,0.586830,0.338545,-1.172319,0.652514,0.035216,-1.075429,0.402982,0.808896,-1.200335,0.335084,1.042920,-1.239723,0.274067,0.873612,-1.290392,0.296522,0.697843,-0.997178,0.529318,1.038904,-0.961364,0.527467,0.858012,-0.986614,0.567156,0.680002
-1.088145,0.417587,0.757504,-1.149163,0.314732,0.628352,-1.093941,0.218641,0.342980,-0.955365,0.072925,0.097805,-1.026850,0.514001,0.624173,-1.109058,0.594970,0.340113,-1.172862,0.654004,0.034730,-1.085739,0.416353,0.811581,-1.210113,0.350209,1.046396,-1.246365,0.287465,0.876994,-1.297375,0.306876,0.700962,-1.005592,0.542964,1.040775,-0.971374,0.541957,0.859573,-0.997019,0.581484,0.681609
-1.098258,0.431374,0.760441,-1.160774,0.331785,0.629297,-1.114213,0.237692,0.341721,-0.961646,0.080660,0.112183,-1.033648,0.527925,0.628583,-1.112821,0.602691,0.341990,-1.173404,0.655065,0.034751,-1.095969,0.429674,0.814507,-1.219725,0.365553,1.050221,-1.252608,0.301015,0.880777,-1.303965,0.317133,0.704514,-1.013547,0.556468,1.042784,-0.981094,0.556589,0.861260,-1.007239,0.596372,0.683458
-1.108015,0.445455,0.763733,-1.172927,0.348816,0.631358,-1.136932,0.258419,0.341090,-0.971507,0.091477,0.127793,-1.040623,0.541350,0.632608,-1.116746,0.610190,0.343760,-1.174135,0.656089,0.034873,-1.105675,0.443454,0.817782,-1.228431,0.380966,1.054472,-1.258368,0.315644,0.884757,-1.310096,0.329506,0.708398,-1.020559,0.569949,1.045230,-0.989673,0.571480,0.863442,-1.017637,0.613264,0.686410
-1.117579,0.459552,0.766961,-1.184763,0.365640,0.633565,-1.160120,0.279914,0.340705,-0.982894,0.104074,0.144562,-1.047796,0.554717,0.636376,-1.120839,0.617542,0.345406,-1.175021,0.656893,0.035036,-1.115168,0.457304,0.820991,-1.236879,0.396329,1.058633,-1.264322,0.330349,0.888728,-1.316287,0.342393,0.712296,-1.027442,0.583473,1.047624,-0.997954,0.586492,0.865624,-1.028257,0.630755,0.689606
-1.126754,0.473682,0.770062,-1.196062,0.381953,0.636029,-1.184465,0.302286,0.340663,-0.997097,0.117997,0.162427,-1.055337,0.568072,0.639619,-1.124956,0.624804,0.346583,-1.175576,0.657570,0.034842,-1.124225,0.471296,0.824074,-1.244841,0.411633,1.062622,-1.270714,0.345350,0.892576,-1.322751,0.356796,0.716118,-1.034043,0.597130,1.049926,-1.005641,0.601745,0.867789,-1.039352,0.649387,0.693278
-1.135420,0.487215,0.772632,-1.206638,0.397865,0.637798,-1.210321,0.326372,0.340148,-1.014095,0.134928,0.179856,-1.062616,0.581251,0.642535,-1.128990,0.631911,0.347651,-1.176172,0.658186,0.034748,-1.132789,0.484626,0.826623,-1.252638,0.426402,1.065918,-1.278101,0.360021,0.895846,-1.329927,0.372133,0.719370,-1.040825,0.610625,1.051662,-1.013163,0.617139,0.869469,-1.050833,0.668569,0.696805
-1.143830,0.500449,0.774937,-1.216850,0.413590,0.639298,-1.236887,0.351426,0.340211,-1.032726,0.153971,0.198168,-1.069761,0.594337,0.645296,-1.132974,0.638919,0.348749,-1.176785,0.658731,0.034872,-1.141107,0.497624,0.828903,-1.260339,0.440897,1.068866,-1.285974,0.374530,0.898819,-1.337426,0.387956,0.722329,-1.047697,0.624042,1.053111,-1.020603,0.632608,0.870917,-1.062480,0.688033,0.700407
-1.152013,0.512427,0.776040,-1.226058,0.428712,0.638932,-1.256330,0.376628,0.338780,-1.052190,0.171670,0.207751,-1.076243,0.606990,0.647736,-1.136587,0.645599,0.349764,-1.177274,0.659089,0.035120,-1.149261,0.509080,0.829957,-1.268116,0.454197,1.070528,-1.294895,0.387844,0.900663,-1.346096,0.403866,0.724329,-1.054732,0.636342,1.053220,-1.028316,0.647821,0.871091,-1.074060,0.706891,0.702728
-1.160198,0.524260,0.777132,-1.235448,0.443653,0.638807,-1.274397,0.402697,0.337920,-1.072837,0.189996,0.215532,-1.082713,0.619224,0.650024,-1.140145,0.652032,0.350795,-1.177729,0.659340,0.035553,-1.157393,0.520424,0.830995,-1.275859,0.467233,1.072131,-1.303807,0.401022,0.902409,-1.354718,0.419780,0.726273,-1.061794,0.648437,1.053379,-1.036167,0.663120,0.871372,-1.085372,0.725520,0.705138
-1.168386,0.535806,0.778203,-1.245226,0.458202,0.639049,-1.289735,0.430315,0.337417,-1.095048,0.209474,0.218456,-1.089166,0.630653,0.651968,-1.143621,0.658034,0.351659,-1.178140,0.659481,0.035979,-1.165479,0.531546,0.832012,-1.283589,0.479778,1.073625,-1.312753,0.413961,0.903966,-1.363397,0.435761,0.728113,-1.068911,0.660127,1.053663,-1.044280,0.678568,0.871868,-1.096173,0.743670,0.707457
-1.176479,0.547370,0.779414,-1.255423,0.472301,0.640087,-1.306108,0.456876,0.338517,-1.118452,0.231043,0.217762,-1.095665,0.641268,0.653391,-1.146949,0.663641,0.352136,-1.178334,0.659630,0.036148,-1.173436,0.542898,0.833190,-1.291139,0.492176,1.075216,-1.321454,0.427019,0.905511,-1.372038,0.451749,0.730033,-1.075927,0.671775,1.054278,-1.052685,0.694221,0.872759,-1.106225,0.761439,0.709721
-1.184523,0.558942,0.780695,-1.265803,0.486199,0.641547,-1.322756,0.483008,0.340705,-1.142150,0.253863,0.215641,-1.102208,0.651463,0.654551,-1.150321,0.668969,0.352479,-1.178643,0.659640,0.036317,-1.181326,0.554364,0.834450,-1.298601,0.504495,1.076855,-1.330030,0.440141,0.907052,-1.380638,0.467747,0.732013,-1.082891,0.683392,1.055066,-1.061222,0.709967,0.873918,-1.115840,0.779054,0.712023
-1.192267,0.570292,0.781863,-1.276340,0.499962,0.643217,-1.341141,0.505974,0.344016,-1.166406,0.278766,0.207708,-1.108832,0.661333,0.655309,-1.153503,0.674226,0.352507,-1.178548,0.659841,0.036267,-1.188764,0.565524,0.835584,-1.305780,0.516247,1.078228,-1.338329,0.453067,0.908198,-1.389509,0.483347,0.733766,-1.089555,0.694453,1.055950,-1.070076,0.725223,0.875225,-1.124752,0.795757,0.713999
-1.199935,0.581594,0.782904,-1.286714,0.513654,0.644837,-1.359379,0.528234,0.347752,-1.191011,0.304589,0.198312,-1.115437,0.671116,0.655919,-1.156772,0.679363,0.352510,-1.178660,0.659906,0.036320,-1.196134,0.576640,0.836591,-1.312972,0.527947,1.079433,-1.346637,0.465949,0.909186,-1.398420,0.499029,0.735440,-1.096188,0.705413,1.056760,-1.078986,0.740236,0.876548,-1.133681,0.812257,0.716018
-1.207448,0.592800,0.783691,-1.296823,0.527154,0.646289,-1.377713,0.548866,0.351788,-1.216768,0.331906,0.185433,-1.121970,0.680753,0.656232,-1.159976,0.684428,0.352323,-1.178728,0.660005,0.036296,-1.203365,0.587673,0.837345,-1.320183,0.539566,1.080309,-1.354969,0.478750,0.909862,-1.407460,0.514874,0.736932,-1.102751,0.716193,1.057411,-1.088021,0.754778,0.877753,-1.142775,0.828241,0.717939
-1.214898,0.603850,0.784116,-1.306484,0.540310,0.647316,-1.395312,0.568458,0.355672,-1.243724,0.360768,0.169977,-1.128384,0.690251,0.656277,-1.163127,0.689422,0.351978,-1.178796,0.660132,0.036220,-1.210625,0.598598,0.837746,-1.327550,0.551053,1.080764,-1.363417,0.491332,0.910154,-1.416620,0.530744,0.738166,-1.109483,0.726867,1.057770,-1.096955,0.768693,0.878675,-1.152294,0.843806,0.719865
-1.222317,0.614821,0.784359,-1.315903,0.553305,0.648144,-1.412433,0.587599,0.359633,-1.271929,0.391187,0.154157,-1.134750,0.699668,0.656191,-1.166323,0.694328,0.351612,-1.179001,0.660186,0.036235,-1.217899,0.609469,0.837970,-1.334994,0.562475,1.081009,-1.371917,0.503809,0.910258,-1.425808,0.546629,0.739309,-1.116301,0.737487,1.057986,-1.105830,0.782294,0.879485,-1.162011,0.859150,0.721835
-1.229912,0.625743,0.784071,-1.324961,0.565838,0.648321,-1.427450,0.606447,0.362706,-1.302359,0.423777,0.135783,-1.141239,0.709086,0.655681,-1.169573,0.699242,0.350910,-1.179170,0.660323,0.036015,-1.225468,0.620380,0.837681,-1.342835,0.573871,1.080679,-1.380706,0.516174,0.909806,-1.435090,0.562336,0.739894,-1.123527,0.748111,1.057748,-1.114474,0.795035,0.879717,-1.172569,0.873708,0.723658
-1.237550,0.636653,0.783660,-1.333893,0.578227,0.648359,-1.441556,0.625079,0.365623,-1.333695,0.458172,0.118628,-1.147774,0.718475,0.655074,-1.172907,0.704085,0.350215,-1.179457,0.660371,0.035914,-1.233112,0.631308,0.837275,-1.350798,0.585303,1.080212,-1.389550,0.528560,0.909217,-1.444276,0.577828,0.740300,-1.130867,0.758760,1.057404,-1.123013,0.807519,0.879813,-1.183220,0.887946,0.725446
-1.245277,0.647538,0.783005,-1.342613,0.590306,0.648088,-1.454094,0.643164,0.367905,-1.365799,0.494655,0.102065,-1.154375,0.727826,0.654263,-1.176255,0.708892,0.349413,-1.179690,0.660423,0.035806,-1.240907,0.642270,0.836635,-1.359005,0.596807,1.079471,-1.398513,0.540978,0.908349,-1.453346,0.592888,0.740268,-1.138436,0.769463,1.056840,-1.131358,0.819493,0.879573,-1.194103,0.901555,0.727067
-1.253181,0.658494,0.782209,-1.351309,0.602292,0.647600,-1.464794,0.661430,0.369483,-1.398673,0.532693,0.087309,-1.161249,0.737407,0.653377,-1.179699,0.713827,0.348635,-1.179795,0.660526,0.035847,-1.248884,0.653285,0.835853,-1.367400,0.608288,1.078569,-1.407528,0.553476,0.907264,-1.462326,0.607297,0.739780,-1.146179,0.780130,1.056171,-1.139635,0.831026,0.879133,-1.204946,0.914364,0.728381
-1.261175,0.669485,0.781342,-1.359989,0.614232,0.647005,-1.474526,0.679773,0.370757,-1.431617,0.572772,0.075243,-1.168263,0.747100,0.652461,-1.183228,0.718806,0.347939,-1.179913,0.660623,0.036098,-1.256953,0.664326,0.834998,-1.375887,0.619759,1.077587,-1.416563,0.566016,0.906073,-1.471255,0.621385,0.739064,-1.154011,0.790781,1.055449,-1.147878,0.842340,0.878592,-1.215759,0.926760,0.729561
-1.269378,0.680626,0.780075,-1.368749,0.625967,0.646003,-1.481993,0.697112,0.370594,-1.465067,0.612832,0.065146,-1.175675,0.756982,0.651062,-1.186968,0.723891,0.346873,-1.180060,0.660800,0.036113,-1.265209,0.675522,0.833744,-1.384509,0.631080,1.076174,-1.425503,0.578724,0.904307,-1.479910,0.634521,0.737353,-1.161977,0.801299,1.054457,-1.156201,0.853150,0.877676,-1.226218,0.938040,0.729894
-1.277619,0.691764,0.778679,-1.377480,0.637762,0.644773,-1.489154,0.713525,0.369934,-1.497512,0.654467,0.058181,-1.183040,0.766844,0.649613,-1.190684,0.728937,0.345880,-1.180237,0.660921,0.036332,-1.273515,0.686694,0.832359,-1.393250,0.642475,1.074615,-1.434473,0.591495,0.902389,-1.488471,0.647467,0.735362,-1.169975,0.811769,1.053335,-1.164540,0.863804,0.876603,-1.236475,0.948953,0.729884
-1.285934,0.702898,0.777026,-1.386156,0.649672,0.643086,-1.495819,0.728090,0.368146,-1.528730,0.696384,0.053968,-1.190301,0.776668,0.648048,-1.194301,0.733937,0.344894,-1.180364,0.660984,0.036687,-1.281919,0.697816,0.830713,-1.402227,0.654015,1.072760,-1.443515,0.604386,0.900156,-1.496859,0.660028,0.732805,-1.178030,0.822143,1.051956,-1.172911,0.874144,0.875210,-1.246340,0.959167,0.729152
-1.294449,0.714208,0.775002,-1.394874,0.662010,0.640736,-1.502408,0.739922,0.364780,-1.557626,0.737556,0.052091,-1.197407,0.786504,0.646321,-1.197777,0.738977,0.343864,-1.180455,0.661122,0.037111,-1.290574,0.709069,0.828693,-1.411486,0.665753,1.070526,-1.452680,0.617308,0.897563,-1.505168,0.672312,0.729724,-1.186206,0.832487,1.050224,-1.181310,0.884275,0.873414,-1.255653,0.968975,0.727626
-1.303065,0.725606,0.772791,-1.403603,0.674558,0.638058,-1.509013,0.750359,0.360668,-1.583918,0.778711,0.053370,-1.204454,0.796331,0.644519,-1.201299,0.743983,0.342884,-1.180748,0.661211,0.037704,-1.299356,0.720388,0.826485,-1.420885,0.677595,1.068102,-1.461900,0.630250,0.894791,-1.513432,0.684452,0.726390,-1.194448,0.842816,1.048313,-1.189731,0.894303,0.871416,-1.264700,0.978584,0.725703
-1.311981,0.737216,0.769990,-1.413086,0.688825,0.634809,-1.520234,0.768509,0.359174,-1.605744,0.815618,0.056990,-1.211202,0.806082,0.642500,-1.204468,0.749063,0.341782,-1.180762,0.661432,0.038267,-1.308499,0.731802,0.823674,-1.430725,0.689915,1.065098,-1.471366,0.643133,0.891546,-1.521666,0.696329,0.722448,-1.202721,0.853019,1.045752,-1.198002,0.903954,0.868699,-1.272617,0.987834,0.722584
-1.320980,0.748791,0.767177,-1.422707,0.703244,0.631626,-1.531653,0.788246,0.358302,-1.624708,0.850976,0.061235,-1.218041,0.815674,0.640479,-1.207784,0.754044,0.340779,-1.180987,0.661572,0.039038,-1.317733,0.743183,0.820850,-1.440722,0.702418,1.062078,-1.480939,0.656055,0.888315,-1.529869,0.708201,0.718486,-1.211023,0.863177,1.043145,-1.206245,0.913453,0.865909,-1.280246,0.996923,0.719256
-1.330147,0.760295,0.764341,-1.432642,0.717958,0.628573,-1.543497,0.811094,0.358721,-1.639281,0.883050,0.064648,-1.225017,0.824994,0.638440,-1.211120,0.758941,0.339836,-1.181105,0.661723,0.039961,-1.327142,0.754495,0.818000,-1.451027,0.715274,1.059027,-1.490734,0.669047,0.885111,-1.538020,0.720073,0.714475,-1.219368,0.873239,1.040450,-1.214414,0.922640,0.862975,-1.287279,1.005674,0.715513
-1.339588,0.771837,0.761496,-1.442436,0.732554,0.625256,-1.553488,0.831862,0.357728,-1.649974,0.910691,0.065678,-1.232152,0.834347,0.636579,-1.214479,0.763933,0.339176,-1.181125,0.662047,0.041259,-1.336889,0.765848,0.815143,-1.461689,0.728324,1.055968,-1.500783,0.681997,0.881940,-1.546270,0.731689,0.710421,-1.227963,0.883259,1.037730,-1.222491,0.931593,0.859979,-1.293647,1.014178,0.711440
-1.349164,0.783398,0.758648,-1.452128,0.747092,0.621811,-1.562520,0.851626,0.356037,-1.658696,0.936190,0.065518,-1.239399,0.843686,0.634819,-1.218011,0.768892,0.338731,-1.181398,0.662335,0.042877,-1.346805,0.777224,0.812279,-1.472511,0.741477,1.052905,-1.510955,0.694924,0.878794,-1.554586,0.743153,0.706376,-1.236689,0.893248,1.034997,-1.230548,0.940416,0.856956,-1.299723,1.022514,0.707223
-1.358679,0.795093,0.756859,-1.461878,0.760038,0.619909,-1.569961,0.866624,0.354002,-1.664052,0.952951,0.063312,-1.247460,0.852912,0.633275,-1.221869,0.773965,0.338598,-1.181319,0.662929,0.044911,-1.356576,0.789029,0.810516,-1.483413,0.755081,1.050811,-1.521078,0.708317,0.876586,-1.562569,0.754653,0.703123,-1.245340,0.903378,1.033521,-1.237977,0.949093,0.855149,-1.304419,1.030508,0.703816
-1.368451,0.807078,0.755216,-1.471851,0.773228,0.618100,-1.576799,0.880926,0.351383,-1.667958,0.967915,0.059952,-1.255823,0.862343,0.631878,-1.226006,0.779135,0.338769,-1.181487,0.663466,0.047436,-1.366602,0.801119,0.808897,-1.494426,0.768651,1.048876,-1.531262,0.721842,0.874488,-1.570533,0.766086,0.699963,-1.254099,0.913363,1.032310,-1.245476,0.957600,0.853623,-1.308953,1.038239,0.700613
-1.378742,0.819641,0.753865,-1.482298,0.786896,0.616485,-1.582552,0.893791,0.347637,-1.669202,0.979203,0.054366,-1.264750,0.872208,0.630752,-1.230537,0.784605,0.339402,-1.181847,0.664059,0.050676,-1.377137,0.813775,0.807569,-1.505699,0.782127,1.047268,-1.541591,0.735624,0.872603,-1.578453,0.777425,0.696951,-1.263067,0.923059,1.031617,-1.253080,0.965788,0.852635,-1.313115,1.045512,0.697771
-1.388962,0.832669,0.753826,-1.494046,0.800105,0.617409,-1.588471,0.905497,0.345841,-1.669760,0.988174,0.050226,-1.275158,0.882151,0.629249,-1.238860,0.795066,0.337989,-1.182673,0.664915,0.054882,-1.387274,0.827123,0.807586,-1.516986,0.796372,1.046787,-1.551777,0.750138,0.871831,-1.586079,0.789643,0.695123,-1.271923,0.933198,1.032479,-1.259937,0.974257,0.853231,-1.316158,1.053075,0.696492
-1.399146,0.845928,0.754443,-1.506446,0.813125,0.619639,-1.594504,0.916375,0.345081,-1.670086,0.995467,0.046954,-1.286360,0.892134,0.627598,-1.248979,0.807985,0.335606,-1.183772,0.666038,0.060286,-1.397207,0.840816,0.808266,-1.528309,0.811060,1.046842,-1.561889,0.765010,0.871603,-1.593566,0.802210,0.693896,-1.280814,0.943611,1.034103,-1.266523,0.982841,0.854615,-1.318737,1.060645,0.696010
-1.409736,0.859901,0.755153,-1.520131,0.827978,0.622465,-1.602585,0.928403,0.345107,-1.673504,1.003301,0.044782,-1.298402,0.902202,0.625470,-1.262307,0.825797,0.331180,-1.185944,0.668211,0.067579,-1.407417,0.855162,0.809021,-1.539921,0.826152,1.046926,-1.572237,0.780044,0.871465,-1.601280,0.815570,0.692960,-1.289491,0.953262,1.036107,-1.272660,0.991028,0.856529,-1.320525,1.068191,0.696259
-1.419938,0.873803,0.756004,-1.533005,0.842435,0.625271,-1.610270,0.938772,0.344986,-1.676718,1.008483,0.042484,-1.310081,0.912611,0.623772,-1.275555,0.844193,0.327322,-1.188899,0.671187,0.076942,-1.417329,0.869469,0.809907,-1.551501,0.841165,1.046976,-1.582617,0.795123,0.871281,-1.608926,0.828928,0.692016,-1.298331,0.962915,1.038352,-1.278856,0.998899,0.858677,-1.322224,1.075315,0.696787
-1.429365,0.887561,0.757135,-1.544329,0.855968,0.627966,-1.617087,0.946441,0.344587,-1.679239,1.009694,0.039838,-1.320833,0.923673,0.622831,-1.288918,0.863859,0.324229,-1.193637,0.675388,0.088478,-1.426655,0.883707,0.811075,-1.562969,0.855929,1.046992,-1.593008,0.810334,0.870998,-1.616371,0.842464,0.691021,-1.307317,0.972561,1.041127,-1.284964,1.006270,0.861343,-1.323529,1.081919,0.697889
-1.438411,0.900963,0.758801,-1.555303,0.868732,0.631350,-1.623433,0.953943,0.345225,-1.681046,1.011284,0.038476,-1.331970,0.936146,0.622405,-1.302968,0.886320,0.321689,-1.200824,0.681878,0.102433,-1.435450,0.897297,0.812737,-1.574109,0.870158,1.047366,-1.603617,0.825175,0.871131,-1.624368,0.855713,0.690556,-1.316240,0.981932,1.044401,-1.291032,1.012984,0.864510,-1.324725,1.087938,0.699664
-1.447267,0.914189,0.760733,-1.566084,0.881105,0.635108,-1.629495,0.961252,0.346458,-1.682402,1.012860,0.037888,-1.343309,0.949328,0.622276,-1.317471,0.910211,0.319708,-1.211003,0.689691,0.118501,-1.443986,0.910573,0.814642,-1.585102,0.884267,1.047904,-1.614340,0.839920,0.871470,-1.632699,0.868807,0.690361,-1.325190,0.991259,1.047885,-1.297182,1.019352,0.867914,-1.325946,1.093491,0.701768
-1.456451,0.926498,0.763854,-1.577627,0.893484,0.640250,-1.635185,0.968136,0.348928,-1.682342,1.013650,0.038418,-1.355334,0.961943,0.623253,-1.331708,0.937469,0.318980,-1.222654,0.702499,0.135923,-1.452631,0.922702,0.817696,-1.595321,0.897580,1.050124,-1.625269,0.854609,0.873479,-1.642013,0.882967,0.692118,-1.333644,1.000182,1.051900,-1.303063,1.025625,0.871945,-1.327226,1.099171,0.704812
-1.465523,0.938487,0.766972,-1.588781,0.905983,0.645104,-1.640647,0.974857,0.351316,-1.682263,1.014061,0.039106,-1.366754,0.973978,0.624624,-1.345165,0.965145,0.319352,-1.236615,0.716876,0.154084,-1.461265,0.934556,0.820750,-1.605296,0.911134,1.052523,-1.636205,0.869515,0.875728,-1.651571,0.897721,0.694214,-1.341827,1.009018,1.055683,-1.308841,1.032080,0.875824,-1.328698,1.104857,0.707803
-1.474369,0.949839,0.770086,-1.599195,0.918722,0.649291,-1.645665,0.981565,0.353273,-1.682169,1.014317,0.039635,-1.376902,0.984824,0.626665,-1.356847,0.993640,0.321289,-1.251645,0.734010,0.171836,-1.469871,0.945848,0.823824,-1.614754,0.924919,1.055298,-1.647140,0.884721,0.878447,-1.661454,0.913705,0.696967,-1.349392,1.017533,1.059078,-1.314237,1.038959,0.879427,-1.330418,1.110927,0.710687
-1.482509,0.960614,0.772677,-1.608506,0.931239,0.652521,-1.650187,0.988086,0.354596,-1.682188,1.014440,0.039823,-1.385752,0.995102,0.628670,-1.364178,1.020663,0.324349,-1.267829,0.751285,0.186536,-1.477884,0.956507,0.826385,-1.623544,0.938661,1.057621,-1.657778,0.899959,0.880789,-1.671374,0.930659,0.699541,-1.356297,1.025676,1.061817,-1.318987,1.045828,0.882456,-1.332207,1.117324,0.713266
-1.490296,0.971102,0.775007,-1.617250,0.943647,0.655281,-1.654579,0.994450,0.355700,-1.682526,1.014374,0.040036,-1.393935,1.005094,0.630687,-1.368915,1.046687,0.328414,-1.285429,0.768596,0.199788,-1.485602,0.966850,0.828690,-1.631948,0.952397,1.059721,-1.668187,0.915272,0.882955,-1.681140,0.948146,0.702049,-1.362888,1.033628,1.064225,-1.323441,1.052641,0.885201,-1.334056,1.123802,0.715687
-1.497037,0.981501,0.776876,-1.624143,0.954952,0.657021,-1.658035,1.000299,0.356162,-1.682664,1.014485,0.039890,-1.400601,1.015658,0.632766,-1.373684,1.071738,0.333014,-1.304025,0.788824,0.206762,-1.492466,0.977222,0.830565,-1.639498,0.966017,1.061334,-1.678077,0.930112,0.884811,-1.691259,0.965484,0.704403,-1.368873,1.041857,1.066234,-1.327244,1.059540,0.887571,-1.335948,1.131268,0.718185
-1.503591,0.991990,0.778627,-1.630759,0.966043,0.658633,-1.661435,1.005991,0.356667,-1.682912,1.014508,0.039948,-1.407113,1.026559,0.634804,-1.379173,1.095992,0.337958,-1.322917,0.810310,0.211413,-1.499144,0.987675,0.832321,-1.646826,0.979461,1.062794,-1.687752,0.944956,0.886519,-1.701386,0.982998,0.706697,-1.374846,1.050261,1.068168,-1.331060,1.066527,0.889888,-1.337947,1.138873,0.720675
-1.509772,1.002659,0.780142,-1.636829,0.976706,0.659973,-1.664547,1.011489,0.357083,-1.682997,1.014580,0.040068,-1.413356,1.038138,0.636673,-1.386829,1.118974,0.342596,-1.341336,0.833790,0.210940,-1.505450,0.998288,0.833840,-1.653793,0.992526,1.063955,-1.697121,0.959694,0.887929,-1.711792,1.000750,0.708857,-1.380740,1.059025,1.069948,-1.334810,1.073794,0.892078,-1.340073,1.146932,0.723131
-1.515643,1.013369,0.781301,-1.642627,0.987453,0.660990,-1.667523,1.017074,0.357308,-1.683042,1.014757,0.040128,-1.419395,1.050050,0.638184,-1.395920,1.140508,0.346658,-1.358841,0.858652,0.205701,-1.511387,1.008809,0.834985,-1.660243,1.005070,1.064804,-1.705899,0.974064,0.889031,-1.721956,1.018048,0.710780,-1.386364,1.068043,1.071305,-1.338492,1.081267,0.893822,-1.341969,1.155111,0.725119
-1.521361,1.024101,0.782280,-1.648288,0.998241,0.661853,-1.670419,1.022703,0.357498,-1.683044,1.014993,0.040279,-1.425331,1.062124,0.639527,-1.405733,1.161311,0.350559,-1.375914,0.884496,0.198460,-1.517139,1.019284,0.835943,-1.666413,1.017362,1.065507,-1.714354,0.988272,0.890008,-1.731968,1.035157,0.712654,-1.391837,1.077189,1.072439,-1.342151,1.088830,0.895341,-1.343752,1.163331,0.726878
-1.526477,1.034708,0.782650,-1.653330,1.008682,0.662151,-1.672973,1.028136,0.357265,-1.682964,1.015206,0.040130,-1.430711,1.074042,0.640242,-1.416408,1.181180,0.353810,-1.391332,0.913700,0.185154,-1.522274,1.029686,0.836294,-1.671818,1.029438,1.065683,-1.722014,1.002588,0.890454,-1.741233,1.052316,0.714043,-1.396672,1.086562,1.072877,-1.345755,1.096858,0.896038,-1.345225,1.171685,0.727715
-1.531422,1.045318,0.782927,-1.658222,1.019020,0.662415,-1.675433,1.033502,0.357106,-1.682861,1.015408,0.040166,-1.435916,1.085733,0.640833,-1.425674,1.200623,0.357239,-1.406623,0.944376,0.171322,-1.527234,1.040169,0.836559,-1.676968,1.041542,1.065814,-1.729383,1.017016,0.890890,-1.750150,1.069570,0.715477,-1.401313,1.096143,1.073184,-1.349400,1.105062,0.896553,-1.346766,1.180067,0.728331
-1.536026,1.055933,0.783019,-1.662817,1.029153,0.662600,-1.677732,1.038736,0.356977,-1.682765,1.015579,0.040336,-1.440776,1.096981,0.641140,-1.432141,1.219290,0.360601,-1.421119,0.977541,0.155651,-1.531844,1.050812,0.836652,-1.681657,1.053692,1.065839,-1.736248,1.031607,0.891252,-1.758490,1.086919,0.716872,-1.405582,1.106133,1.073247,-1.353094,1.113649,0.896711,-1.348423,1.188573,0.728499
-1.540361,1.066629,0.782902,-1.667183,1.039557,0.662584,-1.679817,1.044146,0.356742,-1.682525,1.015820,0.040515,-1.445228,1.107913,0.641225,-1.436125,1.237214,0.363835,-1.434510,1.012992,0.139618,-1.536186,1.061581,0.836542,-1.685890,1.066268,1.065770,-1.742637,1.046371,0.891607,-1.766053,1.104244,0.718216,-1.409361,1.116298,1.072975,-1.356750,1.122486,0.896416,-1.350218,1.197121,0.728138
-1.544562,1.077366,0.782680,-1.671436,1.050096,0.662471,-1.681823,1.049632,0.356512,-1.682271,1.016078,0.040810,-1.449472,1.118684,0.641205,-1.438794,1.254730,0.367092,-1.446626,1.050716,0.124495,-1.540395,1.072413,0.836330,-1.689884,1.079055,1.065651,-1.748754,1.061240,0.891966,-1.773161,1.121585,0.719559,-1.412899,1.126544,1.072536,-1.360397,1.131443,0.895896,-1.352093,1.205658,0.727510
-1.548165,1.088152,0.782011,-1.674976,1.061016,0.661721,-1.683411,1.055269,0.355756,-1.681980,1.016283,0.040717,-1.452762,1.129125,0.640822,-1.440286,1.270191,0.369302,-1.456458,1.090814,0.108360,-1.544050,1.083272,0.835675,-1.693312,1.092055,1.065074,-1.754144,1.076035,0.891891,-1.779297,1.138538,0.720362,-1.415933,1.137239,1.071581,-1.363912,1.140855,0.894760,-1.354223,1.214267,0.726095
-1.551567,1.099052,0.781263,-1.678304,1.071995,0.660902,-1.684936,1.060901,0.355039,-1.681778,1.016423,0.040781,-1.455835,1.139591,0.640338,-1.442084,1.285014,0.371154,-1.464523,1.132892,0.093862,-1.547508,1.094265,0.834943,-1.696542,1.105137,1.064405,-1.759224,1.090800,0.891734,-1.785053,1.155337,0.721063,-1.418802,1.148096,1.070560,-1.367352,1.150454,0.893544,-1.356487,1.222967,0.724563
-1.554567,1.110181,0.780360,-1.681210,1.083095,0.659935,-1.686273,1.066545,0.354289,-1.681626,1.016469,0.040936,-1.458479,1.150113,0.639641,-1.444625,1.298614,0.372114,-1.470665,1.176767,0.080487,-1.550572,1.105526,0.834059,-1.699401,1.118390,1.063556,-1.763754,1.105468,0.891388,-1.790181,1.171779,0.721492,-1.421344,1.159287,1.069406,-1.370627,1.160436,0.892161,-1.358995,1.231915,0.722797
-1.557101,1.121595,0.779255,-1.683541,1.094293,0.658698,-1.687330,1.072236,0.353381,-1.681472,1.016573,0.041044,-1.460578,1.160816,0.638730,-1.447688,1.310994,0.372060,-1.475072,1.221403,0.068990,-1.553201,1.117111,0.832979,-1.701892,1.131758,1.062463,-1.767661,1.120026,0.890744,-1.794632,1.187820,0.721520,-1.423560,1.170763,1.068122,-1.373631,1.170698,0.890648,-1.361712,1.241180,0.720888
-1.559403,1.133152,0.778049,-1.685584,1.105539,0.657331,-1.688264,1.077952,0.352452,-1.681352,1.016719,0.041239,-1.462406,1.171608,0.637713,-1.451019,1.322782,0.371505,-1.478134,1.266760,0.060355,-1.555612,1.128859,0.831800,-1.704196,1.145181,1.061245,-1.771245,1.134536,0.889949,-1.798725,1.203673,0.721349,-1.425614,1.182378,1.066776,-1.376506,1.181103,0.889075,-1.364541,1.250616,0.718918
-1.561064,1.145262,0.776399,-1.687134,1.117062,0.655745,-1.688947,1.083842,0.351422,-1.681179,1.016921,0.041464,-1.463878,1.182965,0.636011,-1.455356,1.333543,0.369338,-1.480202,1.310790,0.053739,-1.557331,1.141178,0.830171,-1.705879,1.158889,1.059539,-1.773947,1.148937,0.888604,-1.801659,1.218901,0.720385,-1.427090,1.194491,1.065058,-1.378916,1.191859,0.887115,-1.367230,1.260700,0.716669
-1.562599,1.157602,0.774569,-1.688619,1.128730,0.654074,-1.689632,1.089793,0.350425,-1.681059,1.017123,0.041854,-1.465350,1.194614,0.634027,-1.459903,1.343861,0.366507,-1.481807,1.353962,0.049969,-1.558892,1.153705,0.828356,-1.707368,1.172663,1.057673,-1.776390,1.163302,0.887089,-1.804277,1.233927,0.719175,-1.428384,1.206712,1.063164,-1.381168,1.202714,0.884988,-1.369814,1.270979,0.714289
-1.563878,1.170399,0.772377,-1.689966,1.140690,0.652224,-1.690273,1.095866,0.349387,-1.680950,1.017311,0.042356,-1.466819,1.206847,0.631477,-1.464867,1.353269,0.362333,-1.483235,1.394830,0.048098,-1.560138,1.166649,0.826170,-1.708472,1.186570,1.055499,-1.778338,1.177583,0.885238,-1.806315,1.248521,0.717471,-1.429313,1.219156,1.060912,-1.383090,1.213759,0.882511,-1.372172,1.281632,0.711626
-1.564978,1.183681,0.769768,-1.691216,1.152830,0.650142,-1.690897,1.102008,0.348254,-1.680829,1.017526,0.042902,-1.468397,1.219722,0.628248,-1.470350,1.360775,0.356221,-1.484707,1.432686,0.047260,-1.561135,1.180035,0.823557,-1.709147,1.200759,1.053023,-1.779804,1.191924,0.883085,-1.807699,1.262787,0.715270,-1.429824,1.231966,1.058156,-1.384684,1.225145,0.879523,-1.374149,1.292627,0.708458
-1.565990,1.197206,0.766951,-1.692406,1.165062,0.647951,-1.691446,1.108211,0.347142,-1.680577,1.017814,0.043598,-1.470027,1.232910,0.624695,-1.476029,1.367230,0.349299,-1.485588,1.468354,0.048416,-1.562008,1.193642,0.820732,-1.709607,1.215096,1.050396,-1.781030,1.206298,0.880779,-1.808761,1.276879,0.712814,-1.430131,1.244966,1.055146,-1.386126,1.236706,0.876288,-1.375938,1.303795,0.705045
-1.566895,1.211296,0.763996,-1.693188,1.177486,0.645436,-1.691871,1.114484,0.345856,-1.680394,1.018061,0.044279,-1.471649,1.248162,0.621709,-1.477286,1.387256,0.348664,-1.485586,1.497281,0.050892,-1.562800,1.207811,0.817774,-1.709745,1.229614,1.047822,-1.781746,1.220537,0.878469,-1.809303,1.290420,0.710183,-1.430160,1.258551,1.051885,-1.387242,1.249042,0.872821,-1.377349,1.315546,0.701333
-1.567706,1.225536,0.761178,-1.693627,1.190052,0.642824,-1.692009,1.120862,0.344613,-1.679981,1.018372,0.045151,-1.472876,1.263398,0.619019,-1.477997,1.406571,0.348064,-1.485081,1.523527,0.052931,-1.563557,1.222170,0.814963,-1.709688,1.244334,1.045492,-1.782213,1.234866,0.876388,-1.809582,1.303865,0.707707,-1.430008,1.272449,1.048657,-1.388184,1.261729,0.869399,-1.378582,1.327532,0.697623
-1.568327,1.240080,0.758633,-1.693403,1.202895,0.640012,-1.691725,1.127393,0.343336,-1.679398,1.018675,0.046170,-1.473300,1.278619,0.616911,-1.477564,1.424541,0.347405,-1.483571,1.544668,0.053547,-1.564241,1.236910,0.812447,-1.709239,1.259444,1.043652,-1.782181,1.249372,0.874768,-1.809325,1.317135,0.705548,-1.429486,1.286951,1.045499,-1.388762,1.275100,0.866056,-1.379448,1.339982,0.693906
-1.568740,1.254996,0.756565,-1.692776,1.216248,0.637462,-1.691248,1.134258,0.342513,-1.678868,1.019049,0.047852,-1.473112,1.293656,0.615299,-1.476641,1.439120,0.345535,-1.481643,1.558712,0.051452,-1.564760,1.252061,0.810416,-1.708292,1.274689,1.042522,-1.781498,1.263802,0.873808,-1.808567,1.330036,0.703971,-1.428497,1.301827,1.042651,-1.388979,1.288917,0.863008,-1.380072,1.352666,0.690416
-1.569049,1.270098,0.754736,-1.691942,1.229860,0.635058,-1.690662,1.141303,0.342011,-1.678352,1.019491,0.050046,-1.472617,1.308606,0.613940,-1.475432,1.452004,0.343067,-1.479423,1.569207,0.048012,-1.565197,1.267416,0.808626,-1.707094,1.290006,1.041736,-1.780485,1.278204,0.873168,-1.807553,1.342769,0.702689,-1.427279,1.316874,1.039949,-1.389020,1.302942,0.860108,-1.380581,1.365451,0.687046
-1.569279,1.285312,0.754861,-1.689887,1.244275,0.633252,-1.689750,1.149026,0.342310,-1.678506,1.020205,0.053281,-1.470293,1.323048,0.615438,-1.474458,1.460443,0.341410,-1.479683,1.570850,0.043714,-1.565876,1.282813,0.808816,-1.705506,1.306046,1.043223,-1.778633,1.292915,0.874641,-1.805715,1.355158,0.703308,-1.425675,1.332418,1.038731,-1.388733,1.317526,0.858689,-1.380659,1.378787,0.685169
-1.569305,1.300884,0.755329,-1.687702,1.259294,0.631865,-1.688938,1.157571,0.343125,-1.678836,1.021241,0.057449,-1.467808,1.337870,0.617334,-1.473279,1.469416,0.340404,-1.479723,1.573188,0.040339,-1.566327,1.298513,0.809331,-1.703582,1.322231,1.045086,-1.776334,1.307637,0.876463,-1.803461,1.367533,0.704304,-1.423758,1.348045,1.037804,-1.388094,1.332247,0.857577,-1.380417,1.392262,0.683612
-1.568921,1.317175,0.756484,-1.685294,1.275520,0.631254,-1.688344,1.167730,0.344737,-1.679495,1.022879,0.063127,-1.464983,1.353442,0.619959,-1.471875,1.479569,0.340507,-1.479674,1.577138,0.038428,-1.566319,1.314825,0.810515,-1.700997,1.338708,1.047731,-1.773153,1.322353,0.879014,-1.800379,1.379832,0.706046,-1.421210,1.363908,1.037482,-1.386746,1.347298,0.857093,-1.379528,1.406066,0.682691
-1.568296,1.333418,0.758571,-1.682999,1.292806,0.631442,-1.689573,1.184848,0.345048,-1.680374,1.025775,0.071155,-1.461875,1.368628,0.623516,-1.470194,1.488767,0.341452,-1.479366,1.579708,0.037389,-1.566054,1.331028,0.812616,-1.698061,1.355765,1.051239,-1.769284,1.336851,0.882388,-1.796766,1.391484,0.708539,-1.418266,1.379419,1.037997,-1.384995,1.362402,0.857422,-1.378065,1.419779,0.682553
-1.567550,1.349638,0.761125,-1.680727,1.310619,0.632039,-1.691580,1.205529,0.344711,-1.681261,1.029901,0.081113,-1.458645,1.383603,0.627563,-1.468421,1.497422,0.342921,-1.479016,1.581485,0.036964,-1.565662,1.347176,0.815171,-1.694932,1.373058,1.055168,-1.765075,1.351184,0.886214,-1.792934,1.402741,0.711487,-1.415135,1.394708,1.038916,-1.383054,1.377516,0.858142,-1.376346,1.433452,0.682803
-1.566605,1.365393,0.764321,-1.679528,1.329241,0.634010,-1.694694,1.231195,0.344396,-1.681679,1.037345,0.093855,-1.455969,1.397302,0.631517,-1.466920,1.505002,0.344582,-1.478825,1.582516,0.036949,-1.564827,1.362806,0.818353,-1.691233,1.390378,1.059691,-1.759880,1.364995,0.890599,-1.788060,1.413839,0.715142,-1.411397,1.408778,1.040443,-1.380532,1.391917,0.859427,-1.373560,1.447103,0.683873
-1.565438,1.381187,0.767623,-1.678335,1.348030,0.636318,-1.697844,1.258311,0.344274,-1.681673,1.047216,0.108077,-1.453381,1.410968,0.635362,-1.465516,1.512534,0.346284,-1.478794,1.583488,0.037125,-1.563712,1.378473,0.821638,-1.687384,1.407403,1.064243,-1.754520,1.378741,0.895053,-1.783069,1.425233,0.719012,-1.407572,1.422678,1.042192,-1.377808,1.406172,0.860958,-1.370601,1.461072,0.685342
-1.563826,1.397060,0.771139,-1.677220,1.367159,0.639284,-1.701322,1.288153,0.344501,-1.680807,1.060882,0.123937,-1.450922,1.424609,0.638961,-1.464139,1.520022,0.347885,-1.478766,1.584380,0.037336,-1.562031,1.394216,0.825135,-1.683293,1.423956,1.068874,-1.748812,1.392495,0.899531,-1.777674,1.437404,0.723120,-1.403545,1.436337,1.044419,-1.374658,1.420170,0.863010,-1.367229,1.475682,0.687623
-1.561705,1.412826,0.774356,-1.675604,1.385906,0.642107,-1.705133,1.319036,0.344823,-1.680754,1.077274,0.140489,-1.448275,1.438605,0.642111,-1.462683,1.527639,0.349101,-1.478739,1.585198,0.037281,-1.559827,1.409824,0.828332,-1.679099,1.440119,1.073002,-1.743395,1.406618,0.903569,-1.772280,1.450731,0.726952,-1.399430,1.449912,1.046606,-1.371140,1.434117,0.865069,-1.363723,1.491197,0.690195
-1.559330,1.428537,0.777424,-1.673727,1.404472,0.644895,-1.708999,1.350536,0.345615,-1.680790,1.095753,0.158190,-1.445539,1.452778,0.645041,-1.461241,1.535297,0.350212,-1.478823,1.585941,0.037268,-1.557362,1.425364,0.831380,-1.674852,1.456078,1.076877,-1.738129,1.420912,0.907387,-1.766910,1.464629,0.730647,-1.395282,1.463440,1.048769,-1.367445,1.448033,0.867126,-1.360128,1.507160,0.692931
-1.556701,1.443114,0.779391,-1.670890,1.421874,0.646066,-1.712618,1.383138,0.345269,-1.682132,1.116952,0.174798,-1.442109,1.466722,0.647443,-1.459319,1.543357,0.351120,-1.478719,1.586783,0.037184,-1.554819,1.439639,0.833321,-1.671125,1.470884,1.079318,-1.734211,1.435530,0.909796,-1.762335,1.479817,0.733092,-1.391643,1.476877,1.050032,-1.363610,1.461994,0.868378,-1.356808,1.523956,0.695124
-1.554250,1.457313,0.780953,-1.667897,1.438931,0.646668,-1.714909,1.414804,0.345126,-1.683384,1.139602,0.189837,-1.438584,1.480417,0.649719,-1.457440,1.551096,0.352024,-1.478693,1.587535,0.037306,-1.552532,1.453478,0.834849,-1.667698,1.485432,1.081292,-1.730821,1.450195,0.911759,-1.758219,1.495384,0.735171,-1.388314,1.490172,1.050864,-1.359906,1.475961,0.869215,-1.353623,1.540693,0.696928
-1.552154,1.470755,0.781704,-1.664614,1.455281,0.646033,-1.714792,1.444456,0.344232,-1.685453,1.163320,0.199572,-1.434867,1.493619,0.651741,-1.455575,1.558211,0.352794,-1.478679,1.588137,0.037506,-1.550753,1.466445,0.835552,-1.664880,1.499478,1.082328,-1.728483,1.464972,0.912828,-1.754989,1.511714,0.736513,-1.385594,1.503200,1.050837,-1.356458,1.489955,0.869234,-1.350737,1.557324,0.697901
-1.550216,1.483909,0.782443,-1.661932,1.471424,0.645857,-1.713995,1.474022,0.344189,-1.687852,1.189747,0.205265,-1.431697,1.506073,0.653366,-1.454013,1.564489,0.353278,-1.478669,1.588483,0.037590,-1.549035,1.479204,0.836245,-1.662271,1.513299,1.083277,-1.726472,1.479956,0.913773,-1.752044,1.528389,0.737790,-1.383071,1.516020,1.050899,-1.353105,1.504262,0.869334,-1.347641,1.573519,0.698711
-1.548359,1.496920,0.783176,-1.659528,1.487460,0.645940,-1.712714,1.503546,0.344882,-1.690354,1.217467,0.209172,-1.428810,1.518147,0.654794,-1.452689,1.570363,0.353700,-1.478839,1.588749,0.037749,-1.547349,1.491860,0.836933,-1.659769,1.527008,1.084181,-1.724616,1.495044,0.914661,-1.749203,1.545211,0.739042,-1.380650,1.528740,1.051007,-1.349797,1.518724,0.869492,-1.344419,1.589489,0.699453
-1.546553,1.509882,0.784343,-1.658141,1.503388,0.647343,-1.711726,1.532386,0.347323,-1.693193,1.248338,0.206936,-1.426851,1.529446,0.655769,-1.451505,1.576169,0.353864,-1.478694,1.588912,0.037719,-1.545485,1.504650,0.838081,-1.657279,1.540300,1.085531,-1.722770,1.510268,0.915909,-1.746914,1.562137,0.740728,-1.378218,1.541066,1.051796,-1.346806,1.533725,0.870255,-1.340939,1.604501,0.700231
-1.544712,1.522769,0.785498,-1.656854,1.519397,0.648930,-1.710480,1.560788,0.350374,-1.696115,1.280138,0.202928,-1.425043,1.540608,0.656582,-1.450448,1.581951,0.353985,-1.478727,1.589075,0.037760,-1.543549,1.517322,0.839214,-1.654773,1.553422,1.086847,-1.720902,1.525351,0.917138,-1.744777,1.578994,0.742457,-1.375766,1.553137,1.052635,-1.343927,1.548692,0.871080,-1.337393,1.619343,0.701036
-1.542802,1.535507,0.786631,-1.655804,1.535568,0.650830,-1.709016,1.588328,0.353998,-1.699383,1.313979,0.194853,-1.423518,1.551507,0.657065,-1.449509,1.587664,0.353886,-1.478849,1.589174,0.037688,-1.541466,1.529757,0.840319,-1.652237,1.566208,1.088097,-1.719009,1.540154,0.918317,-1.742981,1.595739,0.744251,-1.373272,1.564693,1.053574,-1.341274,1.563598,0.872001,-1.333771,1.633854,0.701867
-1.541019,1.548101,0.787510,-1.654678,1.551615,0.652404,-1.707070,1.614544,0.357415,-1.703183,1.349526,0.183019,-1.422034,1.562147,0.657405,-1.448500,1.593340,0.353748,-1.478859,1.589269,0.037680,-1.539556,1.542047,0.841167,-1.649829,1.578977,1.089091,-1.717355,1.554832,0.919324,-1.741407,1.612839,0.746055,-1.370915,1.575896,1.054263,-1.338904,1.578259,0.872709,-1.330599,1.648778,0.702772
-1.539301,1.560625,0.788262,-1.653474,1.567601,0.653832,-1.704703,1.640054,0.360831,-1.706856,1.386697,0.169929,-1.420598,1.572660,0.657672,-1.447589,1.599011,0.353634,-1.479058,1.589397,0.037809,-1.537733,1.554263,0.841886,-1.647485,1.591735,1.089956,-1.715808,1.569451,0.920249,-1.739906,1.630116,0.747893,-1.368636,1.586920,1.054829,-1.336658,1.592793,0.873354,-1.327592,1.663908,0.703772
-1.537924,1.573123,0.788382,-1.652335,1.583331,0.654459,-1.702719,1.663378,0.363295,-1.711110,1.426464,0.152568,-1.419363,1.582719,0.657447,-1.446719,1.604119,0.353083,-1.479015,1.589550,0.037549,-1.536299,1.566572,0.841983,-1.645392,1.604576,1.090259,-1.714739,1.583909,0.920759,-1.738516,1.647874,0.749558,-1.366639,1.597860,1.054707,-1.334630,1.606666,0.873361,-1.325527,1.680034,0.704784
-1.536637,1.585658,0.788349,-1.651106,1.598894,0.654851,-1.700421,1.686275,0.365621,-1.714928,1.468258,0.135764,-1.418171,1.592757,0.657165,-1.446003,1.609115,0.352559,-1.479169,1.589727,0.037396,-1.534983,1.578977,0.841933,-1.643402,1.617514,1.090421,-1.713761,1.598353,0.921158,-1.737085,1.665600,0.751163,-1.364761,1.608853,1.054436,-1.332625,1.620376,0.873269,-1.323722,1.696424,0.705892
-1.535527,1.598265,0.788012,-1.649780,1.614120,0.654741,-1.697872,1.708372,0.367471,-1.718529,1.512623,0.118847,-1.416998,1.602746,0.656773,-1.445294,1.613860,0.351998,-1.479169,1.589881,0.037250,-1.533901,1.591576,0.841593,-1.641606,1.630657,1.090305,-1.712986,1.612763,0.921327,-1.735640,1.683269,0.752579,-1.363100,1.619960,1.053859,-1.330692,1.633771,0.872907,-1.322527,1.713346,0.707112
-1.534504,1.610978,0.787417,-1.648444,1.629008,0.654279,-1.694810,1.729169,0.368729,-1.721433,1.558610,0.102681,-1.415892,1.612976,0.656202,-1.444594,1.618919,0.351342,-1.479147,1.590090,0.037103,-1.532925,1.604339,0.841001,-1.639896,1.644046,1.089930,-1.712222,1.627245,0.921239,-1.734080,1.700556,0.753599,-1.361548,1.631129,1.053032,-1.328827,1.646901,0.872303,-1.321661,1.730297,0.708305
-1.533524,1.623745,0.786693,-1.647090,1.643724,0.653640,-1.691432,1.749282,0.369716,-1.723245,1.606249,0.088379,-1.414835,1.623327,0.655548,-1.443971,1.624148,0.350691,-1.479246,1.590360,0.037061,-1.532001,1.617184,0.840283,-1.638227,1.657552,1.089425,-1.711456,1.641765,0.921024,-1.732428,1.717645,0.754431,-1.360059,1.642324,1.052081,-1.326989,1.659888,0.871587,-1.320939,1.747219,0.709556
-1.532614,1.636722,0.785613,-1.645778,1.658151,0.652553,-1.686674,1.768193,0.369810,-1.724765,1.655234,0.075754,-1.413799,1.634376,0.654628,-1.443275,1.629702,0.349851,-1.479116,1.590414,0.036969,-1.531169,1.630210,0.839206,-1.636694,1.671274,1.088531,-1.710631,1.656392,0.920356,-1.730822,1.733925,0.754433,-1.358722,1.653690,1.050809,-1.325315,1.673106,0.870575,-1.320441,1.763741,0.710296
-1.531760,1.649765,0.784420,-1.644464,1.672558,0.651290,-1.681813,1.786382,0.369544,-1.724645,1.705084,0.065756,-1.412796,1.645525,0.653649,-1.442662,1.635310,0.349058,-1.479116,1.590491,0.037040,-1.530405,1.643294,0.838015,-1.635252,1.685039,1.087513,-1.709791,1.671082,0.919524,-1.729216,1.749922,0.754127,-1.357491,1.665117,1.049442,-1.323719,1.686442,0.869501,-1.319966,1.780078,0.710900
-1.531017,1.662940,0.783001,-1.643166,1.686932,0.649670,-1.676884,1.803222,0.368449,-1.722932,1.755000,0.058080,-1.411834,1.656873,0.652545,-1.442076,1.641006,0.348243,-1.479121,1.590552,0.037210,-1.529782,1.656495,0.836595,-1.633993,1.698900,1.086248,-1.708936,1.685893,0.918363,-1.727671,1.765366,0.753186,-1.356454,1.676677,1.047878,-1.322293,1.700033,0.868273,-1.319569,1.796122,0.711114
-1.530362,1.676277,0.781323,-1.641791,1.701550,0.647636,-1.672750,1.818780,0.366454,-1.719772,1.804182,0.052792,-1.410896,1.668129,0.651289,-1.441460,1.646676,0.347375,-1.479091,1.590675,0.037420,-1.529280,1.669853,0.834914,-1.632802,1.713063,1.084716,-1.708059,1.700959,0.916904,-1.726177,1.780726,0.751793,-1.355522,1.688373,1.046034,-1.320958,1.713871,0.866809,-1.319048,1.811793,0.710772
-1.529750,1.689695,0.779515,-1.640367,1.716285,0.645397,-1.669001,1.833746,0.364021,-1.713812,1.852830,0.050239,-1.409995,1.679338,0.649966,-1.440939,1.652359,0.346542,-1.479246,1.590895,0.037769,-1.528838,1.683291,0.833102,-1.631640,1.727370,1.083049,-1.707162,1.716147,0.915296,-1.724698,1.796040,0.750174,-1.354652,1.700132,1.044051,-1.319651,1.727818,0.865248,-1.318408,1.827252,0.710169
-1.529130,1.703414,0.777276,-1.638549,1.731565,0.642397,-1.667244,1.846424,0.359923,-1.707215,1.898259,0.049178,-1.408914,1.690401,0.648467,-1.440135,1.657901,0.345627,-1.479111,1.591058,0.038121,-1.528471,1.696988,0.830849,-1.630489,1.742129,1.080927,-1.706280,1.731648,0.913249,-1.723037,1.811394,0.747965,-1.353838,1.712168,1.041598,-1.318522,1.741904,0.863199,-1.317474,1.842134,0.708637
-1.528480,1.717296,0.774884,-1.636562,1.747443,0.639357,-1.664382,1.863158,0.357119,-1.698089,1.941306,0.051168,-1.407827,1.701559,0.646876,-1.439419,1.663522,0.344733,-1.479182,1.591308,0.038611,-1.528092,1.710840,0.828440,-1.629363,1.757023,1.078633,-1.705404,1.747251,0.911027,-1.721333,1.826818,0.745567,-1.353069,1.724344,1.039022,-1.317409,1.755914,0.861016,-1.316383,1.856796,0.706885
-1.527771,1.731507,0.772190,-1.634233,1.764525,0.636235,-1.659032,1.887796,0.356922,-1.688222,1.980708,0.054657,-1.406676,1.712911,0.645088,-1.438650,1.669242,0.343758,-1.479252,1.591582,0.039153,-1.527692,1.724997,0.825723,-1.628298,1.772204,1.075993,-1.704558,1.763065,0.908453,-1.719567,1.842396,0.742787,-1.352372,1.736815,1.036196,-1.316365,1.769800,0.858525,-1.315104,1.871055,0.704643
-1.527082,1.745985,0.769465,-1.632231,1.781819,0.633402,-1.653085,1.912363,0.357103,-1.677737,2.015715,0.057844,-1.405947,1.724582,0.642961,-1.438050,1.675113,0.342551,-1.479239,1.591777,0.039602,-1.527228,1.739429,0.822981,-1.627177,1.787827,1.073287,-1.703654,1.779279,0.905817,-1.717654,1.858372,0.739942,-1.351664,1.749527,1.033368,-1.315306,1.783411,0.855944,-1.313448,1.884946,0.702254
-1.526405,1.760598,0.766723,-1.630364,1.799206,0.630723,-1.646696,1.936793,0.357583,-1.666763,2.048400,0.060973,-1.405459,1.736421,0.640668,-1.437684,1.681079,0.341303,-1.479448,1.591980,0.040156,-1.526733,1.754000,0.820225,-1.626017,1.803666,1.070548,-1.702709,1.795691,0.903150,-1.715662,1.874537,0.737067,-1.350958,1.762355,1.030538,-1.314243,1.796881,0.853316,-1.311611,1.898649,0.699793
-1.525929,1.775541,0.763908,-1.628675,1.816624,0.627840,-1.640609,1.957960,0.356436,-1.656259,2.073915,0.061249,-1.405259,1.748502,0.638308,-1.437198,1.687240,0.340070,-1.479192,1.592154,0.040857,-1.526446,1.768919,0.817398,-1.625032,1.820003,1.067713,-1.701936,1.812439,0.900394,-1.713646,1.890977,0.734078,-1.350508,1.775339,1.027654,-1.313443,1.809854,0.850503,-1.309572,1.911606,0.697004
-1.525481,1.790534,0.761309,-1.627207,1.833835,0.625272,-1.635024,1.977995,0.355235,-1.646676,2.097191,0.061170,-1.405337,1.760613,0.636000,-1.436941,1.693467,0.338994,-1.479107,1.592422,0.041822,-1.526135,1.783944,0.814798,-1.624036,1.836557,1.065066,-1.701104,1.829367,0.897808,-1.711680,1.907473,0.731218,-1.350096,1.788431,1.025030,-1.312648,1.822676,0.847907,-1.307486,1.924319,0.694381
-1.525091,1.805626,0.759146,-1.626249,1.850674,0.623312,-1.630722,1.995840,0.353749,-1.639431,2.116089,0.060010,-1.405897,1.772783,0.633789,-1.436796,1.699742,0.338100,-1.478738,1.592682,0.043043,-1.525770,1.799176,0.812657,-1.623034,1.853564,1.062795,-1.700169,1.846660,0.895556,-1.709821,1.924107,0.728609,-1.349743,1.801750,1.022931,-1.311856,1.835198,0.845749,-1.305302,1.936549,0.692086
-1.524642,1.821193,0.757323,-1.625373,1.867749,0.621676,-1.627041,2.012237,0.351712,-1.633547,2.131661,0.057577,-1.406543,1.785507,0.631842,-1.436671,1.706392,0.337634,-1.478330,1.593055,0.044892,-1.525335,1.814887,0.810860,-1.622181,1.870904,1.060803,-1.699041,1.864328,0.893423,-1.707804,1.940846,0.726006,-1.349597,1.815165,1.021381,-1.311255,1.847444,0.844079,-1.303186,1.948232,0.690117
-1.524164,1.836997,0.755670,-1.624530,1.884942,0.620201,-1.623717,2.027889,0.349400,-1.628454,2.145544,0.054517,-1.407260,1.798522,0.630037,-1.436680,1.713232,0.337479,-1.478117,1.593490,0.047253,-1.524864,1.830838,0.809236,-1.621393,1.888421,1.058947,-1.697806,1.882178,0.891349,-1.705713,1.957618,0.723409,-1.349578,1.828648,1.020108,-1.310794,1.859563,0.842658,-1.301159,1.959633,0.688316
-1.523276,1.853724,0.754542,-1.623826,1.903061,0.619565,-1.620789,2.041567,0.346463,-1.624291,2.154289,0.049635,-1.407966,1.813183,0.628050,-1.434982,1.727947,0.335235,-1.477626,1.594501,0.051309,-1.523893,1.847652,0.808143,-1.620524,1.906555,1.057510,-1.695936,1.900791,0.889441,-1.703115,1.974532,0.720715,-1.349642,1.842007,1.019777,-1.310239,1.871127,0.842161,-1.298854,1.970111,0.687234
-1.522205,1.870619,0.753831,-1.623650,1.921640,0.619995,-1.618231,2.055108,0.344412,-1.620532,2.162281,0.045498,-1.409233,1.828343,0.625728,-1.433244,1.744477,0.332244,-1.477165,1.595956,0.056200,-1.522565,1.864566,0.807473,-1.619456,1.924898,1.056402,-1.693720,1.919632,0.887805,-1.700105,1.991519,0.718246,-1.349637,1.855289,1.020033,-1.309576,1.882516,0.842266,-1.296328,1.980234,0.686683
-1.520768,1.887853,0.753955,-1.624505,1.941156,0.622597,-1.616373,2.068304,0.344087,-1.617513,2.168567,0.042774,-1.411614,1.844519,0.622778,-1.431362,1.764691,0.327840,-1.476777,1.598334,0.062536,-1.520525,1.881678,0.807641,-1.617983,1.943683,1.055941,-1.690812,1.938955,0.886702,-1.696255,2.008675,0.716201,-1.349432,1.868424,1.021441,-1.308610,1.893548,0.843539,-1.293262,1.989640,0.687142
-1.519217,1.905242,0.754383,-1.625299,1.960877,0.625718,-1.615112,2.081107,0.344232,-1.615551,2.173834,0.040589,-1.414085,1.861065,0.620047,-1.429175,1.787127,0.323289,-1.476667,1.602245,0.070966,-1.518345,1.898979,0.808100,-1.616639,1.962621,1.055661,-1.687914,1.958705,0.885740,-1.692264,2.025850,0.714174,-1.349561,1.881354,1.023377,-1.308210,1.904193,0.845289,-1.290396,1.998226,0.687900
-1.517610,1.922708,0.754964,-1.626004,1.980721,0.629144,-1.614372,2.093584,0.344706,-1.614607,2.178311,0.038876,-1.416641,1.877851,0.617501,-1.426757,1.810557,0.318938,-1.476788,1.607383,0.081612,-1.516094,1.916374,0.808693,-1.615342,1.981748,1.055426,-1.684996,1.978675,0.884820,-1.688264,2.042970,0.712137,-1.349922,1.894334,1.025551,-1.308218,1.914749,0.847249,-1.287835,2.006408,0.688767
-1.515410,1.939428,0.755947,-1.625476,1.998878,0.632074,-1.613544,2.104428,0.344877,-1.614272,2.181104,0.037018,-1.416866,1.895309,0.616318,-1.422293,1.837262,0.315700,-1.477508,1.616825,0.095253,-1.513599,1.932907,0.809660,-1.614292,1.999969,1.055351,-1.682259,1.998514,0.884052,-1.684650,2.059490,0.710153,-1.350335,1.907334,1.028273,-1.309132,1.924187,0.849473,-1.285934,2.012893,0.689690
-1.513290,1.955864,0.757169,-1.624853,2.016973,0.635294,-1.612103,2.116095,0.345869,-1.614186,2.183196,0.035817,-1.416923,1.912986,0.615489,-1.416860,1.865243,0.313016,-1.478139,1.629137,0.110800,-1.511243,1.949045,0.810844,-1.613200,2.018031,1.055477,-1.679606,2.018190,0.883569,-1.681038,2.076131,0.708617,-1.350865,1.920148,1.031121,-1.310419,1.933482,0.851840,-1.284412,2.019093,0.690801
-1.511330,1.971733,0.758872,-1.624079,2.034926,0.639037,-1.609077,2.129528,0.348226,-1.613863,2.184057,0.035647,-1.416615,1.931054,0.615301,-1.409597,1.895866,0.311198,-1.478105,1.645963,0.128348,-1.509169,1.964386,0.812470,-1.612041,2.035606,1.056075,-1.677177,2.037528,0.883702,-1.677273,2.093041,0.707942,-1.351537,1.932357,1.034247,-1.312228,1.942318,0.854480,-1.283319,2.024723,0.692272
-1.509656,1.986980,0.760911,-1.623041,2.052378,0.642695,-1.607288,2.140044,0.349774,-1.613478,2.184430,0.035547,-1.416398,1.947880,0.615835,-1.401381,1.927426,0.310668,-1.476626,1.666543,0.146362,-1.507437,1.979205,0.814439,-1.610679,2.052875,1.057152,-1.674737,2.056688,0.884417,-1.672544,2.110734,0.708201,-1.352215,1.944200,1.037430,-1.313891,1.951273,0.857302,-1.282412,2.030569,0.694047
-1.508125,2.001917,0.763118,-1.621854,2.069581,0.646335,-1.606348,2.149095,0.351096,-1.613528,2.184597,0.035710,-1.416192,1.964089,0.616799,-1.392247,1.959135,0.311541,-1.474192,1.689258,0.165736,-1.505880,1.993764,0.816577,-1.609172,2.070015,1.058466,-1.672228,2.075755,0.885428,-1.667296,2.128729,0.708929,-1.352918,1.955900,1.040636,-1.315547,1.960336,0.860213,-1.281744,2.036522,0.695975
-1.506397,2.015691,0.765349,-1.619616,2.085647,0.649251,-1.605713,2.155624,0.351538,-1.613218,2.184587,0.035458,-1.415413,1.977869,0.618443,-1.380644,1.987660,0.314336,-1.471745,1.714394,0.180657,-1.504223,2.007384,0.818778,-1.606791,2.086570,1.060027,-1.669315,2.094461,0.886890,-1.660642,2.147425,0.710536,-1.353120,1.966619,1.043577,-1.316157,1.969059,0.863029,-1.280826,2.042456,0.697858
-1.504478,2.029222,0.767547,-1.617000,2.101179,0.651856,-1.605016,2.162149,0.352091,-1.613393,2.184651,0.035479,-1.414059,1.991303,0.620400,-1.367848,2.014089,0.318519,-1.469849,1.740223,0.194251,-1.502442,2.020815,0.820956,-1.604161,2.102963,1.061570,-1.666239,2.112964,0.888390,-1.653852,2.165990,0.712283,-1.353214,1.977235,1.046469,-1.316653,1.977713,0.865824,-1.280085,2.048529,0.699805
-1.502181,2.042265,0.769676,-1.613683,2.115653,0.653794,-1.603647,2.168621,0.352443,-1.613409,2.184677,0.035455,-1.411620,2.004043,0.622835,-1.353681,2.037291,0.323980,-1.468610,1.767121,0.202953,-1.500410,2.033864,0.823091,-1.601139,2.118967,1.063090,-1.662986,2.131069,0.889968,-1.646886,2.184555,0.714316,-1.353056,1.987533,1.049278,-1.316786,1.986126,0.868584,-1.279390,2.054868,0.701876
-1.499443,2.055038,0.771665,-1.610086,2.128875,0.655179,-1.601716,2.175501,0.352730,-1.613488,2.184754,0.035524,-1.407960,2.016993,0.625518,-1.341296,2.060350,0.329815,-1.466348,1.795745,0.206613,-1.498024,2.046695,0.825098,-1.598154,2.134268,1.064456,-1.659701,2.148415,0.891383,-1.640385,2.202805,0.716351,-1.352662,1.997914,1.052045,-1.316813,1.994285,0.871300,-1.278524,2.061413,0.704128
-1.496483,2.067675,0.773584,-1.606353,2.141472,0.656293,-1.599450,2.182562,0.353006,-1.613488,2.184806,0.035757,-1.403697,2.030041,0.628346,-1.329848,2.083446,0.336035,-1.463216,1.825367,0.207986,-1.495461,2.059416,0.827039,-1.595180,2.149198,1.065746,-1.656361,2.165381,0.892723,-1.634044,2.220899,0.718422,-1.352175,2.008335,1.054785,-1.316847,2.002348,0.874001,-1.277636,2.068109,0.706488
-1.493152,2.080155,0.775016,-1.602508,2.153530,0.656941,-1.596963,2.189680,0.352997,-1.613356,2.184803,0.035892,-1.398686,2.043759,0.630675,-1.321124,2.105337,0.340964,-1.458378,1.855447,0.201446,-1.492615,2.071772,0.828459,-1.592483,2.163007,1.066551,-1.653018,2.181081,0.893485,-1.628421,2.238324,0.720055,-1.351363,2.018830,1.057032,-1.316550,2.010274,0.876250,-1.276203,2.074828,0.708529
-1.489727,2.092508,0.776145,-1.598674,2.165448,0.657397,-1.594478,2.196747,0.352894,-1.613249,2.184798,0.036118,-1.393700,2.057395,0.632651,-1.313125,2.127307,0.345681,-1.452257,1.886352,0.193082,-1.489635,2.083994,0.829568,-1.589715,2.176502,1.067077,-1.649427,2.196533,0.893936,-1.622652,2.255568,0.721433,-1.350330,2.029374,1.058926,-1.316068,2.018281,0.878172,-1.274552,2.081578,0.710255
-1.486112,2.104606,0.776664,-1.594874,2.177085,0.657453,-1.592043,2.203745,0.352494,-1.613274,2.184840,0.036230,-1.388748,2.070875,0.633877,-1.306538,2.149418,0.349624,-1.443933,1.918644,0.180724,-1.486388,2.095944,0.830062,-1.586860,2.189413,1.067024,-1.645426,2.211493,0.893738,-1.616705,2.272466,0.722219,-1.348833,2.040029,1.060149,-1.315105,2.026389,0.879463,-1.272323,2.088304,0.711354
-1.482314,2.116385,0.776625,-1.591078,2.188320,0.657087,-1.589608,2.210426,0.351753,-1.613204,2.184839,0.036155,-1.384025,2.083622,0.634401,-1.299121,2.169031,0.352941,-1.433828,1.951464,0.165495,-1.482822,2.107698,0.830014,-1.583611,2.202051,1.066488,-1.640961,2.226132,0.893058,-1.610306,2.289006,0.722563,-1.346752,2.050771,1.060726,-1.313548,2.034683,0.880138,-1.269606,2.095155,0.711802
-1.478425,2.128004,0.776307,-1.587286,2.199351,0.656511,-1.587169,2.216944,0.350881,-1.613070,2.184819,0.036098,-1.379416,2.095998,0.634578,-1.291287,2.187387,0.356008,-1.422148,1.985276,0.149614,-1.479095,2.119354,0.829697,-1.580168,2.214558,1.065706,-1.636254,2.240604,0.892143,-1.603663,2.305346,0.722712,-1.344386,2.061567,1.060985,-1.311710,2.043079,0.880524,-1.266652,2.102064,0.711949
-1.474096,2.139382,0.775592,-1.583215,2.210254,0.655763,-1.585172,2.222346,0.349872,-1.613006,2.184849,0.035886,-1.374953,2.107496,0.634109,-1.281980,2.202274,0.358260,-1.407640,2.020083,0.131175,-1.474778,2.130865,0.829000,-1.576027,2.226769,1.064649,-1.631060,2.254518,0.891011,-1.596594,2.320899,0.722592,-1.341112,2.072426,1.060724,-1.308974,2.051806,0.880393,-1.263142,2.109000,0.711404
-1.469659,2.150631,0.774779,-1.579011,2.221087,0.654940,-1.583089,2.227723,0.348903,-1.612931,2.184885,0.035826,-1.370442,2.118762,0.633516,-1.272726,2.216218,0.360250,-1.391015,2.055827,0.113637,-1.470346,2.142243,0.828205,-1.571656,2.238874,1.063529,-1.625722,2.268168,0.889839,-1.589487,2.336064,0.722402,-1.337599,2.083216,1.060306,-1.306033,2.060631,0.880104,-1.259576,2.115869,0.710631
-1.465006,2.161622,0.773773,-1.574541,2.231779,0.653953,-1.580833,2.233059,0.347885,-1.612840,2.184928,0.035839,-1.365832,2.129574,0.632661,-1.263580,2.228353,0.361531,-1.371600,2.092140,0.096378,-1.465683,2.153353,0.827215,-1.566824,2.250763,1.062291,-1.620120,2.281300,0.888574,-1.582342,2.350495,0.722017,-1.333599,2.093850,1.059571,-1.302646,2.069628,0.879472,-1.255870,2.122606,0.709361
-1.460041,2.172449,0.772673,-1.569751,2.242179,0.652802,-1.578418,2.238272,0.346814,-1.612787,2.184907,0.035924,-1.360835,2.140238,0.631714,-1.255239,2.239546,0.362047,-1.350233,2.128638,0.080569,-1.460727,2.164276,0.826128,-1.561698,2.262275,1.061033,-1.614286,2.293947,0.887302,-1.575321,2.364110,0.721428,-1.329148,2.104357,1.058663,-1.298836,2.078832,0.878633,-1.252020,2.129277,0.707766
-1.454920,2.183193,0.771525,-1.564801,2.252434,0.651573,-1.575917,2.243423,0.345772,-1.612738,2.184864,0.036158,-1.355643,2.150827,0.630720,-1.247275,2.250310,0.362197,-1.326620,2.165242,0.067133,-1.455626,2.175105,0.824994,-1.556425,2.273599,1.059766,-1.608333,2.306350,0.886030,-1.568356,2.377315,0.720739,-1.324473,2.114800,1.057670,-1.294817,2.088140,0.877692,-1.248124,2.135914,0.706031
-1.449152,2.193705,0.770102,-1.559450,2.262128,0.650116,-1.573405,2.247969,0.344626,-1.612658,2.184815,0.036274,-1.349884,2.161265,0.629317,-1.241377,2.260803,0.360844,-1.301852,2.201381,0.055106,-1.449841,2.185726,0.823585,-1.550821,2.284478,1.058171,-1.602052,2.318147,0.884412,-1.561665,2.389267,0.719289,-1.319119,2.125313,1.056476,-1.290096,2.097885,0.876509,-1.243803,2.143062,0.704061
-1.443161,2.204172,0.768553,-1.554001,2.271697,0.648622,-1.570967,2.252246,0.343576,-1.612567,2.184776,0.036508,-1.343976,2.171728,0.627711,-1.235899,2.271408,0.359090,-1.275576,2.236938,0.046112,-1.443804,2.196300,0.822050,-1.545014,2.295249,1.056456,-1.595642,2.329772,0.882690,-1.554944,2.400939,0.717663,-1.313505,2.135799,1.055157,-1.285137,2.107638,0.875196,-1.239271,2.150488,0.702067
-1.436721,2.214547,0.766753,-1.548358,2.281016,0.647049,-1.568680,2.255984,0.342615,-1.612476,2.184737,0.036763,-1.337771,2.182240,0.625698,-1.231325,2.282173,0.356499,-1.248770,2.271477,0.039743,-1.437263,2.206783,0.820264,-1.538797,2.305806,1.054500,-1.588981,2.341059,0.880755,-1.548168,2.412054,0.715679,-1.307373,2.146231,1.053586,-1.279699,2.117407,0.873621,-1.234275,2.158476,0.699971
-1.429831,2.224973,0.764649,-1.542449,2.290323,0.645338,-1.566450,2.259373,0.341716,-1.612369,2.184714,0.037044,-1.331309,2.192799,0.623250,-1.226942,2.292886,0.353286,-1.221611,2.304141,0.036074,-1.430210,2.217338,0.818175,-1.532129,2.316292,1.052273,-1.582125,2.352095,0.878591,-1.541331,2.422630,0.713307,-1.300799,2.156582,1.051712,-1.273846,2.127131,0.871738,-1.228773,2.167141,0.697764
-1.422716,2.235425,0.762392,-1.536399,2.299622,0.643570,-1.564199,2.262581,0.340955,-1.612167,2.184680,0.037464,-1.324720,2.203380,0.620586,-1.222666,2.303557,0.349771,-1.194722,2.336003,0.035184,-1.422901,2.227929,0.815933,-1.525239,2.326746,1.049907,-1.575174,2.363005,0.876307,-1.534478,2.432938,0.710737,-1.294004,2.166898,1.049686,-1.267785,2.136839,0.869702,-1.223016,2.176149,0.695500
-1.415080,2.245971,0.759821,-1.529885,2.308767,0.641448,-1.561845,2.265641,0.340052,-1.612056,2.184678,0.037775,-1.317523,2.214168,0.617601,-1.218461,2.313433,0.345346,-1.169720,2.364690,0.035804,-1.415084,2.238607,0.813376,-1.517782,2.337213,1.047280,-1.568067,2.373485,0.873789,-1.527645,2.442592,0.707802,-1.286597,2.177294,1.047283,-1.261103,2.146720,0.867281,-1.216511,2.186191,0.693065
-1.407231,2.256562,0.757115,-1.523256,2.317875,0.639284,-1.559235,2.268986,0.339221,-1.611848,2.184674,0.038326,-1.310019,2.225382,0.614517,-1.212436,2.324718,0.341761,-1.146272,2.392125,0.038597,-1.407039,2.249302,0.810679,-1.510103,2.347627,1.044539,-1.560806,2.383792,0.871152,-1.520776,2.452022,0.704706,-1.278923,2.187703,1.044717,-1.254135,2.156660,0.864695,-1.209722,2.196415,0.690491
-1.398955,2.267239,0.754141,-1.516403,2.326908,0.637008,-1.556198,2.272905,0.338303,-1.611584,2.184693,0.039094,-1.301907,2.237456,0.611238,-1.202805,2.338899,0.339821,-1.125014,2.417143,0.042072,-1.398539,2.260032,0.807702,-1.501973,2.357934,1.041575,-1.553234,2.393756,0.868284,-1.513818,2.461005,0.701294,-1.270710,2.198134,1.041822,-1.246594,2.166713,0.861773,-1.202369,2.207001,0.687631
-1.390214,2.277966,0.750920,-1.509137,2.335939,0.634570,-1.552807,2.277249,0.337289,-1.611378,2.184829,0.040032,-1.293187,2.250096,0.607787,-1.190870,2.354962,0.338894,-1.105939,2.440002,0.044998,-1.389586,2.270752,0.804470,-1.493551,2.368190,1.038300,-1.545429,2.403509,0.865095,-1.506868,2.469717,0.697488,-1.262024,2.208775,1.038718,-1.238618,2.177072,0.858621,-1.194525,2.217949,0.684572
-1.381240,2.288718,0.747578,-1.501644,2.344954,0.632056,-1.549130,2.281746,0.336283,-1.610992,2.184930,0.041172,-1.284187,2.263018,0.604266,-1.177882,2.371960,0.338577,-1.088006,2.461769,0.047608,-1.380406,2.281470,0.801109,-1.484977,2.378423,1.034870,-1.537504,2.413154,0.861745,-1.499924,2.478284,0.693491,-1.253096,2.219528,1.035508,-1.230422,2.187586,0.855357,-1.186429,2.229071,0.681416
-1.371556,2.299412,0.744396,-1.493403,2.353800,0.629655,-1.545095,2.286297,0.335535,-1.610744,2.185149,0.042750,-1.274715,2.275355,0.600773,-1.166867,2.386569,0.336655,-1.074955,2.478957,0.047156,-1.370480,2.292207,0.797920,-1.475663,2.388622,1.031628,-1.528957,2.422489,0.858570,-1.492817,2.486451,0.689554,-1.243194,2.230591,1.032421,-1.221281,2.198601,0.852181,-1.177531,2.240694,0.678321
-1.361837,2.310017,0.741639,-1.484750,2.362494,0.627286,-1.540687,2.290806,0.334930,-1.610283,2.185340,0.044626,-1.265056,2.286899,0.597896,-1.156807,2.399440,0.334503,-1.064155,2.493282,0.045716,-1.360576,2.302966,0.795175,-1.466293,2.398897,1.028842,-1.520342,2.431824,0.855839,-1.485743,2.494581,0.686048,-1.233166,2.241843,1.029740,-1.211959,2.209922,0.849400,-1.168534,2.252562,0.675591
-1.352047,2.320445,0.739730,-1.475320,2.370911,0.624968,-1.535794,2.295360,0.334490,-1.609886,2.185695,0.046877,-1.254980,2.296864,0.596241,-1.148532,2.408795,0.331843,-1.057632,2.501786,0.042201,-1.350719,2.313763,0.793321,-1.456807,2.409318,1.026973,-1.511590,2.441175,0.854004,-1.478731,2.502659,0.683399,-1.222885,2.253450,1.027866,-1.202287,2.221847,0.847397,-1.159367,2.264928,0.673572
-1.342149,2.330847,0.738876,-1.464591,2.379546,0.622483,-1.528764,2.302672,0.333148,-1.609352,2.186251,0.050013,-1.243963,2.305463,0.596368,-1.141256,2.415752,0.329780,-1.054338,2.506525,0.038155,-1.341000,2.324676,0.792558,-1.447087,2.419825,1.026377,-1.502658,2.450452,0.853438,-1.471752,2.510665,0.682013,-1.212341,2.265200,1.026863,-1.192235,2.234154,0.846241,-1.149988,2.277669,0.672366
-1.332196,2.341236,0.738550,-1.453196,2.388262,0.619942,-1.520647,2.311379,0.331359,-1.608593,2.187071,0.053882,-1.232489,2.313390,0.597438,-1.134501,2.421381,0.328104,-1.052726,2.509106,0.034059,-1.331350,2.335652,0.792331,-1.437213,2.430415,1.026408,-1.493607,2.459714,0.853508,-1.464771,2.518622,0.681268,-1.201646,2.277042,1.026275,-1.182001,2.246651,0.845490,-1.140532,2.290574,0.671540
-1.321486,2.351857,0.738958,-1.440416,2.397758,0.617741,-1.509975,2.324114,0.328816,-1.607339,2.188646,0.059887,-1.219753,2.321833,0.599586,-1.126589,2.427457,0.327583,-1.049944,2.512000,0.031314,-1.321117,2.346681,0.792812,-1.426680,2.440578,1.027374,-1.483332,2.468411,0.854314,-1.457101,2.525879,0.681172,-1.190454,2.288226,1.026257,-1.170828,2.259090,0.845266,-1.130452,2.303404,0.671152
-1.310927,2.362418,0.739777,-1.427377,2.407503,0.615775,-1.498759,2.337799,0.326320,-1.605651,2.190937,0.067180,-1.206999,2.330040,0.602387,-1.118900,2.433018,0.327660,-1.047629,2.514169,0.029240,-1.311127,2.357604,0.793687,-1.415943,2.450966,1.028799,-1.473045,2.476991,0.855603,-1.449531,2.532864,0.681549,-1.179433,2.299065,1.026525,-1.159585,2.271467,0.845322,-1.120251,2.316137,0.671063
-1.300670,2.372858,0.741418,-1.413841,2.417766,0.614247,-1.486465,2.353401,0.323869,-1.603461,2.194529,0.076380,-1.194211,2.337751,0.606447,-1.111657,2.437753,0.328872,-1.046213,2.515341,0.028274,-1.301626,2.368308,0.795358,-1.404857,2.461717,1.031157,-1.462804,2.485289,0.857882,-1.442244,2.539346,0.682880,-1.168790,2.309157,1.027384,-1.148178,2.283706,0.845961,-1.109719,2.328703,0.671611
-1.290417,2.382899,0.743662,-1.400337,2.428598,0.613827,-1.473031,2.370961,0.322058,-1.600049,2.200197,0.087574,-1.182004,2.345072,0.610807,-1.104889,2.442225,0.330661,-1.045159,2.516463,0.028082,-1.292059,2.378471,0.797601,-1.393462,2.472085,1.034120,-1.452297,2.492913,0.860782,-1.434252,2.545353,0.685005,-1.158132,2.318439,1.028766,-1.136668,2.295137,0.847161,-1.098398,2.341193,0.673071
-1.280168,2.392740,0.746209,-1.386814,2.439686,0.613986,-1.458817,2.389479,0.320678,-1.595500,2.207336,0.100365,-1.170129,2.352186,0.615330,-1.098454,2.446591,0.332820,-1.044445,2.517635,0.028426,-1.282458,2.388370,0.800126,-1.381919,2.482239,1.037379,-1.441691,2.500174,0.864026,-1.426002,2.551103,0.687570,-1.147468,2.327324,1.030402,-1.125089,2.306172,0.848652,-1.086651,2.353654,0.675013
-1.269786,2.402274,0.749365,-1.374104,2.450958,0.615747,-1.443273,2.410315,0.320276,-1.589959,2.218949,0.114301,-1.159182,2.359564,0.619484,-1.092561,2.450835,0.334724,-1.044001,2.518414,0.028605,-1.272449,2.397902,0.803259,-1.370325,2.492023,1.041086,-1.430825,2.507477,0.867736,-1.415986,2.557518,0.690945,-1.136968,2.335529,1.032891,-1.113509,2.316215,0.851078,-1.073920,2.366881,0.678619
-1.259511,2.411592,0.752543,-1.361766,2.461923,0.617777,-1.427008,2.431278,0.320199,-1.583924,2.232405,0.129104,-1.148532,2.367022,0.623451,-1.086895,2.455092,0.336573,-1.043705,2.519157,0.028869,-1.262472,2.407212,0.806415,-1.358817,2.501578,1.044784,-1.420011,2.514920,0.871493,-1.405575,2.564232,0.694459,-1.126454,2.343686,1.035414,-1.101846,2.326080,0.853583,-1.060954,2.380276,0.682508
-1.249448,2.420477,0.755765,-1.350238,2.472321,0.620300,-1.409694,2.452626,0.320560,-1.577977,2.249067,0.144430,-1.138412,2.374650,0.627016,-1.081518,2.459327,0.338146,-1.043413,2.519699,0.028986,-1.252559,2.416069,0.809622,-1.347468,2.510723,1.048462,-1.409240,2.522678,0.875272,-1.394191,2.571535,0.698164,-1.115889,2.351752,1.038016,-1.090038,2.335601,0.856223,-1.047540,2.394032,0.686907
-1.240205,2.428997,0.758573,-1.339526,2.482416,0.622488,-1.390656,2.474009,0.320642,-1.570508,2.268138,0.159084,-1.129047,2.382189,0.630142,-1.076597,2.463463,0.339458,-1.043237,2.520145,0.029009,-1.243461,2.424504,0.812407,-1.336642,2.519529,1.051783,-1.398969,2.530921,0.878755,-1.382583,2.579575,0.701716,-1.105726,2.359690,1.040027,-1.078494,2.344828,0.858324,-1.034143,2.407778,0.691071
-1.231372,2.437335,0.761172,-1.329217,2.492358,0.624547,-1.370630,2.495506,0.321053,-1.562624,2.289740,0.173918,-1.120061,2.389683,0.633052,-1.071920,2.467539,0.340691,-1.043150,2.520531,0.029089,-1.234770,2.432726,0.814981,-1.326079,2.528152,1.054919,-1.388947,2.539393,0.882080,-1.370854,2.587938,0.705187,-1.095764,2.367560,1.041734,-1.067082,2.353909,0.860158,-1.020733,2.421492,0.695222
-1.223969,2.445508,0.763129,-1.320220,2.502572,0.626151,-1.352180,2.514638,0.321697,-1.552641,2.309811,0.184935,-1.112741,2.396742,0.635248,-1.067636,2.471629,0.341639,-1.043037,2.520702,0.028998,-1.227495,2.440704,0.816904,-1.316511,2.536501,1.057548,-1.379749,2.548216,0.884881,-1.359352,2.597198,0.708373,-1.086826,2.375167,1.042537,-1.056351,2.362801,0.861160,-1.008041,2.434426,0.698457
-1.216912,2.453603,0.764979,-1.311602,2.512778,0.627779,-1.335196,2.532742,0.322946,-1.542981,2.329757,0.194671,-1.106000,2.403487,0.637255,-1.063579,2.475584,0.342564,-1.042974,2.520840,0.029024,-1.220518,2.448628,0.818723,-1.307237,2.544680,1.060099,-1.370708,2.556917,0.887556,-1.347994,2.606431,0.711493,-1.078191,2.382627,1.043196,-1.045777,2.371624,0.862067,-0.995513,2.446858,0.701560
-1.210547,2.461543,0.766614,-1.303758,2.522977,0.629387,-1.321374,2.548811,0.324585,-1.533762,2.347756,0.200867,-1.100412,2.409612,0.638879,-1.059919,2.479256,0.343349,-1.042894,2.520869,0.029062,-1.214138,2.456445,0.820339,-1.298545,2.552545,1.062507,-1.361977,2.565405,0.889997,-1.336928,2.615719,0.714486,-1.070158,2.389791,1.043584,-1.035520,2.380303,0.862782,-0.983351,2.458331,0.704203
-1.204355,2.468967,0.768203,-1.296068,2.532689,0.631012,-1.309009,2.564692,0.326563,-1.524536,2.366677,0.203328,-1.095193,2.415051,0.640388,-1.057162,2.481845,0.343897,-1.042771,2.520920,0.029136,-1.207915,2.463772,0.821912,-1.290163,2.559970,1.064775,-1.353189,2.573588,0.892175,-1.325786,2.624885,0.717305,-1.062410,2.396556,1.044025,-1.025382,2.388734,0.863620,-0.971479,2.468666,0.706567
-1.198251,2.476135,0.769768,-1.288430,2.542139,0.632654,-1.297238,2.580406,0.328787,-1.515041,2.385966,0.204011,-1.090182,2.420158,0.641842,-1.054938,2.483973,0.344372,-1.042761,2.521144,0.029276,-1.201770,2.470856,0.823463,-1.281935,2.567169,1.066969,-1.344368,2.581607,0.894220,-1.314600,2.633967,0.720053,-1.054809,2.403119,1.044491,-1.015307,2.397031,0.864546,-0.959739,2.478413,0.708821
-1.192347,2.482427,0.771343,-1.281185,2.550748,0.634522,-1.287136,2.597726,0.331827,-1.503974,2.407380,0.199467,-1.085401,2.424848,0.643119,-1.052865,2.485758,0.344751,-1.042688,2.521176,0.029373,-1.195825,2.477031,0.825024,-1.274065,2.573979,1.068896,-1.335824,2.589263,0.895976,-1.303560,2.642975,0.722662,-1.047652,2.409122,1.045232,-1.005760,2.404971,0.865777,-0.948714,2.486550,0.710697
-1.186560,2.488635,0.772851,-1.274139,2.559109,0.636360,-1.277669,2.614877,0.335143,-1.492303,2.429051,0.193334,-1.080688,2.429639,0.644324,-1.050712,2.487829,0.345161,-1.042718,2.521323,0.029501,-1.189999,2.483124,0.826520,-1.266381,2.580728,1.070713,-1.327552,2.596903,0.897663,-1.292694,2.651968,0.725277,-1.040706,2.415036,1.045962,-0.996536,2.412836,0.867021,-0.938067,2.494376,0.712461
-1.181009,2.494676,0.774228,-1.267543,2.567011,0.638109,-1.269786,2.631861,0.338728,-1.479890,2.451583,0.183837,-1.076073,2.434605,0.645385,-1.048254,2.490324,0.345554,-1.042706,2.521410,0.029586,-1.184408,2.489057,0.827886,-1.259065,2.587375,1.072320,-1.319831,2.604544,0.899221,-1.282185,2.660987,0.727876,-1.034168,2.420779,1.046673,-0.987954,2.420574,0.868239,-0.928221,2.501627,0.713915
-1.175692,2.500615,0.775298,-1.261269,2.574404,0.639426,-1.262989,2.647722,0.342025,-1.466784,2.474545,0.171628,-1.071387,2.439711,0.646289,-1.045781,2.492934,0.345815,-1.042676,2.521536,0.029570,-1.179111,2.494905,0.828943,-1.252267,2.593998,1.073513,-1.312776,2.612285,0.900439,-1.272265,2.670045,0.730195,-1.028184,2.426421,1.047243,-0.980250,2.428003,0.869271,-0.919245,2.508469,0.715147
-1.170492,2.506504,0.776215,-1.255156,2.581541,0.640533,-1.256737,2.662990,0.345277,-1.453106,2.498454,0.158615,-1.066667,2.444887,0.647116,-1.043312,2.495604,0.346031,-1.042657,2.521692,0.029548,-1.173961,2.500711,0.829846,-1.245722,2.600604,1.074500,-1.306044,2.620069,0.901488,-1.262623,2.679082,0.732400,-1.022476,2.432010,1.047741,-0.972979,2.435270,0.870220,-0.910703,2.515094,0.716281
-1.165665,2.512170,0.776830,-1.249570,2.587993,0.641181,-1.251105,2.675518,0.347679,-1.439338,2.523144,0.143231,-1.062102,2.449934,0.647783,-1.040918,2.498266,0.346149,-1.042596,2.521914,0.029472,-1.169213,2.506349,0.830451,-1.239801,2.607172,1.075061,-1.299961,2.628026,0.902156,-1.253967,2.687839,0.734040,-1.017385,2.437527,1.048105,-0.966894,2.441731,0.870883,-0.903382,2.521376,0.717370
-1.160942,2.517857,0.777366,-1.244122,2.594367,0.641716,-1.246035,2.687204,0.349868,-1.425179,2.548427,0.128328,-1.057641,2.454968,0.648395,-1.038594,2.500909,0.346248,-1.042564,2.522119,0.029416,-1.164575,2.512024,0.830978,-1.234087,2.613762,1.075514,-1.294025,2.636064,0.902716,-1.245820,2.696450,0.735428,-1.012539,2.443012,1.048459,-0.961179,2.447931,0.871504,-0.896518,2.527532,0.718458
-1.156428,2.523586,0.777745,-1.238954,2.600587,0.642014,-1.242104,2.697286,0.351449,-1.410828,2.573803,0.113291,-1.053382,2.459977,0.648896,-1.036386,2.503499,0.346272,-1.042545,2.522259,0.029319,-1.160156,2.517774,0.831351,-1.228791,2.620413,1.075756,-1.288404,2.644279,0.903057,-1.238724,2.704882,0.736270,-1.008185,2.448441,1.048798,-0.956211,2.453626,0.872029,-0.890571,2.533465,0.719526
-1.152179,2.529348,0.778086,-1.234202,2.606675,0.642261,-1.238564,2.705842,0.352555,-1.396657,2.599332,0.099336,-1.049445,2.464992,0.649337,-1.034342,2.506076,0.346275,-1.042514,2.522381,0.029232,-1.155973,2.523591,0.831692,-1.223884,2.627031,1.075961,-1.282990,2.652334,0.903294,-1.232523,2.712907,0.736742,-1.004230,2.453824,1.049173,-0.951864,2.458954,0.872518,-0.885560,2.539144,0.720477
-1.148061,2.535127,0.778408,-1.229657,2.612696,0.642481,-1.235217,2.713642,0.353419,-1.382198,2.625313,0.086806,-1.045672,2.470010,0.649750,-1.032390,2.508654,0.346285,-1.042495,2.522508,0.029182,-1.151907,2.529441,0.832018,-1.219171,2.633630,1.076147,-1.277669,2.660303,0.903481,-1.226764,2.720738,0.737034,-1.000475,2.459187,1.049566,-0.947830,2.464100,0.872989,-0.881017,2.544696,0.721371
-1.144330,2.540853,0.778820,-1.225641,2.618647,0.642846,-1.232027,2.719856,0.353892,-1.368808,2.650123,0.076455,-1.042405,2.474996,0.650154,-1.030658,2.511152,0.346325,-1.042423,2.522506,0.029182,-1.148211,2.535233,0.832435,-1.214913,2.640152,1.076405,-1.272867,2.667638,0.903684,-1.222114,2.727924,0.737138,-0.997310,2.464301,1.050129,-0.944723,2.468584,0.873521,-0.877763,2.549261,0.722001
-1.140721,2.546557,0.779176,-1.221720,2.624590,0.643145,-1.228935,2.725899,0.354245,-1.355303,2.674226,0.067979,-1.039263,2.479945,0.650516,-1.028997,2.513650,0.346355,-1.042371,2.522547,0.029201,-1.144644,2.541003,0.832796,-1.210824,2.646619,1.076608,-1.268191,2.674817,0.903804,-1.217653,2.734875,0.737108,-0.994371,2.469304,1.050668,-0.941920,2.472924,0.874007,-0.874929,2.553524,0.722456
-1.137354,2.552218,0.779422,-1.217989,2.630516,0.643314,-1.226047,2.731595,0.354353,-1.342558,2.696362,0.061439,-1.036370,2.484821,0.650788,-1.027456,2.516135,0.346334,-1.042321,2.522648,0.029193,-1.141338,2.546726,0.833046,-1.207078,2.652981,1.076699,-1.263783,2.681693,0.903760,-1.213590,2.741361,0.736809,-0.991883,2.474081,1.051158,-0.939719,2.476972,0.874404,-0.872928,2.557188,0.722559
-1.134299,2.557810,0.779606,-1.214496,2.636330,0.643351,-1.223326,2.737074,0.354294,-1.330896,2.716094,0.056601,-1.033687,2.489639,0.651079,-1.026022,2.518557,0.346358,-1.042255,2.522682,0.029250,-1.138379,2.552380,0.833230,-1.203714,2.659221,1.076736,-1.259687,2.688335,0.903626,-1.209643,2.747286,0.736369,-0.989925,2.478579,1.051625,-0.938183,2.480781,0.874742,-0.871826,2.560225,0.722303
-1.131399,2.563367,0.779758,-1.211124,2.642085,0.643323,-1.220689,2.742449,0.354154,-1.319647,2.734568,0.052838,-1.031111,2.494429,0.651379,-1.024653,2.520956,0.346417,-1.042203,2.522699,0.029364,-1.135594,2.558000,0.833380,-1.200539,2.665398,1.076745,-1.255744,2.694853,0.903448,-1.205759,2.752930,0.735862,-0.988239,2.482943,1.052080,-0.936990,2.484484,0.875051,-0.871189,2.562964,0.721877
-1.128981,2.568892,0.779826,-1.208196,2.647915,0.643248,-1.218369,2.747779,0.353922,-1.310897,2.750000,0.050459,-1.029045,2.499224,0.651561,-1.023552,2.523413,0.346390,-1.042199,2.522831,0.029402,-1.133296,2.563556,0.833442,-1.197971,2.671366,1.076697,-1.252370,2.701178,0.903208,-1.202201,2.757999,0.735247,-0.987109,2.487189,1.052450,-0.936648,2.487830,0.875194,-0.871564,2.564833,0.720969
-1.126702,2.574424,0.779875,-1.205399,2.653812,0.643190,-1.215993,2.753197,0.353707,-1.302768,2.764179,0.048722,-1.027158,2.504039,0.651694,-1.022550,2.525871,0.346335,-1.042220,2.522958,0.029430,-1.131137,2.569110,0.833486,-1.195601,2.677281,1.076636,-1.249175,2.707427,0.902952,-1.198763,2.762912,0.734619,-0.986194,2.491386,1.052819,-0.936619,2.491089,0.875317,-0.872278,2.566505,0.720003
-1.124702,2.579969,0.779889,-1.202864,2.659848,0.643164,-1.213506,2.758782,0.353520,-1.296266,2.775983,0.047691,-1.025621,2.508892,0.651729,-1.021723,2.528318,0.346202,-1.042246,2.523038,0.029391,-1.129253,2.574656,0.833492,-1.193629,2.683090,1.076548,-1.246348,2.713534,0.902659,-1.195557,2.767513,0.733954,-0.985699,2.495479,1.053190,-0.937198,2.494150,0.875399,-0.873639,2.567762,0.718903
-1.122996,2.585562,0.779858,-1.200557,2.665881,0.643033,-1.210875,2.764380,0.353214,-1.291171,2.785843,0.046975,-1.024332,2.513744,0.651790,-1.021007,2.530745,0.346116,-1.042236,2.523079,0.029410,-1.127676,2.580269,0.833454,-1.192024,2.688908,1.076426,-1.243914,2.719517,0.902321,-1.192789,2.772015,0.733252,-0.985594,2.499579,1.053527,-0.938316,2.497095,0.875421,-0.875503,2.568701,0.717703
-1.121439,2.591180,0.779805,-1.198363,2.671912,0.642850,-1.208167,2.769987,0.352852,-1.286731,2.794723,0.046384,-1.023171,2.518596,0.651866,-1.020363,2.533168,0.346066,-1.042238,2.523116,0.029480,-1.126252,2.585916,0.833393,-1.190603,2.694731,1.076286,-1.241678,2.725437,0.901961,-1.190253,2.776469,0.732534,-0.985694,2.503691,1.053844,-0.939725,2.500004,0.875418,-0.877664,2.569509,0.716475
-1.120244,2.596807,0.779659,-1.196465,2.677954,0.642541,-1.205279,2.775280,0.352232,-1.283896,2.801268,0.045817,-1.022433,2.523337,0.651880,-1.019950,2.535536,0.345976,-1.042305,2.523167,0.029515,-1.125187,2.591599,0.833242,-1.189583,2.700583,1.076047,-1.239826,2.731228,0.901471,-1.188136,2.781061,0.731770,-0.986242,2.507808,1.054090,-0.941690,2.502716,0.875340,-0.880364,2.569984,0.715159
-1.119168,2.602463,0.779473,-1.194719,2.683930,0.642148,-1.203142,2.779835,0.351328,-1.281563,2.807006,0.044902,-1.021793,2.528101,0.651880,-1.019589,2.537917,0.345892,-1.042366,2.523225,0.029571,-1.124247,2.597316,0.833048,-1.188712,2.706458,1.075764,-1.238143,2.737026,0.900945,-1.186175,2.785790,0.731023,-0.986960,2.511955,1.054299,-0.943852,2.505422,0.875242,-0.883283,2.570435,0.713851
-1.118328,2.608175,0.779204,-1.193283,2.689783,0.641588,-1.202551,2.782919,0.349871,-1.280318,2.811052,0.043305,-1.021342,2.532906,0.651854,-1.019292,2.540306,0.345800,-1.042345,2.523269,0.029627,-1.123558,2.603098,0.832772,-1.188138,2.712371,1.075399,-1.236796,2.742841,0.900345,-1.184502,2.790795,0.730298,-0.988002,2.516141,1.054434,-0.946370,2.508074,0.875091,-0.886556,2.570782,0.712514
-1.117746,2.613954,0.778716,-1.192028,2.695542,0.640686,-1.202401,2.786047,0.348183,-1.280511,2.812763,0.041575,-1.021020,2.537709,0.651755,-1.019099,2.542683,0.345655,-1.042373,2.523300,0.029644,-1.123145,2.608986,0.832275,-1.187879,2.718330,1.074829,-1.235797,2.748786,0.899568,-1.183114,2.796143,0.729474,-0.989390,2.520374,1.054344,-0.949238,2.510736,0.874741,-0.890125,2.571069,0.711020
-1.117293,2.619765,0.778117,-1.190864,2.701252,0.639616,-1.202479,2.789205,0.346398,-1.281488,2.813373,0.039832,-1.020765,2.542511,0.651623,-1.018973,2.545060,0.345494,-1.042451,2.523336,0.029664,-1.122869,2.614926,0.831668,-1.187784,2.724312,1.074155,-1.234975,2.754795,0.898701,-1.181872,2.801662,0.728601,-0.990965,2.524640,1.054139,-0.952306,2.513431,0.874299,-0.893894,2.571361,0.709471
-1.117195,2.625342,0.778006,-1.190573,2.706986,0.639462,-1.202969,2.791743,0.345358,-1.281679,2.813286,0.038538,-1.021200,2.547478,0.651487,-1.019128,2.547528,0.345351,-1.042429,2.523347,0.029697,-1.122835,2.620568,0.831559,-1.188022,2.730245,1.073842,-1.234240,2.760968,0.898169,-1.180865,2.807329,0.728017,-0.992764,2.528969,1.054546,-0.955548,2.516051,0.874516,-0.897704,2.571672,0.708700
-1.117196,2.630864,0.778051,-1.190582,2.712735,0.639616,-1.203758,2.794046,0.344594,-1.281800,2.813144,0.037459,-1.021870,2.552512,0.651335,-1.019413,2.550042,0.345214,-1.042443,2.523372,0.029751,-1.122850,2.626138,0.831614,-1.188304,2.736180,1.073659,-1.233514,2.767224,0.897781,-1.179946,2.812979,0.727525,-0.994581,2.533347,1.055128,-0.958851,2.518765,0.874922,-0.901634,2.572005,0.708115
-1.117396,2.636276,0.778411,-1.191189,2.718516,0.640382,-1.205125,2.795859,0.344348,-1.281735,2.812827,0.036739,-1.023005,2.557680,0.651152,-1.019931,2.552641,0.345070,-1.042479,2.523409,0.029809,-1.122962,2.631564,0.831994,-1.188670,2.742110,1.073740,-1.232806,2.773650,0.897681,-1.179204,2.818609,0.727223,-0.996416,2.537802,1.056063,-0.962228,2.521619,0.875692,-0.905717,2.572325,0.707860
-1.117841,2.641597,0.778897,-1.192214,2.724306,0.641432,-1.207169,2.797296,0.344362,-1.281694,2.812696,0.036162,-1.024566,2.562842,0.650921,-1.020623,2.555250,0.344902,-1.042453,2.523474,0.029845,-1.123265,2.636882,0.832505,-1.189133,2.748021,1.073936,-1.232280,2.780185,0.897748,-1.178865,2.824219,0.726987,-0.998327,2.542284,1.057107,-0.965720,2.524606,0.876582,-0.909921,2.572849,0.707792
-1.118410,2.646872,0.779447,-1.193447,2.730103,0.642633,-1.209600,2.798532,0.344557,-1.281754,2.812627,0.035731,-1.026343,2.568006,0.650670,-1.021425,2.557856,0.344741,-1.042439,2.523527,0.029902,-1.123664,2.642145,0.833082,-1.189639,2.753929,1.074184,-1.231838,2.786771,0.897896,-1.178739,2.829835,0.726785,-1.000274,2.546794,1.058206,-0.969279,2.527682,0.877540,-0.914220,2.573496,0.707839
-1.119366,2.651769,0.780056,-1.195112,2.735458,0.643895,-1.212403,2.799468,0.344918,-1.281846,2.812709,0.035427,-1.028619,2.572679,0.650480,-1.022293,2.560443,0.344654,-1.042488,2.523639,0.030050,-1.124398,2.647099,0.833727,-1.190251,2.759840,1.074417,-1.231736,2.793337,0.898088,-1.179049,2.835275,0.726562,-1.002473,2.551192,1.059402,-0.973013,2.530914,0.878602,-0.918540,2.574523,0.708146
-1.120410,2.656595,0.780616,-1.196838,2.740775,0.645125,-1.215316,2.800354,0.345318,-1.282002,2.812833,0.035183,-1.031031,2.577255,0.650240,-1.023143,2.563059,0.344535,-1.042554,2.523743,0.030194,-1.125211,2.651991,0.834323,-1.190913,2.765776,1.074562,-1.231755,2.799887,0.898204,-1.179467,2.840723,0.726284,-1.004708,2.555650,1.060568,-0.976702,2.534286,0.879659,-0.922818,2.575858,0.708521
-1.121628,2.661279,0.781075,-1.198691,2.746013,0.646280,-1.218380,2.801153,0.345714,-1.282153,2.813080,0.034937,-1.033710,2.581629,0.649890,-1.023921,2.565747,0.344323,-1.042585,2.523864,0.030277,-1.126182,2.656758,0.834818,-1.191688,2.771745,1.074539,-1.232030,2.806413,0.898180,-1.180077,2.846159,0.725898,-1.007019,2.560195,1.061671,-0.980282,2.537883,0.880683,-0.926929,2.577761,0.708989
-1.123042,2.665772,0.781437,-1.200509,2.751177,0.647289,-1.221280,2.801944,0.346040,-1.282252,2.813197,0.034669,-1.036573,2.585735,0.649520,-1.024820,2.568228,0.344110,-1.042625,2.523939,0.030353,-1.127392,2.661319,0.835209,-1.192466,2.777608,1.074418,-1.232589,2.812735,0.898104,-1.180811,2.851457,0.725534,-1.009466,2.564549,1.062616,-0.983821,2.541470,0.881564,-0.930810,2.580159,0.709504
-1.124553,2.670170,0.781750,-1.202306,2.756306,0.648229,-1.224146,2.802731,0.346368,-1.282422,2.813246,0.034450,-1.039532,2.589715,0.649143,-1.025804,2.570583,0.343912,-1.042711,2.523941,0.030454,-1.128719,2.665776,0.835546,-1.193234,2.783418,1.074245,-1.233279,2.818955,0.897998,-1.181605,2.856680,0.725174,-1.011975,2.568821,1.063481,-0.987337,2.545069,0.882375,-0.934577,2.582819,0.710040
-1.126280,2.674392,0.781926,-1.203946,2.761312,0.648860,-1.225806,2.804386,0.346515,-1.282441,2.813333,0.034249,-1.042636,2.593304,0.648825,-1.026937,2.572724,0.343780,-1.042791,2.524094,0.030574,-1.130315,2.670098,0.835744,-1.194102,2.789265,1.073881,-1.234226,2.825064,0.897707,-1.182606,2.861757,0.724646,-1.014725,2.573041,1.064223,-0.990585,2.548896,0.883103,-0.937881,2.586166,0.710646
-1.128005,2.678509,0.782091,-1.205592,2.766181,0.649473,-1.227494,2.805972,0.346690,-1.282521,2.813393,0.034099,-1.045710,2.596821,0.648511,-1.028098,2.574780,0.343670,-1.042899,2.524200,0.030724,-1.131907,2.674319,0.835929,-1.194963,2.795049,1.073473,-1.235175,2.831062,0.897365,-1.183715,2.866745,0.724047,-1.017440,2.577253,1.064969,-0.993704,2.552762,0.883844,-0.940977,2.589696,0.711319
-1.129725,2.682416,0.782233,-1.207263,2.770777,0.650044,-1.229163,2.807438,0.346873,-1.282569,2.813431,0.033972,-1.048713,2.600178,0.648202,-1.029275,2.576712,0.343574,-1.042985,2.524312,0.030881,-1.133497,2.678339,0.836091,-1.195830,2.800708,1.072986,-1.236151,2.836844,0.896930,-1.185041,2.871566,0.723316,-1.020098,2.581420,1.065725,-0.996571,2.556672,0.884610,-0.943651,2.593560,0.712125
-1.131440,2.686148,0.782367,-1.208917,2.775129,0.650558,-1.230835,2.808785,0.347047,-1.282625,2.813476,0.033852,-1.051685,2.603327,0.647939,-1.030526,2.578413,0.343536,-1.043007,2.524398,0.031065,-1.135081,2.682206,0.836246,-1.196733,2.806204,1.072471,-1.237085,2.842436,0.896443,-1.186592,2.876192,0.722458,-1.022798,2.585450,1.066498,-0.999270,2.560660,0.885391,-0.945944,2.597703,0.713057
-1.133153,2.689792,0.782498,-1.210560,2.779359,0.651045,-1.232528,2.810067,0.347230,-1.282727,2.813513,0.033760,-1.054642,2.606376,0.647702,-1.031829,2.579984,0.343538,-1.043022,2.524436,0.031285,-1.136661,2.685996,0.836396,-1.197644,2.811619,1.071935,-1.237988,2.847931,0.895924,-1.188255,2.880727,0.721536,-1.025510,2.589425,1.067278,-1.001875,2.564695,0.886178,-0.948035,2.601988,0.714052
-1.134873,2.693138,0.782562,-1.212059,2.783289,0.651380,-1.233889,2.811384,0.347308,-1.282743,2.813562,0.033615,-1.057606,2.609010,0.647487,-1.033207,2.581346,0.343554,-1.043119,2.524577,0.031473,-1.138259,2.689510,0.836479,-1.198574,2.816755,1.071319,-1.238849,2.853121,0.895304,-1.190054,2.885020,0.720483,-1.028266,2.593136,1.068001,-1.004358,2.568720,0.886894,-0.949656,2.606441,0.715134
-1.136601,2.696360,0.782638,-1.213501,2.787107,0.651699,-1.235067,2.812787,0.347398,-1.282799,2.813602,0.033528,-1.060599,2.611476,0.647316,-1.034623,2.582602,0.343620,-1.043247,2.524694,0.031706,-1.139863,2.692911,0.836573,-1.199467,2.821785,1.070705,-1.239653,2.858212,0.894684,-1.191799,2.889241,0.719444,-1.030958,2.596793,1.068720,-1.006746,2.572728,0.887608,-0.951112,2.610992,0.716265
-1.138347,2.699336,0.782737,-1.214832,2.790698,0.651982,-1.235826,2.814373,0.347482,-1.282833,2.813640,0.033506,-1.063644,2.613599,0.647228,-1.036082,2.583674,0.343766,-1.043381,2.524832,0.031987,-1.141480,2.696084,0.836691,-1.200309,2.826601,1.070107,-1.240361,2.863111,0.894074,-1.193436,2.893305,0.718435,-1.033539,2.600311,1.069436,-1.008963,2.576684,0.888314,-0.952260,2.615732,0.717494
-1.140127,2.702091,0.782739,-1.216158,2.794208,0.652250,-1.236488,2.815995,0.347566,-1.282857,2.813693,0.033508,-1.066783,2.615591,0.646972,-1.037620,2.584562,0.343761,-1.043421,2.524889,0.032102,-1.143133,2.698995,0.836708,-1.201118,2.831167,1.069403,-1.241081,2.867736,0.893363,-1.194945,2.897164,0.717383,-1.036049,2.603634,1.070025,-1.010983,2.580560,0.888900,-0.953268,2.620619,0.718648
-1.141924,2.704733,0.782692,-1.217475,2.797674,0.652510,-1.237114,2.817618,0.347656,-1.282909,2.813723,0.033533,-1.069973,2.617526,0.646634,-1.039214,2.585339,0.343692,-1.043440,2.524861,0.032155,-1.144803,2.701776,0.836674,-1.201899,2.835602,1.068642,-1.241798,2.872219,0.892598,-1.196384,2.900920,0.716308,-1.038515,2.606866,1.070547,-1.012890,2.584396,0.889426,-0.954193,2.625573,0.719773
-1.143660,2.707208,0.782539,-1.218730,2.801060,0.652733,-1.237673,2.819216,0.347724,-1.282903,2.813767,0.033547,-1.073105,2.619416,0.646128,-1.040860,2.585976,0.343465,-1.043407,2.524803,0.032040,-1.146420,2.704346,0.836529,-1.202637,2.839726,1.067810,-1.242511,2.876397,0.891772,-1.197505,2.904423,0.715267,-1.040917,2.609826,1.070926,-1.014570,2.587921,0.889844,-0.954955,2.630655,0.720887
-1.145373,2.709598,0.782370,-1.219931,2.804364,0.652933,-1.238225,2.820762,0.347784,-1.282932,2.813786,0.033568,-1.076168,2.621269,0.645616,-1.042446,2.586594,0.343241,-1.043370,2.524688,0.031946,-1.148028,2.706818,0.836365,-1.203372,2.843694,1.066974,-1.243225,2.880418,0.890943,-1.198546,2.907827,0.714257,-1.043276,2.612682,1.071265,-1.016171,2.591286,0.890239,-0.955676,2.635642,0.722004
-1.147041,2.711819,0.782167,-1.221037,2.807510,0.653088,-1.238735,2.822233,0.347818,-1.282963,2.813814,0.033575,-1.079088,2.623032,0.645085,-1.043878,2.587207,0.343001,-1.043268,2.524546,0.031853,-1.149618,2.709093,0.836164,-1.204123,2.847358,1.066144,-1.243961,2.884136,0.890120,-1.199437,2.911032,0.713317,-1.045569,2.615311,1.071531,-1.017640,2.594327,0.890587,-0.956340,2.640449,0.723107
-1.148511,2.713957,0.781943,-1.221994,2.810498,0.653205,-1.239174,2.823647,0.347832,-1.282986,2.813864,0.033575,-1.081721,2.624771,0.644551,-1.045249,2.587791,0.342744,-1.043212,2.524454,0.031736,-1.151017,2.711277,0.835941,-1.204834,2.850779,1.065335,-1.244568,2.887627,0.889302,-1.200099,2.914095,0.712421,-1.047716,2.617787,1.071764,-1.018947,2.597059,0.890929,-0.956822,2.644886,0.724220
-1.149884,2.716052,0.781708,-1.222874,2.813406,0.653303,-1.239585,2.825026,0.347839,-1.283025,2.813914,0.033579,-1.084214,2.626502,0.644017,-1.046600,2.588356,0.342483,-1.043200,2.524371,0.031616,-1.152320,2.713417,0.835707,-1.205522,2.854079,1.064535,-1.245107,2.891003,0.888484,-1.200645,2.917084,0.711544,-1.049788,2.620192,1.071981,-1.020171,2.599636,0.891270,-0.957229,2.649133,0.725343
-1.151021,2.717940,0.781490,-1.223554,2.816015,0.653376,-1.239879,2.826238,0.347838,-1.283018,2.813898,0.033588,-1.086313,2.628093,0.643539,-1.047817,2.588773,0.342256,-1.043174,2.524215,0.031522,-1.153408,2.715324,0.835488,-1.206089,2.856885,1.063882,-1.245468,2.893916,0.887806,-1.200983,2.919789,0.710841,-1.051517,2.622258,1.072111,-1.021193,2.601784,0.891512,-0.957558,2.652493,0.726208
-1.152108,2.719789,0.781252,-1.224173,2.818585,0.653428,-1.240157,2.827439,0.347827,-1.283039,2.813901,0.033595,-1.088355,2.629661,0.643041,-1.049088,2.589120,0.342008,-1.043189,2.524057,0.031399,-1.154447,2.717185,0.835248,-1.206607,2.859581,1.063242,-1.245745,2.896712,0.887132,-1.201225,2.922399,0.710148,-1.053178,2.624233,1.072191,-1.022197,2.603811,0.891701,-0.957844,2.655486,0.726970
-1.153093,2.721560,0.780971,-1.224677,2.821081,0.653440,-1.240382,2.828634,0.347786,-1.283074,2.813962,0.033584,-1.090279,2.631174,0.642500,-1.050448,2.589339,0.341708,-1.043248,2.523932,0.031197,-1.155391,2.718952,0.834964,-1.207037,2.862059,1.062629,-1.245863,2.899278,0.886468,-1.201279,2.924822,0.709481,-1.054712,2.626021,1.072174,-1.023174,2.605599,0.891782,-0.958028,2.657750,0.727516
-1.153866,2.723150,0.780726,-1.224967,2.823332,0.653444,-1.240491,2.829686,0.347750,-1.283074,2.813969,0.033588,-1.091881,2.632530,0.642035,-1.051619,2.589491,0.341460,-1.043254,2.523791,0.031038,-1.156144,2.720532,0.834716,-1.207378,2.864245,1.062093,-1.245874,2.901537,0.885874,-1.201179,2.926979,0.708899,-1.056091,2.627564,1.072183,-1.023982,2.607166,0.891890,-0.958241,2.659448,0.727902
-1.154532,2.724649,0.780500,-1.225148,2.825459,0.653445,-1.240544,2.830666,0.347719,-1.283068,2.813949,0.033605,-1.093321,2.633810,0.641608,-1.052701,2.589611,0.341239,-1.043245,2.523642,0.030905,-1.156802,2.722018,0.834485,-1.207672,2.866284,1.061594,-1.245829,2.903642,0.885313,-1.201000,2.929000,0.708360,-1.057391,2.628989,1.072204,-1.024704,2.608623,0.892013,-0.958467,2.660860,0.728209
-1.154993,2.725881,0.780303,-1.225130,2.827260,0.653437,-1.240494,2.831504,0.347690,-1.283061,2.813956,0.033632,-1.094461,2.634842,0.641246,-1.053486,2.589768,0.341044,-1.043253,2.523517,0.030795,-1.157264,2.723236,0.834284,-1.207855,2.867992,1.061143,-1.245635,2.905376,0.884786,-1.200555,2.930693,0.707889,-1.058347,2.630230,1.072222,-1.025261,2.609772,0.892115,-0.958689,2.661504,0.728289
-1.155379,2.727027,0.780114,-1.225047,2.828948,0.653425,-1.240412,2.832275,0.347663,-1.283054,2.813937,0.033664,-1.095494,2.635796,0.640903,-1.054183,2.589939,0.340856,-1.043263,2.523421,0.030688,-1.157655,2.724370,0.834091,-1.207975,2.869602,1.060706,-1.245390,2.906998,0.884272,-1.200010,2.932256,0.707443,-1.059265,2.631364,1.072252,-1.025750,2.610823,0.892234,-0.958915,2.661963,0.728332
-1.155616,2.728001,0.779942,-1.224837,2.830411,0.653404,-1.240258,2.832916,0.347633,-1.283020,2.813871,0.033696,-1.096313,2.636590,0.640599,-1.054687,2.590136,0.340678,-1.043249,2.523392,0.030578,-1.157902,2.725338,0.833914,-1.207972,2.871020,1.060296,-1.245046,2.908400,0.883785,-1.199266,2.933561,0.707046,-1.060107,2.632281,1.072305,-1.026104,2.611676,0.892388,-0.959148,2.662055,0.728298
-1.155727,2.728797,0.779833,-1.224560,2.831593,0.653398,-1.240085,2.833450,0.347625,-1.283007,2.813851,0.033747,-1.096881,2.637227,0.640402,-1.054973,2.590355,0.340578,-1.043250,2.523347,0.030545,-1.158030,2.726136,0.833802,-1.207874,2.872222,1.059973,-1.244599,2.909584,0.883385,-1.198369,2.934582,0.706740,-1.060799,2.633017,1.072402,-1.026465,2.612251,0.892568,-0.959453,2.661786,0.728243
-1.155776,2.729505,0.779756,-1.224250,2.832635,0.653400,-1.239904,2.833930,0.347627,-1.283007,2.813856,0.033807,-1.097323,2.637786,0.640258,-1.055149,2.590583,0.340516,-1.043258,2.523292,0.030551,-1.158098,2.726849,0.833722,-1.207727,2.873316,1.059694,-1.244100,2.910658,0.883028,-1.197395,2.935459,0.706480,-1.061416,2.633665,1.072521,-1.026829,2.612689,0.892761,-0.959797,2.661339,0.728179
-1.155683,2.730001,0.779651,-1.223933,2.833355,0.653357,-1.239724,2.834272,0.347589,-1.282998,2.813870,0.033816,-1.097473,2.638210,0.640099,-1.055265,2.590691,0.340408,-1.043228,2.523277,0.030474,-1.158028,2.727351,0.833614,-1.207504,2.874141,1.059409,-1.243484,2.911480,0.882662,-1.196301,2.936056,0.706210,-1.061888,2.634087,1.072600,-1.027187,2.612796,0.892899,-0.960102,2.660545,0.728080
-1.155522,2.730434,0.779570,-1.223575,2.833971,0.653320,-1.239526,2.834559,0.347557,-1.282987,2.813873,0.033831,-1.097518,2.638571,0.639979,-1.055317,2.590778,0.340328,-1.043196,2.523252,0.030421,-1.157890,2.727791,0.833530,-1.207247,2.874843,1.059181,-1.242822,2.912181,0.882352,-1.195149,2.936508,0.705997,-1.062293,2.634406,1.072684,-1.027558,2.612723,0.893036,-0.960391,2.659581,0.727999
-1.155226,2.730740,0.779535,-1.223137,2.834377,0.653294,-1.239288,2.834737,0.347539,-1.282966,2.813850,0.033859,-1.097350,2.638804,0.639939,-1.055240,2.590822,0.340302,-1.043157,2.523209,0.030412,-1.157615,2.728107,0.833494,-1.206924,2.875299,1.059065,-1.242069,2.912643,0.882151,-1.193882,2.936673,0.705896,-1.062563,2.634515,1.072779,-1.027955,2.612286,0.893172,-0.960642,2.658275,0.727950
-1.154833,2.730903,0.779520,-1.222635,2.834571,0.653245,-1.239026,2.834817,0.347503,-1.282958,2.813839,0.033866,-1.097044,2.638867,0.639953,-1.055111,2.590773,0.340309,-1.043134,2.523152,0.030418,-1.157237,2.728290,0.833479,-1.206567,2.875531,1.059013,-1.241256,2.912865,0.882008,-1.192552,2.936640,0.705861,-1.062636,2.634496,1.072858,-1.028230,2.611715,0.893279,-0.960838,2.656706,0.727820
-1.154391,2.730996,0.779515,-1.222100,2.834659,0.653187,-1.238751,2.834848,0.347458,-1.282955,2.813834,0.033864,-1.096670,2.638844,0.639996,-1.054956,2.590677,0.340333,-1.043117,2.523089,0.030430,-1.156807,2.728406,0.833475,-1.206193,2.875653,1.058992,-1.240413,2.912969,0.881893,-1.191189,2.936508,0.705859,-1.062611,2.634413,1.072928,-1.028446,2.611077,0.893373,-0.961013,2.655005,0.727652
-1.153847,2.730925,0.779468,-1.221452,2.834674,0.653156,-1.238405,2.834845,0.347443,-1.282932,2.813843,0.033896,-1.096278,2.638699,0.639935,-1.054742,2.590533,0.340245,-1.043071,2.523008,0.030324,-1.156262,2.728340,0.833428,-1.205722,2.875557,1.058948,-1.239569,2.912772,0.881756,-1.189793,2.936152,0.705856,-1.062506,2.634102,1.072950,-1.028563,2.610267,0.893417,-0.961108,2.653249,0.727460
-1.153298,2.730791,0.779428,-1.220787,2.834619,0.653120,-1.238053,2.834799,0.347424,-1.282912,2.813838,0.033923,-1.095865,2.638483,0.639893,-1.054513,2.590348,0.340170,-1.043013,2.522914,0.030225,-1.155716,2.728209,0.833388,-1.205234,2.875355,1.058942,-1.238720,2.912446,0.881654,-1.188364,2.935676,0.705899,-1.062351,2.633701,1.072952,-1.028606,2.609393,0.893444,-0.961199,2.651438,0.727228
-1.152738,2.730531,0.779404,-1.220087,2.834422,0.653074,-1.237688,2.834666,0.347396,-1.282898,2.813801,0.033940,-1.095411,2.638126,0.639888,-1.054251,2.590081,0.340123,-1.042934,2.522793,0.030142,-1.155164,2.727946,0.833364,-1.204711,2.874941,1.059010,-1.237859,2.911860,0.881623,-1.186868,2.934961,0.706034,-1.062097,2.633120,1.072912,-1.028501,2.608389,0.893434,-0.961272,2.649514,0.726914
-1.152155,2.730172,0.779383,-1.219318,2.834134,0.653013,-1.237286,2.834504,0.347355,-1.282891,2.813795,0.033947,-1.094911,2.637662,0.639902,-1.053972,2.589778,0.340079,-1.042879,2.522704,0.030045,-1.154606,2.727581,0.833342,-1.204130,2.874443,1.059080,-1.236993,2.911168,0.881598,-1.185395,2.934092,0.706164,-1.061776,2.632462,1.072863,-1.028269,2.607398,0.893414,-0.961281,2.647581,0.726571
-1.151561,2.729764,0.779363,-1.218513,2.833801,0.652944,-1.236867,2.834328,0.347309,-1.282887,2.813805,0.033951,-1.094387,2.637145,0.639926,-1.053685,2.589457,0.340037,-1.042834,2.522632,0.029943,-1.154045,2.727163,0.833321,-1.203520,2.873904,1.059149,-1.236126,2.910422,0.881576,-1.183936,2.933146,0.706292,-1.061421,2.631765,1.072809,-1.027975,2.606412,0.893389,-0.961260,2.645643,0.726217
-1.150954,2.729204,0.779375,-1.217714,2.833307,0.652911,-1.236446,2.834053,0.347298,-1.282871,2.813785,0.033983,-1.093884,2.636459,0.639980,-1.053419,2.589048,0.340013,-1.042820,2.522550,0.029841,-1.153449,2.726596,0.833335,-1.202779,2.873110,1.059341,-1.235132,2.909415,0.881678,-1.182451,2.931822,0.706500,-1.061019,2.630756,1.072718,-1.027639,2.605175,0.893319,-0.961151,2.643607,0.725868
-1.150333,2.728609,0.779402,-1.216903,2.832757,0.652876,-1.236020,2.833749,0.347286,-1.282855,2.813761,0.034015,-1.093344,2.635730,0.640062,-1.053129,2.588628,0.340011,-1.042794,2.522481,0.029755,-1.152842,2.725995,0.833362,-1.202010,2.872288,1.059547,-1.234130,2.908388,0.881800,-1.181020,2.930460,0.706711,-1.060598,2.629715,1.072638,-1.027298,2.603931,0.893253,-0.961024,2.641658,0.725557
-1.149682,2.727942,0.779457,-1.216069,2.832094,0.652838,-1.235582,2.833389,0.347274,-1.282840,2.813728,0.034046,-1.092731,2.634917,0.640198,-1.052790,2.588183,0.340051,-1.042743,2.522433,0.029703,-1.152212,2.725329,0.833418,-1.201185,2.871409,1.059783,-1.233115,2.907325,0.881965,-1.179693,2.929023,0.706924,-1.060134,2.628610,1.072579,-1.026945,2.602670,0.893196,-0.960855,2.639880,0.725319
-1.149055,2.727244,0.779491,-1.215291,2.831393,0.652792,-1.235175,2.833032,0.347253,-1.282823,2.813732,0.034062,-1.092103,2.634113,0.640304,-1.052442,2.587757,0.340060,-1.042690,2.522405,0.029619,-1.151607,2.724626,0.833454,-1.200355,2.870495,1.060003,-1.232139,2.906234,0.882125,-1.178468,2.927495,0.707106,-1.059654,2.627475,1.072485,-1.026624,2.601385,0.893095,-0.960603,2.638354,0.725140
-1.148440,2.726531,0.779516,-1.214541,2.830673,0.652741,-1.234782,2.832676,0.347228,-1.282805,2.813754,0.034071,-1.091466,2.633313,0.640395,-1.052091,2.587342,0.340054,-1.042636,2.522387,0.029521,-1.151015,2.723905,0.833479,-1.199522,2.869562,1.060216,-1.231185,2.905129,0.882282,-1.177296,2.925919,0.707274,-1.059166,2.626326,1.072374,-1.026319,2.600089,0.892972,-0.960311,2.636955,0.724990
-1.147824,2.725717,0.779579,-1.213873,2.829814,0.652741,-1.234431,2.832217,0.347252,-1.282779,2.813694,0.034121,-1.090789,2.632452,0.640513,-1.051757,2.586870,0.340070,-1.042637,2.522321,0.029444,-1.150411,2.723080,0.833543,-1.198672,2.868473,1.060502,-1.230278,2.903876,0.882527,-1.176264,2.924211,0.707504,-1.058624,2.625039,1.072272,-1.025895,2.598768,0.892853,-0.959921,2.635548,0.724839
-1.147204,2.724890,0.779634,-1.213216,2.828923,0.652725,-1.234092,2.831757,0.347262,-1.282763,2.813663,0.034155,-1.090084,2.631583,0.640631,-1.051407,2.586398,0.340083,-1.042630,2.522259,0.029363,-1.149804,2.722240,0.833599,-1.197837,2.867348,1.060789,-1.229379,2.902594,0.882773,-1.175264,2.922496,0.707730,-1.058040,2.623751,1.072150,-1.025452,2.597445,0.892710,-0.959512,2.634250,0.724688
-1.146577,2.724034,0.779671,-1.212579,2.827967,0.652676,-1.233776,2.831298,0.347241,-1.282768,2.813685,0.034155,-1.089320,2.630698,0.640745,-1.051023,2.585927,0.340088,-1.042608,2.522204,0.029275,-1.149193,2.721371,0.833638,-1.197032,2.866153,1.061077,-1.228491,2.901254,0.883019,-1.174326,2.920768,0.707949,-1.057368,2.622458,1.071988,-1.024968,2.596118,0.892520,-0.959066,2.633172,0.724539
-1.145984,2.723173,0.779732,-1.211979,2.826999,0.652646,-1.233471,2.830811,0.347238,-1.282756,2.813665,0.034171,-1.088585,2.629803,0.640885,-1.050652,2.585456,0.340122,-1.042592,2.522148,0.029215,-1.148612,2.720495,0.833700,-1.196203,2.864921,1.061417,-1.227647,2.899901,0.883333,-1.173465,2.919080,0.708232,-1.056694,2.621115,1.071818,-1.024513,2.594812,0.892305,-0.958687,2.632000,0.724320
-1.145407,2.722309,0.779804,-1.211397,2.826024,0.652626,-1.233173,2.830310,0.347244,-1.282738,2.813623,0.034196,-1.087864,2.628905,0.641039,-1.050288,2.584984,0.340171,-1.042579,2.522092,0.029171,-1.148047,2.719615,0.833773,-1.195362,2.863669,1.061783,-1.226826,2.898542,0.883682,-1.172642,2.917414,0.708547,-1.056019,2.619746,1.071643,-1.024074,2.593518,0.892077,-0.958343,2.630782,0.724066
-1.144796,2.721399,0.779892,-1.210842,2.824938,0.652599,-1.232897,2.829769,0.347247,-1.282733,2.813603,0.034213,-1.087084,2.627949,0.641228,-1.049891,2.584516,0.340244,-1.042558,2.522081,0.029143,-1.147435,2.718703,0.833864,-1.194655,2.862349,1.062151,-1.226072,2.897150,0.884029,-1.171905,2.915865,0.708871,-1.055271,2.618429,1.071509,-1.023472,2.592404,0.891888,-0.958006,2.629788,0.723806
-1.144186,2.720506,0.779970,-1.210291,2.823877,0.652570,-1.232618,2.829248,0.347248,-1.282723,2.813594,0.034230,-1.086306,2.627019,0.641401,-1.049499,2.584066,0.340303,-1.042546,2.522076,0.029105,-1.146824,2.717806,0.833944,-1.193964,2.861037,1.062508,-1.225364,2.895796,0.884375,-1.171205,2.914395,0.709203,-1.054491,2.617149,1.071361,-1.022866,2.591330,0.891680,-0.957687,2.628814,0.723513
-1.143578,2.719649,0.780029,-1.209748,2.822865,0.652537,-1.232335,2.828765,0.347245,-1.282698,2.813610,0.034242,-1.085533,2.626142,0.641542,-1.049114,2.583650,0.340334,-1.042545,2.522087,0.029043,-1.146214,2.716937,0.834005,-1.193308,2.859743,1.062844,-1.224748,2.894514,0.884722,-1.170582,2.913086,0.709550,-1.053647,2.615944,1.071187,-1.022248,2.590333,0.891437,-0.957402,2.627879,0.723155
-1.143031,2.718798,0.780113,-1.209306,2.821829,0.652525,-1.232119,2.828264,0.347262,-1.282699,2.813609,0.034268,-1.084791,2.625286,0.641711,-1.048745,2.583249,0.340397,-1.042541,2.522095,0.029018,-1.145659,2.716075,0.834092,-1.192725,2.858424,1.063221,-1.224159,2.893209,0.885101,-1.169964,2.911835,0.709943,-1.052820,2.614746,1.071022,-1.021659,2.589388,0.891195,-0.957168,2.627045,0.722801
-1.142514,2.717951,0.780209,-1.208915,2.820780,0.652523,-1.231940,2.827754,0.347290,-1.282716,2.813598,0.034303,-1.084064,2.624441,0.641893,-1.048385,2.582853,0.340477,-1.042538,2.522098,0.029013,-1.145131,2.715218,0.834190,-1.192179,2.857093,1.063617,-1.223583,2.891893,0.885495,-1.169349,2.910612,0.710360,-1.052001,2.613554,1.070861,-1.021083,2.588470,0.890954,-0.956959,2.626261,0.722450
-1.141910,2.717108,0.780255,-1.208495,2.819701,0.652476,-1.231732,2.827236,0.347274,-1.282696,2.813581,0.034293,-1.083148,2.623669,0.642024,-1.047936,2.582500,0.340500,-1.042540,2.522098,0.028960,-1.144534,2.714358,0.834238,-1.191762,2.855756,1.063922,-1.223112,2.890633,0.885806,-1.168788,2.909534,0.710719,-1.051144,2.612458,1.070704,-1.020324,2.587676,0.890739,-0.956558,2.625708,0.722157
-1.141322,2.716282,0.780314,-1.208079,2.818639,0.652435,-1.231530,2.826727,0.347266,-1.282683,2.813564,0.034293,-1.082238,2.622915,0.642170,-1.047483,2.582161,0.340542,-1.042530,2.522104,0.028930,-1.143957,2.713511,0.834297,-1.191333,2.854431,1.064245,-1.222656,2.889402,0.886142,-1.168242,2.908509,0.711105,-1.050273,2.611376,1.070545,-1.019575,2.586883,0.890520,-0.956153,2.625172,0.721869
-1.140765,2.715489,0.780397,-1.207673,2.817611,0.652408,-1.231336,2.826238,0.347273,-1.282680,2.813552,0.034310,-1.081336,2.622196,0.642351,-1.047019,2.581851,0.340622,-1.042490,2.522126,0.028940,-1.143420,2.712694,0.834380,-1.190885,2.853132,1.064603,-1.222231,2.888231,0.886530,-1.167730,2.907590,0.711547,-1.049377,2.610325,1.070383,-1.018848,2.586090,0.890294,-0.955740,2.624673,0.721586
-1.140193,2.714683,0.780452,-1.207331,2.816524,0.652360,-1.231184,2.825726,0.347258,-1.282680,2.813540,0.034299,-1.080353,2.621516,0.642496,-1.046543,2.581558,0.340665,-1.042496,2.522131,0.028921,-1.142867,2.711865,0.834434,-1.190530,2.851847,1.064894,-1.221904,2.887108,0.886858,-1.167359,2.906763,0.711922,-1.048520,2.609323,1.070239,-1.018124,2.585336,0.890095,-0.955246,2.624284,0.721382
-1.139612,2.713870,0.780492,-1.207020,2.815408,0.652301,-1.231055,2.825201,0.347235,-1.282686,2.813524,0.034276,-1.079329,2.620857,0.642625,-1.046064,2.581270,0.340691,-1.042527,2.522121,0.028890,-1.142307,2.711032,0.834474,-1.190221,2.850569,1.065152,-1.221625,2.886008,0.887157,-1.167059,2.905983,0.712263,-1.047683,2.608346,1.070104,-1.017401,2.584600,0.889909,-0.954712,2.623951,0.721219
-1.139016,2.713141,0.780527,-1.206687,2.814394,0.652249,-1.230900,2.824737,0.347218,-1.282673,2.813521,0.034264,-1.078283,2.620306,0.642737,-1.045545,2.581039,0.340710,-1.042495,2.522120,0.028862,-1.141738,2.710273,0.834508,-1.190044,2.849353,1.065380,-1.221383,2.884996,0.887415,-1.166782,2.905319,0.712572,-1.046769,2.607558,1.069986,-1.016486,2.584105,0.889752,-0.954058,2.623724,0.721028
-1.138439,2.712435,0.780560,-1.206367,2.813402,0.652192,-1.230757,2.824282,0.347196,-1.282668,2.813516,0.034247,-1.077254,2.619777,0.642850,-1.045040,2.580821,0.340733,-1.042476,2.522122,0.028840,-1.141189,2.709537,0.834539,-1.189887,2.848140,1.065616,-1.221184,2.883995,0.887686,-1.166552,2.904680,0.712896,-1.045884,2.606771,1.069858,-1.015587,2.583615,0.889589,-0.953393,2.623521,0.720845
-1.137899,2.711777,0.780588,-1.206075,2.812455,0.652125,-1.230637,2.823847,0.347164,-1.282675,2.813510,0.034221,-1.076257,2.619294,0.642963,-1.044562,2.580634,0.340759,-1.042482,2.522136,0.028828,-1.140677,2.708847,0.834565,-1.189774,2.846931,1.065868,-1.221073,2.883017,0.887986,-1.166419,2.904091,0.713249,-1.045059,2.605982,1.069714,-1.014719,2.583136,0.889413,-0.952703,2.623369,0.720678
-1.137310,2.711180,0.780616,-1.205735,2.811573,0.652063,-1.230489,2.823445,0.347138,-1.282674,2.813502,0.034205,-1.075208,2.618883,0.643072,-1.044042,2.580492,0.340785,-1.042457,2.522165,0.028821,-1.140121,2.708217,0.834591,-1.189731,2.845798,1.066085,-1.221021,2.882098,0.888245,-1.166352,2.903596,0.713565,-1.044214,2.605327,1.069611,-1.013773,2.582771,0.889290,-0.951937,2.623376,0.720577
-1.136696,2.710614,0.780645,-1.205370,2.810724,0.652003,-1.230327,2.823057,0.347115,-1.282671,2.813490,0.034196,-1.074133,2.618510,0.643180,-1.043504,2.580370,0.340812,-1.042418,2.522197,0.028820,-1.139544,2.707618,0.834617,-1.189722,2.844701,1.066283,-1.220998,2.881208,0.888484,-1.166320,2.903146,0.713862,-1.043359,2.604740,1.069527,-1.012788,2.582463,0.889195,-0.951134,2.623461,0.720510
-1.136139,2.710094,0.780641,-1.204993,2.809990,0.651931,-1.230154,2.822721,0.347078,-1.282669,2.813476,0.034177,-1.073164,2.618176,0.643240,-1.043045,2.580229,0.340802,-1.042436,2.522176,0.028788,-1.139029,2.707053,0.834610,-1.189706,2.843617,1.066474,-1.221116,2.880362,0.888747,-1.166450,2.902751,0.714179,-1.042621,2.604094,1.069394,-1.011852,2.582155,0.889054,-0.950313,2.623453,0.720402
-1.135575,2.709614,0.780634,-1.204609,2.809302,0.651860,-1.229978,2.822410,0.347042,-1.282668,2.813470,0.034161,-1.072201,2.617882,0.643292,-1.042584,2.580116,0.340787,-1.042449,2.522167,0.028756,-1.138506,2.706528,0.834599,-1.189722,2.842572,1.066650,-1.221281,2.879545,0.888998,-1.166648,2.902402,0.714480,-1.041867,2.603519,1.069266,-1.010909,2.581894,0.888922,-0.949476,2.623524,0.720315
-1.135000,2.709215,0.780620,-1.204213,2.808710,0.651793,-1.229794,2.822155,0.347008,-1.282662,2.813486,0.034149,-1.071254,2.617668,0.643326,-1.042117,2.580063,0.340759,-1.042450,2.522188,0.028717,-1.137967,2.706085,0.834580,-1.189801,2.841607,1.066799,-1.221543,2.878791,0.889223,-1.166983,2.902145,0.714749,-1.041085,2.603087,1.069152,-1.009953,2.581723,0.888807,-0.948607,2.623754,0.720269
-1.134432,2.708868,0.780596,-1.203794,2.808194,0.651720,-1.229597,2.821927,0.346968,-1.282655,2.813479,0.034135,-1.070297,2.617524,0.643348,-1.041592,2.580083,0.340723,-1.042445,2.522195,0.028688,-1.137450,2.705684,0.834551,-1.189856,2.840703,1.066935,-1.221886,2.878057,0.889446,-1.167450,2.901875,0.714996,-1.040359,2.602669,1.069029,-1.009010,2.581571,0.888691,-0.947782,2.624062,0.720225
-1.133869,2.708548,0.780567,-1.203363,2.807718,0.651644,-1.229392,2.821712,0.346925,-1.282647,2.813457,0.034120,-1.069336,2.617417,0.643364,-1.041040,2.580137,0.340685,-1.042437,2.522191,0.028667,-1.136943,2.705306,0.834516,-1.189898,2.839829,1.067063,-1.222270,2.877332,0.889668,-1.167984,2.901596,0.715233,-1.039659,2.602260,1.068901,-1.008072,2.581430,0.888575,-0.946980,2.624408,0.720183
-1.133332,2.708308,0.780561,-1.202905,2.807324,0.651563,-1.229182,2.821544,0.346877,-1.282661,2.813460,0.034106,-1.068447,2.617320,0.643429,-1.040519,2.580198,0.340701,-1.042437,2.522195,0.028699,-1.136458,2.705018,0.834505,-1.189972,2.838991,1.067242,-1.222694,2.876639,0.889941,-1.168653,2.901298,0.715486,-1.038997,2.601887,1.068779,-1.007181,2.581347,0.888461,-0.946190,2.624746,0.720139
-1.132791,2.708115,0.780540,-1.202434,2.807002,0.651483,-1.228963,2.821413,0.346829,-1.282673,2.813467,0.034095,-1.067569,2.617283,0.643466,-1.039997,2.580297,0.340692,-1.042436,2.522206,0.028714,-1.135971,2.704771,0.834479,-1.190058,2.838195,1.067398,-1.223132,2.875956,0.890187,-1.169379,2.900990,0.715697,-1.038367,2.601547,1.068652,-1.006321,2.581300,0.888342,-0.945439,2.625116,0.720088
-1.132243,2.708014,0.780490,-1.201936,2.806825,0.651405,-1.228725,2.821360,0.346779,-1.282677,2.813488,0.034086,-1.066711,2.617360,0.643446,-1.039468,2.580473,0.340633,-1.042434,2.522236,0.028691,-1.135482,2.704606,0.834422,-1.190170,2.837483,1.067513,-1.223597,2.875294,0.890379,-1.170220,2.900669,0.715823,-1.037800,2.601270,1.068513,-1.005527,2.581321,0.888212,-0.944765,2.625549,0.720025
-1.131704,2.707894,0.780443,-1.201412,2.806638,0.651318,-1.228466,2.821284,0.346722,-1.282665,2.813474,0.034071,-1.065835,2.617421,0.643442,-1.038933,2.580620,0.340591,-1.042427,2.522235,0.028687,-1.135017,2.704414,0.834366,-1.190242,2.836772,1.067627,-1.224037,2.874607,0.890568,-1.171102,2.900284,0.715922,-1.037211,2.600987,1.068365,-1.004759,2.581337,0.888064,-0.944080,2.625970,0.719955
-1.131170,2.707763,0.780399,-1.200874,2.806444,0.651226,-1.228195,2.821195,0.346660,-1.282645,2.813441,0.034052,-1.064951,2.617473,0.643447,-1.038394,2.580751,0.340558,-1.042418,2.522215,0.028694,-1.134564,2.704210,0.834312,-1.190293,2.836063,1.067739,-1.224465,2.873906,0.890754,-1.172003,2.899862,0.716006,-1.036609,2.600701,1.068213,-1.004003,2.581351,0.887908,-0.943390,2.626385,0.719883
-1.130684,2.707667,0.780336,-1.200329,2.806309,0.651106,-1.227925,2.821168,0.346571,-1.282657,2.813469,0.034012,-1.064115,2.617541,0.643447,-1.037822,2.580971,0.340519,-1.042407,2.522262,0.028699,-1.134173,2.704043,0.834240,-1.190419,2.835481,1.067777,-1.224969,2.873252,0.890850,-1.172996,2.899432,0.715991,-1.036131,2.600515,1.068096,-1.003304,2.581458,0.887800,-0.942787,2.626895,0.719847
-1.130212,2.707572,0.780277,-1.199812,2.806175,0.650996,-1.227669,2.821137,0.346490,-1.282665,2.813487,0.033977,-1.063311,2.617610,0.643442,-1.037283,2.581173,0.340478,-1.042399,2.522299,0.028702,-1.133790,2.703882,0.834170,-1.190545,2.834925,1.067806,-1.225470,2.872604,0.890933,-1.174029,2.898981,0.715948,-1.035677,2.600341,1.067991,-1.002648,2.581555,0.887705,-0.942230,2.627394,0.719823
-1.129770,2.707481,0.780222,-1.199354,2.806045,0.650906,-1.227441,2.821099,0.346426,-1.282665,2.813490,0.033953,-1.062570,2.617683,0.643428,-1.036808,2.581341,0.340431,-1.042396,2.522322,0.028694,-1.133425,2.703731,0.834106,-1.190675,2.834423,1.067819,-1.225967,2.871973,0.890991,-1.175144,2.898496,0.715848,-1.035274,2.600192,1.067912,-1.002076,2.581632,0.887635,-0.941767,2.627871,0.719822
-1.129283,2.707342,0.780178,-1.198894,2.805819,0.650812,-1.227211,2.821006,0.346361,-1.282668,2.813473,0.033928,-1.061797,2.617681,0.643437,-1.036367,2.581420,0.340405,-1.042395,2.522327,0.028694,-1.133001,2.703553,0.834055,-1.190781,2.833921,1.067818,-1.226357,2.871353,0.891023,-1.176141,2.897982,0.715721,-1.034887,2.600017,1.067878,-1.001547,2.581658,0.887607,-0.941316,2.628315,0.719883
-1.128774,2.707179,0.780139,-1.198433,2.805543,0.650717,-1.226981,2.820885,0.346295,-1.282671,2.813444,0.033903,-1.061008,2.617640,0.643458,-1.035942,2.581454,0.340389,-1.042395,2.522321,0.028697,-1.132548,2.703359,0.834011,-1.190874,2.833418,1.067811,-1.226694,2.870737,0.891042,-1.177080,2.897450,0.715582,-1.034509,2.599829,1.067867,-1.001039,2.581659,0.887602,-0.940872,2.628741,0.719974
-1.128315,2.707089,0.780098,-1.198024,2.805351,0.650627,-1.226779,2.820819,0.346232,-1.282671,2.813462,0.033874,-1.060322,2.617648,0.643467,-1.035526,2.581558,0.340366,-1.042394,2.522339,0.028703,-1.132131,2.703250,0.833966,-1.190990,2.833062,1.067770,-1.227091,2.870234,0.891027,-1.178033,2.896969,0.715414,-1.034165,2.599782,1.067878,-1.000668,2.581757,0.887604,-0.940579,2.629219,0.720055
-1.127850,2.706996,0.780076,-1.197632,2.805144,0.650558,-1.226585,2.820739,0.346189,-1.282664,2.813465,0.033863,-1.059638,2.617651,0.643492,-1.035119,2.581652,0.340360,-1.042390,2.522354,0.028723,-1.131703,2.703143,0.833940,-1.191119,2.832715,1.067737,-1.227497,2.869715,0.891016,-1.178942,2.896466,0.715265,-1.033830,2.599747,1.067921,-1.000303,2.581857,0.887640,-0.940278,2.629662,0.720164
-1.127374,2.706896,0.780089,-1.197272,2.804906,0.650530,-1.226406,2.820629,0.346185,-1.282645,2.813444,0.033886,-1.058959,2.617646,0.643546,-1.034729,2.581727,0.340384,-1.042382,2.522366,0.028771,-1.131250,2.703040,0.833951,-1.191273,2.832384,1.067720,-1.227923,2.869167,0.891010,-1.179764,2.895922,0.715152,-1.033510,2.599737,1.068028,-0.999950,2.581965,0.887741,-0.939959,2.630039,0.720330
-1.126954,2.706805,0.780074,-1.196961,2.804701,0.650489,-1.226260,2.820551,0.346166,-1.282646,2.813458,0.033893,-1.058359,2.617652,0.643559,-1.034410,2.581780,0.340371,-1.042389,2.522374,0.028777,-1.130852,2.702942,0.833934,-1.191421,2.832108,1.067662,-1.228301,2.868685,0.890956,-1.180435,2.895442,0.715018,-1.033199,2.599773,1.068105,-0.999614,2.582126,0.887811,-0.939729,2.630380,0.720413
-1.126562,2.706717,0.780045,-1.196673,2.804512,0.650441,-1.226130,2.820488,0.346141,-1.282658,2.813489,0.033891,-1.057798,2.617665,0.643551,-1.034128,2.581822,0.340339,-1.042403,2.522380,0.028762,-1.130481,2.702846,0.833903,-1.191566,2.831860,1.067581,-1.228653,2.868236,0.890878,-1.181028,2.894992,0.714874,-1.032893,2.599833,1.068168,-0.999286,2.582314,0.887866,-0.939542,2.630701,0.720455
-1.126170,2.706651,0.780032,-1.196423,2.804313,0.650405,-1.226005,2.820389,0.346122,-1.282634,2.813448,0.033889,-1.057222,2.617708,0.643560,-1.033813,2.581880,0.340329,-1.042365,2.522376,0.028773,-1.130103,2.702775,0.833888,-1.191668,2.831658,1.067513,-1.228935,2.867827,0.890805,-1.181426,2.894608,0.714773,-1.032502,2.599969,1.068237,-0.998961,2.582480,0.887919,-0.939374,2.631000,0.720492
-1.125812,2.706585,0.780021,-1.196203,2.804117,0.650371,-1.225900,2.820299,0.346105,-1.282621,2.813428,0.033888,-1.056697,2.617738,0.643572,-1.033536,2.581928,0.340321,-1.042346,2.522376,0.028784,-1.129755,2.702708,0.833876,-1.191767,2.831476,1.067447,-1.229191,2.867447,0.890731,-1.181767,2.894237,0.714678,-1.032123,2.600116,1.068305,-0.998640,2.582650,0.887974,-0.939228,2.631265,0.720513
-1.125523,2.706519,0.780015,-1.196043,2.803926,0.650341,-1.225832,2.820230,0.346091,-1.282628,2.813451,0.033885,-1.056275,2.617741,0.643588,-1.033337,2.581959,0.340320,-1.042368,2.522391,0.028794,-1.129468,2.702648,0.833870,-1.191862,2.831335,1.067385,-1.229398,2.867124,0.890656,-1.181997,2.893895,0.714593,-1.031770,2.600285,1.068370,-0.998323,2.582828,0.888032,-0.939125,2.631464,0.720499
-1.125269,2.706462,0.780010,-1.195924,2.803734,0.650308,-1.225780,2.820157,0.346072,-1.282626,2.813457,0.033873,-1.055871,2.617762,0.643610,-1.033157,2.581982,0.340327,-1.042362,2.522407,0.028808,-1.129220,2.702597,0.833866,-1.191967,2.831261,1.067298,-1.229562,2.866868,0.890545,-1.182150,2.893625,0.714483,-1.031414,2.600532,1.068450,-0.997980,2.583071,0.888111,-0.939013,2.631675,0.720488
-1.125033,2.706409,0.780007,-1.195825,2.803540,0.650274,-1.225736,2.820081,0.346049,-1.282619,2.813454,0.033856,-1.055475,2.617790,0.643636,-1.032986,2.582000,0.340338,-1.042342,2.522421,0.028825,-1.128991,2.702552,0.833862,-1.192078,2.831221,1.067200,-1.229705,2.866644,0.890417,-1.182263,2.893390,0.714360,-1.031058,2.600819,1.068537,-0.997625,2.583345,0.888199,-0.938896,2.631893,0.720479
-1.124853,2.706363,0.779984,-1.195791,2.803389,0.650250,-1.225732,2.820022,0.346034,-1.282629,2.813450,0.033842,-1.055141,2.617865,0.643613,-1.032782,2.582110,0.340304,-1.042356,2.522429,0.028819,-1.128817,2.702503,0.833838,-1.192204,2.831189,1.067085,-1.229797,2.866467,0.890265,-1.182269,2.893213,0.714232,-1.030719,2.601113,1.068593,-0.997222,2.583640,0.888267,-0.938709,2.632097,0.720449
-1.124676,2.706325,0.779963,-1.195761,2.803233,0.650223,-1.225729,2.819963,0.346015,-1.282634,2.813453,0.033822,-1.054825,2.617927,0.643600,-1.032614,2.582183,0.340281,-1.042360,2.522435,0.028816,-1.128642,2.702467,0.833817,-1.192309,2.831181,1.066972,-1.229857,2.866317,0.890115,-1.182222,2.893070,0.714112,-1.030374,2.601423,1.068651,-0.996813,2.583935,0.888340,-0.938517,2.632276,0.720413
-1.124506,2.706300,0.779950,-1.195741,2.803069,0.650186,-1.225727,2.819907,0.345987,-1.282629,2.813473,0.033792,-1.054544,2.617960,0.643606,-1.032517,2.582181,0.340279,-1.042346,2.522441,0.028816,-1.128464,2.702457,0.833805,-1.192371,2.831222,1.066866,-1.229854,2.866222,0.889968,-1.182071,2.892994,0.714009,-1.030016,2.601762,1.068713,-0.996391,2.584231,0.888419,-0.938312,2.632405,0.720368
-1.124395,2.706291,0.779962,-1.195768,2.802941,0.650185,-1.225752,2.819859,0.345990,-1.282634,2.813471,0.033790,-1.054329,2.618017,0.643630,-1.032415,2.582232,0.340297,-1.042345,2.522449,0.028846,-1.128345,2.702460,0.833819,-1.192439,2.831277,1.066800,-1.229825,2.866155,0.889857,-1.181853,2.892935,0.713951,-1.029715,2.602079,1.068786,-0.995983,2.584500,0.888517,-0.938065,2.632564,0.720377
-1.124313,2.706291,0.779988,-1.195820,2.802831,0.650201,-1.225790,2.819814,0.346008,-1.282645,2.813457,0.033802,-1.054146,2.618086,0.643663,-1.032311,2.582309,0.340324,-1.042352,2.522459,0.028890,-1.128254,2.702469,0.833845,-1.192509,2.831339,1.066752,-1.229783,2.866101,0.889763,-1.181602,2.892884,0.713915,-1.029442,2.602386,1.068863,-0.995584,2.584756,0.888624,-0.937797,2.632739,0.720414
-1.124229,2.706295,0.779988,-1.195882,2.802716,0.650193,-1.225835,2.819766,0.346002,-1.282649,2.813459,0.033788,-1.053998,2.618132,0.643669,-1.032260,2.582336,0.340327,-1.042357,2.522467,0.028899,-1.128151,2.702490,0.833849,-1.192548,2.831430,1.066677,-1.229672,2.866053,0.889629,-1.181235,2.892794,0.713844,-1.029128,2.602731,1.068917,-0.995127,2.584976,0.888716,-0.937358,2.632909,0.720488
-1.124156,2.706313,0.779993,-1.195945,2.802627,0.650191,-1.225876,2.819729,0.346001,-1.282647,2.813456,0.033778,-1.053871,2.618189,0.643676,-1.032225,2.582362,0.340333,-1.042364,2.522472,0.028910,-1.128059,2.702524,0.833855,-1.192579,2.831530,1.066613,-1.229559,2.866022,0.889509,-1.180840,2.892719,0.713795,-1.028839,2.603061,1.068966,-0.994686,2.585196,0.888806,-0.936904,2.633079,0.720569
-1.124108,2.706360,0.780004,-1.196010,2.802590,0.650203,-1.225908,2.819715,0.346011,-1.282635,2.813442,0.033779,-1.053786,2.618268,0.643686,-1.032223,2.582385,0.340344,-1.042377,2.522471,0.028926,-1.127992,2.702584,0.833869,-1.192592,2.831645,1.066573,-1.229441,2.866024,0.889421,-1.180390,2.892673,0.713792,-1.028601,2.603357,1.069008,-0.994274,2.585415,0.888889,-0.936415,2.633248,0.720665
-1.124068,2.706433,0.780018,-1.196062,2.802593,0.650214,-1.225938,2.819719,0.346020,-1.282632,2.813435,0.033783,-1.053723,2.618359,0.643700,-1.032185,2.582451,0.340360,-1.042367,2.522487,0.028953,-1.127936,2.702670,0.833885,-1.192622,2.831779,1.066538,-1.229304,2.866076,0.889335,-1.179930,2.892669,0.713788,-1.028384,2.603669,1.069054,-0.993814,2.585724,0.888982,-0.935892,2.633517,0.720771
-1.124033,2.706519,0.780033,-1.196106,2.802615,0.650225,-1.225968,2.819732,0.346030,-1.282635,2.813432,0.033788,-1.053670,2.618456,0.643717,-1.032128,2.582540,0.340378,-1.042345,2.522511,0.028985,-1.127885,2.702768,0.833902,-1.192660,2.831922,1.066505,-1.229158,2.866153,0.889251,-1.179467,2.892686,0.713784,-1.028179,2.603989,1.069101,-0.993330,2.586078,0.889079,-0.935352,2.633838,0.720881
-1.124007,2.706604,0.780032,-1.196159,2.802641,0.650222,-1.226001,2.819755,0.346025,-1.282637,2.813451,0.033777,-1.053671,2.618522,0.643713,-1.032169,2.582544,0.340380,-1.042358,2.522505,0.028987,-1.127834,2.702875,0.833903,-1.192603,2.832104,1.066466,-1.228950,2.866260,0.889167,-1.179027,2.892767,0.713763,-1.028038,2.604233,1.069123,-0.992967,2.586272,0.889150,-0.934836,2.634116,0.721027
-1.123982,2.706700,0.780031,-1.196209,2.802689,0.650227,-1.226031,2.819784,0.346026,-1.282638,2.813459,0.033774,-1.053673,2.618608,0.643705,-1.032200,2.582570,0.340377,-1.042369,2.522507,0.028989,-1.127786,2.702989,0.833905,-1.192543,2.832287,1.066433,-1.228748,2.866380,0.889092,-1.178607,2.892858,0.713748,-1.027902,2.604472,1.069142,-0.992616,2.586483,0.889214,-0.934333,2.634439,0.721175
-1.123962,2.706819,0.780032,-1.196255,2.802781,0.650244,-1.226056,2.819827,0.346039,-1.282638,2.813446,0.033783,-1.053677,2.618733,0.643689,-1.032211,2.582639,0.340367,-1.042376,2.522525,0.028989,-1.127747,2.703116,0.833908,-1.192480,2.832472,1.066410,-1.228559,2.866526,0.889036,-1.178227,2.892968,0.713742,-1.027777,2.604703,1.069153,-0.992291,2.586728,0.889264,-0.933851,2.634851,0.721330
-1.123956,2.706949,0.780027,-1.196280,2.802899,0.650247,-1.226071,2.819886,0.346038,-1.282640,2.813449,0.033781,-1.053707,2.618848,0.643675,-1.032223,2.582692,0.340362,-1.042357,2.522524,0.028993,-1.127728,2.703256,0.833905,-1.192416,2.832682,1.066379,-1.228377,2.866710,0.888976,-1.177900,2.893107,0.713717,-1.027685,2.604934,1.069160,-0.992005,2.587002,0.889305,-0.933431,2.635337,0.721478
-1.123959,2.707084,0.780019,-1.196294,2.803030,0.650243,-1.226080,2.819954,0.346029,-1.282644,2.813459,0.033773,-1.053750,2.618957,0.643662,-1.032234,2.582736,0.340359,-1.042327,2.522514,0.028999,-1.127719,2.703400,0.833898,-1.192352,2.832906,1.066344,-1.228199,2.866912,0.888914,-1.177600,2.893262,0.713682,-1.027611,2.605166,1.069163,-0.991739,2.587292,0.889341,-0.933041,2.635859,0.721623
-1.123950,2.707214,0.780001,-1.196295,2.803189,0.650251,-1.226075,2.820026,0.346032,-1.282639,2.813457,0.033778,-1.053843,2.619046,0.643619,-1.032333,2.582754,0.340323,-1.042377,2.522536,0.028961,-1.127689,2.703542,0.833883,-1.192282,2.833111,1.066304,-1.228015,2.867126,0.888852,-1.177350,2.893438,0.713634,-1.027569,2.605352,1.069163,-0.991552,2.587539,0.889364,-0.932744,2.636328,0.721749
-1.123941,2.707360,0.780001,-1.196277,2.803355,0.650261,-1.226061,2.820101,0.346037,-1.282635,2.813450,0.033787,-1.053911,2.619146,0.643608,-1.032386,2.582801,0.340320,-1.042404,2.522560,0.028961,-1.127667,2.703698,0.833884,-1.192224,2.833322,1.066285,-1.227845,2.867351,0.888814,-1.177119,2.893628,0.713607,-1.027551,2.605534,1.069179,-0.991412,2.587782,0.889399,-0.932508,2.636807,0.721887
-1.123932,2.707537,0.780036,-1.196221,2.803536,0.650273,-1.226030,2.820179,0.346046,-1.282633,2.813434,0.033803,-1.053931,2.619268,0.643664,-1.032351,2.582906,0.340381,-1.042386,2.522591,0.029035,-1.127662,2.703885,0.833919,-1.192189,2.833544,1.066308,-1.227702,2.867596,0.888820,-1.176926,2.893850,0.713623,-1.027581,2.605710,1.069225,-0.991365,2.588016,0.889456,-0.932394,2.637308,0.722047
-1.123928,2.707718,0.780029,-1.196185,2.803748,0.650272,-1.226011,2.820283,0.346040,-1.282636,2.813442,0.033805,-1.053999,2.619400,0.643652,-1.032375,2.582970,0.340380,-1.042394,2.522584,0.029048,-1.127652,2.704076,0.833914,-1.192167,2.833791,1.066275,-1.227574,2.867854,0.888768,-1.176748,2.894100,0.713583,-1.027651,2.605891,1.069250,-0.991359,2.588239,0.889493,-0.932297,2.637784,0.722192
-1.123925,2.707902,0.780003,-1.196159,2.803975,0.650264,-1.225997,2.820398,0.346028,-1.282641,2.813463,0.033799,-1.054092,2.619537,0.643607,-1.032430,2.583013,0.340348,-1.042416,2.522558,0.029029,-1.127640,2.704269,0.833888,-1.192150,2.834050,1.066214,-1.227452,2.868120,0.888687,-1.176578,2.894366,0.713515,-1.027740,2.606075,1.069264,-0.991375,2.588456,0.889518,-0.932209,2.638247,0.722331
-1.123907,2.708061,0.780008,-1.196112,2.804172,0.650282,-1.225963,2.820482,0.346040,-1.282628,2.813444,0.033818,-1.054142,2.619660,0.643600,-1.032437,2.583086,0.340350,-1.042421,2.522566,0.029043,-1.127616,2.704433,0.833894,-1.192125,2.834226,1.066212,-1.227312,2.868386,0.888680,-1.176381,2.894668,0.713531,-1.027840,2.606162,1.069290,-0.991529,2.588598,0.889528,-0.932332,2.638693,0.722440
