pelvis_x,pelvis_y,pelvis_z,left_hip_roll_link_x,left_hip_roll_link_y,left_hip_roll_link_z,left_knee_link_x,left_knee_link_y,left_knee_link_z,left_ankle_roll_link_x,left_ankle_roll_link_y,left_ankle_roll_link_z,right_hip_roll_link_x,right_hip_roll_link_y,right_hip_roll_link_z,right_knee_link_x,right_knee_link_y,right_knee_link_z,right_ankle_roll_link_x,right_ankle_roll_link_y,right_ankle_roll_link_z,torso_link_x,torso_link_y,torso_link_z,left_shoulder_roll_link_x,left_shoulder_roll_link_y,left_shoulder_roll_link_z,left_elbow_link_x,left_elbow_link_y,left_elbow_link_z,left_wrist_yaw_link_x,left_wrist_yaw_link_y,left_wrist_yaw_link_z,right_shoulder_roll_link_x,right_shoulder_roll_link_y,right_shoulder_roll_link_z,right_elbow_link_x,right_elbow_link_y,right_elbow_link_z,right_wrist_yaw_link_x,right_wrist_yaw_link_y,right_wrist_yaw_link_z
0.002507,-0.085329,-0.009175,0.016913,-0.090339,-0.004718,-0.036428,-0.053773,-0.010490,0.001616,0.000710,-0.006277,-0.000549,-0.090396,-0.013489,0.000615,-0.046615,-0.008106,0.001014,0.000844,-0.003272,-0.001841,-0.083409,-0.008952,-0.031324,-0.073545,-0.007169,-0.025477,-0.077871,-0.005735,-0.028885,-0.069532,-0.004132,-0.019684,-0.073944,-0.016888,-0.007803,-0.069854,-0.017316,0.012988,-0.044310,-0.028188
0.000311,-0.090244,-0.009840,0.015140,-0.095682,-0.004961,-0.047306,-0.058225,-0.011116,0.001548,0.000845,-0.004792,-0.005535,-0.095769,-0.014589,-0.003195,-0.049234,-0.008753,0.001036,0.000628,-0.002966,-0.003588,-0.088030,-0.009655,-0.030848,-0.077292,-0.007104,-0.025786,-0.080637,-0.005968,-0.029328,-0.073711,-0.004416,-0.023745,-0.077644,-0.018505,-0.009076,-0.070726,-0.018686,0.012346,-0.043648,-0.029834
-0.003349,-0.097121,-0.010808,0.012370,-0.103517,-0.004969,-0.056553,-0.063663,-0.011390,0.001522,0.000907,-0.003203,-0.013178,-0.103682,-0.016479,-0.009366,-0.052924,-0.009941,0.000987,0.000316,-0.002672,-0.006521,-0.094414,-0.010683,-0.030346,-0.082538,-0.007055,-0.026292,-0.084749,-0.006269,-0.029782,-0.079662,-0.004854,-0.029151,-0.082832,-0.020666,-0.010959,-0.072173,-0.020490,0.011223,-0.042932,-0.031972
-0.008789,-0.105524,-0.012116,0.008423,-0.113668,-0.004518,-0.059178,-0.069198,-0.010887,0.001567,0.000746,-0.002044,-0.023552,-0.113994,-0.019417,-0.018695,-0.057325,-0.011895,0.000810,-0.000093,-0.002496,-0.010939,-0.102090,-0.012077,-0.029974,-0.089069,-0.007183,-0.026931,-0.090327,-0.006695,-0.030097,-0.087308,-0.005519,-0.035355,-0.089303,-0.023144,-0.013477,-0.074483,-0.022526,0.009355,-0.042486,-0.034309
-0.016006,-0.114696,-0.013872,0.003240,-0.125569,-0.003518,-0.052039,-0.074055,-0.009407,0.001686,0.000221,-0.001753,-0.036182,-0.126188,-0.023673,-0.032495,-0.061590,-0.014839,0.000475,-0.000586,-0.002471,-0.016923,-0.110293,-0.013944,-0.029942,-0.096482,-0.007813,-0.027584,-0.097368,-0.007450,-0.030176,-0.096460,-0.006594,-0.041712,-0.096663,-0.025711,-0.016566,-0.077892,-0.024619,0.006428,-0.042548,-0.036531
-0.024490,-0.123716,-0.016308,-0.002972,-0.138414,-0.002085,-0.035729,-0.077943,-0.007096,0.001870,-0.000724,-0.002407,-0.050002,-0.139500,-0.029565,-0.053122,-0.064291,-0.018980,-0.000038,-0.001137,-0.002410,-0.024146,-0.118113,-0.016506,-0.030567,-0.104205,-0.009445,-0.028230,-0.105602,-0.008936,-0.030048,-0.106778,-0.008459,-0.047781,-0.104341,-0.028345,-0.020046,-0.082296,-0.026806,0.002174,-0.042893,-0.038502
-0.033210,-0.131555,-0.019758,-0.009677,-0.151238,-0.000479,-0.013867,-0.080967,-0.004328,0.002106,-0.002029,-0.003700,-0.063518,-0.153009,-0.037468,-0.084361,-0.063426,-0.024414,-0.000824,-0.001771,-0.001667,-0.031841,-0.124531,-0.020089,-0.032346,-0.111471,-0.012721,-0.029078,-0.114393,-0.011743,-0.029889,-0.117667,-0.011713,-0.053422,-0.111567,-0.031275,-0.023635,-0.087086,-0.029361,-0.003562,-0.042709,-0.040317
-0.040955,-0.137152,-0.024529,-0.016276,-0.162983,0.001005,0.008983,-0.083302,-0.001513,0.002354,-0.003573,-0.005137,-0.075289,-0.165674,-0.047641,-0.131143,-0.056720,-0.030840,-0.002198,-0.002697,0.001232,-0.039023,-0.128514,-0.024993,-0.035921,-0.117447,-0.018279,-0.030548,-0.122907,-0.016493,-0.030012,-0.128380,-0.017014,-0.058713,-0.117499,-0.034798,-0.027022,-0.091370,-0.032611,-0.010867,-0.040963,-0.042123
-0.046860,-0.139621,-0.030640,-0.022696,-0.172516,0.002113,0.028547,-0.084956,0.001003,0.002529,-0.005217,-0.006197,-0.084508,-0.176327,-0.059783,-0.197735,-0.042430,-0.037061,-0.004797,-0.004388,0.008899,-0.044891,-0.129278,-0.031233,-0.041968,-0.121489,-0.026421,-0.033161,-0.130470,-0.023478,-0.030819,-0.138321,-0.024693,-0.063773,-0.121481,-0.038954,-0.029938,-0.094430,-0.036625,-0.019798,-0.037026,-0.043835
-0.050812,-0.138523,-0.037501,-0.029839,-0.178598,0.002630,0.040825,-0.085707,0.002900,0.002545,-0.006752,-0.006392,-0.091230,-0.183574,-0.072447,-0.284275,-0.020491,-0.040577,-0.009611,-0.007515,0.024860,-0.049142,-0.126621,-0.038221,-0.051068,-0.123313,-0.036645,-0.037482,-0.136803,-0.032176,-0.032691,-0.147242,-0.034288,-0.068572,-0.123226,-0.043243,-0.032150,-0.096086,-0.040944,-0.030249,-0.031096,-0.044922
-0.053483,-0.134002,-0.043792,-0.039362,-0.179909,0.002374,0.042337,-0.085102,0.003859,0.002373,-0.007846,-0.005354,-0.096056,-0.185799,-0.082851,-0.383784,0.006657,-0.037839,-0.017965,-0.012773,0.052386,-0.052082,-0.121083,-0.044636,-0.063636,-0.122981,-0.047397,-0.044139,-0.141949,-0.041023,-0.035841,-0.155162,-0.044353,-0.072891,-0.122817,-0.046576,-0.033530,-0.096719,-0.044532,-0.041719,-0.024159,-0.044453
-0.056078,-0.126679,-0.047806,-0.052734,-0.175328,0.001251,0.031720,-0.082516,0.003689,0.002059,-0.008166,-0.003024,-0.099652,-0.181507,-0.087636,-0.483063,0.034448,-0.025558,-0.031608,-0.020785,0.092551,-0.054611,-0.113731,-0.048750,-0.079918,-0.120727,-0.056435,-0.053870,-0.145988,-0.047814,-0.040270,-0.162178,-0.052887,-0.076517,-0.120540,-0.047584,-0.034240,-0.097000,-0.046071,-0.053323,-0.017579,-0.041459
-0.060008,-0.117323,-0.048159,-0.070260,-0.164368,-0.000657,0.011340,-0.077336,0.002503,0.001669,-0.007606,0.000214,-0.102600,-0.169918,-0.084364,-0.567728,0.057711,-0.002644,-0.053024,-0.032008,0.142219,-0.058125,-0.105619,-0.049139,-0.099990,-0.116767,-0.061732,-0.067474,-0.148767,-0.050639,-0.045873,-0.168367,-0.058216,-0.079551,-0.116681,-0.045171,-0.034900,-0.097441,-0.044476,-0.064202,-0.012593,-0.035386
-0.066610,-0.106508,-0.044400,-0.090818,-0.147419,-0.003097,-0.013362,-0.069248,0.000718,0.001220,-0.006375,0.003675,-0.105616,-0.151375,-0.072692,-0.627204,0.072057,0.028449,-0.085860,-0.046367,0.192955,-0.064254,-0.097319,-0.045315,-0.123666,-0.111210,-0.062339,-0.085576,-0.149834,-0.048738,-0.052624,-0.173805,-0.059733,-0.082560,-0.111432,-0.038949,-0.036530,-0.098056,-0.039302,-0.074058,-0.009943,-0.026301
-0.076843,-0.094490,-0.037122,-0.112406,-0.125590,-0.005786,-0.036809,-0.058471,-0.001216,0.000670,-0.004842,0.006696,-0.109699,-0.127224,-0.054419,-0.656361,0.074375,0.062005,-0.134975,-0.062546,0.231987,-0.074332,-0.088815,-0.037851,-0.150304,-0.104181,-0.058665,-0.108252,-0.148636,-0.042770,-0.060702,-0.178508,-0.057998,-0.086479,-0.104981,-0.029312,-0.040257,-0.098304,-0.030791,-0.083363,-0.009673,-0.014758
-0.090940,-0.081329,-0.027674,-0.132947,-0.100364,-0.008603,-0.055852,-0.045764,-0.003119,-0.000000,-0.003328,0.008846,-0.115873,-0.099387,-0.032642,-0.655057,0.063138,0.090999,-0.205491,-0.077647,0.245849,-0.088800,-0.079755,-0.028111,-0.178719,-0.095990,-0.052223,-0.134758,-0.144797,-0.034507,-0.070532,-0.182225,-0.054346,-0.092373,-0.097667,-0.017278,-0.046945,-0.097278,-0.019727,-0.093086,-0.011077,-0.001580
-0.108240,-0.067095,-0.017779,-0.150923,-0.073378,-0.011659,-0.070034,-0.032178,-0.005151,-0.000706,-0.002005,0.009915,-0.124686,-0.069969,-0.010797,-0.627883,0.039423,0.109786,-0.300734,-0.088037,0.225792,-0.106976,-0.069771,-0.017863,-0.207444,-0.087088,-0.045116,-0.163665,-0.138278,-0.026252,-0.082790,-0.184215,-0.050362,-0.101165,-0.089928,-0.004339,-0.056931,-0.093965,-0.007342,-0.104139,-0.012771,0.012152
-0.127471,-0.052012,-0.009216,-0.165829,-0.046336,-0.015209,-0.080362,-0.018727,-0.007637,-0.001286,-0.000878,0.009837,-0.135911,-0.041027,0.008006,-0.583601,0.008036,0.116142,-0.420024,-0.091044,0.172186,-0.127434,-0.058663,-0.008945,-0.235267,-0.077785,-0.039473,-0.193385,-0.129299,-0.020194,-0.098381,-0.183255,-0.047459,-0.113391,-0.082022,0.007673,-0.069964,-0.087437,0.004738,-0.116886,-0.012911,0.024979
-0.147355,-0.036442,-0.003528,-0.178351,-0.020879,-0.019476,-0.088242,-0.006177,-0.010814,-0.001632,0.000172,0.008715,-0.148716,-0.014364,0.021378,-0.532860,-0.022933,0.111560,-0.557812,-0.085942,0.094989,-0.148726,-0.046410,-0.002954,-0.261636,-0.067978,-0.036948,-0.222717,-0.118159,-0.017865,-0.118278,-0.177910,-0.046603,-0.129073,-0.073781,0.016856,-0.085312,-0.076996,0.014697,-0.130923,-0.009529,0.035152
-0.167091,-0.020750,-0.001710,-0.190042,0.001692,-0.024493,-0.095047,0.005004,-0.014658,-0.001784,0.001252,0.006880,-0.162130,0.008726,0.027929,-0.484759,-0.044971,0.099692,-0.704889,-0.073305,0.009801,-0.169915,-0.033080,-0.000922,-0.286625,-0.057160,-0.038371,-0.251053,-0.105099,-0.019844,-0.143198,-0.166954,-0.048177,-0.147770,-0.064633,0.021708,-0.101963,-0.062368,0.020974,-0.145171,-0.000932,0.041048
-0.186440,-0.005159,-0.003980,-0.202585,0.020732,-0.030049,-0.101899,0.014618,-0.018870,-0.001882,0.002324,0.004874,-0.175464,0.027720,0.027442,-0.444465,-0.053083,0.084080,-0.851033,-0.053769,-0.067991,-0.190653,-0.018743,-0.003082,-0.310540,-0.044703,-0.043643,-0.278242,-0.090283,-0.025762,-0.173216,-0.149776,-0.052012,-0.168786,-0.053883,0.021576,-0.118942,-0.043914,0.022728,-0.158176,0.013892,0.041651
-0.205549,0.010336,-0.009800,-0.217071,0.036403,-0.035790,-0.109477,0.022724,-0.023007,-0.002051,0.003219,0.003288,-0.188590,0.042937,0.020766,-0.413075,-0.048099,0.066568,-0.987701,-0.027771,-0.127716,-0.210983,-0.003425,-0.008887,-0.333538,-0.030189,-0.051933,-0.304356,-0.073838,-0.034609,-0.207611,-0.126628,-0.057573,-0.191411,-0.041035,0.016799,-0.135720,-0.022664,0.020030,-0.168480,0.034945,0.036734
-0.224805,0.025924,-0.018191,-0.233734,0.049507,-0.041388,-0.117965,0.029598,-0.026685,-0.002344,0.003797,0.002562,-0.202144,0.055318,0.009369,-0.389015,-0.035743,0.046992,-1.109531,0.003582,-0.164977,-0.231169,0.012879,-0.017340,-0.355492,-0.013600,-0.062093,-0.329543,-0.055889,-0.045213,-0.245050,-0.098598,-0.064268,-0.215139,-0.025968,0.008430,-0.152551,-0.000055,0.013661,-0.175038,0.061092,0.026638
-0.244744,0.041821,-0.028146,-0.252119,0.061038,-0.046656,-0.127180,0.035595,-0.029691,-0.002759,0.004080,0.002892,-0.217503,0.065946,-0.005260,-0.369640,-0.023380,0.023901,-1.214067,0.037769,-0.180570,-0.251602,0.030131,-0.027414,-0.376058,0.004684,-0.073058,-0.353915,-0.036581,-0.056631,-0.283958,-0.067359,-0.071659,-0.239728,-0.008931,-0.002268,-0.170374,0.022515,0.004673,-0.177555,0.090252,0.011993
-0.265869,0.058078,-0.038890,-0.271418,0.071737,-0.051526,-0.136769,0.040971,-0.031956,-0.003273,0.004226,0.004285,-0.236367,0.075598,-0.021978,-0.352579,-0.016624,-0.004152,-1.300166,0.071293,-0.178003,-0.272636,0.048155,-0.038319,-0.394794,0.024045,-0.084019,-0.377411,-0.016095,-0.068240,-0.322791,-0.034781,-0.079472,-0.265073,0.009599,-0.014243,-0.190177,0.044018,-0.006003,-0.176605,0.119897,-0.006377
-0.288371,0.074530,-0.049909,-0.290718,0.081942,-0.055976,-0.146337,0.045825,-0.033489,-0.003869,0.004413,0.006649,-0.260048,0.084634,-0.039943,-0.337391,-0.017247,-0.037053,-1.366405,0.101002,-0.161034,-0.294374,0.066619,-0.049530,-0.411296,0.043852,-0.094403,-0.399744,0.005354,-0.079623,-0.360207,-0.002508,-0.087457,-0.290997,0.029117,-0.026815,-0.212280,0.063923,-0.017729,-0.173499,0.147732,-0.027352
-0.311995,0.090928,-0.060835,-0.309121,0.091829,-0.060043,-0.155501,0.050240,-0.034379,-0.004554,0.004771,0.009793,-0.289018,0.093287,-0.058257,-0.327939,-0.022507,-0.071621,-1.410550,0.125131,-0.132405,-0.316630,0.085157,-0.060665,-0.425379,0.063667,-0.103771,-0.420558,0.027578,-0.090412,-0.395295,0.028422,-0.095269,-0.317202,0.049260,-0.039587,-0.236230,0.082185,-0.030090,-0.170030,0.172255,-0.049489
-0.336229,0.107119,-0.071317,-0.325867,0.101805,-0.063908,-0.163939,0.054483,-0.034871,-0.005342,0.005378,0.013375,-0.323021,0.102090,-0.075581,-0.334152,-0.025716,-0.100927,-1.430007,0.143235,-0.094171,-0.339186,0.103486,-0.071353,-0.437261,0.083328,-0.111707,-0.439743,0.050457,-0.100169,-0.427868,0.057673,-0.102389,-0.343465,0.069878,-0.052257,-0.261355,0.099177,-0.042726,-0.168231,0.192930,-0.071220
-0.360617,0.123047,-0.080920,-0.340487,0.112641,-0.067939,-0.171432,0.059059,-0.035388,-0.006194,0.006284,0.016921,-0.361287,0.111978,-0.090081,-0.369242,-0.018669,-0.116032,-1.422581,0.155248,-0.049269,-0.362057,0.121368,-0.081122,-0.447604,0.102859,-0.117697,-0.457571,0.073835,-0.108263,-0.458489,0.085329,-0.108041,-0.369849,0.090963,-0.064492,-0.287340,0.115482,-0.055209,-0.170138,0.209914,-0.091135
-0.384863,0.138579,-0.089088,-0.352889,0.125193,-0.072557,-0.177902,0.064553,-0.036377,-0.006982,0.007539,0.020001,-0.402145,0.123919,-0.099934,-0.439654,0.003656,-0.111079,-1.387054,0.160507,-0.003323,-0.385460,0.138453,-0.089378,-0.457310,0.122292,-0.121079,-0.474471,0.097300,-0.113805,-0.488002,0.111397,-0.111181,-0.396658,0.112480,-0.075885,-0.314227,0.131568,-0.067039,-0.177478,0.223575,-0.108164
-0.408660,0.153378,-0.095189,-0.363301,0.139959,-0.077952,-0.183414,0.071389,-0.038023,-0.007530,0.009210,0.022496,-0.442339,0.138355,-0.104136,-0.533775,0.038552,-0.088899,-1.323301,0.157507,0.034992,-0.409452,0.154219,-0.095460,-0.467146,0.141562,-0.121123,-0.490633,0.120115,-0.115741,-0.516876,0.135554,-0.110637,-0.424085,0.134267,-0.085999,-0.341954,0.147538,-0.077716,-0.191345,0.234150,-0.121614
-0.431513,0.166951,-0.098588,-0.372211,0.156836,-0.083863,-0.188183,0.079660,-0.040033,-0.007729,0.011322,0.024792,-0.477387,0.154976,-0.102819,-0.622430,0.075962,-0.061181,-1.231704,0.144682,0.056320,-0.433615,0.168085,-0.098722,-0.477449,0.160568,-0.117154,-0.505806,0.141483,-0.113059,-0.544867,0.157341,-0.105341,-0.451818,0.156083,-0.094409,-0.370048,0.163182,-0.086803,-0.212066,0.241674,-0.131135
-0.452842,0.178830,-0.098632,-0.380442,0.175283,-0.089552,-0.192684,0.089136,-0.041598,-0.007645,0.013727,0.027833,-0.503434,0.173075,-0.096593,-0.674959,0.104968,-0.041225,-1.112535,0.121960,0.054869,-0.457122,0.179581,-0.098533,-0.488106,0.179310,-0.108527,-0.519477,0.161026,-0.104925,-0.571224,0.176586,-0.094456,-0.478969,0.177744,-0.100658,-0.397773,0.178260,-0.093874,-0.239343,0.246128,-0.136609
-0.472308,0.188803,-0.094582,-0.389392,0.194737,-0.093935,-0.197882,0.099419,-0.041507,-0.007606,0.016026,0.033092,-0.519185,0.192143,-0.085561,-0.677138,0.120926,-0.035425,-0.967077,0.092184,0.031565,-0.479123,0.188537,-0.094191,-0.498788,0.198011,-0.094547,-0.531224,0.179168,-0.090717,-0.595116,0.193683,-0.077406,-0.504352,0.199254,-0.104140,-0.424501,0.192842,-0.098368,-0.272476,0.247768,-0.137952
-0.490110,0.197173,-0.085721,-0.401123,0.214896,-0.095745,-0.205543,0.110086,-0.038384,-0.008249,0.017673,0.042489,-0.526401,0.212147,-0.069170,-0.635786,0.126980,-0.040906,-0.801175,0.061161,-0.006062,-0.499149,0.195337,-0.085035,-0.509241,0.217200,-0.074628,-0.540989,0.197190,-0.070168,-0.615853,0.209577,-0.054047,-0.526760,0.220896,-0.104089,-0.449869,0.207482,-0.099558,-0.310416,0.247444,-0.135000
-0.507039,0.204866,-0.071760,-0.418039,0.235583,-0.093711,-0.218708,0.120560,-0.031115,-0.010574,0.018208,0.058246,-0.529016,0.233165,-0.047196,-0.570451,0.129943,-0.049766,-0.628351,0.035757,-0.046929,-0.517297,0.201094,-0.070836,-0.519450,0.237709,-0.048803,-0.549069,0.216887,-0.043726,-0.632761,0.225455,-0.025068,-0.544974,0.243200,-0.099825,-0.473665,0.223060,-0.096823,-0.351691,0.246563,-0.127679
-0.524143,0.213143,-0.053190,-0.442191,0.256294,-0.086771,-0.242430,0.129747,-0.019582,-0.015971,0.017510,0.082669,-0.531497,0.254743,-0.020741,-0.502106,0.135283,-0.054751,-0.467729,0.020925,-0.080539,-0.534076,0.207413,-0.052140,-0.529623,0.260332,-0.018147,-0.555800,0.239804,-0.012788,-0.644943,0.242170,0.007784,-0.557682,0.266616,-0.091028,-0.495637,0.240220,-0.089962,-0.394541,0.246522,-0.116204
-0.542044,0.222911,-0.031094,-0.474550,0.275947,-0.074362,-0.284340,0.135789,-0.005421,-0.026246,0.015922,0.117899,-0.536746,0.275653,0.007977,-0.445126,0.144742,-0.052210,-0.335930,0.017452,-0.100316,-0.549934,0.215602,-0.030066,-0.540058,0.285175,0.015420,-0.561145,0.266302,0.020636,-0.651266,0.259688,0.042132,-0.563633,0.290919,-0.077728,-0.515373,0.258682,-0.079155,-0.437387,0.247999,-0.100888
-0.560263,0.234127,-0.006574,-0.514480,0.293174,-0.056684,-0.353268,0.136509,0.007982,-0.043555,0.014222,0.165513,-0.544394,0.294349,0.036906,-0.403991,0.156785,-0.041844,-0.239107,0.021800,-0.104683,-0.564735,0.225862,-0.005712,-0.550918,0.311204,0.049873,-0.564599,0.295138,0.054650,-0.650823,0.277201,0.075862,-0.562042,0.314876,-0.060115,-0.532185,0.277014,-0.064653,-0.479270,0.250728,-0.081726
-0.577186,0.245845,0.019527,-0.559527,0.306922,-0.034745,-0.454496,0.130713,0.017022,-0.070228,0.013590,0.225798,-0.551050,0.309655,0.064996,-0.375134,0.168418,-0.025099,-0.172205,0.028109,-0.095839,-0.577644,0.237246,0.020120,-0.561945,0.336557,0.083653,-0.565633,0.324025,0.087888,-0.643745,0.294087,0.107673,-0.553015,0.336653,-0.038615,-0.545045,0.293272,-0.046727,-0.519867,0.253951,-0.058412
-0.590867,0.256921,0.046245,-0.605616,0.316777,-0.010094,-0.584149,0.119525,0.020248,-0.108495,0.015708,0.296933,-0.552841,0.320971,0.091591,-0.352428,0.176986,-0.004144,-0.125429,0.031247,-0.077797,-0.587622,0.248490,0.046526,-0.572280,0.359455,0.115535,-0.564376,0.350690,0.119258,-0.631870,0.310915,0.136846,-0.537803,0.354781,-0.014345,-0.552858,0.306086,-0.026099,-0.559133,0.257078,-0.031015
-0.600074,0.266703,0.072003,-0.647908,0.322783,0.015623,-0.728593,0.106316,0.019451,-0.160230,0.022711,0.374839,-0.548330,0.327978,0.115241,-0.332129,0.181178,0.018138,-0.091176,0.029104,-0.055160,-0.594088,0.258927,0.071985,-0.580611,0.378930,0.144147,-0.561948,0.373515,0.147469,-0.618634,0.329354,0.162683,-0.518703,0.368835,0.010631,-0.555133,0.315324,-0.004329,-0.596944,0.259982,-0.000686
-0.604674,0.275098,0.094710,-0.682110,0.325108,0.040868,-0.870869,0.094899,0.018198,-0.226578,0.036529,0.454023,-0.539436,0.330387,0.133532,-0.314018,0.181116,0.038200,-0.065982,0.022867,-0.032579,-0.597084,0.268588,0.094438,-0.585619,0.394768,0.167841,-0.560084,0.391336,0.171012,-0.608047,0.350852,0.184293,-0.498539,0.379249,0.033677,-0.552571,0.321846,0.016364,-0.632960,0.262765,0.030346
-0.605132,0.282031,0.112367,-0.705496,0.323962,0.063998,-0.998346,0.087603,0.019228,-0.307268,0.057679,0.528764,-0.529911,0.328126,0.144257,-0.299435,0.177805,0.052743,-0.048383,0.015416,-0.014028,-0.596775,0.277456,0.111899,-0.586395,0.406868,0.185044,-0.560256,0.402946,0.188547,-0.603247,0.375069,0.200829,-0.479896,0.386526,0.052275,-0.546982,0.326649,0.033665,-0.666603,0.265352,0.059397
-0.601768,0.286892,0.123606,-0.717116,0.319778,0.082939,-1.104978,0.085199,0.022955,-0.399791,0.084269,0.593591,-0.522952,0.321733,0.146772,-0.289110,0.172436,0.060044,-0.036743,0.009257,-0.001766,-0.592900,0.284684,0.122985,-0.582578,0.414705,0.194692,-0.562829,0.407041,0.199241,-0.605342,0.399253,0.211744,-0.464494,0.390589,0.064481,-0.540493,0.330134,0.045625,-0.696979,0.267320,0.083950
-0.594516,0.288482,0.127865,-0.717474,0.313302,0.095304,-1.188320,0.088775,0.027737,-0.499271,0.111935,0.642691,-0.519656,0.312412,0.142375,-0.282489,0.165955,0.060618,-0.028951,0.005404,0.004257,-0.584825,0.288517,0.127099,-0.574331,0.417337,0.196464,-0.566770,0.402829,0.202809,-0.612986,0.418903,0.216782,-0.452944,0.390727,0.069098,-0.534718,0.331995,0.050918,-0.722772,0.268097,0.101983
-0.583348,0.285503,0.125394,-0.708152,0.305267,0.099299,-1.246135,0.101671,0.031079,-0.599784,0.134925,0.668711,-0.518936,0.301486,0.133522,-0.278174,0.158940,0.056633,-0.023127,0.003553,0.005898,-0.572241,0.287050,0.124458,-0.562235,0.413861,0.190895,-0.570093,0.390805,0.199466,-0.622871,0.429278,0.215888,-0.445030,0.386071,0.065876,-0.530581,0.331667,0.049128,-0.742326,0.267346,0.112165
-0.568863,0.277284,0.117309,-0.691572,0.295829,0.095018,-1.275927,0.129248,0.031017,-0.696752,0.148103,0.662488,-0.518459,0.289591,0.122554,-0.274575,0.151585,0.050546,-0.018116,0.002910,0.005480,-0.555904,0.279350,0.116164,-0.547108,0.403985,0.179450,-0.570796,0.373047,0.189998,-0.631010,0.427024,0.209295,-0.440310,0.376272,0.055846,-0.528679,0.328951,0.041126,-0.754009,0.265233,0.114130
-0.552486,0.264354,0.105607,-0.670826,0.284358,0.085167,-1.277300,0.175412,0.027404,-0.788800,0.149389,0.615580,-0.515810,0.276308,0.110816,-0.270359,0.143737,0.043959,-0.013519,0.002820,0.004592,-0.537752,0.266249,0.104234,-0.529829,0.388474,0.164470,-0.567741,0.352814,0.175934,-0.634236,0.411316,0.197835,-0.438502,0.362025,0.041468,-0.529571,0.324355,0.029217,-0.756693,0.262492,0.108712
-0.536115,0.248514,0.092835,-0.649459,0.270005,0.074331,-1.254604,0.237312,0.022638,-0.877422,0.141491,0.525376,-0.509362,0.260703,0.098627,-0.264694,0.135128,0.037349,-0.009433,0.002930,0.003715,-0.520255,0.250273,0.091266,-0.511324,0.369264,0.148754,-0.560962,0.333555,0.159530,-0.631209,0.384209,0.183177,-0.439312,0.345141,0.026127,-0.533591,0.318970,0.016623,-0.750077,0.260243,0.097802
-0.521467,0.232267,0.081310,-0.630963,0.252713,0.066884,-1.216924,0.302541,0.021045,-0.964623,0.131345,0.398941,-0.498670,0.242396,0.085870,-0.257339,0.125762,0.030558,-0.006100,0.003098,0.002628,-0.505412,0.234629,0.079620,-0.492636,0.349066,0.134729,-0.551351,0.317704,0.143315,-0.622542,0.350113,0.167634,-0.441920,0.328006,0.012962,-0.540450,0.313915,0.006296,-0.734800,0.259594,0.083659
-0.509527,0.217842,0.072245,-0.617941,0.233859,0.064764,-1.174631,0.353108,0.026589,-1.050700,0.126661,0.251222,-0.484390,0.222318,0.072637,-0.248587,0.116167,0.023463,-0.003662,0.003265,0.001079,-0.494044,0.221764,0.070518,-0.474911,0.330481,0.123596,-0.540051,0.305762,0.129328,-0.610151,0.314417,0.153489,-0.444711,0.312641,0.003599,-0.549044,0.309701,-0.000308,-0.712395,0.261116,0.068057
-0.500352,0.206362,0.065385,-0.611278,0.215970,0.066614,-1.135011,0.374844,0.040119,-1.134288,0.131384,0.098127,-0.467868,0.202571,0.059532,-0.239094,0.107274,0.016385,-0.002126,0.003363,-0.000758,-0.485735,0.212390,0.063671,-0.459289,0.315078,0.114993,-0.528021,0.296159,0.118501,-0.596277,0.281682,0.142214,-0.445600,0.299876,-0.002322,-0.557629,0.305868,-0.003659,-0.685101,0.264435,0.051924
-0.493309,0.197666,0.059432,-0.609863,0.201677,0.068860,-1.100353,0.364946,0.058451,-1.214356,0.143403,-0.049673,-0.450627,0.185523,0.047486,-0.229659,0.099969,0.010016,-0.001445,0.003239,-0.002293,-0.479384,0.205550,0.057731,-0.446752,0.302979,0.107435,-0.515955,0.286075,0.110574,-0.582639,0.254259,0.134050,-0.442867,0.289179,-0.006512,-0.564259,0.301163,-0.005490,-0.655603,0.268218,0.035722
-0.487558,0.190801,0.052953,-0.611128,0.192535,0.067907,-1.069430,0.331819,0.076257,-1.291866,0.156336,-0.187346,-0.434042,0.172756,0.037288,-0.221030,0.094663,0.005003,-0.001558,0.002678,-0.002906,-0.473975,0.199567,0.051225,-0.438008,0.293102,0.099214,-0.504406,0.272812,0.104508,-0.570006,0.231990,0.128112,-0.436070,0.279187,-0.010761,-0.567353,0.294172,-0.007552,-0.626749,0.270598,0.020150
-0.482538,0.184713,0.045140,-0.612144,0.188406,0.061974,-1.040364,0.288865,0.089153,-1.369539,0.163820,-0.312141,-0.419308,0.164466,0.029186,-0.213827,0.091132,0.001542,-0.002367,0.001544,-0.002375,-0.469114,0.193092,0.043357,-0.433346,0.283791,0.089217,-0.493883,0.255015,0.099034,-0.558203,0.212843,0.122850,-0.426466,0.268483,-0.015919,-0.566179,0.283992,-0.010656,-0.601260,0.269797,0.006504
-0.478169,0.178660,0.036055,-0.610680,0.187633,0.051580,-1.012379,0.247993,0.095567,-1.450203,0.162994,-0.420150,-0.407541,0.159572,0.022822,-0.208530,0.088682,-0.000727,-0.003689,-0.000080,-0.001002,-0.465064,0.185594,0.034226,-0.432555,0.273476,0.077270,-0.484825,0.233130,0.093066,-0.546404,0.194008,0.116600,-0.416544,0.256158,-0.021691,-0.560966,0.270562,-0.014538,-0.581338,0.264589,-0.003616
-0.474730,0.172304,0.026353,-0.605747,0.187854,0.038763,-0.985639,0.216487,0.096471,-1.535164,0.155236,-0.506326,-0.399747,0.156362,0.017477,-0.205464,0.086504,-0.002492,-0.005264,-0.001882,0.000597,-0.462367,0.177248,0.024532,-0.434963,0.261198,0.063973,-0.477537,0.209068,0.085914,-0.533596,0.173070,0.108035,-0.408860,0.242016,-0.027163,-0.552535,0.254543,-0.018405,-0.568152,0.254457,-0.009016
-0.472563,0.165623,0.016802,-0.597524,0.186984,0.025799,-0.960185,0.197259,0.093832,-1.623542,0.144628,-0.566524,-0.396592,0.153301,0.012416,-0.204714,0.084003,-0.004430,-0.006774,-0.003469,0.001834,-0.461420,0.168576,0.015065,-0.439616,0.246880,0.050268,-0.472159,0.185398,0.077301,-0.519032,0.148960,0.096446,-0.404886,0.226510,-0.031529,-0.541777,0.236979,-0.021631,-0.561487,0.239573,-0.009518
-0.471849,0.158805,0.007906,-0.586896,0.183898,0.014200,-0.935254,0.190605,0.089109,-1.712586,0.135790,-0.599082,-0.398148,0.149584,0.007148,-0.206073,0.080966,-0.006931,-0.007898,-0.004559,0.002423,-0.462261,0.160123,0.006323,-0.445495,0.231213,0.037001,-0.468678,0.164489,0.067257,-0.502609,0.122339,0.081811,-0.404629,0.210480,-0.034532,-0.529448,0.218964,-0.024112,-0.559902,0.220747,-0.006071
-0.472522,0.152105,-0.000196,-0.574992,0.178563,0.004384,-0.909403,0.195404,0.082673,-1.798478,0.132394,-0.604974,-0.403779,0.145199,0.001543,-0.209070,0.077518,-0.009985,-0.008412,-0.005103,0.002483,-0.464608,0.152254,-0.001581,-0.451711,0.215187,0.024684,-0.466970,0.147827,0.055983,-0.485037,0.095252,0.064721,-0.407138,0.194790,-0.036449,-0.516387,0.201418,-0.026160,-0.561368,0.199340,-0.000368
-0.474319,0.145690,-0.007605,-0.562903,0.171652,-0.004020,-0.881128,0.208977,0.074210,-1.876980,0.136821,-0.586983,-0.412259,0.140543,-0.004235,-0.213092,0.073929,-0.013273,-0.008305,-0.005251,0.002414,-0.467994,0.145051,-0.008780,-0.457666,0.199610,0.013474,-0.466859,0.135716,0.043782,-0.467675,0.070283,0.046193,-0.411316,0.180022,-0.037806,-0.503729,0.184960,-0.028185,-0.563917,0.177008,0.005720
-0.476873,0.139532,-0.014478,-0.551603,0.163952,-0.011601,-0.849596,0.226602,0.063530,-1.943669,0.150475,-0.548621,-0.422068,0.135897,-0.009936,-0.217527,0.070407,-0.016408,-0.007814,-0.005188,0.002634,-0.471908,0.138336,-0.015456,-0.463204,0.184919,0.003296,-0.468176,0.127436,0.031062,-0.452084,0.049676,0.027417,-0.416414,0.166391,-0.039099,-0.492749,0.169863,-0.030471,-0.565946,0.155324,0.010549
-0.479860,0.133438,-0.020920,-0.541956,0.155968,-0.018749,-0.815232,0.242233,0.051082,-1.994086,0.173985,-0.493331,-0.431750,0.131152,-0.015421,-0.221858,0.067003,-0.019171,-0.007304,-0.005002,0.003336,-0.475954,0.131807,-0.021734,-0.468628,0.171322,-0.006000,-0.470797,0.121766,0.018328,-0.439570,0.034845,0.009496,-0.422075,0.153890,-0.040698,-0.484436,0.156127,-0.033170,-0.566246,0.135477,0.012864
-0.483147,0.127233,-0.026995,-0.534770,0.147969,-0.025574,-0.779742,0.250598,0.037779,-2.024160,0.207042,-0.424409,-0.440207,0.125952,-0.020728,-0.225683,0.063653,-0.021578,-0.007053,-0.004709,0.004443,-0.479994,0.125250,-0.027681,-0.474494,0.159021,-0.014543,-0.474657,0.117574,0.006110,-0.430996,0.026342,-0.006741,-0.428201,0.142514,-0.042856,-0.479183,0.143643,-0.036398,-0.564003,0.118263,0.011831
-0.486861,0.120987,-0.032777,-0.530768,0.140293,-0.032092,-0.745294,0.249333,0.024352,-2.030806,0.248239,-0.345653,-0.446851,0.120112,-0.025987,-0.228714,0.060320,-0.023782,-0.007093,-0.004360,0.005754,-0.484212,0.118740,-0.033369,-0.481287,0.148290,-0.022437,-0.479725,0.114163,-0.005187,-0.426864,0.024017,-0.020820,-0.434832,0.132400,-0.045722,-0.476762,0.132369,-0.040272,-0.558833,0.104260,0.007056
-0.491337,0.115083,-0.038413,-0.530454,0.133547,-0.038449,-0.713541,0.239734,0.010866,-2.012255,0.295334,-0.262011,-0.451635,0.113907,-0.031321,-0.230830,0.057109,-0.025937,-0.007273,-0.004085,0.007107,-0.489029,0.112650,-0.038937,-0.489204,0.139364,-0.029833,-0.485993,0.111255,-0.015423,-0.427475,0.027136,-0.032650,-0.442057,0.123760,-0.049327,-0.476539,0.122340,-0.044871,-0.550750,0.093914,-0.001415
-0.496973,0.110032,-0.044142,-0.534018,0.128446,-0.044955,-0.685829,0.226093,-0.003009,-1.968027,0.345739,-0.179356,-0.455009,0.107954,-0.036816,-0.232164,0.054254,-0.028147,-0.007444,-0.003982,0.008433,-0.494930,0.107441,-0.044613,-0.498181,0.132222,-0.036999,-0.493500,0.108736,-0.024790,-0.433025,0.034490,-0.042505,-0.449975,0.116665,-0.053595,-0.477807,0.113536,-0.050189,-0.540094,0.087378,-0.013176
-0.504100,0.106143,-0.050236,-0.541453,0.125427,-0.051873,-0.665118,0.214399,-0.016872,-1.898998,0.396759,-0.103337,-0.457839,0.102803,-0.042573,-0.233127,0.051960,-0.030506,-0.007579,-0.004029,0.009707,-0.502294,0.103362,-0.050664,-0.508046,0.126478,-0.044286,-0.502387,0.106439,-0.033733,-0.443566,0.044569,-0.050943,-0.458684,0.110878,-0.058395,-0.480058,0.105742,-0.056142,-0.527487,0.084267,-0.027605
-0.512881,0.103341,-0.056868,-0.552781,0.124375,-0.059099,-0.657724,0.210811,-0.028470,-1.807830,0.445447,-0.038143,-0.461212,0.098565,-0.048717,-0.234296,0.050213,-0.033111,-0.007709,-0.004135,0.010920,-0.511274,0.100305,-0.057259,-0.518653,0.121513,-0.051966,-0.512885,0.104127,-0.042712,-0.458866,0.055842,-0.058606,-0.468252,0.105907,-0.063579,-0.483037,0.098558,-0.062583,-0.513759,0.083615,-0.043936
-0.523241,0.101205,-0.063947,-0.567952,0.124635,-0.066041,-0.671238,0.219546,-0.034179,-1.699249,0.488435,0.013819,-0.466086,0.094843,-0.055301,-0.236202,0.048743,-0.035979,-0.007840,-0.004239,0.012139,-0.521745,0.097883,-0.064310,-0.529928,0.116748,-0.060032,-0.525242,0.101618,-0.051923,-0.478324,0.066962,-0.065937,-0.478640,0.101216,-0.068934,-0.486568,0.091588,-0.069277,-0.499771,0.084147,-0.061263
-0.534858,0.099198,-0.071095,-0.586282,0.125218,-0.071938,-0.707595,0.240398,-0.031755,-1.579449,0.522189,0.051137,-0.472866,0.090938,-0.062214,-0.239109,0.047148,-0.038981,-0.007958,-0.004329,0.013533,-0.533373,0.095640,-0.071435,-0.541927,0.111841,-0.068165,-0.539645,0.098896,-0.061214,-0.501077,0.076854,-0.073051,-0.489691,0.096402,-0.074123,-0.490402,0.084639,-0.075843,-0.486222,0.084714,-0.078534
-0.547252,0.096904,-0.077819,-0.606019,0.125102,-0.076403,-0.757073,0.267657,-0.023287,-1.454616,0.543613,0.072548,-0.481151,0.086161,-0.069223,-0.242884,0.045106,-0.041906,-0.008084,-0.004351,0.015255,-0.545786,0.093261,-0.078122,-0.554900,0.106670,-0.075948,-0.556224,0.096112,-0.070307,-0.526271,0.084801,-0.079888,-0.501238,0.091223,-0.078694,-0.494228,0.077813,-0.081772,-0.473581,0.084655,-0.094635
-0.559929,0.094184,-0.083754,-0.624784,0.123581,-0.079682,-0.801173,0.292362,-0.014928,-1.329563,0.550677,0.077250,-0.489888,0.080089,-0.076101,-0.247053,0.042522,-0.044589,-0.008284,-0.004151,0.017320,-0.558704,0.090674,-0.083975,-0.569289,0.101239,-0.083148,-0.575062,0.093525,-0.079093,-0.553228,0.090613,-0.086505,-0.513106,0.085530,-0.082177,-0.497735,0.071415,-0.086518,-0.462117,0.083898,-0.108527
-0.572504,0.091210,-0.088767,-0.640777,0.120631,-0.082404,-0.823761,0.307074,-0.013053,-1.207406,0.542986,0.066074,-0.497882,0.072764,-0.082647,-0.251056,0.039595,-0.046919,-0.008621,-0.003500,0.019672,-0.571938,0.088035,-0.088834,-0.585557,0.095621,-0.089802,-0.596125,0.091417,-0.087705,-0.581350,0.094733,-0.093195,-0.524922,0.079196,-0.084178,-0.500581,0.065723,-0.089595,-0.451890,0.082779,-0.119354
-0.584772,0.088397,-0.092855,-0.653683,0.117074,-0.085138,-0.820099,0.309524,-0.020548,-1.090073,0.522249,0.041898,-0.504321,0.064756,-0.088535,-0.254553,0.036816,-0.048657,-0.009085,-0.002153,0.022475,-0.585338,0.085620,-0.092690,-0.603954,0.089933,-0.096068,-0.619132,0.089989,-0.096324,-0.609938,0.098065,-0.100313,-0.535968,0.072073,-0.084367,-0.502365,0.060790,-0.090579,-0.442726,0.081765,-0.126473
-0.596781,0.086231,-0.095891,-0.664646,0.114272,-0.088031,-0.796152,0.302464,-0.036327,-0.978599,0.492181,0.008671,-0.509070,0.056953,-0.093162,-0.257723,0.034885,-0.049301,-0.009590,0.000094,0.026363,-0.598820,0.083690,-0.095440,-0.624450,0.084311,-0.101916,-0.643583,0.089310,-0.104861,-0.638182,0.101612,-0.107940,-0.545329,0.063992,-0.082359,-0.502648,0.056417,-0.089003,-0.434231,0.081298,-0.129367
-0.608871,0.085081,-0.097314,-0.675538,0.113324,-0.090410,-0.761388,0.290591,-0.057128,-0.872728,0.457317,-0.029788,-0.512806,0.050009,-0.095716,-0.261758,0.034542,-0.048264,-0.010107,0.003352,0.032464,-0.612456,0.082439,-0.096566,-0.646917,0.078993,-0.106789,-0.669014,0.089458,-0.112656,-0.665351,0.106291,-0.115557,-0.552249,0.054845,-0.077517,-0.501020,0.052335,-0.084190,-0.425863,0.081832,-0.127442
-0.621559,0.085112,-0.095910,-0.688145,0.114107,-0.090245,-0.722858,0.277315,-0.078860,-0.770672,0.421116,-0.069813,-0.517100,0.043741,-0.095554,-0.269734,0.036456,-0.045481,-0.010879,0.007517,0.042201,-0.626423,0.082099,-0.094893,-0.671291,0.074491,-0.109400,-0.695254,0.090808,-0.118331,-0.690959,0.113104,-0.121918,-0.556369,0.044784,-0.068767,-0.497164,0.048450,-0.075083,-0.417013,0.083941,-0.119820
-0.635167,0.086348,-0.089929,-0.703485,0.114808,-0.083995,-0.683966,0.263202,-0.096677,-0.670250,0.384459,-0.106868,-0.524272,0.036936,-0.092688,-0.287560,0.041398,-0.042217,-0.012608,0.012132,0.057115,-0.640708,0.083134,-0.088690,-0.697384,0.071646,-0.107904,-0.722371,0.094223,-0.120028,-0.714707,0.123277,-0.125284,-0.557740,0.034373,-0.054638,-0.490928,0.044954,-0.060271,-0.407071,0.088260,-0.105351
-0.649430,0.088725,-0.077822,-0.721406,0.112632,-0.067807,-0.646226,0.246392,-0.105387,-0.571185,0.345558,-0.135255,-0.536698,0.028006,-0.087958,-0.323859,0.050694,-0.041356,-0.016554,0.016429,0.078923,-0.654822,0.086145,-0.076411,-0.724404,0.071236,-0.100669,-0.750304,0.100725,-0.116211,-0.736262,0.137813,-0.124159,-0.556705,0.024402,-0.033868,-0.482385,0.042052,-0.038596,-0.395491,0.095084,-0.083206
-0.663482,0.092044,-0.059426,-0.740547,0.105699,-0.040193,-0.611005,0.224449,-0.101549,-0.476444,0.301473,-0.150058,-0.555677,0.016433,-0.082498,-0.387276,0.066389,-0.046272,-0.024578,0.019639,0.109782,-0.667898,0.091362,-0.057888,-0.750630,0.073224,-0.087426,-0.778483,0.110661,-0.106754,-0.755092,0.156474,-0.118296,-0.553884,0.015336,-0.006546,-0.471895,0.039317,-0.010291,-0.381849,0.103731,-0.054013
-0.676214,0.095956,-0.036616,-0.758539,0.094821,-0.004190,-0.579544,0.196517,-0.085961,-0.390601,0.250451,-0.150181,-0.580565,0.004102,-0.076707,-0.481258,0.090395,-0.058294,-0.039178,0.021270,0.152264,-0.679119,0.098171,-0.035007,-0.773596,0.076292,-0.069846,-0.805691,0.123008,-0.093399,-0.770509,0.177128,-0.109109,-0.550310,0.006942,0.025170,-0.460177,0.035256,0.022277,-0.365901,0.112183,-0.020613
-0.686633,0.100152,-0.012505,-0.772382,0.083400,0.033528,-0.551889,0.164456,-0.063609,-0.316306,0.193761,-0.139268,-0.608934,-0.004857,-0.069557,-0.599704,0.122883,-0.074544,-0.063492,0.020988,0.208596,-0.687936,0.105321,-0.010910,-0.790758,0.078392,-0.050743,-0.830216,0.135646,-0.078822,-0.782012,0.196493,-0.098743,-0.547420,-0.001318,0.057738,-0.448267,0.027827,0.055312,-0.347762,0.117622,0.012747
-0.693989,0.104489,0.010322,-0.779503,0.075337,0.066435,-0.527009,0.132557,-0.040397,-0.252741,0.136087,-0.123023,-0.637743,-0.006180,-0.059085,-0.728373,0.161668,-0.088545,-0.101198,0.018282,0.279436,-0.693893,0.111578,0.011785,-0.800353,0.078094,-0.032354,-0.850181,0.146460,-0.064831,-0.789840,0.212059,-0.088282,-0.546414,-0.009528,0.087896,-0.437152,0.015806,0.085364,-0.328207,0.117790,0.042507
-0.697911,0.108697,0.030877,-0.779543,0.072753,0.091538,-0.504768,0.106197,-0.019563,-0.197858,0.084307,-0.105430,-0.664562,0.001694,-0.043910,-0.852528,0.203850,-0.093857,-0.156216,0.012639,0.363071,-0.696494,0.116035,0.032065,-0.802110,0.075628,-0.015277,-0.864023,0.154275,-0.051315,-0.795413,0.223815,-0.076762,-0.547186,-0.017131,0.113718,-0.427255,-0.000132,0.110559,-0.308873,0.112291,0.067327
-0.698549,0.111912,0.049292,-0.775317,0.075082,0.109794,-0.487023,0.089713,-0.000949,-0.151113,0.045002,-0.087304,-0.687868,0.016022,-0.024708,-0.964480,0.248290,-0.087831,-0.231995,0.004489,0.455440,-0.695450,0.117935,0.050048,-0.797485,0.072791,0.001065,-0.871062,0.159065,-0.036897,-0.801184,0.234570,-0.062006,-0.547952,-0.023457,0.134297,-0.418395,-0.017450,0.130361,-0.292081,0.102924,0.087743
-0.696409,0.112783,0.065557,-0.771262,0.079680,0.123991,-0.475196,0.083832,0.016813,-0.113054,0.021535,-0.067898,-0.706390,0.030742,-0.004476,-1.064130,0.296289,-0.072300,-0.330212,-0.003789,0.550441,-0.690974,0.116709,0.065746,-0.789122,0.071995,0.017052,-0.871917,0.161739,-0.020656,-0.809734,0.248747,-0.042609,-0.546322,-0.028105,0.148870,-0.410350,-0.032663,0.144553,-0.280206,0.092938,0.104533
-0.691830,0.110454,0.078684,-0.770139,0.083478,0.136076,-0.466595,0.084362,0.033596,-0.083193,0.012351,-0.047373,-0.718523,0.039822,0.012643,-1.152749,0.349939,-0.051019,-0.449081,-0.008015,0.640083,-0.683651,0.112570,0.078238,-0.779720,0.075258,0.031770,-0.868368,0.163874,-0.003506,-0.822514,0.270235,-0.019501,-0.540991,-0.030672,0.156443,-0.403331,-0.042440,0.152578,-0.274760,0.085731,0.117400
-0.684543,0.105725,0.086855,-0.770755,0.084941,0.145661,-0.454465,0.084211,0.047029,-0.059741,0.011892,-0.027749,-0.722661,0.041120,0.023258,-1.226668,0.409929,-0.026610,-0.582212,-0.004157,0.714834,-0.673886,0.107097,0.085808,-0.770821,0.083594,0.042914,-0.862565,0.167317,0.011723,-0.838917,0.300253,0.003976,-0.532521,-0.030313,0.156197,-0.397744,-0.044536,0.153717,-0.275658,0.083592,0.124985
-0.673741,0.101256,0.088476,-0.768511,0.085088,0.150474,-0.432805,0.078119,0.054246,-0.041158,0.013714,-0.011750,-0.718212,0.038034,0.026330,-1.276495,0.474405,0.000556,-0.719249,0.008874,0.764602,-0.661517,0.103005,0.086949,-0.762275,0.096791,0.047857,-0.856068,0.173561,0.021613,-0.856223,0.336302,0.023512,-0.522767,-0.025851,0.148350,-0.393617,-0.038462,0.147933,-0.281166,0.086972,0.126096
-0.658735,0.100382,0.083488,-0.758169,0.086783,0.148259,-0.401270,0.066355,0.054283,-0.026955,0.013638,-0.000957,-0.706206,0.037586,0.023728,-1.292128,0.538817,0.031335,-0.848831,0.028125,0.780047,-0.646105,0.102967,0.081649,-0.752775,0.113558,0.045371,-0.849389,0.183169,0.024201,-0.870658,0.372877,0.036035,-0.513668,-0.016470,0.134829,-0.390475,-0.025667,0.136691,-0.288664,0.094580,0.121085
-0.639802,0.105281,0.074004,-0.736832,0.092909,0.138504,-0.365469,0.054198,0.048779,-0.016978,0.010928,0.004975,-0.688854,0.046360,0.019602,-1.269958,0.595965,0.066055,-0.962824,0.048947,0.753654,-0.627814,0.108207,0.072036,-0.741085,0.132046,0.036906,-0.842287,0.195648,0.020463,-0.879091,0.403543,0.041367,-0.506316,-0.002453,0.119059,-0.387795,-0.009063,0.122952,-0.295744,0.104139,0.112230
-0.618611,0.115888,0.063619,-0.705443,0.104890,0.122755,-0.332971,0.047951,0.040628,-0.010602,0.007206,0.007639,-0.668612,0.067204,0.018729,-1.217680,0.636449,0.103362,-1.059302,0.069409,0.680805,-0.608053,0.117910,0.061706,-0.726992,0.150474,0.026310,-0.834356,0.209902,0.014024,-0.880264,0.423283,0.042114,-0.500722,0.014684,0.104793,-0.385522,0.008005,0.110142,-0.300911,0.113272,0.102703
-0.597782,0.130252,0.055673,-0.668285,0.122311,0.103679,-0.308892,0.050929,0.032156,-0.006771,0.004455,0.008668,-0.647581,0.098454,0.024329,-1.153001,0.650955,0.140188,-1.142044,0.092970,0.561453,-0.589173,0.129879,0.053989,-0.711280,0.167574,0.017912,-0.825361,0.224976,0.009084,-0.874735,0.430123,0.041739,-0.496233,0.032827,0.094537,-0.384139,0.023000,0.100643,-0.303652,0.120189,0.094848
-0.579797,0.145832,0.051556,-0.631082,0.143365,0.083847,-0.294067,0.062101,0.024321,-0.004493,0.003641,0.009018,-0.627374,0.135279,0.036354,-1.095796,0.634790,0.172661,-1.216884,0.126901,0.401856,-0.573347,0.141901,0.050226,-0.695015,0.182794,0.014204,-0.815145,0.240582,0.007980,-0.863944,0.425589,0.042277,-0.492114,0.050276,0.088499,-0.384297,0.035110,0.094722,-0.304183,0.124194,0.088967
-0.565961,0.160742,0.050188,-0.598756,0.165641,0.064975,-0.286092,0.077547,0.017031,-0.003123,0.004500,0.008975,-0.609005,0.171883,0.051395,-1.057990,0.592060,0.197497,-1.287910,0.177788,0.214519,-0.561559,0.152842,0.049258,-0.678922,0.196335,0.014732,-0.803481,0.257026,0.010130,-0.849400,0.413920,0.043407,-0.487907,0.066449,0.084696,-0.386289,0.045333,0.090593,-0.303208,0.125942,0.083460
-0.556079,0.174303,0.048941,-0.573853,0.186966,0.047740,-0.281656,0.093113,0.009843,-0.002313,0.006100,0.008507,-0.592615,0.203547,0.064423,-1.037760,0.535860,0.213141,-1.356205,0.247858,0.015505,-0.553418,0.162930,0.048382,-0.663352,0.209051,0.016807,-0.790137,0.274684,0.012909,-0.832416,0.400486,0.043322,-0.483506,0.081882,0.080203,-0.389719,0.055651,0.085582,-0.301773,0.127216,0.076161
-0.548902,0.186886,0.045235,-0.556207,0.205991,0.032033,-0.278296,0.106290,0.002450,-0.001839,0.007489,0.007576,-0.577394,0.227788,0.071207,-1.021648,0.483761,0.220005,-1.421029,0.334621,-0.179138,-0.547753,0.173292,0.044989,-0.648656,0.222159,0.017257,-0.775122,0.293482,0.013477,-0.814063,0.390201,0.040310,-0.479129,0.097699,0.072698,-0.393634,0.067875,0.077596,-0.301154,0.130216,0.065824
-0.542925,0.199321,0.037731,-0.543794,0.222315,0.017419,-0.274795,0.116466,-0.005180,-0.001545,0.008084,0.006277,-0.562042,0.244435,0.069881,-0.992649,0.451071,0.219656,-1.481221,0.433190,-0.355584,-0.543366,0.185165,0.037770,-0.635421,0.236846,0.013976,-0.758813,0.312747,0.010219,-0.794993,0.386498,0.033794,-0.475239,0.114969,0.061370,-0.397042,0.082912,0.065976,-0.302591,0.136712,0.052677
-0.537021,0.212366,0.026593,-0.534081,0.236296,0.003521,-0.270747,0.124196,-0.012872,-0.001346,0.007763,0.004824,-0.545597,0.255034,0.061059,-0.939130,0.445115,0.213550,-1.535421,0.539063,-0.502982,-0.539411,0.199262,0.026938,-0.624281,0.253880,0.006495,-0.741788,0.331462,0.003111,-0.775320,0.390828,0.024373,-0.472316,0.134300,0.046839,-0.399436,0.100721,0.051388,-0.306784,0.147413,0.037884
-0.530697,0.226507,0.012977,-0.525153,0.248845,-0.009856,-0.266129,0.130487,-0.020405,-0.001207,0.006813,0.003459,-0.528088,0.262113,0.046905,-0.860273,0.462698,0.202140,-1.581731,0.649785,-0.614094,-0.535413,0.215629,0.013666,-0.615454,0.273403,-0.004351,-0.724526,0.348664,-0.006768,-0.754796,0.402519,0.013247,-0.470561,0.155749,0.030449,-0.400950,0.120671,0.035121,-0.313430,0.161834,0.022584
-0.524093,0.242067,-0.001741,-0.516253,0.261217,-0.022798,-0.261167,0.136446,-0.027627,-0.001063,0.005778,0.002380,-0.510607,0.268488,0.029906,-0.766194,0.491757,0.184832,-1.617945,0.764968,-0.686172,-0.531222,0.233917,-0.000701,-0.608483,0.294951,-0.017165,-0.707209,0.363736,-0.018003,-0.733148,0.419069,0.001549,-0.469802,0.179002,0.013512,-0.402156,0.141923,0.018349,-0.321239,0.178656,0.007276
-0.517811,0.259330,-0.016520,-0.507669,0.274666,-0.035333,-0.256265,0.143017,-0.034444,-0.000805,0.005174,0.001762,-0.494827,0.276562,0.011980,-0.673100,0.516758,0.160639,-1.642352,0.884744,-0.720949,-0.527017,0.253793,-0.015184,-0.602416,0.317684,-0.030625,-0.689775,0.376538,-0.029431,-0.710248,0.436998,-0.010087,-0.469666,0.203644,-0.003114,-0.403714,0.163659,0.001761,-0.328484,0.196315,-0.008172
-0.512567,0.278524,-0.030809,-0.500113,0.289996,-0.047394,-0.251833,0.150671,-0.040701,-0.000384,0.005194,0.001854,-0.482228,0.287759,-0.005852,-0.595820,0.525402,0.129003,-1.654232,1.007531,-0.723068,-0.523202,0.275129,-0.029279,-0.596251,0.340726,-0.043797,-0.672170,0.387495,-0.040359,-0.686123,0.453029,-0.021631,-0.469819,0.229339,-0.019033,-0.406088,0.185192,-0.014389,-0.333752,0.213450,-0.024119
-0.508797,0.299709,-0.044406,-0.494063,0.307319,-0.058763,-0.248087,0.159306,-0.046093,0.000071,0.005662,0.003023,-0.473478,0.302337,-0.023296,-0.541744,0.513006,0.090280,-1.653615,1.128819,-0.697946,-0.520142,0.297962,-0.042793,-0.589311,0.363423,-0.056171,-0.654562,0.397571,-0.050552,-0.660995,0.465050,-0.033495,-0.470053,0.255847,-0.034090,-0.409449,0.206100,-0.030008,-0.336493,0.229164,-0.040701
-0.506478,0.322751,-0.057288,-0.489497,0.326225,-0.069153,-0.244993,0.168509,-0.050241,0.000302,0.006296,0.005653,-0.468348,0.319735,-0.040454,-0.509578,0.482346,0.045631,-1.640676,1.241996,-0.650505,-0.517937,0.322328,-0.055684,-0.581366,0.385410,-0.067617,-0.637317,0.407965,-0.060137,-0.635365,0.472384,-0.046238,-0.470296,0.282981,-0.048187,-0.413765,0.226381,-0.044964,-0.337210,0.243122,-0.057669
-0.505286,0.347416,-0.069562,-0.486078,0.346166,-0.078381,-0.242392,0.177923,-0.052883,0.000076,0.007024,0.009964,-0.466223,0.339200,-0.057597,-0.492690,0.440070,-0.003483,-1.615245,1.340310,-0.585102,-0.516424,0.348179,-0.068034,-0.572546,0.406547,-0.078329,-0.620773,0.419619,-0.069487,-0.609956,0.475450,-0.060300,-0.470639,0.310627,-0.061306,-0.419000,0.246522,-0.059128,-0.337266,0.255547,-0.074567
-0.504861,0.373440,-0.081467,-0.483359,0.366591,-0.086463,-0.240127,0.187374,-0.054005,-0.000671,0.008024,0.015915,-0.466680,0.360169,-0.075072,-0.483748,0.393045,-0.055600,-1.576729,1.418159,-0.505963,-0.515350,0.375372,-0.080063,-0.563190,0.426884,-0.088721,-0.605049,0.432891,-0.079084,-0.585486,0.475298,-0.075841,-0.471316,0.338781,-0.073609,-0.425217,0.267375,-0.072521,-0.338451,0.267096,-0.091041
-0.504907,0.400469,-0.093263,-0.480685,0.386745,-0.093511,-0.238044,0.196685,-0.053782,-0.001804,0.009509,0.023253,-0.469707,0.382276,-0.093145,-0.477832,0.347179,-0.108798,-1.524526,1.470890,-0.417422,-0.514508,0.403654,-0.092020,-0.553741,0.446619,-0.099215,-0.590066,0.447605,-0.089312,-0.562505,0.473285,-0.092662,-0.472606,0.367509,-0.085378,-0.432507,0.289820,-0.085297,-0.342530,0.278710,-0.106871
-0.505134,0.427972,-0.104987,-0.476980,0.405548,-0.099545,-0.235872,0.205501,-0.052416,-0.003056,0.011533,0.031656,-0.475565,0.405296,-0.111635,-0.473705,0.308786,-0.159507,-1.458710,1.493964,-0.324007,-0.513767,0.432626,-0.103922,-0.544697,0.465970,-0.109973,-0.575694,0.463276,-0.100253,-0.541407,0.470807,-0.110157,-0.474800,0.396821,-0.096724,-0.440864,0.314419,-0.097466,-0.350900,0.291504,-0.121663
-0.505191,0.455353,-0.116184,-0.470835,0.421998,-0.104373,-0.233159,0.213427,-0.049965,-0.004169,0.013984,0.040884,-0.484485,0.429332,-0.129482,-0.473827,0.286367,-0.201585,-1.380245,1.482805,-0.230828,-0.513020,0.461800,-0.115289,-0.536549,0.485075,-0.120666,-0.561816,0.479309,-0.111503,-0.522464,0.468994,-0.127288,-0.478236,0.426680,-0.107264,-0.450150,0.341297,-0.108558,-0.364295,0.306680,-0.134557
-0.504664,0.482228,-0.125773,-0.461024,0.436014,-0.107593,-0.229419,0.220436,-0.046232,-0.005100,0.016678,0.050956,-0.496129,0.455012,-0.144558,-0.482645,0.289953,-0.227109,-1.290245,1.433764,-0.144408,-0.512124,0.490770,-0.125009,-0.529674,0.504075,-0.130327,-0.548262,0.495180,-0.122035,-0.505723,0.468505,-0.142588,-0.483241,0.457137,-0.115974,-0.460182,0.370269,-0.117496,-0.382553,0.325300,-0.144216
-0.503134,0.508567,-0.132084,-0.447187,0.449121,-0.108757,-0.224489,0.227261,-0.040789,-0.006192,0.019382,0.062299,-0.508826,0.483245,-0.153890,-0.502516,0.326124,-0.229713,-1.188805,1.345547,-0.073056,-0.510883,0.519239,-0.131385,-0.524226,0.523226,-0.137323,-0.534737,0.510574,-0.130155,-0.490884,0.469471,-0.154197,-0.489914,0.488326,-0.121287,-0.470799,0.400984,-0.122728,-0.404623,0.347924,-0.149084
-0.500321,0.534486,-0.133113,-0.430253,0.464368,-0.107650,-0.218912,0.235482,-0.033200,-0.008126,0.021814,0.075762,-0.519010,0.514534,-0.154281,-0.528918,0.390463,-0.209211,-1.074648,1.220121,-0.025487,-0.509145,0.546780,-0.132388,-0.520121,0.542777,-0.139496,-0.520911,0.525337,-0.133623,-0.477363,0.471564,-0.159978,-0.497901,0.520134,-0.121412,-0.481838,0.432910,-0.122566,-0.428830,0.374299,-0.147703
-0.496323,0.559857,-0.126952,-0.412419,0.485430,-0.104534,-0.214199,0.247354,-0.023399,-0.011663,0.023828,0.092443,-0.521647,0.548388,-0.143028,-0.549245,0.464119,-0.173613,-0.946307,1.062879,-0.007369,-0.507036,0.572540,-0.126086,-0.517156,0.562726,-0.134507,-0.506632,0.539333,-0.129997,-0.464605,0.474206,-0.157728,-0.506348,0.551796,-0.114805,-0.493053,0.465293,-0.115632,-0.453250,0.403387,-0.139042
-0.491799,0.584149,-0.112273,-0.396745,0.515332,-0.100064,-0.213200,0.265616,-0.012001,-0.017441,0.025826,0.113619,-0.512063,0.583456,-0.118446,-0.548360,0.521186,-0.135084,-0.804507,0.882830,-0.017345,-0.505146,0.595304,-0.111138,-0.515143,0.582831,-0.120323,-0.492029,0.552437,-0.117116,-0.452404,0.476940,-0.145497,-0.514035,0.581911,-0.100651,-0.504072,0.497362,-0.101309,-0.476114,0.433884,-0.122811
-0.487929,0.606702,-0.088814,-0.386665,0.555351,-0.094741,-0.220959,0.293582,-0.000455,-0.026139,0.029182,0.140999,-0.488694,0.618254,-0.080379,-0.518186,0.544132,-0.102019,-0.654644,0.693582,-0.045442,-0.504389,0.614060,-0.087303,-0.513893,0.602972,-0.095845,-0.477280,0.564778,-0.093768,-0.440943,0.479785,-0.122123,-0.519531,0.608997,-0.079263,-0.514383,0.528737,-0.080122,-0.496162,0.464982,-0.099727
-0.486040,0.627155,-0.057786,-0.385493,0.604341,-0.088243,-0.245594,0.335283,0.008889,-0.038930,0.036465,0.177150,-0.454989,0.651538,-0.031016,-0.463479,0.534190,-0.074613,-0.507396,0.513511,-0.076158,-0.505497,0.628674,-0.055880,-0.513015,0.623470,-0.061632,-0.462150,0.576985,-0.060461,-0.430407,0.483237,-0.088020,-0.521262,0.632095,-0.052284,-0.523228,0.559643,-0.053912,-0.512683,0.496825,-0.071627
-0.486959,0.645494,-0.021891,-0.395646,0.658620,-0.079248,-0.297356,0.394915,0.013001,-0.057799,0.051359,0.225335,-0.418489,0.681759,0.024565,-0.398412,0.506962,-0.048100,-0.375466,0.361647,-0.095437,-0.508436,0.639998,-0.019715,-0.511778,0.644902,-0.020244,-0.445763,0.590048,-0.019819,-0.420433,0.487855,-0.045727,-0.517667,0.650877,-0.022454,-0.529470,0.590565,-0.025529,-0.525170,0.530309,-0.041168
-0.490403,0.661587,0.015362,-0.417500,0.712604,-0.066003,-0.384183,0.474850,0.009258,-0.085400,0.078210,0.288247,-0.387076,0.706312,0.079315,-0.337309,0.478585,-0.019352,-0.267723,0.249525,-0.097095,-0.512158,0.649191,0.017551,-0.509267,0.667499,0.024303,-0.426998,0.604794,0.023993,-0.409916,0.493891,0.000502,-0.507584,0.665254,0.007193,-0.531663,0.621497,0.002057,-0.533054,0.566431,-0.010970
-0.494884,0.674849,0.050742,-0.448615,0.760324,-0.047286,-0.505314,0.572864,-0.002507,-0.124502,0.121104,0.366046,-0.365195,0.721952,0.126529,-0.287904,0.456032,0.010173,-0.185804,0.175854,-0.083949,-0.514930,0.656959,0.052638,-0.504643,0.690630,0.067813,-0.405335,0.621473,0.066626,-0.397481,0.501641,0.046046,-0.490725,0.675079,0.034278,-0.528408,0.651441,0.026742,-0.536035,0.605788,0.017381
-0.498333,0.684635,0.081994,-0.484167,0.797319,-0.023155,-0.648253,0.681016,-0.018562,-0.177411,0.182530,0.455021,-0.352936,0.726592,0.161947,-0.251410,0.437996,0.036565,-0.126258,0.129830,-0.063455,-0.515032,0.663496,0.083363,-0.497185,0.712787,0.107013,-0.381586,0.639847,0.104722,-0.382431,0.512413,0.087235,-0.467939,0.680373,0.057513,-0.518811,0.678679,0.047678,-0.534841,0.648573,0.043738
-0.498947,0.690955,0.107782,-0.518327,0.821810,0.004791,-0.793248,0.788196,-0.032599,-0.245567,0.262084,0.548015,-0.347946,0.721004,0.184252,-0.226314,0.421277,0.056694,-0.084923,0.099631,-0.042447,-0.511339,0.668987,0.108525,-0.486285,0.732011,0.139767,-0.358119,0.659460,0.136160,-0.365616,0.528925,0.121755,-0.441210,0.681825,0.076431,-0.502849,0.701695,0.064882,-0.531622,0.694707,0.068888
-0.495681,0.694471,0.127199,-0.545674,0.834435,0.033526,-0.922633,0.885136,-0.039494,-0.329104,0.356014,0.636421,-0.347694,0.708746,0.194264,-0.210876,0.404932,0.069364,-0.058634,0.077944,-0.024916,-0.503513,0.673673,0.127351,-0.471770,0.746441,0.164588,-0.338498,0.679473,0.159631,-0.349630,0.554131,0.148230,-0.413437,0.680834,0.090736,-0.481633,0.719977,0.078460,-0.529397,0.743588,0.093452
-0.488289,0.695592,0.139405,-0.562219,0.837074,0.058952,-1.027131,0.968033,-0.038396,-0.426202,0.458134,0.712049,-0.350236,0.694320,0.193992,-0.203121,0.389988,0.074820,-0.044083,0.061760,-0.012443,-0.491914,0.677150,0.139083,-0.454448,0.754697,0.180212,-0.326596,0.698151,0.174254,-0.338072,0.589031,0.165744,-0.387929,0.678822,0.099763,-0.457469,0.734085,0.087942,-0.530749,0.793436,0.116851
-0.477229,0.693606,0.143669,-0.566162,0.831855,0.076660,-1.104350,1.038270,-0.032573,-0.532646,0.561590,0.767034,-0.353707,0.680977,0.186117,-0.200293,0.377413,0.074289,-0.037109,0.049784,-0.004918,-0.477459,0.677695,0.142998,-0.436227,0.755966,0.185681,-0.325330,0.712757,0.179567,-0.334179,0.631280,0.173769,-0.367581,0.676267,0.102418,-0.433519,0.745022,0.092175,-0.536589,0.840961,0.137013
-0.463608,0.686890,0.139755,-0.558389,0.820844,0.083235,-1.152453,1.099346,-0.026660,-0.642160,0.660089,0.792112,-0.355933,0.669559,0.173610,-0.199270,0.367005,0.069825,-0.033723,0.040875,-0.000883,-0.461513,0.672708,0.138813,-0.419490,0.749909,0.180854,-0.335402,0.720378,0.175755,-0.339494,0.675744,0.172476,-0.354025,0.672264,0.097751,-0.413032,0.753510,0.089946,-0.545669,0.881895,0.151108
-0.449077,0.674198,0.128472,-0.542384,0.806031,0.077888,-1.166365,1.153848,-0.023681,-0.747699,0.748135,0.776327,-0.355000,0.658763,0.159133,-0.197585,0.357596,0.063772,-0.031357,0.033866,0.001791,-0.445718,0.660321,0.127274,-0.406101,0.736736,0.167000,-0.354660,0.719292,0.163962,-0.353167,0.716531,0.163153,-0.347186,0.665087,0.085952,-0.398454,0.759794,0.081114,-0.555048,0.912252,0.156994
-0.435489,0.656032,0.112105,-0.523381,0.789158,0.063623,-1.141428,1.202255,-0.023323,-0.843484,0.821905,0.711047,-0.350341,0.646275,0.144398,-0.194104,0.347766,0.057808,-0.028951,0.027837,0.004697,-0.431643,0.641100,0.110628,-0.396712,0.717587,0.147087,-0.378543,0.710053,0.146534,-0.372139,0.749163,0.148414,-0.345506,0.653525,0.069184,-0.390879,0.764045,0.067571,-0.561175,0.929662,0.154546
-0.424280,0.634999,0.094246,-0.506929,0.771511,0.046884,-1.081865,1.243190,-0.021797,-0.926841,0.881761,0.596466,-0.343220,0.630039,0.129902,-0.188984,0.336469,0.052303,-0.026229,0.022304,0.008053,-0.420254,0.618483,0.092491,-0.390698,0.694788,0.125364,-0.401553,0.695610,0.126844,-0.392151,0.771846,0.131849,-0.346673,0.638057,0.051501,-0.389986,0.766815,0.053230,-0.561109,0.934197,0.146066
-0.415908,0.614770,0.078697,-0.497145,0.753925,0.035018,-1.004915,1.273599,-0.013447,-0.998293,0.933699,0.444182,-0.335986,0.609231,0.115262,-0.183121,0.323402,0.046553,-0.023106,0.017237,0.010906,-0.411522,0.597315,0.076737,-0.386626,0.671394,0.106051,-0.419132,0.680168,0.108345,-0.409333,0.785391,0.116962,-0.348441,0.620828,0.037421,-0.394411,0.768903,0.042578,-0.553426,0.928170,0.135264
-0.409752,0.598263,0.067814,-0.495236,0.737040,0.032607,-0.934376,1.288675,0.006173,-1.059683,0.986508,0.272091,-0.330647,0.584755,0.099943,-0.177460,0.309120,0.039647,-0.019554,0.012901,0.012105,-0.404506,0.581309,0.065785,-0.382993,0.650036,0.091636,-0.429084,0.667276,0.093200,-0.421699,0.792044,0.105846,-0.349184,0.604322,0.029766,-0.402326,0.770584,0.038447,-0.538654,0.914928,0.125349
-0.404596,0.586406,0.061508,-0.499193,0.721483,0.039212,-0.888134,1.283206,0.037385,-1.112429,1.046392,0.095830,-0.327886,0.559048,0.083877,-0.172575,0.294840,0.031278,-0.015695,0.009591,0.011214,-0.397929,0.571304,0.059549,-0.378884,0.631959,0.081953,-0.431901,0.658345,0.081483,-0.429605,0.794164,0.098518,-0.348126,0.589893,0.028331,-0.411945,0.770965,0.040604,-0.519215,0.897411,0.117674
-0.399369,0.578279,0.057700,-0.505014,0.707766,0.050261,-0.870069,1.254933,0.075760,-1.157827,1.114124,-0.075728,-0.327101,0.535114,0.067596,-0.168632,0.281938,0.021933,-0.011871,0.007402,0.008733,-0.390941,0.565583,0.055885,-0.374310,0.617054,0.074784,-0.429959,0.652624,0.071637,-0.434863,0.793652,0.093411,-0.345378,0.577461,0.030404,-0.421752,0.768251,0.046238,-0.498907,0.877475,0.111939
-0.393690,0.572249,0.053755,-0.508689,0.695918,0.060080,-0.871337,1.207349,0.114189,-1.198565,1.186785,-0.238699,-0.327116,0.515236,0.051846,-0.165588,0.271350,0.012484,-0.008610,0.006165,0.005646,-0.383612,0.561693,0.052089,-0.370107,0.604706,0.067424,-0.426221,0.648387,0.061732,-0.439293,0.792041,0.088573,-0.341852,0.566383,0.032548,-0.430511,0.760770,0.051735,-0.481959,0.856167,0.107352
-0.387940,0.567031,0.047747,-0.507706,0.685290,0.064608,-0.877679,1.149055,0.146007,-1.239109,1.261429,-0.390034,-0.326930,0.500199,0.037112,-0.163365,0.263264,0.003610,-0.006425,0.005546,0.002781,-0.376873,0.558061,0.046216,-0.367483,0.594538,0.058016,-0.423159,0.644200,0.050508,-0.443798,0.790515,0.082597,-0.338967,0.556425,0.032199,-0.437214,0.747878,0.054290,-0.471827,0.834218,0.103488
-0.382950,0.562075,0.038931,-0.501538,0.674826,0.062372,-0.876585,1.090044,0.167091,-1.284129,1.337309,-0.525230,-0.326178,0.489490,0.023439,-0.161939,0.257274,-0.004469,-0.005571,0.005220,0.000478,-0.371983,0.554385,0.037557,-0.367460,0.586488,0.045984,-0.422225,0.639473,0.037624,-0.448352,0.789483,0.074812,-0.338153,0.547931,0.028283,-0.441132,0.730089,0.052539,-0.470183,0.812123,0.100265
-0.379568,0.557412,0.027578,-0.491303,0.663670,0.054013,-0.860779,1.037955,0.176188,-1.336236,1.415642,-0.638573,-0.325216,0.482088,0.010616,-0.161360,0.252807,-0.011872,-0.005911,0.004983,-0.001300,-0.369900,0.551096,0.026428,-0.370492,0.580524,0.031761,-0.423810,0.634388,0.023374,-0.452436,0.788252,0.064983,-0.340322,0.541379,0.021012,-0.441948,0.708629,0.046404,-0.476531,0.789908,0.097510
-0.378332,0.553356,0.014586,-0.478991,0.651612,0.041337,-0.828212,0.996435,0.174109,-1.394601,1.497943,-0.724217,-0.324847,0.477164,-0.001522,-0.161710,0.249450,-0.018726,-0.006993,0.004748,-0.002629,-0.370906,0.548719,0.013744,-0.376380,0.576488,0.016330,-0.427517,0.629596,0.008359,-0.455423,0.785274,0.053015,-0.345568,0.536949,0.011380,-0.439865,0.684958,0.036666,-0.488576,0.767083,0.094695
-0.379323,0.550270,0.001107,-0.466651,0.639131,0.026476,-0.780508,0.965525,0.162709,-1.455125,1.584412,-0.777028,-0.325882,0.474319,-0.012915,-0.163016,0.247055,-0.024951,-0.008221,0.004516,-0.003371,-0.374604,0.547539,0.000629,-0.384417,0.574119,0.000838,-0.432490,0.625880,-0.006722,-0.456794,0.778862,0.038886,-0.353205,0.534409,0.000672,-0.435599,0.660505,0.024572,-0.503020,0.742926,0.090997
-0.382241,0.548421,-0.011828,-0.455847,0.627097,0.011263,-0.721293,0.942938,0.144044,-1.512006,1.673236,-0.793476,-0.328817,0.473473,-0.023359,-0.165195,0.245674,-0.030294,-0.009051,0.004356,-0.003196,-0.380175,0.547557,-0.011943,-0.393623,0.573024,-0.013749,-0.437722,0.623837,-0.021276,-0.456264,0.767841,0.022644,-0.362101,0.533186,-0.009933,-0.430219,0.636501,0.011469,-0.516456,0.716841,0.085480
-0.386601,0.547914,-0.023668,-0.447470,0.616410,-0.003240,-0.654912,0.925130,0.119710,-1.559736,1.760831,-0.772784,-0.333731,0.474609,-0.032786,-0.168089,0.245403,-0.034614,-0.009202,0.004379,-0.001874,-0.386744,0.548574,-0.023475,-0.403048,0.572674,-0.026969,-0.442331,0.623683,-0.035084,-0.453850,0.751910,0.004323,-0.371112,0.532518,-0.019711,-0.424888,0.613810,-0.001584,-0.526166,0.688557,0.077201
-0.391914,0.548680,-0.034514,-0.441767,0.607776,-0.016945,-0.585875,0.907620,0.090500,-1.594114,1.842637,-0.717695,-0.340226,0.477473,-0.041468,-0.171464,0.246179,-0.038094,-0.008769,0.004647,0.000482,-0.393643,0.550308,-0.034109,-0.412059,0.572577,-0.039019,-0.445794,0.625259,-0.048421,-0.449806,0.731747,-0.016117,-0.379405,0.531666,-0.028586,-0.420586,0.592872,-0.014118,-0.530569,0.658221,0.065266
-0.397753,0.550487,-0.044968,-0.438474,0.601765,-0.030576,-0.519080,0.885210,0.056618,-1.611686,1.914034,-0.633979,-0.347333,0.481372,-0.049870,-0.174896,0.247640,-0.041132,-0.008123,0.005081,0.003494,-0.400501,0.552454,-0.044454,-0.420508,0.572612,-0.050583,-0.448093,0.628166,-0.061834,-0.444506,0.708899,-0.038633,-0.386561,0.530143,-0.037063,-0.417864,0.573803,-0.026291,-0.529187,0.626484,0.048981
-0.403792,0.553029,-0.055737,-0.437055,0.599099,-0.045213,-0.460196,0.853624,0.018521,-1.608589,1.970855,-0.528994,-0.353594,0.485291,-0.058259,-0.177695,0.249216,-0.043963,-0.007618,0.005497,0.006871,-0.407235,0.554729,-0.055204,-0.428721,0.573224,-0.062424,-0.449700,0.631884,-0.075732,-0.438395,0.685427,-0.062791,-0.392520,0.527842,-0.045918,-0.416729,0.556573,-0.038644,-0.522250,0.594543,0.028091
-0.409903,0.556076,-0.067310,-0.437125,0.600900,-0.061718,-0.415492,0.813241,-0.021835,-1.580295,2.009062,-0.410360,-0.357559,0.488280,-0.066498,-0.179094,0.250416,-0.046478,-0.007381,0.005763,0.010615,-0.414032,0.556958,-0.066827,-0.437290,0.575252,-0.075030,-0.451385,0.635830,-0.090122,-0.432028,0.663353,-0.087668,-0.397473,0.524980,-0.055851,-0.416725,0.541095,-0.051762,-0.510266,0.563951,0.002928
-0.416216,0.559574,-0.079838,-0.438838,0.608544,-0.080204,-0.390887,0.772979,-0.059825,-1.522662,2.023951,-0.285655,-0.358474,0.489801,-0.074236,-0.178658,0.251055,-0.048402,-0.007345,0.005933,0.014867,-0.421264,0.559147,-0.079461,-0.446769,0.579492,-0.088496,-0.453899,0.639439,-0.104658,-0.426020,0.644093,-0.112077,-0.401713,0.521887,-0.067243,-0.417148,0.527188,-0.066016,-0.493725,0.536180,-0.025660
-0.423003,0.563507,-0.093085,-0.442877,0.622944,-0.099724,-0.390139,0.749788,-0.088355,-1.433578,2.010193,-0.163259,-0.356698,0.489715,-0.081191,-0.176576,0.251218,-0.049568,-0.007380,0.006198,0.019687,-0.429290,0.561379,-0.092859,-0.457435,0.586336,-0.102498,-0.457716,0.642302,-0.118771,-0.420885,0.628212,-0.134873,-0.405494,0.518779,-0.080001,-0.417300,0.514495,-0.081368,-0.473060,0.512132,-0.056446
-0.430451,0.567637,-0.106294,-0.449791,0.643430,-0.118395,-0.411922,0.760108,-0.100860,-1.314276,1.963389,-0.053488,-0.353566,0.488056,-0.087138,-0.173626,0.251048,-0.049868,-0.007371,0.006738,0.025115,-0.438218,0.563612,-0.106251,-0.469245,0.595678,-0.116236,-0.462976,0.644305,-0.131656,-0.416890,0.615594,-0.155018,-0.408992,0.515691,-0.093400,-0.416657,0.502519,-0.097171,-0.448836,0.491880,-0.087819
-0.438509,0.571461,-0.118136,-0.459133,0.666945,-0.134005,-0.447248,0.806736,-0.096199,-1.169832,1.882010,0.031640,-0.350907,0.484946,-0.091710,-0.170912,0.250644,-0.049015,-0.007230,0.007647,0.031443,-0.447836,0.565653,-0.118280,-0.481917,0.606975,-0.128413,-0.469553,0.645677,-0.142227,-0.414033,0.605750,-0.171492,-0.412392,0.512586,-0.106009,-0.414955,0.490812,-0.112053,-0.421935,0.474768,-0.117746
-0.446932,0.574561,-0.126918,-0.469257,0.688493,-0.144736,-0.480778,0.872232,-0.081195,-1.008622,1.767745,0.081376,-0.350517,0.480770,-0.094349,-0.169580,0.250192,-0.046460,-0.006945,0.009018,0.039307,-0.457744,0.567481,-0.127211,-0.495006,0.619386,-0.137443,-0.477104,0.646914,-0.149255,-0.412113,0.598016,-0.183326,-0.415967,0.509523,-0.115844,-0.412117,0.479196,-0.124046,-0.393405,0.459800,-0.143896
-0.455425,0.577087,-0.130986,-0.478235,0.703039,-0.149373,-0.497428,0.926746,-0.067328,-0.840858,1.624055,0.090870,-0.353832,0.476348,-0.094552,-0.170698,0.250266,-0.041677,-0.006619,0.011030,0.049515,-0.467505,0.569650,-0.131337,-0.507947,0.631999,-0.141818,-0.485052,0.648691,-0.151653,-0.410748,0.591701,-0.189767,-0.419968,0.506708,-0.120723,-0.408072,0.467829,-0.130924,-0.363996,0.446048,-0.163962
-0.463775,0.579957,-0.129064,-0.485295,0.707757,-0.146891,-0.489927,0.944971,-0.063685,-0.676637,1.455226,0.064016,-0.361875,0.472806,-0.092215,-0.175500,0.252293,-0.034706,-0.006529,0.013882,0.062810,-0.476724,0.573381,-0.129329,-0.520107,0.644113,-0.140394,-0.492628,0.651835,-0.148691,-0.409362,0.586406,-0.190377,-0.424387,0.504365,-0.118658,-0.402659,0.457060,-0.130601,-0.333915,0.432874,-0.175940
-0.471964,0.584607,-0.120473,-0.491701,0.703318,-0.136116,-0.461353,0.918916,-0.071971,-0.524199,1.267800,0.012201,-0.375404,0.471246,-0.087852,-0.186072,0.259396,-0.026807,-0.007248,0.017675,0.079898,-0.485101,0.580190,-0.120484,-0.530954,0.655434,-0.132597,-0.499085,0.657253,-0.140133,-0.407289,0.582390,-0.185064,-0.428909,0.502573,-0.108266,-0.395745,0.447230,-0.121570,-0.303123,0.419997,-0.178355
-0.480173,0.592439,-0.105293,-0.500397,0.693567,-0.115943,-0.421693,0.858627,-0.086767,-0.389367,1.072790,-0.049669,-0.394992,0.472412,-0.082611,-0.206126,0.277466,-0.021021,-0.009795,0.022508,0.101742,-0.492444,0.591269,-0.104902,-0.540274,0.666176,-0.118609,-0.503987,0.665694,-0.126323,-0.404072,0.580705,-0.174081,-0.433113,0.501259,-0.089194,-0.387375,0.438587,-0.103342,-0.271794,0.407573,-0.170485
-0.488480,0.604195,-0.084375,-0.514550,0.683679,-0.085834,-0.382421,0.783217,-0.099332,-0.276609,0.884899,-0.106957,-0.420828,0.476448,-0.078067,-0.240795,0.315080,-0.022040,-0.015658,0.028889,0.129891,-0.498478,0.606946,-0.083496,-0.548209,0.677074,-0.099439,-0.507337,0.677413,-0.108154,-0.399727,0.582907,-0.157991,-0.436669,0.500355,-0.062294,-0.377624,0.431319,-0.076650,-0.240319,0.396244,-0.152529
-0.496411,0.619490,-0.059253,-0.535556,0.677772,-0.046499,-0.352629,0.710023,-0.101978,-0.190408,0.717683,-0.148068,-0.452075,0.482874,-0.075644,-0.294294,0.380399,-0.034431,-0.026644,0.038208,0.166548,-0.502608,0.626394,-0.057883,-0.555048,0.689062,-0.076879,-0.509491,0.691912,-0.087011,-0.394759,0.590342,-0.137729,-0.439339,0.499774,-0.029510,-0.366408,0.425398,-0.043372,-0.209011,0.386782,-0.125708
-0.502775,0.636735,-0.032164,-0.561352,0.677382,-0.000932,-0.336988,0.648151,-0.091524,-0.134441,0.578079,-0.167104,-0.485995,0.491074,-0.075637,-0.365977,0.475652,-0.059324,-0.044788,0.052848,0.214213,-0.504021,0.647610,-0.030390,-0.560930,0.702365,-0.053445,-0.511017,0.707794,-0.064890,-0.389995,0.603152,-0.114959,-0.440987,0.499068,0.006273,-0.353783,0.420127,-0.006414,-0.178238,0.379268,-0.092454
-0.505950,0.653448,-0.005802,-0.586168,0.681131,0.045280,-0.334635,0.597843,-0.070588,-0.108008,0.464384,-0.165504,-0.517824,0.501195,-0.076425,-0.448000,0.593590,-0.091834,-0.072518,0.075792,0.274938,-0.502048,0.667644,-0.003797,-0.565645,0.715596,-0.031995,-0.512591,0.722946,-0.044287,-0.386396,0.619614,-0.092172,-0.441751,0.497305,0.041650,-0.340547,0.413900,0.030653,-0.148935,0.372435,-0.056271
-0.504455,0.666797,0.017745,-0.602721,0.685162,0.086032,-0.339512,0.553818,-0.045296,-0.103045,0.369056,-0.150200,-0.542437,0.514550,-0.074771,-0.527722,0.720258,-0.122134,-0.112777,0.110109,0.349335,-0.496311,0.683106,0.019729,-0.568527,0.725916,-0.014540,-0.514820,0.735183,-0.027163,-0.384934,0.636608,-0.071670,-0.442048,0.493643,0.073756,-0.328241,0.404789,0.064666,-0.122694,0.364061,-0.020692
-0.497723,0.674248,0.038224,-0.606282,0.684714,0.118200,-0.343371,0.510502,-0.020650,-0.105969,0.284800,-0.128523,-0.557200,0.532629,-0.067406,-0.593752,0.842759,-0.140177,-0.168484,0.158712,0.435663,-0.486794,0.690928,0.039897,-0.568511,0.730476,-0.000858,-0.518044,0.743089,-0.013440,-0.386629,0.651272,-0.053830,-0.442164,0.488001,0.101345,-0.318273,0.391755,0.094071,-0.101135,0.352376,0.012139
-0.486847,0.674209,0.057185,-0.597777,0.677035,0.143099,-0.340334,0.466536,0.002343,-0.104169,0.209694,-0.104149,-0.563438,0.554974,-0.052784,-0.640489,0.955270,-0.140434,-0.241006,0.224219,0.529305,-0.474250,0.689219,0.058267,-0.564470,0.728076,0.011701,-0.522276,0.746549,-0.000577,-0.392616,0.662882,-0.036368,-0.441655,0.480929,0.124667,-0.310987,0.375556,0.119002,-0.085219,0.337463,0.041873
-0.474432,0.666382,0.076414,-0.582876,0.663527,0.164129,-0.329468,0.425347,0.025185,-0.091852,0.146820,-0.077557,-0.564627,0.577640,-0.031619,-0.667352,1.058141,-0.122960,-0.328370,0.308074,0.622693,-0.460508,0.677836,0.076692,-0.555689,0.719845,0.026605,-0.527219,0.746763,0.014932,-0.403760,0.673645,-0.015707,-0.439208,0.472895,0.144136,-0.305449,0.358699,0.140067,-0.075112,0.321564,0.068892
-0.463027,0.651647,0.096084,-0.567311,0.648724,0.182795,-0.313475,0.391494,0.048086,-0.070856,0.099155,-0.049523,-0.562573,0.594083,-0.006134,-0.674316,1.151914,-0.090962,-0.424773,0.408580,0.705677,-0.447761,0.658418,0.095488,-0.542136,0.708696,0.045659,-0.532205,0.745787,0.035022,-0.419773,0.687676,0.010316,-0.433160,0.463950,0.159138,-0.299938,0.344443,0.157024,-0.070399,0.308105,0.092882
-0.453238,0.631721,0.114082,-0.552519,0.636837,0.196772,-0.295465,0.366818,0.068021,-0.047243,0.065791,-0.023255,-0.555301,0.598609,0.020852,-0.658893,1.232620,-0.048137,-0.522326,0.519170,0.766460,-0.437090,0.633843,0.112733,-0.524389,0.698028,0.067354,-0.536135,0.745637,0.058307,-0.438659,0.708579,0.040412,-0.422308,0.454026,0.168030,-0.292624,0.335349,0.168509,-0.070241,0.300124,0.112369
-0.443289,0.608863,0.127008,-0.535406,0.628985,0.201604,-0.276991,0.349814,0.080417,-0.027141,0.042969,-0.003073,-0.538778,0.590022,0.046372,-0.617921,1.292516,0.001971,-0.614003,0.629396,0.793293,-0.427587,0.607391,0.125207,-0.503334,0.690268,0.087335,-0.537643,0.747254,0.080501,-0.457314,0.737123,0.070125,-0.406510,0.443388,0.169240,-0.282157,0.332112,0.172939,-0.073405,0.299131,0.125589
-0.430450,0.585650,0.132189,-0.511766,0.623026,0.194347,-0.258202,0.337432,0.082510,-0.014013,0.027141,0.008455,-0.510770,0.572696,0.067717,-0.553026,1.324871,0.055262,-0.695546,0.729568,0.776837,-0.416991,0.582056,0.130309,-0.479872,0.685879,0.100836,-0.535513,0.749993,0.096827,-0.473021,0.770529,0.094323,-0.386821,0.432932,0.162594,-0.268124,0.333458,0.169844,-0.078406,0.304979,0.131915
-0.413041,0.564696,0.129240,-0.479876,0.615491,0.175973,-0.238901,0.326871,0.075218,-0.007912,0.016313,0.011989,-0.473218,0.554365,0.083118,-0.475139,1.328351,0.106767,-0.765107,0.816073,0.712559,-0.403304,0.560245,0.127600,-0.454850,0.683427,0.105310,-0.529118,0.752117,0.104602,-0.484678,0.803737,0.109937,-0.365227,0.424221,0.149870,-0.251315,0.337215,0.160572,-0.083846,0.316480,0.132541
-0.391472,0.548206,0.120047,-0.441658,0.604011,0.150818,-0.219333,0.316475,0.062287,-0.006478,0.009500,0.010542,-0.431466,0.542290,0.092169,-0.403204,1.307637,0.151321,-0.821388,0.892681,0.602161,-0.386058,0.543654,0.118821,-0.429185,0.680607,0.101329,-0.518613,0.751949,0.104118,-0.492803,0.831783,0.116965,-0.344053,0.419081,0.134075,-0.233602,0.341776,0.147749,-0.088739,0.332017,0.129742
-0.367845,0.537390,0.107410,-0.401502,0.588759,0.124098,-0.200363,0.305976,0.047967,-0.006782,0.005935,0.007471,-0.391592,0.540190,0.095480,-0.356197,1.270466,0.184729,-0.862231,0.966553,0.453257,-0.366391,0.532944,0.106610,-0.403874,0.675441,0.091516,-0.504720,0.748828,0.097615,-0.498447,0.851781,0.117468,-0.325184,0.418795,0.117943,-0.217285,0.346792,0.133887,-0.092534,0.349711,0.125313
-0.344651,0.532041,0.093543,-0.364088,0.572135,0.099616,-0.183131,0.296187,0.035118,-0.006775,0.004798,0.004952,-0.357916,0.547342,0.093898,-0.343563,1.224046,0.204767,-0.885057,1.042968,0.277391,-0.346087,0.527435,0.093050,-0.379659,0.666979,0.078756,-0.488232,0.743259,0.087615,-0.501913,0.863430,0.113876,-0.309349,0.423396,0.102759,-0.204166,0.352776,0.120177,-0.094832,0.367451,0.119496
-0.323492,0.530667,0.079438,-0.332425,0.557032,0.078853,-0.168412,0.288142,0.024646,-0.005700,0.005255,0.003596,-0.331798,0.559756,0.088060,-0.360839,1.173534,0.211747,-0.888729,1.123609,0.087504,-0.326464,0.525394,0.079070,-0.356653,0.655533,0.065043,-0.469610,0.736454,0.075928,-0.502282,0.868216,0.107935,-0.295879,0.431708,0.088249,-0.194901,0.360300,0.106286,-0.095223,0.383277,0.111184
-0.304606,0.531233,0.065199,-0.307007,0.545076,0.061477,-0.156175,0.282233,0.016115,-0.003701,0.006536,0.003029,-0.311902,0.572330,0.078541,-0.392611,1.122559,0.208423,-0.874966,1.208630,-0.103768,-0.307902,0.524976,0.064801,-0.334368,0.642621,0.051368,-0.449026,0.729890,0.063637,-0.497959,0.868404,0.100638,-0.283175,0.442093,0.073445,-0.189044,0.369562,0.091156,-0.093559,0.395982,0.099052
-0.287330,0.532097,0.050809,-0.286457,0.536187,0.046534,-0.145730,0.278035,0.008805,-0.001240,0.007984,0.002780,-0.295562,0.580813,0.066208,-0.419508,1.073877,0.199046,-0.847944,1.298791,-0.284506,-0.290175,0.525147,0.050327,-0.312211,0.630554,0.038234,-0.426733,0.725035,0.051544,-0.487702,0.866429,0.092703,-0.269650,0.453305,0.057753,-0.185646,0.380441,0.074099,-0.090414,0.405413,0.082664
-0.270923,0.532564,0.036620,-0.268939,0.529568,0.033369,-0.136253,0.274879,0.002398,0.001306,0.009152,0.002815,-0.280309,0.582946,0.052311,-0.425128,1.029068,0.187786,-0.812339,1.395195,-0.443582,-0.273038,0.525876,0.036110,-0.289988,0.621677,0.026120,-0.403324,0.722972,0.040474,-0.471306,0.864339,0.084887,-0.254503,0.464820,0.041431,-0.183814,0.392658,0.055365,-0.087147,0.412205,0.062810
-0.255036,0.532816,0.023223,-0.253119,0.524965,0.021696,-0.127174,0.272546,-0.003112,0.003759,0.009889,0.003360,-0.264618,0.578680,0.038186,-0.401170,0.987910,0.177173,-0.771084,1.497884,-0.571744,-0.256505,0.527601,0.022803,-0.267959,0.617592,0.015454,-0.379575,0.723934,0.031120,-0.449547,0.863112,0.077821,-0.237818,0.476581,0.025247,-0.182862,0.405807,0.035875,-0.085341,0.417235,0.040979
-0.239561,0.533426,0.010967,-0.238161,0.522969,0.011103,-0.118178,0.271382,-0.007946,0.006060,0.010265,0.004377,-0.247731,0.569683,0.024799,-0.350084,0.948417,0.167303,-0.724174,1.605370,-0.663716,-0.240648,0.530567,0.010748,-0.246523,0.618682,0.006253,-0.356045,0.727138,0.023593,-0.423652,0.862346,0.071540,-0.220153,0.488585,0.009811,-0.182172,0.419427,0.016537,-0.086044,0.421233,0.018531
-0.224269,0.534910,-0.000302,-0.223288,0.524284,0.000805,-0.109045,0.271777,-0.012747,0.008096,0.010349,0.005374,-0.229230,0.558474,0.012496,-0.283928,0.907752,0.156196,-0.669381,1.715176,-0.719390,-0.225295,0.534623,-0.000263,-0.225929,0.624091,-0.002072,-0.332817,0.731135,0.017192,-0.394853,0.860700,0.065285,-0.202132,0.500751,-0.004722,-0.181097,0.433176,-0.002103,-0.089437,0.424759,-0.003679
-0.208708,0.537618,-0.011011,-0.207641,0.528828,-0.009964,-0.099620,0.273637,-0.018143,0.009622,0.010073,0.005827,-0.208967,0.547603,0.001117,-0.219113,0.863562,0.141088,-0.604517,1.824132,-0.742432,-0.209979,0.539553,-0.010712,-0.206224,0.632143,-0.010397,-0.309596,0.734439,0.010746,-0.364282,0.856741,0.057908,-0.184291,0.513069,-0.018382,-0.179021,0.446974,-0.019673,-0.095078,0.428415,-0.025044
-0.192435,0.541859,-0.021438,-0.190595,0.535555,-0.021368,-0.089898,0.276352,-0.024185,0.010370,0.009356,0.005721,-0.187291,0.539127,-0.009702,-0.169600,0.815123,0.119875,-0.529715,1.928041,-0.737173,-0.194191,0.545486,-0.020910,-0.187361,0.641063,-0.019336,-0.285991,0.736053,0.003285,-0.332958,0.849616,0.048549,-0.167042,0.525660,-0.031009,-0.175473,0.460912,-0.035678,-0.102280,0.432990,-0.044799
-0.175269,0.547998,-0.031615,-0.172076,0.543066,-0.032916,-0.080040,0.279237,-0.030309,0.010277,0.008335,0.005591,-0.165095,0.534446,-0.020374,-0.142302,0.763644,0.091850,-0.448203,2.021358,-0.706430,-0.177630,0.552936,-0.030898,-0.169242,0.649641,-0.029012,-0.261744,0.735694,-0.005597,-0.301629,0.839243,0.036933,-0.150570,0.538627,-0.042302,-0.170152,0.474993,-0.049617,-0.110266,0.439355,-0.062075
-0.157331,0.556371,-0.041612,-0.152588,0.550409,-0.043969,-0.070288,0.281988,-0.035850,0.009578,0.007409,0.006058,-0.143534,0.534341,-0.031455,-0.136546,0.711504,0.057452,-0.365405,2.097425,-0.651834,-0.160254,0.562458,-0.040747,-0.151667,0.657466,-0.039321,-0.236776,0.733676,-0.015908,-0.270552,0.826088,0.023120,-0.134741,0.551924,-0.052248,-0.162907,0.488990,-0.061436,-0.118065,0.448184,-0.076409
-0.138979,0.567158,-0.051798,-0.133044,0.557451,-0.054211,-0.060932,0.284759,-0.040485,0.008674,0.007004,0.007443,-0.123757,0.539128,-0.043754,-0.146756,0.661017,0.017525,-0.287314,2.149350,-0.575776,-0.142222,0.574296,-0.050837,-0.134322,0.664718,-0.050278,-0.211183,0.730611,-0.027587,-0.239544,0.810818,0.007152,-0.119168,0.565407,-0.061441,-0.153726,0.502542,-0.071818,-0.124453,0.459722,-0.088167
-0.120791,0.580339,-0.062752,-0.114587,0.564648,-0.063688,-0.052357,0.287892,-0.044240,0.007894,0.007279,0.009780,-0.106845,0.548862,-0.058166,-0.165968,0.613750,-0.027075,-0.219050,2.171189,-0.482970,-0.123904,0.588303,-0.061774,-0.116903,0.671799,-0.062012,-0.185278,0.727138,-0.040539,-0.208389,0.794100,-0.010918,-0.103433,0.578933,-0.070918,-0.142778,0.515387,-0.081971,-0.128136,0.473713,-0.098455
-0.103560,0.595703,-0.074897,-0.098308,0.572512,-0.072615,-0.044985,0.291581,-0.047287,0.007396,0.008060,0.012991,-0.093725,0.563495,-0.075160,-0.187937,0.571179,-0.074955,-0.163775,2.158929,-0.380523,-0.105952,0.604068,-0.074001,-0.099289,0.679059,-0.074462,-0.159606,0.723786,-0.054419,-0.177283,0.776562,-0.030711,-0.087333,0.592428,-0.081678,-0.130428,0.527577,-0.093057,-0.128131,0.489486,-0.108629
-0.088123,0.612859,-0.088163,-0.084776,0.581184,-0.081255,-0.039026,0.295737,-0.049838,0.007257,0.009051,0.016936,-0.084809,0.582959,-0.094174,-0.207067,0.537143,-0.122624,-0.121871,2.110722,-0.276663,-0.089221,0.621086,-0.087440,-0.081617,0.686720,-0.087110,-0.134809,0.720944,-0.068459,-0.146884,0.758812,-0.051313,-0.070975,0.605962,-0.094196,-0.117190,0.539584,-0.105676,-0.124094,0.506193,-0.119753
-0.075040,0.631244,-0.101813,-0.073614,0.590389,-0.089870,-0.034194,0.300112,-0.052119,0.007617,0.010067,0.021405,-0.079532,0.607161,-0.113230,-0.217297,0.520725,-0.162856,-0.090687,2.026301,-0.179152,-0.074514,0.638875,-0.101315,-0.064190,0.694911,-0.098898,-0.111350,0.718848,-0.081477,-0.117951,0.741371,-0.071304,-0.054688,0.619857,-0.108155,-0.103587,0.552293,-0.119584,-0.116372,0.523153,-0.132177
-0.064363,0.650179,-0.114444,-0.063464,0.599740,-0.098595,-0.029645,0.304541,-0.054249,0.008692,0.011087,0.026264,-0.076135,0.635637,-0.129081,-0.212098,0.534699,-0.185565,-0.065427,1.906298,-0.094648,-0.062325,0.657037,-0.114147,-0.047295,0.703708,-0.108276,-0.089299,0.717574,-0.091946,-0.090948,0.724586,-0.088883,-0.038832,0.634689,-0.122388,-0.090005,0.566801,-0.133645,-0.105800,0.540105,-0.145313
-0.055644,0.668952,-0.124148,-0.052443,0.609160,-0.107220,-0.024243,0.309151,-0.056006,0.010641,0.012177,0.031753,-0.071892,0.666727,-0.138122,-0.187125,0.585452,-0.183379,-0.041224,1.752237,-0.029442,-0.052730,0.675248,-0.123942,-0.031028,0.713154,-0.113334,-0.068294,0.717092,-0.098079,-0.065908,0.708652,-0.102000,-0.023588,0.651034,-0.135065,-0.076584,0.584002,-0.146051,-0.093393,0.557126,-0.157701
-0.048142,0.686952,-0.128866,-0.038893,0.619139,-0.115001,-0.017059,0.314453,-0.056617,0.013340,0.013444,0.038744,-0.063807,0.696941,-0.137729,-0.144044,0.660452,-0.158814,-0.015472,1.567036,0.009990,-0.045413,0.693219,-0.128581,-0.015160,0.723284,-0.112100,-0.047629,0.717365,-0.098047,-0.042456,0.693679,-0.108600,-0.008786,0.669100,-0.144128,-0.063203,0.604096,-0.154777,-0.080052,0.574290,-0.167399
-0.041101,0.703796,-0.126791,-0.021998,0.630671,-0.120620,-0.007878,0.321384,-0.054741,0.016131,0.015128,0.048798,-0.049569,0.721767,-0.127005,-0.091427,0.728335,-0.125086,0.010856,1.355355,0.018907,-0.039795,0.710653,-0.126245,0.000815,0.734138,-0.102907,-0.026419,0.718380,-0.090295,-0.019905,0.679704,-0.106982,0.006074,0.688491,-0.147736,-0.049593,0.626371,-0.158046,-0.066391,0.591384,-0.172447
-0.033991,0.719401,-0.116597,-0.001920,0.644971,-0.122409,0.002549,0.331468,-0.048820,0.017732,0.017767,0.063928,-0.028299,0.737949,-0.106208,-0.040636,0.757031,-0.097290,0.033595,1.124239,-0.001523,-0.035258,0.727222,-0.115656,0.017408,0.745777,-0.084673,-0.003830,0.720087,-0.073830,0.002580,0.666630,-0.096089,0.021534,0.708253,-0.144490,-0.035503,0.649436,-0.154527,-0.052654,0.607976,-0.171133
-0.026561,0.733968,-0.097602,0.020461,0.663224,-0.118785,0.012564,0.347411,-0.037814,0.016556,0.022350,0.086243,-0.000729,0.745426,-0.075792,0.000020,0.734646,-0.081704,0.047509,0.885197,-0.041471,-0.031271,0.742627,-0.096230,0.034862,0.758342,-0.057124,0.020713,0.722348,-0.048452,0.025797,0.654269,-0.075708,0.037893,0.727167,-0.133542,-0.020741,0.671777,-0.143396,-0.038660,0.623700,-0.162168
-0.018651,0.747904,-0.070177,0.043733,0.686439,-0.108718,0.019761,0.374211,-0.022167,0.011511,0.030487,0.117737,0.030997,0.747154,-0.036585,0.028106,0.674317,-0.073398,0.049576,0.656177,-0.084633,-0.027245,0.756727,-0.068447,0.053167,0.772047,-0.021233,0.047444,0.724889,-0.015137,0.050365,0.642456,-0.046781,0.055193,0.744010,-0.114894,-0.005041,0.692214,-0.124623,-0.023772,0.638397,-0.145119
-0.009998,0.761572,-0.036200,0.065812,0.715251,-0.091956,0.021085,0.420032,-0.004487,0.002809,0.044596,0.160333,0.063587,0.746955,0.008921,0.045851,0.601795,-0.062896,0.041537,0.458907,-0.114904,-0.022300,0.769544,-0.034290,0.072243,0.786965,0.020368,0.076285,0.727142,0.023628,0.076567,0.631005,-0.011680,0.073410,0.757539,-0.089783,0.011999,0.709945,-0.099396,-0.007084,0.651885,-0.120955
-0.000327,0.774766,0.001159,0.083967,0.749456,-0.068980,0.013282,0.494993,0.010770,-0.007797,0.068095,0.215828,0.093175,0.746946,0.056114,0.057172,0.538762,-0.044177,0.029239,0.309929,-0.123268,-0.015414,0.780887,0.003007,0.091967,0.802722,0.063748,0.106832,0.728124,0.064215,0.104179,0.619561,0.026166,0.092482,0.766288,-0.060557,0.030641,0.724230,-0.070065,0.012153,0.663701,-0.091959
0.010354,0.786298,0.038504,0.095552,0.787480,-0.040818,-0.005701,0.606448,0.019206,-0.017525,0.105363,0.285207,0.116412,0.746296,0.099638,0.065150,0.493558,-0.017720,0.018749,0.211593,-0.110543,-0.005963,0.789901,0.040046,0.111978,0.818296,0.104964,0.138286,0.726726,0.103024,0.132469,0.607873,0.063386,0.112087,0.768626,-0.029874,0.050613,0.734114,-0.039352,0.034102,0.673329,-0.060751
0.021720,0.794418,0.073157,0.099194,0.826338,-0.008925,-0.034913,0.752652,0.019247,-0.023501,0.161123,0.367395,0.131528,0.742349,0.135254,0.070994,0.462696,0.011475,0.012695,0.152088,-0.084790,0.005996,0.795308,0.074219,0.131596,0.831968,0.141177,0.169425,0.722387,0.137439,0.160431,0.596680,0.097624,0.131511,0.763439,0.000081,0.071100,0.738601,-0.009494,0.058202,0.680939,-0.029235
0.033523,0.798018,0.103195,0.095732,0.862325,0.024705,-0.069898,0.920214,0.013512,-0.023867,0.238973,0.458295,0.138718,0.733450,0.160563,0.074588,0.438999,0.037555,0.010013,0.114997,-0.055911,0.020065,0.796409,0.103710,0.150006,0.841520,0.170641,0.198623,0.715713,0.165760,0.186989,0.588470,0.127465,0.149792,0.751137,0.027734,0.091218,0.737307,0.017992,0.083269,0.688022,0.001627
0.045966,0.797435,0.126974,0.088373,0.891983,0.057233,-0.104448,1.088776,0.007078,-0.018876,0.339435,0.551000,0.139939,0.721013,0.174837,0.075837,0.418594,0.056454,0.008401,0.088928,-0.031238,0.035937,0.793754,0.126980,0.166420,0.844865,0.192017,0.223811,0.708555,0.186565,0.210879,0.587055,0.151673,0.165925,0.734151,0.051783,0.110425,0.731135,0.042011,0.107630,0.697192,0.031212
0.059494,0.793850,0.142942,0.081789,0.912686,0.084838,-0.133265,1.239683,0.003892,-0.011467,0.458655,0.637098,0.138359,0.708831,0.178798,0.075551,0.401979,0.066764,0.006530,0.069571,-0.014048,0.053256,0.788501,0.142537,0.179995,0.840878,0.203983,0.242482,0.703362,0.198422,0.230415,0.595865,0.168697,0.178923,0.716169,0.070860,0.128452,0.722277,0.061448,0.129330,0.710998,0.058445
0.074052,0.787822,0.149839,0.080295,0.922769,0.103219,-0.153159,1.361852,0.004384,-0.006473,0.588912,0.707884,0.137397,0.700205,0.174364,0.075233,0.390852,0.069335,0.004422,0.056058,-0.004293,0.071028,0.780984,0.149131,0.189690,0.829782,0.205420,0.252010,0.702068,0.200154,0.243574,0.616111,0.176852,0.187779,0.700424,0.083375,0.144903,0.713358,0.074879,0.146545,0.730410,0.081348
0.088491,0.778509,0.147078,0.085988,0.921673,0.108819,-0.162097,1.451746,0.006007,-0.008381,0.720979,0.754502,0.139479,0.695524,0.164089,0.076183,0.385121,0.066342,0.002645,0.047515,-0.000007,0.087288,0.770044,0.146144,0.194338,0.812800,0.195950,0.250393,0.705178,0.191348,0.248500,0.646095,0.175013,0.191513,0.688299,0.087759,0.158974,0.706369,0.080720,0.158099,0.753933,0.097292
0.100727,0.764495,0.135251,0.097875,0.910307,0.100479,-0.157843,1.510010,0.005831,-0.019010,0.847102,0.767582,0.145062,0.692196,0.150486,0.078679,0.382227,0.060281,0.001549,0.042266,0.001386,0.099557,0.754027,0.134118,0.193055,0.791631,0.176581,0.237204,0.711702,0.172932,0.244212,0.681996,0.163487,0.189449,0.679227,0.083253,0.169581,0.702207,0.078043,0.163828,0.777933,0.104032
0.108667,0.745449,0.116617,0.112301,0.891323,0.080835,-0.138472,1.539013,0.003253,-0.036855,0.963117,0.738432,0.152391,0.686518,0.135520,0.081756,0.378286,0.053101,0.001041,0.038427,0.001998,0.105973,0.732642,0.115272,0.185866,0.768266,0.150212,0.214302,0.719911,0.147626,0.231263,0.719347,0.144642,0.181733,0.671637,0.070976,0.175824,0.700975,0.067706,0.164741,0.797942,0.101051
0.111327,0.723075,0.095078,0.124335,0.868719,0.056402,-0.104827,1.542975,0.001156,-0.058417,1.069021,0.662642,0.158164,0.675782,0.120366,0.083684,0.369944,0.045771,0.000766,0.034520,0.002817,0.106408,0.707995,0.093513,0.174158,0.744908,0.121472,0.185778,0.728273,0.119811,0.211946,0.754267,0.122715,0.169770,0.664015,0.054383,0.177491,0.702547,0.052874,0.162887,0.810235,0.090310
0.109405,0.700515,0.075223,0.129633,0.846721,0.035592,-0.062378,1.528810,0.004752,-0.080207,1.167983,0.543637,0.158960,0.659324,0.105430,0.082944,0.356121,0.038432,0.000423,0.029809,0.003751,0.102739,0.683844,0.073473,0.160479,0.723479,0.095530,0.156833,0.735883,0.094419,0.189658,0.784046,0.102585,0.156074,0.655434,0.038411,0.175218,0.706828,0.038229,0.160766,0.812995,0.075742
0.104886,0.680790,0.060680,0.126139,0.828526,0.025212,-0.019736,1.504821,0.018609,-0.100007,1.264117,0.392356,0.152852,0.638405,0.090668,0.079097,0.338620,0.030942,-0.000042,0.024387,0.004244,0.097933,0.663663,0.058843,0.147624,0.704956,0.076296,0.132016,0.742234,0.075230,0.167584,0.807257,0.088048,0.143395,0.645493,0.027489,0.170118,0.713505,0.028054,0.160321,0.806705,0.061671
0.099950,0.665489,0.052694,0.114858,0.815613,0.027381,0.015690,1.477271,0.043611,-0.117113,1.360062,0.222660,0.140334,0.615433,0.076017,0.072952,0.320988,0.023313,-0.000520,0.018931,0.003938,0.094486,0.649007,0.050895,0.137548,0.689229,0.064975,0.113754,0.746775,0.063540,0.147592,0.823735,0.080561,0.133634,0.634003,0.023530,0.163212,0.721573,0.024298,0.162029,0.793878,0.051112
0.095946,0.654486,0.049811,0.099296,0.807800,0.038808,0.041271,1.448013,0.075788,-0.131974,1.456044,0.046463,0.124037,0.592969,0.061663,0.065980,0.306337,0.015788,-0.000972,0.014203,0.002945,0.093268,0.639203,0.048137,0.130753,0.675710,0.059855,0.101914,0.748824,0.057975,0.130123,0.834532,0.079106,0.127211,0.620878,0.025181,0.155119,0.729167,0.025836,0.164669,0.778472,0.045027
0.093011,0.646589,0.048871,0.083792,0.803709,0.052846,0.059056,1.415362,0.107883,-0.145507,1.551073,-0.127850,0.107394,0.572853,0.047972,0.059504,0.295743,0.008649,-0.001496,0.010659,0.001654,0.093439,0.632399,0.047338,0.126439,0.664124,0.057463,0.094453,0.747972,0.055541,0.114940,0.841688,0.081144,0.123217,0.606383,0.028815,0.146184,0.734046,0.029399,0.165887,0.765094,0.042769
0.090360,0.640548,0.046643,0.071662,0.801351,0.062887,0.072735,1.376889,0.132630,-0.158251,1.644949,-0.294074,0.093066,0.555774,0.035237,0.054202,0.288215,0.002011,-0.002154,0.008380,0.000380,0.093255,0.627067,0.045213,0.123170,0.654817,0.054351,0.088668,0.744537,0.053206,0.101912,0.847606,0.083973,0.120093,0.591442,0.030510,0.136754,0.734446,0.031414,0.163188,0.757876,0.043095
0.086947,0.635724,0.041106,0.064187,0.798711,0.064960,0.084805,1.331659,0.145593,-0.169732,1.739107,-0.446136,0.082094,0.541503,0.023482,0.050056,0.281831,-0.004224,-0.002814,0.007215,-0.000858,0.091123,0.622851,0.039747,0.119609,0.648464,0.048433,0.082382,0.739556,0.049037,0.091244,0.854051,0.085666,0.116406,0.577597,0.027740,0.127334,0.729719,0.029554,0.154902,0.759246,0.044911
0.082110,0.632151,0.031843,0.060853,0.794280,0.058413,0.096052,1.280902,0.146110,-0.178325,1.835651,-0.576870,0.074128,0.529647,0.012537,0.046647,0.275091,-0.010232,-0.003231,0.006917,-0.002218,0.086343,0.620345,0.030578,0.114991,0.645564,0.039296,0.074649,0.734309,0.042445,0.083257,0.861253,0.085199,0.111355,0.566483,0.019994,0.118533,0.720432,0.023281,0.140787,0.769117,0.047480
0.075921,0.630168,0.019713,0.060333,0.787357,0.045062,0.106882,1.227382,0.136381,-0.181662,1.935526,-0.678271,0.068272,0.520358,0.002281,0.043560,0.267840,-0.016019,-0.003244,0.007195,-0.003708,0.079292,0.620261,0.018613,0.109252,0.646141,0.027723,0.065837,0.729830,0.033778,0.078099,0.867749,0.082079,0.104907,0.559160,0.008409,0.110872,0.708066,0.013526,0.122121,0.784938,0.050276
0.069068,0.630013,0.006156,0.061333,0.778032,0.027759,0.118521,1.173971,0.119707,-0.177329,2.037254,-0.743365,0.063777,0.514475,-0.007224,0.040654,0.261352,-0.021355,-0.002857,0.007736,-0.004991,0.071068,0.622767,0.005306,0.102834,0.649768,0.014944,0.057154,0.726741,0.023727,0.075591,0.871161,0.075945,0.097591,0.555747,-0.005107,0.104573,0.694605,0.001915,0.101239,0.802604,0.052737
0.062410,0.631656,-0.007509,0.062897,0.767012,0.009140,0.132787,1.122268,0.098879,-0.163547,2.136994,-0.768667,0.060210,0.513022,-0.015906,0.038054,0.257514,-0.025983,-0.002184,0.008229,-0.005579,0.062888,0.627377,-0.008067,0.096343,0.655705,0.001993,0.049908,0.725321,0.012848,0.075205,0.869400,0.066401,0.090101,0.555566,-0.018812,0.099453,0.682126,-0.010037,0.080727,0.817854,0.054049
0.056539,0.634846,-0.020536,0.064389,0.755435,-0.009107,0.150768,1.072217,0.075420,-0.139470,2.229657,-0.755341,0.057324,0.516463,-0.023876,0.035924,0.257560,-0.029865,-0.001373,0.008390,-0.005162,0.055573,0.633251,-0.020818,0.090203,0.663051,-0.010609,0.044897,0.725608,0.001359,0.076130,0.861568,0.053101,0.082937,0.557624,-0.031697,0.095021,0.672467,-0.021402,0.062671,0.827549,0.053124
0.051592,0.639241,-0.032757,0.065485,0.744688,-0.026364,0.171470,1.022826,0.049733,-0.104854,2.310034,-0.708296,0.054935,0.524154,-0.031377,0.034292,0.261248,-0.033148,-0.000582,0.008048,-0.003708,0.049346,0.639601,-0.032839,0.084504,0.670950,-0.022797,0.042194,0.727493,-0.010763,0.077442,0.848229,0.036019,0.076229,0.561073,-0.043519,0.090711,0.666948,-0.031871,0.048285,0.830346,0.048873
0.047360,0.644518,-0.044337,0.066241,0.736218,-0.042799,0.191366,0.973170,0.021711,-0.059453,2.373192,-0.634347,0.052920,0.534278,-0.038583,0.033056,0.267027,-0.035947,0.000021,0.007295,-0.001332,0.043959,0.645952,-0.044317,0.079104,0.678867,-0.034703,0.041305,0.730845,-0.023544,0.078388,0.831218,0.015707,0.069838,0.565407,-0.054509,0.086122,0.666082,-0.041530,0.037993,0.826622,0.040596
0.043554,0.650446,-0.055540,0.067105,0.731361,-0.058937,0.205428,0.923373,-0.008586,-0.002948,2.414326,-0.540810,0.051256,0.544376,-0.045515,0.032128,0.272942,-0.038268,0.000291,0.006533,0.001802,0.039014,0.652196,-0.055513,0.073897,0.686800,-0.046478,0.041517,0.735606,-0.036856,0.078660,0.813181,-0.006682,0.063617,0.570408,-0.065084,0.081160,0.669385,-0.050692,0.031762,0.817796,0.028178
0.040065,0.656955,-0.066649,0.068801,0.731262,-0.075275,0.209672,0.876126,-0.040161,0.064236,2.428726,-0.434803,0.050034,0.552325,-0.052165,0.031559,0.277558,-0.040122,0.000195,0.006250,0.005471,0.034287,0.658519,-0.066689,0.069008,0.695212,-0.058280,0.042191,0.741780,-0.050464,0.078488,0.796894,-0.029713,0.057625,0.576032,-0.075702,0.075998,0.675492,-0.059838,0.029410,0.805475,0.011966
0.037050,0.664173,-0.077919,0.072060,0.736859,-0.091918,0.204128,0.838754,-0.070097,0.139927,2.412152,-0.322943,0.049393,0.557251,-0.058636,0.031506,0.280398,-0.041651,-0.000136,0.006690,0.009392,0.029873,0.665271,-0.078076,0.064748,0.704699,-0.070296,0.042903,0.749324,-0.064152,0.078477,0.784517,-0.052115,0.052121,0.582368,-0.086707,0.070928,0.682560,-0.069495,0.030705,0.790885,-0.007396
0.034798,0.672348,-0.089436,0.077212,0.748775,-0.108251,0.194316,0.823646,-0.093038,0.219910,2.361562,-0.211494,0.049294,0.559809,-0.065175,0.032009,0.281867,-0.043134,-0.000512,0.007712,0.013286,0.026105,0.672831,-0.089745,0.061380,0.715615,-0.082624,0.043440,0.758070,-0.077743,0.079263,0.777136,-0.073026,0.047369,0.589590,-0.098118,0.066204,0.688722,-0.079974,0.035267,0.774798,-0.028928
0.033472,0.681677,-0.100934,0.083743,0.766863,-0.122839,0.189398,0.843347,-0.102663,0.298542,2.276021,-0.107163,0.049210,0.561697,-0.072113,0.032736,0.282897,-0.044910,-0.000826,0.008936,0.016943,0.023327,0.681480,-0.101410,0.058947,0.727942,-0.095054,0.043749,0.767806,-0.090953,0.081180,0.774831,-0.091893,0.043454,0.597833,-0.109458,0.061992,0.692437,-0.091095,0.042506,0.757734,-0.051177
0.032902,0.692125,-0.111713,0.090160,0.789495,-0.133885,0.196935,0.900118,-0.095768,0.369702,2.157334,-0.017990,0.048033,0.564733,-0.079708,0.032987,0.284500,-0.047231,-0.001050,0.009985,0.020275,0.021662,0.691288,-0.112338,0.057277,0.741473,-0.106936,0.043880,0.778417,-0.103228,0.084126,0.777066,-0.108218,0.040236,0.607018,-0.119798,0.058359,0.692694,-0.102135,0.051686,0.740090,-0.072344
0.032576,0.703352,-0.120780,0.094465,0.813315,-0.140115,0.217391,0.977850,-0.076217,0.427575,2.009778,0.047148,0.044453,0.569977,-0.087885,0.032041,0.287365,-0.050043,-0.001049,0.010649,0.023440,0.020892,0.702068,-0.121496,0.056096,0.756036,-0.117271,0.043921,0.789916,-0.113737,0.087672,0.782990,-0.121455,0.037400,0.616763,-0.128034,0.055222,0.689120,-0.112036,0.062019,0.722069,-0.090729
0.031876,0.714827,-0.127116,0.095049,0.834164,-0.141384,0.243137,1.046741,-0.054280,0.467146,1.839203,0.081342,0.037630,0.577387,-0.096009,0.029611,0.291704,-0.052780,-0.000469,0.010961,0.027011,0.020538,0.713463,-0.127827,0.055090,0.771543,-0.124991,0.043944,0.802305,-0.121591,0.091243,0.791482,-0.131153,0.034528,0.626496,-0.133148,0.052304,0.681946,-0.119673,0.072669,0.703569,-0.105148
0.030435,0.726082,-0.129859,0.091387,0.848890,-0.138340,0.263170,1.079942,-0.040658,0.484644,1.652503,0.083243,0.027641,0.586219,-0.102930,0.026012,0.297606,-0.054443,0.001095,0.011214,0.032032,0.020177,0.725154,-0.130446,0.053952,0.787868,-0.129204,0.044097,0.815473,-0.126103,0.094313,0.801180,-0.137153,0.031207,0.635702,-0.134259,0.049242,0.671869,-0.123936,0.082721,0.684286,-0.114927
0.028430,0.737038,-0.128385,0.084054,0.856803,-0.131525,0.269495,1.068075,-0.040248,0.478294,1.457718,0.058342,0.015389,0.595935,-0.107458,0.022047,0.306043,-0.054174,0.003773,0.011900,0.039900,0.019816,0.737113,-0.128723,0.052476,0.804786,-0.129323,0.044800,0.829287,-0.126972,0.096650,0.810750,-0.139687,0.027194,0.644107,-0.130534,0.045812,0.659831,-0.123703,0.091319,0.663959,-0.119597
0.026610,0.748220,-0.122423,0.074255,0.859905,-0.120867,0.260374,1.020016,-0.050915,0.449579,1.263561,0.016486,0.002164,0.607063,-0.109015,0.018935,0.320507,-0.052243,0.007230,0.013656,0.052223,0.020052,0.749728,-0.122407,0.050673,0.822028,-0.125187,0.046851,0.843782,-0.124399,0.098636,0.819276,-0.139392,0.022507,0.651594,-0.121281,0.042069,0.646747,-0.117973,0.097964,0.642507,-0.118740
0.026056,0.760669,-0.112194,0.063243,0.862003,-0.105812,0.239440,0.952831,-0.066857,0.404059,1.077651,-0.032275,-0.010881,0.621391,-0.108126,0.018436,0.348445,-0.050975,0.010817,0.017370,0.070803,0.021905,0.763669,-0.111761,0.048835,0.839389,-0.117149,0.051272,0.859216,-0.119069,0.101411,0.826458,-0.137227,0.017402,0.657933,-0.106213,0.038299,0.633222,-0.106176,0.102810,0.619897,-0.112149
0.027807,0.775387,-0.098308,0.051741,0.867226,-0.085459,0.212554,0.881682,-0.082078,0.350224,0.904942,-0.079991,-0.023285,0.641202,-0.106438,0.022655,0.400351,-0.054716,0.013903,0.024417,0.097571,0.026503,0.779418,-0.097458,0.047551,0.856773,-0.105951,0.058978,0.875919,-0.111855,0.106598,0.832486,-0.134143,0.012315,0.662636,-0.085564,0.034941,0.619413,-0.088306,0.106733,0.595949,-0.099961
0.032490,0.792530,-0.081400,0.039568,0.878392,-0.058506,0.184632,0.815898,-0.091438,0.296246,0.748136,-0.120261,-0.035643,0.667832,-0.106079,0.033015,0.484750,-0.067986,0.016050,0.036848,0.134296,0.034740,0.796678,-0.080192,0.047592,0.874103,-0.092370,0.070380,0.894029,-0.103319,0.115628,0.837733,-0.130581,0.007767,0.665125,-0.059908,0.032398,0.605152,-0.064803,0.110965,0.570327,-0.082586
0.040058,0.810889,-0.061967,0.026113,0.895703,-0.023937,0.158017,0.759812,-0.090783,0.246828,0.609413,-0.147334,-0.049039,0.700446,-0.108385,0.049144,0.601420,-0.092219,0.016851,0.057456,0.182295,0.046819,0.814073,-0.060505,0.049502,0.891027,-0.077046,0.084972,0.913233,-0.093555,0.128886,0.842422,-0.126319,0.004112,0.665110,-0.030110,0.030555,0.590212,-0.036563,0.116260,0.542703,-0.060816
0.049770,0.828095,-0.040686,0.011769,0.916317,0.017187,0.133027,0.714519,-0.078265,0.202499,0.490898,-0.157400,-0.063316,0.736044,-0.112579,0.069257,0.739190,-0.123483,0.015715,0.089846,0.242510,0.061805,0.829424,-0.039122,0.053035,0.906567,-0.060734,0.101055,0.932618,-0.082592,0.145111,0.846376,-0.120939,0.001151,0.662836,0.002367,0.028182,0.574441,-0.005314,0.121963,0.512833,-0.036250
0.060496,0.841366,-0.018760,-0.000928,0.935103,0.060453,0.109901,0.678893,-0.055925,0.161559,0.393051,-0.151016,-0.075486,0.770804,-0.115455,0.092313,0.881661,-0.153412,0.012090,0.138561,0.315633,0.077627,0.840333,-0.017299,0.056992,0.918983,-0.044545,0.116021,0.950695,-0.070860,0.161545,0.849005,-0.114357,-0.001905,0.658987,0.035245,0.022986,0.557659,0.026218,0.125831,0.480546,-0.011457
0.071121,0.848283,0.002381,-0.008069,0.946549,0.099433,0.090339,0.650593,-0.028967,0.122876,0.313182,-0.133259,-0.080409,0.801692,-0.112713,0.119812,1.016045,-0.172977,0.006284,0.208759,0.401436,0.091744,0.844667,0.003482,0.059893,0.926131,-0.029599,0.127318,0.965622,-0.058992,0.175170,0.849753,-0.106625,-0.005892,0.654221,0.065899,0.012752,0.539605,0.054975,0.125075,0.445923,0.010803
0.080647,0.847344,0.021835,-0.006878,0.947250,0.129181,0.077216,0.627457,-0.002538,0.087463,0.246409,-0.110536,-0.074136,0.826931,-0.101301,0.155055,1.137303,-0.176317,0.000353,0.304750,0.497195,0.102046,0.840933,0.022315,0.061057,0.926359,-0.016246,0.133582,0.975660,-0.047066,0.184569,0.848953,-0.097083,-0.010999,0.648600,0.092297,-0.003059,0.520280,0.078833,0.118054,0.409896,0.028938
0.088033,0.838308,0.039612,0.002312,0.937514,0.148742,0.072354,0.607755,0.020709,0.057882,0.188362,-0.087126,-0.057266,0.845036,-0.081070,0.200415,1.245240,-0.162128,-0.001832,0.427423,0.596342,0.107388,0.828807,0.039275,0.061200,0.919488,-0.003721,0.135164,0.979799,-0.034218,0.191172,0.848438,-0.084003,-0.016598,0.641356,0.113555,-0.022464,0.500539,0.097360,0.105354,0.374830,0.043226
0.092326,0.822181,0.056148,0.016626,0.920583,0.160328,0.074091,0.588331,0.039841,0.036223,0.137196,-0.064677,-0.034895,0.853567,-0.054508,0.255399,1.338588,-0.132312,0.003915,0.571977,0.688506,0.107704,0.809526,0.054939,0.062098,0.907056,0.009235,0.133825,0.978228,-0.019258,0.198796,0.851029,-0.065494,-0.021614,0.631338,0.129679,-0.041514,0.482153,0.111430,0.089489,0.344232,0.055144
0.093374,0.800681,0.071468,0.033180,0.899864,0.166300,0.077287,0.563368,0.053423,0.022465,0.093521,-0.044113,-0.012846,0.849262,-0.025000,0.317204,1.411293,-0.089620,0.019381,0.727840,0.760815,0.104065,0.785542,0.069528,0.065708,0.891472,0.023254,0.131943,0.972171,-0.001815,0.211541,0.858888,-0.041049,-0.024913,0.617858,0.140967,-0.055805,0.466953,0.122154,0.073615,0.321313,0.065965
0.092466,0.775596,0.084838,0.051012,0.876605,0.167121,0.076765,0.527341,0.059319,0.014534,0.058845,-0.026948,0.006432,0.830031,0.004744,0.382549,1.453650,-0.036472,0.041933,0.881418,0.799828,0.098607,0.759542,0.082486,0.073353,0.874728,0.037678,0.131669,0.963114,0.017035,0.231336,0.871913,-0.012362,-0.025496,0.601228,0.147711,-0.062132,0.455612,0.130114,0.060247,0.307430,0.075931
0.092047,0.748568,0.095141,0.070762,0.849908,0.161867,0.071491,0.480517,0.056842,0.009743,0.033933,-0.014574,0.024851,0.797455,0.033089,0.448174,1.457707,0.024378,0.065470,1.020515,0.794074,0.094008,0.733646,0.092793,0.085191,0.857657,0.050844,0.134227,0.951946,0.035134,0.256577,0.887476,0.017244,-0.022728,0.582716,0.150343,-0.059632,0.447233,0.135399,0.050637,0.301715,0.084563
0.094557,0.721339,0.101543,0.092879,0.818456,0.150003,0.065352,0.430771,0.048191,0.006222,0.018030,-0.006978,0.046423,0.757612,0.059005,0.509169,1.423595,0.088534,0.084526,1.138165,0.737075,0.092539,0.709289,0.099576,0.099940,0.840023,0.060952,0.139547,0.938590,0.050162,0.282624,0.901649,0.044172,-0.016655,0.564237,0.149643,-0.050017,0.440093,0.138044,0.044874,0.302035,0.091494
0.101276,0.695812,0.103819,0.116312,0.782114,0.132466,0.063747,0.388891,0.037224,0.003350,0.009136,-0.002678,0.074081,0.719113,0.081477,0.557472,1.362065,0.149642,0.098614,1.233867,0.629506,0.095283,0.687451,0.102461,0.115116,0.821003,0.066783,0.146491,0.922253,0.060367,0.303875,0.910939,0.065659,-0.008045,0.547956,0.146594,-0.036651,0.432827,0.138267,0.042488,0.306199,0.096827
0.111942,0.673611,0.102153,0.138735,0.742499,0.111401,0.069394,0.361737,0.026992,0.001324,0.004811,0.000127,0.107720,0.689436,0.099164,0.583561,1.290506,0.200571,0.113139,1.311707,0.478844,0.101993,0.668659,0.101425,0.127972,0.799673,0.067868,0.153664,0.902053,0.064779,0.316348,0.913463,0.080157,0.002058,0.535679,0.141834,-0.022819,0.425108,0.136226,0.043189,0.312460,0.100657
0.125157,0.655479,0.096698,0.157750,0.702643,0.089208,0.080904,0.349196,0.018427,0.000444,0.002927,0.002487,0.144123,0.671923,0.110365,0.581318,1.224723,0.235456,0.136133,1.376968,0.296966,0.111548,0.652818,0.096431,0.136747,0.775487,0.064210,0.160320,0.877714,0.063061,0.319382,0.909144,0.087141,0.012970,0.528199,0.135156,-0.010213,0.417565,0.131622,0.047210,0.319393,0.102352
0.139157,0.641070,0.087369,0.171965,0.665982,0.067696,0.094409,0.346166,0.010811,0.000647,0.002065,0.004476,0.178397,0.665038,0.113416,0.552517,1.172233,0.251566,0.173715,1.433768,0.097674,0.122638,0.639265,0.087296,0.141486,0.748762,0.055997,0.166813,0.850083,0.055350,0.315671,0.899192,0.086764,0.024715,0.525119,0.125571,0.001437,0.411294,0.123653,0.055057,0.325821,0.100444
0.152522,0.629237,0.074071,0.181334,0.635009,0.047717,0.106143,0.346466,0.002975,0.001453,0.001524,0.005626,0.206005,0.663765,0.107441,0.507301,1.131051,0.250076,0.227764,1.484875,-0.104725,0.134334,0.627176,0.073951,0.143957,0.720893,0.043593,0.174340,0.821126,0.042287,0.309855,0.885370,0.079729,0.037911,0.525282,0.111993,0.013640,0.407360,0.111501,0.066963,0.331017,0.093333
0.164575,0.618610,0.057162,0.186869,0.610373,0.029354,0.114023,0.345444,-0.005797,0.002303,0.001101,0.005494,0.224416,0.662072,0.093018,0.460267,1.093036,0.235287,0.296687,1.532491,-0.296546,0.146317,0.615994,0.056888,0.146785,0.693973,0.027784,0.184168,0.793224,0.025183,0.306467,0.869315,0.067394,0.053360,0.527390,0.094108,0.028016,0.406426,0.095017,0.082495,0.334871,0.080279
0.175411,0.608159,0.037764,0.190163,0.591124,0.012453,0.117748,0.340563,-0.015432,0.002913,0.000797,0.004039,0.233717,0.655341,0.072271,0.424610,1.048578,0.212596,0.377590,1.578407,-0.466330,0.158739,0.605553,0.037394,0.152336,0.669954,0.009965,0.196829,0.768079,0.006041,0.308165,0.851966,0.051785,0.071591,0.530364,0.072801,0.045475,0.408598,0.075103,0.100532,0.337717,0.061928
0.185619,0.597493,0.017636,0.192950,0.575784,-0.002912,0.118124,0.331025,-0.025160,0.003311,0.000637,0.001750,0.236156,0.641849,0.048290,0.407304,0.990822,0.186442,0.468015,1.623539,-0.606133,0.171856,0.595887,0.017331,0.161887,0.649864,-0.008010,0.211809,0.745992,-0.012792,0.314992,0.833313,0.035229,0.092552,0.533347,0.049924,0.065942,0.413478,0.053503,0.119515,0.339885,0.040040
0.195868,0.586755,-0.001344,0.196737,0.563202,-0.016405,0.116466,0.317499,-0.033917,0.003602,0.000610,-0.000493,0.235044,0.622772,0.024226,0.407168,0.918706,0.159292,0.566447,1.667639,-0.711352,0.185687,0.586945,-0.001429,0.175395,0.633546,-0.024322,0.227866,0.726024,-0.029258,0.324907,0.812643,0.019687,0.115578,0.535588,0.027569,0.088525,0.420372,0.032147,0.137820,0.341388,0.016726
0.206593,0.576271,-0.017796,0.202491,0.552584,-0.027790,0.114330,0.301924,-0.040872,0.003791,0.000651,-0.001784,0.233666,0.601045,0.002494,0.416376,0.837495,0.131789,0.671587,1.709295,-0.779578,0.199921,0.578457,-0.017594,0.191780,0.619966,-0.037764,0.243688,0.706812,-0.042204,0.335052,0.789136,0.006129,0.139592,0.536470,0.007349,0.111932,0.428521,0.012503,0.154151,0.342027,-0.006243
0.217991,0.566281,-0.031197,0.210498,0.543078,-0.037251,0.113188,0.286686,-0.045788,0.003833,0.000627,-0.001595,0.234549,0.579871,-0.015665,0.424510,0.756208,0.103454,0.781133,1.746043,-0.809941,0.214171,0.570077,-0.030742,0.209460,0.607759,-0.048059,0.258390,0.687359,-0.051610,0.342990,0.762384,-0.005639,0.163489,0.535697,-0.009949,0.134977,0.437297,-0.004722,0.167885,0.341871,-0.027681
0.230248,0.556912,-0.041870,0.220464,0.533631,-0.045329,0.113823,0.273223,-0.048972,0.003749,0.000389,0.000010,0.239126,0.561635,-0.030272,0.423016,0.683643,0.073396,0.891129,1.774759,-0.803437,0.228395,0.561659,-0.041252,0.226966,0.595761,-0.055814,0.271688,0.667375,-0.058386,0.347421,0.732573,-0.016681,0.186561,0.533498,-0.024293,0.157023,0.446322,-0.019482,0.179299,0.341729,-0.046845
0.243707,0.548278,-0.050713,0.231763,0.523331,-0.052591,0.115897,0.261159,-0.050908,0.003645,-0.000105,0.002491,0.247675,0.547497,-0.042392,0.407898,0.625548,0.040887,0.996443,1.792379,-0.763361,0.243092,0.553406,-0.050020,0.243432,0.583369,-0.062201,0.283764,0.647163,-0.063916,0.348335,0.700416,-0.028348,0.208698,0.530576,-0.036169,0.178120,0.455399,-0.032148,0.189502,0.343223,-0.063253
0.258733,0.540559,-0.058832,0.243681,0.511905,-0.059367,0.118226,0.248860,-0.051894,0.003653,-0.000727,0.005193,0.259489,0.537574,-0.053644,0.380086,0.583893,0.005839,1.091839,1.796489,-0.694882,0.259028,0.545773,-0.058120,0.258797,0.570686,-0.068512,0.295003,0.627326,-0.069544,0.346726,0.667062,-0.041649,0.230232,0.527723,-0.046369,0.198718,0.464246,-0.043339,0.200024,0.348286,-0.076670
0.275410,0.534016,-0.067195,0.255614,0.499923,-0.065746,0.119614,0.234896,-0.051954,0.003870,-0.001270,0.007705,0.273294,0.531413,-0.065525,0.344318,0.557485,-0.030863,1.172757,1.785446,-0.604002,0.276695,0.539277,-0.066482,0.273661,0.558385,-0.075708,0.305730,0.608490,-0.076137,0.344084,0.633964,-0.056796,0.251545,0.525386,-0.055822,0.219206,0.472292,-0.053799,0.212238,0.358390,-0.087205
0.293405,0.528965,-0.076383,0.267242,0.488528,-0.071781,0.119611,0.219173,-0.051035,0.004332,-0.001578,0.009985,0.287846,0.528462,-0.078835,0.307447,0.543117,-0.067373,1.235364,1.758278,-0.496900,0.295990,0.534361,-0.075674,0.288853,0.547361,-0.084149,0.316064,0.591107,-0.083907,0.341790,0.602540,-0.073198,0.272794,0.523549,-0.065390,0.239667,0.478841,-0.064249,0.226937,0.373994,-0.095363
0.312136,0.525691,-0.086532,0.278621,0.478810,-0.077665,0.118777,0.203075,-0.049292,0.005025,-0.001612,0.012245,0.302505,0.528399,-0.093467,0.276773,0.537161,-0.101207,1.276146,1.714689,-0.380159,0.316311,0.531295,-0.085830,0.304973,0.538325,-0.093648,0.325952,0.575299,-0.092567,0.340623,0.573692,-0.089906,0.293916,0.522019,-0.075650,0.259989,0.483568,-0.075200,0.244259,0.394512,-0.101941
0.331058,0.524297,-0.097429,0.290072,0.471249,-0.083726,0.118437,0.188913,-0.047209,0.005911,-0.001406,0.014786,0.317472,0.531365,-0.108603,0.259133,0.537680,-0.129380,1.291807,1.655230,-0.261230,0.336909,0.530076,-0.096751,0.322145,0.531531,-0.103746,0.335330,0.560814,-0.101685,0.340628,0.547567,-0.106160,0.314825,0.520800,-0.086785,0.280157,0.486889,-0.086841,0.263874,0.418610,-0.107833
0.349854,0.524605,-0.108691,0.301942,0.465610,-0.090204,0.120150,0.179169,-0.045441,0.006956,-0.000981,0.017972,0.333554,0.538025,-0.123158,0.260771,0.546141,-0.148289,1.280057,1.581454,-0.148370,0.357221,0.530362,-0.108073,0.340084,0.526716,-0.113997,0.344329,0.547163,-0.110960,0.341411,0.523803,-0.121618,0.335597,0.520190,-0.098630,0.300383,0.489811,-0.099067,0.285239,0.444526,-0.113836
0.368478,0.526181,-0.119893,0.314440,0.461286,-0.097015,0.125151,0.175714,-0.044477,0.008146,-0.000297,0.022264,0.351569,0.549108,-0.136205,0.286375,0.566696,-0.154314,1.240881,1.495793,-0.050069,0.377038,0.531565,-0.119390,0.358328,0.523260,-0.124096,0.353346,0.533924,-0.120267,0.342580,0.502016,-0.136252,0.356472,0.520615,-0.110762,0.320992,0.493448,-0.111533,0.307763,0.470348,-0.120461
0.387066,0.528433,-0.130510,0.327769,0.457713,-0.103728,0.133967,0.179053,-0.044364,0.009493,0.000726,0.028155,0.371778,0.564314,-0.147112,0.335795,0.601768,-0.146034,1.176944,1.400804,0.025612,0.396468,0.533060,-0.130184,0.376445,0.520507,-0.133744,0.362912,0.520992,-0.129432,0.343946,0.482088,-0.150026,0.377727,0.522467,-0.122492,0.342205,0.498664,-0.123626,0.330873,0.494451,-0.127703
0.405750,0.530714,-0.139651,0.342407,0.454484,-0.109745,0.146362,0.187955,-0.044653,0.011011,0.002162,0.036033,0.393658,0.581103,-0.155224,0.400263,0.646258,-0.126883,1.092206,1.297619,0.071976,0.415671,0.534415,-0.139524,0.394157,0.518088,-0.142229,0.373434,0.508621,-0.137773,0.345463,0.464130,-0.162405,0.399535,0.526055,-0.132700,0.364048,0.506040,-0.134289,0.354043,0.516022,-0.134805
0.424403,0.532386,-0.145737,0.359238,0.451234,-0.114518,0.161790,0.200096,-0.044648,0.012710,0.004053,0.046169,0.416172,0.594453,-0.159227,0.462786,0.685766,-0.105144,0.989691,1.184462,0.085286,0.434478,0.535490,-0.145750,0.411337,0.516063,-0.147949,0.385013,0.497258,-0.143638,0.347084,0.448306,-0.171869,0.421855,0.531590,-0.139702,0.386400,0.515983,-0.141880,0.376760,0.535280,-0.140157
0.442425,0.532922,-0.146518,0.379411,0.447632,-0.117718,0.180274,0.213910,-0.043984,0.014643,0.006490,0.058920,0.438429,0.598264,-0.156680,0.505005,0.702032,-0.089808,0.870789,1.056990,0.066752,0.452093,0.536414,-0.146485,0.427857,0.514804,-0.148329,0.397389,0.487345,-0.144372,0.348700,0.434721,-0.175835,0.444276,0.539061,-0.141377,0.409005,0.528710,-0.144295,0.398418,0.553122,-0.141541
0.458847,0.532082,-0.139660,0.404055,0.443699,-0.119373,0.203258,0.230782,-0.043365,0.017008,0.009794,0.075029,0.460368,0.587951,-0.144330,0.516435,0.682470,-0.084989,0.737356,0.911595,0.023640,0.467169,0.537459,-0.139294,0.443435,0.514682,-0.140493,0.410061,0.479147,-0.137046,0.350175,0.423360,-0.171366,0.465932,0.548018,-0.135757,0.431402,0.544049,-0.139555,0.418271,0.570424,-0.136813
0.472835,0.530097,-0.123811,0.433977,0.440258,-0.119839,0.233663,0.255873,-0.044789,0.020266,0.014727,0.095912,0.482947,0.562898,-0.119504,0.499181,0.626999,-0.087567,0.595073,0.750338,-0.031645,0.478441,0.538867,-0.122808,0.457776,0.515749,-0.122549,0.422640,0.472559,-0.119762,0.351516,0.413918,-0.156510,0.485734,0.557359,-0.121941,0.453038,0.561161,-0.126726,0.435704,0.587418,-0.124835
0.484306,0.527656,-0.099494,0.469240,0.438998,-0.119388,0.274622,0.296283,-0.050630,0.025235,0.022620,0.123769,0.507474,0.527340,-0.081952,0.465156,0.547862,-0.089851,0.454916,0.583875,-0.084634,0.485578,0.540662,-0.097667,0.471032,0.517565,-0.094725,0.435324,0.466891,-0.092809,0.353107,0.405525,-0.131530,0.502871,0.565205,-0.100817,0.473632,0.578407,-0.106651,0.450738,0.603438,-0.106176
0.493939,0.525558,-0.069117,0.508624,0.441899,-0.117617,0.327308,0.357027,-0.061833,0.033081,0.035416,0.161225,0.534316,0.488814,-0.034705,0.428784,0.463262,-0.084572,0.330707,0.428998,-0.122837,0.489440,0.542462,-0.066512,0.484006,0.519369,-0.059535,0.448912,0.460895,-0.058774,0.355698,0.396681,-0.099073,0.517026,0.569087,-0.074929,0.493348,0.593543,-0.081821,0.464285,0.617115,-0.082951
0.502385,0.524106,-0.035908,0.549346,0.450257,-0.113165,0.389417,0.437460,-0.076560,0.045144,0.055642,0.210358,0.561807,0.454615,0.016961,0.400112,0.388945,-0.068357,0.233424,0.301235,-0.139150,0.491293,0.543384,-0.032830,0.497677,0.520550,-0.020713,0.463993,0.453204,-0.021363,0.359994,0.385770,-0.062908,0.528030,0.566597,-0.047362,0.512377,0.604264,-0.055246,0.477810,0.627032,-0.057635
0.509445,0.522699,-0.002533,0.587476,0.463977,-0.104061,0.455798,0.531042,-0.090508,0.062715,0.086330,0.271549,0.586224,0.428403,0.067654,0.381629,0.332447,-0.042226,0.165901,0.207595,-0.133288,0.491806,0.542173,0.000559,0.512424,0.520932,0.018325,0.479977,0.442934,0.016254,0.366333,0.371993,-0.026090,0.535476,0.556314,-0.020377,0.530292,0.608761,-0.029063,0.492727,0.632582,-0.031586
0.514249,0.520022,0.029541,0.618955,0.481546,-0.088426,0.521022,0.628696,-0.098793,0.086807,0.130843,0.342881,0.603120,0.409533,0.113236,0.369652,0.292921,-0.010189,0.122326,0.145050,-0.110736,0.491039,0.537625,0.032188,0.527659,0.520441,0.055335,0.495184,0.430064,0.052250,0.375116,0.356091,0.009970,0.538994,0.538475,0.005190,0.546011,0.605982,-0.003933,0.510072,0.634537,-0.004440
0.516285,0.514805,0.059606,0.640640,0.500499,-0.065225,0.581930,0.722885,-0.098073,0.117779,0.192443,0.420337,0.609266,0.395433,0.150744,0.358649,0.265494,0.022481,0.093164,0.105105,-0.079899,0.489341,0.529128,0.061490,0.542105,0.518492,0.088985,0.508038,0.415527,0.085642,0.387636,0.340429,0.044908,0.538924,0.514988,0.029445,0.558508,0.595702,0.020441,0.530454,0.634976,0.025169
0.515942,0.506539,0.086895,0.650820,0.517923,-0.034957,0.638299,0.809197,-0.087738,0.154694,0.273399,0.498452,0.603963,0.384495,0.177931,0.345142,0.245851,0.050713,0.071002,0.079435,-0.048985,0.487733,0.517001,0.087903,0.554287,0.513996,0.118156,0.517982,0.401215,0.115387,0.405970,0.328407,0.078175,0.536451,0.488866,0.052456,0.567520,0.578706,0.044260,0.553852,0.636531,0.058116
0.513803,0.495572,0.110175,0.649224,0.530918,-0.000177,0.691627,0.885040,-0.069852,0.195023,0.373594,0.571034,0.588937,0.376800,0.193522,0.328745,0.231781,0.070872,0.052714,0.062328,-0.023838,0.486942,0.502290,0.110384,0.562844,0.506137,0.141629,0.525116,0.389718,0.140094,0.431409,0.323347,0.108431,0.532892,0.463391,0.073444,0.573530,0.556980,0.066753,0.579212,0.641188,0.093503
0.509484,0.482681,0.127901,0.636802,0.537310,0.034657,0.743377,0.947753,-0.048198,0.235595,0.489178,0.631870,0.567068,0.372749,0.197850,0.310801,0.222202,0.081609,0.037906,0.050268,-0.007050,0.486060,0.486179,0.127513,0.566631,0.495027,0.158306,0.529223,0.383513,0.158416,0.462714,0.327224,0.133839,0.528808,0.441237,0.090545,0.577156,0.533420,0.085926,0.604301,0.649164,0.128278
0.501322,0.468650,0.138685,0.615425,0.536597,0.064377,0.793500,0.994141,-0.026780,0.274480,0.612176,0.675175,0.540850,0.371579,0.192855,0.292672,0.215994,0.083897,0.026696,0.041047,0.001754,0.482380,0.469542,0.137920,0.564789,0.481604,0.167584,0.529387,0.383867,0.169538,0.495923,0.339899,0.152790,0.523652,0.423774,0.101276,0.578521,0.510920,0.099087,0.626180,0.658537,0.158034
0.487242,0.454240,0.141845,0.587421,0.530453,0.085021,0.839018,1.021238,-0.008226,0.311985,0.731357,0.695621,0.511399,0.371175,0.181240,0.274976,0.211779,0.080165,0.018718,0.033378,0.004760,0.472719,0.452996,0.140868,0.556845,0.467078,0.169640,0.524560,0.390175,0.173415,0.525960,0.359330,0.164531,0.516032,0.410802,0.103630,0.577084,0.491405,0.104039,0.642078,0.665895,0.178682
0.466127,0.440266,0.137875,0.555108,0.522064,0.095375,0.873120,1.027121,0.007169,0.349329,0.834137,0.688356,0.478540,0.368941,0.165555,0.257670,0.208163,0.073104,0.013233,0.026643,0.004574,0.455253,0.437178,0.136770,0.542907,0.452460,0.165551,0.514453,0.400153,0.170826,0.548752,0.382418,0.169461,0.504423,0.400903,0.097268,0.572071,0.475481,0.100339,0.650190,0.667567,0.188062
0.438781,0.427377,0.128544,0.520643,0.514392,0.097180,0.886510,1.011712,0.021071,0.386087,0.909777,0.649782,0.441889,0.362755,0.147838,0.240351,0.203776,0.064817,0.009514,0.020628,0.003279,0.430663,0.422705,0.127351,0.523875,0.438305,0.157179,0.500095,0.410620,0.163263,0.562551,0.405784,0.168971,0.488093,0.392205,0.084050,0.563246,0.462768,0.089841,0.650169,0.660718,0.186603
0.407976,0.415584,0.116491,0.486215,0.508505,0.093986,0.871845,0.978172,0.035638,0.419293,0.953813,0.578991,0.402227,0.351522,0.129753,0.222400,0.197087,0.056528,0.007048,0.015369,0.002147,0.402018,0.409732,0.115249,0.501506,0.424613,0.146738,0.483719,0.418499,0.152609,0.568069,0.426296,0.164937,0.467755,0.383108,0.067531,0.551403,0.452407,0.076140,0.643163,0.643963,0.176872
0.377531,0.404013,0.104415,0.454123,0.503170,0.089443,0.828719,0.934051,0.052108,0.445724,0.971306,0.478695,0.362083,0.335377,0.112766,0.203150,0.186575,0.048732,0.005478,0.011094,0.001741,0.373488,0.397555,0.103187,0.478092,0.410981,0.136143,0.467947,0.421726,0.140658,0.567697,0.441642,0.159115,0.445402,0.372630,0.051691,0.538077,0.443398,0.063237,0.631272,0.617505,0.162414
0.350834,0.391289,0.094246,0.426321,0.495921,0.086005,0.764860,0.890123,0.070449,0.465400,0.975393,0.354673,0.325022,0.315711,0.098020,0.182464,0.171634,0.041540,0.004477,0.008067,0.002103,0.348595,0.384803,0.093104,0.455754,0.397025,0.126458,0.454605,0.419816,0.128687,0.564231,0.450934,0.152767,0.423326,0.360443,0.039568,0.524586,0.434807,0.054109,0.616495,0.582905,0.146455
0.329630,0.376419,0.086691,0.403616,0.484695,0.084509,0.692078,0.856374,0.089921,0.482588,0.980905,0.214216,0.294141,0.294999,0.086035,0.161481,0.153694,0.035035,0.003729,0.006338,0.002932,0.328964,0.370270,0.085680,0.435728,0.382832,0.117763,0.443838,0.413826,0.117327,0.559610,0.454884,0.146610,0.403006,0.346809,0.032437,0.511152,0.425977,0.049868,0.599785,0.542706,0.131051
0.313711,0.359589,0.081296,0.385278,0.468915,0.084437,0.620212,0.837269,0.109530,0.502979,0.997285,0.064788,0.270878,0.276240,0.076583,0.142688,0.136293,0.029417,0.003015,0.005637,0.003775,0.314192,0.353849,0.080422,0.418070,0.369109,0.109473,0.434086,0.405788,0.106724,0.554232,0.455274,0.140942,0.384610,0.332506,0.029779,0.496737,0.416662,0.049754,0.580852,0.500091,0.116967
0.301550,0.342268,0.076883,0.369537,0.449501,0.084397,0.553821,0.829529,0.127842,0.529701,1.025731,-0.086463,0.254874,0.262020,0.068925,0.128759,0.123476,0.024850,0.002291,0.005531,0.004216,0.302626,0.336839,0.076120,0.401892,0.356892,0.100810,0.422993,0.397928,0.096746,0.547142,0.454017,0.135698,0.367287,0.318659,0.029876,0.479671,0.406905,0.051788,0.558749,0.458482,0.104165
0.291304,0.326452,0.072120,0.354626,0.428102,0.082675,0.493263,0.824053,0.142704,0.561718,1.061745,-0.232703,0.244658,0.253566,0.062240,0.120925,0.117521,0.021229,0.001668,0.005705,0.004002,0.292406,0.321263,0.071433,0.385941,0.347050,0.091138,0.408678,0.392012,0.087060,0.536841,0.452391,0.130382,0.349880,0.306387,0.030678,0.458537,0.396665,0.053698,0.532704,0.420907,0.092425
0.281578,0.313576,0.066052,0.339553,0.406233,0.077906,0.437760,0.810676,0.151644,0.595356,1.099955,-0.367430,0.238431,0.250326,0.055960,0.118237,0.117805,0.018160,0.001287,0.006073,0.003100,0.282195,0.308706,0.065410,0.369202,0.339915,0.080135,0.390632,0.388963,0.077207,0.522100,0.450722,0.124067,0.331548,0.296403,0.030632,0.432783,0.385470,0.053786,0.502620,0.389220,0.081775
0.271667,0.303949,0.058448,0.324147,0.384924,0.069710,0.387225,0.782579,0.152859,0.626810,1.137120,-0.484638,0.234430,0.250394,0.049864,0.118278,0.121596,0.015217,0.001196,0.006645,0.001692,0.271412,0.299623,0.057838,0.351266,0.335251,0.067918,0.369819,0.388803,0.066831,0.502285,0.448516,0.115673,0.312051,0.288807,0.029155,0.402863,0.372469,0.051414,0.469056,0.363741,0.072548
0.261405,0.297068,0.049815,0.308637,0.364943,0.058898,0.341971,0.738161,0.146018,0.653590,1.171894,-0.579017,0.231005,0.251572,0.043989,0.118581,0.125912,0.012209,0.001309,0.007333,0.000105,0.260089,0.293576,0.049241,0.332356,0.332507,0.055114,0.348092,0.390856,0.055962,0.477297,0.444903,0.104431,0.291674,0.283207,0.026583,0.370018,0.356959,0.046980,0.432895,0.343573,0.065119
0.250893,0.292315,0.041098,0.293236,0.347096,0.047087,0.301779,0.680392,0.132357,0.674598,1.203125,-0.646228,0.226737,0.252375,0.038486,0.117620,0.128932,0.009230,0.001475,0.007889,-0.001328,0.248576,0.289916,0.040585,0.313066,0.331083,0.042738,0.327332,0.393992,0.045095,0.447454,0.439136,0.090280,0.270953,0.279001,0.023739,0.335872,0.338957,0.041502,0.395001,0.327239,0.059529
0.240267,0.289298,0.033270,0.277978,0.332162,0.036026,0.265971,0.614816,0.114140,0.689531,1.228907,-0.683364,0.220640,0.252361,0.033526,0.114920,0.130223,0.006522,0.001587,0.008022,-0.002365,0.237226,0.288148,0.032852,0.294021,0.330442,0.031871,0.308753,0.396775,0.034975,0.413565,0.430838,0.073978,0.250386,0.275571,0.021459,0.301950,0.319307,0.036099,0.356037,0.313090,0.055276
0.229558,0.287699,0.027012,0.262753,0.320531,0.027016,0.234349,0.547344,0.093891,0.698217,1.246714,-0.689498,0.212302,0.251773,0.029244,0.110654,0.130174,0.004312,0.001644,0.007583,-0.002882,0.226180,0.287812,0.026722,0.275645,0.330070,0.023288,0.292615,0.397601,0.026262,0.377052,0.419931,0.056878,0.230268,0.272326,0.020273,0.269257,0.299194,0.031588,0.316441,0.299384,0.051427
0.218684,0.287025,0.022557,0.247491,0.312000,0.020614,0.207589,0.482836,0.073778,0.700250,1.253647,-0.666114,0.201848,0.250940,0.025701,0.105236,0.129353,0.002726,0.001723,0.006648,-0.002843,0.215320,0.288269,0.022408,0.258101,0.329462,0.017220,0.278369,0.395063,0.019262,0.339887,0.406467,0.040464,0.210641,0.268674,0.020295,0.238097,0.279542,0.028295,0.276496,0.284356,0.046924
0.207538,0.286639,0.019652,0.232367,0.305946,0.016565,0.186435,0.424867,0.055297,0.695068,1.246386,-0.617248,0.189825,0.249962,0.022848,0.099125,0.128174,0.001749,0.001889,0.005472,-0.002305,0.204378,0.288762,0.019635,0.241349,0.328203,0.013299,0.265117,0.388522,0.013821,0.304298,0.390602,0.025813,0.191329,0.264057,0.021242,0.208242,0.260816,0.026061,0.236462,0.266593,0.040883
0.196084,0.286005,0.017670,0.217832,0.301642,0.013972,0.170656,0.376003,0.039219,0.682204,1.221588,-0.549255,0.177023,0.248737,0.020522,0.092746,0.126859,0.001237,0.002125,0.004363,-0.001420,0.193093,0.288701,0.017748,0.225206,0.326054,0.010734,0.252110,0.378483,0.009411,0.272365,0.372670,0.013283,0.172030,0.258098,0.022542,0.179279,0.243262,0.024402,0.196658,0.245538,0.032772
0.184323,0.284884,0.015884,0.204329,0.298477,0.011723,0.158935,0.337742,0.025736,0.661261,1.177149,-0.470004,0.164188,0.247179,0.018516,0.086404,0.125532,0.000980,0.002335,0.003560,-0.000384,0.181274,0.287855,0.016003,0.209377,0.322969,0.008662,0.238964,0.366389,0.005409,0.245592,0.353178,0.002652,0.152465,0.250767,0.023554,0.150865,0.227133,0.022740,0.157430,0.221670,0.022486
0.172210,0.283327,0.013803,0.191927,0.296064,0.009068,0.149653,0.310162,0.014720,0.631687,1.113522,-0.387513,0.151700,0.245382,0.016659,0.080190,0.124295,0.000792,0.002399,0.003161,0.000621,0.168802,0.286333,0.013907,0.193500,0.319035,0.006523,0.225510,0.353925,0.001442,0.224486,0.332742,-0.006438,0.132520,0.242455,0.023847,0.122773,0.212630,0.020654,0.119066,0.196102,0.010366
0.159648,0.281579,0.011344,0.180237,0.294326,0.005939,0.141740,0.291972,0.005969,0.592853,1.033955,-0.308511,0.139417,0.243625,0.014810,0.073966,0.123270,0.000517,0.002224,0.003137,0.001439,0.155649,0.284428,0.011385,0.177244,0.314431,0.004205,0.211570,0.342339,-0.002464,0.208353,0.312075,-0.014146,0.112319,0.233881,0.023353,0.094863,0.199731,0.018012,0.081819,0.169999,-0.002859
0.146612,0.279964,0.008706,0.168717,0.293472,0.002779,0.134999,0.281171,-0.000707,0.544748,0.943433,-0.237606,0.126894,0.242242,0.012834,0.067503,0.122563,0.000009,0.001787,0.003379,0.001917,0.141952,0.282500,0.008659,0.160450,0.309431,0.001882,0.196940,0.332194,-0.006052,0.195582,0.292045,-0.020439,0.092184,0.225872,0.022290,0.067115,0.188198,0.014932,0.046035,0.144331,-0.016200
0.133262,0.278782,0.006131,0.157077,0.293733,0.000052,0.129896,0.275722,-0.005604,0.488749,0.847160,-0.177327,0.113815,0.241436,0.010652,0.060692,0.122182,-0.000811,0.001158,0.003717,0.001980,0.128020,0.280908,0.005990,0.143221,0.304433,-0.000257,0.181565,0.323518,-0.009128,0.184292,0.273656,-0.025312,0.072483,0.219082,0.020968,0.039694,0.177798,0.011669,0.012200,0.119968,-0.028614
0.119894,0.278233,0.003737,0.145399,0.295033,-0.002168,0.126943,0.273630,-0.009305,0.427667,0.749537,-0.128727,0.100278,0.241171,0.008356,0.053653,0.121990,-0.001844,0.000486,0.003926,0.001732,0.114221,0.279952,0.003514,0.125902,0.299928,-0.002170,0.165651,0.316084,-0.011724,0.172941,0.257926,-0.028925,0.053473,0.213840,0.019609,0.012930,0.168462,0.008483,-0.019184,0.097728,-0.039258
0.106781,0.278352,0.001484,0.133939,0.296865,-0.004242,0.125872,0.272592,-0.012763,0.364868,0.653810,-0.092022,0.086698,0.241181,0.006188,0.046641,0.121778,-0.002835,-0.000096,0.003841,0.001449,0.100805,0.279808,0.001200,0.108924,0.296387,-0.003975,0.149567,0.309646,-0.014062,0.160639,0.245726,-0.031563,0.035256,0.210177,0.018263,-0.012770,0.160249,0.005539,-0.047796,0.078225,-0.047719
0.094062,0.279033,-0.000783,0.122843,0.298491,-0.006730,0.124964,0.269774,-0.017152,0.303163,0.561990,-0.066969,0.073514,0.241136,0.004356,0.039871,0.121401,-0.003553,-0.000550,0.003486,0.001376,0.087852,0.280480,-0.001104,0.092632,0.294096,-0.005882,0.133684,0.304100,-0.016438,0.147186,0.237696,-0.033522,0.017837,0.207958,0.016808,-0.037017,0.153204,0.002845,-0.073576,0.061716,-0.054068
0.081765,0.280102,-0.003266,0.112016,0.299271,-0.010092,0.121076,0.262216,-0.023539,0.244198,0.474778,-0.052946,0.060999,0.240854,0.002861,0.033448,0.120859,-0.003977,-0.000913,0.003038,0.001554,0.075334,0.281823,-0.003605,0.077194,0.293071,-0.008125,0.118253,0.299556,-0.019097,0.132942,0.234175,-0.035016,0.001202,0.206975,0.015037,-0.059503,0.147303,0.000293,-0.096667,0.048152,-0.058700
0.069880,0.281400,-0.006112,0.101185,0.298861,-0.014478,0.110771,0.247964,-0.032385,0.188568,0.391682,-0.048709,0.049273,0.240426,0.001517,0.027402,0.120284,-0.004279,-0.001202,0.002664,0.001827,0.063220,0.283618,-0.006457,0.062599,0.293091,-0.010855,0.103380,0.296313,-0.022136,0.118551,0.235124,-0.036158,-0.014671,0.206989,0.012803,-0.080056,0.142513,-0.002224,-0.117285,0.037360,-0.062048
0.058374,0.282758,-0.009244,0.089971,0.297275,-0.019520,0.092314,0.227348,-0.043019,0.136553,0.311783,-0.051915,0.038291,0.240167,0.000117,0.021709,0.119860,-0.004664,-0.001381,0.002398,0.002007,0.051508,0.285593,-0.009584,0.048729,0.293810,-0.014003,0.089118,0.294724,-0.025405,0.104612,0.240013,-0.036966,-0.029787,0.207770,0.010224,-0.098635,0.138852,-0.004600,-0.135594,0.029150,-0.064279
0.047175,0.283884,-0.012124,0.077855,0.294864,-0.024022,0.067113,0.203189,-0.053352,0.089236,0.235153,-0.058903,0.027671,0.240435,-0.001428,0.016192,0.119764,-0.005213,-0.001428,0.002179,0.002020,0.040252,0.287320,-0.012444,0.035478,0.294853,-0.017094,0.075655,0.295019,-0.028393,0.091496,0.247760,-0.037306,-0.044051,0.209123,0.007941,-0.115244,0.136354,-0.006264,-0.151634,0.023303,-0.065025
0.036186,0.284292,-0.013669,0.064107,0.292233,-0.025867,0.039027,0.179183,-0.060325,0.049202,0.164116,-0.065350,0.016568,0.241492,-0.003064,0.010468,0.120146,-0.005860,-0.001369,0.001958,0.001927,0.029590,0.288151,-0.013927,0.022910,0.295869,-0.019182,0.063455,0.297160,-0.030194,0.079346,0.256820,-0.036819,-0.057151,0.210903,0.007192,-0.129803,0.135010,-0.006077,-0.165337,0.019548,-0.063332
0.025352,0.283462,-0.012612,0.047975,0.290006,-0.022713,0.011794,0.157598,-0.061206,0.019694,0.102967,-0.067759,0.003933,0.243428,-0.004666,0.004094,0.121110,-0.006461,-0.001239,0.001758,0.001859,0.019738,0.287396,-0.012742,0.011324,0.296588,-0.019145,0.053114,0.300844,-0.029758,0.068122,0.265497,-0.035023,-0.068583,0.212998,0.009373,-0.142133,0.134808,-0.002772,-0.176676,0.017607,-0.058151
0.014689,0.281127,-0.008290,0.029203,0.288524,-0.013403,-0.013114,0.138437,-0.055049,0.002327,0.055829,-0.064772,-0.010891,0.246061,-0.006138,-0.003156,0.122643,-0.006903,-0.001052,0.001660,0.001920,0.010856,0.284710,-0.008210,0.001148,0.296888,-0.016342,0.044927,0.305596,-0.026456,0.057544,0.272424,-0.031675,-0.077891,0.215289,0.015130,-0.152134,0.135814,0.004159,-0.185854,0.017301,-0.049219
0.004225,0.277408,-0.001237,0.008465,0.287636,0.001005,-0.036386,0.120586,-0.043229,-0.004592,0.024271,-0.057315,-0.027750,0.248796,-0.007465,-0.011098,0.124550,-0.007160,-0.000836,0.001753,0.002145,0.002863,0.280307,-0.000879,-0.007302,0.296824,-0.011148,0.038519,0.310857,-0.020582,0.047060,0.276919,-0.027116,-0.085008,0.217605,0.023721,-0.159996,0.138151,0.013854,-0.193318,0.018681,-0.037552
-0.006095,0.272611,0.006989,-0.012774,0.286710,0.017590,-0.059127,0.103398,-0.028632,-0.005292,0.006638,-0.047576,-0.045796,0.250612,-0.008675,-0.019156,0.126479,-0.007269,-0.000658,0.002077,0.002527,-0.004623,0.274751,0.007657,-0.014034,0.296562,-0.004885,0.032901,0.316020,-0.013343,0.036023,0.279014,-0.022235,-0.090414,0.219699,0.033323,-0.166193,0.141851,0.024418,-0.199497,0.022095,-0.024967
-0.016390,0.266935,0.014592,-0.032854,0.284900,0.033015,-0.081355,0.087227,-0.014242,-0.004068,-0.000738,-0.037732,-0.063973,0.250330,-0.009789,-0.026577,0.128078,-0.007278,-0.000617,0.002604,0.003062,-0.012126,0.268539,0.015561,-0.019389,0.296276,0.000797,0.026927,0.320449,-0.006350,0.024083,0.279177,-0.018066,-0.094947,0.221307,0.041997,-0.171209,0.146741,0.033922,-0.204472,0.028118,-0.013078
-0.026708,0.260420,0.020264,-0.050457,0.281607,0.044881,-0.101787,0.072978,-0.002124,-0.003396,-0.001848,-0.029208,-0.081386,0.247118,-0.010840,-0.032700,0.129117,-0.007255,-0.000789,0.003240,0.003721,-0.020021,0.261909,0.021492,-0.023836,0.296073,0.004580,0.019796,0.323573,-0.000997,0.011486,0.277974,-0.015346,-0.099381,0.222261,0.048470,-0.175227,0.152493,0.041160,-0.207880,0.037336,-0.002725
-0.036907,0.253164,0.023428,-0.064757,0.276877,0.052207,-0.118571,0.061540,0.006784,-0.003780,0.000026,-0.022604,-0.097401,0.240906,-0.011927,-0.037233,0.129463,-0.007321,-0.001171,0.003842,0.004386,-0.028371,0.254958,0.024849,-0.027735,0.295932,0.005821,0.011281,0.324995,0.001930,-0.000995,0.275876,-0.014310,-0.104102,0.222533,0.052264,-0.178034,0.158726,0.045737,-0.209105,0.050076,0.005901
-0.046696,0.245460,0.024128,-0.075353,0.271375,0.055154,-0.130053,0.053567,0.012384,-0.004675,0.002595,-0.017939,-0.111591,0.232369,-0.013155,-0.040410,0.128902,-0.007587,-0.001672,0.004262,0.004887,-0.036994,0.247806,0.025659,-0.031225,0.295700,0.004574,0.001643,0.324549,0.002345,-0.012489,0.273175,-0.014741,-0.109102,0.222136,0.053438,-0.179230,0.165040,0.047766,-0.207589,0.066198,0.012881
-0.055796,0.237673,0.022820,-0.082219,0.265873,0.054497,-0.135125,0.049524,0.015067,-0.005410,0.004520,-0.014879,-0.123682,0.222464,-0.014476,-0.042900,0.127075,-0.007996,-0.002191,0.004428,0.005149,-0.045640,0.240606,0.024369,-0.034279,0.295150,0.001388,-0.008568,0.322280,0.000697,-0.022505,0.269954,-0.016216,-0.114211,0.221015,0.052373,-0.178535,0.171046,0.047635,-0.203048,0.085021,0.018394
-0.064002,0.230031,0.020184,-0.085729,0.260668,0.051221,-0.133418,0.049612,0.015490,-0.005630,0.005302,-0.012901,-0.133515,0.211964,-0.015631,-0.045444,0.123656,-0.008280,-0.002687,0.004420,0.005293,-0.054040,0.233471,0.021671,-0.036838,0.294107,-0.002979,-0.018658,0.318412,-0.002335,-0.031126,0.266127,-0.018402,-0.119261,0.219124,0.049723,-0.175899,0.176496,0.045963,-0.195510,0.105457,0.022758
-0.071113,0.222542,0.016953,-0.086656,0.255429,0.046354,-0.125736,0.053342,0.014448,-0.005327,0.005099,-0.011462,-0.140990,0.201348,-0.016308,-0.048434,0.118636,-0.008129,-0.003143,0.004412,0.005541,-0.061805,0.226435,0.018328,-0.038919,0.292482,-0.007819,-0.027854,0.313276,-0.006141,-0.038874,0.261571,-0.021221,-0.124024,0.216584,0.046352,-0.171427,0.181377,0.043568,-0.185221,0.126266,0.026451
-0.076866,0.215071,0.013761,-0.086002,0.249502,0.040897,-0.114360,0.059135,0.012746,-0.004710,0.004389,-0.010184,-0.146078,0.190932,-0.016356,-0.051778,0.112371,-0.007409,-0.003493,0.004519,0.006037,-0.068406,0.219449,0.015013,-0.040610,0.290177,-0.012596,-0.035411,0.307177,-0.010280,-0.046378,0.256236,-0.024751,-0.128145,0.213648,0.043131,-0.165325,0.185807,0.041262,-0.172576,0.146313,0.030013
-0.081045,0.207449,0.011033,-0.084682,0.242366,0.035687,-0.102414,0.064698,0.011037,-0.004049,0.003609,-0.008938,-0.148930,0.180896,-0.015845,-0.055142,0.105330,-0.006201,-0.003638,0.004687,0.006777,-0.073373,0.212396,0.012179,-0.041994,0.286979,-0.016942,-0.040805,0.300295,-0.014427,-0.054044,0.250159,-0.028990,-0.131264,0.210452,0.040663,-0.157984,0.189826,0.039577,-0.158100,0.164711,0.033846
-0.083674,0.199547,0.008929,-0.083204,0.233925,0.031183,-0.092277,0.068242,0.009645,-0.003530,0.002986,-0.007774,-0.150003,0.171162,-0.014948,-0.058284,0.097832,-0.004687,-0.003563,0.004793,0.007653,-0.076581,0.205144,0.010000,-0.043107,0.282636,-0.020646,-0.043903,0.292712,-0.018326,-0.061842,0.243439,-0.033709,-0.133261,0.206857,0.039103,-0.150009,0.193321,0.038603,-0.142443,0.180904,0.038065
-0.085086,0.191286,0.007373,-0.081576,0.224521,0.027395,-0.084353,0.069521,0.008551,-0.003188,0.002567,-0.006770,-0.150033,0.161359,-0.013817,-0.061196,0.090018,-0.003034,-0.003418,0.004811,0.008533,-0.078350,0.197579,0.008394,-0.043932,0.277016,-0.023665,-0.044969,0.284513,-0.021813,-0.069266,0.236232,-0.038489,-0.134294,0.202571,0.038205,-0.142045,0.196095,0.038057,-0.126312,0.194708,0.042493
-0.085784,0.182623,0.006157,-0.079546,0.214721,0.024092,-0.077359,0.069671,0.007570,-0.002936,0.002322,-0.005902,-0.149823,0.151062,-0.012596,-0.063993,0.081986,-0.001395,-0.003419,0.004815,0.009283,-0.079246,0.189608,0.007144,-0.044396,0.270177,-0.026101,-0.044511,0.275824,-0.024841,-0.075473,0.228733,-0.042857,-0.134562,0.197412,0.037530,-0.134499,0.197946,0.037520,-0.110379,0.206273,0.046787
-0.086216,0.173561,0.005064,-0.076966,0.205099,0.021106,-0.069762,0.070125,0.006596,-0.002678,0.002197,-0.005027,-0.149986,0.140163,-0.011517,-0.066758,0.073876,0.000014,-0.003627,0.004816,0.009722,-0.079792,0.181147,0.006017,-0.044392,0.262302,-0.028142,-0.043087,0.266758,-0.027453,-0.079584,0.221116,-0.046421,-0.134082,0.191433,0.036662,-0.127385,0.198688,0.036653,-0.095244,0.215982,0.050591
-0.086637,0.164203,0.003891,-0.073988,0.196137,0.018461,-0.061033,0.071613,0.005685,-0.002383,0.002137,-0.003996,-0.150783,0.129089,-0.010965,-0.069492,0.065845,0.000856,-0.003825,0.004631,0.009584,-0.080285,0.172178,0.004800,-0.043850,0.253598,-0.030006,-0.041210,0.257364,-0.029766,-0.081009,0.213456,-0.048984,-0.132757,0.184836,0.035297,-0.120421,0.198147,0.035262,-0.081432,0.224284,0.053609
-0.087066,0.154800,0.002442,-0.070959,0.188194,0.016254,-0.051866,0.073897,0.004948,-0.002080,0.002091,-0.002790,-0.152073,0.118679,-0.011397,-0.072120,0.058064,0.000738,-0.003659,0.003967,0.008575,-0.080779,0.162819,0.003286,-0.042821,0.244225,-0.031903,-0.039328,0.247613,-0.031942,-0.079638,0.205720,-0.050580,-0.130603,0.177785,0.033241,-0.113290,0.196138,0.033270,-0.069359,0.231457,0.055640
-0.087325,0.145697,0.000576,-0.068133,0.181416,0.014484,-0.043498,0.076156,0.004403,-0.001802,0.002030,-0.001567,-0.153341,0.109779,-0.013083,-0.074452,0.050771,-0.000563,-0.002919,0.002658,0.006565,-0.081139,0.153344,0.001329,-0.041485,0.234290,-0.033954,-0.037763,0.237448,-0.034099,-0.075793,0.197833,-0.051373,-0.127842,0.170330,0.030428,-0.105872,0.192423,0.030712,-0.059231,0.237393,0.056649
-0.087106,0.137211,-0.001688,-0.065473,0.175634,0.013008,-0.036837,0.077573,0.003956,-0.001567,0.001942,-0.000552,-0.153812,0.102830,-0.015841,-0.076142,0.044292,-0.002880,-0.001690,0.000822,0.003787,-0.081110,0.144103,-0.001049,-0.040076,0.223850,-0.036074,-0.036615,0.226847,-0.036202,-0.070044,0.189776,-0.051492,-0.124760,0.162464,0.026990,-0.098285,0.186732,0.027771,-0.050969,0.241522,0.056821
-0.086065,0.129504,-0.004122,-0.062678,0.170373,0.011631,-0.032024,0.077724,0.003478,-0.001389,0.001839,0.000110,-0.152677,0.097709,-0.019046,-0.076765,0.038936,-0.005659,-0.000284,-0.001186,0.000811,-0.080390,0.135397,-0.003614,-0.038766,0.212942,-0.037969,-0.035710,0.215849,-0.038033,-0.063011,0.181621,-0.050959,-0.121473,0.154236,0.023250,-0.090766,0.178905,0.024766,-0.044225,0.242920,0.056470
-0.083901,0.122565,-0.006407,-0.059372,0.165057,0.010213,-0.028577,0.076620,0.002897,-0.001278,0.001746,0.000417,-0.149349,0.093911,-0.021944,-0.076057,0.034801,-0.008239,0.000940,-0.002970,-0.001756,-0.078686,0.127389,-0.006030,-0.037581,0.201602,-0.039273,-0.034643,0.204530,-0.039316,-0.055243,0.173496,-0.049752,-0.117838,0.145778,0.019589,-0.083507,0.169052,0.022007,-0.038513,0.240551,0.055821
-0.080436,0.116272,-0.008291,-0.055309,0.159259,0.008723,-0.025822,0.074527,0.002217,-0.001224,0.001666,0.000474,-0.143642,0.090852,-0.024024,-0.074136,0.031644,-0.010187,0.001710,-0.004291,-0.003589,-0.075773,0.120097,-0.008036,-0.036368,0.189873,-0.039719,-0.032929,0.192967,-0.039850,-0.047140,0.165488,-0.047900,-0.113531,0.137229,0.016268,-0.076587,0.157591,0.019631,-0.033379,0.233543,0.054805
-0.075685,0.110465,-0.009688,-0.050457,0.152846,0.007211,-0.023227,0.071762,0.001497,-0.001182,0.001570,0.000411,-0.135831,0.088076,-0.025169,-0.071500,0.028932,-0.011415,0.001907,-0.005152,-0.004728,-0.071604,0.113420,-0.009537,-0.034859,0.177807,-0.039219,-0.030184,0.181198,-0.039574,-0.038939,0.157567,-0.045504,-0.108254,0.128642,0.013326,-0.070022,0.145130,0.017535,-0.028558,0.221407,0.053032
-0.069908,0.104966,-0.010653,-0.044952,0.145947,0.005751,-0.020520,0.068602,0.000799,-0.001112,0.001419,0.000323,-0.126567,0.085268,-0.025558,-0.068758,0.026089,-0.012082,0.001590,-0.005719,-0.005435,-0.066386,0.107175,-0.010587,-0.032808,0.165488,-0.037859,-0.026287,0.169241,-0.038556,-0.030780,0.149584,-0.042710,-0.101939,0.119965,0.010641,-0.063854,0.132304,0.015474,-0.024039,0.204179,0.049994
-0.063512,0.099596,-0.011301,-0.038985,0.138795,0.004391,-0.017627,0.065248,0.000155,-0.001004,0.001220,0.000258,-0.116623,0.082200,-0.025459,-0.066286,0.022784,-0.012409,0.000958,-0.006157,-0.005977,-0.060514,0.101142,-0.011303,-0.030123,0.153075,-0.035861,-0.021416,0.157139,-0.036982,-0.022751,0.141340,-0.039703,-0.094831,0.111130,0.008092,-0.058156,0.119652,0.013274,-0.019995,0.182521,0.045387
-0.056845,0.094158,-0.011711,-0.032683,0.131520,0.003156,-0.014549,0.061798,-0.000418,-0.000864,0.001012,0.000233,-0.106559,0.078675,-0.025047,-0.063989,0.019089,-0.012535,0.000274,-0.006505,-0.006476,-0.054357,0.095106,-0.011770,-0.026891,0.140793,-0.033518,-0.015942,0.144988,-0.035106,-0.014888,0.132663,-0.036676,-0.087356,0.102151,0.005716,-0.052919,0.107553,0.010996,-0.016643,0.157700,0.039336
-0.050052,0.088429,-0.011879,-0.026091,0.124010,0.002076,-0.011288,0.058198,-0.000890,-0.000685,0.000800,0.000275,-0.096529,0.074505,-0.024333,-0.061306,0.015415,-0.012464,-0.000240,-0.006700,-0.006871,-0.048081,0.088857,-0.011984,-0.023287,0.128823,-0.031084,-0.010272,0.132881,-0.033147,-0.007159,0.123448,-0.033755,-0.079846,0.093135,0.003716,-0.047953,0.096182,0.008926,-0.014139,0.131331,0.032352
-0.043131,0.082196,-0.011740,-0.019262,0.115978,0.001185,-0.007860,0.054290,-0.001222,-0.000446,0.000531,0.000415,-0.086411,0.069538,-0.023225,-0.057515,0.012297,-0.012122,-0.000475,-0.006665,-0.007005,-0.041691,0.082212,-0.011883,-0.019463,0.117237,-0.028708,-0.004714,0.120867,-0.031228,0.000530,0.113658,-0.030962,-0.072388,0.084229,0.002321,-0.042982,0.085498,0.007383,-0.012532,0.104951,0.025088
-0.036109,0.075358,-0.011260,-0.012375,0.107197,0.000506,-0.004363,0.049958,-0.001390,-0.000154,0.000166,0.000662,-0.076114,0.063752,-0.021670,-0.052175,0.010140,-0.011469,-0.000463,-0.006349,-0.006774,-0.035192,0.075099,-0.011431,-0.015492,0.106060,-0.026452,0.000575,0.109014,-0.029381,0.008276,0.103339,-0.028260,-0.064963,0.075547,0.001627,-0.037868,0.075314,0.006523,-0.011745,0.079714,0.018124
-0.029128,0.068008,-0.010472,-0.005749,0.097666,0.000027,-0.000983,0.045233,-0.001410,0.000148,-0.000260,0.000980,-0.065729,0.057310,-0.019719,-0.045384,0.009043,-0.010546,-0.000322,-0.005736,-0.006207,-0.028691,0.067617,-0.010660,-0.011382,0.095348,-0.024319,0.005568,0.097471,-0.027588,0.016109,0.092601,-0.025612,-0.057666,0.067112,0.001561,-0.032760,0.065396,0.006298,-0.011618,0.056339,0.011898
-0.022380,0.060379,-0.009453,0.000265,0.087561,-0.000292,0.002059,0.040266,-0.001325,0.000402,-0.000645,0.001310,-0.055418,0.050526,-0.017485,-0.037668,0.008773,-0.009430,-0.000152,-0.004885,-0.005411,-0.022351,0.059989,-0.009648,-0.007156,0.085158,-0.022265,0.010309,0.086420,-0.025794,0.023927,0.081580,-0.022999,-0.050728,0.058857,0.001955,-0.028042,0.055507,0.006533,-0.011981,0.035185,0.006715
-0.015995,0.052722,-0.008288,0.005406,0.077091,-0.000503,0.004592,0.035230,-0.001190,0.000561,-0.000865,0.001581,-0.045253,0.043732,-0.015079,-0.029701,0.008869,-0.008192,0.000017,-0.003944,-0.004503,-0.016299,0.052434,-0.008480,-0.002906,0.075450,-0.020213,0.014852,0.075959,-0.023925,0.031497,0.070402,-0.020413,-0.044319,0.050695,0.002614,-0.024141,0.045418,0.007001,-0.012669,0.016290,0.002727
-0.010007,0.045219,-0.007071,0.009577,0.066431,-0.000676,0.006551,0.030254,-0.001072,0.000617,-0.000854,0.001729,-0.035232,0.037173,-0.012623,-0.022089,0.008814,-0.006912,0.000207,-0.003097,-0.003604,-0.010574,0.045091,-0.007252,0.001203,0.066060,-0.018102,0.019229,0.066032,-0.021937,0.038545,0.059190,-0.017865,-0.038388,0.042589,0.003330,-0.021317,0.034928,0.007453,-0.013466,-0.000593,-0.000099
-0.004367,0.037981,-0.005899,0.012881,0.055772,-0.000875,0.008007,0.025401,-0.001029,0.000602,-0.000662,0.001712,-0.025387,0.030958,-0.010242,-0.015266,0.008204,-0.005682,0.000447,-0.002470,-0.002838,-0.005133,0.038029,-0.006063,0.005002,0.056772,-0.015897,0.023442,0.056458,-0.019827,0.044877,0.048058,-0.015361,-0.032716,0.034559,0.003910,-0.019532,0.023944,0.007674,-0.014072,-0.015890,-0.001961
0.001004,0.031072,-0.004828,0.015602,0.045345,-0.001129,0.009143,0.020694,-0.001084,0.000571,-0.000433,0.001542,-0.015871,0.025046,-0.008011,-0.009418,0.006869,-0.004561,0.000739,-0.002113,-0.002266,0.000112,0.031288,-0.004970,0.008394,0.047415,-0.013563,0.027458,0.047005,-0.017585,0.050440,0.037097,-0.012856,-0.027065,0.026635,0.004229,-0.018443,0.012571,0.007556,-0.014188,-0.030032,-0.003156
0.006155,0.024516,-0.003856,0.018099,0.035400,-0.001418,0.010181,0.016156,-0.001205,0.000563,-0.000297,0.001291,-0.006956,0.019290,-0.005943,-0.004495,0.004876,-0.003547,0.001037,-0.002028,-0.001860,0.005221,0.024882,-0.003971,0.011386,0.037937,-0.011069,0.031199,0.037469,-0.015197,0.055285,0.026381,-0.010263,-0.021277,0.018854,0.004266,-0.017513,0.001170,0.007117,-0.013655,-0.043264,-0.004023
0.011051,0.018282,-0.002985,0.020658,0.026167,-0.001690,0.011292,0.011853,-0.001332,0.000579,-0.000274,0.001051,0.001016,0.013538,-0.004076,-0.000343,0.002425,-0.002663,0.001292,-0.002199,-0.001601,0.010159,0.018773,-0.003068,0.014053,0.028419,-0.008470,0.034542,0.027736,-0.012723,0.059475,0.016009,-0.007568,-0.015332,0.011269,0.004046,-0.016191,-0.009689,0.006430,-0.012509,-0.055509,-0.004892
0.015561,0.012305,-0.002271,0.023386,0.017848,-0.001905,0.012542,0.007891,-0.001418,0.000607,-0.000301,0.000889,0.007718,0.007746,-0.002553,0.003157,-0.000267,-0.002030,0.001505,-0.002577,-0.001574,0.014780,0.012873,-0.002323,0.016502,0.019048,-0.005956,0.037341,0.017812,-0.010343,0.063038,0.006096,-0.004892,-0.009388,0.003920,0.003572,-0.014090,-0.019425,0.005545,-0.010917,-0.066382,-0.006016
0.019507,0.006529,-0.001791,0.026224,0.010565,-0.002047,0.013908,0.004355,-0.001445,0.000640,-0.000327,0.000825,0.012962,0.001985,-0.001529,0.006055,-0.003036,-0.001782,0.001732,-0.003084,-0.001893,0.018861,0.007093,-0.001819,0.018832,0.010026,-0.003730,0.039497,0.007805,-0.008245,0.065992,-0.003318,-0.002403,-0.003733,-0.003207,0.002828,-0.011073,-0.027702,0.004483,-0.009085,-0.075438,-0.007492
0.022738,0.000939,-0.001543,0.029035,0.004272,-0.002136,0.015312,0.001236,-0.001432,0.000672,-0.000352,0.000835,0.016812,-0.003648,-0.000985,0.008393,-0.005779,-0.001898,0.002012,-0.003622,-0.002541,0.022195,0.001403,-0.001555,0.021117,0.001499,-0.001851,0.041029,-0.002100,-0.006471,0.068380,-0.012329,-0.000174,0.001372,-0.010154,0.001833,-0.007231,-0.034514,0.003286,-0.007183,-0.082488,-0.009272
0.025204,-0.004448,-0.001414,0.031685,-0.001265,-0.002215,0.016663,-0.001562,-0.001420,0.000687,-0.000401,0.000863,0.019567,-0.009116,-0.000673,0.010235,-0.008445,-0.002156,0.002304,-0.004078,-0.003316,0.024681,-0.004159,-0.001418,0.023404,-0.006456,-0.000202,0.042105,-0.011649,-0.004888,0.070252,-0.021113,0.001837,0.005827,-0.016928,0.000680,-0.002801,-0.040071,0.002036,-0.005287,-0.087713,-0.011201
0.026983,-0.009602,-0.001251,0.034076,-0.006353,-0.002311,0.017890,-0.004159,-0.001432,0.000670,-0.000467,0.000871,0.021613,-0.014433,-0.000284,0.011652,-0.011007,-0.002291,0.002496,-0.004351,-0.003978,0.026384,-0.009515,-0.001254,0.025750,-0.013799,0.001396,0.042993,-0.020566,-0.003308,0.071601,-0.029807,0.003686,0.009671,-0.023495,-0.000490,0.001880,-0.044654,0.000828,-0.003373,-0.091465,-0.013052
0.028248,-0.014497,-0.000951,0.036132,-0.011227,-0.002399,0.018945,-0.006642,-0.001441,0.000632,-0.000527,0.000872,0.023252,-0.019597,0.000356,0.012717,-0.013431,-0.002160,0.002499,-0.004380,-0.004395,0.027518,-0.014585,-0.000952,0.028231,-0.020524,0.003065,0.043962,-0.028622,-0.001595,0.072349,-0.038434,0.005368,0.012977,-0.029843,-0.001548,0.006378,-0.048582,-0.000269,-0.001356,-0.093985,-0.014541
0.029193,-0.019096,-0.000486,0.037769,-0.015984,-0.002420,0.019791,-0.009050,-0.001390,0.000608,-0.000578,0.000911,0.024669,-0.024532,0.001245,0.013525,-0.015664,-0.001770,0.002331,-0.004179,-0.004560,0.028341,-0.019303,-0.000482,0.030875,-0.026642,0.004836,0.045149,-0.035688,0.000291,0.072372,-0.046872,0.006839,0.015785,-0.035970,-0.002417,0.010246,-0.052154,-0.001236,0.000824,-0.095223,-0.015379
0.029943,-0.023333,0.000099,0.038897,-0.020613,-0.002345,0.020384,-0.011376,-0.001252,0.000624,-0.000636,0.001005,0.025993,-0.029077,0.002278,0.014208,-0.017625,-0.001213,0.002113,-0.003813,-0.004528,0.029022,-0.023595,0.000113,0.033589,-0.032131,0.006642,0.046465,-0.041694,0.002290,0.071539,-0.054836,0.008046,0.018133,-0.041768,-0.003082,0.013174,-0.055505,-0.002090,0.003163,-0.094877,-0.015377
0.030534,-0.027119,0.000714,0.039438,-0.025024,-0.002206,0.020674,-0.013560,-0.001059,0.000679,-0.000690,0.001118,0.027340,-0.033017,0.003312,0.014886,-0.019221,-0.000611,0.001966,-0.003358,-0.004381,0.029592,-0.027392,0.000740,0.036145,-0.036919,0.008330,0.047616,-0.046604,0.004251,0.069755,-0.061966,0.008934,0.020096,-0.046980,-0.003579,0.015121,-0.058525,-0.002867,0.005629,-0.092628,-0.014542
0.030938,-0.030401,0.001258,0.039339,-0.029113,-0.002052,0.020620,-0.015529,-0.000861,0.000748,-0.000714,0.001198,0.028763,-0.036177,0.004198,0.015594,-0.020406,-0.000092,0.001909,-0.002900,-0.004216,0.029996,-0.030676,0.001294,0.038286,-0.040992,0.009754,0.048270,-0.050505,0.006018,0.067041,-0.068016,0.009494,0.021788,-0.051369,-0.003993,0.016319,-0.060995,-0.003623,0.008203,-0.088505,-0.013101
0.031131,-0.033214,0.001675,0.038604,-0.032845,-0.001897,0.020215,-0.017268,-0.000672,0.000805,-0.000712,0.001233,0.030237,-0.038536,0.004841,0.016270,-0.021234,0.000257,0.001852,-0.002540,-0.004112,0.030197,-0.033515,0.001718,0.039851,-0.044511,0.010889,0.048261,-0.053681,0.007542,0.063597,-0.072985,0.009822,0.023358,-0.054920,-0.004417,0.017173,-0.062813,-0.004414,0.010859,-0.083071,-0.011443
0.031137,-0.035657,0.001977,0.037336,-0.036272,-0.001731,0.019503,-0.018833,-0.000481,0.000829,-0.000724,0.001244,0.031701,-0.040252,0.005257,0.016840,-0.021844,0.000446,0.001693,-0.002364,-0.004071,0.030231,-0.036017,0.002024,0.040820,-0.047762,0.011851,0.047655,-0.056510,0.008901,0.059747,-0.077011,0.010108,0.024961,-0.057830,-0.004918,0.018079,-0.064048,-0.005275,0.013489,-0.077210,-0.009988
0.031022,-0.037805,0.002214,0.035746,-0.039454,-0.001570,0.018591,-0.020279,-0.000299,0.000802,-0.000769,0.001237,0.033106,-0.041555,0.005555,0.017293,-0.022356,0.000570,0.001426,-0.002376,-0.004029,0.030170,-0.038246,0.002264,0.041275,-0.050954,0.012788,0.046658,-0.059235,0.010215,0.055826,-0.080146,0.010533,0.026713,-0.060297,-0.005512,0.019235,-0.064805,-0.006219,0.015855,-0.071680,-0.009050
0.030840,-0.039653,0.002433,0.034080,-0.042377,-0.001458,0.017614,-0.021601,-0.000162,0.000729,-0.000820,0.001191,0.034401,-0.042627,0.005864,0.017682,-0.022797,0.000741,0.001139,-0.002475,-0.003904,0.030065,-0.040172,0.002488,0.041320,-0.054083,0.013778,0.045454,-0.061828,0.011551,0.052067,-0.082270,0.011190,0.028624,-0.062377,-0.006169,0.020592,-0.065093,-0.007229,0.017647,-0.066874,-0.008776
0.030616,-0.041155,0.002667,0.032512,-0.044966,-0.001414,0.016684,-0.022757,-0.000090,0.000639,-0.000849,0.001102,0.035516,-0.043548,0.006264,0.018048,-0.023116,0.001027,0.000927,-0.002511,-0.003649,0.029933,-0.041726,0.002729,0.041013,-0.056992,0.014807,0.044103,-0.064079,0.012906,0.048559,-0.083188,0.012078,0.030599,-0.063999,-0.006810,0.021995,-0.064790,-0.008246,0.018620,-0.062868,-0.009161
0.030374,-0.042289,0.002932,0.031102,-0.047161,-0.001409,0.015860,-0.023725,-0.000055,0.000570,-0.000858,0.001004,0.036402,-0.044323,0.006761,0.018392,-0.023249,0.001429,0.000813,-0.002365,-0.003275,0.029803,-0.042871,0.003005,0.040329,-0.059519,0.015800,0.042550,-0.065774,0.014223,0.045285,-0.082768,0.013138,0.032524,-0.065043,-0.007329,0.023391,-0.063713,-0.009160,0.018736,-0.059532,-0.010082
0.030148,-0.043072,0.003215,0.029821,-0.048949,-0.001399,0.015139,-0.024490,-0.000012,0.000539,-0.000839,0.000935,0.037074,-0.044904,0.007289,0.018693,-0.023160,0.001878,0.000749,-0.002003,-0.002851,0.029716,-0.043627,0.003299,0.039189,-0.061581,0.016656,0.040708,-0.066805,0.015407,0.042198,-0.081016,0.014274,0.034361,-0.065397,-0.007655,0.024851,-0.061756,-0.009876,0.018173,-0.056565,-0.011348
0.029942,-0.043516,0.003466,0.028587,-0.050315,-0.001363,0.014467,-0.025020,0.000055,0.000529,-0.000756,0.000906,0.037589,-0.045178,0.007737,0.018931,-0.022832,0.002269,0.000679,-0.001475,-0.002466,0.029669,-0.044026,0.003561,0.037549,-0.063163,0.017284,0.038543,-0.067171,0.016364,0.039291,-0.078090,0.015384,0.036126,-0.065007,-0.007806,0.026406,-0.059016,-0.010391,0.017222,-0.053603,-0.012752
0.029699,-0.043624,0.003640,0.027290,-0.051245,-0.001307,0.013766,-0.025295,0.000140,0.000508,-0.000599,0.000902,0.038010,-0.045018,0.008019,0.019105,-0.022269,0.002529,0.000576,-0.000899,-0.002171,0.029584,-0.044104,0.003742,0.035470,-0.064296,0.017661,0.036118,-0.066965,0.017061,0.036624,-0.074296,0.016413,0.037799,-0.063952,-0.007875,0.027947,-0.055796,-0.010777,0.016176,-0.050390,-0.014099
0.029365,-0.043432,0.003721,0.025851,-0.051797,-0.001248,0.012970,-0.025366,0.000224,0.000453,-0.000431,0.000897,0.038445,-0.044359,0.008123,0.019262,-0.021504,0.002655,0.000454,-0.000398,-0.001953,0.029372,-0.043923,0.003826,0.033076,-0.065056,0.017827,0.033570,-0.066352,0.017518,0.034279,-0.070027,0.017343,0.039285,-0.062438,-0.007936,0.029346,-0.052462,-0.011093,0.015323,-0.046829,-0.015194
0.028982,-0.043033,0.003720,0.024308,-0.052124,-0.001219,0.012092,-0.025347,0.000275,0.000375,-0.000344,0.000860,0.039096,-0.043255,0.008098,0.019516,-0.020594,0.002688,0.000351,-0.000051,-0.001766,0.029037,-0.043579,0.003820,0.030501,-0.065543,0.017819,0.031026,-0.065493,0.017762,0.032275,-0.065635,0.018145,0.040494,-0.060691,-0.007994,0.030637,-0.049279,-0.011318,0.014981,-0.042898,-0.015848
0.028682,-0.042529,0.003648,0.022821,-0.052379,-0.001266,0.011226,-0.025331,0.000253,0.000308,-0.000372,0.000756,0.040178,-0.041826,0.008004,0.019993,-0.019589,0.002666,0.000306,0.000147,-0.001584,0.028686,-0.043169,0.003736,0.027877,-0.065819,0.017634,0.028542,-0.064446,0.017806,0.030502,-0.061300,0.018769,0.041429,-0.058846,-0.008014,0.031977,-0.046370,-0.011391,0.015423,-0.038635,-0.015936
0.028558,-0.041979,0.003514,0.021539,-0.052626,-0.001411,0.010464,-0.025331,0.000141,0.000276,-0.000473,0.000577,0.041746,-0.040194,0.007879,0.020728,-0.018525,0.002610,0.000324,0.000247,-0.001406,0.028412,-0.042736,0.003583,0.025344,-0.065874,0.017256,0.026095,-0.063155,0.017674,0.028726,-0.057029,0.019168,0.042156,-0.056933,-0.007967,0.033430,-0.043773,-0.011287,0.016715,-0.034203,-0.015460
0.028586,-0.041387,0.003333,0.020467,-0.052839,-0.001632,0.009810,-0.025308,-0.000040,0.000265,-0.000573,0.000344,0.043634,-0.038437,0.007732,0.021621,-0.017426,0.002526,0.000370,0.000293,-0.001239,0.028220,-0.042269,0.003378,0.022976,-0.065661,0.016696,0.023627,-0.061550,0.017404,0.026684,-0.052780,0.019319,0.042719,-0.054920,-0.007845,0.034883,-0.041454,-0.011027,0.018673,-0.029848,-0.014535
0.028673,-0.040721,0.003109,0.019489,-0.052958,-0.001887,0.009197,-0.025216,-0.000252,0.000244,-0.000620,0.000087,0.045586,-0.036576,0.007536,0.022516,-0.016308,0.002397,0.000389,0.000298,-0.001105,0.028067,-0.041721,0.003130,0.020683,-0.065160,0.015970,0.021091,-0.059643,0.016999,0.024209,-0.048561,0.019191,0.043115,-0.052738,-0.007644,0.036233,-0.039246,-0.010641,0.021026,-0.025739,-0.013327
0.028758,-0.039911,0.002835,0.018521,-0.052873,-0.002146,0.008585,-0.025002,-0.000471,0.000205,-0.000607,-0.000175,0.047396,-0.034577,0.007250,0.023302,-0.015165,0.002194,0.000365,0.000263,-0.001033,0.027930,-0.041016,0.002832,0.018256,-0.064396,0.015092,0.018471,-0.057533,0.016427,0.021318,-0.044448,0.018768,0.043344,-0.050290,-0.007369,0.037566,-0.036854,-0.010148,0.023594,-0.021884,-0.012015
0.028819,-0.038850,0.002511,0.017619,-0.052414,-0.002395,0.008017,-0.024599,-0.000686,0.000164,-0.000550,-0.000423,0.048924,-0.032396,0.006862,0.023943,-0.013969,0.001920,0.000341,0.000219,-0.001020,0.027806,-0.040056,0.002485,0.015552,-0.063420,0.014128,0.015787,-0.055348,0.015707,0.018182,-0.040532,0.018126,0.043433,-0.047529,-0.007051,0.039078,-0.034028,-0.009576,0.026290,-0.018192,-0.010764
0.028848,-0.037448,0.002171,0.016919,-0.051414,-0.002619,0.007578,-0.023950,-0.000885,0.000134,-0.000478,-0.000628,0.050067,-0.030030,0.006426,0.024435,-0.012692,0.001629,0.000373,0.000222,-0.001017,0.027676,-0.038758,0.002123,0.012633,-0.062278,0.013200,0.013050,-0.053194,0.014959,0.014978,-0.036869,0.017437,0.043388,-0.044535,-0.006736,0.040821,-0.030777,-0.008971,0.029014,-0.014584,-0.009662
0.028845,-0.035694,0.001853,0.016539,-0.049821,-0.002809,0.007327,-0.023054,-0.001057,0.000110,-0.000419,-0.000767,0.050788,-0.027540,0.006003,0.024778,-0.011345,0.001382,0.000463,0.000309,-0.000971,0.027531,-0.037115,0.001784,0.009713,-0.060990,0.012410,0.010233,-0.051132,0.014317,0.011751,-0.033456,0.016865,0.043160,-0.041488,-0.006454,0.042623,-0.027354,-0.008371,0.031637,-0.011023,-0.008671
0.028840,-0.033668,0.001561,0.016529,-0.047699,-0.002965,0.007285,-0.021954,-0.001200,0.000086,-0.000392,-0.000834,0.051126,-0.025008,0.005605,0.024970,-0.009983,0.001179,0.000555,0.000444,-0.000889,0.027387,-0.035204,0.001472,0.007011,-0.059550,0.011750,0.007272,-0.049160,0.013822,0.008403,-0.030243,0.016441,0.042687,-0.038548,-0.006203,0.044244,-0.024053,-0.007787,0.034056,-0.007517,-0.007688
0.028851,-0.031477,0.001262,0.016866,-0.045144,-0.003094,0.007445,-0.020689,-0.001321,0.000070,-0.000391,-0.000843,0.051132,-0.022493,0.005170,0.025009,-0.008673,0.000953,0.000581,0.000542,-0.000833,0.027258,-0.033138,0.001151,0.004653,-0.057944,0.011132,0.004103,-0.047236,0.013422,0.004783,-0.027168,0.016088,0.041956,-0.035784,-0.005993,0.045534,-0.021027,-0.007240,0.036222,-0.004142,-0.006674
0.028852,-0.029192,0.000910,0.017462,-0.042221,-0.003207,0.007768,-0.019272,-0.001434,0.000075,-0.000388,-0.000819,0.050811,-0.020004,0.004622,0.024899,-0.007428,0.000631,0.000501,0.000533,-0.000868,0.027118,-0.030994,0.000777,0.002671,-0.056167,0.010474,0.000693,-0.045318,0.013057,0.000759,-0.024218,0.015708,0.041016,-0.033188,-0.005860,0.046447,-0.018287,-0.006781,0.038087,-0.000981,-0.005695
0.028791,-0.026824,0.000494,0.018192,-0.038984,-0.003312,0.008188,-0.017708,-0.001550,0.000100,-0.000355,-0.000787,0.050181,-0.017506,0.003947,0.024709,-0.006167,0.000196,0.000334,0.000430,-0.000997,0.026921,-0.028784,0.000337,0.001038,-0.054215,0.009763,-0.002936,-0.043401,0.012704,-0.003735,-0.021444,0.015243,0.039959,-0.030691,-0.005837,0.046983,-0.015779,-0.006457,0.039569,0.002007,-0.004835
0.028654,-0.024353,0.000051,0.018958,-0.035516,-0.003413,0.008641,-0.016029,-0.001673,0.000131,-0.000291,-0.000758,0.049353,-0.014953,0.003218,0.024599,-0.004740,-0.000284,0.000156,0.000313,-0.001138,0.026651,-0.026481,-0.000130,-0.000294,-0.052080,0.009044,-0.006678,-0.041523,0.012373,-0.008666,-0.018973,0.014670,0.038875,-0.028207,-0.005905,0.047177,-0.013438,-0.006255,0.040573,0.005003,-0.004110
0.028461,-0.021775,-0.000355,0.019733,-0.031932,-0.003512,0.009092,-0.014296,-0.001801,0.000144,-0.000225,-0.000734,0.048480,-0.012342,0.002559,0.024730,-0.003053,-0.000698,0.000048,0.000247,-0.001174,0.026318,-0.024066,-0.000561,-0.001357,-0.049780,0.008394,-0.010343,-0.039757,0.012093,-0.013895,-0.016984,0.013987,0.037786,-0.025726,-0.006009,0.047066,-0.011221,-0.006123,0.041022,0.008118,-0.003499
0.028231,-0.019116,-0.000680,0.020538,-0.028322,-0.003616,0.009540,-0.012558,-0.001937,0.000116,-0.000180,-0.000712,0.047640,-0.009733,0.002064,0.025117,-0.001155,-0.000961,0.000034,0.000244,-0.001029,0.025932,-0.021558,-0.000910,-0.002176,-0.047391,0.007889,-0.013705,-0.038181,0.011896,-0.019217,-0.015650,0.013204,0.036629,-0.023356,-0.006112,0.046649,-0.009115,-0.006027,0.040892,0.011211,-0.003012
0.027965,-0.016428,-0.000924,0.021400,-0.024723,-0.003728,0.009999,-0.010830,-0.002082,0.000044,-0.000142,-0.000692,0.046801,-0.007204,0.001733,0.025611,0.000794,-0.001071,0.000075,0.000280,-0.000728,0.025495,-0.019006,-0.001179,-0.002799,-0.045014,0.007549,-0.016564,-0.036852,0.011766,-0.024426,-0.015049,0.012306,0.035323,-0.021221,-0.006215,0.045876,-0.007110,-0.005982,0.040231,0.013980,-0.002696
0.027671,-0.013783,-0.001138,0.022324,-0.021151,-0.003852,0.010490,-0.009108,-0.002238,-0.000039,-0.000089,-0.000678,0.045924,-0.004795,0.001473,0.026037,0.002636,-0.001121,0.000122,0.000337,-0.000390,0.025016,-0.016495,-0.001418,-0.003293,-0.042711,0.007295,-0.018804,-0.035791,0.011598,-0.029353,-0.015126,0.011211,0.033868,-0.019343,-0.006338,0.044712,-0.005179,-0.006022,0.039146,0.016232,-0.002580
0.027363,-0.011311,-0.001383,0.023283,-0.017692,-0.003993,0.011026,-0.007437,-0.002414,-0.000080,-0.000031,-0.000686,0.045051,-0.002539,0.001173,0.026326,0.004279,-0.001224,0.000161,0.000405,-0.000143,0.024497,-0.014173,-0.001693,-0.003699,-0.040491,0.006975,-0.020418,-0.034999,0.011232,-0.033876,-0.015750,0.009813,0.032350,-0.017656,-0.006486,0.043200,-0.003319,-0.006152,0.037781,0.017995,-0.002622
0.027024,-0.009195,-0.001683,0.024215,-0.014555,-0.004168,0.011591,-0.005925,-0.002622,-0.000050,-0.000001,-0.000741,0.044261,-0.000540,0.000805,0.026521,0.005677,-0.001417,0.000203,0.000473,-0.000033,0.023903,-0.012226,-0.002027,-0.004021,-0.038331,0.006457,-0.021507,-0.034448,0.010552,-0.037913,-0.016777,0.008069,0.030851,-0.016083,-0.006618,0.041454,-0.001575,-0.006313,0.036266,0.019423,-0.002717
0.026592,-0.007584,-0.002006,0.025006,-0.011983,-0.004388,0.012116,-0.004684,-0.002871,0.000019,-0.000000,-0.000859,0.043553,0.001035,0.000439,0.026661,0.006799,-0.001641,0.000256,0.000549,-0.000007,0.023177,-0.010774,-0.002388,-0.004285,-0.036192,0.005692,-0.022235,-0.034058,0.009540,-0.041440,-0.018066,0.006033,0.029364,-0.014573,-0.006643,0.039580,-0.000015,-0.006381,0.034658,0.020649,-0.002718
0.026018,-0.006509,-0.002293,0.025508,-0.010123,-0.004634,0.012494,-0.003767,-0.003140,0.000062,0.000009,-0.001031,0.042813,0.002065,0.000165,0.026691,0.007607,-0.001810,0.000306,0.000662,0.000002,0.022319,-0.009792,-0.002709,-0.004565,-0.034015,0.004714,-0.022746,-0.033698,0.008256,-0.044471,-0.019467,0.003808,0.027782,-0.013093,-0.006446,0.037606,0.001299,-0.006205,0.032900,0.021717,-0.002484
0.025336,-0.005892,-0.002493,0.025592,-0.008998,-0.004844,0.012632,-0.003182,-0.003370,0.000039,0.000046,-0.001206,0.041920,0.002536,0.000016,0.026462,0.008026,-0.001883,0.000329,0.000807,0.000019,0.021444,-0.009153,-0.002931,-0.004907,-0.031780,0.003606,-0.023056,-0.033239,0.006800,-0.046986,-0.020849,0.001506,0.026022,-0.011646,-0.005944,0.035479,0.002292,-0.005690,0.030893,0.022576,-0.001924
0.024681,-0.005630,-0.002574,0.025222,-0.008572,-0.004948,0.012506,-0.002943,-0.003494,-0.000025,0.000067,-0.001327,0.040861,0.002510,-0.000017,0.025847,0.007945,-0.001859,0.000310,0.000915,0.000035,0.020764,-0.008722,-0.003014,-0.005261,-0.029545,0.002482,-0.023034,-0.032612,0.005297,-0.048837,-0.022126,-0.000746,0.024137,-0.010293,-0.005119,0.033142,0.002884,-0.004837,0.028613,0.023113,-0.001026
0.024199,-0.005620,-0.002522,0.024483,-0.008758,-0.004911,0.012166,-0.003047,-0.003478,-0.000077,0.000018,-0.001356,0.039733,0.002085,0.000055,0.024852,0.007333,-0.001739,0.000256,0.000913,0.000056,0.020452,-0.008399,-0.002940,-0.005526,-0.027400,0.001447,-0.022558,-0.031803,0.003869,-0.049791,-0.023243,-0.002795,0.022304,-0.009071,-0.004018,0.030599,0.003083,-0.003733,0.026158,0.023256,0.000142
0.023932,-0.005725,-0.002343,0.023517,-0.009353,-0.004740,0.011694,-0.003397,-0.003329,-0.000079,-0.000090,-0.001290,0.038616,0.001422,0.000227,0.023638,0.006365,-0.001523,0.000192,0.000802,0.000116,0.020520,-0.008082,-0.002720,-0.005670,-0.025351,0.000556,-0.021715,-0.030811,0.002594,-0.049702,-0.024138,-0.004490,0.020690,-0.007897,-0.002725,0.027928,0.003079,-0.002493,0.023668,0.023050,0.001445
0.023780,-0.005772,-0.002059,0.022420,-0.010036,-0.004447,0.011140,-0.003810,-0.003063,-0.000026,-0.000178,-0.001133,0.037482,0.000754,0.000472,0.022402,0.005366,-0.001231,0.000140,0.000662,0.000247,0.020801,-0.007656,-0.002382,-0.005775,-0.023310,-0.000188,-0.020807,-0.029655,0.001496,-0.048622,-0.024748,-0.005727,0.019362,-0.006581,-0.001335,0.025257,0.003187,-0.001213,0.021244,0.022603,0.002712
0.023572,-0.005645,-0.001706,0.021208,-0.010525,-0.004036,0.010509,-0.004119,-0.002688,0.000062,-0.000187,-0.000889,0.036240,0.000289,0.000732,0.021237,0.004596,-0.000912,0.000112,0.000568,0.000435,0.021057,-0.007067,-0.001972,-0.005953,-0.021208,-0.000808,-0.020123,-0.028403,0.000556,-0.046690,-0.025043,-0.006474,0.018302,-0.004987,0.000055,0.022760,0.003645,0.000034,0.018945,0.021958,0.003768
0.023178,-0.005354,-0.001338,0.019855,-0.010716,-0.003532,0.009788,-0.004269,-0.002232,0.000154,-0.000129,-0.000581,0.034834,0.000108,0.000933,0.020098,0.004081,-0.000635,0.000102,0.000525,0.000616,0.021105,-0.006377,-0.001551,-0.006223,-0.019081,-0.001341,-0.019680,-0.027140,-0.000274,-0.043954,-0.025016,-0.006779,0.017492,-0.003146,0.001331,0.020625,0.004473,0.001169,0.016811,0.021060,0.004453
0.022540,-0.004989,-0.001027,0.018356,-0.010668,-0.003007,0.008980,-0.004297,-0.001769,0.000221,-0.000056,-0.000275,0.033276,0.000169,0.001006,0.018891,0.003693,-0.000467,0.000109,0.000491,0.000705,0.020858,-0.005702,-0.001196,-0.006484,-0.017017,-0.001832,-0.019228,-0.025879,-0.001054,-0.040361,-0.024625,-0.006758,0.016963,-0.001189,0.002360,0.018981,0.005519,0.002083,0.014837,0.019865,0.004644
0.021653,-0.004622,-0.000828,0.016733,-0.010484,-0.002556,0.008108,-0.004260,-0.001390,0.000256,-0.000022,-0.000057,0.031606,0.000376,0.000937,0.017587,0.003321,-0.000425,0.000145,0.000431,0.000668,0.020300,-0.005114,-0.000961,-0.006587,-0.015060,-0.002307,-0.018455,-0.024532,-0.001817,-0.035914,-0.023803,-0.006541,0.016768,0.000779,0.003043,0.017840,0.006584,0.002680,0.012980,0.018429,0.004298
0.020535,-0.004269,-0.000732,0.015013,-0.010248,-0.002227,0.007201,-0.004202,-0.001142,0.000273,-0.000047,0.000027,0.029850,0.000640,0.000787,0.016228,0.002949,-0.000457,0.000214,0.000356,0.000554,0.019454,-0.004602,-0.000837,-0.006452,-0.013182,-0.002752,-0.017210,-0.022991,-0.002542,-0.030814,-0.022539,-0.006220,0.016907,0.002734,0.003385,0.017118,0.007529,0.002962,0.011222,0.016882,0.003520
0.019202,-0.003925,-0.000679,0.013210,-0.010018,-0.002007,0.006272,-0.004138,-0.001009,0.000281,-0.000103,-0.000007,0.027998,0.000885,0.000658,0.014858,0.002613,-0.000470,0.000288,0.000306,0.000456,0.018353,-0.004129,-0.000760,-0.006126,-0.011325,-0.003129,-0.015543,-0.021207,-0.003195,-0.025431,-0.020918,-0.005866,0.017260,0.004681,0.003497,0.016722,0.008335,0.003048,0.009626,0.015341,0.002525
0.017667,-0.003595,-0.000618,0.011328,-0.009813,-0.001852,0.005313,-0.004054,-0.000946,0.000268,-0.000128,-0.000113,0.026031,0.001071,0.000607,0.013482,0.002343,-0.000413,0.000319,0.000316,0.000425,0.017016,-0.003677,-0.000677,-0.005751,-0.009447,-0.003441,-0.013622,-0.019197,-0.003787,-0.020153,-0.019063,-0.005560,0.017622,0.006624,0.003520,0.016607,0.009107,0.003100,0.008315,0.013889,0.001531
0.015970,-0.003287,-0.000549,0.009389,-0.009612,-0.001732,0.004322,-0.003928,-0.000919,0.000217,-0.000086,-0.000256,0.023979,0.001227,0.000605,0.012126,0.002169,-0.000315,0.000286,0.000382,0.000441,0.015481,-0.003255,-0.000589,-0.005471,-0.007541,-0.003745,-0.011609,-0.017016,-0.004384,-0.015244,-0.017054,-0.005393,0.017824,0.008551,0.003538,0.016776,0.009988,0.003217,0.007430,0.012601,0.000673
0.014206,-0.002989,-0.000509,0.007453,-0.009364,-0.001631,0.003325,-0.003754,-0.000911,0.000135,-0.000005,-0.000415,0.021931,0.001433,0.000571,0.010875,0.002136,-0.000254,0.000217,0.000460,0.000448,0.013840,-0.002867,-0.000534,-0.005331,-0.005651,-0.004090,-0.009599,-0.014747,-0.005033,-0.010777,-0.014919,-0.005394,0.017818,0.010415,0.003551,0.017232,0.011034,0.003401,0.007083,0.011536,-0.000006
0.012492,-0.002675,-0.000511,0.005598,-0.009028,-0.001534,0.002364,-0.003543,-0.000907,0.000045,0.000066,-0.000569,0.019969,0.001730,0.000462,0.009795,0.002249,-0.000270,0.000150,0.000503,0.000416,0.012225,-0.002492,-0.000526,-0.005257,-0.003859,-0.004451,-0.007614,-0.012491,-0.005694,-0.006668,-0.012690,-0.005479,0.017659,0.012121,0.003527,0.017924,0.012131,0.003598,0.007315,0.010680,-0.000505
0.010911,-0.002317,-0.000520,0.003895,-0.008597,-0.001416,0.001480,-0.003314,-0.000878,-0.000033,0.000108,-0.000684,0.018094,0.002074,0.000319,0.008844,0.002419,-0.000319,0.000101,0.000496,0.000376,0.010746,-0.002085,-0.000525,-0.005116,-0.002225,-0.004724,-0.005638,-0.010335,-0.006242,-0.002768,-0.010446,-0.005485,0.017405,0.013551,0.003454,0.018728,0.013063,0.003775,0.008063,0.009954,-0.000806
0.009473,-0.001897,-0.000466,0.002372,-0.008091,-0.001244,0.000689,-0.003079,-0.000792,-0.000091,0.000126,-0.000727,0.016240,0.002370,0.000246,0.007901,0.002520,-0.000301,0.000070,0.000458,0.000394,0.009440,-0.001602,-0.000457,-0.004809,-0.000759,-0.004789,-0.003666,-0.008339,-0.006547,0.001028,-0.008323,-0.005266,0.017060,0.014629,0.003365,0.019490,0.013633,0.003945,0.009219,0.009307,-0.000846
0.008142,-0.001415,-0.000306,0.001016,-0.007520,-0.000998,-0.000011,-0.002846,-0.000628,-0.000131,0.000114,-0.000679,0.014347,0.002569,0.000306,0.006880,0.002494,-0.000149,0.000040,0.000418,0.000514,0.008270,-0.001032,-0.000279,-0.004333,0.000560,-0.004599,-0.001727,-0.006547,-0.006566,0.004746,-0.006484,-0.004784,0.016600,0.015351,0.003298,0.020105,0.013761,0.004139,0.010733,0.008782,-0.000537
0.006889,-0.000881,-0.000066,-0.000185,-0.006870,-0.000693,-0.000623,-0.002609,-0.000405,-0.000152,0.000057,-0.000559,0.012417,0.002697,0.000463,0.005797,0.002387,0.000096,-0.000005,0.000393,0.000703,0.007195,-0.000400,-0.000019,-0.003759,0.001746,-0.004212,0.000118,-0.004991,-0.006367,0.008340,-0.005066,-0.004121,0.016020,0.015778,0.003244,0.020566,0.013506,0.004348,0.012641,0.008475,0.000151
0.005734,-0.000303,0.000171,-0.001207,-0.006105,-0.000384,-0.001129,-0.002346,-0.000174,-0.000145,-0.000035,-0.000415,0.010512,0.002817,0.000612,0.004713,0.002263,0.000330,-0.000071,0.000380,0.000875,0.006215,0.000269,0.000238,-0.003161,0.002803,-0.003752,0.001809,-0.003661,-0.006075,0.011734,-0.004096,-0.003411,0.015352,0.015986,0.003154,0.020933,0.013045,0.004519,0.014968,0.008453,0.001130
0.004721,0.000334,0.000337,-0.001988,-0.005181,-0.000124,-0.001489,-0.002016,0.000010,-0.000100,-0.000133,-0.000296,0.008704,0.002982,0.000674,0.003686,0.002156,0.000477,-0.000132,0.000373,0.000962,0.005357,0.000974,0.000420,-0.002579,0.003748,-0.003316,0.003299,-0.002476,-0.005774,0.014828,-0.003425,-0.002741,0.014610,0.016032,0.002988,0.021255,0.012621,0.004601,0.017575,0.008742,0.002225
0.003867,0.001053,0.000422,-0.002485,-0.004067,0.000066,-0.001679,-0.001582,0.000132,-0.000025,-0.000200,-0.000211,0.007034,0.003221,0.000648,0.002772,0.002098,0.000534,-0.000150,0.000376,0.000973,0.004624,0.001735,0.000517,-0.002021,0.004616,-0.002931,0.004570,-0.001299,-0.005468,0.017485,-0.002789,-0.002123,0.013754,0.015929,0.002753,0.021516,0.012450,0.004587,0.020155,0.009368,0.003267
0.003156,0.001847,0.000451,-0.002708,-0.002784,0.000199,-0.001721,-0.001039,0.000205,0.000044,-0.000214,-0.000144,0.005505,0.003520,0.000575,0.002014,0.002121,0.000541,-0.000109,0.000393,0.000951,0.003997,0.002553,0.000555,-0.001470,0.005448,-0.002581,0.005652,-0.000022,-0.005132,0.019548,-0.001943,-0.001564,0.012727,0.015661,0.002487,0.021636,0.012591,0.004504,0.022361,0.010367,0.004171
0.002562,0.002666,0.000441,-0.002728,-0.001422,0.000283,-0.001674,-0.000426,0.000240,0.000074,-0.000164,-0.000091,0.004103,0.003835,0.000473,0.001391,0.002201,0.000514,-0.000036,0.000418,0.000908,0.003459,0.003387,0.000549,-0.000863,0.006272,-0.002266,0.006611,0.001373,-0.004770,0.020890,-0.000788,-0.001109,0.011525,0.015210,0.002211,0.021487,0.012875,0.004365,0.023952,0.011713,0.004946
0.002068,0.003443,0.000384,-0.002630,-0.000086,0.000323,-0.001590,0.000198,0.000240,0.000057,-0.000066,-0.000058,0.002823,0.004122,0.000325,0.000824,0.002262,0.000435,0.000014,0.000426,0.000818,0.003005,0.004176,0.000496,-0.000129,0.007092,-0.002009,0.007497,0.002821,-0.004415,0.021458,0.000615,-0.000820,0.010214,0.014578,0.001915,0.020932,0.013029,0.004147,0.024828,0.013307,0.005631
0.001659,0.004142,0.000277,-0.002468,0.001180,0.000328,-0.001485,0.000796,0.000212,0.000016,0.000036,-0.000046,0.001670,0.004384,0.000115,0.000258,0.002261,0.000291,0.000018,0.000401,0.000658,0.002622,0.004876,0.000391,0.000728,0.007886,-0.001822,0.008275,0.004237,-0.004083,0.021289,0.002115,-0.000713,0.008887,0.013809,0.001586,0.019910,0.012928,0.003822,0.024980,0.015067,0.006235
0.001310,0.004769,0.000139,-0.002241,0.002402,0.000318,-0.001343,0.001363,0.000173,-0.000020,0.000097,-0.000040,0.000648,0.004652,-0.000139,-0.000280,0.002233,0.000099,0.000000,0.000355,0.000453,0.002273,0.005482,0.000251,0.001593,0.008617,-0.001695,0.008850,0.005579,-0.003772,0.020484,0.003568,-0.000751,0.007608,0.013001,0.001239,0.018486,0.012709,0.003402,0.024439,0.016978,0.006720
0.001002,0.005347,-0.000002,-0.001913,0.003617,0.000303,-0.001132,0.001907,0.000132,-0.000039,0.000103,-0.000025,-0.000260,0.004920,-0.000390,-0.000738,0.002231,-0.000094,-0.000010,0.000318,0.000252,0.001929,0.006012,0.000104,0.002303,0.009256,-0.001609,0.009151,0.006844,-0.003476,0.019190,0.004897,-0.000885,0.006389,0.012252,0.000921,0.016792,0.012597,0.002941,0.023243,0.018995,0.007037
0.000737,0.005885,-0.000114,-0.001454,0.004817,0.000288,-0.000838,0.002428,0.000094,-0.000036,0.000073,0.000006,-0.001080,0.005138,-0.000580,-0.001111,0.002263,-0.000239,-0.000033,0.000321,0.000101,0.001597,0.006491,-0.000017,0.002754,0.009788,-0.001542,0.009186,0.008029,-0.003190,0.017581,0.006099,-0.001064,0.005188,0.011591,0.000686,0.014902,0.012654,0.002512,0.021426,0.020925,0.007174
0.000537,0.006387,-0.000168,-0.000868,0.005957,0.000276,-0.000470,0.002907,0.000067,-0.000013,0.000028,0.000056,-0.001799,0.005271,-0.000662,-0.001413,0.002323,-0.000289,-0.000120,0.000382,0.000041,0.001311,0.006944,-0.000081,0.002932,0.010209,-0.001458,0.009019,0.009115,-0.002902,0.015836,0.007214,-0.001229,0.003936,0.010978,0.000581,0.012786,0.012731,0.002178,0.019032,0.022480,0.007179
0.000417,0.006875,-0.000148,-0.000200,0.006999,0.000276,-0.000061,0.003335,0.000058,0.000020,-0.000024,0.000130,-0.002360,0.005361,-0.000610,-0.001602,0.002439,-0.000220,-0.000265,0.000478,0.000109,0.001093,0.007401,-0.000069,0.002872,0.010538,-0.001332,0.008708,0.010077,-0.002597,0.014119,0.008296,-0.001319,0.002584,0.010372,0.000622,0.010389,0.012642,0.001970,0.016151,0.023472,0.007135
0.000370,0.007364,-0.000074,0.000472,0.007931,0.000283,0.000336,0.003721,0.000062,0.000050,-0.000070,0.000215,-0.002717,0.005491,-0.000463,-0.001613,0.002640,-0.000061,-0.000399,0.000542,0.000295,0.000937,0.007870,-0.000005,0.002620,0.010803,-0.001179,0.008286,0.010911,-0.002297,0.012564,0.009387,-0.001316,0.001128,0.009766,0.000779,0.007720,0.012308,0.001865,0.012935,0.023919,0.007096
0.000371,0.007825,-0.000008,0.001059,0.008742,0.000287,0.000674,0.004071,0.000066,0.000072,-0.000093,0.000290,-0.002901,0.005704,-0.000329,-0.001464,0.002888,0.000090,-0.000462,0.000503,0.000509,0.000831,0.008312,0.000052,0.002246,0.010999,-0.001059,0.007804,0.011625,-0.002053,0.011283,0.010504,-0.001248,-0.000370,0.009150,0.000971,0.004879,0.011748,0.001788,0.009568,0.023968,0.007045
0.000408,0.008182,0.000002,0.001500,0.009395,0.000298,0.000931,0.004359,0.000075,0.000102,-0.000108,0.000351,-0.002986,0.005953,-0.000308,-0.001262,0.003101,0.000134,-0.000459,0.000360,0.000631,0.000780,0.008639,0.000055,0.001850,0.011055,-0.001002,0.007354,0.012215,-0.001880,0.010356,0.011624,-0.001129,-0.001789,0.008466,0.001118,0.002012,0.011008,0.001652,0.006200,0.023770,0.006917
0.000480,0.008361,-0.000025,0.001795,0.009834,0.000343,0.001127,0.004531,0.000117,0.000166,-0.000162,0.000424,-0.003010,0.006153,-0.000396,-0.001087,0.003238,0.000067,-0.000431,0.000202,0.000629,0.000799,0.008775,0.000020,0.001531,0.010878,-0.000955,0.007031,0.012668,-0.001709,0.009814,0.012678,-0.000917,-0.002989,0.007651,0.001187,-0.000721,0.010132,0.001419,0.002941,0.023437,0.006671
0.000587,0.008360,-0.000031,0.001991,0.010039,0.000442,0.001290,0.004560,0.000211,0.000272,-0.000294,0.000531,-0.002964,0.006251,-0.000496,-0.000935,0.003328,-0.000024,-0.000396,0.000126,0.000575,0.000877,0.008723,0.000008,0.001337,0.010458,-0.000837,0.006878,0.012977,-0.001458,0.009605,0.013581,-0.000569,-0.003879,0.006725,0.001207,-0.003139,0.009209,0.001129,-0.000054,0.023068,0.006336
0.000705,0.008248,0.000017,0.002136,0.010062,0.000577,0.001434,0.004478,0.000341,0.000397,-0.000484,0.000664,-0.002850,0.006259,-0.000525,-0.000778,0.003414,-0.000059,-0.000352,0.000157,0.000553,0.000980,0.008562,0.000052,0.001257,0.009919,-0.000633,0.006860,0.013157,-0.001126,0.009608,0.014262,-0.000129,-0.004449,0.005828,0.001216,-0.005059,0.008377,0.000857,-0.002546,0.022748,0.006001
